elevation_m_nap,depth_m,qc_mpa,fs_mpa,rf_percent,col_5,col_6,col_7,corrected_depth,qt_mpa,qt_over_pa,Isbt,Bqt,peat_boundary_qt_over_pa,organic_clay_boundary_qt_over_pa,soil_type,used_organic_boundary_qt_over_pa,distance_to_used_organic_boundary,layer_id,soil_layer_number,layer_top_depth_m,layer_bottom_depth_m,layer_top_elevation_m_nap,layer_bottom_elevation_m_nap
3.6500000000000004,0.01,0.01,0.0052,1.81,0.27,0.2,0.17,0.01,0.01,0.1,4.707911848221824,,,,"Soil, fine grain",,,"Soil, fine grain 1",1,0.01,0.35,3.6500000000000004,3.31
3.6300000000000003,0.03,0.173,0.0076,2.13,0.22,0.2,0.09,0.03,0.173,1.73,3.5837139098770243,,,,Clay & silt,,,"Soil, fine grain 1",1,0.01,0.35,3.6500000000000004,3.31
3.6100000000000003,0.05,0.44,0.0093,2.12,0.22,0.2,0.09,0.05,0.44,4.4,3.221882115605312,,,,Clay & silt,,,"Soil, fine grain 1",1,0.01,0.35,3.6500000000000004,3.31
3.5900000000000003,0.07,0.52,0.0112,2.12,0.22,0.2,0.09,0.07,0.52,5.2,3.1584255853296543,,,,Clay & silt,,,"Soil, fine grain 1",1,0.01,0.35,3.6500000000000004,3.31
3.5700000000000003,0.09,0.65,0.0138,1.94,0.22,0.2,0.09,0.09,0.65,6.5,3.055090094757848,,,,Clay & silt,,,"Soil, fine grain 1",1,0.01,0.35,3.6500000000000004,3.31
3.5500000000000003,0.11,0.846,0.0154,1.7,0.22,0.2,0.09,0.11,0.846,8.46,2.927245726665205,,,,Silty clay / clayey silt,,,"Soil, fine grain 1",1,0.01,0.35,3.6500000000000004,3.31
3.5300000000000002,0.13,1.056,0.0173,1.57,0.22,0.2,0.09,0.13,1.056,10.56,2.8265406508345072,,,,Silty clay / clayey silt,,,"Soil, fine grain 1",1,0.01,0.35,3.6500000000000004,3.31
3.5100000000000002,0.15,1.286,0.0198,1.5,0.22,0.2,0.09,0.15,1.286,12.86,2.7426727854419752,,,,Silty clay / clayey silt,,,"Soil, fine grain 1",1,0.01,0.35,3.6500000000000004,3.31
3.49,0.17,1.535,0.0223,1.45,0.22,0.2,0.09,0.17,1.535,15.35,2.669145648022623,,,,Silty clay / clayey silt,,,"Soil, fine grain 1",1,0.01,0.35,3.6500000000000004,3.31
3.47,0.19,1.785,0.0245,1.39,0.22,0.2,0.08,0.19,1.785,17.85,2.6036394394554496,,,,Silty clay / clayey silt,,,"Soil, fine grain 1",1,0.01,0.35,3.6500000000000004,3.31
3.45,0.21,2.042,0.027,1.37,0.22,0.2,0.09,0.21,2.042,20.419999999999998,2.5506959664703377,,,,Sand mixtures,,,"Soil, fine grain 1",1,0.01,0.35,3.6500000000000004,3.31
3.43,0.23,2.252,0.0367,1.71,0.22,0.2,0.09,0.23,2.252,22.52,2.5680175887291012,,,,Sand mixtures,,,"Soil, fine grain 1",1,0.01,0.35,3.6500000000000004,3.31
3.41,0.25,2.395,0.0399,1.74,0.22,0.2,0.09,0.25,2.395,23.95,2.550334786800947,,,,Sand mixtures,,,"Soil, fine grain 1",1,0.01,0.35,3.6500000000000004,3.31
3.39,0.27,2.495,0.0382,1.59,0.22,0.2,0.09,0.27,2.495,24.95,2.5134451038111094,,,,Sand mixtures,,,"Soil, fine grain 1",1,0.01,0.35,3.6500000000000004,3.31
3.37,0.29,2.558,0.0386,1.6,0.22,0.2,0.09,0.29,2.558,25.58,2.5060670197231256,,,,Sand mixtures,,,"Soil, fine grain 1",1,0.01,0.35,3.6500000000000004,3.31
3.35,0.31,2.545,0.0388,1.58,0.22,0.2,0.09,0.31,2.545,25.45,2.504789980109699,,,,Sand mixtures,,,"Soil, fine grain 1",1,0.01,0.35,3.6500000000000004,3.31
3.33,0.33,2.505,0.0458,1.84,0.22,0.2,0.08,0.33,2.505,25.05,2.5484350856932836,,,,Sand mixtures,,,"Soil, fine grain 1",1,0.01,0.35,3.6500000000000004,3.31
3.31,0.35,2.182,0.0462,1.86,0.22,0.2,0.09,0.35,2.182,21.82,2.6000824801463467,,,,Silty clay / clayey silt,,,Sand mixtures 1,1,0.35,1.09,3.31,2.5700000000000003
3.29,0.37,2.481,0.042,1.73,0.22,0.2,0.09,0.37,2.481,24.81,2.5363502333913406,,,,Sand mixtures,,,Sand mixtures 1,1,0.35,1.09,3.31,2.5700000000000003
3.27,0.39,2.621,0.0395,1.67,0.22,0.2,0.09,0.39,2.621,26.21,2.508030777375799,,,,Sand mixtures,,,Sand mixtures 1,1,0.35,1.09,3.31,2.5700000000000003
3.25,0.41,2.531,0.0356,1.56,0.22,0.2,0.09,0.41,2.531,25.31,2.503637850756181,,,,Sand mixtures,,,Sand mixtures 1,1,0.35,1.09,3.31,2.5700000000000003
3.23,0.43,2.185,0.0345,1.53,0.22,0.2,0.09,0.43,2.185,21.85,2.551939493162719,,,,Sand mixtures,,,Sand mixtures 1,1,0.35,1.09,3.31,2.5700000000000003
3.21,0.45,2.022,0.0348,1.6,0.22,0.2,0.09,0.45,2.022,20.22,2.590745249974054,,,,Sand mixtures,,,Sand mixtures 1,1,0.35,1.09,3.31,2.5700000000000003
3.1900000000000004,0.47,1.968,0.0303,1.45,0.22,0.2,0.09,0.47,1.968,19.68,2.5774103958674326,,,,Sand mixtures,,,Sand mixtures 1,1,0.35,1.09,3.31,2.5700000000000003
3.17,0.49,1.929,0.0276,1.35,0.22,0.2,0.09,0.49,1.929,19.29,2.5683018829392616,,,,Sand mixtures,,,Sand mixtures 1,1,0.35,1.09,3.31,2.5700000000000003
3.1500000000000004,0.51,1.968,0.028,1.35,0.22,0.2,0.09,0.51,1.968,19.68,2.5609115715824307,,,,Sand mixtures,,,Sand mixtures 1,1,0.35,1.09,3.31,2.5700000000000003
3.13,0.53,2.072,0.027,1.23,0.22,0.2,0.09,0.53,2.072,20.72,2.520692068710027,,,,Sand mixtures,,,Sand mixtures 1,1,0.35,1.09,3.31,2.5700000000000003
3.1100000000000003,0.55,2.178,0.027,1.15,0.22,0.2,0.09,0.55,2.178,21.78,2.487039239908798,,,,Sand mixtures,,,Sand mixtures 1,1,0.35,1.09,3.31,2.5700000000000003
3.0900000000000003,0.57,2.421,0.0275,1.09,0.22,0.2,0.09,0.57,2.421,24.21,2.4356804257125897,,,,Sand mixtures,,,Sand mixtures 1,1,0.35,1.09,3.31,2.5700000000000003
3.0700000000000003,0.59,2.821,0.0295,1.08,0.22,0.2,0.09,0.59,2.821,28.21,2.3769397984025127,,,,Sand mixtures,,,Sand mixtures 1,1,0.35,1.09,3.31,2.5700000000000003
3.0500000000000003,0.61,2.998,0.0316,1.08,0.22,0.2,0.09,0.61,2.998,29.98,2.3545256991415693,,,,Sand mixtures,,,Sand mixtures 1,1,0.35,1.09,3.31,2.5700000000000003
3.0300000000000002,0.63,3.251,0.0331,1.06,0.22,0.2,0.09,0.63,3.251,32.51,2.3204491474289997,,,,Sand mixtures,,,Sand mixtures 1,1,0.35,1.09,3.31,2.5700000000000003
3.0100000000000002,0.65,3.411,0.0348,1.07,0.22,0.2,0.09,0.65,3.411,34.11,2.3050785359611954,,,,Sand mixtures,,,Sand mixtures 1,1,0.35,1.09,3.31,2.5700000000000003
2.99,0.67,3.431,0.0356,1.07,0.22,0.2,0.09,0.67,3.431,34.31,2.3029452494727827,,,,Sand mixtures,,,Sand mixtures 1,1,0.35,1.09,3.31,2.5700000000000003
2.97,0.69,3.434,0.0365,1.08,0.22,0.2,0.09,0.69,3.434,34.34,2.3048209530876926,,,,Sand mixtures,,,Sand mixtures 1,1,0.35,1.09,3.31,2.5700000000000003
2.95,0.71,3.404,0.0375,1.1,0.22,0.2,0.08,0.71,3.404,34.04,2.3123572399187817,,,,Sand mixtures,,,Sand mixtures 1,1,0.35,1.09,3.31,2.5700000000000003
2.93,0.73,3.384,0.0373,1.09,0.21,0.2,0.07,0.73,3.384,33.84,2.3123433887023492,,,,Sand mixtures,,,Sand mixtures 1,1,0.35,1.09,3.31,2.5700000000000003
2.91,0.75,3.421,0.0372,1.09,0.21,0.2,0.06,0.75,3.421,34.21,2.308381406507678,,,,Sand mixtures,,,Sand mixtures 1,1,0.35,1.09,3.31,2.5700000000000003
2.89,0.77,3.467,0.0371,1.09,0.21,0.2,0.06,0.77,3.467,34.67,2.3035189539181404,,,,Sand mixtures,,,Sand mixtures 1,1,0.35,1.09,3.31,2.5700000000000003
2.87,0.79,3.444,0.0367,1.09,0.21,0.2,0.06,0.79,3.444,34.44,2.3059415195786084,,,,Sand mixtures,,,Sand mixtures 1,1,0.35,1.09,3.31,2.5700000000000003
2.85,0.81,3.384,0.0366,1.11,0.21,0.2,0.05,0.81,3.384,33.84,2.3166468850901256,,,,Sand mixtures,,,Sand mixtures 1,1,0.35,1.09,3.31,2.5700000000000003
2.83,0.83,3.251,0.0367,1.13,0.2,0.2,0.04,0.83,3.251,32.51,2.3354713166732104,,,,Sand mixtures,,,Sand mixtures 1,1,0.35,1.09,3.31,2.5700000000000003
2.81,0.85,3.134,0.0369,1.16,0.2,0.2,0.03,0.85,3.134,31.34,2.3550196421577696,,,,Sand mixtures,,,Sand mixtures 1,1,0.35,1.09,3.31,2.5700000000000003
2.79,0.87,3.054,0.0334,1.07,0.2,0.2,0.03,0.87,3.054,30.54,2.3455713123235875,,,,Sand mixtures,,,Sand mixtures 1,1,0.35,1.09,3.31,2.5700000000000003
2.77,0.89,2.998,0.0279,0.92,0.2,0.2,0.02,0.89,2.998,29.98,2.3182048609367114,,,,Sand mixtures,,,Sand mixtures 1,1,0.35,1.09,3.31,2.5700000000000003
2.75,0.91,2.971,0.0277,0.93,0.2,0.2,0.01,0.91,2.971,29.71,2.323981397768987,,,,Sand mixtures,,,Sand mixtures 1,1,0.35,1.09,3.31,2.5700000000000003
2.73,0.93,2.944,0.0294,1.0,0.2,0.2,0.0,0.93,2.944,29.44,2.343640310626816,,,,Sand mixtures,,,Sand mixtures 1,1,0.35,1.09,3.31,2.5700000000000003
2.71,0.95,2.951,0.0242,0.81,0.2,0.2,-0.01,0.95,2.951,29.51,2.2964323636418653,,,,Sand mixtures,,,Sand mixtures 1,1,0.35,1.09,3.31,2.5700000000000003
2.6900000000000004,0.97,2.748,0.0174,0.58,0.2,0.2,-0.01,0.97,2.748,27.48,2.2565512775235104,,,,Sand mixtures,,,Sand mixtures 1,1,0.35,1.09,3.31,2.5700000000000003
2.67,0.99,3.024,0.0232,0.74,0.2,0.2,-0.02,0.99,3.024,30.24,2.268085220216366,,,,Sand mixtures,,,Sand mixtures 1,1,0.35,1.09,3.31,2.5700000000000003
2.6500000000000004,1.01,3.214,0.0298,0.91,0.2,0.2,-0.03,1.01,3.214,32.14,2.2898313282338205,,,,Sand mixtures,,,Sand mixtures 1,1,0.35,1.09,3.31,2.5700000000000003
2.63,1.03,3.297,0.0302,0.85,0.2,0.2,-0.04,1.03,3.297,32.97,2.265171850277977,,,,Sand mixtures,,,Sand mixtures 1,1,0.35,1.09,3.31,2.5700000000000003
2.6100000000000003,1.05,3.697,0.0315,0.8,0.21,0.2,-0.05,1.05,3.697,36.97,2.2089608035378525,,,,Sand mixtures,,,Sand mixtures 1,1,0.35,1.09,3.31,2.5700000000000003
2.59,1.07,4.137,0.0321,0.73,0.21,0.2,-0.05,1.07,4.137,41.37,2.1467098028652836,,,,Sand mixtures,,,Sand mixtures 1,1,0.35,1.09,3.31,2.5700000000000003
2.5700000000000003,1.09,4.703,0.0331,0.67,0.21,0.2,-0.06,1.09,4.703,47.03,2.079838505721954,,,,Sand mixtures,,,Sand 1,1,1.09,1.91,2.5700000000000003,1.7500000000000002
2.55,1.11,5.452,0.0344,0.61,0.21,0.2,-0.07,1.11,5.452,54.52,2.0038754223176705,,,,Sand,,,Sand 1,1,1.09,1.91,2.5700000000000003,1.7500000000000002
2.5300000000000002,1.13,6.258,0.0364,0.57,0.21,0.2,-0.08,1.13,6.258,62.58,1.9373047444191167,,,,Sand,,,Sand 1,1,1.09,1.91,2.5700000000000003,1.7500000000000002
2.5100000000000002,1.15,7.164,0.0376,0.52,0.21,0.2,-0.08,1.15,7.164,71.64,1.8665006748506932,,,,Sand,,,Sand 1,1,1.09,1.91,2.5700000000000003,1.7500000000000002
2.49,1.17,8.257,0.0403,0.5,0.22,0.2,-0.08,1.17,8.257,82.57,1.8046791638674184,,,,Sand,,,Sand 1,1,1.09,1.91,2.5700000000000003,1.7500000000000002
2.47,1.19,9.066,0.043,0.49,0.22,0.2,-0.09,1.19,9.066,90.66,1.765323801507023,,,,Sand,,,Sand 1,1,1.09,1.91,2.5700000000000003,1.7500000000000002
2.45,1.21,9.716,0.0406,0.43,0.23,0.2,-0.1,1.21,9.716,97.16,1.710629036097798,,,,Sand,,,Sand 1,1,1.09,1.91,2.5700000000000003,1.7500000000000002
2.43,1.23,10.295,0.0457,0.45,0.23,0.2,-0.11,1.23,10.295,102.95,1.698952043804463,,,,Sand,,,Sand 1,1,1.09,1.91,2.5700000000000003,1.7500000000000002
2.41,1.25,11.038,0.0537,0.5,0.23,0.2,-0.11,1.25,11.038,110.38,1.6973943880537867,,,,Sand,,,Sand 1,1,1.09,1.91,2.5700000000000003,1.7500000000000002
2.39,1.27,11.251,0.0596,0.54,0.23,0.2,-0.12,1.27,11.251,112.51,1.708821962177559,,,,Sand,,,Sand 1,1,1.09,1.91,2.5700000000000003,1.7500000000000002
2.37,1.29,11.521,0.062,0.55,0.24,0.2,-0.13,1.29,11.521,115.21,1.704756996735022,,,,Sand,,,Sand 1,1,1.09,1.91,2.5700000000000003,1.7500000000000002
2.35,1.31,11.904,0.0606,0.54,0.25,0.2,-0.14,1.31,11.904,119.04,1.6885337166021688,,,,Sand,,,Sand 1,1,1.09,1.91,2.5700000000000003,1.7500000000000002
2.33,1.33,11.541,0.0655,0.59,0.25,0.2,-0.14,1.33,11.541,115.41,1.7215011583813284,,,,Sand,,,Sand 1,1,1.09,1.91,2.5700000000000003,1.7500000000000002
2.31,1.35,10.788,0.0645,0.59,0.25,0.2,-0.15,1.35,10.788,107.88,1.7455447451387367,,,,Sand,,,Sand 1,1,1.09,1.91,2.5700000000000003,1.7500000000000002
2.29,1.37,10.458,0.0604,0.57,0.26,0.2,-0.16,1.37,10.458,104.58,1.7482651369866282,,,,Sand,,,Sand 1,1,1.09,1.91,2.5700000000000003,1.7500000000000002
2.2700000000000005,1.39,10.165,0.0613,0.6,0.26,0.2,-0.17,1.39,10.165,101.65,1.7709773368373303,,,,Sand,,,Sand 1,1,1.09,1.91,2.5700000000000003,1.7500000000000002
2.25,1.41,9.865,0.0623,0.63,0.27,0.2,-0.18,1.41,9.865,98.65,1.7936957815422108,,,,Sand,,,Sand 1,1,1.09,1.91,2.5700000000000003,1.7500000000000002
2.2300000000000004,1.43,9.602,0.0616,0.64,0.27,0.2,-0.18,1.43,9.602,96.02,1.8072390671334544,,,,Sand,,,Sand 1,1,1.09,1.91,2.5700000000000003,1.7500000000000002
2.21,1.45,9.359,0.0614,0.66,0.27,0.2,-0.19,1.45,9.359,93.59,1.8239969198531445,,,,Sand,,,Sand 1,1,1.09,1.91,2.5700000000000003,1.7500000000000002
2.1900000000000004,1.47,9.156,0.0614,0.68,0.28,0.2,-0.2,1.47,9.156,91.56,1.8392189791695717,,,,Sand,,,Sand 1,1,1.09,1.91,2.5700000000000003,1.7500000000000002
2.17,1.49,8.72,0.0614,0.7,0.29,0.2,-0.21,1.49,8.72,87.2,1.863800863210778,,,,Sand,,,Sand 1,1,1.09,1.91,2.5700000000000003,1.7500000000000002
2.1500000000000004,1.51,8.417,0.0642,0.75,0.29,0.2,-0.21,1.51,8.417,84.17,1.8935939518173743,,,,Sand,,,Sand 1,1,1.09,1.91,2.5700000000000003,1.7500000000000002
2.13,1.53,8.25,0.0671,0.81,0.29,0.2,-0.22,1.53,8.25,82.5,1.920152017890684,,,,Sand,,,Sand 1,1,1.09,1.91,2.5700000000000003,1.7500000000000002
2.1100000000000003,1.55,8.09,0.0681,0.84,0.3,0.2,-0.23,1.55,8.09,80.9,1.9363315588100027,,,,Sand,,,Sand 1,1,1.09,1.91,2.5700000000000003,1.7500000000000002
2.09,1.57,7.95,0.0678,0.85,0.31,0.2,-0.23,1.57,7.95,79.5,1.9454848284148434,,,,Sand,,,Sand 1,1,1.09,1.91,2.5700000000000003,1.7500000000000002
2.0700000000000003,1.59,7.82,0.0675,0.86,0.32,0.2,-0.24,1.59,7.82,78.2,1.9542629345919305,,,,Sand,,,Sand 1,1,1.09,1.91,2.5700000000000003,1.7500000000000002
2.05,1.61,7.691,0.067,0.87,0.32,0.2,-0.24,1.61,7.691,76.91,1.9630576535385136,,,,Sand,,,Sand 1,1,1.09,1.91,2.5700000000000003,1.7500000000000002
2.0300000000000002,1.63,7.534,0.0663,0.88,0.32,0.2,-0.25,1.63,7.534,75.34,1.9732174949156303,,,,Sand,,,Sand 1,1,1.09,1.91,2.5700000000000003,1.7500000000000002
2.0100000000000002,1.65,7.371,0.0655,0.89,0.33,0.2,-0.26,1.65,7.371,73.71,1.9837828990197903,,,,Sand,,,Sand 1,1,1.09,1.91,2.5700000000000003,1.7500000000000002
1.9900000000000002,1.67,7.221,0.0646,0.89,0.34,0.2,-0.27,1.67,7.221,72.21,1.9910026379186805,,,,Sand,,,Sand 1,1,1.09,1.91,2.5700000000000003,1.7500000000000002
1.9700000000000002,1.69,7.108,0.063,0.89,0.34,0.2,-0.27,1.69,7.108,71.08,1.9965506262358694,,,,Sand,,,Sand 1,1,1.09,1.91,2.5700000000000003,1.7500000000000002
1.9500000000000002,1.71,6.991,0.0612,0.88,0.34,0.2,-0.27,1.71,6.991,69.91,1.9995355395844432,,,,Sand,,,Sand 1,1,1.09,1.91,2.5700000000000003,1.7500000000000002
1.9300000000000002,1.73,6.831,0.0599,0.88,0.33,0.2,-0.26,1.73,6.831,68.31,2.007717994802756,,,,Sand,,,Sand 1,1,1.09,1.91,2.5700000000000003,1.7500000000000002
1.9100000000000001,1.75,6.641,0.0586,0.88,0.34,0.2,-0.27,1.75,6.641,66.41,2.0177101866679936,,,,Sand,,,Sand 1,1,1.09,1.91,2.5700000000000003,1.7500000000000002
1.8900000000000001,1.77,6.465,0.0567,0.88,0.34,0.2,-0.27,1.77,6.465,64.65,2.0272475675074757,,,,Sand,,,Sand 1,1,1.09,1.91,2.5700000000000003,1.7500000000000002
1.87,1.79,6.305,0.0566,0.9,0.33,0.19,-0.27,1.79,6.305,63.05,2.041763298354073,,,,Sand,,,Sand 1,1,1.09,1.91,2.5700000000000003,1.7500000000000002
1.85,1.81,6.105,0.0542,0.88,0.34,0.2,-0.27,1.81,6.105,61.05,2.047665661618701,,,,Sand,,,Sand 1,1,1.09,1.91,2.5700000000000003,1.7500000000000002
1.83,1.83,5.949,0.0497,0.83,0.34,0.2,-0.27,1.83,5.949,59.49,2.0426475846425496,,,,Sand,,,Sand 1,1,1.09,1.91,2.5700000000000003,1.7500000000000002
1.81,1.85,5.792,0.0535,0.92,0.27,0.2,-0.18,1.85,5.792,57.92,2.0774474647937464,,,,Sand mixtures,,,Sand 1,1,1.09,1.91,2.5700000000000003,1.7500000000000002
1.79,1.87,5.636,0.0472,0.84,0.34,0.2,-0.27,1.87,5.636,56.36,2.0650510504238606,,,,Sand mixtures,,,Sand 1,1,1.09,1.91,2.5700000000000003,1.7500000000000002
1.7700000000000002,1.89,5.472,0.0356,0.65,0.42,0.2,-0.37,1.89,5.472,54.72,2.0164890211391056,,,,Sand,,,Sand 1,1,1.09,1.91,2.5700000000000003,1.7500000000000002
1.7500000000000002,1.91,5.309,0.035,0.66,0.34,0.2,-0.27,1.91,5.309,53.09,2.031165227804763,,,,Sand,,,Sand mixtures 2,2,1.91,3.13,1.7500000000000002,0.5300000000000002
1.7300000000000002,1.93,5.143,0.0348,0.69,0.34,0.2,-0.27,1.93,5.143,51.43,2.052920045027643,,,,Sand mixtures,,,Sand mixtures 2,2,1.91,3.13,1.7500000000000002,0.5300000000000002
1.7100000000000002,1.95,4.929,0.0343,0.71,0.34,0.2,-0.27,1.95,4.929,49.29,2.0751338916193127,,,,Sand mixtures,,,Sand mixtures 2,2,1.91,3.13,1.7500000000000002,0.5300000000000002
1.6900000000000002,1.97,4.615,0.0339,0.74,0.33,0.19,-0.27,1.97,4.615,46.15,2.108895817479739,,,,Sand mixtures,,,Sand mixtures 2,2,1.91,3.13,1.7500000000000002,0.5300000000000002
1.6700000000000002,1.99,4.3,0.0321,0.74,0.41,0.2,-0.36,1.99,4.3,43.0,2.1352456188737,,,,Sand mixtures,,,Sand mixtures 2,2,1.91,3.13,1.7500000000000002,0.5300000000000002
1.6500000000000004,2.01,4.083,0.0301,0.73,0.5,0.2,-0.46,2.01,4.083,40.83,2.151638000484991,,,,Sand mixtures,,,Sand mixtures 2,2,1.91,3.13,1.7500000000000002,0.5300000000000002
1.6300000000000003,2.03,3.804,0.0293,0.76,0.51,0.2,-0.47,2.03,3.804,38.04,2.187002858148851,,,,Sand mixtures,,,Sand mixtures 2,2,1.91,3.13,1.7500000000000002,0.5300000000000002
1.6100000000000003,2.05,3.571,0.0284,0.78,0.42,0.2,-0.37,2.05,3.571,35.71,2.2164045578046245,,,,Sand mixtures,,,Sand mixtures 2,2,1.91,3.13,1.7500000000000002,0.5300000000000002
1.5900000000000003,2.07,3.381,0.0268,0.78,0.42,0.2,-0.37,2.07,3.381,33.81,2.236975649054093,,,,Sand mixtures,,,Sand mixtures 2,2,1.91,3.13,1.7500000000000002,0.5300000000000002
1.5700000000000003,2.09,3.231,0.0254,0.79,0.33,0.2,-0.26,2.09,3.231,32.31,2.2568318234600113,,,,Sand mixtures,,,Sand mixtures 2,2,1.91,3.13,1.7500000000000002,0.5300000000000002
1.5500000000000003,2.11,3.054,0.0245,0.8,0.5,0.2,-0.46,2.11,3.054,30.54,2.2808060145777405,,,,Sand mixtures,,,Sand mixtures 2,2,1.91,3.13,1.7500000000000002,0.5300000000000002
1.5300000000000002,2.13,2.884,0.0235,0.81,0.34,0.2,-0.27,2.13,2.884,28.84,2.3051241850593516,,,,Sand mixtures,,,Sand mixtures 2,2,1.91,3.13,1.7500000000000002,0.5300000000000002
1.5100000000000002,2.15,2.701,0.0228,0.83,0.34,0.2,-0.27,2.15,2.701,27.01,2.335140450037912,,,,Sand mixtures,,,Sand mixtures 2,2,1.91,3.13,1.7500000000000002,0.5300000000000002
1.4900000000000002,2.17,2.571,0.0223,0.85,0.34,0.2,-0.27,2.17,2.571,25.71,2.358886034008692,,,,Sand mixtures,,,Sand mixtures 2,2,1.91,3.13,1.7500000000000002,0.5300000000000002
1.4700000000000002,2.19,2.435,0.0221,0.88,0.42,0.2,-0.37,2.19,2.435,24.35,2.386838170946974,,,,Sand mixtures,,,Sand mixtures 2,2,1.91,3.13,1.7500000000000002,0.5300000000000002
1.4500000000000002,2.21,2.368,0.0216,0.89,0.34,0.2,-0.27,2.21,2.368,23.68,2.3998102123095264,,,,Sand mixtures,,,Sand mixtures 2,2,1.91,3.13,1.7500000000000002,0.5300000000000002
1.4300000000000002,2.23,2.345,0.0216,0.91,0.33,0.2,-0.26,2.23,2.345,23.45,2.4082231349268937,,,,Sand mixtures,,,Sand mixtures 2,2,1.91,3.13,1.7500000000000002,0.5300000000000002
1.4100000000000001,2.25,2.328,0.0202,0.86,0.34,0.2,-0.27,2.25,2.328,23.28,2.3990721700796693,,,,Sand mixtures,,,Sand mixtures 2,2,1.91,3.13,1.7500000000000002,0.5300000000000002
1.3900000000000001,2.27,2.325,0.0181,0.77,0.34,0.2,-0.27,2.27,2.325,23.25,2.376837836239285,,,,Sand mixtures,,,Sand mixtures 2,2,1.91,3.13,1.7500000000000002,0.5300000000000002
1.37,2.29,2.332,0.0172,0.75,0.33,0.2,-0.26,2.29,2.332,23.32,2.3703806522410287,,,,Sand mixtures,,,Sand mixtures 2,2,1.91,3.13,1.7500000000000002,0.5300000000000002
1.35,2.31,2.332,0.0173,0.76,0.38,0.2,-0.32,2.31,2.332,23.32,2.3730435796436016,,,,Sand mixtures,,,Sand mixtures 2,2,1.91,3.13,1.7500000000000002,0.5300000000000002
1.33,2.33,2.302,0.0171,0.76,0.41,0.2,-0.36,2.33,2.302,23.02,2.378026608324589,,,,Sand mixtures,,,Sand mixtures 2,2,1.91,3.13,1.7500000000000002,0.5300000000000002
1.31,2.35,2.212,0.0162,0.74,0.41,0.2,-0.36,2.35,2.212,22.12,2.388087941063221,,,,Sand mixtures,,,Sand mixtures 2,2,1.91,3.13,1.7500000000000002,0.5300000000000002
1.29,2.37,2.152,0.0161,0.76,0.42,0.2,-0.37,2.37,2.152,21.52,2.4040036898257835,,,,Sand mixtures,,,Sand mixtures 2,2,1.91,3.13,1.7500000000000002,0.5300000000000002
1.27,2.39,2.048,0.0158,0.77,0.42,0.2,-0.37,2.39,2.048,20.48,2.4257324872527612,,,,Sand mixtures,,,Sand mixtures 2,2,1.91,3.13,1.7500000000000002,0.5300000000000002
1.25,2.41,1.958,0.0153,0.77,0.42,0.2,-0.37,2.41,1.958,19.58,2.4431172082755137,,,,Sand mixtures,,,Sand mixtures 2,2,1.91,3.13,1.7500000000000002,0.5300000000000002
1.23,2.43,1.862,0.0151,0.79,0.42,0.2,-0.37,2.43,1.862,18.62,2.467626336858956,,,,Sand mixtures,,,Sand mixtures 2,2,1.91,3.13,1.7500000000000002,0.5300000000000002
1.21,2.45,1.832,0.015,0.81,0.42,0.2,-0.37,2.45,1.832,18.32,2.478841750043286,,,,Sand mixtures,,,Sand mixtures 2,2,1.91,3.13,1.7500000000000002,0.5300000000000002
1.19,2.47,1.789,0.0146,0.81,0.42,0.2,-0.37,2.47,1.789,17.89,2.488030413719312,,,,Sand mixtures,,,Sand mixtures 2,2,1.91,3.13,1.7500000000000002,0.5300000000000002
1.17,2.49,1.759,0.0137,0.77,0.42,0.2,-0.37,2.49,1.759,17.59,2.484705980589583,,,,Sand mixtures,,,Sand mixtures 2,2,1.91,3.13,1.7500000000000002,0.5300000000000002
1.1500000000000004,2.51,1.755,0.0128,0.73,0.42,0.2,-0.37,2.51,1.755,17.55,2.475364771956994,,,,Sand mixtures,,,Sand mixtures 2,2,1.91,3.13,1.7500000000000002,0.5300000000000002
1.1300000000000003,2.53,1.749,0.0131,0.75,0.42,0.2,-0.37,2.53,1.749,17.49,2.481859061941886,,,,Sand mixtures,,,Sand mixtures 2,2,1.91,3.13,1.7500000000000002,0.5300000000000002
1.1100000000000003,2.55,1.735,0.0137,0.79,0.42,0.2,-0.37,2.55,1.735,17.35,2.4950180618604523,,,,Sand mixtures,,,Sand mixtures 2,2,1.91,3.13,1.7500000000000002,0.5300000000000002
1.0900000000000003,2.57,1.725,0.0137,0.78,0.42,0.2,-0.37,2.57,1.725,17.25,2.4947916409693325,,,,Sand mixtures,,,Sand mixtures 2,2,1.91,3.13,1.7500000000000002,0.5300000000000002
1.0700000000000003,2.59,1.732,0.0127,0.73,0.42,0.2,-0.37,2.59,1.732,17.32,2.480517476018065,,,,Sand mixtures,,,Sand mixtures 2,2,1.91,3.13,1.7500000000000002,0.5300000000000002
1.0500000000000003,2.61,1.775,0.0117,0.67,0.42,0.2,-0.37,2.61,1.775,17.75,2.45483857486799,,,,Sand mixtures,,,Sand mixtures 2,2,1.91,3.13,1.7500000000000002,0.5300000000000002
1.0300000000000002,2.63,1.772,0.012,0.68,0.41,0.2,-0.36,2.63,1.772,17.72,2.458251098965125,,,,Sand mixtures,,,Sand mixtures 2,2,1.91,3.13,1.7500000000000002,0.5300000000000002
1.0100000000000002,2.65,1.769,0.0126,0.7,0.41,0.2,-0.36,2.65,1.769,17.69,2.4643310287918556,,,,Sand mixtures,,,Sand mixtures 2,2,1.91,3.13,1.7500000000000002,0.5300000000000002
0.9900000000000002,2.67,1.752,0.0117,0.64,0.41,0.2,-0.36,2.67,1.752,17.52,2.4515700550280703,,,,Sand mixtures,,,Sand mixtures 2,2,1.91,3.13,1.7500000000000002,0.5300000000000002
0.9700000000000002,2.69,1.805,0.0116,0.63,0.41,0.2,-0.36,2.69,1.805,18.05,2.436952669677436,,,,Sand mixtures,,,Sand mixtures 2,2,1.91,3.13,1.7500000000000002,0.5300000000000002
0.9500000000000002,2.71,1.882,0.0126,0.67,0.41,0.2,-0.36,2.71,1.882,18.82,2.4318650270367956,,,,Sand mixtures,,,Sand mixtures 2,2,1.91,3.13,1.7500000000000002,0.5300000000000002
0.9300000000000002,2.73,1.982,0.0129,0.67,0.41,0.2,-0.36,2.73,1.982,19.82,2.4115868302925065,,,,Sand mixtures,,,Sand mixtures 2,2,1.91,3.13,1.7500000000000002,0.5300000000000002
0.9100000000000001,2.75,2.028,0.0123,0.62,0.41,0.2,-0.36,2.75,2.028,20.28,2.3881398583461655,,,,Sand mixtures,,,Sand mixtures 2,2,1.91,3.13,1.7500000000000002,0.5300000000000002
0.8900000000000001,2.77,2.002,0.0124,0.61,0.41,0.2,-0.36,2.77,2.002,20.019999999999996,2.3902376750505425,,,,Sand mixtures,,,Sand mixtures 2,2,1.91,3.13,1.7500000000000002,0.5300000000000002
0.8700000000000001,2.79,2.032,0.0136,0.66,0.41,0.2,-0.36,2.79,2.032,20.32,2.39900510739874,,,,Sand mixtures,,,Sand mixtures 2,2,1.91,3.13,1.7500000000000002,0.5300000000000002
0.8500000000000001,2.81,2.072,0.0147,0.7,0.41,0.2,-0.36,2.81,2.072,20.72,2.402596707548894,,,,Sand mixtures,,,Sand mixtures 2,2,1.91,3.13,1.7500000000000002,0.5300000000000002
0.8300000000000001,2.83,2.128,0.0151,0.71,0.41,0.2,-0.36,2.83,2.128,21.28,2.394969731521583,,,,Sand mixtures,,,Sand mixtures 2,2,1.91,3.13,1.7500000000000002,0.5300000000000002
0.81,2.85,2.162,0.0212,0.99,0.41,0.2,-0.36,2.85,2.162,21.62,2.456951394005155,,,,Sand mixtures,,,Sand mixtures 2,2,1.91,3.13,1.7500000000000002,0.5300000000000002
0.79,2.87,2.195,0.0209,0.96,0.41,0.2,-0.36,2.87,2.195,21.95,2.444636394426045,,,,Sand mixtures,,,Sand mixtures 2,2,1.91,3.13,1.7500000000000002,0.5300000000000002
0.77,2.89,2.212,0.0136,0.62,0.42,0.2,-0.37,2.89,2.212,22.12,2.3540338162287737,,,,Sand mixtures,,,Sand mixtures 2,2,1.91,3.13,1.7500000000000002,0.5300000000000002
0.75,2.91,2.238,0.0131,0.59,0.41,0.2,-0.36,2.91,2.238,22.38,2.3402523325609126,,,,Sand mixtures,,,Sand mixtures 2,2,1.91,3.13,1.7500000000000002,0.5300000000000002
0.73,2.93,2.252,0.016,0.72,0.41,0.2,-0.36,2.93,2.252,22.52,2.375744503744906,,,,Sand mixtures,,,Sand mixtures 2,2,1.91,3.13,1.7500000000000002,0.5300000000000002
0.71,2.95,2.272,0.0184,0.81,0.42,0.2,-0.37,2.95,2.272,22.72,2.3959858509272762,,,,Sand mixtures,,,Sand mixtures 2,2,1.91,3.13,1.7500000000000002,0.5300000000000002
0.69,2.97,2.258,0.0138,0.6,0.41,0.2,-0.36,2.97,2.258,22.58,2.3398568954054553,,,,Sand mixtures,,,Sand mixtures 2,2,1.91,3.13,1.7500000000000002,0.5300000000000002
0.6699999999999999,2.99,2.245,0.0155,0.66,0.41,0.2,-0.36,2.99,2.245,22.45,2.360062662129769,,,,Sand mixtures,,,Sand mixtures 2,2,1.91,3.13,1.7500000000000002,0.5300000000000002
0.6500000000000004,3.01,2.371,0.0227,0.93,0.41,0.2,-0.36,3.01,2.371,23.71,2.40869332056194,,,,Sand mixtures,,,Sand mixtures 2,2,1.91,3.13,1.7500000000000002,0.5300000000000002
0.6300000000000003,3.03,2.505,0.0248,0.95,0.42,0.2,-0.37,3.03,2.505,25.05,2.3925675023145887,,,,Sand mixtures,,,Sand mixtures 2,2,1.91,3.13,1.7500000000000002,0.5300000000000002
0.6100000000000003,3.05,2.625,0.0266,0.94,0.41,0.2,-0.36,3.05,2.625,26.25,2.372683011149684,,,,Sand mixtures,,,Sand mixtures 2,2,1.91,3.13,1.7500000000000002,0.5300000000000002
0.5900000000000003,3.07,2.868,0.0275,0.88,0.42,0.2,-0.37,3.07,2.868,28.68,2.325050017385497,,,,Sand mixtures,,,Sand mixtures 2,2,1.91,3.13,1.7500000000000002,0.5300000000000002
0.5700000000000003,3.09,3.421,0.0283,0.8,0.42,0.2,-0.37,3.09,3.421,34.21,2.238042546304406,,,,Sand mixtures,,,Sand mixtures 2,2,1.91,3.13,1.7500000000000002,0.5300000000000002
0.5500000000000003,3.11,3.767,0.0293,0.73,0.42,0.2,-0.37,3.11,3.767,37.67,2.1819351525535238,,,,Sand mixtures,,,Sand mixtures 2,2,1.91,3.13,1.7500000000000002,0.5300000000000002
0.5300000000000002,3.13,4.35,0.0324,0.71,0.42,0.2,-0.37,3.13,4.35,43.5,2.121797834759687,,,,Sand mixtures,,,Sand 2,2,3.13,9.01,0.5300000000000002,-5.35
0.5100000000000002,3.15,5.299,0.0361,0.7,0.42,0.2,-0.37,3.15,5.299,52.99,2.0450605627958676,,,,Sand,,,Sand 2,2,3.13,9.01,0.5300000000000002,-5.35
0.4900000000000002,3.17,5.929,0.039,0.68,0.41,0.2,-0.36,3.17,5.929,59.29,1.9969093542770906,,,,Sand,,,Sand 2,2,3.13,9.01,0.5300000000000002,-5.35
0.4700000000000002,3.19,6.415,0.0419,0.66,0.41,0.2,-0.36,3.19,6.415,64.15,1.9610116111519336,,,,Sand,,,Sand 2,2,3.13,9.01,0.5300000000000002,-5.35
0.4500000000000002,3.21,6.938,0.0461,0.67,0.41,0.2,-0.36,3.21,6.938,69.38,1.9357557214125123,,,,Sand,,,Sand 2,2,3.13,9.01,0.5300000000000002,-5.35
0.43000000000000016,3.23,7.447,0.0506,0.68,0.41,0.2,-0.36,3.23,7.447,74.47,1.9134885954168463,,,,Sand,,,Sand 2,2,3.13,9.01,0.5300000000000002,-5.35
0.41000000000000014,3.25,7.954,0.0546,0.69,0.41,0.2,-0.36,3.25,7.954,79.54,1.8932044257781457,,,,Sand,,,Sand 2,2,3.13,9.01,0.5300000000000002,-5.35
0.3900000000000001,3.27,8.38,0.0597,0.72,0.41,0.19,-0.37,3.27,8.38,83.8,1.8849666770979923,,,,Sand,,,Sand 2,2,3.13,9.01,0.5300000000000002,-5.35
0.3700000000000001,3.29,8.776,0.0643,0.74,0.42,0.2,-0.37,3.29,8.776,87.76,1.8754330076976191,,,,Sand,,,Sand 2,2,3.13,9.01,0.5300000000000002,-5.35
0.3500000000000001,3.31,9.129,0.0679,0.74,0.51,0.2,-0.47,3.31,9.129,91.29,1.8615176155484767,,,,Sand,,,Sand 2,2,3.13,9.01,0.5300000000000002,-5.35
0.33000000000000007,3.33,9.522,0.0707,0.73,0.42,0.2,-0.37,3.33,9.522,95.22,1.8432254525478566,,,,Sand,,,Sand 2,2,3.13,9.01,0.5300000000000002,-5.35
0.31000000000000005,3.35,10.032,0.0733,0.71,0.47,0.2,-0.42,3.35,10.032,100.32,1.8178055605237378,,,,Sand,,,Sand 2,2,3.13,9.01,0.5300000000000002,-5.35
0.29000000000000004,3.37,10.578,0.0765,0.7,0.42,0.2,-0.37,3.37,10.578,105.78,1.7956009841905063,,,,Sand,,,Sand 2,2,3.13,9.01,0.5300000000000002,-5.35
0.27,3.39,11.318,0.0793,0.68,0.42,0.2,-0.37,3.39,11.318,113.18,1.7645065325534222,,,,Sand,,,Sand 2,2,3.13,9.01,0.5300000000000002,-5.35
0.25,3.41,12.62,0.0827,0.66,0.42,0.2,-0.37,3.41,12.62,126.2,1.7189095623989246,,,,Sand,,,Sand 2,2,3.13,9.01,0.5300000000000002,-5.35
0.22999999999999998,3.43,13.293,0.0868,0.66,0.41,0.2,-0.36,3.43,13.293,132.93,1.7009945935413389,,,,Sand,,,Sand 2,2,3.13,9.01,0.5300000000000002,-5.35
0.20999999999999996,3.45,14.422,0.091,0.65,0.42,0.2,-0.37,3.45,14.422,144.22,1.669000948169087,,,,Sand,,,Sand 2,2,3.13,9.01,0.5300000000000002,-5.35
0.18999999999999995,3.47,15.041,0.0965,0.66,0.42,0.2,-0.37,3.47,15.041,150.41,1.6588505343087105,,,,Sand,,,Sand 2,2,3.13,9.01,0.5300000000000002,-5.35
0.16999999999999993,3.49,15.364,0.1034,0.69,0.5,0.19,-0.46,3.49,15.364,153.64,1.6638878005267372,,,,Sand,,,Sand 2,2,3.13,9.01,0.5300000000000002,-5.35
0.15000000000000036,3.51,15.631,0.1082,0.7,0.51,0.2,-0.47,3.51,15.631,156.31,1.6621202169586695,,,,Sand,,,Sand 2,2,3.13,9.01,0.5300000000000002,-5.35
0.13000000000000034,3.53,15.891,0.1114,0.71,0.42,0.2,-0.37,3.53,15.891,158.91,1.6605937663321133,,,,Sand,,,Sand 2,2,3.13,9.01,0.5300000000000002,-5.35
0.11000000000000032,3.55,16.081,0.1146,0.72,0.51,0.2,-0.47,3.55,16.081,160.81,1.6605872487087945,,,,Sand,,,Sand 2,2,3.13,9.01,0.5300000000000002,-5.35
0.0900000000000003,3.57,16.14,0.1163,0.73,0.51,0.2,-0.47,3.57,16.14,161.4,1.6632726528959578,,,,Sand,,,Sand 2,2,3.13,9.01,0.5300000000000002,-5.35
0.07000000000000028,3.59,16.18,0.118,0.73,0.5,0.2,-0.46,3.59,16.18,161.8,1.6624570969352446,,,,Sand,,,Sand 2,2,3.13,9.01,0.5300000000000002,-5.35
0.050000000000000266,3.61,16.164,0.1196,0.74,0.51,0.2,-0.47,3.61,16.164,161.64000000000001,1.6666387622596472,,,,Sand,,,Sand 2,2,3.13,9.01,0.5300000000000002,-5.35
0.03000000000000025,3.63,16.204,0.1207,0.74,0.51,0.2,-0.47,3.63,16.204,162.04,1.665826476859387,,,,Sand,,,Sand 2,2,3.13,9.01,0.5300000000000002,-5.35
0.010000000000000231,3.65,16.314,0.1208,0.74,0.51,0.2,-0.47,3.65,16.314,163.14,1.6636045026164845,,,,Sand,,,Sand 2,2,3.13,9.01,0.5300000000000002,-5.35
-0.009999999999999787,3.67,16.437,0.1201,0.73,0.51,0.2,-0.47,3.67,16.437,164.37,1.6572716984306082,,,,Sand,,,Sand 2,2,3.13,9.01,0.5300000000000002,-5.35
-0.029999999999999805,3.69,16.553,0.1217,0.74,0.51,0.2,-0.47,3.69,16.553,165.53,1.6588354991997494,,,,Sand,,,Sand 2,2,3.13,9.01,0.5300000000000002,-5.35
-0.04999999999999982,3.71,16.633,0.1242,0.75,0.5,0.2,-0.46,3.71,16.633,166.33,1.6610941104646781,,,,Sand,,,Sand 2,2,3.13,9.01,0.5300000000000002,-5.35
-0.06999999999999984,3.73,16.633,0.1266,0.76,0.51,0.2,-0.47,3.73,16.633,166.33,1.6648918998510247,,,,Sand,,,Sand 2,2,3.13,9.01,0.5300000000000002,-5.35
-0.08999999999999986,3.75,16.79,0.1293,0.77,0.5,0.2,-0.46,3.75,16.79,167.9,1.665599139672893,,,,Sand,,,Sand 2,2,3.13,9.01,0.5300000000000002,-5.35
-0.10999999999999988,3.77,16.973,0.1326,0.79,0.51,0.2,-0.47,3.77,16.973,169.73,1.6695176002743635,,,,Sand,,,Sand 2,2,3.13,9.01,0.5300000000000002,-5.35
-0.1299999999999999,3.79,17.02,0.1332,0.79,0.43,0.2,-0.38,3.79,17.02,170.2,1.6686256433595634,,,,Sand,,,Sand 2,2,3.13,9.01,0.5300000000000002,-5.35
-0.1499999999999999,3.81,17.046,0.1326,0.78,0.5,0.2,-0.46,3.81,17.046,170.46,1.664431818130036,,,,Sand,,,Sand 2,2,3.13,9.01,0.5300000000000002,-5.35
-0.16999999999999993,3.83,17.02,0.1287,0.76,0.51,0.2,-0.47,3.83,17.02,170.2,1.6574111703017222,,,,Sand,,,Sand 2,2,3.13,9.01,0.5300000000000002,-5.35
-0.18999999999999995,3.85,16.92,0.1308,0.77,0.51,0.2,-0.47,3.85,16.92,169.2,1.663096928672996,,,,Sand,,,Sand 2,2,3.13,9.01,0.5300000000000002,-5.35
-0.20999999999999996,3.87,16.817,0.1312,0.77,0.51,0.2,-0.47,3.87,16.817,168.17,1.6650776137971268,,,,Sand,,,Sand 2,2,3.13,9.01,0.5300000000000002,-5.35
-0.22999999999999998,3.89,16.91,0.1186,0.69,0.51,0.2,-0.47,3.89,16.91,169.1,1.6319830563781796,,,,Sand,,,Sand 2,2,3.13,9.01,0.5300000000000002,-5.35
-0.25,3.91,17.13,0.113,0.65,0.51,0.2,-0.47,3.91,17.13,171.3,1.6109642640211483,,,,Sand,,,Sand 2,2,3.13,9.01,0.5300000000000002,-5.35
-0.27,3.93,17.363,0.1136,0.65,0.51,0.2,-0.47,3.93,17.363,173.63,1.606466065818644,,,,Sand,,,Sand 2,2,3.13,9.01,0.5300000000000002,-5.35
-0.29000000000000004,3.95,17.912,0.1144,0.65,0.51,0.2,-0.47,3.95,17.912,179.12,1.596135436290001,,,,Sand,,,Sand 2,2,3.13,9.01,0.5300000000000002,-5.35
-0.31000000000000005,3.97,18.259,0.1189,0.66,0.42,0.2,-0.37,3.97,18.259,182.59,1.5941077325430486,,,,Sand,,,Sand 2,2,3.13,9.01,0.5300000000000002,-5.35
-0.33000000000000007,3.99,18.039,0.1252,0.69,0.5,0.2,-0.46,3.99,18.039,180.39,1.6107270385442538,,,,Sand,,,Sand 2,2,3.13,9.01,0.5300000000000002,-5.35
-0.34999999999999964,4.01,18.462,0.1298,0.71,0.5,0.2,-0.46,4.01,18.462,184.62,1.6113780765271415,,,,Sand,,,Sand 2,2,3.13,9.01,0.5300000000000002,-5.35
-0.3700000000000001,4.03,18.628,0.1317,0.71,0.51,0.2,-0.47,4.03,18.628,186.28,1.6084761506179763,,,,Sand,,,Sand 2,2,3.13,9.01,0.5300000000000002,-5.35
-0.3899999999999997,4.05,18.688,0.1369,0.74,0.5,0.2,-0.46,4.05,18.688,186.88,1.6194682462629204,,,,Sand,,,Sand 2,2,3.13,9.01,0.5300000000000002,-5.35
-0.41000000000000014,4.07,18.745,0.1432,0.77,0.5,0.2,-0.46,4.07,18.745,187.45,1.630154895482637,,,,Sand,,,Sand 2,2,3.13,9.01,0.5300000000000002,-5.35
-0.4299999999999997,4.09,18.692,0.146,0.78,0.5,0.2,-0.46,4.09,18.692,186.92,1.6348649159089317,,,,Sand,,,Sand 2,2,3.13,9.01,0.5300000000000002,-5.35
-0.4500000000000002,4.11,18.628,0.1483,0.79,0.51,0.2,-0.47,4.11,18.628,186.28,1.6397229621472145,,,,Sand,,,Sand 2,2,3.13,9.01,0.5300000000000002,-5.35
-0.46999999999999975,4.13,18.589,0.1492,0.79,0.5,0.2,-0.46,4.13,18.589,185.89,1.6403891010607454,,,,Sand,,,Sand 2,2,3.13,9.01,0.5300000000000002,-5.35
-0.4900000000000002,4.15,18.698,0.149,0.79,0.5,0.2,-0.46,4.15,18.698,186.98,1.6385314048568023,,,,Sand,,,Sand 2,2,3.13,9.01,0.5300000000000002,-5.35
-0.5099999999999998,4.17,19.005,0.1494,0.78,0.51,0.2,-0.47,4.17,19.005,190.05,1.6295858820778988,,,,Sand,,,Sand 2,2,3.13,9.01,0.5300000000000002,-5.35
-0.5300000000000002,4.19,19.371,0.1484,0.76,0.51,0.2,-0.47,4.19,19.371,193.71,1.6158341062014092,,,,Sand,,,Sand 2,2,3.13,9.01,0.5300000000000002,-5.35
-0.5499999999999998,4.21,19.731,0.1491,0.75,0.51,0.2,-0.47,4.21,19.731,197.31,1.6060615853230404,,,,Sand,,,Sand 2,2,3.13,9.01,0.5300000000000002,-5.35
-0.5700000000000003,4.23,20.154,0.1524,0.75,0.51,0.2,-0.47,4.23,20.154,201.54,1.599335129431047,,,,Sand,,,Sand 2,2,3.13,9.01,0.5300000000000002,-5.35
-0.5899999999999999,4.25,20.783,0.1529,0.74,0.51,0.2,-0.47,4.25,20.783,207.83,1.5856235508276415,,,,Sand,,,Sand 2,2,3.13,9.01,0.5300000000000002,-5.35
-0.6099999999999994,4.27,21.15,0.1522,0.73,0.51,0.2,-0.47,4.27,21.15,211.5,1.576040216609917,,,,Sand,,,Sand 2,2,3.13,9.01,0.5300000000000002,-5.35
-0.6299999999999999,4.29,21.376,0.1514,0.71,0.51,0.2,-0.47,4.29,21.376,213.76,1.5644047334681799,,,,Sand,,,Sand 2,2,3.13,9.01,0.5300000000000002,-5.35
-0.6499999999999995,4.31,21.599,0.1545,0.72,0.51,0.2,-0.47,4.31,21.599,215.99,1.5652974975072331,,,,Sand,,,Sand 2,2,3.13,9.01,0.5300000000000002,-5.35
-0.6699999999999999,4.33,21.779,0.1589,0.73,0.51,0.2,-0.47,4.33,21.779,217.79,1.566820518144292,,,,Sand,,,Sand 2,2,3.13,9.01,0.5300000000000002,-5.35
-0.6899999999999995,4.35,21.919,0.1565,0.72,0.51,0.2,-0.47,4.35,21.919,219.19,1.5606700857750528,,,,Sand,,,Sand 2,2,3.13,9.01,0.5300000000000002,-5.35
-0.71,4.37,21.816,0.1493,0.68,0.51,0.2,-0.47,4.37,21.816,218.16,1.545135828752643,,,,Sand,,,Sand 2,2,3.13,9.01,0.5300000000000002,-5.35
-0.7299999999999995,4.39,21.942,0.1427,0.65,0.51,0.2,-0.47,4.39,21.942,219.42,1.5300089525274034,,,,Sand,,,Sand 2,2,3.13,9.01,0.5300000000000002,-5.35
-0.75,4.41,22.242,0.1433,0.64,0.51,0.2,-0.47,4.41,22.242,222.42,1.5211127284460566,,,,Sand,,,Sand 2,2,3.13,9.01,0.5300000000000002,-5.35
-0.7699999999999996,4.43,22.445,0.1462,0.65,0.51,0.2,-0.47,4.43,22.445,224.45,1.5227617443463675,,,,Sand,,,Sand 2,2,3.13,9.01,0.5300000000000002,-5.35
-0.79,4.45,22.762,0.1513,0.67,0.51,0.2,-0.47,4.45,22.762,227.62,1.5272763811485153,,,,Sand,,,Sand 2,2,3.13,9.01,0.5300000000000002,-5.35
-0.8099999999999996,4.47,23.072,0.1548,0.68,0.51,0.2,-0.47,4.47,23.072,230.72,1.5274276711200934,,,,Sand,,,Sand 2,2,3.13,9.01,0.5300000000000002,-5.35
-0.8300000000000001,4.49,23.125,0.1519,0.66,0.51,0.2,-0.47,4.49,23.125,231.25,1.517796688823061,,,,Sand,,,Sand 2,2,3.13,9.01,0.5300000000000002,-5.35
-0.8499999999999996,4.51,22.868,0.1515,0.65,0.51,0.2,-0.47,4.51,22.868,228.68,1.5168137758367353,,,,Sand,,,Sand 2,2,3.13,9.01,0.5300000000000002,-5.35
-0.8700000000000001,4.53,22.992,0.1553,0.67,0.51,0.2,-0.47,4.53,22.992,229.92,1.5240979601831681,,,,Sand,,,Sand 2,2,3.13,9.01,0.5300000000000002,-5.35
-0.8899999999999997,4.55,23.638,0.1596,0.68,0.5,0.2,-0.46,4.55,23.638,236.38,1.5198172411170252,,,,Sand,,,Sand 2,2,3.13,9.01,0.5300000000000002,-5.35
-0.9100000000000001,4.57,23.784,0.1623,0.69,0.5,0.2,-0.46,4.57,23.784,237.84,1.5222923915076825,,,,Sand,,,Sand 2,2,3.13,9.01,0.5300000000000002,-5.35
-0.9299999999999997,4.59,23.788,0.1563,0.66,0.5,0.2,-0.46,4.59,23.788,237.88,1.508875267069362,,,,Sand,,,Sand 2,2,3.13,9.01,0.5300000000000002,-5.35
-0.9500000000000002,4.61,23.854,0.1537,0.65,0.5,0.2,-0.46,4.61,23.854,238.54,1.503440222118292,,,,Sand,,,Sand 2,2,3.13,9.01,0.5300000000000002,-5.35
-0.9699999999999998,4.63,23.624,0.1576,0.67,0.5,0.2,-0.46,4.63,23.624,236.24,1.5155547445273723,,,,Sand,,,Sand 2,2,3.13,9.01,0.5300000000000002,-5.35
-0.9900000000000002,4.65,23.465,0.1554,0.66,0.5,0.2,-0.46,4.65,23.465,234.65,1.5131842392731432,,,,Sand,,,Sand 2,2,3.13,9.01,0.5300000000000002,-5.35
-1.0099999999999998,4.67,23.498,0.1537,0.65,0.5,0.2,-0.46,4.67,23.498,234.98,1.5081919925059288,,,,Sand,,,Sand 2,2,3.13,9.01,0.5300000000000002,-5.35
-1.0300000000000002,4.69,23.561,0.1518,0.64,0.5,0.2,-0.46,4.69,23.561,235.61,1.5027388226179617,,,,Sand,,,Sand 2,2,3.13,9.01,0.5300000000000002,-5.35
-1.0499999999999998,4.71,23.871,0.1549,0.65,0.5,0.2,-0.46,4.71,23.871,238.71,1.5032154206098083,,,,Sand,,,Sand 2,2,3.13,9.01,0.5300000000000002,-5.35
-1.0700000000000003,4.73,23.968,0.162,0.68,0.5,0.2,-0.46,4.73,23.968,239.68,1.515479406517292,,,,Sand,,,Sand 2,2,3.13,9.01,0.5300000000000002,-5.35
-1.0899999999999999,4.75,23.891,0.1536,0.64,0.5,0.2,-0.46,4.75,23.891,238.91,1.4983316124688943,,,,Sand,,,Sand 2,2,3.13,9.01,0.5300000000000002,-5.35
-1.1099999999999994,4.77,23.988,0.1425,0.59,0.5,0.2,-0.46,4.77,23.988,239.88,1.4730582817558464,,,,Sand,,,Sand 2,2,3.13,9.01,0.5300000000000002,-5.35
-1.13,4.79,24.487,0.1524,0.63,0.5,0.2,-0.46,4.79,24.487,244.87,1.4858517534665143,,,,Sand,,,Sand 2,2,3.13,9.01,0.5300000000000002,-5.35
-1.1499999999999995,4.81,24.567,0.1564,0.64,0.5,0.19,-0.46,4.81,24.567,245.67,1.4895250488657157,,,,Sand,,,Sand 2,2,3.13,9.01,0.5300000000000002,-5.35
-1.17,4.83,24.537,0.15,0.62,0.5,0.2,-0.46,4.83,24.537,245.37,1.4804467585677954,,,,Sand,,,Sand 2,2,3.13,9.01,0.5300000000000002,-5.35
-1.1899999999999995,4.85,24.584,0.153,0.63,0.51,0.2,-0.47,4.85,24.584,245.84,1.4846030040121385,,,,Sand,,,Sand 2,2,3.13,9.01,0.5300000000000002,-5.35
-1.21,4.87,24.56,0.1466,0.61,0.5,0.2,-0.46,4.87,24.56,245.6,1.4753287316319956,,,,Sand,,,Sand 2,2,3.13,9.01,0.5300000000000002,-5.35
-1.2299999999999995,4.89,23.754,0.1345,0.57,0.5,0.19,-0.46,4.89,23.754,237.54,1.4662004602236383,,,,Sand,,,Sand 2,2,3.13,9.01,0.5300000000000002,-5.35
-1.25,4.91,22.912,0.1365,0.59,0.5,0.2,-0.46,4.91,22.912,229.12,1.487866879647078,,,,Sand,,,Sand 2,2,3.13,9.01,0.5300000000000002,-5.35
-1.2699999999999996,4.93,22.222,0.1445,0.64,0.5,0.2,-0.46,4.93,22.222,222.22,1.5214011457451566,,,,Sand,,,Sand 2,2,3.13,9.01,0.5300000000000002,-5.35
-1.29,4.95,21.739,0.1485,0.68,0.5,0.19,-0.46,4.95,21.739,217.39,1.5462603985073837,,,,Sand,,,Sand 2,2,3.13,9.01,0.5300000000000002,-5.35
-1.3099999999999996,4.97,21.266,0.1505,0.71,0.51,0.19,-0.47,4.97,21.266,212.66,1.5660383646080531,,,,Sand,,,Sand 2,2,3.13,9.01,0.5300000000000002,-5.35
-1.33,4.99,20.55,0.1485,0.72,0.5,0.2,-0.46,4.99,20.55,205.5,1.5810533758926144,,,,Sand,,,Sand 2,2,3.13,9.01,0.5300000000000002,-5.35
-1.3499999999999996,5.01,19.834,0.1517,0.74,0.5,0.2,-0.46,5.01,19.834,198.34,1.600435041777145,,,,Sand,,,Sand 2,2,3.13,9.01,0.5300000000000002,-5.35
-1.37,5.03,19.771,0.1519,0.75,0.5,0.19,-0.46,5.03,19.771,197.71,1.6054183049356543,,,,Sand,,,Sand 2,2,3.13,9.01,0.5300000000000002,-5.35
-1.3899999999999997,5.05,19.981,0.1484,0.74,0.51,0.19,-0.47,5.05,19.981,199.81,1.5980869268850768,,,,Sand,,,Sand 2,2,3.13,9.01,0.5300000000000002,-5.35
-1.4100000000000001,5.07,20.307,0.1502,0.75,0.51,0.2,-0.47,5.07,20.307,203.07,1.5969428697765722,,,,Sand,,,Sand 2,2,3.13,9.01,0.5300000000000002,-5.35
-1.4299999999999997,5.09,20.364,0.1465,0.73,0.5,0.2,-0.46,5.09,20.364,203.64,1.5880262424847182,,,,Sand,,,Sand 2,2,3.13,9.01,0.5300000000000002,-5.35
-1.4500000000000002,5.11,20.364,0.1438,0.71,0.5,0.2,-0.46,5.11,20.364,203.64,1.5798206788306348,,,,Sand,,,Sand 2,2,3.13,9.01,0.5300000000000002,-5.35
-1.4699999999999998,5.13,20.144,0.1435,0.71,0.51,0.19,-0.47,5.13,20.144,201.44,1.5832910878190967,,,,Sand,,,Sand 2,2,3.13,9.01,0.5300000000000002,-5.35
-1.4900000000000002,5.15,20.161,0.1449,0.72,0.5,0.2,-0.46,5.15,20.161,201.61,1.5871381237051845,,,,Sand,,,Sand 2,2,3.13,9.01,0.5300000000000002,-5.35
-1.5099999999999998,5.17,19.834,0.1488,0.74,0.51,0.2,-0.47,5.17,19.834,198.34,1.600435041777145,,,,Sand,,,Sand 2,2,3.13,9.01,0.5300000000000002,-5.35
-1.5300000000000002,5.19,19.911,0.1527,0.77,0.5,0.2,-0.46,5.19,19.911,199.11,1.611007373690163,,,,Sand,,,Sand 2,2,3.13,9.01,0.5300000000000002,-5.35
-1.5499999999999998,5.21,19.877,0.1559,0.79,0.5,0.2,-0.46,5.21,19.877,198.77,1.619213412327027,,,,Sand,,,Sand 2,2,3.13,9.01,0.5300000000000002,-5.35
-1.5700000000000003,5.23,19.664,0.1553,0.8,0.51,0.2,-0.47,5.23,19.664,196.64,1.6263698837589533,,,,Sand,,,Sand 2,2,3.13,9.01,0.5300000000000002,-5.35
-1.5899999999999999,5.25,19.418,0.1512,0.78,0.5,0.2,-0.46,5.25,19.418,194.18,1.6227738649705998,,,,Sand,,,Sand 2,2,3.13,9.01,0.5300000000000002,-5.35
-1.6099999999999994,5.27,19.171,0.1485,0.77,0.5,0.2,-0.46,5.27,19.171,191.71,1.6230015938915874,,,,Sand,,,Sand 2,2,3.13,9.01,0.5300000000000002,-5.35
-1.63,5.29,18.925,0.144,0.75,0.5,0.2,-0.46,5.29,18.925,189.25,1.6193586825315547,,,,Sand,,,Sand 2,2,3.13,9.01,0.5300000000000002,-5.35
-1.6499999999999995,5.31,18.938,0.1403,0.74,0.5,0.2,-0.46,5.31,18.938,189.38,1.615202049017935,,,,Sand,,,Sand 2,2,3.13,9.01,0.5300000000000002,-5.35
-1.67,5.33,18.885,0.1401,0.76,0.5,0.2,-0.46,5.33,18.885,188.85,1.623929557743827,,,,Sand,,,Sand 2,2,3.13,9.01,0.5300000000000002,-5.35
-1.6899999999999995,5.35,18.599,0.1408,0.77,0.5,0.2,-0.46,5.35,18.599,185.99,1.6326502867386186,,,,Sand,,,Sand 2,2,3.13,9.01,0.5300000000000002,-5.35
-1.71,5.37,18.039,0.1437,0.81,0.51,0.2,-0.47,5.37,18.039,180.39,1.657334798275827,,,,Sand,,,Sand 2,2,3.13,9.01,0.5300000000000002,-5.35
-1.7299999999999995,5.39,17.323,0.1472,0.86,0.5,0.2,-0.46,5.39,17.323,173.23,1.6879442320515854,,,,Sand,,,Sand 2,2,3.13,9.01,0.5300000000000002,-5.35
-1.75,5.41,16.563,0.1537,0.94,0.5,0.2,-0.46,5.41,16.563,165.63,1.728643199652178,,,,Sand,,,Sand 2,2,3.13,9.01,0.5300000000000002,-5.35
-1.7699999999999996,5.43,15.707,0.1548,0.99,0.5,0.2,-0.46,5.43,15.707,157.07,1.7608541535276083,,,,Sand,,,Sand 2,2,3.13,9.01,0.5300000000000002,-5.35
-1.79,5.45,14.858,0.1546,1.04,0.51,0.2,-0.47,5.45,14.858,148.58,1.7930862793216582,,,,Sand,,,Sand 2,2,3.13,9.01,0.5300000000000002,-5.35
-1.8099999999999996,5.47,13.986,0.1603,1.15,0.51,0.2,-0.47,5.47,13.986,139.86,1.8422743012145686,,,,Sand,,,Sand 2,2,3.13,9.01,0.5300000000000002,-5.35
-1.83,5.49,13.123,0.166,1.25,0.5,0.19,-0.46,5.49,13.123,131.23,1.8873437426992343,,,,Sand,,,Sand 2,2,3.13,9.01,0.5300000000000002,-5.35
-1.8499999999999996,5.51,12.23,0.1663,1.31,0.5,0.2,-0.46,5.51,12.23,122.3,1.9234874888826505,,,,Sand,,,Sand 2,2,3.13,9.01,0.5300000000000002,-5.35
-1.87,5.53,11.444,0.163,1.33,0.5,0.2,-0.46,5.53,11.444,114.44,1.9488585687235807,,,,Sand,,,Sand 2,2,3.13,9.01,0.5300000000000002,-5.35
-1.8899999999999997,5.55,11.418,0.1636,1.36,0.5,0.2,-0.46,5.55,11.418,114.18,1.9562641629734918,,,,Sand,,,Sand 2,2,3.13,9.01,0.5300000000000002,-5.35
-1.9100000000000001,5.57,11.807,0.155,1.32,0.51,0.2,-0.47,5.57,11.807,118.07,1.9367891639743062,,,,Sand,,,Sand 2,2,3.13,9.01,0.5300000000000002,-5.35
-1.9299999999999997,5.59,12.044,0.144,1.25,0.5,0.2,-0.46,5.59,12.044,120.44,1.9142126057975815,,,,Sand,,,Sand 2,2,3.13,9.01,0.5300000000000002,-5.35
-1.9500000000000002,5.61,11.877,0.1474,1.3,0.5,0.2,-0.46,5.61,11.877,118.77,1.930349217783886,,,,Sand,,,Sand 2,2,3.13,9.01,0.5300000000000002,-5.35
-1.9699999999999998,5.63,11.334,0.1462,1.3,0.59,0.2,-0.55,5.63,11.334,113.34,1.9450901696556628,,,,Sand,,,Sand 2,2,3.13,9.01,0.5300000000000002,-5.35
-1.9900000000000002,5.65,10.572,0.1355,1.2,0.5,0.2,-0.46,5.65,10.572,105.72,1.9437935703366267,,,,Sand,,,Sand 2,2,3.13,9.01,0.5300000000000002,-5.35
-2.01,5.67,10.6,0.1242,1.09,0.5,0.2,-0.46,5.67,10.6,106.0,1.9152708791869613,,,,Sand,,,Sand 2,2,3.13,9.01,0.5300000000000002,-5.35
-2.0300000000000002,5.69,10.628,0.1124,0.93,0.5,0.2,-0.46,5.69,10.628,106.28,1.8698459452064424,,,,Sand,,,Sand 2,2,3.13,9.01,0.5300000000000002,-5.35
-2.05,5.71,11.741,0.1114,0.87,0.5,0.2,-0.46,5.71,11.741,117.41,1.818051357256201,,,,Sand,,,Sand 2,2,3.13,9.01,0.5300000000000002,-5.35
-2.0700000000000003,5.73,13.249,0.118,0.86,0.51,0.2,-0.47,5.73,13.249,132.49,1.7746766098634343,,,,Sand,,,Sand 2,2,3.13,9.01,0.5300000000000002,-5.35
-2.09,5.75,16.14,0.1264,0.86,0.5,0.2,-0.46,5.75,16.14,161.4,1.710483607795114,,,,Sand,,,Sand 2,2,3.13,9.01,0.5300000000000002,-5.35
-2.1099999999999994,5.77,16.927,0.1357,0.87,0.5,0.2,-0.46,5.77,16.927,169.27,1.6987078995464453,,,,Sand,,,Sand 2,2,3.13,9.01,0.5300000000000002,-5.35
-2.13,5.79,17.216,0.1392,0.85,0.5,0.2,-0.46,5.79,17.216,172.16,1.6864421331731323,,,,Sand,,,Sand 2,2,3.13,9.01,0.5300000000000002,-5.35
-2.1499999999999995,5.81,17.206,0.1455,0.86,0.5,0.2,-0.46,5.81,17.206,172.06,1.6900925233129287,,,,Sand,,,Sand 2,2,3.13,9.01,0.5300000000000002,-5.35
-2.17,5.83,17.013,0.1498,0.89,0.5,0.2,-0.46,5.83,17.013,170.13,1.703859430961044,,,,Sand,,,Sand 2,2,3.13,9.01,0.5300000000000002,-5.35
-2.1899999999999995,5.85,16.99,0.1495,0.89,0.5,0.2,-0.46,5.85,16.99,169.9,1.7042867849752115,,,,Sand,,,Sand 2,2,3.13,9.01,0.5300000000000002,-5.35
-2.21,5.87,16.803,0.1676,1.01,0.5,0.2,-0.46,5.87,16.803,168.03,1.745859323009538,,,,Sand,,,Sand 2,2,3.13,9.01,0.5300000000000002,-5.35
-2.2299999999999995,5.89,16.364,0.1544,0.95,0.5,0.2,-0.46,5.89,16.364,163.64,1.7356138672432466,,,,Sand,,,Sand 2,2,3.13,9.01,0.5300000000000002,-5.35
-2.25,5.91,15.941,0.1278,0.8,0.5,0.2,-0.46,5.91,15.941,159.41,1.693472149167962,,,,Sand,,,Sand 2,2,3.13,9.01,0.5300000000000002,-5.35
-2.2699999999999996,5.93,15.541,0.1327,0.86,0.5,0.2,-0.46,5.93,15.541,155.41,1.7226383028692283,,,,Sand,,,Sand 2,2,3.13,9.01,0.5300000000000002,-5.35
-2.29,5.95,15.255,0.137,0.92,0.5,0.2,-0.46,5.95,15.255,152.55,1.7483311346703625,,,,Sand,,,Sand 2,2,3.13,9.01,0.5300000000000002,-5.35
-2.3099999999999996,5.97,14.572,0.1365,0.95,0.5,0.2,-0.46,5.97,14.572,145.72,1.7724090987236067,,,,Sand,,,Sand 2,2,3.13,9.01,0.5300000000000002,-5.35
-2.33,5.99,13.759,0.1398,1.01,0.48,0.2,-0.44,5.99,13.759,137.59,1.8087630434352195,,,,Sand,,,Sand 2,2,3.13,9.01,0.5300000000000002,-5.35
-2.3499999999999996,6.01,12.946,0.1451,1.09,0.42,0.2,-0.37,6.01,12.946,129.46,1.8506531601646043,,,,Sand,,,Sand 2,2,3.13,9.01,0.5300000000000002,-5.35
-2.37,6.03,12.517,0.1417,1.09,0.5,0.2,-0.46,6.03,12.517,125.17,1.861417995869629,,,,Sand,,,Sand 2,2,3.13,9.01,0.5300000000000002,-5.35
-2.3899999999999997,6.05,12.2,0.1358,1.07,0.5,0.2,-0.46,6.05,12.2,122.0,1.8642478220755354,,,,Sand,,,Sand 2,2,3.13,9.01,0.5300000000000002,-5.35
-2.41,6.07,12.177,0.1306,1.05,0.5,0.2,-0.46,6.07,12.177,121.77,1.8593761105096498,,,,Sand,,,Sand 2,2,3.13,9.01,0.5300000000000002,-5.35
-2.4299999999999997,6.09,12.507,0.1275,1.03,0.42,0.2,-0.37,6.09,12.507,125.07,1.8451547622344913,,,,Sand,,,Sand 2,2,3.13,9.01,0.5300000000000002,-5.35
-2.45,6.11,12.61,0.1255,1.01,0.42,0.2,-0.37,6.11,12.61,126.1,1.836818989568537,,,,Sand,,,Sand 2,2,3.13,9.01,0.5300000000000002,-5.35
-2.4699999999999998,6.13,12.493,0.1225,0.99,0.42,0.2,-0.37,6.13,12.493,124.93,1.834070110283156,,,,Sand,,,Sand 2,2,3.13,9.01,0.5300000000000002,-5.35
-2.49,6.15,12.457,0.1172,0.96,0.42,0.2,-0.37,6.15,12.457,124.57,1.8261829759129031,,,,Sand,,,Sand 2,2,3.13,9.01,0.5300000000000002,-5.35
-2.51,6.17,12.257,0.1128,0.94,0.41,0.2,-0.36,6.17,12.257,122.57,1.825490709990147,,,,Sand,,,Sand 2,2,3.13,9.01,0.5300000000000002,-5.35
-2.5300000000000002,6.19,11.911,0.1131,0.97,0.5,0.2,-0.46,6.19,11.911,119.11,1.8438216754873769,,,,Sand,,,Sand 2,2,3.13,9.01,0.5300000000000002,-5.35
-2.55,6.21,11.361,0.1136,1.01,0.42,0.2,-0.37,6.21,11.361,113.61,1.8708311349436473,,,,Sand,,,Sand 2,2,3.13,9.01,0.5300000000000002,-5.35
-2.5700000000000003,6.23,10.775,0.1167,1.08,0.42,0.2,-0.37,6.23,10.775,107.75,1.9072795261884372,,,,Sand,,,Sand 2,2,3.13,9.01,0.5300000000000002,-5.35
-2.59,6.25,10.152,0.1118,1.08,0.41,0.2,-0.36,6.25,10.152,101.52,1.9268503584051067,,,,Sand,,,Sand 2,2,3.13,9.01,0.5300000000000002,-5.35
-2.6099999999999994,6.27,9.542,0.0965,0.96,0.41,0.2,-0.36,6.27,9.542,95.42,1.9148448499535846,,,,Sand,,,Sand 2,2,3.13,9.01,0.5300000000000002,-5.35
-2.63,6.29,9.356,0.0853,0.87,0.46,0.2,-0.41,6.29,9.356,93.56,1.8950502490294492,,,,Sand,,,Sand 2,2,3.13,9.01,0.5300000000000002,-5.35
-2.6499999999999995,6.31,9.376,0.08,0.82,0.51,0.2,-0.47,6.31,9.376,93.76,1.8786923980629635,,,,Sand,,,Sand 2,2,3.13,9.01,0.5300000000000002,-5.35
-2.67,6.33,9.702,0.0772,0.78,0.5,0.2,-0.46,6.33,9.702,97.02,1.8537677570016577,,,,Sand,,,Sand 2,2,3.13,9.01,0.5300000000000002,-5.35
-2.6899999999999995,6.35,9.945,0.0739,0.73,0.41,0.2,-0.36,6.35,9.945,99.45,1.827986893051736,,,,Sand,,,Sand 2,2,3.13,9.01,0.5300000000000002,-5.35
-2.71,6.37,10.508,0.0723,0.7,0.42,0.2,-0.37,6.37,10.508,105.08,1.7979232351539451,,,,Sand,,,Sand 2,2,3.13,9.01,0.5300000000000002,-5.35
-2.7299999999999995,6.39,10.701,0.0702,0.66,0.42,0.2,-0.37,6.39,10.701,107.01,1.7764880401487448,,,,Sand,,,Sand 2,2,3.13,9.01,0.5300000000000002,-5.35
-2.75,6.41,10.941,0.0688,0.63,0.41,0.2,-0.36,6.41,10.941,109.41,1.7568872967267053,,,,Sand,,,Sand 2,2,3.13,9.01,0.5300000000000002,-5.35
-2.7699999999999996,6.43,11.218,0.0707,0.64,0.42,0.2,-0.37,6.43,11.218,112.18,1.7520517997034113,,,,Sand,,,Sand 2,2,3.13,9.01,0.5300000000000002,-5.35
-2.79,6.45,11.484,0.074,0.66,0.42,0.2,-0.37,6.45,11.484,114.84,1.7517102569260996,,,,Sand,,,Sand 2,2,3.13,9.01,0.5300000000000002,-5.35
-2.8099999999999996,6.47,11.488,0.0777,0.69,0.41,0.2,-0.36,6.47,11.488,114.88,1.7631143391302297,,,,Sand,,,Sand 2,2,3.13,9.01,0.5300000000000002,-5.35
-2.83,6.49,11.324,0.0777,0.69,0.42,0.2,-0.37,6.49,11.324,113.24,1.7681113628593563,,,,Sand,,,Sand 2,2,3.13,9.01,0.5300000000000002,-5.35
-2.8499999999999996,6.51,11.164,0.0758,0.67,0.5,0.2,-0.46,6.51,11.164,111.64,1.765465642542272,,,,Sand,,,Sand 2,2,3.13,9.01,0.5300000000000002,-5.35
-2.87,6.53,11.124,0.0753,0.67,0.41,0.2,-0.36,6.53,11.124,111.24,1.7667216219226702,,,,Sand,,,Sand 2,2,3.13,9.01,0.5300000000000002,-5.35
-2.8899999999999997,6.55,11.131,0.0752,0.67,0.42,0.2,-0.37,6.55,11.131,111.31,1.766501464964585,,,,Sand,,,Sand 2,2,3.13,9.01,0.5300000000000002,-5.35
-2.91,6.57,11.208,0.0763,0.67,0.42,0.2,-0.37,6.57,11.208,112.08,1.7640898073072806,,,,Sand,,,Sand 2,2,3.13,9.01,0.5300000000000002,-5.35
-2.9299999999999997,6.59,11.388,0.0773,0.67,0.42,0.2,-0.37,6.59,11.388,113.88,1.758523039512873,,,,Sand,,,Sand 2,2,3.13,9.01,0.5300000000000002,-5.35
-2.95,6.61,11.847,0.078,0.67,0.42,0.2,-0.37,6.61,11.847,118.47,1.7447584433483754,,,,Sand,,,Sand 2,2,3.13,9.01,0.5300000000000002,-5.35
-2.9699999999999998,6.63,11.767,0.0779,0.67,0.41,0.2,-0.36,6.63,11.767,117.67,1.7471144285371798,,,,Sand,,,Sand 2,2,3.13,9.01,0.5300000000000002,-5.35
-2.99,6.65,11.921,0.0782,0.67,0.42,0.2,-0.37,6.65,11.921,119.21,1.7425948515188103,,,,Sand,,,Sand 2,2,3.13,9.01,0.5300000000000002,-5.35
-3.01,6.67,11.917,0.0798,0.69,0.41,0.2,-0.36,6.67,11.917,119.17,1.750409094449119,,,,Sand,,,Sand 2,2,3.13,9.01,0.5300000000000002,-5.35
-3.0300000000000002,6.69,11.714,0.0804,0.7,0.42,0.2,-0.37,6.69,11.714,117.14,1.760130931539135,,,,Sand,,,Sand 2,2,3.13,9.01,0.5300000000000002,-5.35
-3.05,6.71,11.354,0.0812,0.72,0.34,0.2,-0.27,6.71,11.354,113.54,1.7783275771488343,,,,Sand,,,Sand 2,2,3.13,9.01,0.5300000000000002,-5.35
-3.0700000000000003,6.73,10.918,0.082,0.75,0.41,0.2,-0.36,6.73,10.918,109.18,1.8026018366189054,,,,Sand,,,Sand 2,2,3.13,9.01,0.5300000000000002,-5.35
-3.09,6.75,10.562,0.0804,0.75,0.51,0.2,-0.47,6.75,10.562,105.62,1.814058800363762,,,,Sand,,,Sand 2,2,3.13,9.01,0.5300000000000002,-5.35
-3.1099999999999994,6.77,10.298,0.0777,0.73,0.51,0.2,-0.47,6.77,10.298,102.98,1.8158076897553754,,,,Sand,,,Sand 2,2,3.13,9.01,0.5300000000000002,-5.35
-3.13,6.79,10.169,0.077,0.73,0.41,0.2,-0.36,6.79,10.169,101.69,1.8202042041982942,,,,Sand,,,Sand 2,2,3.13,9.01,0.5300000000000002,-5.35
-3.1499999999999995,6.81,10.242,0.0774,0.73,0.41,0.2,-0.36,6.81,10.242,102.42,1.8177087320397098,,,,Sand,,,Sand 2,2,3.13,9.01,0.5300000000000002,-5.35
-3.17,6.83,10.572,0.0766,0.71,0.5,0.2,-0.46,6.83,10.572,105.72,1.799459914446685,,,,Sand,,,Sand 2,2,3.13,9.01,0.5300000000000002,-5.35
-3.1899999999999995,6.85,11.041,0.0773,0.71,0.46,0.2,-0.41,6.85,11.041,110.41,1.7843484659599604,,,,Sand,,,Sand 2,2,3.13,9.01,0.5300000000000002,-5.35
-3.21,6.87,11.331,0.0752,0.68,0.41,0.2,-0.36,6.87,11.331,113.31,1.7641064108723385,,,,Sand,,,Sand 2,2,3.13,9.01,0.5300000000000002,-5.35
-3.2299999999999995,6.89,11.478,0.0708,0.63,0.42,0.2,-0.37,6.89,11.478,114.78,1.7399805838280091,,,,Sand,,,Sand 2,2,3.13,9.01,0.5300000000000002,-5.35
-3.25,6.91,11.527,0.0715,0.62,0.42,0.2,-0.37,6.91,11.527,115.27,1.734416308709195,,,,Sand,,,Sand 2,2,3.13,9.01,0.5300000000000002,-5.35
-3.2699999999999996,6.93,11.644,0.0751,0.65,0.42,0.2,-0.37,6.93,11.644,116.44,1.7429397706903964,,,,Sand,,,Sand 2,2,3.13,9.01,0.5300000000000002,-5.35
-3.29,6.95,11.741,0.0785,0.68,0.42,0.2,-0.37,6.95,11.741,117.41,1.7517422332506396,,,,Sand,,,Sand 2,2,3.13,9.01,0.5300000000000002,-5.35
-3.3099999999999996,6.97,11.821,0.0808,0.7,0.42,0.2,-0.37,6.97,11.821,118.21,1.756988637179924,,,,Sand,,,Sand 2,2,3.13,9.01,0.5300000000000002,-5.35
-3.33,6.99,11.622,0.0823,0.71,0.42,0.2,-0.37,6.99,11.622,116.22,1.766587184599208,,,,Sand,,,Sand 2,2,3.13,9.01,0.5300000000000002,-5.35
-3.3499999999999996,7.01,11.424,0.0827,0.72,0.5,0.2,-0.46,7.01,11.424,114.24,1.7762045940273452,,,,Sand,,,Sand 2,2,3.13,9.01,0.5300000000000002,-5.35
-3.37,7.03,11.318,0.0823,0.73,0.42,0.2,-0.37,7.03,11.318,113.18,1.7830582467651477,,,,Sand,,,Sand 2,2,3.13,9.01,0.5300000000000002,-5.35
-3.3899999999999997,7.05,11.111,0.0821,0.74,0.41,0.2,-0.36,7.05,11.111,111.11,1.793015570444411,,,,Sand,,,Sand 2,2,3.13,9.01,0.5300000000000002,-5.35
-3.41,7.07,10.878,0.0812,0.75,0.42,0.2,-0.37,7.07,10.878,108.78,1.8038682833831408,,,,Sand,,,Sand 2,2,3.13,9.01,0.5300000000000002,-5.35
-3.4299999999999997,7.09,10.642,0.0788,0.73,0.41,0.2,-0.36,7.09,10.642,106.42,1.8043753232233426,,,,Sand,,,Sand 2,2,3.13,9.01,0.5300000000000002,-5.35
-3.45,7.11,10.458,0.0778,0.73,0.42,0.2,-0.37,7.11,10.458,104.58,1.8104385309997775,,,,Sand,,,Sand 2,2,3.13,9.01,0.5300000000000002,-5.35
-3.4699999999999998,7.13,10.392,0.0774,0.73,0.42,0.2,-0.37,7.13,10.392,103.92,1.8126422191267262,,,,Sand,,,Sand 2,2,3.13,9.01,0.5300000000000002,-5.35
-3.49,7.15,10.438,0.0772,0.73,0.41,0.2,-0.36,7.15,10.438,104.38,1.811104685774172,,,,Sand,,,Sand 2,2,3.13,9.01,0.5300000000000002,-5.35
-3.51,7.17,10.542,0.0778,0.74,0.34,0.2,-0.27,7.17,10.542,105.42,1.811203342757964,,,,Sand,,,Sand 2,2,3.13,9.01,0.5300000000000002,-5.35
-3.5300000000000002,7.19,10.608,0.0777,0.73,0.42,0.2,-0.37,7.19,10.608,106.08,1.8054869076319588,,,,Sand,,,Sand 2,2,3.13,9.01,0.5300000000000002,-5.35
-3.55,7.21,10.721,0.0782,0.73,0.42,0.2,-0.37,7.21,10.721,107.21,1.8018076540265093,,,,Sand,,,Sand 2,2,3.13,9.01,0.5300000000000002,-5.35
-3.5700000000000003,7.23,10.785,0.0799,0.75,0.42,0.2,-0.37,7.23,10.785,107.85,1.806832890291966,,,,Sand,,,Sand 2,2,3.13,9.01,0.5300000000000002,-5.35
-3.59,7.25,10.801,0.0816,0.76,0.42,0.2,-0.37,7.25,10.801,108.01,1.809813896981731,,,,Sand,,,Sand 2,2,3.13,9.01,0.5300000000000002,-5.35
-3.6099999999999994,7.27,10.695,0.082,0.77,0.41,0.2,-0.36,7.27,10.695,106.95,1.816667752767634,,,,Sand,,,Sand 2,2,3.13,9.01,0.5300000000000002,-5.35
-3.63,7.29,10.602,0.0816,0.76,0.34,0.2,-0.27,7.29,10.602,106.02,1.8162309802598398,,,,Sand,,,Sand 2,2,3.13,9.01,0.5300000000000002,-5.35
-3.6499999999999995,7.31,10.632,0.0812,0.76,0.42,0.2,-0.37,7.31,10.632,106.32,1.815255055285719,,,,Sand,,,Sand 2,2,3.13,9.01,0.5300000000000002,-5.35
-3.67,7.33,10.678,0.0791,0.74,0.34,0.2,-0.27,7.33,10.678,106.78,1.8067587166074965,,,,Sand,,,Sand 2,2,3.13,9.01,0.5300000000000002,-5.35
-3.6899999999999995,7.35,10.698,0.0776,0.73,0.33,0.2,-0.26,7.35,10.698,106.98,1.8025530328357593,,,,Sand,,,Sand 2,2,3.13,9.01,0.5300000000000002,-5.35
-3.71,7.37,10.682,0.0776,0.73,0.36,0.2,-0.3,7.37,10.682,106.82,1.8030726060683189,,,,Sand,,,Sand 2,2,3.13,9.01,0.5300000000000002,-5.35
-3.7299999999999995,7.39,10.635,0.0767,0.72,0.41,0.2,-0.36,7.39,10.635,106.35,1.8010141499730306,,,,Sand,,,Sand 2,2,3.13,9.01,0.5300000000000002,-5.35
-3.75,7.41,10.562,0.0783,0.74,0.42,0.2,-0.37,7.41,10.562,105.62,1.810545746415783,,,,Sand,,,Sand 2,2,3.13,9.01,0.5300000000000002,-5.35
-3.7699999999999996,7.43,10.532,0.0789,0.74,0.33,0.2,-0.26,7.43,10.532,105.32,1.8115326597606003,,,,Sand,,,Sand 2,2,3.13,9.01,0.5300000000000002,-5.35
-3.79,7.45,10.595,0.0773,0.73,0.34,0.2,-0.27,7.45,10.595,105.95,1.8059129691176725,,,,Sand,,,Sand 2,2,3.13,9.01,0.5300000000000002,-5.35
-3.8099999999999996,7.47,10.701,0.0776,0.73,0.33,0.2,-0.26,7.47,10.701,107.01,1.8024557087843285,,,,Sand,,,Sand 2,2,3.13,9.01,0.5300000000000002,-5.35
-3.83,7.49,10.818,0.0781,0.73,0.34,0.2,-0.27,7.49,10.818,108.18,1.7986834970648038,,,,Sand,,,Sand 2,2,3.13,9.01,0.5300000000000002,-5.35
-3.8499999999999996,7.51,10.838,0.0789,0.74,0.34,0.2,-0.27,7.51,10.838,108.38,1.8016094723588054,,,,Sand,,,Sand 2,2,3.13,9.01,0.5300000000000002,-5.35
-3.87,7.53,10.695,0.079,0.74,0.34,0.2,-0.27,7.53,10.695,106.95,1.8062075568220781,,,,Sand,,,Sand 2,2,3.13,9.01,0.5300000000000002,-5.35
-3.8899999999999997,7.55,10.558,0.079,0.74,0.34,0.2,-0.27,7.55,10.558,105.58,1.810677155185707,,,,Sand,,,Sand 2,2,3.13,9.01,0.5300000000000002,-5.35
-3.91,7.57,10.478,0.0786,0.75,0.41,0.2,-0.36,7.57,10.478,104.78,1.8168246765056113,,,,Sand,,,Sand 2,2,3.13,9.01,0.5300000000000002,-5.35
-3.9299999999999997,7.59,10.462,0.0778,0.75,0.34,0.2,-0.27,7.59,10.462,104.62,1.8173542977416144,,,,Sand,,,Sand 2,2,3.13,9.01,0.5300000000000002,-5.35
-3.95,7.61,10.418,0.0769,0.74,0.34,0.2,-0.27,7.61,10.418,104.18,1.8153115502246255,,,,Sand,,,Sand 2,2,3.13,9.01,0.5300000000000002,-5.35
-3.9699999999999998,7.63,10.322,0.0779,0.76,0.34,0.2,-0.27,7.63,10.322,103.22,1.8254901467084161,,,,Sand,,,Sand 2,2,3.13,9.01,0.5300000000000002,-5.35
-3.99,7.65,10.149,0.0787,0.78,0.33,0.19,-0.27,7.65,10.149,101.49,1.8381543191836762,,,,Sand,,,Sand 2,2,3.13,9.01,0.5300000000000002,-5.35
-4.01,7.67,9.915,0.0765,0.78,0.34,0.2,-0.27,7.67,9.915,99.15,1.8462306347684805,,,,Sand,,,Sand 2,2,3.13,9.01,0.5300000000000002,-5.35
-4.03,7.69,9.632,0.0748,0.78,0.34,0.2,-0.27,7.69,9.632,96.32,1.8562847640512155,,,,Sand,,,Sand 2,2,3.13,9.01,0.5300000000000002,-5.35
-4.05,7.71,9.366,0.0729,0.77,0.34,0.2,-0.27,7.71,9.366,93.66,1.862702788946072,,,,Sand,,,Sand 2,2,3.13,9.01,0.5300000000000002,-5.35
-4.07,7.73,9.173,0.0715,0.77,0.34,0.2,-0.27,7.73,9.173,91.73,1.8699849260347348,,,,Sand,,,Sand 2,2,3.13,9.01,0.5300000000000002,-5.35
-4.09,7.75,8.963,0.0714,0.78,0.34,0.2,-0.27,7.75,8.963,89.63,1.8814096043555442,,,,Sand,,,Sand 2,2,3.13,9.01,0.5300000000000002,-5.35
-4.109999999999999,7.77,8.88,0.071,0.79,0.34,0.2,-0.27,7.77,8.88,88.8,1.8879399931928469,,,,Sand,,,Sand 2,2,3.13,9.01,0.5300000000000002,-5.35
-4.13,7.79,8.86,0.0701,0.78,0.34,0.2,-0.27,7.79,8.86,88.6,1.8854608127935242,,,,Sand,,,Sand 2,2,3.13,9.01,0.5300000000000002,-5.35
-4.1499999999999995,7.81,8.903,0.0684,0.76,0.34,0.2,-0.27,7.81,8.903,89.03,1.8771255165375367,,,,Sand,,,Sand 2,2,3.13,9.01,0.5300000000000002,-5.35
-4.17,7.83,9.006,0.0673,0.75,0.34,0.2,-0.27,7.83,9.006,90.06,1.8697065554517323,,,,Sand,,,Sand 2,2,3.13,9.01,0.5300000000000002,-5.35
-4.1899999999999995,7.85,9.096,0.0676,0.75,0.34,0.2,-0.27,7.85,9.096,90.96,1.8662079541063314,,,,Sand,,,Sand 2,2,3.13,9.01,0.5300000000000002,-5.35
-4.21,7.87,9.186,0.0678,0.75,0.3,0.19,-0.23,7.87,9.186,91.86,1.8627471898106607,,,,Sand,,,Sand 2,2,3.13,9.01,0.5300000000000002,-5.35
-4.2299999999999995,7.89,9.253,0.064,0.71,0.34,0.2,-0.27,7.89,9.253,92.53,1.846282909670663,,,,Sand,,,Sand 2,2,3.13,9.01,0.5300000000000002,-5.35
-4.25,7.91,9.229,0.0604,0.68,0.34,0.2,-0.27,7.91,9.229,92.29,1.8363917204182774,,,,Sand,,,Sand 2,2,3.13,9.01,0.5300000000000002,-5.35
-4.27,7.93,9.006,0.0611,0.7,0.27,0.2,-0.18,7.93,9.006,90.06,1.8523167298711003,,,,Sand,,,Sand 2,2,3.13,9.01,0.5300000000000002,-5.35
-4.29,7.95,8.583,0.0631,0.74,0.34,0.2,-0.27,7.95,8.583,85.83,1.883303086555985,,,,Sand,,,Sand 2,2,3.13,9.01,0.5300000000000002,-5.35
-4.31,7.97,8.17,0.0645,0.78,0.27,0.2,-0.18,7.97,8.17,81.7,1.914007974509875,,,,Sand,,,Sand 2,2,3.13,9.01,0.5300000000000002,-5.35
-4.33,7.99,7.85,0.0645,0.81,0.34,0.2,-0.27,7.99,7.85,78.5,1.93765684167124,,,,Sand,,,Sand 2,2,3.13,9.01,0.5300000000000002,-5.35
-4.35,8.01,7.377,0.0645,0.84,0.34,0.2,-0.27,8.01,7.377,73.77,1.9687976718702354,,,,Sand,,,Sand 2,2,3.13,9.01,0.5300000000000002,-5.35
-4.369999999999999,8.03,7.354,0.0644,0.86,0.34,0.2,-0.27,8.03,7.354,73.54,1.975855044632104,,,,Sand,,,Sand 2,2,3.13,9.01,0.5300000000000002,-5.35
-4.390000000000001,8.05,7.224,0.0648,0.89,0.34,0.2,-0.27,8.05,7.224,72.24,1.9908566416102234,,,,Sand,,,Sand 2,2,3.13,9.01,0.5300000000000002,-5.35
-4.41,8.07,7.154,0.0651,0.9,0.34,0.2,-0.27,8.07,7.154,71.54,1.99712984348976,,,,Sand,,,Sand 2,2,3.13,9.01,0.5300000000000002,-5.35
-4.43,8.09,7.138,0.0651,0.9,0.34,0.2,-0.27,8.09,7.138,71.38,1.997916480063916,,,,Sand,,,Sand 2,2,3.13,9.01,0.5300000000000002,-5.35
-4.449999999999999,8.11,7.188,0.0649,0.89,0.34,0.2,-0.27,8.11,7.188,71.88,1.9926129861249484,,,,Sand,,,Sand 2,2,3.13,9.01,0.5300000000000002,-5.35
-4.470000000000001,8.13,7.268,0.0648,0.89,0.34,0.2,-0.27,8.13,7.268,72.68,1.9887229449141042,,,,Sand,,,Sand 2,2,3.13,9.01,0.5300000000000002,-5.35
-4.49,8.15,7.361,0.0651,0.88,0.34,0.2,-0.27,8.15,7.361,73.61,1.9813711060985928,,,,Sand,,,Sand 2,2,3.13,9.01,0.5300000000000002,-5.35
-4.51,8.17,7.454,0.0656,0.88,0.34,0.2,-0.27,8.17,7.454,74.54,1.9769622049948203,,,,Sand,,,Sand 2,2,3.13,9.01,0.5300000000000002,-5.35
-4.529999999999999,8.19,7.541,0.0659,0.88,0.34,0.2,-0.27,8.19,7.541,75.41,1.9728919059028374,,,,Sand,,,Sand 2,2,3.13,9.01,0.5300000000000002,-5.35
-4.550000000000001,8.21,7.591,0.066,0.88,0.34,0.2,-0.27,8.21,7.591,75.91,1.9705758524857593,,,,Sand,,,Sand 2,2,3.13,9.01,0.5300000000000002,-5.35
-4.57,8.23,7.567,0.0667,0.89,0.34,0.2,-0.27,8.23,7.567,75.67,1.9745877220252075,,,,Sand,,,Sand 2,2,3.13,9.01,0.5300000000000002,-5.35
-4.59,8.25,7.487,0.0675,0.91,0.34,0.2,-0.27,8.25,7.487,74.87,1.9840292579049832,,,,Sand,,,Sand 2,2,3.13,9.01,0.5300000000000002,-5.35
-4.609999999999999,8.27,7.387,0.0648,0.88,0.33,0.19,-0.27,8.27,7.387,73.87,1.980132400520594,,,,Sand,,,Sand 2,2,3.13,9.01,0.5300000000000002,-5.35
-4.629999999999999,8.29,7.291,0.0653,0.9,0.34,0.2,-0.27,8.29,7.291,72.91,1.99047199994703,,,,Sand,,,Sand 2,2,3.13,9.01,0.5300000000000002,-5.35
-4.65,8.31,7.178,0.0689,0.96,0.33,0.19,-0.27,8.31,7.178,71.78,2.012570736223546,,,,Sand,,,Sand 2,2,3.13,9.01,0.5300000000000002,-5.35
-4.67,8.33,7.074,0.0641,0.89,0.34,0.2,-0.27,8.33,7.074,70.74,1.9982388045670938,,,,Sand,,,Sand 2,2,3.13,9.01,0.5300000000000002,-5.35
-4.6899999999999995,8.35,7.008,0.0631,0.88,0.27,0.2,-0.18,8.35,7.008,70.08,1.998678174172771,,,,Sand,,,Sand 2,2,3.13,9.01,0.5300000000000002,-5.35
-4.709999999999999,8.37,7.028,0.0674,0.92,0.34,0.2,-0.27,8.37,7.028,70.28,2.0089870031471904,,,,Sand,,,Sand 2,2,3.13,9.01,0.5300000000000002,-5.35
-4.73,8.39,7.291,0.0682,0.91,0.34,0.2,-0.27,8.39,7.291,72.91,1.993306779300474,,,,Sand,,,Sand 2,2,3.13,9.01,0.5300000000000002,-5.35
-4.75,8.41,7.554,0.0692,0.89,0.27,0.2,-0.18,8.41,7.554,75.54,1.975189487891764,,,,Sand,,,Sand 2,2,3.13,9.01,0.5300000000000002,-5.35
-4.77,8.43,8.064,0.0706,0.87,0.27,0.2,-0.18,8.43,8.064,80.64,1.946499210509777,,,,Sand,,,Sand 2,2,3.13,9.01,0.5300000000000002,-5.35
-4.789999999999999,8.45,8.653,0.0704,0.83,0.34,0.2,-0.27,8.45,8.653,86.53,1.909732131669506,,,,Sand,,,Sand 2,2,3.13,9.01,0.5300000000000002,-5.35
-4.8100000000000005,8.47,8.906,0.0696,0.78,0.27,0.2,-0.18,8.47,8.906,89.06,1.883645169877015,,,,Sand,,,Sand 2,2,3.13,9.01,0.5300000000000002,-5.35
-4.83,8.49,9.403,0.0698,0.75,0.34,0.2,-0.27,8.49,9.403,94.03,1.8545539980977346,,,,Sand,,,Sand 2,2,3.13,9.01,0.5300000000000002,-5.35
-4.85,8.51,9.726,0.0699,0.73,0.27,0.2,-0.18,8.51,9.726,97.26,1.8357851893488264,,,,Sand,,,Sand 2,2,3.13,9.01,0.5300000000000002,-5.35
-4.869999999999999,8.53,9.972,0.0702,0.71,0.34,0.2,-0.27,8.53,9.972,99.72,1.8199110031157513,,,,Sand,,,Sand 2,2,3.13,9.01,0.5300000000000002,-5.35
-4.890000000000001,8.55,10.225,0.071,0.71,0.42,0.2,-0.37,8.55,10.225,102.25,1.8111260801921523,,,,Sand,,,Sand 2,2,3.13,9.01,0.5300000000000002,-5.35
-4.91,8.57,10.352,0.0723,0.71,0.27,0.2,-0.18,8.57,10.352,103.52,1.806806255251063,,,,Sand,,,Sand 2,2,3.13,9.01,0.5300000000000002,-5.35
-4.93,8.59,10.335,0.0723,0.71,0.27,0.2,-0.18,8.59,10.335,103.35,1.807381095821686,,,,Sand,,,Sand 2,2,3.13,9.01,0.5300000000000002,-5.35
-4.949999999999999,8.61,10.282,0.0719,0.7,0.27,0.2,-0.19,8.61,10.282,102.82,1.8055391329548798,,,,Sand,,,Sand 2,2,3.13,9.01,0.5300000000000002,-5.35
-4.970000000000001,8.63,10.308,0.0727,0.71,0.27,0.2,-0.18,8.63,10.308,103.08,1.8082962284239015,,,,Sand,,,Sand 2,2,3.13,9.01,0.5300000000000002,-5.35
-4.99,8.65,10.328,0.0743,0.73,0.27,0.2,-0.18,8.65,10.328,103.28,1.8147939717561876,,,,Sand,,,Sand 2,2,3.13,9.01,0.5300000000000002,-5.35
-5.01,8.67,10.185,0.0762,0.74,0.21,0.19,-0.08,8.67,10.185,101.85,1.8231795521317977,,,,Sand,,,Sand 2,2,3.13,9.01,0.5300000000000002,-5.35
-5.029999999999999,8.69,10.085,0.0769,0.75,0.27,0.2,-0.18,8.69,10.085,100.85,1.830099868681256,,,,Sand,,,Sand 2,2,3.13,9.01,0.5300000000000002,-5.35
-5.050000000000001,8.71,10.112,0.0766,0.75,0.27,0.2,-0.19,8.71,10.112,101.12,1.8291696500272787,,,,Sand,,,Sand 2,2,3.13,9.01,0.5300000000000002,-5.35
-5.07,8.73,10.378,0.0759,0.74,0.22,0.2,-0.08,8.73,10.378,103.78,1.8166483452821671,,,,Sand,,,Sand 2,2,3.13,9.01,0.5300000000000002,-5.35
-5.09,8.75,10.432,0.0762,0.75,0.27,0.2,-0.19,8.75,10.432,104.32,1.8183497623000358,,,,Sand,,,Sand 2,2,3.13,9.01,0.5300000000000002,-5.35
-5.109999999999999,8.77,10.239,0.0769,0.76,0.27,0.2,-0.18,8.77,10.239,102.39,1.8282884361400684,,,,Sand,,,Sand 2,2,3.13,9.01,0.5300000000000002,-5.35
-5.129999999999999,8.79,9.972,0.0769,0.77,0.22,0.2,-0.08,8.79,9.972,99.72,1.8408702655141629,,,,Sand,,,Sand 2,2,3.13,9.01,0.5300000000000002,-5.35
-5.15,8.81,9.839,0.0772,0.79,0.27,0.2,-0.18,8.81,9.839,98.39,1.8522322154811204,,,,Sand,,,Sand 2,2,3.13,9.01,0.5300000000000002,-5.35
-5.17,8.83,9.716,0.0767,0.8,0.27,0.2,-0.18,8.83,9.716,97.16,1.8598855914687442,,,,Sand,,,Sand 2,2,3.13,9.01,0.5300000000000002,-5.35
-5.1899999999999995,8.85,9.442,0.0747,0.81,0.27,0.2,-0.18,8.85,9.442,94.42,1.8730488764589919,,,,Sand,,,Sand 2,2,3.13,9.01,0.5300000000000002,-5.35
-5.209999999999999,8.87,9.053,0.0781,0.87,0.22,0.2,-0.08,8.87,9.053,90.53,1.9063792313178194,,,,Sand,,,Sand 2,2,3.13,9.01,0.5300000000000002,-5.35
-5.23,8.89,8.56,0.0734,0.85,0.27,0.2,-0.18,8.89,8.56,85.6,1.9196746576168173,,,,Sand,,,Sand 2,2,3.13,9.01,0.5300000000000002,-5.35
-5.25,8.91,8.16,0.0624,0.75,0.27,0.2,-0.19,8.91,8.16,81.6,1.9045967373450983,,,,Sand,,,Sand 2,2,3.13,9.01,0.5300000000000002,-5.35
-5.27,8.93,7.904,0.0595,0.74,0.22,0.2,-0.08,8.93,7.904,79.04,1.912613659318543,,,,Sand,,,Sand 2,2,3.13,9.01,0.5300000000000002,-5.35
-5.289999999999999,8.95,7.784,0.0574,0.75,0.22,0.2,-0.08,8.95,7.784,77.84,1.9213952438870852,,,,Sand,,,Sand 2,2,3.13,9.01,0.5300000000000002,-5.35
-5.3100000000000005,8.97,7.637,0.0559,0.77,0.27,0.2,-0.18,8.97,7.637,76.37,1.9347185308156245,,,,Sand,,,Sand 2,2,3.13,9.01,0.5300000000000002,-5.35
-5.33,8.99,7.121,0.0548,0.79,0.27,0.2,-0.18,8.99,7.121,71.21,1.9660274611258275,,,,Sand,,,Sand 2,2,3.13,9.01,0.5300000000000002,-5.35
-5.35,9.01,6.348,0.0537,0.82,0.22,0.2,-0.08,9.01,6.348,63.48,2.0163416126236133,,,,Sand,,,Sand mixtures 3,3,9.01,10.99,-5.35,-7.33
-5.369999999999999,9.03,6.069,0.0544,0.9,0.22,0.2,-0.08,9.03,6.069,60.69,2.0553392086959077,,,,Sand mixtures,,,Sand mixtures 3,3,9.01,10.99,-5.35,-7.33
-5.390000000000001,9.05,5.572,0.0528,0.94,0.27,0.2,-0.18,9.05,5.572,55.72,2.0965905121482753,,,,Sand mixtures,,,Sand mixtures 3,3,9.01,10.99,-5.35,-7.33
-5.41,9.07,5.119,0.0488,0.95,0.27,0.2,-0.18,9.07,5.119,51.19,2.129556489662367,,,,Sand mixtures,,,Sand mixtures 3,3,9.01,10.99,-5.35,-7.33
-5.43,9.09,4.69,0.0457,0.96,0.27,0.2,-0.18,9.09,4.69,46.9,2.1636162459133597,,,,Sand mixtures,,,Sand mixtures 3,3,9.01,10.99,-5.35,-7.33
-5.449999999999999,9.11,4.317,0.0445,1.0,0.22,0.2,-0.08,9.11,4.317,43.17,2.2033966766275226,,,,Sand mixtures,,,Sand mixtures 3,3,9.01,10.99,-5.35,-7.33
-5.470000000000001,9.13,4.014,0.0426,1.04,0.22,0.2,-0.08,9.13,4.014,40.14000000000001,2.239148258426203,,,,Sand mixtures,,,Sand mixtures 3,3,9.01,10.99,-5.35,-7.33
-5.49,9.15,3.71,0.0384,1.0,0.21,0.19,-0.08,9.15,3.71,37.1,2.2584905435825933,,,,Sand mixtures,,,Sand mixtures 3,3,9.01,10.99,-5.35,-7.33
-5.51,9.17,3.571,0.0371,1.03,0.22,0.2,-0.08,9.17,3.571,35.71,2.279382017377203,,,,Sand mixtures,,,Sand mixtures 3,3,9.01,10.99,-5.35,-7.33
-5.529999999999999,9.19,3.371,0.0362,1.06,0.22,0.2,-0.08,9.19,3.371,33.71,2.3071817790264664,,,,Sand mixtures,,,Sand mixtures 3,3,9.01,10.99,-5.35,-7.33
-5.550000000000001,9.21,3.178,0.0333,1.02,0.22,0.2,-0.08,9.21,3.178,31.78,2.3198872135073194,,,,Sand mixtures,,,Sand mixtures 3,3,9.01,10.99,-5.35,-7.33
-5.57,9.23,3.068,0.0311,0.99,0.22,0.2,-0.08,9.23,3.068,30.68,2.32607644075554,,,,Sand mixtures,,,Sand mixtures 3,3,9.01,10.99,-5.35,-7.33
-5.59,9.25,3.004,0.0302,1.01,0.22,0.2,-0.08,9.25,3.004,30.04,2.3384230587874417,,,,Sand mixtures,,,Sand mixtures 3,3,9.01,10.99,-5.35,-7.33
-5.609999999999999,9.27,2.911,0.0286,0.99,0.22,0.2,-0.08,9.27,2.911,29.11,2.3455565650619077,,,,Sand mixtures,,,Sand mixtures 3,3,9.01,10.99,-5.35,-7.33
-5.629999999999999,9.29,2.765,0.0267,0.96,0.22,0.2,-0.08,9.29,2.765,27.65,2.357854266187377,,,,Sand mixtures,,,Sand mixtures 3,3,9.01,10.99,-5.35,-7.33
-5.65,9.31,2.661,0.0258,0.96,0.22,0.2,-0.08,9.31,2.661,26.61,2.372192568678401,,,,Sand mixtures,,,Sand mixtures 3,3,9.01,10.99,-5.35,-7.33
-5.67,9.33,2.601,0.0252,0.96,0.22,0.2,-0.08,9.33,2.601,26.01,2.3807360815445686,,,,Sand mixtures,,,Sand mixtures 3,3,9.01,10.99,-5.35,-7.33
-5.6899999999999995,9.35,2.521,0.0245,0.97,0.22,0.2,-0.08,9.35,2.521,25.21,2.394721050846423,,,,Sand mixtures,,,Sand mixtures 3,3,9.01,10.99,-5.35,-7.33
-5.709999999999999,9.37,2.441,0.0241,0.97,0.22,0.2,-0.08,9.37,2.441,24.41,2.406828197430265,,,,Sand mixtures,,,Sand mixtures 3,3,9.01,10.99,-5.35,-7.33
-5.73,9.39,2.415,0.0236,0.97,0.22,0.2,-0.08,9.39,2.415,24.15,2.4108531485005886,,,,Sand mixtures,,,Sand mixtures 3,3,9.01,10.99,-5.35,-7.33
-5.75,9.41,2.388,0.0228,0.95,0.22,0.2,-0.08,9.41,2.388,23.88,2.4105730087849806,,,,Sand mixtures,,,Sand mixtures 3,3,9.01,10.99,-5.35,-7.33
-5.77,9.43,2.381,0.0227,0.95,0.22,0.2,-0.09,9.43,2.381,23.81,2.41167951092011,,,,Sand mixtures,,,Sand mixtures 3,3,9.01,10.99,-5.35,-7.33
-5.789999999999999,9.45,2.378,0.023,0.97,0.21,0.19,-0.08,9.45,2.378,23.78,2.416660264604992,,,,Sand mixtures,,,Sand mixtures 3,3,9.01,10.99,-5.35,-7.33
-5.8100000000000005,9.47,2.371,0.0224,0.95,0.22,0.2,-0.08,9.47,2.371,23.71,2.413266174333524,,,,Sand mixtures,,,Sand mixtures 3,3,9.01,10.99,-5.35,-7.33
-5.83,9.49,2.345,0.0221,0.95,0.22,0.2,-0.08,9.49,2.345,23.45,2.4174246415259293,,,,Sand mixtures,,,Sand mixtures 3,3,9.01,10.99,-5.35,-7.33
-5.85,9.51,2.315,0.0224,0.96,0.22,0.2,-0.08,9.51,2.315,23.15,2.42453534289757,,,,Sand mixtures,,,Sand mixtures 3,3,9.01,10.99,-5.35,-7.33
-5.869999999999999,9.53,2.292,0.0224,0.97,0.22,0.2,-0.09,9.53,2.292,22.92,2.4305333564006975,,,,Sand mixtures,,,Sand mixtures 3,3,9.01,10.99,-5.35,-7.33
-5.890000000000001,9.55,2.278,0.0203,0.88,0.22,0.2,-0.08,9.55,2.278,22.78,2.4121461773095945,,,,Sand mixtures,,,Sand mixtures 3,3,9.01,10.99,-5.35,-7.33
-5.91,9.57,2.285,0.0205,0.88,0.22,0.2,-0.08,9.57,2.285,22.85,2.4109793345621724,,,,Sand mixtures,,,Sand mixtures 3,3,9.01,10.99,-5.35,-7.33
-5.93,9.59,2.315,0.0231,0.98,0.22,0.2,-0.08,9.59,2.315,23.15,2.428988290956215,,,,Sand mixtures,,,Sand mixtures 3,3,9.01,10.99,-5.35,-7.33
-5.949999999999999,9.61,2.345,0.0211,0.87,0.22,0.2,-0.08,9.61,2.345,23.45,2.3987256950272347,,,,Sand mixtures,,,Sand mixtures 3,3,9.01,10.99,-5.35,-7.33
-5.970000000000001,9.63,2.421,0.0213,0.85,0.22,0.2,-0.08,9.63,2.421,24.21,2.3817182044201703,,,,Sand mixtures,,,Sand mixtures 3,3,9.01,10.99,-5.35,-7.33
-5.99,9.65,2.571,0.0242,0.92,0.22,0.2,-0.08,9.65,2.571,25.71,2.3758226101337123,,,,Sand mixtures,,,Sand mixtures 3,3,9.01,10.99,-5.35,-7.33
-6.01,9.67,2.741,0.026,0.92,0.21,0.19,-0.08,9.67,2.741,27.41,2.351754091739509,,,,Sand mixtures,,,Sand mixtures 3,3,9.01,10.99,-5.35,-7.33
-6.029999999999999,9.69,2.888,0.0272,0.91,0.22,0.2,-0.08,9.69,2.888,28.88,2.3297721481021885,,,,Sand mixtures,,,Sand mixtures 3,3,9.01,10.99,-5.35,-7.33
-6.050000000000001,9.71,3.251,0.0281,0.88,0.22,0.2,-0.08,9.71,3.251,32.51,2.2780951344224256,,,,Sand mixtures,,,Sand mixtures 3,3,9.01,10.99,-5.35,-7.33
-6.07,9.73,3.504,0.03,0.89,0.22,0.2,-0.08,9.73,3.504,35.04,2.2527264375179286,,,,Sand mixtures,,,Sand mixtures 3,3,9.01,10.99,-5.35,-7.33
-6.09,9.75,3.637,0.033,0.93,0.22,0.2,-0.08,9.75,3.637,36.37,2.248944832909628,,,,Sand mixtures,,,Sand mixtures 3,3,9.01,10.99,-5.35,-7.33
-6.109999999999999,9.77,3.77,0.0353,0.95,0.22,0.2,-0.08,9.77,3.77,37.7,2.2406438620643256,,,,Sand mixtures,,,Sand mixtures 3,3,9.01,10.99,-5.35,-7.33
-6.129999999999999,9.79,3.9,0.0352,0.93,0.22,0.2,-0.08,9.79,3.9,39.0,2.223261102518537,,,,Sand mixtures,,,Sand mixtures 3,3,9.01,10.99,-5.35,-7.33
-6.15,9.81,3.96,0.0352,0.91,0.2,0.2,0.0,9.81,3.96,39.6,2.2126147250737,,,,Sand mixtures,,,Sand mixtures 3,3,9.01,10.99,-5.35,-7.33
-6.17,9.83,3.96,0.0357,0.93,0.22,0.2,-0.08,9.83,3.96,39.6,2.2176602615842578,,,,Sand mixtures,,,Sand mixtures 3,3,9.01,10.99,-5.35,-7.33
-6.1899999999999995,9.85,3.91,0.0361,0.94,0.22,0.2,-0.08,9.85,3.91,39.1,2.224808802009675,,,,Sand mixtures,,,Sand mixtures 3,3,9.01,10.99,-5.35,-7.33
-6.209999999999999,9.87,3.79,0.0363,0.96,0.22,0.2,-0.08,9.87,3.79,37.9,2.2411384954671325,,,,Sand mixtures,,,Sand mixtures 3,3,9.01,10.99,-5.35,-7.33
-6.23,9.89,3.697,0.0356,0.95,0.22,0.2,-0.08,9.89,3.697,36.97,2.2478252928889177,,,,Sand mixtures,,,Sand mixtures 3,3,9.01,10.99,-5.35,-7.33
-6.25,9.91,3.647,0.0337,0.91,0.22,0.2,-0.08,9.91,3.647,36.47,2.2429551346666354,,,,Sand mixtures,,,Sand mixtures 3,3,9.01,10.99,-5.35,-7.33
-6.27,9.93,3.617,0.0323,0.87,0.2,0.2,0.0,9.93,3.617,36.17,2.235821173785409,,,,Sand mixtures,,,Sand mixtures 3,3,9.01,10.99,-5.35,-7.33
-6.289999999999999,9.95,3.654,0.0322,0.87,0.22,0.2,-0.08,9.95,3.654,36.54,2.2320431733505,,,,Sand mixtures,,,Sand mixtures 3,3,9.01,10.99,-5.35,-7.33
-6.3100000000000005,9.97,3.727,0.0327,0.87,0.22,0.2,-0.08,9.97,3.727,37.27,2.224706958832401,,,,Sand mixtures,,,Sand mixtures 3,3,9.01,10.99,-5.35,-7.33
-6.33,9.99,3.834,0.0323,0.85,0.22,0.2,-0.08,9.99,3.834,38.34,2.208952746076311,,,,Sand mixtures,,,Sand mixtures 3,3,9.01,10.99,-5.35,-7.33
-6.35,10.01,3.85,0.032,0.83,0.22,0.2,-0.08,10.01,3.85,38.5,2.202041589651692,,,,Sand mixtures,,,Sand mixtures 3,3,9.01,10.99,-5.35,-7.33
-6.369999999999999,10.03,3.87,0.0317,0.81,0.2,0.2,0.0,10.03,3.87,38.7,2.1946504161354685,,,,Sand mixtures,,,Sand mixtures 3,3,9.01,10.99,-5.35,-7.33
-6.390000000000001,10.05,3.99,0.0312,0.78,0.22,0.2,-0.08,10.05,3.99,39.9,2.1748601614795553,,,,Sand mixtures,,,Sand mixtures 3,3,9.01,10.99,-5.35,-7.33
-6.41,10.07,4.047,0.0337,0.84,0.22,0.2,-0.08,10.07,4.047,40.47,2.186240559199907,,,,Sand mixtures,,,Sand mixtures 3,3,9.01,10.99,-5.35,-7.33
-6.43,10.09,4.11,0.0345,0.86,0.22,0.2,-0.08,10.09,4.11,41.1,2.1859071014432763,,,,Sand mixtures,,,Sand mixtures 3,3,9.01,10.99,-5.35,-7.33
-6.449999999999999,10.11,4.173,0.034,0.84,0.22,0.2,-0.08,10.11,4.173,41.73,2.174906035240561,,,,Sand mixtures,,,Sand mixtures 3,3,9.01,10.99,-5.35,-7.33
-6.470000000000001,10.13,4.13,0.0343,0.86,0.22,0.2,-0.08,10.13,4.13,41.3,2.1841171866172155,,,,Sand mixtures,,,Sand mixtures 3,3,9.01,10.99,-5.35,-7.33
-6.49,10.15,3.944,0.0331,0.85,0.22,0.2,-0.08,10.15,3.944,39.44,2.1984713657617094,,,,Sand mixtures,,,Sand mixtures 3,3,9.01,10.99,-5.35,-7.33
-6.51,10.17,3.834,0.0338,0.88,0.19,0.19,0.0,10.17,3.834,38.34,2.2168284239755396,,,,Sand mixtures,,,Sand mixtures 3,3,9.01,10.99,-5.35,-7.33
-6.529999999999999,10.19,3.667,0.0347,0.92,0.22,0.2,-0.08,10.19,3.667,36.67,2.243435875630658,,,,Sand mixtures,,,Sand mixtures 3,3,9.01,10.99,-5.35,-7.33
-6.550000000000001,10.21,3.597,0.0343,0.93,0.2,0.2,0.0,10.21,3.597,35.97,2.253023685313106,,,,Sand mixtures,,,Sand mixtures 3,3,9.01,10.99,-5.35,-7.33
-6.57,10.23,3.577,0.0354,0.97,0.22,0.2,-0.08,10.23,3.577,35.77,2.2647732052882668,,,,Sand mixtures,,,Sand mixtures 3,3,9.01,10.99,-5.35,-7.33
-6.59,10.25,3.607,0.0366,1.01,0.2,0.2,0.0,10.25,3.607,36.07,2.271117061524689,,,,Sand mixtures,,,Sand mixtures 3,3,9.01,10.99,-5.35,-7.33
-6.609999999999999,10.27,3.647,0.0364,1.0,0.2,0.2,0.0,10.27,3.647,36.47,2.2647536579771677,,,,Sand mixtures,,,Sand mixtures 3,3,9.01,10.99,-5.35,-7.33
-6.629999999999999,10.29,3.667,0.0363,0.99,0.2,0.2,0.0,10.29,3.667,36.67,2.2604025823378033,,,,Sand mixtures,,,Sand mixtures 3,3,9.01,10.99,-5.35,-7.33
-6.65,10.31,3.71,0.0361,0.98,0.22,0.2,-0.08,10.31,3.71,37.1,2.2537631068702493,,,,Sand mixtures,,,Sand mixtures 3,3,9.01,10.99,-5.35,-7.33
-6.67,10.33,3.734,0.0359,0.97,0.22,0.2,-0.08,10.33,3.734,37.34,2.249008749323582,,,,Sand mixtures,,,Sand mixtures 3,3,9.01,10.99,-5.35,-7.33
-6.6899999999999995,10.35,3.734,0.0356,0.97,0.22,0.2,-0.08,10.35,3.734,37.34,2.249008749323582,,,,Sand mixtures,,,Sand mixtures 3,3,9.01,10.99,-5.35,-7.33
-6.709999999999999,10.37,3.727,0.0345,0.94,0.22,0.2,-0.08,10.37,3.727,37.27,2.242407240114849,,,,Sand mixtures,,,Sand mixtures 3,3,9.01,10.99,-5.35,-7.33
-6.73,10.39,3.677,0.0333,0.92,0.2,0.2,0.0,10.39,3.677,36.77,2.242431299737317,,,,Sand mixtures,,,Sand mixtures 3,3,9.01,10.99,-5.35,-7.33
-6.75,10.41,3.587,0.0329,0.92,0.22,0.2,-0.08,10.41,3.587,35.87,2.251578894833812,,,,Sand mixtures,,,Sand mixtures 3,3,9.01,10.99,-5.35,-7.33
-6.77,10.43,3.514,0.0326,0.93,0.22,0.2,-0.08,10.43,3.514,35.14,2.2616433398647953,,,,Sand mixtures,,,Sand mixtures 3,3,9.01,10.99,-5.35,-7.33
-6.789999999999999,10.45,3.384,0.0323,0.94,0.2,0.2,0.0,10.45,3.384,33.84,2.2780176962850103,,,,Sand mixtures,,,Sand mixtures 3,3,9.01,10.99,-5.35,-7.33
-6.8100000000000005,10.47,3.334,0.0322,0.95,0.22,0.2,-0.08,10.47,3.334,33.34,2.2859319340269058,,,,Sand mixtures,,,Sand mixtures 3,3,9.01,10.99,-5.35,-7.33
-6.83,10.49,3.307,0.0321,0.96,0.22,0.2,-0.08,10.49,3.307,33.07,2.2913234336877104,,,,Sand mixtures,,,Sand mixtures 3,3,9.01,10.99,-5.35,-7.33
-6.85,10.51,3.304,0.0318,0.95,0.2,0.2,0.0,10.51,3.304,33.04,2.289276437100458,,,,Sand mixtures,,,Sand mixtures 3,3,9.01,10.99,-5.35,-7.33
-6.869999999999999,10.53,3.324,0.0323,0.97,0.2,0.2,0.0,10.53,3.324,33.24,2.2917946720110156,,,,Sand mixtures,,,Sand mixtures 3,3,9.01,10.99,-5.35,-7.33
-6.890000000000001,10.55,3.334,0.0333,1.0,0.22,0.2,-0.08,10.55,3.334,33.34,2.2976820868731767,,,,Sand mixtures,,,Sand mixtures 3,3,9.01,10.99,-5.35,-7.33
-6.91,10.57,3.341,0.0334,1.01,0.2,0.2,0.0,10.57,3.341,33.41,2.299208472143333,,,,Sand mixtures,,,Sand mixtures 3,3,9.01,10.99,-5.35,-7.33
-6.93,10.59,3.324,0.0335,1.01,0.2,0.2,0.0,10.59,3.324,33.24,2.3010840111423865,,,,Sand mixtures,,,Sand mixtures 3,3,9.01,10.99,-5.35,-7.33
-6.949999999999999,10.61,3.324,0.0334,1.0,0.22,0.2,-0.08,10.61,3.324,33.24,2.2987876805033816,,,,Sand mixtures,,,Sand mixtures 3,3,9.01,10.99,-5.35,-7.33
-6.970000000000001,10.63,3.334,0.0334,1.01,0.22,0.2,-0.08,10.63,3.334,33.34,2.299979521352069,,,,Sand mixtures,,,Sand mixtures 3,3,9.01,10.99,-5.35,-7.33
-6.99,10.65,3.324,0.0333,1.01,0.22,0.2,-0.08,10.65,3.324,33.24,2.3010840111423865,,,,Sand mixtures,,,Sand mixtures 3,3,9.01,10.99,-5.35,-7.33
-7.01,10.67,3.311,0.0331,1.01,0.22,0.2,-0.08,10.67,3.311,33.11,2.302525140586778,,,,Sand mixtures,,,Sand mixtures 3,3,9.01,10.99,-5.35,-7.33
-7.029999999999999,10.69,3.284,0.0332,1.01,0.22,0.2,-0.08,10.69,3.284,32.84,2.3055375695696734,,,,Sand mixtures,,,Sand mixtures 3,3,9.01,10.99,-5.35,-7.33
-7.050000000000001,10.71,3.261,0.0331,1.01,0.22,0.2,-0.08,10.71,3.261,32.61,2.308124546646975,,,,Sand mixtures,,,Sand mixtures 3,3,9.01,10.99,-5.35,-7.33
-7.07,10.73,3.254,0.0329,1.01,0.22,0.2,-0.08,10.73,3.254,32.54,2.3089157369481814,,,,Sand mixtures,,,Sand mixtures 3,3,9.01,10.99,-5.35,-7.33
-7.09,10.75,3.254,0.033,1.01,0.22,0.2,-0.08,10.75,3.254,32.54,2.3089157369481814,,,,Sand mixtures,,,Sand mixtures 3,3,9.01,10.99,-5.35,-7.33
-7.109999999999999,10.77,3.271,0.0327,1.0,0.22,0.2,-0.08,10.77,3.271,32.71,2.3047069606618926,,,,Sand mixtures,,,Sand mixtures 3,3,9.01,10.99,-5.35,-7.33
-7.129999999999999,10.79,3.294,0.0325,0.98,0.22,0.2,-0.08,10.79,3.294,32.94,2.2974881433004946,,,,Sand mixtures,,,Sand mixtures 3,3,9.01,10.99,-5.35,-7.33
-7.15,10.81,3.317,0.0329,0.99,0.22,0.2,-0.08,10.81,3.317,33.17,2.2972509969844452,,,,Sand mixtures,,,Sand mixtures 3,3,9.01,10.99,-5.35,-7.33
-7.17,10.83,3.341,0.0333,0.98,0.22,0.2,-0.09,10.83,3.341,33.41,2.2922620658450255,,,,Sand mixtures,,,Sand mixtures 3,3,9.01,10.99,-5.35,-7.33
-7.1899999999999995,10.85,3.384,0.0339,0.98,0.22,0.2,-0.08,10.85,3.384,33.84,2.287548722101823,,,,Sand mixtures,,,Sand mixtures 3,3,9.01,10.99,-5.35,-7.33
-7.209999999999999,10.87,3.474,0.0348,0.98,0.22,0.2,-0.08,10.87,3.474,34.74,2.2778863475950972,,,,Sand mixtures,,,Sand mixtures 3,3,9.01,10.99,-5.35,-7.33
-7.23,10.89,3.63,0.0352,0.96,0.21,0.2,-0.05,10.89,3.63,36.3,2.256969831184152,,,,Sand mixtures,,,Sand mixtures 3,3,9.01,10.99,-5.35,-7.33
-7.25,10.91,3.784,0.035,0.91,0.21,0.19,-0.08,10.91,3.784,37.84,2.2293468863919697,,,,Sand mixtures,,,Sand mixtures 3,3,9.01,10.99,-5.35,-7.33
-7.27,10.93,3.934,0.0339,0.83,0.22,0.2,-0.08,10.93,3.934,39.34,2.194024861876398,,,,Sand mixtures,,,Sand mixtures 3,3,9.01,10.99,-5.35,-7.33
-7.289999999999999,10.95,4.157,0.0344,0.77,0.22,0.2,-0.08,10.95,4.157,41.57,2.1566958808696084,,,,Sand mixtures,,,Sand mixtures 3,3,9.01,10.99,-5.35,-7.33
-7.3100000000000005,10.97,4.53,0.0348,0.72,0.22,0.2,-0.08,10.97,4.53,45.3,2.109712075286083,,,,Sand mixtures,,,Sand mixtures 3,3,9.01,10.99,-5.35,-7.33
-7.33,10.99,5.173,0.0371,0.7,0.22,0.2,-0.08,10.99,5.173,51.73,2.053989853184987,,,,Sand mixtures,,,Sand 3,3,10.99,11.85,-7.33,-8.19
-7.35,11.01,5.939,0.0431,0.75,0.23,0.2,-0.12,11.01,5.939,59.39,2.0190462236966655,,,,Sand,,,Sand 3,3,10.99,11.85,-7.33,-8.19
-7.369999999999999,11.03,6.188,0.0445,0.71,0.21,0.19,-0.08,11.03,6.188,61.88,1.9911774979278392,,,,Sand,,,Sand 3,3,10.99,11.85,-7.33,-8.19
-7.390000000000001,11.05,7.074,0.0451,0.66,0.27,0.2,-0.18,11.05,7.074,70.74,1.925132963293345,,,,Sand,,,Sand 3,3,10.99,11.85,-7.33,-8.19
-7.41,11.07,7.437,0.0497,0.68,0.22,0.2,-0.09,11.07,7.437,74.37,1.9139759832242418,,,,Sand,,,Sand 3,3,10.99,11.85,-7.33,-8.19
-7.43,11.09,7.874,0.0548,0.72,0.26,0.19,-0.18,11.09,7.874,78.74,1.9072247360870245,,,,Sand,,,Sand 3,3,10.99,11.85,-7.33,-8.19
-7.449999999999999,11.11,8.034,0.0586,0.73,0.22,0.2,-0.08,11.11,8.034,80.34,1.9034250193161475,,,,Sand,,,Sand 3,3,10.99,11.85,-7.33,-8.19
-7.470000000000001,11.13,8.343,0.0592,0.72,0.22,0.2,-0.08,11.13,8.343,83.43,1.8865439568388214,,,,Sand,,,Sand 3,3,10.99,11.85,-7.33,-8.19
-7.49,11.15,8.646,0.0573,0.68,0.27,0.2,-0.18,11.15,8.646,86.46,1.8596856042389618,,,,Sand,,,Sand 3,3,10.99,11.85,-7.33,-8.19
-7.51,11.17,8.703,0.0554,0.64,0.22,0.2,-0.08,11.17,8.703,87.03,1.8425412774207153,,,,Sand,,,Sand 3,3,10.99,11.85,-7.33,-8.19
-7.529999999999999,11.19,8.76,0.0557,0.63,0.22,0.2,-0.08,11.19,8.76,87.6,1.836382003133799,,,,Sand,,,Sand 3,3,10.99,11.85,-7.33,-8.19
-7.550000000000001,11.21,8.92,0.0551,0.61,0.22,0.2,-0.08,11.21,8.92,89.2,1.8220809677338923,,,,Sand,,,Sand 3,3,10.99,11.85,-7.33,-8.19
-7.57,11.23,9.199,0.0555,0.6,0.22,0.2,-0.08,11.23,9.199,91.99,1.8069652021887588,,,,Sand,,,Sand 3,3,10.99,11.85,-7.33,-8.19
-7.59,11.25,9.482,0.0586,0.63,0.22,0.2,-0.08,11.25,9.482,94.82,1.8078724822661258,,,,Sand,,,Sand 3,3,10.99,11.85,-7.33,-8.19
-7.609999999999999,11.27,9.639,0.0594,0.64,0.22,0.2,-0.08,11.27,9.639,96.39,1.8058644175746863,,,,Sand,,,Sand 3,3,10.99,11.85,-7.33,-8.19
-7.629999999999999,11.29,9.602,0.0613,0.66,0.22,0.2,-0.08,11.29,9.602,96.02,1.814860683548383,,,,Sand,,,Sand 3,3,10.99,11.85,-7.33,-8.19
-7.65,11.31,9.386,0.0642,0.7,0.22,0.2,-0.08,11.31,9.386,93.86,1.837661105411026,,,,Sand,,,Sand 3,3,10.99,11.85,-7.33,-8.19
-7.67,11.33,9.116,0.0659,0.73,0.22,0.2,-0.08,11.33,9.116,91.16,1.8585691866853957,,,,Sand,,,Sand 3,3,10.99,11.85,-7.33,-8.19
-7.6899999999999995,11.35,8.75,0.0679,0.77,0.22,0.2,-0.08,11.35,8.75,87.5,1.8865527066375292,,,,Sand,,,Sand 3,3,10.99,11.85,-7.33,-8.19
-7.709999999999999,11.37,8.433,0.069,0.79,0.24,0.2,-0.13,11.37,8.433,84.33,1.906064424330048,,,,Sand,,,Sand 3,3,10.99,11.85,-7.33,-8.19
-7.73,11.39,8.343,0.072,0.84,0.22,0.2,-0.09,11.39,8.343,83.43,1.9255591078251888,,,,Sand,,,Sand 3,3,10.99,11.85,-7.33,-8.19
-7.75,11.41,8.39,0.0754,0.9,0.21,0.19,-0.08,11.41,8.39,83.9,1.941570896144323,,,,Sand,,,Sand 3,3,10.99,11.85,-7.33,-8.19
-7.77,11.43,8.443,0.0762,0.91,0.22,0.2,-0.09,11.43,8.443,84.43,1.9423029543123136,,,,Sand,,,Sand 3,3,10.99,11.85,-7.33,-8.19
-7.789999999999999,11.45,8.437,0.0787,0.95,0.21,0.19,-0.08,11.45,8.437,84.37,1.9539440049258143,,,,Sand,,,Sand 3,3,10.99,11.85,-7.33,-8.19
-7.8100000000000005,11.47,8.22,0.0808,0.98,0.22,0.2,-0.08,11.47,8.22,82.2,1.971165206246962,,,,Sand,,,Sand 3,3,10.99,11.85,-7.33,-8.19
-7.83,11.49,8.11,0.0792,0.97,0.22,0.2,-0.08,11.49,8.11,81.1,1.9730569966961495,,,,Sand,,,Sand 3,3,10.99,11.85,-7.33,-8.19
-7.85,11.51,7.97,0.0764,0.94,0.22,0.2,-0.08,11.51,7.97,79.7,1.9707554573190775,,,,Sand,,,Sand 3,3,10.99,11.85,-7.33,-8.19
-7.869999999999999,11.53,8.054,0.0755,0.93,0.21,0.19,-0.08,11.53,8.054,80.54,1.96431956547035,,,,Sand,,,Sand 3,3,10.99,11.85,-7.33,-8.19
-7.890000000000001,11.55,8.14,0.0747,0.92,0.2,0.2,0.0,11.55,8.14,81.4,1.9578063915511843,,,,Sand,,,Sand 3,3,10.99,11.85,-7.33,-8.19
-7.91,11.57,8.213,0.0731,0.89,0.22,0.2,-0.09,11.57,8.213,82.13,1.9460338041330472,,,,Sand,,,Sand 3,3,10.99,11.85,-7.33,-8.19
-7.93,11.59,8.39,0.0701,0.86,0.22,0.2,-0.08,11.59,8.39,83.9,1.9296939518234757,,,,Sand,,,Sand 3,3,10.99,11.85,-7.33,-8.19
-7.949999999999999,11.61,8.287,0.066,0.81,0.21,0.19,-0.08,11.61,8.287,82.87,1.9185800103047197,,,,Sand,,,Sand 3,3,10.99,11.85,-7.33,-8.19
-7.970000000000001,11.63,8.137,0.063,0.78,0.22,0.2,-0.08,11.63,8.137,81.37,1.9154388413667316,,,,Sand,,,Sand 3,3,10.99,11.85,-7.33,-8.19
-7.99,11.65,7.987,0.062,0.77,0.22,0.2,-0.08,11.65,7.987,79.87,1.9187867619217718,,,,Sand,,,Sand 3,3,10.99,11.85,-7.33,-8.19
-8.01,11.67,7.85,0.0637,0.8,0.22,0.2,-0.09,11.67,7.85,78.5,1.9345197639526412,,,,Sand,,,Sand 3,3,10.99,11.85,-7.33,-8.19
-8.03,11.69,7.761,0.0657,0.83,0.27,0.2,-0.18,11.69,7.761,77.61,1.947860115010501,,,,Sand,,,Sand 3,3,10.99,11.85,-7.33,-8.19
-8.05,11.71,7.757,0.0674,0.86,0.21,0.19,-0.08,11.71,7.757,77.57,1.9570984611725213,,,,Sand,,,Sand 3,3,10.99,11.85,-7.33,-8.19
-8.07,11.73,7.83,0.0731,0.93,0.26,0.19,-0.18,11.73,7.83,78.3,1.9740868019806364,,,,Sand,,,Sand 3,3,10.99,11.85,-7.33,-8.19
-8.09,11.75,7.914,0.074,0.94,0.26,0.19,-0.18,11.75,7.914,79.14,1.9731936203737976,,,,Sand,,,Sand 3,3,10.99,11.85,-7.33,-8.19
-8.11,11.77,7.964,0.0714,0.91,0.21,0.19,-0.09,11.77,7.964,79.64,1.9625207655666284,,,,Sand,,,Sand 3,3,10.99,11.85,-7.33,-8.19
-8.129999999999999,11.79,7.96,0.0779,1.01,0.21,0.19,-0.08,11.79,7.96,79.6,1.9902252704901098,,,,Sand,,,Sand 3,3,10.99,11.85,-7.33,-8.19
-8.15,11.81,7.864,0.082,1.08,0.27,0.2,-0.18,11.81,7.864,78.64,2.012379060893255,,,,Sand,,,Sand 3,3,10.99,11.85,-7.33,-8.19
-8.17,11.83,7.531,0.0761,1.04,0.22,0.2,-0.08,11.83,7.531,75.31,2.0170200715390867,,,,Sand,,,Sand 3,3,10.99,11.85,-7.33,-8.19
-8.19,11.85,7.161,0.0702,1.0,0.22,0.2,-0.08,11.85,7.161,71.61,2.024033111032709,,,,Sand,,,Sand mixtures 4,4,11.85,12.55,-8.19,-8.89
-8.209999999999999,11.87,6.855,0.0695,1.05,0.26,0.19,-0.18,11.87,6.855,68.55,2.0519460274966117,,,,Sand mixtures,,,Sand mixtures 4,4,11.85,12.55,-8.19,-8.89
-8.23,11.89,6.072,0.0667,1.08,0.27,0.2,-0.18,11.89,6.072,60.72,2.101409254025368,,,,Sand mixtures,,,Sand mixtures 4,4,11.85,12.55,-8.19,-8.89
-8.25,11.91,5.552,0.0545,0.95,0.22,0.2,-0.08,11.91,5.552,55.52,2.1004919684616183,,,,Sand mixtures,,,Sand mixtures 4,4,11.85,12.55,-8.19,-8.89
-8.27,11.93,5.146,0.0466,0.87,0.26,0.2,-0.17,11.93,5.146,51.46,2.106398211462962,,,,Sand mixtures,,,Sand mixtures 4,4,11.85,12.55,-8.19,-8.89
-8.29,11.95,4.923,0.047,0.94,0.27,0.2,-0.18,11.95,4.923,49.23,2.1410326554847283,,,,Sand mixtures,,,Sand mixtures 4,4,11.85,12.55,-8.19,-8.89
-8.31,11.97,4.58,0.0443,0.94,0.22,0.2,-0.08,11.97,4.58,45.8,2.1671460019374775,,,,Sand mixtures,,,Sand mixtures 4,4,11.85,12.55,-8.19,-8.89
-8.33,11.99,4.4,0.042,0.94,0.27,0.2,-0.18,11.99,4.4,44.0,2.1817032795664253,,,,Sand mixtures,,,Sand mixtures 4,4,11.85,12.55,-8.19,-8.89
-8.35,12.01,4.307,0.0405,0.94,0.27,0.2,-0.18,12.01,4.307,43.07,2.1894766444297344,,,,Sand mixtures,,,Sand mixtures 4,4,11.85,12.55,-8.19,-8.89
-8.37,12.03,4.117,0.0389,0.93,0.22,0.2,-0.08,12.03,4.117,41.17,2.203422764272725,,,,Sand mixtures,,,Sand mixtures 4,4,11.85,12.55,-8.19,-8.89
-8.39,12.05,3.984,0.0376,0.92,0.27,0.19,-0.19,12.05,3.984,39.84,2.2129300551241533,,,,Sand mixtures,,,Sand mixtures 4,4,11.85,12.55,-8.19,-8.89
-8.41,12.07,3.977,0.0354,0.88,0.27,0.2,-0.18,12.07,3.977,39.77,2.20331163954394,,,,Sand mixtures,,,Sand mixtures 4,4,11.85,12.55,-8.19,-8.89
-8.43,12.09,3.96,0.0344,0.87,0.21,0.19,-0.08,12.09,3.96,39.6,2.2022738735224876,,,,Sand mixtures,,,Sand mixtures 4,4,11.85,12.55,-8.19,-8.89
-8.45,12.11,3.927,0.0342,0.87,0.22,0.2,-0.08,12.11,3.927,39.27,2.2053644595249096,,,,Sand mixtures,,,Sand mixtures 4,4,11.85,12.55,-8.19,-8.89
-8.47,12.13,3.904,0.0337,0.86,0.22,0.2,-0.08,12.13,3.904,39.04,2.204901828115505,,,,Sand mixtures,,,Sand mixtures 4,4,11.85,12.55,-8.19,-8.89
-8.49,12.15,3.877,0.0331,0.85,0.22,0.2,-0.08,12.15,3.877,38.77,2.204817887631017,,,,Sand mixtures,,,Sand mixtures 4,4,11.85,12.55,-8.19,-8.89
-8.51,12.17,3.857,0.0321,0.83,0.27,0.2,-0.18,12.17,3.857,38.57,2.2013664673569084,,,,Sand mixtures,,,Sand mixtures 4,4,11.85,12.55,-8.19,-8.89
-8.53,12.19,3.85,0.032,0.83,0.26,0.19,-0.18,12.19,3.85,38.5,2.202041589651692,,,,Sand mixtures,,,Sand mixtures 4,4,11.85,12.55,-8.19,-8.89
-8.55,12.21,3.874,0.0322,0.83,0.27,0.2,-0.18,12.21,3.874,38.74,2.1997322859708515,,,,Sand mixtures,,,Sand mixtures 4,4,11.85,12.55,-8.19,-8.89
-8.57,12.23,3.88,0.0319,0.83,0.27,0.2,-0.18,12.23,3.88,38.8,2.199157333426143,,,,Sand mixtures,,,Sand mixtures 4,4,11.85,12.55,-8.19,-8.89
-8.59,12.25,3.867,0.0319,0.83,0.27,0.2,-0.18,12.25,3.867,38.67,2.2004042602459877,,,,Sand mixtures,,,Sand mixtures 4,4,11.85,12.55,-8.19,-8.89
-8.61,12.27,3.857,0.0325,0.84,0.26,0.19,-0.18,12.27,3.857,38.57,2.2040622739801634,,,,Sand mixtures,,,Sand mixtures 4,4,11.85,12.55,-8.19,-8.89
-8.629999999999999,12.29,3.844,0.0325,0.85,0.22,0.2,-0.08,12.29,3.844,38.44,2.207986769638356,,,,Sand mixtures,,,Sand mixtures 4,4,11.85,12.55,-8.19,-8.89
-8.65,12.31,3.82,0.0317,0.82,0.27,0.2,-0.18,12.31,3.82,38.2,2.2022349097036518,,,,Sand mixtures,,,Sand mixtures 4,4,11.85,12.55,-8.19,-8.89
-8.67,12.33,3.81,0.0319,0.82,0.27,0.2,-0.18,12.33,3.81,38.1,2.203210906695808,,,,Sand mixtures,,,Sand mixtures 4,4,11.85,12.55,-8.19,-8.89
-8.69,12.35,3.86,0.0327,0.83,0.22,0.2,-0.08,12.35,3.86,38.6,2.2010775273612517,,,,Sand mixtures,,,Sand mixtures 4,4,11.85,12.55,-8.19,-8.89
-8.709999999999999,12.37,3.977,0.0336,0.84,0.27,0.2,-0.18,12.37,3.977,39.77,2.192700930752321,,,,Sand mixtures,,,Sand mixtures 4,4,11.85,12.55,-8.19,-8.89
-8.73,12.39,4.097,0.0343,0.84,0.22,0.2,-0.08,12.39,4.097,40.97,2.1816983704405195,,,,Sand mixtures,,,Sand mixtures 4,4,11.85,12.55,-8.19,-8.89
-8.75,12.41,4.2,0.0343,0.82,0.22,0.2,-0.08,12.41,4.2,42.0,2.16703069550781,,,,Sand mixtures,,,Sand mixtures 4,4,11.85,12.55,-8.19,-8.89
-8.77,12.43,4.267,0.0349,0.81,0.26,0.19,-0.18,12.43,4.267,42.67,2.158385305535726,,,,Sand mixtures,,,Sand mixtures 4,4,11.85,12.55,-8.19,-8.89
-8.79,12.45,4.337,0.0367,0.82,0.26,0.19,-0.18,12.45,4.337,43.37,2.155163211021521,,,,Sand mixtures,,,Sand mixtures 4,4,11.85,12.55,-8.19,-8.89
-8.81,12.47,4.476,0.0386,0.83,0.22,0.2,-0.08,12.47,4.476,44.76,2.1463130734757057,,,,Sand mixtures,,,Sand mixtures 4,4,11.85,12.55,-8.19,-8.89
-8.83,12.49,4.71,0.0409,0.84,0.22,0.2,-0.08,12.49,4.71,47.1,2.1303776530761267,,,,Sand mixtures,,,Sand mixtures 4,4,11.85,12.55,-8.19,-8.89
-8.85,12.51,5.053,0.0436,0.84,0.22,0.2,-0.08,12.51,5.053,50.53,2.104690753119075,,,,Sand mixtures,,,Sand mixtures 4,4,11.85,12.55,-8.19,-8.89
-8.87,12.53,5.439,0.0478,0.85,0.27,0.2,-0.18,12.53,5.439,54.39,2.080766205541509,,,,Sand mixtures,,,Sand mixtures 4,4,11.85,12.55,-8.19,-8.89
-8.89,12.55,5.889,0.0533,0.86,0.22,0.2,-0.09,12.55,5.889,58.89,2.0549271011312507,,,,Sand mixtures,,,Sand 4,4,12.55,14.91,-8.89,-11.25
-8.91,12.57,6.492,0.0587,0.86,0.22,0.2,-0.08,12.57,6.492,64.92,2.020043483246631,,,,Sand,,,Sand 4,4,12.55,14.91,-8.89,-11.25
-8.93,12.59,7.258,0.063,0.83,0.27,0.2,-0.18,12.59,7.258,72.58,1.9715397394719845,,,,Sand,,,Sand 4,4,12.55,14.91,-8.89,-11.25
-8.95,12.61,8.483,0.0735,0.86,0.27,0.2,-0.18,12.61,8.483,84.83,1.925859916921439,,,,Sand,,,Sand 4,4,12.55,14.91,-8.89,-11.25
-8.97,12.63,9.146,0.0882,0.91,0.22,0.2,-0.08,12.63,9.146,91.46,1.9148164156330352,,,,Sand,,,Sand 4,4,12.55,14.91,-8.89,-11.25
-8.99,12.65,10.638,0.0977,0.89,0.22,0.2,-0.08,12.65,10.638,106.38,1.857451503456677,,,,Sand,,,Sand 4,4,12.55,14.91,-8.89,-11.25
-9.01,12.67,11.967,0.1046,0.83,0.27,0.2,-0.18,12.67,11.967,119.67,1.7986672428554809,,,,Sand,,,Sand 4,4,12.55,14.91,-8.89,-11.25
-9.03,12.69,13.882,0.1138,0.78,0.21,0.19,-0.08,12.69,13.882,138.82,1.7318019492012702,,,,Sand,,,Sand 4,4,12.55,14.91,-8.89,-11.25
-9.05,12.71,15.857,0.1285,0.76,0.27,0.2,-0.18,12.71,15.857,158.57,1.6805145662193328,,,,Sand,,,Sand 4,4,12.55,14.91,-8.89,-11.25
-9.07,12.73,18.355,0.1432,0.74,0.22,0.2,-0.08,12.73,18.355,183.55,1.625255122653317,,,,Sand,,,Sand 4,4,12.55,14.91,-8.89,-11.25
-9.09,12.75,22.509,0.1605,0.73,0.27,0.2,-0.18,12.75,22.509,225.09,1.556507655080149,,,,Sand,,,Sand 4,4,12.55,14.91,-8.89,-11.25
-9.11,12.77,25.326,0.1834,0.75,0.26,0.19,-0.18,12.77,25.326,253.26,1.5285415800046986,,,,Sand,,,Sand 4,4,12.55,14.91,-8.89,-11.25
-9.129999999999999,12.79,27.715,0.2056,0.76,0.27,0.2,-0.18,12.79,27.715,277.15,1.505690963214825,,,,Sand,,,Sand 4,4,12.55,14.91,-8.89,-11.25
-9.15,12.81,29.786,0.2259,0.76,0.22,0.2,-0.08,12.81,29.786,297.86,1.4845141603367338,,,,Sand,,,Sand 4,4,12.55,14.91,-8.89,-11.25
-9.17,12.83,32.264,0.2519,0.8,0.27,0.2,-0.18,12.83,32.264,322.64000000000004,1.4783077489449123,,,,Sand,,,Sand 4,4,12.55,14.91,-8.89,-11.25
-9.19,12.85,33.86,0.2777,0.83,0.27,0.2,-0.18,12.85,33.86,338.6,1.4770536636953897,,,,Sand,,,Sand 4,4,12.55,14.91,-8.89,-11.25
-9.209999999999999,12.87,35.725,0.2926,0.84,0.27,0.2,-0.18,12.87,35.725,357.25,1.4663952406407665,,,,Sand,,,Sand 4,4,12.55,14.91,-8.89,-11.25
-9.23,12.89,36.931,0.3174,0.87,0.27,0.2,-0.18,12.89,36.931,369.31,1.4694174976330634,,,,Sand,,,Sand 4,4,12.55,14.91,-8.89,-11.25
-9.25,12.91,37.993,0.344,0.91,0.27,0.2,-0.18,12.91,37.993,379.93,1.47741879867604,,,,Sand,,,Sand 4,4,12.55,14.91,-8.89,-11.25
-9.27,12.93,38.739,0.3407,0.88,0.22,0.2,-0.08,12.93,38.739,387.39,1.460712883501274,,,,Sand,,,Sand 4,4,12.55,14.91,-8.89,-11.25
-9.29,12.95,39.715,0.3298,0.83,0.27,0.2,-0.18,12.95,39.715,397.15,1.4339522471410615,,,,Sand,,,Sand 4,4,12.55,14.91,-8.89,-11.25
-9.31,12.97,40.398,0.3295,0.82,0.22,0.2,-0.08,12.97,40.398,403.98,1.4252747576858191,,,,Sand,,,Sand 4,4,12.55,14.91,-8.89,-11.25
-9.33,12.99,41.237,0.3462,0.85,0.27,0.2,-0.18,12.99,41.237,412.37,1.4323749760074327,,,,Sand,,,Sand 4,4,12.55,14.91,-8.89,-11.25
-9.35,13.01,41.763,0.3733,0.9,0.34,0.2,-0.27,13.01,41.763,417.63,1.4491377532249494,,,,Sand,,,Sand 4,4,12.55,14.91,-8.89,-11.25
-9.37,13.03,42.186,0.3875,0.93,0.27,0.2,-0.18,13.03,42.186,421.86,1.4581605668394362,,,,Sand,,,Sand 4,4,12.55,14.91,-8.89,-11.25
-9.39,13.05,42.08,0.3991,0.95,0.42,0.2,-0.37,13.05,42.08,420.8,1.4663320576536636,,,,Sand,,,Sand 4,4,12.55,14.91,-8.89,-11.25
-9.41,13.07,41.973,0.4133,0.97,0.27,0.2,-0.18,13.07,41.973,419.73,1.4743669218901354,,,,Sand,,,Sand 4,4,12.55,14.91,-8.89,-11.25
-9.43,13.09,42.726,0.4271,0.99,0.51,0.19,-0.47,13.09,42.726,427.26,1.477229314899123,,,,Sand,,,Sand 4,4,12.55,14.91,-8.89,-11.25
-9.45,13.11,43.445,0.439,1.01,0.5,0.19,-0.46,13.11,43.445,434.45,1.4802996318755355,,,,Sand,,,Sand 4,4,12.55,14.91,-8.89,-11.25
-9.47,13.13,43.828,0.4491,1.02,0.5,0.19,-0.46,13.13,43.828,438.28,1.4817063495847498,,,,Sand,,,Sand 4,4,12.55,14.91,-8.89,-11.25
-9.49,13.15,44.524,0.4542,1.02,0.5,0.19,-0.46,13.15,44.524,445.24,1.477892388812692,,,,Sand,,,Sand 4,4,12.55,14.91,-8.89,-11.25
-9.51,13.17,45.497,0.4578,1.01,0.5,0.19,-0.46,13.17,45.497,454.97,1.469127231684518,,,,Sand,,,Sand 4,4,12.55,14.91,-8.89,-11.25
-9.53,13.19,45.843,0.4632,1.01,0.49,0.19,-0.45,13.19,45.843,458.43,1.4673111931658438,,,,Sand,,,Sand 4,4,12.55,14.91,-8.89,-11.25
-9.55,13.21,46.619,0.469,1.01,0.49,0.19,-0.45,13.21,46.619,466.19,1.4633059030393711,,,,Sand,,,Sand 4,4,12.55,14.91,-8.89,-11.25
-9.57,13.23,47.306,0.4752,1.01,0.49,0.19,-0.45,13.23,47.306,473.06,1.4598359605340505,,,,Sand,,,Sand 4,4,12.55,14.91,-8.89,-11.25
-9.59,13.25,47.878,0.4791,1.01,0.49,0.19,-0.45,13.25,47.878,478.78,1.4569996445317472,,,,Sand,,,Sand 4,4,12.55,14.91,-8.89,-11.25
-9.61,13.27,48.075,0.4842,1.01,0.49,0.19,-0.45,13.27,48.075,480.75,1.4560336627934385,,,,Sand,,,Sand 4,4,12.55,14.91,-8.89,-11.25
-9.629999999999999,13.29,48.551,0.4895,1.01,0.48,0.19,-0.44,13.29,48.551,485.51,1.453722160589892,,,,Sand,,,Sand 4,4,12.55,14.91,-8.89,-11.25
-9.65,13.31,48.841,0.4943,1.02,0.48,0.19,-0.44,13.31,48.841,488.41,1.4559381736464512,,,,Sand,,,Sand 4,4,12.55,14.91,-8.89,-11.25
-9.67,13.33,48.644,0.4995,1.03,0.48,0.19,-0.44,13.33,48.644,486.44,1.4604556724887747,,,,Sand,,,Sand 4,4,12.55,14.91,-8.89,-11.25
-9.69,13.35,48.774,0.5017,1.03,0.48,0.19,-0.44,13.35,48.774,487.74,1.4598345938038673,,,,Sand,,,Sand 4,4,12.55,14.91,-8.89,-11.25
-9.709999999999999,13.37,48.854,0.5016,1.03,0.47,0.19,-0.43,13.37,48.854,488.54,1.4594535390157903,,,,Sand,,,Sand 4,4,12.55,14.91,-8.89,-11.25
-9.73,13.39,48.838,0.5046,1.04,0.47,0.19,-0.43,13.39,48.838,488.38,1.4630757832021462,,,,Sand,,,Sand 4,4,12.55,14.91,-8.89,-11.25
-9.75,13.41,48.928,0.5087,1.05,0.47,0.19,-0.43,13.41,48.928,489.28,1.4661655529106525,,,,Sand,,,Sand 4,4,12.55,14.91,-8.89,-11.25
-9.77,13.43,48.711,0.5106,1.05,0.47,0.19,-0.43,13.43,48.711,487.11,1.4671940281415627,,,,Sand,,,Sand 4,4,12.55,14.91,-8.89,-11.25
-9.79,13.45,48.511,0.5111,1.06,0.46,0.19,-0.42,13.45,48.511,485.11,1.4716294531300216,,,,Sand,,,Sand 4,4,12.55,14.91,-8.89,-11.25
-9.81,13.47,48.251,0.5115,1.07,0.46,0.19,-0.42,13.47,48.251,482.51,1.4763238584298188,,,,Sand,,,Sand 4,4,12.55,14.91,-8.89,-11.25
-9.83,13.49,47.642,0.51,1.08,0.46,0.19,-0.42,13.49,47.642,476.42,1.4826837070114525,,,,Sand,,,Sand 4,4,12.55,14.91,-8.89,-11.25
-9.85,13.51,46.833,0.5079,1.08,0.46,0.19,-0.42,13.51,46.833,468.33,1.4866701887052156,,,,Sand,,,Sand 4,4,12.55,14.91,-8.89,-11.25
-9.87,13.53,46.323,0.5053,1.09,0.46,0.19,-0.42,13.53,46.323,463.23,1.492603223009543,,,,Sand,,,Sand 4,4,12.55,14.91,-8.89,-11.25
-9.89,13.55,45.56,0.4967,1.09,0.45,0.19,-0.41,13.55,45.56,455.6,1.4965018491889104,,,,Sand,,,Sand 4,4,12.55,14.91,-8.89,-11.25
-9.91,13.57,44.941,0.4857,1.08,0.45,0.19,-0.41,13.57,44.941,449.41,1.4963769627396288,,,,Sand,,,Sand 4,4,12.55,14.91,-8.89,-11.25
-9.93,13.59,44.105,0.4788,1.08,0.45,0.19,-0.41,13.59,44.105,441.05,1.500846914098145,,,,Sand,,,Sand 4,4,12.55,14.91,-8.89,-11.25
-9.95,13.61,43.585,0.4694,1.07,0.45,0.19,-0.41,13.61,43.585,435.85,1.500320219123653,,,,Sand,,,Sand 4,4,12.55,14.91,-8.89,-11.25
-9.97,13.63,43.146,0.4578,1.05,0.45,0.19,-0.4,13.63,43.146,431.46,1.4959529335184967,,,,Sand,,,Sand 4,4,12.55,14.91,-8.89,-11.25
-9.99,13.65,43.179,0.4492,1.04,0.45,0.19,-0.4,13.65,43.179,431.79,1.4923207926075948,,,,Sand,,,Sand 4,4,12.55,14.91,-8.89,-11.25
-10.01,13.67,43.166,0.4444,1.03,0.45,0.19,-0.4,13.67,43.166,431.66,1.4889176693316326,,,,Sand,,,Sand 4,4,12.55,14.91,-8.89,-11.25
-10.03,13.69,43.242,0.4591,1.06,0.45,0.19,-0.4,13.69,43.242,432.42,1.4988328387470713,,,,Sand,,,Sand 4,4,12.55,14.91,-8.89,-11.25
-10.05,13.71,43.146,0.4608,1.07,0.44,0.19,-0.39,13.71,43.146,431.46,1.5027588386430595,,,,Sand,,,Sand 4,4,12.55,14.91,-8.89,-11.25
-10.07,13.73,43.132,0.4501,1.05,0.44,0.19,-0.39,13.73,43.132,431.32,1.4960316139940764,,,,Sand,,,Sand 4,4,12.55,14.91,-8.89,-11.25
-10.09,13.75,43.182,0.4541,1.06,0.44,0.19,-0.39,13.75,43.182,431.82,1.499168500233867,,,,Sand,,,Sand 4,4,12.55,14.91,-8.89,-11.25
-10.11,13.77,43.052,0.4555,1.08,0.44,0.19,-0.39,13.77,43.052,430.52,1.5066447027824148,,,,Sand,,,Sand 4,4,12.55,14.91,-8.89,-11.25
-10.129999999999999,13.79,42.589,0.4523,1.09,0.43,0.19,-0.38,13.79,42.589,425.89,1.512581299406649,,,,Sand,,,Sand 4,4,12.55,14.91,-8.89,-11.25
-10.15,13.81,40.877,0.4562,1.12,0.43,0.19,-0.38,13.81,40.877,408.77,1.5323095870946823,,,,Sand,,,Sand 4,4,12.55,14.91,-8.89,-11.25
-10.17,13.83,39.682,0.4511,1.13,0.43,0.19,-0.38,13.83,39.682,396.82,1.5427501157123147,,,,Sand,,,Sand 4,4,12.55,14.91,-8.89,-11.25
-10.19,13.85,38.533,0.4325,1.11,0.43,0.19,-0.38,13.85,38.533,385.33,1.5436300847212205,,,,Sand,,,Sand 4,4,12.55,14.91,-8.89,-11.25
-10.209999999999999,13.87,37.687,0.4169,1.1,0.43,0.19,-0.38,13.87,37.687,376.87,1.5459641069214665,,,,Sand,,,Sand 4,4,12.55,14.91,-8.89,-11.25
-10.23,13.89,36.747,0.4007,1.08,0.42,0.19,-0.37,13.89,36.747,367.47,1.5458636874925598,,,,Sand,,,Sand 4,4,12.55,14.91,-8.89,-11.25
-10.25,13.91,36.248,0.3882,1.08,0.42,0.19,-0.37,13.91,36.248,362.48,1.549346524801067,,,,Sand,,,Sand 4,4,12.55,14.91,-8.89,-11.25
-10.27,13.93,35.372,0.353,1.01,0.42,0.19,-0.37,13.93,35.372,353.72,1.5322633353500534,,,,Sand,,,Sand 4,4,12.55,14.91,-8.89,-11.25
-10.29,13.95,34.376,0.3119,0.91,0.42,0.19,-0.37,13.95,34.376,343.76,1.5040005630394033,,,,Sand,,,Sand 4,4,12.55,14.91,-8.89,-11.25
-10.31,13.97,33.32,0.2977,0.89,0.41,0.19,-0.37,13.97,33.32,333.2,1.504938808865882,,,,Sand,,,Sand 4,4,12.55,14.91,-8.89,-11.25
-10.33,13.99,32.121,0.2932,0.9,0.41,0.19,-0.37,13.99,32.121,321.21000000000004,1.5187563303336071,,,,Sand,,,Sand 4,4,12.55,14.91,-8.89,-11.25
-10.35,14.01,31.475,0.29,0.9,0.41,0.19,-0.37,14.01,31.475,314.75,1.5243674346954768,,,,Sand,,,Sand 4,4,12.55,14.91,-8.89,-11.25
-10.37,14.03,31.268,0.2885,0.9,0.41,0.19,-0.37,14.03,31.268,312.68,1.5261963437215817,,,,Sand,,,Sand 4,4,12.55,14.91,-8.89,-11.25
-10.39,14.05,31.315,0.2878,0.9,0.42,0.2,-0.37,14.05,31.315,313.15,1.5257797435512996,,,,Sand,,,Sand 4,4,12.55,14.91,-8.89,-11.25
-10.41,14.07,31.362,0.2865,0.89,0.42,0.2,-0.37,14.07,31.362,313.62,1.521631573252108,,,,Sand,,,Sand 4,4,12.55,14.91,-8.89,-11.25
-10.43,14.09,32.721,0.2855,0.87,0.42,0.2,-0.37,14.09,32.721,327.21,1.5022786634537941,,,,Sand,,,Sand 4,4,12.55,14.91,-8.89,-11.25
-10.45,14.11,33.49,0.2891,0.87,0.42,0.2,-0.37,14.11,33.49,334.9,1.4958844459191463,,,,Sand,,,Sand 4,4,12.55,14.91,-8.89,-11.25
-10.47,14.13,34.069,0.2964,0.88,0.42,0.2,-0.37,14.13,34.069,340.69,1.4950551208155893,,,,Sand,,,Sand 4,4,12.55,14.91,-8.89,-11.25
-10.49,14.15,34.426,0.305,0.9,0.42,0.2,-0.37,14.15,34.426,344.26,1.499848710583823,,,,Sand,,,Sand 4,4,12.55,14.91,-8.89,-11.25
-10.51,14.17,34.582,0.3145,0.93,0.42,0.2,-0.37,14.17,34.582,345.82,1.5098118569035837,,,,Sand,,,Sand 4,4,12.55,14.91,-8.89,-11.25
-10.53,14.19,34.529,0.3182,0.95,0.42,0.2,-0.37,14.19,34.529,345.29,1.5175054829959005,,,,Sand,,,Sand 4,4,12.55,14.91,-8.89,-11.25
-10.55,14.21,34.073,0.3152,0.97,0.42,0.2,-0.37,14.21,34.073,340.73,1.5281925031901968,,,,Sand,,,Sand 4,4,12.55,14.91,-8.89,-11.25
-10.57,14.23,32.844,0.3119,0.99,0.42,0.2,-0.37,14.23,32.844,328.44,1.5449967648517826,,,,Sand,,,Sand 4,4,12.55,14.91,-8.89,-11.25
-10.59,14.25,30.169,0.3058,1.02,0.42,0.2,-0.37,14.25,30.169,301.69,1.5781089832770787,,,,Sand,,,Sand 4,4,12.55,14.91,-8.89,-11.25
-10.61,14.27,27.781,0.2917,1.03,0.34,0.2,-0.27,14.27,27.781,277.81,1.604082618748715,,,,Sand,,,Sand 4,4,12.55,14.91,-8.89,-11.25
-10.629999999999999,14.29,25.816,0.275,1.03,0.42,0.2,-0.37,14.29,25.816,258.16,1.6246496889116455,,,,Sand,,,Sand 4,4,12.55,14.91,-8.89,-11.25
-10.65,14.31,24.45,0.2586,1.03,0.42,0.2,-0.37,14.31,24.45,244.5,1.6401244586484653,,,,Sand,,,Sand 4,4,12.55,14.91,-8.89,-11.25
-10.67,14.33,23.351,0.2402,1.01,0.41,0.2,-0.36,14.33,23.351,233.51,1.6470256929506635,,,,Sand,,,Sand 4,4,12.55,14.91,-8.89,-11.25
-10.69,14.35,22.532,0.2236,0.98,0.42,0.2,-0.37,14.35,22.532,225.32,1.6477879176805617,,,,Sand,,,Sand 4,4,12.55,14.91,-8.89,-11.25
-10.709999999999999,14.37,21.836,0.2074,0.95,0.42,0.2,-0.37,14.37,21.836,218.36,1.6472132056661084,,,,Sand,,,Sand 4,4,12.55,14.91,-8.89,-11.25
-10.73,14.39,20.973,0.1925,0.91,0.42,0.2,-0.37,14.39,20.973,209.73,1.6458499571660745,,,,Sand,,,Sand 4,4,12.55,14.91,-8.89,-11.25
-10.75,14.41,20.397,0.1791,0.87,0.5,0.2,-0.46,14.41,20.397,203.97,1.6404545951713927,,,,Sand,,,Sand 4,4,12.55,14.91,-8.89,-11.25
-10.77,14.43,19.927,0.1695,0.84,0.59,0.2,-0.55,14.43,19.927,199.27,1.6369426689062099,,,,Sand,,,Sand 4,4,12.55,14.91,-8.89,-11.25
-10.79,14.45,19.564,0.1647,0.83,0.68,0.2,-0.65,14.45,19.564,195.64,1.639042696666111,,,,Sand,,,Sand 4,4,12.55,14.91,-8.89,-11.25
-10.81,14.47,19.328,0.1575,0.81,0.68,0.2,-0.65,14.47,19.328,193.28,1.6355096616819824,,,,Sand,,,Sand 4,4,12.55,14.91,-8.89,-11.25
-10.83,14.49,19.188,0.1503,0.77,0.68,0.2,-0.65,14.49,19.188,191.88,1.6227199988675725,,,,Sand,,,Sand 4,4,12.55,14.91,-8.89,-11.25
-10.85,14.51,19.148,0.1454,0.75,0.41,0.2,-0.36,14.51,19.148,191.48,1.6156144164746986,,,,Sand,,,Sand 4,4,12.55,14.91,-8.89,-11.25
-10.87,14.53,19.228,0.1401,0.72,0.58,0.19,-0.55,14.53,19.228,192.28,1.6023100808173143,,,,Sand,,,Sand 4,4,12.55,14.91,-8.89,-11.25
-10.89,14.55,19.461,0.1362,0.69,0.42,0.2,-0.37,14.55,19.461,194.61,1.5860429797680364,,,,Sand,,,Sand 4,4,12.55,14.91,-8.89,-11.25
-10.91,14.57,19.884,0.1348,0.67,0.42,0.2,-0.37,14.57,19.884,198.84,1.570565486104791,,,,Sand,,,Sand 4,4,12.55,14.91,-8.89,-11.25
-10.93,14.59,20.39,0.1337,0.65,0.42,0.2,-0.37,14.59,20.39,203.9,1.5536609598466842,,,,Sand,,,Sand 4,4,12.55,14.91,-8.89,-11.25
-10.95,14.61,20.837,0.1339,0.64,0.42,0.2,-0.37,14.61,20.837,208.37,1.5421497186752837,,,,Sand,,,Sand 4,4,12.55,14.91,-8.89,-11.25
-10.97,14.63,21.32,0.1359,0.64,0.42,0.2,-0.37,14.63,21.32,213.2,1.534735154051087,,,,Sand,,,Sand 4,4,12.55,14.91,-8.89,-11.25
-10.99,14.65,21.876,0.1406,0.65,0.42,0.2,-0.37,14.65,21.876,218.76,1.5309743682154837,,,,Sand,,,Sand 4,4,12.55,14.91,-8.89,-11.25
-11.01,14.67,22.359,0.1442,0.65,0.34,0.2,-0.27,14.67,22.359,223.59,1.5239871981402948,,,,Sand,,,Sand 4,4,12.55,14.91,-8.89,-11.25
-11.03,14.69,22.579,0.1474,0.66,0.42,0.2,-0.37,14.69,22.579,225.79,1.5253743090627905,,,,Sand,,,Sand 4,4,12.55,14.91,-8.89,-11.25
-11.05,14.71,22.772,0.1515,0.67,0.42,0.2,-0.37,14.71,22.772,227.72,1.5271373998191902,,,,Sand,,,Sand 4,4,12.55,14.91,-8.89,-11.25
-11.07,14.73,22.902,0.1552,0.68,0.42,0.2,-0.37,14.73,22.902,229.02,1.529756861861492,,,,Sand,,,Sand 4,4,12.55,14.91,-8.89,-11.25
-11.09,14.75,23.005,0.1571,0.69,0.42,0.2,-0.37,14.75,23.005,230.05,1.5327163305814866,,,,Sand,,,Sand 4,4,12.55,14.91,-8.89,-11.25
-11.11,14.77,22.805,0.1602,0.71,0.42,0.2,-0.37,14.77,22.805,228.05,1.544043898436106,,,,Sand,,,Sand 4,4,12.55,14.91,-8.89,-11.25
-11.129999999999999,14.79,22.635,0.1659,0.74,0.42,0.2,-0.37,14.79,22.635,226.35,1.558890719407595,,,,Sand,,,Sand 4,4,12.55,14.91,-8.89,-11.25
-11.15,14.81,22.152,0.1683,0.75,0.42,0.2,-0.37,14.81,22.152,221.52,1.5696672322321428,,,,Sand,,,Sand 4,4,12.55,14.91,-8.89,-11.25
-11.17,14.83,22.002,0.1702,0.77,0.42,0.2,-0.37,14.83,22.002,220.02,1.5797668513892449,,,,Sand,,,Sand 4,4,12.55,14.91,-8.89,-11.25
-11.19,14.85,21.893,0.1695,0.76,0.42,0.2,-0.37,14.85,21.893,218.93,1.5773397642813485,,,,Sand,,,Sand 4,4,12.55,14.91,-8.89,-11.25
-11.209999999999999,14.87,22.006,0.1675,0.75,0.42,0.2,-0.37,14.87,22.006,220.06,1.5717260328458627,,,,Sand,,,Sand 4,4,12.55,14.91,-8.89,-11.25
-11.23,14.89,22.299,0.1658,0.73,0.41,0.19,-0.37,14.89,22.299,222.99,1.5594332595865916,,,,Sand,,,Sand 4,4,12.55,14.91,-8.89,-11.25
-11.25,14.91,22.902,0.1643,0.7,0.42,0.2,-0.37,14.91,22.902,229.02,1.538445605125013,,,,Sand,,,Sand 4,4,12.55,14.91,-8.89,-11.25
