elevation_m_nap,depth_m,qc_mpa,fs_mpa,col_4,col_5,col_6,col_7,rf_percent,col_9,corrected_depth,qt_mpa,qt_over_pa,Isbt,Bqt,peat_boundary_qt_over_pa,organic_clay_boundary_qt_over_pa,soil_type,used_organic_boundary_qt_over_pa,distance_to_used_organic_boundary,layer_id,soil_layer_number,layer_top_depth_m,layer_bottom_depth_m,layer_top_elevation_m_nap,layer_bottom_elevation_m_nap
1.43,0.02,0.37,0.003,0.4,0.4,0.2,0.0,0.36946,29.0,0.02,0.37,3.7,3.0067749640676165,,,,Clay & silt,,,Clay & silt 1,1,0.02,0.34,1.43,1.1099999999999999
1.41,0.04,0.74,0.005,2.5,-2.5,0.0,2.5,0.56604,29.0,0.039981,0.74,7.4,2.77676559525789,,,,Silty clay / clayey silt,,,Clay & silt 1,1,0.02,0.34,1.43,1.1099999999999999
1.39,0.06,0.88,0.005,2.4074,0.0,-0.4,2.5,0.51395,30.0,0.059963,0.88,8.8,2.691626170218947,,,,Silty clay / clayey silt,,,Clay & silt 1,1,0.02,0.34,1.43,1.1099999999999999
1.3699999999999999,0.08,0.99,0.006,2.3148,0.4,0.4,2.6,0.56075,31.0,0.079947,0.99,9.9,2.657253302275713,,,,Silty clay / clayey silt,,,Clay & silt 1,1,0.02,0.34,1.43,1.1099999999999999
1.3499999999999999,0.1,1.08,0.009,2.2222,0.0,-0.6,2.5,0.70313,32.0,0.099932,1.08,10.8,2.6599753432979854,,,,Silty clay / clayey silt,,,Clay & silt 1,1,0.02,0.34,1.43,1.1099999999999999
1.33,0.12,1.24,0.012,2.4,1.8,1.6,2.5,0.80876,32.0,0.11991,1.24,12.4,2.6306086140167526,,,,Silty clay / clayey silt,,,Clay & silt 1,1,0.02,0.34,1.43,1.1099999999999999
1.31,0.14,1.51,0.015,2.3185,-0.2,-0.2,2.5,0.88823,33.0,0.1399,1.51,15.1,2.5718161532034194,,,,Sand mixtures,,,Clay & silt 1,1,0.02,0.34,1.43,1.1099999999999999
1.29,0.16,1.75,0.016,2.2371,0.4,0.4,2.5,0.83333,34.0,0.15988,1.75,17.5,2.5021636633827873,,,,Sand mixtures,,,Clay & silt 1,1,0.02,0.34,1.43,1.1099999999999999
1.27,0.18,2.05,0.019,2.1556,-0.2,0.8,2.5,0.87507,35.0,0.17987,2.05,20.5,2.4511976366918105,,,,Sand mixtures,,,Clay & silt 1,1,0.02,0.34,1.43,1.1099999999999999
1.25,0.2,2.37,0.021,2.3,-2.3,0.0,2.5,0.85846,36.0,0.19985,2.37,23.7,2.391892447330571,,,,Sand mixtures,,,Clay & silt 1,1,0.02,0.34,1.43,1.1099999999999999
1.23,0.22,2.52,0.023,0.8,0.8,-0.2,2.5,0.84172,36.0,0.21985,2.52,25.2,2.3644264973350553,,,,Sand mixtures,,,Clay & silt 1,1,0.02,0.34,1.43,1.1099999999999999
1.21,0.24,2.84,0.022,0.6,0.0,-0.6,2.5,0.7309,37.0,0.23985,2.84,28.4,2.289487497045991,,,,Sand mixtures,,,Clay & silt 1,1,0.02,0.34,1.43,1.1099999999999999
1.19,0.26,3.09,0.021,0.6,-0.6,0.2,2.6,0.64467,38.0,0.25985,3.09,30.9,2.2316137728092293,,,,Sand mixtures,,,Clay & silt 1,1,0.02,0.34,1.43,1.1099999999999999
1.17,0.28,3.44,0.02,0.8,-0.8,-0.2,2.4,0.57021,39.0,0.27985,3.44,34.4,2.165834768458309,,,,Sand mixtures,,,Clay & silt 1,1,0.02,0.34,1.43,1.1099999999999999
1.15,0.3,3.8,0.023,2.1,-2.0,-0.8,2.5,0.60867,39.0,0.29983,3.8,38.0,2.140490842393013,,,,Sand mixtures,,,Clay & silt 1,1,0.02,0.34,1.43,1.1099999999999999
1.13,0.32,3.97,0.022,1.6,0.2,-0.2,2.5,0.54071,40.0,0.31983,3.97,39.7,2.0998966922823112,,,,Sand mixtures,,,Clay & silt 1,1,0.02,0.34,1.43,1.1099999999999999
1.1099999999999999,0.34,4.03,0.022,1.1,-1.4,0.0,2.5,0.50271,41.0,0.33982,4.03,40.300000000000004,2.0798829899002307,,,,Sand mixtures,,,Sand 1,1,0.34,3.68,1.1099999999999999,-2.2300000000000004
1.0899999999999999,0.36,4.37,0.023,0.6,0.6,0.0,2.5,0.49093,42.0,0.35982,4.37,43.7,2.0437942247287535,,,,Sand,,,Sand 1,1,0.34,3.68,1.1099999999999999,-2.2300000000000004
1.0699999999999998,0.38,4.69,0.024,0.9,0.8,0.4,2.5,0.48241,43.0,0.37982,4.69,46.9,2.0129431577150156,,,,Sand,,,Sand 1,1,0.34,3.68,1.1099999999999999,-2.2300000000000004
1.0499999999999998,0.4,5.16,0.024,0.4,0.4,-0.2,2.5,0.45358,43.0,0.39982,5.16,51.6,1.9638742642410068,,,,Sand,,,Sand 1,1,0.34,3.68,1.1099999999999999,-2.2300000000000004
1.03,0.42,5.55,0.028,0.0,0.0,0.0,2.5,0.50146,44.0,0.41982,5.55,55.5,1.9557350406413752,,,,Sand,,,Sand 1,1,0.34,3.68,1.1099999999999999,-2.2300000000000004
1.01,0.44,5.91,0.029,0.6,-0.6,-0.2,2.6,0.4952,45.0,0.43982,5.91,59.1,1.929100489119712,,,,Sand,,,Sand 1,1,0.34,3.68,1.1099999999999999,-2.2300000000000004
0.99,0.46,6.12,0.03,0.6,-0.6,-0.2,2.5,0.4909,46.0,0.45982,6.12,61.2,1.9139577005209665,,,,Sand,,,Sand 1,1,0.34,3.68,1.1099999999999999,-2.2300000000000004
0.97,0.48,6.5,0.03,0.4,-0.4,0.0,2.5,0.4745,46.0,0.47981,6.5,65.0,1.8839255558091625,,,,Sand,,,Sand 1,1,0.34,3.68,1.1099999999999999,-2.2300000000000004
0.95,0.5,6.37,0.03,0.6,-0.6,0.2,2.5,0.4611,47.0,0.49981,6.37,63.7,1.8857850484503282,,,,Sand,,,Sand 1,1,0.34,3.68,1.1099999999999999,-2.2300000000000004
0.9299999999999999,0.52,6.55,0.032,0.4,0.4,0.2,2.5,0.47922,48.0,0.51981,6.55,65.5,1.8830509835575704,,,,Sand,,,Sand 1,1,0.34,3.68,1.1099999999999999,-2.2300000000000004
0.9099999999999999,0.54,6.73,0.033,0.4,-0.2,-0.4,2.5,0.4807,49.0,0.53981,6.73,67.3,1.873363675712943,,,,Sand,,,Sand 1,1,0.34,3.68,1.1099999999999999,-2.2300000000000004
0.8899999999999999,0.56,6.85,0.035,0.9,-0.4,-0.8,2.5,0.49716,50.0,0.55981,6.85,68.5,1.8737482634720228,,,,Sand,,,Sand 1,1,0.34,3.68,1.1099999999999999,-2.2300000000000004
0.87,0.58,7.02,0.035,0.0,0.0,0.0,2.5,0.48276,50.0,0.57981,7.02,70.2,1.8582280262123667,,,,Sand,,,Sand 1,1,0.34,3.68,1.1099999999999999,-2.2300000000000004
0.85,0.6,7.28,0.037,0.4,-0.4,-0.2,2.5,0.49664,51.0,0.59981,7.28,72.8,1.8505063871307694,,,,Sand,,,Sand 1,1,0.34,3.68,1.1099999999999999,-2.2300000000000004
0.83,0.62,7.62,0.039,0.6,-0.4,-0.4,2.6,0.51022,52.0,0.61981,7.62,76.2,1.8391902978803516,,,,Sand,,,Sand 1,1,0.34,3.68,1.1099999999999999,-2.2300000000000004
0.8099999999999999,0.64,7.9,0.04,0.3,-0.2,-0.2,2.5,0.51029,53.0,0.63981,7.9,79.0,1.825705632504905,,,,Sand,,,Sand 1,1,0.34,3.68,1.1099999999999999,-2.2300000000000004
0.7899999999999999,0.66,8.05,0.042,1.2,-1.2,-0.2,2.5,0.52312,53.0,0.6598,8.05,80.50000000000001,1.8242003656272365,,,,Sand,,,Sand 1,1,0.34,3.68,1.1099999999999999,-2.2300000000000004
0.7699999999999999,0.68,8.15,0.043,0.4,-0.4,0.0,2.5,0.52359,54.0,0.6798,8.15,81.5,1.819806128075,,,,Sand,,,Sand 1,1,0.34,3.68,1.1099999999999999,-2.2300000000000004
0.75,0.7,8.28,0.044,0.4,-0.4,-0.2,2.2,0.52616,55.0,0.6998,8.28,82.8,1.8150241329860188,,,,Sand,,,Sand 1,1,0.34,3.68,1.1099999999999999,-2.2300000000000004
0.73,0.72,8.41,0.047,0.4,-0.2,-0.4,2.5,0.55327,56.0,0.7198,8.41,84.1,1.8206875941973903,,,,Sand,,,Sand 1,1,0.34,3.68,1.1099999999999999,-2.2300000000000004
0.71,0.74,8.54,0.048,0.6,-0.6,0.0,2.5,0.55612,57.0,0.7398,8.54,85.4,1.8162219424553887,,,,Sand,,,Sand 1,1,0.34,3.68,1.1099999999999999,-2.2300000000000004
0.69,0.76,8.75,0.048,0.6,-0.6,0.2,2.5,0.54662,57.0,0.7598,8.75,87.5,1.8033083322280077,,,,Sand,,,Sand 1,1,0.34,3.68,1.1099999999999999,-2.2300000000000004
0.6699999999999999,0.78,8.82,0.049,0.6,-0.4,-0.4,2.4,0.54672,58.0,0.7798,8.82,88.2,1.80041932790955,,,,Sand,,,Sand 1,1,0.34,3.68,1.1099999999999999,-2.2300000000000004
0.6499999999999999,0.8,8.96,0.049,0.7,-0.6,-0.4,2.7,0.53384,59.0,0.7998,8.96,89.6,1.7891273829380594,,,,Sand,,,Sand 1,1,0.34,3.68,1.1099999999999999,-2.2300000000000004
0.63,0.82,9.14,0.049,0.4,-0.4,-0.2,2.6,0.51962,60.0,0.8198,9.14,91.4,1.7755988877282765,,,,Sand,,,Sand 1,1,0.34,3.68,1.1099999999999999,-2.2300000000000004
0.61,0.84,9.35,0.049,0.6,-0.6,0.0,2.5,0.50373,61.0,0.8398,9.35,93.5,1.7601177911060633,,,,Sand,,,Sand 1,1,0.34,3.68,1.1099999999999999,-2.2300000000000004
0.59,0.86,9.73,0.049,0.0,0.0,0.0,2.5,0.48611,61.0,0.8598,9.73,97.3,1.7372844061501458,,,,Sand,,,Sand 1,1,0.34,3.68,1.1099999999999999,-2.2300000000000004
0.57,0.88,10.14,0.051,0.4,-0.4,0.0,2.5,0.4878,62.0,0.8798,10.14,101.4,1.7228139856552294,,,,Sand,,,Sand 1,1,0.34,3.68,1.1099999999999999,-2.2300000000000004
0.5499999999999999,0.9,10.55,0.053,0.7,-0.6,-0.4,2.5,0.48797,63.0,0.89979,10.55,105.5,1.708290523013223,,,,Sand,,,Sand 1,1,0.34,3.68,1.1099999999999999,-2.2300000000000004
0.5299999999999999,0.92,11.13,0.056,1.0,-1.0,-0.2,2.5,0.49585,64.0,0.91979,11.13,111.3,1.6924042723406616,,,,Sand,,,Sand 1,1,0.34,3.68,1.1099999999999999,-2.2300000000000004
0.51,0.94,11.64,0.061,0.4,-0.4,0.2,2.5,0.51937,64.0,0.93979,11.64,116.4,1.6871469969778263,,,,Sand,,,Sand 1,1,0.34,3.68,1.1099999999999999,-2.2300000000000004
0.49,0.96,11.96,0.062,0.8,-0.8,0.0,2.5,0.50919,65.0,0.95979,11.96,119.6,1.672578474690797,,,,Sand,,,Sand 1,1,0.34,3.68,1.1099999999999999,-2.2300000000000004
0.47,0.98,12.39,0.066,0.6,-0.6,-0.2,2.6,0.5248,66.0,0.97979,12.39,123.9,1.6671895575890976,,,,Sand,,,Sand 1,1,0.34,3.68,1.1099999999999999,-2.2300000000000004
0.44999999999999996,1.0,12.81,0.066,0.9,-0.8,-0.4,2.4,0.50965,67.0,0.99979,12.81,128.1,1.6480612211890138,,,,Sand,,,Sand 1,1,0.34,3.68,1.1099999999999999,-2.2300000000000004
0.42999999999999994,1.02,13.34,0.067,0.2,0.0,0.2,2.5,0.50409,68.0,1.0198,13.34,133.4,1.630836289842096,,,,Sand,,,Sand 1,1,0.34,3.68,1.1099999999999999,-2.2300000000000004
0.4099999999999999,1.04,13.59,0.069,0.6,-0.6,-0.2,2.5,0.50745,68.0,1.0398,13.59,135.9,1.6258336017779578,,,,Sand,,,Sand 1,1,0.34,3.68,1.1099999999999999,-2.2300000000000004
0.3899999999999999,1.06,13.75,0.072,0.8,-0.8,0.0,2.5,0.52004,69.0,1.0598,13.75,137.5,1.6277538205595705,,,,Sand,,,Sand 1,1,0.34,3.68,1.1099999999999999,-2.2300000000000004
0.3699999999999999,1.08,14.12,0.075,0.3,-0.2,0.2,2.5,0.53462,70.0,1.0798,14.12,141.2,1.6253080114917133,,,,Sand,,,Sand 1,1,0.34,3.68,1.1099999999999999,-2.2300000000000004
0.34999999999999987,1.1,14.37,0.077,0.6,-0.6,0.0,2.5,0.5447,71.0,1.0998,14.37,143.7,1.6238862835204493,,,,Sand,,,Sand 1,1,0.34,3.68,1.1099999999999999,-2.2300000000000004
0.32999999999999985,1.12,14.41,0.08,0.2,-0.2,0.0,2.5,0.56388,71.0,1.1198,14.41,144.1,1.6318105723788008,,,,Sand,,,Sand 1,1,0.34,3.68,1.1099999999999999,-2.2300000000000004
0.31000000000000005,1.14,14.37,0.078,0.3,-0.2,0.2,2.5,0.54959,72.0,1.1398,14.37,143.7,1.6261747369840083,,,,Sand,,,Sand 1,1,0.34,3.68,1.1099999999999999,-2.2300000000000004
0.29000000000000004,1.16,14.28,0.077,0.9,-0.8,-0.4,2.6,0.54576,73.0,1.1598,14.28,142.8,1.6265891140837263,,,,Sand,,,Sand 1,1,0.34,3.68,1.1099999999999999,-2.2300000000000004
0.27,1.18,14.2,0.079,0.2,-0.2,0.0,2.5,0.56514,74.0,1.1798,14.2,142.0,1.6375137824195185,,,,Sand,,,Sand 1,1,0.34,3.68,1.1099999999999999,-2.2300000000000004
0.25,1.2,14.0,0.086,0.7,-0.6,-0.4,2.5,0.62274,75.0,1.1998,14.0,140.0,1.6677695242556358,,,,Sand,,,Sand 1,1,0.34,3.68,1.1099999999999999,-2.2300000000000004
0.22999999999999998,1.22,13.79,0.087,0.6,-0.6,0.2,2.5,0.64,75.0,1.2198,13.79,137.9,1.6802096835936213,,,,Sand,,,Sand 1,1,0.34,3.68,1.1099999999999999,-2.2300000000000004
0.20999999999999996,1.24,13.45,0.084,0.6,-0.6,-0.2,2.2,0.6288,76.0,1.2398,13.45,134.5,1.6841596392480933,,,,Sand,,,Sand 1,1,0.34,3.68,1.1099999999999999,-2.2300000000000004
0.18999999999999995,1.26,13.33,0.084,0.8,-0.8,0.0,2.4,0.64165,77.0,1.2598,13.33,133.3,1.6925789540748966,,,,Sand,,,Sand 1,1,0.34,3.68,1.1099999999999999,-2.2300000000000004
0.16999999999999993,1.28,13.06,0.086,0.9,-0.8,-0.4,2.5,0.67129,78.0,1.2798,13.06,130.6,1.7115755315534589,,,,Sand,,,Sand 1,1,0.34,3.68,1.1099999999999999,-2.2300000000000004
0.1499999999999999,1.3,12.64,0.085,1.0,-0.8,-0.6,2.5,0.67946,79.0,1.2998,12.64,126.4,1.7260257620153006,,,,Sand,,,Sand 1,1,0.34,3.68,1.1099999999999999,-2.2300000000000004
0.1299999999999999,1.32,12.4,0.083,1.1,-1.0,-0.4,2.5,0.67908,79.0,1.3198,12.4,124.0,1.7324853594925989,,,,Sand,,,Sand 1,1,0.34,3.68,1.1099999999999999,-2.2300000000000004
0.10999999999999988,1.34,12.06,0.081,0.6,-0.6,0.2,2.5,0.67861,80.0,1.3398,12.06,120.6,1.7419131610172267,,,,Sand,,,Sand 1,1,0.34,3.68,1.1099999999999999,-2.2300000000000004
0.08999999999999986,1.36,11.76,0.081,0.8,-0.8,0.0,2.8,0.69453,81.0,1.3598,11.76,117.6,1.756714964100239,,,,Sand,,,Sand 1,1,0.34,3.68,1.1099999999999999,-2.2300000000000004
0.07000000000000006,1.38,11.38,0.072,0.3,-0.2,-0.2,2.7,0.63047,82.0,1.3798,11.38,113.8,1.7431893887488554,,,,Sand,,,Sand 1,1,0.34,3.68,1.1099999999999999,-2.2300000000000004
0.050000000000000044,1.4,11.15,0.073,0.3,-0.2,-0.2,2.5,0.65266,82.0,1.3998,11.15,111.5,1.7591827602483443,,,,Sand,,,Sand 1,1,0.34,3.68,1.1099999999999999,-2.2300000000000004
0.030000000000000027,1.42,11.04,0.072,0.8,-0.8,0.0,2.5,0.65499,83.0,1.4198,11.04,110.4,1.7635757867887536,,,,Sand,,,Sand 1,1,0.34,3.68,1.1099999999999999,-2.2300000000000004
0.010000000000000009,1.44,10.87,0.07,0.6,-0.6,-0.2,2.5,0.64397,84.0,1.4398,10.87,108.7,1.7647272357897896,,,,Sand,,,Sand 1,1,0.34,3.68,1.1099999999999999,-2.2300000000000004
-0.010000000000000009,1.46,10.7,0.075,0.7,-0.6,-0.4,2.5,0.69212,85.0,1.4598,10.7,107.0,1.7886754034799774,,,,Sand,,,Sand 1,1,0.34,3.68,1.1099999999999999,-2.2300000000000004
-0.030000000000000027,1.48,10.52,0.077,0.4,-0.4,0.2,2.5,0.70878,85.0,1.4798,10.52,105.2,1.8007368468557634,,,,Sand,,,Sand 1,1,0.34,3.68,1.1099999999999999,-2.2300000000000004
-0.050000000000000044,1.5,10.52,0.077,0.6,-0.6,0.0,2.5,0.70304,86.0,1.4998,10.52,105.2,1.7986397119315656,,,,Sand,,,Sand 1,1,0.34,3.68,1.1099999999999999,-2.2300000000000004
-0.07000000000000006,1.52,10.78,0.081,1.4,-1.4,-0.4,2.6,0.72883,87.0,1.5197,10.78,107.8,1.7994844827660712,,,,Sand,,,Sand 1,1,0.34,3.68,1.1099999999999999,-2.2300000000000004
-0.09000000000000008,1.54,11.11,0.078,1.2667,-0.6,-0.2,2.5,0.68859,88.0,1.5397,11.11,111.1,1.7742241427654069,,,,Sand,,,Sand 1,1,0.34,3.68,1.1099999999999999,-2.2300000000000004
-0.1100000000000001,1.56,11.37,0.079,1.1333,-0.8,-0.2,2.5,0.68302,89.0,1.5597,11.37,113.7,1.7640587581056717,,,,Sand,,,Sand 1,1,0.34,3.68,1.1099999999999999,-2.2300000000000004
-0.13000000000000012,1.58,11.75,0.079,1.0,-1.0,-0.2,2.5,0.66921,89.0,1.5797,11.75,117.5,1.7473107202860456,,,,Sand,,,Sand 1,1,0.34,3.68,1.1099999999999999,-2.2300000000000004
-0.15000000000000013,1.6,12.16,0.076,0.8,-0.8,0.0,2.5,0.63077,90.0,1.5997,12.16,121.6,1.7200424178103952,,,,Sand,,,Sand 1,1,0.34,3.68,1.1099999999999999,-2.2300000000000004
-0.17000000000000015,1.62,12.41,0.072,0.6,-0.6,0.2,2.5,0.58674,91.0,1.6197,12.41,124.1,1.6944111084245275,,,,Sand,,,Sand 1,1,0.34,3.68,1.1099999999999999,-2.2300000000000004
-0.18999999999999995,1.64,12.43,0.06,0.3,-0.2,-0.2,2.5,0.48077,92.0,1.6397,12.43,124.3,1.6448619021480009,,,,Sand,,,Sand 1,1,0.34,3.68,1.1099999999999999,-2.2300000000000004
-0.20999999999999996,1.66,12.43,0.057,0.2,-0.2,0.0,2.5,0.4497,92.0,1.6597,12.43,124.3,1.6291329115760764,,,,Sand,,,Sand 1,1,0.34,3.68,1.1099999999999999,-2.2300000000000004
-0.22999999999999998,1.68,12.73,0.056,0.2,0.0,-0.2,2.5,0.43614,93.0,1.6797,12.73,127.3,1.6132731351204728,,,,Sand,,,Sand 1,1,0.34,3.68,1.1099999999999999,-2.2300000000000004
-0.25,1.7,12.89,0.059,0.2,-0.2,0.0,2.6,0.45385,94.0,1.6997,12.89,128.9,1.6179886836522877,,,,Sand,,,Sand 1,1,0.34,3.68,1.1099999999999999,-2.2300000000000004
-0.27,1.72,13.04,0.062,0.6,-0.6,0.0,2.4,0.47171,95.0,1.7197,13.04,130.4,1.6229380637057385,,,,Sand,,,Sand 1,1,0.34,3.68,1.1099999999999999,-2.2300000000000004
-0.29000000000000004,1.74,13.31,0.062,0.4,-0.4,0.2,2.6,0.46652,96.0,1.7397,13.31,133.1,1.6128630003321542,,,,Sand,,,Sand 1,1,0.34,3.68,1.1099999999999999,-2.2300000000000004
-0.31000000000000005,1.76,13.48,0.063,0.4,-0.4,-0.2,2.5,0.47059,96.0,1.7597,13.48,134.8,1.610354670440024,,,,Sand,,,Sand 1,1,0.34,3.68,1.1099999999999999,-2.2300000000000004
-0.33000000000000007,1.78,13.69,0.066,0.4,0.0,-0.4,2.4,0.49144,97.0,1.7797,13.69,136.9,1.6153198567877827,,,,Sand,,,Sand 1,1,0.34,3.68,1.1099999999999999,-2.2300000000000004
-0.3500000000000001,1.8,13.58,0.064,1.0,-1.0,0.0,2.1,0.47672,98.0,1.7997,13.58,135.8,1.6108116312716378,,,,Sand,,,Sand 1,1,0.34,3.68,1.1099999999999999,-2.2300000000000004
-0.3700000000000001,1.82,13.6,0.062,0.8,-0.8,0.0,2.5,0.46329,99.0,1.8197,13.6,136.0,1.6033912985407155,,,,Sand,,,Sand 1,1,0.34,3.68,1.1099999999999999,-2.2300000000000004
-0.3900000000000001,1.84,13.51,0.063,0.6,-0.6,-0.2,2.5,0.47355,100.0,1.8397,13.51,135.1,1.611063028946924,,,,Sand,,,Sand 1,1,0.34,3.68,1.1099999999999999,-2.2300000000000004
-0.41000000000000014,1.86,13.23,0.065,0.8,-0.8,0.0,2.5,0.49224,100.0,1.8597,13.23,132.3,1.6279918778961557,,,,Sand,,,Sand 1,1,0.34,3.68,1.1099999999999999,-2.2300000000000004
-0.42999999999999994,1.88,13.0,0.062,0.6,-0.6,-0.2,2.5,0.47193,101.0,1.8797,13.0,130.0,1.624163406221338,,,,Sand,,,Sand 1,1,0.34,3.68,1.1099999999999999,-2.2300000000000004
-0.44999999999999996,1.9,12.97,0.064,0.6,-0.6,0.0,3.0,0.48967,102.0,1.8997,12.97,129.7,1.6338715626367897,,,,Sand,,,Sand 1,1,0.34,3.68,1.1099999999999999,-2.2300000000000004
-0.47,1.92,12.85,0.067,1.0,-1.0,-0.2,2.8,0.51514,103.0,1.9197,12.85,128.5,1.6495664313720557,,,,Sand,,,Sand 1,1,0.34,3.68,1.1099999999999999,-2.2300000000000004
-0.49,1.94,12.9,0.062,0.6,-0.6,-0.2,2.5,0.47715,103.0,1.9397,12.9,129.0,1.6295941260497988,,,,Sand,,,Sand 1,1,0.34,3.68,1.1099999999999999,-2.2300000000000004
-0.51,1.96,13.04,0.062,0.6,-0.6,-0.2,2.5,0.47637,104.0,1.9597,13.04,130.4,1.6252928831525761,,,,Sand,,,Sand 1,1,0.34,3.68,1.1099999999999999,-2.2300000000000004
-0.53,1.98,13.06,0.062,0.6,-0.6,-0.2,2.5,0.47551,105.0,1.9797,13.06,130.6,1.624304566862026,,,,Sand,,,Sand 1,1,0.34,3.68,1.1099999999999999,-2.2300000000000004
-0.55,2.0,13.0,0.063,0.8,-0.8,0.0,2.5,0.48151,106.0,1.9997,13.0,130.0,1.6289831119954181,,,,Sand,,,Sand 1,1,0.34,3.68,1.1099999999999999,-2.2300000000000004
-0.5700000000000001,2.02,13.13,0.064,0.7,-0.6,-0.4,2.5,0.48832,106.0,2.0197,13.13,131.3,1.6287824104992736,,,,Sand,,,Sand 1,1,0.34,3.68,1.1099999999999999,-2.2300000000000004
-0.5900000000000001,2.04,13.17,0.065,0.8,-0.8,-0.2,2.6,0.4958,107.0,2.0397,13.17,131.7,1.6313811967752254,,,,Sand,,,Sand 1,1,0.34,3.68,1.1099999999999999,-2.2300000000000004
-0.6100000000000001,2.06,13.16,0.066,1.0,-1.0,-0.2,2.7,0.50295,108.0,2.0597,13.16,131.6,1.6351506452541105,,,,Sand,,,Sand 1,1,0.34,3.68,1.1099999999999999,-2.2300000000000004
-0.6300000000000001,2.08,13.21,0.073,1.0,-1.0,-0.2,2.5,0.55513,109.0,2.0797,13.21,132.1,1.6583486788832777,,,,Sand,,,Sand 1,1,0.34,3.68,1.1099999999999999,-2.2300000000000004
-0.6500000000000001,2.1,13.08,0.076,1.1,-1.0,-0.4,2.5,0.57723,110.0,2.0997,13.08,130.8,1.6717404855426001,,,,Sand,,,Sand 1,1,0.34,3.68,1.1099999999999999,-2.2300000000000004
-0.6700000000000002,2.12,13.07,0.076,1.1333,-1.0,0.0,2.5,0.57674,110.0,2.1197,13.07,130.7,1.6717929562584624,,,,Sand,,,Sand 1,1,0.34,3.68,1.1099999999999999,-2.2300000000000004
-0.6900000000000002,2.14,13.16,0.078,1.1667,-1.4,-0.4,2.5,0.59125,111.0,2.1397,13.16,131.6,1.6757445133589872,,,,Sand,,,Sand 1,1,0.34,3.68,1.1099999999999999,-2.2300000000000004
-0.7100000000000002,2.16,13.22,0.079,1.2,-1.2,0.0,2.5,0.59888,112.0,2.1597,13.22,132.2,1.677457386561745,,,,Sand,,,Sand 1,1,0.34,3.68,1.1099999999999999,-2.2300000000000004
-0.7300000000000002,2.18,13.26,0.078,1.2,-1.0,-0.2,2.5,0.59108,113.0,2.1797,13.26,132.6,1.673021598403052,,,,Sand,,,Sand 1,1,0.34,3.68,1.1099999999999999,-2.2300000000000004
-0.7500000000000002,2.2,13.26,0.079,1.2,-1.0,-0.4,2.5,0.59934,113.0,2.1997,13.26,132.6,1.6766009946486458,,,,Sand,,,Sand 1,1,0.34,3.68,1.1099999999999999,-2.2300000000000004
-0.7700000000000002,2.22,13.28,0.081,1.2,-1.2,-0.2,2.5,0.61708,114.0,2.2197,13.28,132.8,1.6836464334349202,,,,Sand,,,Sand 1,1,0.34,3.68,1.1099999999999999,-2.2300000000000004
-0.7900000000000003,2.24,13.2,0.078,1.2,-1.2,-0.2,2.6,0.5981,115.0,2.2397,13.2,132.0,1.6776497633047025,,,,Sand,,,Sand 1,1,0.34,3.68,1.1099999999999999,-2.2300000000000004
-0.8099999999999998,2.26,13.12,0.079,1.0667,-0.6,-0.2,2.5,0.61128,116.0,2.2597,13.12,131.2,1.6854086233643153,,,,Sand,,,Sand 1,1,0.34,3.68,1.1099999999999999,-2.2300000000000004
-0.8299999999999998,2.28,12.95,0.078,0.9333,-0.8,0.0,2.5,0.61027,117.0,2.2797,12.95,129.5,1.689528311939068,,,,Sand,,,Sand 1,1,0.34,3.68,1.1099999999999999,-2.2300000000000004
-0.8499999999999999,2.3,12.72,0.083,0.8,-0.8,0.0,2.4,0.65743,117.0,2.2997,12.72,127.2,1.7151551157949754,,,,Sand,,,Sand 1,1,0.34,3.68,1.1099999999999999,-2.2300000000000004
-0.8699999999999999,2.32,12.54,0.08,0.8,-0.8,-0.2,2.2,0.64109,118.0,2.3197,12.54,125.4,1.713514016964641,,,,Sand,,,Sand 1,1,0.34,3.68,1.1099999999999999,-2.2300000000000004
-0.8899999999999999,2.34,12.32,0.08,1.0,-1.0,-0.2,2.5,0.64817,119.0,2.3397,12.32,123.2,1.7225263016335597,,,,Sand,,,Sand 1,1,0.34,3.68,1.1099999999999999,-2.2300000000000004
-0.9099999999999999,2.36,12.12,0.077,1.0,-1.0,-0.2,2.5,0.62973,120.0,2.3597,12.12,121.2,1.7207703630415185,,,,Sand,,,Sand 1,1,0.34,3.68,1.1099999999999999,-2.2300000000000004
-0.9299999999999999,2.38,12.03,0.078,1.2,-1.2,0.0,2.5,0.64184,121.0,2.3796,12.03,120.3,1.7282845289936994,,,,Sand,,,Sand 1,1,0.34,3.68,1.1099999999999999,-2.2300000000000004
-0.95,2.4,12.03,0.077,1.2667,-1.0,-0.4,2.4,0.63604,121.0,2.3996,12.03,120.3,1.7259438005827399,,,,Sand,,,Sand 1,1,0.34,3.68,1.1099999999999999,-2.2300000000000004
-0.97,2.42,12.03,0.077,1.3333,-1.4,-0.2,3.1,0.63584,122.0,2.4196,12.03,120.3,1.7258628101036213,,,,Sand,,,Sand 1,1,0.34,3.68,1.1099999999999999,-2.2300000000000004
-0.99,2.44,12.03,0.078,1.4,-1.4,-0.2,2.5,0.64204,123.0,2.4396,12.03,120.3,1.7283649693528509,,,,Sand,,,Sand 1,1,0.34,3.68,1.1099999999999999,-2.2300000000000004
-1.01,2.46,12.12,0.08,1.0,-1.0,-0.2,2.5,0.65601,124.0,2.4596,12.12,121.2,1.7313458021395538,,,,Sand,,,Sand 1,1,0.34,3.68,1.1099999999999999,-2.2300000000000004
-1.03,2.48,12.17,0.08,1.0,-1.0,-0.2,2.5,0.65386,124.0,2.4796,12.17,121.7,1.7290601180753442,,,,Sand,,,Sand 1,1,0.34,3.68,1.1099999999999999,-2.2300000000000004
-1.05,2.5,12.35,0.08,0.8,-0.8,0.0,2.5,0.65193,125.0,2.4996,12.35,123.5,1.7231870516388137,,,,Sand,,,Sand 1,1,0.34,3.68,1.1099999999999999,-2.2300000000000004
-1.07,2.52,12.43,0.08,0.8,-0.8,-0.2,2.5,0.64994,126.0,2.5196,12.43,124.3,1.7201473366269369,,,,Sand,,,Sand 1,1,0.34,3.68,1.1099999999999999,-2.2300000000000004
-1.09,2.54,12.4,0.079,0.9,-0.8,-0.4,2.5,0.63981,127.0,2.5396,12.4,124.0,1.7169008591211183,,,,Sand,,,Sand 1,1,0.34,3.68,1.1099999999999999,-2.2300000000000004
-1.11,2.56,12.35,0.083,1.4,-1.4,-0.2,2.5,0.67139,128.0,2.5596,12.35,123.5,1.730883690716376,,,,Sand,,,Sand 1,1,0.34,3.68,1.1099999999999999,-2.2300000000000004
-1.1300000000000001,2.58,12.32,0.084,1.2,-1.2,-0.4,2.5,0.68037,128.0,2.5796,12.32,123.2,1.7352196351684661,,,,Sand,,,Sand 1,1,0.34,3.68,1.1099999999999999,-2.2300000000000004
-1.1500000000000001,2.6,12.33,0.086,1.4,-1.4,-0.4,2.6,0.69855,129.0,2.5996,12.33,123.3,1.7419124974316917,,,,Sand,,,Sand 1,1,0.34,3.68,1.1099999999999999,-2.2300000000000004
-1.1700000000000002,2.62,12.43,0.087,1.2,-1.2,-0.2,2.5,0.70934,130.0,2.6196,12.43,124.3,1.7432179812945237,,,,Sand,,,Sand 1,1,0.34,3.68,1.1099999999999999,-2.2300000000000004
-1.1900000000000002,2.64,12.29,0.085,1.2,-1.0,0.0,2.5,0.69551,131.0,2.6396,12.29,122.9,1.7418741264212925,,,,Sand,,,Sand 1,1,0.34,3.68,1.1099999999999999,-2.2300000000000004
-1.2100000000000002,2.66,12.22,0.083,1.2,-1.2,-0.2,2.5,0.68186,131.0,2.6596,12.22,122.2,1.7386102650808815,,,,Sand,,,Sand 1,1,0.34,3.68,1.1099999999999999,-2.2300000000000004
-1.2300000000000002,2.68,12.15,0.082,1.2,-1.0,-0.2,2.5,0.67706,132.0,2.6796,12.15,121.5,1.7387398633653655,,,,Sand,,,Sand 1,1,0.34,3.68,1.1099999999999999,-2.2300000000000004
-1.2500000000000002,2.7,12.03,0.082,1.2,-1.2,0.0,2.5,0.68156,133.0,2.6996,12.03,120.3,1.7439129861162577,,,,Sand,,,Sand 1,1,0.34,3.68,1.1099999999999999,-2.2300000000000004
-1.2700000000000002,2.72,12.0,0.084,1.2,-1.2,0.0,2.5,0.70175,134.0,2.7196,12.0,120.0,1.7524616292086341,,,,Sand,,,Sand 1,1,0.34,3.68,1.1099999999999999,-2.2300000000000004
-1.2900000000000003,2.74,11.93,0.081,1.2,-1.0,0.0,2.5,0.67982,135.0,2.7396,11.93,119.3,1.7461339731639172,,,,Sand,,,Sand 1,1,0.34,3.68,1.1099999999999999,-2.2300000000000004
-1.3099999999999998,2.76,11.84,0.081,1.2,-1.0,-0.2,2.5,0.68297,135.0,2.7596,11.84,118.4,1.7499683594358517,,,,Sand,,,Sand 1,1,0.34,3.68,1.1099999999999999,-2.2300000000000004
-1.3299999999999998,2.78,11.79,0.079,1.2,-1.2,-0.2,2.6,0.66956,136.0,2.7796,11.79,117.9,1.7462643892317666,,,,Sand,,,Sand 1,1,0.34,3.68,1.1099999999999999,-2.2300000000000004
-1.3499999999999999,2.8,11.8,0.077,1.4,-1.4,-0.2,2.5,0.65672,137.0,2.7996,11.8,118.0,1.7409456307855504,,,,Sand,,,Sand 1,1,0.34,3.68,1.1099999999999999,-2.2300000000000004
-1.3699999999999999,2.82,11.78,0.077,1.3333,-1.0,-0.2,2.5,0.66123,138.0,2.8196,11.78,117.8,1.7433094748862814,,,,Sand,,,Sand 1,1,0.34,3.68,1.1099999999999999,-2.2300000000000004
-1.39,2.84,11.71,0.08,1.2667,-1.2,-0.2,2.5,0.69212,138.0,2.8395,11.71,117.1,1.7572784000740858,,,,Sand,,,Sand 1,1,0.34,3.68,1.1099999999999999,-2.2300000000000004
-1.41,2.86,11.54,0.078,1.2,-1.2,-0.2,2.1,0.68159,139.0,2.8595,11.54,115.4,1.7583502605490708,,,,Sand,,,Sand 1,1,0.34,3.68,1.1099999999999999,-2.2300000000000004
-1.43,2.88,11.41,0.086,1.2,-1.2,-0.2,2.5,0.76064,140.0,2.8795,11.41,114.1,1.7911888211439542,,,,Sand,,,Sand 1,1,0.34,3.68,1.1099999999999999,-2.2300000000000004
-1.45,2.9,11.29,0.083,1.2,-1.2,-0.2,2.5,0.74582,141.0,2.8995,11.29,112.9,1.7895825142879693,,,,Sand,,,Sand 1,1,0.34,3.68,1.1099999999999999,-2.2300000000000004
-1.47,2.92,11.15,0.083,1.2,-1.2,0.0,2.5,0.75929,142.0,2.9195,11.15,111.5,1.798622769108674,,,,Sand,,,Sand 1,1,0.34,3.68,1.1099999999999999,-2.2300000000000004
-1.49,2.94,10.87,0.078,1.2,-1.0,-0.2,2.3,0.7277,143.0,2.9395,10.87,108.7,1.7961956079027597,,,,Sand,,,Sand 1,1,0.34,3.68,1.1099999999999999,-2.2300000000000004
-1.51,2.96,10.7,0.074,1.2,-1.2,-0.2,3.2,0.70527,143.0,2.9595,10.7,107.0,1.7935323759443036,,,,Sand,,,Sand 1,1,0.34,3.68,1.1099999999999999,-2.2300000000000004
-1.53,2.98,10.36,0.071,1.2,-1.2,-0.2,2.7,0.69251,144.0,2.9795,10.36,103.6,1.800133785799073,,,,Sand,,,Sand 1,1,0.34,3.68,1.1099999999999999,-2.2300000000000004
-1.55,3.0,10.13,0.071,1.2,-1.2,-0.2,2.5,0.71053,145.0,2.9995,10.13,101.3,1.814587715751792,,,,Sand,,,Sand 1,1,0.34,3.68,1.1099999999999999,-2.2300000000000004
-1.57,3.02,9.84,0.071,1.2,-1.2,-0.2,2.5,0.7297,145.0,3.0195,9.84,98.4,1.83159634037551,,,,Sand,,,Sand 1,1,0.34,3.68,1.1099999999999999,-2.2300000000000004
-1.59,3.04,9.6,0.069,1.2,-1.2,-0.2,2.5,0.729,146.0,3.0395,9.6,96.0,1.8400097240555977,,,,Sand,,,Sand 1,1,0.34,3.68,1.1099999999999999,-2.2300000000000004
-1.61,3.06,9.37,0.066,1.2,-1.2,-0.2,2.5,0.71642,147.0,3.0595,9.37,93.7,1.844117631706814,,,,Sand,,,Sand 1,1,0.34,3.68,1.1099999999999999,-2.2300000000000004
-1.6300000000000001,3.08,9.07,0.066,1.2,-1.2,-0.2,2.5,0.7365,148.0,3.0795,9.07,90.7,1.8625993420644922,,,,Sand,,,Sand 1,1,0.34,3.68,1.1099999999999999,-2.2300000000000004
-1.6500000000000001,3.1,8.77,0.064,1.2,-1.2,-0.2,2.5,0.7331,149.0,3.0995,8.77,87.7,1.873315097582116,,,,Sand,,,Sand 1,1,0.34,3.68,1.1099999999999999,-2.2300000000000004
-1.6700000000000002,3.12,8.58,0.061,1.4,-1.4,-0.2,2.5,0.71691,149.0,3.1195,8.58,85.8,1.8754987344235405,,,,Sand,,,Sand 1,1,0.34,3.68,1.1099999999999999,-2.2300000000000004
-1.6900000000000002,3.14,8.34,0.06,1.4,-1.4,0.0,2.6,0.72322,150.0,3.1395,8.34,83.4,1.8877794518198014,,,,Sand,,,Sand 1,1,0.34,3.68,1.1099999999999999,-2.2300000000000004
-1.7100000000000002,3.16,8.12,0.058,1.4,-1.4,0.0,2.5,0.71561,151.0,3.1595,8.12,81.19999999999999,1.8947070360171576,,,,Sand,,,Sand 1,1,0.34,3.68,1.1099999999999999,-2.2300000000000004
-1.7300000000000002,3.18,7.99,0.058,1.3778,-1.0,-0.2,2.5,0.73163,152.0,3.1795,7.99,79.9,1.9059374772339948,,,,Sand,,,Sand 1,1,0.34,3.68,1.1099999999999999,-2.2300000000000004
-1.7500000000000002,3.2,7.83,0.056,1.3555,-1.4,-0.2,2.5,0.72211,152.0,3.1995,7.83,78.3,1.9099508342883516,,,,Sand,,,Sand 1,1,0.34,3.68,1.1099999999999999,-2.2300000000000004
-1.7700000000000002,3.22,7.67,0.056,1.3333,-1.0,-0.2,2.5,0.73648,153.0,3.2195,7.67,76.7,1.922184352703574,,,,Sand,,,Sand 1,1,0.34,3.68,1.1099999999999999,-2.2300000000000004
-1.7900000000000003,3.24,7.54,0.055,1.2667,-1.2,-0.2,2.5,0.7364,154.0,3.2394,7.54,75.4,1.9282848337984781,,,,Sand,,,Sand 1,1,0.34,3.68,1.1099999999999999,-2.2300000000000004
-1.8099999999999998,3.26,7.35,0.052,1.3111,-1.2,-0.2,2.5,0.70845,155.0,3.2594,7.35,73.5,1.9280705620652097,,,,Sand,,,Sand 1,1,0.34,3.68,1.1099999999999999,-2.2300000000000004
-1.8299999999999998,3.28,7.2,0.05,1.3556,-1.2,0.0,2.5,0.6924,156.0,3.2794,7.2,72.0,1.9300397845819124,,,,Sand,,,Sand 1,1,0.34,3.68,1.1099999999999999,-2.2300000000000004
-1.8499999999999999,3.3,7.13,0.0493,1.4,-1.4,-0.2,2.5,0.69315,156.0,3.2994,7.13,71.3,1.9338443254920548,,,,Sand,,,Sand 1,1,0.34,3.68,1.1099999999999999,-2.2300000000000004
-1.8699999999999999,3.32,7.04,0.0487,1.3333,-1.0,-0.2,2.6,0.69646,157.0,3.3194,7.04,70.4,1.939592421786409,,,,Sand,,,Sand 1,1,0.34,3.68,1.1099999999999999,-2.2300000000000004
-1.89,3.34,6.96,0.048,1.2667,-1.4,-0.2,2.5,0.69704,158.0,3.3394,6.96,69.6,1.9439438329828485,,,,Sand,,,Sand 1,1,0.34,3.68,1.1099999999999999,-2.2300000000000004
-1.91,3.36,6.88,0.049,1.3111,-1.2,-0.2,2.5,0.72365,159.0,3.3594,6.88,68.8,1.9570767569898995,,,,Sand,,,Sand 1,1,0.34,3.68,1.1099999999999999,-2.2300000000000004
-1.93,3.38,6.8,0.049,1.3556,-1.2,0.0,2.5,0.73698,159.0,3.3794,6.8,68.0,1.965689946375661,,,,Sand,,,Sand 1,1,0.34,3.68,1.1099999999999999,-2.2300000000000004
-1.95,3.4,6.58,0.048,1.4,-1.4,-0.2,2.1,0.73775,160.0,3.3994,6.58,65.8,1.9778534236669365,,,,Sand,,,Sand 1,1,0.34,3.68,1.1099999999999999,-2.2300000000000004
-1.97,3.42,6.5,0.049,1.4,-1.4,-0.2,2.4,0.7712,161.0,3.4194,6.5,65.0,1.9929262293797176,,,,Sand,,,Sand 1,1,0.34,3.68,1.1099999999999999,-2.2300000000000004
-1.99,3.44,6.28,0.051,1.4,-1.4,0.0,2.5,0.82458,162.0,3.4394,6.28,62.8,2.0215696677769492,,,,Sand,,,Sand 1,1,0.34,3.68,1.1099999999999999,-2.2300000000000004
-2.01,3.46,6.15,0.05,1.4,-1.4,-0.2,2.5,0.83281,163.0,3.4594,6.15,61.5,2.0315082815142507,,,,Sand,,,Sand 1,1,0.34,3.68,1.1099999999999999,-2.2300000000000004
-2.0300000000000002,3.48,5.9,0.051,1.4,-1.2,-0.2,2.3,0.87497,164.0,3.4794,5.9,59.0,2.0584780777150873,,,,Sand mixtures,,,Sand 1,1,0.34,3.68,1.1099999999999999,-2.2300000000000004
-2.05,3.5,5.74,0.052,1.4,-1.4,-0.2,3.1,0.92219,164.0,3.4994,5.74,57.4,2.081254888868593,,,,Sand mixtures,,,Sand 1,1,0.34,3.68,1.1099999999999999,-2.2300000000000004
-2.0700000000000003,3.52,5.53,0.053,1.4,-1.4,-0.2,2.7,0.97047,165.0,3.5194,5.53,55.3,2.1071982102091167,,,,Sand mixtures,,,Sand 1,1,0.34,3.68,1.1099999999999999,-2.2300000000000004
-2.09,3.54,5.35,0.059,1.4,-1.2,0.0,2.5,1.1093,166.0,3.5394,5.35,53.5,2.152598558455362,,,,Sand mixtures,,,Sand 1,1,0.34,3.68,1.1099999999999999,-2.2300000000000004
-2.1100000000000003,3.56,5.18,0.06,1.4,-1.4,-0.2,2.5,1.1399,166.0,3.5594,5.18,51.8,2.1708907616723025,,,,Sand mixtures,,,Sand 1,1,0.34,3.68,1.1099999999999999,-2.2300000000000004
-2.13,3.58,4.98,0.059,1.4,-1.4,-0.2,2.5,1.1177,167.0,3.5794,4.98,49.8,2.179762543333996,,,,Sand mixtures,,,Sand 1,1,0.34,3.68,1.1099999999999999,-2.2300000000000004
-2.1500000000000004,3.6,4.86,0.056,1.4,-1.4,-0.2,2.5,1.0477,168.0,3.5993,4.86,48.6,2.1722278593996376,,,,Sand mixtures,,,Sand 1,1,0.34,3.68,1.1099999999999999,-2.2300000000000004
-2.17,3.62,5.01,0.057,1.6,-1.6,0.0,2.5,1.0483,169.0,3.6193,5.01,50.1,2.1615455038772278,,,,Sand mixtures,,,Sand 1,1,0.34,3.68,1.1099999999999999,-2.2300000000000004
-2.1900000000000004,3.64,5.46,0.055,1.5333,-1.2,-0.2,2.5,0.99188,170.0,3.6393,5.46,54.6,2.117166540595206,,,,Sand mixtures,,,Sand 1,1,0.34,3.68,1.1099999999999999,-2.2300000000000004
-2.21,3.66,5.86,0.053,1.4667,-1.4,0.0,2.5,0.93166,170.0,3.6593,5.86,58.6,2.0764117625254577,,,,Sand mixtures,,,Sand 1,1,0.34,3.68,1.1099999999999999,-2.2300000000000004
-2.2300000000000004,3.68,6.06,0.052,1.4,-1.4,0.0,2.6,0.88643,171.0,3.6793,6.06,60.6,2.052106770086148,,,,Sand mixtures,,,Sand 2,2,3.68,6.04,-2.2300000000000004,-4.59
-2.25,3.7,6.09,0.051,1.4,-1.4,-0.2,2.5,0.84228,172.0,3.6993,6.09,60.9,2.037789350557825,,,,Sand,,,Sand 2,2,3.68,6.04,-2.2300000000000004,-4.59
-2.2700000000000005,3.72,6.04,0.047,1.4,-1.4,0.0,2.5,0.75608,173.0,3.7193,6.04,60.4,2.014807019143295,,,,Sand,,,Sand 2,2,3.68,6.04,-2.2300000000000004,-4.59
-2.29,3.74,6.13,0.043,1.4,-1.4,0.0,2.5,0.6757,173.0,3.7393,6.13,61.3,1.98315973766768,,,,Sand,,,Sand 2,2,3.68,6.04,-2.2300000000000004,-4.59
-2.3099999999999996,3.76,6.28,0.041,1.4,-1.4,0.0,2.5,0.6292,174.0,3.7593,6.28,62.8,1.9579707343691033,,,,Sand,,,Sand 2,2,3.68,6.04,-2.2300000000000004,-4.59
-2.33,3.78,6.52,0.042,1.4,-1.4,0.0,2.5,0.6278,175.0,3.7793,6.52,65.2,1.9435730616846663,,,,Sand,,,Sand 2,2,3.68,6.04,-2.2300000000000004,-4.59
-2.3499999999999996,3.8,6.75,0.042,1.4,-1.4,0.0,2.5,0.60925,176.0,3.7993,6.75,67.5,1.9239278008135778,,,,Sand,,,Sand 2,2,3.68,6.04,-2.2300000000000004,-4.59
-2.37,3.82,7.04,0.0433,1.4,-1.4,0.0,2.5,0.6105,177.0,3.8193,7.04,70.4,1.9088410462238077,,,,Sand,,,Sand 2,2,3.68,6.04,-2.2300000000000004,-4.59
-2.3899999999999997,3.84,7.28,0.0447,1.4,-1.4,0.0,2.5,0.61398,177.0,3.8393,7.28,72.8,1.897792518108493,,,,Sand,,,Sand 2,2,3.68,6.04,-2.2300000000000004,-4.59
-2.41,3.86,7.48,0.046,1.4,-1.4,-0.2,2.6,0.61776,178.0,3.8593,7.48,74.8,1.889255606208814,,,,Sand,,,Sand 2,2,3.68,6.04,-2.2300000000000004,-4.59
-2.4299999999999997,3.88,7.67,0.047,1.4,-1.4,0.0,2.5,0.61913,179.0,3.8793,7.67,76.7,1.8805786999509349,,,,Sand,,,Sand 2,2,3.68,6.04,-2.2300000000000004,-4.59
-2.45,3.9,7.72,0.05,1.4,-1.4,0.0,2.5,0.64767,180.0,3.8993,7.72,77.2,1.8888159332982593,,,,Sand,,,Sand 2,2,3.68,6.04,-2.2300000000000004,-4.59
-2.4699999999999998,3.92,7.7833,0.051,1.4,-1.4,0.0,2.2,0.64875,181.0,3.9192,7.7833,77.833,1.8862416440692995,,,,Sand,,,Sand 2,2,3.68,6.04,-2.2300000000000004,-4.59
-2.49,3.94,7.8467,0.055,1.4,-1.4,0.0,2.4,0.68675,181.0,3.9392,7.8467,78.467,1.896953958165439,,,,Sand,,,Sand 2,2,3.68,6.04,-2.2300000000000004,-4.59
-2.51,3.96,7.91,0.057,1.4,-1.4,0.0,2.5,0.69343,182.0,3.9592,7.91,79.1,1.8964060063404677,,,,Sand,,,Sand 2,2,3.68,6.04,-2.2300000000000004,-4.59
-2.5300000000000002,3.98,8.07,0.058,1.4,-1.4,0.0,2.5,0.68085,183.0,3.9792,8.07,80.7,1.8847497673500953,,,,Sand,,,Sand 2,2,3.68,6.04,-2.2300000000000004,-4.59
-2.55,4.0,8.41,0.061,1.4,-1.4,0.0,2.2,0.68707,184.0,3.9992,8.41,84.1,1.8721395511925172,,,,Sand,,,Sand 2,2,3.68,6.04,-2.2300000000000004,-4.59
-2.5699999999999994,4.02,8.66,0.062,1.4,-1.4,0.0,2.9,0.6672,185.0,4.0192,8.66,86.6,1.8544465706547066,,,,Sand,,,Sand 2,2,3.68,6.04,-2.2300000000000004,-4.59
-2.59,4.04,9.36,0.063,1.4,-1.4,0.0,2.8,0.64599,185.0,4.0392,9.36,93.6,1.8186641445035205,,,,Sand,,,Sand 2,2,3.68,6.04,-2.2300000000000004,-4.59
-2.6099999999999994,4.06,10.11,0.065,1.4,-1.4,0.0,2.5,0.63601,186.0,4.0592,10.11,101.1,1.7872975748219484,,,,Sand,,,Sand 2,2,3.68,6.04,-2.2300000000000004,-4.59
-2.63,4.08,10.66,0.067,1.6,-1.6,0.0,2.5,0.62639,187.0,4.0792,10.66,106.6,1.7646636110228222,,,,Sand,,,Sand 2,2,3.68,6.04,-2.2300000000000004,-4.59
-2.6499999999999995,4.1,11.16,0.068,1.6,-1.6,0.0,2.5,0.60762,188.0,4.0992,11.16,111.6,1.7407804157638609,,,,Sand,,,Sand 2,2,3.68,6.04,-2.2300000000000004,-4.59
-2.67,4.12,11.59,0.071,1.6,-1.4,0.0,2.5,0.61029,188.0,4.1192,11.59,115.9,1.7284977705426514,,,,Sand,,,Sand 2,2,3.68,6.04,-2.2300000000000004,-4.59
-2.6899999999999995,4.14,11.81,0.074,1.6,-1.6,0.0,2.5,0.61564,189.0,4.1392,11.81,118.1,1.7240783037567062,,,,Sand,,,Sand 2,2,3.68,6.04,-2.2300000000000004,-4.59
-2.71,4.16,12.22,0.076,1.6,-1.6,0.0,2.5,0.61464,190.0,4.1592,12.22,122.2,1.7116681946082462,,,,Sand,,,Sand 2,2,3.68,6.04,-2.2300000000000004,-4.59
-2.7299999999999995,4.18,12.62,0.078,1.6,-1.4,0.0,2.5,0.61545,191.0,4.1792,12.62,126.2,1.700725888837109,,,,Sand,,,Sand 2,2,3.68,6.04,-2.2300000000000004,-4.59
-2.75,4.2,12.9,0.08,1.6,-1.6,0.0,2.5,0.61716,191.0,4.1992,12.9,129.0,1.693782745841494,,,,Sand,,,Sand 2,2,3.68,6.04,-2.2300000000000004,-4.59
-2.7699999999999996,4.22,13.2,0.082,1.6,-1.6,0.0,2.6,0.6191,192.0,4.2191,13.2,132.0,1.686597355529195,,,,Sand,,,Sand 2,2,3.68,6.04,-2.2300000000000004,-4.59
-2.79,4.24,13.42,0.083,1.6,-1.6,0.0,2.5,0.61527,193.0,4.2391,13.42,134.2,1.6792385107540493,,,,Sand,,,Sand 2,2,3.68,6.04,-2.2300000000000004,-4.59
-2.8099999999999996,4.26,13.63,0.085,1.6,-1.6,0.0,2.5,0.62078,194.0,4.2591,13.63,136.3,1.676190364114607,,,,Sand,,,Sand 2,2,3.68,6.04,-2.2300000000000004,-4.59
-2.83,4.28,13.9,0.087,1.6,-1.6,0.0,2.5,0.62793,195.0,4.2791,13.9,139.0,1.6724332564943707,,,,Sand,,,Sand 2,2,3.68,6.04,-2.2300000000000004,-4.59
-2.8499999999999996,4.3,14.07,0.09,1.6,-1.4,0.0,2.5,0.64395,195.0,4.2991,14.07,140.7,1.674945740722207,,,,Sand,,,Sand 2,2,3.68,6.04,-2.2300000000000004,-4.59
-2.87,4.32,14.18,0.092,1.6,-1.6,0.0,2.5,0.65399,196.0,4.3191,14.18,141.8,1.6764203170403802,,,,Sand,,,Sand 2,2,3.68,6.04,-2.2300000000000004,-4.59
-2.8899999999999997,4.34,14.24,0.093,1.6,-1.6,0.0,2.5,0.65841,197.0,4.3391,14.24,142.4,1.6767888236824215,,,,Sand,,,Sand 2,2,3.68,6.04,-2.2300000000000004,-4.59
-2.91,4.36,14.2,0.095,1.6,-1.6,0.0,2.5,0.67203,198.0,4.3591,14.2,142.0,1.6832667685347005,,,,Sand,,,Sand 2,2,3.68,6.04,-2.2300000000000004,-4.59
-2.9299999999999997,4.38,14.17,0.096,1.6,-1.6,0.0,2.5,0.68031,198.0,4.3791,14.17,141.7,1.6872987862079665,,,,Sand,,,Sand 2,2,3.68,6.04,-2.2300000000000004,-4.59
-2.95,4.4,14.15,0.098,1.6,-1.6,0.0,2.6,0.69689,199.0,4.3991,14.15,141.5,1.694320440943653,,,,Sand,,,Sand 2,2,3.68,6.04,-2.2300000000000004,-4.59
-2.9699999999999998,4.42,14.09,0.101,1.6,-1.6,0.0,2.5,0.72149,200.0,4.4191,14.09,140.9,1.7052439058969588,,,,Sand,,,Sand 2,2,3.68,6.04,-2.2300000000000004,-4.59
-2.99,4.44,13.99,0.102,1.8,-1.8,0.0,2.6,0.7321,201.0,4.4391,13.99,139.9,1.7116517439817782,,,,Sand,,,Sand 2,2,3.68,6.04,-2.2300000000000004,-4.59
-3.01,4.46,13.87,0.104,1.6,-1.6,0.0,2.3,0.75002,202.0,4.459,13.87,138.7,1.7212104635486514,,,,Sand,,,Sand 2,2,3.68,6.04,-2.2300000000000004,-4.59
-3.0300000000000002,4.48,13.79,0.103,1.6,-1.6,0.0,2.2,0.74644,202.0,4.479,13.79,137.9,1.7218295799670587,,,,Sand,,,Sand 2,2,3.68,6.04,-2.2300000000000004,-4.59
-3.05,4.5,13.73,0.104,1.6,-1.6,0.0,2.5,0.75685,203.0,4.499,13.73,137.3,1.7271144638939944,,,,Sand,,,Sand 2,2,3.68,6.04,-2.2300000000000004,-4.59
-3.0699999999999994,4.52,13.67,0.104,1.6,-1.6,0.0,2.5,0.75926,204.0,4.519,13.67,136.7,1.7294603073044437,,,,Sand,,,Sand 2,2,3.68,6.04,-2.2300000000000004,-4.59
-3.09,4.54,13.64,0.104,1.6,-1.6,0.0,2.5,0.76072,205.0,4.539,13.64,136.4,1.7307272464431092,,,,Sand,,,Sand 2,2,3.68,6.04,-2.2300000000000004,-4.59
-3.1099999999999994,4.56,13.61,0.103,1.6,-1.6,0.0,2.2,0.75389,206.0,4.559,13.61,136.1,1.7289765522824188,,,,Sand,,,Sand 2,2,3.68,6.04,-2.2300000000000004,-4.59
-3.13,4.58,13.63,0.103,1.6,-1.6,0.0,3.2,0.75347,206.0,4.579,13.63,136.3,1.72833013371995,,,,Sand,,,Sand 2,2,3.68,6.04,-2.2300000000000004,-4.59
-3.1499999999999995,4.6,13.64,0.103,1.6,-1.6,0.0,2.8,0.75224,207.0,4.599,13.64,136.4,1.7276336626080229,,,,Sand,,,Sand 2,2,3.68,6.04,-2.2300000000000004,-4.59
-3.17,4.62,13.66,0.103,1.6,-1.6,0.0,2.6,0.75046,208.0,4.619,13.66,136.6,1.7264890024331179,,,,Sand,,,Sand 2,2,3.68,6.04,-2.2300000000000004,-4.59
-3.1899999999999995,4.64,13.72,0.103,1.6,-1.6,0.0,2.5,0.74787,209.0,4.639,13.72,137.2,1.724065146236491,,,,Sand,,,Sand 2,2,3.68,6.04,-2.2300000000000004,-4.59
-3.21,4.66,13.79,0.104,1.6,-1.6,0.0,2.5,0.75192,209.0,4.659,13.79,137.9,1.7238478757442213,,,,Sand,,,Sand 2,2,3.68,6.04,-2.2300000000000004,-4.59
-3.2299999999999995,4.68,13.85,0.103,1.6,-1.6,0.0,2.5,0.74107,210.0,4.679,13.85,138.5,1.7183826265668904,,,,Sand,,,Sand 2,2,3.68,6.04,-2.2300000000000004,-4.59
-3.25,4.7,13.9,0.104,1.6,-1.6,0.0,2.5,0.74452,211.0,4.699,13.9,139.0,1.718453876254156,,,,Sand,,,Sand 2,2,3.68,6.04,-2.2300000000000004,-4.59
-3.2699999999999996,4.72,13.99,0.105,1.6,-1.6,0.0,2.5,0.7484,212.0,4.7189,13.99,139.9,1.7177274088824528,,,,Sand,,,Sand 2,2,3.68,6.04,-2.2300000000000004,-4.59
-3.29,4.74,14.1,0.104,1.6,-1.6,0.0,2.5,0.73864,212.0,4.7389,14.1,141.0,1.7114754341165952,,,,Sand,,,Sand 2,2,3.68,6.04,-2.2300000000000004,-4.59
-3.3099999999999996,4.76,14.18,0.105,1.8,-1.8,0.0,2.6,0.74343,213.0,4.7589,14.18,141.8,1.7113685978716178,,,,Sand,,,Sand 2,2,3.68,6.04,-2.2300000000000004,-4.59
-3.33,4.78,14.22,0.104,1.8,-1.6,0.0,2.4,0.7344,214.0,4.7789,14.22,142.2,1.707045176036336,,,,Sand,,,Sand 2,2,3.68,6.04,-2.2300000000000004,-4.59
-3.3499999999999996,4.8,14.21,0.101,1.8,-1.6,0.0,2.5,0.71189,215.0,4.7989,14.21,142.1,1.698713564815557,,,,Sand,,,Sand 2,2,3.68,6.04,-2.2300000000000004,-4.59
-3.37,4.82,14.19,0.098,1.8,-1.8,0.0,2.5,0.69014,216.0,4.8189,14.19,141.9,1.6907153510899389,,,,Sand,,,Sand 2,2,3.68,6.04,-2.2300000000000004,-4.59
-3.3899999999999997,4.84,14.2,0.095,1.8,-1.6,0.0,2.5,0.66949,216.0,4.8389,14.2,142.0,1.68224395330429,,,,Sand,,,Sand 2,2,3.68,6.04,-2.2300000000000004,-4.59
-3.41,4.86,14.2,0.09,1.8,-1.6,0.0,2.5,0.63576,217.0,4.8589,14.2,142.0,1.6683803464837008,,,,Sand,,,Sand 2,2,3.68,6.04,-2.2300000000000004,-4.59
-3.4299999999999997,4.88,14.2,0.082,1.8,-1.8,0.0,2.5,0.5813,218.0,4.8789,14.2,142.0,1.6448124522830525,,,,Sand,,,Sand 2,2,3.68,6.04,-2.2300000000000004,-4.59
-3.45,4.9,14.2,0.076,1.8,-1.8,0.2,2.5,0.54126,219.0,4.8989,14.2,142.0,1.6264522374840895,,,,Sand,,,Sand 2,2,3.68,6.04,-2.2300000000000004,-4.59
-3.4699999999999998,4.92,14.1,0.069,1.8,-1.6,0.0,2.5,0.49414,219.0,4.9188,14.1,141.0,1.6061083384337673,,,,Sand,,,Sand 2,2,3.68,6.04,-2.2300000000000004,-4.59
-3.49,4.94,13.95,0.064,1.8,-1.8,0.0,2.6,0.46101,220.0,4.9388,13.95,139.5,1.5930152248949476,,,,Sand,,,Sand 2,2,3.68,6.04,-2.2300000000000004,-4.59
-3.51,4.96,13.81,0.06,1.8,-1.8,0.0,2.4,0.4349,221.0,4.9588,13.81,138.1,1.5827878024815203,,,,Sand,,,Sand 2,2,3.68,6.04,-2.2300000000000004,-4.59
-3.5300000000000002,4.98,13.67,0.059,1.8,-1.8,0.0,2.5,0.43101,222.0,4.9788,13.67,136.7,1.5843996598132335,,,,Sand,,,Sand 2,2,3.68,6.04,-2.2300000000000004,-4.59
-3.55,5.0,13.58,0.058,1.8,-1.8,0.0,2.5,0.42804,223.0,4.9988,13.58,135.8,1.585201133194647,,,,Sand,,,Sand 2,2,3.68,6.04,-2.2300000000000004,-4.59
-3.5699999999999994,5.02,13.55,0.057,1.8,-1.6,0.0,2.1,0.42645,223.0,5.0188,13.55,135.5,1.5851442423208844,,,,Sand,,,Sand 2,2,3.68,6.04,-2.2300000000000004,-4.59
-3.59,5.04,13.51,0.058,1.8,-1.8,0.0,2.5,0.4406,224.0,5.0388,13.51,135.1,1.5938685578386933,,,,Sand,,,Sand 2,2,3.68,6.04,-2.2300000000000004,-4.59
-3.6099999999999994,5.06,13.34,0.058,1.8,-1.8,0.0,2.5,0.44935,225.0,5.0588,13.34,133.4,1.6031250673948185,,,,Sand,,,Sand 2,2,3.68,6.04,-2.2300000000000004,-4.59
-3.63,5.08,12.99,0.059,1.8,-1.8,0.0,2.5,0.46747,226.0,5.0788,12.99,129.9,1.6221768898799926,,,,Sand,,,Sand 2,2,3.68,6.04,-2.2300000000000004,-4.59
-3.6499999999999995,5.1,12.48,0.063,1.8,-1.8,0.0,2.3,0.51277,227.0,5.0988,12.48,124.8,1.6589280946922143,,,,Sand,,,Sand 2,2,3.68,6.04,-2.2300000000000004,-4.59
-3.67,5.12,12.19,0.066,1.8,-1.8,0.0,3.1,0.55468,227.0,5.1188,12.19,121.9,1.686660516504434,,,,Sand,,,Sand 2,2,3.68,6.04,-2.2300000000000004,-4.59
-3.6899999999999995,5.14,11.62,0.067,1.8,-1.8,0.0,2.8,0.58401,228.0,5.1387,11.62,116.2,1.716528706008109,,,,Sand,,,Sand 2,2,3.68,6.04,-2.2300000000000004,-4.59
-3.71,5.16,11.29,0.066,1.8,-1.8,0.0,2.5,0.59762,229.0,5.1587,11.29,112.9,1.7325182505160284,,,,Sand,,,Sand 2,2,3.68,6.04,-2.2300000000000004,-4.59
-3.7299999999999995,5.18,10.87,0.066,1.8,-1.8,0.0,2.5,0.62264,230.0,5.1787,10.87,108.7,1.7562387217568205,,,,Sand,,,Sand 2,2,3.68,6.04,-2.2300000000000004,-4.59
-3.75,5.2,10.41,0.06,1.8,-1.8,0.2,2.5,0.58961,230.0,5.1987,10.41,104.1,1.758157583051636,,,,Sand,,,Sand 2,2,3.68,6.04,-2.2300000000000004,-4.59
-3.7699999999999996,5.22,9.93,0.056,1.8,-1.8,0.0,2.5,0.57106,231.0,5.2187,9.93,99.3,1.7674234749210491,,,,Sand,,,Sand 2,2,3.68,6.04,-2.2300000000000004,-4.59
-3.79,5.24,9.56,0.052,1.8,-1.8,0.0,2.5,0.55107,232.0,5.2387,9.56,95.6,1.7727532663102858,,,,Sand,,,Sand 2,2,3.68,6.04,-2.2300000000000004,-4.59
-3.8099999999999996,5.26,8.93,0.046,1.8,-1.8,0.0,2.4,0.50556,233.0,5.2587,8.93,89.3,1.77796746336552,,,,Sand,,,Sand 2,2,3.68,6.04,-2.2300000000000004,-4.59
-3.83,5.28,8.8,0.0457,1.8,-1.8,0.0,2.5,0.51969,234.0,5.2787,8.8,88.0,1.7896425970112617,,,,Sand,,,Sand 2,2,3.68,6.04,-2.2300000000000004,-4.59
-3.8499999999999996,5.3,8.66,0.0453,1.8,-1.8,0.2,2.6,0.53177,234.0,5.2987,8.66,86.6,1.8008039813428047,,,,Sand,,,Sand 2,2,3.68,6.04,-2.2300000000000004,-4.59
-3.87,5.32,8.33,0.045,1.8,-1.8,0.2,2.5,0.5434,235.0,5.3187,8.33,83.3,1.8200973674708898,,,,Sand,,,Sand 2,2,3.68,6.04,-2.2300000000000004,-4.59
-3.8899999999999997,5.34,8.17,0.045,1.8,-1.8,0.0,2.5,0.55521,236.0,5.3386,8.17,81.7,1.8321708341440808,,,,Sand,,,Sand 2,2,3.68,6.04,-2.2300000000000004,-4.59
-3.91,5.36,7.97,0.045,1.8,-1.8,0.0,2.5,0.56684,237.0,5.3586,7.97,79.7,1.846062924677673,,,,Sand,,,Sand 2,2,3.68,6.04,-2.2300000000000004,-4.59
-3.9299999999999997,5.38,7.73,0.049,1.8,-1.8,0.2,2.5,0.63033,237.0,5.3786,7.73,77.3,1.8819338389442013,,,,Sand,,,Sand 2,2,3.68,6.04,-2.2300000000000004,-4.59
-3.95,5.4,7.66,0.048,1.8,-1.8,0.0,2.5,0.6291,238.0,5.3986,7.66,76.6,1.8847971222506588,,,,Sand,,,Sand 2,2,3.68,6.04,-2.2300000000000004,-4.59
-3.9699999999999998,5.42,7.52,0.047,2.0,-2.0,0.0,2.5,0.6274,239.0,5.4186,7.52,75.2,1.8909094135775013,,,,Sand,,,Sand 2,2,3.68,6.04,-2.2300000000000004,-4.59
-3.99,5.44,7.47,0.047,2.0222,-1.8,0.0,2.5,0.6388,240.0,5.4386,7.47,74.7,1.8975664136073902,,,,Sand,,,Sand 2,2,3.68,6.04,-2.2300000000000004,-4.59
-4.01,5.46,7.34,0.046,2.0445,-2.1,0.0,2.5,0.63624,240.0,5.4586,7.34,73.4,1.9030478242166504,,,,Sand,,,Sand 2,2,3.68,6.04,-2.2300000000000004,-4.59
-4.03,5.48,7.18,0.045,2.0667,-1.8,0.2,2.6,0.63514,241.0,5.4786,7.18,71.8,1.9107213955189482,,,,Sand,,,Sand 2,2,3.68,6.04,-2.2300000000000004,-4.59
-4.05,5.5,7.06,0.044,2.0333,-2.1,0.0,2.5,0.63366,242.0,5.4985,7.06,70.6,1.9163675223941372,,,,Sand,,,Sand 2,2,3.68,6.04,-2.2300000000000004,-4.59
-4.069999999999999,5.52,6.9,0.043,2.0,-2.0,0.0,2.5,0.63375,243.0,5.5185,6.9,69.0,1.9248297667541985,,,,Sand,,,Sand 2,2,3.68,6.04,-2.2300000000000004,-4.59
-4.09,5.54,6.71,0.042,2.0,-2.0,0.2,2.1,0.63396,244.0,5.5385,6.71,67.1,1.9351928365698996,,,,Sand,,,Sand 2,2,3.68,6.04,-2.2300000000000004,-4.59
-4.109999999999999,5.56,6.5,0.04,2.0,-2.0,0.2,2.4,0.61836,245.0,5.5585,6.5,65.0,1.9412741407193501,,,,Sand,,,Sand 2,2,3.68,6.04,-2.2300000000000004,-4.59
-4.13,5.58,6.39,0.039,2.0,-2.0,0.0,2.5,0.61758,245.0,5.5785,6.39,63.9,1.9473207708366693,,,,Sand,,,Sand 2,2,3.68,6.04,-2.2300000000000004,-4.59
-4.1499999999999995,5.6,6.2,0.038,2.0,-1.8,0.2,2.5,0.61626,246.0,5.5985,6.2,62.0,1.9580584613254906,,,,Sand,,,Sand 2,2,3.68,6.04,-2.2300000000000004,-4.59
-4.17,5.62,6.06,0.037,2.0,-2.0,0.0,2.4,0.61487,247.0,5.6185,6.06,60.6,1.966060120797097,,,,Sand,,,Sand 2,2,3.68,6.04,-2.2300000000000004,-4.59
-4.1899999999999995,5.64,5.93,0.036,2.0,-2.0,0.0,3.0,0.61368,248.0,5.6385,5.93,59.3,1.973719936584788,,,,Sand,,,Sand 2,2,3.68,6.04,-2.2300000000000004,-4.59
-4.21,5.66,5.83,0.036,2.0,-2.0,0.0,2.7,0.63103,248.0,5.6585,5.83,58.3,1.9862647586214557,,,,Sand,,,Sand 2,2,3.68,6.04,-2.2300000000000004,-4.59
-4.2299999999999995,5.68,5.71,0.035,2.0,-1.8,0.0,2.5,0.6322,249.0,5.6784,5.71,57.1,1.9944321794410378,,,,Sand,,,Sand 2,2,3.68,6.04,-2.2300000000000004,-4.59
-4.25,5.7,5.52,0.035,2.0,-2.0,0.0,2.5,0.65329,250.0,5.6984,5.52,55.2,2.014358211420845,,,,Sand,,,Sand 2,2,3.68,6.04,-2.2300000000000004,-4.59
-4.27,5.72,5.29,0.034,2.0,-2.0,0.2,2.5,0.65669,251.0,5.7184,5.29,52.9,2.0313871357172504,,,,Sand,,,Sand 2,2,3.68,6.04,-2.2300000000000004,-4.59
-4.29,5.74,5.1,0.033,2.0,-2.0,0.0,2.5,0.66033,251.0,5.7384,5.1,51.0,2.046280010310455,,,,Sand,,,Sand 2,2,3.68,6.04,-2.2300000000000004,-4.59
-4.31,5.76,4.85,0.031,2.0,-2.0,0.2,2.5,0.64182,252.0,5.7584,4.85,48.5,2.058920960553917,,,,Sand mixtures,,,Sand 2,2,3.68,6.04,-2.2300000000000004,-4.59
-4.33,5.78,4.63,0.031,2.0,-2.0,0.0,2.5,0.66151,253.0,5.7784,4.63,46.3,2.0829411869665537,,,,Sand mixtures,,,Sand 2,2,3.68,6.04,-2.2300000000000004,-4.59
-4.35,5.8,4.49,0.029,2.0,-2.0,0.2,2.5,0.63423,254.0,5.7984,4.49,44.9,2.085477606192652,,,,Sand mixtures,,,Sand 2,2,3.68,6.04,-2.2300000000000004,-4.59
-4.37,5.82,4.39,0.028,2.0,-1.8,0.2,2.5,0.62396,255.0,5.8184,4.39,43.9,2.0905571400051963,,,,Sand mixtures,,,Sand 2,2,3.68,6.04,-2.2300000000000004,-4.59
-4.39,5.84,4.37,0.027,2.0,-2.0,0.0,2.6,0.60862,255.0,5.8383,4.37,43.7,2.087067201004312,,,,Sand mixtures,,,Sand 2,2,3.68,6.04,-2.2300000000000004,-4.59
-4.41,5.86,4.37,0.026,2.0,-1.8,0.2,2.5,0.5894,256.0,5.8583,4.37,43.7,2.0803966931994498,,,,Sand mixtures,,,Sand 2,2,3.68,6.04,-2.2300000000000004,-4.59
-4.43,5.88,4.38,0.025,2.0,-2.0,0.2,2.5,0.56786,257.0,5.8783,4.38,43.8,2.0718718581309488,,,,Sand mixtures,,,Sand 2,2,3.68,6.04,-2.2300000000000004,-4.59
-4.45,5.9,4.42,0.026,2.0,-2.0,0.0,2.5,0.5899,258.0,5.8983,4.42,44.2,2.076228726682763,,,,Sand mixtures,,,Sand 2,2,3.68,6.04,-2.2300000000000004,-4.59
-4.47,5.92,4.44,0.026,2.0,-2.0,0.0,2.5,0.58824,258.0,5.9183,4.44,44.4,2.0739216597835517,,,,Sand mixtures,,,Sand 2,2,3.68,6.04,-2.2300000000000004,-4.59
-4.49,5.94,4.43,0.025,2.0,-2.0,0.2,2.5,0.56322,259.0,5.9383,4.43,44.3,2.065845899846764,,,,Sand mixtures,,,Sand 2,2,3.68,6.04,-2.2300000000000004,-4.59
-4.51,5.96,4.42,0.027,2.0,-2.0,0.2,2.5,0.60403,260.0,5.9583,4.42,44.2,2.081154014876212,,,,Sand mixtures,,,Sand 2,2,3.68,6.04,-2.2300000000000004,-4.59
-4.53,5.98,4.43,0.026,2.1,-2.1,0.0,2.5,0.57618,261.0,5.9783,4.43,44.3,2.0705066318710883,,,,Sand mixtures,,,Sand 2,2,3.68,6.04,-2.2300000000000004,-4.59
-4.55,6.0,4.47,0.026,2.0,-2.0,0.0,2.5,0.56893,262.0,5.9982,4.47,44.7,2.0644661397109374,,,,Sand mixtures,,,Sand 2,2,3.68,6.04,-2.2300000000000004,-4.59
-4.569999999999999,6.02,4.52,0.027,2.1,-2.1,0.0,2.6,0.58018,262.0,6.0182,4.52,45.2,2.064247609000185,,,,Sand mixtures,,,Sand 2,2,3.68,6.04,-2.2300000000000004,-4.59
-4.59,6.04,4.63,0.028,2.0,-2.0,0.2,2.5,0.58901,263.0,6.0382,4.63,46.3,2.058220313268439,,,,Sand mixtures,,,Sand 3,3,6.04,35.04,-4.59,-33.589999999999996
-4.609999999999999,6.06,4.76,0.027,2.0,-2.0,0.2,2.5,0.55541,264.0,6.0582,4.76,47.6,2.035473511543978,,,,Sand,,,Sand 3,3,6.04,35.04,-4.59,-33.589999999999996
-4.63,6.08,4.9,0.028,2.0,-2.0,0.0,2.2,0.56296,265.0,6.0782,4.9,49.0,2.027197238885735,,,,Sand,,,Sand 3,3,6.04,35.04,-4.59,-33.589999999999996
-4.6499999999999995,6.1,5.1,0.028,2.1,-2.1,0.0,2.4,0.5501,266.0,6.0982,5.1,51.0,2.0071390179888566,,,,Sand,,,Sand 3,3,6.04,35.04,-4.59,-33.589999999999996
-4.67,6.12,5.22,0.028,2.2,-2.1,0.2,2.5,0.53807,266.0,6.1182,5.22,52.2,1.993678271221939,,,,Sand,,,Sand 3,3,6.04,35.04,-4.59,-33.589999999999996
-4.6899999999999995,6.14,5.29,0.03,2.2,-2.1,0.2,2.5,0.56391,267.0,6.1382,5.29,52.9,1.9984157619647054,,,,Sand,,,Sand 3,3,6.04,35.04,-4.59,-33.589999999999996
-4.71,6.16,5.37,0.031,2.2,-2.0,0.2,2.4,0.57064,268.0,6.1581,5.37,53.7,1.9952374930118564,,,,Sand,,,Sand 3,3,6.04,35.04,-4.59,-33.589999999999996
-4.7299999999999995,6.18,5.45,0.032,2.2,-2.1,0.2,2.8,0.57866,269.0,6.1781,5.45,54.5,1.9926206230441412,,,,Sand,,,Sand 3,3,6.04,35.04,-4.59,-33.589999999999996
-4.75,6.2,5.54,0.033,2.2,-2.1,0.2,2.9,0.58667,269.0,6.1981,5.54,55.4,1.9893946304927819,,,,Sand,,,Sand 3,3,6.04,35.04,-4.59,-33.589999999999996
-4.77,6.22,5.69,0.033,2.2,-2.1,0.2,2.5,0.57768,270.0,6.2181,5.69,56.9,1.9759934100729408,,,,Sand,,,Sand 3,3,6.04,35.04,-4.59,-33.589999999999996
-4.79,6.24,5.8,0.034,2.1,-2.1,0.0,2.5,0.58722,271.0,6.2381,5.8,58.0,1.9723374741086745,,,,Sand,,,Sand 3,3,6.04,35.04,-4.59,-33.589999999999996
-4.81,6.26,5.88,0.033,2.1,-2.1,0.0,2.5,0.5635,272.0,6.2581,5.88,58.8,1.9582524055133745,,,,Sand,,,Sand 3,3,6.04,35.04,-4.59,-33.589999999999996
-4.83,6.28,5.98,0.034,2.2,-2.1,0.2,2.5,0.57469,272.0,6.278,5.98,59.8,1.9561572369873588,,,,Sand,,,Sand 3,3,6.04,35.04,-4.59,-33.589999999999996
-4.85,6.3,5.99,0.036,2.2,-2.1,0.2,2.5,0.60403,273.0,6.298,5.99,59.9,1.9664491094394743,,,,Sand,,,Sand 3,3,6.04,35.04,-4.59,-33.589999999999996
-4.87,6.32,5.99,0.036,2.2,-2.0,0.0,2.5,0.60088,274.0,6.318,5.99,59.9,1.9652941075228416,,,,Sand,,,Sand 3,3,6.04,35.04,-4.59,-33.589999999999996
-4.89,6.34,5.98,0.037,2.2,-2.1,0.2,2.5,0.61602,275.0,6.338,5.98,59.8,1.9714316030597634,,,,Sand,,,Sand 3,3,6.04,35.04,-4.59,-33.589999999999996
-4.91,6.36,6.02,0.037,2.2,-2.1,0.2,2.5,0.61718,276.0,6.358,6.02,60.2,1.969364394184446,,,,Sand,,,Sand 3,3,6.04,35.04,-4.59,-33.589999999999996
-4.93,6.38,6.04,0.04,2.2,-2.1,0.2,2.6,0.67072,276.0,6.378,6.04,60.4,1.9869184242274058,,,,Sand,,,Sand 3,3,6.04,35.04,-4.59,-33.589999999999996
-4.95,6.4,6.05,0.04,2.2,-2.1,0.2,2.5,0.67568,277.0,6.398,6.05,60.5,1.9879955273169971,,,,Sand,,,Sand 3,3,6.04,35.04,-4.59,-33.589999999999996
-4.97,6.42,6.0,0.039,2.2,-2.1,0.2,2.5,0.66496,278.0,6.4179,6.0,60.0,1.9874040080780078,,,,Sand,,,Sand 3,3,6.04,35.04,-4.59,-33.589999999999996
-4.99,6.44,5.89,0.04,2.2,-2.1,0.2,2.5,0.6907,279.0,6.4379,5.89,58.9,2.0029234040827775,,,,Sand,,,Sand 3,3,6.04,35.04,-4.59,-33.589999999999996
-5.01,6.46,5.74,0.04,2.2,-2.1,0.2,2.5,0.70068,279.0,6.4579,5.74,57.4,2.015726863554186,,,,Sand,,,Sand 3,3,6.04,35.04,-4.59,-33.589999999999996
-5.03,6.48,5.64,0.04,2.2,-2.1,0.2,2.5,0.7119,280.0,6.4779,5.64,56.4,2.02585389769754,,,,Sand,,,Sand 3,3,6.04,35.04,-4.59,-33.589999999999996
-5.05,6.5,5.54,0.038,2.2,-2.1,0.2,2.5,0.68623,281.0,6.4979,5.54,55.4,2.024079237582484,,,,Sand,,,Sand 3,3,6.04,35.04,-4.59,-33.589999999999996
-5.069999999999999,6.52,5.43,0.037,2.2,-2.1,0.2,2.5,0.67518,282.0,6.5179,5.43,54.3,2.027856272946435,,,,Sand,,,Sand 3,3,6.04,35.04,-4.59,-33.589999999999996
-5.09,6.54,5.38,0.035,2.4,-2.3,0.2,2.5,0.64205,283.0,6.5379,5.38,53.8,2.0200930757672397,,,,Sand,,,Sand 3,3,6.04,35.04,-4.59,-33.589999999999996
-5.109999999999999,6.56,5.33,0.032,2.2,-2.1,0.2,2.6,0.58702,283.0,6.5578,5.33,53.3,2.0041044325667863,,,,Sand,,,Sand 3,3,6.04,35.04,-4.59,-33.589999999999996
-5.13,6.58,5.35,0.031,2.2,-2.1,0.2,2.5,0.56621,284.0,6.5778,5.35,53.5,1.9949979530804145,,,,Sand,,,Sand 3,3,6.04,35.04,-4.59,-33.589999999999996
-5.1499999999999995,6.6,5.43,0.031,2.2,-2.1,0.2,2.5,0.56045,285.0,6.5978,5.43,54.3,1.9872048980226846,,,,Sand,,,Sand 3,3,6.04,35.04,-4.59,-33.589999999999996
-5.17,6.62,5.51,0.03,2.2,-2.1,0.2,2.3,0.53452,286.0,6.6178,5.51,55.1,1.9716877194705251,,,,Sand,,,Sand 3,3,6.04,35.04,-4.59,-33.589999999999996
-5.1899999999999995,6.64,5.64,0.032,2.2,-2.1,0.2,2.3,0.55895,287.0,6.6378,5.64,56.4,1.9722606225063382,,,,Sand,,,Sand 3,3,6.04,35.04,-4.59,-33.589999999999996
-5.21,6.66,5.73,0.033,2.4,-2.3,0.2,2.5,0.56398,287.0,6.6578,5.73,57.3,1.9681889592818684,,,,Sand,,,Sand 3,3,6.04,35.04,-4.59,-33.589999999999996
-5.2299999999999995,6.68,5.88,0.033,2.4,-2.1,0.2,2.5,0.553,288.0,6.6777,5.88,58.8,1.9542152280415772,,,,Sand,,,Sand 3,3,6.04,35.04,-4.59,-33.589999999999996
-5.25,6.7,6.03,0.035,2.4,-2.3,0.0,2.5,0.57649,289.0,6.6977,6.03,60.3,1.9537093176763023,,,,Sand,,,Sand 3,3,6.04,35.04,-4.59,-33.589999999999996
-5.27,6.72,6.23,0.036,2.4,-2.3,0.2,2.7,0.58537,290.0,6.7177,6.23,62.3,1.9448288411991217,,,,Sand,,,Sand 3,3,6.04,35.04,-4.59,-33.589999999999996
-5.29,6.74,6.36,0.037,2.4,-2.3,0.2,2.8,0.59581,290.0,6.7377,6.36,63.6,1.9410318635428165,,,,Sand,,,Sand 3,3,6.04,35.04,-4.59,-33.589999999999996
-5.31,6.76,6.36,0.037,2.4,-2.1,0.2,2.5,0.59188,291.0,6.7577,6.36,63.6,1.9395599582401726,,,,Sand,,,Sand 3,3,6.04,35.04,-4.59,-33.589999999999996
-5.33,6.78,6.34,0.04,2.4,-2.3,0.2,2.5,0.63732,292.0,6.7777,6.34,63.4,1.957353986565953,,,,Sand,,,Sand 3,3,6.04,35.04,-4.59,-33.589999999999996
-5.35,6.8,6.27,0.038,2.4,-2.1,0.2,2.5,0.60485,293.0,6.7976,6.27,62.7,1.9497004807899567,,,,Sand,,,Sand 3,3,6.04,35.04,-4.59,-33.589999999999996
-5.37,6.82,6.21,0.037,2.4,-2.3,0.2,2.5,0.58882,293.0,6.8176,6.21,62.1,1.9473282302948272,,,,Sand,,,Sand 3,3,6.04,35.04,-4.59,-33.589999999999996
-5.39,6.84,6.21,0.037,2.4,-2.1,0.2,2.5,0.58777,294.0,6.8376,6.21,62.1,1.9469342805480199,,,,Sand,,,Sand 3,3,6.04,35.04,-4.59,-33.589999999999996
-5.41,6.86,6.23,0.037,2.4,-2.3,0.2,2.5,0.58463,295.0,6.8576,6.23,62.3,1.9445499751354423,,,,Sand,,,Sand 3,3,6.04,35.04,-4.59,-33.589999999999996
-5.43,6.88,6.28,0.036,2.4,-2.3,0.2,2.5,0.56327,296.0,6.8776,6.28,62.8,1.9333933152706881,,,,Sand,,,Sand 3,3,6.04,35.04,-4.59,-33.589999999999996
-5.45,6.9,6.37,0.037,2.4,-2.3,0.2,2.5,0.57132,297.0,6.8976,6.37,63.7,1.931161527893502,,,,Sand,,,Sand 3,3,6.04,35.04,-4.59,-33.589999999999996
-5.47,6.92,6.45,0.037,2.4,-2.3,0.2,2.6,0.56231,297.0,6.9175,6.45,64.5,1.92299636177089,,,,Sand,,,Sand 3,3,6.04,35.04,-4.59,-33.589999999999996
-5.49,6.94,6.61,0.036,2.4,-2.3,0.2,2.5,0.53641,298.0,6.9375,6.61,66.1,1.903517670528004,,,,Sand,,,Sand 3,3,6.04,35.04,-4.59,-33.589999999999996
-5.51,6.96,6.77,0.038,2.4,-2.3,0.2,2.5,0.55293,299.0,6.9575,6.77,67.7,1.9011584201054506,,,,Sand,,,Sand 3,3,6.04,35.04,-4.59,-33.589999999999996
-5.53,6.98,6.89,0.038,2.4,-2.3,0.2,2.5,0.53568,300.0,6.9775,6.89,68.9,1.8876254995595634,,,,Sand,,,Sand 3,3,6.04,35.04,-4.59,-33.589999999999996
-5.55,7.0,7.04,0.04,2.4,-2.3,0.2,2.5,0.5445,300.0,6.9975,7.04,70.4,1.8831363282437052,,,,Sand,,,Sand 3,3,6.04,35.04,-4.59,-33.589999999999996
-5.569999999999999,7.02,7.28,0.041,2.4,-2.1,0.2,2.5,0.53726,301.0,7.0174,7.28,72.8,1.8676434617317137,,,,Sand,,,Sand 3,3,6.04,35.04,-4.59,-33.589999999999996
-5.59,7.04,7.57,0.043,2.4,-2.3,0.2,2.5,0.5402,302.0,7.0374,7.57,75.7,1.8542751004690716,,,,Sand,,,Sand 3,3,6.04,35.04,-4.59,-33.589999999999996
-5.609999999999999,7.06,8.14,0.043,2.4,-2.3,0.2,2.5,0.51528,303.0,7.0574,8.14,81.4,1.8166884526193396,,,,Sand,,,Sand 3,3,6.04,35.04,-4.59,-33.589999999999996
-5.63,7.08,8.47,0.044,2.4,-2.3,0.2,2.5,0.50142,304.0,7.0774,8.47,84.7,1.7957991695873194,,,,Sand,,,Sand 3,3,6.04,35.04,-4.59,-33.589999999999996
-5.6499999999999995,7.1,8.89,0.047,2.4,-2.3,0.2,2.6,0.50749,304.0,7.0974,8.89,88.9,1.780493159247913,,,,Sand,,,Sand 3,3,6.04,35.04,-4.59,-33.589999999999996
-5.67,7.12,9.4,0.047,2.4,-2.3,0.2,2.5,0.47941,305.0,7.1174,9.4,94.0,1.7469686552297652,,,,Sand,,,Sand 3,3,6.04,35.04,-4.59,-33.589999999999996
-5.6899999999999995,7.14,9.97,0.05,2.4,-2.3,0.2,2.5,0.48397,306.0,7.1373,9.97,99.7,1.727262096403279,,,,Sand,,,Sand 3,3,6.04,35.04,-4.59,-33.589999999999996
-5.71,7.16,10.48,0.052,2.4,-2.3,0.2,2.2,0.47646,307.0,7.1573,10.48,104.8,1.7052577251808512,,,,Sand,,,Sand 3,3,6.04,35.04,-4.59,-33.589999999999996
-5.7299999999999995,7.18,11.17,0.054,2.4,-2.3,0.2,2.5,0.46839,308.0,7.1773,11.17,111.7,1.6778303553596308,,,,Sand,,,Sand 3,3,6.04,35.04,-4.59,-33.589999999999996
-5.75,7.2,11.91,0.055,2.4,-2.3,0.2,2.5,0.453,308.0,7.1973,11.91,119.1,1.6465205969990688,,,,Sand,,,Sand 3,3,6.04,35.04,-4.59,-33.589999999999996
-5.77,7.22,12.36,0.059,2.4,-2.3,0.2,2.5,0.46125,309.0,7.2173,12.36,123.6,1.6371244965980851,,,,Sand,,,Sand 3,3,6.04,35.04,-4.59,-33.589999999999996
-5.79,7.24,13.13,0.061,2.5,-2.5,0.2,2.2,0.45459,310.0,7.2373,13.13,131.3,1.6116466426949372,,,,Sand,,,Sand 3,3,6.04,35.04,-4.59,-33.589999999999996
-5.81,7.26,13.81,0.065,2.4,-2.3,0.2,3.0,0.4642,311.0,7.2572,13.81,138.1,1.5983212602332617,,,,Sand,,,Sand 3,3,6.04,35.04,-4.59,-33.589999999999996
-5.83,7.28,14.3,0.071,2.4,-2.3,0.2,2.7,0.48932,311.0,7.2772,14.3,143.0,1.5986559042260533,,,,Sand,,,Sand 3,3,6.04,35.04,-4.59,-33.589999999999996
-5.85,7.3,15.17,0.072,2.4,-2.3,0.2,2.4,0.47996,312.0,7.2972,15.17,151.7,1.572809176429753,,,,Sand,,,Sand 3,3,6.04,35.04,-4.59,-33.589999999999996
-5.87,7.32,15.5,0.075,2.4,-2.3,0.2,2.6,0.48587,313.0,7.3172,15.5,155.0,1.5682249921992826,,,,Sand,,,Sand 3,3,6.04,35.04,-4.59,-33.589999999999996
-5.89,7.34,15.84,0.076,2.5,-2.5,0.2,2.5,0.48082,314.0,7.3372,15.84,158.4,1.5579134711273253,,,,Sand,,,Sand 3,3,6.04,35.04,-4.59,-33.589999999999996
-5.91,7.36,15.97,0.073,2.4,-2.3,0.2,2.5,0.45275,315.0,7.3571,15.97,159.7,1.5400144400804932,,,,Sand,,,Sand 3,3,6.04,35.04,-4.59,-33.589999999999996
-5.93,7.38,16.29,0.073,2.5,-2.5,0.2,2.5,0.4457,315.0,7.3771,16.29,162.9,1.5290512280387851,,,,Sand,,,Sand 3,3,6.04,35.04,-4.59,-33.589999999999996
-5.95,7.4,16.61,0.072,2.5,-2.5,0.2,2.5,0.43331,316.0,7.3971,16.61,166.1,1.5151501866685915,,,,Sand,,,Sand 3,3,6.04,35.04,-4.59,-33.589999999999996
-5.97,7.42,16.77,0.07,2.5,-2.5,0.2,2.5,0.41574,317.0,7.4171,16.77,167.7,1.5016024520337117,,,,Sand,,,Sand 3,3,6.04,35.04,-4.59,-33.589999999999996
-5.99,7.44,16.84,0.068,2.5,-2.5,0.2,2.5,0.39836,318.0,7.4371,16.84,168.4,1.489811151471992,,,,Sand,,,Sand 3,3,6.04,35.04,-4.59,-33.589999999999996
-6.01,7.46,17.21,0.069,2.4,-2.3,0.2,2.6,0.39873,318.0,7.4571,17.21,172.1,1.4821642074475432,,,,Sand,,,Sand 3,3,6.04,35.04,-4.59,-33.589999999999996
-6.03,7.48,17.4,0.066,2.5,-2.5,0.2,2.4,0.3762,319.0,7.477,17.4,174.0,1.4643224386436868,,,,Sand,,,Sand 3,3,6.04,35.04,-4.59,-33.589999999999996
-6.05,7.5,17.61,0.067,2.5,-2.5,0.0,2.5,0.37567,320.0,7.497,17.61,176.1,1.4596172616669112,,,,Sand,,,Sand 3,3,6.04,35.04,-4.59,-33.589999999999996
-6.069999999999999,7.52,17.83,0.068,2.5,-2.5,0.2,2.5,0.37468,321.0,7.517,17.83,178.3,1.454472088370823,,,,Sand,,,Sand 3,3,6.04,35.04,-4.59,-33.589999999999996
-6.09,7.54,18.17,0.072,2.5,-2.5,0.2,2.5,0.39088,322.0,7.537,18.17,181.7,1.4577640605116071,,,,Sand,,,Sand 3,3,6.04,35.04,-4.59,-33.589999999999996
-6.109999999999999,7.56,18.52,0.073,2.5,-2.5,0.2,2.5,0.39121,322.0,7.557,18.52,185.2,1.4510951485847454,,,,Sand,,,Sand 3,3,6.04,35.04,-4.59,-33.589999999999996
-6.13,7.58,19.1,0.075,2.5,-2.5,0.2,2.5,0.3978,323.0,7.5769,19.1,191.0,1.4441232646088564,,,,Sand,,,Sand 3,3,6.04,35.04,-4.59,-33.589999999999996
-6.1499999999999995,7.6,19.35,0.078,2.5,-2.5,0.2,2.5,0.41061,324.0,7.5969,19.35,193.5,1.4473592147034744,,,,Sand,,,Sand 3,3,6.04,35.04,-4.59,-33.589999999999996
-6.17,7.62,19.38,0.078,2.5,-2.5,0.2,2.5,0.40953,325.0,7.6169,19.38,193.8,1.4461506217954754,,,,Sand,,,Sand 3,3,6.04,35.04,-4.59,-33.589999999999996
-6.1899999999999995,7.64,19.32,0.081,2.5,-2.5,0.2,2.6,0.42604,325.0,7.6369,19.32,193.2,1.4571908167000778,,,,Sand,,,Sand 3,3,6.04,35.04,-4.59,-33.589999999999996
-6.21,7.66,19.16,0.082,2.5,-2.5,0.2,2.4,0.43464,326.0,7.6569,19.16,191.6,1.4651931632012969,,,,Sand,,,Sand 3,3,6.04,35.04,-4.59,-33.589999999999996
-6.2299999999999995,7.68,18.97,0.085,2.5,-2.5,0.2,2.5,0.45628,327.0,7.6768,18.97,189.7,1.4811317970561244,,,,Sand,,,Sand 3,3,6.04,35.04,-4.59,-33.589999999999996
-6.25,7.7,18.57,0.089,2.5,-2.5,0.2,2.1,0.48558,328.0,7.6968,18.57,185.7,1.5047130834466573,,,,Sand,,,Sand 3,3,6.04,35.04,-4.59,-33.589999999999996
-6.27,7.72,18.25,0.091,2.5,-2.5,0.2,2.4,0.50622,329.0,7.7168,18.25,182.5,1.5216598151173566,,,,Sand,,,Sand 3,3,6.04,35.04,-4.59,-33.589999999999996
-6.29,7.74,17.93,0.091,2.5,-2.5,0.2,2.5,0.51745,329.0,7.7368,17.93,179.3,1.5335537434917867,,,,Sand,,,Sand 3,3,6.04,35.04,-4.59,-33.589999999999996
-6.31,7.76,17.45,0.093,2.5,-2.5,0.2,2.5,0.5422,330.0,7.7568,17.45,174.5,1.5552835237673757,,,,Sand,,,Sand 3,3,6.04,35.04,-4.59,-33.589999999999996
-6.33,7.78,16.98,0.095,2.5,-2.5,0.2,2.5,0.57036,331.0,7.7767,16.98,169.8,1.5781703111003855,,,,Sand,,,Sand 3,3,6.04,35.04,-4.59,-33.589999999999996
-6.35,7.8,16.5,0.093,2.7,-2.7,0.2,2.2,0.57683,332.0,7.7967,16.5,165.0,1.5909906765630335,,,,Sand,,,Sand 3,3,6.04,35.04,-4.59,-33.589999999999996
-6.37,7.82,16.04,0.092,2.7,-2.5,0.2,3.2,0.59045,333.0,7.8167,16.04,160.4,1.6069075866723594,,,,Sand,,,Sand 3,3,6.04,35.04,-4.59,-33.589999999999996
-6.39,7.84,15.5,0.089,2.7,-2.7,0.2,2.7,0.59126,333.0,7.8367,15.5,155.0,1.6190044947051938,,,,Sand,,,Sand 3,3,6.04,35.04,-4.59,-33.589999999999996
-6.41,7.86,14.6,0.087,2.7,-2.7,0.2,2.5,0.59835,334.0,7.8567,14.6,146.0,1.64275205863685,,,,Sand,,,Sand 3,3,6.04,35.04,-4.59,-33.589999999999996
-6.43,7.88,13.98,0.087,2.7,-2.5,0.2,2.5,0.61933,335.0,7.8766,13.98,139.8,1.6668136143181784,,,,Sand,,,Sand 3,3,6.04,35.04,-4.59,-33.589999999999996
-6.45,7.9,13.6,0.085,2.7,-2.7,0.2,2.5,0.62679,336.0,7.8966,13.6,136.0,1.6794837100469049,,,,Sand,,,Sand 3,3,6.04,35.04,-4.59,-33.589999999999996
-6.47,7.92,13.22,0.084,2.7,-2.7,0.2,2.5,0.64128,336.0,7.9166,13.22,132.2,1.6952886351417316,,,,Sand,,,Sand 3,3,6.04,35.04,-4.59,-33.589999999999996
-6.49,7.94,12.88,0.082,2.7,-2.7,0.2,2.5,0.64529,337.0,7.9366,12.88,128.8,1.7059378903355227,,,,Sand,,,Sand 3,3,6.04,35.04,-4.59,-33.589999999999996
-6.51,7.96,12.56,0.08,2.7,-2.7,0.2,2.5,0.6479,338.0,7.9565,12.56,125.6,1.715715046725476,,,,Sand,,,Sand 3,3,6.04,35.04,-4.59,-33.589999999999996
-6.53,7.98,12.15,0.078,2.7,-2.7,0.2,2.5,0.64986,339.0,7.9765,12.15,121.5,1.7280380903725012,,,,Sand,,,Sand 3,3,6.04,35.04,-4.59,-33.589999999999996
-6.55,8.0,11.8,0.076,2.7,-2.7,0.2,2.6,0.65068,339.0,7.9965,11.8,118.0,1.7385575126355064,,,,Sand,,,Sand 3,3,6.04,35.04,-4.59,-33.589999999999996
-6.569999999999999,8.02,11.47,0.076,2.7,-2.7,0.2,2.5,0.66813,340.0,8.0165,11.47,114.7,1.7552965003861785,,,,Sand,,,Sand 3,3,6.04,35.04,-4.59,-33.589999999999996
-6.589999999999999,8.04,11.1,0.074,2.7,-2.7,0.2,2.5,0.66757,341.0,8.0365,11.1,111.0,1.7665441416217207,,,,Sand,,,Sand 3,3,6.04,35.04,-4.59,-33.589999999999996
-6.61,8.06,10.84,0.073,2.7,-2.7,0.2,2.5,0.67405,342.0,8.0564,10.84,108.4,1.7773283627039642,,,,Sand,,,Sand 3,3,6.04,35.04,-4.59,-33.589999999999996
-6.63,8.08,10.64,0.071,2.7,-2.7,0.2,2.5,0.66973,343.0,8.0764,10.64,106.4,1.7822243851239907,,,,Sand,,,Sand 3,3,6.04,35.04,-4.59,-33.589999999999996
-6.6499999999999995,8.1,10.44,0.07,2.7,-2.7,0.2,2.5,0.67283,343.0,8.0964,10.44,104.4,1.7900770541482072,,,,Sand,,,Sand 3,3,6.04,35.04,-4.59,-33.589999999999996
-6.669999999999999,8.12,10.24,0.067,2.7,-2.7,0.2,2.5,0.65478,344.0,8.1164,10.24,102.4,1.7900329343516812,,,,Sand,,,Sand 3,3,6.04,35.04,-4.59,-33.589999999999996
-6.69,8.14,10.11,0.065,2.7,-2.7,0.2,2.5,0.64476,345.0,8.1363,10.11,101.1,1.790702263574614,,,,Sand,,,Sand 3,3,6.04,35.04,-4.59,-33.589999999999996
-6.71,8.16,9.97,0.065,2.7,-2.5,0.2,2.5,0.65392,346.0,8.1563,9.97,99.7,1.79918014010906,,,,Sand,,,Sand 3,3,6.04,35.04,-4.59,-33.589999999999996
-6.7299999999999995,8.18,9.89,0.064,2.7,-2.7,0.2,2.6,0.65157,346.0,8.1763,9.89,98.9,1.8011444954096132,,,,Sand,,,Sand 3,3,6.04,35.04,-4.59,-33.589999999999996
-6.749999999999999,8.2,9.73,0.062,2.7,-2.7,0.2,2.5,0.63712,347.0,8.1963,9.73,97.3,1.8013935436931154,,,,Sand,,,Sand 3,3,6.04,35.04,-4.59,-33.589999999999996
-6.7700000000000005,8.22,9.63,0.062,2.9,-2.9,0.2,2.5,0.64199,348.0,8.2163,9.63,96.3,1.8069646222925864,,,,Sand,,,Sand 3,3,6.04,35.04,-4.59,-33.589999999999996
-6.79,8.24,9.51,0.061,2.7,-2.7,0.2,2.1,0.6355,349.0,8.2362,9.51,95.1,1.8089474311607427,,,,Sand,,,Sand 3,3,6.04,35.04,-4.59,-33.589999999999996
-6.81,8.26,9.5,0.06,2.7,-2.7,0.2,2.4,0.6277,350.0,8.2562,9.5,95.0,1.8062968287590964,,,,Sand,,,Sand 3,3,6.04,35.04,-4.59,-33.589999999999996
-6.829999999999999,8.28,9.51,0.061,2.7,-2.7,0.2,2.5,0.63975,351.0,8.2762,9.51,95.1,1.8105862295363417,,,,Sand,,,Sand 3,3,6.04,35.04,-4.59,-33.589999999999996
-6.8500000000000005,8.3,9.52,0.061,2.7,-2.7,0.2,2.5,0.64059,351.0,8.2962,9.52,95.2,1.8105332269557601,,,,Sand,,,Sand 3,3,6.04,35.04,-4.59,-33.589999999999996
-6.87,8.32,9.5,0.061,2.9,-2.9,0.2,2.2,0.64034,352.0,8.3161,9.5,95.0,1.8111895602078147,,,,Sand,,,Sand 3,3,6.04,35.04,-4.59,-33.589999999999996
-6.89,8.34,9.57,0.062,2.7,-2.7,0.2,3.1,0.65083,353.0,8.3361,9.57,95.7,1.8125778498902307,,,,Sand,,,Sand 3,3,6.04,35.04,-4.59,-33.589999999999996
-6.909999999999999,8.36,9.54,0.062,2.9,-2.9,0.2,2.9,0.65135,354.0,8.3561,9.54,95.4,1.813895889277792,,,,Sand,,,Sand 3,3,6.04,35.04,-4.59,-33.589999999999996
-6.930000000000001,8.38,9.53,0.062,2.7,-2.7,0.2,2.5,0.65255,354.0,8.3761,9.53,95.3,1.814725786909539,,,,Sand,,,Sand 3,3,6.04,35.04,-4.59,-33.589999999999996
-6.95,8.4,9.54,0.061,2.7,-2.7,0.2,2.5,0.64338,355.0,8.3961,9.54,95.4,1.810853821228392,,,,Sand,,,Sand 3,3,6.04,35.04,-4.59,-33.589999999999996
-6.97,8.42,9.5,0.06,2.7,-2.7,0.2,2.5,0.63534,356.0,8.416,9.5,95.0,1.8092624245165598,,,,Sand,,,Sand 3,3,6.04,35.04,-4.59,-33.589999999999996
-6.989999999999999,8.44,9.45,0.06,2.7,-2.7,0.2,2.5,0.63796,357.0,8.436,9.45,94.5,1.8121632633111553,,,,Sand,,,Sand 3,3,6.04,35.04,-4.59,-33.589999999999996
-7.010000000000001,8.46,9.38,0.059,2.7,-2.7,0.2,2.5,0.63051,357.0,8.456,9.38,93.8,1.8119514533498442,,,,Sand,,,Sand 3,3,6.04,35.04,-4.59,-33.589999999999996
-7.03,8.48,9.34,0.059,2.7,-2.7,0.2,2.5,0.63407,358.0,8.476,9.34,93.4,1.8148619669191617,,,,Sand,,,Sand 3,3,6.04,35.04,-4.59,-33.589999999999996
-7.05,8.5,9.27,0.058,2.7,-2.7,0.2,2.5,0.62677,359.0,8.4959,9.27,92.7,1.8147392149062243,,,,Sand,,,Sand 3,3,6.04,35.04,-4.59,-33.589999999999996
-7.069999999999999,8.52,9.23,0.057,2.9,-2.9,0.2,2.5,0.61957,360.0,8.5159,9.23,92.3,1.8134896910177218,,,,Sand,,,Sand 3,3,6.04,35.04,-4.59,-33.589999999999996
-7.089999999999999,8.54,9.15,0.057,2.9,-2.7,0.2,2.6,0.62363,361.0,8.5359,9.15,91.5,1.8182098692462467,,,,Sand,,,Sand 3,3,6.04,35.04,-4.59,-33.589999999999996
-7.11,8.56,9.12,0.058,2.9,-2.9,0.2,2.5,0.63956,361.0,8.5559,9.12,91.2,1.8255267780383055,,,,Sand,,,Sand 3,3,6.04,35.04,-4.59,-33.589999999999996
-7.13,8.58,9.09,0.057,2.9,-2.9,0.2,2.5,0.6343,362.0,8.5758,9.09,90.9,1.8246987729628918,,,,Sand,,,Sand 3,3,6.04,35.04,-4.59,-33.589999999999996
-7.1499999999999995,8.6,9.02,0.058,2.9,-2.9,0.2,2.5,0.65233,363.0,8.5958,9.02,90.2,1.8343178393445743,,,,Sand,,,Sand 3,3,6.04,35.04,-4.59,-33.589999999999996
-7.169999999999999,8.62,8.9,0.057,2.9,-2.7,0.2,2.5,0.64828,364.0,8.6158,8.9,89.0,1.837604109441505,,,,Sand,,,Sand 3,3,6.04,35.04,-4.59,-33.589999999999996
-7.19,8.64,8.77,0.058,2.9,-2.9,0.2,2.5,0.66763,364.0,8.6358,8.77,87.7,1.850077125476825,,,,Sand,,,Sand 3,3,6.04,35.04,-4.59,-33.589999999999996
-7.21,8.66,8.61,0.059,2.9,-2.9,0.2,2.5,0.68795,365.0,8.6557,8.61,86.1,1.864039127509126,,,,Sand,,,Sand 3,3,6.04,35.04,-4.59,-33.589999999999996
-7.2299999999999995,8.68,8.47,0.059,2.9,-2.9,0.2,2.5,0.69668,366.0,8.6757,8.47,84.7,1.873009200409895,,,,Sand,,,Sand 3,3,6.04,35.04,-4.59,-33.589999999999996
-7.249999999999999,8.7,8.36,0.059,2.9,-2.7,0.2,2.5,0.7029,367.0,8.6957,8.36,83.6,1.8798742618510131,,,,Sand,,,Sand 3,3,6.04,35.04,-4.59,-33.589999999999996
-7.2700000000000005,8.72,8.28,0.06,2.9,-2.9,0.2,2.7,0.71642,368.0,8.7157,8.28,82.8,1.8880136179590652,,,,Sand,,,Sand 3,3,6.04,35.04,-4.59,-33.589999999999996
-7.29,8.74,8.2,0.062,2.9,-2.9,0.2,2.4,0.73547,368.0,8.7356,8.2,82.0,1.8979828091031614,,,,Sand,,,Sand 3,3,6.04,35.04,-4.59,-33.589999999999996
-7.31,8.76,8.16,0.062,2.9,-2.9,0.2,2.1,0.72303,369.0,8.7556,8.16,81.6,1.8954967472386208,,,,Sand,,,Sand 3,3,6.04,35.04,-4.59,-33.589999999999996
-7.329999999999999,8.78,8.3,0.062,2.9,-2.9,0.2,2.5,0.70525,370.0,8.7756,8.3,83.0,1.8832726121868903,,,,Sand,,,Sand 3,3,6.04,35.04,-4.59,-33.589999999999996
-7.3500000000000005,8.8,8.62,0.062,2.9,-2.9,0.2,2.5,0.68584,371.0,8.7956,8.62,86.2,1.8628672999221425,,,,Sand,,,Sand 3,3,6.04,35.04,-4.59,-33.589999999999996
-7.37,8.82,9.05,0.063,2.9,-2.9,0.2,2.5,0.67615,372.0,8.8155,9.05,90.5,1.8419617082482747,,,,Sand,,,Sand 3,3,6.04,35.04,-4.59,-33.589999999999996
-7.39,8.84,9.63,0.064,2.9,-2.9,0.2,2.2,0.66623,372.0,8.8355,9.63,96.3,1.8161658111373902,,,,Sand,,,Sand 3,3,6.04,35.04,-4.59,-33.589999999999996
-7.409999999999999,8.86,10.09,0.066,2.9,-2.9,0.2,3.0,0.66844,373.0,8.8555,10.09,100.9,1.800452886404123,,,,Sand,,,Sand 3,3,6.04,35.04,-4.59,-33.589999999999996
-7.430000000000001,8.88,10.27,0.066,3.1,-3.1,0.2,2.7,0.65452,374.0,8.8754,10.27,102.7,1.7888971660559836,,,,Sand,,,Sand 3,3,6.04,35.04,-4.59,-33.589999999999996
-7.45,8.9,10.42,0.067,3.1,-2.9,0.2,2.6,0.65526,375.0,8.8954,10.42,104.2,1.784051969830698,,,,Sand,,,Sand 3,3,6.04,35.04,-4.59,-33.589999999999996
-7.47,8.92,10.47,0.068,3.1,-3.1,0.2,2.4,0.66092,375.0,8.9154,10.47,104.7,1.7845347707613881,,,,Sand,,,Sand 3,3,6.04,35.04,-4.59,-33.589999999999996
-7.489999999999999,8.94,10.44,0.068,3.1,-3.1,0.2,2.5,0.65844,376.0,8.9354,10.44,104.4,1.7845969161697066,,,,Sand,,,Sand 3,3,6.04,35.04,-4.59,-33.589999999999996
-7.510000000000001,8.96,10.3,0.069,3.1,-2.9,0.2,2.5,0.6649,377.0,8.9553,10.3,103.0,1.791832615959191,,,,Sand,,,Sand 3,3,6.04,35.04,-4.59,-33.589999999999996
-7.53,8.98,10.18,0.069,3.1,-2.9,0.2,2.5,0.65887,378.0,8.9753,10.18,101.8,1.7936795831547763,,,,Sand,,,Sand 3,3,6.04,35.04,-4.59,-33.589999999999996
-7.55,9.0,10.14,0.069,3.1,-3.1,0.2,2.5,0.65018,379.0,8.9953,10.14,101.4,1.791743090027154,,,,Sand,,,Sand 3,3,6.04,35.04,-4.59,-33.589999999999996
-7.569999999999999,9.02,10.4,0.068,2.9,-2.9,0.2,2.5,0.63014,379.0,9.0152,10.4,104.0,1.77492648106946,,,,Sand,,,Sand 3,3,6.04,35.04,-4.59,-33.589999999999996
-7.589999999999999,9.04,10.67,0.066,2.9,-2.9,0.2,2.5,0.59864,380.0,9.0352,10.67,106.7,1.7530628451134918,,,,Sand,,,Sand 3,3,6.04,35.04,-4.59,-33.589999999999996
-7.61,9.06,11.18,0.068,2.9,-2.9,0.2,2.5,0.60197,381.0,9.0552,11.18,111.8,1.737808269896281,,,,Sand,,,Sand 3,3,6.04,35.04,-4.59,-33.589999999999996
-7.63,9.08,11.59,0.07,2.9,-2.9,0.2,2.6,0.60456,382.0,9.0752,11.59,115.9,1.726117688731055,,,,Sand,,,Sand 3,3,6.04,35.04,-4.59,-33.589999999999996
-7.6499999999999995,9.1,11.87,0.073,3.1,-3.1,0.2,2.5,0.61708,382.0,9.0951,11.87,118.7,1.7228893416429771,,,,Sand,,,Sand 3,3,6.04,35.04,-4.59,-33.589999999999996
-7.669999999999999,9.12,12.17,0.076,3.1,-2.9,0.2,2.5,0.63077,383.0,9.1151,12.17,121.7,1.7197549534651362,,,,Sand,,,Sand 3,3,6.04,35.04,-4.59,-33.589999999999996
-7.69,9.14,12.35,0.078,3.1,-3.1,0.2,2.5,0.63915,384.0,9.1351,12.35,123.5,1.718040472549562,,,,Sand,,,Sand 3,3,6.04,35.04,-4.59,-33.589999999999996
-7.71,9.16,12.4,0.078,3.1,-3.1,0.2,2.5,0.63357,385.0,9.1551,12.4,124.0,1.7143605430312878,,,,Sand,,,Sand 3,3,6.04,35.04,-4.59,-33.589999999999996
-7.7299999999999995,9.18,12.41,0.079,3.1,-2.9,0.2,2.5,0.63774,386.0,9.175,12.41,124.1,1.7157793372470695,,,,Sand,,,Sand 3,3,6.04,35.04,-4.59,-33.589999999999996
-7.749999999999999,9.2,12.42,0.08,3.1,-3.1,0.2,2.5,0.64373,386.0,9.195,12.42,124.2,1.7179268862909467,,,,Sand,,,Sand 3,3,6.04,35.04,-4.59,-33.589999999999996
-7.7700000000000005,9.22,12.42,0.079,3.1,-3.1,0.2,2.5,0.63492,387.0,9.215,12.42,124.2,1.7143498917948732,,,,Sand,,,Sand 3,3,6.04,35.04,-4.59,-33.589999999999996
-7.79,9.24,12.45,0.078,3.1,-3.1,0.2,2.5,0.626,388.0,9.2349,12.45,124.5,1.709848732252304,,,,Sand,,,Sand 3,3,6.04,35.04,-4.59,-33.589999999999996
-7.81,9.26,12.48,0.078,3.1,-3.1,0.2,2.6,0.62487,389.0,9.2549,12.48,124.8,1.708541784310149,,,,Sand,,,Sand 3,3,6.04,35.04,-4.59,-33.589999999999996
-7.829999999999999,9.28,12.49,0.077,3.1,-3.1,0.2,2.4,0.61582,389.0,9.2749,12.49,124.9,1.7045021820444703,,,,Sand,,,Sand 3,3,6.04,35.04,-4.59,-33.589999999999996
-7.8500000000000005,9.3,12.47,0.077,3.1,-3.1,0.2,2.1,0.61526,390.0,9.2948,12.47,124.7,1.704829148528852,,,,Sand,,,Sand 3,3,6.04,35.04,-4.59,-33.589999999999996
-7.87,9.32,12.54,0.077,3.1,-3.1,0.2,2.5,0.61489,391.0,9.3148,12.54,125.4,1.7027154499338313,,,,Sand,,,Sand 3,3,6.04,35.04,-4.59,-33.589999999999996
-7.89,9.34,12.59,0.077,3.1,-3.1,0.2,2.5,0.61686,392.0,9.3348,12.59,125.9,1.702147610005261,,,,Sand,,,Sand 3,3,6.04,35.04,-4.59,-33.589999999999996
-7.909999999999999,9.36,12.59,0.079,3.1,-3.1,0.2,2.5,0.63601,393.0,9.3548,12.59,125.9,1.7100608015766592,,,,Sand,,,Sand 3,3,6.04,35.04,-4.59,-33.589999999999996
-7.930000000000001,9.38,12.51,0.081,3.1,-3.1,0.2,2.4,0.6562,394.0,9.3747,12.51,125.1,1.7204262925014355,,,,Sand,,,Sand 3,3,6.04,35.04,-4.59,-33.589999999999996
-7.95,9.4,12.51,0.081,3.1,-3.1,0.2,2.7,0.66102,394.0,9.3947,12.51,125.1,1.722344015422033,,,,Sand,,,Sand 3,3,6.04,35.04,-4.59,-33.589999999999996
-7.97,9.42,12.16,0.08,3.1,-3.1,0.2,2.9,0.65911,395.0,9.4147,12.16,121.6,1.7314278851461613,,,,Sand,,,Sand 3,3,6.04,35.04,-4.59,-33.589999999999996
-7.989999999999999,9.44,12.0,0.08,3.1,-3.1,0.2,2.7,0.66667,396.0,9.4346,12.0,120.0,1.7390016674509057,,,,Sand,,,Sand 3,3,6.04,35.04,-4.59,-33.589999999999996
-8.010000000000002,9.46,11.85,0.079,3.1,-3.1,0.2,2.5,0.66624,396.0,9.4546,11.85,118.5,1.7432060952269581,,,,Sand,,,Sand 3,3,6.04,35.04,-4.59,-33.589999999999996
-8.030000000000001,9.48,11.82,0.079,3.1,-3.1,0.2,2.5,0.67478,397.0,9.4746,11.82,118.2,1.7474035718204401,,,,Sand,,,Sand 3,3,6.04,35.04,-4.59,-33.589999999999996
-8.05,9.5,11.66,0.078,3.1,-3.1,0.2,2.5,0.67285,398.0,9.4946,11.66,116.6,1.751395909326368,,,,Sand,,,Sand 3,3,6.04,35.04,-4.59,-33.589999999999996
-8.07,9.52,11.49,0.077,3.1,-3.1,0.2,2.5,0.66978,399.0,9.5145,11.49,114.9,1.755326675145905,,,,Sand,,,Sand 3,3,6.04,35.04,-4.59,-33.589999999999996
-8.09,9.54,11.37,0.076,3.1,-3.1,0.2,2.5,0.6655,400.0,9.5345,11.37,113.7,1.7573364327660959,,,,Sand,,,Sand 3,3,6.04,35.04,-4.59,-33.589999999999996
-8.110000000000001,9.56,11.31,0.075,3.1,-3.1,0.2,2.5,0.66087,400.0,9.5545,11.31,113.1,1.7573899861485962,,,,Sand,,,Sand 3,3,6.04,35.04,-4.59,-33.589999999999996
-8.13,9.58,11.24,0.075,3.1,-3.1,0.2,2.5,0.66379,401.0,9.5744,11.24,112.4,1.7606965253784799,,,,Sand,,,Sand 3,3,6.04,35.04,-4.59,-33.589999999999996
-8.15,9.6,11.23,0.075,3.1,-3.1,0.2,2.5,0.66504,402.0,9.5944,11.23,112.3,1.7614917265202128,,,,Sand,,,Sand 3,3,6.04,35.04,-4.59,-33.589999999999996
-8.17,9.62,11.24,0.074,3.1,-3.1,0.2,2.6,0.6561,403.0,9.6144,11.24,112.4,1.7577062105304861,,,,Sand,,,Sand 3,3,6.04,35.04,-4.59,-33.589999999999996
-8.190000000000001,9.64,11.25,0.075,3.1,-3.1,0.2,2.5,0.66408,403.0,9.6344,11.25,112.5,1.7604975230061233,,,,Sand,,,Sand 3,3,6.04,35.04,-4.59,-33.589999999999996
-8.21,9.66,11.26,0.074,3.1,-3.1,0.2,2.5,0.65436,404.0,9.6543,11.26,112.6,1.75640247784569,,,,Sand,,,Sand 3,3,6.04,35.04,-4.59,-33.589999999999996
-8.23,9.68,11.32,0.074,3.1,-3.1,0.2,2.5,0.654,405.0,9.6743,11.32,113.2,1.7543979638507028,,,,Sand,,,Sand 3,3,6.04,35.04,-4.59,-33.589999999999996
-8.25,9.7,11.38,0.073,3.1,-3.1,0.2,2.5,0.64523,406.0,9.6943,11.38,113.8,1.7490871222379123,,,,Sand,,,Sand 3,3,6.04,35.04,-4.59,-33.589999999999996
-8.270000000000001,9.72,11.43,0.073,3.3,-3.3,0.2,2.5,0.64559,407.0,9.7142,11.43,114.3,1.747691175920843,,,,Sand,,,Sand 3,3,6.04,35.04,-4.59,-33.589999999999996
-8.290000000000001,9.74,11.36,0.073,3.1,-3.1,0.2,2.5,0.64595,407.0,9.7342,11.36,113.6,1.749989784027373,,,,Sand,,,Sand 3,3,6.04,35.04,-4.59,-33.589999999999996
-8.31,9.76,11.28,0.071,3.1,-3.1,0.2,2.5,0.62853,408.0,9.7542,11.28,112.8,1.7455186492246995,,,,Sand,,,Sand 3,3,6.04,35.04,-4.59,-33.589999999999996
-8.33,9.78,11.23,0.07,3.1,-3.1,0.2,2.5,0.61961,409.0,9.7741,11.23,112.3,1.7434750726922599,,,,Sand,,,Sand 3,3,6.04,35.04,-4.59,-33.589999999999996
-8.350000000000001,9.8,11.2,0.071,3.3,-3.3,0.2,2.6,0.62735,410.0,9.7941,11.2,112.0,1.747554814145341,,,,Sand,,,Sand 3,3,6.04,35.04,-4.59,-33.589999999999996
-8.370000000000001,9.82,11.21,0.072,3.3,-3.1,0.2,2.5,0.63345,410.0,9.8141,11.21,112.1,1.749690350451195,,,,Sand,,,Sand 3,3,6.04,35.04,-4.59,-33.589999999999996
-8.39,9.84,11.28,0.071,3.3,-3.1,0.2,2.1,0.62043,411.0,9.834,11.28,112.8,1.7422382657122688,,,,Sand,,,Sand 3,3,6.04,35.04,-4.59,-33.589999999999996
-8.41,9.86,11.39,0.072,3.3,-3.3,0.2,2.4,0.62351,412.0,9.854,11.39,113.9,1.740063894280329,,,,Sand,,,Sand 3,3,6.04,35.04,-4.59,-33.589999999999996
-8.430000000000001,9.88,11.59,0.075,3.3,-3.3,0.4,2.5,0.64329,413.0,9.874,11.59,115.9,1.7419018146695113,,,,Sand,,,Sand 3,3,6.04,35.04,-4.59,-33.589999999999996
-8.450000000000001,9.9,11.75,0.076,3.3,-3.3,0.2,2.5,0.64557,414.0,9.8939,11.75,117.5,1.7380095681866945,,,,Sand,,,Sand 3,3,6.04,35.04,-4.59,-33.589999999999996
-8.47,9.92,11.9,0.076,3.3,-3.3,0.2,2.4,0.63926,415.0,9.9139,11.9,119.0,1.7310440991979537,,,,Sand,,,Sand 3,3,6.04,35.04,-4.59,-33.589999999999996
-8.49,9.94,12.06,0.078,3.1,-3.1,0.2,2.7,0.64993,415.0,9.9339,12.06,120.6,1.7306558524969489,,,,Sand,,,Sand 3,3,6.04,35.04,-4.59,-33.589999999999996
-8.510000000000002,9.96,12.09,0.079,3.1,-3.1,0.2,2.9,0.65357,416.0,9.9539,12.09,120.9,1.7312395910813616,,,,Sand,,,Sand 3,3,6.04,35.04,-4.59,-33.589999999999996
-8.530000000000001,9.98,12.12,0.079,3.1,-3.1,0.2,2.7,0.64967,417.0,9.9738,12.12,121.2,1.7288231345603742,,,,Sand,,,Sand 3,3,6.04,35.04,-4.59,-33.589999999999996
-8.55,10.0,12.21,0.08,3.3,-3.3,0.2,2.4,0.65426,418.0,9.9938,12.21,122.1,1.728078233734119,,,,Sand,,,Sand 3,3,6.04,35.04,-4.59,-33.589999999999996
-8.57,10.02,12.29,0.08,3.3,-3.3,0.2,2.5,0.65067,418.0,10.014,12.29,122.9,1.7243756878550391,,,,Sand,,,Sand 3,3,6.04,35.04,-4.59,-33.589999999999996
-8.59,10.04,12.28,0.08,3.3,-3.3,0.4,2.5,0.64575,419.0,10.034,12.28,122.8,1.722685650072082,,,,Sand,,,Sand 3,3,6.04,35.04,-4.59,-33.589999999999996
-8.610000000000001,10.06,12.33,0.078,3.3,-3.1,0.2,2.5,0.62207,420.0,10.054,12.33,123.3,1.711611193061179,,,,Sand,,,Sand 3,3,6.04,35.04,-4.59,-33.589999999999996
-8.63,10.08,12.44,0.078,3.3,-3.3,0.2,2.5,0.61117,421.0,10.074,12.44,124.4,1.7039603907801946,,,,Sand,,,Sand 3,3,6.04,35.04,-4.59,-33.589999999999996
-8.65,10.1,12.6,0.081,3.3,-3.3,0.4,2.4,0.6223,421.0,10.094,12.6,126.0,1.704136273916528,,,,Sand,,,Sand 3,3,6.04,35.04,-4.59,-33.589999999999996
-8.67,10.12,12.84,0.083,3.3,-3.3,0.2,2.5,0.62429,422.0,10.114,12.84,128.4,1.698385907851382,,,,Sand,,,Sand 3,3,6.04,35.04,-4.59,-33.589999999999996
-8.690000000000001,10.14,13.32,0.085,3.3,-3.3,0.2,2.5,0.62471,423.0,10.134,13.32,133.2,1.6858118551339853,,,,Sand,,,Sand 3,3,6.04,35.04,-4.59,-33.589999999999996
-8.71,10.16,14.0,0.086,3.3,-3.3,0.2,2.6,0.61687,424.0,10.154,14.0,140.0,1.6652712055936139,,,,Sand,,,Sand 3,3,6.04,35.04,-4.59,-33.589999999999996
-8.73,10.18,14.32,0.088,3.3,-3.3,0.2,2.4,0.61303,425.0,10.173,14.32,143.2,1.6558276434166963,,,,Sand,,,Sand 3,3,6.04,35.04,-4.59,-33.589999999999996
-8.75,10.2,14.51,0.088,3.3,-3.3,0.2,2.5,0.59229,425.0,10.193,14.51,145.1,1.642211525759029,,,,Sand,,,Sand 3,3,6.04,35.04,-4.59,-33.589999999999996
-8.770000000000001,10.22,14.82,0.091,3.3,-3.3,0.2,2.5,0.59072,426.0,10.213,14.82,148.2,1.63420715196148,,,,Sand,,,Sand 3,3,6.04,35.04,-4.59,-33.589999999999996
-8.790000000000001,10.24,15.12,0.092,3.3,-3.3,0.2,2.5,0.57352,427.0,10.233,15.12,151.2,1.6195103823077124,,,,Sand,,,Sand 3,3,6.04,35.04,-4.59,-33.589999999999996
-8.81,10.26,15.91,0.094,3.3,-3.3,0.4,2.5,0.5589,428.0,10.253,15.91,159.1,1.5951162380291068,,,,Sand,,,Sand 3,3,6.04,35.04,-4.59,-33.589999999999996
-8.83,10.28,16.86,0.096,3.3,-3.3,0.2,2.5,0.54283,428.0,10.273,16.86,168.6,1.5674138414924266,,,,Sand,,,Sand 3,3,6.04,35.04,-4.59,-33.589999999999996
-8.850000000000001,10.3,17.7,0.097,3.3,-3.3,0.2,2.5,0.52074,429.0,10.293,17.7,177.0,1.5396779275659496,,,,Sand,,,Sand 3,3,6.04,35.04,-4.59,-33.589999999999996
-8.870000000000001,10.32,19.09,0.103,3.3,-3.3,0.2,2.5,0.52504,430.0,10.313,19.09,190.9,1.5159631501147748,,,,Sand,,,Sand 3,3,6.04,35.04,-4.59,-33.589999999999996
-8.89,10.34,20.54,0.111,3.3,-3.3,0.4,2.5,0.54044,431.0,10.333,20.54,205.4,1.4991002347951081,,,,Sand,,,Sand 3,3,6.04,35.04,-4.59,-33.589999999999996
-8.91,10.36,21.44,0.114,3.3,-3.3,0.2,2.2,0.53377,432.0,10.353,21.44,214.4,1.481313236906591,,,,Sand,,,Sand 3,3,6.04,35.04,-4.59,-33.589999999999996
-8.930000000000001,10.38,22.36,0.12,3.3,-3.3,0.2,2.3,0.54268,433.0,10.373,22.36,223.6,1.4719841527838777,,,,Sand,,,Sand 3,3,6.04,35.04,-4.59,-33.589999999999996
-8.950000000000001,10.4,23.04,0.124,3.3,-3.3,0.2,2.5,0.54598,433.0,10.393,23.04,230.4,1.463824569136974,,,,Sand,,,Sand 3,3,6.04,35.04,-4.59,-33.589999999999996
-8.97,10.42,23.28,0.127,3.3,-3.3,0.2,2.5,0.54886,434.0,10.413,23.28,232.8,1.4619210242800633,,,,Sand,,,Sand 3,3,6.04,35.04,-4.59,-33.589999999999996
-8.99,10.44,23.41,0.138,3.3,-3.3,0.2,2.5,0.58864,435.0,10.433,23.41,234.1,1.4802431612090827,,,,Sand,,,Sand 3,3,6.04,35.04,-4.59,-33.589999999999996
-9.010000000000002,10.46,23.74,0.149,3.3,-3.3,0.2,2.5,0.63223,436.0,10.453,23.74,237.4,1.496715883304311,,,,Sand,,,Sand 3,3,6.04,35.04,-4.59,-33.589999999999996
-9.030000000000001,10.48,23.88,0.152,3.5,-3.5,0.2,2.4,0.64732,436.0,10.473,23.88,238.8,1.5018640036934496,,,,Sand,,,Sand 3,3,6.04,35.04,-4.59,-33.589999999999996
-9.05,10.5,23.96,0.148,3.3,-3.3,0.2,2.9,0.63601,437.0,10.493,23.96,239.6,1.495559244690432,,,,Sand,,,Sand 3,3,6.04,35.04,-4.59,-33.589999999999996
-9.07,10.52,23.88,0.146,3.5,-3.5,0.2,2.8,0.63637,438.0,10.513,23.88,238.8,1.4967867537689763,,,,Sand,,,Sand 3,3,6.04,35.04,-4.59,-33.589999999999996
-9.09,10.54,23.35,0.146,3.3,-3.3,0.2,2.5,0.64914,439.0,10.533,23.35,233.5,1.5097994239577754,,,,Sand,,,Sand 3,3,6.04,35.04,-4.59,-33.589999999999996
-9.110000000000001,10.56,22.35,0.146,3.3,-3.3,0.2,2.5,0.66469,439.0,10.553,22.35,223.5,1.5307101430474888,,,,Sand,,,Sand 3,3,6.04,35.04,-4.59,-33.589999999999996
-9.13,10.58,21.59,0.146,3.3,-3.3,0.2,2.5,0.6836,440.0,10.573,21.59,215.9,1.5500094947032204,,,,Sand,,,Sand 3,3,6.04,35.04,-4.59,-33.589999999999996
-9.15,10.6,20.79,0.149,3.5,-3.5,0.2,2.5,0.71916,441.0,10.593,20.79,207.9,1.5770201287049022,,,,Sand,,,Sand 3,3,6.04,35.04,-4.59,-33.589999999999996
-9.17,10.62,20.13,0.142,3.5,-3.3,0.2,2.5,0.70572,442.0,10.613,20.13,201.3,1.581738158510558,,,,Sand,,,Sand 3,3,6.04,35.04,-4.59,-33.589999999999996
-9.190000000000001,10.64,19.67,0.126,3.5,-3.5,0.2,2.5,0.64155,443.0,10.633,19.67,196.7,1.561614133839459,,,,Sand,,,Sand 3,3,6.04,35.04,-4.59,-33.589999999999996
-9.21,10.66,19.1,0.119,3.5,-3.5,0.2,2.5,0.61762,443.0,10.653,19.1,191.0,1.5605125130056767,,,,Sand,,,Sand 3,3,6.04,35.04,-4.59,-33.589999999999996
-9.23,10.68,18.77,0.115,3.5,-3.3,0.2,2.5,0.60443,444.0,10.673,18.77,187.7,1.560253691612166,,,,Sand,,,Sand 3,3,6.04,35.04,-4.59,-33.589999999999996
-9.25,10.7,18.57,0.109,3.5,-3.5,0.2,2.6,0.57584,445.0,10.693,18.57,185.7,1.5504336551892512,,,,Sand,,,Sand 3,3,6.04,35.04,-4.59,-33.589999999999996
-9.270000000000001,10.72,18.5,0.107,3.5,-3.5,0.2,2.5,0.56438,446.0,10.713,18.5,185.0,1.5462041438426297,,,,Sand,,,Sand 3,3,6.04,35.04,-4.59,-33.589999999999996
-9.290000000000001,10.74,18.61,0.103,3.5,-3.5,0.2,2.5,0.5392,446.0,10.733,18.61,186.1,1.5318082809565,,,,Sand,,,Sand 3,3,6.04,35.04,-4.59,-33.589999999999996
-9.31,10.76,18.86,0.101,3.5,-3.5,0.2,2.5,0.52277,447.0,10.752,18.86,188.6,1.5189330291566654,,,,Sand,,,Sand 3,3,6.04,35.04,-4.59,-33.589999999999996
-9.33,10.78,19.35,0.099,3.5,-3.5,0.2,2.5,0.50581,448.0,10.772,19.35,193.5,1.5013316303753172,,,,Sand,,,Sand 3,3,6.04,35.04,-4.59,-33.589999999999996
-9.350000000000001,10.8,19.91,0.099,3.5,-3.5,0.2,2.5,0.49931,449.0,10.792,19.91,199.1,1.4881122457521154,,,,Sand,,,Sand 3,3,6.04,35.04,-4.59,-33.589999999999996
-9.370000000000001,10.82,20.25,0.098,3.5,-3.5,0.2,2.5,0.48893,450.0,10.812,20.25,202.5,1.4766977524260063,,,,Sand,,,Sand 3,3,6.04,35.04,-4.59,-33.589999999999996
-9.39,10.84,20.51,0.099,3.5,-3.5,0.2,2.5,0.48967,450.0,10.832,20.51,205.1,1.472741629223735,,,,Sand,,,Sand 3,3,6.04,35.04,-4.59,-33.589999999999996
-9.41,10.86,20.59,0.102,3.5,-3.5,0.2,2.5,0.50231,451.0,10.852,20.59,205.9,1.4782827015393316,,,,Sand,,,Sand 3,3,6.04,35.04,-4.59,-33.589999999999996
-9.430000000000001,10.88,20.54,0.104,3.5,-3.5,0.2,2.6,0.51266,452.0,10.872,20.54,205.4,1.4846401981686246,,,,Sand,,,Sand 3,3,6.04,35.04,-4.59,-33.589999999999996
-9.450000000000001,10.9,20.34,0.107,3.5,-3.5,0.2,2.3,0.53003,453.0,10.892,20.34,203.4,1.4970410353638384,,,,Sand,,,Sand 3,3,6.04,35.04,-4.59,-33.589999999999996
-9.47,10.92,20.25,0.11,3.5,-3.5,0.2,2.3,0.54962,454.0,10.912,20.25,202.5,1.5085180720714546,,,,Sand,,,Sand 3,3,6.04,35.04,-4.59,-33.589999999999996
-9.49,10.94,20.06,0.11,3.7,-3.7,0.2,2.5,0.55563,454.0,10.932,20.06,200.6,1.5146823036208876,,,,Sand,,,Sand 3,3,6.04,35.04,-4.59,-33.589999999999996
-9.510000000000002,10.96,19.75,0.108,3.5,-3.5,0.2,2.5,0.55123,455.0,10.952,19.75,197.5,1.5177132392115378,,,,Sand,,,Sand 3,3,6.04,35.04,-4.59,-33.589999999999996
-9.530000000000001,10.98,19.46,0.107,3.5,-3.5,0.2,2.5,0.55069,456.0,10.972,19.46,194.6,1.522421186819228,,,,Sand,,,Sand 3,3,6.04,35.04,-4.59,-33.589999999999996
-9.55,11.0,19.12,0.107,3.5,-3.5,0.2,2.5,0.55455,457.0,10.992,19.12,191.2,1.530275377895358,,,,Sand,,,Sand 3,3,6.04,35.04,-4.59,-33.589999999999996
-9.57,11.02,18.86,0.106,3.5,-3.5,0.2,2.4,0.55187,458.0,11.012,18.86,188.6,1.5335777324308546,,,,Sand,,,Sand 3,3,6.04,35.04,-4.59,-33.589999999999996
-9.59,11.04,18.9,0.108,3.5,-3.5,0.2,3.0,0.56283,458.0,11.032,18.9,189.0,1.5382345104887507,,,,Sand,,,Sand 3,3,6.04,35.04,-4.59,-33.589999999999996
-9.610000000000001,11.06,19.04,0.107,3.5,-3.5,0.2,2.8,0.55556,459.0,11.052,19.04,190.4,1.5321875300037824,,,,Sand,,,Sand 3,3,6.04,35.04,-4.59,-33.589999999999996
-9.63,11.08,19.17,0.108,3.7,-3.7,0.2,2.5,0.55545,460.0,11.072,19.17,191.7,1.5298386081886424,,,,Sand,,,Sand 3,3,6.04,35.04,-4.59,-33.589999999999996
-9.65,11.1,19.36,0.103,3.7,-3.7,0.2,2.5,0.52188,460.0,11.092,19.36,193.6,1.5095534685890295,,,,Sand,,,Sand 3,3,6.04,35.04,-4.59,-33.589999999999996
-9.67,11.12,19.6,0.103,3.7,-3.7,0.4,2.5,0.51465,461.0,11.112,19.6,196.0,1.5015975908876251,,,,Sand,,,Sand 3,3,6.04,35.04,-4.59,-33.589999999999996
-9.690000000000001,11.14,20.03,0.101,3.7,-3.5,0.2,2.5,0.49917,462.0,11.132,20.03,200.3,1.485984410674798,,,,Sand,,,Sand 3,3,6.04,35.04,-4.59,-33.589999999999996
-9.71,11.16,20.59,0.099,3.7,-3.7,0.2,2.5,0.48571,463.0,11.152,20.59,205.9,1.4692344919792166,,,,Sand,,,Sand 3,3,6.04,35.04,-4.59,-33.589999999999996
-9.73,11.18,21.2,0.097,3.7,-3.7,0.2,2.5,0.47386,464.0,11.172,21.2,212.0,1.452637833471712,,,,Sand,,,Sand 3,3,6.04,35.04,-4.59,-33.589999999999996
-9.75,11.2,21.12,0.103,3.7,-3.7,0.2,2.5,0.50422,464.0,11.192,21.12,211.2,1.4706984126434377,,,,Sand,,,Sand 3,3,6.04,35.04,-4.59,-33.589999999999996
-9.770000000000001,11.22,20.8,0.1,3.7,-3.7,0.2,2.5,0.49496,465.0,11.212,20.8,208.0,1.4708489227586883,,,,Sand,,,Sand 3,3,6.04,35.04,-4.59,-33.589999999999996
-9.790000000000001,11.24,20.36,0.097,3.7,-3.5,0.2,2.5,0.48891,466.0,11.232,20.36,203.6,1.4748336476991366,,,,Sand,,,Sand 3,3,6.04,35.04,-4.59,-33.589999999999996
-9.81,11.26,20.06,0.09,3.7,-3.7,0.2,2.5,0.46581,467.0,11.252,20.06,200.6,1.467094388996804,,,,Sand,,,Sand 3,3,6.04,35.04,-4.59,-33.589999999999996
-9.83,11.28,19.26,0.086,3.7,-3.7,0.2,2.5,0.45745,467.0,11.271,19.26,192.6,1.476497422352605,,,,Sand,,,Sand 3,3,6.04,35.04,-4.59,-33.589999999999996
-9.850000000000001,11.3,18.24,0.084,3.7,-3.7,0.2,2.5,0.45855,468.0,11.291,18.24,182.4,1.4961495456837743,,,,Sand,,,Sand 3,3,6.04,35.04,-4.59,-33.589999999999996
-9.870000000000001,11.32,17.68,0.085,3.7,-3.7,0.2,2.5,0.47536,469.0,11.311,17.68,176.8,1.5163110596747975,,,,Sand,,,Sand 3,3,6.04,35.04,-4.59,-33.589999999999996
-9.89,11.34,17.05,0.083,3.7,-3.7,0.2,2.5,0.47571,470.0,11.331,17.05,170.5,1.5292317260489552,,,,Sand,,,Sand 3,3,6.04,35.04,-4.59,-33.589999999999996
-9.91,11.36,16.95,0.081,3.7,-3.7,0.2,2.5,0.47434,471.0,11.351,16.95,169.5,1.5305674326234247,,,,Sand,,,Sand 3,3,6.04,35.04,-4.59,-33.589999999999996
-9.930000000000001,11.38,16.95,0.077,3.9,-3.9,0.2,2.5,0.45919,471.0,11.371,16.95,169.5,1.522356876344327,,,,Sand,,,Sand 3,3,6.04,35.04,-4.59,-33.589999999999996
-9.950000000000001,11.4,16.86,0.077,3.9,-3.7,0.2,2.5,0.46667,472.0,11.391,16.86,168.6,1.528313342450003,,,,Sand,,,Sand 3,3,6.04,35.04,-4.59,-33.589999999999996
-9.97,11.42,16.59,0.077,3.9,-3.7,0.2,2.5,0.47283,473.0,11.411,16.59,165.9,1.5373292224079957,,,,Sand,,,Sand 3,3,6.04,35.04,-4.59,-33.589999999999996
-9.99,11.44,16.29,0.079,3.9,-3.9,0.2,2.3,0.4916,474.0,11.431,16.29,162.9,1.55364048843875,,,,Sand,,,Sand 3,3,6.04,35.04,-4.59,-33.589999999999996
-10.010000000000002,11.46,15.78,0.079,3.9,-3.9,0.2,2.1,0.49842,475.0,11.451,15.78,157.8,1.568340918322702,,,,Sand,,,Sand 3,3,6.04,35.04,-4.59,-33.589999999999996
-10.030000000000001,11.48,15.53,0.084,3.9,-3.7,0.2,2.5,0.537,475.0,11.471,15.53,155.3,1.593064213750907,,,,Sand,,,Sand 3,3,6.04,35.04,-4.59,-33.589999999999996
-10.05,11.5,15.33,0.089,3.9,-3.9,0.2,2.5,0.57601,476.0,11.491,15.33,153.3,1.6158821078078138,,,,Sand,,,Sand 3,3,6.04,35.04,-4.59,-33.589999999999996
-10.07,11.52,15.23,0.089,3.9,-3.7,0.2,2.5,0.58251,477.0,11.511,15.23,152.3,1.6210997193326309,,,,Sand,,,Sand 3,3,6.04,35.04,-4.59,-33.589999999999996
-10.09,11.54,15.19,0.091,3.9,-3.7,0.2,2.4,0.60002,478.0,11.531,15.19,151.9,1.629852198177013,,,,Sand,,,Sand 3,3,6.04,35.04,-4.59,-33.589999999999996
-10.110000000000001,11.56,15.2,0.091,3.9,-3.9,0.2,2.7,0.6039,479.0,11.551,15.2,152.0,1.6313423713058446,,,,Sand,,,Sand 3,3,6.04,35.04,-4.59,-33.589999999999996
-10.13,11.58,15.06,0.091,3.9,-3.9,0.4,2.9,0.60712,479.0,11.571,15.06,150.6,1.6359327937248176,,,,Sand,,,Sand 3,3,6.04,35.04,-4.59,-33.589999999999996
-10.15,11.6,14.91,0.092,3.9,-3.9,0.2,2.7,0.61704,480.0,11.591,14.91,149.1,1.6436858648387211,,,,Sand,,,Sand 3,3,6.04,35.04,-4.59,-33.589999999999996
-10.17,11.62,14.88,0.09,3.9,-3.9,0.2,2.5,0.60719,481.0,11.611,14.88,148.8,1.6400912864752037,,,,Sand,,,Sand 3,3,6.04,35.04,-4.59,-33.589999999999996
-10.190000000000001,11.64,14.75,0.089,3.9,-3.9,0.2,2.5,0.60421,482.0,11.631,14.75,147.5,1.6418037139477732,,,,Sand,,,Sand 3,3,6.04,35.04,-4.59,-33.589999999999996
-10.21,11.66,14.69,0.087,3.9,-3.5,0.2,2.5,0.5937,482.0,11.651,14.69,146.9,1.6385748934233326,,,,Sand,,,Sand 3,3,6.04,35.04,-4.59,-33.589999999999996
-10.23,11.68,14.6,0.087,3.9,-3.9,0.2,2.5,0.59604,483.0,11.671,14.6,146.0,1.6417331083559263,,,,Sand,,,Sand 3,3,6.04,35.04,-4.59,-33.589999999999996
-10.25,11.7,14.49,0.087,3.9,-3.9,0.2,2.5,0.59861,484.0,11.691,14.49,144.9,1.6454780653844536,,,,Sand,,,Sand 3,3,6.04,35.04,-4.59,-33.589999999999996
-10.270000000000001,11.72,14.46,0.086,3.9,-3.9,0.2,2.5,0.59485,485.0,11.71,14.46,144.6,1.6445380229875806,,,,Sand,,,Sand 3,3,6.04,35.04,-4.59,-33.589999999999996
-10.290000000000001,11.74,14.45,0.085,3.9,-3.9,0.2,2.5,0.59223,485.0,11.73,14.45,144.5,1.6436190126014172,,,,Sand,,,Sand 3,3,6.04,35.04,-4.59,-33.589999999999996
-10.31,11.76,14.45,0.085,3.9,-3.9,0.4,2.5,0.59738,486.0,11.75,14.45,144.5,1.6458923636035243,,,,Sand,,,Sand 3,3,6.04,35.04,-4.59,-33.589999999999996
-10.33,11.78,14.38,0.084,3.9,-3.9,0.2,2.6,0.59622,487.0,11.77,14.38,143.8,1.647061298625331,,,,Sand,,,Sand 3,3,6.04,35.04,-4.59,-33.589999999999996
-10.350000000000001,11.8,14.14,0.082,3.9,-3.9,0.2,2.4,0.58913,488.0,11.79,14.14,141.4,1.6497672139300257,,,,Sand,,,Sand 3,3,6.04,35.04,-4.59,-33.589999999999996
-10.370000000000001,11.82,13.85,0.081,3.9,-3.9,0.4,2.5,0.59016,489.0,11.81,13.85,138.5,1.6574277632958958,,,,Sand,,,Sand 3,3,6.04,35.04,-4.59,-33.589999999999996
-10.39,11.84,13.61,0.079,3.9,-3.9,0.2,2.5,0.58573,489.0,11.83,13.61,136.1,1.6615719661136525,,,,Sand,,,Sand 3,3,6.04,35.04,-4.59,-33.589999999999996
-10.41,11.86,13.37,0.078,3.9,-3.9,0.2,2.5,0.59052,490.0,11.85,13.37,133.7,1.6698888731750852,,,,Sand,,,Sand 3,3,6.04,35.04,-4.59,-33.589999999999996
-10.430000000000001,11.88,13.1,0.075,3.9,-3.9,0.4,2.5,0.5805,491.0,11.87,13.1,131.0,1.6726451397863653,,,,Sand,,,Sand 3,3,6.04,35.04,-4.59,-33.589999999999996
-10.450000000000001,11.9,12.9,0.075,3.9,-3.9,0.2,2.4,0.59429,492.0,11.89,12.9,129.0,1.6840514243162186,,,,Sand,,,Sand 3,3,6.04,35.04,-4.59,-33.589999999999996
-10.47,11.92,12.55,0.073,3.9,-3.9,0.4,2.5,0.59313,492.0,11.91,12.55,125.5,1.6932113679010612,,,,Sand,,,Sand 3,3,6.04,35.04,-4.59,-33.589999999999996
-10.49,11.94,12.15,0.072,4.1,-4.1,0.4,2.5,0.59969,493.0,11.93,12.15,121.5,1.7074123115469406,,,,Sand,,,Sand 3,3,6.04,35.04,-4.59,-33.589999999999996
-10.510000000000002,11.96,11.83,0.072,4.1,-4.1,0.2,2.6,0.61492,494.0,11.95,11.83,118.3,1.7231850245385316,,,,Sand,,,Sand 3,3,6.04,35.04,-4.59,-33.589999999999996
-10.530000000000001,11.98,11.45,0.069,3.9,-3.9,0.4,2.2,0.60487,495.0,11.97,11.45,114.5,1.730548123320802,,,,Sand,,,Sand 3,3,6.04,35.04,-4.59,-33.589999999999996
-10.55,12.0,11.11,0.07,4.1,-4.1,0.4,2.4,0.62787,496.0,11.99,11.11,111.1,1.7506139593466588,,,,Sand,,,Sand 3,3,6.04,35.04,-4.59,-33.589999999999996
-10.57,12.02,10.96,0.068,4.1,-4.1,0.2,2.5,0.62221,497.0,12.01,10.96,109.6,1.753142910324465,,,,Sand,,,Sand 3,3,6.04,35.04,-4.59,-33.589999999999996
-10.59,12.04,10.72,0.067,4.1,-4.1,0.4,2.5,0.62362,497.0,12.03,10.72,107.2,1.761562299037361,,,,Sand,,,Sand 3,3,6.04,35.04,-4.59,-33.589999999999996
-10.610000000000001,12.06,10.49,0.064,4.1,-4.1,0.4,2.2,0.60328,498.0,12.05,10.49,104.9,1.7610479296336568,,,,Sand,,,Sand 3,3,6.04,35.04,-4.59,-33.589999999999996
-10.63,12.08,10.48,0.063,4.1,-4.1,0.2,3.1,0.59822,499.0,12.07,10.48,104.8,1.759313537038688,,,,Sand,,,Sand 3,3,6.04,35.04,-4.59,-33.589999999999996
-10.65,12.1,10.39,0.062,4.1,-4.1,0.4,2.8,0.5909,500.0,12.09,10.39,103.9,1.7593823799640376,,,,Sand,,,Sand 3,3,6.04,35.04,-4.59,-33.589999999999996
-10.67,12.12,10.35,0.06,4.1,-4.1,0.2,2.5,0.57021,500.0,12.109,10.35,103.5,1.752096622316284,,,,Sand,,,Sand 3,3,6.04,35.04,-4.59,-33.589999999999996
-10.690000000000001,12.14,10.37,0.06,4.1,-4.1,0.2,2.6,0.56404,501.0,12.129,10.37,103.7,1.7487716702929157,,,,Sand,,,Sand 3,3,6.04,35.04,-4.59,-33.589999999999996
-10.71,12.16,10.49,0.06,4.1,-4.1,0.4,2.5,0.55646,502.0,12.149,10.49,104.9,1.741354185730912,,,,Sand,,,Sand 3,3,6.04,35.04,-4.59,-33.589999999999996
-10.73,12.18,10.65,0.06,4.1,-4.1,0.4,2.5,0.54845,503.0,12.169,10.65,106.5,1.7323925701925706,,,,Sand,,,Sand 3,3,6.04,35.04,-4.59,-33.589999999999996
-10.75,12.2,10.96,0.06,4.1,-4.1,0.4,2.5,0.54152,503.0,12.189,10.96,109.6,1.7189597050870788,,,,Sand,,,Sand 3,3,6.04,35.04,-4.59,-33.589999999999996
-10.770000000000001,12.22,11.41,0.06,4.1,-4.1,0.4,2.5,0.53619,504.0,12.209,11.41,114.1,1.7020481379160322,,,,Sand,,,Sand 3,3,6.04,35.04,-4.59,-33.589999999999996
-10.790000000000001,12.24,11.64,0.061,4.1,-4.1,0.2,2.5,0.54204,505.0,12.229,11.64,116.4,1.697505176640559,,,,Sand,,,Sand 3,3,6.04,35.04,-4.59,-33.589999999999996
-10.81,12.26,11.65,0.061,4.1,-4.1,0.4,2.5,0.5406,506.0,12.249,11.65,116.5,1.6965475702183548,,,,Sand,,,Sand 3,3,6.04,35.04,-4.59,-33.589999999999996
-10.83,12.28,11.47,0.062,4.1,-4.1,0.4,2.5,0.54977,507.0,12.269,11.47,114.7,1.7062470444833273,,,,Sand,,,Sand 3,3,6.04,35.04,-4.59,-33.589999999999996
-10.850000000000001,12.3,11.25,0.063,4.1,-4.1,0.2,2.5,0.56062,507.0,12.289,11.25,112.5,1.7179775889466438,,,,Sand,,,Sand 3,3,6.04,35.04,-4.59,-33.589999999999996
-10.870000000000001,12.32,11.0,0.064,4.1,-4.1,0.4,2.6,0.57016,508.0,12.309,11.0,110.0,1.7301700806018883,,,,Sand,,,Sand 3,3,6.04,35.04,-4.59,-33.589999999999996
-10.89,12.34,10.89,0.065,4.1,-4.1,0.4,2.5,0.5763,509.0,12.329,10.89,108.9,1.7363988057137245,,,,Sand,,,Sand 3,3,6.04,35.04,-4.59,-33.589999999999996
-10.91,12.36,10.91,0.065,4.1,-4.1,0.4,2.5,0.56775,510.0,12.349,10.91,109.1,1.7320820084725803,,,,Sand,,,Sand 3,3,6.04,35.04,-4.59,-33.589999999999996
-10.930000000000001,12.38,11.09,0.066,4.1,-4.1,0.4,2.5,0.56194,510.0,12.369,11.09,110.9,1.7236933287958538,,,,Sand,,,Sand 3,3,6.04,35.04,-4.59,-33.589999999999996
-10.950000000000001,12.4,11.54,0.069,4.1,-4.1,0.4,2.5,0.56708,511.0,12.389,11.54,115.4,1.7116856508721363,,,,Sand,,,Sand 3,3,6.04,35.04,-4.59,-33.589999999999996
-10.97,12.42,12.08,0.071,4.3,-4.3,0.4,2.5,0.56071,512.0,12.409,12.08,120.8,1.6925755793769794,,,,Sand,,,Sand 3,3,6.04,35.04,-4.59,-33.589999999999996
-10.99,12.44,12.83,0.073,4.3,-4.3,0.4,2.5,0.55382,513.0,12.429,12.83,128.3,1.6680844603519522,,,,Sand,,,Sand 3,3,6.04,35.04,-4.59,-33.589999999999996
-11.010000000000002,12.46,13.62,0.076,4.3,-4.3,0.4,2.5,0.55373,514.0,12.449,13.62,136.2,1.6469262095021981,,,,Sand,,,Sand 3,3,6.04,35.04,-4.59,-33.589999999999996
-11.030000000000001,12.48,14.38,0.077,4.3,-4.3,0.4,2.5,0.54002,514.0,12.469,14.38,143.8,1.621438020110776,,,,Sand,,,Sand 3,3,6.04,35.04,-4.59,-33.589999999999996
-11.05,12.5,14.85,0.08,4.3,-4.3,0.4,2.6,0.54242,515.0,12.488,14.85,148.5,1.6112947646835147,,,,Sand,,,Sand 3,3,6.04,35.04,-4.59,-33.589999999999996
-11.07,12.52,15.06,0.085,4.3,-4.3,0.4,2.3,0.55972,516.0,12.508,15.06,150.6,1.6145227846886754,,,,Sand,,,Sand 3,3,6.04,35.04,-4.59,-33.589999999999996
-11.09,12.54,15.44,0.086,4.3,-4.3,0.4,2.2,0.55265,517.0,12.528,15.44,154.4,1.6025526793749023,,,,Sand,,,Sand 3,3,6.04,35.04,-4.59,-33.589999999999996
-11.110000000000001,12.56,15.81,0.089,4.3,-4.3,0.4,2.5,0.56028,518.0,12.548,15.81,158.1,1.5979432617194111,,,,Sand,,,Sand 3,3,6.04,35.04,-4.59,-33.589999999999996
-11.13,12.58,16.0,0.092,4.3,-4.3,0.4,2.5,0.56843,518.0,12.568,16.0,160.0,1.59763808614798,,,,Sand,,,Sand 3,3,6.04,35.04,-4.59,-33.589999999999996
-11.15,12.6,16.33,0.094,4.3,-4.3,0.4,2.5,0.56983,519.0,12.588,16.33,163.29999999999998,1.5912770474091185,,,,Sand,,,Sand 3,3,6.04,35.04,-4.59,-33.589999999999996
-11.17,12.62,16.62,0.095,4.3,-4.3,0.4,2.2,0.5651,520.0,12.608,16.62,166.2,1.5830194132272501,,,,Sand,,,Sand 3,3,6.04,35.04,-4.59,-33.589999999999996
-11.190000000000001,12.64,16.97,0.097,4.3,-4.3,0.4,2.9,0.56568,521.0,12.628,16.97,169.7,1.5761608865948395,,,,Sand,,,Sand 3,3,6.04,35.04,-4.59,-33.589999999999996
-11.21,12.66,17.25,0.099,4.3,-4.3,0.4,2.8,0.56535,521.0,12.648,17.25,172.5,1.5704172200031945,,,,Sand,,,Sand 3,3,6.04,35.04,-4.59,-33.589999999999996
-11.23,12.68,17.55,0.102,4.3,-4.3,0.4,2.6,0.57103,522.0,12.668,17.55,175.5,1.567245747418568,,,,Sand,,,Sand 3,3,6.04,35.04,-4.59,-33.589999999999996
-11.25,12.7,17.96,0.103,4.3,-4.3,0.4,2.5,0.56582,523.0,12.688,17.96,179.6,1.55692458325584,,,,Sand,,,Sand 3,3,6.04,35.04,-4.59,-33.589999999999996
-11.270000000000001,12.72,18.5,0.104,4.3,-4.3,0.4,2.5,0.56178,524.0,12.708,18.5,185.0,1.5449448566801978,,,,Sand,,,Sand 3,3,6.04,35.04,-4.59,-33.589999999999996
-11.290000000000001,12.74,18.91,0.107,4.3,-4.3,0.4,2.5,0.56941,524.0,12.728,18.91,189.1,1.541245993824832,,,,Sand,,,Sand 3,3,6.04,35.04,-4.59,-33.589999999999996
-11.31,12.76,19.14,0.107,4.3,-4.3,0.4,2.5,0.56242,525.0,12.748,19.14,191.4,1.5337861128503394,,,,Sand,,,Sand 3,3,6.04,35.04,-4.59,-33.589999999999996
-11.33,12.78,19.35,0.109,4.3,-4.3,0.4,2.5,0.56763,526.0,12.768,19.35,193.5,1.5326601762031113,,,,Sand,,,Sand 3,3,6.04,35.04,-4.59,-33.589999999999996
-11.350000000000001,12.8,19.44,0.111,4.3,-4.3,0.4,2.5,0.57502,527.0,12.788,19.44,194.4,1.5346847258948535,,,,Sand,,,Sand 3,3,6.04,35.04,-4.59,-33.589999999999996
-11.370000000000001,12.82,19.48,0.113,4.3,-4.3,0.4,2.5,0.58405,528.0,12.808,19.48,194.8,1.5383282807087826,,,,Sand,,,Sand 3,3,6.04,35.04,-4.59,-33.589999999999996
-11.39,12.84,19.42,0.115,4.3,-4.3,0.4,2.5,0.59432,528.0,12.828,19.42,194.2,1.5442186826393258,,,,Sand,,,Sand 3,3,6.04,35.04,-4.59,-33.589999999999996
-11.41,12.86,19.38,0.117,4.5,-4.5,0.4,2.6,0.60641,529.0,12.847,19.38,193.8,1.5505458588688397,,,,Sand,,,Sand 3,3,6.04,35.04,-4.59,-33.589999999999996
-11.430000000000001,12.88,19.31,0.117,4.5,-4.5,0.4,2.5,0.61025,530.0,12.867,19.31,193.1,1.5535177935907876,,,,Sand,,,Sand 3,3,6.04,35.04,-4.59,-33.589999999999996
-11.450000000000001,12.9,19.26,0.117,4.5,-4.5,0.4,2.5,0.61607,531.0,12.887,19.26,192.6,1.5570461097925774,,,,Sand,,,Sand 3,3,6.04,35.04,-4.59,-33.589999999999996
-11.47,12.92,19.16,0.117,4.5,-4.5,0.4,2.5,0.62442,531.0,12.907,19.16,191.6,1.5625612239326208,,,,Sand,,,Sand 3,3,6.04,35.04,-4.59,-33.589999999999996
-11.49,12.94,18.9,0.119,4.5,-4.5,0.4,2.5,0.64608,532.0,12.927,18.9,189.0,1.5767128080999449,,,,Sand,,,Sand 3,3,6.04,35.04,-4.59,-33.589999999999996
-11.510000000000002,12.96,18.47,0.119,4.3,-4.3,0.4,2.5,0.66015,533.0,12.947,18.47,184.7,1.59039263294729,,,,Sand,,,Sand 3,3,6.04,35.04,-4.59,-33.589999999999996
-11.530000000000001,12.98,18.03,0.116,4.5,-4.5,0.4,2.5,0.66144,534.0,12.967,18.03,180.3,1.598882973319964,,,,Sand,,,Sand 3,3,6.04,35.04,-4.59,-33.589999999999996
-11.55,13.0,17.39,0.116,4.5,-4.5,0.4,2.5,0.68442,535.0,12.987,17.39,173.9,1.6204533631447111,,,,Sand,,,Sand 3,3,6.04,35.04,-4.59,-33.589999999999996
-11.57,13.02,16.83,0.113,4.5,-4.5,0.4,2.5,0.69283,535.0,13.007,16.83,168.3,1.6347035482719943,,,,Sand,,,Sand 3,3,6.04,35.04,-4.59,-33.589999999999996
-11.59,13.04,16.17,0.109,4.5,-4.5,0.4,2.6,0.69833,536.0,13.027,16.17,161.70000000000002,1.650175016857403,,,,Sand,,,Sand 3,3,6.04,35.04,-4.59,-33.589999999999996
-11.610000000000001,13.06,15.35,0.105,4.5,-4.5,0.4,2.3,0.70671,537.0,13.047,15.35,153.5,1.6708245014231138,,,,Sand,,,Sand 3,3,6.04,35.04,-4.59,-33.589999999999996
-11.63,13.08,14.45,0.1,4.5,-4.5,0.4,2.1,0.70809,538.0,13.067,14.45,144.5,1.691607393184312,,,,Sand,,,Sand 3,3,6.04,35.04,-4.59,-33.589999999999996
-11.65,13.1,13.79,0.095,4.5,-4.5,0.4,2.5,0.70796,539.0,13.087,13.79,137.9,1.707330636978268,,,,Sand,,,Sand 3,3,6.04,35.04,-4.59,-33.589999999999996
-11.67,13.12,12.86,0.091,4.5,-4.5,0.4,2.5,0.71387,539.0,13.107,12.86,128.6,1.7332983530752235,,,,Sand,,,Sand 3,3,6.04,35.04,-4.59,-33.589999999999996
-11.690000000000001,13.14,12.02,0.084,4.5,-4.5,0.4,2.5,0.69051,540.0,13.127,12.02,120.2,1.7476288563420959,,,,Sand,,,Sand 3,3,6.04,35.04,-4.59,-33.589999999999996
-11.71,13.16,11.51,0.079,4.5,-4.5,0.4,2.4,0.67493,541.0,13.147,11.51,115.1,1.7567050496642405,,,,Sand,,,Sand 3,3,6.04,35.04,-4.59,-33.589999999999996
-11.73,13.18,11.2,0.077,4.5,-4.5,0.4,2.7,0.677,542.0,13.166,11.2,112.0,1.7670195182495447,,,,Sand,,,Sand 3,3,6.04,35.04,-4.59,-33.589999999999996
-11.75,13.2,10.8,0.072,4.5,-4.5,0.4,2.8,0.64243,542.0,13.186,10.8,108.0,1.7664023349099547,,,,Sand,,,Sand 3,3,6.04,35.04,-4.59,-33.589999999999996
-11.770000000000001,13.22,10.69,0.07,4.7,-4.7,0.4,2.6,0.62201,543.0,13.206,10.69,106.9,1.7619109952377954,,,,Sand,,,Sand 3,3,6.04,35.04,-4.59,-33.589999999999996
-11.790000000000001,13.24,10.77,0.069,4.5,-4.5,0.4,2.5,0.60282,544.0,13.226,10.77,107.7,1.751456258187106,,,,Sand,,,Sand 3,3,6.04,35.04,-4.59,-33.589999999999996
-11.81,13.26,11.14,0.068,4.5,-4.5,0.4,2.5,0.58033,545.0,13.246,11.14,111.4,1.7299919967229171,,,,Sand,,,Sand 3,3,6.04,35.04,-4.59,-33.589999999999996
-11.83,13.28,11.53,0.069,4.5,-4.5,0.4,2.5,0.57315,546.0,13.266,11.53,115.3,1.7146292777766017,,,,Sand,,,Sand 3,3,6.04,35.04,-4.59,-33.589999999999996
-11.850000000000001,13.3,12.39,0.069,4.7,-4.7,0.4,2.5,0.55797,546.0,13.286,12.39,123.9,1.682340382029804,,,,Sand,,,Sand 3,3,6.04,35.04,-4.59,-33.589999999999996
-11.870000000000001,13.32,13.05,0.072,4.7,-4.7,0.4,2.5,0.5681,547.0,13.306,13.05,130.5,1.6684946976377188,,,,Sand,,,Sand 3,3,6.04,35.04,-4.59,-33.589999999999996
-11.89,13.34,13.37,0.072,4.7,-4.7,0.4,2.5,0.55701,548.0,13.326,13.37,133.7,1.6549544145136155,,,,Sand,,,Sand 3,3,6.04,35.04,-4.59,-33.589999999999996
-11.91,13.36,13.37,0.074,4.7,-4.7,0.4,2.5,0.56376,549.0,13.346,13.37,133.7,1.6580129231759226,,,,Sand,,,Sand 3,3,6.04,35.04,-4.59,-33.589999999999996
-11.930000000000001,13.38,13.31,0.077,4.7,-4.7,0.4,2.5,0.5824,549.0,13.366,13.31,133.1,1.6679022294456531,,,,Sand,,,Sand 3,3,6.04,35.04,-4.59,-33.589999999999996
-11.950000000000001,13.4,13.23,0.079,4.7,-4.7,0.4,2.6,0.59685,550.0,13.386,13.23,132.3,1.6763168992758153,,,,Sand,,,Sand 3,3,6.04,35.04,-4.59,-33.589999999999996
-11.97,13.42,13.16,0.08,4.7,-4.7,0.4,2.5,0.6048,551.0,13.406,13.16,131.6,1.6815872904727378,,,,Sand,,,Sand 3,3,6.04,35.04,-4.59,-33.589999999999996
-11.99,13.44,13.13,0.081,4.7,-4.7,0.4,2.5,0.61167,552.0,13.426,13.13,131.3,1.685308602468884,,,,Sand,,,Sand 3,3,6.04,35.04,-4.59,-33.589999999999996
-12.010000000000002,13.46,13.15,0.08,4.7,-4.7,0.4,2.5,0.60269,553.0,13.446,13.15,131.5,1.6809490180837001,,,,Sand,,,Sand 3,3,6.04,35.04,-4.59,-33.589999999999996
-12.030000000000001,13.48,13.17,0.081,4.7,-4.7,0.4,2.5,0.60856,553.0,13.466,13.17,131.7,1.6829271834987387,,,,Sand,,,Sand 3,3,6.04,35.04,-4.59,-33.589999999999996
-12.05,13.5,13.3,0.082,4.7,-4.7,0.4,2.5,0.61515,554.0,13.485,13.3,133.0,1.6823073797862984,,,,Sand,,,Sand 3,3,6.04,35.04,-4.59,-33.589999999999996
-12.07,13.52,13.49,0.082,4.7,-4.7,0.4,2.5,0.6151,555.0,13.505,13.49,134.9,1.6773608601316445,,,,Sand,,,Sand 3,3,6.04,35.04,-4.59,-33.589999999999996
-12.09,13.54,13.56,0.084,4.7,-4.7,0.4,2.5,0.63116,556.0,13.525,13.56,135.6,1.6823298343079778,,,,Sand,,,Sand 3,3,6.04,35.04,-4.59,-33.589999999999996
-12.110000000000001,13.56,13.52,0.083,4.9,-4.9,0.4,2.5,0.62689,556.0,13.545,13.52,135.2,1.681565237191781,,,,Sand,,,Sand 3,3,6.04,35.04,-4.59,-33.589999999999996
-12.13,13.58,13.32,0.084,4.7,-4.7,0.4,2.5,0.64055,557.0,13.565,13.32,133.2,1.6923858944517334,,,,Sand,,,Sand 3,3,6.04,35.04,-4.59,-33.589999999999996
-12.15,13.6,13.14,0.083,4.9,-4.9,0.4,2.1,0.64316,558.0,13.585,13.14,131.4,1.6981562081366972,,,,Sand,,,Sand 3,3,6.04,35.04,-4.59,-33.589999999999996
-12.17,13.62,12.97,0.082,4.9,-4.9,0.4,2.5,0.64758,559.0,13.605,12.97,129.7,1.7044582840305667,,,,Sand,,,Sand 3,3,6.04,35.04,-4.59,-33.589999999999996
-12.190000000000001,13.64,12.62,0.081,4.9,-4.9,0.4,2.5,0.65323,560.0,13.625,12.62,126.2,1.716205222641582,,,,Sand,,,Sand 3,3,6.04,35.04,-4.59,-33.589999999999996
-12.21,13.66,12.29,0.08,4.9,-4.9,0.4,2.5,0.65905,560.0,13.645,12.29,122.9,1.7277118891358052,,,,Sand,,,Sand 3,3,6.04,35.04,-4.59,-33.589999999999996
-12.23,13.68,11.82,0.079,4.9,-4.9,0.4,2.2,0.66421,561.0,13.665,11.82,118.2,1.7432952946083393,,,,Sand,,,Sand 3,3,6.04,35.04,-4.59,-33.589999999999996
-12.25,13.7,11.62,0.077,4.9,-4.9,0.4,3.1,0.65988,562.0,13.685,11.62,116.2,1.747550639505247,,,,Sand,,,Sand 3,3,6.04,35.04,-4.59,-33.589999999999996
-12.270000000000001,13.72,11.42,0.076,4.7,-4.7,0.4,2.8,0.66209,563.0,13.705,11.42,114.2,1.754478638864307,,,,Sand,,,Sand 3,3,6.04,35.04,-4.59,-33.589999999999996
-12.290000000000001,13.74,11.23,0.074,4.9,-4.9,0.4,2.5,0.65313,563.0,13.725,11.23,112.3,1.7568568170885777,,,,Sand,,,Sand 3,3,6.04,35.04,-4.59,-33.589999999999996
-12.31,13.76,11.18,0.073,4.9,-4.9,0.4,2.6,0.64911,564.0,13.745,11.18,111.8,1.7568462590645944,,,,Sand,,,Sand 3,3,6.04,35.04,-4.59,-33.589999999999996
-12.33,13.78,11.17,0.072,4.9,-4.9,0.4,2.5,0.64322,565.0,13.764,11.17,111.7,1.7548379188413572,,,,Sand,,,Sand 3,3,6.04,35.04,-4.59,-33.589999999999996
-12.350000000000001,13.8,11.1,0.071,4.9,-4.9,0.4,2.5,0.63549,566.0,13.784,11.1,111.0,1.7539829160013907,,,,Sand,,,Sand 3,3,6.04,35.04,-4.59,-33.589999999999996
-12.370000000000001,13.82,11.1,0.071,4.9,-4.9,0.4,2.5,0.63485,567.0,13.804,11.1,111.0,1.7537276990697377,,,,Sand,,,Sand 3,3,6.04,35.04,-4.59,-33.589999999999996
-12.39,13.84,11.15,0.07,4.9,-4.9,0.4,2.5,0.62479,567.0,13.824,11.15,111.5,1.7481025438133868,,,,Sand,,,Sand 3,3,6.04,35.04,-4.59,-33.589999999999996
-12.41,13.86,11.2,0.07,4.9,-4.9,0.4,2.5,0.62375,568.0,13.844,11.2,112.0,1.7461007591884696,,,,Sand,,,Sand 3,3,6.04,35.04,-4.59,-33.589999999999996
-12.430000000000001,13.88,11.25,0.069,4.9,-4.9,0.4,2.5,0.61361,569.0,13.864,11.25,112.5,1.7403951598348546,,,,Sand,,,Sand 3,3,6.04,35.04,-4.59,-33.589999999999996
-12.450000000000001,13.9,11.32,0.07,4.9,-4.9,0.4,2.5,0.62167,570.0,13.884,11.32,113.2,1.7414920711997142,,,,Sand,,,Sand 3,3,6.04,35.04,-4.59,-33.589999999999996
-12.47,13.92,11.34,0.071,4.9,-4.9,0.4,2.5,0.63055,570.0,13.904,11.34,113.4,1.7444621306428474,,,,Sand,,,Sand 3,3,6.04,35.04,-4.59,-33.589999999999996
-12.49,13.94,11.32,0.07,4.9,-4.9,0.4,2.6,0.62278,571.0,13.924,11.32,113.2,1.7419430930569813,,,,Sand,,,Sand 3,3,6.04,35.04,-4.59,-33.589999999999996
-12.510000000000002,13.96,11.28,0.069,4.9,-4.9,0.4,2.5,0.61628,572.0,13.944,11.28,112.8,1.740545675201609,,,,Sand,,,Sand 3,3,6.04,35.04,-4.59,-33.589999999999996
-12.530000000000001,13.98,11.22,0.068,4.9,-4.9,0.4,2.5,0.61069,573.0,13.964,11.22,112.2,1.740142461191854,,,,Sand,,,Sand 3,3,6.04,35.04,-4.59,-33.589999999999996
-12.55,14.0,11.15,0.068,4.9,-4.9,0.4,2.5,0.61427,574.0,13.984,11.15,111.5,1.7438277701926281,,,,Sand,,,Sand 3,3,6.04,35.04,-4.59,-33.589999999999996
-12.57,14.02,11.04,0.069,4.9,-4.9,0.4,2.5,0.62599,574.0,14.004,11.04,110.4,1.7520920452916804,,,,Sand,,,Sand 3,3,6.04,35.04,-4.59,-33.589999999999996
-12.59,14.04,10.9,0.071,4.9,-4.9,0.4,2.5,0.64523,575.0,14.023,10.9,109.0,1.76425023645901,,,,Sand,,,Sand 3,3,6.04,35.04,-4.59,-33.589999999999996
-12.610000000000001,14.06,10.83,0.071,4.9,-4.9,0.4,2.5,0.64253,576.0,14.043,10.83,108.3,1.7654620725427803,,,,Sand,,,Sand 3,3,6.04,35.04,-4.59,-33.589999999999996
-12.63,14.08,10.82,0.071,4.9,-4.9,0.4,2.5,0.63492,577.0,14.063,10.82,108.2,1.7627811909534339,,,,Sand,,,Sand 3,3,6.04,35.04,-4.59,-33.589999999999996
-12.65,14.1,10.94,0.075,5.1,-5.1,0.4,2.5,0.65891,577.0,14.083,10.94,109.4,1.7682960974023743,,,,Sand,,,Sand 3,3,6.04,35.04,-4.59,-33.589999999999996
-12.67,14.12,11.13,0.076,4.9,-4.9,0.4,2.5,0.65292,578.0,14.103,11.13,111.3,1.7599151055417785,,,,Sand,,,Sand 3,3,6.04,35.04,-4.59,-33.589999999999996
-12.690000000000001,14.14,11.59,0.0767,4.9,-4.9,0.4,2.1,0.64251,579.0,14.123,11.59,115.9,1.7415907832129012,,,,Sand,,,Sand 3,3,6.04,35.04,-4.59,-33.589999999999996
-12.71,14.16,12.21,0.0773,5.1,-5.1,0.4,2.5,0.63076,580.0,14.143,12.21,122.1,1.7186036272552678,,,,Sand,,,Sand 3,3,6.04,35.04,-4.59,-33.589999999999996
-12.73,14.18,12.64,0.078,5.1,-5.1,0.4,2.5,0.62275,581.0,14.163,12.64,126.4,1.7032170810309726,,,,Sand,,,Sand 3,3,6.04,35.04,-4.59,-33.589999999999996
-12.75,14.2,12.96,0.078,4.9,-4.9,0.4,2.5,0.61237,581.0,14.183,12.96,129.6,1.6901473869675336,,,,Sand,,,Sand 3,3,6.04,35.04,-4.59,-33.589999999999996
-12.770000000000001,14.22,13.21,0.077,5.1,-5.1,0.4,2.4,0.59841,582.0,14.203,13.21,132.1,1.677518971352887,,,,Sand,,,Sand 3,3,6.04,35.04,-4.59,-33.589999999999996
-12.790000000000001,14.24,13.36,0.077,5.1,-5.1,0.4,2.7,0.59678,583.0,14.223,13.36,133.6,1.6728724753040836,,,,Sand,,,Sand 3,3,6.04,35.04,-4.59,-33.589999999999996
-12.81,14.26,13.1,0.078,5.1,-5.1,0.4,3.1,0.60624,584.0,14.243,13.1,131.0,1.6837966377398415,,,,Sand,,,Sand 3,3,6.04,35.04,-4.59,-33.589999999999996
-12.83,14.28,12.83,0.079,5.1,-5.1,0.4,2.7,0.61858,584.0,14.263,12.83,128.3,1.696274816716619,,,,Sand,,,Sand 3,3,6.04,35.04,-4.59,-33.589999999999996
-12.850000000000001,14.3,12.63,0.079,5.1,-5.1,0.4,2.6,0.62537,585.0,14.282,12.63,126.3,1.7045795024749282,,,,Sand,,,Sand 3,3,6.04,35.04,-4.59,-33.589999999999996
-12.870000000000001,14.32,12.49,0.08,5.1,-5.1,0.4,2.5,0.64154,586.0,14.302,12.49,124.9,1.7150858133924773,,,,Sand,,,Sand 3,3,6.04,35.04,-4.59,-33.589999999999996
-12.89,14.34,12.35,0.08,5.1,-5.1,0.4,2.5,0.64771,587.0,14.322,12.35,123.5,1.721495838606723,,,,Sand,,,Sand 3,3,6.04,35.04,-4.59,-33.589999999999996
-12.91,14.36,12.2,0.079,5.1,-5.1,0.4,2.5,0.643,587.0,14.342,12.2,122.0,1.7238555400648243,,,,Sand,,,Sand 3,3,6.04,35.04,-4.59,-33.589999999999996
-12.930000000000001,14.38,12.1,0.079,5.1,-5.1,0.4,2.5,0.64372,588.0,14.362,12.1,121.0,1.7270153305601978,,,,Sand,,,Sand 3,3,6.04,35.04,-4.59,-33.589999999999996
-12.950000000000001,14.4,12.06,0.08,5.1,-5.1,0.4,2.5,0.65001,589.0,14.382,12.06,120.6,1.730687754777786,,,,Sand,,,Sand 3,3,6.04,35.04,-4.59,-33.589999999999996
-12.97,14.42,12.15,0.08,5.1,-5.1,0.4,2.5,0.64601,590.0,14.402,12.15,121.5,1.7264969686854954,,,,Sand,,,Sand 3,3,6.04,35.04,-4.59,-33.589999999999996
-12.99,14.44,12.31,0.08,5.1,-5.1,0.4,2.5,0.64,591.0,14.422,12.31,123.1,1.71951539088967,,,,Sand,,,Sand 3,3,6.04,35.04,-4.59,-33.589999999999996
-13.010000000000002,14.46,12.52,0.08,5.1,-5.1,0.4,2.5,0.63235,591.0,14.442,12.52,125.2,1.7105040607022126,,,,Sand,,,Sand 3,3,6.04,35.04,-4.59,-33.589999999999996
-13.030000000000001,14.48,12.77,0.08,5.1,-5.1,0.6,2.6,0.62378,592.0,14.462,12.77,127.7,1.7000776762128922,,,,Sand,,,Sand 3,3,6.04,35.04,-4.59,-33.589999999999996
-13.05,14.5,12.96,0.08,5.1,-5.1,0.4,2.5,0.61503,593.0,14.482,12.96,129.6,1.6912696197619617,,,,Sand,,,Sand 3,3,6.04,35.04,-4.59,-33.589999999999996
-13.07,14.52,13.13,0.08,5.1,-5.1,0.4,2.5,0.60738,594.0,14.502,13.13,131.3,1.683484838117099,,,,Sand,,,Sand 3,3,6.04,35.04,-4.59,-33.589999999999996
-13.09,14.54,13.31,0.08,5.1,-5.1,0.6,2.5,0.60184,594.0,14.522,13.31,133.1,1.6763648389591468,,,,Sand,,,Sand 3,3,6.04,35.04,-4.59,-33.589999999999996
-13.110000000000001,14.56,13.45,0.079,5.1,-5.1,0.4,2.5,0.59143,595.0,14.541,13.45,134.5,1.668202076045117,,,,Sand,,,Sand 3,3,6.04,35.04,-4.59,-33.589999999999996
-13.13,14.58,13.61,0.077,5.3,-5.3,0.4,2.5,0.57495,596.0,14.561,13.61,136.1,1.65678912355039,,,,Sand,,,Sand 3,3,6.04,35.04,-4.59,-33.589999999999996
-13.15,14.6,13.62,0.075,5.1,-5.1,0.6,2.5,0.55908,597.0,14.581,13.62,136.2,1.6493722006932519,,,,Sand,,,Sand 3,3,6.04,35.04,-4.59,-33.589999999999996
-13.17,14.62,13.49,0.07,5.1,-5.1,0.4,2.5,0.52151,598.0,14.601,13.49,134.9,1.635245924091037,,,,Sand,,,Sand 3,3,6.04,35.04,-4.59,-33.589999999999996
-13.190000000000001,14.64,13.29,0.068,5.1,-5.1,0.4,2.5,0.50708,598.0,14.621,13.29,132.9,1.6336344370326024,,,,Sand,,,Sand 3,3,6.04,35.04,-4.59,-33.589999999999996
-13.21,14.66,13.24,0.065,5.1,-5.1,0.6,2.6,0.48621,599.0,14.641,13.24,132.4,1.6247263050900127,,,,Sand,,,Sand 3,3,6.04,35.04,-4.59,-33.589999999999996
-13.23,14.68,13.31,0.062,5.3,-5.3,0.4,2.3,0.46529,600.0,14.661,13.31,133.1,1.6122314062396343,,,,Sand,,,Sand 3,3,6.04,35.04,-4.59,-33.589999999999996
-13.25,14.7,13.37,0.061,5.3,-5.3,0.6,2.2,0.45847,601.0,14.681,13.37,133.7,1.6070755232106695,,,,Sand,,,Sand 3,3,6.04,35.04,-4.59,-33.589999999999996
-13.270000000000001,14.72,13.35,0.058,5.3,-5.3,0.6,2.5,0.43499,602.0,14.701,13.35,133.5,1.595217003781444,,,,Sand,,,Sand 3,3,6.04,35.04,-4.59,-33.589999999999996
-13.290000000000001,14.74,13.28,0.06,5.3,-5.3,0.6,2.5,0.4473,602.0,14.721,13.28,132.8,1.6036888309759343,,,,Sand,,,Sand 3,3,6.04,35.04,-4.59,-33.589999999999996
-13.31,14.76,13.27,0.062,5.3,-5.3,0.6,2.5,0.45782,603.0,14.741,13.27,132.7,1.6094657537756307,,,,Sand,,,Sand 3,3,6.04,35.04,-4.59,-33.589999999999996
-13.33,14.78,13.33,0.062,5.1,-5.1,0.6,2.4,0.45231,604.0,14.761,13.33,133.3,1.6049518525186213,,,,Sand,,,Sand 3,3,6.04,35.04,-4.59,-33.589999999999996
-13.350000000000001,14.8,13.52,0.063,5.3,-5.3,0.6,3.0,0.45271,605.0,14.78,13.52,135.2,1.6000138270176272,,,,Sand,,,Sand 3,3,6.04,35.04,-4.59,-33.589999999999996
-13.370000000000001,14.82,13.88,0.064,5.3,-5.3,0.6,2.7,0.4519,605.0,14.8,13.88,138.8,1.5900468008189637,,,,Sand,,,Sand 3,3,6.04,35.04,-4.59,-33.589999999999996
-13.39,14.84,14.34,0.063,5.3,-5.3,0.6,2.6,0.4367,606.0,14.82,14.34,143.4,1.5700535836496947,,,,Sand,,,Sand 3,3,6.04,35.04,-4.59,-33.589999999999996
-13.41,14.86,14.69,0.065,5.3,-5.3,0.6,2.5,0.44191,607.0,14.84,14.69,146.9,1.5641466800938666,,,,Sand,,,Sand 3,3,6.04,35.04,-4.59,-33.589999999999996
-13.430000000000001,14.88,15.02,0.066,5.3,-5.3,0.6,2.5,0.44048,608.0,14.86,15.02,150.2,1.555336340419345,,,,Sand,,,Sand 3,3,6.04,35.04,-4.59,-33.589999999999996
-13.450000000000001,14.9,15.25,0.068,5.3,-5.3,0.6,2.5,0.44649,609.0,14.88,15.25,152.5,1.5531409955591982,,,,Sand,,,Sand 3,3,6.04,35.04,-4.59,-33.589999999999996
-13.47,14.92,15.38,0.069,5.3,-5.3,0.6,2.5,0.44758,609.0,14.9,15.38,153.8,1.5506826794560065,,,,Sand,,,Sand 3,3,6.04,35.04,-4.59,-33.589999999999996
-13.49,14.94,15.59,0.072,5.3,-5.3,0.6,2.5,0.46366,610.0,14.92,15.59,155.9,1.5545005086062793,,,,Sand,,,Sand 3,3,6.04,35.04,-4.59,-33.589999999999996
-13.510000000000002,14.96,15.72,0.074,5.3,-5.3,0.6,2.5,0.4768,611.0,14.94,15.72,157.2,1.558502852331884,,,,Sand,,,Sand 3,3,6.04,35.04,-4.59,-33.589999999999996
-13.530000000000001,14.98,15.85,0.077,5.3,-5.3,0.6,2.5,0.50089,612.0,14.96,15.85,158.5,1.5680407121679416,,,,Sand,,,Sand 3,3,6.04,35.04,-4.59,-33.589999999999996
-13.55,15.0,15.83,0.08,5.3,-5.3,0.6,2.5,0.52945,612.0,14.98,15.83,158.3,1.5827268516477666,,,,Sand,,,Sand 3,3,6.04,35.04,-4.59,-33.589999999999996
-13.57,15.02,15.59,0.082,5.3,-5.3,0.6,2.6,0.55768,613.0,15.0,15.59,155.9,1.601568652441192,,,,Sand,,,Sand 3,3,6.04,35.04,-4.59,-33.589999999999996
-13.59,15.04,14.95,0.083,5.3,-5.3,0.6,2.5,0.58435,614.0,15.019,14.95,149.5,1.62833600468205,,,,Sand,,,Sand 3,3,6.04,35.04,-4.59,-33.589999999999996
-13.610000000000001,15.06,14.07,0.083,5.3,-5.3,0.6,2.5,0.60929,615.0,15.039,14.07,140.7,1.6602945115090262,,,,Sand,,,Sand 3,3,6.04,35.04,-4.59,-33.589999999999996
-13.63,15.08,13.28,0.082,5.5,-5.5,0.6,2.5,0.6315,616.0,15.059,13.28,132.8,1.6896855353792144,,,,Sand,,,Sand 3,3,6.04,35.04,-4.59,-33.589999999999996
-13.65,15.1,12.34,0.081,5.5,-5.5,0.6,2.5,0.6564,616.0,15.079,12.34,123.4,1.7252508618794113,,,,Sand,,,Sand 3,3,6.04,35.04,-4.59,-33.589999999999996
-13.67,15.12,11.72,0.08,5.3,-5.3,0.6,2.5,0.68092,617.0,15.099,11.72,117.2,1.7527165238793319,,,,Sand,,,Sand 3,3,6.04,35.04,-4.59,-33.589999999999996
-13.690000000000001,15.14,11.2,0.076,5.3,-5.3,0.6,2.5,0.67683,618.0,15.119,11.2,112.0,1.766954673340196,,,,Sand,,,Sand 3,3,6.04,35.04,-4.59,-33.589999999999996
-13.71,15.16,10.73,0.072,5.5,-5.5,0.6,2.5,0.66837,619.0,15.139,10.73,107.3,1.7787449458696118,,,,Sand,,,Sand 3,3,6.04,35.04,-4.59,-33.589999999999996
-13.73,15.18,10.43,0.068,5.5,-5.5,0.6,2.5,0.65306,619.0,15.159,10.43,104.3,1.7828646429883261,,,,Sand,,,Sand 3,3,6.04,35.04,-4.59,-33.589999999999996
-13.75,15.2,10.22,0.066,5.3,-5.3,0.6,2.3,0.65355,620.0,15.179,10.22,102.2,1.790253032069919,,,,Sand,,,Sand 3,3,6.04,35.04,-4.59,-33.589999999999996
-13.770000000000001,15.22,9.91,0.064,5.5,-5.5,0.4,2.2,0.65107,621.0,15.199,9.91,99.1,1.8002347241229288,,,,Sand,,,Sand 3,3,6.04,35.04,-4.59,-33.589999999999996
-13.790000000000001,15.24,9.63,0.062,5.5,-5.5,0.6,2.5,0.64466,622.0,15.219,9.63,96.3,1.8079901972608436,,,,Sand,,,Sand 3,3,6.04,35.04,-4.59,-33.589999999999996
-13.81,15.26,9.46,0.061,5.5,-5.5,0.6,2.5,0.64559,623.0,15.238,9.46,94.6,1.8147099754983804,,,,Sand,,,Sand 3,3,6.04,35.04,-4.59,-33.589999999999996
-13.83,15.28,9.21,0.059,5.3,-5.3,0.6,2.5,0.6333,624.0,15.258,9.21,92.1,1.819598858892358,,,,Sand,,,Sand 3,3,6.04,35.04,-4.59,-33.589999999999996
-13.850000000000001,15.3,9.05,0.058,5.3,-5.3,0.6,2.5,0.62737,624.0,15.278,9.05,90.5,1.8236192309506953,,,,Sand,,,Sand 3,3,6.04,35.04,-4.59,-33.589999999999996
-13.870000000000001,15.32,9.03,0.058,5.5,-5.5,0.6,3.0,0.62898,625.0,15.298,9.03,90.3,1.825037696480204,,,,Sand,,,Sand 3,3,6.04,35.04,-4.59,-33.589999999999996
-13.89,15.34,9.08,0.057,5.3,-5.3,0.6,2.6,0.61797,626.0,15.318,9.08,90.8,1.8187741667886934,,,,Sand,,,Sand 3,3,6.04,35.04,-4.59,-33.589999999999996
-13.91,15.36,9.16,0.057,5.5,-5.5,0.6,2.5,0.61613,627.0,15.338,9.16,91.6,1.8148877452633587,,,,Sand,,,Sand 3,3,6.04,35.04,-4.59,-33.589999999999996
-13.930000000000001,15.38,9.34,0.056,5.5,-5.5,0.6,2.6,0.60247,627.0,15.358,9.34,93.4,1.8024512054357116,,,,Sand,,,Sand 3,3,6.04,35.04,-4.59,-33.589999999999996
-13.950000000000001,15.4,9.44,0.056,5.5,-5.5,0.6,2.5,0.59893,628.0,15.378,9.44,94.4,1.7971832842396798,,,,Sand,,,Sand 3,3,6.04,35.04,-4.59,-33.589999999999996
-13.97,15.42,9.48,0.058,5.3,-5.3,0.6,2.5,0.61563,629.0,15.398,9.48,94.8,1.8023173277298483,,,,Sand,,,Sand 3,3,6.04,35.04,-4.59,-33.589999999999996
-13.99,15.44,9.43,0.058,5.5,-5.5,0.6,2.5,0.6098,630.0,15.418,9.43,94.3,1.801912047394283,,,,Sand,,,Sand 3,3,6.04,35.04,-4.59,-33.589999999999996
-14.010000000000002,15.46,9.4,0.059,5.5,-5.5,0.6,2.5,0.61291,630.0,15.438,9.4,94.0,1.8042933099482896,,,,Sand,,,Sand 3,3,6.04,35.04,-4.59,-33.589999999999996
-14.030000000000001,15.48,9.47,0.062,5.5,-5.5,0.6,2.5,0.63153,631.0,15.457,9.47,94.7,1.808920747800597,,,,Sand,,,Sand 3,3,6.04,35.04,-4.59,-33.589999999999996
-14.05,15.5,9.65,0.065,5.7,-5.7,0.6,2.5,0.6419,632.0,15.477,9.65,96.5,1.8061888912561577,,,,Sand,,,Sand 3,3,6.04,35.04,-4.59,-33.589999999999996
-14.07,15.52,9.88,0.066,5.5,-5.5,0.6,2.5,0.625,633.0,15.497,9.88,98.8,1.7911879527792245,,,,Sand,,,Sand 3,3,6.04,35.04,-4.59,-33.589999999999996
-14.09,15.54,10.26,0.068,5.5,-5.5,0.6,2.5,0.61103,634.0,15.517,10.26,102.6,1.7721210015961264,,,,Sand,,,Sand 3,3,6.04,35.04,-4.59,-33.589999999999996
-14.110000000000001,15.56,10.97,0.077,5.5,-5.5,0.6,2.6,0.65048,634.0,15.537,10.97,109.7,1.7640525726994685,,,,Sand,,,Sand 3,3,6.04,35.04,-4.59,-33.589999999999996
-14.13,15.58,11.95,0.084,5.5,-5.5,0.6,2.4,0.66135,635.0,15.557,11.95,119.5,1.7383674990337428,,,,Sand,,,Sand 3,3,6.04,35.04,-4.59,-33.589999999999996
-14.15,15.6,12.9,0.0893,5.5,-5.5,0.6,2.6,0.66093,636.0,15.577,12.9,129.0,1.7117008288621403,,,,Sand,,,Sand 3,3,6.04,35.04,-4.59,-33.589999999999996
-14.17,15.62,13.95,0.0947,5.5,-5.5,0.6,2.5,0.65384,637.0,15.597,13.95,139.5,1.6819496809559675,,,,Sand,,,Sand 3,3,6.04,35.04,-4.59,-33.589999999999996
-14.190000000000001,15.64,15.14,0.1,5.5,-5.5,0.6,2.5,0.6503,637.0,15.617,15.14,151.4,1.652603789975562,,,,Sand,,,Sand 3,3,6.04,35.04,-4.59,-33.589999999999996
-14.21,15.66,16.56,0.127,5.5,-5.5,0.6,2.5,0.79005,638.0,15.637,16.56,165.6,1.677498675488463,,,,Sand,,,Sand 3,3,6.04,35.04,-4.59,-33.589999999999996
-14.23,15.68,16.36,0.124,5.5,-5.5,0.8,2.5,0.74536,639.0,15.657,16.36,163.6,1.6647354315877072,,,,Sand,,,Sand 3,3,6.04,35.04,-4.59,-33.589999999999996
-14.25,15.7,18.04,0.129,5.7,-5.7,0.8,2.6,0.75439,640.0,15.676,18.04,180.4,1.6364408217921678,,,,Sand,,,Sand 3,3,6.04,35.04,-4.59,-33.589999999999996
-14.270000000000001,15.72,18.12,0.128,5.5,-5.5,0.6,2.5,0.73484,641.0,15.696,18.12,181.2,1.627382972182767,,,,Sand,,,Sand 3,3,6.04,35.04,-4.59,-33.589999999999996
-14.290000000000001,15.74,17.53,0.134,5.5,-5.5,0.6,2.6,0.76473,641.0,15.716,17.53,175.3,1.6496487435759684,,,,Sand,,,Sand 3,3,6.04,35.04,-4.59,-33.589999999999996
-14.31,15.76,17.39,0.144,5.5,-5.5,0.6,2.1,0.81754,642.0,15.736,17.39,173.9,1.671747522004718,,,,Sand,,,Sand 3,3,6.04,35.04,-4.59,-33.589999999999996
-14.33,15.78,17.66,0.149,5.7,-5.7,0.6,2.4,0.85375,643.0,15.756,17.66,176.6,1.679676804904633,,,,Sand,,,Sand 3,3,6.04,35.04,-4.59,-33.589999999999996
-14.350000000000001,15.8,17.69,0.128,5.7,-5.7,0.8,2.5,0.74031,644.0,15.776,17.69,176.9,1.6373061035593808,,,,Sand,,,Sand 3,3,6.04,35.04,-4.59,-33.589999999999996
-14.370000000000001,15.82,17.39,0.12,5.7,-5.7,0.8,2.5,0.69646,645.0,15.796,17.39,173.9,1.6253957685163243,,,,Sand,,,Sand 3,3,6.04,35.04,-4.59,-33.589999999999996
-14.39,15.84,17.09,0.117,5.7,-5.7,0.6,2.5,0.68003,645.0,15.816,17.09,170.9,1.6243837435816197,,,,Sand,,,Sand 3,3,6.04,35.04,-4.59,-33.589999999999996
-14.41,15.86,16.75,0.114,5.7,-5.7,0.8,2.2,0.66424,646.0,15.836,16.75,167.5,1.6244754685259672,,,,Sand,,,Sand 3,3,6.04,35.04,-4.59,-33.589999999999996
-14.430000000000001,15.88,16.82,0.115,5.7,-5.7,0.6,3.1,0.67188,647.0,15.856,16.82,168.2,1.6262806943380943,,,,Sand,,,Sand 3,3,6.04,35.04,-4.59,-33.589999999999996
-14.450000000000001,15.9,17.05,0.115,5.7,-5.7,0.8,2.8,0.67409,648.0,15.875,17.05,170.5,1.6226939650258374,,,,Sand,,,Sand 3,3,6.04,35.04,-4.59,-33.589999999999996
-14.47,15.92,17.19,0.114,5.7,-5.7,0.8,2.6,0.67059,648.0,15.895,17.19,171.9,1.6185228036642927,,,,Sand,,,Sand 3,3,6.04,35.04,-4.59,-33.589999999999996
-14.49,15.94,17.32,0.112,5.7,-5.7,0.6,2.5,0.6615,649.0,15.915,17.32,173.2,1.612196225836824,,,,Sand,,,Sand 3,3,6.04,35.04,-4.59,-33.589999999999996
-14.510000000000002,15.96,17.32,0.11,5.7,-5.7,0.8,2.6,0.65437,650.0,15.935,17.32,173.2,1.6091626334123734,,,,Sand,,,Sand 3,3,6.04,35.04,-4.59,-33.589999999999996
-14.530000000000001,15.98,16.94,0.109,5.7,-5.7,0.8,2.5,0.65584,651.0,15.955,16.94,169.4,1.6171721681010145,,,,Sand,,,Sand 3,3,6.04,35.04,-4.59,-33.589999999999996
-14.55,16.0,16.61,0.108,5.7,-5.7,0.8,2.5,0.65939,651.0,15.975,16.61,166.1,1.6252362574950734,,,,Sand,,,Sand 3,3,6.04,35.04,-4.59,-33.589999999999996
-14.57,16.02,16.2,0.106,5.7,-5.7,0.8,2.5,0.65905,652.0,15.995,16.2,162.0,1.633454549836739,,,,Sand,,,Sand 3,3,6.04,35.04,-4.59,-33.589999999999996
-14.59,16.04,15.85,0.105,5.5,-5.5,0.8,2.5,0.66725,653.0,16.015,15.85,158.5,1.6441910799129527,,,,Sand,,,Sand 3,3,6.04,35.04,-4.59,-33.589999999999996
-14.61,16.06,15.53,0.103,5.5,-5.5,0.8,2.5,0.66954,654.0,16.035,15.53,155.3,1.6519839563648426,,,,Sand,,,Sand 3,3,6.04,35.04,-4.59,-33.589999999999996
-14.629999999999999,16.08,15.26,0.1,5.9,-5.9,0.8,2.5,0.66523,655.0,16.055,15.26,152.6,1.6561196118444321,,,,Sand,,,Sand 3,3,6.04,35.04,-4.59,-33.589999999999996
-14.650000000000002,16.1,14.96,0.096,5.7,-5.7,0.8,2.6,0.65345,655.0,16.074,14.96,149.6,1.6579706910853969,,,,Sand,,,Sand 3,3,6.04,35.04,-4.59,-33.589999999999996
-14.670000000000002,16.12,14.54,0.093,5.7,-5.7,0.8,2.5,0.64775,656.0,16.094,14.54,145.4,1.6652894945148202,,,,Sand,,,Sand 3,3,6.04,35.04,-4.59,-33.589999999999996
-14.690000000000001,16.14,14.12,0.087,5.7,-5.7,0.8,2.5,0.61933,657.0,16.114,14.12,141.2,1.6633769265817955,,,,Sand,,,Sand 3,3,6.04,35.04,-4.59,-33.589999999999996
-14.71,16.16,13.8,0.085,5.9,-5.9,0.8,2.5,0.61824,658.0,16.134,13.8,138.0,1.6708262406608572,,,,Sand,,,Sand 3,3,6.04,35.04,-4.59,-33.589999999999996
-14.73,16.18,13.47,0.082,5.7,-5.7,0.8,2.5,0.60944,658.0,16.154,13.47,134.7,1.6754645529976597,,,,Sand,,,Sand 3,3,6.04,35.04,-4.59,-33.589999999999996
-14.75,16.2,13.18,0.078,5.9,-5.9,0.8,2.5,0.59226,659.0,16.174,13.18,131.8,1.6756518934914795,,,,Sand,,,Sand 3,3,6.04,35.04,-4.59,-33.589999999999996
-14.77,16.22,13.05,0.073,5.7,-5.7,0.8,2.5,0.56672,660.0,16.194,13.05,130.5,1.6678780530347372,,,,Sand,,,Sand 3,3,6.04,35.04,-4.59,-33.589999999999996
-14.79,16.24,12.87,0.07,5.7,-5.7,0.8,2.5,0.55523,661.0,16.214,12.87,128.7,1.6676194262055526,,,,Sand,,,Sand 3,3,6.04,35.04,-4.59,-33.589999999999996
-14.810000000000002,16.26,12.61,0.065,5.9,-5.9,0.8,2.5,0.52637,662.0,16.234,12.61,126.1,1.6616167319253627,,,,Sand,,,Sand 3,3,6.04,35.04,-4.59,-33.589999999999996
-14.830000000000002,16.28,12.26,0.062,5.7,-5.7,0.8,2.6,0.51335,662.0,16.254,12.26,122.6,1.6656043904361093,,,,Sand,,,Sand 3,3,6.04,35.04,-4.59,-33.589999999999996
-14.850000000000001,16.3,11.81,0.061,5.9,-5.9,0.8,2.1,0.51832,663.0,16.273,11.81,118.1,1.6814216331797058,,,,Sand,,,Sand 3,3,6.04,35.04,-4.59,-33.589999999999996
-14.870000000000001,16.32,11.61,0.059,5.9,-5.9,0.8,2.4,0.51512,664.0,16.293,11.61,116.1,1.6861049134611619,,,,Sand,,,Sand 3,3,6.04,35.04,-4.59,-33.589999999999996
-14.89,16.34,11.4,0.057,5.9,-5.9,0.8,2.5,0.51213,665.0,16.313,11.4,114.0,1.6913265465436542,,,,Sand,,,Sand 3,3,6.04,35.04,-4.59,-33.589999999999996
-14.91,16.36,11.01,0.056,5.9,-5.9,0.8,2.5,0.51834,666.0,16.333,11.01,110.1,1.7068380547941517,,,,Sand,,,Sand 3,3,6.04,35.04,-4.59,-33.589999999999996
-14.93,16.38,10.58,0.056,5.9,-5.9,0.8,2.4,0.53295,666.0,16.353,10.58,105.8,1.7279256207448856,,,,Sand,,,Sand 3,3,6.04,35.04,-4.59,-33.589999999999996
-14.95,16.4,10.35,0.055,5.9,-5.9,0.8,2.7,0.53981,667.0,16.373,10.35,103.5,1.738954101199647,,,,Sand,,,Sand 3,3,6.04,35.04,-4.59,-33.589999999999996
-14.970000000000002,16.42,10.02,0.054,5.9,-5.9,0.8,2.9,0.54753,668.0,16.393,10.02,100.2,1.7541081472956415,,,,Sand,,,Sand 3,3,6.04,35.04,-4.59,-33.589999999999996
-14.990000000000002,16.44,9.65,0.0533,5.9,-5.9,0.8,2.5,0.55914,669.0,16.413,9.65,96.5,1.7727732908979474,,,,Sand,,,Sand 3,3,6.04,35.04,-4.59,-33.589999999999996
-15.010000000000002,16.46,9.44,0.0527,5.9,-5.9,0.8,2.6,0.5729,669.0,16.433,9.44,94.4,1.7865460868296354,,,,Sand,,,Sand 3,3,6.04,35.04,-4.59,-33.589999999999996
-15.030000000000001,16.48,9.06,0.052,5.9,-5.9,0.8,2.5,0.58799,670.0,16.453,9.06,90.6,1.8076598044279795,,,,Sand,,,Sand 3,3,6.04,35.04,-4.59,-33.589999999999996
-15.05,16.5,8.79,0.05,6.1,-6.1,0.8,2.5,0.59365,671.0,16.472,8.79,87.9,1.8209373279899521,,,,Sand,,,Sand 3,3,6.04,35.04,-4.59,-33.589999999999996
-15.07,16.52,8.37,0.05,5.9,-5.9,0.8,2.5,0.62666,672.0,16.492,8.37,83.7,1.8515972956406337,,,,Sand,,,Sand 3,3,6.04,35.04,-4.59,-33.589999999999996
-15.09,16.54,7.91,0.048,5.9,-5.9,0.8,2.4,0.63798,672.0,16.512,7.91,79.1,1.8763951305597493,,,,Sand,,,Sand 3,3,6.04,35.04,-4.59,-33.589999999999996
-15.11,16.56,7.51,0.047,5.9,-5.9,0.8,2.6,0.66337,673.0,16.532,7.51,75.1,1.9045312321130896,,,,Sand,,,Sand 3,3,6.04,35.04,-4.59,-33.589999999999996
-15.129999999999999,16.58,6.65,0.04,5.9,-5.9,0.8,2.5,0.5997,674.0,16.552,6.65,66.5,1.9258943112257576,,,,Sand,,,Sand 3,3,6.04,35.04,-4.59,-33.589999999999996
-15.150000000000002,16.6,6.1,0.038,5.9,-5.9,0.8,2.5,0.60329,675.0,16.572,6.1,61.0,1.9593790074485207,,,,Sand,,,Sand 3,3,6.04,35.04,-4.59,-33.589999999999996
-15.170000000000002,16.62,5.8,0.036,5.9,-5.9,0.8,2.5,0.60238,676.0,16.592,5.8,58.0,1.9779102907374253,,,,Sand,,,Sand 3,3,6.04,35.04,-4.59,-33.589999999999996
-15.190000000000001,16.64,5.55,0.036,5.9,-5.9,0.8,2.5,0.63213,676.0,16.612,5.55,55.5,2.0050213011585933,,,,Sand,,,Sand 3,3,6.04,35.04,-4.59,-33.589999999999996
-15.21,16.66,5.47,0.033,6.1,-6.1,0.8,2.5,0.59661,677.0,16.632,5.47,54.7,1.9978156897472572,,,,Sand,,,Sand 3,3,6.04,35.04,-4.59,-33.589999999999996
-15.23,16.68,5.4,0.032,6.1,-6.1,0.8,2.5,0.58797,678.0,16.651,5.4,54.0,1.9995247169306607,,,,Sand,,,Sand 3,3,6.04,35.04,-4.59,-33.589999999999996
-15.25,16.7,5.33,0.033,6.1,-6.1,0.8,2.5,0.61239,679.0,16.671,5.33,53.3,2.0132326240099707,,,,Sand,,,Sand 3,3,6.04,35.04,-4.59,-33.589999999999996
-15.27,16.72,5.26,0.034,5.9,-5.9,0.8,2.5,0.63388,679.0,16.691,5.26,52.6,2.0257219147446284,,,,Sand,,,Sand 3,3,6.04,35.04,-4.59,-33.589999999999996
-15.29,16.74,5.34,0.034,5.9,-5.9,0.8,2.5,0.6388,680.0,16.711,5.34,53.4,2.0217654820530733,,,,Sand,,,Sand 3,3,6.04,35.04,-4.59,-33.589999999999996
-15.310000000000002,16.76,5.39,0.033,6.1,-6.1,0.8,2.5,0.62088,681.0,16.731,5.39,53.9,2.0120283699966146,,,,Sand,,,Sand 3,3,6.04,35.04,-4.59,-33.589999999999996
-15.330000000000002,16.78,5.37,0.032,5.9,-5.9,0.8,2.5,0.60179,682.0,16.751,5.37,53.7,2.0066339297424687,,,,Sand,,,Sand 3,3,6.04,35.04,-4.59,-33.589999999999996
-15.350000000000001,16.8,5.35,0.032,6.1,-6.1,0.8,2.5,0.59911,683.0,16.771,5.35,53.5,2.0070752111192767,,,,Sand,,,Sand 3,3,6.04,35.04,-4.59,-33.589999999999996
-15.370000000000001,16.82,5.14,0.032,5.9,-5.9,0.8,2.3,0.59535,683.0,16.791,5.14,51.4,2.020837151504739,,,,Sand,,,Sand 3,3,6.04,35.04,-4.59,-33.589999999999996
-15.39,16.84,5.34,0.033,6.1,-6.1,0.8,2.2,0.60886,684.0,16.811,5.34,53.4,2.011272672945947,,,,Sand,,,Sand 3,3,6.04,35.04,-4.59,-33.589999999999996
-15.41,16.86,5.35,0.036,6.1,-6.1,0.8,2.5,0.65663,685.0,16.83,5.35,53.5,2.0271570798634713,,,,Sand,,,Sand 3,3,6.04,35.04,-4.59,-33.589999999999996
-15.43,16.88,5.45,0.037,6.1,-6.1,0.8,2.5,0.66652,686.0,16.85,5.45,54.5,2.0235926106429742,,,,Sand,,,Sand 3,3,6.04,35.04,-4.59,-33.589999999999996
-15.45,16.9,5.61,0.037,6.1,-6.1,0.8,2.4,0.65646,687.0,16.87,5.61,56.1,2.0094202708762428,,,,Sand,,,Sand 3,3,6.04,35.04,-4.59,-33.589999999999996
-15.470000000000002,16.92,5.75,0.036,6.1,-6.1,0.8,2.8,0.63227,687.0,16.89,5.75,57.5,1.9918529440920996,,,,Sand,,,Sand 3,3,6.04,35.04,-4.59,-33.589999999999996
-15.490000000000002,16.94,5.87,0.036,6.1,-6.1,0.8,2.8,0.62541,688.0,16.91,5.87,58.7,1.9817222949257236,,,,Sand,,,Sand 3,3,6.04,35.04,-4.59,-33.589999999999996
-15.510000000000002,16.96,5.9,0.037,6.1,-6.1,0.6,2.5,0.63615,689.0,16.93,5.9,59.0,1.9836274854156855,,,,Sand,,,Sand 3,3,6.04,35.04,-4.59,-33.589999999999996
-15.530000000000001,16.98,5.82,0.039,6.1,-6.1,0.8,2.5,0.66397,690.0,16.95,5.82,58.2,1.9983395695153057,,,,Sand,,,Sand 3,3,6.04,35.04,-4.59,-33.589999999999996
-15.55,17.0,5.8,0.039,6.1,-6.1,0.8,2.6,0.65726,690.0,16.97,5.8,58.0,1.9973198328173023,,,,Sand,,,Sand 3,3,6.04,35.04,-4.59,-33.589999999999996
-15.57,17.02,5.85,0.039,6.1,-6.1,0.8,2.4,0.6469,691.0,16.99,5.85,58.5,1.9905535352232473,,,,Sand,,,Sand 3,3,6.04,35.04,-4.59,-33.589999999999996
-15.59,17.04,5.93,0.042,5.9,-5.9,0.8,2.5,0.67961,692.0,17.009,5.93,59.3,1.9967157978729781,,,,Sand,,,Sand 3,3,6.04,35.04,-4.59,-33.589999999999996
-15.61,17.06,6.07,0.044,6.1,-6.1,0.8,2.5,0.69074,693.0,17.029,6.07,60.7,1.9918533648187378,,,,Sand,,,Sand 3,3,6.04,35.04,-4.59,-33.589999999999996
-15.629999999999999,17.08,6.23,0.044,6.1,-6.1,0.8,2.5,0.66616,693.0,17.049,6.23,62.3,1.9739292032016806,,,,Sand,,,Sand 3,3,6.04,35.04,-4.59,-33.589999999999996
-15.650000000000002,17.1,6.63,0.047,6.1,-6.1,0.8,2.5,0.68389,694.0,17.069,6.63,66.3,1.9571672493543815,,,,Sand,,,Sand 3,3,6.04,35.04,-4.59,-33.589999999999996
-15.670000000000002,17.12,7.11,0.048,6.1,-6.1,0.8,2.5,0.66459,695.0,17.089,7.11,71.1,1.9249063404652555,,,,Sand,,,Sand 3,3,6.04,35.04,-4.59,-33.589999999999996
-15.690000000000001,17.14,7.34,0.051,6.1,-6.1,0.8,2.5,0.66428,696.0,17.109,7.34,73.4,1.913187682468126,,,,Sand,,,Sand 3,3,6.04,35.04,-4.59,-33.589999999999996
-15.71,17.16,7.68,0.054,6.1,-6.1,0.8,2.5,0.65854,697.0,17.129,7.68,76.8,1.8946590629081779,,,,Sand,,,Sand 3,3,6.04,35.04,-4.59,-33.589999999999996
-15.73,17.18,7.99,0.055,6.1,-6.1,0.8,2.6,0.6283,697.0,17.149,7.99,79.9,1.869110419565827,,,,Sand,,,Sand 3,3,6.04,35.04,-4.59,-33.589999999999996
-15.75,17.2,8.73,0.056,6.1,-6.1,0.8,2.5,0.60046,698.0,17.169,8.73,87.3,1.826134689663801,,,,Sand,,,Sand 3,3,6.04,35.04,-4.59,-33.589999999999996
-15.77,17.22,9.71,0.06,6.1,-6.1,0.8,2.5,0.60415,699.0,17.188,9.71,97.1,1.7891142172362329,,,,Sand,,,Sand 3,3,6.04,35.04,-4.59,-33.589999999999996
-15.79,17.24,10.41,0.063,6.3,-6.2,0.8,2.5,0.59546,700.0,17.208,10.41,104.1,1.7605769125966122,,,,Sand,,,Sand 3,3,6.04,35.04,-4.59,-33.589999999999996
-15.810000000000002,17.26,11.06,0.066,6.3,-6.2,0.8,2.5,0.58446,700.0,17.228,11.06,110.6,1.7343181544330026,,,,Sand,,,Sand 3,3,6.04,35.04,-4.59,-33.589999999999996
-15.830000000000002,17.28,11.69,0.071,6.3,-6.2,0.8,2.5,0.59136,701.0,17.248,11.69,116.9,1.7175256697683607,,,,Sand,,,Sand 3,3,6.04,35.04,-4.59,-33.589999999999996
-15.850000000000001,17.3,12.18,0.071,6.3,-6.2,0.8,2.5,0.56099,702.0,17.268,12.18,121.8,1.6897652069132336,,,,Sand,,,Sand 3,3,6.04,35.04,-4.59,-33.589999999999996
-15.870000000000001,17.32,12.87,0.074,6.3,-6.2,0.8,2.5,0.55634,703.0,17.288,12.87,128.7,1.6681212180646834,,,,Sand,,,Sand 3,3,6.04,35.04,-4.59,-33.589999999999996
-15.89,17.34,13.69,0.075,6.1,-6.1,0.8,2.5,0.53947,704.0,17.308,13.69,136.9,1.6385119775550607,,,,Sand,,,Sand 3,3,6.04,35.04,-4.59,-33.589999999999996
-15.91,17.36,14.44,0.08,6.3,-6.2,0.8,2.5,0.5532,704.0,17.328,14.44,144.4,1.6261538110281482,,,,Sand,,,Sand 3,3,6.04,35.04,-4.59,-33.589999999999996
-15.93,17.38,14.91,0.083,6.3,-6.2,0.8,2.1,0.55435,705.0,17.347,14.91,149.1,1.6155029927718663,,,,Sand,,,Sand 3,3,6.04,35.04,-4.59,-33.589999999999996
-15.95,17.4,15.57,0.086,6.3,-6.2,0.8,2.5,0.55831,706.0,17.367,15.57,155.7,1.6023090967616274,,,,Sand,,,Sand 3,3,6.04,35.04,-4.59,-33.589999999999996
-15.970000000000002,17.42,15.87,0.089,6.3,-6.2,0.8,2.5,0.56647,707.0,17.387,15.87,158.7,1.5995337590432996,,,,Sand,,,Sand 3,3,6.04,35.04,-4.59,-33.589999999999996
-15.990000000000002,17.44,16.16,0.095,6.3,-6.2,0.8,2.5,0.59847,708.0,17.407,16.16,161.6,1.6079874777903178,,,,Sand,,,Sand 3,3,6.04,35.04,-4.59,-33.589999999999996
-16.01,17.46,16.27,0.101,6.3,-6.2,0.8,2.4,0.63607,708.0,17.427,16.27,162.7,1.6222415351220008,,,,Sand,,,Sand 3,3,6.04,35.04,-4.59,-33.589999999999996
-16.03,17.48,16.32,0.104,6.3,-6.2,0.8,2.7,0.66295,709.0,17.447,16.32,163.2,1.6326159421890747,,,,Sand,,,Sand 3,3,6.04,35.04,-4.59,-33.589999999999996
-16.05,17.5,16.15,0.107,6.3,-6.2,0.8,3.1,0.69678,710.0,17.467,16.15,161.49999999999997,1.6499639358741576,,,,Sand,,,Sand 3,3,6.04,35.04,-4.59,-33.589999999999996
-16.07,17.52,15.74,0.107,6.3,-6.2,0.8,2.8,0.71915,711.0,17.487,15.74,157.4,1.6673503426984855,,,,Sand,,,Sand 3,3,6.04,35.04,-4.59,-33.589999999999996
-16.09,17.54,14.95,0.106,6.3,-6.2,0.8,2.6,0.74068,711.0,17.506,14.95,149.5,1.6927047359806724,,,,Sand,,,Sand 3,3,6.04,35.04,-4.59,-33.589999999999996
-16.11,17.56,14.04,0.104,6.3,-6.2,0.8,2.5,0.75933,712.0,17.526,14.04,140.4,1.7205537427609763,,,,Sand,,,Sand 3,3,6.04,35.04,-4.59,-33.589999999999996
-16.13,17.58,13.22,0.102,6.3,-6.2,0.8,2.5,0.78026,713.0,17.546,13.22,132.2,1.7482142158714533,,,,Sand,,,Sand 3,3,6.04,35.04,-4.59,-33.589999999999996
-16.150000000000002,17.6,12.34,0.099,6.3,-6.2,0.8,2.5,0.79319,714.0,17.566,12.34,123.4,1.7758877421014916,,,,Sand,,,Sand 3,3,6.04,35.04,-4.59,-33.589999999999996
-16.17,17.62,11.73,0.094,6.3,-6.2,0.8,2.5,0.78448,714.0,17.586,11.73,117.3,1.7900443617276525,,,,Sand,,,Sand 3,3,6.04,35.04,-4.59,-33.589999999999996
-16.19,17.64,11.4,0.089,6.3,-6.2,0.8,2.5,0.76683,715.0,17.606,11.4,114.0,1.7936549249456937,,,,Sand,,,Sand 3,3,6.04,35.04,-4.59,-33.589999999999996
-16.21,17.66,11.16,0.087,6.3,-6.2,0.8,2.5,0.7666,716.0,17.626,11.16,111.6,1.8008640732183319,,,,Sand,,,Sand 3,3,6.04,35.04,-4.59,-33.589999999999996
-16.23,17.68,11.01,0.085,6.3,-6.2,0.8,2.5,0.75766,717.0,17.646,11.01,110.1,1.802397106575025,,,,Sand,,,Sand 3,3,6.04,35.04,-4.59,-33.589999999999996
-16.25,17.7,10.96,0.084,6.3,-6.2,0.8,2.5,0.75042,718.0,17.666,10.96,109.6,1.8014254300935635,,,,Sand,,,Sand 3,3,6.04,35.04,-4.59,-33.589999999999996
-16.27,17.72,11.03,0.083,6.5,-6.4,0.8,2.6,0.73794,718.0,17.685,11.03,110.3,1.7948065291412778,,,,Sand,,,Sand 3,3,6.04,35.04,-4.59,-33.589999999999996
-16.29,17.74,11.16,0.083,6.3,-6.2,0.8,2.5,0.72983,719.0,17.705,11.16,111.6,1.787850222778149,,,,Sand,,,Sand 3,3,6.04,35.04,-4.59,-33.589999999999996
-16.310000000000002,17.76,11.3,0.082,6.3,-6.2,0.8,2.5,0.70911,720.0,17.725,11.3,113.0,1.7759770076738872,,,,Sand,,,Sand 3,3,6.04,35.04,-4.59,-33.589999999999996
-16.330000000000002,17.78,11.53,0.082,6.5,-6.4,0.8,2.5,0.69337,721.0,17.745,11.53,115.3,1.7631198288916388,,,,Sand,,,Sand 3,3,6.04,35.04,-4.59,-33.589999999999996
-16.35,17.8,11.83,0.084,6.5,-6.4,0.8,2.5,0.68916,721.0,17.765,11.83,118.3,1.7526245970172578,,,,Sand,,,Sand 3,3,6.04,35.04,-4.59,-33.589999999999996
-16.37,17.82,12.16,0.086,6.5,-6.4,0.8,2.5,0.6781,722.0,17.785,12.16,121.6,1.7388581134767205,,,,Sand,,,Sand 3,3,6.04,35.04,-4.59,-33.589999999999996
-16.39,17.84,12.54,0.085,6.5,-6.4,0.8,2.5,0.63462,723.0,17.805,12.54,125.4,1.7108775604971624,,,,Sand,,,Sand 3,3,6.04,35.04,-4.59,-33.589999999999996
-16.41,17.86,13.06,0.087,6.5,-6.4,0.8,2.5,0.60871,724.0,17.825,13.06,130.6,1.6859152425286892,,,,Sand,,,Sand 3,3,6.04,35.04,-4.59,-33.589999999999996
-16.43,17.88,13.93,0.09,6.5,-6.4,0.8,2.5,0.58637,724.0,17.844,13.93,139.3,1.653749991610959,,,,Sand,,,Sand 3,3,6.04,35.04,-4.59,-33.589999999999996
-16.45,17.9,15.11,0.096,6.5,-6.4,0.8,2.5,0.58461,725.0,17.864,15.11,151.1,1.6247778920278944,,,,Sand,,,Sand 3,3,6.04,35.04,-4.59,-33.589999999999996
-16.470000000000002,17.92,16.99,0.107,6.5,-6.4,0.8,2.1,0.61025,726.0,17.884,16.99,169.9,1.5962977071048627,,,,Sand,,,Sand 3,3,6.04,35.04,-4.59,-33.589999999999996
-16.490000000000002,17.94,18.72,0.113,6.5,-6.4,0.6,2.5,0.60387,727.0,17.904,18.72,187.2,1.5608840730896605,,,,Sand,,,Sand 3,3,6.04,35.04,-4.59,-33.589999999999996
-16.51,17.96,20.28,0.127,6.5,-6.4,0.8,2.5,0.63799,728.0,17.924,20.28,202.8,1.5500498129701108,,,,Sand,,,Sand 3,3,6.04,35.04,-4.59,-33.589999999999996
-16.53,17.98,20.74,0.137,6.5,-6.4,0.8,2.5,0.64569,729.0,17.944,20.74,207.4,1.5462210771282503,,,,Sand,,,Sand 3,3,6.04,35.04,-4.59,-33.589999999999996
-16.55,18.0,21.44,0.146,6.7,-6.6,0.8,2.5,0.64817,729.0,17.964,21.44,214.4,1.5366167511201416,,,,Sand,,,Sand 3,3,6.04,35.04,-4.59,-33.589999999999996
-16.57,18.02,22.49,0.157,6.5,-6.4,0.8,2.3,0.65918,730.0,17.983,22.49,224.9,1.526262407206993,,,,Sand,,,Sand 3,3,6.04,35.04,-4.59,-33.589999999999996
-16.59,18.04,23.48,0.169,6.5,-6.4,0.8,3.0,0.67307,731.0,18.003,23.48,234.8,1.5188465811443441,,,,Sand,,,Sand 3,3,6.04,35.04,-4.59,-33.589999999999996
-16.61,18.06,25.6,0.177,6.7,-6.6,0.8,2.7,0.66985,732.0,18.023,25.6,256.0,1.4904373287247694,,,,Sand,,,Sand 3,3,6.04,35.04,-4.59,-33.589999999999996
-16.63,18.08,27.45,0.188,6.5,-6.4,0.8,2.6,0.67913,732.0,18.043,27.45,274.5,1.4732650211850904,,,,Sand,,,Sand 3,3,6.04,35.04,-4.59,-33.589999999999996
-16.650000000000002,18.1,29.06,0.192,6.7,-6.6,0.8,2.5,0.66713,733.0,18.063,29.06,290.6,1.4504582848837955,,,,Sand,,,Sand 3,3,6.04,35.04,-4.59,-33.589999999999996
-16.67,18.12,30.61,0.196,6.7,-6.6,0.8,2.5,0.6586,734.0,18.083,30.61,306.1,1.430824963624579,,,,Sand,,,Sand 3,3,6.04,35.04,-4.59,-33.589999999999996
-16.69,18.14,31.26,0.197,6.5,-6.4,0.8,2.5,0.64595,735.0,18.103,31.26,312.6,1.4184344469506494,,,,Sand,,,Sand 3,3,6.04,35.04,-4.59,-33.589999999999996
-16.71,18.16,31.51,0.201,6.7,-6.6,0.8,2.5,0.64847,735.0,18.123,31.51,315.1,1.4172894019194817,,,,Sand,,,Sand 3,3,6.04,35.04,-4.59,-33.589999999999996
-16.73,18.18,31.27,0.204,6.7,-6.6,0.8,2.5,0.65304,736.0,18.142,31.27,312.7,1.4217862017135499,,,,Sand,,,Sand 3,3,6.04,35.04,-4.59,-33.589999999999996
-16.75,18.2,31.32,0.207,6.7,-6.6,0.8,2.5,0.66328,737.0,18.162,31.32,313.2,1.4262383013009357,,,,Sand,,,Sand 3,3,6.04,35.04,-4.59,-33.589999999999996
-16.77,18.22,31.5,0.209,6.7,-6.6,0.8,2.5,0.67192,738.0,18.182,31.5,315.0,1.4286547758804728,,,,Sand,,,Sand 3,3,6.04,35.04,-4.59,-33.589999999999996
-16.79,18.24,31.44,0.211,6.7,-6.6,0.8,2.5,0.68032,739.0,18.202,31.44,314.4,1.4331766735659954,,,,Sand,,,Sand 3,3,6.04,35.04,-4.59,-33.589999999999996
-16.810000000000002,18.26,31.0,0.212,6.7,-6.6,0.8,2.6,0.68387,739.0,18.222,31.0,310.0,1.4389934436351879,,,,Sand,,,Sand 3,3,6.04,35.04,-4.59,-33.589999999999996
-16.830000000000002,18.28,30.37,0.21,6.7,-6.6,0.8,2.5,0.67829,740.0,18.242,30.37,303.7,1.4424769192243305,,,,Sand,,,Sand 3,3,6.04,35.04,-4.59,-33.589999999999996
-16.85,18.3,30.43,0.215,6.7,-6.6,0.8,2.5,0.6956,741.0,18.262,30.43,304.3,1.449889961434156,,,,Sand,,,Sand 3,3,6.04,35.04,-4.59,-33.589999999999996
-16.87,18.32,30.79,0.218,6.7,-6.6,0.8,2.5,0.70502,742.0,18.281,30.79,307.9,1.4507149442030187,,,,Sand,,,Sand 3,3,6.04,35.04,-4.59,-33.589999999999996
-16.89,18.34,31.15,0.22,6.7,-6.6,0.8,2.5,0.70928,742.0,18.301,31.15,311.5,1.4492359209895689,,,,Sand,,,Sand 3,3,6.04,35.04,-4.59,-33.589999999999996
-16.91,18.36,31.0,0.215,6.7,-6.6,0.8,2.5,0.69015,743.0,18.321,31.0,310.0,1.441906465143566,,,,Sand,,,Sand 3,3,6.04,35.04,-4.59,-33.589999999999996
-16.93,18.38,31.09,0.216,6.7,-6.6,0.8,2.5,0.69095,744.0,18.341,31.09,310.9,1.4414220048548407,,,,Sand,,,Sand 3,3,6.04,35.04,-4.59,-33.589999999999996
-16.95,18.4,31.54,0.218,6.7,-6.6,0.8,2.5,0.69768,745.0,18.361,31.54,315.4,1.440303539960741,,,,Sand,,,Sand 3,3,6.04,35.04,-4.59,-33.589999999999996
-16.970000000000002,18.42,31.77,0.218,6.7,-6.6,0.8,2.5,0.70223,746.0,18.381,31.77,317.7,1.4402669677211857,,,,Sand,,,Sand 3,3,6.04,35.04,-4.59,-33.589999999999996
-16.990000000000002,18.44,31.45,0.216,6.7,-6.6,0.8,2.2,0.70347,746.0,18.401,31.45,314.5,1.4437917895784766,,,,Sand,,,Sand 3,3,6.04,35.04,-4.59,-33.589999999999996
-17.01,18.46,31.3,0.216,6.9,-6.8,0.8,2.2,0.71387,747.0,18.42,31.3,313.0,1.4499040924462214,,,,Sand,,,Sand 3,3,6.04,35.04,-4.59,-33.589999999999996
-17.03,18.48,30.67,0.21,6.7,-6.6,0.8,2.6,0.70743,748.0,18.44,30.67,306.7,1.4529537262979189,,,,Sand,,,Sand 3,3,6.04,35.04,-4.59,-33.589999999999996
-17.05,18.5,29.53,0.206,6.9,-6.8,0.8,2.5,0.70903,749.0,18.46,29.53,295.3,1.4648535370602358,,,,Sand,,,Sand 3,3,6.04,35.04,-4.59,-33.589999999999996
-17.07,18.52,28.29,0.201,6.9,-6.8,0.8,2.5,0.70691,750.0,18.48,28.29,282.9,1.4766892313925994,,,,Sand,,,Sand 3,3,6.04,35.04,-4.59,-33.589999999999996
-17.09,18.54,27.51,0.2,6.7,-6.6,0.8,2.5,0.71833,750.0,18.5,27.51,275.1,1.4901083873079783,,,,Sand,,,Sand 3,3,6.04,35.04,-4.59,-33.589999999999996
-17.11,18.56,26.96,0.195,6.9,-6.8,0.8,2.1,0.7121,751.0,18.52,26.96,269.6,1.493468217820172,,,,Sand,,,Sand 3,3,6.04,35.04,-4.59,-33.589999999999996
-17.13,18.58,26.72,0.19,6.9,-6.8,0.8,3.1,0.69972,752.0,18.54,26.72,267.2,1.4907226174422572,,,,Sand,,,Sand 3,3,6.04,35.04,-4.59,-33.589999999999996
-17.150000000000002,18.6,26.49,0.192,6.9,-6.8,0.8,2.9,0.70875,753.0,18.559,26.49,264.9,1.4973285554716176,,,,Sand,,,Sand 3,3,6.04,35.04,-4.59,-33.589999999999996
-17.17,18.62,26.57,0.19,6.9,-6.8,0.8,2.7,0.70279,753.0,18.579,26.57,265.7,1.4937917610279123,,,,Sand,,,Sand 3,3,6.04,35.04,-4.59,-33.589999999999996
-17.19,18.64,27.0,0.189,6.9,-6.8,0.8,2.5,0.70071,754.0,18.599,27.0,270.0,1.4879976922399907,,,,Sand,,,Sand 3,3,6.04,35.04,-4.59,-33.589999999999996
-17.21,18.66,27.69,0.187,6.9,-6.8,0.8,2.5,0.69478,755.0,18.619,27.69,276.9,1.4777143883249912,,,,Sand,,,Sand 3,3,6.04,35.04,-4.59,-33.589999999999996
-17.23,18.68,27.78,0.186,6.9,-6.8,0.8,2.5,0.6928,756.0,18.639,27.78,277.8,1.4758436859488797,,,,Sand,,,Sand 3,3,6.04,35.04,-4.59,-33.589999999999996
-17.25,18.7,27.07,0.189,6.9,-6.8,0.8,2.5,0.70641,757.0,18.659,27.07,270.7,1.489735930762938,,,,Sand,,,Sand 3,3,6.04,35.04,-4.59,-33.589999999999996
-17.27,18.72,26.46,0.188,6.9,-6.8,0.8,2.5,0.70723,757.0,18.679,26.46,264.6,1.4970063729097616,,,,Sand,,,Sand 3,3,6.04,35.04,-4.59,-33.589999999999996
-17.29,18.74,26.26,0.189,6.9,-6.8,0.8,2.5,0.71849,758.0,18.698,26.26,262.6,1.5042151326634636,,,,Sand,,,Sand 3,3,6.04,35.04,-4.59,-33.589999999999996
-17.310000000000002,18.76,25.95,0.188,6.9,-6.8,0.8,2.5,0.72294,759.0,18.718,25.95,259.5,1.509737588513189,,,,Sand,,,Sand 3,3,6.04,35.04,-4.59,-33.589999999999996
-17.330000000000002,18.78,25.83,0.186,6.9,-6.8,0.8,2.5,0.72149,760.0,18.738,25.83,258.3,1.5105235471470035,,,,Sand,,,Sand 3,3,6.04,35.04,-4.59,-33.589999999999996
-17.35,18.8,25.62,0.184,6.9,-6.8,0.8,2.6,0.71829,760.0,18.758,25.62,256.2,1.511633413259861,,,,Sand,,,Sand 3,3,6.04,35.04,-4.59,-33.589999999999996
-17.37,18.82,25.47,0.182,6.9,-6.8,0.8,2.5,0.71457,761.0,18.778,25.47,254.7,1.5118222757811752,,,,Sand,,,Sand 3,3,6.04,35.04,-4.59,-33.589999999999996
-17.39,18.84,25.38,0.178,7.1,-7.0,0.8,2.5,0.7021,762.0,18.798,25.38,253.8,1.5074862793126549,,,,Sand,,,Sand 3,3,6.04,35.04,-4.59,-33.589999999999996
-17.41,18.86,25.27,0.177,7.1,-7.0,0.8,2.5,0.7013,763.0,18.818,25.27,252.7,1.5084702726126247,,,,Sand,,,Sand 3,3,6.04,35.04,-4.59,-33.589999999999996
-17.43,18.88,25.15,0.176,6.9,-6.8,0.8,2.5,0.70029,764.0,18.837,25.15,251.5,1.509491983782413,,,,Sand,,,Sand 3,3,6.04,35.04,-4.59,-33.589999999999996
-17.45,18.9,25.09,0.175,7.1,-7.0,0.8,2.5,0.69955,764.0,18.857,25.09,250.9,1.509903251121421,,,,Sand,,,Sand 3,3,6.04,35.04,-4.59,-33.589999999999996
-17.470000000000002,18.92,25.01,0.174,7.1,-7.0,0.8,2.5,0.69887,765.0,18.877,25.01,250.1,1.5105892725253491,,,,Sand,,,Sand 3,3,6.04,35.04,-4.59,-33.589999999999996
-17.490000000000002,18.94,24.92,0.173,6.9,-6.8,0.8,2.5,0.69828,766.0,18.897,24.92,249.2,1.5114423943116564,,,,Sand,,,Sand 3,3,6.04,35.04,-4.59,-33.589999999999996
-17.51,18.96,24.77,0.172,7.1,-7.0,0.8,2.5,0.6978,767.0,18.917,24.77,247.7,1.513095768760394,,,,Sand,,,Sand 3,3,6.04,35.04,-4.59,-33.589999999999996
-17.53,18.98,24.54,0.171,7.1,-7.0,0.8,2.3,0.69721,768.0,18.937,24.54,245.4,1.5157219835451083,,,,Sand,,,Sand 3,3,6.04,35.04,-4.59,-33.589999999999996
-17.55,19.0,24.43,0.171,7.1,-7.0,0.8,2.2,0.70064,768.0,18.957,24.43,244.3,1.518607607183867,,,,Sand,,,Sand 3,3,6.04,35.04,-4.59,-33.589999999999996
-17.57,19.02,24.29,0.166,7.1,-7.0,0.8,2.6,0.68362,769.0,18.976,24.29,242.9,1.5129215622352106,,,,Sand,,,Sand 3,3,6.04,35.04,-4.59,-33.589999999999996
-17.59,19.04,24.14,0.166,7.1,-7.0,0.8,2.5,0.6862,770.0,18.996,24.14,241.4,1.5159908851256239,,,,Sand,,,Sand 3,3,6.04,35.04,-4.59,-33.589999999999996
-17.61,19.06,24.11,0.167,7.1,-7.0,0.8,2.5,0.69223,771.0,19.016,24.11,241.1,1.5190279311649693,,,,Sand,,,Sand 3,3,6.04,35.04,-4.59,-33.589999999999996
-17.63,19.08,24.05,0.165,7.1,-7.0,0.8,2.5,0.68511,772.0,19.036,24.05,240.5,1.5166740561100656,,,,Sand,,,Sand 3,3,6.04,35.04,-4.59,-33.589999999999996
-17.650000000000002,19.1,23.93,0.163,7.1,-7.0,0.8,2.1,0.67684,772.0,19.056,23.93,239.3,1.5145715256767853,,,,Sand,,,Sand 3,3,6.04,35.04,-4.59,-33.589999999999996
-17.67,19.12,24.04,0.161,7.1,-7.0,0.8,3.2,0.66757,773.0,19.076,24.04,240.4,1.5089855309728735,,,,Sand,,,Sand 3,3,6.04,35.04,-4.59,-33.589999999999996
-17.69,19.14,24.01,0.162,7.1,-7.0,0.8,2.9,0.66991,774.0,19.095,24.01,240.1,1.510428972496617,,,,Sand,,,Sand 3,3,6.04,35.04,-4.59,-33.589999999999996
-17.71,19.16,24.1,0.161,7.1,-7.0,0.8,2.7,0.66334,774.0,19.115,24.1,241.0,1.5062938616947783,,,,Sand,,,Sand 3,3,6.04,35.04,-4.59,-33.589999999999996
-17.73,19.18,24.28,0.16,7.3,-7.2,0.8,2.4,0.65601,775.0,19.135,24.28,242.8,1.5006227781813366,,,,Sand,,,Sand 3,3,6.04,35.04,-4.59,-33.589999999999996
-17.75,19.2,24.42,0.162,7.1,-7.0,0.8,2.5,0.66106,776.0,19.155,24.42,244.2,1.5011247597144664,,,,Sand,,,Sand 3,3,6.04,35.04,-4.59,-33.589999999999996
-17.77,19.22,24.63,0.162,7.1,-7.0,0.8,2.5,0.65733,777.0,19.175,24.63,246.3,1.4967409633748214,,,,Sand,,,Sand 3,3,6.04,35.04,-4.59,-33.589999999999996
-17.79,19.24,24.76,0.163,7.1,-7.0,0.8,2.5,0.65709,778.0,19.195,24.76,247.6,1.4949842908344861,,,,Sand,,,Sand 3,3,6.04,35.04,-4.59,-33.589999999999996
-17.810000000000002,19.26,24.88,0.164,7.1,-7.0,0.8,2.5,0.65656,778.0,19.215,24.88,248.8,1.4932299347209264,,,,Sand,,,Sand 3,3,6.04,35.04,-4.59,-33.589999999999996
-17.830000000000002,19.28,24.97,0.165,7.1,-7.0,0.8,2.5,0.65587,779.0,19.234,24.97,249.7,1.491784858482238,,,,Sand,,,Sand 3,3,6.04,35.04,-4.59,-33.589999999999996
-17.85,19.3,25.12,0.166,7.1,-7.0,0.8,2.5,0.65528,780.0,19.254,25.12,251.2,1.4896438256108218,,,,Sand,,,Sand 3,3,6.04,35.04,-4.59,-33.589999999999996
-17.87,19.32,25.39,0.168,7.1,-7.0,0.8,2.5,0.65824,781.0,19.274,25.39,253.9,1.4876778727679887,,,,Sand,,,Sand 3,3,6.04,35.04,-4.59,-33.589999999999996
-17.89,19.34,25.66,0.168,7.1,-7.0,0.8,2.6,0.6529,781.0,19.294,25.66,256.6,1.481919052366039,,,,Sand,,,Sand 3,3,6.04,35.04,-4.59,-33.589999999999996
-17.91,19.36,25.85,0.166,7.1,-7.0,0.8,2.5,0.63871,782.0,19.314,25.85,258.5,1.4729689077877708,,,,Sand,,,Sand 3,3,6.04,35.04,-4.59,-33.589999999999996
-17.93,19.38,26.03,0.167,7.3,-7.2,0.8,2.5,0.63592,783.0,19.334,26.03,260.3,1.4694820088495406,,,,Sand,,,Sand 3,3,6.04,35.04,-4.59,-33.589999999999996
-17.95,19.4,26.28,0.167,7.3,-7.2,0.8,2.5,0.63022,784.0,19.353,26.28,262.8,1.4637797615642874,,,,Sand,,,Sand 3,3,6.04,35.04,-4.59,-33.589999999999996
-17.970000000000002,19.42,26.55,0.169,7.3,-7.2,0.8,2.5,0.63382,785.0,19.373,26.55,265.5,1.4623253392032993,,,,Sand,,,Sand 3,3,6.04,35.04,-4.59,-33.589999999999996
-17.990000000000002,19.44,27.04,0.171,7.3,-7.2,0.8,2.5,0.63848,785.0,19.393,27.04,270.4,1.4588889949069177,,,,Sand,,,Sand 3,3,6.04,35.04,-4.59,-33.589999999999996
-18.01,19.46,27.29,0.171,7.3,-7.2,0.8,2.5,0.63758,786.0,19.413,27.29,272.9,1.4556167111595428,,,,Sand,,,Sand 3,3,6.04,35.04,-4.59,-33.589999999999996
-18.03,19.48,27.29,0.171,7.3,-7.2,0.8,2.5,0.63943,787.0,19.433,27.29,272.9,1.456502654904543,,,,Sand,,,Sand 3,3,6.04,35.04,-4.59,-33.589999999999996
-18.05,19.5,26.98,0.171,7.3,-7.2,0.8,2.5,0.6431,788.0,19.453,26.98,269.8,1.4617764988606157,,,,Sand,,,Sand 3,3,6.04,35.04,-4.59,-33.589999999999996
-18.07,19.52,26.8,0.169,7.3,-7.2,0.8,2.5,0.64164,788.0,19.472,26.8,268.0,1.463150979861233,,,,Sand,,,Sand 3,3,6.04,35.04,-4.59,-33.589999999999996
-18.09,19.54,26.33,0.163,7.3,-7.2,0.8,2.1,0.62783,789.0,19.492,26.33,263.3,1.4620382575221216,,,,Sand,,,Sand 3,3,6.04,35.04,-4.59,-33.589999999999996
-18.11,19.56,25.66,0.158,7.3,-7.2,0.8,2.5,0.619,790.0,19.512,25.66,256.6,1.4658425630191159,,,,Sand,,,Sand 3,3,6.04,35.04,-4.59,-33.589999999999996
-18.13,19.58,25.33,0.151,7.3,-7.2,0.8,2.5,0.60216,791.0,19.532,25.33,253.3,1.4616968897501765,,,,Sand,,,Sand 3,3,6.04,35.04,-4.59,-33.589999999999996
-18.150000000000002,19.6,25.03,0.145,7.3,-7.2,0.8,2.5,0.59078,792.0,19.552,25.03,250.3,1.4598360308446126,,,,Sand,,,Sand 3,3,6.04,35.04,-4.59,-33.589999999999996
-18.17,19.62,24.28,0.144,7.3,-7.2,0.8,2.5,0.60182,793.0,19.572,24.28,242.8,1.4749979451581956,,,,Sand,,,Sand 3,3,6.04,35.04,-4.59,-33.589999999999996
-18.19,19.64,23.79,0.143,7.3,-7.2,0.8,2.1,0.61377,793.0,19.591,23.79,237.9,1.487295707341874,,,,Sand,,,Sand 3,3,6.04,35.04,-4.59,-33.589999999999996
-18.21,19.66,23.39,0.142,7.3,-7.2,0.8,3.0,0.62448,794.0,19.611,23.39,233.9,1.4978025054257016,,,,Sand,,,Sand 3,3,6.04,35.04,-4.59,-33.589999999999996
-18.23,19.68,22.54,0.143,7.3,-7.2,1.0,3.1,0.65137,795.0,19.631,22.54,225.4,1.522035408647453,,,,Sand,,,Sand 3,3,6.04,35.04,-4.59,-33.589999999999996
-18.25,19.7,21.4,0.144,7.5,-7.4,0.8,3.0,0.68033,795.0,19.651,21.4,214.0,1.551410767917468,,,,Sand,,,Sand 3,3,6.04,35.04,-4.59,-33.589999999999996
-18.27,19.72,20.63,0.137,7.3,-7.2,0.8,2.5,0.67198,796.0,19.671,20.63,206.3,1.5595311323143048,,,,Sand,,,Sand 3,3,6.04,35.04,-4.59,-33.589999999999996
-18.29,19.74,20.85,0.127,7.3,-7.2,0.8,2.5,0.64697,797.0,19.691,20.85,208.5,1.5450821916000381,,,,Sand,,,Sand 3,3,6.04,35.04,-4.59,-33.589999999999996
-18.310000000000002,19.76,18.75,0.1247,7.5,-7.4,0.8,2.6,0.65455,798.0,19.711,18.75,187.5,1.58302984681302,,,,Sand,,,Sand 3,3,6.04,35.04,-4.59,-33.589999999999996
-18.330000000000002,19.78,17.98,0.1223,7.3,-7.2,0.8,2.5,0.65162,798.0,19.73,17.98,179.8,1.595581566237296,,,,Sand,,,Sand 3,3,6.04,35.04,-4.59,-33.589999999999996
-18.35,19.8,17.56,0.12,7.5,-7.4,0.8,2.5,0.63881,799.0,19.75,17.56,175.6,1.5978664863599412,,,,Sand,,,Sand 3,3,6.04,35.04,-4.59,-33.589999999999996
-18.37,19.82,17.33,0.125,7.5,-7.4,0.8,2.5,0.66107,800.0,19.77,17.33,173.3,1.6118224884031676,,,,Sand,,,Sand 3,3,6.04,35.04,-4.59,-33.589999999999996
-18.39,19.84,17.91,0.12,7.3,-7.2,0.8,2.5,0.61912,801.0,19.79,17.91,179.1,1.5825753274934249,,,,Sand,,,Sand 3,3,6.04,35.04,-4.59,-33.589999999999996
-18.41,19.86,19.14,0.1127,7.5,-7.4,0.8,2.5,0.56336,802.0,19.81,19.14,191.4,1.5342449094955875,,,,Sand,,,Sand 3,3,6.04,35.04,-4.59,-33.589999999999996
-18.43,19.88,20.76,0.1125,7.5,-7.4,0.8,2.6,0.54397,802.0,19.829,20.76,207.6,1.497333719514225,,,,Sand,,,Sand 3,3,6.04,35.04,-4.59,-33.589999999999996
-18.45,19.9,21.84,0.1122,7.5,-7.4,0.8,2.5,0.5259,803.0,19.849,21.84,218.4,1.4710161054484776,,,,Sand,,,Sand 3,3,6.04,35.04,-4.59,-33.589999999999996
-18.470000000000002,19.92,22.54,0.112,7.5,-7.4,0.8,2.5,0.51267,804.0,19.869,22.54,225.4,1.4534065129910185,,,,Sand,,,Sand 3,3,6.04,35.04,-4.59,-33.589999999999996
-18.490000000000002,19.94,22.96,0.125,7.5,-7.4,0.8,2.6,0.56433,805.0,19.889,22.96,229.6,1.4743880090401287,,,,Sand,,,Sand 3,3,6.04,35.04,-4.59,-33.589999999999996
-18.51,19.96,22.97,0.133,7.5,-7.4,0.8,2.5,0.59832,806.0,19.909,22.97,229.7,1.4911070995424556,,,,Sand,,,Sand 3,3,6.04,35.04,-4.59,-33.589999999999996
-18.53,19.98,22.56,0.138,7.5,-7.4,0.8,2.5,0.62243,806.0,19.929,22.56,225.6,1.5084134552932857,,,,Sand,,,Sand 3,3,6.04,35.04,-4.59,-33.589999999999996
-18.55,20.0,22.0,0.143,7.7,-7.6,0.8,2.5,0.64937,807.0,19.948,22.0,220.0,1.5288789347226726,,,,Sand,,,Sand 3,3,6.04,35.04,-4.59,-33.589999999999996
-18.57,20.02,21.57,0.155,7.5,-7.4,0.8,2.5,0.71117,808.0,19.968,21.57,215.7,1.5620382592195883,,,,Sand,,,Sand 3,3,6.04,35.04,-4.59,-33.589999999999996
-18.59,20.04,21.39,0.159,7.7,-7.6,0.8,2.4,0.73898,809.0,19.988,21.39,213.9,1.5761473845188205,,,,Sand,,,Sand 3,3,6.04,35.04,-4.59,-33.589999999999996
-18.61,20.06,21.38,0.16,7.5,-7.4,0.8,2.2,0.75454,810.0,20.008,21.38,213.8,1.5825576776075485,,,,Sand,,,Sand 3,3,6.04,35.04,-4.59,-33.589999999999996
-18.63,20.08,21.34,0.153,7.7,-7.6,0.8,2.4,0.7321,810.0,20.028,21.34,213.4,1.574080795254042,,,,Sand,,,Sand 3,3,6.04,35.04,-4.59,-33.589999999999996
-18.650000000000002,20.1,21.15,0.148,7.7,-7.6,0.8,2.5,0.72028,811.0,20.048,21.15,211.5,1.5720443750335342,,,,Sand,,,Sand 3,3,6.04,35.04,-4.59,-33.589999999999996
-18.67,20.12,20.74,0.14,7.5,-7.4,0.8,2.5,0.69496,812.0,20.067,20.74,207.4,1.5676762067535939,,,,Sand,,,Sand 3,3,6.04,35.04,-4.59,-33.589999999999996
-18.69,20.14,20.07,0.134,7.7,-7.6,0.8,2.5,0.6812,813.0,20.087,20.07,200.7,1.5723654483797782,,,,Sand,,,Sand 3,3,6.04,35.04,-4.59,-33.589999999999996
-18.71,20.16,19.55,0.13,7.7,-7.6,0.8,2.3,0.67836,814.0,20.107,19.55,195.5,1.5796403311569183,,,,Sand,,,Sand 3,3,6.04,35.04,-4.59,-33.589999999999996
-18.73,20.18,18.76,0.126,7.7,-7.6,0.8,3.1,0.67583,814.0,20.127,18.76,187.6,1.5919831515505987,,,,Sand,,,Sand 3,3,6.04,35.04,-4.59,-33.589999999999996
-18.75,20.2,18.17,0.119,7.7,-7.6,0.8,3.0,0.65682,815.0,20.147,18.17,181.7,1.5943514228301994,,,,Sand,,,Sand 3,3,6.04,35.04,-4.59,-33.589999999999996
-18.77,20.22,17.59,0.114,7.7,-7.6,0.8,2.6,0.64736,816.0,20.167,17.59,175.9,1.6010107903584976,,,,Sand,,,Sand 3,3,6.04,35.04,-4.59,-33.589999999999996
-18.79,20.24,17.28,0.107,7.7,-7.6,0.8,2.6,0.62509,816.0,20.186,17.28,172.8,1.5972124795484726,,,,Sand,,,Sand 3,3,6.04,35.04,-4.59,-33.589999999999996
-18.810000000000002,20.26,16.99,0.102,7.7,-7.6,0.8,2.5,0.61169,817.0,20.206,16.99,169.9,1.59694266585313,,,,Sand,,,Sand 3,3,6.04,35.04,-4.59,-33.589999999999996
-18.830000000000002,20.28,16.53,0.098,7.7,-7.6,0.8,2.5,0.60243,818.0,20.226,16.53,165.3,1.6020717960073312,,,,Sand,,,Sand 3,3,6.04,35.04,-4.59,-33.589999999999996
-18.85,20.3,16.01,0.093,7.7,-7.6,0.8,2.5,0.58472,819.0,20.246,16.01,160.10000000000002,1.6049397354765016,,,,Sand,,,Sand 3,3,6.04,35.04,-4.59,-33.589999999999996
-18.87,20.32,15.61,0.091,7.7,-7.6,0.8,2.5,0.58479,819.0,20.266,15.61,156.1,1.6136508372489888,,,,Sand,,,Sand 3,3,6.04,35.04,-4.59,-33.589999999999996
-18.89,20.34,15.22,0.088,7.7,-7.6,0.8,2.5,0.57781,820.0,20.285,15.22,152.2,1.6191905135311622,,,,Sand,,,Sand 3,3,6.04,35.04,-4.59,-33.589999999999996
-18.91,20.36,14.91,0.086,7.7,-7.6,0.8,2.5,0.57568,821.0,20.305,14.91,149.1,1.6253385159722267,,,,Sand,,,Sand 3,3,6.04,35.04,-4.59,-33.589999999999996
-18.93,20.38,14.69,0.083,7.7,-7.6,0.8,2.5,0.56501,822.0,20.325,14.69,146.9,1.6256215208437352,,,,Sand,,,Sand 3,3,6.04,35.04,-4.59,-33.589999999999996
-18.95,20.4,14.53,0.081,7.7,-7.6,0.8,2.5,0.55973,823.0,20.345,14.53,145.3,1.6270069955763815,,,,Sand,,,Sand 3,3,6.04,35.04,-4.59,-33.589999999999996
-18.970000000000002,20.42,14.34,0.078,7.7,-7.6,0.8,2.6,0.54631,823.0,20.365,14.34,143.4,1.625374682396236,,,,Sand,,,Sand 3,3,6.04,35.04,-4.59,-33.589999999999996
-18.990000000000002,20.44,14.2,0.077,7.7,-7.6,0.8,2.5,0.54591,824.0,20.385,14.2,142.0,1.6286327736239277,,,,Sand,,,Sand 3,3,6.04,35.04,-4.59,-33.589999999999996
-19.01,20.46,14.02,0.076,7.7,-7.6,0.8,2.5,0.54485,825.0,20.404,14.02,140.2,1.6326240946832695,,,,Sand,,,Sand 3,3,6.04,35.04,-4.59,-33.589999999999996
-19.03,20.48,13.86,0.077,7.7,-7.6,0.8,2.5,0.55812,826.0,20.424,13.86,138.6,1.642794917550093,,,,Sand,,,Sand 3,3,6.04,35.04,-4.59,-33.589999999999996
-19.05,20.5,13.67,0.077,7.7,-7.6,0.8,2.5,0.56441,826.0,20.444,13.67,136.7,1.650505958009378,,,,Sand,,,Sand 3,3,6.04,35.04,-4.59,-33.589999999999996
-19.07,20.52,13.53,0.077,7.9,-7.8,0.8,2.5,0.571,827.0,20.464,13.53,135.3,1.6570883130732579,,,,Sand,,,Sand 3,3,6.04,35.04,-4.59,-33.589999999999996
-19.09,20.54,13.44,0.076,7.9,-7.8,0.8,2.5,0.57046,828.0,20.484,13.44,134.4,1.659189006288793,,,,Sand,,,Sand 3,3,6.04,35.04,-4.59,-33.589999999999996
-19.11,20.56,13.31,0.077,7.9,-7.8,0.8,2.5,0.58533,829.0,20.503,13.31,133.1,1.6691905265424816,,,,Sand,,,Sand 3,3,6.04,35.04,-4.59,-33.589999999999996
-19.13,20.58,13.11,0.076,7.7,-7.6,0.8,2.5,0.58523,830.0,20.523,13.11,131.1,1.674452823057252,,,,Sand,,,Sand 3,3,6.04,35.04,-4.59,-33.589999999999996
-19.150000000000002,20.6,12.94,0.075,7.9,-7.8,0.8,2.1,0.58582,831.0,20.543,12.94,129.4,1.6792917000083927,,,,Sand,,,Sand 3,3,6.04,35.04,-4.59,-33.589999999999996
-19.17,20.62,12.72,0.074,7.9,-7.8,0.8,2.4,0.58771,831.0,20.563,12.72,127.2,1.6861402814604485,,,,Sand,,,Sand 3,3,6.04,35.04,-4.59,-33.589999999999996
-19.19,20.64,12.52,0.072,7.9,-7.8,0.8,2.5,0.58194,832.0,20.583,12.52,125.2,1.6892172643255245,,,,Sand,,,Sand 3,3,6.04,35.04,-4.59,-33.589999999999996
-19.21,20.66,12.32,0.072,7.9,-7.8,0.8,2.5,0.59345,833.0,20.602,12.32,123.2,1.6998608347134023,,,,Sand,,,Sand 3,3,6.04,35.04,-4.59,-33.589999999999996
-19.23,20.68,12.06,0.072,7.9,-7.8,0.8,2.5,0.60683,834.0,20.622,12.06,120.6,1.7130381759396969,,,,Sand,,,Sand 3,3,6.04,35.04,-4.59,-33.589999999999996
-19.25,20.7,11.75,0.07,7.9,-7.8,0.8,2.6,0.60475,834.0,20.642,11.75,117.5,1.7213506941900094,,,,Sand,,,Sand 3,3,6.04,35.04,-4.59,-33.589999999999996
-19.27,20.72,11.56,0.071,7.9,-7.8,0.8,2.9,0.63076,835.0,20.662,11.56,115.6,1.737783222931925,,,,Sand,,,Sand 3,3,6.04,35.04,-4.59,-33.589999999999996
-19.29,20.74,11.19,0.072,7.9,-7.8,0.8,2.6,0.65927,836.0,20.682,11.19,111.9,1.7605046131110984,,,,Sand,,,Sand 3,3,6.04,35.04,-4.59,-33.589999999999996
-19.310000000000002,20.76,10.8,0.072,7.9,-7.8,0.8,2.5,0.67877,837.0,20.702,10.8,108.0,1.7804133835471068,,,,Sand,,,Sand 3,3,6.04,35.04,-4.59,-33.589999999999996
-19.330000000000002,20.78,10.4,0.073,7.9,-7.8,0.8,2.6,0.70685,837.0,20.721,10.4,104.0,1.8040434892432975,,,,Sand,,,Sand 3,3,6.04,35.04,-4.59,-33.589999999999996
-19.35,20.8,9.97,0.074,7.9,-7.8,0.8,2.5,0.73495,838.0,20.741,9.97,99.7,1.828850440226343,,,,Sand,,,Sand 3,3,6.04,35.04,-4.59,-33.589999999999996
-19.37,20.82,9.64,0.071,7.9,-7.8,0.8,2.6,0.71681,839.0,20.761,9.64,96.4,1.834246696483901,,,,Sand,,,Sand 3,3,6.04,35.04,-4.59,-33.589999999999996
-19.39,20.84,9.55,0.07,7.9,-7.8,0.8,2.5,0.70716,840.0,20.781,9.55,95.5,1.834109602996242,,,,Sand,,,Sand 3,3,6.04,35.04,-4.59,-33.589999999999996
-19.41,20.86,9.51,0.069,7.9,-7.8,1.0,2.5,0.68631,841.0,20.801,9.51,95.1,1.8280482956418753,,,,Sand,,,Sand 3,3,6.04,35.04,-4.59,-33.589999999999996
-19.43,20.88,9.49,0.068,7.9,-7.8,0.8,2.5,0.65613,841.0,20.82,9.49,94.9,1.8175814159273342,,,,Sand,,,Sand 3,3,6.04,35.04,-4.59,-33.589999999999996
-19.45,20.9,9.88,0.0673,7.9,-7.8,0.8,2.5,0.62561,842.0,20.84,9.88,98.8,1.7914282700342539,,,,Sand,,,Sand 3,3,6.04,35.04,-4.59,-33.589999999999996
-19.470000000000002,20.92,10.75,0.0667,7.9,-7.8,0.8,2.5,0.59593,843.0,20.86,10.75,107.5,1.749273903757169,,,,Sand,,,Sand 3,3,6.04,35.04,-4.59,-33.589999999999996
-19.490000000000002,20.94,11.64,0.066,7.9,-7.8,0.8,2.5,0.56616,844.0,20.88,11.64,116.4,1.7082033504598964,,,,Sand,,,Sand 3,3,6.04,35.04,-4.59,-33.589999999999996
-19.51,20.96,12.45,0.067,7.9,-7.8,0.8,2.6,0.55144,844.0,20.9,12.45,124.5,1.6776883580615976,,,,Sand,,,Sand 3,3,6.04,35.04,-4.59,-33.589999999999996
-19.53,20.98,12.79,0.066,7.9,-7.8,1.0,2.5,0.52324,845.0,20.919,12.79,127.9,1.6550774488265254,,,,Sand,,,Sand 3,3,6.04,35.04,-4.59,-33.589999999999996
-19.55,21.0,13.03,0.068,7.9,-7.8,0.8,2.5,0.52419,846.0,20.939,13.03,130.3,1.6488828682991168,,,,Sand,,,Sand 3,3,6.04,35.04,-4.59,-33.589999999999996
-19.57,21.02,13.23,0.072,8.0,-8.0,0.8,2.5,0.54545,847.0,20.959,13.23,132.3,1.6533816500356648,,,,Sand,,,Sand 3,3,6.04,35.04,-4.59,-33.589999999999996
-19.59,21.04,13.43,0.08,7.9,-7.8,0.8,2.5,0.60088,848.0,20.979,13.43,134.3,1.6728230495996734,,,,Sand,,,Sand 3,3,6.04,35.04,-4.59,-33.589999999999996
-19.61,21.06,13.59,0.086,7.9,-7.8,0.8,2.5,0.64335,848.0,20.999,13.59,135.9,1.6866197202175153,,,,Sand,,,Sand 3,3,6.04,35.04,-4.59,-33.589999999999996
-19.63,21.08,13.62,0.085,7.9,-7.8,0.8,2.5,0.63468,849.0,21.018,13.62,136.2,1.682272613356011,,,,Sand,,,Sand 3,3,6.04,35.04,-4.59,-33.589999999999996
-19.650000000000002,21.1,13.46,0.083,7.9,-7.8,0.8,2.5,0.61929,850.0,21.038,13.46,134.6,1.6799076625871203,,,,Sand,,,Sand 3,3,6.04,35.04,-4.59,-33.589999999999996
-19.67,21.12,13.36,0.077,8.0,-8.0,0.8,2.5,0.57484,851.0,21.058,13.36,133.6,1.6632403811244447,,,,Sand,,,Sand 3,3,6.04,35.04,-4.59,-33.589999999999996
-19.69,21.14,13.22,0.073,8.0,-8.0,0.8,2.2,0.546,852.0,21.078,13.22,132.2,1.6539027609946986,,,,Sand,,,Sand 3,3,6.04,35.04,-4.59,-33.589999999999996
-19.71,21.16,13.23,0.07,7.9,-7.8,0.8,2.3,0.52449,852.0,21.098,13.23,132.3,1.6435926751991206,,,,Sand,,,Sand 3,3,6.04,35.04,-4.59,-33.589999999999996
-19.73,21.18,13.31,0.07,8.0,-8.0,0.8,2.5,0.52513,853.0,21.118,13.31,133.1,1.6417485853083251,,,,Sand,,,Sand 3,3,6.04,35.04,-4.59,-33.589999999999996
-19.75,21.2,13.37,0.069,8.0,-8.0,0.8,2.5,0.51758,854.0,21.137,13.37,133.7,1.6365502556817608,,,,Sand,,,Sand 3,3,6.04,35.04,-4.59,-33.589999999999996
-19.77,21.22,13.39,0.069,8.0,-8.0,0.8,2.5,0.51647,855.0,21.157,13.39,133.9,1.6354851196862539,,,,Sand,,,Sand 3,3,6.04,35.04,-4.59,-33.589999999999996
-19.79,21.24,13.43,0.069,8.0,-8.0,0.8,2.5,0.51526,855.0,21.177,13.43,134.3,1.6338400327038731,,,,Sand,,,Sand 3,3,6.04,35.04,-4.59,-33.589999999999996
-19.810000000000002,21.26,13.33,0.071,8.0,-8.0,0.8,3.1,0.52926,856.0,21.197,13.33,133.3,1.643165617108104,,,,Sand,,,Sand 3,3,6.04,35.04,-4.59,-33.589999999999996
-19.830000000000002,21.28,13.37,0.072,8.0,-8.0,0.8,2.8,0.53651,857.0,21.217,13.37,133.7,1.6455032157466871,,,,Sand,,,Sand 3,3,6.04,35.04,-4.59,-33.589999999999996
-19.85,21.3,13.45,0.072,8.0,-8.0,0.8,2.5,0.53686,858.0,21.236,13.45,134.5,1.6435516174535847,,,,Sand,,,Sand 3,3,6.04,35.04,-4.59,-33.589999999999996
-19.87,21.32,13.48,0.072,8.0,-8.0,0.8,2.6,0.53771,858.0,21.256,13.48,134.8,1.6431594264585219,,,,Sand,,,Sand 3,3,6.04,35.04,-4.59,-33.589999999999996
-19.89,21.34,13.5,0.072,8.0,-8.0,0.8,2.5,0.53847,859.0,21.276,13.5,135.0,1.6429892982853471,,,,Sand,,,Sand 3,3,6.04,35.04,-4.59,-33.589999999999996
-19.91,21.36,13.41,0.072,8.0,-8.0,0.8,2.5,0.53973,860.0,21.296,13.41,134.1,1.6459458328491505,,,,Sand,,,Sand 3,3,6.04,35.04,-4.59,-33.589999999999996
-19.93,21.38,13.32,0.072,8.0,-8.0,0.8,2.5,0.5413,861.0,21.316,13.32,133.2,1.6490612336999775,,,,Sand,,,Sand 3,3,6.04,35.04,-4.59,-33.589999999999996
-19.95,21.4,13.26,0.072,8.0,-8.0,0.8,2.5,0.54278,862.0,21.335,13.26,132.6,1.6513466093152875,,,,Sand,,,Sand 3,3,6.04,35.04,-4.59,-33.589999999999996
-19.970000000000002,21.42,13.18,0.073,8.0,-8.0,0.8,2.5,0.55209,862.0,21.355,13.18,131.8,1.657766995175493,,,,Sand,,,Sand 3,3,6.04,35.04,-4.59,-33.589999999999996
-19.990000000000002,21.44,13.12,0.074,8.0,-8.0,0.8,2.5,0.56199,863.0,21.375,13.12,131.2,1.6638679179867977,,,,Sand,,,Sand 3,3,6.04,35.04,-4.59,-33.589999999999996
-20.01,21.46,13.14,0.072,8.0,-8.0,0.8,2.5,0.5503,864.0,21.395,13.14,131.4,1.658024701537263,,,,Sand,,,Sand 3,3,6.04,35.04,-4.59,-33.589999999999996
-20.03,21.48,13.19,0.074,8.1,-8.0,1.0,2.5,0.57016,865.0,21.415,13.19,131.9,1.665655654611778,,,,Sand,,,Sand 3,3,6.04,35.04,-4.59,-33.589999999999996
-20.05,21.5,13.16,0.074,8.0,-8.0,0.8,2.6,0.5752,865.0,21.434,13.16,131.6,1.6686985003620045,,,,Sand,,,Sand 3,3,6.04,35.04,-4.59,-33.589999999999996
-20.07,21.52,12.97,0.072,8.2,-8.2,0.8,2.5,0.56637,866.0,21.454,12.97,129.7,1.6698910107873826,,,,Sand,,,Sand 3,3,6.04,35.04,-4.59,-33.589999999999996
-20.09,21.54,12.65,0.069,8.0,-8.0,0.8,2.5,0.55106,867.0,21.474,12.65,126.5,1.671849165577239,,,,Sand,,,Sand 3,3,6.04,35.04,-4.59,-33.589999999999996
-20.11,21.56,12.42,0.069,8.1,-8.0,1.0,2.5,0.56206,868.0,21.494,12.42,124.2,1.6833062192078267,,,,Sand,,,Sand 3,3,6.04,35.04,-4.59,-33.589999999999996
-20.13,21.58,12.27,0.065,8.2,-8.2,0.8,2.5,0.5415,869.0,21.514,12.27,122.7,1.6783743225682983,,,,Sand,,,Sand 3,3,6.04,35.04,-4.59,-33.589999999999996
-20.150000000000002,21.6,11.9,0.065,8.1,-8.0,1.0,2.5,0.55425,869.0,21.533,11.9,119.0,1.695059868127809,,,,Sand,,,Sand 3,3,6.04,35.04,-4.59,-33.589999999999996
-20.17,21.62,11.61,0.062,8.2,-8.2,0.8,2.5,0.53966,870.0,21.553,11.61,116.1,1.6973595438828752,,,,Sand,,,Sand 3,3,6.04,35.04,-4.59,-33.589999999999996
-20.19,21.64,11.23,0.06,8.2,-8.2,0.8,2.5,0.53091,871.0,21.573,11.23,112.3,1.7053991170600904,,,,Sand,,,Sand 3,3,6.04,35.04,-4.59,-33.589999999999996
-20.21,21.66,10.98,0.057,8.0,-8.0,0.8,2.2,0.5107,872.0,21.593,10.98,109.8,1.704309106287963,,,,Sand,,,Sand 3,3,6.04,35.04,-4.59,-33.589999999999996
-20.23,21.68,10.76,0.053,8.0,-8.0,0.8,2.4,0.4764,873.0,21.613,10.76,107.6,1.6955050019807967,,,,Sand,,,Sand 3,3,6.04,35.04,-4.59,-33.589999999999996
-20.25,21.7,10.74,0.049,8.2,-8.2,0.8,2.5,0.43946,873.0,21.632,10.74,107.4,1.6778970425020674,,,,Sand,,,Sand 3,3,6.04,35.04,-4.59,-33.589999999999996
-20.27,21.72,10.92,0.049,8.3,-8.2,1.0,2.5,0.43677,874.0,21.652,10.92,109.2,1.6703356831744884,,,,Sand,,,Sand 3,3,6.04,35.04,-4.59,-33.589999999999996
-20.29,21.74,11.15,0.0473,8.2,-8.2,0.8,2.5,0.41748,875.0,21.672,11.15,111.5,1.6525178185771883,,,,Sand,,,Sand 3,3,6.04,35.04,-4.59,-33.589999999999996
-20.310000000000002,21.76,11.61,0.0457,8.4,-8.4,0.8,2.5,0.39913,876.0,21.692,11.61,116.1,1.6274904923676126,,,,Sand,,,Sand 3,3,6.04,35.04,-4.59,-33.589999999999996
-20.330000000000002,21.78,11.81,0.044,8.4,-8.4,0.8,2.9,0.38095,876.0,21.712,11.81,118.1,1.6109298143499389,,,,Sand,,,Sand 3,3,6.04,35.04,-4.59,-33.589999999999996
-20.35,21.8,11.78,0.044,8.2,-8.2,0.8,2.7,0.37894,877.0,21.731,11.78,117.8,1.6107480446328077,,,,Sand,,,Sand 3,3,6.04,35.04,-4.59,-33.589999999999996
-20.37,21.82,11.87,0.046,8.4,-8.4,0.8,2.5,0.39587,878.0,21.751,11.87,118.7,1.6173898834346967,,,,Sand,,,Sand 3,3,6.04,35.04,-4.59,-33.589999999999996
-20.39,21.84,11.72,0.047,8.5,-8.4,1.0,2.5,0.40578,879.0,21.771,11.72,117.2,1.6275961470797726,,,,Sand,,,Sand 3,3,6.04,35.04,-4.59,-33.589999999999996
-20.41,21.86,11.54,0.047,8.4,-8.4,0.8,2.6,0.40649,879.0,21.791,11.54,115.4,1.6337711483296773,,,,Sand,,,Sand 3,3,6.04,35.04,-4.59,-33.589999999999996
-20.43,21.88,11.41,0.047,8.5,-8.4,1.0,2.5,0.40561,880.0,21.81,11.41,114.1,1.6375365011865874,,,,Sand,,,Sand 3,3,6.04,35.04,-4.59,-33.589999999999996
-20.45,21.9,11.22,0.047,8.3,-8.2,1.0,2.5,0.40443,881.0,21.83,11.22,112.2,1.6431951296246414,,,,Sand,,,Sand 3,3,6.04,35.04,-4.59,-33.589999999999996
-20.470000000000002,21.92,11.31,0.048,8.2,-8.2,0.8,2.5,0.41105,882.0,21.85,11.31,113.1,1.6437635119387861,,,,Sand,,,Sand 3,3,6.04,35.04,-4.59,-33.589999999999996
-20.490000000000002,21.94,11.65,0.051,8.5,-8.4,1.0,2.5,0.43354,883.0,21.87,11.65,116.5,1.6446275905657854,,,,Sand,,,Sand 3,3,6.04,35.04,-4.59,-33.589999999999996
-20.51,21.96,11.98,0.054,8.4,-8.4,0.8,2.5,0.45488,883.0,21.89,11.98,119.8,1.6453252848674298,,,,Sand,,,Sand 3,3,6.04,35.04,-4.59,-33.589999999999996
-20.53,21.98,12.14,0.055,8.2,-8.2,0.8,2.5,0.45752,884.0,21.909,12.14,121.4,1.6418013775664806,,,,Sand,,,Sand 3,3,6.04,35.04,-4.59,-33.589999999999996
-20.55,22.0,12.17,0.055,8.5,-8.4,1.0,2.5,0.45142,885.0,21.929,12.17,121.7,1.6377764658888108,,,,Sand,,,Sand 3,3,6.04,35.04,-4.59,-33.589999999999996
-20.57,22.02,12.23,0.055,8.4,-8.4,0.8,2.5,0.44557,886.0,21.949,12.23,122.3,1.632949636862559,,,,Sand,,,Sand 3,3,6.04,35.04,-4.59,-33.589999999999996
-20.59,22.04,12.27,0.057,8.4,-8.4,0.8,2.6,0.45673,886.0,21.969,12.27,122.7,1.6374954186974344,,,,Sand,,,Sand 3,3,6.04,35.04,-4.59,-33.589999999999996
-20.61,22.06,12.42,0.056,8.4,-8.4,0.8,2.5,0.44356,887.0,21.989,12.42,124.2,1.6262373145416726,,,,Sand,,,Sand 3,3,6.04,35.04,-4.59,-33.589999999999996
-20.63,22.08,12.61,0.058,8.6,-8.6,0.8,2.6,0.45313,888.0,22.008,12.61,126.1,1.6256406729653052,,,,Sand,,,Sand 3,3,6.04,35.04,-4.59,-33.589999999999996
-20.650000000000002,22.1,12.93,0.059,8.4,-8.4,0.8,2.5,0.45363,889.0,22.028,12.93,129.3,1.6167438132936258,,,,Sand,,,Sand 3,3,6.04,35.04,-4.59,-33.589999999999996
-20.67,22.12,13.07,0.06,8.4,-8.4,0.8,2.5,0.45321,890.0,22.048,13.07,130.7,1.6125974607184006,,,,Sand,,,Sand 3,3,6.04,35.04,-4.59,-33.589999999999996
-20.69,22.14,13.3,0.059,8.4,-8.4,0.8,2.5,0.437,890.0,22.068,13.3,133.0,1.597668209578475,,,,Sand,,,Sand 3,3,6.04,35.04,-4.59,-33.589999999999996
-20.71,22.16,13.57,0.06,8.4,-8.4,0.8,2.5,0.43585,891.0,22.087,13.57,135.7,1.5897021198769994,,,,Sand,,,Sand 3,3,6.04,35.04,-4.59,-33.589999999999996
-20.73,22.18,13.88,0.06,8.4,-8.4,0.8,2.5,0.42785,892.0,22.107,13.88,138.8,1.5771008241362818,,,,Sand,,,Sand 3,3,6.04,35.04,-4.59,-33.589999999999996
-20.75,22.2,14.13,0.06,8.3,-8.2,1.2,2.5,0.41878,893.0,22.127,14.13,141.3,1.5655558193712173,,,,Sand,,,Sand 3,3,6.04,35.04,-4.59,-33.589999999999996
-20.77,22.22,14.52,0.059,8.4,-8.4,0.8,2.2,0.40191,894.0,22.147,14.52,145.2,1.5460076428092304,,,,Sand,,,Sand 3,3,6.04,35.04,-4.59,-33.589999999999996
-20.79,22.24,14.73,0.058,8.6,-8.6,0.8,2.4,0.38532,894.0,22.167,14.73,147.3,1.531020725324733,,,,Sand,,,Sand 3,3,6.04,35.04,-4.59,-33.589999999999996
-20.810000000000002,22.26,14.99,0.058,8.4,-8.4,0.8,2.5,0.37519,895.0,22.186,14.99,149.9,1.5184809741568812,,,,Sand,,,Sand 3,3,6.04,35.04,-4.59,-33.589999999999996
-20.830000000000002,22.28,15.5,0.057,8.6,-8.6,0.8,2.5,0.35891,896.0,22.206,15.5,155.0,1.4960459816369294,,,,Sand,,,Sand 3,3,6.04,35.04,-4.59,-33.589999999999996
-20.85,22.3,16.12,0.058,8.6,-8.6,0.8,2.4,0.35572,897.0,22.226,16.12,161.20000000000002,1.479477959859253,,,,Sand,,,Sand 3,3,6.04,35.04,-4.59,-33.589999999999996
-20.87,22.32,16.55,0.06,8.6,-8.6,0.8,2.5,0.35792,898.0,22.246,16.55,165.5,1.4711394127928126,,,,Sand,,,Sand 3,3,6.04,35.04,-4.59,-33.589999999999996
-20.89,22.34,17.13,0.059,8.4,-8.4,0.8,3.1,0.34186,898.0,22.266,17.13,171.3,1.4479582519471255,,,,Sand,,,Sand 3,3,6.04,35.04,-4.59,-33.589999999999996
-20.91,22.36,17.51,0.066,8.6,-8.6,0.8,2.8,0.37131,899.0,22.285,17.51,175.1,1.4589416879680406,,,,Sand,,,Sand 3,3,6.04,35.04,-4.59,-33.589999999999996
-20.93,22.38,17.91,0.0657,8.6,-8.6,0.8,2.5,0.35958,900.0,22.305,17.91,179.1,1.4431614790345664,,,,Sand,,,Sand 3,3,6.04,35.04,-4.59,-33.589999999999996
-20.95,22.4,18.4,0.0653,8.4,-8.4,0.8,2.6,0.34829,900.0,22.325,18.4,184.0,1.4258394633674178,,,,Sand,,,Sand 3,3,6.04,35.04,-4.59,-33.589999999999996
-20.970000000000002,22.42,18.95,0.065,8.4,-8.4,0.8,2.4,0.33854,901.0,22.345,18.95,189.5,1.4084427296570354,,,,Sand,,,Sand 3,3,6.04,35.04,-4.59,-33.589999999999996
-20.990000000000002,22.44,19.63,0.072,8.6,-8.6,0.8,2.5,0.36681,902.0,22.364,19.63,196.3,1.4145191993967645,,,,Sand,,,Sand 3,3,6.04,35.04,-4.59,-33.589999999999996
-21.01,22.46,20.09,0.0729,8.6,-8.6,0.8,2.5,0.36606,903.0,22.384,20.09,200.9,1.4056635430568285,,,,Sand,,,Sand 3,3,6.04,35.04,-4.59,-33.589999999999996
-21.03,22.48,20.37,0.0738,8.6,-8.6,0.8,2.5,0.36723,904.0,22.404,20.37,203.7,1.4014527227972562,,,,Sand,,,Sand 3,3,6.04,35.04,-4.59,-33.589999999999996
-21.05,22.5,20.74,0.0747,8.8,-8.8,0.8,2.5,0.36887,904.0,22.424,20.74,207.4,1.3960729568386891,,,,Sand,,,Sand 3,3,6.04,35.04,-4.59,-33.589999999999996
-21.07,22.52,20.94,0.078,8.8,-8.8,0.8,2.5,0.38395,905.0,22.443,20.94,209.4,1.402537822630885,,,,Sand,,,Sand 3,3,6.04,35.04,-4.59,-33.589999999999996
-21.09,22.54,20.2,0.082,8.8,-8.8,0.8,2.5,0.40292,906.0,22.463,20.2,202.0,1.4273726010556662,,,,Sand,,,Sand 3,3,6.04,35.04,-4.59,-33.589999999999996
-21.11,22.56,19.85,0.086,8.8,-8.8,0.8,2.5,0.42305,907.0,22.483,19.85,198.5,1.4458645607832104,,,,Sand,,,Sand 3,3,6.04,35.04,-4.59,-33.589999999999996
-21.13,22.58,20.19,0.09,8.8,-8.8,0.8,2.6,0.44455,907.0,22.503,20.19,201.9,1.452650539069814,,,,Sand,,,Sand 3,3,6.04,35.04,-4.59,-33.589999999999996
-21.150000000000002,22.6,20.14,0.097,8.6,-8.6,0.6,2.5,0.48091,908.0,22.523,20.14,201.4,1.474156179564214,,,,Sand,,,Sand 3,3,6.04,35.04,-4.59,-33.589999999999996
-21.17,22.62,20.38,0.101,8.8,-8.8,0.8,2.5,0.49991,909.0,22.542,20.38,203.8,1.4804759779364587,,,,Sand,,,Sand 3,3,6.04,35.04,-4.59,-33.589999999999996
-21.19,22.64,20.19,0.108,8.8,-8.8,0.8,2.5,0.53179,910.0,22.562,20.19,201.9,1.5004438869286472,,,,Sand,,,Sand 3,3,6.04,35.04,-4.59,-33.589999999999996
-21.21,22.66,20.07,0.12,8.8,-8.8,0.8,2.5,0.58834,911.0,22.582,20.07,200.7,1.5304607020068839,,,,Sand,,,Sand 3,3,6.04,35.04,-4.59,-33.589999999999996
-21.23,22.68,20.34,0.125,8.8,-8.8,0.8,2.5,0.60879,911.0,22.602,20.34,203.4,1.5357029326902998,,,,Sand,,,Sand 3,3,6.04,35.04,-4.59,-33.589999999999996
-21.25,22.7,20.47,0.122,8.8,-8.8,0.6,2.5,0.59062,912.0,22.621,20.47,204.7,1.5250244920675116,,,,Sand,,,Sand 3,3,6.04,35.04,-4.59,-33.589999999999996
-21.27,22.72,20.69,0.123,9.0,-9.0,0.8,2.5,0.58897,913.0,22.641,20.69,206.9,1.5207081699107776,,,,Sand,,,Sand 3,3,6.04,35.04,-4.59,-33.589999999999996
-21.29,22.74,20.89,0.117,8.8,-8.8,0.6,2.5,0.55254,914.0,22.661,20.89,208.9,1.4995951213116383,,,,Sand,,,Sand 3,3,6.04,35.04,-4.59,-33.589999999999996
-21.310000000000002,22.76,21.23,0.116,9.0,-9.0,0.6,2.2,0.54004,915.0,22.681,21.23,212.3,1.4878435621037827,,,,Sand,,,Sand 3,3,6.04,35.04,-4.59,-33.589999999999996
-21.330000000000002,22.78,21.37,0.117,9.2,-9.2,0.8,2.3,0.53642,915.0,22.7,21.37,213.7,1.4837807790175592,,,,Sand,,,Sand 3,3,6.04,35.04,-4.59,-33.589999999999996
-21.35,22.8,22.01,0.119,9.2,-8.6,0.6,2.5,0.53725,916.0,22.72,22.01,220.1,1.4743882817929999,,,,Sand,,,Sand 3,3,6.04,35.04,-4.59,-33.589999999999996
-21.37,22.82,22.4,0.125,9.2,-9.0,0.8,2.5,0.55506,917.0,22.74,22.4,224.0,1.4777672359410947,,,,Sand,,,Sand 3,3,6.04,35.04,-4.59,-33.589999999999996
-21.39,22.84,22.78,0.125,9.2,-9.2,0.6,2.5,0.54472,918.0,22.76,22.78,227.8,1.4669029097303172,,,,Sand,,,Sand 3,3,6.04,35.04,-4.59,-33.589999999999996
-21.41,22.86,23.12,0.131,9.0,-9.0,0.8,2.2,0.55786,919.0,22.779,23.12,231.2,1.468820590289836,,,,Sand,,,Sand 3,3,6.04,35.04,-4.59,-33.589999999999996
-21.43,22.88,23.4,0.134,9.0,-9.0,0.6,3.0,0.55593,919.0,22.799,23.4,234.0,1.4638953319077757,,,,Sand,,,Sand 3,3,6.04,35.04,-4.59,-33.589999999999996
-21.45,22.9,23.85,0.14,9.2,-9.2,0.6,3.1,0.56514,920.0,22.819,23.85,238.5,1.4624188909895919,,,,Sand,,,Sand 3,3,6.04,35.04,-4.59,-33.589999999999996
-21.470000000000002,22.92,24.65,0.148,9.0,-9.0,0.8,2.8,0.5781,921.0,22.839,24.65,246.5,1.4583581789355944,,,,Sand,,,Sand 3,3,6.04,35.04,-4.59,-33.589999999999996
-21.490000000000002,22.94,25.65,0.157,9.2,-9.2,0.6,2.6,0.5897,921.0,22.858,25.65,256.5,1.4515115021891642,,,,Sand,,,Sand 3,3,6.04,35.04,-4.59,-33.589999999999996
-21.51,22.96,26.98,0.164,9.2,-9.2,0.6,2.5,0.59001,922.0,22.878,26.98,269.8,1.4357005730405104,,,,Sand,,,Sand 3,3,6.04,35.04,-4.59,-33.589999999999996
-21.53,22.98,27.75,0.176,9.2,-9.2,0.6,2.5,0.60419,923.0,22.898,27.75,277.5,1.4340632259442472,,,,Sand,,,Sand 3,3,6.04,35.04,-4.59,-33.589999999999996
-21.55,23.0,29.41,0.191,9.2,-9.2,0.6,2.5,0.62587,924.0,22.918,29.41,294.1,1.4269730945008796,,,,Sand,,,Sand 3,3,6.04,35.04,-4.59,-33.589999999999996
-21.57,23.02,31.3,0.216,9.0,-9.0,0.6,2.5,0.67799,925.0,22.937,31.3,313.0,1.4333995395369297,,,,Sand,,,Sand 3,3,6.04,35.04,-4.59,-33.589999999999996
-21.59,23.04,32.78,0.237,9.4,-9.4,0.6,2.5,0.71742,925.0,22.957,32.78,327.8,1.4381066918878445,,,,Sand,,,Sand 3,3,6.04,35.04,-4.59,-33.589999999999996
-21.61,23.06,34.52,0.245,9.2,-9.2,0.6,2.5,0.72186,926.0,22.977,34.52,345.2,1.425325535428825,,,,Sand,,,Sand 3,3,6.04,35.04,-4.59,-33.589999999999996
-21.63,23.08,35.75,0.266,9.4,-9.4,0.6,2.5,0.77115,927.0,22.997,35.75,357.5,1.4374071341759205,,,,Sand,,,Sand 3,3,6.04,35.04,-4.59,-33.589999999999996
-21.650000000000002,23.1,36.38,0.282,9.2,-9.2,0.6,2.5,0.81547,928.0,23.016,36.38,363.8,1.4514181604451268,,,,Sand,,,Sand 3,3,6.04,35.04,-4.59,-33.589999999999996
-21.67,23.12,36.39,0.29,9.4,-9.4,0.4,2.6,0.84588,928.0,23.036,36.39,363.9,1.4637728670366965,,,,Sand,,,Sand 3,3,6.04,35.04,-4.59,-33.589999999999996
-21.69,23.14,34.99,0.297,9.4,-9.4,0.6,2.5,0.88304,929.0,23.056,34.99,349.9,1.4889896106296332,,,,Sand,,,Sand 3,3,6.04,35.04,-4.59,-33.589999999999996
-21.71,23.16,33.84,0.297,9.4,-9.4,0.6,2.5,0.90784,930.0,23.075,33.84,338.4,1.5074406132347944,,,,Sand,,,Sand 3,3,6.04,35.04,-4.59,-33.589999999999996
-21.73,23.18,32.0,0.296,9.4,-9.4,0.6,2.5,0.93508,931.0,23.095,32.0,320.0,1.5326631570524174,,,,Sand,,,Sand 3,3,6.04,35.04,-4.59,-33.589999999999996
-21.75,23.2,30.4,0.287,9.4,-9.4,0.4,2.5,0.93929,931.0,23.115,30.4,304.0,1.5482860469537074,,,,Sand,,,Sand 3,3,6.04,35.04,-4.59,-33.589999999999996
-21.77,23.22,29.32,0.278,9.4,-9.4,0.4,2.5,0.93951,932.0,23.135,29.32,293.2,1.5584267316857388,,,,Sand,,,Sand 3,3,6.04,35.04,-4.59,-33.589999999999996
-21.79,23.24,28.4,0.263,9.4,-9.4,0.6,2.5,0.91626,933.0,23.154,28.4,284.0,1.5591054710731036,,,,Sand,,,Sand 3,3,6.04,35.04,-4.59,-33.589999999999996
-21.810000000000002,23.26,27.9,0.246,9.4,-9.4,0.6,2.5,0.87822,934.0,23.174,27.9,279.0,1.550277214613259,,,,Sand,,,Sand 3,3,6.04,35.04,-4.59,-33.589999999999996
-21.830000000000002,23.28,27.59,0.227,9.4,-9.4,0.4,2.1,0.82515,935.0,23.194,27.59,275.9,1.5333163743838203,,,,Sand,,,Sand 3,3,6.04,35.04,-4.59,-33.589999999999996
-21.85,23.3,27.27,0.22,9.6,-9.6,0.4,2.4,0.81024,936.0,23.214,27.27,272.7,1.5308742834740878,,,,Sand,,,Sand 3,3,6.04,35.04,-4.59,-33.589999999999996
-21.87,23.32,26.75,0.207,9.6,-9.6,0.6,2.5,0.76827,936.0,23.233,26.75,267.5,1.5196495036648854,,,,Sand,,,Sand 3,3,6.04,35.04,-4.59,-33.589999999999996
-21.89,23.34,26.46,0.199,9.6,-9.6,0.4,2.5,0.7406,937.0,23.253,26.46,264.6,1.5113770871946142,,,,Sand,,,Sand 3,3,6.04,35.04,-4.59,-33.589999999999996
-21.91,23.36,26.39,0.19,9.6,-9.6,0.4,2.5,0.7055,938.0,23.273,26.39,263.9,1.4970521801360523,,,,Sand,,,Sand 3,3,6.04,35.04,-4.59,-33.589999999999996
-21.93,23.38,26.46,0.184,9.6,-9.6,0.4,2.5,0.67856,939.0,23.292,26.46,264.6,1.4842189534834438,,,,Sand,,,Sand 3,3,6.04,35.04,-4.59,-33.589999999999996
-21.95,23.4,26.73,0.179,9.6,-9.6,0.4,2.1,0.64917,940.0,23.312,26.73,267.3,1.4675200591604916,,,,Sand,,,Sand 3,3,6.04,35.04,-4.59,-33.589999999999996
-21.970000000000002,23.42,27.31,0.177,9.6,-9.6,0.4,3.0,0.62569,940.0,23.332,27.31,273.1,1.4496471568807987,,,,Sand,,,Sand 3,3,6.04,35.04,-4.59,-33.589999999999996
-21.990000000000002,23.44,28.08,0.178,9.6,-9.6,0.4,2.9,0.60857,941.0,23.352,28.08,280.8,1.43258931247185,,,,Sand,,,Sand 3,3,6.04,35.04,-4.59,-33.589999999999996
-22.01,23.46,28.75,0.184,9.6,-9.6,0.4,2.6,0.60464,942.0,23.371,28.75,287.5,1.4233233610823761,,,,Sand,,,Sand 3,3,6.04,35.04,-4.59,-33.589999999999996
-22.03,23.48,30.41,0.198,9.6,-9.6,0.4,2.5,0.62475,942.0,23.391,30.41,304.1,1.41626120587129,,,,Sand,,,Sand 3,3,6.04,35.04,-4.59,-33.589999999999996
-22.05,23.5,32.18,0.225,9.8,-9.8,0.4,2.5,0.68262,943.0,23.411,32.18,321.8,1.4274221564617278,,,,Sand,,,Sand 3,3,6.04,35.04,-4.59,-33.589999999999996
-22.07,23.52,34.07,0.238,9.8,-9.8,0.4,2.5,0.69705,944.0,23.43,34.07,340.7,1.4176304892363039,,,,Sand,,,Sand 3,3,6.04,35.04,-4.59,-33.589999999999996
-22.09,23.54,35.92,0.245,9.8,-9.8,0.4,2.5,0.69513,945.0,23.45,35.92,359.2,1.4016397144310169,,,,Sand,,,Sand 3,3,6.04,35.04,-4.59,-33.589999999999996
-22.11,23.56,36.82,0.26,9.8,-9.8,0.4,2.5,0.71766,946.0,23.47,36.82,368.2,1.4052279750897723,,,,Sand,,,Sand 3,3,6.04,35.04,-4.59,-33.589999999999996
-22.13,23.58,37.46,0.273,9.8,-9.8,0.4,2.5,0.73456,946.0,23.49,37.46,374.6,1.4082066540441713,,,,Sand,,,Sand 3,3,6.04,35.04,-4.59,-33.589999999999996
-22.150000000000002,23.6,37.54,0.302,9.8,-9.8,0.4,2.5,0.79626,947.0,23.509,37.54,375.4,1.4348151809046747,,,,Sand,,,Sand 3,3,6.04,35.04,-4.59,-33.589999999999996
-22.17,23.62,37.56,0.324,9.8,-9.8,0.4,2.5,0.84301,948.0,23.529,37.56,375.6,1.4541144788102214,,,,Sand,,,Sand 3,3,6.04,35.04,-4.59,-33.589999999999996
-22.19,23.64,38.28,0.321,9.8,-9.8,0.4,2.5,0.82663,949.0,23.549,38.28,382.8,1.4423229455190452,,,,Sand,,,Sand 3,3,6.04,35.04,-4.59,-33.589999999999996
-22.21,23.66,39.67,0.328,9.8,-9.8,0.4,2.6,0.83631,949.0,23.568,39.67,396.7,1.436865046136204,,,,Sand,,,Sand 3,3,6.04,35.04,-4.59,-33.589999999999996
-22.23,23.68,40.17,0.326,9.8,-9.8,0.4,2.5,0.82023,950.0,23.588,40.17,401.7,1.426862325009725,,,,Sand,,,Sand 3,3,6.04,35.04,-4.59,-33.589999999999996
-22.25,23.7,39.97,0.324,9.8,-9.8,0.4,2.6,0.8021,951.0,23.608,39.97,399.7,1.4204841942977822,,,,Sand,,,Sand 3,3,6.04,35.04,-4.59,-33.589999999999996
-22.27,23.72,40.01,0.333,9.8,-9.8,0.4,2.5,0.81172,952.0,23.628,40.01,400.1,1.4243208533523344,,,,Sand,,,Sand 3,3,6.04,35.04,-4.59,-33.589999999999996
-22.29,23.74,40.56,0.348,9.8,-9.8,0.4,2.5,0.83787,953.0,23.647,40.56,405.6,1.4316871104011641,,,,Sand,,,Sand 3,3,6.04,35.04,-4.59,-33.589999999999996
-22.310000000000002,23.76,41.74,0.361,9.8,-9.8,0.4,2.5,0.86001,953.0,23.667,41.74,417.4,1.4333316027084761,,,,Sand,,,Sand 3,3,6.04,35.04,-4.59,-33.589999999999996
-22.330000000000002,23.78,42.75,0.365,10.0,-10.0,0.4,2.5,0.86054,954.0,23.687,42.75,427.5,1.427418790119688,,,,Sand,,,Sand 3,3,6.04,35.04,-4.59,-33.589999999999996
-22.35,23.8,43.32,0.374,10.0,-10.0,0.4,2.5,0.87381,955.0,23.706,43.32,433.2,1.4294396157640492,,,,Sand,,,Sand 3,3,6.04,35.04,-4.59,-33.589999999999996
-22.37,23.82,43.75,0.38,10.0,-10.0,0.4,2.2,0.88182,956.0,23.726,43.75,437.5,1.4301705480687215,,,,Sand,,,Sand 3,3,6.04,35.04,-4.59,-33.589999999999996
-22.39,23.84,43.71,0.385,10.0,-10.0,0.4,2.4,0.89167,957.0,23.746,43.71,437.1,1.4343339790054284,,,,Sand,,,Sand 3,3,6.04,35.04,-4.59,-33.589999999999996
-22.41,23.86,43.48,0.391,10.0,-10.0,0.4,2.4,0.90996,957.0,23.765,43.48,434.8,1.4428568486150755,,,,Sand,,,Sand 3,3,6.04,35.04,-4.59,-33.589999999999996
-22.43,23.88,43.1,0.399,9.8,-9.8,0.2,2.6,0.93888,958.0,23.785,43.1,431.0,1.4561651876298904,,,,Sand,,,Sand 3,3,6.04,35.04,-4.59,-33.589999999999996
-22.45,23.9,42.89,0.405,9.8,-9.8,0.4,2.5,0.96951,959.0,23.805,42.89,428.9,1.4688144297110601,,,,Sand,,,Sand 3,3,6.04,35.04,-4.59,-33.589999999999996
-22.470000000000002,23.92,42.42,0.399,9.8,-9.8,0.4,2.5,0.97737,960.0,23.825,42.42,424.2,1.4744253049787701,,,,Sand,,,Sand 3,3,6.04,35.04,-4.59,-33.589999999999996
-22.490000000000002,23.94,41.08,0.387,10.2,-10.2,0.4,2.5,0.97355,961.0,23.844,41.08,410.8,1.481046427085747,,,,Sand,,,Sand 3,3,6.04,35.04,-4.59,-33.589999999999996
-22.51,23.96,39.55,0.38,9.8,-9.8,0.4,2.0,0.98395,962.0,23.864,39.55,395.5,1.4943817535549322,,,,Sand,,,Sand 3,3,6.04,35.04,-4.59,-33.589999999999996
-22.53,23.98,37.96,0.372,10.2,-10.2,0.4,3.2,0.99329,962.0,23.884,37.96,379.6,1.5081690737307856,,,,Sand,,,Sand 3,3,6.04,35.04,-4.59,-33.589999999999996
-22.55,24.0,36.11,0.365,10.0,-10.0,0.4,3.0,1.0062,963.0,23.903,36.11,361.1,1.5255754747325703,,,,Sand,,,Sand 3,3,6.04,35.04,-4.59,-33.589999999999996
-22.57,24.02,34.9,0.355,10.2,-10.2,0.4,2.8,1.0088,964.0,23.923,34.9,349.0,1.5353669095616607,,,,Sand,,,Sand 3,3,6.04,35.04,-4.59,-33.589999999999996
-22.59,24.04,34.05,0.348,9.8,-9.8,0.4,2.5,1.0166,964.0,23.943,34.05,340.5,1.5445134135820657,,,,Sand,,,Sand 3,3,6.04,35.04,-4.59,-33.589999999999996
-22.61,24.06,33.54,0.334,10.0,-10.0,0.4,2.5,0.9994,965.0,23.962,33.54,335.4,1.5426357985296426,,,,Sand,,,Sand 3,3,6.04,35.04,-4.59,-33.589999999999996
-22.63,24.08,33.01,0.32,10.2,-10.2,0.2,2.5,0.97606,966.0,23.982,33.01,330.1,1.5388010850607592,,,,Sand,,,Sand 3,3,6.04,35.04,-4.59,-33.589999999999996
-22.650000000000002,24.1,32.4,0.311,10.0,-10.0,0.4,2.5,0.96434,967.0,24.002,32.4,324.0,1.5397156253645945,,,,Sand,,,Sand 3,3,6.04,35.04,-4.59,-33.589999999999996
-22.67,24.12,31.89,0.3,10.2,-10.2,0.4,2.5,0.94414,967.0,24.022,31.89,318.9,1.5368589980132286,,,,Sand,,,Sand 3,3,6.04,35.04,-4.59,-33.589999999999996
-22.69,24.14,31.46,0.29,10.2,-10.2,0.4,2.5,0.92637,968.0,24.041,31.46,314.6,1.5341807315610254,,,,Sand,,,Sand 3,3,6.04,35.04,-4.59,-33.589999999999996
-22.71,24.16,31.03,0.284,10.2,-10.2,0.4,2.5,0.92066,969.0,24.061,31.03,310.3,1.5359042896589759,,,,Sand,,,Sand 3,3,6.04,35.04,-4.59,-33.589999999999996
-22.73,24.18,30.62,0.275,10.2,-10.2,0.4,2.5,0.90356,970.0,24.081,30.62,306.2,1.5333364443142183,,,,Sand,,,Sand 3,3,6.04,35.04,-4.59,-33.589999999999996
-22.75,24.2,30.25,0.267,10.2,-10.2,0.4,2.6,0.88926,971.0,24.1,30.25,302.5,1.5314347886905728,,,,Sand,,,Sand 3,3,6.04,35.04,-4.59,-33.589999999999996
-22.77,24.22,29.78,0.256,10.2,-10.2,0.4,2.5,0.86414,971.0,24.12,29.78,297.8,1.5263855399540343,,,,Sand,,,Sand 3,3,6.04,35.04,-4.59,-33.589999999999996
-22.79,24.24,29.35,0.247,10.4,-10.4,0.4,2.5,0.84517,972.0,24.14,29.35,293.5,1.5232433215408165,,,,Sand,,,Sand 3,3,6.04,35.04,-4.59,-33.589999999999996
-22.810000000000002,24.26,29.1,0.241,10.4,-10.4,0.4,2.5,0.83593,973.0,24.159,29.1,291.0,1.5221049321425648,,,,Sand,,,Sand 3,3,6.04,35.04,-4.59,-33.589999999999996
-22.830000000000002,24.28,28.61,0.23,10.4,-10.4,0.4,2.5,0.8089,974.0,24.179,28.61,286.1,1.516341918007399,,,,Sand,,,Sand 3,3,6.04,35.04,-4.59,-33.589999999999996
-22.85,24.3,28.26,0.223,10.4,-10.4,0.4,2.5,0.79448,974.0,24.199,28.26,282.6,1.5141321044772225,,,,Sand,,,Sand 3,3,6.04,35.04,-4.59,-33.589999999999996
-22.87,24.32,27.83,0.222,10.4,-10.4,0.4,2.5,0.80061,975.0,24.218,27.83,278.3,1.5210844586919214,,,,Sand,,,Sand 3,3,6.04,35.04,-4.59,-33.589999999999996
-22.89,24.34,27.46,0.218,10.4,-10.4,0.4,2.5,0.79544,976.0,24.238,27.46,274.6,1.5229378171668737,,,,Sand,,,Sand 3,3,6.04,35.04,-4.59,-33.589999999999996
-22.91,24.36,27.08,0.212,10.4,-10.4,0.4,2.2,0.78171,977.0,24.258,27.08,270.8,1.5215020410561146,,,,Sand,,,Sand 3,3,6.04,35.04,-4.59,-33.589999999999996
-22.93,24.38,26.86,0.207,10.4,-10.4,0.4,2.3,0.77059,978.0,24.277,26.86,268.6,1.5193808843433498,,,,Sand,,,Sand 3,3,6.04,35.04,-4.59,-33.589999999999996
-22.95,24.4,26.63,0.202,10.4,-10.4,0.4,2.4,0.75698,979.0,24.297,26.63,266.3,1.5163231613938288,,,,Sand,,,Sand 3,3,6.04,35.04,-4.59,-33.589999999999996
-22.970000000000002,24.42,26.52,0.193,10.4,-10.4,0.4,2.6,0.72509,979.0,24.317,26.52,265.2,1.5040794759560434,,,,Sand,,,Sand 3,3,6.04,35.04,-4.59,-33.589999999999996
-22.990000000000002,24.44,26.32,0.189,10.4,-10.4,0.4,2.5,0.70674,980.0,24.336,26.32,263.2,1.4984044747240026,,,,Sand,,,Sand 3,3,6.04,35.04,-4.59,-33.589999999999996
-23.01,24.46,26.2,0.183,10.4,-10.4,0.4,2.5,0.67778,981.0,24.356,26.2,262.0,1.4868953336178663,,,,Sand,,,Sand 3,3,6.04,35.04,-4.59,-33.589999999999996
-23.03,24.48,26.41,0.182,10.4,-10.4,0.4,2.1,0.66296,982.0,24.376,26.41,264.1,1.4776621178688205,,,,Sand,,,Sand 3,3,6.04,35.04,-4.59,-33.589999999999996
-23.05,24.5,26.92,0.187,10.4,-10.4,0.4,2.7,0.66738,983.0,24.395,26.92,269.2,1.4738246995739066,,,,Sand,,,Sand 3,3,6.04,35.04,-4.59,-33.589999999999996
-23.07,24.52,28.08,0.188,10.4,-10.4,0.4,2.9,0.65651,983.0,24.415,28.08,280.8,1.4558647215323857,,,,Sand,,,Sand 3,3,6.04,35.04,-4.59,-33.589999999999996
-23.09,24.54,28.92,0.189,10.6,-10.5,0.4,2.6,0.64629,984.0,24.435,28.92,289.2,1.442033839437495,,,,Sand,,,Sand 3,3,6.04,35.04,-4.59,-33.589999999999996
-23.11,24.56,30.25,0.194,10.4,-10.4,0.4,2.6,0.65068,985.0,24.454,30.25,302.5,1.4305637277047398,,,,Sand,,,Sand 3,3,6.04,35.04,-4.59,-33.589999999999996
-23.13,24.58,31.06,0.201,10.4,-10.4,0.4,2.5,0.66276,986.0,24.474,31.06,310.6,1.4284652333409278,,,,Sand,,,Sand 3,3,6.04,35.04,-4.59,-33.589999999999996
-23.150000000000002,24.6,31.25,0.211,10.6,-10.5,0.4,2.6,0.68744,986.0,24.494,31.25,312.5,1.4382847075520366,,,,Sand,,,Sand 3,3,6.04,35.04,-4.59,-33.589999999999996
-23.17,24.62,31.06,0.217,10.4,-10.4,0.4,2.5,0.70093,987.0,24.513,31.06,310.6,1.446289202650101,,,,Sand,,,Sand 3,3,6.04,35.04,-4.59,-33.589999999999996
-23.19,24.64,30.98,0.228,10.6,-10.5,0.4,2.5,0.73418,988.0,24.533,30.98,309.8,1.4619332323498182,,,,Sand,,,Sand 3,3,6.04,35.04,-4.59,-33.589999999999996
-23.21,24.66,31.02,0.234,10.6,-10.5,0.4,2.5,0.75368,989.0,24.553,31.02,310.2,1.4700353985601695,,,,Sand,,,Sand 3,3,6.04,35.04,-4.59,-33.589999999999996
-23.23,24.68,31.01,0.238,10.6,-10.5,0.4,2.5,0.76743,989.0,24.572,31.01,310.1,1.4759977920152774,,,,Sand,,,Sand 3,3,6.04,35.04,-4.59,-33.589999999999996
-23.25,24.7,31.04,0.242,10.6,-10.5,0.4,2.5,0.78036,990.0,24.592,31.04,310.4,1.4811607959498947,,,,Sand,,,Sand 3,3,6.04,35.04,-4.59,-33.589999999999996
-23.27,24.72,31.02,0.242,10.6,-10.5,0.4,2.5,0.78002,991.0,24.612,31.02,310.2,1.481203548955271,,,,Sand,,,Sand 3,3,6.04,35.04,-4.59,-33.589999999999996
-23.29,24.74,31.0,0.247,10.6,-10.5,0.4,2.6,0.79552,992.0,24.631,31.0,310.0,1.487814446801329,,,,Sand,,,Sand 3,3,6.04,35.04,-4.59,-33.589999999999996
-23.310000000000002,24.76,30.97,0.248,10.6,-10.5,0.4,2.5,0.79833,992.0,24.651,30.97,309.7,1.4892446319387014,,,,Sand,,,Sand 3,3,6.04,35.04,-4.59,-33.589999999999996
-23.330000000000002,24.78,31.05,0.253,10.6,-10.5,0.4,2.5,0.81341,993.0,24.671,31.05,310.5,1.4946448031642436,,,,Sand,,,Sand 3,3,6.04,35.04,-4.59,-33.589999999999996
-23.35,24.8,31.09,0.255,10.6,-10.5,0.4,2.5,0.8175,994.0,24.69,31.09,310.9,1.495927398822172,,,,Sand,,,Sand 3,3,6.04,35.04,-4.59,-33.589999999999996
-23.37,24.82,31.21,0.254,10.6,-10.5,0.4,2.5,0.80985,995.0,24.71,31.21,312.1,1.4917437986330955,,,,Sand,,,Sand 3,3,6.04,35.04,-4.59,-33.589999999999996
-23.39,24.84,31.14,0.257,10.6,-10.5,0.4,2.5,0.81274,996.0,24.73,31.14,311.4,1.4935518864767965,,,,Sand,,,Sand 3,3,6.04,35.04,-4.59,-33.589999999999996
-23.41,24.86,31.35,0.259,10.6,-10.5,0.4,2.5,0.8108,996.0,24.749,31.35,313.5,1.4908586622651536,,,,Sand,,,Sand 3,3,6.04,35.04,-4.59,-33.589999999999996
-23.43,24.88,31.73,0.261,10.7,-10.7,0.4,2.4,0.80714,997.0,24.769,31.73,317.3,1.4859555773663808,,,,Sand,,,Sand 3,3,6.04,35.04,-4.59,-33.589999999999996
-23.45,24.9,32.37,0.267,10.7,-10.7,0.4,2.2,0.81508,998.0,24.789,32.37,323.7,1.4835565419638168,,,,Sand,,,Sand 3,3,6.04,35.04,-4.59,-33.589999999999996
-23.470000000000002,24.92,33.03,0.269,10.7,-10.7,0.4,2.4,0.81079,999.0,24.808,33.03,330.3,1.4761466864104344,,,,Sand,,,Sand 3,3,6.04,35.04,-4.59,-33.589999999999996
-23.490000000000002,24.94,33.63,0.271,10.7,-10.7,0.4,2.5,0.80841,1000.0,24.828,33.63,336.3,1.4701419666159072,,,,Sand,,,Sand 3,3,6.04,35.04,-4.59,-33.589999999999996
-23.51,24.96,34.23,0.274,10.7,-10.7,0.4,2.5,0.81306,1000.0,24.848,34.23,342.3,1.4671440050699598,,,,Sand,,,Sand 3,3,6.04,35.04,-4.59,-33.589999999999996
-23.53,24.98,34.58,0.277,10.7,-10.7,0.4,2.5,0.82165,1001.0,24.867,34.58,345.8,1.4678559774523505,,,,Sand,,,Sand 3,3,6.04,35.04,-4.59,-33.589999999999996
-23.55,25.0,34.5,0.278,10.7,-10.7,0.4,2.5,0.82923,1002.0,24.887,34.5,345.0,1.4715780672647607,,,,Sand,,,Sand 3,3,6.04,35.04,-4.59,-33.589999999999996
-23.57,25.02,34.11,0.276,10.7,-10.7,0.4,2.0,0.83239,1003.0,24.906,34.11,341.1,1.4759864518596197,,,,Sand,,,Sand 3,3,6.04,35.04,-4.59,-33.589999999999996
-23.59,25.04,33.15,0.276,10.7,-10.7,0.4,3.2,0.84481,1004.0,24.926,33.15,331.5,1.4888377450473622,,,,Sand,,,Sand 3,3,6.04,35.04,-4.59,-33.589999999999996
-23.61,25.06,32.47,0.272,10.7,-10.7,0.4,2.9,0.84577,1004.0,24.946,32.47,324.7,1.4949729056683527,,,,Sand,,,Sand 3,3,6.04,35.04,-4.59,-33.589999999999996
-23.63,25.08,31.53,0.269,10.7,-10.7,0.4,2.6,0.84684,1005.0,24.965,31.53,315.3,1.5036040353132543,,,,Sand,,,Sand 3,3,6.04,35.04,-4.59,-33.589999999999996
-23.650000000000002,25.1,30.69,0.264,10.7,-10.7,0.4,2.6,0.83899,1006.0,24.985,30.69,306.9,1.5081361673795213,,,,Sand,,,Sand 3,3,6.04,35.04,-4.59,-33.589999999999996
-23.67,25.12,30.33,0.258,10.7,-10.7,0.4,2.4,0.82389,1007.0,25.005,30.33,303.3,1.5055215192253366,,,,Sand,,,Sand 3,3,6.04,35.04,-4.59,-33.589999999999996
-23.69,25.14,30.5,0.252,10.7,-10.7,0.4,2.5,0.80663,1007.0,25.024,30.5,305.0,1.4969969749713306,,,,Sand,,,Sand 3,3,6.04,35.04,-4.59,-33.589999999999996
-23.71,25.16,31.34,0.246,10.7,-10.7,0.4,2.5,0.78701,1008.0,25.044,31.34,313.4,1.4811803040241809,,,,Sand,,,Sand 3,3,6.04,35.04,-4.59,-33.589999999999996
-23.73,25.18,31.72,0.242,10.9,-10.9,0.4,2.5,0.7719,1009.0,25.064,31.72,317.2,1.4713962315361788,,,,Sand,,,Sand 3,3,6.04,35.04,-4.59,-33.589999999999996
-23.75,25.2,31.94,0.238,10.7,-10.7,0.4,2.5,0.75616,1010.0,25.083,31.94,319.4,1.4626896883093086,,,,Sand,,,Sand 3,3,6.04,35.04,-4.59,-33.589999999999996
-23.77,25.22,31.88,0.237,10.9,-10.9,0.4,2.5,0.75098,1010.0,25.103,31.88,318.8,1.4609888361538166,,,,Sand,,,Sand 3,3,6.04,35.04,-4.59,-33.589999999999996
-23.79,25.24,31.66,0.236,10.9,-10.9,0.4,2.5,0.74867,1011.0,25.123,31.66,316.6,1.4619783314500037,,,,Sand,,,Sand 3,3,6.04,35.04,-4.59,-33.589999999999996
-23.810000000000002,25.26,31.44,0.234,10.9,-10.9,0.4,2.5,0.74407,1012.0,25.142,31.44,314.4,1.4619886770510817,,,,Sand,,,Sand 3,3,6.04,35.04,-4.59,-33.589999999999996
-23.830000000000002,25.28,31.32,0.233,10.9,-10.9,0.4,2.6,0.7413,1013.0,25.162,31.32,313.2,1.4618858288106862,,,,Sand,,,Sand 3,3,6.04,35.04,-4.59,-33.589999999999996
-23.85,25.3,31.17,0.234,10.9,-10.9,0.4,2.4,0.73975,1014.0,25.182,31.17,311.7,1.462599026205323,,,,Sand,,,Sand 3,3,6.04,35.04,-4.59,-33.589999999999996
-23.87,25.32,31.05,0.235,11.0,-10.9,0.6,2.5,0.7346,1014.0,25.201,31.05,310.5,1.4614616364824198,,,,Sand,,,Sand 3,3,6.04,35.04,-4.59,-33.589999999999996
-23.89,25.34,31.13,0.242,10.9,-10.9,0.4,2.5,0.74588,1015.0,25.221,31.13,311.3,1.4656413241714479,,,,Sand,,,Sand 3,3,6.04,35.04,-4.59,-33.589999999999996
-23.91,25.36,31.8,0.248,10.9,-10.9,0.4,2.5,0.75509,1016.0,25.24,31.8,318.0,1.4634884572525764,,,,Sand,,,Sand 3,3,6.04,35.04,-4.59,-33.589999999999996
-23.93,25.38,33.49,0.257,11.0,-10.9,0.6,2.5,0.77523,1017.0,25.26,33.49,334.9,1.457402336257806,,,,Sand,,,Sand 3,3,6.04,35.04,-4.59,-33.589999999999996
-23.95,25.4,34.52,0.257,11.1,-11.1,0.4,2.5,0.76937,1017.0,25.28,34.52,345.2,1.4463841967360282,,,,Sand,,,Sand 3,3,6.04,35.04,-4.59,-33.589999999999996
-23.970000000000002,25.42,35.08,0.259,11.1,-11.1,0.6,2.5,0.76906,1018.0,25.299,35.08,350.8,1.4417568408314678,,,,Sand,,,Sand 3,3,6.04,35.04,-4.59,-33.589999999999996
-23.990000000000002,25.44,34.51,0.268,11.1,-11.1,0.6,2.2,0.79123,1019.0,25.319,34.51,345.1,1.4557910665378158,,,,Sand,,,Sand 3,3,6.04,35.04,-4.59,-33.589999999999996
-24.01,25.46,33.63,0.281,11.1,-11.1,0.4,2.5,0.8313,1020.0,25.339,33.63,336.3,1.4794634166009868,,,,Sand,,,Sand 3,3,6.04,35.04,-4.59,-33.589999999999996
-24.03,25.48,33.07,0.286,11.1,-11.1,0.4,2.5,0.85376,1021.0,25.358,33.07,330.7,1.4930336507824205,,,,Sand,,,Sand 3,3,6.04,35.04,-4.59,-33.589999999999996
-24.05,25.5,33.32,0.291,11.1,-11.1,0.4,2.5,0.88105,1022.0,25.378,33.32,333.2,1.5015305941495045,,,,Sand,,,Sand 3,3,6.04,35.04,-4.59,-33.589999999999996
-24.07,25.52,33.35,0.29,11.1,-11.1,0.4,2.5,0.89111,1022.0,25.397,33.35,333.5,1.5051135434924996,,,,Sand,,,Sand 3,3,6.04,35.04,-4.59,-33.589999999999996
-24.09,25.54,32.94,0.283,11.1,-11.1,0.6,2.5,0.87984,1023.0,25.417,32.94,329.4,1.5042161858770067,,,,Sand,,,Sand 3,3,6.04,35.04,-4.59,-33.589999999999996
-24.11,25.56,32.09,0.273,11.1,-11.1,0.6,2.0,0.85536,1024.0,25.437,32.09,320.90000000000003,1.5020088199930708,,,,Sand,,,Sand 3,3,6.04,35.04,-4.59,-33.589999999999996
-24.13,25.58,31.32,0.269,11.1,-11.1,0.4,3.0,0.84979,1025.0,25.456,31.32,313.2,1.5066321539277026,,,,Sand,,,Sand 3,3,6.04,35.04,-4.59,-33.589999999999996
-24.150000000000002,25.6,30.63,0.267,11.1,-11.1,0.6,3.0,0.85181,1025.0,25.476,30.63,306.3,1.513689247551244,,,,Sand,,,Sand 3,3,6.04,35.04,-4.59,-33.589999999999996
-24.17,25.62,30.6,0.265,11.1,-11.1,0.4,2.7,0.85443,1026.0,25.496,30.6,306.0,1.5149795525019436,,,,Sand,,,Sand 3,3,6.04,35.04,-4.59,-33.589999999999996
-24.19,25.64,31.08,0.262,11.1,-11.1,0.6,2.6,0.85332,1027.0,25.515,31.08,310.8,1.510166228836192,,,,Sand,,,Sand 3,3,6.04,35.04,-4.59,-33.589999999999996
-24.21,25.66,31.23,0.257,11.1,-11.1,0.6,2.5,0.84512,1028.0,25.535,31.23,312.3,1.5056166787217329,,,,Sand,,,Sand 3,3,6.04,35.04,-4.59,-33.589999999999996
-24.23,25.68,30.87,0.252,11.3,-11.3,0.4,2.5,0.83686,1028.0,25.554,30.87,308.7,1.505644003503131,,,,Sand,,,Sand 3,3,6.04,35.04,-4.59,-33.589999999999996
-24.25,25.7,30.3,0.249,11.3,-11.3,0.4,2.5,0.83673,1029.0,25.574,30.3,303.0,1.5108762149281003,,,,Sand,,,Sand 3,3,6.04,35.04,-4.59,-33.589999999999996
-24.27,25.72,29.6,0.246,11.3,-11.3,0.6,2.5,0.83934,1030.0,25.594,29.6,296.0,1.5185559629100542,,,,Sand,,,Sand 3,3,6.04,35.04,-4.59,-33.589999999999996
-24.29,25.74,28.97,0.243,11.3,-11.3,0.6,2.5,0.84295,1031.0,25.613,28.97,289.7,1.5261158657084988,,,,Sand,,,Sand 3,3,6.04,35.04,-4.59,-33.589999999999996
-24.310000000000002,25.76,28.25,0.238,11.3,-11.3,0.6,2.5,0.83689,1032.0,25.633,28.25,282.5,1.5310174453874736,,,,Sand,,,Sand 3,3,6.04,35.04,-4.59,-33.589999999999996
-24.330000000000002,25.78,27.77,0.233,11.3,-11.3,0.6,2.5,0.82708,1032.0,25.652,27.77,277.7,1.5321751965074863,,,,Sand,,,Sand 3,3,6.04,35.04,-4.59,-33.589999999999996
-24.35,25.8,27.48,0.229,11.3,-11.3,0.6,2.5,0.81786,1033.0,25.672,27.48,274.8,1.531629247339029,,,,Sand,,,Sand 3,3,6.04,35.04,-4.59,-33.589999999999996
-24.37,25.82,27.38,0.224,11.3,-11.3,0.6,2.6,0.80344,1034.0,25.692,27.38,273.8,1.5269950743024359,,,,Sand,,,Sand 3,3,6.04,35.04,-4.59,-33.589999999999996
-24.39,25.84,27.76,0.214,11.3,-11.3,0.6,2.5,0.76892,1035.0,25.711,27.76,277.6,1.508920387380784,,,,Sand,,,Sand 3,3,6.04,35.04,-4.59,-33.589999999999996
-24.41,25.86,28.16,0.207,11.3,-11.3,0.6,2.5,0.74333,1035.0,25.731,28.16,281.6,1.4939300334641645,,,,Sand,,,Sand 3,3,6.04,35.04,-4.59,-33.589999999999996
-24.43,25.88,28.23,0.2,11.3,-11.3,0.6,2.5,0.7171,1036.0,25.751,28.23,282.3,1.4818306426123387,,,,Sand,,,Sand 3,3,6.04,35.04,-4.59,-33.589999999999996
-24.45,25.9,28.01,0.197,11.3,-11.3,0.6,2.5,0.70508,1037.0,25.77,28.01,280.1,1.4788582581601326,,,,Sand,,,Sand 3,3,6.04,35.04,-4.59,-33.589999999999996
-24.470000000000002,25.92,27.86,0.203,11.3,-11.3,0.6,2.5,0.72669,1038.0,25.79,27.86,278.6,1.4899596565311946,,,,Sand,,,Sand 3,3,6.04,35.04,-4.59,-33.589999999999996
-24.490000000000002,25.94,27.9,0.206,11.3,-11.3,0.6,2.5,0.74077,1039.0,25.809,27.9,279.0,1.4955924009018717,,,,Sand,,,Sand 3,3,6.04,35.04,-4.59,-33.589999999999996
-24.51,25.96,27.82,0.206,11.3,-11.3,0.6,2.5,0.7459,1039.0,25.829,27.82,278.2,1.498630780058409,,,,Sand,,,Sand 3,3,6.04,35.04,-4.59,-33.589999999999996
-24.53,25.98,27.78,0.207,11.5,-11.5,0.6,2.1,0.75727,1040.0,25.849,27.78,277.8,1.503854290968,,,,Sand,,,Sand 3,3,6.04,35.04,-4.59,-33.589999999999996
-24.55,26.0,27.72,0.202,11.3,-11.3,0.6,2.4,0.7495,1041.0,25.868,27.72,277.2,1.5012257306142924,,,,Sand,,,Sand 3,3,6.04,35.04,-4.59,-33.589999999999996
-24.57,26.02,27.15,0.199,11.4,-11.3,0.8,2.5,0.75027,1042.0,25.888,27.15,271.5,1.507738209175006,,,,Sand,,,Sand 3,3,6.04,35.04,-4.59,-33.589999999999996
-24.59,26.04,26.7,0.197,11.5,-11.5,0.6,2.5,0.75591,1043.0,25.907,26.7,267.0,1.5150925014071555,,,,Sand,,,Sand 3,3,6.04,35.04,-4.59,-33.589999999999996
-24.61,26.06,25.75,0.193,11.5,-11.5,0.6,2.5,0.75494,1043.0,25.927,25.75,257.5,1.5255702501648056,,,,Sand,,,Sand 3,3,6.04,35.04,-4.59,-33.589999999999996
-24.63,26.08,24.79,0.187,11.5,-11.5,0.8,2.5,0.74729,1044.0,25.947,24.79,247.9,1.5339164114471393,,,,Sand,,,Sand 3,3,6.04,35.04,-4.59,-33.589999999999996
-24.650000000000002,26.1,24.48,0.183,11.5,-11.5,0.6,2.2,0.74717,1045.0,25.966,24.48,244.8,1.5377043931713366,,,,Sand,,,Sand 3,3,6.04,35.04,-4.59,-33.589999999999996
-24.67,26.12,24.12,0.176,11.5,-11.5,0.8,3.2,0.7349,1046.0,25.986,24.12,241.2,1.5371450599786451,,,,Sand,,,Sand 3,3,6.04,35.04,-4.59,-33.589999999999996
-24.69,26.14,23.81,0.166,11.5,-11.5,0.6,3.0,0.70823,1046.0,26.005,23.81,238.1,1.5298523108100957,,,,Sand,,,Sand 3,3,6.04,35.04,-4.59,-33.589999999999996
-24.71,26.16,23.39,0.157,11.5,-11.5,0.8,2.7,0.68313,1047.0,26.025,23.39,233.9,1.524503783057341,,,,Sand,,,Sand 3,3,6.04,35.04,-4.59,-33.589999999999996
-24.73,26.18,22.9,0.146,11.5,-11.5,0.8,2.6,0.64795,1048.0,26.045,22.9,229.0,1.5154349575385735,,,,Sand,,,Sand 3,3,6.04,35.04,-4.59,-33.589999999999996
-24.75,26.2,22.35,0.141,11.5,-11.5,0.8,2.5,0.63643,1049.0,26.064,22.35,223.5,1.517921025580947,,,,Sand,,,Sand 3,3,6.04,35.04,-4.59,-33.589999999999996
-24.77,26.22,21.67,0.132,11.5,-11.5,0.8,2.5,0.60381,1049.0,26.084,21.67,216.7,1.5126392240734456,,,,Sand,,,Sand 3,3,6.04,35.04,-4.59,-33.589999999999996
-24.79,26.24,21.14,0.129,11.5,-11.5,0.8,2.5,0.5956,1050.0,26.103,21.14,211.4,1.5168122604130865,,,,Sand,,,Sand 3,3,6.04,35.04,-4.59,-33.589999999999996
-24.810000000000002,26.26,20.88,0.124,11.5,-11.5,0.6,2.5,0.57644,1051.0,26.123,20.88,208.8,1.5116211691380719,,,,Sand,,,Sand 3,3,6.04,35.04,-4.59,-33.589999999999996
-24.830000000000002,26.28,21.1,0.121,11.5,-11.5,0.8,2.5,0.56463,1052.0,26.143,21.1,211.0,1.5023294797177724,,,,Sand,,,Sand 3,3,6.04,35.04,-4.59,-33.589999999999996
-24.85,26.3,21.46,0.123,11.5,-11.5,0.8,2.5,0.57446,1053.0,26.162,21.46,214.6,1.5016113490873704,,,,Sand,,,Sand 3,3,6.04,35.04,-4.59,-33.589999999999996
-24.87,26.32,21.77,0.127,11.7,-11.7,0.6,2.5,0.59221,1053.0,26.182,21.77,217.7,1.5055738521812723,,,,Sand,,,Sand 3,3,6.04,35.04,-4.59,-33.589999999999996
-24.89,26.34,21.72,0.129,11.5,-11.5,0.8,2.5,0.59983,1054.0,26.201,21.72,217.2,1.5099890460548617,,,,Sand,,,Sand 3,3,6.04,35.04,-4.59,-33.589999999999996
-24.91,26.36,21.7,0.135,11.7,-11.7,0.6,2.6,0.62667,1055.0,26.221,21.7,217.0,1.5229187990457773,,,,Sand,,,Sand 3,3,6.04,35.04,-4.59,-33.589999999999996
-24.93,26.38,21.52,0.138,11.7,-11.7,0.6,2.4,0.64111,1056.0,26.241,21.52,215.2,1.5322265413828444,,,,Sand,,,Sand 3,3,6.04,35.04,-4.59,-33.589999999999996
-24.95,26.4,21.41,0.142,11.7,-11.7,0.8,2.6,0.66181,1056.0,26.26,21.41,214.1,1.543152692643705,,,,Sand,,,Sand 3,3,6.04,35.04,-4.59,-33.589999999999996
-24.970000000000002,26.42,21.37,0.142,11.7,-11.7,0.8,2.5,0.66479,1057.0,26.28,21.37,213.7,1.5450684931022962,,,,Sand,,,Sand 3,3,6.04,35.04,-4.59,-33.589999999999996
-24.990000000000002,26.44,21.39,0.141,11.7,-11.7,0.6,2.5,0.66466,1058.0,26.299,21.39,213.9,1.5447113850594407,,,,Sand,,,Sand 3,3,6.04,35.04,-4.59,-33.589999999999996
-25.01,26.46,21.32,0.143,11.7,-11.7,0.8,2.5,0.6797,1059.0,26.319,21.32,213.2,1.5523331764319424,,,,Sand,,,Sand 3,3,6.04,35.04,-4.59,-33.589999999999996
-25.03,26.48,21.22,0.14,11.7,-11.7,0.8,2.5,0.67279,1060.0,26.338,21.22,212.2,1.5508328832407907,,,,Sand,,,Sand 3,3,6.04,35.04,-4.59,-33.589999999999996
-25.05,26.5,20.95,0.137,11.7,-11.7,0.8,2.1,0.66642,1060.0,26.358,20.95,209.5,1.5521559435439045,,,,Sand,,,Sand 3,3,6.04,35.04,-4.59,-33.589999999999996
-25.07,26.52,20.53,0.125,11.7,-11.7,0.8,2.3,0.61527,1061.0,26.378,20.53,205.3,1.535668262283911,,,,Sand,,,Sand 3,3,6.04,35.04,-4.59,-33.589999999999996
-25.09,26.54,20.12,0.121,11.7,-11.7,0.8,2.6,0.59957,1062.0,26.397,20.12,201.2,1.5349619384125581,,,,Sand,,,Sand 3,3,6.04,35.04,-4.59,-33.589999999999996
-25.11,26.56,19.57,0.119,11.7,-11.7,0.8,2.4,0.58834,1063.0,26.417,19.57,195.7,1.5388347881026478,,,,Sand,,,Sand 3,3,6.04,35.04,-4.59,-33.589999999999996
-25.13,26.58,19.36,0.119,11.7,-11.7,0.8,2.5,0.58248,1064.0,26.436,19.36,193.6,1.5396400970169417,,,,Sand,,,Sand 3,3,6.04,35.04,-4.59,-33.589999999999996
-25.150000000000002,26.6,19.46,0.117,11.7,-11.7,0.8,2.4,0.56311,1064.0,26.456,19.46,194.6,1.5285531980099363,,,,Sand,,,Sand 3,3,6.04,35.04,-4.59,-33.589999999999996
-25.17,26.62,20.24,0.118,11.7,-11.7,0.6,2.5,0.55595,1065.0,26.476,20.24,202.4,1.5118531510334736,,,,Sand,,,Sand 3,3,6.04,35.04,-4.59,-33.589999999999996
-25.19,26.64,21.58,0.118,11.7,-11.7,0.8,3.0,0.54094,1066.0,26.495,21.58,215.8,1.4828595114496572,,,,Sand,,,Sand 3,3,6.04,35.04,-4.59,-33.589999999999996
-25.21,26.66,22.58,0.118,11.9,-11.9,0.6,2.7,0.52488,1067.0,26.515,22.58,225.8,1.459378325741296,,,,Sand,,,Sand 3,3,6.04,35.04,-4.59,-33.589999999999996
-25.23,26.68,23.31,0.122,11.7,-11.7,0.8,2.5,0.52708,1067.0,26.534,23.31,233.1,1.4500153275482373,,,,Sand,,,Sand 3,3,6.04,35.04,-4.59,-33.589999999999996
-25.25,26.7,23.7,0.129,11.9,-11.9,0.6,2.5,0.54407,1068.0,26.554,23.7,237.0,1.4535653557063315,,,,Sand,,,Sand 3,3,6.04,35.04,-4.59,-33.589999999999996
-25.27,26.72,24.28,0.136,11.7,-11.7,0.8,2.5,0.56437,1069.0,26.573,24.28,242.8,1.45623551385429,,,,Sand,,,Sand 3,3,6.04,35.04,-4.59,-33.589999999999996
-25.29,26.74,24.7,0.145,11.9,-11.9,0.8,2.4,0.59557,1070.0,26.593,24.7,247.0,1.4664491664121786,,,,Sand,,,Sand 3,3,6.04,35.04,-4.59,-33.589999999999996
-25.310000000000002,26.76,24.78,0.146,11.9,-11.9,0.8,2.5,0.5965,1071.0,26.613,24.78,247.8,1.465877952781661,,,,Sand,,,Sand 3,3,6.04,35.04,-4.59,-33.589999999999996
-25.330000000000002,26.78,24.75,0.147,11.9,-11.9,0.8,2.5,0.59924,1071.0,26.632,24.75,247.5,1.4676163292524884,,,,Sand,,,Sand 3,3,6.04,35.04,-4.59,-33.589999999999996
-25.35,26.8,24.68,0.149,11.9,-11.9,0.8,2.5,0.60878,1072.0,26.652,24.68,246.8,1.473187229012818,,,,Sand,,,Sand 3,3,6.04,35.04,-4.59,-33.589999999999996
-25.37,26.82,24.57,0.15,11.9,-11.9,0.8,2.5,0.61687,1073.0,26.671,24.57,245.7,1.4785182570454944,,,,Sand,,,Sand 3,3,6.04,35.04,-4.59,-33.589999999999996
-25.39,26.84,24.35,0.149,11.9,-11.9,0.8,2.5,0.61906,1074.0,26.691,24.35,243.5,1.4824228936681059,,,,Sand,,,Sand 3,3,6.04,35.04,-4.59,-33.589999999999996
-25.41,26.86,24.14,0.146,11.9,-11.9,0.8,2.5,0.6148,1074.0,26.71,24.14,241.4,1.4831332547042377,,,,Sand,,,Sand 3,3,6.04,35.04,-4.59,-33.589999999999996
-25.43,26.88,23.83,0.145,12.1,-12.1,0.8,2.5,0.62185,1075.0,26.73,23.83,238.3,1.49061612524862,,,,Sand,,,Sand 3,3,6.04,35.04,-4.59,-33.589999999999996
-25.45,26.9,23.43,0.144,11.9,-11.9,0.8,2.6,0.63217,1076.0,26.75,23.43,234.3,1.5008673599536917,,,,Sand,,,Sand 3,3,6.04,35.04,-4.59,-33.589999999999996
-25.470000000000002,26.92,22.8,0.143,12.1,-12.1,0.8,2.5,0.64433,1077.0,26.769,22.8,228.0,1.515174216331189,,,,Sand,,,Sand 3,3,6.04,35.04,-4.59,-33.589999999999996
-25.490000000000002,26.94,22.18,0.143,12.1,-12.1,0.8,2.5,0.66288,1078.0,26.789,22.18,221.8,1.5323345390780894,,,,Sand,,,Sand 3,3,6.04,35.04,-4.59,-33.589999999999996
-25.51,26.96,21.24,0.138,12.1,-12.1,0.8,2.5,0.65824,1078.0,26.808,21.24,212.4,1.5441300789505852,,,,Sand,,,Sand 3,3,6.04,35.04,-4.59,-33.589999999999996
-25.53,26.98,20.26,0.133,12.1,-12.1,0.8,2.5,0.65264,1079.0,26.828,20.26,202.6,1.5569063654452802,,,,Sand,,,Sand 3,3,6.04,35.04,-4.59,-33.589999999999996
-25.55,27.0,19.67,0.129,11.9,-11.9,0.8,2.5,0.65041,1080.0,26.847,19.67,196.7,1.5655388830695156,,,,Sand,,,Sand 3,3,6.04,35.04,-4.59,-33.589999999999996
-25.57,27.02,19.17,0.125,12.1,-12.1,0.8,2.5,0.64558,1081.0,26.867,19.17,191.7,1.5718344023534083,,,,Sand,,,Sand 3,3,6.04,35.04,-4.59,-33.589999999999996
-25.59,27.04,18.97,0.121,12.1,-12.1,0.8,2.2,0.63559,1082.0,26.886,18.97,189.7,1.5708579741380009,,,,Sand,,,Sand 3,3,6.04,35.04,-4.59,-33.589999999999996
-25.61,27.06,18.74,0.112,12.1,-12.1,0.8,2.4,0.59353,1082.0,26.906,18.74,187.4,1.5557278077964598,,,,Sand,,,Sand 3,3,6.04,35.04,-4.59,-33.589999999999996
-25.63,27.08,18.44,0.109,12.1,-12.1,0.8,2.6,0.57883,1083.0,26.926,18.44,184.4,1.554219514765811,,,,Sand,,,Sand 3,3,6.04,35.04,-4.59,-33.589999999999996
-25.650000000000002,27.1,18.41,0.106,12.1,-12.1,0.8,2.5,0.56099,1084.0,26.945,18.41,184.1,1.5462113040245193,,,,Sand,,,Sand 3,3,6.04,35.04,-4.59,-33.589999999999996
-25.67,27.12,18.64,0.105,12.1,-12.1,0.8,2.5,0.55133,1085.0,26.965,18.64,186.4,1.5372840764891507,,,,Sand,,,Sand 3,3,6.04,35.04,-4.59,-33.589999999999996
-25.69,27.14,18.92,0.105,12.1,-12.1,0.8,2.5,0.54468,1085.0,26.984,18.92,189.2,1.5289354521891052,,,,Sand,,,Sand 3,3,6.04,35.04,-4.59,-33.589999999999996
-25.71,27.16,19.36,0.103,12.1,-12.1,0.8,2.4,0.52487,1086.0,27.004,19.36,193.6,1.5110957075744118,,,,Sand,,,Sand 3,3,6.04,35.04,-4.59,-33.589999999999996
-25.73,27.18,19.68,0.108,12.3,-12.3,0.8,3.0,0.53885,1087.0,27.023,19.68,196.8,1.512682425255636,,,,Sand,,,Sand 3,3,6.04,35.04,-4.59,-33.589999999999996
-25.75,27.2,20.17,0.114,12.1,-12.1,0.8,2.7,0.55691,1088.0,27.043,20.17,201.7,1.5134896898458525,,,,Sand,,,Sand 3,3,6.04,35.04,-4.59,-33.589999999999996
-25.77,27.22,20.6,0.117,12.3,-12.3,0.8,2.5,0.55867,1088.0,27.062,20.6,206.0,1.5073262675220562,,,,Sand,,,Sand 3,3,6.04,35.04,-4.59,-33.589999999999996
-25.79,27.24,21.21,0.12,12.1,-12.1,0.8,2.5,0.55983,1089.0,27.082,21.21,212.1,1.4982095936064295,,,,Sand,,,Sand 3,3,6.04,35.04,-4.59,-33.589999999999996
-25.810000000000002,27.26,21.76,0.126,12.1,-12.1,0.8,2.7,0.57354,1090.0,27.102,21.76,217.6,1.49659056708802,,,,Sand,,,Sand 3,3,6.04,35.04,-4.59,-33.589999999999996
-25.830000000000002,27.28,22.06,0.126,12.3,-12.3,0.8,2.4,0.56009,1091.0,27.121,22.06,220.6,1.4853577868299592,,,,Sand,,,Sand 3,3,6.04,35.04,-4.59,-33.589999999999996
-25.85,27.3,22.7,0.128,12.3,-12.3,0.8,2.5,0.55682,1092.0,27.141,22.7,227.0,1.4742942433451975,,,,Sand,,,Sand 3,3,6.04,35.04,-4.59,-33.589999999999996
-25.87,27.32,23.3,0.134,12.3,-12.3,0.8,2.5,0.57234,1092.0,27.16,23.3,233.0,1.4736456502573223,,,,Sand,,,Sand 3,3,6.04,35.04,-4.59,-33.589999999999996
-25.89,27.34,23.95,0.139,12.3,-12.3,0.8,2.5,0.58456,1093.0,27.18,23.95,239.5,1.4708657705717498,,,,Sand,,,Sand 3,3,6.04,35.04,-4.59,-33.589999999999996
-25.91,27.36,24.39,0.141,12.3,-12.3,0.8,2.5,0.58421,1094.0,27.199,24.39,243.9,1.4648374144102534,,,,Sand,,,Sand 3,3,6.04,35.04,-4.59,-33.589999999999996
-25.93,27.38,24.53,0.142,12.3,-12.3,0.8,2.5,0.58075,1095.0,27.219,24.53,245.3,1.4612625258388616,,,,Sand,,,Sand 3,3,6.04,35.04,-4.59,-33.589999999999996
-25.95,27.4,24.61,0.143,12.3,-12.3,0.8,2.5,0.57863,1095.0,27.238,24.61,246.1,1.4591476175996179,,,,Sand,,,Sand 3,3,6.04,35.04,-4.59,-33.589999999999996
-25.970000000000002,27.42,24.69,0.144,12.3,-12.3,0.8,2.5,0.57878,1096.0,27.258,24.69,246.9,1.4581816106774437,,,,Sand,,,Sand 3,3,6.04,35.04,-4.59,-33.589999999999996
-25.990000000000002,27.44,24.91,0.148,12.3,-12.3,0.8,2.6,0.59325,1097.0,27.277,24.91,249.1,1.4625985760863234,,,,Sand,,,Sand 3,3,6.04,35.04,-4.59,-33.589999999999996
-26.01,27.46,25.23,0.152,12.3,-12.3,0.8,2.5,0.60888,1098.0,27.297,25.23,252.3,1.4662485171329134,,,,Sand,,,Sand 3,3,6.04,35.04,-4.59,-33.589999999999996
-26.03,27.48,25.4,0.154,12.3,-12.3,0.8,2.5,0.61717,1099.0,27.317,25.4,254.0,1.4681611239421997,,,,Sand,,,Sand 3,3,6.04,35.04,-4.59,-33.589999999999996
-26.05,27.5,25.28,0.155,12.3,-12.3,0.8,2.5,0.62187,1099.0,27.336,25.28,252.8,1.471921083102911,,,,Sand,,,Sand 3,3,6.04,35.04,-4.59,-33.589999999999996
-26.07,27.52,24.93,0.146,12.3,-12.3,0.8,2.5,0.58773,1100.0,27.356,24.93,249.3,1.4595882655293015,,,,Sand,,,Sand 3,3,6.04,35.04,-4.59,-33.589999999999996
-26.09,27.54,24.66,0.142,12.3,-12.3,0.8,2.5,0.57548,1101.0,27.375,24.66,246.6,1.456900201674174,,,,Sand,,,Sand 3,3,6.04,35.04,-4.59,-33.589999999999996
-26.11,27.56,24.52,0.141,12.5,-12.5,0.8,2.6,0.57654,1102.0,27.395,24.52,245.2,1.4592677689462488,,,,Sand,,,Sand 3,3,6.04,35.04,-4.59,-33.589999999999996
-26.13,27.58,24.47,0.141,12.5,-12.5,0.8,2.2,0.58234,1103.0,27.414,24.47,244.7,1.4628484094459837,,,,Sand,,,Sand 3,3,6.04,35.04,-4.59,-33.589999999999996
-26.150000000000002,27.6,24.24,0.137,12.3,-12.3,0.8,2.3,0.57167,1103.0,27.434,24.24,242.4,1.460497373992344,,,,Sand,,,Sand 3,3,6.04,35.04,-4.59,-33.589999999999996
-26.17,27.62,23.9,0.132,12.5,-12.5,0.8,2.6,0.55629,1104.0,27.453,23.9,239.0,1.457189641658882,,,,Sand,,,Sand 3,3,6.04,35.04,-4.59,-33.589999999999996
-26.19,27.64,23.65,0.132,12.3,-12.3,0.8,2.5,0.56251,1105.0,27.473,23.65,236.5,1.4638097060872877,,,,Sand,,,Sand 3,3,6.04,35.04,-4.59,-33.589999999999996
-26.21,27.66,23.33,0.134,12.5,-12.5,0.8,2.5,0.5784,1106.0,27.492,23.33,233.3,1.4762670237529505,,,,Sand,,,Sand 3,3,6.04,35.04,-4.59,-33.589999999999996
-26.23,27.68,22.95,0.131,12.5,-12.5,0.8,2.5,0.57296,1107.0,27.512,22.95,229.5,1.47888139974456,,,,Sand,,,Sand 3,3,6.04,35.04,-4.59,-33.589999999999996
-26.25,27.7,22.77,0.133,12.5,-12.5,0.8,2.1,0.58925,1107.0,27.531,22.77,227.7,1.4895147887703568,,,,Sand,,,Sand 3,3,6.04,35.04,-4.59,-33.589999999999996
-26.27,27.72,22.42,0.132,12.3,-12.3,0.8,3.0,0.5918,1108.0,27.551,22.42,224.2,1.495790023494316,,,,Sand,,,Sand 3,3,6.04,35.04,-4.59,-33.589999999999996
-26.29,27.74,22.08,0.127,12.5,-12.5,0.8,2.9,0.57521,1109.0,27.57,22.08,220.8,1.4926278587669808,,,,Sand,,,Sand 3,3,6.04,35.04,-4.59,-33.589999999999996
-26.310000000000002,27.76,21.81,0.1257,12.5,-12.5,0.8,2.5,0.57299,1110.0,27.59,21.81,218.1,1.4955639872491386,,,,Sand,,,Sand 3,3,6.04,35.04,-4.59,-33.589999999999996
-26.330000000000002,27.78,21.56,0.1243,12.5,-12.5,0.8,2.5,0.56816,1110.0,27.609,21.56,215.6,1.4969593200698417,,,,Sand,,,Sand 3,3,6.04,35.04,-4.59,-33.589999999999996
-26.35,27.8,21.52,0.123,12.5,-12.5,0.8,2.6,0.56081,1111.0,27.629,21.52,215.2,1.4938981442553996,,,,Sand,,,Sand 3,3,6.04,35.04,-4.59,-33.589999999999996
-26.37,27.82,21.52,0.122,12.5,-12.5,0.8,2.4,0.55272,1112.0,27.649,21.52,215.2,1.4898133878568018,,,,Sand,,,Sand 3,3,6.04,35.04,-4.59,-33.589999999999996
-26.39,27.84,21.82,0.124,12.5,-12.5,0.8,2.5,0.5568,1113.0,27.668,21.82,218.2,1.4873011064799804,,,,Sand,,,Sand 3,3,6.04,35.04,-4.59,-33.589999999999996
-26.41,27.86,22.29,0.121,12.5,-12.5,0.8,2.5,0.53754,1113.0,27.688,22.29,222.9,1.4703461097451982,,,,Sand,,,Sand 3,3,6.04,35.04,-4.59,-33.589999999999996
-26.43,27.88,22.86,0.121,12.5,-12.5,0.8,2.5,0.53102,1114.0,27.707,22.86,228.6,1.4585562052731769,,,,Sand,,,Sand 3,3,6.04,35.04,-4.59,-33.589999999999996
-26.45,27.9,23.2,0.123,12.5,-12.5,0.8,2.5,0.5312,1115.0,27.727,23.2,232.0,1.4537742615478297,,,,Sand,,,Sand 3,3,6.04,35.04,-4.59,-33.589999999999996
-26.470000000000002,27.92,23.39,0.131,12.7,-12.7,0.8,2.5,0.55615,1116.0,27.746,23.39,233.9,1.4641481948687567,,,,Sand,,,Sand 3,3,6.04,35.04,-4.59,-33.589999999999996
-26.490000000000002,27.94,23.48,0.128,12.5,-12.5,0.8,2.5,0.53523,1117.0,27.766,23.48,234.8,1.4519620053715383,,,,Sand,,,Sand 3,3,6.04,35.04,-4.59,-33.589999999999996
-26.51,27.96,23.73,0.128,12.5,-12.5,0.8,2.5,0.52767,1117.0,27.785,23.73,237.3,1.4444445097394039,,,,Sand,,,Sand 3,3,6.04,35.04,-4.59,-33.589999999999996
-26.53,27.98,24.47,0.129,12.5,-12.5,0.8,2.6,0.52375,1118.0,27.805,24.47,244.7,1.4322382648095335,,,,Sand,,,Sand 3,3,6.04,35.04,-4.59,-33.589999999999996
-26.55,28.0,25.02,0.132,12.7,-12.7,0.8,2.5,0.52768,1119.0,27.824,25.02,250.2,1.427105641365282,,,,Sand,,,Sand 3,3,6.04,35.04,-4.59,-33.589999999999996
-26.57,28.02,25.17,0.132,12.7,-12.7,0.8,2.5,0.51958,1120.0,27.844,25.17,251.7,1.4207238156313553,,,,Sand,,,Sand 3,3,6.04,35.04,-4.59,-33.589999999999996
-26.59,28.04,25.6,0.142,12.7,-12.7,0.8,2.6,0.55071,1120.0,27.863,25.6,256.0,1.4320290888742726,,,,Sand,,,Sand 3,3,6.04,35.04,-4.59,-33.589999999999996
-26.61,28.06,26.18,0.145,12.5,-12.5,0.8,2.5,0.55697,1121.0,27.883,26.18,261.8,1.4281452819212226,,,,Sand,,,Sand 3,3,6.04,35.04,-4.59,-33.589999999999996
-26.63,28.08,26.47,0.148,12.5,-12.5,0.8,2.5,0.56618,1122.0,27.902,26.47,264.7,1.4294631206839803,,,,Sand,,,Sand 3,3,6.04,35.04,-4.59,-33.589999999999996
-26.650000000000002,28.1,26.6,0.148,12.7,-12.7,0.8,2.4,0.56483,1123.0,27.922,26.6,266.0,1.42719883578631,,,,Sand,,,Sand 3,3,6.04,35.04,-4.59,-33.589999999999996
-26.67,28.12,26.77,0.151,12.7,-12.7,1.0,2.2,0.5757,1124.0,27.941,26.77,267.7,1.4308324731873108,,,,Sand,,,Sand 3,3,6.04,35.04,-4.59,-33.589999999999996
-26.69,28.14,26.46,0.156,12.7,-12.7,0.8,2.4,0.59431,1124.0,27.961,26.46,264.6,1.443997909631384,,,,Sand,,,Sand 3,3,6.04,35.04,-4.59,-33.589999999999996
-26.71,28.16,25.87,0.158,12.7,-12.7,0.8,2.7,0.59996,1125.0,27.98,25.87,258.7,1.453935180746098,,,,Sand,,,Sand 3,3,6.04,35.04,-4.59,-33.589999999999996
-26.73,28.18,25.67,0.167,12.7,-12.7,0.8,2.4,0.63165,1126.0,28.0,25.67,256.7,1.47179814379111,,,,Sand,,,Sand 3,3,6.04,35.04,-4.59,-33.589999999999996
-26.75,28.2,25.81,0.183,12.7,-12.7,0.8,2.5,0.68803,1127.0,28.019,25.81,258.1,1.4961102857594268,,,,Sand,,,Sand 3,3,6.04,35.04,-4.59,-33.589999999999996
-26.77,28.22,26.34,0.19,12.9,-12.9,0.8,2.3,0.70915,1128.0,28.039,26.34,263.4,1.4992289201907774,,,,Sand,,,Sand 3,3,6.04,35.04,-4.59,-33.589999999999996
-26.79,28.24,27.16,0.193,12.9,-12.9,0.8,2.5,0.71521,1128.0,28.058,27.16,271.6,1.492598085330185,,,,Sand,,,Sand 3,3,6.04,35.04,-4.59,-33.589999999999996
-26.810000000000002,28.26,27.43,0.199,12.9,-12.9,0.8,3.0,0.73324,1129.0,28.078,27.43,274.3,1.4974368726099765,,,,Sand,,,Sand 3,3,6.04,35.04,-4.59,-33.589999999999996
-26.830000000000002,28.28,28.04,0.203,12.7,-12.7,0.8,2.8,0.74547,1130.0,28.097,28.04,280.4,1.4961087782484142,,,,Sand,,,Sand 3,3,6.04,35.04,-4.59,-33.589999999999996
-26.85,28.3,28.02,0.209,12.9,-12.9,0.8,2.5,0.76764,1131.0,28.117,28.02,280.2,1.505637651266463,,,,Sand,,,Sand 3,3,6.04,35.04,-4.59,-33.589999999999996
-26.87,28.32,27.41,0.212,12.9,-12.9,0.8,2.5,0.78214,1131.0,28.136,27.41,274.1,1.5180955603159139,,,,Sand,,,Sand 3,3,6.04,35.04,-4.59,-33.589999999999996
-26.89,28.34,26.91,0.213,12.9,-12.9,0.8,2.5,0.79057,1132.0,28.156,26.91,269.1,1.5269479681945461,,,,Sand,,,Sand 3,3,6.04,35.04,-4.59,-33.589999999999996
-26.91,28.36,26.54,0.217,12.9,-12.9,0.8,2.5,0.81232,1133.0,28.175,26.54,265.4,1.53967747038195,,,,Sand,,,Sand 3,3,6.04,35.04,-4.59,-33.589999999999996
-26.93,28.38,26.3,0.216,12.9,-12.9,0.8,2.5,0.81502,1134.0,28.195,26.3,263.0,1.5434165272075961,,,,Sand,,,Sand 3,3,6.04,35.04,-4.59,-33.589999999999996
-26.95,28.4,26.19,0.213,12.9,-12.9,0.8,2.5,0.80697,1135.0,28.214,26.19,261.9,1.5415013805612519,,,,Sand,,,Sand 3,3,6.04,35.04,-4.59,-33.589999999999996
-26.970000000000002,28.42,26.13,0.21,12.9,-12.9,0.8,2.5,0.79576,1135.0,28.234,26.13,261.3,1.5377476871349451,,,,Sand,,,Sand 3,3,6.04,35.04,-4.59,-33.589999999999996
-26.990000000000002,28.44,26.21,0.209,12.9,-12.9,0.8,2.5,0.78935,1136.0,28.253,26.21,262.1,1.5342793079647294,,,,Sand,,,Sand 3,3,6.04,35.04,-4.59,-33.589999999999996
-27.01,28.46,26.33,0.209,13.1,-13.1,0.8,2.5,0.78483,1137.0,28.273,26.33,263.3,1.5311035325968911,,,,Sand,,,Sand 3,3,6.04,35.04,-4.59,-33.589999999999996
-27.03,28.48,26.55,0.21,13.1,-13.1,0.8,2.5,0.7814,1138.0,28.292,26.55,265.5,1.5272420360736387,,,,Sand,,,Sand 3,3,6.04,35.04,-4.59,-33.589999999999996
-27.05,28.5,26.87,0.21,12.9,-12.9,0.8,2.5,0.77096,1138.0,28.312,26.87,268.7,1.5194220276592414,,,,Sand,,,Sand 3,3,6.04,35.04,-4.59,-33.589999999999996
-27.07,28.52,27.24,0.213,13.1,-13.1,0.8,2.6,0.76878,1139.0,28.331,27.24,272.4,1.5144618092384348,,,,Sand,,,Sand 3,3,6.04,35.04,-4.59,-33.589999999999996
-27.09,28.54,27.52,0.22,13.1,-13.1,0.8,2.5,0.77752,1140.0,28.351,27.52,275.2,1.5150262533937535,,,,Sand,,,Sand 3,3,6.04,35.04,-4.59,-33.589999999999996
-27.11,28.56,28.15,0.23,13.1,-13.1,0.8,2.5,0.79458,1141.0,28.37,28.15,281.5,1.5153127223778875,,,,Sand,,,Sand 3,3,6.04,35.04,-4.59,-33.589999999999996
-27.13,28.58,29.04,0.236,13.1,-13.1,0.8,2.5,0.79743,1142.0,28.39,29.04,290.4,1.5073984361637136,,,,Sand,,,Sand 3,3,6.04,35.04,-4.59,-33.589999999999996
-27.150000000000002,28.6,29.95,0.241,13.3,-13.3,0.8,2.5,0.79914,1142.0,28.409,29.95,299.5,1.4991762313430297,,,,Sand,,,Sand 3,3,6.04,35.04,-4.59,-33.589999999999996
-27.17,28.62,31.04,0.245,13.1,-13.1,0.8,2.5,0.79915,1143.0,28.429,31.04,310.4,1.4889363467878363,,,,Sand,,,Sand 3,3,6.04,35.04,-4.59,-33.589999999999996
-27.19,28.64,31.76,0.251,13.1,-13.1,0.8,2.4,0.80821,1144.0,28.448,31.76,317.6,1.486124572277052,,,,Sand,,,Sand 3,3,6.04,35.04,-4.59,-33.589999999999996
-27.21,28.66,32.06,0.26,13.1,-13.1,0.8,2.1,0.83004,1145.0,28.468,32.06,320.6,1.4922844634619148,,,,Sand,,,Sand 3,3,6.04,35.04,-4.59,-33.589999999999996
-27.23,28.68,31.74,0.263,13.1,-13.1,0.8,2.4,0.83645,1146.0,28.487,31.74,317.4,1.4976495829037122,,,,Sand,,,Sand 3,3,6.04,35.04,-4.59,-33.589999999999996
-27.25,28.7,31.52,0.269,13.1,-13.1,0.8,2.6,0.85553,1146.0,28.507,31.52,315.2,1.507080226516487,,,,Sand,,,Sand 3,3,6.04,35.04,-4.59,-33.589999999999996
-27.27,28.72,31.34,0.274,13.1,-13.1,0.8,2.5,0.87474,1147.0,28.526,31.34,313.4,1.5160626477918324,,,,Sand,,,Sand 3,3,6.04,35.04,-4.59,-33.589999999999996
-27.29,28.74,31.18,0.275,13.1,-13.1,0.8,2.5,0.88205,1148.0,28.546,31.18,311.8,1.520260588267464,,,,Sand,,,Sand 3,3,6.04,35.04,-4.59,-33.589999999999996
-27.310000000000002,28.76,30.9,0.272,13.3,-13.3,0.8,2.5,0.87404,1149.0,28.565,30.9,309.0,1.519748782643164,,,,Sand,,,Sand 3,3,6.04,35.04,-4.59,-33.589999999999996
-27.330000000000002,28.78,31.04,0.271,13.1,-13.1,0.8,2.0,0.8696,1150.0,28.584,31.04,310.4,1.516792309925744,,,,Sand,,,Sand 3,3,6.04,35.04,-4.59,-33.589999999999996
-27.35,28.8,30.81,0.273,13.3,-13.3,1.0,3.1,0.87255,1150.0,28.604,30.81,308.1,1.5200000515077947,,,,Sand,,,Sand 3,3,6.04,35.04,-4.59,-33.589999999999996
-27.37,28.82,30.89,0.273,13.3,-13.3,1.0,2.9,0.86529,1151.0,28.623,30.89,308.9,1.516502587330777,,,,Sand,,,Sand 3,3,6.04,35.04,-4.59,-33.589999999999996
-27.39,28.84,31.28,0.276,13.3,-13.3,0.8,2.5,0.86307,1152.0,28.643,31.28,312.8,1.512133367848006,,,,Sand,,,Sand 3,3,6.04,35.04,-4.59,-33.589999999999996
-27.41,28.86,31.87,0.277,13.3,-13.3,0.8,2.5,0.8527,1153.0,28.662,31.87,318.7,1.502891304822351,,,,Sand,,,Sand 3,3,6.04,35.04,-4.59,-33.589999999999996
-27.43,28.88,32.33,0.281,13.3,-13.3,0.8,2.6,0.84901,1153.0,28.682,32.33,323.3,1.4974504457368527,,,,Sand,,,Sand 3,3,6.04,35.04,-4.59,-33.589999999999996
-27.45,28.9,33.28,0.288,13.3,-13.3,0.8,2.5,0.85435,1154.0,28.701,33.28,332.8,1.4915165215259554,,,,Sand,,,Sand 3,3,6.04,35.04,-4.59,-33.589999999999996
-27.470000000000002,28.92,34.33,0.293,13.3,-13.3,0.8,2.5,0.85619,1155.0,28.721,34.33,343.3,1.483705966442807,,,,Sand,,,Sand 3,3,6.04,35.04,-4.59,-33.589999999999996
-27.490000000000002,28.94,35.09,0.297,13.3,-13.3,0.8,2.5,0.85656,1156.0,28.74,35.09,350.9,1.4778823782913046,,,,Sand,,,Sand 3,3,6.04,35.04,-4.59,-33.589999999999996
-27.51,28.96,35.71,0.306,13.3,-13.3,0.8,2.5,0.87117,1156.0,28.76,35.71,357.1,1.4788891858604718,,,,Sand,,,Sand 3,3,6.04,35.04,-4.59,-33.589999999999996
-27.53,28.98,35.79,0.315,13.3,-13.3,0.8,2.5,0.88645,1157.0,28.779,35.79,357.9,1.4842200172781794,,,,Sand,,,Sand 3,3,6.04,35.04,-4.59,-33.589999999999996
-27.55,29.0,35.37,0.323,13.3,-13.3,0.8,2.5,0.90013,1158.0,28.799,35.37,353.7,1.4926172118412593,,,,Sand,,,Sand 3,3,6.04,35.04,-4.59,-33.589999999999996
-27.57,29.02,35.49,0.33,13.5,-13.5,0.8,2.5,0.91163,1159.0,28.818,35.49,354.9,1.496053782958335,,,,Sand,,,Sand 3,3,6.04,35.04,-4.59,-33.589999999999996
-27.59,29.04,35.94,0.338,13.5,-13.5,1.0,2.5,0.92685,1160.0,28.837,35.94,359.4,1.4983854328978918,,,,Sand,,,Sand 3,3,6.04,35.04,-4.59,-33.589999999999996
-27.61,29.06,36.56,0.345,13.5,-13.5,0.8,2.5,0.93715,1160.0,28.857,36.56,365.6,1.4976804499770255,,,,Sand,,,Sand 3,3,6.04,35.04,-4.59,-33.589999999999996
-27.63,29.08,37.12,0.348,13.5,-13.5,0.8,2.5,0.93238,1161.0,28.876,37.12,371.2,1.4919239915986149,,,,Sand,,,Sand 3,3,6.04,35.04,-4.59,-33.589999999999996
-27.650000000000002,29.1,37.61,0.353,13.1,-13.1,0.8,2.5,0.9326,1162.0,28.896,37.61,376.1,1.4885755931162596,,,,Sand,,,Sand 3,3,6.04,35.04,-4.59,-33.589999999999996
-27.67,29.12,37.86,0.364,13.5,-13.5,0.8,2.5,0.95017,1163.0,28.915,37.86,378.6,1.4933418273527037,,,,Sand,,,Sand 3,3,6.04,35.04,-4.59,-33.589999999999996
-27.69,29.14,38.56,0.367,13.3,-13.3,0.8,2.5,0.95118,1163.0,28.935,38.56,385.6,1.4889752450468268,,,,Sand,,,Sand 3,3,6.04,35.04,-4.59,-33.589999999999996
-27.71,29.16,39.45,0.371,13.5,-13.5,0.8,2.5,0.95757,1164.0,28.954,39.45,394.5,1.485464398324074,,,,Sand,,,Sand 3,3,6.04,35.04,-4.59,-33.589999999999996
-27.73,29.18,39.71,0.374,13.3,-13.3,1.0,2.5,0.96435,1165.0,28.974,39.71,397.1,1.4862693507147453,,,,Sand,,,Sand 3,3,6.04,35.04,-4.59,-33.589999999999996
-27.75,29.2,39.6,0.379,13.5,-13.5,1.0,2.2,0.97876,1166.0,28.993,39.6,396.0,1.492197232150216,,,,Sand,,,Sand 3,3,6.04,35.04,-4.59,-33.589999999999996
-27.77,29.22,38.76,0.384,13.7,-13.7,1.0,2.4,0.99688,1167.0,29.013,38.76,387.6,1.5041069297667293,,,,Sand,,,Sand 3,3,6.04,35.04,-4.59,-33.589999999999996
-27.79,29.24,38.4,0.385,13.3,-13.3,1.0,2.6,1.0099,1167.0,29.032,38.4,384.0,1.5110482165594175,,,,Sand,,,Sand 3,3,6.04,35.04,-4.59,-33.589999999999996
-27.810000000000002,29.26,37.92,0.384,13.3,-13.3,0.8,2.5,1.0205,1168.0,29.051,37.92,379.2,1.5179252507518701,,,,Sand,,,Sand 3,3,6.04,35.04,-4.59,-33.589999999999996
-27.830000000000002,29.28,37.38,0.381,13.5,-13.5,0.8,2.5,1.0284,1169.0,29.071,37.38,373.8,1.5242964255544103,,,,Sand,,,Sand 3,3,6.04,35.04,-4.59,-33.589999999999996
-27.85,29.3,36.94,0.377,13.5,-13.5,0.8,2.5,1.0328,1170.0,29.09,36.94,369.4,1.5288256655484216,,,,Sand,,,Sand 3,3,6.04,35.04,-4.59,-33.589999999999996
-27.87,29.32,36.27,0.37,13.5,-13.5,0.8,2.0,1.0295,1171.0,29.11,36.27,362.7,1.532413578188297,,,,Sand,,,Sand 3,3,6.04,35.04,-4.59,-33.589999999999996
-27.89,29.34,35.75,0.367,13.5,-13.5,0.8,2.6,1.0389,1172.0,29.129,35.75,357.5,1.5393171984838225,,,,Sand,,,Sand 3,3,6.04,35.04,-4.59,-33.589999999999996
-27.91,29.36,34.95,0.358,13.5,-13.5,0.8,3.1,1.0336,1172.0,29.149,34.95,349.5,1.5434138213589874,,,,Sand,,,Sand 3,3,6.04,35.04,-4.59,-33.589999999999996
-27.93,29.38,34.4,0.353,13.7,-13.7,1.0,2.8,1.0405,1173.0,29.168,34.4,344.0,1.549864870532361,,,,Sand,,,Sand 3,3,6.04,35.04,-4.59,-33.589999999999996
-27.95,29.4,33.9,0.345,13.7,-13.7,0.8,2.5,1.0397,1174.0,29.188,33.9,339.0,1.5534368723898642,,,,Sand,,,Sand 3,3,6.04,35.04,-4.59,-33.589999999999996
-27.970000000000002,29.42,33.02,0.338,13.7,-13.7,0.8,2.6,1.0423,1174.0,29.207,33.02,330.2,1.5612338336591243,,,,Sand,,,Sand 3,3,6.04,35.04,-4.59,-33.589999999999996
-27.990000000000002,29.44,31.87,0.327,13.5,-13.5,0.8,2.4,1.031,1175.0,29.226,31.87,318.7,1.5669324078310396,,,,Sand,,,Sand 3,3,6.04,35.04,-4.59,-33.589999999999996
-28.01,29.46,31.24,0.316,13.7,-13.7,0.8,2.5,1.0184,1176.0,29.246,31.24,312.4,1.5681110159812819,,,,Sand,,,Sand 3,3,6.04,35.04,-4.59,-33.589999999999996
-28.03,29.48,30.32,0.308,13.7,-13.7,0.8,2.5,1.0144,1177.0,29.265,30.32,303.2,1.5748867520305179,,,,Sand,,,Sand 3,3,6.04,35.04,-4.59,-33.589999999999996
-28.05,29.5,29.72,0.295,13.7,-13.7,1.0,2.5,0.99114,1178.0,29.285,29.72,297.2,1.5725444451332595,,,,Sand,,,Sand 3,3,6.04,35.04,-4.59,-33.589999999999996
-28.07,29.52,29.27,0.282,13.7,-13.7,0.8,2.5,0.96414,1178.0,29.304,29.27,292.7,1.567520569310415,,,,Sand,,,Sand 3,3,6.04,35.04,-4.59,-33.589999999999996
-28.09,29.54,28.9,0.273,13.7,-13.7,1.0,2.5,0.94948,1179.0,29.324,28.9,289.0,1.5659691745170343,,,,Sand,,,Sand 3,3,6.04,35.04,-4.59,-33.589999999999996
-28.11,29.56,28.57,0.263,13.7,-13.7,0.8,2.5,0.92908,1180.0,29.343,28.57,285.7,1.5620013558703694,,,,Sand,,,Sand 3,3,6.04,35.04,-4.59,-33.589999999999996
-28.13,29.58,28.22,0.256,13.7,-13.7,1.0,2.5,0.91847,1181.0,29.362,28.22,282.2,1.5616999543174643,,,,Sand,,,Sand 3,3,6.04,35.04,-4.59,-33.589999999999996
-28.150000000000002,29.6,27.75,0.248,13.7,-13.7,1.0,2.6,0.90317,1181.0,29.382,27.75,277.5,1.5609685513314122,,,,Sand,,,Sand 3,3,6.04,35.04,-4.59,-33.589999999999996
-28.17,29.62,27.27,0.238,13.7,-13.7,1.0,2.5,0.87993,1182.0,29.401,27.27,272.7,1.55748087269651,,,,Sand,,,Sand 3,3,6.04,35.04,-4.59,-33.589999999999996
-28.19,29.64,26.76,0.228,13.7,-13.7,0.8,2.5,0.85606,1183.0,29.421,26.76,267.6,1.5540595724869661,,,,Sand,,,Sand 3,3,6.04,35.04,-4.59,-33.589999999999996
-28.21,29.66,26.24,0.22,13.7,-13.7,1.0,2.5,0.83889,1184.0,29.44,26.24,262.4,1.553299132822482,,,,Sand,,,Sand 3,3,6.04,35.04,-4.59,-33.589999999999996
-28.23,29.68,25.96,0.216,13.7,-13.7,1.0,2.5,0.83563,1185.0,29.46,25.96,259.6,1.5552133682349174,,,,Sand,,,Sand 3,3,6.04,35.04,-4.59,-33.589999999999996
-28.25,29.7,25.61,0.211,13.7,-13.7,0.8,2.5,0.82818,1185.0,29.479,25.61,256.1,1.5563746795592115,,,,Sand,,,Sand 3,3,6.04,35.04,-4.59,-33.589999999999996
-28.27,29.72,25.26,0.207,13.7,-13.7,1.0,2.2,0.82478,1186.0,29.498,25.26,252.6,1.5591545420696071,,,,Sand,,,Sand 3,3,6.04,35.04,-4.59,-33.589999999999996
-28.29,29.74,24.95,0.2,13.7,-13.7,1.0,2.3,0.80861,1187.0,29.518,24.95,249.5,1.556590215910773,,,,Sand,,,Sand 3,3,6.04,35.04,-4.59,-33.589999999999996
-28.310000000000002,29.76,24.74,0.191,13.9,-13.9,1.0,2.5,0.78291,1188.0,29.537,24.74,247.4,1.549006868700462,,,,Sand,,,Sand 3,3,6.04,35.04,-4.59,-33.589999999999996
-28.330000000000002,29.78,24.3,0.19,13.9,-13.9,1.0,2.6,0.78642,1189.0,29.557,24.3,243.0,1.5558260919452105,,,,Sand,,,Sand 3,3,6.04,35.04,-4.59,-33.589999999999996
-28.35,29.8,23.72,0.188,13.9,-13.9,1.0,2.5,0.78142,1189.0,29.576,23.72,237.2,1.5611809037424866,,,,Sand,,,Sand 3,3,6.04,35.04,-4.59,-33.589999999999996
-28.37,29.82,23.33,0.186,13.9,-13.9,1.0,2.5,0.76784,1190.0,29.596,23.33,233.3,1.560838016991008,,,,Sand,,,Sand 3,3,6.04,35.04,-4.59,-33.589999999999996
-28.39,29.84,23.26,0.189,13.9,-13.9,1.0,2.2,0.76888,1191.0,29.615,23.26,232.6,1.5621758208696512,,,,Sand,,,Sand 3,3,6.04,35.04,-4.59,-33.589999999999996
-28.41,29.86,23.72,0.189,13.9,-13.9,1.0,2.8,0.75168,1192.0,29.634,23.72,237.2,1.5492134068678298,,,,Sand,,,Sand 3,3,6.04,35.04,-4.59,-33.589999999999996
-28.43,29.88,24.45,0.192,13.9,-13.9,0.8,2.9,0.74178,1192.0,29.654,24.45,244.5,1.5358451919766491,,,,Sand,,,Sand 3,3,6.04,35.04,-4.59,-33.589999999999996
-28.45,29.9,26.27,0.203,13.9,-13.9,1.0,2.6,0.7593,1193.0,29.673,26.27,262.7,1.521362477945846,,,,Sand,,,Sand 3,3,6.04,35.04,-4.59,-33.589999999999996
-28.470000000000002,29.92,27.6,0.209,13.9,-13.9,1.0,2.5,0.75639,1194.0,29.693,27.6,276.0,1.50541369836619,,,,Sand,,,Sand 3,3,6.04,35.04,-4.59,-33.589999999999996
-28.490000000000002,29.94,28.8,0.217,13.9,-13.9,1.0,2.5,0.76097,1195.0,29.712,28.8,288.0,1.494770213985107,,,,Sand,,,Sand 3,3,6.04,35.04,-4.59,-33.589999999999996
-28.51,29.96,29.64,0.229,13.9,-13.9,1.0,2.6,0.77914,1196.0,29.731,29.64,296.4,1.4939665829988569,,,,Sand,,,Sand 3,3,6.04,35.04,-4.59,-33.589999999999996
-28.53,29.98,30.14,0.24,13.9,-13.9,1.0,2.5,0.795,1196.0,29.751,30.14,301.4,1.495666943540679,,,,Sand,,,Sand 3,3,6.04,35.04,-4.59,-33.589999999999996
-28.55,30.0,30.43,0.247,13.9,-13.9,1.0,2.5,0.797,1197.0,29.77,30.43,304.3,1.493734181120855,,,,Sand,,,Sand 3,3,6.04,35.04,-4.59,-33.589999999999996
-28.57,30.02,30.8,0.259,13.9,-13.9,1.0,2.5,0.81546,1198.0,29.79,30.8,308.0,1.4977699027552116,,,,Sand,,,Sand 3,3,6.04,35.04,-4.59,-33.589999999999996
-28.59,30.04,31.45,0.274,13.9,-13.9,0.8,2.5,0.84363,1199.0,29.809,31.45,314.5,1.5030588952185406,,,,Sand,,,Sand 3,3,6.04,35.04,-4.59,-33.589999999999996
-28.61,30.06,32.65,0.278,13.9,-13.9,1.0,2.5,0.83877,1199.0,29.829,32.65,326.5,1.4906637514476548,,,,Sand,,,Sand 3,3,6.04,35.04,-4.59,-33.589999999999996
-28.63,30.08,34.02,0.285,13.9,-13.9,1.0,2.5,0.84326,1200.0,29.848,34.02,340.2,1.4810706485669307,,,,Sand,,,Sand 3,3,6.04,35.04,-4.59,-33.589999999999996
-28.650000000000002,30.1,34.96,0.294,14.1,-14.1,1.0,2.5,0.85344,1201.0,29.867,34.96,349.6,1.4776566477489166,,,,Sand,,,Sand 3,3,6.04,35.04,-4.59,-33.589999999999996
-28.67,30.12,35.38,0.302,13.9,-13.9,1.0,2.5,0.86344,1202.0,29.887,35.38,353.8,1.4783639455844158,,,,Sand,,,Sand 3,3,6.04,35.04,-4.59,-33.589999999999996
-28.69,30.14,35.46,0.307,14.1,-14.1,1.0,2.6,0.87126,1203.0,29.906,35.46,354.6,1.4808185791790143,,,,Sand,,,Sand 3,3,6.04,35.04,-4.59,-33.589999999999996
-28.71,30.16,35.66,0.316,14.1,-14.1,1.0,2.5,0.8969,1203.0,29.926,35.66,356.6,1.4892010074658864,,,,Sand,,,Sand 3,3,6.04,35.04,-4.59,-33.589999999999996
-28.73,30.18,36.01,0.322,14.1,-14.1,1.0,2.5,0.91944,1204.0,29.945,36.01,360.1,1.4951088042639462,,,,Sand,,,Sand 3,3,6.04,35.04,-4.59,-33.589999999999996
-28.75,30.2,35.67,0.322,14.1,-14.1,1.0,2.5,0.9302,1205.0,29.964,35.67,356.7,1.5016262143653691,,,,Sand,,,Sand 3,3,6.04,35.04,-4.59,-33.589999999999996
-28.77,30.22,34.73,0.319,14.1,-14.1,0.8,2.5,0.93572,1206.0,29.984,34.73,347.3,1.5107674155183155,,,,Sand,,,Sand 3,3,6.04,35.04,-4.59,-33.589999999999996
-28.79,30.24,33.99,0.316,14.1,-14.1,1.0,2.5,0.94346,1206.0,30.003,33.99,339.9,1.5193504726315068,,,,Sand,,,Sand 3,3,6.04,35.04,-4.59,-33.589999999999996
-28.810000000000002,30.26,33.27,0.31,14.1,-14.1,1.0,2.3,0.9453,1207.0,30.023,33.27,332.7,1.52577544193653,,,,Sand,,,Sand 3,3,6.04,35.04,-4.59,-33.589999999999996
-28.830000000000002,30.28,32.14,0.308,14.1,-14.1,0.8,2.2,0.95976,1208.0,30.042,32.14,321.4,1.5402842850833116,,,,Sand,,,Sand 3,3,6.04,35.04,-4.59,-33.589999999999996
-28.85,30.3,31.26,0.291,14.1,-14.1,1.0,2.4,0.92502,1209.0,30.061,31.26,312.6,1.5354481389912755,,,,Sand,,,Sand 3,3,6.04,35.04,-4.59,-33.589999999999996
-28.87,30.32,30.88,0.286,14.1,-14.1,1.0,2.7,0.92519,1210.0,30.081,30.88,308.8,1.5388880504437403,,,,Sand,,,Sand 3,3,6.04,35.04,-4.59,-33.589999999999996
-28.89,30.34,30.41,0.279,14.1,-14.1,1.0,2.5,0.91727,1211.0,30.1,30.41,304.1,1.540271466600845,,,,Sand,,,Sand 3,3,6.04,35.04,-4.59,-33.589999999999996
-28.91,30.36,30.05,0.272,14.1,-14.1,1.0,2.5,0.90599,1211.0,30.12,30.05,300.5,1.5394778633167032,,,,Sand,,,Sand 3,3,6.04,35.04,-4.59,-33.589999999999996
-28.93,30.38,29.67,0.265,14.1,-14.1,1.0,2.4,0.89211,1212.0,30.139,29.67,296.7,1.5379367760615343,,,,Sand,,,Sand 3,3,6.04,35.04,-4.59,-33.589999999999996
-28.95,30.4,29.62,0.26,14.1,-14.1,0.8,2.1,0.88465,1213.0,30.158,29.62,296.2,1.5356393114517306,,,,Sand,,,Sand 3,3,6.04,35.04,-4.59,-33.589999999999996
-28.970000000000002,30.42,29.3,0.253,14.3,-14.3,0.8,3.1,0.86938,1214.0,30.178,29.3,293.0,1.5329845310093886,,,,Sand,,,Sand 3,3,6.04,35.04,-4.59,-33.589999999999996
-28.990000000000002,30.44,28.99,0.246,14.3,-14.3,1.0,2.8,0.85383,1214.0,30.197,28.99,289.9,1.530104500766744,,,,Sand,,,Sand 3,3,6.04,35.04,-4.59,-33.589999999999996
-29.01,30.46,28.72,0.241,14.3,-14.3,1.0,2.5,0.84506,1215.0,30.216,28.72,287.2,1.5294187713187177,,,,Sand,,,Sand 3,3,6.04,35.04,-4.59,-33.589999999999996
-29.03,30.48,28.36,0.237,14.3,-14.3,1.0,2.5,0.84035,1216.0,30.236,28.36,283.6,1.531233418212728,,,,Sand,,,Sand 3,3,6.04,35.04,-4.59,-33.589999999999996
-29.05,30.5,28.1,0.232,14.3,-14.3,0.8,2.6,0.83169,1217.0,30.255,28.1,281.0,1.5305400864283578,,,,Sand,,,Sand 3,3,6.04,35.04,-4.59,-33.589999999999996
-29.07,30.52,27.73,0.229,14.3,-14.3,1.0,2.4,0.82937,1217.0,30.275,27.73,277.3,1.5334861301139016,,,,Sand,,,Sand 3,3,6.04,35.04,-4.59,-33.589999999999996
-29.09,30.54,27.33,0.22,14.3,-14.3,1.0,2.5,0.80387,1218.0,30.294,27.33,273.3,1.5277031070537297,,,,Sand,,,Sand 3,3,6.04,35.04,-4.59,-33.589999999999996
-29.11,30.56,27.09,0.218,14.3,-14.3,0.8,2.5,0.80073,1219.0,30.313,27.09,270.9,1.529047473739959,,,,Sand,,,Sand 3,3,6.04,35.04,-4.59,-33.589999999999996
-29.13,30.58,26.84,0.214,14.3,-14.3,1.0,2.5,0.78745,1220.0,30.333,26.84,268.4,1.5264624514923744,,,,Sand,,,Sand 3,3,6.04,35.04,-4.59,-33.589999999999996
-29.150000000000002,30.6,26.72,0.208,14.3,-14.3,1.0,2.5,0.7618,1221.0,30.352,26.72,267.2,1.5173146356614555,,,,Sand,,,Sand 3,3,6.04,35.04,-4.59,-33.589999999999996
-29.17,30.62,26.77,0.207,14.3,-14.3,1.0,2.5,0.74858,1221.0,30.372,26.77,267.7,1.5112426012104898,,,,Sand,,,Sand 3,3,6.04,35.04,-4.59,-33.589999999999996
-29.19,30.64,27.22,0.208,14.3,-14.3,1.0,2.5,0.73893,1222.0,30.391,27.22,272.2,1.50216967909584,,,,Sand,,,Sand 3,3,6.04,35.04,-4.59,-33.589999999999996
-29.21,30.66,27.71,0.213,14.5,-14.5,0.8,2.5,0.74071,1223.0,30.41,27.71,277.1,1.4976010567431781,,,,Sand,,,Sand 3,3,6.04,35.04,-4.59,-33.589999999999996
-29.23,30.68,28.75,0.214,14.3,-14.3,1.0,2.6,0.72712,1224.0,30.43,28.75,287.5,1.4807853103155277,,,,Sand,,,Sand 3,3,6.04,35.04,-4.59,-33.589999999999996
-29.25,30.7,30.12,0.228,14.3,-14.3,1.0,2.4,0.7565,1225.0,30.449,30.12,301.2,1.4797802354488265,,,,Sand,,,Sand 3,3,6.04,35.04,-4.59,-33.589999999999996
-29.27,30.72,31.06,0.237,14.5,-14.5,0.8,2.5,0.76992,1225.0,30.468,31.06,310.6,1.476587914872491,,,,Sand,,,Sand 3,3,6.04,35.04,-4.59,-33.589999999999996
-29.29,30.74,31.7,0.242,14.5,-14.5,0.8,2.5,0.77372,1226.0,30.488,31.7,317.0,1.4723465102581643,,,,Sand,,,Sand 3,3,6.04,35.04,-4.59,-33.589999999999996
-29.310000000000002,30.76,32.12,0.251,14.3,-14.3,1.0,2.5,0.79487,1227.0,30.507,32.12,321.2,1.477452108298503,,,,Sand,,,Sand 3,3,6.04,35.04,-4.59,-33.589999999999996
-29.330000000000002,30.78,32.43,0.26,14.5,-14.5,0.8,2.5,0.82181,1228.0,30.526,32.43,324.3,1.4857620719569142,,,,Sand,,,Sand 3,3,6.04,35.04,-4.59,-33.589999999999996
-29.35,30.8,32.37,0.266,14.5,-14.5,0.8,2.4,0.84314,1228.0,30.546,32.37,323.7,1.4947950177148268,,,,Sand,,,Sand 3,3,6.04,35.04,-4.59,-33.589999999999996
-29.37,30.82,31.67,0.272,14.5,-14.5,1.0,2.2,0.86686,1229.0,30.565,31.67,316.7,1.5101287955568021,,,,Sand,,,Sand 3,3,6.04,35.04,-4.59,-33.589999999999996
-29.39,30.84,31.15,0.27,14.5,-14.5,0.8,2.3,0.86639,1230.0,30.585,31.15,311.5,1.514574054439595,,,,Sand,,,Sand 3,3,6.04,35.04,-4.59,-33.589999999999996
-29.41,30.86,30.6,0.271,14.5,-14.5,0.8,2.7,0.87515,1231.0,30.604,30.6,306.0,1.522905131782619,,,,Sand,,,Sand 3,3,6.04,35.04,-4.59,-33.589999999999996
-29.43,30.88,30.35,0.27,14.5,-14.5,1.0,2.5,0.87605,1232.0,30.623,30.35,303.5,1.525550350640687,,,,Sand,,,Sand 3,3,6.04,35.04,-4.59,-33.589999999999996
-29.45,30.9,30.33,0.267,14.5,-14.5,0.8,2.5,0.86548,1232.0,30.643,30.33,303.3,1.5217227020109003,,,,Sand,,,Sand 3,3,6.04,35.04,-4.59,-33.589999999999996
-29.470000000000002,30.92,30.41,0.263,14.5,-14.5,0.8,2.4,0.84566,1233.0,30.662,30.41,304.1,1.5133389457596866,,,,Sand,,,Sand 3,3,6.04,35.04,-4.59,-33.589999999999996
-29.490000000000002,30.94,30.85,0.263,14.5,-14.5,0.8,2.1,0.83307,1234.0,30.681,30.85,308.5,1.5043319774173938,,,,Sand,,,Sand 3,3,6.04,35.04,-4.59,-33.589999999999996
-29.51,30.96,31.2,0.268,14.5,-14.5,1.0,3.1,0.82979,1235.0,30.701,31.2,312.0,1.4998409280829845,,,,Sand,,,Sand 3,3,6.04,35.04,-4.59,-33.589999999999996
-29.53,30.98,31.91,0.272,14.5,-14.5,1.0,2.8,0.81993,1236.0,30.72,31.91,319.1,1.4895459709095042,,,,Sand,,,Sand 3,3,6.04,35.04,-4.59,-33.589999999999996
-29.55,31.0,33.15,0.279,14.5,-14.5,1.0,2.5,0.81812,1236.0,30.739,33.15,331.5,1.4781258062215232,,,,Sand,,,Sand 3,3,6.04,35.04,-4.59,-33.589999999999996
-29.57,31.02,34.36,0.289,14.5,-14.5,0.8,2.5,0.82563,1237.0,30.759,34.36,343.6,1.471236861463077,,,,Sand,,,Sand 3,3,6.04,35.04,-4.59,-33.589999999999996
-29.59,31.04,36.17,0.296,14.7,-14.6,1.0,2.6,0.82589,1238.0,30.778,36.17,361.7,1.4572921970925894,,,,Sand,,,Sand 3,3,6.04,35.04,-4.59,-33.589999999999996
-29.61,31.06,37.34,0.307,14.5,-14.5,1.0,2.5,0.83934,1239.0,30.798,37.34,373.4,1.4541956296270047,,,,Sand,,,Sand 3,3,6.04,35.04,-4.59,-33.589999999999996
-29.63,31.08,37.84,0.318,14.5,-14.5,0.8,2.5,0.85625,1239.0,30.817,37.84,378.4,1.4574770316919126,,,,Sand,,,Sand 3,3,6.04,35.04,-4.59,-33.589999999999996
-29.650000000000002,31.1,38.06,0.329,14.7,-14.6,1.0,2.5,0.87698,1240.0,30.836,38.06,380.6,1.464175809600107,,,,Sand,,,Sand 3,3,6.04,35.04,-4.59,-33.589999999999996
-29.67,31.12,37.89,0.341,14.5,-14.5,0.8,2.5,0.90625,1241.0,30.856,37.89,378.9,1.476699454527868,,,,Sand,,,Sand 3,3,6.04,35.04,-4.59,-33.589999999999996
-29.69,31.14,37.8,0.345,14.7,-14.6,0.8,2.5,0.91908,1242.0,30.875,37.8,378.0,1.4821929553306974,,,,Sand,,,Sand 3,3,6.04,35.04,-4.59,-33.589999999999996
-29.71,31.16,37.65,0.347,14.7,-14.6,1.0,2.5,0.93005,1243.0,30.894,37.65,376.5,1.4873478033942826,,,,Sand,,,Sand 3,3,6.04,35.04,-4.59,-33.589999999999996
-29.73,31.18,37.37,0.348,14.5,-14.5,0.8,2.5,0.94204,1243.0,30.914,37.37,373.7,1.493742410072803,,,,Sand,,,Sand 3,3,6.04,35.04,-4.59,-33.589999999999996
-29.75,31.2,37.07,0.346,15.1,-15.0,0.8,2.5,0.94665,1244.0,30.933,37.07,370.7,1.497541143011213,,,,Sand,,,Sand 3,3,6.04,35.04,-4.59,-33.589999999999996
-29.77,31.22,36.62,0.352,15.1,-15.0,1.0,2.6,0.97369,1245.0,30.952,36.62,366.2,1.5105055640508724,,,,Sand,,,Sand 3,3,6.04,35.04,-4.59,-33.589999999999996
-29.79,31.24,36.02,0.345,14.5,-14.5,0.8,2.5,0.96683,1246.0,30.972,36.02,360.2,1.512372739414748,,,,Sand,,,Sand 3,3,6.04,35.04,-4.59,-33.589999999999996
-29.810000000000002,31.26,35.11,0.338,14.9,-14.8,0.8,2.5,0.96152,1246.0,30.991,35.11,351.1,1.5172135235273425,,,,Sand,,,Sand 3,3,6.04,35.04,-4.59,-33.589999999999996
-29.830000000000002,31.28,34.76,0.329,14.7,-14.6,1.0,2.5,0.95149,1247.0,31.01,34.76,347.6,1.516266959412259,,,,Sand,,,Sand 3,3,6.04,35.04,-4.59,-33.589999999999996
-29.85,31.3,34.61,0.322,14.7,-14.6,1.0,2.5,0.94688,1248.0,31.03,34.61,346.1,1.515753032176982,,,,Sand,,,Sand 3,3,6.04,35.04,-4.59,-33.589999999999996
-29.87,31.32,33.91,0.315,14.9,-14.8,0.8,2.5,0.94149,1249.0,31.049,33.91,339.1,1.5192695007045554,,,,Sand,,,Sand 3,3,6.04,35.04,-4.59,-33.589999999999996
-29.89,31.34,33.12,0.307,14.9,-14.8,1.0,2.1,0.93062,1250.0,31.068,33.12,331.2,1.5216793881551345,,,,Sand,,,Sand 3,3,6.04,35.04,-4.59,-33.589999999999996
-29.91,31.36,32.47,0.297,14.9,-14.8,0.8,2.4,0.913,1251.0,31.088,32.47,324.7,1.5206141718496777,,,,Sand,,,Sand 3,3,6.04,35.04,-4.59,-33.589999999999996
-29.93,31.38,32.05,0.293,14.9,-14.8,0.8,2.5,0.9138,1251.0,31.107,32.05,320.49999999999994,1.524479264385497,,,,Sand,,,Sand 3,3,6.04,35.04,-4.59,-33.589999999999996
-29.95,31.4,31.63,0.285,14.7,-14.6,1.0,2.5,0.90047,1252.0,31.126,31.63,316.3,1.523182718233053,,,,Sand,,,Sand 3,3,6.04,35.04,-4.59,-33.589999999999996
-29.970000000000002,31.42,31.36,0.279,14.9,-14.8,0.8,2.5,0.89145,1253.0,31.146,31.36,313.6,1.5221926791973133,,,,Sand,,,Sand 3,3,6.04,35.04,-4.59,-33.589999999999996
-29.990000000000002,31.44,31.09,0.276,14.9,-14.8,0.8,2.5,0.8905,1254.0,31.165,31.09,310.9,1.5242420308735194,,,,Sand,,,Sand 3,3,6.04,35.04,-4.59,-33.589999999999996
-30.01,31.46,30.88,0.272,14.9,-14.8,1.0,2.0,0.88531,1255.0,31.184,30.88,308.8,1.5241864107499254,,,,Sand,,,Sand 3,3,6.04,35.04,-4.59,-33.589999999999996
-30.03,31.48,30.6,0.268,14.9,-14.8,0.8,3.0,0.87959,1255.0,31.204,30.6,306.0,1.5245828571305813,,,,Sand,,,Sand 3,3,6.04,35.04,-4.59,-33.589999999999996
-30.05,31.5,30.3,0.261,14.9,-14.8,1.0,3.1,0.86402,1256.0,31.223,30.3,303.0,1.5214443684353354,,,,Sand,,,Sand 3,3,6.04,35.04,-4.59,-33.589999999999996
-30.07,31.52,30.04,0.259,14.9,-14.8,1.0,2.9,0.86409,1257.0,31.242,30.04,300.4,1.5239055431494113,,,,Sand,,,Sand 3,3,6.04,35.04,-4.59,-33.589999999999996
-30.09,31.54,29.89,0.258,15.1,-15.0,1.0,2.6,0.86712,1257.0,31.262,29.89,298.9,1.5264750724224878,,,,Sand,,,Sand 3,3,6.04,35.04,-4.59,-33.589999999999996
-30.11,31.56,29.59,0.252,14.9,-14.8,1.0,2.5,0.85272,1258.0,31.281,29.59,295.9,1.5238329515227105,,,,Sand,,,Sand 3,3,6.04,35.04,-4.59,-33.589999999999996
-30.13,31.58,29.27,0.249,14.9,-14.8,0.8,2.5,0.84755,1259.0,31.3,29.27,292.7,1.5249429408856237,,,,Sand,,,Sand 3,3,6.04,35.04,-4.59,-33.589999999999996
-30.150000000000002,31.6,29.22,0.251,15.1,-15.0,0.8,2.5,0.85904,1260.0,31.32,29.22,292.2,1.529838270495123,,,,Sand,,,Sand 3,3,6.04,35.04,-4.59,-33.589999999999996
-30.17,31.62,29.12,0.249,15.1,-15.0,1.0,2.5,0.85747,1260.0,31.339,29.12,291.2,1.5302172753305379,,,,Sand,,,Sand 3,3,6.04,35.04,-4.59,-33.589999999999996
-30.19,31.64,28.99,0.244,15.1,-15.0,0.8,2.5,0.84542,1261.0,31.358,28.99,289.9,1.5268722999133335,,,,Sand,,,Sand 3,3,6.04,35.04,-4.59,-33.589999999999996
-30.21,31.66,28.91,0.241,15.1,-15.0,0.8,2.5,0.8391,1262.0,31.378,28.91,289.1,1.5252192569850065,,,,Sand,,,Sand 3,3,6.04,35.04,-4.59,-33.589999999999996
-30.23,31.68,28.76,0.238,15.1,-15.0,0.8,2.5,0.83177,1263.0,31.397,28.76,287.6,1.5238619822877062,,,,Sand,,,Sand 3,3,6.04,35.04,-4.59,-33.589999999999996
-30.25,31.7,28.45,0.235,15.1,-15.0,0.8,2.5,0.8224,1264.0,31.416,28.45,284.5,1.5233195594808753,,,,Sand,,,Sand 3,3,6.04,35.04,-4.59,-33.589999999999996
-30.27,31.72,28.17,0.232,15.1,-15.0,0.8,2.5,0.81027,1264.0,31.435,28.17,281.7,1.5213941014088053,,,,Sand,,,Sand 3,3,6.04,35.04,-4.59,-33.589999999999996
-30.29,31.74,28.15,0.24,15.1,-15.0,1.0,2.5,0.83427,1265.0,31.455,28.15,281.5,1.5310274831436472,,,,Sand,,,Sand 3,3,6.04,35.04,-4.59,-33.589999999999996
-30.310000000000002,31.76,28.36,0.243,15.1,-15.0,0.8,2.6,0.8396,1266.0,31.474,28.36,283.6,1.5309436130897938,,,,Sand,,,Sand 3,3,6.04,35.04,-4.59,-33.589999999999996
-30.330000000000002,31.78,28.81,0.243,15.1,-15.0,0.8,2.5,0.8338,1267.0,31.493,28.81,288.1,1.5241538851114902,,,,Sand,,,Sand 3,3,6.04,35.04,-4.59,-33.589999999999996
-30.35,31.8,29.45,0.242,15.1,-15.0,1.0,2.6,0.8232,1267.0,31.513,29.45,294.5,1.513671914585321,,,,Sand,,,Sand 3,3,6.04,35.04,-4.59,-33.589999999999996
-30.37,31.82,29.99,0.241,15.3,-15.2,0.8,2.5,0.81258,1268.0,31.532,29.99,299.9,1.5042251190147748,,,,Sand,,,Sand 3,3,6.04,35.04,-4.59,-33.589999999999996
-30.39,31.84,30.16,0.242,15.1,-15.0,1.0,2.5,0.80926,1269.0,31.551,30.16,301.6,1.5012691230889927,,,,Sand,,,Sand 3,3,6.04,35.04,-4.59,-33.589999999999996
-30.41,31.86,30.06,0.239,15.1,-15.0,0.8,2.5,0.79418,1270.0,31.571,30.06,300.6,1.4960963594331884,,,,Sand,,,Sand 3,3,6.04,35.04,-4.59,-33.589999999999996
-30.43,31.88,30.2,0.236,15.3,-15.2,0.8,1.9,0.78353,1271.0,31.59,30.2,302.0,1.4903711613621333,,,,Sand,,,Sand 3,3,6.04,35.04,-4.59,-33.589999999999996
-30.45,31.9,30.24,0.233,15.3,-15.2,0.8,2.1,0.77418,1272.0,31.609,30.24,302.4,1.4860951737485766,,,,Sand,,,Sand 3,3,6.04,35.04,-4.59,-33.589999999999996
-30.470000000000002,31.92,30.32,0.238,15.3,-15.2,0.8,2.1,0.79201,1273.0,31.628,30.32,303.2,1.492728200682105,,,,Sand,,,Sand 3,3,6.04,35.04,-4.59,-33.589999999999996
-30.490000000000002,31.94,30.33,0.241,15.3,-15.2,0.8,2.4,0.80303,1273.0,31.648,30.33,303.3,1.4971364962301872,,,,Sand,,,Sand 3,3,6.04,35.04,-4.59,-33.589999999999996
-30.51,31.96,29.66,0.242,15.3,-15.2,0.8,0.0,0.80784,1296.0,31.667,29.66,296.6,1.5054982141477677,,,,Sand,,,Sand 3,3,6.04,35.04,-4.59,-33.589999999999996
-30.53,31.98,29.8,0.242,15.3,-15.2,0.8,2.8,0.80913,1297.0,31.686,29.8,298.0,1.504662933124336,,,,Sand,,,Sand 3,3,6.04,35.04,-4.59,-33.589999999999996
-30.55,32.0,29.79,0.241,15.3,-15.2,0.8,2.5,0.80707,1298.0,31.706,29.79,297.9,1.503929660852596,,,,Sand,,,Sand 3,3,6.04,35.04,-4.59,-33.589999999999996
-30.570000000000004,32.02,29.75,0.244,15.3,-15.2,0.8,2.5,0.8179,1299.0,31.725,29.75,297.5,1.5086576750431864,,,,Sand,,,Sand 3,3,6.04,35.04,-4.59,-33.589999999999996
-30.59,32.04,29.76,0.248,15.3,-15.2,0.8,2.5,0.82867,1299.0,31.744,29.76,297.6,1.5128317980839308,,,,Sand,,,Sand 3,3,6.04,35.04,-4.59,-33.589999999999996
-30.610000000000003,32.06,29.86,0.25,15.3,-15.2,0.8,2.5,0.83212,1300.0,31.763,29.86,298.6,1.5132317481524145,,,,Sand,,,Sand 3,3,6.04,35.04,-4.59,-33.589999999999996
-30.63,32.08,29.94,0.251,15.3,-15.2,0.8,2.5,0.83003,1301.0,31.783,29.94,299.4,1.511644850544824,,,,Sand,,,Sand 3,3,6.04,35.04,-4.59,-33.589999999999996
-30.650000000000002,32.1,30.1,0.253,15.3,-15.2,0.8,2.5,0.82744,1302.0,31.802,30.1,301.0,1.5091006472928468,,,,Sand,,,Sand 3,3,6.04,35.04,-4.59,-33.589999999999996
-30.669999999999998,32.12,30.42,0.262,15.3,-15.2,0.8,2.6,0.84349,1302.0,31.821,30.42,304.2,1.5124000694439708,,,,Sand,,,Sand 3,3,6.04,35.04,-4.59,-33.589999999999996
-30.69,32.14,30.73,0.268,15.3,-15.2,0.8,2.4,0.848,1303.0,31.841,30.73,307.3,1.5112896335548744,,,,Sand,,,Sand 3,3,6.04,35.04,-4.59,-33.589999999999996
-30.709999999999997,32.16,31.36,0.272,15.3,-15.2,0.8,2.5,0.8464,1304.0,31.86,31.36,313.6,1.5049496574437944,,,,Sand,,,Sand 3,3,6.04,35.04,-4.59,-33.589999999999996
-30.73,32.18,32.44,0.276,15.5,-15.4,1.0,2.5,0.84581,1305.0,31.879,32.44,324.4,1.4952460860924528,,,,Sand,,,Sand 3,3,6.04,35.04,-4.59,-33.589999999999996
-30.750000000000004,32.2,33.64,0.282,15.3,-15.2,0.8,2.5,0.85322,1306.0,31.899,33.64,336.4,1.4881068902997898,,,,Sand,,,Sand 3,3,6.04,35.04,-4.59,-33.589999999999996
-30.77,32.22,34.2,0.286,15.4,-15.4,0.8,2.5,0.85648,1306.0,31.918,34.2,342.0,1.4848582872962357,,,,Sand,,,Sand 3,3,6.04,35.04,-4.59,-33.589999999999996
-30.790000000000003,32.24,34.2,0.288,15.5,-15.4,1.0,2.5,0.85631,1307.0,31.937,34.2,342.0,1.4847913619796946,,,,Sand,,,Sand 3,3,6.04,35.04,-4.59,-33.589999999999996
-30.81,32.26,34.06,0.292,15.4,-15.4,0.8,2.5,0.86512,1308.0,31.956,34.06,340.6,1.4893659030945032,,,,Sand,,,Sand 3,3,6.04,35.04,-4.59,-33.589999999999996
-30.830000000000002,32.28,33.78,0.295,15.5,-15.4,1.0,2.5,0.87362,1309.0,31.976,33.78,337.8,1.4949219946842227,,,,Sand,,,Sand 3,3,6.04,35.04,-4.59,-33.589999999999996
-30.849999999999998,32.3,33.46,0.298,15.5,-15.4,1.0,2.6,0.88319,1309.0,31.995,33.46,334.6,1.5012006758230856,,,,Sand,,,Sand 3,3,6.04,35.04,-4.59,-33.589999999999996
-30.87,32.32,33.28,0.291,15.4,-15.4,0.8,2.5,0.86283,1310.0,32.014,33.28,332.8,1.494830965860684,,,,Sand,,,Sand 3,3,6.04,35.04,-4.59,-33.589999999999996
-30.890000000000004,32.34,33.4,0.288,15.6,-15.6,0.8,2.5,0.85242,1311.0,32.033,33.4,334.0,1.4897649234855306,,,,Sand,,,Sand 3,3,6.04,35.04,-4.59,-33.589999999999996
-30.91,32.36,33.76,0.294,15.7,-15.6,1.0,2.5,0.86735,1312.0,32.053,33.76,337.6,1.4926554181239489,,,,Sand,,,Sand 3,3,6.04,35.04,-4.59,-33.589999999999996
-30.930000000000003,32.38,33.99,0.301,15.3,-15.2,0.8,2.2,0.88497,1313.0,32.072,33.99,339.9,1.4975926928810357,,,,Sand,,,Sand 3,3,6.04,35.04,-4.59,-33.589999999999996
-30.95,32.4,34.08,0.303,15.3,-15.2,0.8,2.3,0.89033,1314.0,32.091,34.08,340.8,1.4989184717103907,,,,Sand,,,Sand 3,3,6.04,35.04,-4.59,-33.589999999999996
-30.970000000000002,32.42,34.54,0.298,15.6,-15.6,0.8,2.4,0.87796,1314.0,32.111,34.54,345.4,1.4905357163475876,,,,Sand,,,Sand 3,3,6.04,35.04,-4.59,-33.589999999999996
-30.99,32.44,34.66,0.298,15.4,-15.4,0.8,2.6,0.88463,1315.0,32.13,34.66,346.6,1.4921634259447165,,,,Sand,,,Sand 3,3,6.04,35.04,-4.59,-33.589999999999996
-31.01,32.46,34.39,0.298,15.7,-15.6,1.0,2.5,0.89372,1316.0,32.149,34.39,343.9,1.4977522430997754,,,,Sand,,,Sand 3,3,6.04,35.04,-4.59,-33.589999999999996
-31.029999999999998,32.48,33.44,0.298,15.6,-15.6,0.8,2.6,0.90371,1317.0,32.168,33.44,334.4,1.5091244833325856,,,,Sand,,,Sand 3,3,6.04,35.04,-4.59,-33.589999999999996
-31.05,32.5,32.68,0.297,15.6,-15.6,0.8,2.2,0.91206,1317.0,32.188,32.68,326.8,1.5185032271153522,,,,Sand,,,Sand 3,3,6.04,35.04,-4.59,-33.589999999999996
-31.070000000000004,32.52,31.71,0.303,15.8,-15.8,0.8,2.2,0.94242,1318.0,32.207,31.71,317.1,1.5377908288194262,,,,Sand,,,Sand 3,3,6.04,35.04,-4.59,-33.589999999999996
-31.09,32.54,31.25,0.294,15.6,-15.6,0.8,3.1,0.92584,1319.0,32.226,31.25,312.5,1.535833655511509,,,,Sand,,,Sand 3,3,6.04,35.04,-4.59,-33.589999999999996
-31.110000000000003,32.56,31.13,0.291,15.6,-15.6,0.8,3.0,0.92249,1320.0,32.245,31.13,311.3,1.5356800391178431,,,,Sand,,,Sand 3,3,6.04,35.04,-4.59,-33.589999999999996
-31.13,32.58,31.25,0.291,15.6,-15.6,0.8,2.7,0.9244,1320.0,32.265,31.25,312.5,1.5353114569823887,,,,Sand,,,Sand 3,3,6.04,35.04,-4.59,-33.589999999999996
-31.150000000000002,32.6,31.36,0.29,15.6,-15.6,0.8,2.5,0.91976,1321.0,32.284,31.36,313.6,1.532654218536659,,,,Sand,,,Sand 3,3,6.04,35.04,-4.59,-33.589999999999996
-31.169999999999998,32.62,31.22,0.286,15.6,-15.6,0.8,2.5,0.90438,1322.0,32.303,31.22,312.2,1.528244982177765,,,,Sand,,,Sand 3,3,6.04,35.04,-4.59,-33.589999999999996
-31.19,32.64,31.76,0.285,15.6,-15.6,0.8,2.5,0.89789,1323.0,32.322,31.76,317.6,1.5210877365527828,,,,Sand,,,Sand 3,3,6.04,35.04,-4.59,-33.589999999999996
-31.209999999999997,32.66,32.16,0.287,15.6,-15.6,0.8,2.6,0.90025,1323.0,32.342,32.16,321.59999999999997,1.518515448686416,,,,Sand,,,Sand 3,3,6.04,35.04,-4.59,-33.589999999999996
-31.23,32.68,32.11,0.285,15.6,-15.6,0.8,2.5,0.88934,1324.0,32.361,32.11,321.1,1.5148536176363427,,,,Sand,,,Sand 3,3,6.04,35.04,-4.59,-33.589999999999996
-31.250000000000004,32.7,32.0,0.283,15.8,-15.8,0.8,2.5,0.87698,1325.0,32.38,32.0,320.0,1.5111189832136307,,,,Sand,,,Sand 3,3,6.04,35.04,-4.59,-33.589999999999996
-31.27,32.72,32.07,0.285,15.8,-15.8,0.8,2.5,0.87753,1326.0,32.399,32.07,320.7,1.5107228838711917,,,,Sand,,,Sand 3,3,6.04,35.04,-4.59,-33.589999999999996
-31.290000000000003,32.74,32.36,0.286,15.8,-15.8,0.8,2.5,0.87482,1327.0,32.419,32.36,323.6,1.507195650270869,,,,Sand,,,Sand 3,3,6.04,35.04,-4.59,-33.589999999999996
-31.31,32.76,32.69,0.288,15.8,-15.8,0.8,2.5,0.87375,1327.0,32.438,32.69,326.9,1.5039823955787295,,,,Sand,,,Sand 3,3,6.04,35.04,-4.59,-33.589999999999996
-31.330000000000002,32.78,33.01,0.289,15.8,-15.8,0.8,2.5,0.86875,1328.0,32.457,33.01,330.1,1.4993707135437335,,,,Sand,,,Sand 3,3,6.04,35.04,-4.59,-33.589999999999996
-31.349999999999998,32.8,33.42,0.288,15.8,-15.8,0.8,2.5,0.85727,1329.0,32.476,33.42,334.2,1.4915039605381144,,,,Sand,,,Sand 3,3,6.04,35.04,-4.59,-33.589999999999996
-31.37,32.82,33.88,0.292,15.8,-15.8,0.8,2.5,0.86085,1330.0,32.496,33.88,338.8,1.489148716860667,,,,Sand,,,Sand 3,3,6.04,35.04,-4.59,-33.589999999999996
-31.390000000000004,32.84,34.26,0.292,15.8,-15.8,0.8,2.6,0.85312,1330.0,32.515,34.26,342.6,1.4830532656460114,,,,Sand,,,Sand 3,3,6.04,35.04,-4.59,-33.589999999999996
-31.41,32.86,34.44,0.299,15.8,-15.8,0.8,2.5,0.8661,1331.0,32.534,34.44,344.4,1.4867195241691187,,,,Sand,,,Sand 3,3,6.04,35.04,-4.59,-33.589999999999996
-31.430000000000003,32.88,34.7,0.304,15.8,-15.8,0.8,2.5,0.87463,1332.0,32.553,34.7,347.0,1.4879929943982297,,,,Sand,,,Sand 3,3,6.04,35.04,-4.59,-33.589999999999996
-31.45,32.9,34.96,0.309,16.0,-16.0,0.8,2.5,0.88485,1333.0,32.573,34.96,349.6,1.4899176818816637,,,,Sand,,,Sand 3,3,6.04,35.04,-4.59,-33.589999999999996
-31.470000000000002,32.92,35.15,0.311,15.8,-15.8,0.8,2.4,0.88813,1334.0,32.592,35.15,351.5,1.4897152150974482,,,,Sand,,,Sand 3,3,6.04,35.04,-4.59,-33.589999999999996
-31.49,32.94,35.37,0.312,15.8,-15.8,0.8,2.2,0.89016,1335.0,32.611,35.37,353.7,1.4888146061685572,,,,Sand,,,Sand 3,3,6.04,35.04,-4.59,-33.589999999999996
-31.51,32.96,35.3,0.308,16.0,-16.0,0.8,2.4,0.88075,1335.0,32.63,35.3,353.0,1.4857258140559235,,,,Sand,,,Sand 3,3,6.04,35.04,-4.59,-33.589999999999996
-31.529999999999998,32.98,35.19,0.306,15.8,-15.8,0.8,2.6,0.88048,1336.0,32.65,35.19,351.9,1.486463209700912,,,,Sand,,,Sand 3,3,6.04,35.04,-4.59,-33.589999999999996
-31.55,33.0,35.03,0.306,16.0,-16.0,0.8,2.5,0.88808,1337.0,32.669,35.03,350.3,1.4906177730071986,,,,Sand,,,Sand 3,3,6.04,35.04,-4.59,-33.589999999999996
-31.570000000000004,33.02,34.7,0.304,15.8,-15.8,0.8,2.6,0.89231,1338.0,32.688,34.7,347.0,1.494789092170223,,,,Sand,,,Sand 3,3,6.04,35.04,-4.59,-33.589999999999996
-31.59,33.04,34.06,0.304,16.0,-16.0,0.8,2.4,0.90375,1338.0,32.707,34.06,340.6,1.5041524977782694,,,,Sand,,,Sand 3,3,6.04,35.04,-4.59,-33.589999999999996
-31.610000000000003,33.06,33.23,0.303,15.8,-15.8,0.8,2.0,0.91351,1339.0,32.727,33.23,332.3,1.5144895523284658,,,,Sand,,,Sand 3,3,6.04,35.04,-4.59,-33.589999999999996
-31.63,33.08,32.77,0.299,16.0,-16.0,0.8,3.2,0.91486,1340.0,32.746,32.77,327.7,1.5187870187588832,,,,Sand,,,Sand 3,3,6.04,35.04,-4.59,-33.589999999999996
-31.650000000000002,33.1,32.27,0.295,16.0,-16.0,0.8,3.0,0.91462,1341.0,32.765,32.27,322.70000000000005,1.5229041354459831,,,,Sand,,,Sand 3,3,6.04,35.04,-4.59,-33.589999999999996
-31.669999999999998,33.12,31.85,0.29,16.0,-16.0,0.8,2.7,0.90852,1341.0,32.784,31.85,318.5,1.524253763989874,,,,Sand,,,Sand 3,3,6.04,35.04,-4.59,-33.589999999999996
-31.69,33.14,31.44,0.283,16.0,-16.0,0.8,2.5,0.89222,1342.0,32.803,31.44,314.4,1.5217735740234482,,,,Sand,,,Sand 3,3,6.04,35.04,-4.59,-33.589999999999996
-31.709999999999997,33.16,31.14,0.275,16.2,-16.2,0.8,2.5,0.86984,1343.0,32.823,31.14,311.4,1.5159835768837395,,,,Sand,,,Sand 3,3,6.04,35.04,-4.59,-33.589999999999996
-31.73,33.18,31.27,0.271,16.0,-16.0,0.8,2.5,0.85671,1344.0,32.842,31.27,312.7,1.5097686915400175,,,,Sand,,,Sand 3,3,6.04,35.04,-4.59,-33.589999999999996
-31.750000000000004,33.2,31.39,0.271,16.0,-16.0,0.8,2.6,0.85331,1345.0,32.861,31.39,313.9,1.5073758951297431,,,,Sand,,,Sand 3,3,6.04,35.04,-4.59,-33.589999999999996
-31.77,33.22,31.62,0.263,16.0,-16.0,0.8,2.5,0.82165,1345.0,32.88,31.62,316.2,1.4928121956608356,,,,Sand,,,Sand 3,3,6.04,35.04,-4.59,-33.589999999999996
-31.790000000000003,33.24,31.94,0.278,16.0,-16.0,0.8,2.5,0.8573,1346.0,32.9,31.94,319.4,1.5040692709179144,,,,Sand,,,Sand 3,3,6.04,35.04,-4.59,-33.589999999999996
-31.81,33.26,32.41,0.313,16.0,-16.0,0.8,2.5,0.95028,1347.0,32.919,32.41,324.09999999999997,1.534648217280638,,,,Sand,,,Sand 3,3,6.04,35.04,-4.59,-33.589999999999996
-31.830000000000002,33.28,32.86,0.328,16.0,-16.0,0.8,2.5,0.97936,1348.0,32.938,32.86,328.6,1.541176222025236,,,,Sand,,,Sand 3,3,6.04,35.04,-4.59,-33.589999999999996
-31.849999999999998,33.3,33.44,0.325,16.2,-16.2,0.8,2.5,0.94929,1348.0,32.957,33.44,334.4,1.5258363052372814,,,,Sand,,,Sand 3,3,6.04,35.04,-4.59,-33.589999999999996
-31.87,33.32,34.49,0.395,16.0,-16.0,0.8,2.5,1.1328,1349.0,32.976,34.49,344.9,1.5788167910534496,,,,Sand,,,Sand 3,3,6.04,35.04,-4.59,-33.589999999999996
-31.890000000000004,33.34,35.35,0.413,16.0,-16.0,0.8,2.5,1.1677,1350.0,32.996,35.35,353.5,1.583220733066549,,,,Sand,,,Sand 3,3,6.04,35.04,-4.59,-33.589999999999996
-31.91,33.36,35.82,0.435,16.2,-16.2,0.8,2.5,1.2172,1351.0,33.015,35.82,358.2,1.5946146100117442,,,,Sand,,,Sand 3,3,6.04,35.04,-4.59,-33.589999999999996
-31.930000000000003,33.38,37.58,0.431,16.2,-16.2,0.8,2.6,1.1965,1352.0,33.034,37.58,375.8,1.5766038683599095,,,,Sand,,,Sand 3,3,6.04,35.04,-4.59,-33.589999999999996
-31.95,33.4,36.993,0.393,16.2,-16.2,0.6,2.5,1.0877,1352.0,33.053,36.993,369.93,1.5466749922714318,,,,Sand,,,Sand 3,3,6.04,35.04,-4.59,-33.589999999999996
-31.970000000000002,33.42,36.407,0.386,16.2,-16.2,0.8,2.5,1.0703,1353.0,33.072,36.407,364.07,1.5450595313283875,,,,Sand,,,Sand 3,3,6.04,35.04,-4.59,-33.589999999999996
-31.99,33.44,35.82,0.39,16.2,-16.2,0.6,2.5,1.0873,1354.0,33.092,35.82,358.2,1.5547474827916112,,,,Sand,,,Sand 3,3,6.04,35.04,-4.59,-33.589999999999996
-32.01,33.46,35.71,0.409,16.2,-16.2,0.6,2.5,1.1558,1355.0,33.111,35.71,357.1,1.5770423125412645,,,,Sand,,,Sand 3,3,6.04,35.04,-4.59,-33.589999999999996
-32.029999999999994,33.48,35.37,0.319,16.2,-16.2,0.6,2.2,0.91444,1356.0,33.13,35.37,353.7,1.4980123480393253,,,,Sand,,,Sand 3,3,6.04,35.04,-4.59,-33.589999999999996
-32.05,33.5,34.82,0.306,16.2,-16.2,0.6,2.4,0.89174,1356.0,33.149,34.82,348.2,1.493639646935024,,,,Sand,,,Sand 3,3,6.04,35.04,-4.59,-33.589999999999996
-32.07,33.52,34.25,0.3,16.4,-16.4,0.6,2.5,0.89064,1357.0,33.168,34.25,342.5,1.4976859036119938,,,,Sand,,,Sand 3,3,6.04,35.04,-4.59,-33.589999999999996
-32.089999999999996,33.54,33.73,0.286,16.2,-16.2,0.8,2.5,0.8699,1358.0,33.188,33.73,337.3,1.4938883300412127,,,,Sand,,,Sand 3,3,6.04,35.04,-4.59,-33.589999999999996
-32.11,33.56,32.97,0.275,16.0,-16.0,0.8,2.6,0.85964,1359.0,33.207,32.97,329.7,1.4961699059896745,,,,Sand,,,Sand 3,3,6.04,35.04,-4.59,-33.589999999999996
-32.129999999999995,33.58,31.85,0.262,16.2,-16.2,0.6,2.4,0.84489,1360.0,33.226,31.85,318.5,1.5000093303446682,,,,Sand,,,Sand 3,3,6.04,35.04,-4.59,-33.589999999999996
-32.15,33.6,30.77,0.252,16.2,-16.2,0.6,2.0,0.84067,1360.0,33.245,30.77,307.7,1.5080587728204384,,,,Sand,,,Sand 3,3,6.04,35.04,-4.59,-33.589999999999996
-32.169999999999995,33.62,29.26,0.234,16.2,-16.2,0.6,2.9,0.81004,1361.0,33.265,29.26,292.6,1.510295361386053,,,,Sand,,,Sand 3,3,6.04,35.04,-4.59,-33.589999999999996
-32.19,33.64,28.27,0.224,16.2,-16.2,0.6,3.0,0.80427,1362.0,33.284,28.27,282.7,1.5179678771828329,,,,Sand,,,Sand 3,3,6.04,35.04,-4.59,-33.589999999999996
-32.209999999999994,33.66,26.98,0.208,16.2,-16.2,0.8,2.7,0.77148,1363.0,33.303,26.98,269.8,1.5184208139210313,,,,Sand,,,Sand 3,3,6.04,35.04,-4.59,-33.589999999999996
-32.23,33.68,25.98,0.186,16.4,-16.4,0.6,2.5,0.70844,1363.0,33.322,25.98,259.8,1.5031085129267268,,,,Sand,,,Sand 3,3,6.04,35.04,-4.59,-33.589999999999996
-32.25,33.7,25.02,0.171,16.2,-16.2,0.6,2.5,0.66492,1364.0,33.341,25.02,250.2,1.4953046891938497,,,,Sand,,,Sand 3,3,6.04,35.04,-4.59,-33.589999999999996
-32.269999999999996,33.72,24.68,0.157,16.4,-16.4,0.8,2.5,0.62108,1365.0,33.361,24.68,246.8,1.4791240349478703,,,,Sand,,,Sand 3,3,6.04,35.04,-4.59,-33.589999999999996
-32.29,33.74,24.73,0.146,16.4,-16.4,0.6,2.6,0.58467,1366.0,33.38,24.73,247.3,1.4606297447078647,,,,Sand,,,Sand 3,3,6.04,35.04,-4.59,-33.589999999999996
-32.309999999999995,33.76,25.12,0.134,16.4,-16.4,0.6,2.5,0.54202,1366.0,33.399,25.12,251.2,1.4335282336345117,,,,Sand,,,Sand 3,3,6.04,35.04,-4.59,-33.589999999999996
-32.33,33.78,24.96,0.124,16.4,-16.4,0.8,2.5,0.50519,1367.0,33.418,24.96,249.6,1.4154761939400071,,,,Sand,,,Sand 3,3,6.04,35.04,-4.59,-33.589999999999996
-32.349999999999994,33.8,24.76,0.121,16.4,-16.4,0.6,2.5,0.49718,1368.0,33.437,24.76,247.6,1.413615914880794,,,,Sand,,,Sand 3,3,6.04,35.04,-4.59,-33.589999999999996
-32.37,33.82,24.52,0.123,16.4,-16.4,0.6,2.5,0.51223,1369.0,33.456,24.52,245.2,1.4252512863599078,,,,Sand,,,Sand 3,3,6.04,35.04,-4.59,-33.589999999999996
-32.39,33.84,23.99,0.124,16.4,-16.4,0.8,2.5,0.52668,1370.0,33.476,23.99,239.9,1.4403279097402053,,,,Sand,,,Sand 3,3,6.04,35.04,-4.59,-33.589999999999996
-32.41,33.86,23.6,0.124,16.6,-16.6,0.6,2.5,0.53951,1370.0,33.495,23.6,236.0,1.4525512449172988,,,,Sand,,,Sand 3,3,6.04,35.04,-4.59,-33.589999999999996
-32.43,33.88,23.02,0.124,16.4,-16.4,0.8,2.5,0.55497,1371.0,33.514,23.02,230.2,1.4687567211355415,,,,Sand,,,Sand 3,3,6.04,35.04,-4.59,-33.589999999999996
-32.449999999999996,33.9,22.13,0.124,16.4,-16.4,0.6,2.5,0.57212,1372.0,33.533,22.13,221.3,1.4903516055822936,,,,Sand,,,Sand 3,3,6.04,35.04,-4.59,-33.589999999999996
-32.47,33.92,21.37,0.122,16.4,-16.4,0.6,2.6,0.58009,1373.0,33.552,21.37,213.7,1.5057585755732765,,,,Sand,,,Sand 3,3,6.04,35.04,-4.59,-33.589999999999996
-32.489999999999995,33.94,20.48,0.119,16.4,-16.4,0.6,2.4,0.58262,1373.0,33.572,20.48,204.8,1.5210196067231683,,,,Sand,,,Sand 3,3,6.04,35.04,-4.59,-33.589999999999996
-32.51,33.96,19.64,0.117,16.4,-16.4,0.6,2.5,0.58728,1374.0,33.591,19.64,196.4,1.5371437211325059,,,,Sand,,,Sand 3,3,6.04,35.04,-4.59,-33.589999999999996
-32.529999999999994,33.98,19.16,0.113,16.6,-16.6,0.6,2.5,0.57532,1375.0,33.61,19.16,191.6,1.5396840617612475,,,,Sand,,,Sand 3,3,6.04,35.04,-4.59,-33.589999999999996
-32.55,34.0,18.85,0.102,16.4,-16.4,0.6,2.5,0.51928,1376.0,33.629,18.85,188.5,1.5173190520178355,,,,Sand,,,Sand 3,3,6.04,35.04,-4.59,-33.589999999999996
-32.57,34.02,18.75,0.1,16.6,-16.6,0.6,2.2,0.50365,1377.0,33.648,18.75,187.5,1.5110021671332385,,,,Sand,,,Sand 3,3,6.04,35.04,-4.59,-33.589999999999996
-32.589999999999996,34.04,19.0,0.081,16.6,-16.6,0.6,2.3,0.40042,1378.0,33.667,19.0,190.0,1.4476187898836295,,,,Sand,,,Sand 3,3,6.04,35.04,-4.59,-33.589999999999996
-32.61,34.06,19.88,0.078,16.6,-16.6,0.6,2.5,0.37706,1378.0,33.687,19.88,198.8,1.4166431464520082,,,,Sand,,,Sand 3,3,6.04,35.04,-4.59,-33.589999999999996
-32.629999999999995,34.08,21.38,0.079,16.6,-16.6,0.6,2.5,0.37198,1379.0,33.706,21.38,213.8,1.3872648140795354,,,,Sand,,,Sand 3,3,6.04,35.04,-4.59,-33.589999999999996
-32.65,34.1,22.18,0.083,16.6,-16.6,0.6,2.6,0.37954,1380.0,33.725,22.18,221.8,1.379229890889917,,,,Sand,,,Sand 3,3,6.04,35.04,-4.59,-33.589999999999996
-32.669999999999995,34.12,22.63,0.089,16.6,-16.6,0.6,2.3,0.39525,1381.0,33.744,22.63,226.3,1.3824645421281496,,,,Sand,,,Sand 3,3,6.04,35.04,-4.59,-33.589999999999996
-32.69,34.14,22.82,0.092,16.6,-16.6,0.6,2.5,0.39838,1382.0,33.763,22.82,228.2,1.3815680038765275,,,,Sand,,,Sand 3,3,6.04,35.04,-4.59,-33.589999999999996
-32.709999999999994,34.16,23.26,0.097,16.6,-16.6,0.6,3.1,0.41213,1382.0,33.782,23.26,232.6,1.3837457479405124,,,,Sand,,,Sand 3,3,6.04,35.04,-4.59,-33.589999999999996
-32.73,34.18,23.8,0.104,16.6,-16.6,0.6,2.8,0.43524,1383.0,33.802,23.8,238.0,1.39031978536787,,,,Sand,,,Sand 3,3,6.04,35.04,-4.59,-33.589999999999996
-32.75,34.2,24.19,0.119,16.6,-16.6,0.6,2.5,0.49105,1384.0,33.821,24.19,241.9,1.4178635673907691,,,,Sand,,,Sand 3,3,6.04,35.04,-4.59,-33.589999999999996
-32.769999999999996,34.22,24.49,0.128,16.6,-16.6,0.4,2.5,0.52152,1384.0,33.84,24.49,244.9,1.430755784262999,,,,Sand,,,Sand 3,3,6.04,35.04,-4.59,-33.589999999999996
-32.79,34.24,24.92,0.135,16.6,-16.6,0.6,2.5,0.54526,1385.0,33.859,24.92,249.2,1.4378420070847624,,,,Sand,,,Sand 3,3,6.04,35.04,-4.59,-33.589999999999996
-32.809999999999995,34.26,25.05,0.141,16.8,-16.8,0.6,2.5,0.56729,1386.0,33.878,25.05,250.5,1.4476703030233713,,,,Sand,,,Sand 3,3,6.04,35.04,-4.59,-33.589999999999996
-32.83,34.28,25.34,0.138,16.6,-16.6,0.6,2.5,0.55631,1387.0,33.897,25.34,253.4,1.4382645781870305,,,,Sand,,,Sand 3,3,6.04,35.04,-4.59,-33.589999999999996
-32.849999999999994,34.3,25.3,0.138,16.6,-16.6,0.6,2.5,0.56055,1388.0,33.917,25.3,253.0,1.4409877149855452,,,,Sand,,,Sand 3,3,6.04,35.04,-4.59,-33.589999999999996
-32.87,34.32,24.98,0.138,16.6,-16.6,0.6,2.5,0.56872,1388.0,33.936,24.98,249.8,1.449305031804432,,,,Sand,,,Sand 3,3,6.04,35.04,-4.59,-33.589999999999996
-32.89,34.34,24.57,0.138,16.6,-16.6,0.6,2.5,0.57959,1389.0,33.955,24.57,245.7,1.4601546829643932,,,,Sand,,,Sand 3,3,6.04,35.04,-4.59,-33.589999999999996
-32.91,34.36,23.8,0.137,16.8,-16.8,0.8,2.5,0.58824,1390.0,33.974,23.8,238.0,1.474717655733108,,,,Sand,,,Sand 3,3,6.04,35.04,-4.59,-33.589999999999996
-32.93,34.38,22.99,0.134,16.8,-16.8,0.6,2.5,0.58998,1391.0,33.993,22.99,229.9,1.4867563305966378,,,,Sand,,,Sand 3,3,6.04,35.04,-4.59,-33.589999999999996
-32.949999999999996,34.4,22.09,0.126,16.8,-16.8,0.6,2.5,0.56882,1391.0,34.012,22.09,220.9,1.4892989155651117,,,,Sand,,,Sand 3,3,6.04,35.04,-4.59,-33.589999999999996
-32.97,34.42,21.41,0.115,16.8,-16.8,0.8,2.5,0.53216,1392.0,34.031,21.41,214.1,1.480942360503943,,,,Sand,,,Sand 3,3,6.04,35.04,-4.59,-33.589999999999996
-32.989999999999995,34.44,21.18,0.11,16.8,-16.8,0.8,2.5,0.52025,1393.0,34.051,21.18,211.8,1.4783093363871271,,,,Sand,,,Sand 3,3,6.04,35.04,-4.59,-33.589999999999996
-33.01,34.46,20.68,0.103,16.8,-16.8,0.6,2.6,0.49585,1394.0,34.07,20.68,206.8,1.4733023357233925,,,,Sand,,,Sand 3,3,6.04,35.04,-4.59,-33.589999999999996
-33.029999999999994,34.48,20.49,0.099,16.8,-16.8,0.6,2.5,0.4824,1395.0,34.089,20.49,204.9,1.4690710610008237,,,,Sand,,,Sand 3,3,6.04,35.04,-4.59,-33.589999999999996
-33.05,34.5,20.24,0.098,16.8,-16.8,0.6,2.5,0.47948,1395.0,34.108,20.24,202.4,1.4716635039795842,,,,Sand,,,Sand 3,3,6.04,35.04,-4.59,-33.589999999999996
-33.07,34.52,20.07,0.1,16.8,-16.8,0.8,2.5,0.48936,1396.0,34.127,20.07,200.7,1.4799897250837988,,,,Sand,,,Sand 3,3,6.04,35.04,-4.59,-33.589999999999996
-33.089999999999996,34.54,20.02,0.098,16.8,-16.8,0.6,2.5,0.47726,1397.0,34.146,20.02,200.2,1.474190228132307,,,,Sand,,,Sand 3,3,6.04,35.04,-4.59,-33.589999999999996
-33.11,34.56,20.09,0.1,17.0,-17.0,0.6,2.2,0.48388,1398.0,34.165,20.09,200.9,1.4766469053652629,,,,Sand,,,Sand 3,3,6.04,35.04,-4.59,-33.589999999999996
-33.129999999999995,34.58,20.74,0.104,16.8,-16.8,0.6,2.3,0.4988,1399.0,34.185,20.74,207.4,1.473919608532507,,,,Sand,,,Sand 3,3,6.04,35.04,-4.59,-33.589999999999996
-33.15,34.6,21.15,0.102,16.8,-16.8,0.6,2.5,0.48505,1399.0,34.204,21.15,211.5,1.459713514651614,,,,Sand,,,Sand 3,3,6.04,35.04,-4.59,-33.589999999999996
-33.169999999999995,34.62,21.47,0.105,16.8,-16.8,0.6,2.5,0.4918,1400.0,34.223,21.47,214.7,1.458349960847745,,,,Sand,,,Sand 3,3,6.04,35.04,-4.59,-33.589999999999996
-33.19,34.64,21.55,0.111,17.0,-17.0,0.6,2.6,0.50868,1401.0,34.242,21.55,215.5,1.466305497070189,,,,Sand,,,Sand 3,3,6.04,35.04,-4.59,-33.589999999999996
-33.209999999999994,34.66,21.71,0.107,17.0,-17.0,0.6,2.4,0.47529,1402.0,34.261,21.71,217.1,1.4453355402426356,,,,Sand,,,Sand 3,3,6.04,35.04,-4.59,-33.589999999999996
-33.23,34.68,21.5,0.105,17.0,-17.0,0.6,2.3,0.44944,1403.0,34.28,21.5,215.0,1.433737141741442,,,,Sand,,,Sand 3,3,6.04,35.04,-4.59,-33.589999999999996
-33.25,34.7,22.59,0.108,17.0,-17.0,0.6,3.1,0.44454,1403.0,34.299,22.59,225.9,1.4138289199050438,,,,Sand,,,Sand 3,3,6.04,35.04,-4.59,-33.589999999999996
-33.269999999999996,34.72,23.86,0.115,17.0,-17.0,0.6,2.9,0.45522,1404.0,34.319,23.86,238.6,1.4015907324833414,,,,Sand,,,Sand 3,3,6.04,35.04,-4.59,-33.589999999999996
-33.29,34.74,26.27,0.125,17.0,-17.0,0.6,2.5,0.47683,1405.0,34.338,26.27,262.7,1.3822775572133785,,,,Sand,,,Sand 3,3,6.04,35.04,-4.59,-33.589999999999996
-33.309999999999995,34.76,27.95,0.126,17.0,-17.0,0.6,2.5,0.46324,1405.0,34.357,27.95,279.5,1.3536788975885843,,,,Sand,,,Sand 3,3,6.04,35.04,-4.59,-33.589999999999996
-33.33,34.78,28.93,0.131,17.0,-17.0,0.6,2.5,0.46576,1406.0,34.376,28.93,289.3,1.3439531445201525,,,,Sand,,,Sand 3,3,6.04,35.04,-4.59,-33.589999999999996
-33.349999999999994,34.8,29.29,0.143,17.0,-17.0,0.6,2.5,0.49276,1407.0,34.395,29.29,292.9,1.3562726412704724,,,,Sand,,,Sand 3,3,6.04,35.04,-4.59,-33.589999999999996
-33.37,34.82,29.33,0.16,17.0,-17.0,0.6,2.6,0.53759,1408.0,34.414,29.33,293.3,1.3815717670841472,,,,Sand,,,Sand 3,3,6.04,35.04,-4.59,-33.589999999999996
-33.39,34.84,29.38,0.173,17.0,-17.0,0.6,2.5,0.56805,1409.0,34.433,29.38,293.8,1.3976156084760079,,,,Sand,,,Sand 3,3,6.04,35.04,-4.59,-33.589999999999996
-33.41,34.86,30.0,0.179,17.0,-17.0,0.6,2.5,0.57589,1409.0,34.452,30.0,300.0,1.395304200259977,,,,Sand,,,Sand 3,3,6.04,35.04,-4.59,-33.589999999999996
-33.43,34.88,31.01,0.199,17.2,-17.2,0.6,2.5,0.62675,1410.0,34.472,31.01,310.1,1.4113609372825724,,,,Sand,,,Sand 3,3,6.04,35.04,-4.59,-33.589999999999996
-33.449999999999996,34.9,32.21,0.211,17.2,-17.2,0.6,2.5,0.64981,1411.0,34.491,32.21,322.1,1.4114211185425751,,,,Sand,,,Sand 3,3,6.04,35.04,-4.59,-33.589999999999996
-33.47,34.92,33.49,0.227,17.0,-17.0,0.6,2.5,0.68271,1412.0,34.51,33.49,334.9,1.4158387899642089,,,,Sand,,,Sand 3,3,6.04,35.04,-4.59,-33.589999999999996
-33.489999999999995,34.94,33.95,0.234,17.2,-17.2,0.6,2.5,0.68549,1412.0,34.529,33.95,339.5,1.4132092182527047,,,,Sand,,,Sand 3,3,6.04,35.04,-4.59,-33.589999999999996
-33.51,34.96,34.64,,17.2,-17.2,0.6,2.5,0.0,1413.0,34.548,34.64,346.4,,,,,Unknown material,,,Sand 3,3,6.04,35.04,-4.59,-33.589999999999996
-33.529999999999994,34.98,35.09,,17.4,-17.4,0.8,2.5,0.0,1414.0,34.567,35.09,350.9,,,,,Unknown material,,,Sand 3,3,6.04,35.04,-4.59,-33.589999999999996
-33.55,35.0,35.61,,17.2,-17.2,0.6,2.6,0.0,1415.0,34.586,35.61,356.1,,,,,Unknown material,,,Sand 3,3,6.04,35.04,-4.59,-33.589999999999996
-33.57,35.02,37.09,,17.2,-17.2,0.8,2.4,0.0,1416.0,34.605,37.09,370.9,,,,,Unknown material,,,Sand 3,3,6.04,35.04,-4.59,-33.589999999999996
-33.589999999999996,35.04,38.56,,17.2,-17.2,0.6,2.5,0.0,1416.0,34.624,38.56,385.6,,,,,Unknown material,,,Sand 3,3,6.04,35.04,-4.59,-33.589999999999996
