elevation_m_nap,depth_m,qc_mpa,fs_mpa,col_4,col_5,col_6,col_7,rf_percent,col_9,corrected_depth,qt_mpa,qt_over_pa,Isbt,Bqt,peat_boundary_qt_over_pa,organic_clay_boundary_qt_over_pa,soil_type,used_organic_boundary_qt_over_pa,distance_to_used_organic_boundary,layer_id,soil_layer_number,layer_top_depth_m,layer_bottom_depth_m,layer_top_elevation_m_nap,layer_bottom_elevation_m_nap
1.42,0.02,0.098848,0.001517,0.28839,-0.23333,-0.16949,1.8,0.29442,22.0,0.02,0.098848,0.98848,3.5426718929372996,,,,Clay & silt,,,Clay & silt 1,1,0.02,0.3,1.42,1.14
1.4,0.04,0.26512,0.0017869,0.28664,-0.18333,-0.22034,2.4,0.27186,23.0,0.04,0.26512,2.6512000000000002,3.1160360144354327,,,,Clay & silt,,,Clay & silt 1,1,0.02,0.3,1.42,1.14
1.38,0.06,0.50316,0.0022375,0.24197,-0.1,-0.22034,2.45,0.27548,24.0,0.06,0.50316,5.0316,2.845904070096769,,,,Silty clay / clayey silt,,,Clay & silt 1,1,0.02,0.3,1.42,1.14
1.3599999999999999,0.08,0.74631,0.002858,0.32347,-0.2,-0.25424,2.45,0.29684,25.0,0.079999,0.74631,7.463100000000001,2.687827314344225,,,,Silty clay / clayey silt,,,Clay & silt 1,1,0.02,0.3,1.42,1.14
1.3399999999999999,0.1,0.96283,0.0016937,0.27342,-0.2,-0.18644,2.4,0.13597,26.0,0.099999,0.96283,9.6283,2.5114453103951777,,,,Sand mixtures,,,Clay & silt 1,1,0.02,0.3,1.42,1.14
1.3199999999999998,0.12,1.3675,0.0027531,0.28072,-0.15,-0.23729,2.4,0.18162,27.0,0.12,1.3675,13.675,2.3827490487684413,,,,Sand mixtures,,,Clay & silt 1,1,0.02,0.3,1.42,1.14
1.2999999999999998,0.14,1.7418,0.0044968,0.26442,-0.11667,-0.23729,2.4,0.24635,28.0,0.14,1.7418,17.418,2.311373007929155,,,,Sand mixtures,,,Clay & silt 1,1,0.02,0.3,1.42,1.14
1.28,0.16,2.017,0.0058312,0.25272,-0.15,-0.20339,2.4,0.27164,28.0,0.16,2.017,20.17,2.2619032550888383,,,,Sand mixtures,,,Clay & silt 1,1,0.02,0.3,1.42,1.14
1.26,0.18,2.3612,0.0076703,0.21993,-0.11667,-0.18644,2.4,0.3112,29.0,0.18,2.3612,23.612000000000002,2.2147861331690977,,,,Sand mixtures,,,Clay & silt 1,1,0.02,0.3,1.42,1.14
1.24,0.2,2.4267,0.010073,0.27973,-0.11667,-0.25424,0.5,0.36488,40.0,0.2,2.4267,24.267,2.2268625057578206,,,,Sand mixtures,,,Clay & silt 1,1,0.02,0.3,1.42,1.14
1.22,0.22,2.9798,0.01134,0.23447,-0.11667,-0.20339,2.1,0.37401,41.0,0.22,2.9798,29.798000000000002,2.147541119518947,,,,Sand mixtures,,,Clay & silt 1,1,0.02,0.3,1.42,1.14
1.2,0.24,3.3163,0.012814,0.28708,-0.13333,-0.25424,2.35,0.38993,42.0,0.24,3.3163,33.163000000000004,2.1113147351704686,,,,Sand mixtures,,,Clay & silt 1,1,0.02,0.3,1.42,1.14
1.18,0.26,3.5077,0.013714,0.2732,-0.1,-0.25424,2.45,0.38975,43.0,0.26,3.5077,35.077,2.0887586587577807,,,,Sand mixtures,,,Clay & silt 1,1,0.02,0.3,1.42,1.14
1.16,0.28,3.7345,0.014645,0.28708,-0.13333,-0.25424,2.4,0.38863,44.0,0.28,3.7345,37.345,2.063218524332308,,,,Sand mixtures,,,Clay & silt 1,1,0.02,0.3,1.42,1.14
1.14,0.3,3.9137,0.016187,0.27973,-0.11667,-0.25424,2.45,0.40722,44.0,0.3,3.9137,39.137,2.0526309723081466,,,,Sand mixtures,,,Sand 1,1,0.3,1.86,1.14,-0.42000000000000015
1.1199999999999999,0.32,4.0494,0.01616,0.2575,-0.1,-0.23729,2.4,0.38675,45.0,0.32,4.0494,40.49400000000001,2.0300879808348777,,,,Sand,,,Sand 1,1,0.3,1.86,1.14,-0.42000000000000015
1.0999999999999999,0.34,4.2214,0.016219,0.23557,-0.083333,-0.22034,2.35,0.36836,46.0,0.34,4.2214,42.214,2.0051346812838715,,,,Sand,,,Sand 1,1,0.3,1.86,1.14,-0.42000000000000015
1.08,0.36,4.4251,0.015962,0.24932,-0.11667,-0.22034,2.45,0.34334,47.0,0.36,4.4251,44.251,1.9744305377656564,,,,Sand,,,Sand 1,1,0.3,1.86,1.14,-0.42000000000000015
1.06,0.38,4.6315,0.0208,0.18887,-0.083333,-0.16949,2.4,0.42241,48.0,0.38,4.6315,46.315,1.9926581793543876,,,,Sand,,,Sand 1,1,0.3,1.86,1.14,-0.42000000000000015
1.04,0.4,4.9447,0.0257,0.22594,-0.05,-0.22034,2.4,0.48683,48.0,0.4,4.9447,49.446999999999996,1.9942448570728744,,,,Sand,,,Sand 1,1,0.3,1.86,1.14,-0.42000000000000015
1.02,0.42,5.3029,0.030609,0.18213,-0.066667,-0.16949,2.4,0.53487,49.0,0.42,5.3029,53.029,1.9864284694299719,,,,Sand,,,Sand 1,1,0.3,1.86,1.14,-0.42000000000000015
1.0,0.44,5.7029,0.036111,0.198,-0.066667,-0.18644,2.4,0.57888,50.0,0.44,5.7029,57.028999999999996,1.9755880151504048,,,,Sand,,,Sand 1,1,0.3,1.86,1.14,-0.42000000000000015
0.98,0.46,6.1153,0.0424,0.1894,-0.033333,-0.18644,2.4,0.618,51.0,0.46,6.1153,61.153,1.9638092655233694,,,,Sand,,,Sand 1,1,0.3,1.86,1.14,-0.42000000000000015
0.96,0.48,6.889,0.053422,0.12324,-0.033333,-0.11864,2.4,0.71086,52.0,0.48,6.889,68.89,1.9523409911048883,,,,Sand,,,Sand 1,1,0.3,1.86,1.14,-0.42000000000000015
0.94,0.5,7.77,0.057809,0.21993,-0.11667,-0.18644,2.4,0.71163,53.0,0.5,7.77,77.7,1.9091356501589571,,,,Sand,,,Sand 1,1,0.3,1.86,1.14,-0.42000000000000015
0.9199999999999999,0.52,8.5482,0.057556,0.23771,-0.16667,-0.16949,2.4,0.65992,53.0,0.52,8.5482,85.48199999999999,1.856440588760906,,,,Sand,,,Sand 1,1,0.3,1.86,1.14,-0.42000000000000015
0.8999999999999999,0.54,9.6132,0.061502,0.22633,-0.15,-0.16949,2.4,0.66081,54.0,0.54,9.6132,96.132,1.8147509468026144,,,,Sand,,,Sand 1,1,0.3,1.86,1.14,-0.42000000000000015
0.8799999999999999,0.56,10.18,0.069373,0.28525,-0.2,-0.20339,2.4,0.70601,55.0,0.55999,10.18,101.8,1.811225606913237,,,,Sand,,,Sand 1,1,0.3,1.86,1.14,-0.42000000000000015
0.86,0.58,10.17,0.07092,0.38033,-0.26667,-0.27119,2.4,0.69156,56.0,0.57999,10.17,101.7,1.8062860622941128,,,,Sand,,,Sand 1,1,0.3,1.86,1.14,-0.42000000000000015
0.84,0.6,10.487,0.073516,0.33404,-0.21667,-0.25424,2.4,0.69311,57.0,0.59999,10.487,104.87,1.7960826761942925,,,,Sand,,,Sand 1,1,0.3,1.86,1.14,-0.42000000000000015
0.82,0.62,10.799,0.073684,0.30902,-0.21667,-0.22034,2.4,0.67999,58.0,0.61999,10.799,107.99,1.780906627804376,,,,Sand,,,Sand 1,1,0.3,1.86,1.14,-0.42000000000000015
0.7999999999999999,0.64,11.04,0.072342,0.28525,-0.2,-0.20339,2.4,0.65762,59.0,0.63999,11.04,110.4,1.7645989325314424,,,,Sand,,,Sand 1,1,0.3,1.86,1.14,-0.42000000000000015
0.7799999999999999,0.66,11.202,0.068768,0.29717,-0.21667,-0.20339,2.4,0.61447,59.0,0.65999,11.202,112.02,1.7422613789368475,,,,Sand,,,Sand 1,1,0.3,1.86,1.14,-0.42000000000000015
0.7599999999999999,0.68,11.361,0.067779,0.28664,-0.18333,-0.22034,2.4,0.59357,60.0,0.67999,11.361,113.61,1.728592725440497,,,,Sand,,,Sand 1,1,0.3,1.86,1.14,-0.42000000000000015
0.74,0.7,11.448,0.066004,0.27877,-0.23333,-0.15254,2.4,0.5624,61.0,0.69999,11.448,114.48,1.7125045958185316,,,,Sand,,,Sand 1,1,0.3,1.86,1.14,-0.42000000000000015
0.72,0.72,11.495,0.063768,0.36747,-0.31667,-0.18644,2.4,0.52445,62.0,0.71999,11.495,114.95,1.6940214650757732,,,,Sand,,,Sand 1,1,0.3,1.86,1.14,-0.42000000000000015
0.7,0.74,11.697,0.0607,0.39324,-0.3,-0.25424,2.4,0.47901,63.0,0.73999,11.697,116.97,1.6661378990354032,,,,Sand,,,Sand 1,1,0.3,1.86,1.14,-0.42000000000000015
0.6799999999999999,0.76,12.308,0.0577,0.33538,-0.26667,-0.20339,2.35,0.43739,64.0,0.75999,12.308,123.08,1.6263387548827997,,,,Sand,,,Sand 1,1,0.3,1.86,1.14,-0.42000000000000015
0.6599999999999999,0.78,13.337,0.0577,0.35695,-0.26667,-0.23729,2.35,0.41656,64.0,0.77999,13.337,133.37,1.5855368142477344,,,,Sand,,,Sand 1,1,0.3,1.86,1.14,-0.42000000000000015
0.6399999999999999,0.8,14.423,0.0578,0.34711,-0.21667,-0.27119,2.35,0.39618,65.0,0.79999,14.423,144.23,1.5451612958496206,,,,Sand,,,Sand 1,1,0.3,1.86,1.14,-0.42000000000000015
0.62,0.82,15.306,0.057839,0.34468,-0.25,-0.23729,2.35,0.37542,66.0,0.81999,15.306,153.06,1.510906461179221,,,,Sand,,,Sand 1,1,0.3,1.86,1.14,-0.42000000000000015
0.6,0.84,15.52,0.075123,0.36479,-0.2,-0.30508,1.8,0.46394,80.0,0.83999,15.52,155.2,1.5562559413168267,,,,Sand,,,Sand 1,1,0.3,1.86,1.14,-0.42000000000000015
0.58,0.86,16.726,0.078283,0.35775,-0.23333,-0.27119,2.35,0.46423,81.0,0.85999,16.726,167.26,1.5298127491900708,,,,Sand,,,Sand 1,1,0.3,1.86,1.14,-0.42000000000000015
0.5599999999999999,0.88,17.397,0.080523,0.3922,-0.28333,-0.27119,2.35,0.46259,82.0,0.87999,17.397,173.97,1.5150266250383977,,,,Sand,,,Sand 1,1,0.3,1.86,1.14,-0.42000000000000015
0.5399999999999999,0.9,18.235,0.081971,0.45266,-0.3,-0.33898,2.35,0.4605,83.0,0.89999,18.235,182.35,1.4973321107955921,,,,Sand,,,Sand 1,1,0.3,1.86,1.14,-0.42000000000000015
0.5199999999999999,0.92,18.597,0.084765,0.4313,-0.26667,-0.33898,2.35,0.46777,84.0,0.91999,18.597,185.97,1.4944882010438885,,,,Sand,,,Sand 1,1,0.3,1.86,1.14,-0.42000000000000015
0.5,0.94,18.699,0.089269,0.42813,-0.31667,-0.28814,2.35,0.48975,84.0,0.93999,18.699,186.99,1.504557303857285,,,,Sand,,,Sand 1,1,0.3,1.86,1.14,-0.42000000000000015
0.48,0.96,18.776,0.094405,0.46388,-0.31667,-0.33898,2.35,0.52003,85.0,0.95999,18.776,187.76,1.5190506116932196,,,,Sand,,,Sand 1,1,0.3,1.86,1.14,-0.42000000000000015
0.45999999999999996,0.98,18.454,0.097838,0.45266,-0.3,-0.33898,2.35,0.54808,86.0,0.97999,18.454,184.54,1.539084069862814,,,,Sand,,,Sand 1,1,0.3,1.86,1.14,-0.42000000000000015
0.43999999999999995,1.0,18.083,0.095182,0.48764,-0.33333,-0.35593,2.4,0.54746,87.0,0.99999,18.083,180.83,1.5456882584847889,,,,Sand,,,Sand 1,1,0.3,1.86,1.14,-0.42000000000000015
0.41999999999999993,1.02,17.578,0.092241,0.43972,-0.31667,-0.30508,2.35,0.54849,88.0,1.02,17.578,175.78,1.5558613194880617,,,,Sand,,,Sand 1,1,0.3,1.86,1.14,-0.42000000000000015
0.3999999999999999,1.04,16.807,0.090618,0.42893,-0.28333,-0.32203,2.4,0.5621,89.0,1.04,16.807,168.07,1.5777652019034247,,,,Sand,,,Sand 1,1,0.3,1.86,1.14,-0.42000000000000015
0.3799999999999999,1.06,15.814,0.090469,0.43972,-0.31667,-0.30508,2.4,0.58984,90.0,1.06,15.814,158.14,1.61148664567634,,,,Sand,,,Sand 1,1,0.3,1.86,1.14,-0.42000000000000015
0.3599999999999999,1.08,14.878,0.087666,0.46388,-0.31667,-0.33898,2.35,0.60419,91.0,1.08,14.878,148.78,1.6388224664289262,,,,Sand,,,Sand 1,1,0.3,1.86,1.14,-0.42000000000000015
0.33999999999999986,1.1,14.148,0.0864,0.42893,-0.28333,-0.32203,2.4,0.63298,91.0,1.1,14.148,141.48,1.668473270897274,,,,Sand,,,Sand 1,1,0.3,1.86,1.14,-0.42000000000000015
0.31999999999999984,1.12,13.208,0.0852,0.4041,-0.28333,-0.28814,2.45,0.66462,92.0,1.12,13.208,132.08,1.705051302770572,,,,Sand,,,Sand 1,1,0.3,1.86,1.14,-0.42000000000000015
0.30000000000000004,1.14,12.186,0.084,0.49918,-0.35,-0.35593,2.4,0.69799,93.0,1.14,12.186,121.86,1.7457420805583155,,,,Sand,,,Sand 1,1,0.3,1.86,1.14,-0.42000000000000015
0.28,1.16,11.458,0.0851,0.49918,-0.35,-0.35593,2.4,0.75397,94.0,1.16,11.458,114.58,1.7874003115269885,,,,Sand,,,Sand 1,1,0.3,1.86,1.14,-0.42000000000000015
0.26,1.18,10.699,0.0933,0.51352,-0.4,-0.32203,2.4,0.88199,95.0,1.18,10.699,106.99,1.8530508888755834,,,,Sand,,,Sand 1,1,0.3,1.86,1.14,-0.42000000000000015
0.24,1.2,10.163,0.10151,0.47541,-0.33333,-0.33898,2.45,1.0189,95.0,1.2,10.163,101.63,1.9101340215830935,,,,Sand,,,Sand 1,1,0.3,1.86,1.14,-0.42000000000000015
0.21999999999999997,1.22,9.5367,0.1031,0.511,-0.36667,-0.35593,2.4,1.096,96.0,1.22,9.5367,95.36699999999999,1.9516702062157012,,,,Sand,,,Sand 1,1,0.3,1.86,1.14,-0.42000000000000015
0.19999999999999996,1.24,8.8958,0.1044,0.48724,-0.35,-0.33898,2.4,1.1646,97.0,1.24,8.8958,88.958,1.991765286652561,,,,Sand,,,Sand 1,1,0.3,1.86,1.14,-0.42000000000000015
0.17999999999999994,1.26,8.4805,0.1058,0.47541,-0.33333,-0.33898,2.45,1.2422,98.0,1.26,8.4805,84.805,2.0257254907304145,,,,Sand,,,Sand 1,1,0.3,1.86,1.14,-0.42000000000000015
0.15999999999999992,1.28,8.2896,0.10711,0.50015,-0.33333,-0.37288,2.45,1.3382,99.0,1.28,8.2896,82.896,2.054304490651152,,,,Sand mixtures,,,Sand 1,1,0.3,1.86,1.14,-0.42000000000000015
0.1399999999999999,1.3,7.7315,0.08448,0.50665,-0.25,-0.44068,2.45,1.1178,100.0,1.3,7.7315,77.315,2.027470600474988,,,,Sand,,,Sand 1,1,0.3,1.86,1.14,-0.42000000000000015
0.11999999999999988,1.32,7.9194,0.078374,0.50875,-0.18333,-0.47458,2.45,1.0952,100.0,1.32,7.9194,79.194,2.013785407243348,,,,Sand,,,Sand 1,1,0.3,1.86,1.14,-0.42000000000000015
0.09999999999999987,1.34,7.1208,0.067487,0.48372,-0.23333,-0.42373,2.5,0.99751,101.0,1.34,7.1208,71.208,2.02533266497445,,,,Sand,,,Sand 1,1,0.3,1.86,1.14,-0.42000000000000015
0.07999999999999985,1.36,6.0584,0.051598,0.49198,-0.25,-0.42373,2.5,0.81011,102.0,1.36,6.0584,60.583999999999996,2.0302086725864763,,,,Sand,,,Sand 1,1,0.3,1.86,1.14,-0.42000000000000015
0.06000000000000005,1.38,5.9631,0.033535,0.51508,-0.26667,-0.44068,2.45,0.55803,103.0,1.38,5.9631,59.63099999999999,1.9508592065024253,,,,Sand,,,Sand 1,1,0.3,1.86,1.14,-0.42000000000000015
0.040000000000000036,1.4,5.6871,0.0282,0.49198,-0.25,-0.42373,2.45,0.50421,104.0,1.4,5.6871,56.871,1.9475141186000666,,,,Sand,,,Sand 1,1,0.3,1.86,1.14,-0.42000000000000015
0.020000000000000018,1.42,5.3543,0.0228,0.47858,-0.3,-0.37288,2.4,0.43455,104.0,1.42,5.3543,53.543,1.9412234553536785,,,,Sand,,,Sand 1,1,0.3,1.86,1.14,-0.42000000000000015
0.0,1.44,5.1199,0.0214,0.50543,-0.3,-0.40678,2.4,0.42673,105.0,1.44,5.1199,51.199000000000005,1.9552392597894928,,,,Sand,,,Sand 1,1,0.3,1.86,1.14,-0.42000000000000015
-0.020000000000000018,1.46,4.8527,0.02,0.53823,-0.28333,-0.45763,2.4,0.4186,106.0,1.46,4.8527,48.527,1.972648221894082,,,,Sand,,,Sand 1,1,0.3,1.86,1.14,-0.42000000000000015
-0.040000000000000036,1.48,4.587,0.0199,0.54265,-0.31667,-0.44068,2.4,0.43777,107.0,1.48,4.587,45.87,2.0030758757791105,,,,Sand,,,Sand 1,1,0.3,1.86,1.14,-0.42000000000000015
-0.06000000000000005,1.5,4.3518,0.0198,0.45266,-0.3,-0.33898,2.4,0.45568,108.0,1.5,4.3518,43.518,2.0312106819673437,,,,Sand,,,Sand 1,1,0.3,1.86,1.14,-0.42000000000000015
-0.08000000000000007,1.52,4.2034,0.019644,0.48639,-0.26667,-0.40678,2.4,0.4732,109.0,1.52,4.2034,42.034000000000006,2.051900431535036,,,,Sand mixtures,,,Sand 1,1,0.3,1.86,1.14,-0.42000000000000015
-0.10000000000000009,1.54,4.0663,0.019156,0.5155,-0.31667,-0.40678,2.4,0.48288,109.0,1.54,4.0663,40.663000000000004,2.0686962425056095,,,,Sand mixtures,,,Sand 1,1,0.3,1.86,1.14,-0.42000000000000015
-0.1200000000000001,1.56,3.8308,0.017953,0.5155,-0.31667,-0.40678,2.4,0.47231,110.0,1.56,3.8308,38.308,2.087898170487987,,,,Sand mixtures,,,Sand 1,1,0.3,1.86,1.14,-0.42000000000000015
-0.14000000000000012,1.58,3.7494,0.016946,0.50972,-0.28333,-0.42373,2.4,0.46479,111.0,1.58,3.7494,37.494,2.0933670333483803,,,,Sand mixtures,,,Sand 1,1,0.3,1.86,1.14,-0.42000000000000015
-0.16000000000000014,1.6,3.5688,0.016158,0.51917,-0.3,-0.42373,2.4,0.46244,112.0,1.6,3.5688,35.688,2.1118816543704484,,,,Sand mixtures,,,Sand 1,1,0.3,1.86,1.14,-0.42000000000000015
-0.18000000000000016,1.62,3.3795,0.015838,0.52898,-0.31667,-0.42373,2.4,0.47576,113.0,1.62,3.3795,33.795,2.1385413011354597,,,,Sand mixtures,,,Sand 1,1,0.3,1.86,1.14,-0.42000000000000015
-0.19999999999999996,1.64,3.2593,0.015606,0.55254,-0.33333,-0.44068,2.4,0.49182,113.0,1.64,3.2593,32.593,2.1588776903102267,,,,Sand mixtures,,,Sand 1,1,0.3,1.86,1.14,-0.42000000000000015
-0.21999999999999997,1.66,3.1095,0.0154,0.53662,-0.35,-0.40678,2.4,0.51402,114.0,1.66,3.1095,31.095,2.1855151359691254,,,,Sand mixtures,,,Sand 1,1,0.3,1.86,1.14,-0.42000000000000015
-0.24,1.68,2.9888,0.0153,0.58967,-0.35,-0.47458,2.4,0.54583,115.0,1.68,2.9888,29.887999999999998,2.212239062006167,,,,Sand mixtures,,,Sand 1,1,0.3,1.86,1.14,-0.42000000000000015
-0.26,1.7,2.7456,0.0151,0.51917,-0.3,-0.42373,2.4,0.58097,116.0,1.7,2.7456,27.456,2.2572091341601928,,,,Sand mixtures,,,Sand 1,1,0.3,1.86,1.14,-0.42000000000000015
-0.28,1.72,2.584,0.015242,0.4919,-0.3,-0.38983,2.4,0.64527,117.0,1.72,2.584,25.84,2.3009840549320013,,,,Sand mixtures,,,Sand 1,1,0.3,1.86,1.14,-0.42000000000000015
-0.30000000000000004,1.74,2.3326,0.025529,0.54764,-0.36667,-0.40678,2.4,1.2131,118.0,1.74,2.3326,23.326,2.473706101301639,,,,Sand mixtures,,,Sand 1,1,0.3,1.86,1.14,-0.42000000000000015
-0.32000000000000006,1.76,2.0253,0.026975,0.50223,-0.31667,-0.38983,2.4,1.4643,119.0,1.76,2.0253,20.253,2.5691922752947427,,,,Sand mixtures,,,Sand 1,1,0.3,1.86,1.14,-0.42000000000000015
-0.3400000000000001,1.78,1.7477,0.029065,0.52898,-0.31667,-0.42373,2.4,1.8202,119.0,1.78,1.7477,17.477,2.6744450551092176,,,,Silty clay / clayey silt,,,Sand 1,1,0.3,1.86,1.14,-0.42000000000000015
-0.3600000000000001,1.8,1.3635,0.029872,0.53662,-0.35,-0.40678,2.4,2.1951,120.0,1.8,1.3635,13.635,2.809265947883294,,,,Silty clay / clayey silt,,,Sand 1,1,0.3,1.86,1.14,-0.42000000000000015
-0.3800000000000001,1.82,1.0479,0.026081,0.4764,-0.31667,-0.35593,2.4,2.2746,121.0,1.82,1.0479,10.479000000000001,2.913342131188236,,,,Silty clay / clayey silt,,,Sand 1,1,0.3,1.86,1.14,-0.42000000000000015
-0.40000000000000013,1.84,0.89098,0.024144,0.53662,-0.35,-0.40678,2.0,2.5035,135.0,1.84,0.89098,8.9098,2.995123009428109,,,,Clay & silt,,,Sand 1,1,0.3,1.86,1.14,-0.42000000000000015
-0.42000000000000015,1.86,0.78235,0.022838,0.53517,-0.36667,-0.38983,2.35,2.8118,136.0,1.86,0.78235,7.8235,3.0699138384009284,,,7.4148692146902775,Clay & silt,,,Organic clay 1,1,1.86,2.3,-0.42000000000000015,-0.8599999999999999
-0.43999999999999995,1.88,0.69644,0.021241,0.52389,-0.35,-0.38983,2.35,3.0143,137.0,1.88,0.69644,6.9643999999999995,3.128733719836141,,,8.658424650153538,Organic clay,8.658424650153538,-1.6940246501535388,Organic clay 1,1,1.86,2.3,-0.42000000000000015,-0.8599999999999999
-0.45999999999999996,1.9,0.61891,0.019982,0.54958,-0.35,-0.42373,2.4,3.1394,138.0,1.9,0.61891,6.1891,3.1813898979487756,,,9.10471241584442,Organic clay,9.10471241584442,-2.9156124158444197,Organic clay 1,1,1.86,2.3,-0.42000000000000015,-0.8599999999999999
-0.48,1.92,0.56753,0.0194,0.54684,-0.4,-0.37288,2.4,3.3003,139.0,1.9199,0.56753,5.6753,3.2247921952694414,,,9.54096881202211,Organic clay,9.54096881202211,-3.8656688120221094,Organic clay 1,1,1.86,2.3,-0.42000000000000015,-0.8599999999999999
-0.5,1.94,0.5302,0.0189,0.5266,-0.41667,-0.32203,2.45,3.4275,139.0,1.9399,0.5302,5.3020000000000005,3.258534506448853,,,9.82001552424152,Organic clay,9.82001552424152,-4.518015524241519,Organic clay 1,1,1.86,2.3,-0.42000000000000015,-0.8599999999999999
-0.52,1.96,0.50298,0.0183,0.5869,-0.46667,-0.35593,2.45,3.5095,140.0,1.9599,0.50298,5.0298,3.2833522832989375,,,9.978603187503731,Organic clay,9.978603187503731,-4.9488031875037315,Organic clay 1,1,1.86,2.3,-0.42000000000000015,-0.8599999999999999
-0.54,1.98,0.50258,0.018321,0.5266,-0.41667,-0.32203,2.35,3.675,141.0,1.9799,0.50258,5.0258,3.2944450846343067,,,10.260958167608223,Organic clay,10.260958167608223,-5.235158167608223,Organic clay 1,1,1.86,2.3,-0.42000000000000015,-0.8599999999999999
-0.56,2.0,0.5016,0.01775,0.57374,-0.45,-0.35593,2.4,3.6995,142.0,1.9999,0.5016,5.016,3.2967218453115823,,,10.299227335793118,Organic clay,10.299227335793118,-5.283227335793118,Organic clay 1,1,1.86,2.3,-0.42000000000000015,-0.8599999999999999
-0.5800000000000001,2.02,0.4912,0.018223,0.58287,-0.43333,-0.38983,2.4,3.9303,143.0,2.0199,0.4912,4.912000000000001,3.3186662589063145,,,10.625243174370867,Organic clay,10.625243174370867,-5.7132431743708665,Organic clay 1,1,1.86,2.3,-0.42000000000000015,-0.8599999999999999
-0.6000000000000001,2.04,0.45649,0.018707,0.61906,-0.46667,-0.40678,2.4,4.161,144.0,2.0399,0.45649,4.5649,3.358860645214847,,,10.902717446164834,Organic clay,10.902717446164834,-6.337817446164834,Organic clay 1,1,1.86,2.3,-0.42000000000000015,-0.8599999999999999
-0.6200000000000001,2.06,0.4357,0.019238,0.5844,-0.45,-0.37288,2.45,4.425,145.0,2.0599,0.4357,4.357,3.390447082726704,,,11.177780823484206,Organic clay,11.177780823484206,-6.820780823484205,Organic clay 1,1,1.86,2.3,-0.42000000000000015,-0.8599999999999999
-0.6400000000000001,2.08,0.41752,0.019452,0.56076,-0.43333,-0.35593,2.45,4.6205,145.0,2.0799,0.41752,4.1752,3.416239522001864,,,11.359242509365531,Organic clay,11.359242509365531,-7.184042509365531,Organic clay 1,1,1.86,2.3,-0.42000000000000015,-0.8599999999999999
-0.6600000000000001,2.1,0.40116,0.019726,0.53713,-0.41667,-0.33898,2.35,4.8151,146.0,2.0999,0.40116,4.0116000000000005,3.4406067520196686,,,11.524891898986615,Organic clay,11.524891898986615,-7.513291898986615,Organic clay 1,1,1.86,2.3,-0.42000000000000015,-0.8599999999999999
-0.6800000000000002,2.12,0.39031,0.019351,0.57167,-0.43333,-0.37288,2.35,4.8163,147.0,2.1199,0.39031,3.9031000000000002,3.4505942994856635,,,11.525872458067063,Organic clay,11.525872458067063,-7.622772458067063,Organic clay 1,1,1.86,2.3,-0.42000000000000015,-0.8599999999999999
-0.7000000000000002,2.14,0.38414,0.018663,0.5869,-0.46667,-0.35593,2.4,4.7128,148.0,2.1399,0.38414,3.8413999999999997,3.45118473417137,,,11.439507260211277,Organic clay,11.439507260211277,-7.598107260211277,Organic clay 1,1,1.86,2.3,-0.42000000000000015,-0.8599999999999999
-0.7200000000000002,2.16,0.39155,0.017482,0.60806,-0.46667,-0.38983,2.45,4.4495,149.0,2.1599,0.39155,3.9155,3.4305888875176893,,,11.201451858908172,Organic clay,11.201451858908172,-7.285951858908172,Organic clay 1,1,1.86,2.3,-0.42000000000000015,-0.8599999999999999
-0.7400000000000002,2.18,0.40052,0.016832,0.57374,-0.45,-0.35593,2.4,4.2661,150.0,2.1799,0.40052,4.005199999999999,3.4123978010270757,,,11.016918791251275,Organic clay,11.016918791251275,-7.011718791251275,Organic clay 1,1,1.86,2.3,-0.42000000000000015,-0.8599999999999999
-0.7600000000000002,2.2,0.39332,0.016135,0.61906,-0.46667,-0.40678,2.4,4.0164,150.0,2.1999,0.39332,3.9332,3.404918007827496,,,10.733599974824582,Organic clay,10.733599974824582,-6.8003999748245825,Organic clay 1,1,1.86,2.3,-0.42000000000000015,-0.8599999999999999
-0.7800000000000002,2.22,0.38945,0.016094,0.61793,-0.51667,-0.33898,2.35,3.8937,151.0,2.2199,0.38945,3.8945000000000003,3.4013542449790926,,,10.5772191784154,Organic clay,10.5772191784154,-6.6827191784153985,Organic clay 1,1,1.86,2.3,-0.42000000000000015,-0.8599999999999999
-0.8000000000000003,2.24,0.39274,0.017279,0.5844,-0.45,-0.37288,2.45,4.0391,152.0,2.2399,0.39274,3.9273999999999996,3.4067707188068383,,,10.761162169440748,Organic clay,10.761162169440748,-6.833762169440749,Organic clay 1,1,1.86,2.3,-0.42000000000000015,-0.8599999999999999
-0.8199999999999998,2.26,0.41445,0.018595,0.64722,-0.51667,-0.38983,2.4,4.2087,153.0,2.2599,0.41445,4.1445,3.3967332695481707,,,10.955385350192216,Organic clay,10.955385350192216,-6.810885350192216,Organic clay 1,1,1.86,2.3,-0.42000000000000015,-0.8599999999999999
-0.8399999999999999,2.28,0.44767,0.02118,0.5844,-0.45,-0.37288,2.4,4.6263,154.0,2.2799,0.44767,4.4767,3.3913278070129516,,,11.36438173358697,Organic clay,11.36438173358697,-6.8876817335869704,Organic clay 1,1,1.86,2.3,-0.42000000000000015,-0.8599999999999999
-0.8599999999999999,2.3,0.47687,0.023964,0.61044,-0.48333,-0.37288,2.4,5.0448,154.0,2.2999,0.47687,4.7687,3.389743267489403,,,11.704506186473438,Organic clay,11.704506186473438,-6.935806186473438,Peat 1,1,2.3,3.06,-0.8599999999999999,-1.62
-0.8799999999999999,2.32,0.50734,0.026937,0.62094,-0.48333,-0.38983,2.4,5.4715,155.0,2.3199,0.50734,5.0734,3.3878830748492526,,13.03785586850047,12.00174671426409,Peat,13.03785586850047,-7.96445586850047,Peat 1,1,2.3,3.06,-0.8599999999999999,-1.62
-0.8999999999999999,2.34,0.51278,0.031144,0.61374,-0.5,-0.35593,2.4,6.1517,156.0,2.3399,0.51278,5.1278,3.413801687129624,,16.911784642792693,12.403440883607237,Peat,16.911784642792693,-11.783984642792692,Peat 1,1,2.3,3.06,-0.8599999999999999,-1.62
-0.9199999999999999,2.36,0.5213,0.034883,0.61906,-0.46667,-0.40678,2.4,6.7687,157.0,2.3599,0.5213,5.212999999999999,3.4326517212818572,,18.98064810752804,12.7132203688551,Peat,18.98064810752804,-13.767648107528041,Peat 1,1,2.3,3.06,-0.8599999999999999,-1.62
-0.94,2.38,0.52699,0.037362,0.67833,-0.56667,-0.37288,2.4,7.1825,158.0,2.3799,0.52699,5.2699,3.4443447419305113,,20.061468659472023,12.89927404509625,Peat,20.061468659472023,-14.791568659472023,Peat 1,1,2.3,3.06,-0.8599999999999999,-1.62
-0.96,2.4,0.53115,0.039323,0.62739,-0.51667,-0.35593,2.4,7.5551,159.0,2.3999,0.53115,5.3115,3.4549160200506184,,20.90421039162469,13.054701669406768,Peat,20.90421039162469,-15.592710391624692,Peat 1,1,2.3,3.06,-0.8599999999999999,-1.62
-0.98,2.42,0.52601,0.040828,0.634,-0.5,-0.38983,2.4,7.8569,159.0,2.4199,0.52601,5.2600999999999996,3.4686195715458656,,21.51898210973303,13.173328783110978,Peat,21.51898210973303,-16.25888210973303,Peat 1,1,2.3,3.06,-0.8599999999999999,-1.62
-1.0,2.44,0.52041,0.041749,0.65074,-0.53333,-0.37288,2.4,8.0574,160.0,2.4399,0.52041,5.2041,3.4789822114371485,,21.89999361811244,13.24891566726945,Peat,21.89999361811244,-16.69589361811244,Peat 1,1,2.3,3.06,-0.8599999999999999,-1.62
-1.02,2.46,0.51543,0.042426,0.64118,-0.53333,-0.35593,2.4,8.2274,161.0,2.4599,0.51543,5.154300000000001,3.4878323394952715,,22.20814728850003,13.311143300400069,Peat,22.20814728850003,-17.05384728850003,Peat 1,1,2.3,3.06,-0.8599999999999999,-1.62
-1.04,2.48,0.50984,0.042643,0.64118,-0.53333,-0.35593,2.4,8.341,162.0,2.4799,0.50984,5.0984,3.4952233790088973,,22.407129746305888,13.351825251365652,Peat,22.407129746305888,-17.308729746305886,Peat 1,1,2.3,3.06,-0.8599999999999999,-1.62
-1.06,2.5,0.50599,0.041814,0.65074,-0.53333,-0.37288,2.4,8.2635,163.0,2.4999,0.50599,5.059900000000001,3.4953456108466705,,22.27195963586515,13.324147709303706,Peat,22.27195963586515,-17.212059635865153,Peat 1,1,2.3,3.06,-0.8599999999999999,-1.62
-1.08,2.52,0.50933,0.040717,0.63716,-0.51667,-0.37288,2.4,8.1455,164.0,2.5199,0.50933,5.093299999999999,3.489266907695291,,22.06130110233434,13.281370408902056,Peat,22.06130110233434,-16.96800110233434,Peat 1,1,2.3,3.06,-0.8599999999999999,-1.62
-1.1,2.54,0.50724,0.039955,0.63716,-0.51667,-0.37288,2.4,8.096,164.0,2.5399,0.50724,5.0724,3.489065740777261,,21.971106205043515,13.263190756140357,Peat,21.971106205043515,-16.898706205043517,Peat 1,1,2.3,3.06,-0.8599999999999999,-1.62
-1.12,2.56,0.49578,0.038469,0.6606,-0.53333,-0.38983,2.4,7.9237,165.0,2.5599,0.49578,4.9578,3.4912572360548353,,21.648166006540908,13.19878512927155,Peat,21.648166006540908,-16.69036600654091,Peat 1,1,2.3,3.06,-0.8599999999999999,-1.62
-1.1400000000000001,2.58,0.48403,0.03728,0.66447,-0.55,-0.37288,2.4,7.8009,166.0,2.5799,0.48403,4.8403,3.4954386986859407,,21.408862720755977,13.151771237866244,Peat,21.408862720755977,-16.568562720755978,Peat 1,1,2.3,3.06,-0.8599999999999999,-1.62
-1.1600000000000001,2.6,0.47134,0.03556,0.66917,-0.56667,-0.35593,2.4,7.5709,167.0,2.5999,0.47134,4.7134,3.4968213165398154,,20.937762223371987,13.061065479952335,Peat,20.937762223371987,-16.224362223371987,Peat 1,1,2.3,3.06,-0.8599999999999999,-1.62
-1.1800000000000002,2.62,0.46463,0.033805,0.62372,-0.5,-0.37288,2.4,7.3244,168.0,2.6199,0.46463,4.6463,3.4932051611628476,,20.39481136213322,12.959717465156483,Peat,20.39481136213322,-15.748511362133218,Peat 1,1,2.3,3.06,-0.8599999999999999,-1.62
-1.2000000000000002,2.64,0.44563,0.031766,0.64722,-0.51667,-0.38983,2.4,6.9791,169.0,2.6399,0.44563,4.456300000000001,3.4953473895404796,,19.55257427289955,12.809733367660872,Peat,19.55257427289955,-15.096274272899551,Peat 1,1,2.3,3.06,-0.8599999999999999,-1.62
-1.2200000000000002,2.66,0.44517,0.030681,0.64456,-0.5,-0.40678,2.4,6.7975,170.0,2.6599,0.44517,4.4517,3.4889616594944024,,19.06201982487067,12.7266783796785,Peat,19.06201982487067,-14.610319824870672,Peat 1,1,2.3,3.06,-0.8599999999999999,-1.62
-1.2400000000000002,2.68,0.44375,0.030114,0.63193,-0.53333,-0.33898,2.4,6.702,170.0,2.6799,0.44375,4.4375,3.4864739131535933,,18.7880669496449,12.68173831447419,Peat,18.7880669496449,-14.3505669496449,Peat 1,1,2.3,3.06,-0.8599999999999999,-1.62
-1.2600000000000002,2.7,0.44203,0.03063,0.62739,-0.51667,-0.35593,2.4,6.8271,171.0,2.6999,0.44203,4.4203,3.492557726384088,,19.144579960156346,12.740426698595384,Peat,19.144579960156346,-14.724279960156345,Peat 1,1,2.3,3.06,-0.8599999999999999,-1.62
-1.2800000000000002,2.72,0.44465,0.030907,0.65757,-0.51667,-0.40678,2.4,6.8658,172.0,2.7199,0.44465,4.4464999999999995,3.4919277217068223,,19.250935958912866,12.75827582477435,Peat,19.250935958912866,-14.804435958912865,Peat 1,1,2.3,3.06,-0.8599999999999999,-1.62
-1.3000000000000003,2.74,0.45363,0.039806,0.67413,-0.55,-0.38983,2.4,8.8238,173.0,2.7399,0.45363,4.5363,3.5503114456603644,,23.19866844684665,13.517313132558757,Peat,23.19866844684665,-18.66236844684665,Peat 1,1,2.3,3.06,-0.8599999999999999,-1.62
-1.3199999999999998,2.76,0.45517,0.039879,0.70475,-0.55,-0.44068,2.4,8.7859,174.0,2.7599,0.45517,4.5517,3.548004861167938,,23.139414101625164,13.50473126693481,Peat,23.139414101625164,-18.587714101625163,Peat 1,1,2.3,3.06,-0.8599999999999999,-1.62
-1.3399999999999999,2.78,0.45921,0.039964,0.65511,-0.55,-0.35593,2.4,8.7623,174.0,2.7799,0.45921,4.592099999999999,3.5442513253931986,,23.102285701708443,13.496862960428016,Peat,23.102285701708443,-18.510185701708444,Peat 1,1,2.3,3.06,-0.8599999999999999,-1.62
-1.3599999999999999,2.8,0.45775,0.038807,0.65074,-0.53333,-0.37288,2.4,8.5047,175.0,2.7999,0.45775,4.5775,3.537457117985737,,22.68486420357398,13.409240855590108,Peat,22.68486420357398,-18.10736420357398,Peat 1,1,2.3,3.06,-0.8599999999999999,-1.62
-1.38,2.82,0.45281,0.038096,0.68334,-0.58333,-0.35593,2.4,8.3736,176.0,2.8199,0.45281,4.5281,3.537109194099232,,22.46326467036224,13.363371188823097,Peat,22.46326467036224,-17.93516467036224,Peat 1,1,2.3,3.06,-0.8599999999999999,-1.62
-1.4,2.84,0.46591,0.036936,0.64606,-0.55,-0.33898,1.8,8.1603,190.0,2.8399,0.46591,4.6591,3.520466234482721,,22.088054831064525,13.286778661972022,Peat,22.088054831064525,-17.428954831064527,Peat 1,1,2.3,3.06,-0.8599999999999999,-1.62
-1.42,2.86,0.45963,0.0365,0.65074,-0.53333,-0.37288,2.35,8.107,191.0,2.8599,0.45963,4.5963,3.523438152188149,,21.99124556773413,13.267242892612524,Peat,21.99124556773413,-17.39494556773413,Peat 1,1,2.3,3.06,-0.8599999999999999,-1.62
-1.44,2.88,0.44635,0.036,0.65177,-0.56667,-0.32203,2.45,7.9438,192.0,2.8799,0.44635,4.4635,3.528278626135636,,21.686588237860004,13.20639073718997,Peat,21.686588237860004,-17.223088237860004,Peat 1,1,2.3,3.06,-0.8599999999999999,-1.62
-1.46,2.9,0.44278,0.0356,0.69231,-0.58333,-0.37288,2.45,7.4831,193.0,2.8999,0.44278,4.4278,3.5155499950775986,,20.749232534623744,13.02547722357857,Peat,20.749232534623744,-16.321432534623742,Peat 1,1,2.3,3.06,-0.8599999999999999,-1.62
-1.48,2.92,0.43658,0.036022,0.66031,-0.56667,-0.33898,2.4,6.3195,194.0,2.9199,0.43658,4.3658,3.4773117974777437,,17.549385834093293,12.492072953835518,Peat,17.549385834093293,-13.183585834093293,Peat 1,1,2.3,3.06,-0.8599999999999999,-1.62
-1.5,2.94,0.44001,0.038255,0.66447,-0.55,-0.37288,2.4,4.7405,195.0,2.9399,0.44001,4.4001,3.4034487194714553,,,11.462984748285477,Organic clay,11.462984748285477,-7.062884748285477,Peat 1,1,2.3,3.06,-0.8599999999999999,-1.62
-1.52,2.96,0.48142,0.0378,0.70159,-0.58333,-0.38983,2.4,3.1633,195.0,2.9599,0.48142,4.8142000000000005,3.275500674018291,,,9.177334676745,Organic clay,9.177334676745,-4.363134676744999,Peat 1,1,2.3,3.06,-0.8599999999999999,-1.62
-1.54,2.98,0.63323,0.0373,0.74106,-0.65,-0.35593,2.4,2.2095,196.0,2.9799,0.63323,6.332299999999999,3.093150475143957,,,,Clay & silt,,,Peat 1,1,2.3,3.06,-0.8599999999999999,-1.62
-1.56,3.0,1.2202,0.036896,0.75572,-0.66667,-0.35593,2.4,1.5906,197.0,2.9999,1.2202,12.202,2.7752903800852002,,,,Silty clay / clayey silt,,,Peat 1,1,2.3,3.06,-0.8599999999999999,-1.62
-1.58,3.02,2.3554,0.035603,0.78095,-0.66667,-0.40678,2.35,1.1591,198.0,3.0199,2.3554,23.554000000000002,2.4597355846996454,,,,Sand mixtures,,,Peat 1,1,2.3,3.06,-0.8599999999999999,-1.62
-1.6,3.04,3.5499,0.034944,0.80403,-0.68333,-0.42373,2.45,0.892,199.0,3.0399,3.5499,35.499,2.2484047769924347,,,,Sand mixtures,,,Peat 1,1,2.3,3.06,-0.8599999999999999,-1.62
-1.62,3.06,4.3885,0.036275,0.73493,-0.63333,-0.37288,2.45,0.74607,199.0,3.0599,4.3885,43.885,2.1294589999581124,,,,Sand mixtures,,,Sand 2,2,3.06,9.88,-1.62,-8.440000000000001
-1.6400000000000001,3.08,5.4884,0.038943,0.70641,-0.6,-0.37288,2.4,0.66762,200.0,3.0799,5.4884,54.88400000000001,2.021350917441481,,,,Sand,,,Sand 2,2,3.06,9.88,-1.62,-8.440000000000001
-1.6600000000000001,3.1,6.4561,0.0387,0.67833,-0.56667,-0.37288,2.4,0.57332,201.0,3.0999,6.4561,64.561,1.9269041609232695,,,,Sand,,,Sand 2,2,3.06,9.88,-1.62,-8.440000000000001
-1.6800000000000002,3.12,7.2489,0.0385,0.67413,-0.55,-0.38983,2.4,0.5096,202.0,3.1199,7.2489,72.48899999999999,1.8576808876570097,,,,Sand,,,Sand 2,2,3.06,9.88,-1.62,-8.440000000000001
-1.7000000000000002,3.14,8.1901,0.038335,0.68407,-0.55,-0.40678,2.4,0.46348,203.0,3.1399,8.1901,81.901,1.791200555733067,,,,Sand,,,Sand 2,2,3.06,9.88,-1.62,-8.440000000000001
-1.7200000000000002,3.16,8.9876,0.043091,0.63172,-0.48333,-0.40678,2.35,0.48659,204.0,3.1599,8.9876,89.876,1.7669978366638461,,,,Sand,,,Sand 2,2,3.06,9.88,-1.62,-8.440000000000001
-1.7400000000000002,3.18,9.6916,0.051253,0.68935,-0.5,-0.47458,2.4,0.54967,205.0,3.1799,9.6916,96.91599999999998,1.7671667394062451,,,,Sand,,,Sand 2,2,3.06,9.88,-1.62,-8.440000000000001
-1.7600000000000002,3.2,9.9889,0.056751,0.65538,-0.5,-0.42373,2.4,0.58533,205.0,3.1999,9.9889,99.889,1.7712364618997798,,,,Sand,,,Sand 2,2,3.06,9.88,-1.62,-8.440000000000001
-1.7800000000000002,3.22,10.118,0.059616,0.65399,-0.45,-0.47458,2.4,0.59904,206.0,3.2199,10.118,101.18,1.7722487774809745,,,,Sand,,,Sand 2,2,3.06,9.88,-1.62,-8.440000000000001
-1.8000000000000003,3.24,10.165,0.06144,0.72668,-0.48333,-0.54267,2.4,0.60782,207.0,3.2399,10.165,101.65,1.774153046356119,,,,Sand,,,Sand 2,2,3.06,9.88,-1.62,-8.440000000000001
-1.8199999999999998,3.26,10.205,0.063814,0.69015,-0.46667,-0.50847,2.4,0.62714,208.0,3.2599,10.205,102.05,1.7804768888572897,,,,Sand,,,Sand 2,2,3.06,9.88,-1.62,-8.440000000000001
-1.8399999999999999,3.28,10.218,0.06577,0.77953,-0.48333,-0.61163,2.4,0.6447,209.0,3.2799,10.218,102.18,1.7869049197246922,,,,Sand,,,Sand 2,2,3.06,9.88,-1.62,-8.440000000000001
-1.8599999999999999,3.3,10.242,0.066051,0.73183,-0.45,-0.57715,2.4,0.64717,210.0,3.2999,10.242,102.42,1.787029800844419,,,,Sand,,,Sand 2,2,3.06,9.88,-1.62,-8.440000000000001
-1.88,3.32,10.238,0.065374,0.75568,-0.46667,-0.59439,2.4,0.64053,210.0,3.3199,10.238,102.38,1.7845882368023234,,,,Sand,,,Sand 2,2,3.06,9.88,-1.62,-8.440000000000001
-1.9,3.34,10.228,0.064723,0.7455,-0.45,-0.59439,2.4,0.6344,211.0,3.3399,10.228,102.28,1.7825368449118055,,,,Sand,,,Sand 2,2,3.06,9.88,-1.62,-8.440000000000001
-1.92,3.36,10.2,0.064874,0.78309,-0.46667,-0.62887,2.4,0.63627,212.0,3.3599,10.2,102.0,1.7842452941309939,,,,Sand,,,Sand 2,2,3.06,9.88,-1.62,-8.440000000000001
-1.94,3.38,10.153,0.064624,0.77953,-0.48333,-0.61163,2.35,0.63458,213.0,3.3799,10.153,101.53,1.7852267050911192,,,,Sand,,,Sand 2,2,3.06,9.88,-1.62,-8.440000000000001
-1.96,3.4,10.166,0.063589,0.81387,-0.51667,-0.62887,2.4,0.6255,214.0,3.3999,10.166,101.66,1.781192793609998,,,,Sand,,,Sand 2,2,3.06,9.88,-1.62,-8.440000000000001
-1.98,3.42,10.172,0.062517,0.82726,-0.51667,-0.64611,2.4,0.61617,215.0,3.4198,10.172,101.72,1.7772662660773286,,,,Sand,,,Sand 2,2,3.06,9.88,-1.62,-8.440000000000001
-2.0,3.44,10.169,0.062483,0.83066,-0.5,-0.66335,2.4,0.61766,215.0,3.4398,10.169,101.69,1.7779677812544956,,,,Sand,,,Sand 2,2,3.06,9.88,-1.62,-8.440000000000001
-2.02,3.46,10.144,0.062362,0.82252,-0.55,-0.61163,2.4,0.61825,216.0,3.4598,10.144,101.44,1.7790829871711358,,,,Sand,,,Sand 2,2,3.06,9.88,-1.62,-8.440000000000001
-2.04,3.48,10.096,0.062385,0.84848,-0.55,-0.64611,2.4,0.62083,217.0,3.4798,10.096,100.96,1.7818057785542227,,,,Sand,,,Sand 2,2,3.06,9.88,-1.62,-8.440000000000001
-2.06,3.5,10.067,0.062524,0.82455,-0.53333,-0.62887,2.4,0.62507,218.0,3.4998,10.067,100.67,1.7845148477820194,,,,Sand,,,Sand 2,2,3.06,9.88,-1.62,-8.440000000000001
-2.08,3.52,9.9608,0.062725,0.86464,-0.53333,-0.6806,2.4,0.63019,219.0,3.5198,9.9608,99.608,1.7903184233445646,,,,Sand,,,Sand 2,2,3.06,9.88,-1.62,-8.440000000000001
-2.1,3.54,9.9188,0.062963,0.86168,-0.55,-0.66335,2.4,0.63595,219.0,3.5398,9.9188,99.18799999999999,1.7940783886427836,,,,Sand,,,Sand 2,2,3.06,9.88,-1.62,-8.440000000000001
-2.12,3.56,9.8602,0.062542,0.87502,-0.55,-0.6806,2.4,0.63472,220.0,3.5598,9.8602,98.602,1.7957136956813964,,,,Sand,,,Sand 2,2,3.06,9.88,-1.62,-8.440000000000001
-2.14,3.58,9.8051,0.062372,0.86826,-0.51667,-0.69784,2.4,0.63627,221.0,3.5798,9.8051,98.051,1.7983175245869019,,,,Sand,,,Sand 2,2,3.06,9.88,-1.62,-8.440000000000001
-2.16,3.6,9.7743,0.061389,0.8989,-0.56667,-0.69784,2.35,0.62884,222.0,3.5998,9.7743,97.74300000000001,1.796544042245607,,,,Sand,,,Sand 2,2,3.06,9.88,-1.62,-8.440000000000001
-2.18,3.62,9.722,0.061041,0.88849,-0.55,-0.69784,2.4,0.62787,223.0,3.6198,9.722,97.22,1.7980843151729238,,,,Sand,,,Sand 2,2,3.06,9.88,-1.62,-8.440000000000001
-2.2,3.64,9.7191,0.060335,0.92279,-0.58333,-0.71508,2.4,0.62339,224.0,3.6398,9.7191,97.19099999999999,1.7964325874136682,,,,Sand,,,Sand 2,2,3.06,9.88,-1.62,-8.440000000000001
-2.22,3.66,9.662,0.059777,0.89203,-0.53333,-0.71508,2.4,0.62051,225.0,3.6598,9.662,96.62,1.7974109205520319,,,,Sand,,,Sand 2,2,3.06,9.88,-1.62,-8.440000000000001
-2.24,3.68,9.6366,0.058828,0.90727,-0.6,-0.6806,2.4,0.61365,225.0,3.6798,9.6366,96.366,1.795640997213015,,,,Sand,,,Sand 2,2,3.06,9.88,-1.62,-8.440000000000001
-2.2600000000000002,3.7,9.5951,0.058513,0.86168,-0.55,-0.66335,2.4,0.61275,226.0,3.6998,9.5951,95.95100000000001,1.7968350957327506,,,,Sand,,,Sand 2,2,3.06,9.88,-1.62,-8.440000000000001
-2.2800000000000002,3.72,9.5138,0.058595,0.92966,-0.55,-0.74956,2.4,0.61584,227.0,3.7198,9.5138,95.13799999999999,1.8011199754371854,,,,Sand,,,Sand 2,2,3.06,9.88,-1.62,-8.440000000000001
-2.3000000000000003,3.74,9.4451,0.054785,0.91235,-0.56667,-0.71508,2.4,0.57759,228.0,3.7398,9.4451,94.45100000000001,1.7882909704338816,,,,Sand,,,Sand 2,2,3.06,9.88,-1.62,-8.440000000000001
-2.32,3.76,9.3979,0.053774,0.94669,-0.6,-0.73232,2.4,0.57165,229.0,3.7598,9.3979,93.979,1.7876521390755802,,,,Sand,,,Sand 2,2,3.06,9.88,-1.62,-8.440000000000001
-2.34,3.78,9.425,0.053976,0.92279,-0.58333,-0.71508,2.4,0.57621,230.0,3.7798,9.425,94.25,1.7884946019678376,,,,Sand,,,Sand 2,2,3.06,9.88,-1.62,-8.440000000000001
-2.36,3.8,9.4419,0.053631,0.93962,-0.56667,-0.74956,2.4,0.57379,230.0,3.7998,9.4419,94.419,1.7868421291084293,,,,Sand,,,Sand 2,2,3.06,9.88,-1.62,-8.440000000000001
-2.38,3.82,9.4265,0.053572,0.91235,-0.56667,-0.71508,2.4,0.57417,231.0,3.8198,9.4265,94.265,1.7875927405554037,,,,Sand,,,Sand 2,2,3.06,9.88,-1.62,-8.440000000000001
-2.4,3.84,9.0086,0.054428,0.95343,-0.56667,-0.7668,1.75,0.58437,245.0,3.8398,9.0086,90.086,1.8082633998510136,,,,Sand,,,Sand 2,2,3.06,9.88,-1.62,-8.440000000000001
-2.42,3.86,9.2809,0.054883,0.93621,-0.58333,-0.73232,2.35,0.59067,246.0,3.8598,9.2809,92.80900000000001,1.800000073833742,,,,Sand,,,Sand 2,2,3.06,9.88,-1.62,-8.440000000000001
-2.44,3.88,9.3481,0.054633,0.95733,-0.61667,-0.73232,2.4,0.58913,247.0,3.8798,9.3481,93.48100000000001,1.7967605777485345,,,,Sand,,,Sand 2,2,3.06,9.88,-1.62,-8.440000000000001
-2.46,3.9,9.3143,0.056461,0.98396,-0.61667,-0.7668,2.4,0.60942,248.0,3.8998,9.3143,93.14299999999999,1.8062136186846955,,,,Sand,,,Sand 2,2,3.06,9.88,-1.62,-8.440000000000001
-2.48,3.92,9.266,0.057163,0.97058,-0.61667,-0.74956,2.4,0.61368,249.0,3.9198,9.266,92.66,1.8097734069719251,,,,Sand,,,Sand 2,2,3.06,9.88,-1.62,-8.440000000000001
-2.5,3.94,9.2461,0.057475,0.98724,-0.6,-0.78404,2.45,0.61604,250.0,3.9398,9.2461,92.461,1.8114774991833584,,,,Sand,,,Sand 2,2,3.06,9.88,-1.62,-8.440000000000001
-2.52,3.96,9.2982,0.057934,0.99745,-0.61667,-0.78404,2.4,0.62064,251.0,3.9598,9.2982,92.98199999999999,1.811256552042126,,,,Sand,,,Sand 2,2,3.06,9.88,-1.62,-8.440000000000001
-2.54,3.98,9.3552,0.057813,1.0111,-0.61667,-0.80129,2.4,0.61884,251.0,3.9798,9.3552,93.552,1.8083508213904818,,,,Sand,,,Sand 2,2,3.06,9.88,-1.62,-8.440000000000001
-2.56,4.0,9.4092,0.057469,0.99108,-0.58333,-0.80129,2.4,0.61406,252.0,3.9998,9.4092,94.09200000000001,1.8043956206645084,,,,Sand,,,Sand 2,2,3.06,9.88,-1.62,-8.440000000000001
-2.5799999999999996,4.02,9.3998,0.056987,0.9736,-0.6,-0.7668,2.4,0.60734,253.0,4.0198,9.3998,93.998,1.8020902958071936,,,,Sand,,,Sand 2,2,3.06,9.88,-1.62,-8.440000000000001
-2.6,4.04,9.3872,0.056329,0.99449,-0.63333,-0.7668,2.4,0.59891,254.0,4.0398,9.3872,93.87200000000001,1.7992021313624844,,,,Sand,,,Sand 2,2,3.06,9.88,-1.62,-8.440000000000001
-2.6199999999999997,4.06,9.3751,0.054902,0.98396,-0.61667,-0.7668,2.4,0.58236,255.0,4.0598,9.3751,93.751,1.7929524653371895,,,,Sand,,,Sand 2,2,3.06,9.88,-1.62,-8.440000000000001
-2.64,4.08,9.4001,0.055003,0.98126,-0.63333,-0.74956,2.4,0.58241,255.0,4.0798,9.4001,94.001,1.792006759280874,,,,Sand,,,Sand 2,2,3.06,9.88,-1.62,-8.440000000000001
-2.6599999999999997,4.1,9.4397,0.054422,0.98396,-0.61667,-0.7668,2.4,0.57556,256.0,4.0998,9.4397,94.397,1.7876598106234516,,,,Sand,,,Sand 2,2,3.06,9.88,-1.62,-8.440000000000001
-2.68,4.12,9.4756,0.053871,1.0078,-0.63333,-0.78404,2.4,0.5691,257.0,4.1198,9.4756,94.756,1.78359644214701,,,,Sand,,,Sand 2,2,3.06,9.88,-1.62,-8.440000000000001
-2.6999999999999997,4.14,9.5339,0.05385,1.0111,-0.61667,-0.80129,2.4,0.56804,258.0,4.1398,9.5339,95.339,1.780923480710088,,,,Sand,,,Sand 2,2,3.06,9.88,-1.62,-8.440000000000001
-2.72,4.16,9.5411,0.054154,1.0495,-0.71667,-0.7668,2.4,0.57071,259.0,4.1598,9.5411,95.411,1.7817642889128682,,,,Sand,,,Sand 2,2,3.06,9.88,-1.62,-8.440000000000001
-2.7399999999999998,4.18,9.4914,0.054636,1.0142,-0.68333,-0.74956,2.4,0.57603,260.0,4.1797,9.4914,94.914,1.7858710766311636,,,,Sand,,,Sand 2,2,3.06,9.88,-1.62,-8.440000000000001
-2.7600000000000002,4.2,9.4703,0.055125,1.0901,-0.7,-0.83577,2.4,0.58164,260.0,4.1997,9.4703,94.70299999999999,1.7889922609846405,,,,Sand,,,Sand 2,2,3.06,9.88,-1.62,-8.440000000000001
-2.78,4.22,9.4875,0.055003,1.053,-0.68333,-0.80129,2.4,0.58043,261.0,4.2197,9.4875,94.875,1.7878365560456733,,,,Sand,,,Sand 2,2,3.06,9.88,-1.62,-8.440000000000001
-2.8000000000000003,4.24,9.4716,0.054876,1.0662,-0.68333,-0.81853,2.4,0.57849,262.0,4.2397,9.4716,94.71600000000001,1.787645479817141,,,,Sand,,,Sand 2,2,3.06,9.88,-1.62,-8.440000000000001
-2.82,4.26,9.4081,0.055207,1.0291,-0.66667,-0.78404,2.4,0.58066,263.0,4.2597,9.4081,94.08099999999999,1.7909798472325595,,,,Sand,,,Sand 2,2,3.06,9.88,-1.62,-8.440000000000001
-2.8400000000000003,4.28,9.4163,0.055744,1.053,-0.68333,-0.80129,2.4,0.58485,264.0,4.2797,9.4163,94.163,1.7923813853824133,,,,Sand,,,Sand 2,2,3.06,9.88,-1.62,-8.440000000000001
-2.86,4.3,9.5239,0.055286,1.0662,-0.68333,-0.81853,2.4,0.57881,265.0,4.2997,9.5239,95.23899999999999,1.7857800152670489,,,,Sand,,,Sand 2,2,3.06,9.88,-1.62,-8.440000000000001
-2.8800000000000003,4.32,9.6199,0.055378,1.077,-0.7,-0.81853,2.4,0.5785,265.0,4.3197,9.6199,96.199,1.782016186389936,,,,Sand,,,Sand 2,2,3.06,9.88,-1.62,-8.440000000000001
-2.9,4.34,9.6625,0.056281,1.1034,-0.7,-0.85301,2.4,0.58636,266.0,4.3397,9.6625,96.625,1.7836557761287917,,,,Sand,,,Sand 2,2,3.06,9.88,-1.62,-8.440000000000001
-2.9200000000000004,4.36,9.6606,0.057809,1.077,-0.7,-0.81853,2.4,0.60103,267.0,4.3597,9.6606,96.60600000000001,1.7896944824331897,,,,Sand,,,Sand 2,2,3.06,9.88,-1.62,-8.440000000000001
-2.94,4.38,9.6513,0.059096,1.1248,-0.73333,-0.85301,2.4,0.61393,268.0,4.3797,9.6513,96.513,1.7952044249839043,,,,Sand,,,Sand 2,2,3.06,9.88,-1.62,-8.440000000000001
-2.9600000000000004,4.4,9.6391,0.060983,1.1248,-0.73333,-0.85301,2.4,0.63339,269.0,4.3997,9.6391,96.39099999999999,1.8033024181372639,,,,Sand,,,Sand 2,2,3.06,9.88,-1.62,-8.440000000000001
-2.98,4.42,9.6123,0.062237,1.1229,-0.75,-0.83577,2.4,0.64547,270.0,4.4197,9.6123,96.12299999999999,1.8089575155793272,,,,Sand,,,Sand 2,2,3.06,9.88,-1.62,-8.440000000000001
-3.0000000000000004,4.44,9.5764,0.0606,1.1118,-0.73333,-0.83577,2.4,0.62687,271.0,4.4397,9.5764,95.764,1.8030997465248515,,,,Sand,,,Sand 2,2,3.06,9.88,-1.62,-8.440000000000001
-3.02,4.46,9.5856,0.059,1.1248,-0.73333,-0.85301,2.4,0.60683,271.0,4.4597,9.5856,95.85599999999998,1.7948316339227461,,,,Sand,,,Sand 2,2,3.06,9.88,-1.62,-8.440000000000001
-3.0400000000000005,4.48,9.6373,0.057343,1.1273,-0.71667,-0.87025,2.4,0.58564,272.0,4.4797,9.6373,96.37299999999999,1.7843046489294498,,,,Sand,,,Sand 2,2,3.06,9.88,-1.62,-8.440000000000001
-3.06,4.5,9.7745,0.056382,1.1751,-0.75,-0.90473,2.4,0.5712,273.0,4.4997,9.7745,97.745,1.7731991775843383,,,,Sand,,,Sand 2,2,3.06,9.88,-1.62,-8.440000000000001
-3.0799999999999996,4.52,9.8605,0.053824,1.138,-0.73333,-0.87025,2.4,0.5415,274.0,4.5197,9.8605,98.605,1.7573344507148716,,,,Sand,,,Sand 2,2,3.06,9.88,-1.62,-8.440000000000001
-3.1,4.54,10.095,0.051701,1.138,-0.73333,-0.87025,2.4,0.5173,275.0,4.5397,10.095,100.95,1.7380216590808695,,,,Sand,,,Sand 2,2,3.06,9.88,-1.62,-8.440000000000001
-3.1199999999999997,4.56,10.191,0.0515,1.2018,-0.75,-0.93922,2.35,0.51375,276.0,4.5597,10.191,101.91,1.7329480942298423,,,,Sand,,,Sand 2,2,3.06,9.88,-1.62,-8.440000000000001
-3.14,4.58,10.246,0.0514,1.2123,-0.76667,-0.93922,2.4,0.51258,276.0,4.5797,10.246,102.46,1.7304445495779641,,,,Sand,,,Sand 2,2,3.06,9.88,-1.62,-8.440000000000001
-3.1599999999999997,4.6,10.129,0.051206,1.1915,-0.73333,-0.93922,2.4,0.51142,277.0,4.5997,10.129,101.29,1.7341260906450797,,,,Sand,,,Sand 2,2,3.06,9.88,-1.62,-8.440000000000001
-3.18,4.62,10.022,0.05623,1.1884,-0.75,-0.92198,2.4,0.56442,278.0,4.6197,10.022,100.22,1.7612797030516805,,,,Sand,,,Sand 2,2,3.06,9.88,-1.62,-8.440000000000001
-3.1999999999999997,4.64,9.8762,0.060483,1.1303,-0.7,-0.88749,2.4,0.61099,279.0,4.6397,9.8762,98.762,1.785760243860907,,,,Sand,,,Sand 2,2,3.06,9.88,-1.62,-8.440000000000001
-3.22,4.66,9.8018,0.059881,1.2206,-0.8,-0.92198,2.4,0.60726,280.0,4.6597,9.8018,98.01799999999999,1.7869799012216019,,,,Sand,,,Sand 2,2,3.06,9.88,-1.62,-8.440000000000001
-3.2399999999999998,4.68,9.7398,0.076444,1.2018,-0.75,-0.93922,2.4,0.78136,280.0,4.6797,9.7398,97.39800000000001,1.8528712108227066,,,,Sand,,,Sand 2,2,3.06,9.88,-1.62,-8.440000000000001
-3.2600000000000002,4.7,9.6939,0.070935,1.178,-0.73333,-0.92198,2.4,0.73008,281.0,4.6996,9.6939,96.939,1.8369725448975203,,,,Sand,,,Sand 2,2,3.06,9.88,-1.62,-8.440000000000001
-3.28,4.72,9.6858,0.0615,1.1754,-0.68333,-0.95646,2.4,0.63589,282.0,4.7196,9.6858,96.858,1.8025439165738213,,,,Sand,,,Sand 2,2,3.06,9.88,-1.62,-8.440000000000001
-3.3000000000000003,4.74,9.9375,0.052,1.229,-0.75,-0.9737,2.4,0.54001,283.0,4.7396,9.9375,99.375,1.7538477158441454,,,,Sand,,,Sand 2,2,3.06,9.88,-1.62,-8.440000000000001
-3.32,4.76,9.5116,0.042553,1.2052,-0.73333,-0.95646,2.4,0.44379,284.0,4.7596,9.5116,95.116,1.725486662997963,,,,Sand,,,Sand 2,2,3.06,9.88,-1.62,-8.440000000000001
-3.3400000000000003,4.78,9.4822,0.042747,1.1915,-0.73333,-0.93922,2.4,0.44778,285.0,4.7796,9.4822,94.822,1.7286046684019563,,,,Sand,,,Sand 2,2,3.06,9.88,-1.62,-8.440000000000001
-3.36,4.8,9.5193,0.041569,1.1813,-0.71667,-0.93922,2.4,0.43735,285.0,4.7996,9.5193,95.193,1.7220005219000751,,,,Sand,,,Sand 2,2,3.06,9.88,-1.62,-8.440000000000001
-3.3800000000000003,4.82,9.4656,0.038768,1.1951,-0.71667,-0.95646,0.0,0.41091,299.0,4.8196,9.4656,94.656,1.7107679366350268,,,,Sand,,,Sand 2,2,3.06,9.88,-1.62,-8.440000000000001
-3.4,4.84,9.4119,0.0383,1.2052,-0.73333,-0.95646,2.0,0.40662,300.0,4.8396,9.4119,94.119,1.710712006699829,,,,Sand,,,Sand 2,2,3.06,9.88,-1.62,-8.440000000000001
-3.4200000000000004,4.86,9.3582,0.0379,1.2052,-0.73333,-0.95646,2.35,0.40316,301.0,4.8596,9.3582,93.58200000000001,1.7110924733172004,,,,Sand,,,Sand 2,2,3.06,9.88,-1.62,-8.440000000000001
-3.44,4.88,9.3523,0.037419,1.1951,-0.71667,-0.95646,2.4,0.39933,302.0,4.8796,9.3523,93.523,1.7093366279202704,,,,Sand,,,Sand 2,2,3.06,9.88,-1.62,-8.440000000000001
-3.4600000000000004,4.9,9.3763,0.037188,1.1915,-0.73333,-0.93922,2.4,0.39844,303.0,4.8996,9.3763,93.763,1.7078948981273605,,,,Sand,,,Sand 2,2,3.06,9.88,-1.62,-8.440000000000001
-3.48,4.92,9.3863,0.037448,1.2154,-0.75,-0.95646,2.4,0.40283,304.0,4.9196,9.3863,93.86300000000001,1.7097803733567898,,,,Sand,,,Sand 2,2,3.06,9.88,-1.62,-8.440000000000001
-3.5000000000000004,4.94,9.3355,0.037314,1.2052,-0.73333,-0.95646,2.4,0.40267,305.0,4.9396,9.3355,93.355,1.7117618335828089,,,,Sand,,,Sand 2,2,3.06,9.88,-1.62,-8.440000000000001
-3.52,4.96,9.2783,0.037213,1.2327,-0.73333,-0.99094,2.4,0.40327,305.0,4.9596,9.2783,92.78299999999999,1.714412375183809,,,,Sand,,,Sand 2,2,3.06,9.88,-1.62,-8.440000000000001
-3.5400000000000005,4.98,9.1686,0.037968,1.2229,-0.78333,-0.93922,2.4,0.41412,306.0,4.9796,9.1686,91.686,1.724508755776975,,,,Sand,,,Sand 2,2,3.06,9.88,-1.62,-8.440000000000001
-3.56,5.0,9.1148,0.038474,1.2565,-0.75,-1.0082,2.4,0.42334,307.0,4.9996,9.1148,91.14800000000001,1.7314001473004703,,,,Sand,,,Sand 2,2,3.06,9.88,-1.62,-8.440000000000001
-3.5799999999999996,5.02,9.1208,0.038242,1.2528,-0.76667,-0.99094,2.4,0.42503,308.0,5.0196,9.1208,91.208,1.7319977877388577,,,,Sand,,,Sand 2,2,3.06,9.88,-1.62,-8.440000000000001
-3.6,5.04,9.043,0.037859,1.2097,-0.78333,-0.92198,2.4,0.42539,309.0,5.0396,9.043,90.43,1.7354220221034673,,,,Sand,,,Sand 2,2,3.06,9.88,-1.62,-8.440000000000001
-3.6199999999999997,5.06,8.8979,0.037295,1.2601,-0.8,-0.9737,2.4,0.42367,310.0,5.0596,8.8979,88.979,1.7406959502693635,,,,Sand,,,Sand 2,2,3.06,9.88,-1.62,-8.440000000000001
-3.64,5.08,8.7479,0.037488,1.2631,-0.78333,-0.99094,2.4,0.4304,311.0,5.0796,8.7479,87.479,1.750478736611221,,,,Sand,,,Sand 2,2,3.06,9.88,-1.62,-8.440000000000001
-3.6599999999999997,5.1,8.6085,0.037065,1.2468,-0.8,-0.95646,2.4,0.42987,311.0,5.0996,8.6085,86.085,1.7563120167112736,,,,Sand,,,Sand 2,2,3.06,9.88,-1.62,-8.440000000000001
-3.68,5.12,8.4969,0.035801,1.2427,-0.75,-0.99094,2.4,0.41897,312.0,5.1196,8.4969,84.969,1.7558901637721394,,,,Sand,,,Sand 2,2,3.06,9.88,-1.62,-8.440000000000001
-3.6999999999999997,5.14,8.3928,0.034704,1.2206,-0.8,-0.92198,2.4,0.40869,313.0,5.1395,8.3928,83.928,1.755454344690422,,,,Sand,,,Sand 2,2,3.06,9.88,-1.62,-8.440000000000001
-3.72,5.16,8.3719,0.034875,1.2565,-0.75,-1.0082,2.4,0.41193,314.0,5.1595,8.3719,83.719,1.7580340216055215,,,,Sand,,,Sand 2,2,3.06,9.88,-1.62,-8.440000000000001
-3.7399999999999998,5.18,8.4199,0.035942,1.2601,-0.8,-0.9737,2.4,0.42488,315.0,5.1795,8.4199,84.199,1.7622804446253837,,,,Sand,,,Sand 2,2,3.06,9.88,-1.62,-8.440000000000001
-3.7600000000000002,5.2,8.4231,0.036791,1.2903,-0.78333,-1.0254,2.4,0.43446,316.0,5.1995,8.4231,84.23100000000001,1.7668176850335409,,,,Sand,,,Sand 2,2,3.06,9.88,-1.62,-8.440000000000001
-3.78,5.22,8.4707,0.037768,1.2707,-0.81667,-0.9737,2.4,0.44469,316.0,5.2195,8.4707,84.70700000000001,1.7696147796627162,,,,Sand,,,Sand 2,2,3.06,9.88,-1.62,-8.440000000000001
-3.8000000000000003,5.24,8.545,0.039186,1.2685,-0.83333,-0.95646,2.4,0.45951,317.0,5.2395,8.545,85.45,1.7733511140121696,,,,Sand,,,Sand 2,2,3.06,9.88,-1.62,-8.440000000000001
-3.82,5.26,8.5543,0.0402,1.2601,-0.8,-0.9737,2.4,0.46918,318.0,5.2595,8.5543,85.54299999999999,1.7774596116566992,,,,Sand,,,Sand 2,2,3.06,9.88,-1.62,-8.440000000000001
-3.8400000000000003,5.28,8.5676,0.040959,1.2973,-0.81667,-1.0082,2.4,0.47519,319.0,5.2795,8.5676,85.676,1.7796552572171884,,,,Sand,,,Sand 2,2,3.06,9.88,-1.62,-8.440000000000001
-3.86,5.3,8.5917,0.04398,1.3451,-0.85,-1.0427,2.4,0.50678,320.0,5.2995,8.5917,85.91699999999999,1.7928591816147528,,,,Sand,,,Sand 2,2,3.06,9.88,-1.62,-8.440000000000001
-3.8800000000000003,5.32,8.6502,0.045757,1.3212,-0.83333,-1.0254,2.4,0.52326,321.0,5.3195,8.6502,86.50200000000001,1.7975537383832825,,,,Sand,,,Sand 2,2,3.06,9.88,-1.62,-8.440000000000001
-3.9,5.34,8.7433,0.046193,1.3079,-0.83333,-1.0082,2.4,0.52244,321.0,5.3395,8.7433,87.43299999999999,1.7932340813044918,,,,Sand,,,Sand 2,2,3.06,9.88,-1.62,-8.440000000000001
-3.9200000000000004,5.36,8.8329,0.044677,1.3318,-0.85,-1.0254,2.4,0.49821,322.0,5.3595,8.8329,88.329,1.77873738824569,,,,Sand,,,Sand 2,2,3.06,9.88,-1.62,-8.440000000000001
-3.94,5.38,8.9414,0.045572,1.3079,-0.83333,-1.0082,2.4,0.49889,323.0,5.3795,8.9414,89.414,1.7745033090437832,,,,Sand,,,Sand 2,2,3.06,9.88,-1.62,-8.440000000000001
-3.9600000000000004,5.4,9.0749,0.046172,1.369,-0.86667,-1.0599,2.4,0.49619,324.0,5.3995,9.0749,90.749,1.7677764423094862,,,,Sand,,,Sand 2,2,3.06,9.88,-1.62,-8.440000000000001
-3.98,5.42,9.3327,0.04507,1.372,-0.85,-1.0771,2.4,0.47526,325.0,5.4195,9.3327,93.32700000000001,1.7477024274425121,,,,Sand,,,Sand 2,2,3.06,9.88,-1.62,-8.440000000000001
-4.0,5.44,9.5725,0.04481,1.3533,-0.88333,-1.0254,2.35,0.46345,325.0,5.4395,9.5725,95.725,1.732641494571837,,,,Sand,,,Sand 2,2,3.06,9.88,-1.62,-8.440000000000001
-4.02,5.46,9.931,0.045622,1.2947,-0.83333,-0.99094,2.4,0.46295,326.0,5.4595,9.931,99.31,1.7186972674606433,,,,Sand,,,Sand 2,2,3.06,9.88,-1.62,-8.440000000000001
-4.040000000000001,5.48,10.013,0.045912,1.3642,-0.9,-1.0254,2.4,0.45804,327.0,5.4795,10.013,100.13,1.713251976070743,,,,Sand,,,Sand 2,2,3.06,9.88,-1.62,-8.440000000000001
-4.0600000000000005,5.5,10.167,0.047077,1.3753,-0.91667,-1.0254,2.4,0.46317,328.0,5.4995,10.167,101.67,1.7100704460604392,,,,Sand,,,Sand 2,2,3.06,9.88,-1.62,-8.440000000000001
-4.08,5.52,10.317,0.048061,1.3796,-0.88333,-1.0599,2.4,0.46758,329.0,5.5194,10.317,103.17,1.7067747888437683,,,,Sand,,,Sand 2,2,3.06,9.88,-1.62,-8.440000000000001
-4.1,5.54,10.429,0.048186,1.3882,-0.91667,-1.0427,2.35,0.46594,330.0,5.5394,10.429,104.29,1.7019781236020803,,,,Sand,,,Sand 2,2,3.06,9.88,-1.62,-8.440000000000001
-4.119999999999999,5.56,10.427,0.046272,1.4035,-0.9,-1.0771,2.4,0.44614,331.0,5.5594,10.427,104.27,1.6922828687383893,,,,Sand,,,Sand 2,2,3.06,9.88,-1.62,-8.440000000000001
-4.140000000000001,5.58,10.456,0.04601,1.3642,-0.9,-1.0254,2.4,0.44551,331.0,5.5794,10.456,104.56,1.690932735611438,,,,Sand,,,Sand 2,2,3.06,9.88,-1.62,-8.440000000000001
-4.16,5.6,10.488,0.046154,1.3753,-0.91667,-1.0254,2.4,0.45311,332.0,5.5994,10.488,104.88,1.69358334388904,,,,Sand,,,Sand 2,2,3.06,9.88,-1.62,-8.440000000000001
-4.18,5.62,10.436,0.045528,1.3664,-0.88333,-1.0427,2.4,0.45715,333.0,5.6194,10.436,104.36,1.697426494013567,,,,Sand,,,Sand 2,2,3.06,9.88,-1.62,-8.440000000000001
-4.199999999999999,5.64,10.254,0.046481,1.4143,-0.91667,-1.0771,2.4,0.47998,334.0,5.6394,10.254,102.54,1.7149913919112525,,,,Sand,,,Sand 2,2,3.06,9.88,-1.62,-8.440000000000001
-4.220000000000001,5.66,9.8133,0.046051,1.4382,-0.93333,-1.0944,2.4,0.49228,335.0,5.6594,9.8133,98.133,1.7369979140323952,,,,Sand,,,Sand 2,2,3.06,9.88,-1.62,-8.440000000000001
-4.24,5.68,9.1857,0.046556,1.4121,-0.93333,-1.0599,2.4,0.51746,336.0,5.6794,9.1857,91.85700000000001,1.7728047034427292,,,,Sand,,,Sand 2,2,3.06,9.88,-1.62,-8.440000000000001
-4.26,5.7,8.6124,0.051772,1.4121,-0.93333,-1.0599,2.45,0.59913,336.0,5.6994,8.6124,86.124,1.8305441876715605,,,,Sand,,,Sand 2,2,3.06,9.88,-1.62,-8.440000000000001
-4.279999999999999,5.72,8.2275,0.053036,1.4012,-0.91667,-1.0599,2.45,0.63753,337.0,5.7194,8.2275,82.275,1.8619327226191769,,,,Sand,,,Sand 2,2,3.06,9.88,-1.62,-8.440000000000001
-4.300000000000001,5.74,7.8211,0.052279,1.4491,-0.95,-1.0944,2.4,0.64921,338.0,5.7394,7.8211,78.211,1.8846494398254066,,,,Sand,,,Sand 2,2,3.06,9.88,-1.62,-8.440000000000001
-4.32,5.76,7.6265,0.053317,1.4232,-0.95,-1.0599,2.4,0.67784,339.0,5.7594,7.6265,76.265,1.9040954310085076,,,,Sand,,,Sand 2,2,3.06,9.88,-1.62,-8.440000000000001
-4.34,5.78,7.5883,0.051025,1.4012,-0.91667,-1.0599,2.45,0.65829,340.0,5.7794,7.5883,75.883,1.898934158170774,,,,Sand,,,Sand 2,2,3.06,9.88,-1.62,-8.440000000000001
-4.359999999999999,5.8,7.6766,0.0487,1.46,-0.96667,-1.0944,2.4,0.63295,341.0,5.7994,7.6766,76.76599999999999,1.8854402770607568,,,,Sand,,,Sand 2,2,3.06,9.88,-1.62,-8.440000000000001
-4.380000000000001,5.82,7.6833,0.0463,1.519,-1.0167,-1.1289,0.45,0.6018,355.0,5.8194,7.6833,76.833,1.8733375216326102,,,,Sand,,,Sand 2,2,3.06,9.88,-1.62,-8.440000000000001
-4.4,5.84,7.69,0.0479,1.519,-1.0167,-1.1289,2.2,0.61713,356.0,5.8393,7.69,76.9,1.8788694350045496,,,,Sand,,,Sand 2,2,3.06,9.88,-1.62,-8.440000000000001
-4.42,5.86,7.6967,0.0495,1.4696,-1.0,-1.0771,2.3,0.62452,356.0,5.8593,7.6967,76.967,1.8813361317763788,,,,Sand,,,Sand 2,2,3.06,9.88,-1.62,-8.440000000000001
-4.4399999999999995,5.88,7.7702,0.051121,1.4951,-1.0,-1.1116,2.4,0.62745,357.0,5.8793,7.7702,77.702,1.878962936261694,,,,Sand,,,Sand 2,2,3.06,9.88,-1.62,-8.440000000000001
-4.460000000000001,5.9,7.8165,0.060876,1.46,-0.96667,-1.0944,2.45,0.72215,358.0,5.8993,7.8165,78.165,1.9105829492516997,,,,Sand,,,Sand 2,2,3.06,9.88,-1.62,-8.440000000000001
-4.48,5.92,8.1723,0.06736,1.4445,-1.0,-1.0427,2.4,0.7696,359.0,5.9193,8.1723,81.723,1.9105270627952926,,,,Sand,,,Sand 2,2,3.06,9.88,-1.62,-8.440000000000001
-4.5,5.94,8.9029,0.074344,1.4696,-1.0,-1.0771,2.4,0.8157,360.0,5.9393,8.9029,89.02900000000001,1.8953062182600637,,,,Sand,,,Sand 2,2,3.06,9.88,-1.62,-8.440000000000001
-4.52,5.96,9.4481,0.062597,1.457,-1.0,-1.0599,2.4,0.65852,361.0,5.9593,9.4481,94.48100000000001,1.8200606100155496,,,,Sand,,,Sand 2,2,3.06,9.88,-1.62,-8.440000000000001
-4.540000000000001,5.98,9.9422,0.049887,1.4918,-1.05,-1.0599,2.35,0.50386,361.0,5.9793,9.9422,99.42199999999998,1.7375164231632263,,,,Sand,,,Sand 2,2,3.06,9.88,-1.62,-8.440000000000001
-4.5600000000000005,6.0,10.272,0.047476,1.4685,-1.0167,-1.0599,2.4,0.46344,362.0,5.9993,10.272,102.72,1.7063864208426678,,,,Sand,,,Sand 2,2,3.06,9.88,-1.62,-8.440000000000001
-4.58,6.02,10.589,0.04585,1.4561,-1.0167,-1.0427,2.4,0.4366,363.0,6.0193,10.589,105.89,1.681721809756656,,,,Sand,,,Sand 2,2,3.06,9.88,-1.62,-8.440000000000001
-4.6,6.04,10.903,0.048002,1.5165,-1.05,-1.0944,2.4,0.44855,364.0,6.0393,10.903,109.03,1.6768955259255764,,,,Sand,,,Sand 2,2,3.06,9.88,-1.62,-8.440000000000001
-4.619999999999999,6.06,10.978,0.053003,1.5041,-1.05,-1.0771,2.35,0.48814,365.0,6.0593,10.978,109.78,1.6937699864835976,,,,Sand,,,Sand 2,2,3.06,9.88,-1.62,-8.440000000000001
-4.640000000000001,6.08,10.919,0.058468,1.4918,-1.05,-1.0599,2.4,0.53288,366.0,6.0793,10.919,109.19,1.7164520282491464,,,,Sand,,,Sand 2,2,3.06,9.88,-1.62,-8.440000000000001
-4.66,6.1,10.962,0.06243,1.519,-1.0167,-1.1289,2.4,0.56564,366.0,6.0993,10.962,109.62,1.729465080068646,,,,Sand,,,Sand 2,2,3.06,9.88,-1.62,-8.440000000000001
-4.68,6.12,11.048,0.064945,1.5289,-1.05,-1.1116,2.4,0.5873,367.0,6.1193,11.048,110.48,1.7359042600889223,,,,Sand,,,Sand 2,2,3.06,9.88,-1.62,-8.440000000000001
-4.699999999999999,6.14,11.194,0.063724,1.505,-1.0333,-1.0944,2.4,0.5754,368.0,6.1392,11.194,111.94,1.7261586520436245,,,,Sand,,,Sand 2,2,3.06,9.88,-1.62,-8.440000000000001
-4.720000000000001,6.16,11.183,0.061863,1.5165,-1.05,-1.0944,2.4,0.55677,369.0,6.1592,11.183,111.83,1.7184371497301778,,,,Sand,,,Sand 2,2,3.06,9.88,-1.62,-8.440000000000001
-4.74,6.18,11.108,0.060121,1.5302,-1.0333,-1.1289,2.35,0.53892,370.0,6.1792,11.108,111.08,1.712954076256168,,,,Sand,,,Sand 2,2,3.06,9.88,-1.62,-8.440000000000001
-4.76,6.2,11.074,0.058943,1.5302,-1.0333,-1.1289,2.35,0.52619,371.0,6.1992,11.074,110.74,1.7083199288318875,,,,Sand,,,Sand 2,2,3.06,9.88,-1.62,-8.440000000000001
-4.779999999999999,6.22,11.109,0.05855,1.5558,-1.0333,-1.1634,2.4,0.52083,372.0,6.2192,11.109,111.09,1.7047290639124317,,,,Sand,,,Sand 2,2,3.06,9.88,-1.62,-8.440000000000001
-4.800000000000001,6.24,11.209,0.05688,1.6021,-1.0833,-1.1806,2.4,0.50362,372.0,6.2392,11.209,112.09,1.6934887552155435,,,,Sand,,,Sand 2,2,3.06,9.88,-1.62,-8.440000000000001
-4.82,6.26,11.322,0.055991,1.5655,-1.0667,-1.1461,2.4,0.49227,373.0,6.2592,11.322,113.22,1.6844549953335701,,,,Sand,,,Sand 2,2,3.06,9.88,-1.62,-8.440000000000001
-4.84,6.28,11.416,0.055997,1.5578,-1.0167,-1.1806,2.4,0.48758,374.0,6.2792,11.416,114.16,1.6791855581124502,,,,Sand,,,Sand 2,2,3.06,9.88,-1.62,-8.440000000000001
-4.859999999999999,6.3,11.512,0.056341,1.5655,-1.0667,-1.1461,2.35,0.48481,375.0,6.2992,11.512,115.12,1.6747883416050435,,,,Sand,,,Sand 2,2,3.06,9.88,-1.62,-8.440000000000001
-4.880000000000001,6.32,11.605,0.057792,1.5909,-1.0667,-1.1806,2.4,0.49099,376.0,6.3192,11.605,116.05,1.6748360030294076,,,,Sand,,,Sand 2,2,3.06,9.88,-1.62,-8.440000000000001
-4.9,6.34,11.746,0.059209,1.6188,-1.05,-1.2323,2.4,0.49578,377.0,6.3392,11.746,117.46,1.672740858934975,,,,Sand,,,Sand 2,2,3.06,9.88,-1.62,-8.440000000000001
-4.92,6.36,11.958,0.060612,1.5558,-1.0333,-1.1634,2.4,0.49923,377.0,6.3592,11.958,119.58,1.667900130771713,,,,Sand,,,Sand 2,2,3.06,9.88,-1.62,-8.440000000000001
-4.9399999999999995,6.38,12.201,0.061123,1.6057,-1.05,-1.2151,2.35,0.49432,378.0,6.3792,12.201,122.01,1.6582438214035826,,,,Sand,,,Sand 2,2,3.06,9.88,-1.62,-8.440000000000001
-4.960000000000001,6.4,12.405,0.062721,1.6009,-1.1,-1.1634,2.4,0.49781,379.0,6.3992,12.405,124.05,1.6539321425085665,,,,Sand,,,Sand 2,2,3.06,9.88,-1.62,-8.440000000000001
-4.98,6.42,12.698,0.063626,1.5909,-1.0667,-1.1806,2.35,0.49555,380.0,6.4191,12.698,126.98,1.6444039239955344,,,,Sand,,,Sand 2,2,3.06,9.88,-1.62,-8.440000000000001
-5.0,6.44,13.005,0.064019,1.5909,-1.0667,-1.1806,2.4,0.4896,381.0,6.4391,13.005,130.05,1.6328650020884747,,,,Sand,,,Sand 2,2,3.06,9.88,-1.62,-8.440000000000001
-5.02,6.46,13.303,0.064154,1.6488,-1.1333,-1.1978,2.35,0.4822,382.0,6.4591,13.303,133.03,1.621009280998168,,,,Sand,,,Sand 2,2,3.06,9.88,-1.62,-8.440000000000001
-5.040000000000001,6.48,13.479,0.069348,1.6248,-1.1167,-1.1806,2.35,0.51295,382.0,6.4791,13.479,134.79,1.6314279395248814,,,,Sand,,,Sand 2,2,3.06,9.88,-1.62,-8.440000000000001
-5.0600000000000005,6.5,13.666,0.069917,1.6614,-1.1333,-1.2151,2.35,0.51087,383.0,6.4991,13.666,136.66,1.6255070066863406,,,,Sand,,,Sand 2,2,3.06,9.88,-1.62,-8.440000000000001
-5.08,6.52,13.85,0.068756,1.6853,-1.15,-1.2323,2.35,0.49816,384.0,6.5191,13.85,138.5,1.6145003302961156,,,,Sand,,,Sand 2,2,3.06,9.88,-1.62,-8.440000000000001
-5.1,6.54,14.032,0.069291,1.6603,-1.15,-1.1978,2.35,0.49977,385.0,6.5391,14.032,140.32,1.610636912886407,,,,Sand,,,Sand 2,2,3.06,9.88,-1.62,-8.440000000000001
-5.119999999999999,6.56,14.123,0.069455,1.6967,-1.1667,-1.2323,2.35,0.50027,386.0,6.5591,14.123,141.23,1.6085800174897305,,,,Sand,,,Sand 2,2,3.06,9.88,-1.62,-8.440000000000001
-5.140000000000001,6.58,14.029,0.06929,1.7093,-1.1667,-1.2496,2.35,0.50035,387.0,6.5791,14.029,140.29,1.6110005658078574,,,,Sand,,,Sand 2,2,3.06,9.88,-1.62,-8.440000000000001
-5.16,6.6,13.936,0.067923,1.7014,-1.1167,-1.284,2.35,0.49418,388.0,6.5991,13.936,139.36,1.6103092165491297,,,,Sand,,,Sand 2,2,3.06,9.88,-1.62,-8.440000000000001
-5.18,6.62,13.803,0.07178,1.6906,-1.1,-1.284,2.4,0.52821,388.0,6.6191,13.803,138.03,1.6302928704394262,,,,Sand,,,Sand 2,2,3.06,9.88,-1.62,-8.440000000000001
-5.199999999999999,6.64,13.632,0.076952,1.7107,-1.15,-1.2668,2.35,0.57492,389.0,6.639,13.632,136.32,1.6562100752955329,,,,Sand,,,Sand 2,2,3.06,9.88,-1.62,-8.440000000000001
-5.220000000000001,6.66,13.383,0.073105,1.6867,-1.1333,-1.2496,2.35,0.55608,390.0,6.659,13.383,133.83,1.6541881749488334,,,,Sand,,,Sand 2,2,3.06,9.88,-1.62,-8.440000000000001
-5.24,6.68,13.018,0.073335,1.7493,-1.15,-1.3185,2.4,0.57016,391.0,6.679,13.018,130.18,1.6702783873818774,,,,Sand,,,Sand 2,2,3.06,9.88,-1.62,-8.440000000000001
-5.26,6.7,12.791,0.070153,1.7384,-1.1333,-1.3185,2.35,0.55889,392.0,6.699,12.791,127.91,1.6714513427533453,,,,Sand,,,Sand 2,2,3.06,9.88,-1.62,-8.440000000000001
-5.279999999999999,6.72,12.487,0.0633,1.7384,-1.1333,-1.3185,2.35,0.51688,393.0,6.719,12.487,124.87,1.6606726658985647,,,,Sand,,,Sand 2,2,3.06,9.88,-1.62,-8.440000000000001
-5.300000000000001,6.74,12.123,0.0564,1.7145,-1.1167,-1.3013,2.35,0.47186,393.0,6.739,12.123,121.23,1.6495389996950625,,,,Sand,,,Sand 2,2,3.06,9.88,-1.62,-8.440000000000001
-5.32,6.76,11.661,0.049523,1.7276,-1.1167,-1.3185,2.4,0.42381,394.0,6.759,11.661,116.61,1.639161209264964,,,,Sand,,,Sand 2,2,3.06,9.88,-1.62,-8.440000000000001
-5.34,6.78,11.323,0.046308,1.7124,-1.1333,-1.284,2.4,0.40527,395.0,6.779,11.323,113.23,1.6402212953963538,,,,Sand,,,Sand 2,2,3.06,9.88,-1.62,-8.440000000000001
-5.359999999999999,6.8,11.187,0.044227,1.7346,-1.1667,-1.284,2.35,0.39534,396.0,6.799,11.187,111.87,1.639358454363072,,,,Sand,,,Sand 2,2,3.06,9.88,-1.62,-8.440000000000001
-5.380000000000001,6.82,11.032,0.041346,1.7459,-1.1833,-1.284,0.2,0.3768,410.0,6.819,11.032,110.32,1.634352604775932,,,,Sand,,,Sand 2,2,3.06,9.88,-1.62,-8.440000000000001
-5.4,6.84,10.877,0.041109,1.7207,-1.1833,-1.2496,2.05,0.3809,411.0,6.839,10.877,108.77,1.6420092242475877,,,,Sand,,,Sand 2,2,3.06,9.88,-1.62,-8.440000000000001
-5.42,6.86,10.721,0.039924,1.7459,-1.1833,-1.284,2.35,0.37636,412.0,6.8589,10.721,107.21,1.6449642148663512,,,,Sand,,,Sand 2,2,3.06,9.88,-1.62,-8.440000000000001
-5.4399999999999995,6.88,10.573,0.038137,1.7698,-1.2,-1.3013,2.4,0.36676,413.0,6.8789,10.573,105.73,1.6448701521070044,,,,Sand,,,Sand 2,2,3.06,9.88,-1.62,-8.440000000000001
-5.460000000000001,6.9,10.41,0.0396,1.7093,-1.1667,-1.2496,2.4,0.38876,413.0,6.8989,10.41,104.1,1.6629743334127327,,,,Sand,,,Sand 2,2,3.06,9.88,-1.62,-8.440000000000001
-5.48,6.92,10.217,0.041,1.8051,-1.2333,-1.3185,2.4,0.41306,414.0,6.9189,10.217,102.17,1.6830015212566587,,,,Sand,,,Sand 2,2,3.06,9.88,-1.62,-8.440000000000001
-5.5,6.94,9.8472,0.042436,1.7826,-1.2,-1.3185,2.4,0.4397,415.0,6.9389,9.8472,98.47200000000001,1.710451488006237,,,,Sand,,,Sand 2,2,3.06,9.88,-1.62,-8.440000000000001
-5.52,6.96,9.51,0.041088,1.7333,-1.1833,-1.2668,2.4,0.43798,416.0,6.9589,9.51,95.1,1.722680714842,,,,Sand,,,Sand 2,2,3.06,9.88,-1.62,-8.440000000000001
-5.540000000000001,6.98,9.3342,0.041333,1.7686,-1.2167,-1.284,2.4,0.45344,417.0,6.9789,9.3342,93.34199999999998,1.7372552229109168,,,,Sand,,,Sand 2,2,3.06,9.88,-1.62,-8.440000000000001
-5.5600000000000005,7.0,8.7941,0.041552,1.7842,-1.1833,-1.3358,2.4,0.46891,418.0,6.9989,8.7941,87.941,1.7669556791029766,,,,Sand,,,Sand 2,2,3.06,9.88,-1.62,-8.440000000000001
-5.58,7.02,8.5231,0.042155,1.8082,-1.2,-1.353,2.45,0.48746,419.0,7.0189,8.5231,85.23099999999998,1.787208157272091,,,,Sand,,,Sand 2,2,3.06,9.88,-1.62,-8.440000000000001
-5.6,7.04,8.4158,0.040062,1.7842,-1.1833,-1.3358,2.45,0.47271,419.0,7.0389,8.4158,84.15800000000002,1.7852254878250622,,,,Sand,,,Sand 2,2,3.06,9.88,-1.62,-8.440000000000001
-5.619999999999999,7.06,8.2835,0.0391,1.8065,-1.2167,-1.3358,2.4,0.46961,420.0,7.0589,8.2835,82.835,1.7897585451177016,,,,Sand,,,Sand 2,2,3.06,9.88,-1.62,-8.440000000000001
-5.640000000000001,7.08,8.184,0.0382,1.7698,-1.2,-1.3013,2.4,0.46339,421.0,7.0788,8.184,81.83999999999999,1.7914400738335883,,,,Sand,,,Sand 2,2,3.06,9.88,-1.62,-8.440000000000001
-5.66,7.1,8.1389,0.037284,1.7953,-1.2,-1.3358,2.4,0.45505,422.0,7.0988,8.1389,81.389,1.7896432921203902,,,,Sand,,,Sand 2,2,3.06,9.88,-1.62,-8.440000000000001
-5.68,7.12,8.1274,0.038444,1.8166,-1.25,-1.3185,2.4,0.47129,423.0,7.1188,8.1274,81.274,1.7976970698579886,,,,Sand,,,Sand 2,2,3.06,9.88,-1.62,-8.440000000000001
-5.699999999999999,7.14,8.1422,0.038853,1.8065,-1.2167,-1.3358,2.4,0.47732,424.0,7.1388,8.1422,81.42200000000001,1.7997624829527552,,,,Sand,,,Sand 2,2,3.06,9.88,-1.62,-8.440000000000001
-5.720000000000001,7.16,8.134,0.038343,1.7953,-1.2,-1.3358,2.4,0.47118,424.0,7.1588,8.134,81.34,1.7973407671589239,,,,Sand,,,Sand 2,2,3.06,9.88,-1.62,-8.440000000000001
-5.74,7.18,8.122,0.039136,1.7917,-1.25,-1.284,2.4,0.48098,425.0,7.1788,8.122,81.22,1.802355335812701,,,,Sand,,,Sand 2,2,3.06,9.88,-1.62,-8.440000000000001
-5.76,7.2,8.1253,0.03932,1.8051,-1.2333,-1.3185,2.4,0.48414,426.0,7.1988,8.1253,81.25299999999999,1.8036278806092707,,,,Sand,,,Sand 2,2,3.06,9.88,-1.62,-8.440000000000001
-5.779999999999999,7.22,8.1443,0.03936,1.8051,-1.2333,-1.3185,2.4,0.48637,427.0,7.2188,8.1443,81.443,1.8037532335641813,,,,Sand,,,Sand 2,2,3.06,9.88,-1.62,-8.440000000000001
-5.800000000000001,7.24,8.1661,0.03897,1.7677,-1.2333,-1.2668,2.4,0.48427,428.0,7.2388,8.1661,81.661,1.8018051270509456,,,,Sand,,,Sand 2,2,3.06,9.88,-1.62,-8.440000000000001
-5.82,7.26,8.131,0.038035,1.8157,-1.2667,-1.3013,2.4,0.47605,428.0,7.2588,8.131,81.31,1.7997030304249721,,,,Sand,,,Sand 2,2,3.06,9.88,-1.62,-8.440000000000001
-5.84,7.28,8.0089,0.037774,1.8281,-1.2667,-1.3185,2.4,0.47676,429.0,7.2787,8.0089,80.089,1.8057232625578736,,,,Sand,,,Sand 2,2,3.06,9.88,-1.62,-8.440000000000001
-5.859999999999999,7.3,7.9091,0.036888,1.8417,-1.25,-1.353,2.4,0.47004,430.0,7.2987,7.9091,79.091,1.8073984207603742,,,,Sand,,,Sand 2,2,3.06,9.88,-1.62,-8.440000000000001
-5.880000000000001,7.32,7.7707,0.036474,1.8396,-1.2833,-1.3185,2.4,0.46962,431.0,7.3187,7.7707,77.707,1.8138793045129276,,,,Sand,,,Sand 2,2,3.06,9.88,-1.62,-8.440000000000001
-5.9,7.34,7.6636,0.036074,1.8178,-1.2333,-1.3358,2.4,0.46921,432.0,7.3387,7.6636,76.636,1.818944431719341,,,,Sand,,,Sand 2,2,3.06,9.88,-1.62,-8.440000000000001
-5.92,7.36,7.5902,0.035195,1.8636,-1.3,-1.3358,2.4,0.46141,433.0,7.3587,7.5902,75.902,1.8190394866468196,,,,Sand,,,Sand 2,2,3.06,9.88,-1.62,-8.440000000000001
-5.9399999999999995,7.38,7.5438,0.034743,1.8405,-1.2667,-1.3358,2.4,0.45774,433.0,7.3787,7.5438,75.438,1.819686419552933,,,,Sand,,,Sand 2,2,3.06,9.88,-1.62,-8.440000000000001
-5.960000000000001,7.4,7.5163,0.034552,1.8405,-1.2667,-1.3358,2.4,0.45541,434.0,7.3987,7.5163,75.163,1.8200038386413209,,,,Sand,,,Sand 2,2,3.06,9.88,-1.62,-8.440000000000001
-5.98,7.42,7.503,0.034442,1.8645,-1.2833,-1.353,2.4,0.4519,435.0,7.4187,7.503,75.03,1.8190587332865864,,,,Sand,,,Sand 2,2,3.06,9.88,-1.62,-8.440000000000001
-6.0,7.44,7.5256,0.034728,1.8636,-1.3,-1.3358,2.4,0.45172,436.0,7.4387,7.5256,75.256,1.8178304357910526,,,,Sand,,,Sand 2,2,3.06,9.88,-1.62,-8.440000000000001
-6.02,7.46,7.6089,0.035083,1.8897,-1.2833,-1.3875,2.4,0.45024,437.0,7.4587,7.6089,76.089,1.8129541455341156,,,,Sand,,,Sand 2,2,3.06,9.88,-1.62,-8.440000000000001
-6.040000000000001,7.48,7.7461,0.035098,1.8645,-1.2833,-1.353,2.4,0.44331,438.0,7.4786,7.7461,77.461,1.802908812463731,,,,Sand,,,Sand 2,2,3.06,9.88,-1.62,-8.440000000000001
-6.0600000000000005,7.5,7.9392,0.03653,1.9,-1.3167,-1.3703,2.4,0.45399,439.0,7.4986,7.9392,79.392,1.7985581078418822,,,,Sand,,,Sand 2,2,3.06,9.88,-1.62,-8.440000000000001
-6.08,7.52,8.1205,0.038251,1.8748,-1.3333,-1.3185,2.4,0.46875,439.0,7.5186,8.1205,81.205,1.7968523298395953,,,,Sand,,,Sand 2,2,3.06,9.88,-1.62,-8.440000000000001
-6.1,7.54,8.3759,0.038201,1.887,-1.3333,-1.3358,2.4,0.46269,440.0,7.5386,8.3759,83.759,1.7823720642128171,,,,Sand,,,Sand 2,2,3.06,9.88,-1.62,-8.440000000000001
-6.119999999999999,7.56,8.5189,0.038993,1.8992,-1.3333,-1.353,2.4,0.46805,441.0,7.5586,8.5189,85.189,1.778493518216461,,,,Sand,,,Sand 2,2,3.06,9.88,-1.62,-8.440000000000001
-6.140000000000001,7.58,8.5368,0.03975,1.9111,-1.3672,-1.3358,2.4,0.4746,442.0,7.5786,8.5368,85.368,1.7807347232484545,,,,Sand,,,Sand 2,2,3.06,9.88,-1.62,-8.440000000000001
-6.16,7.6,8.4366,0.039797,1.9481,-1.3503,-1.4047,2.4,0.47434,443.0,7.5986,8.4366,84.366,1.78504782975794,,,,Sand,,,Sand 2,2,3.06,9.88,-1.62,-8.440000000000001
-6.18,7.62,8.3765,0.038742,1.925,-1.3167,-1.4047,2.4,0.46359,444.0,7.6186,8.3765,83.765,1.7827644019296904,,,,Sand,,,Sand 2,2,3.06,9.88,-1.62,-8.440000000000001
-6.199999999999999,7.64,8.3437,0.036865,1.9263,-1.3,-1.422,2.4,0.44404,444.0,7.6386,8.3437,83.43700000000001,1.7750242323748728,,,,Sand,,,Sand 2,2,3.06,9.88,-1.62,-8.440000000000001
-6.220000000000001,7.66,8.2945,0.034286,1.8885,-1.3,-1.3703,2.4,0.41625,445.0,7.6585,8.2945,82.945,1.7637367601577845,,,,Sand,,,Sand 2,2,3.06,9.88,-1.62,-8.440000000000001
-6.24,7.68,8.2363,0.0338,1.9364,-1.3333,-1.4047,2.4,0.41291,446.0,7.6785,8.2363,82.363,1.7647670608055326,,,,Sand,,,Sand 2,2,3.06,9.88,-1.62,-8.440000000000001
-6.26,7.7,8.1122,0.0333,1.9357,-1.3503,-1.3875,2.4,0.40908,447.0,7.6985,8.1122,81.122,1.768669872050666,,,,Sand,,,Sand 2,2,3.06,9.88,-1.62,-8.440000000000001
-6.279999999999999,7.72,8.0816,0.032748,1.9,-1.3167,-1.3703,2.4,0.40437,448.0,7.7185,8.0816,80.81599999999999,1.767760708762496,,,,Sand,,,Sand 2,2,3.06,9.88,-1.62,-8.440000000000001
-6.300000000000001,7.74,8.014,0.03064,1.9239,-1.3333,-1.3875,2.4,0.3802,449.0,7.7385,8.014,80.13999999999999,1.7586492759996226,,,,Sand,,,Sand 2,2,3.06,9.88,-1.62,-8.440000000000001
-6.32,7.76,8.0275,0.028387,1.9731,-1.3503,-1.4392,2.4,0.35385,449.0,7.7585,8.0275,80.275,1.7440245854826282,,,,Sand,,,Sand 2,2,3.06,9.88,-1.62,-8.440000000000001
-6.34,7.78,8.0118,0.027781,1.9857,-1.3503,-1.4565,2.4,0.3474,450.0,7.7785,8.0118,80.118,1.7412821160312384,,,,Sand,,,Sand 2,2,3.06,9.88,-1.62,-8.440000000000001
-6.359999999999999,7.8,8.0112,0.027551,2.0089,-1.3842,-1.4565,2.4,0.34491,451.0,7.7985,8.0112,80.11200000000001,1.7399486623982967,,,,Sand,,,Sand 2,2,3.06,9.88,-1.62,-8.440000000000001
-6.380000000000001,7.82,7.9768,0.027522,2.0089,-1.3842,-1.4565,0.55,0.34371,465.0,7.8184,7.9768,79.768,1.740973236617606,,,,Sand,,,Sand 2,2,3.06,9.88,-1.62,-8.440000000000001
-6.4,7.84,7.9425,0.029437,2.0098,-1.3672,-1.4737,2.25,0.36638,466.0,7.8384,7.9425,79.425,1.7548741612269885,,,,Sand,,,Sand 2,2,3.06,9.88,-1.62,-8.440000000000001
-6.42,7.86,7.9081,0.030534,1.9606,-1.3503,-1.422,2.4,0.37898,467.0,7.8584,7.9081,79.081,1.7631633897314192,,,,Sand,,,Sand 2,2,3.06,9.88,-1.62,-8.440000000000001
-6.4399999999999995,7.88,8.0116,0.031476,2.0089,-1.3842,-1.4565,2.4,0.39053,468.0,7.8784,8.0116,80.116,1.7640913328083567,,,,Sand,,,Sand 2,2,3.06,9.88,-1.62,-8.440000000000001
-6.460000000000001,7.9,8.1672,0.031177,1.9847,-1.3672,-1.4392,2.45,0.38757,469.0,7.8984,8.1672,81.67199999999998,1.7551540993831423,,,,Sand,,,Sand 2,2,3.06,9.88,-1.62,-8.440000000000001
-6.48,7.92,8.2472,0.032101,2.0089,-1.3842,-1.4565,2.4,0.40064,469.0,7.9184,8.2472,82.472,1.7580921646039054,,,,Sand,,,Sand 2,2,3.06,9.88,-1.62,-8.440000000000001
-6.5,7.94,8.1912,0.033639,1.9964,-1.3842,-1.4392,2.4,0.42283,470.0,7.9384,8.1912,81.91199999999999,1.7717684560535831,,,,Sand,,,Sand 2,2,3.06,9.88,-1.62,-8.440000000000001
-6.52,7.96,8.0348,0.035131,1.9857,-1.3503,-1.4565,2.4,0.44685,471.0,7.9584,8.0348,80.348,1.7906659435060734,,,,Sand,,,Sand 2,2,3.06,9.88,-1.62,-8.440000000000001
-6.540000000000001,7.98,7.8516,0.036487,2.0111,-1.3503,-1.4909,2.4,0.47167,472.0,7.9783,7.8516,78.516,1.8108964927338294,,,,Sand,,,Sand 2,2,3.06,9.88,-1.62,-8.440000000000001
-6.5600000000000005,8.0,7.6889,0.037958,2.0225,-1.3672,-1.4909,2.4,0.4996,473.0,7.9983,7.6889,76.88900000000001,1.8312163611220302,,,,Sand,,,Sand 2,2,3.06,9.88,-1.62,-8.440000000000001
-6.58,8.02,7.4525,0.03795,2.0447,-1.4181,-1.4737,2.4,0.50816,473.0,8.0183,7.4525,74.525,1.8466498938326157,,,,Sand,,,Sand 2,2,3.06,9.88,-1.62,-8.440000000000001
-6.6,8.04,7.261,0.038414,2.033,-1.4011,-1.4737,2.4,0.52197,474.0,8.0383,7.261,72.61,1.862275927600635,,,,Sand,,,Sand 2,2,3.06,9.88,-1.62,-8.440000000000001
-6.620000000000001,8.06,7.1584,0.039301,2.0089,-1.3842,-1.4565,2.4,0.54057,475.0,8.0583,7.1584,71.584,1.8752989881159345,,,,Sand,,,Sand 2,2,3.06,9.88,-1.62,-8.440000000000001
-6.640000000000001,8.08,7.1438,0.039601,2.0581,-1.4011,-1.5082,2.4,0.55074,476.0,8.0783,7.1438,71.43799999999999,1.880186946833502,,,,Sand,,,Sand 2,2,3.06,9.88,-1.62,-8.440000000000001
-6.66,8.1,7.1531,0.038457,2.0572,-1.4181,-1.4909,2.4,0.53927,477.0,8.0983,7.1531,71.531,1.8750450224413544,,,,Sand,,,Sand 2,2,3.06,9.88,-1.62,-8.440000000000001
-6.68,8.12,7.166,0.037505,2.033,-1.4011,-1.4737,2.4,0.52815,478.0,8.1183,7.166,71.66,1.8697920464644036,,,,Sand,,,Sand 2,2,3.06,9.88,-1.62,-8.440000000000001
-6.700000000000001,8.14,7.1389,0.038054,2.1055,-1.452,-1.5254,2.4,0.53649,478.0,8.1382,7.1389,71.389,1.8746506529858187,,,,Sand,,,Sand 2,2,3.06,9.88,-1.62,-8.440000000000001
-6.720000000000001,8.16,7.0504,0.037193,2.0581,-1.4011,-1.5082,2.4,0.52366,479.0,8.1582,7.0504,70.50399999999999,1.8740342568561787,,,,Sand,,,Sand 2,2,3.06,9.88,-1.62,-8.440000000000001
-6.74,8.18,6.9802,0.037089,2.0467,-1.3842,-1.5082,2.4,0.51972,480.0,8.1782,6.9802,69.80199999999999,1.8761583466196965,,,,Sand,,,Sand 2,2,3.06,9.88,-1.62,-8.440000000000001
-6.76,8.2,7.0196,0.037017,2.0939,-1.435,-1.5254,2.4,0.51451,481.0,8.1982,7.0196,70.196,1.8718589645652344,,,,Sand,,,Sand 2,2,3.06,9.88,-1.62,-8.440000000000001
-6.780000000000001,8.22,7.0922,0.036434,2.0697,-1.4181,-1.5082,2.4,0.49948,482.0,8.2182,7.0922,70.922,1.8615976362048516,,,,Sand,,,Sand 2,2,3.06,9.88,-1.62,-8.440000000000001
-6.800000000000001,8.24,7.2189,0.035637,2.0697,-1.4181,-1.5082,2.4,0.47875,483.0,8.2382,7.2189,72.189,1.8458660469127,,,,Sand,,,Sand 2,2,3.06,9.88,-1.62,-8.440000000000001
-6.82,8.26,7.4242,0.035989,2.0689,-1.435,-1.4909,2.4,0.47182,484.0,8.2582,7.4242,74.242,1.8321456432995826,,,,Sand,,,Sand 2,2,3.06,9.88,-1.62,-8.440000000000001
-6.84,8.28,7.6317,0.037507,2.1176,-1.452,-1.5421,2.4,0.47964,484.0,8.2782,7.6317,76.31700000000001,1.825217717573969,,,,Sand,,,Sand 2,2,3.06,9.88,-1.62,-8.440000000000001
-6.860000000000001,8.3,7.9381,0.03846,2.0565,-1.435,-1.4737,2.4,0.48002,485.0,8.2981,7.9381,79.381,1.8105409271526856,,,,Sand,,,Sand 2,2,3.06,9.88,-1.62,-8.440000000000001
-6.880000000000001,8.32,8.2442,0.0397,2.1172,-1.4689,-1.5254,2.4,0.48508,486.0,8.3181,8.2442,82.442,1.7985973102120223,,,,Sand,,,Sand 2,2,3.06,9.88,-1.62,-8.440000000000001
-6.9,8.34,8.4537,0.04126,2.1167,-1.4859,-1.5082,2.4,0.49653,487.0,8.3381,8.4537,84.53699999999999,1.7943412791905484,,,,Sand,,,Sand 2,2,3.06,9.88,-1.62,-8.440000000000001
-6.92,8.36,8.5551,0.040883,2.1172,-1.4689,-1.5254,2.4,0.48791,488.0,8.3581,8.5551,85.551,1.786010279494085,,,,Sand,,,Sand 2,2,3.06,9.88,-1.62,-8.440000000000001
-6.940000000000001,8.38,8.6318,0.039999,2.1055,-1.452,-1.5254,2.4,0.47628,489.0,8.3781,8.6318,86.318,1.7773580956796706,,,,Sand,,,Sand 2,2,3.06,9.88,-1.62,-8.440000000000001
-6.960000000000001,8.4,8.5963,0.037121,2.1292,-1.4689,-1.5421,2.4,0.44269,489.0,8.3981,8.5963,85.963,1.7630847072507219,,,,Sand,,,Sand 2,2,3.06,9.88,-1.62,-8.440000000000001
-6.98,8.42,8.4267,0.034936,2.141,-1.4859,-1.5421,2.4,0.41695,490.0,8.4181,8.4267,84.26700000000001,1.7580485619870503,,,,Sand,,,Sand 2,2,3.06,9.88,-1.62,-8.440000000000001
-7.0,8.44,8.1873,0.033039,2.1292,-1.4689,-1.5421,2.4,0.39329,491.0,8.438,8.1873,81.873,1.7571476838713243,,,,Sand,,,Sand 2,2,3.06,9.88,-1.62,-8.440000000000001
-7.020000000000001,8.46,8.09,0.031401,2.1048,-1.4689,-1.5082,2.4,0.37174,492.0,8.458,8.09,80.9,1.7505664694229126,,,,Sand,,,Sand 2,2,3.06,9.88,-1.62,-8.440000000000001
-7.040000000000001,8.48,8.1423,0.030154,2.141,-1.4859,-1.5421,2.4,0.35401,493.0,8.478,8.1423,81.423,1.7385782963070637,,,,Sand,,,Sand 2,2,3.06,9.88,-1.62,-8.440000000000001
-7.0600000000000005,8.5,8.4022,0.033041,2.1765,-1.5367,-1.5421,2.4,0.38265,494.0,8.498,8.4022,84.022,1.741663443402265,,,,Sand,,,Sand 2,2,3.06,9.88,-1.62,-8.440000000000001
-7.08,8.52,8.7296,0.036895,2.1528,-1.5028,-1.5421,2.4,0.41849,494.0,8.518,8.7296,87.296,1.7453630215864107,,,,Sand,,,Sand 2,2,3.06,9.88,-1.62,-8.440000000000001
-7.1,8.54,9.003,0.0363,2.1528,-1.5028,-1.5421,2.4,0.40298,495.0,8.538,9.003,90.03,1.7257389288555307,,,,Sand,,,Sand 2,2,3.06,9.88,-1.62,-8.440000000000001
-7.120000000000001,8.56,9.1617,0.0356,2.1646,-1.5198,-1.5421,2.4,0.38759,496.0,8.558,9.1617,91.61699999999999,1.7110237826770103,,,,Sand,,,Sand 2,2,3.06,9.88,-1.62,-8.440000000000001
-7.140000000000001,8.58,9.3621,0.034984,2.1648,-1.5367,-1.5254,2.4,0.37497,497.0,8.5779,9.3621,93.62100000000001,1.6959694976769353,,,,Sand,,,Sand 2,2,3.06,9.88,-1.62,-8.440000000000001
-7.16,8.6,9.6397,0.036057,2.1646,-1.5198,-1.5421,2.4,0.38219,498.0,8.5979,9.6397,96.39699999999999,1.688685682481786,,,,Sand,,,Sand 2,2,3.06,9.88,-1.62,-8.440000000000001
-7.18,8.62,9.6229,0.038222,2.1647,-1.5028,-1.5588,2.4,0.40164,498.0,8.6179,9.6229,96.229,1.699695991904561,,,,Sand,,,Sand 2,2,3.06,9.88,-1.62,-8.440000000000001
-7.200000000000001,8.64,9.558,0.038836,2.1884,-1.5367,-1.5588,2.4,0.4053,499.0,8.6379,9.558,95.58,1.704177368227768,,,,Sand,,,Sand 2,2,3.06,9.88,-1.62,-8.440000000000001
-7.220000000000001,8.66,9.5616,0.040064,2.1765,-1.5367,-1.5421,2.4,0.41631,500.0,8.6579,9.5616,95.616,1.7097192210633458,,,,Sand,,,Sand 2,2,3.06,9.88,-1.62,-8.440000000000001
-7.24,8.68,9.567,0.038337,2.1884,-1.5367,-1.5588,2.4,0.39794,501.0,8.6779,9.567,95.67,1.6999675542449235,,,,Sand,,,Sand 2,2,3.06,9.88,-1.62,-8.440000000000001
-7.26,8.7,9.658,0.036998,2.2121,-1.5537,-1.5754,2.4,0.38389,502.0,8.6979,9.658,96.58,1.6888779119752042,,,,Sand,,,Sand 2,2,3.06,9.88,-1.62,-8.440000000000001
-7.280000000000001,8.72,9.6867,0.034501,2.2122,-1.5367,-1.5921,2.45,0.35849,503.0,8.7178,9.6867,96.867,1.6737827825517597,,,,Sand,,,Sand 2,2,3.06,9.88,-1.62,-8.440000000000001
-7.300000000000001,8.74,9.694,0.034066,2.2003,-1.5367,-1.5754,2.4,0.35625,504.0,8.7378,9.694,96.94,1.672234698653706,,,,Sand,,,Sand 2,2,3.06,9.88,-1.62,-8.440000000000001
-7.32,8.76,9.7234,0.033698,2.2003,-1.5537,-1.5588,2.4,0.35649,504.0,8.7578,9.7234,97.234,1.6712032024321224,,,,Sand,,,Sand 2,2,3.06,9.88,-1.62,-8.440000000000001
-7.34,8.78,9.6529,0.035436,2.2003,-1.5537,-1.5588,2.4,0.38165,505.0,8.7778,9.6529,96.52900000000001,1.6878710347230244,,,,Sand,,,Sand 2,2,3.06,9.88,-1.62,-8.440000000000001
-7.360000000000001,8.8,9.4468,0.036454,2.224,-1.5537,-1.5921,2.4,0.40149,506.0,8.7978,9.4468,94.46799999999999,1.7066381663272803,,,,Sand,,,Sand 2,2,3.06,9.88,-1.62,-8.440000000000001
-7.380000000000001,8.82,9.0694,0.036628,2.2003,-1.5537,-1.5588,0.75,0.41365,520.0,8.8178,9.0694,90.694,1.7284019923381249,,,,Sand,,,Sand 2,2,3.06,9.88,-1.62,-8.440000000000001
-7.4,8.84,8.6919,0.038137,2.2486,-1.6215,-1.5588,2.25,0.44247,521.0,8.8378,8.6919,86.919,1.7587963340575616,,,,Sand,,,Sand 2,2,3.06,9.88,-1.62,-8.440000000000001
-7.42,8.86,8.3144,0.038988,2.2359,-1.5706,-1.5921,2.35,0.46457,522.0,8.8577,8.3144,83.14399999999999,1.7860246239439106,,,,Sand,,,Sand 2,2,3.06,9.88,-1.62,-8.440000000000001
-7.440000000000001,8.88,8.0433,0.03811,2.2363,-1.5367,-1.6254,2.4,0.46468,523.0,8.8777,8.0433,80.433,1.798585031949527,,,,Sand,,,Sand 2,2,3.06,9.88,-1.62,-8.440000000000001
-7.460000000000001,8.9,7.8966,0.036281,2.2122,-1.5367,-1.5921,2.45,0.44918,524.0,8.8977,7.8966,78.96600000000001,1.7983497679876257,,,,Sand,,,Sand 2,2,3.06,9.88,-1.62,-8.440000000000001
-7.48,8.92,7.8362,0.035572,2.2596,-1.5876,-1.6088,2.4,0.44278,524.0,8.9177,7.8362,78.362,1.7982561225557279,,,,Sand,,,Sand 2,2,3.06,9.88,-1.62,-8.440000000000001
-7.5,8.94,7.8391,0.033702,2.2715,-1.5876,-1.6254,2.45,0.41711,525.0,8.9377,7.8391,78.391,1.785765401192182,,,,Sand,,,Sand 2,2,3.06,9.88,-1.62,-8.440000000000001
-7.520000000000001,8.96,7.9199,0.031592,2.2835,-1.6215,-1.6088,2.4,0.38544,526.0,8.9577,7.9199,79.19900000000001,1.765924155460264,,,,Sand,,,Sand 2,2,3.06,9.88,-1.62,-8.440000000000001
-7.540000000000001,8.98,8.0748,0.031567,2.2478,-1.5876,-1.5921,2.4,0.37727,527.0,8.9776,8.0748,80.748,1.7541983734261226,,,,Sand,,,Sand 2,2,3.06,9.88,-1.62,-8.440000000000001
-7.5600000000000005,9.0,8.3455,0.030989,2.2597,-1.5706,-1.6254,2.45,0.36116,528.0,8.9976,8.3455,83.455,1.73286367773278,,,,Sand,,,Sand 2,2,3.06,9.88,-1.62,-8.440000000000001
-7.58,9.02,8.6841,0.031616,2.2715,-1.6045,-1.6088,2.4,0.35892,529.0,9.0176,8.6841,86.84100000000001,1.7162240708011358,,,,Sand,,,Sand 2,2,3.06,9.88,-1.62,-8.440000000000001
-7.6,9.04,8.9754,0.043851,2.2477,-1.5706,-1.6088,2.4,0.48514,529.0,9.0376,8.9754,89.75399999999999,1.7668392426074546,,,,Sand,,,Sand 2,2,3.06,9.88,-1.62,-8.440000000000001
-7.620000000000001,9.06,9.2619,0.049488,2.2602,-1.6215,-1.5754,2.4,0.53485,530.0,9.0576,9.2619,92.61900000000001,1.7773729357090933,,,,Sand,,,Sand 2,2,3.06,9.88,-1.62,-8.440000000000001
-7.640000000000001,9.08,9.5425,0.049471,2.2715,-1.6045,-1.6088,2.4,0.52458,531.0,9.0776,9.5425,95.425,1.7619174036192893,,,,Sand,,,Sand 2,2,3.06,9.88,-1.62,-8.440000000000001
-7.66,9.1,9.6648,0.05171,2.2715,-1.6045,-1.6088,2.4,0.5384,532.0,9.0976,9.6648,96.648,1.7633074116075855,,,,Sand,,,Sand 2,2,3.06,9.88,-1.62,-8.440000000000001
-7.68,9.12,9.762,0.063796,2.248,-1.5537,-1.6254,2.45,0.655,533.0,9.1175,9.762,97.62,1.8070864358636394,,,,Sand,,,Sand 2,2,3.06,9.88,-1.62,-8.440000000000001
-7.700000000000001,9.14,9.7858,0.071169,2.2264,-1.4859,-1.6588,2.4,0.72456,534.0,9.1375,9.7858,97.85799999999999,1.8317193601339012,,,,Sand,,,Sand 2,2,3.06,9.88,-1.62,-8.440000000000001
-7.720000000000001,9.16,9.7679,0.0698,2.2039,-1.452,-1.6588,2.4,0.70842,534.0,9.1575,9.7679,97.679,1.8266118632537496,,,,Sand,,,Sand 2,2,3.06,9.88,-1.62,-8.440000000000001
-7.74,9.18,10.075,0.0685,2.2738,-1.5198,-1.6921,2.4,0.69536,535.0,9.1775,10.075,100.75,1.810983027491533,,,,Sand,,,Sand 2,2,3.06,9.88,-1.62,-8.440000000000001
-7.76,9.2,10.059,0.067091,2.1945,-1.4181,-1.6754,2.4,0.68001,536.0,9.1975,10.059,100.59,1.8058748147196892,,,,Sand,,,Sand 2,2,3.06,9.88,-1.62,-8.440000000000001
-7.780000000000001,9.22,9.9226,0.072631,2.1914,-1.452,-1.6421,2.4,0.73393,537.0,9.2175,9.9226,99.22599999999998,1.8301580426194413,,,,Sand,,,Sand 2,2,3.06,9.88,-1.62,-8.440000000000001
-7.800000000000001,9.24,9.786,0.070911,2.2654,-1.4689,-1.7254,2.45,0.7131,538.0,9.2374,9.786,97.86,1.8276380384841693,,,,Sand,,,Sand 2,2,3.06,9.88,-1.62,-8.440000000000001
-7.82,9.26,9.6495,0.064793,2.2765,-1.4859,-1.7254,2.4,0.6498,539.0,9.2574,9.6495,96.495,1.8092346120301093,,,,Sand,,,Sand 2,2,3.06,9.88,-1.62,-8.440000000000001
-7.84,9.28,9.884,0.043008,2.2039,-1.452,-1.6588,2.4,0.42959,539.0,9.2774,9.884,98.84,1.7039732499928213,,,,Sand,,,Sand 2,2,3.06,9.88,-1.62,-8.440000000000001
-7.860000000000001,9.3,10.026,0.037385,2.2625,-1.5028,-1.6921,2.4,0.37058,540.0,9.2974,10.026,100.26,1.6673093913538224,,,,Sand,,,Sand 2,2,3.06,9.88,-1.62,-8.440000000000001
-7.880000000000001,9.32,10.151,0.035249,2.2528,-1.4689,-1.7088,2.4,0.34526,541.0,9.3174,10.151,101.51,1.6482087768639022,,,,Sand,,,Sand 2,2,3.06,9.88,-1.62,-8.440000000000001
-7.9,9.34,10.292,0.034525,2.2388,-1.4859,-1.6754,2.4,0.33344,542.0,9.3374,10.292,102.92,1.635965218747704,,,,Sand,,,Sand 2,2,3.06,9.88,-1.62,-8.440000000000001
-7.92,9.36,10.38,0.033399,2.2276,-1.4689,-1.6754,2.4,0.3194,543.0,9.3574,10.38,103.8,1.6242546596485787,,,,Sand,,,Sand 2,2,3.06,9.88,-1.62,-8.440000000000001
-7.940000000000001,9.38,10.537,0.032782,2.2254,-1.5028,-1.6421,2.45,0.31201,543.0,9.3773,10.537,105.37,1.6138973962100465,,,,Sand,,,Sand 2,2,3.06,9.88,-1.62,-8.440000000000001
-7.960000000000001,9.4,10.756,0.032492,2.1914,-1.452,-1.6421,2.45,0.30921,544.0,9.3973,10.756,107.56,1.6041535206010684,,,,Sand,,,Sand 2,2,3.06,9.88,-1.62,-8.440000000000001
-7.98,9.42,10.808,0.033746,2.2165,-1.452,-1.6754,2.4,0.3223,545.0,9.4173,10.808,108.08,1.6103386390466234,,,,Sand,,,Sand 2,2,3.06,9.88,-1.62,-8.440000000000001
-8.0,9.44,10.703,0.033923,2.275,-1.5028,-1.7088,2.4,0.32695,546.0,9.4373,10.703,107.03,1.6169375908117813,,,,Sand,,,Sand 2,2,3.06,9.88,-1.62,-8.440000000000001
-8.020000000000001,9.46,10.428,0.034264,2.214,-1.4859,-1.6421,2.4,0.33577,547.0,9.4573,10.428,104.28,1.6322679846555572,,,,Sand,,,Sand 2,2,3.06,9.88,-1.62,-8.440000000000001
-8.040000000000001,9.48,10.161,0.034699,2.2276,-1.4689,-1.6754,2.4,0.34797,548.0,9.4773,10.161,101.61,1.6493940903545223,,,,Sand,,,Sand 2,2,3.06,9.88,-1.62,-8.440000000000001
-8.06,9.5,9.9869,0.034689,2.275,-1.5028,-1.7088,2.4,0.3573,548.0,9.4973,9.9869,99.869,1.6613711525561679,,,,Sand,,,Sand 2,2,3.06,9.88,-1.62,-8.440000000000001
-8.08,9.52,9.6247,0.03538,2.2614,-1.5198,-1.6754,2.45,0.37423,549.0,9.5172,9.6247,96.24700000000001,1.6849588869741774,,,,Sand,,,Sand 2,2,3.06,9.88,-1.62,-8.440000000000001
-8.1,9.54,9.1675,0.037311,2.2501,-1.5028,-1.6754,2.4,0.40499,550.0,9.5372,9.1675,91.675,1.719875391292146,,,,Sand,,,Sand 2,2,3.06,9.88,-1.62,-8.440000000000001
-8.120000000000001,9.56,8.896,0.03819,2.2614,-1.5198,-1.6754,2.45,0.42433,551.0,9.5572,8.896,88.96,1.7411060165887768,,,,Sand,,,Sand 2,2,3.06,9.88,-1.62,-8.440000000000001
-8.14,9.58,8.7006,0.038253,2.2625,-1.5028,-1.6921,2.4,0.43307,552.0,9.5772,8.7006,87.006,1.753844753916725,,,,Sand,,,Sand 2,2,3.06,9.88,-1.62,-8.440000000000001
-8.16,9.6,8.6679,0.041012,2.3099,-1.5367,-1.7254,2.45,0.47121,553.0,9.5972,8.6679,86.679,1.7734486126366644,,,,Sand,,,Sand 2,2,3.06,9.88,-1.62,-8.440000000000001
-8.18,9.62,8.4976,0.0415,2.2862,-1.5198,-1.7088,2.45,0.47989,553.0,9.6172,8.4976,84.976,1.7848877566995867,,,,Sand,,,Sand 2,2,3.06,9.88,-1.62,-8.440000000000001
-8.200000000000001,9.64,8.4592,0.0419,2.2729,-1.5367,-1.6754,2.4,0.48302,554.0,9.6371,8.4592,84.59199999999998,1.7880116992433055,,,,Sand,,,Sand 2,2,3.06,9.88,-1.62,-8.440000000000001
-8.22,9.66,8.6495,0.042359,2.2843,-1.5537,-1.6754,2.4,0.48304,555.0,9.6571,8.6495,86.495,1.7796915525224257,,,,Sand,,,Sand 2,2,3.06,9.88,-1.62,-8.440000000000001
-8.24,9.68,8.5905,0.054459,2.26,-1.5537,-1.6421,2.45,0.60992,556.0,9.6771,8.5905,85.905,1.8357050140063689,,,,Sand,,,Sand 2,2,3.06,9.88,-1.62,-8.440000000000001
-8.26,9.7,8.7215,0.055975,2.2959,-1.5706,-1.6754,2.4,0.60458,557.0,9.6971,8.7215,87.215,1.8281140525148007,,,,Sand,,,Sand 2,2,3.06,9.88,-1.62,-8.440000000000001
-8.280000000000001,9.72,9.1099,0.0693,2.3089,-1.5537,-1.7088,2.4,0.72486,558.0,9.7171,9.1099,91.09899999999999,1.8570186134728544,,,,Sand,,,Sand 2,2,3.06,9.88,-1.62,-8.440000000000001
-8.3,9.74,9.4579,0.0827,2.3326,-1.5706,-1.7254,2.4,0.84335,558.0,9.7371,9.4579,94.579,1.8830781757096169,,,,Sand,,,Sand 2,2,3.06,9.88,-1.62,-8.440000000000001
-8.32,9.76,9.9455,0.096095,2.3573,-1.5706,-1.7588,2.4,0.95838,559.0,9.757,9.9455,99.455,1.9004147733068824,,,,Sand,,,Sand 2,2,3.06,9.88,-1.62,-8.440000000000001
-8.34,9.78,11.134,0.11571,2.7911,-1.791,-2.1421,2.3,1.16,560.0,9.777,11.134,111.34,1.9172256216312213,,,,Sand,,,Sand 2,2,3.06,9.88,-1.62,-8.440000000000001
-8.360000000000001,9.8,10.875,0.11745,4.1122,-2.3333,-3.3898,2.25,1.1959,561.0,9.797,10.875,108.75,1.9336848283523558,,,,Sand,,,Sand 2,2,3.06,9.88,-1.62,-8.440000000000001
-8.38,9.82,10.615,0.10937,4.7049,-2.7,-3.8588,2.2,1.1382,562.0,9.8169,10.615,106.15,1.9272002796572834,,,,Sand,,,Sand 2,2,3.06,9.88,-1.62,-8.440000000000001
-8.4,9.84,10.355,0.1086,5.2614,-3.0833,-4.2715,1.9,1.1647,576.0,9.8368,10.355,103.55,1.9418895102640534,,,,Sand,,,Sand 2,2,3.06,9.88,-1.62,-8.440000000000001
-8.42,9.86,8.3123,0.1078,5.2623,-3.15,-4.2238,2.45,1.2142,577.0,9.8567,8.3123,83.123,2.0259657771288024,,,,Sand,,,Sand 2,2,3.06,9.88,-1.62,-8.440000000000001
-8.440000000000001,9.88,7.8689,0.107,5.1261,-3.1333,-4.0651,2.4,1.2628,578.0,9.8767,7.8689,78.689,2.055157343669776,,,,Sand mixtures,,,Sand 3,3,9.88,15.96,-8.440000000000001,-14.520000000000001
-8.46,9.9,7.7677,0.089862,5.0934,-3.1,-4.0492,2.4,1.104,579.0,9.8966,7.7677,77.67699999999999,2.0225149795276436,,,,Sand,,,Sand 3,3,9.88,15.96,-8.440000000000001,-14.520000000000001
-8.48,9.92,7.6666,0.088596,5.0659,-3.1167,-4.0016,2.4,1.1252,580.0,9.9165,7.6666,76.666,2.032119405058655,,,,Sand,,,Sand 3,3,9.88,15.96,-8.440000000000001,-14.520000000000001
-8.5,9.94,7.5654,0.0778,5.0206,-3.0833,-3.9699,2.4,0.98735,581.0,9.9364,7.5654,75.65400000000001,2.001688303621442,,,,Sand,,,Sand 3,3,9.88,15.96,-8.440000000000001,-14.520000000000001
-8.520000000000001,9.96,7.6353,0.0671,4.9729,-3.0667,-3.9222,2.4,0.84058,581.0,9.9563,7.6353,76.35300000000001,1.9568296242755288,,,,Sand,,,Sand 3,3,9.88,15.96,-8.440000000000001,-14.520000000000001
-8.540000000000001,9.98,7.9458,0.0637,4.9232,-3.0667,-3.8588,2.4,0.78371,582.0,9.9763,7.9458,79.458,1.9250480752043286,,,,Sand,,,Sand 3,3,9.88,15.96,-8.440000000000001,-14.520000000000001
-8.56,10.0,8.2294,0.0604,4.8675,-3.0167,-3.827,2.4,0.72611,583.0,9.9962,8.2294,82.294,1.8935274878869428,,,,Sand,,,Sand 3,3,9.88,15.96,-8.440000000000001,-14.520000000000001
-8.58,10.02,8.3586,0.057042,4.9005,-3.05,-3.8429,2.45,0.66759,584.0,10.016,8.3586,83.58599999999998,1.8673219699693027,,,,Sand,,,Sand 3,3,9.88,15.96,-8.440000000000001,-14.520000000000001
-8.6,10.04,8.6919,0.056461,4.8179,-3.0167,-3.7635,2.4,0.64139,585.0,10.036,8.6919,86.919,1.8435264356495185,,,,Sand,,,Sand 3,3,9.88,15.96,-8.440000000000001,-14.520000000000001
-8.620000000000001,10.06,8.9308,0.055545,4.7972,-2.9833,-3.7635,2.4,0.61293,586.0,10.056,8.9308,89.30799999999999,1.8227920246785805,,,,Sand,,,Sand 3,3,9.88,15.96,-8.440000000000001,-14.520000000000001
-8.64,10.08,9.1893,0.054275,4.8056,-3.0167,-3.7476,2.4,0.58177,586.0,10.076,9.1893,91.89299999999999,1.799981389485421,,,,Sand,,,Sand 3,3,9.88,15.96,-8.440000000000001,-14.520000000000001
-8.66,10.1,9.3749,0.053724,4.8179,-3.0167,-3.7635,2.4,0.55704,587.0,10.096,9.3749,93.749,1.7824254372183908,,,,Sand,,,Sand 3,3,9.88,15.96,-8.440000000000001,-14.520000000000001
-8.68,10.12,9.702,0.05026,4.7724,-2.9833,-3.7318,2.4,0.50261,588.0,10.116,9.702,97.02,1.745957409981382,,,,Sand,,,Sand 3,3,9.88,15.96,-8.440000000000001,-14.520000000000001
-8.700000000000001,10.14,10.02,0.0495,4.7952,-3.0,-3.7476,2.45,0.47744,589.0,10.136,10.02,100.2,1.722325365095382,,,,Sand,,,Sand 3,3,9.88,15.96,-8.440000000000001,-14.520000000000001
-8.72,10.16,10.367,0.0488,4.7932,-3.0167,-3.7318,2.4,0.45532,590.0,10.156,10.367,103.67,1.698989459367051,,,,Sand,,,Sand 3,3,9.88,15.96,-8.440000000000001,-14.520000000000001
-8.74,10.18,10.881,0.048046,4.7952,-3.0,-3.7476,2.4,0.43548,591.0,10.176,10.881,108.81,1.6710070892893452,,,,Sand,,,Sand 3,3,9.88,15.96,-8.440000000000001,-14.520000000000001
-8.76,10.2,11.533,0.048299,4.7828,-3.0,-3.7318,2.4,0.42754,591.0,10.195,11.533,115.33,1.6452318812138698,,,,Sand,,,Sand 3,3,9.88,15.96,-8.440000000000001,-14.520000000000001
-8.780000000000001,10.22,11.875,0.047144,4.8096,-2.9833,-3.7794,2.4,0.40887,592.0,10.215,11.875,118.75,1.6243710662820963,,,,Sand,,,Sand 3,3,9.88,15.96,-8.440000000000001,-14.520000000000001
-8.8,10.24,11.989,0.045461,4.7705,-3.0,-3.7159,2.4,0.38709,593.0,10.235,11.989,119.89,1.6087401908393224,,,,Sand,,,Sand 3,3,9.88,15.96,-8.440000000000001,-14.520000000000001
-8.82,10.26,11.897,0.044575,4.7932,-3.0167,-3.7318,2.4,0.37371,594.0,10.255,11.897,118.97,1.6040311576262016,,,,Sand,,,Sand 3,3,9.88,15.96,-8.440000000000001,-14.520000000000001
-8.84,10.28,11.814,0.04247,4.7932,-3.0167,-3.7318,2.4,0.35252,595.0,10.275,11.814,118.14,1.5943227913506948,,,,Sand,,,Sand 3,3,9.88,15.96,-8.440000000000001,-14.520000000000001
-8.860000000000001,10.3,11.887,0.041366,4.7478,-2.9833,-3.7,2.4,0.34041,595.0,10.295,11.887,118.87,1.584717913664493,,,,Sand,,,Sand 3,3,9.88,15.96,-8.440000000000001,-14.520000000000001
-8.88,10.32,12.078,0.044648,4.7459,-3.0,-3.6842,2.4,0.3635,596.0,10.315,12.078,120.78,1.5924022582274324,,,,Sand,,,Sand 3,3,9.88,15.96,-8.440000000000001,-14.520000000000001
-8.9,10.34,12.349,0.050243,4.7952,-3.0,-3.7476,2.4,0.40303,597.0,10.335,12.349,123.49,1.606574213176234,,,,Sand,,,Sand 3,3,9.88,15.96,-8.440000000000001,-14.520000000000001
-8.92,10.36,12.488,0.048989,4.7792,-3.0333,-3.7,2.4,0.3863,598.0,10.355,12.488,124.88,1.5930000833916569,,,,Sand,,,Sand 3,3,9.88,15.96,-8.440000000000001,-14.520000000000001
-8.940000000000001,10.38,12.712,0.0476,4.8037,-3.0333,-3.7318,2.4,0.36772,599.0,10.375,12.712,127.12,1.5755662684987544,,,,Sand,,,Sand 3,3,9.88,15.96,-8.440000000000001,-14.520000000000001
-8.96,10.4,13.038,0.0461,4.8125,-3.0667,-3.7159,2.35,0.34737,600.0,10.395,13.038,130.38,1.5537883493399125,,,,Sand,,,Sand 3,3,9.88,15.96,-8.440000000000001,-14.520000000000001
-8.98,10.42,13.364,0.044697,4.7914,-3.0333,-3.7159,2.35,0.32852,601.0,10.415,13.364,133.64,1.5326545882563687,,,,Sand,,,Sand 3,3,9.88,15.96,-8.440000000000001,-14.520000000000001
-9.0,10.44,13.535,0.046974,4.6734,-2.8,-3.7476,2.15,0.33745,602.0,10.435,13.535,135.35,1.533463838597186,,,,Sand,,,Sand 3,3,9.88,15.96,-8.440000000000001,-14.520000000000001
-9.020000000000001,10.46,13.993,0.050444,4.7313,-2.9167,-3.7318,2.35,0.35595,602.0,10.455,13.993,139.93,1.5324010911905221,,,,Sand,,,Sand 3,3,9.88,15.96,-8.440000000000001,-14.520000000000001
-9.040000000000001,10.48,14.688,0.052551,4.6759,-2.9667,-3.6207,2.4,0.36707,603.0,10.475,14.688,146.88,1.521097341587306,,,,Sand,,,Sand 3,3,9.88,15.96,-8.440000000000001,-14.520000000000001
-9.06,10.5,15.025,0.057894,4.7425,-3.0333,-3.6524,2.4,0.40394,604.0,10.494,15.025,150.25,1.5346427409651036,,,,Sand,,,Sand 3,3,9.88,15.96,-8.440000000000001,-14.520000000000001
-9.08,10.52,15.004,0.062158,4.7076,-3.0167,-3.6207,2.35,0.43688,605.0,10.514,15.004,150.04,1.5537449069016551,,,,Sand,,,Sand 3,3,9.88,15.96,-8.440000000000001,-14.520000000000001
-9.1,10.54,14.727,0.065702,4.7182,-3.0333,-3.6207,2.4,0.46941,606.0,10.534,14.727,147.27,1.577901131344688,,,,Sand,,,Sand 3,3,9.88,15.96,-8.440000000000001,-14.520000000000001
-9.120000000000001,10.56,14.192,0.068944,4.7319,-3.0167,-3.6524,2.35,0.50692,606.0,10.554,14.192,141.92,1.6101310530133857,,,,Sand,,,Sand 3,3,9.88,15.96,-8.440000000000001,-14.520000000000001
-9.14,10.58,13.494,0.070257,4.7442,-3.0167,-3.6683,2.35,0.53583,607.0,10.574,13.494,134.94,1.6419120630371309,,,,Sand,,,Sand 3,3,9.88,15.96,-8.440000000000001,-14.520000000000001
-9.16,10.6,12.698,0.070352,4.7531,-3.05,-3.6524,2.4,0.55849,608.0,10.594,12.698,126.98,1.6738572085676493,,,,Sand,,,Sand 3,3,9.88,15.96,-8.440000000000001,-14.520000000000001
-9.18,10.62,12.145,0.069447,4.7792,-3.0333,-3.7,2.4,0.57459,609.0,10.614,12.145,121.45,1.6967723628344964,,,,Sand,,,Sand 3,3,9.88,15.96,-8.440000000000001,-14.520000000000001
-9.200000000000001,10.64,11.519,0.068402,4.8003,-3.0667,-3.7,2.45,0.58825,610.0,10.634,11.519,115.19,1.7214369438743855,,,,Sand,,,Sand 3,3,9.88,15.96,-8.440000000000001,-14.520000000000001
-9.22,10.66,11.116,0.066729,4.7866,-3.0833,-3.6683,2.4,0.59278,611.0,10.654,11.116,111.16,1.736018477059228,,,,Sand,,,Sand 3,3,9.88,15.96,-8.440000000000001,-14.520000000000001
-9.24,10.68,10.884,0.06447,4.7973,-3.1,-3.6683,2.4,0.58621,611.0,10.674,10.884,108.84,1.7407884074977338,,,,Sand,,,Sand 3,3,9.88,15.96,-8.440000000000001,-14.520000000000001
-9.26,10.7,10.644,0.064864,4.8201,-3.1167,-3.6842,2.4,0.59919,612.0,10.694,10.644,106.44,1.754161170732145,,,,Sand,,,Sand 3,3,9.88,15.96,-8.440000000000001,-14.520000000000001
-9.280000000000001,10.72,10.525,0.064256,4.8094,-3.1,-3.6842,2.4,0.59833,613.0,10.714,10.525,105.25,1.757825859108654,,,,Sand,,,Sand 3,3,9.88,15.96,-8.440000000000001,-14.520000000000001
-9.3,10.74,10.525,0.0623,4.8003,-3.0667,-3.7,2.45,0.58195,614.0,10.734,10.525,105.25,1.751017025222871,,,,Sand,,,Sand 3,3,9.88,15.96,-8.440000000000001,-14.520000000000001
-9.32,10.76,10.624,0.0603,4.8094,-3.1,-3.6842,2.4,0.56639,615.0,10.754,10.624,106.24,1.741050856817896,,,,Sand,,,Sand 3,3,9.88,15.96,-8.440000000000001,-14.520000000000001
-9.34,10.78,10.764,0.0583,4.7775,-3.05,-3.6842,2.4,0.54849,616.0,10.773,10.764,107.64,1.72856133612453,,,,Sand,,,Sand 3,3,9.88,15.96,-8.440000000000001,-14.520000000000001
-9.360000000000001,10.8,10.832,0.060117,4.8003,-3.0667,-3.7,2.4,0.5665,616.0,10.793,10.832,108.32,1.7341220627547886,,,,Sand,,,Sand 3,3,9.88,15.96,-8.440000000000001,-14.520000000000001
-9.38,10.82,10.844,0.061845,4.8352,-3.0833,-3.7318,2.4,0.58451,617.0,10.813,10.844,108.44,1.7413901025592167,,,,Sand,,,Sand 3,3,9.88,15.96,-8.440000000000001,-14.520000000000001
-9.4,10.84,10.412,0.063397,4.7531,-3.05,-3.6524,1.2,0.60239,631.0,10.833,10.412,104.12,1.7633526421008554,,,,Sand,,,Sand 3,3,9.88,15.96,-8.440000000000001,-14.520000000000001
-9.42,10.86,10.507,0.06429,4.8247,-3.0667,-3.7318,2.4,0.61588,632.0,10.853,10.507,105.07,1.76558665639547,,,,Sand,,,Sand 3,3,9.88,15.96,-8.440000000000001,-14.520000000000001
-9.440000000000001,10.88,10.387,0.064733,4.8264,-3.05,-3.7476,2.4,0.62607,633.0,10.873,10.387,103.87,1.7737567605580662,,,,Sand,,,Sand 3,3,9.88,15.96,-8.440000000000001,-14.520000000000001
-9.46,10.9,10.275,0.064991,4.8474,-3.0833,-3.7476,2.4,0.63458,634.0,10.893,10.275,102.75,1.7809768745669723,,,,Sand,,,Sand 3,3,9.88,15.96,-8.440000000000001,-14.520000000000001
-9.48,10.92,10.172,0.063282,4.8142,-3.05,-3.7318,2.4,0.61977,635.0,10.913,10.172,101.72,1.778704828720279,,,,Sand,,,Sand 3,3,9.88,15.96,-8.440000000000001,-14.520000000000001
-9.5,10.94,10.08,0.060513,4.8686,-3.1167,-3.7476,2.4,0.59365,636.0,10.933,10.08,100.8,1.7713951591751365,,,,Sand,,,Sand 3,3,9.88,15.96,-8.440000000000001,-14.520000000000001
-9.520000000000001,10.96,10.038,0.067203,4.8125,-3.0667,-3.7159,2.4,0.65782,637.0,10.953,10.038,100.38,1.7982564518233348,,,,Sand,,,Sand 3,3,9.88,15.96,-8.440000000000001,-14.520000000000001
-9.540000000000001,10.98,10.06,0.068404,4.823,-3.0833,-3.7159,2.4,0.66644,637.0,10.973,10.06,100.6,1.8007514619206857,,,,Sand,,,Sand 3,3,9.88,15.96,-8.440000000000001,-14.520000000000001
-9.56,11.0,10.164,0.064391,4.8474,-3.0833,-3.7476,2.4,0.62064,638.0,10.993,10.164,101.64,1.7793325163173412,,,,Sand,,,Sand 3,3,9.88,15.96,-8.440000000000001,-14.520000000000001
-9.58,11.02,10.37,0.061713,4.8492,-3.0667,-3.7635,2.4,0.58353,639.0,11.013,10.37,103.7,1.7570088324272168,,,,Sand,,,Sand 3,3,9.88,15.96,-8.440000000000001,-14.520000000000001
-9.6,11.04,10.567,0.058024,4.9157,-3.1333,-3.7953,2.4,0.53708,640.0,11.033,10.567,105.67,1.7302108913217633,,,,Sand,,,Sand 3,3,9.88,15.96,-8.440000000000001,-14.520000000000001
-9.620000000000001,11.06,10.66,0.0568,4.9507,-3.15,-3.827,2.4,0.51413,641.0,11.052,10.66,106.6,1.7166715211787333,,,,Sand,,,Sand 3,3,9.88,15.96,-8.440000000000001,-14.520000000000001
-9.64,11.08,11.059,0.0555,4.9894,-3.1333,-3.8905,2.4,0.49104,642.0,11.072,11.059,110.59,1.6924598684538457,,,,Sand,,,Sand 3,3,9.88,15.96,-8.440000000000001,-14.520000000000001
-9.66,11.1,11.687,0.054202,4.9263,-3.15,-3.7953,2.4,0.47114,642.0,11.092,11.687,116.87,1.6625743998947886,,,,Sand,,,Sand 3,3,9.88,15.96,-8.440000000000001,-14.520000000000001
-9.68,11.12,11.861,0.047865,4.9507,-3.15,-3.827,2.4,0.41001,643.0,11.112,11.861,118.61,1.625430380896488,,,,Sand,,,Sand 3,3,9.88,15.96,-8.440000000000001,-14.520000000000001
-9.700000000000001,11.14,12.014,0.046291,4.977,-3.1333,-3.8746,2.4,0.39247,644.0,11.132,12.014,120.14,1.6109777949524307,,,,Sand,,,Sand 3,3,9.88,15.96,-8.440000000000001,-14.520000000000001
-9.72,11.16,12.202,0.04414,4.9525,-3.1333,-3.8429,2.35,0.37288,645.0,11.152,12.202,122.02,1.5940027430107908,,,,Sand,,,Sand 3,3,9.88,15.96,-8.440000000000001,-14.520000000000001
-9.74,11.18,11.986,0.041487,4.963,-3.15,-3.8429,2.4,0.35162,646.0,11.172,11.986,119.86,1.588287125062854,,,,Sand,,,Sand 3,3,9.88,15.96,-8.440000000000001,-14.520000000000001
-9.76,11.2,11.924,0.036984,4.9507,-3.15,-3.827,2.4,0.31582,647.0,11.192,11.924,119.24,1.5683281267391274,,,,Sand,,,Sand 3,3,9.88,15.96,-8.440000000000001,-14.520000000000001
-9.780000000000001,11.22,11.626,0.033436,5.0207,-3.1833,-3.8905,2.4,0.28921,647.0,11.212,11.626,116.26,1.5610469427240694,,,,Sand,,,Sand 3,3,9.88,15.96,-8.440000000000001,-14.520000000000001
-9.8,11.24,11.401,0.033188,4.9752,-3.15,-3.8588,2.4,0.29189,648.0,11.232,11.401,114.01,1.5704316647018512,,,,Sand,,,Sand 3,3,9.88,15.96,-8.440000000000001,-14.520000000000001
-9.82,11.26,11.376,0.033089,4.963,-3.15,-3.8429,2.4,0.29573,649.0,11.252,11.376,113.76,1.5737731376954205,,,,Sand,,,Sand 3,3,9.88,15.96,-8.440000000000001,-14.520000000000001
-9.84,11.28,11.157,0.029313,4.9857,-3.1667,-3.8588,2.45,0.26623,650.0,11.272,11.157,111.57,1.5619628328084023,,,,Sand,,,Sand 3,3,9.88,15.96,-8.440000000000001,-14.520000000000001
-9.860000000000001,11.3,10.817,0.028589,5.0102,-3.1667,-3.8905,2.4,0.26286,651.0,11.292,10.817,108.17,1.5719531281019956,,,,Sand,,,Sand 3,3,9.88,15.96,-8.440000000000001,-14.520000000000001
-9.88,11.32,10.673,0.02886,5.054,-3.2167,-3.9064,2.4,0.26759,651.0,11.312,10.673,106.73,1.5804287500008045,,,,Sand,,,Sand 3,3,9.88,15.96,-8.440000000000001,-14.520000000000001
-9.9,11.34,10.538,0.028245,5.0312,-3.2,-3.8905,2.45,0.26387,652.0,11.331,10.538,105.38,1.5830003153322894,,,,Sand,,,Sand 3,3,9.88,15.96,-8.440000000000001,-14.520000000000001
-9.92,11.36,10.496,0.028994,5.033,-3.1833,-3.9064,2.4,0.27253,653.0,11.351,10.496,104.96,1.5903143998036506,,,,Sand,,,Sand 3,3,9.88,15.96,-8.440000000000001,-14.520000000000001
-9.940000000000001,11.38,10.55,0.028827,5.0557,-3.2,-3.9222,2.4,0.27212,654.0,11.371,10.55,105.5,1.58801439179001,,,,Sand,,,Sand 3,3,9.88,15.96,-8.440000000000001,-14.520000000000001
-9.96,11.4,10.674,0.028918,5.1135,-3.2333,-3.9699,2.4,0.27434,655.0,11.391,10.674,106.74,1.5848548990418017,,,,Sand,,,Sand 3,3,9.88,15.96,-8.440000000000001,-14.520000000000001
-9.98,11.42,10.729,0.030754,5.1135,-3.2333,-3.9699,2.4,0.29369,656.0,11.411,10.729,107.29,1.5953623982486667,,,,Sand,,,Sand 3,3,9.88,15.96,-8.440000000000001,-14.520000000000001
-10.0,11.44,10.635,0.031959,5.1541,-3.3167,-3.954,2.45,0.30879,656.0,11.431,10.635,106.35,1.6082998964731596,,,,Sand,,,Sand 3,3,9.88,15.96,-8.440000000000001,-14.520000000000001
-10.020000000000001,11.46,10.455,0.033182,5.0785,-3.2167,-3.9381,2.4,0.3265,657.0,11.451,10.455,104.55,1.6257445307620608,,,,Sand,,,Sand 3,3,9.88,15.96,-8.440000000000001,-14.520000000000001
-10.040000000000001,11.48,10.25,0.034528,5.1101,-3.2667,-3.9381,2.4,0.34818,658.0,11.471,10.25,102.5,1.6461567053741775,,,,Sand,,,Sand 3,3,9.88,15.96,-8.440000000000001,-14.520000000000001
-10.06,11.5,9.9838,0.032062,5.1467,-3.2667,-3.9857,2.45,0.33303,659.0,11.491,9.9838,99.83800000000001,1.6474987607863008,,,,Sand,,,Sand 3,3,9.88,15.96,-8.440000000000001,-14.520000000000001
-10.08,11.52,9.5199,0.03313,5.124,-3.25,-3.9699,2.4,0.35475,660.0,11.511,9.5199,95.199,1.678379536083903,,,,Sand,,,Sand 3,3,9.88,15.96,-8.440000000000001,-14.520000000000001
-10.1,11.54,9.055,0.031974,5.1345,-3.2667,-3.9699,2.45,0.35263,661.0,11.531,9.055,90.55,1.6965510281307175,,,,Sand,,,Sand 3,3,9.88,15.96,-8.440000000000001,-14.520000000000001
-10.120000000000001,11.56,8.7061,0.032422,5.1541,-3.3167,-3.954,2.45,0.36751,661.0,11.551,8.7061,87.06099999999998,1.7199091002704383,,,,Sand,,,Sand 3,3,9.88,15.96,-8.440000000000001,-14.520000000000001
-10.14,11.58,8.4146,0.031254,5.1485,-3.25,-4.0016,2.45,0.36288,662.0,11.57,8.4146,84.146,1.7305929468640593,,,,Sand,,,Sand 3,3,9.88,15.96,-8.440000000000001,-14.520000000000001
-10.16,11.6,8.3268,0.032508,5.1731,-3.25,-4.0334,2.45,0.38394,663.0,11.59,8.3268,83.26800000000001,1.7458114353422445,,,,Sand,,,Sand 3,3,9.88,15.96,-8.440000000000001,-14.520000000000001
-10.18,11.62,8.2832,0.031422,5.1362,-3.25,-3.9857,2.45,0.37487,664.0,11.61,8.2832,82.83200000000001,1.7430821933931198,,,,Sand,,,Sand 3,3,9.88,15.96,-8.440000000000001,-14.520000000000001
-10.200000000000001,11.64,8.2874,0.030522,5.1712,-3.2667,-4.0175,2.4,0.36568,665.0,11.63,8.2874,82.874,1.7380026671453268,,,,Sand,,,Sand 3,3,9.88,15.96,-8.440000000000001,-14.520000000000001
-10.22,11.66,8.3086,0.030735,5.229,-3.3,-4.0651,2.45,0.36842,666.0,11.65,8.3086,83.086,1.7384762032699708,,,,Sand,,,Sand 3,3,9.88,15.96,-8.440000000000001,-14.520000000000001
-10.24,11.68,8.3534,0.030339,5.2045,-3.3,-4.0334,2.4,0.36542,666.0,11.67,8.3534,83.53400000000002,1.7347884931145896,,,,Sand,,,Sand 3,3,9.88,15.96,-8.440000000000001,-14.520000000000001
-10.26,11.7,8.3759,0.029322,5.2413,-3.3,-4.081,2.45,0.35758,667.0,11.69,8.3759,83.759,1.7295137258922237,,,,Sand,,,Sand 3,3,9.88,15.96,-8.440000000000001,-14.520000000000001
-10.280000000000001,11.72,8.4228,0.028031,5.2556,-3.2833,-4.1127,2.4,0.34827,668.0,11.71,8.4228,84.22800000000001,1.722245844976923,,,,Sand,,,Sand 3,3,9.88,15.96,-8.440000000000001,-14.520000000000001
-10.3,11.74,8.3813,0.026062,5.2082,-3.2667,-4.0651,2.45,0.33246,669.0,11.73,8.3813,83.81299999999999,1.7153492375660921,,,,Sand,,,Sand 3,3,9.88,15.96,-8.440000000000001,-14.520000000000001
-10.32,11.76,8.0074,0.025072,5.2849,-3.35,-4.0969,2.4,0.33191,670.0,11.75,8.0074,80.07400000000001,1.7329339129384111,,,,Sand,,,Sand 3,3,9.88,15.96,-8.440000000000001,-14.520000000000001
-10.34,11.78,7.4642,0.024284,5.2394,-3.3167,-4.0651,2.45,0.33468,671.0,11.77,7.4642,74.642,1.7620828367093384,,,,Sand,,,Sand 3,3,9.88,15.96,-8.440000000000001,-14.520000000000001
-10.360000000000001,11.8,7.0761,0.023239,5.2763,-3.3167,-4.1127,2.45,0.33513,671.0,11.79,7.0761,70.76100000000001,1.7833705387738301,,,,Sand,,,Sand 3,3,9.88,15.96,-8.440000000000001,-14.520000000000001
-10.38,11.82,6.6327,0.022231,5.2432,-3.2833,-4.0969,2.4,0.33671,672.0,11.809,6.6327,66.327,1.80978347857957,,,,Sand,,,Sand 3,3,9.88,15.96,-8.440000000000001,-14.520000000000001
-10.4,11.84,6.0719,0.021998,5.2972,-3.35,-4.1127,1.0,0.3491,686.0,11.829,6.0719,60.71900000000001,1.8512067257963234,,,,Sand,,,Sand 3,3,9.88,15.96,-8.440000000000001,-14.520000000000001
-10.42,11.86,5.9916,0.022701,5.2832,-3.3667,-4.081,2.35,0.37462,687.0,11.849,5.9916,59.916000000000004,1.869277385490389,,,,Sand,,,Sand 3,3,9.88,15.96,-8.440000000000001,-14.520000000000001
-10.440000000000001,11.88,5.8502,0.023239,5.2972,-3.35,-4.1127,2.45,0.39659,688.0,11.869,5.8502,58.501999999999995,1.889261975997646,,,,Sand,,,Sand 3,3,9.88,15.96,-8.440000000000001,-14.520000000000001
-10.46,11.9,5.7247,0.02375,5.3095,-3.35,-4.1286,2.45,0.41583,689.0,11.889,5.7247,57.24700000000001,1.906717193169441,,,,Sand,,,Sand 3,3,9.88,15.96,-8.440000000000001,-14.520000000000001
-10.48,11.92,5.5998,0.024003,5.3114,-3.3333,-4.1445,2.45,0.42613,690.0,11.909,5.5998,55.998000000000005,1.9200030418468461,,,,Sand,,,Sand 3,3,9.88,15.96,-8.440000000000001,-14.520000000000001
-10.5,11.94,5.532,0.024147,5.306,-3.3833,-4.0969,2.4,0.43371,690.0,11.929,5.532,55.32,1.9281407797080374,,,,Sand,,,Sand 3,3,9.88,15.96,-8.440000000000001,-14.520000000000001
-10.520000000000001,11.96,5.4748,0.023745,5.3304,-3.3833,-4.1286,2.4,0.42955,691.0,11.949,5.4748,54.748000000000005,1.9303318108916852,,,,Sand,,,Sand 3,3,9.88,15.96,-8.440000000000001,-14.520000000000001
-10.540000000000001,11.98,5.4457,0.024444,5.3672,-3.3833,-4.1762,2.45,0.44323,692.0,11.969,5.4457,54.45700000000001,1.9384570687452296,,,,Sand,,,Sand 3,3,9.88,15.96,-8.440000000000001,-14.520000000000001
-10.56,12.0,5.4439,0.024889,5.3549,-3.3833,-4.1603,2.45,0.45003,693.0,11.989,5.4439,54.43900000000001,1.9415504896034426,,,,Sand,,,Sand 3,3,9.88,15.96,-8.440000000000001,-14.520000000000001
-10.58,12.02,5.4694,0.024693,5.3759,-3.4167,-4.1603,2.4,0.44293,694.0,12.009,5.4694,54.694,1.9366386935955586,,,,Sand,,,Sand 3,3,9.88,15.96,-8.440000000000001,-14.520000000000001
-10.6,12.04,5.5315,0.025006,5.3777,-3.4,-4.1762,2.4,0.44293,695.0,12.029,5.5315,55.315,1.932254664772854,,,,Sand,,,Sand 3,3,9.88,15.96,-8.440000000000001,-14.520000000000001
-10.620000000000001,12.06,5.6222,0.024774,5.4042,-3.3833,-4.2238,2.45,0.43187,696.0,12.048,5.6222,56.22200000000001,1.921028679047003,,,,Sand,,,Sand 3,3,9.88,15.96,-8.440000000000001,-14.520000000000001
-10.64,12.08,5.7245,0.025133,5.3654,-3.4,-4.1603,2.45,0.42954,696.0,12.068,5.7245,57.245,1.9129709427726387,,,,Sand,,,Sand 3,3,9.88,15.96,-8.440000000000001,-14.520000000000001
-10.66,12.1,5.8871,0.025249,5.4392,-3.4,-4.2556,2.4,0.4216,697.0,12.088,5.8871,58.871,1.898471025159621,,,,Sand,,,Sand 3,3,9.88,15.96,-8.440000000000001,-14.520000000000001
-10.68,12.12,6.0396,0.025964,5.4373,-3.4167,-4.2397,2.4,0.42272,698.0,12.108,6.0396,60.396,1.8890470384680507,,,,Sand,,,Sand 3,3,9.88,15.96,-8.440000000000001,-14.520000000000001
-10.700000000000001,12.14,6.1732,0.026435,5.425,-3.4167,-4.2238,2.45,0.41889,699.0,12.128,6.1732,61.732,1.8787809586478936,,,,Sand,,,Sand 3,3,9.88,15.96,-8.440000000000001,-14.520000000000001
-10.72,12.16,6.3625,0.026663,5.4791,-3.4833,-4.2397,2.45,0.41119,700.0,12.148,6.3625,63.625,1.8634439326206256,,,,Sand,,,Sand 3,3,9.88,15.96,-8.440000000000001,-14.520000000000001
-10.74,12.18,6.5707,0.027091,5.4931,-3.4667,-4.2715,2.4,0.40814,701.0,12.168,6.5707,65.70700000000001,1.849494838135134,,,,Sand,,,Sand 3,3,9.88,15.96,-8.440000000000001,-14.520000000000001
-10.76,12.2,6.7578,0.027775,5.495,-3.45,-4.2873,2.4,0.41081,701.0,12.188,6.7578,67.57799999999999,1.8398901784683994,,,,Sand,,,Sand 3,3,9.88,15.96,-8.440000000000001,-14.520000000000001
-10.780000000000001,12.22,6.9717,0.034262,5.4827,-3.45,-4.2715,2.4,0.50003,702.0,12.208,6.9717,69.717,1.8683096038475013,,,,Sand,,,Sand 3,3,9.88,15.96,-8.440000000000001,-14.520000000000001
-10.8,12.24,7.1111,0.029601,5.5141,-3.5,-4.2715,2.45,0.42818,703.0,12.228,7.1111,71.111,1.8284955706938018,,,,Sand,,,Sand 3,3,9.88,15.96,-8.440000000000001,-14.520000000000001
-10.82,12.26,7.1151,0.029554,5.5074,-3.45,-4.3032,2.4,0.42508,704.0,12.248,7.1151,71.15100000000001,1.8268116408030028,,,,Sand,,,Sand 3,3,9.88,15.96,-8.440000000000001,-14.520000000000001
-10.84,12.28,7.0275,0.028423,5.5301,-3.4667,-4.3191,2.4,0.40748,705.0,12.267,7.0275,70.275,1.8231434205224413,,,,Sand,,,Sand 3,3,9.88,15.96,-8.440000000000001,-14.520000000000001
-10.860000000000001,12.3,6.8986,0.027077,5.5651,-3.4833,-4.3508,2.45,0.38802,705.0,12.287,6.8986,68.986,1.8207651594151941,,,,Sand,,,Sand 3,3,9.88,15.96,-8.440000000000001,-14.520000000000001
-10.88,12.32,6.8528,0.027254,5.5569,-3.45,-4.3667,2.45,0.39203,706.0,12.307,6.8528,68.528,1.82534256918981,,,,Sand,,,Sand 3,3,9.88,15.96,-8.440000000000001,-14.520000000000001
-10.9,12.34,6.8863,0.030196,5.5982,-3.5167,-4.3667,2.4,0.43741,707.0,12.327,6.8863,68.863,1.845155620289195,,,,Sand,,,Sand 3,3,9.88,15.96,-8.440000000000001,-14.520000000000001
-10.92,12.36,6.9398,0.023674,5.5775,-3.4833,-4.3667,2.4,0.34559,708.0,12.347,6.9398,69.398,1.7966429213340889,,,,Sand,,,Sand 3,3,9.88,15.96,-8.440000000000001,-14.520000000000001
-10.940000000000001,12.38,6.9942,0.020149,5.5755,-3.5,-4.3508,2.4,0.29626,709.0,12.367,6.9942,69.942,1.766320463807143,,,,Sand,,,Sand 3,3,9.88,15.96,-8.440000000000001,-14.520000000000001
-10.96,12.4,6.9017,0.019905,5.5878,-3.5,-4.3667,2.45,0.2949,710.0,12.387,6.9017,69.017,1.7708629445939041,,,,Sand,,,Sand 3,3,9.88,15.96,-8.440000000000001,-14.520000000000001
-10.98,12.42,6.7264,0.019494,5.5859,-3.5167,-4.3508,2.4,0.29162,710.0,12.407,6.7264,67.264,1.7792842480358866,,,,Sand,,,Sand 3,3,9.88,15.96,-8.440000000000001,-14.520000000000001
-11.0,12.44,6.6025,0.01884,5.5963,-3.5333,-4.3508,2.4,0.28504,711.0,12.427,6.6025,66.025,1.7829638762210245,,,,Sand,,,Sand 3,3,9.88,15.96,-8.440000000000001,-14.520000000000001
-11.020000000000001,12.46,6.5071,0.01881,5.6086,-3.5333,-4.3667,2.4,0.28843,712.0,12.447,6.5071,65.071,1.7907596222443238,,,,Sand,,,Sand 3,3,9.88,15.96,-8.440000000000001,-14.520000000000001
-11.040000000000001,12.48,6.4389,0.018784,5.5963,-3.5333,-4.3508,2.45,0.29148,713.0,12.466,6.4389,64.38900000000001,1.7967291918871993,,,,Sand,,,Sand 3,3,9.88,15.96,-8.440000000000001,-14.520000000000001
-11.06,12.5,6.3661,0.018184,5.5736,-3.5167,-4.3349,2.4,0.28438,714.0,12.486,6.3661,63.661,1.7972527893896075,,,,Sand,,,Sand 3,3,9.88,15.96,-8.440000000000001,-14.520000000000001
-11.08,12.52,6.3416,0.01867,5.6086,-3.5333,-4.3667,2.4,0.29317,714.0,12.506,6.3416,63.416,1.8037998604079568,,,,Sand,,,Sand 3,3,9.88,15.96,-8.440000000000001,-14.520000000000001
-11.1,12.54,6.287,0.019264,5.6522,-3.5833,-4.3826,2.4,0.30288,715.0,12.526,6.287,62.87,1.812700117208976,,,,Sand,,,Sand 3,3,9.88,15.96,-8.440000000000001,-14.520000000000001
-11.120000000000001,12.56,6.2862,0.019974,5.6522,-3.5833,-4.3826,2.45,0.31397,716.0,12.546,6.2862,62.861999999999995,1.8188498159188657,,,,Sand,,,Sand 3,3,9.88,15.96,-8.440000000000001,-14.520000000000001
-11.14,12.58,6.3261,0.020773,5.6172,-3.5667,-4.3508,2.4,0.32601,717.0,12.566,6.3261,63.261,1.8228369260758615,,,,Sand,,,Sand 3,3,9.88,15.96,-8.440000000000001,-14.520000000000001
-11.16,12.6,6.395,0.020644,5.6436,-3.55,-4.3984,2.4,0.32326,718.0,12.586,6.395,63.95,1.8170505644727928,,,,Sand,,,Sand 3,3,9.88,15.96,-8.440000000000001,-14.520000000000001
-11.18,12.62,6.4425,0.020882,5.6872,-3.6,-4.4143,2.4,0.32567,719.0,12.606,6.4425,64.425,1.8154072360547893,,,,Sand,,,Sand 3,3,9.88,15.96,-8.440000000000001,-14.520000000000001
-11.200000000000001,12.64,6.4489,0.02054,5.6994,-3.6,-4.4302,2.4,0.31876,719.0,12.626,6.4489,64.48899999999999,1.8112724332166896,,,,Sand,,,Sand 3,3,9.88,15.96,-8.440000000000001,-14.520000000000001
-11.22,12.66,6.4468,0.020512,5.7187,-3.65,-4.4143,2.45,0.31708,720.0,12.646,6.4468,64.46799999999999,1.8104867314509356,,,,Sand,,,Sand 3,3,9.88,15.96,-8.440000000000001,-14.520000000000001
-11.24,12.68,6.4567,0.019944,5.7222,-3.6167,-4.4461,2.4,0.30749,721.0,12.666,6.4567,64.567,1.8046023109898879,,,,Sand,,,Sand 3,3,9.88,15.96,-8.440000000000001,-14.520000000000001
-11.26,12.7,6.4951,0.020106,5.689,-3.5833,-4.4302,2.4,0.30947,722.0,12.685,6.4951,64.951,1.803330369590072,,,,Sand,,,Sand 3,3,9.88,15.96,-8.440000000000001,-14.520000000000001
-11.280000000000001,12.72,6.5393,0.019879,5.7431,-3.65,-4.4461,2.4,0.30569,723.0,12.705,6.5393,65.393,1.7985239564916886,,,,Sand,,,Sand 3,3,9.88,15.96,-8.440000000000001,-14.520000000000001
-11.3,12.74,6.5275,0.022467,5.7344,-3.6167,-4.4619,2.4,0.34534,724.0,12.725,6.5275,65.275,1.8206595584419019,,,,Sand,,,Sand 3,3,9.88,15.96,-8.440000000000001,-14.520000000000001
-11.32,12.76,6.5316,0.021574,5.7467,-3.6167,-4.4778,2.4,0.33195,724.0,12.745,6.5316,65.316,1.8133253695954064,,,,Sand,,,Sand 3,3,9.88,15.96,-8.440000000000001,-14.520000000000001
-11.34,12.78,6.5296,0.020894,5.7449,-3.6333,-4.4619,2.45,0.32244,725.0,12.765,6.5296,65.296,1.8083247107940799,,,,Sand,,,Sand 3,3,9.88,15.96,-8.440000000000001,-14.520000000000001
-11.360000000000001,12.8,6.497,0.019556,5.7974,-3.6167,-4.543,2.4,0.30335,726.0,12.785,6.497,64.97,1.7998127736268452,,,,Sand,,,Sand 3,3,9.88,15.96,-8.440000000000001,-14.520000000000001
-11.38,12.82,6.469,0.019811,5.7694,-3.6333,-4.4937,2.4,0.30937,727.0,12.805,6.469,64.69,1.8048824415742382,,,,Sand,,,Sand 3,3,9.88,15.96,-8.440000000000001,-14.520000000000001
-11.4,12.84,6.4043,0.019444,5.7941,-3.6333,-4.5254,0.5,0.30596,741.0,12.825,6.4043,64.043,1.8070110996069897,,,,Sand,,,Sand 3,3,9.88,15.96,-8.440000000000001,-14.520000000000001
-11.42,12.86,6.3397,0.021244,5.8181,-3.65,-4.543,2.25,0.33752,742.0,12.845,6.3397,63.397,1.828099274595239,,,,Sand,,,Sand 3,3,9.88,15.96,-8.440000000000001,-14.520000000000001
-11.440000000000001,12.88,6.2751,0.0217,5.8285,-3.6667,-4.543,2.4,0.34841,743.0,12.865,6.2751,62.751000000000005,1.8378342653140274,,,,Sand,,,Sand 3,3,9.88,15.96,-8.440000000000001,-14.520000000000001
-11.46,12.9,6.1834,0.0222,5.8493,-3.7,-4.543,2.45,0.36057,744.0,12.884,6.1834,61.833999999999996,1.8498622817138417,,,,Sand,,,Sand 3,3,9.88,15.96,-8.440000000000001,-14.520000000000001
-11.48,12.92,6.1443,0.022685,5.8181,-3.65,-4.543,2.45,0.3738,744.0,12.904,6.1443,61.443000000000005,1.8589814639858482,,,,Sand,,,Sand 3,3,9.88,15.96,-8.440000000000001,-14.520000000000001
-11.5,12.94,6.041,0.022615,5.8351,-3.6333,-4.5781,2.45,0.37857,745.0,12.924,6.041,60.41,1.8679910903051868,,,,Sand,,,Sand 3,3,9.88,15.96,-8.440000000000001,-14.520000000000001
-11.520000000000001,12.96,5.9696,0.022008,5.8661,-3.6833,-4.5781,2.4,0.37428,746.0,12.944,5.9696,59.696,1.8705567185378447,,,,Sand,,,Sand 3,3,9.88,15.96,-8.440000000000001,-14.520000000000001
-11.540000000000001,12.98,5.8974,0.0232,5.8454,-3.65,-4.5781,2.4,0.40039,747.0,12.964,5.8974,58.974000000000004,1.8879176614902793,,,,Sand,,,Sand 3,3,9.88,15.96,-8.440000000000001,-14.520000000000001
-11.56,13.0,5.7008,0.0244,5.8214,-3.6333,-4.5605,2.4,0.42627,748.0,12.984,5.7008,57.008,1.9131074907561645,,,,Sand,,,Sand 3,3,9.88,15.96,-8.440000000000001,-14.520000000000001
-11.58,13.02,5.5786,0.025528,5.8727,-3.65,-4.6131,2.45,0.44983,749.0,13.004,5.5786,55.785999999999994,1.9319883139749876,,,,Sand,,,Sand 3,3,9.88,15.96,-8.440000000000001,-14.520000000000001
-11.6,13.04,5.5261,0.024227,5.9104,-3.6667,-4.6482,2.4,0.43131,749.0,13.024,5.5261,55.260999999999996,1.9274859655693821,,,,Sand,,,Sand 3,3,9.88,15.96,-8.440000000000001,-14.520000000000001
-11.620000000000001,13.06,5.4968,0.023283,5.9004,-3.7167,-4.5956,2.4,0.41762,750.0,13.044,5.4968,54.968,1.9233909667933933,,,,Sand,,,Sand 3,3,9.88,15.96,-8.440000000000001,-14.520000000000001
-11.64,13.08,5.5818,0.024164,5.9277,-3.7167,-4.6307,2.4,0.43386,751.0,13.063,5.5818,55.818000000000005,1.924722127728762,,,,Sand,,,Sand 3,3,9.88,15.96,-8.440000000000001,-14.520000000000001
-11.66,13.1,5.6498,0.024108,5.9413,-3.7167,-4.6482,2.4,0.42993,752.0,13.083,5.6498,56.498000000000005,1.9182539140498016,,,,Sand,,,Sand 3,3,9.88,15.96,-8.440000000000001,-14.520000000000001
-11.68,13.12,5.5048,0.023873,5.9619,-3.6833,-4.7009,2.45,0.42026,753.0,13.103,5.5048,55.048,1.9240211838369308,,,,Sand,,,Sand 3,3,9.88,15.96,-8.440000000000001,-14.520000000000001
-11.700000000000001,13.14,5.5632,0.023898,5.9447,-3.7,-4.6658,2.4,0.41398,754.0,13.123,5.5632,55.632,1.9170392358532176,,,,Sand,,,Sand 3,3,9.88,15.96,-8.440000000000001,-14.520000000000001
-11.72,13.16,5.656,0.0237,5.9379,-3.6667,-4.6833,2.4,0.40313,754.0,13.143,5.656,56.56,1.9055533585043183,,,,Sand,,,Sand 3,3,9.88,15.96,-8.440000000000001,-14.520000000000001
-11.74,13.18,5.8818,0.0234,5.9415,-3.65,-4.7009,2.4,0.38936,755.0,13.163,5.8818,58.818000000000005,1.8837023817087335,,,,Sand,,,Sand 3,3,9.88,15.96,-8.440000000000001,-14.520000000000001
-11.76,13.2,6.1113,0.023208,5.9655,-3.6667,-4.7184,2.45,0.3752,756.0,13.183,6.1113,61.113,1.8617893231868763,,,,Sand,,,Sand 3,3,9.88,15.96,-8.440000000000001,-14.520000000000001
-11.780000000000001,13.22,6.2328,0.020546,5.9655,-3.6667,-4.7184,2.4,0.32197,757.0,13.203,6.2328,62.328,1.8265819655586268,,,,Sand,,,Sand 3,3,9.88,15.96,-8.440000000000001,-14.520000000000001
-11.8,13.24,6.4318,0.0203,5.9619,-3.6833,-4.7009,2.4,0.30849,758.0,13.223,6.4318,64.318,1.8066991174132054,,,,Sand,,,Sand 3,3,9.88,15.96,-8.440000000000001,-14.520000000000001
-11.82,13.26,6.6973,0.02,5.983,-3.65,-4.7535,2.4,0.29601,759.0,13.242,6.6973,66.973,1.7835274420338103,,,,Sand,,,Sand 3,3,9.88,15.96,-8.440000000000001,-14.520000000000001
-11.84,13.28,6.9097,0.019728,6.0272,-3.7,-4.771,2.45,0.28593,759.0,13.262,6.9097,69.097,1.7652168539507496,,,,Sand,,,Sand 3,3,9.88,15.96,-8.440000000000001,-14.520000000000001
-11.860000000000001,13.3,7.1312,0.024411,5.9894,-3.6833,-4.7359,2.4,0.34737,760.0,13.282,7.1312,71.312,1.7868878142742555,,,,Sand,,,Sand 3,3,9.88,15.96,-8.440000000000001,-14.520000000000001
-11.88,13.32,7.2472,0.025552,6.0236,-3.7167,-4.7535,2.4,0.35884,761.0,13.302,7.2472,72.47200000000001,1.78662339596464,,,,Sand,,,Sand 3,3,9.88,15.96,-8.440000000000001,-14.520000000000001
-11.9,13.34,7.2902,0.026188,6.0236,-3.7167,-4.7535,2.4,0.36449,762.0,13.322,7.2902,72.902,1.7872657617532646,,,,Sand,,,Sand 3,3,9.88,15.96,-8.440000000000001,-14.520000000000001
-11.92,13.36,7.2567,0.027373,6.02,-3.7333,-4.7359,2.45,0.37808,763.0,13.342,7.2567,72.56700000000001,1.7960679794397698,,,,Sand,,,Sand 3,3,9.88,15.96,-8.440000000000001,-14.520000000000001
-11.940000000000001,13.38,7.2556,0.027764,6.0338,-3.7333,-4.7535,2.4,0.38015,764.0,13.362,7.2556,72.556,1.7971812144737065,,,,Sand,,,Sand 3,3,9.88,15.96,-8.440000000000001,-14.520000000000001
-11.96,13.4,7.1767,0.027,6.068,-3.7667,-4.771,2.4,0.36547,764.0,13.382,7.1767,71.76700000000001,1.7939051291687735,,,,Sand,,,Sand 3,3,9.88,15.96,-8.440000000000001,-14.520000000000001
-11.98,13.42,7.2126,0.0263,6.0751,-3.7333,-4.8061,2.4,0.34937,765.0,13.402,7.2126,72.126,1.7834945512196974,,,,Sand,,,Sand 3,3,9.88,15.96,-8.440000000000001,-14.520000000000001
-12.0,13.44,7.3508,0.025558,6.0649,-3.7167,-4.8061,2.45,0.33066,766.0,13.421,7.3508,73.508,1.765907113929239,,,,Sand,,,Sand 3,3,9.88,15.96,-8.440000000000001,-14.520000000000001
-12.020000000000001,13.46,7.6377,0.025135,6.0649,-3.7167,-4.8061,2.45,0.31445,767.0,13.441,7.6377,76.377,1.7417141038890616,,,,Sand,,,Sand 3,3,9.88,15.96,-8.440000000000001,-14.520000000000001
-12.040000000000001,13.48,7.9216,0.026457,6.0687,-3.7,-4.8237,2.4,0.31904,768.0,13.461,7.9216,79.216,1.729907701812375,,,,Sand,,,Sand 3,3,9.88,15.96,-8.440000000000001,-14.520000000000001
-12.06,13.5,8.4119,0.031603,6.0725,-3.6833,-4.8412,2.4,0.36712,768.0,13.481,8.4119,84.119,1.732996222024942,,,,Sand,,,Sand 3,3,9.88,15.96,-8.440000000000001,-14.520000000000001
-12.08,13.52,8.8676,0.038196,6.0725,-3.6833,-4.8412,2.4,0.42744,769.0,13.501,8.8676,88.676,1.7438643368088502,,,,Sand,,,Sand 3,3,9.88,15.96,-8.440000000000001,-14.520000000000001
-12.1,13.54,9.3662,0.061395,6.1443,-3.7333,-4.8938,2.4,0.66339,770.0,13.521,9.3662,93.66199999999999,1.8249916840132236,,,,Sand,,,Sand 3,3,9.88,15.96,-8.440000000000001,-14.520000000000001
-12.120000000000001,13.56,9.5734,0.0594,6.1783,-3.7667,-4.9114,2.4,0.62197,771.0,13.541,9.5734,95.734,1.8012918469238803,,,,Sand,,,Sand 3,3,9.88,15.96,-8.440000000000001,-14.520000000000001
-12.14,13.58,9.7376,0.0573,6.1682,-3.75,-4.9114,2.4,0.5849,772.0,13.561,9.7376,97.376,1.780256950258803,,,,Sand,,,Sand 3,3,9.88,15.96,-8.440000000000001,-14.520000000000001
-12.16,13.6,9.9711,0.0553,6.22,-3.7667,-4.964,2.4,0.55312,773.0,13.581,9.9711,99.711,1.7582997676651093,,,,Sand,,,Sand 3,3,9.88,15.96,-8.440000000000001,-14.520000000000001
-12.18,13.62,10.189,0.056,6.22,-3.7667,-4.964,2.4,0.54949,773.0,13.6,10.189,101.89,1.7488802514617832,,,,Sand,,,Sand 3,3,9.88,15.96,-8.440000000000001,-14.520000000000001
-12.200000000000001,13.64,10.286,0.056564,6.4513,-3.85,-5.1921,2.35,0.5432,774.0,13.62,10.286,102.86,1.7426971492904788,,,,Sand,,,Sand 3,3,9.88,15.96,-8.440000000000001,-14.520000000000001
-12.22,13.66,10.382,0.062562,6.5665,-3.95,-5.2623,2.4,0.58988,775.0,13.64,10.382,103.82,1.7592360593510636,,,,Sand,,,Sand 3,3,9.88,15.96,-8.440000000000001,-14.520000000000001
-12.24,13.68,10.478,0.064373,6.5217,-3.85,-5.2798,2.4,0.59404,776.0,13.66,10.478,104.78,1.7576582031522767,,,,Sand,,,Sand 3,3,9.88,15.96,-8.440000000000001,-14.520000000000001
-12.26,13.7,10.913,0.064152,6.485,-3.8833,-5.2096,2.45,0.5742,777.0,13.68,10.913,109.13,1.734747436668504,,,,Sand,,,Sand 3,3,9.88,15.96,-8.440000000000001,-14.520000000000001
-12.280000000000001,13.72,11.349,0.064824,6.5301,-4.05,-5.1395,2.25,0.55701,778.0,13.7,11.349,113.49,1.7132531408561422,,,,Sand,,,Sand 3,3,9.88,15.96,-8.440000000000001,-14.520000000000001
-12.3,13.74,11.28,0.0606,6.5217,-3.85,-5.2798,2.35,0.49691,779.0,13.72,11.28,112.8,1.6880202545527405,,,,Sand,,,Sand 3,3,9.88,15.96,-8.440000000000001,-14.520000000000001
-12.32,13.76,11.814,0.0564,6.5358,-3.85,-5.2974,2.35,0.44293,779.0,13.74,11.814,118.14,1.6443329159344415,,,,Sand,,,Sand 3,3,9.88,15.96,-8.440000000000001,-14.520000000000001
-12.34,13.78,12.877,0.0561,6.5448,-3.8167,-5.3324,2.35,0.42807,780.0,13.759,12.877,128.77,1.6047372072074904,,,,Sand,,,Sand 3,3,9.88,15.96,-8.440000000000001,-14.520000000000001
-12.360000000000001,13.8,14.01,0.0558,6.5068,-3.8,-5.2974,2.35,0.41636,781.0,13.779,14.01,140.1,1.5673302815484533,,,,Sand,,,Sand 3,3,9.88,15.96,-8.440000000000001,-14.520000000000001
-12.38,13.82,14.841,0.055469,6.4599,-3.8167,-5.2272,2.35,0.40424,782.0,13.799,14.841,148.41,1.539327911628943,,,,Sand,,,Sand 3,3,9.88,15.96,-8.440000000000001,-14.520000000000001
-12.4,13.84,14.783,0.0542,6.4653,-3.85,-5.2096,2.1,0.38786,783.0,13.819,14.783,147.83,1.5311997260064583,,,,Sand,,,Sand 3,3,9.88,15.96,-8.440000000000001,-14.520000000000001
-12.42,13.86,13.889,0.053,6.603,-3.9167,-5.3324,2.0,0.37541,797.0,13.839,13.889,138.89,1.5469459776836443,,,,Sand,,,Sand 3,3,9.88,15.96,-8.440000000000001,-14.520000000000001
-12.440000000000001,13.88,13.72,0.0517,6.5987,-3.9333,-5.3149,2.35,0.36605,798.0,13.859,13.72,137.2,1.545923879253898,,,,Sand,,,Sand 3,3,9.88,15.96,-8.440000000000001,-14.520000000000001
-12.46,13.9,13.842,0.053139,6.5904,-3.9667,-5.2798,2.4,0.37849,799.0,13.879,13.842,138.42,1.5500333384957758,,,,Sand,,,Sand 3,3,9.88,15.96,-8.440000000000001,-14.520000000000001
-12.48,13.92,13.831,0.080611,6.6085,-3.95,-5.3149,2.35,0.57652,800.0,13.899,13.831,138.31,1.6518556372444255,,,,Sand,,,Sand 3,3,9.88,15.96,-8.440000000000001,-14.520000000000001
-12.5,13.94,14.027,0.077688,6.5847,-3.9333,-5.2974,2.4,0.55335,800.0,13.918,14.027,140.27,1.6363957294348006,,,,Sand,,,Sand 3,3,9.88,15.96,-8.440000000000001,-14.520000000000001
-12.520000000000001,13.96,14.057,0.074268,6.5805,-3.95,-5.2798,2.35,0.52426,801.0,13.938,14.057,140.57,1.6219481815409664,,,,Sand,,,Sand 3,3,9.88,15.96,-8.440000000000001,-14.520000000000001
-12.540000000000001,13.98,14.171,0.074676,6.5427,-3.9333,-5.2447,2.4,0.5217,802.0,13.958,14.171,141.71,1.6178573706300547,,,,Sand,,,Sand 3,3,9.88,15.96,-8.440000000000001,-14.520000000000001
-12.56,14.0,14.324,0.077394,6.6004,-3.9833,-5.2798,2.35,0.53499,803.0,13.978,14.324,143.24,1.6204278725964285,,,,Sand,,,Sand 3,3,9.88,15.96,-8.440000000000001,-14.520000000000001
-12.58,14.02,14.345,0.0737,6.6203,-4.0167,-5.2798,2.4,0.50671,804.0,13.998,14.345,143.45,1.6062177703043938,,,,Sand,,,Sand 3,3,9.88,15.96,-8.440000000000001,-14.520000000000001
-12.6,14.04,14.734,0.072186,6.6243,-4.0,-5.2974,2.35,0.49628,805.0,14.018,14.734,147.34,1.591516450943026,,,,Sand,,,Sand 3,3,9.88,15.96,-8.440000000000001,-14.520000000000001
-12.620000000000001,14.06,15.023,0.06808,6.6382,-4.0,-5.3149,2.35,0.47003,805.0,14.038,15.023,150.23,1.5711035499267934,,,,Sand,,,Sand 3,3,9.88,15.96,-8.440000000000001,-14.520000000000001
-12.64,14.08,15.05,0.060624,6.6481,-4.0167,-5.3149,2.4,0.42227,806.0,14.057,15.05,150.5,1.5445014513167168,,,,Sand,,,Sand 3,3,9.88,15.96,-8.440000000000001,-14.520000000000001
-12.66,14.1,14.653,0.0573,6.6801,-4.0,-5.3675,2.35,0.40423,807.0,14.077,14.653,146.53,1.5439955666480598,,,,Sand,,,Sand 3,3,9.88,15.96,-8.440000000000001,-14.520000000000001
-12.68,14.12,14.063,0.055306,6.7099,-4.05,-5.3675,2.4,0.39738,808.0,14.097,14.063,140.63,1.55517726155373,,,,Sand,,,Sand 3,3,9.88,15.96,-8.440000000000001,-14.520000000000001
-12.700000000000001,14.14,13.682,0.054904,6.7099,-4.05,-5.3675,2.35,0.40368,809.0,14.117,13.682,136.82,1.5689150510084122,,,,Sand,,,Sand 3,3,9.88,15.96,-8.440000000000001,-14.520000000000001
-12.72,14.16,13.304,0.046034,6.6581,-4.0333,-5.3149,2.4,0.34675,810.0,14.137,13.304,133.04,1.5457648122267622,,,,Sand,,,Sand 3,3,9.88,15.96,-8.440000000000001,-14.520000000000001
-12.74,14.18,12.889,0.04684,6.7099,-4.05,-5.3675,2.4,0.36017,811.0,14.157,12.889,128.89,1.5658760209159488,,,,Sand,,,Sand 3,3,9.88,15.96,-8.440000000000001,-14.520000000000001
-12.76,14.2,12.677,0.045468,6.692,-4.0667,-5.3324,2.4,0.3551,811.0,14.177,12.677,126.77,1.5691029520174478,,,,Sand,,,Sand 3,3,9.88,15.96,-8.440000000000001,-14.520000000000001
-12.780000000000001,14.22,12.488,0.050496,6.7337,-4.0667,-5.3851,2.4,0.39957,812.0,14.196,12.488,124.88,1.600480125176773,,,,Sand,,,Sand 3,3,9.88,15.96,-8.440000000000001,-14.520000000000001
-12.8,14.24,12.45,0.054191,6.7477,-4.0667,-5.4026,2.35,0.43332,813.0,14.216,12.45,124.5,1.6199631229488813,,,,Sand,,,Sand 3,3,9.88,15.96,-8.440000000000001,-14.520000000000001
-12.82,14.26,12.488,0.053977,6.7477,-4.0667,-5.4026,2.4,0.43485,814.0,14.236,12.488,124.88,1.619650713704292,,,,Sand,,,Sand 3,3,9.88,15.96,-8.440000000000001,-14.520000000000001
-12.84,14.28,12.455,0.05429,6.8193,-4.1167,-5.4552,2.4,0.44004,815.0,14.256,12.455,124.55,1.6233602677748071,,,,Sand,,,Sand 3,3,9.88,15.96,-8.440000000000001,-14.520000000000001
-12.860000000000001,14.3,12.349,0.051747,6.7896,-4.0667,-5.4552,2.35,0.42163,816.0,14.276,12.349,123.49,1.6167276108731368,,,,Sand,,,Sand 3,3,9.88,15.96,-8.440000000000001,-14.520000000000001
-12.88,14.32,12.251,0.050616,6.7363,-4.0,-5.4377,2.35,0.41488,816.0,14.296,12.251,122.51,1.6160334180591558,,,,Sand,,,Sand 3,3,9.88,15.96,-8.440000000000001,-14.520000000000001
-12.9,14.34,12.143,0.050284,6.7786,-4.0,-5.4903,2.4,0.4153,817.0,14.316,12.143,121.43,1.6195503004292244,,,,Sand,,,Sand 3,3,9.88,15.96,-8.440000000000001,-14.520000000000001
-12.92,14.36,12.075,0.057263,6.7798,-4.05,-5.4552,2.4,0.4776,818.0,14.336,12.075,120.75,1.6538361351163777,,,,Sand,,,Sand 3,3,9.88,15.96,-8.440000000000001,-14.520000000000001
-12.940000000000001,14.38,11.973,0.055705,6.7716,-4.0833,-5.4202,2.4,0.46986,819.0,14.355,11.973,119.73,1.6530900450815973,,,,Sand,,,Sand 3,3,9.88,15.96,-8.440000000000001,-14.520000000000001
-12.96,14.4,11.866,0.055611,6.8234,-4.1,-5.4728,2.4,0.47547,820.0,14.375,11.866,118.66,1.6591552841245296,,,,Sand,,,Sand 3,3,9.88,15.96,-8.440000000000001,-14.520000000000001
-12.98,14.42,11.75,0.055219,6.7855,-4.0833,-5.4377,2.45,0.47897,820.0,14.395,11.75,117.5,1.6644665909750864,,,,Sand,,,Sand 3,3,9.88,15.96,-8.440000000000001,-14.520000000000001
-13.0,14.44,11.513,0.062256,6.8317,-4.0667,-5.5079,2.45,0.54908,821.0,14.415,11.513,115.13,1.704596832739235,,,,Sand,,,Sand 3,3,9.88,15.96,-8.440000000000001,-14.520000000000001
-13.020000000000001,14.46,11.276,0.060618,6.8333,-4.1167,-5.4728,2.4,0.54327,822.0,14.435,11.276,112.76,1.7094850936774741,,,,Sand,,,Sand 3,3,9.88,15.96,-8.440000000000001,-14.520000000000001
-13.040000000000001,14.48,10.973,0.064578,6.8827,-4.0833,-5.5593,2.4,0.58456,823.0,14.455,10.973,109.73,1.7371819659410221,,,,Sand,,,Sand 3,3,9.88,15.96,-8.440000000000001,-14.520000000000001
-13.06,14.5,10.803,0.076293,6.8594,-4.0667,-5.5424,2.45,0.70006,824.0,14.475,10.803,108.03,1.7882723196852914,,,,Sand,,,Sand 3,3,9.88,15.96,-8.440000000000001,-14.520000000000001
-13.08,14.52,10.553,0.068636,6.9184,-4.1667,-5.5424,2.4,0.63842,825.0,14.494,10.553,105.53,1.7730100054927875,,,,Sand,,,Sand 3,3,9.88,15.96,-8.440000000000001,-14.520000000000001
-13.1,14.54,10.53,0.065282,6.8694,-4.2,-5.4552,2.4,0.61553,826.0,14.514,10.53,105.3,1.7646664324971189,,,,Sand,,,Sand 3,3,9.88,15.96,-8.440000000000001,-14.520000000000001
-13.120000000000001,14.56,10.98,0.064856,6.887,-4.1833,-5.4903,2.4,0.61937,826.0,14.534,10.98,109.8,1.7513482829993796,,,,Sand,,,Sand 3,3,9.88,15.96,-8.440000000000001,-14.520000000000001
-13.14,14.58,10.556,0.063668,6.8887,-4.1167,-5.5424,2.4,0.61336,827.0,14.554,10.556,105.56,1.7629107940706679,,,,Sand,,,Sand 3,3,9.88,15.96,-8.440000000000001,-14.520000000000001
-13.16,14.6,10.336,0.064491,6.9139,-4.0667,-5.6102,2.45,0.62332,828.0,14.574,10.336,103.36,1.7744148843204353,,,,Sand,,,Sand 3,3,9.88,15.96,-8.440000000000001,-14.520000000000001
-13.18,14.62,10.116,0.065415,6.9355,-4.15,-5.5763,2.4,0.63344,829.0,14.594,10.116,101.16,1.786079856103142,,,,Sand,,,Sand 3,3,9.88,15.96,-8.440000000000001,-14.520000000000001
-13.200000000000001,14.64,9.8964,0.066233,6.9023,-4.1167,-5.5593,2.4,0.64763,830.0,14.614,9.8964,98.964,1.7994034185783025,,,,Sand,,,Sand 3,3,9.88,15.96,-8.440000000000001,-14.520000000000001
-13.22,14.66,10.074,0.060427,6.943,-4.1167,-5.6102,2.4,0.59527,831.0,14.633,10.074,100.74,1.7722732473286555,,,,Sand,,,Sand 3,3,9.88,15.96,-8.440000000000001,-14.520000000000001
-13.24,14.68,10.282,0.0591,6.9528,-4.1333,-5.6102,2.4,0.58607,831.0,14.653,10.282,102.82,1.76113086474415,,,,Sand,,,Sand 3,3,9.88,15.96,-8.440000000000001,-14.520000000000001
-13.26,14.7,10.376,0.0577,6.9664,-4.1333,-5.6271,2.45,0.57526,832.0,14.673,10.376,103.76,1.7533290260311174,,,,Sand,,,Sand 3,3,9.88,15.96,-8.440000000000001,-14.520000000000001
-13.280000000000001,14.72,10.18,0.056371,6.9567,-4.1167,-5.6271,2.4,0.56427,833.0,14.693,10.18,101.8,1.7555536096797035,,,,Sand,,,Sand 3,3,9.88,15.96,-8.440000000000001,-14.520000000000001
-13.3,14.74,9.949,0.055534,6.9703,-4.1167,-5.6441,2.4,0.56025,834.0,14.713,9.949,99.49,1.7621568718602738,,,,Sand,,,Sand 3,3,9.88,15.96,-8.440000000000001,-14.520000000000001
-13.32,14.76,9.8002,0.046245,7.0131,-4.1667,-5.661,2.45,0.47315,835.0,14.733,9.8002,98.00200000000001,1.7285164268486428,,,,Sand,,,Sand 3,3,9.88,15.96,-8.440000000000001,-14.520000000000001
-13.34,14.78,9.6841,0.045234,6.9703,-4.1167,-5.6441,2.4,0.47394,836.0,14.752,9.6841,96.84100000000001,1.733320642286391,,,,Sand,,,Sand 3,3,9.88,15.96,-8.440000000000001,-14.520000000000001
-13.360000000000001,14.8,9.5754,0.045244,7.0073,-4.1333,-5.678,2.4,0.48493,836.0,14.772,9.5754,95.75399999999999,1.7426727310653713,,,,Sand,,,Sand 3,3,9.88,15.96,-8.440000000000001,-14.520000000000001
-13.38,14.82,9.4524,0.045645,6.9839,-4.1167,-5.661,2.4,0.49991,837.0,14.792,9.4524,94.52400000000002,1.7543564703274592,,,,Sand,,,Sand 3,3,9.88,15.96,-8.440000000000001,-14.520000000000001
-13.4,14.84,9.1739,0.046527,7.0016,-4.1,-5.6949,2.45,0.52071,838.0,14.812,9.1739,91.73899999999999,1.7747127518141228,,,,Sand,,,Sand 3,3,9.88,15.96,-8.440000000000001,-14.520000000000001
-13.42,14.86,8.5383,0.044738,7.0249,-4.1167,-5.7119,1.4,0.51144,852.0,14.832,8.5383,85.383,1.7972305129628152,,,,Sand,,,Sand 3,3,9.88,15.96,-8.440000000000001,-14.520000000000001
-13.440000000000001,14.88,8.4668,0.0443,7.0579,-4.15,-5.7288,2.4,0.51707,853.0,14.852,8.4668,84.66799999999999,1.8028156107401665,,,,Sand,,,Sand 3,3,9.88,15.96,-8.440000000000001,-14.520000000000001
-13.46,14.9,8.3535,0.045261,7.0773,-4.1833,-5.7288,2.4,0.53932,854.0,14.872,8.3535,83.535,1.8173395448965264,,,,Sand,,,Sand 3,3,9.88,15.96,-8.440000000000001,-14.520000000000001
-13.48,14.92,8.2388,0.042918,7.0949,-4.1667,-5.7627,2.4,0.52215,855.0,14.891,8.2388,82.38799999999999,1.8151580706386905,,,,Sand,,,Sand 3,3,9.88,15.96,-8.440000000000001,-14.520000000000001
-13.5,14.94,8.1816,0.041837,7.0909,-4.1833,-5.7458,2.4,0.51687,856.0,14.911,8.1816,81.81599999999999,1.8154760909613712,,,,Sand,,,Sand 3,3,9.88,15.96,-8.440000000000001,-14.520000000000001
-13.520000000000001,14.96,8.1357,0.04089,7.1073,-4.1167,-5.8136,2.45,0.51386,856.0,14.931,8.1357,81.357,1.8162709193564532,,,,Sand,,,Sand 3,3,9.88,15.96,-8.440000000000001,-14.520000000000001
-13.540000000000001,14.98,8.0498,0.040457,7.1279,-4.2,-5.7797,2.4,0.51755,857.0,14.951,8.0498,80.49799999999999,1.8218219469837407,,,,Sand,,,Sand 3,3,9.88,15.96,-8.440000000000001,-14.520000000000001
-13.56,15.0,7.791,0.040531,7.1401,-4.15,-5.8305,2.45,0.52661,858.0,14.971,7.791,77.91,1.8378709806263642,,,,Sand,,,Sand 3,3,9.88,15.96,-8.440000000000001,-14.520000000000001
-13.58,15.02,7.5373,0.042279,7.1182,-4.1833,-5.7797,2.4,0.55654,859.0,14.991,7.5373,75.373,1.8625640311492966,,,,Sand,,,Sand 3,3,9.88,15.96,-8.440000000000001,-14.520000000000001
-13.6,15.04,7.3717,0.043503,7.1223,-4.1667,-5.7966,2.45,0.57871,860.0,15.01,7.3717,73.717,1.8796326817492435,,,,Sand,,,Sand 3,3,9.88,15.96,-8.440000000000001,-14.520000000000001
-13.620000000000001,15.06,7.2301,0.042456,7.1046,-4.1833,-5.7627,2.45,0.56946,861.0,15.03,7.2301,72.301,1.8831846892927606,,,,Sand,,,Sand 3,3,9.88,15.96,-8.440000000000001,-14.520000000000001
-13.64,15.08,7.2756,0.041235,7.1319,-4.1833,-5.7966,2.4,0.55518,861.0,15.05,7.2756,72.756,1.8751582571262468,,,,Sand,,,Sand 3,3,9.88,15.96,-8.440000000000001,-14.520000000000001
-13.66,15.1,7.3825,0.040455,7.1456,-4.1833,-5.8136,2.4,0.54478,862.0,15.07,7.3825,73.825,1.8655055795869806,,,,Sand,,,Sand 3,3,9.88,15.96,-8.440000000000001,-14.520000000000001
-13.68,15.12,7.5004,0.040369,7.136,-4.1667,-5.8136,2.4,0.54304,863.0,15.09,7.5004,75.00399999999999,1.8588866282300767,,,,Sand,,,Sand 3,3,9.88,15.96,-8.440000000000001,-14.520000000000001
-13.700000000000001,15.14,7.5549,0.04053,7.173,-4.1833,-5.8475,2.45,0.54468,864.0,15.11,7.5549,75.54899999999999,1.8568635488501637,,,,Sand,,,Sand 3,3,9.88,15.96,-8.440000000000001,-14.520000000000001
-13.72,15.16,7.5655,0.041274,7.1814,-4.15,-5.8814,2.4,0.55601,865.0,15.13,7.5655,75.655,1.8609626808814772,,,,Sand,,,Sand 3,3,9.88,15.96,-8.440000000000001,-14.520000000000001
-13.74,15.18,7.5265,0.041022,7.1772,-4.1667,-5.8644,2.4,0.55674,865.0,15.149,7.5265,75.265,1.8631774643166148,,,,Sand,,,Sand 3,3,9.88,15.96,-8.440000000000001,-14.520000000000001
-13.76,15.2,7.4354,0.040681,7.1634,-4.1667,-5.8475,2.45,0.55844,866.0,15.169,7.4354,74.354,1.8683873821456032,,,,Sand,,,Sand 3,3,9.88,15.96,-8.440000000000001,-14.520000000000001
-13.780000000000001,15.22,7.2865,0.040869,7.1857,-4.1333,-5.8983,2.4,0.56837,867.0,15.189,7.2865,72.865,1.879867318824801,,,,Sand,,,Sand 3,3,9.88,15.96,-8.440000000000001,-14.520000000000001
-13.8,15.24,7.1333,0.041157,7.228,-4.1833,-5.9153,2.4,0.58016,868.0,15.209,7.1333,71.333,1.892383650999145,,,,Sand,,,Sand 3,3,9.88,15.96,-8.440000000000001,-14.520000000000001
-13.82,15.26,6.9445,0.040532,7.228,-4.1833,-5.9153,2.4,0.57892,869.0,15.229,6.9445,69.445,1.9018654821659131,,,,Sand,,,Sand 3,3,9.88,15.96,-8.440000000000001,-14.520000000000001
-13.84,15.28,6.8325,0.039275,7.2185,-4.1667,-5.9153,2.45,0.56759,870.0,15.249,6.8325,68.325,1.903508187080055,,,,Sand,,,Sand 3,3,9.88,15.96,-8.440000000000001,-14.520000000000001
-13.860000000000001,15.3,6.8004,0.038702,7.2429,-4.2333,-5.8983,2.45,0.5644,870.0,15.268,6.8004,68.00399999999999,1.904015416803484,,,,Sand,,,Sand 3,3,9.88,15.96,-8.440000000000001,-14.520000000000001
-13.88,15.32,6.7931,0.038299,7.2841,-4.2333,-5.9492,2.4,0.56162,871.0,15.288,6.7931,67.931,1.9033234349987878,,,,Sand,,,Sand 3,3,9.88,15.96,-8.440000000000001,-14.520000000000001
-13.9,15.34,6.7848,0.037978,7.228,-4.1833,-5.9153,2.4,0.55755,872.0,15.308,6.7848,67.848,1.902173824588601,,,,Sand,,,Sand 3,3,9.88,15.96,-8.440000000000001,-14.520000000000001
-13.92,15.36,6.7825,0.037169,7.3159,-4.2167,-6.0,2.4,0.54453,873.0,15.328,6.7825,67.825,1.8971086114501936,,,,Sand,,,Sand 3,3,9.88,15.96,-8.440000000000001,-14.520000000000001
-13.940000000000001,15.38,6.7867,0.037476,7.3349,-4.25,-6.0,2.45,0.54741,874.0,15.348,6.7867,67.867,1.8980320478855677,,,,Sand,,,Sand 3,3,9.88,15.96,-8.440000000000001,-14.520000000000001
-13.96,15.4,6.83,0.037136,7.2926,-4.2,-5.9831,2.4,0.54115,875.0,15.368,6.83,68.3,1.8931281522177525,,,,Sand,,,Sand 3,3,9.88,15.96,-8.440000000000001,-14.520000000000001
-13.98,15.42,6.8833,0.038561,7.3349,-4.25,-6.0,2.4,0.56095,875.0,15.387,6.8833,68.833,1.8981310891515506,,,,Sand,,,Sand 3,3,9.88,15.96,-8.440000000000001,-14.520000000000001
-14.0,15.44,6.9467,0.038309,7.3254,-4.2333,-6.0,2.4,0.55758,876.0,15.407,6.9467,69.467,1.8933712501641249,,,,Sand,,,Sand 3,3,9.88,15.96,-8.440000000000001,-14.520000000000001
-14.020000000000001,15.46,6.9615,0.038959,7.3254,-4.2333,-6.0,2.45,0.56842,877.0,15.427,6.9615,69.615,1.896859623191049,,,,Sand,,,Sand 3,3,9.88,15.96,-8.440000000000001,-14.520000000000001
-14.040000000000001,15.48,6.9239,0.037918,7.3074,-4.25,-5.9661,2.4,0.5569,878.0,15.447,6.9239,69.23899999999999,1.894328955727927,,,,Sand,,,Sand 3,3,9.88,15.96,-8.440000000000001,-14.520000000000001
-14.06,15.5,6.8785,0.037313,7.3203,-4.2,-6.0169,2.4,0.55384,879.0,15.467,6.8785,68.785,1.8955701065897073,,,,Sand,,,Sand 3,3,9.88,15.96,-8.440000000000001,-14.520000000000001
-14.08,15.52,6.7541,0.036896,7.3159,-4.2167,-6.0,2.4,0.5561,880.0,15.487,6.7541,67.541,1.9032968613542605,,,,Sand,,,Sand 3,3,9.88,15.96,-8.440000000000001,-14.520000000000001
-14.1,15.54,6.6533,0.037416,7.353,-4.2333,-6.0339,2.4,0.57451,880.0,15.507,6.6533,66.533,1.9161186152021705,,,,Sand,,,Sand 3,3,9.88,15.96,-8.440000000000001,-14.520000000000001
-14.120000000000001,15.56,6.4689,0.038366,7.3392,-4.2333,-6.0169,2.45,0.60203,881.0,15.526,6.4689,64.689,1.937028665033651,,,,Sand,,,Sand 3,3,9.88,15.96,-8.440000000000001,-14.520000000000001
-14.14,15.58,6.311,0.037669,7.3857,-4.2667,-6.0508,2.4,0.60553,882.0,15.546,6.311,63.11,1.9475235499914403,,,,Sand,,,Sand 3,3,9.88,15.96,-8.440000000000001,-14.520000000000001
-14.16,15.6,6.1263,0.0382,7.4039,-4.25,-6.0847,2.4,0.62846,883.0,15.566,6.1263,61.26299999999999,1.966903925036103,,,,Sand,,,Sand 3,3,9.88,15.96,-8.440000000000001,-14.520000000000001
-14.18,15.62,5.9848,0.0388,7.3668,-4.2333,-6.0508,2.4,0.65218,884.0,15.586,5.9848,59.848,1.9839347246957815,,,,Sand,,,Sand 3,3,9.88,15.96,-8.440000000000001,-14.520000000000001
-14.200000000000001,15.64,5.8047,0.039407,7.3806,-4.2333,-6.0678,2.45,0.67415,885.0,15.606,5.8047,58.047000000000004,2.002767515014886,,,,Sand,,,Sand 3,3,9.88,15.96,-8.440000000000001,-14.520000000000001
-14.22,15.66,5.6631,0.039271,7.4177,-4.25,-6.1017,2.45,0.68113,885.0,15.626,5.6631,56.631,2.0142483032268736,,,,Sand,,,Sand 3,3,9.88,15.96,-8.440000000000001,-14.520000000000001
-14.24,15.68,5.6145,0.043315,7.3806,-4.2333,-6.0678,2.4,0.75944,886.0,15.645,5.6145,56.145,2.0425122303162535,,,,Sand,,,Sand 3,3,9.88,15.96,-8.440000000000001,-14.520000000000001
-14.26,15.7,5.6207,0.044027,7.4504,-4.2833,-6.1186,2.4,0.77916,887.0,15.665,5.6207,56.207,2.0481295990491937,,,,Sand,,,Sand 3,3,9.88,15.96,-8.440000000000001,-14.520000000000001
-14.280000000000001,15.72,5.639,0.039964,7.4315,-4.25,-6.1186,2.4,0.71253,888.0,15.685,5.639,56.39,2.0261226141803657,,,,Sand,,,Sand 3,3,9.88,15.96,-8.440000000000001,-14.520000000000001
-14.3,15.74,5.6712,0.0389,7.4548,-4.2667,-6.1356,2.4,0.69308,889.0,15.705,5.6712,56.711999999999996,2.017680099165686,,,,Sand,,,Sand 3,3,9.88,15.96,-8.440000000000001,-14.520000000000001
-14.32,15.76,5.6306,0.0378,7.4874,-4.3,-6.1525,2.45,0.6686,890.0,15.725,5.6306,56.306000000000004,2.0121791590112386,,,,Sand,,,Sand 3,3,9.88,15.96,-8.440000000000001,-14.520000000000001
-14.34,15.78,5.5601,0.036702,7.4872,-4.2,-6.2203,2.4,0.65267,890.0,15.744,5.5601,55.601000000000006,2.0114499692934276,,,,Sand,,,Sand 3,3,9.88,15.96,-8.440000000000001,-14.520000000000001
-14.360000000000001,15.8,5.4715,0.033934,7.4688,-4.1667,-6.2203,2.4,0.60857,891.0,15.764,5.4715,54.715,2.0020227494665237,,,,Sand,,,Sand 3,3,9.88,15.96,-8.440000000000001,-14.520000000000001
-14.38,15.82,5.6933,0.02901,7.4456,-4.15,-6.2034,2.4,0.5268,892.0,15.784,5.6933,56.933,1.9561884176449769,,,,Sand,,,Sand 3,3,9.88,15.96,-8.440000000000001,-14.520000000000001
-14.4,15.84,5.9424,0.0273,7.4545,-4.2167,-6.1695,2.4,0.50373,893.0,15.804,5.9424,59.42400000000001,1.9305424393107635,,,,Sand,,,Sand 3,3,9.88,15.96,-8.440000000000001,-14.520000000000001
-14.42,15.86,5.3785,0.0256,7.4824,-4.2167,-6.2034,1.1,0.48017,907.0,15.824,5.3785,53.785,1.9590335735574917,,,,Sand,,,Sand 3,3,9.88,15.96,-8.440000000000001,-14.520000000000001
-14.440000000000001,15.88,5.2606,0.023855,7.5474,-4.2833,-6.2373,2.3,0.45512,908.0,15.844,5.2606,52.606,1.9570341648360288,,,,Sand,,,Sand 3,3,9.88,15.96,-8.440000000000001,-14.520000000000001
-14.46,15.9,5.1169,0.0237,7.5335,-4.2333,-6.2542,2.45,0.4653,909.0,15.863,5.1169,51.169000000000004,1.9720969972467333,,,,Sand,,,Sand 3,3,9.88,15.96,-8.440000000000001,-14.520000000000001
-14.48,15.92,4.933,0.0236,7.4917,-4.2333,-6.2034,2.45,0.48165,910.0,15.883,4.933,49.33,1.993052529603626,,,,Sand,,,Sand 3,3,9.88,15.96,-8.440000000000001,-14.520000000000001
-14.5,15.94,4.8555,0.0234,7.492,-4.1833,-6.2373,2.4,0.49099,910.0,15.903,4.8555,48.555,2.0029664647577485,,,,Sand,,,Sand 3,3,9.88,15.96,-8.440000000000001,-14.520000000000001
-14.520000000000001,15.96,4.7518,0.023857,7.4456,-4.15,-6.2034,2.4,0.51458,911.0,15.923,4.7518,47.518,2.0206341065520537,,,,Sand,,,Sand mixtures 1,1,15.96,18.8,-14.520000000000001,-17.36
-14.540000000000001,15.98,4.5089,0.027367,7.492,-4.1833,-6.2373,2.45,0.60563,912.0,15.943,4.5089,45.089,2.0741309518600324,,,,Sand mixtures,,,Sand mixtures 1,1,15.96,18.8,-14.520000000000001,-17.36
-14.56,16.0,4.3937,0.032641,7.4778,-4.2333,-6.1864,2.4,0.73802,913.0,15.963,4.3937,43.937,2.1266031610674068,,,,Sand mixtures,,,Sand mixtures 1,1,15.96,18.8,-14.520000000000001,-17.36
-14.58,16.02,4.3069,0.034213,7.478,-4.1833,-6.2203,2.4,0.78882,914.0,15.982,4.3069,43.068999999999996,2.1489370823185445,,,,Sand mixtures,,,Sand mixtures 1,1,15.96,18.8,-14.520000000000001,-17.36
-14.6,16.04,4.224,0.0334,7.492,-4.1833,-6.2373,2.4,0.78305,914.0,16.002,4.224,42.24,2.154502572431197,,,,Sand mixtures,,,Sand mixtures 1,1,15.96,18.8,-14.520000000000001,-17.36
-14.62,16.06,4.1763,0.0327,7.5335,-4.2333,-6.2542,2.45,0.77411,915.0,16.022,4.1763,41.763000000000005,2.1561574058080897,,,,Sand mixtures,,,Sand mixtures 1,1,15.96,18.8,-14.520000000000001,-17.36
-14.639999999999999,16.08,4.165,0.031889,7.5012,-4.2,-6.2373,2.4,0.76002,916.0,16.042,4.165,41.65,2.1530769502466436,,,,Sand mixtures,,,Sand mixtures 1,1,15.96,18.8,-14.520000000000001,-17.36
-14.660000000000002,16.1,4.1713,0.029962,7.5615,-4.2333,-6.2881,2.4,0.71785,917.0,16.062,4.1713,41.712999999999994,2.1399402639414573,,,,Sand mixtures,,,Sand mixtures 1,1,15.96,18.8,-14.520000000000001,-17.36
-14.680000000000001,16.12,4.177,0.027375,7.5383,-4.2167,-6.2712,2.4,0.65791,918.0,16.082,4.177,41.77,2.1206347740124083,,,,Sand mixtures,,,Sand mixtures 1,1,15.96,18.8,-14.520000000000001,-17.36
-14.700000000000001,16.14,4.1797,0.025741,7.5383,-4.2167,-6.2712,2.45,0.6204,919.0,16.101,4.1797,41.797000000000004,2.1080247988051517,,,,Sand mixtures,,,Sand mixtures 1,1,15.96,18.8,-14.520000000000001,-17.36
-14.72,16.16,4.1664,0.025123,7.506,-4.1833,-6.2542,2.45,0.60864,919.0,16.121,4.1664,41.66400000000001,2.1052611456586297,,,,Sand mixtures,,,Sand mixtures 1,1,15.96,18.8,-14.520000000000001,-17.36
-14.74,16.18,4.1318,0.023811,7.5895,-4.2333,-6.322,2.4,0.58167,920.0,16.141,4.1318,41.318000000000005,2.0991397434515244,,,,Sand mixtures,,,Sand mixtures 1,1,15.96,18.8,-14.520000000000001,-17.36
-14.76,16.2,4.12,0.022799,7.5572,-4.2,-6.3051,2.4,0.56276,921.0,16.161,4.12,41.2,2.09354567474063,,,,Sand mixtures,,,Sand mixtures 1,1,15.96,18.8,-14.520000000000001,-17.36
-14.78,16.22,4.0815,0.020792,7.5944,-4.2167,-6.339,2.45,0.52089,922.0,16.181,4.0815,40.815,2.081836717633577,,,,Sand mixtures,,,Sand mixtures 1,1,15.96,18.8,-14.520000000000001,-17.36
-14.799999999999999,16.24,3.9945,0.02072,7.5713,-4.2,-6.322,2.4,0.52806,923.0,16.201,3.9945,39.945,2.0928651216621414,,,,Sand mixtures,,,Sand mixtures 1,1,15.96,18.8,-14.520000000000001,-17.36
-14.820000000000002,16.26,3.8982,0.020218,7.6358,-4.2667,-6.3559,2.4,0.52478,924.0,16.22,3.8982,38.982,2.101120878032011,,,,Sand mixtures,,,Sand mixtures 1,1,15.96,18.8,-14.520000000000001,-17.36
-14.840000000000002,16.28,3.8385,0.018387,7.5713,-4.2,-6.322,2.4,0.48705,924.0,16.24,3.8385,38.385,2.0928632117326234,,,,Sand mixtures,,,Sand mixtures 1,1,15.96,18.8,-14.520000000000001,-17.36
-14.860000000000001,16.3,3.702,0.0182,7.5804,-4.2167,-6.322,2.45,0.49267,925.0,16.26,3.702,37.02,2.1091948079795495,,,,Sand mixtures,,,Sand mixtures 1,1,15.96,18.8,-14.520000000000001,-17.36
-14.88,16.32,3.624,0.018,7.6548,-4.25,-6.3898,2.4,0.49757,926.0,16.28,3.624,36.24,2.1193922190705163,,,,Sand mixtures,,,Sand mixtures 1,1,15.96,18.8,-14.520000000000001,-17.36
-14.9,16.34,3.5633,0.017781,7.6457,-4.2333,-6.3898,2.4,0.50159,927.0,16.3,3.5633,35.632999999999996,2.127517873884521,,,,Sand mixtures,,,Sand mixtures 1,1,15.96,18.8,-14.520000000000001,-17.36
-14.92,16.36,3.4989,0.019213,7.6045,-4.1833,-6.3729,2.4,0.55282,928.0,16.319,3.4989,34.989000000000004,2.153208586981138,,,,Sand mixtures,,,Sand mixtures 1,1,15.96,18.8,-14.520000000000001,-17.36
-14.94,16.38,3.434,0.018025,7.6267,-4.25,-6.3559,2.45,0.52866,929.0,16.339,3.434,34.34,2.1519085328784455,,,,Sand mixtures,,,Sand mixtures 1,1,15.96,18.8,-14.520000000000001,-17.36
-14.959999999999999,16.4,3.3816,0.0177,7.6035,-4.2333,-6.339,2.45,0.52958,929.0,16.359,3.3816,33.816,2.1582431091430885,,,,Sand mixtures,,,Sand mixtures 1,1,15.96,18.8,-14.520000000000001,-17.36
-14.980000000000002,16.42,3.3171,0.0174,7.5813,-4.1667,-6.3559,2.4,0.53113,930.0,16.379,3.3171,33.171,2.1663210261626578,,,,Sand mixtures,,,Sand mixtures 1,1,15.96,18.8,-14.520000000000001,-17.36
-15.000000000000002,16.44,3.2823,0.017056,7.6417,-4.2,-6.4068,2.4,0.53093,931.0,16.399,3.2823,32.823,2.170372036169748,,,,Sand mixtures,,,Sand mixtures 1,1,15.96,18.8,-14.520000000000001,-17.36
-15.020000000000001,16.46,3.1755,0.016572,7.6597,-4.2333,-6.4068,2.45,0.52548,932.0,16.419,3.1755,31.755,2.181377888255919,,,,Sand mixtures,,,Sand mixtures 1,1,15.96,18.8,-14.520000000000001,-17.36
-15.040000000000001,16.48,3.0856,0.015839,7.6738,-4.2333,-6.4237,2.45,0.51142,933.0,16.438,3.0856,30.855999999999998,2.187611379649063,,,,Sand mixtures,,,Sand mixtures 1,1,15.96,18.8,-14.520000000000001,-17.36
-15.06,16.5,3.0334,0.014518,7.6597,-4.2333,-6.4068,2.4,0.47707,934.0,16.458,3.0334,30.334,2.1817134072041418,,,,Sand mixtures,,,Sand mixtures 1,1,15.96,18.8,-14.520000000000001,-17.36
-15.08,16.52,2.9904,0.013694,7.697,-4.25,-6.4407,2.4,0.45902,934.0,16.478,2.9904,29.904,2.180537244474107,,,,Sand mixtures,,,Sand mixtures 1,1,15.96,18.8,-14.520000000000001,-17.36
-15.1,16.54,2.9641,0.012585,7.6639,-4.2667,-6.3898,2.4,0.43013,935.0,16.498,2.9641,29.641000000000005,2.1728011145534656,,,,Sand mixtures,,,Sand mixtures 1,1,15.96,18.8,-14.520000000000001,-17.36
-15.12,16.56,2.9276,0.0124,7.6316,-4.2333,-6.3729,2.45,0.43217,936.0,16.518,2.9276,29.276,2.178556870065148,,,,Sand mixtures,,,Sand mixtures 1,1,15.96,18.8,-14.520000000000001,-17.36
-15.139999999999999,16.58,2.8864,0.0123,7.693,-4.2167,-6.4576,2.4,0.43721,937.0,16.538,2.8864,28.864,2.186196322084097,,,,Sand mixtures,,,Sand mixtures 1,1,15.96,18.8,-14.520000000000001,-17.36
-15.160000000000002,16.6,2.8042,0.012166,7.6417,-4.2,-6.4068,2.4,0.44215,938.0,16.557,2.8042,28.041999999999998,2.199651627989263,,,,Sand mixtures,,,Sand mixtures 1,1,15.96,18.8,-14.520000000000001,-17.36
-15.180000000000001,16.62,2.715,0.011808,7.697,-4.25,-6.4407,2.4,0.43988,939.0,16.577,2.715,27.15,2.2116914925935367,,,,Sand mixtures,,,Sand mixtures 1,1,15.96,18.8,-14.520000000000001,-17.36
-15.200000000000001,16.64,2.6325,0.0116,7.697,-4.25,-6.4407,2.4,0.44323,939.0,16.597,2.6325,26.325,2.225317024224635,,,,Sand mixtures,,,Sand mixtures 1,1,15.96,18.8,-14.520000000000001,-17.36
-15.22,16.66,2.5861,0.0114,7.6507,-4.2167,-6.4068,2.45,0.44763,940.0,16.617,2.5861,25.861,2.234101280112221,,,,Sand mixtures,,,Sand mixtures 1,1,15.96,18.8,-14.520000000000001,-17.36
-15.24,16.68,2.4961,0.011157,7.693,-4.2167,-6.4576,2.45,0.44979,941.0,16.637,2.4961,24.961000000000002,2.2490862593063774,,,,Sand mixtures,,,Sand mixtures 1,1,15.96,18.8,-14.520000000000001,-17.36
-15.26,16.7,2.428,0.010873,7.7151,-4.2833,-6.4407,2.4,0.44887,942.0,16.656,2.428,24.28,2.2598190996595857,,,,Sand mixtures,,,Sand mixtures 1,1,15.96,18.8,-14.520000000000001,-17.36
-15.28,16.72,2.389,0.010002,7.6829,-4.25,-6.4237,2.4,0.42179,943.0,16.676,2.389,23.89,2.256046851697408,,,,Sand mixtures,,,Sand mixtures 1,1,15.96,18.8,-14.520000000000001,-17.36
-15.299999999999999,16.74,2.323,0.0091765,7.7342,-4.2667,-6.4746,2.4,0.39505,944.0,16.696,2.323,23.23,2.2568849161400752,,,,Sand mixtures,,,Sand mixtures 1,1,15.96,18.8,-14.520000000000001,-17.36
-15.320000000000002,16.76,2.2735,0.0093497,7.706,-4.2667,-6.4407,2.4,0.40952,944.0,16.716,2.2735,22.735,2.2712859942928376,,,,Sand mixtures,,,Sand mixtures 1,1,15.96,18.8,-14.520000000000001,-17.36
-15.340000000000002,16.78,2.2494,0.008772,7.7251,-4.25,-6.4746,2.4,0.39056,945.0,16.736,2.2494,22.494,2.2681442911102723,,,,Sand mixtures,,,Sand mixtures 1,1,15.96,18.8,-14.520000000000001,-17.36
-15.360000000000001,16.8,2.2252,0.0086,7.711,-4.25,-6.4576,2.4,0.38946,946.0,16.756,2.2252,22.252000000000002,2.272094230256397,,,,Sand mixtures,,,Sand mixtures 1,1,15.96,18.8,-14.520000000000001,-17.36
-15.38,16.82,2.1989,0.0084,7.7432,-4.2833,-6.4746,2.45,0.38659,947.0,16.775,2.1989,21.989,2.2757774669818693,,,,Sand mixtures,,,Sand mixtures 1,1,15.96,18.8,-14.520000000000001,-17.36
-15.4,16.84,2.1775,0.0082645,7.7392,-4.25,-6.4915,2.4,0.38626,948.0,16.795,2.1775,21.775,2.279617797009294,,,,Sand mixtures,,,Sand mixtures 1,1,15.96,18.8,-14.520000000000001,-17.36
-15.42,16.86,2.1318,0.0080733,7.7998,-4.2833,-6.5427,0.4,0.38325,962.0,16.815,2.1318,21.318,2.287039640840672,,,,Sand mixtures,,,Sand mixtures 1,1,15.96,18.8,-14.520000000000001,-17.36
-15.44,16.88,2.0861,0.0074162,7.7251,-4.25,-6.4746,2.25,0.35782,963.0,16.835,2.0861,20.861,2.2855888396042325,,,,Sand mixtures,,,Sand mixtures 1,1,15.96,18.8,-14.520000000000001,-17.36
-15.459999999999999,16.9,2.0404,0.0074,7.7624,-4.2667,-6.5085,2.4,0.36336,964.0,16.855,2.0404,20.404,2.29690137725326,,,,Sand mixtures,,,Sand mixtures 1,1,15.96,18.8,-14.520000000000001,-17.36
-15.480000000000002,16.92,2.0076,0.0073,7.7714,-4.2833,-6.5085,2.45,0.36528,964.0,16.874,2.0076,20.076,2.304298475869582,,,,Sand mixtures,,,Sand mixtures 1,1,15.96,18.8,-14.520000000000001,-17.36
-15.500000000000002,16.94,1.9847,0.0072854,7.7355,-4.2167,-6.5085,2.45,0.37189,965.0,16.894,1.9847,19.846999999999998,2.31163679277839,,,,Sand mixtures,,,Sand mixtures 1,1,15.96,18.8,-14.520000000000001,-17.36
-15.520000000000001,16.96,1.9542,0.0077069,7.7624,-4.2667,-6.5085,2.4,0.40161,966.0,16.914,1.9542,19.542,2.3295557396245936,,,,Sand mixtures,,,Sand mixtures 1,1,15.96,18.8,-14.520000000000001,-17.36
-15.540000000000001,16.98,1.9101,0.00755,7.7483,-4.2667,-6.4915,2.4,0.40172,967.0,16.934,1.9101,19.101,2.338872641972237,,,,Sand mixtures,,,Sand mixtures 1,1,15.96,18.8,-14.520000000000001,-17.36
-15.56,17.0,1.8729,0.0070569,7.7855,-4.2833,-6.5254,2.4,0.38342,968.0,16.954,1.8729,18.729,2.3398365868463786,,,,Sand mixtures,,,Sand mixtures 1,1,15.96,18.8,-14.520000000000001,-17.36
-15.58,17.02,1.8163,0.0063984,7.7714,-4.2833,-6.5085,2.4,0.35512,969.0,16.974,1.8163,18.163,2.341189737600301,,,,Sand mixtures,,,Sand mixtures 1,1,15.96,18.8,-14.520000000000001,-17.36
-15.6,17.04,1.7658,0.0060816,7.7705,-4.3333,-6.4746,2.4,0.34472,969.0,16.993,1.7658,17.658,2.3485622216327227,,,,Sand mixtures,,,Sand mixtures 1,1,15.96,18.8,-14.520000000000001,-17.36
-15.62,17.06,1.7237,0.0057117,7.7675,-4.25,-6.5254,2.4,0.33015,970.0,17.013,1.7237,17.237000000000002,2.352527960889354,,,,Sand mixtures,,,Sand mixtures 1,1,15.96,18.8,-14.520000000000001,-17.36
-15.639999999999999,17.08,1.6968,0.0058487,7.7573,-4.2833,-6.4915,2.4,0.3445,971.0,17.033,1.6968,16.968000000000004,2.3648658152370294,,,,Sand mixtures,,,Sand mixtures 1,1,15.96,18.8,-14.520000000000001,-17.36
-15.660000000000002,17.1,1.6745,0.0055254,7.7855,-4.2833,-6.5254,2.4,0.3305,972.0,17.053,1.6745,16.745,2.3646154790772784,,,,Sand mixtures,,,Sand mixtures 1,1,15.96,18.8,-14.520000000000001,-17.36
-15.680000000000001,17.12,1.6538,0.0051901,7.7819,-4.25,-6.5427,2.4,0.31398,973.0,17.073,1.6538,16.538,2.3628959590783896,,,,Sand mixtures,,,Sand mixtures 1,1,15.96,18.8,-14.520000000000001,-17.36
-15.700000000000001,17.14,1.6366,0.0053425,7.7585,-4.2333,-6.5254,2.4,0.32571,973.0,17.092,1.6366,16.366,2.372095411690439,,,,Sand mixtures,,,Sand mixtures 1,1,15.96,18.8,-14.520000000000001,-17.36
-15.72,17.16,1.6148,0.0052536,7.7765,-4.2667,-6.5254,2.4,0.32199,974.0,17.112,1.6148,16.148,2.376102137338132,,,,Sand mixtures,,,Sand mixtures 1,1,15.96,18.8,-14.520000000000001,-17.36
-15.74,17.18,1.6088,0.0048478,7.7675,-4.25,-6.5254,2.4,0.29786,975.0,17.132,1.6088,16.088,2.3675041390596308,,,,Sand mixtures,,,Sand mixtures 1,1,15.96,18.8,-14.520000000000001,-17.36
-15.76,17.2,1.6149,0.0050622,7.8286,-4.2833,-6.5771,2.4,0.31122,976.0,17.152,1.6149,16.149,2.3715923823063383,,,,Sand mixtures,,,Sand mixtures 1,1,15.96,18.8,-14.520000000000001,-17.36
-15.78,17.22,1.6218,0.0048728,7.8375,-4.3,-6.5771,2.4,0.29888,977.0,17.172,1.6218,16.218,2.3645989292909584,,,,Sand mixtures,,,Sand mixtures 1,1,15.96,18.8,-14.520000000000001,-17.36
-15.799999999999999,17.24,1.6276,0.005277,7.8286,-4.2833,-6.5771,2.4,0.32191,978.0,17.192,1.6276,16.276,2.3728051610695347,,,,Sand mixtures,,,Sand mixtures 1,1,15.96,18.8,-14.520000000000001,-17.36
-15.820000000000002,17.26,1.6422,0.0055562,7.7874,-4.2333,-6.5599,2.4,0.33659,979.0,17.211,1.6422,16.422,2.3751345061998994,,,,Sand mixtures,,,Sand mixtures 1,1,15.96,18.8,-14.520000000000001,-17.36
-15.840000000000002,17.28,1.6459,0.0053075,7.7945,-4.3,-6.5254,2.4,0.31911,979.0,17.231,1.6459,16.459,2.367020733880458,,,,Sand mixtures,,,Sand mixtures 1,1,15.96,18.8,-14.520000000000001,-17.36
-15.860000000000001,17.3,1.6665,0.0051826,7.8717,-4.2833,-6.6289,2.4,0.30897,980.0,17.251,1.6665,16.665,2.3576175473262286,,,,Sand mixtures,,,Sand mixtures 1,1,15.96,18.8,-14.520000000000001,-17.36
-15.88,17.32,1.6861,0.0050518,7.8752,-4.3167,-6.6116,2.4,0.29837,981.0,17.271,1.6861,16.861,2.3482455422859068,,,,Sand mixtures,,,Sand mixtures 1,1,15.96,18.8,-14.520000000000001,-17.36
-15.9,17.34,1.7006,0.0051637,7.8286,-4.2833,-6.5771,2.4,0.30225,982.0,17.291,1.7006,17.006,2.346362202922952,,,,Sand mixtures,,,Sand mixtures 1,1,15.96,18.8,-14.520000000000001,-17.36
-15.92,17.36,1.7149,0.0052077,7.8196,-4.2667,-6.5771,2.4,0.30218,983.0,17.31,1.7149,17.149,2.34286154436971,,,,Sand mixtures,,,Sand mixtures 1,1,15.96,18.8,-14.520000000000001,-17.36
-15.94,17.38,1.7354,0.0058101,7.8465,-4.3167,-6.5771,2.4,0.33507,984.0,17.33,1.7354,17.354,2.3517663907358313,,,,Sand mixtures,,,Sand mixtures 1,1,15.96,18.8,-14.520000000000001,-17.36
-15.959999999999999,17.4,1.7535,0.0060053,7.8196,-4.2667,-6.5771,2.4,0.34473,984.0,17.35,1.7535,17.535,2.3514400004149505,,,,Sand mixtures,,,Sand mixtures 1,1,15.96,18.8,-14.520000000000001,-17.36
-15.980000000000002,17.42,1.7646,0.0057114,7.8322,-4.3167,-6.5599,2.4,0.32645,985.0,17.37,1.7646,17.646,2.341321997599387,,,,Sand mixtures,,,Sand mixtures 1,1,15.96,18.8,-14.520000000000001,-17.36
-16.0,17.44,1.7652,0.0056855,7.8484,-4.2667,-6.6116,2.4,0.32393,986.0,17.39,1.7652,17.652,2.3401290974712663,,,,Sand mixtures,,,Sand mixtures 1,1,15.96,18.8,-14.520000000000001,-17.36
-16.02,17.46,1.7518,0.0059345,7.8375,-4.3,-6.5771,2.4,0.33751,987.0,17.409,1.7518,17.518,2.3488942242621076,,,,Sand mixtures,,,Sand mixtures 1,1,15.96,18.8,-14.520000000000001,-17.36
-16.04,17.48,1.7499,0.005823,7.834,-4.2667,-6.5944,2.4,0.33101,988.0,17.429,1.7499,17.499000000000002,2.346664642205837,,,,Sand mixtures,,,Sand mixtures 1,1,15.96,18.8,-14.520000000000001,-17.36
-16.06,17.5,1.761,0.0060169,7.8251,-4.25,-6.5944,2.4,0.3425,989.0,17.449,1.761,17.61,2.348778198825258,,,,Sand mixtures,,,Sand mixtures 1,1,15.96,18.8,-14.520000000000001,-17.36
-16.08,17.52,1.7597,0.00677,7.8251,-4.25,-6.5944,2.45,0.38647,989.0,17.469,1.7597,17.597,2.3664549784043034,,,,Sand mixtures,,,Sand mixtures 1,1,15.96,18.8,-14.520000000000001,-17.36
-16.099999999999998,17.54,1.7608,0.0065304,7.8717,-4.2833,-6.6289,2.4,0.37376,990.0,17.489,1.7608,17.608,2.361285508514118,,,,Sand mixtures,,,Sand mixtures 1,1,15.96,18.8,-14.520000000000001,-17.36
-16.119999999999997,17.56,1.7605,0.0061278,7.9095,-4.3,-6.6634,2.4,0.35128,991.0,17.509,1.7605,17.605,2.352449837829967,,,,Sand mixtures,,,Sand mixtures 1,1,15.96,18.8,-14.520000000000001,-17.36
-16.139999999999997,17.58,1.7451,0.0056337,7.8629,-4.2667,-6.6289,2.4,0.3235,992.0,17.528,1.7451,17.451,2.3446750659484232,,,,Sand mixtures,,,Sand mixtures 1,1,15.96,18.8,-14.520000000000001,-17.36
-16.16,17.6,1.725,0.0050951,7.9062,-4.2667,-6.6806,2.4,0.29276,993.0,17.548,1.725,17.25,2.336349565796272,,,,Sand mixtures,,,Sand mixtures 1,1,15.96,18.8,-14.520000000000001,-17.36
-16.18,17.62,1.7156,0.0047108,7.8951,-4.3,-6.6461,2.4,0.27027,993.0,17.568,1.7156,17.156,2.3286640117139763,,,,Sand mixtures,,,Sand mixtures 1,1,15.96,18.8,-14.520000000000001,-17.36
-16.2,17.64,1.7278,0.0045345,7.9006,-4.2833,-6.6634,2.4,0.25893,994.0,17.588,1.7278,17.278,2.3205614241675256,,,,Sand mixtures,,,Sand mixtures 1,1,15.96,18.8,-14.520000000000001,-17.36
-16.22,17.66,1.7375,0.0044496,7.8917,-4.2667,-6.6634,2.4,0.25211,995.0,17.608,1.7375,17.375,2.3150830560950424,,,,Sand mixtures,,,Sand mixtures 1,1,15.96,18.8,-14.520000000000001,-17.36
-16.24,17.68,1.7505,0.0042378,7.8862,-4.2833,-6.6461,2.4,0.23756,996.0,17.627,1.7505,17.505,2.305157871036109,,,,Sand mixtures,,,Sand mixtures 1,1,15.96,18.8,-14.520000000000001,-17.36
-16.259999999999998,17.7,1.7818,0.0044682,7.8917,-4.2667,-6.6634,2.4,0.24742,997.0,17.647,1.7818,17.817999999999998,2.302366008343945,,,,Sand mixtures,,,Sand mixtures 1,1,15.96,18.8,-14.520000000000001,-17.36
-16.279999999999998,17.72,1.8266,0.0046945,7.8917,-4.2667,-6.6634,2.4,0.25673,998.0,17.667,1.8266,18.266,2.2963186741919768,,,,Sand mixtures,,,Sand mixtures 1,1,15.96,18.8,-14.520000000000001,-17.36
-16.299999999999997,17.74,1.855,0.0049661,7.8798,-4.2167,-6.6806,2.45,0.26812,998.0,17.687,1.855,18.55,2.2951296884296815,,,,Sand mixtures,,,Sand mixtures 1,1,15.96,18.8,-14.520000000000001,-17.36
-16.32,17.76,1.8763,0.0060298,7.9207,-4.2667,-6.6978,2.4,0.32121,999.0,17.707,1.8763,18.763,2.3138070821257206,,,,Sand mixtures,,,Sand mixtures 1,1,15.96,18.8,-14.520000000000001,-17.36
-16.34,17.78,1.8919,0.0053084,7.8974,-4.25,-6.6806,2.4,0.27949,1000.0,17.726,1.8919,18.918999999999997,2.292103753289522,,,,Sand mixtures,,,Sand mixtures 1,1,15.96,18.8,-14.520000000000001,-17.36
-16.36,17.8,1.9088,0.0058136,7.9119,-4.25,-6.6978,2.4,0.3033,1001.0,17.746,1.9088,19.088,2.298998649693916,,,,Sand mixtures,,,Sand mixtures 1,1,15.96,18.8,-14.520000000000001,-17.36
-16.38,17.82,1.9267,0.0060119,7.9062,-4.2667,-6.6806,2.4,0.31122,1002.0,17.766,1.9267,19.267,2.298587106516906,,,,Sand mixtures,,,Sand mixtures 1,1,15.96,18.8,-14.520000000000001,-17.36
-16.4,17.84,1.9505,0.0061518,7.9584,-4.2833,-6.7323,2.4,0.31586,1003.0,17.786,1.9505,19.505,2.2955252521215685,,,,Sand mixtures,,,Sand mixtures 1,1,15.96,18.8,-14.520000000000001,-17.36
-16.419999999999998,17.86,1.9585,0.0063297,7.9584,-4.2833,-6.7323,0.7,0.32213,1017.0,17.806,1.9585,19.585,2.296529185000146,,,,Sand mixtures,,,Sand mixtures 1,1,15.96,18.8,-14.520000000000001,-17.36
-16.439999999999998,17.88,1.9665,0.0063577,7.9417,-4.3333,-6.6806,2.2,0.32048,1018.0,17.825,1.9665,19.665,2.2941436338728534,,,,Sand mixtures,,,Sand mixtures 1,1,15.96,18.8,-14.520000000000001,-17.36
-16.459999999999997,17.9,1.9744,0.0062559,7.9439,-4.2833,-6.7151,2.35,0.31217,1018.0,17.845,1.9744,19.744,2.2889052090176563,,,,Sand mixtures,,,Sand mixtures 1,1,15.96,18.8,-14.520000000000001,-17.36
-16.48,17.92,2.0037,0.0063477,7.9295,-4.2833,-6.6978,2.45,0.31324,1019.0,17.865,2.0037,20.037,2.283293593921177,,,,Sand mixtures,,,Sand mixtures 1,1,15.96,18.8,-14.520000000000001,-17.36
-16.5,17.94,2.0303,0.0063595,7.9264,-4.25,-6.7151,2.4,0.30961,1020.0,17.885,2.0303,20.303,2.2762697028918324,,,,Sand mixtures,,,Sand mixtures 1,1,15.96,18.8,-14.520000000000001,-17.36
-16.52,17.96,2.0596,0.0063834,7.9641,-4.2667,-6.7496,2.4,0.30619,1021.0,17.905,2.0596,20.596,2.268853355985719,,,,Sand mixtures,,,Sand mixtures 1,1,15.96,18.8,-14.520000000000001,-17.36
-16.54,17.98,2.0882,0.0066411,7.9264,-4.25,-6.7151,2.4,0.31362,1022.0,17.925,2.0882,20.882,2.266432084248889,,,,Sand mixtures,,,Sand mixtures 1,1,15.96,18.8,-14.520000000000001,-17.36
-16.56,18.0,2.1304,0.0069869,7.9351,-4.2667,-6.7151,2.4,0.3252,1023.0,17.944,2.1304,21.303999999999995,2.2632350828139343,,,,Sand mixtures,,,Sand mixtures 1,1,15.96,18.8,-14.520000000000001,-17.36
-16.58,18.02,2.1793,0.007115,7.9351,-4.2667,-6.7151,2.4,0.32673,1024.0,17.964,2.1793,21.793000000000003,2.254574425156076,,,,Sand mixtures,,,Sand mixtures 1,1,15.96,18.8,-14.520000000000001,-17.36
-16.599999999999998,18.04,2.2121,0.0068177,7.9496,-4.2667,-6.7323,2.4,0.30914,1024.0,17.984,2.2121,22.121,2.2407086463720924,,,,Sand mixtures,,,Sand mixtures 1,1,15.96,18.8,-14.520000000000001,-17.36
-16.619999999999997,18.06,2.2368,0.0063678,7.9496,-4.2667,-6.7323,2.4,0.28544,1025.0,18.004,2.2368,22.368000000000002,2.225376663616374,,,,Sand mixtures,,,Sand mixtures 1,1,15.96,18.8,-14.520000000000001,-17.36
-16.639999999999997,18.08,2.2512,0.006232,7.9672,-4.3,-6.7323,2.4,0.27682,1026.0,18.024,2.2512,22.511999999999997,2.218710348363914,,,,Sand mixtures,,,Sand mixtures 1,1,15.96,18.8,-14.520000000000001,-17.36
-16.66,18.1,2.2635,0.0060809,7.9584,-4.2833,-6.7323,2.4,0.26831,1027.0,18.043,2.2635,22.635,2.2124383185359844,,,,Sand mixtures,,,Sand mixtures 1,1,15.96,18.8,-14.520000000000001,-17.36
-16.68,18.12,2.2811,0.006171,7.9264,-4.25,-6.7151,2.4,0.27064,1028.0,18.063,2.2811,22.811,2.21032796116215,,,,Sand mixtures,,,Sand mixtures 1,1,15.96,18.8,-14.520000000000001,-17.36
-16.7,18.14,2.2925,0.0064009,7.9031,-4.2333,-6.6978,2.4,0.27897,1028.0,18.083,2.2925,22.925,2.21218476886835,,,,Sand mixtures,,,Sand mixtures 1,1,15.96,18.8,-14.520000000000001,-17.36
-16.72,18.16,2.294,0.0065315,7.9351,-4.2667,-6.7151,2.4,0.28301,1030.0,18.103,2.294,22.94,2.2138007544303897,,,,Sand mixtures,,,Sand mixtures 1,1,15.96,18.8,-14.520000000000001,-17.36
-16.74,18.18,2.2996,0.0066403,7.9554,-4.25,-6.7496,2.4,0.28622,1030.0,18.123,2.2996,22.996,2.214283830857376,,,,Sand mixtures,,,Sand mixtures 1,1,15.96,18.8,-14.520000000000001,-17.36
-16.759999999999998,18.2,2.3226,0.0076214,7.9641,-4.2667,-6.7496,2.4,0.32726,1031.0,18.142,2.3226,23.226,2.2286747736915817,,,,Sand mixtures,,,Sand mixtures 1,1,15.96,18.8,-14.520000000000001,-17.36
-16.779999999999998,18.22,2.3514,0.0080088,7.9176,-4.2333,-6.7151,2.4,0.34286,1032.0,18.162,2.3514,23.514,2.2303882654101392,,,,Sand mixtures,,,Sand mixtures 1,1,15.96,18.8,-14.520000000000001,-17.36
-16.799999999999997,18.24,2.3583,0.0084299,7.9554,-4.25,-6.7496,2.4,0.35967,1033.0,18.182,2.3583,23.583,2.2363179764091865,,,,Sand mixtures,,,Sand mixtures 1,1,15.96,18.8,-14.520000000000001,-17.36
-16.82,18.26,2.3607,0.0085221,7.9554,-4.25,-6.7496,2.4,0.36206,1034.0,18.202,2.3607,23.607,2.2369034460273887,,,,Sand mixtures,,,Sand mixtures 1,1,15.96,18.8,-14.520000000000001,-17.36
-16.84,18.28,2.3516,0.0084419,7.9496,-4.2667,-6.7323,2.4,0.35682,1034.0,18.222,2.3516,23.516,2.2362810896741796,,,,Sand mixtures,,,Sand mixtures 1,1,15.96,18.8,-14.520000000000001,-17.36
-16.86,18.3,2.3489,0.0083934,7.9031,-4.2333,-6.6978,2.4,0.35266,1035.0,18.241,2.3489,23.489,2.2349955867473628,,,,Sand mixtures,,,Sand mixtures 1,1,15.96,18.8,-14.520000000000001,-17.36
-16.88,18.32,2.3571,0.0078912,7.9119,-4.25,-6.6978,2.4,0.32864,1036.0,18.261,2.3571,23.570999999999998,2.223235255648871,,,,Sand mixtures,,,Sand mixtures 1,1,15.96,18.8,-14.520000000000001,-17.36
-16.9,18.34,2.3796,0.0072184,7.9554,-4.25,-6.7496,2.4,0.29711,1037.0,18.281,2.3796,23.796,2.2051893366770448,,,,Sand mixtures,,,Sand mixtures 1,1,15.96,18.8,-14.520000000000001,-17.36
-16.919999999999998,18.36,2.4196,0.0071041,7.9438,-4.2,-6.7668,2.4,0.28835,1038.0,18.301,2.4196,24.195999999999998,2.1942554576874853,,,,Sand mixtures,,,Sand mixtures 1,1,15.96,18.8,-14.520000000000001,-17.36
-16.939999999999998,18.38,2.4646,0.00691,7.9496,-4.2667,-6.7323,2.4,0.27591,1038.0,18.321,2.4646,24.646,2.1807685465861733,,,,Sand mixtures,,,Sand mixtures 1,1,15.96,18.8,-14.520000000000001,-17.36
-16.959999999999997,18.4,2.5271,0.0070367,7.9466,-4.2333,-6.7496,2.4,0.27582,1039.0,18.34,2.5271,25.271,2.1703631984701195,,,,Sand mixtures,,,Sand mixtures 1,1,15.96,18.8,-14.520000000000001,-17.36
-16.98,18.42,2.5875,0.007485,7.9641,-4.2667,-6.7496,2.35,0.28778,1040.0,18.36,2.5875,25.875,2.1663020401762823,,,,Sand mixtures,,,Sand mixtures 1,1,15.96,18.8,-14.520000000000001,-17.36
-17.0,18.44,2.6254,0.0076043,7.9234,-4.2167,-6.7323,2.4,0.28673,1041.0,18.38,2.6254,26.254,2.1598076358282596,,,,Sand mixtures,,,Sand mixtures 1,1,15.96,18.8,-14.520000000000001,-17.36
-17.02,18.46,2.6749,0.0081169,7.9466,-4.2333,-6.7496,2.4,0.30041,1042.0,18.4,2.6749,26.749000000000002,2.1585638294224347,,,,Sand mixtures,,,Sand mixtures 1,1,15.96,18.8,-14.520000000000001,-17.36
-17.04,18.48,2.7307,0.0083483,7.9409,-4.25,-6.7323,2.4,0.30391,1043.0,18.42,2.7307,27.307000000000002,2.1517183840282676,,,,Sand mixtures,,,Sand mixtures 1,1,15.96,18.8,-14.520000000000001,-17.36
-17.06,18.5,2.7776,0.0083969,7.9176,-4.2333,-6.7151,2.4,0.30141,1043.0,18.44,2.7776,27.776,2.1435568338257354,,,,Sand mixtures,,,Sand mixtures 1,1,15.96,18.8,-14.520000000000001,-17.36
-17.08,18.52,2.8287,0.0086044,7.9321,-4.2333,-6.7323,2.4,0.3049,1044.0,18.459,2.8287,28.287,2.1377158742602616,,,,Sand mixtures,,,Sand mixtures 1,1,15.96,18.8,-14.520000000000001,-17.36
-17.099999999999998,18.54,2.8636,0.0089166,7.9321,-4.2333,-6.7323,2.4,0.31268,1045.0,18.479,2.8636,28.636,2.136326292779177,,,,Sand mixtures,,,Sand mixtures 1,1,15.96,18.8,-14.520000000000001,-17.36
-17.119999999999997,18.56,2.8873,0.0093759,7.9525,-4.2167,-6.7668,2.4,0.32626,1046.0,18.499,2.8873,28.873,2.1392144950278498,,,,Sand mixtures,,,Sand mixtures 1,1,15.96,18.8,-14.520000000000001,-17.36
-17.139999999999997,18.58,2.8986,0.010126,7.9001,-4.2,-6.7151,2.4,0.35022,1047.0,18.519,2.8986,28.986,2.148377282874794,,,,Sand mixtures,,,Sand mixtures 1,1,15.96,18.8,-14.520000000000001,-17.36
-17.16,18.6,2.9153,0.010295,7.9206,-4.1833,-6.7496,2.4,0.35437,1048.0,18.539,2.9153,29.153,2.147873192956859,,,,Sand mixtures,,,Sand mixtures 1,1,15.96,18.8,-14.520000000000001,-17.36
-17.18,18.62,2.9113,0.010684,7.9379,-4.2167,-6.7496,2.4,0.36626,1049.0,18.558,2.9113,29.113000000000003,2.15360467329376,,,,Sand mixtures,,,Sand mixtures 1,1,15.96,18.8,-14.520000000000001,-17.36
-17.2,18.64,2.9074,0.010808,7.8828,-4.1667,-6.7151,2.4,0.36891,1049.0,18.578,2.9074,29.074,2.1552881020909007,,,,Sand mixtures,,,Sand mixtures 1,1,15.96,18.8,-14.520000000000001,-17.36
-17.22,18.66,2.9178,0.011353,7.9379,-4.2167,-6.7496,2.4,0.38511,1050.0,18.598,2.9178,29.178,2.160733493862299,,,,Sand mixtures,,,Sand mixtures 1,1,15.96,18.8,-14.520000000000001,-17.36
-17.24,18.68,2.9411,0.0114,7.9438,-4.2,-6.7668,2.4,0.38311,1051.0,18.618,2.9411,29.410999999999998,2.1566853462499034,,,,Sand mixtures,,,Sand mixtures 1,1,15.96,18.8,-14.520000000000001,-17.36
-17.259999999999998,18.7,2.9584,0.0109,7.9293,-4.2,-6.7496,2.45,0.36144,1052.0,18.638,2.9584,29.584,2.145020720506045,,,,Sand mixtures,,,Sand mixtures 1,1,15.96,18.8,-14.520000000000001,-17.36
-17.279999999999998,18.72,2.9882,0.011019,7.9466,-4.2333,-6.7496,2.45,0.35882,1053.0,18.657,2.9882,29.881999999999998,2.1398187841237415,,,,Sand mixtures,,,Sand mixtures 1,1,15.96,18.8,-14.520000000000001,-17.36
-17.299999999999997,18.74,3.0441,0.010957,7.9147,-4.2,-6.7323,2.4,0.34936,1054.0,18.677,3.0441,30.441,2.128128621034699,,,,Sand mixtures,,,Sand mixtures 1,1,15.96,18.8,-14.520000000000001,-17.36
-17.32,18.76,3.1377,0.0098449,7.912,-4.1667,-6.7496,2.4,0.30691,1054.0,18.697,3.1377,31.377000000000002,2.0962173327806832,,,,Sand mixtures,,,Sand mixtures 1,1,15.96,18.8,-14.520000000000001,-17.36
-17.34,18.78,3.2311,0.0094,7.906,-4.1833,-6.7323,2.4,0.28641,1055.0,18.717,3.2311,32.311,2.0742371727738464,,,,Sand mixtures,,,Sand mixtures 1,1,15.96,18.8,-14.520000000000001,-17.36
-17.36,18.8,3.348,0.009,7.918,-4.15,-6.7668,2.4,0.26804,1056.0,18.737,3.348,33.48,2.0503712789693194,,,,Sand mixtures,,,Sand 4,4,18.8,25.12,-17.36,-23.68
-17.38,18.82,3.4409,0.0089,7.9206,-4.1833,-6.7496,2.4,0.25936,1057.0,18.756,3.4409,34.409,2.034598232476795,,,,Sand,,,Sand 4,4,18.8,25.12,-17.36,-23.68
-17.4,18.84,3.5131,0.0088,7.9473,-4.15,-6.8013,2.4,0.25103,1058.0,18.776,3.5131,35.131,2.021639645635132,,,,Sand,,,Sand 4,4,18.8,25.12,-17.36,-23.68
-17.419999999999998,18.86,3.5534,0.0087302,7.9558,-4.1667,-6.8013,0.4,0.24386,1072.0,18.796,3.5534,35.534,2.013093825334531,,,,Sand,,,Sand 4,4,18.8,25.12,-17.36,-23.68
-17.439999999999998,18.88,3.5937,0.0088505,7.9326,-4.15,-6.784,2.1,0.24187,1073.0,18.816,3.5937,35.937000000000005,2.007351827821015,,,,Sand,,,Sand 4,4,18.8,25.12,-17.36,-23.68
-17.459999999999997,18.9,3.634,0.0091552,7.9558,-4.1667,-6.8013,2.35,0.24503,1074.0,18.836,3.634,36.34,2.004439534931928,,,,Sand,,,Sand 4,4,18.8,25.12,-17.36,-23.68
-17.48,18.92,3.7299,0.01112,7.9388,-4.1333,-6.8013,2.45,0.29206,1074.0,18.856,3.7299,37.299,2.0182729097680374,,,,Sand,,,Sand 4,4,18.8,25.12,-17.36,-23.68
-17.5,18.94,3.8269,0.012309,7.9473,-4.15,-6.8013,2.4,0.31777,1075.0,18.875,3.8269,38.269,2.0205922515781647,,,,Sand,,,Sand 4,4,18.8,25.12,-17.36,-23.68
-17.52,18.96,3.9822,0.012104,7.9473,-4.15,-6.8013,2.4,0.30743,1076.0,18.895,3.9822,39.822,1.9993360118158758,,,,Sand,,,Sand 4,4,18.8,25.12,-17.36,-23.68
-17.54,18.98,4.0574,0.0132,7.9094,-4.1333,-6.7668,2.4,0.33039,1077.0,18.915,4.0574,40.574000000000005,2.003068124548812,,,,Sand,,,Sand 4,4,18.8,25.12,-17.36,-23.68
-17.56,19.0,4.0819,0.0143,7.8986,-4.0833,-6.784,2.4,0.354,1078.0,18.935,4.0819,40.819,2.01190426655466,,,,Sand,,,Sand 4,4,18.8,25.12,-17.36,-23.68
-17.58,19.02,4.0832,0.015449,7.9241,-4.1333,-6.784,2.4,0.37924,1079.0,18.955,4.0832,40.832,2.023398718242708,,,,Sand,,,Sand 4,4,18.8,25.12,-17.36,-23.68
-17.599999999999998,19.04,4.1009,0.015153,7.9303,-4.1167,-6.8013,2.4,0.37016,1079.0,18.974,4.1009,41.00900000000001,2.0175370443899983,,,,Sand,,,Sand 4,4,18.8,25.12,-17.36,-23.68
-17.619999999999997,19.06,4.0999,0.015,7.9218,-4.1,-6.8013,2.4,0.36501,1080.0,18.994,4.0999,40.998999999999995,2.015264719736057,,,,Sand,,,Sand 4,4,18.8,25.12,-17.36,-23.68
-17.639999999999997,19.08,4.0843,0.0149,7.9133,-4.0833,-6.8013,2.4,0.36058,1081.0,19.014,4.0843,40.842999999999996,2.014739484163063,,,,Sand,,,Sand 4,4,18.8,25.12,-17.36,-23.68
-17.66,19.1,4.0999,0.014713,7.9449,-4.1167,-6.8185,2.4,0.35315,1082.0,19.034,4.0999,40.998999999999995,2.0097394104415867,,,,Sand,,,Sand 4,4,18.8,25.12,-17.36,-23.68
-17.68,19.12,4.1407,0.014711,7.9326,-4.15,-6.784,2.4,0.34989,1083.0,19.054,4.1407,41.407,2.004227285118299,,,,Sand,,,Sand 4,4,18.8,25.12,-17.36,-23.68
-17.7,19.14,4.1851,0.014809,7.9156,-4.1167,-6.784,2.4,0.34814,1083.0,19.073,4.1851,41.851000000000006,1.999114890532837,,,,Sand,,,Sand 4,4,18.8,25.12,-17.36,-23.68
-17.72,19.16,4.2635,0.014919,7.9534,-4.1333,-6.8185,2.4,0.34569,1084.0,19.093,4.2635,42.635,1.9904938775553531,,,,Sand,,,Sand 4,4,18.8,25.12,-17.36,-23.68
-17.74,19.18,4.3556,0.016537,7.9303,-4.1167,-6.8013,2.4,0.37754,1085.0,19.113,4.3556,43.556000000000004,1.9968813795542208,,,,Sand,,,Sand 4,4,18.8,25.12,-17.36,-23.68
-17.759999999999998,19.2,4.4058,0.016216,7.8986,-4.0833,-6.784,2.4,0.36524,1086.0,19.133,4.4058,44.058,1.9866087582144287,,,,Sand,,,Sand 4,4,18.8,25.12,-17.36,-23.68
-17.779999999999998,19.22,4.496,0.016804,7.9009,-4.1167,-6.7668,2.4,0.37374,1087.0,19.153,4.496,44.96,1.9824950914943649,,,,Sand,,,Sand 4,4,18.8,25.12,-17.36,-23.68
-17.799999999999997,19.24,4.5784,0.017172,7.9303,-4.1167,-6.8013,2.4,0.37753,1088.0,19.172,4.5784,45.784000000000006,1.9770302068412238,,,,Sand,,,Sand 4,4,18.8,25.12,-17.36,-23.68
-17.82,19.26,4.6156,0.016773,7.9218,-4.1,-6.8013,2.4,0.36487,1089.0,19.192,4.6156,46.15599999999999,1.9678800820596472,,,,Sand,,,Sand 4,4,18.8,25.12,-17.36,-23.68
-17.84,19.28,4.618,0.017063,7.9196,-4.0667,-6.8185,2.4,0.36649,1089.0,19.212,4.618,46.18,1.968438477118792,,,,Sand,,,Sand 4,4,18.8,25.12,-17.36,-23.68
-17.86,19.3,4.6357,0.016347,7.9071,-4.1,-6.784,2.4,0.34701,1090.0,19.232,4.6357,46.357,1.9575801058857802,,,,Sand,,,Sand 4,4,18.8,25.12,-17.36,-23.68
-17.88,19.32,4.6829,0.015566,7.8902,-4.0667,-6.784,2.4,0.32773,1091.0,19.252,4.6829,46.82899999999999,1.943998652470922,,,,Sand,,,Sand 4,4,18.8,25.12,-17.36,-23.68
-17.9,19.34,4.7433,0.015423,7.867,-4.05,-6.7668,2.45,0.32329,1092.0,19.272,4.7433,47.43299999999999,1.9366083031042265,,,,Sand,,,Sand 4,4,18.8,25.12,-17.36,-23.68
-17.919999999999998,19.36,4.876,0.016431,7.8355,-4.0167,-6.7496,2.4,0.34384,1093.0,19.291,4.876,48.76,1.935813004698282,,,,Sand,,,Sand 4,4,18.8,25.12,-17.36,-23.68
-17.939999999999998,19.38,4.9359,0.020466,7.867,-4.05,-6.7668,2.4,0.42832,1094.0,19.311,4.9359,49.35900000000001,1.9702630398761731,,,,Sand,,,Sand 4,4,18.8,25.12,-17.36,-23.68
-17.959999999999997,19.4,4.8908,0.026273,7.8734,-4.0333,-6.784,2.4,0.55065,1094.0,19.331,4.8908,48.907999999999994,2.023336336431366,,,,Sand,,,Sand 4,4,18.8,25.12,-17.36,-23.68
-17.98,19.42,4.7827,0.028153,7.8419,-4.0,-6.7668,2.4,0.59074,1095.0,19.351,4.7827,47.827,2.046493841860153,,,,Sand,,,Sand 4,4,18.8,25.12,-17.36,-23.68
-18.0,19.44,4.6832,0.025466,7.865,-4.0167,-6.784,2.4,0.53389,1096.0,19.371,4.6832,46.832,2.033644866677566,,,,Sand,,,Sand 4,4,18.8,25.12,-17.36,-23.68
-18.02,19.46,4.6312,0.025,7.8798,-4.0167,-6.8013,2.4,0.52185,1097.0,19.39,4.6312,46.312,2.033350370874235,,,,Sand,,,Sand 4,4,18.8,25.12,-17.36,-23.68
-18.04,19.48,4.6263,0.0246,7.878,-3.9833,-6.8185,2.4,0.50752,1098.0,19.41,4.6263,46.26299999999999,2.0282121732495964,,,,Sand,,,Sand 4,4,18.8,25.12,-17.36,-23.68
-18.06,19.5,4.6996,0.024194,7.9225,-3.9833,-6.8703,2.4,0.48939,1099.0,19.43,4.6996,46.996,2.0149584137721863,,,,Sand,,,Sand 4,4,18.8,25.12,-17.36,-23.68
-18.08,19.52,4.9093,0.02403,7.9242,-4.0167,-6.853,2.4,0.47356,1099.0,19.45,4.9093,49.093,1.9915993008449235,,,,Sand,,,Sand 4,4,18.8,25.12,-17.36,-23.68
-18.099999999999998,19.54,5.1019,0.019388,7.9917,-4.0333,-6.922,2.4,0.37,1100.0,19.47,5.1019,51.019,1.9305052878052602,,,,Sand,,,Sand 4,4,18.8,25.12,-17.36,-23.68
-18.119999999999997,19.56,5.343,0.0189,7.9061,-3.95,-6.8703,2.4,0.3484,1101.0,19.489,5.343,53.43,1.901598170071488,,,,Sand,,,Sand 4,4,18.8,25.12,-17.36,-23.68
-18.139999999999997,19.58,5.5549,0.0184,7.9374,-3.9833,-6.8875,2.4,0.3277,1102.0,19.509,5.5549,55.549,1.8755446288925754,,,,Sand,,,Sand 4,4,18.8,25.12,-17.36,-23.68
-18.16,19.6,5.7275,0.0179,7.9278,-3.9333,-6.9047,2.4,0.30951,1103.0,19.529,5.7275,57.275,1.8536779694466643,,,,Sand,,,Sand 4,4,18.8,25.12,-17.36,-23.68
-18.18,19.62,5.9572,0.018849,7.9061,-3.95,-6.8703,2.4,0.31789,1104.0,19.549,5.9572,59.57200000000001,1.842434769648372,,,,Sand,,,Sand 4,4,18.8,25.12,-17.36,-23.68
-18.2,19.64,6.1047,0.020555,7.8912,-3.95,-6.853,2.4,0.33939,1104.0,19.569,6.1047,61.047,1.8440541511671977,,,,Sand,,,Sand 4,4,18.8,25.12,-17.36,-23.68
-18.22,19.66,6.2209,0.020555,7.8668,-3.9,-6.853,2.4,0.33278,1105.0,19.588,6.2209,62.209,1.8331026602023477,,,,Sand,,,Sand 4,4,18.8,25.12,-17.36,-23.68
-18.24,19.68,6.2567,0.021543,7.8587,-3.8833,-6.853,2.4,0.3419,1106.0,19.608,6.2567,62.56700000000001,1.8356153744786337,,,,Sand,,,Sand 4,4,18.8,25.12,-17.36,-23.68
-18.259999999999998,19.7,6.2703,0.023624,7.8817,-3.9,-6.8703,2.4,0.36782,1107.0,19.628,6.2703,62.703,1.8480225247653517,,,,Sand,,,Sand 4,4,18.8,25.12,-17.36,-23.68
-18.279999999999998,19.72,6.3578,0.022476,7.9061,-3.95,-6.8703,2.4,0.34346,1108.0,19.648,6.3578,63.578,1.8300860072486662,,,,Sand,,,Sand 4,4,18.8,25.12,-17.36,-23.68
-18.299999999999997,19.74,6.519,0.024695,7.8736,-3.8833,-6.8703,2.4,0.36954,1108.0,19.668,6.519,65.19,1.8336158786433363,,,,Sand,,,Sand 4,4,18.8,25.12,-17.36,-23.68
-18.32,19.76,6.7206,0.024654,7.8967,-3.9,-6.8875,2.4,0.36205,1109.0,19.688,6.7206,67.206,1.8178527936374842,,,,Sand,,,Sand 4,4,18.8,25.12,-17.36,-23.68
-18.34,19.78,6.931,0.0252,7.9485,-3.8833,-6.9565,2.4,0.36343,1110.0,19.707,6.931,69.31,1.8064779511099762,,,,Sand,,,Sand 4,4,18.8,25.12,-17.36,-23.68
-18.36,19.8,7.0749,0.0258,7.8955,-3.8667,-6.9047,2.45,0.36615,1111.0,19.727,7.0749,70.74900000000001,1.7998410419513131,,,,Sand,,,Sand 4,4,18.8,25.12,-17.36,-23.68
-18.38,19.82,7.33,0.026363,7.9026,-3.85,-6.922,2.4,0.36936,1112.0,19.747,7.33,73.3,1.787671260790677,,,,Sand,,,Sand 4,4,18.8,25.12,-17.36,-23.68
-18.4,19.84,7.2734,0.029605,7.8806,-3.8667,-6.8875,2.4,0.41031,1113.0,19.767,7.2734,72.734,1.8112382869675476,,,,Sand,,,Sand 4,4,18.8,25.12,-17.36,-23.68
-18.419999999999998,19.86,7.2649,0.030893,7.9036,-3.8833,-6.9047,0.65,0.42473,1127.0,19.787,7.2649,72.649,1.8186361989097508,,,,Sand,,,Sand 4,4,18.8,25.12,-17.36,-23.68
-18.439999999999998,19.88,7.2563,0.032172,7.8946,-3.8333,-6.922,2.25,0.43972,1128.0,19.806,7.2563,72.563,1.8261628234402894,,,,Sand,,,Sand 4,4,18.8,25.12,-17.36,-23.68
-18.459999999999997,19.9,7.2478,0.031747,7.8656,-3.8667,-6.8703,2.4,0.43361,1128.0,19.826,7.2478,72.47800000000001,1.8237475889873476,,,,Sand,,,Sand 4,4,18.8,25.12,-17.36,-23.68
-18.48,19.92,7.3443,0.033262,7.8796,-3.8333,-6.9047,2.4,0.4541,1129.0,19.846,7.3443,73.443,1.8282149350933194,,,,Sand,,,Sand 4,4,18.8,25.12,-17.36,-23.68
-18.5,19.94,7.3964,0.033156,7.8646,-3.8333,-6.8875,2.4,0.4531,1130.0,19.866,7.3964,73.964,1.8250621212637816,,,,Sand,,,Sand 4,4,18.8,25.12,-17.36,-23.68
-18.52,19.96,7.4183,0.033891,7.8566,-3.8167,-6.8875,2.4,0.46361,1131.0,19.886,7.4183,74.183,1.8287407725035199,,,,Sand,,,Sand 4,4,18.8,25.12,-17.36,-23.68
-18.54,19.98,7.3721,0.034565,7.8576,-3.85,-6.8703,2.4,0.47254,1132.0,19.905,7.3721,73.72099999999999,1.8351387614376309,,,,Sand,,,Sand 4,4,18.8,25.12,-17.36,-23.68
-18.56,20.0,7.2982,0.034428,7.8716,-3.8167,-6.9047,2.4,0.46973,1133.0,19.925,7.2982,72.982,1.8377020918754,,,,Sand,,,Sand 4,4,18.8,25.12,-17.36,-23.68
-18.58,20.02,7.208,0.033142,7.8796,-3.8333,-6.9047,2.4,0.45063,1134.0,19.945,7.208,72.08,1.833767367677159,,,,Sand,,,Sand 4,4,18.8,25.12,-17.36,-23.68
-18.599999999999998,20.04,7.1961,0.032191,7.8558,-3.7833,-6.9047,2.4,0.43556,1134.0,19.965,7.1961,71.961,1.8274077056363367,,,,Sand,,,Sand 4,4,18.8,25.12,-17.36,-23.68
-18.619999999999997,20.06,7.2835,0.031877,7.8566,-3.8167,-6.8875,2.4,0.4287,1135.0,19.985,7.2835,72.835,1.8195427542525473,,,,Sand,,,Sand 4,4,18.8,25.12,-17.36,-23.68
-18.639999999999997,20.08,7.4618,0.032297,7.848,-3.7667,-6.9047,2.4,0.43104,1136.0,20.005,7.4618,74.618,1.8113831279990096,,,,Sand,,,Sand 4,4,18.8,25.12,-17.36,-23.68
-18.66,20.1,7.5989,0.033995,7.8408,-3.7833,-6.8875,2.4,0.44953,1137.0,20.024,7.5989,75.989,1.8131246394968819,,,,Sand,,,Sand 4,4,18.8,25.12,-17.36,-23.68
-18.68,20.12,7.7077,0.035799,7.8178,-3.7667,-6.8703,2.4,0.46927,1138.0,20.044,7.7077,77.077,1.8167998439198418,,,,Sand,,,Sand 4,4,18.8,25.12,-17.36,-23.68
-18.7,20.14,7.7312,0.036095,7.7798,-3.75,-6.8358,2.4,0.47021,1139.0,20.064,7.7312,77.31200000000001,1.816074780544454,,,,Sand,,,Sand 4,4,18.8,25.12,-17.36,-23.68
-18.72,20.16,7.7553,0.038918,7.7956,-3.7833,-6.8358,2.4,0.50569,1139.0,20.084,7.7553,77.553,1.8306367467392035,,,,Sand,,,Sand 4,4,18.8,25.12,-17.36,-23.68
-18.74,20.18,7.7644,0.041888,7.8323,-3.7333,-6.9047,2.4,0.54432,1140.0,20.104,7.7644,77.644,1.8465417601941436,,,,Sand,,,Sand 4,4,18.8,25.12,-17.36,-23.68
-18.759999999999998,20.2,7.7264,0.040891,7.7641,-3.7167,-6.8358,2.4,0.5313,1141.0,20.123,7.7264,77.264,1.8429496859802221,,,,Sand,,,Sand 4,4,18.8,25.12,-17.36,-23.68
-18.779999999999998,20.22,7.6659,0.037359,7.7943,-3.7167,-6.8703,2.45,0.48408,1142.0,20.143,7.6659,76.65899999999999,1.8255095279092517,,,,Sand,,,Sand 4,4,18.8,25.12,-17.36,-23.68
-18.799999999999997,20.24,7.6179,0.0373,7.8257,-3.7833,-6.8703,2.45,0.48041,1143.0,20.163,7.6179,76.179,1.8262451879769774,,,,Sand,,,Sand 4,4,18.8,25.12,-17.36,-23.68
-18.82,20.26,7.5943,0.0373,7.8475,-3.7333,-6.922,2.4,0.47633,1144.0,20.183,7.5943,75.943,1.8255924668387475,,,,Sand,,,Sand 4,4,18.8,25.12,-17.36,-23.68
-18.84,20.28,7.7159,0.037302,7.8017,-3.7,-6.8875,2.4,0.47207,1144.0,20.203,7.7159,77.159,1.8176668151278565,,,,Sand,,,Sand 4,4,18.8,25.12,-17.36,-23.68
-18.86,20.3,7.8992,0.037583,7.7865,-3.7,-6.8703,2.4,0.47001,1145.0,20.222,7.8992,78.992,1.8078578348173855,,,,Sand,,,Sand 4,4,18.8,25.12,-17.36,-23.68
-18.88,20.32,8.129,0.038374,7.7865,-3.7,-6.8703,2.4,0.47245,1146.0,20.242,8.129,81.29,1.7981536553560151,,,,Sand,,,Sand 4,4,18.8,25.12,-17.36,-23.68
-18.9,20.34,8.2966,0.038418,7.7714,-3.7,-6.853,2.4,0.4637,1147.0,20.262,8.2966,82.96600000000001,1.7864285398799675,,,,Sand,,,Sand 4,4,18.8,25.12,-17.36,-23.68
-18.919999999999998,20.36,8.2951,0.039906,7.7714,-3.7,-6.853,2.4,0.47199,1148.0,20.282,8.2951,82.95100000000001,1.7903268400957535,,,,Sand,,,Sand 4,4,18.8,25.12,-17.36,-23.68
-18.939999999999998,20.38,8.4223,0.040582,7.7714,-3.7,-6.853,2.4,0.47081,1149.0,20.302,8.4223,84.223,1.7840593340484634,,,,Sand,,,Sand 4,4,18.8,25.12,-17.36,-23.68
-18.959999999999997,20.4,8.6261,0.042388,7.7862,-3.6667,-6.8875,2.4,0.48356,1150.0,20.322,8.6261,86.26099999999998,1.7809423498618986,,,,Sand,,,Sand 4,4,18.8,25.12,-17.36,-23.68
-18.98,20.42,8.8967,0.042314,7.7714,-3.7,-6.853,2.35,0.47562,1150.0,20.341,8.8967,88.96699999999998,1.765735059509723,,,,Sand,,,Sand 4,4,18.8,25.12,-17.36,-23.68
-19.0,20.44,9.0737,0.042173,7.7785,-3.65,-6.8875,2.4,0.46685,1151.0,20.361,9.0737,90.73700000000001,1.7542611991398067,,,,Sand,,,Sand 4,4,18.8,25.12,-17.36,-23.68
-19.02,20.46,9.217,0.043317,7.7632,-3.6167,-6.8875,2.4,0.47292,1152.0,20.381,9.217,92.17,1.7512582630805464,,,,Sand,,,Sand 4,4,18.8,25.12,-17.36,-23.68
-19.04,20.48,9.2993,0.045179,7.7785,-3.65,-6.8875,2.4,0.48756,1153.0,20.401,9.2993,92.99300000000001,1.7547554243195247,,,,Sand,,,Sand 4,4,18.8,25.12,-17.36,-23.68
-19.06,20.5,9.3421,0.046846,7.7633,-3.5833,-6.9047,2.4,0.50122,1154.0,20.421,9.3421,93.421,1.759295002175947,,,,Sand,,,Sand 4,4,18.8,25.12,-17.36,-23.68
-19.08,20.52,9.3915,0.047125,7.748,-3.6167,-6.8703,2.4,0.50037,1154.0,20.44,9.3915,93.915,1.7569573183391625,,,,Sand,,,Sand 4,4,18.8,25.12,-17.36,-23.68
-19.099999999999998,20.54,9.4288,0.047521,7.748,-3.6167,-6.8703,2.4,0.50097,1155.0,20.46,9.4288,94.28800000000001,1.755763135409229,,,,Sand,,,Sand 4,4,18.8,25.12,-17.36,-23.68
-19.119999999999997,20.56,9.4815,0.04769,7.7481,-3.5833,-6.8875,2.4,0.4998,1156.0,20.48,9.4815,94.815,1.7531693295178412,,,,Sand,,,Sand 4,4,18.8,25.12,-17.36,-23.68
-19.139999999999997,20.58,9.5365,0.048806,7.7556,-3.6,-6.8875,2.35,0.50896,1157.0,20.5,9.5365,95.365,1.7551819577114818,,,,Sand,,,Sand 4,4,18.8,25.12,-17.36,-23.68
-19.16,20.6,9.6485,0.050005,7.71,-3.6,-6.8358,2.4,0.51947,1158.0,20.52,9.6485,96.485,1.755591945279328,,,,Sand,,,Sand 4,4,18.8,25.12,-17.36,-23.68
-19.18,20.62,9.7577,0.051312,7.7024,-3.5833,-6.8358,2.4,0.53083,1159.0,20.54,9.7577,97.57700000000001,1.756494451798954,,,,Sand,,,Sand 4,4,18.8,25.12,-17.36,-23.68
-19.2,20.64,9.7487,0.049983,7.748,-3.6167,-6.8703,2.4,0.5145,1160.0,20.559,9.7487,97.487,1.749570685723345,,,,Sand,,,Sand 4,4,18.8,25.12,-17.36,-23.68
-19.22,20.66,9.7224,0.049345,7.7253,-3.5667,-6.8703,2.4,0.50499,1160.0,20.579,9.7224,97.22399999999999,1.7462664546096027,,,,Sand,,,Sand 4,4,18.8,25.12,-17.36,-23.68
-19.24,20.68,9.6847,0.049295,7.7481,-3.5833,-6.8875,2.4,0.50165,1161.0,20.599,9.6847,96.847,1.7461780869477,,,,Sand,,,Sand 4,4,18.8,25.12,-17.36,-23.68
-19.259999999999998,20.7,9.7505,0.049352,7.7558,-3.5667,-6.9047,2.4,0.4997,1162.0,20.619,9.7505,97.505,1.7427874888379986,,,,Sand,,,Sand 4,4,18.8,25.12,-17.36,-23.68
-19.279999999999998,20.72,9.8702,0.049327,7.748,-3.6167,-6.8703,2.4,0.49626,1163.0,20.639,9.8702,98.70200000000001,1.736703015123686,,,,Sand,,,Sand 4,4,18.8,25.12,-17.36,-23.68
-19.299999999999997,20.74,9.9884,0.049578,7.7558,-3.5667,-6.9047,2.4,0.49455,1164.0,20.658,9.9884,99.884,1.731520295238582,,,,Sand,,,Sand 4,4,18.8,25.12,-17.36,-23.68
-19.32,20.76,10.091,0.049,7.7253,-3.5667,-6.8703,2.4,0.48401,1164.0,20.678,10.091,100.91,1.7228204429459495,,,,Sand,,,Sand 4,4,18.8,25.12,-17.36,-23.68
-19.34,20.78,10.155,0.0485,7.7408,-3.5333,-6.9047,2.4,0.47488,1165.0,20.698,10.155,101.55,1.7161492611165066,,,,Sand,,,Sand 4,4,18.8,25.12,-17.36,-23.68
-19.36,20.8,10.256,0.047967,7.71,-3.5667,-6.853,2.4,0.46632,1166.0,20.718,10.256,102.56,1.7083631019243177,,,,Sand,,,Sand 4,4,18.8,25.12,-17.36,-23.68
-19.38,20.82,10.403,0.047944,7.733,-3.55,-6.8875,2.4,0.46353,1167.0,20.738,10.403,104.03,1.701729146876231,,,,Sand,,,Sand 4,4,18.8,25.12,-17.36,-23.68
-19.4,20.84,10.475,0.0479,7.672,-3.55,-6.8185,2.35,0.46078,1168.0,20.758,10.475,104.75,1.697826348392554,,,,Sand,,,Sand 4,4,18.8,25.12,-17.36,-23.68
-19.419999999999998,20.86,10.465,0.048365,7.7177,-3.55,-6.8703,0.25,0.46285,1182.0,20.777,10.465,104.65,1.6991941506356798,,,,Sand,,,Sand 4,4,18.8,25.12,-17.36,-23.68
-19.439999999999998,20.88,10.455,0.047475,7.7483,-3.55,-6.9047,2.0,0.45208,1183.0,20.797,10.455,104.55,1.6942439495358754,,,,Sand,,,Sand 4,4,18.8,25.12,-17.36,-23.68
-19.459999999999997,20.9,10.445,0.0467,7.7255,-3.5333,-6.8875,2.4,0.44293,1184.0,20.817,10.445,104.45,1.6900305329236955,,,,Sand,,,Sand 4,4,18.8,25.12,-17.36,-23.68
-19.48,20.92,10.506,0.047401,7.7106,-3.5,-6.8875,2.35,0.448,1185.0,20.837,10.506,105.06,1.69040202142289,,,,Sand,,,Sand 4,4,18.8,25.12,-17.36,-23.68
-19.5,20.94,10.589,0.050841,7.6949,-3.5333,-6.853,2.4,0.47861,1185.0,20.857,10.589,105.89,1.7024721448477733,,,,Sand,,,Sand 4,4,18.8,25.12,-17.36,-23.68
-19.52,20.96,10.672,0.052169,7.7255,-3.5333,-6.8875,2.4,0.48877,1186.0,20.876,10.672,106.72,1.7044430741848624,,,,Sand,,,Sand 4,4,18.8,25.12,-17.36,-23.68
-19.54,20.98,10.738,0.0539,7.7259,-3.5,-6.9047,2.4,0.50173,1187.0,20.896,10.738,107.38,1.7082759176476163,,,,Sand,,,Sand 4,4,18.8,25.12,-17.36,-23.68
-19.56,21.0,10.774,0.055606,7.6572,-3.4833,-6.8358,2.35,0.51369,1188.0,20.916,10.774,107.74,1.712590006880296,,,,Sand,,,Sand 4,4,18.8,25.12,-17.36,-23.68
-19.58,21.02,10.802,0.057702,7.6572,-3.4833,-6.8358,2.4,0.52876,1189.0,20.936,10.802,108.02,1.7185043020417494,,,,Sand,,,Sand 4,4,18.8,25.12,-17.36,-23.68
-19.599999999999998,21.04,10.862,0.059707,7.7032,-3.4833,-6.8875,2.4,0.54223,1189.0,20.956,10.862,108.62,1.7225216800603058,,,,Sand,,,Sand 4,4,18.8,25.12,-17.36,-23.68
-19.619999999999997,21.06,11.001,0.061933,7.6953,-3.5,-6.8703,2.4,0.55669,1190.0,20.976,11.001,110.01,1.7243014054994006,,,,Sand,,,Sand 4,4,18.8,25.12,-17.36,-23.68
-19.639999999999997,21.08,11.162,0.062103,7.7106,-3.5,-6.8875,2.35,0.5514,1191.0,20.995,11.162,111.62,1.7167516130287728,,,,Sand,,,Sand 4,4,18.8,25.12,-17.36,-23.68
-19.66,21.1,11.289,0.061996,7.6805,-3.4667,-6.8703,2.35,0.54289,1192.0,21.015,11.289,112.89,1.7089002924276195,,,,Sand,,,Sand 4,4,18.8,25.12,-17.36,-23.68
-19.68,21.12,11.464,0.061334,7.6805,-3.4667,-6.8703,2.4,0.52911,1193.0,21.035,11.464,114.64,1.6971303477413502,,,,Sand,,,Sand 4,4,18.8,25.12,-17.36,-23.68
-19.7,21.14,11.648,0.062096,7.6958,-3.4667,-6.8875,2.4,0.52828,1194.0,21.055,11.648,116.48,1.6910065287503446,,,,Sand,,,Sand 4,4,18.8,25.12,-17.36,-23.68
-19.72,21.16,11.874,0.062557,7.6885,-3.45,-6.8875,2.35,0.5258,1195.0,21.075,11.874,118.74,1.6829417028077769,,,,Sand,,,Sand 4,4,18.8,25.12,-17.36,-23.68
-19.74,21.18,12.057,0.064185,7.6504,-3.4333,-6.853,2.4,0.53353,1195.0,21.094,12.057,120.57,1.6810015666740226,,,,Sand,,,Sand 4,4,18.8,25.12,-17.36,-23.68
-19.759999999999998,21.2,12.24,0.065073,7.6651,-3.4667,-6.853,2.35,0.53529,1196.0,21.114,12.24,122.4,1.676409719278744,,,,Sand,,,Sand 4,4,18.8,25.12,-17.36,-23.68
-19.779999999999998,21.22,12.302,0.065657,7.6504,-3.4333,-6.853,2.4,0.53483,1197.0,21.134,12.302,123.02,1.6743894808070594,,,,Sand,,,Sand 4,4,18.8,25.12,-17.36,-23.68
-19.799999999999997,21.24,12.306,0.065477,7.6739,-3.4167,-6.8875,2.4,0.52876,1198.0,21.154,12.306,123.06,1.6714706443676033,,,,Sand,,,Sand 4,4,18.8,25.12,-17.36,-23.68
-19.82,21.26,12.353,0.066071,7.6504,-3.4333,-6.853,2.35,0.52951,1199.0,21.174,12.353,123.53,1.6704519284052801,,,,Sand,,,Sand 4,4,18.8,25.12,-17.36,-23.68
-19.84,21.28,12.474,0.066439,7.6658,-3.4333,-6.8703,2.4,0.52898,1200.0,21.194,12.474,124.74,1.6667146876494894,,,,Sand,,,Sand 4,4,18.8,25.12,-17.36,-23.68
-19.86,21.3,12.607,0.067141,7.6512,-3.4,-6.8703,2.35,0.53108,1200.0,21.213,12.607,126.07,1.6638964799838778,,,,Sand,,,Sand 4,4,18.8,25.12,-17.36,-23.68
-19.88,21.32,12.727,0.067958,7.6504,-3.4333,-6.853,2.4,0.53376,1201.0,21.233,12.727,127.27,1.661757342393286,,,,Sand,,,Sand 4,4,18.8,25.12,-17.36,-23.68
-19.9,21.34,12.814,0.069596,7.6578,-3.45,-6.853,2.35,0.54271,1202.0,21.253,12.814,128.14,1.6634610466266655,,,,Sand,,,Sand 4,4,18.8,25.12,-17.36,-23.68
-19.919999999999998,21.36,12.898,0.070799,7.6585,-3.4167,-6.8703,2.35,0.54788,1203.0,21.273,12.898,128.98,1.6635075009922764,,,,Sand,,,Sand 4,4,18.8,25.12,-17.36,-23.68
-19.939999999999998,21.38,12.962,0.070432,7.6358,-3.4,-6.853,2.4,0.54051,1204.0,21.293,12.962,129.62,1.6583649198055397,,,,Sand,,,Sand 4,4,18.8,25.12,-17.36,-23.68
-19.959999999999997,21.4,13.022,0.070466,7.6504,-3.4333,-6.853,2.35,0.53617,1205.0,21.313,13.022,130.22,1.654712608792824,,,,Sand,,,Sand 4,4,18.8,25.12,-17.36,-23.68
-19.98,21.42,13.089,0.070041,7.6358,-3.4,-6.853,2.4,0.52837,1205.0,21.332,13.089,130.89,1.6492405718794216,,,,Sand,,,Sand 4,4,18.8,25.12,-17.36,-23.68
-20.0,21.44,13.262,0.070234,7.6658,-3.4333,-6.8703,2.35,0.52532,1206.0,21.352,13.262,132.62,1.6431249562897128,,,,Sand,,,Sand 4,4,18.8,25.12,-17.36,-23.68
-20.02,21.46,13.472,0.071131,7.6594,-3.3833,-6.8875,2.35,0.52693,1207.0,21.372,13.472,134.72,1.6382981828527887,,,,Sand,,,Sand 4,4,18.8,25.12,-17.36,-23.68
-20.04,21.48,13.621,0.072663,7.605,-3.4,-6.8185,2.35,0.53245,1208.0,21.392,13.621,136.21,1.637003738928367,,,,Sand,,,Sand 4,4,18.8,25.12,-17.36,-23.68
-20.06,21.5,13.724,0.073723,7.6285,-3.3833,-6.853,2.35,0.53417,1209.0,21.412,13.724,137.24,1.6351465018138434,,,,Sand,,,Sand 4,4,18.8,25.12,-17.36,-23.68
-20.08,21.52,13.808,0.074779,7.6358,-3.4,-6.853,2.35,0.53623,1210.0,21.431,13.808,138.08,1.633958283374958,,,,Sand,,,Sand 4,4,18.8,25.12,-17.36,-23.68
-20.099999999999998,21.54,13.996,0.0753,7.6893,-3.4167,-6.9047,2.35,0.53479,1211.0,21.451,13.996,139.96,1.6285014926705126,,,,Sand,,,Sand 4,4,18.8,25.12,-17.36,-23.68
-20.119999999999997,21.56,14.202,0.076043,7.5986,-3.35,-6.8358,2.35,0.53514,1211.0,21.471,14.202,142.02,1.6235126282996017,,,,Sand,,,Sand 4,4,18.8,25.12,-17.36,-23.68
-20.139999999999997,21.58,14.326,0.077099,7.6213,-3.3667,-6.853,2.3,0.53801,1212.0,21.491,14.326,143.26,1.6218106983162064,,,,Sand,,,Sand 4,4,18.8,25.12,-17.36,-23.68
-20.16,21.6,14.412,0.07752,7.6367,-3.3667,-6.8703,2.35,0.53687,1213.0,21.511,14.412,144.12,1.6191650502568016,,,,Sand,,,Sand 4,4,18.8,25.12,-17.36,-23.68
-20.18,21.62,14.552,0.078154,7.6439,-3.3833,-6.8703,2.3,0.53811,1214.0,21.531,14.552,145.52,1.616356050754928,,,,Sand,,,Sand 4,4,18.8,25.12,-17.36,-23.68
-20.2,21.64,14.658,0.07958,7.6676,-3.3667,-6.9047,2.3,0.54555,1215.0,21.55,14.658,146.58,1.617329131048182,,,,Sand,,,Sand 4,4,18.8,25.12,-17.36,-23.68
-20.22,21.66,14.688,0.082213,7.6069,-3.3333,-6.853,2.35,0.56108,1216.0,21.57,14.688,146.88,1.623858164913547,,,,Sand,,,Sand 4,4,18.8,25.12,-17.36,-23.68
-20.24,21.68,14.681,0.086795,7.6058,-3.3667,-6.8358,2.35,0.58824,1217.0,21.59,14.681,146.81,1.636356953308785,,,,Sand,,,Sand 4,4,18.8,25.12,-17.36,-23.68
-20.259999999999998,21.7,14.671,0.083919,7.645,-3.35,-6.8875,2.35,0.56312,1218.0,21.61,14.671,146.71,1.6252025958514265,,,,Sand,,,Sand 4,4,18.8,25.12,-17.36,-23.68
-20.279999999999998,21.72,14.71,0.081941,7.6141,-3.35,-6.853,2.35,0.54339,1218.0,21.63,14.71,147.1,1.615069967096257,,,,Sand,,,Sand 4,4,18.8,25.12,-17.36,-23.68
-20.299999999999997,21.74,14.85,0.082037,7.6378,-3.3333,-6.8875,2.35,0.53684,1219.0,21.649,14.85,148.5,1.6086390128991352,,,,Sand,,,Sand 4,4,18.8,25.12,-17.36,-23.68
-20.32,21.76,15.233,0.082785,7.6462,-3.3167,-6.9047,2.3,0.53353,1220.0,21.669,15.233,152.33,1.5981336598784701,,,,Sand,,,Sand 4,4,18.8,25.12,-17.36,-23.68
-20.34,21.78,15.73,0.082695,7.6533,-3.3333,-6.9047,2.35,0.52361,1221.0,21.689,15.73,157.3,1.5820732102261572,,,,Sand,,,Sand 4,4,18.8,25.12,-17.36,-23.68
-20.36,21.8,16.074,0.080237,7.6902,-3.3833,-6.922,2.3,0.49964,1222.0,21.709,16.074,160.74,1.562470378896934,,,,Sand,,,Sand 4,4,18.8,25.12,-17.36,-23.68
-20.38,21.82,16.303,0.082583,7.6546,-3.3,-6.922,2.35,0.50457,1223.0,21.729,16.303,163.03,1.5600240148799331,,,,Sand,,,Sand 4,4,18.8,25.12,-17.36,-23.68
-20.4,21.84,16.559,0.088212,7.6391,-3.3,-6.9047,2.3,0.53013,1223.0,21.749,16.559,165.59,1.5674098858517074,,,,Sand,,,Sand 4,4,18.8,25.12,-17.36,-23.68
-20.419999999999998,21.86,16.888,0.091511,7.5926,-3.3,-6.853,2.3,0.54313,1224.0,21.768,16.888,168.88,1.566988554656729,,,,Sand,,,Sand 4,4,18.8,25.12,-17.36,-23.68
-20.439999999999998,21.88,16.835,0.095001,7.6321,-3.2833,-6.9047,2.1,0.55772,1239.0,21.788,16.835,168.35,1.5751082847911824,,,,Sand,,,Sand 4,4,18.8,25.12,-17.36,-23.68
-20.459999999999997,21.9,17.314,0.096872,7.6081,-3.3,-6.8703,2.3,0.56131,1240.0,21.808,17.314,173.14,1.5672265182633538,,,,Sand,,,Sand 4,4,18.8,25.12,-17.36,-23.68
-20.48,21.92,17.413,0.10032,7.5714,-3.25,-6.853,2.3,0.57234,1241.0,21.828,17.413,174.13,1.5705283329989035,,,,Sand,,,Sand 4,4,18.8,25.12,-17.36,-23.68
-20.5,21.94,17.404,0.10317,7.5404,-3.25,-6.8185,2.3,0.58045,1241.0,21.848,17.404,174.04,1.5745148173353358,,,,Sand,,,Sand 4,4,18.8,25.12,-17.36,-23.68
-20.52,21.96,17.555,0.1065,7.594,-3.2667,-6.8703,2.3,0.59105,1242.0,21.868,17.555,175.55,1.5765189225592988,,,,Sand,,,Sand 4,4,18.8,25.12,-17.36,-23.68
-20.54,21.98,18.098,0.1093,7.6111,-3.2333,-6.9047,2.3,0.60128,1243.0,21.887,18.098,180.98,1.570985031872016,,,,Sand,,,Sand 4,4,18.8,25.12,-17.36,-23.68
-20.56,22.0,18.719,0.11003,7.58,-3.2333,-6.8703,2.3,0.60164,1244.0,21.907,18.719,187.19,1.5598720169627502,,,,Sand,,,Sand 4,4,18.8,25.12,-17.36,-23.68
-20.58,22.02,18.854,0.11041,7.5785,-3.2667,-6.853,2.25,0.60111,1245.0,21.927,18.854,188.54,1.557231450772683,,,,Sand,,,Sand 4,4,18.8,25.12,-17.36,-23.68
-20.599999999999998,22.04,18.794,0.11171,7.5785,-3.2667,-6.853,2.3,0.60703,1246.0,21.947,18.794,187.94,1.5610255074474308,,,,Sand,,,Sand 4,4,18.8,25.12,-17.36,-23.68
-20.619999999999997,22.06,18.586,0.11514,7.5886,-3.2167,-6.8875,2.3,0.62797,1247.0,21.967,18.586,185.86,1.574215366887984,,,,Sand,,,Sand 4,4,18.8,25.12,-17.36,-23.68
-20.639999999999997,22.08,18.301,0.11879,7.5817,-3.2,-6.8875,2.3,0.65383,1248.0,21.987,18.301,183.01,1.590693088026836,,,,Sand,,,Sand 4,4,18.8,25.12,-17.36,-23.68
-20.66,22.1,18.029,0.1212,7.4968,-3.1833,-6.8013,2.3,0.67383,1249.0,22.006,18.029,180.29,1.6041579357622977,,,,Sand,,,Sand 4,4,18.8,25.12,-17.36,-23.68
-20.68,22.12,17.842,0.11661,7.528,-3.1833,-6.8358,2.3,0.65389,1249.0,22.026,17.842,178.42,1.5991090748117776,,,,Sand,,,Sand 4,4,18.8,25.12,-17.36,-23.68
-20.7,22.14,17.556,0.11225,7.5505,-3.2,-6.853,2.3,0.63413,1250.0,22.046,17.556,175.56,1.595895095068688,,,,Sand,,,Sand 4,4,18.8,25.12,-17.36,-23.68
-20.72,22.16,17.379,0.10896,7.573,-3.2167,-6.8703,2.3,0.61964,1251.0,22.066,17.379,173.79,1.5928795593410578,,,,Sand,,,Sand 4,4,18.8,25.12,-17.36,-23.68
-20.74,22.18,17.402,0.10517,7.5904,-3.1833,-6.9047,2.3,0.60102,1252.0,22.086,17.402,174.02,1.5840471891884573,,,,Sand,,,Sand 4,4,18.8,25.12,-17.36,-23.68
-20.759999999999998,22.2,17.573,0.099782,7.5836,-3.1667,-6.9047,2.3,0.57267,1253.0,22.105,17.573,175.73,1.5675776299950972,,,,Sand,,,Sand 4,4,18.8,25.12,-17.36,-23.68
-20.779999999999998,22.22,17.525,0.094557,7.5679,-3.1667,-6.8875,2.3,0.54421,1254.0,22.125,17.525,175.25,1.554800396243136,,,,Sand,,,Sand 4,4,18.8,25.12,-17.36,-23.68
-20.799999999999997,22.24,17.366,0.093527,7.5748,-3.1833,-6.8875,2.3,0.53927,1255.0,22.145,17.366,173.66,1.5554979101317592,,,,Sand,,,Sand 4,4,18.8,25.12,-17.36,-23.68
-20.82,22.26,17.34,0.092074,7.5886,-3.2167,-6.8875,2.3,0.53166,1255.0,22.165,17.34,173.4,1.5522447527230003,,,,Sand,,,Sand 4,4,18.8,25.12,-17.36,-23.68
-20.84,22.28,17.249,0.090228,7.57,-3.1333,-6.9047,2.3,0.52196,1256.0,22.185,17.249,172.49,1.5492045651086608,,,,Sand,,,Sand 4,4,18.8,25.12,-17.36,-23.68
-20.86,22.3,17.168,0.087753,7.5679,-3.1667,-6.8875,2.3,0.50818,1257.0,22.205,17.168,171.68,1.5438348182558566,,,,Sand,,,Sand 4,4,18.8,25.12,-17.36,-23.68
-20.88,22.32,17.121,0.085685,7.5836,-3.1667,-6.9047,2.35,0.49649,1258.0,22.224,17.121,171.21,1.5387502310073626,,,,Sand,,,Sand 4,4,18.8,25.12,-17.36,-23.68
-20.9,22.34,17.205,0.083832,7.606,-3.1833,-6.922,2.3,0.48656,1259.0,22.244,17.205,172.05,1.531830548658461,,,,Sand,,,Sand 4,4,18.8,25.12,-17.36,-23.68
-20.919999999999998,22.36,17.317,0.080336,7.6267,-3.2333,-6.922,2.3,0.4683,1260.0,22.264,17.317,173.17,1.5197673743956093,,,,Sand,,,Sand 4,4,18.8,25.12,-17.36,-23.68
-20.939999999999998,22.38,17.379,0.074506,7.5973,-3.2,-6.9047,2.3,0.4384,1261.0,22.284,17.379,173.79,1.5018854387255356,,,,Sand,,,Sand 4,4,18.8,25.12,-17.36,-23.68
-20.959999999999997,22.4,17.288,0.071322,7.6441,-3.2,-6.9565,2.3,0.42618,1262.0,22.304,17.288,172.88,1.4967502690137942,,,,Sand,,,Sand 4,4,18.8,25.12,-17.36,-23.68
-20.98,22.42,17.11,0.070691,7.6598,-3.2,-6.9737,2.3,0.43155,1262.0,22.324,17.11,171.1,1.503538744657508,,,,Sand,,,Sand 4,4,18.8,25.12,-17.36,-23.68
-21.0,22.44,16.652,0.070653,7.5904,-3.1833,-6.9047,2.3,0.44227,1263.0,22.343,16.652,166.52,1.5192929145451766,,,,Sand,,,Sand 4,4,18.8,25.12,-17.36,-23.68
-21.02,22.46,15.889,0.071728,7.5817,-3.2,-6.8875,2.3,0.46173,1264.0,22.363,15.889,158.89,1.5466926734539392,,,,Sand,,,Sand 4,4,18.8,25.12,-17.36,-23.68
-21.04,22.48,15.04,0.071501,7.5349,-3.2,-6.8358,2.35,0.47373,1265.0,22.383,15.04,150.4,1.5726359173975706,,,,Sand,,,Sand 4,4,18.8,25.12,-17.36,-23.68
-21.06,22.5,14.37,0.070448,7.5644,-3.2333,-6.853,2.35,0.48023,1266.0,22.403,14.37,143.7,1.592287835946082,,,,Sand,,,Sand 4,4,18.8,25.12,-17.36,-23.68
-21.08,22.52,14.073,0.068486,7.5419,-3.2167,-6.8358,2.35,0.47904,1267.0,22.423,14.073,140.73,1.5991657472410348,,,,Sand,,,Sand 4,4,18.8,25.12,-17.36,-23.68
-21.099999999999998,22.54,13.855,0.067336,7.5679,-3.1667,-6.8875,2.35,0.48048,1268.0,22.442,13.855,138.55,1.605505398384935,,,,Sand,,,Sand 4,4,18.8,25.12,-17.36,-23.68
-21.119999999999997,22.56,13.755,0.067705,7.5436,-3.1833,-6.853,2.35,0.48954,1268.0,22.462,13.755,137.55,1.6126722316262132,,,,Sand,,,Sand 4,4,18.8,25.12,-17.36,-23.68
-21.139999999999997,22.58,13.722,0.068147,7.5523,-3.1667,-6.8703,2.35,0.49668,1269.0,22.482,13.722,137.22,1.6170877575675957,,,,Sand,,,Sand 4,4,18.8,25.12,-17.36,-23.68
-21.16,22.6,13.666,0.068041,7.5349,-3.2,-6.8358,2.35,0.49874,1270.0,22.502,13.666,136.66,1.6195696584061565,,,,Sand,,,Sand 4,4,18.8,25.12,-17.36,-23.68
-21.18,22.62,13.634,0.068661,7.5319,-3.1167,-6.8703,2.35,0.50528,1271.0,22.522,13.634,136.34,1.6236201876131933,,,,Sand,,,Sand 4,4,18.8,25.12,-17.36,-23.68
-21.2,22.64,13.568,0.069986,7.5592,-3.1833,-6.8703,2.4,0.51679,1272.0,22.542,13.568,135.68,1.6309319739597816,,,,Sand,,,Sand 4,4,18.8,25.12,-17.36,-23.68
-21.22,22.66,13.491,0.070915,7.5679,-3.1667,-6.8875,2.35,0.52552,1273.0,22.561,13.491,134.91,1.6371285336491515,,,,Sand,,,Sand 4,4,18.8,25.12,-17.36,-23.68
-21.24,22.68,13.449,0.07071,7.5367,-3.1667,-6.853,2.35,0.5257,1274.0,22.581,13.449,134.49,1.638322457488912,,,,Sand,,,Sand 4,4,18.8,25.12,-17.36,-23.68
-21.259999999999998,22.7,13.426,0.070382,7.5074,-3.1333,-6.8358,2.35,0.52465,1274.0,22.601,13.426,134.26,1.6384328559809371,,,,Sand,,,Sand 4,4,18.8,25.12,-17.36,-23.68
-21.279999999999998,22.72,13.383,0.070691,7.5162,-3.1167,-6.853,2.4,0.52782,1275.0,22.621,13.383,133.83,1.6410752940119682,,,,Sand,,,Sand 4,4,18.8,25.12,-17.36,-23.68
-21.299999999999997,22.74,13.336,0.070898,7.5095,-3.1,-6.853,2.35,0.52939,1276.0,22.641,13.336,133.36,1.643066890603757,,,,Sand,,,Sand 4,4,18.8,25.12,-17.36,-23.68
-21.32,22.76,13.319,0.070713,7.483,-3.15,-6.8013,2.35,0.5272,1277.0,22.661,13.319,133.19,1.642487224147014,,,,Sand,,,Sand 4,4,18.8,25.12,-17.36,-23.68
-21.34,22.78,13.349,0.070259,7.5006,-3.1167,-6.8358,2.35,0.52239,1278.0,22.68,13.349,133.49,1.639406129349413,,,,Sand,,,Sand 4,4,18.8,25.12,-17.36,-23.68
-21.36,22.8,13.391,0.067946,7.4579,-3.05,-6.8185,2.35,0.50516,1279.0,22.7,13.391,133.91,1.6299915104518798,,,,Sand,,,Sand 4,4,18.8,25.12,-17.36,-23.68
-21.38,22.82,13.486,0.067613,7.5074,-3.1333,-6.8358,2.35,0.50035,1279.0,22.72,13.486,134.86,1.6251085096501603,,,,Sand,,,Sand 4,4,18.8,25.12,-17.36,-23.68
-21.4,22.84,13.614,0.068146,7.4646,-3.0667,-6.8185,2.35,0.50063,1280.0,22.74,13.614,136.14,1.6218647792271799,,,,Sand,,,Sand 4,4,18.8,25.12,-17.36,-23.68
-21.419999999999998,22.86,13.718,0.069548,7.44,-3.0833,-6.784,2.25,0.50647,1281.0,22.76,13.718,137.18,1.6220090651255636,,,,Sand,,,Sand 4,4,18.8,25.12,-17.36,-23.68
-21.439999999999998,22.88,13.39,0.071443,7.4625,-3.1,-6.8013,1.75,0.51465,1295.0,22.78,13.39,133.9,1.6346109573213525,,,,Sand,,,Sand 4,4,18.8,25.12,-17.36,-23.68
-21.459999999999997,22.9,13.839,0.074488,7.4176,-3.0667,-6.7668,2.3,0.52992,1296.0,22.799,13.839,138.39,1.6301827518816594,,,,Sand,,,Sand 4,4,18.8,25.12,-17.36,-23.68
-21.48,22.92,14.111,0.07657,7.3999,-3.1,-6.7323,2.35,0.53728,1297.0,22.819,14.111,141.11,1.62679099664764,,,,Sand,,,Sand 4,4,18.8,25.12,-17.36,-23.68
-21.5,22.94,14.307,0.079254,7.44,-3.0833,-6.784,2.35,0.54771,1298.0,22.839,14.307,143.07,1.6268380160654106,,,,Sand,,,Sand 4,4,18.8,25.12,-17.36,-23.68
-21.52,22.96,14.591,0.081042,7.4108,-3.05,-6.7668,2.3,0.54909,1299.0,22.859,14.591,145.91,1.6205954307996868,,,,Sand,,,Sand 4,4,18.8,25.12,-17.36,-23.68
-21.54,22.98,14.882,0.083252,7.3795,-3.05,-6.7323,2.3,0.5542,1300.0,22.879,14.882,148.82,1.6160881369996551,,,,Sand,,,Sand 4,4,18.8,25.12,-17.36,-23.68
-21.56,23.0,15.173,0.083041,7.4355,-3.0333,-6.8013,2.35,0.54319,1301.0,22.899,15.173,151.73,1.6041414097242108,,,,Sand,,,Sand 4,4,18.8,25.12,-17.36,-23.68
-21.58,23.02,15.468,0.079604,7.4222,-3.0,-6.8013,2.3,0.5119,1302.0,22.918,15.468,154.68,1.5821611380771974,,,,Sand,,,Sand 4,4,18.8,25.12,-17.36,-23.68
-21.599999999999998,23.04,15.703,0.077456,7.3842,-2.9833,-6.7668,2.35,0.4925,1302.0,22.938,15.703,157.03,1.5670371388933442,,,,Sand,,,Sand 4,4,18.8,25.12,-17.36,-23.68
-21.619999999999997,23.06,15.939,0.076631,7.3618,-2.9667,-6.7496,2.35,0.48554,1303.0,22.958,15.939,159.39,1.5581715930667002,,,,Sand,,,Sand 4,4,18.8,25.12,-17.36,-23.68
-21.639999999999997,23.08,16.236,0.075403,7.4289,-3.0167,-6.8013,2.3,0.47892,1304.0,22.978,16.236,162.36,1.5481816637811063,,,,Sand,,,Sand 4,4,18.8,25.12,-17.36,-23.68
-21.66,23.1,16.412,0.073636,7.3684,-2.9833,-6.7496,2.35,0.47037,1305.0,22.998,16.412,164.12,1.5398272975848584,,,,Sand,,,Sand 4,4,18.8,25.12,-17.36,-23.68
-21.68,23.12,16.005,0.071642,7.3684,-2.9833,-6.7496,2.35,0.46125,1306.0,23.018,16.005,160.04999999999998,1.5438433242640963,,,,Sand,,,Sand 4,4,18.8,25.12,-17.36,-23.68
-21.7,23.14,15.326,0.064246,7.3618,-2.9667,-6.7496,2.3,0.41763,1307.0,23.037,15.326,153.26,1.5352699359655346,,,,Sand,,,Sand 4,4,18.8,25.12,-17.36,-23.68
-21.72,23.16,14.866,0.0624,7.3618,-2.9667,-6.7496,2.3,0.41026,1308.0,23.057,14.866,148.66,1.5421697929820204,,,,Sand,,,Sand 4,4,18.8,25.12,-17.36,-23.68
-21.74,23.18,14.753,0.0606,7.3303,-2.9667,-6.7151,2.35,0.40434,1308.0,23.077,14.753,147.53,1.5415649452710223,,,,Sand,,,Sand 4,4,18.8,25.12,-17.36,-23.68
-21.759999999999998,23.2,14.72,0.058774,7.3395,-2.95,-6.7323,2.35,0.39851,1309.0,23.097,14.72,147.2,1.5390141621333542,,,,Sand,,,Sand 4,4,18.8,25.12,-17.36,-23.68
-21.779999999999998,23.22,14.752,0.058921,7.337,-2.9833,-6.7151,2.3,0.4057,1310.0,23.117,14.752,147.52,1.542372362811253,,,,Sand,,,Sand 4,4,18.8,25.12,-17.36,-23.68
-21.799999999999997,23.24,14.846,0.060832,7.2541,-2.9333,-6.6461,2.3,0.42519,1311.0,23.137,14.846,148.46,1.5510999913258938,,,,Sand,,,Sand 4,4,18.8,25.12,-17.36,-23.68
-21.82,23.26,14.633,0.062689,7.2831,-2.9667,-6.6634,2.35,0.44575,1312.0,23.156,14.633,146.33,1.5676334987856984,,,,Sand,,,Sand 4,4,18.8,25.12,-17.36,-23.68
-21.84,23.28,14.092,0.066049,7.2567,-2.9,-6.6634,2.4,0.47863,1313.0,23.176,14.092,140.92,1.5984721297502045,,,,Sand,,,Sand 4,4,18.8,25.12,-17.36,-23.68
-21.86,23.3,13.525,0.06672,7.2502,-2.8833,-6.6634,2.35,0.49383,1313.0,23.196,13.525,135.25,1.6208569315921775,,,,Sand,,,Sand 4,4,18.8,25.12,-17.36,-23.68
-21.88,23.32,13.136,0.067618,7.2818,-2.8833,-6.6978,2.35,0.51201,1314.0,23.216,13.136,131.36,1.6401860594320596,,,,Sand,,,Sand 4,4,18.8,25.12,-17.36,-23.68
-21.9,23.34,12.808,0.068106,7.2699,-2.9333,-6.6634,2.4,0.52803,1315.0,23.236,12.808,128.08,1.6568229802999395,,,,Sand,,,Sand 4,4,18.8,25.12,-17.36,-23.68
-21.919999999999998,23.36,12.607,0.067224,7.2409,-2.9,-6.6461,2.35,0.5335,1316.0,23.256,12.607,126.07,1.6650188551932552,,,,Sand,,,Sand 4,4,18.8,25.12,-17.36,-23.68
-21.939999999999998,23.38,12.441,0.067204,7.2502,-2.8833,-6.6634,2.4,0.5473,1317.0,23.275,12.441,124.41,1.6760724872984292,,,,Sand,,,Sand 4,4,18.8,25.12,-17.36,-23.68
-21.959999999999997,23.4,12.409,0.06559,7.266,-2.8833,-6.6806,2.35,0.54977,1318.0,23.295,12.409,124.09,1.6781084776773354,,,,Sand,,,Sand 4,4,18.8,25.12,-17.36,-23.68
-21.98,23.42,12.167,0.064076,7.279,-2.9167,-6.6806,2.35,0.55342,1319.0,23.315,12.167,121.67,1.6867695042649962,,,,Sand,,,Sand 4,4,18.8,25.12,-17.36,-23.68
-22.0,23.44,11.712,0.060382,7.2948,-2.9167,-6.6978,2.4,0.53753,1319.0,23.335,11.712,117.12,1.6932513700588014,,,,Sand,,,Sand 4,4,18.8,25.12,-17.36,-23.68
-22.02,23.46,10.953,0.056362,7.3292,-2.8833,-6.7496,2.4,0.51716,1320.0,23.355,10.953,109.53,1.7081835648378731,,,,Sand,,,Sand 4,4,18.8,25.12,-17.36,-23.68
-22.04,23.48,10.346,0.053824,7.3487,-2.9333,-6.7496,2.4,0.50892,1321.0,23.375,10.346,103.46,1.725214909037511,,,,Sand,,,Sand 4,4,18.8,25.12,-17.36,-23.68
-22.06,23.5,9.9888,0.049755,7.3264,-2.9167,-6.7323,2.4,0.48303,1322.0,23.394,9.9888,99.88799999999999,1.7261228997870304,,,,Sand,,,Sand 4,4,18.8,25.12,-17.36,-23.68
-22.08,23.52,9.8465,0.045116,7.3014,-2.9333,-6.6978,2.4,0.44671,1323.0,23.414,9.8465,98.465,1.7139548025001434,,,,Sand,,,Sand 4,4,18.8,25.12,-17.36,-23.68
-22.099999999999998,23.54,9.763,0.043902,7.2976,-2.8833,-6.7151,2.4,0.43844,1324.0,23.434,9.763,97.63,1.7130448846561632,,,,Sand,,,Sand 4,4,18.8,25.12,-17.36,-23.68
-22.119999999999997,23.56,9.8306,0.044138,7.2856,-2.9333,-6.6806,2.4,0.44008,1324.0,23.454,9.8306,98.306,1.7112734033192671,,,,Sand,,,Sand 4,4,18.8,25.12,-17.36,-23.68
-22.139999999999997,23.58,9.9645,0.044835,7.2409,-2.9,-6.6461,2.4,0.44328,1325.0,23.474,9.9645,99.645,1.7077980486755084,,,,Sand,,,Sand 4,4,18.8,25.12,-17.36,-23.68
-22.16,23.6,10.103,0.043838,7.2252,-2.9,-6.6289,2.35,0.4285,1326.0,23.494,10.103,101.03,1.6951861190492246,,,,Sand,,,Sand 4,4,18.8,25.12,-17.36,-23.68
-22.18,23.62,10.263,0.043271,7.2883,-2.9,-6.6978,2.35,0.41839,1327.0,23.514,10.263,102.63,1.6840842202910922,,,,Sand,,,Sand 4,4,18.8,25.12,-17.36,-23.68
-22.2,23.64,10.476,0.044506,7.3041,-2.9,-6.7151,2.4,0.42702,1328.0,23.533,10.476,104.76,1.6808317245898585,,,,Sand,,,Sand 4,4,18.8,25.12,-17.36,-23.68
-22.22,23.66,10.668,0.047562,7.2753,-2.8667,-6.6978,2.4,0.45512,1329.0,23.553,10.668,106.68,1.688262345537807,,,,Sand,,,Sand 4,4,18.8,25.12,-17.36,-23.68
-22.24,23.68,10.775,0.05138,7.2689,-2.85,-6.6978,2.4,0.49296,1329.0,23.573,10.775,107.75,1.702900245204953,,,,Sand,,,Sand 4,4,18.8,25.12,-17.36,-23.68
-22.259999999999998,23.7,10.656,0.054337,7.2466,-2.8333,-6.6806,2.35,0.5251,1330.0,23.593,10.656,106.56,1.7217983362489713,,,,Sand,,,Sand 4,4,18.8,25.12,-17.36,-23.68
-22.279999999999998,23.72,10.473,0.054177,7.2466,-2.8333,-6.6806,2.4,0.5289,1331.0,23.613,10.473,104.73,1.7298114035228511,,,,Sand,,,Sand 4,4,18.8,25.12,-17.36,-23.68
-22.299999999999997,23.74,10.187,0.052935,7.2466,-2.8333,-6.6806,2.4,0.52303,1332.0,23.633,10.187,101.87,1.7372797073654112,,,,Sand,,,Sand 4,4,18.8,25.12,-17.36,-23.68
-22.32,23.76,9.884,0.051395,7.2689,-2.85,-6.6978,2.4,0.51425,1333.0,23.652,9.884,98.84,1.7443935934399246,,,,Sand,,,Sand 4,4,18.8,25.12,-17.36,-23.68
-22.34,23.78,9.664,0.050279,7.3006,-2.85,-6.7323,2.4,0.50844,1334.0,23.672,9.664,96.64,1.7500511332250754,,,,Sand,,,Sand 4,4,18.8,25.12,-17.36,-23.68
-22.36,23.8,9.6394,0.045254,7.2403,-2.8167,-6.6806,2.4,0.46361,1334.0,23.692,9.6394,96.39399999999999,1.7301196987216692,,,,Sand,,,Sand 4,4,18.8,25.12,-17.36,-23.68
-22.38,23.82,9.6884,0.041886,7.272,-2.8167,-6.7151,2.4,0.43242,1335.0,23.712,9.6884,96.884,1.7129164129613255,,,,Sand,,,Sand 4,4,18.8,25.12,-17.36,-23.68
-22.4,23.84,9.761,0.041198,7.2244,-2.8167,-6.6634,2.4,0.42717,1336.0,23.732,9.761,97.61,1.7074597262797433,,,,Sand,,,Sand 4,4,18.8,25.12,-17.36,-23.68
-22.419999999999998,23.86,9.8141,0.04003,7.2244,-2.8167,-6.6634,2.4,0.41576,1337.0,23.752,9.8141,98.141,1.69958321024296,,,,Sand,,,Sand 4,4,18.8,25.12,-17.36,-23.68
-22.439999999999998,23.88,9.452,0.039858,7.1799,-2.7833,-6.6289,1.55,0.41482,1351.0,23.771,9.452,94.52,1.713320818728606,,,,Sand,,,Sand 4,4,18.8,25.12,-17.36,-23.68
-22.459999999999997,23.9,9.5878,0.040413,7.2403,-2.8167,-6.6806,2.35,0.42221,1352.0,23.791,9.5878,95.87799999999999,1.7116947467204944,,,,Sand,,,Sand 4,4,18.8,25.12,-17.36,-23.68
-22.48,23.92,9.5492,0.042239,7.2308,-2.8333,-6.6634,2.4,0.44361,1353.0,23.811,9.5492,95.492,1.7239169570533592,,,,Sand,,,Sand 4,4,18.8,25.12,-17.36,-23.68
-22.5,23.94,9.5334,0.044169,7.2022,-2.8,-6.6461,2.4,0.46631,1354.0,23.831,9.5334,95.334,1.7355358969936139,,,,Sand,,,Sand 4,4,18.8,25.12,-17.36,-23.68
-22.52,23.96,9.4808,0.044214,7.2435,-2.7833,-6.6978,2.35,0.46653,1354.0,23.851,9.4808,94.808,1.737705038050461,,,,Sand,,,Sand 4,4,18.8,25.12,-17.36,-23.68
-22.54,23.98,9.3946,0.044141,7.2339,-2.8,-6.6806,2.4,0.4659,1355.0,23.871,9.3946,93.946,1.74081513758225,,,,Sand,,,Sand 4,4,18.8,25.12,-17.36,-23.68
-22.56,24.0,9.3623,0.044106,7.2561,-2.8167,-6.6978,2.4,0.46489,1356.0,23.89,9.3623,93.62299999999999,1.7416212667644577,,,,Sand,,,Sand 4,4,18.8,25.12,-17.36,-23.68
-22.58,24.02,9.4171,0.045,7.218,-2.8,-6.6634,2.4,0.47285,1357.0,23.91,9.4171,94.171,1.7432136267072402,,,,Sand,,,Sand 4,4,18.8,25.12,-17.36,-23.68
-22.599999999999998,24.04,9.4921,0.044539,7.218,-2.8,-6.6634,2.4,0.46577,1358.0,23.93,9.4921,94.921,1.7368983632684254,,,,Sand,,,Sand 4,4,18.8,25.12,-17.36,-23.68
-22.619999999999997,24.06,9.5641,0.043303,7.2213,-2.7667,-6.6806,2.4,0.45014,1359.0,23.95,9.5641,95.641,1.726533235692237,,,,Sand,,,Sand 4,4,18.8,25.12,-17.36,-23.68
-22.639999999999997,24.08,9.6546,0.043465,7.2022,-2.8,-6.6461,2.4,0.44881,1360.0,23.97,9.6546,96.546,1.722355158174467,,,,Sand,,,Sand 4,4,18.8,25.12,-17.36,-23.68
-22.66,24.1,9.7678,0.045378,7.1958,-2.7833,-6.6461,2.4,0.46541,1360.0,23.99,9.7678,97.678,1.72605153008293,,,,Sand,,,Sand 4,4,18.8,25.12,-17.36,-23.68
-22.68,24.12,9.8457,0.046057,7.1799,-2.7833,-6.6289,2.4,0.46913,1361.0,24.01,9.8457,98.45700000000001,1.7248780211520114,,,,Sand,,,Sand 4,4,18.8,25.12,-17.36,-23.68
-22.7,24.14,9.8553,0.045926,7.1895,-2.7667,-6.6461,2.4,0.46483,1362.0,24.029,9.8553,98.553,1.7224522120236636,,,,Sand,,,Sand 4,4,18.8,25.12,-17.36,-23.68
-22.72,24.16,9.8791,0.045493,7.2244,-2.8167,-6.6634,2.35,0.45797,1363.0,24.049,9.8791,98.79099999999998,1.71823533819948,,,,Sand,,,Sand 4,4,18.8,25.12,-17.36,-23.68
-22.74,24.18,9.9433,0.045637,7.2054,-2.7667,-6.6634,2.35,0.45772,1364.0,24.069,9.9433,99.433,1.715698827748396,,,,Sand,,,Sand 4,4,18.8,25.12,-17.36,-23.68
-22.759999999999998,24.2,10.03,0.045591,7.1832,-2.75,-6.6461,2.4,0.45648,1364.0,24.089,10.03,100.3,1.7118585138105462,,,,Sand,,,Sand 4,4,18.8,25.12,-17.36,-23.68
-22.779999999999998,24.22,10.066,0.046229,7.177,-2.7333,-6.6461,2.4,0.46213,1365.0,24.109,10.066,100.66,1.7132765166624386,,,,Sand,,,Sand 4,4,18.8,25.12,-17.36,-23.68
-22.799999999999997,24.24,10.082,0.04928,7.1895,-2.7667,-6.6461,2.4,0.49088,1366.0,24.129,10.082,100.82,1.7263723143150775,,,,Sand,,,Sand 4,4,18.8,25.12,-17.36,-23.68
-22.82,24.26,10.062,0.049946,7.1895,-2.7667,-6.6461,2.4,0.49433,1367.0,24.148,10.062,100.62,1.7287111796931585,,,,Sand,,,Sand 4,4,18.8,25.12,-17.36,-23.68
-22.84,24.28,9.9827,0.050108,7.1577,-2.7667,-6.6116,2.4,0.49176,1368.0,24.168,9.9827,99.82699999999998,1.7304349987492582,,,,Sand,,,Sand 4,4,18.8,25.12,-17.36,-23.68
-22.86,24.3,9.9818,0.04982,7.1673,-2.75,-6.6289,2.4,0.48413,1369.0,24.188,9.9818,99.818,1.7268997594076956,,,,Sand,,,Sand 4,4,18.8,25.12,-17.36,-23.68
-22.88,24.32,10.164,0.050773,7.1832,-2.75,-6.6461,2.4,0.48757,1369.0,24.208,10.164,101.64,1.7218336066592976,,,,Sand,,,Sand 4,4,18.8,25.12,-17.36,-23.68
-22.9,24.34,10.461,0.051966,7.2088,-2.7333,-6.6806,2.4,0.49243,1370.0,24.228,10.461,104.61,1.7135082108944721,,,,Sand,,,Sand 4,4,18.8,25.12,-17.36,-23.68
-22.919999999999998,24.36,10.717,0.05319,7.1389,-2.7167,-6.6116,2.35,0.49625,1371.0,24.248,10.717,107.17,1.7064280069255429,,,,Sand,,,Sand 4,4,18.8,25.12,-17.36,-23.68
-22.939999999999998,24.38,10.874,0.05533,7.1548,-2.7167,-6.6289,2.4,0.50784,1372.0,24.268,10.874,108.74,1.706519809361406,,,,Sand,,,Sand 4,4,18.8,25.12,-17.36,-23.68
-22.959999999999997,24.4,11.064,0.056405,7.2026,-2.7167,-6.6806,2.4,0.50988,1373.0,24.287,11.064,110.64,1.7011535367969282,,,,Sand,,,Sand 4,4,18.8,25.12,-17.36,-23.68
-22.98,24.42,11.18,0.057385,7.1744,-2.6833,-6.6634,2.35,0.51243,1374.0,24.307,11.18,111.8,1.698542933700313,,,,Sand,,,Sand 4,4,18.8,25.12,-17.36,-23.68
-23.0,24.44,11.305,0.057298,7.2186,-2.7167,-6.6978,2.4,0.50674,1375.0,24.327,11.305,113.05,1.691848081090469,,,,Sand,,,Sand 4,4,18.8,25.12,-17.36,-23.68
-23.02,24.46,11.397,0.057557,7.1646,-2.7,-6.6461,2.4,0.50455,1375.0,24.347,11.397,113.97,1.6878723696486067,,,,Sand,,,Sand 4,4,18.8,25.12,-17.36,-23.68
-23.04,24.48,11.501,0.059312,7.1584,-2.6833,-6.6461,2.35,0.5151,1376.0,24.367,11.501,115.01,1.6895111719441762,,,,Sand,,,Sand 4,4,18.8,25.12,-17.36,-23.68
-23.06,24.5,11.55,0.06124,7.2026,-2.7167,-6.6806,2.35,0.52606,1377.0,24.387,11.55,115.5,1.6930365827401381,,,,Sand,,,Sand 4,4,18.8,25.12,-17.36,-23.68
-23.08,24.52,11.585,0.061636,7.2223,-2.6833,-6.7151,2.4,0.52321,1378.0,24.406,11.585,115.85,1.6906333286986346,,,,Sand,,,Sand 4,4,18.8,25.12,-17.36,-23.68
-23.099999999999998,24.54,11.678,0.06142,7.1708,-2.7167,-6.6461,2.4,0.51485,1379.0,24.426,11.678,116.78,1.683865839358108,,,,Sand,,,Sand 4,4,18.8,25.12,-17.36,-23.68
-23.119999999999997,24.56,11.92,0.062077,7.1843,-2.6667,-6.6806,2.35,0.51288,1380.0,24.446,11.92,119.2,1.6755283337823164,,,,Sand,,,Sand 4,4,18.8,25.12,-17.36,-23.68
-23.139999999999997,24.58,12.194,0.063185,7.2186,-2.7167,-6.6978,2.35,0.5132,1380.0,24.466,12.194,121.94,1.667478519336134,,,,Sand,,,Sand 4,4,18.8,25.12,-17.36,-23.68
-23.16,24.6,12.417,0.064202,7.2202,-2.6333,-6.7323,2.35,0.51181,1381.0,24.486,12.417,124.17,1.6602931051267689,,,,Sand,,,Sand 4,4,18.8,25.12,-17.36,-23.68
-23.18,24.62,12.59,0.064542,7.2042,-2.6333,-6.7151,2.35,0.50508,1382.0,24.506,12.59,125.9,1.6520967002645404,,,,Sand,,,Sand 4,4,18.8,25.12,-17.36,-23.68
-23.2,24.64,12.894,0.064804,7.2002,-2.6667,-6.6978,2.35,0.49905,1383.0,24.525,12.894,128.94,1.6405895933716164,,,,Sand,,,Sand 4,4,18.8,25.12,-17.36,-23.68
-23.22,24.66,13.216,0.066498,7.2202,-2.6333,-6.7323,2.35,0.50563,1384.0,24.545,13.216,132.16,1.6349306509767594,,,,Sand,,,Sand 4,4,18.8,25.12,-17.36,-23.68
-23.24,24.68,13.442,0.06774,7.2162,-2.6667,-6.7151,2.35,0.5098,1385.0,24.565,13.442,134.42,1.6308861328624635,,,,Sand,,,Sand 4,4,18.8,25.12,-17.36,-23.68
-23.259999999999998,24.7,13.554,0.067831,7.1923,-2.6,-6.7151,2.35,0.50535,1385.0,24.585,13.554,135.54,1.6257570869769988,,,,Sand,,,Sand 4,4,18.8,25.12,-17.36,-23.68
-23.279999999999998,24.72,13.577,0.068598,7.1662,-2.6167,-6.6806,2.35,0.50739,1386.0,24.605,13.577,135.77,1.6261461397076378,,,,Sand,,,Sand 4,4,18.8,25.12,-17.36,-23.68
-23.299999999999997,24.74,13.522,0.068544,7.2042,-2.6333,-6.7151,2.35,0.50525,1387.0,24.625,13.522,135.22,1.6265532004734187,,,,Sand,,,Sand 4,4,18.8,25.12,-17.36,-23.68
-23.32,24.76,13.504,0.0697,7.2143,-2.6167,-6.7323,2.35,0.51286,1388.0,24.645,13.504,135.04,1.630723374301856,,,,Sand,,,Sand 4,4,18.8,25.12,-17.36,-23.68
-23.34,24.78,13.671,0.072869,7.1923,-2.6,-6.7151,2.35,0.53431,1389.0,24.664,13.671,136.71,1.636582117739029,,,,Sand,,,Sand 4,4,18.8,25.12,-17.36,-23.68
-23.36,24.8,13.671,0.072706,7.1923,-2.6,-6.7151,2.35,0.53325,1390.0,24.684,13.671,136.71,1.636082805197388,,,,Sand,,,Sand 4,4,18.8,25.12,-17.36,-23.68
-23.38,24.82,13.59,0.07617,7.2143,-2.6167,-6.7323,2.35,0.55089,1390.0,24.704,13.59,135.9,1.6463984759495385,,,,Sand,,,Sand 4,4,18.8,25.12,-17.36,-23.68
-23.4,24.84,13.634,0.078419,7.1341,-2.6167,-6.6461,2.35,0.5552,1392.0,24.724,13.634,136.34,1.6472382081779777,,,,Sand,,,Sand 4,4,18.8,25.12,-17.36,-23.68
-23.419999999999998,24.86,13.934,0.075956,7.2363,-2.6333,-6.7496,2.3,0.52471,1392.0,24.744,13.934,139.34,1.6252763874273612,,,,Sand,,,Sand 4,4,18.8,25.12,-17.36,-23.68
-23.439999999999998,24.88,13.549,0.079885,7.1543,-2.5833,-6.6806,1.35,0.53595,1407.0,24.764,13.549,135.49,1.640527085062572,,,,Sand,,,Sand 4,4,18.8,25.12,-17.36,-23.68
-23.459999999999997,24.9,15.061,0.084745,7.2303,-2.6167,-6.7496,2.3,0.55125,1407.0,24.783,15.061,150.61,1.6105380826396751,,,,Sand,,,Sand 4,4,18.8,25.12,-17.36,-23.68
-23.48,24.92,15.886,0.08829,7.2127,-2.5667,-6.7496,2.3,0.55765,1408.0,24.803,15.886,158.86,1.5950482749203758,,,,Sand,,,Sand 4,4,18.8,25.12,-17.36,-23.68
-23.5,24.94,16.48,0.0939,7.2011,-2.5333,-6.7496,2.3,0.57756,1409.0,24.823,16.48,164.8,1.5917440504297018,,,,Sand,,,Sand 4,4,18.8,25.12,-17.36,-23.68
-23.52,24.96,17.109,0.099937,7.1586,-2.55,-6.6978,2.25,0.59751,1410.0,24.843,17.109,171.09,1.588180417608369,,,,Sand,,,Sand 4,4,18.8,25.12,-17.36,-23.68
-23.54,24.98,17.332,0.10292,7.2025,-2.5833,-6.7323,2.3,0.60609,1411.0,24.863,17.332,173.32,1.5877072292874184,,,,Sand,,,Sand 4,4,18.8,25.12,-17.36,-23.68
-23.56,25.0,17.308,0.10441,7.1864,-2.5833,-6.7151,2.3,0.60948,1412.0,24.883,17.308,173.08,1.5897041380508483,,,,Sand,,,Sand 4,4,18.8,25.12,-17.36,-23.68
-23.58,25.02,17.339,0.10699,7.2127,-2.5667,-6.7496,2.3,0.62062,1413.0,24.902,17.339,173.39,1.5940884015958827,,,,Sand,,,Sand 4,4,18.8,25.12,-17.36,-23.68
-23.599999999999998,25.04,17.288,,7.1908,-2.55,-6.7323,2.3,0.0,1414.0,24.922,17.288,172.88,,,,,Unknown material,,,Sand 4,4,18.8,25.12,-17.36,-23.68
-23.619999999999997,25.06,17.105,,7.1645,-2.5667,-6.6978,2.3,0.0,1414.0,24.942,17.105,171.05,,,,,Unknown material,,,Sand 4,4,18.8,25.12,-17.36,-23.68
-23.639999999999997,25.08,17.087,,7.1897,-2.5,-6.7496,2.3,0.0,1415.0,24.962,17.087,170.87,,,,,Unknown material,,,Sand 4,4,18.8,25.12,-17.36,-23.68
-23.66,25.1,17.351,,7.1747,-2.55,-6.7151,2.3,0.0,1416.0,24.982,17.351,173.51,,,,,Unknown material,,,Sand 4,4,18.8,25.12,-17.36,-23.68
-23.68,25.12,17.79,,7.2553,-2.55,-6.8013,2.3,0.0,1417.0,25.002,17.79,177.9,,,,,Unknown material,,,Sand 4,4,18.8,25.12,-17.36,-23.68
