elevation_m_nap,depth_m,qc_mpa,fs_mpa,col_4,col_5,col_6,col_7,rf_percent,col_9,corrected_depth,qt_mpa,qt_over_pa,Isbt,Bqt,peat_boundary_qt_over_pa,organic_clay_boundary_qt_over_pa,soil_type,used_organic_boundary_qt_over_pa,distance_to_used_organic_boundary,layer_id,soil_layer_number,layer_top_depth_m,layer_bottom_depth_m,layer_top_elevation_m_nap,layer_bottom_elevation_m_nap
1.5,0.02,0.22,0.004,0.4,0.4,0.2,0.0,0.38835,54.0,0.02,0.22,2.2,3.230569957771879,,,,Clay & silt,,,Clay & silt 1,1,0.02,0.32,1.5,1.2
1.48,0.04,0.83,0.005,1.2,1.2,-0.2,2.0,0.40161,55.0,0.039996,0.83,8.3,2.6806447849073116,,,,Silty clay / clayey silt,,,Clay & silt 1,1,0.02,0.32,1.5,1.2
1.46,0.06,0.93,0.007,1.2667,-0.6,-0.6,1.6,0.47898,56.0,0.059991,0.93,9.3,2.6586009371065282,,,,Silty clay / clayey silt,,,Clay & silt 1,1,0.02,0.32,1.5,1.2
1.44,0.08,1.34,0.009,1.3333,1.6,-0.2,1.1,0.54217,58.0,0.079985,1.34,13.4,2.5297297179298917,,,,Sand mixtures,,,Clay & silt 1,1,0.02,0.32,1.5,1.2
1.42,0.1,1.83,0.01,1.4,1.4,-0.2,1.0,0.4908,60.0,0.099979,1.83,18.3,2.38809951589762,,,,Sand mixtures,,,Clay & silt 1,1,0.02,0.32,1.5,1.2
1.4,0.12,2.32,0.012,1.4667,0.4,-0.6,0.9,0.5066,62.0,0.11997,2.32,23.2,2.2986901763678866,,,,Sand mixtures,,,Clay & silt 1,1,0.02,0.32,1.5,1.2
1.38,0.14,2.76,0.014,1.5333,0.6,-0.2,1.0,0.51589,64.0,0.13997,2.76,27.6,2.233130698349734,,,,Sand mixtures,,,Clay & silt 1,1,0.02,0.32,1.5,1.2
1.36,0.16,3.05,0.016,1.6,-1.6,0.2,1.0,0.52762,66.0,0.15996,3.05,30.5,2.197947784965232,,,,Sand mixtures,,,Clay & silt 1,1,0.02,0.32,1.5,1.2
1.34,0.18,3.24,0.017,1.0,0.8,0.6,0.9,0.51301,68.0,0.17995,3.24,32.4,2.169008510394494,,,,Sand mixtures,,,Clay & silt 1,1,0.02,0.32,1.5,1.2
1.32,0.2,3.48,0.018,0.6,0.6,-0.2,0.9,0.50597,70.0,0.19995,3.48,34.8,2.1384137106941057,,,,Sand mixtures,,,Clay & silt 1,1,0.02,0.32,1.5,1.2
1.3,0.22,3.69,0.02,1.0,0.8,-0.6,1.0,0.53086,72.0,0.21995,3.69,36.9,2.124687237372893,,,,Sand mixtures,,,Clay & silt 1,1,0.02,0.32,1.5,1.2
1.28,0.24,3.89,0.021,1.2,0.2,-1.2,0.9,0.53047,74.0,0.23995,3.89,38.9,2.1040374477475186,,,,Sand mixtures,,,Clay & silt 1,1,0.02,0.32,1.5,1.2
1.26,0.26,4.08,0.022,1.4222,-0.8,0.4,0.9,0.52805,76.0,0.25994,4.08,40.8,2.084653657871812,,,,Sand mixtures,,,Clay & silt 1,1,0.02,0.32,1.5,1.2
1.24,0.28,4.27,0.025,1.6445,1.6,-1.4,1.1,0.56996,78.0,0.27993,4.27,42.7,2.082377932236032,,,,Sand mixtures,,,Clay & silt 1,1,0.02,0.32,1.5,1.2
1.22,0.3,4.44,0.027,1.8667,0.6,0.0,1.4,0.57785,79.0,0.29992,4.44,44.4,2.0702400254081095,,,,Sand mixtures,,,Clay & silt 1,1,0.02,0.32,1.5,1.2
1.2,0.32,4.58,0.028,1.6333,0.2,-0.6,1.7,0.55791,81.0,0.31991,4.58,45.8,2.051149425713948,,,,Sand mixtures,,,Sand 1,1,0.32,1.66,1.2,-0.1399999999999999
1.18,0.34,4.9,0.031,1.4,1.4,-0.4,2.0,0.57222,82.0,0.33991,4.9,49.0,2.0305987976627424,,,,Sand,,,Sand 1,1,0.32,1.66,1.2,-0.1399999999999999
1.1600000000000001,0.36,5.24,0.033,1.4,0.2,-1.0,2.3,0.56051,82.0,0.3599,5.24,52.4,2.0007485294460925,,,,Sand,,,Sand 1,1,0.32,1.66,1.2,-0.1399999999999999
1.1400000000000001,0.38,5.98,0.036,1.4,0.4,-0.8,2.3,0.56031,83.0,0.3799,5.98,59.8,1.9506702424846358,,,,Sand,,,Sand 1,1,0.32,1.66,1.2,-0.1399999999999999
1.12,0.4,6.66,0.041,1.4,0.2,-1.4,2.4,0.58603,84.0,0.39989,6.66,66.6,1.9201647694834403,,,,Sand,,,Sand 1,1,0.32,1.66,1.2,-0.1399999999999999
1.1,0.42,7.27,0.045,0.6,0.4,-0.4,2.4,0.5923,85.0,0.41989,7.27,72.7,1.8900530792769998,,,,Sand,,,Sand 1,1,0.32,1.66,1.2,-0.1399999999999999
1.08,0.44,8.03,0.047,0.8,0.6,-0.6,2.3,0.57273,86.0,0.43989,8.03,80.3,1.8456710146702637,,,,Sand,,,Sand 1,1,0.32,1.66,1.2,-0.1399999999999999
1.06,0.46,8.74,0.05,0.6,0.6,0.2,2.4,0.57102,87.0,0.45989,8.74,87.4,1.8138701995538495,,,,Sand,,,Sand 1,1,0.32,1.66,1.2,-0.1399999999999999
1.04,0.48,9.15,0.052,0.8,0.8,0.0,2.3,0.56285,87.0,0.47988,9.15,91.5,1.79373137627749,,,,Sand,,,Sand 1,1,0.32,1.66,1.2,-0.1399999999999999
1.02,0.5,9.71,0.055,0.6,0.4,-0.4,2.4,0.5684,88.0,0.49988,9.71,97.1,1.7744264895652295,,,,Sand,,,Sand 1,1,0.32,1.66,1.2,-0.1399999999999999
1.0,0.52,10.11,0.058,1.0,1.0,-0.2,2.4,0.57762,89.0,0.51988,10.11,101.1,1.763682405776427,,,,Sand,,,Sand 1,1,0.32,1.66,1.2,-0.1399999999999999
0.98,0.54,10.38,0.061,0.4,0.4,-0.2,2.4,0.59051,90.0,0.53988,10.38,103.8,1.7595663127933463,,,,Sand,,,Sand 1,1,0.32,1.66,1.2,-0.1399999999999999
0.96,0.56,10.52,0.062,0.8,0.8,-0.2,2.3,0.58657,91.0,0.55988,10.52,105.2,1.7531213701072026,,,,Sand,,,Sand 1,1,0.32,1.66,1.2,-0.1399999999999999
0.9400000000000001,0.58,10.77,0.065,0.6,0.4,-0.4,2.4,0.60578,92.0,0.57988,10.77,107.7,1.7526719329360554,,,,Sand,,,Sand 1,1,0.32,1.66,1.2,-0.1399999999999999
0.92,0.6,10.95,0.069,0.9,0.8,-0.4,2.4,0.63653,92.0,0.59987,10.95,109.5,1.7591989811620785,,,,Sand,,,Sand 1,1,0.32,1.66,1.2,-0.1399999999999999
0.9,0.62,11.05,0.069,0.4,0.4,0.0,2.4,0.63485,93.0,0.61987,11.05,110.5,1.755320887326353,,,,Sand,,,Sand 1,1,0.32,1.66,1.2,-0.1399999999999999
0.88,0.64,11.07,0.07,0.9,0.4,-0.8,2.4,0.63956,94.0,0.63987,11.07,110.7,1.7565555602103504,,,,Sand,,,Sand 1,1,0.32,1.66,1.2,-0.1399999999999999
0.86,0.66,10.99,0.073,1.1,0.4,-1.0,2.4,0.66183,95.0,0.65987,10.99,109.9,1.767823737503685,,,,Sand,,,Sand 1,1,0.32,1.66,1.2,-0.1399999999999999
0.84,0.68,10.99,0.076,1.0,0.0,-1.0,2.4,0.68123,96.0,0.67986,10.99,109.9,1.7752395192762982,,,,Sand,,,Sand 1,1,0.32,1.66,1.2,-0.1399999999999999
0.8200000000000001,0.7,10.61,0.077,0.7,0.4,-0.6,2.1,0.67411,97.0,0.69986,10.61,106.1,1.7848793459388503,,,,Sand,,,Sand 1,1,0.32,1.66,1.2,-0.1399999999999999
0.8,0.72,11.13,0.08,0.8,0.6,-0.6,2.2,0.67625,97.0,0.71986,11.13,111.3,1.7689237724423792,,,,Sand,,,Sand 1,1,0.32,1.66,1.2,-0.1399999999999999
0.78,0.74,11.45,0.084,0.6,0.4,-0.4,2.4,0.68071,98.0,0.73986,11.45,114.5,1.760738255127251,,,,Sand,,,Sand 1,1,0.32,1.66,1.2,-0.1399999999999999
0.76,0.76,11.96,0.085,0.9,0.4,-0.8,2.3,0.65422,99.0,0.75986,11.96,119.6,1.73526260047205,,,,Sand,,,Sand 1,1,0.32,1.66,1.2,-0.1399999999999999
0.74,0.78,13.18,0.089,0.7,0.4,-0.6,2.3,0.64657,100.0,0.77985,13.18,131.8,1.6984983990162918,,,,Sand,,,Sand 1,1,0.32,1.66,1.2,-0.1399999999999999
0.72,0.8,14.33,0.087,0.8,0.2,-0.8,2.4,0.59431,101.0,0.79985,14.33,143.3,1.647425564838349,,,,Sand,,,Sand 1,1,0.32,1.66,1.2,-0.1399999999999999
0.7000000000000001,0.82,15.07,0.109,0.7,0.4,-0.6,2.8,0.7026,102.0,0.81985,15.07,150.7,1.6753619419180061,,,,Sand,,,Sand 1,1,0.32,1.66,1.2,-0.1399999999999999
0.68,0.84,16.21,0.12,1.0,0.6,-0.8,2.5,0.73637,102.0,0.83985,16.21,162.1,1.664309091408363,,,,Sand,,,Sand 1,1,0.32,1.66,1.2,-0.1399999999999999
0.66,0.86,16.79,0.124,0.6,0.6,0.0,2.3,0.73183,103.0,0.85985,16.79,167.9,1.6510131040399172,,,,Sand,,,Sand 1,1,0.32,1.66,1.2,-0.1399999999999999
0.64,0.88,18.12,0.132,1.0,0.0,-1.0,2.4,0.7571,104.0,0.87984,18.12,181.2,1.6360618640395033,,,,Sand,,,Sand 1,1,0.32,1.66,1.2,-0.1399999999999999
0.62,0.9,18.45,0.133,0.8,0.8,-0.2,2.4,0.74536,105.0,0.89984,18.45,184.5,1.625696280987208,,,,Sand,,,Sand 1,1,0.32,1.66,1.2,-0.1399999999999999
0.6,0.92,18.22,0.135,0.8,0.8,-0.2,2.4,0.7456,106.0,0.91984,18.22,182.2,1.6298289416490024,,,,Sand,,,Sand 1,1,0.32,1.66,1.2,-0.1399999999999999
0.5800000000000001,0.94,18.36,0.135,0.7,0.4,-0.6,2.4,0.74054,106.0,0.93984,18.36,183.6,1.6253796789857702,,,,Sand,,,Sand 1,1,0.32,1.66,1.2,-0.1399999999999999
0.56,0.96,18.26,0.138,0.2,0.0,-0.2,2.4,0.76106,107.0,0.95984,18.26,182.6,1.635112830158415,,,,Sand,,,Sand 1,1,0.32,1.66,1.2,-0.1399999999999999
0.54,0.98,18.34,0.126,0.7,0.4,-0.6,2.4,0.70259,108.0,0.97984,18.34,183.4,1.6105086941636442,,,,Sand,,,Sand 1,1,0.32,1.66,1.2,-0.1399999999999999
0.52,1.0,18.31,0.124,1.1,0.4,-1.0,2.4,0.70106,109.0,0.99983,18.31,183.1,1.6104147154785562,,,,Sand,,,Sand 1,1,0.32,1.66,1.2,-0.1399999999999999
0.5,1.02,17.78,0.121,0.8,0.6,-0.6,2.3,0.69973,110.0,1.0198,17.78,177.8,1.6194577721457732,,,,Sand,,,Sand 1,1,0.32,1.66,1.2,-0.1399999999999999
0.48,1.04,17.34,0.118,0.8,0.6,-0.6,2.4,0.70082,111.0,1.0398,17.34,173.4,1.6281146522066812,,,,Sand,,,Sand 1,1,0.32,1.66,1.2,-0.1399999999999999
0.45999999999999996,1.06,16.86,0.118,0.8,0.0,-0.8,2.4,0.72521,111.0,1.0598,16.86,168.6,1.6470595280928992,,,,Sand,,,Sand 1,1,0.32,1.66,1.2,-0.1399999999999999
0.43999999999999995,1.08,16.25,0.113,0.7,0.4,-0.6,2.4,0.7243,112.0,1.0798,16.25,162.5,1.6588171033350962,,,,Sand,,,Sand 1,1,0.32,1.66,1.2,-0.1399999999999999
0.41999999999999993,1.1,15.2,0.105,0.7,0.4,-0.6,2.4,0.70476,113.0,1.0998,15.2,152.0,1.6733376966346591,,,,Sand,,,Sand 1,1,0.32,1.66,1.2,-0.1399999999999999
0.3999999999999999,1.12,14.62,0.096,0.6,0.6,-0.2,2.4,0.67689,114.0,1.1198,14.62,146.2,1.6753359766621208,,,,Sand,,,Sand 1,1,0.32,1.66,1.2,-0.1399999999999999
0.3800000000000001,1.14,13.81,0.088,0.8,0.2,-0.8,2.4,0.65421,115.0,1.1398,13.81,138.1,1.6855547828269137,,,,Sand,,,Sand 1,1,0.32,1.66,1.2,-0.1399999999999999
0.3600000000000001,1.16,12.95,0.087,1.1,0.6,-1.0,2.4,0.68383,116.0,1.1598,12.95,129.5,1.7194030883230806,,,,Sand,,,Sand 1,1,0.32,1.66,1.2,-0.1399999999999999
0.3400000000000001,1.18,12.16,0.08,1.1,0.8,-0.4,2.4,0.66369,116.0,1.1798,12.16,121.6,1.7332341544574446,,,,Sand,,,Sand 1,1,0.32,1.66,1.2,-0.1399999999999999
0.32000000000000006,1.2,11.61,0.076,1.1,0.2,-0.8,2.2,0.66865,117.0,1.1998,11.61,116.1,1.7512672909968459,,,,Sand,,,Sand 1,1,0.32,1.66,1.2,-0.1399999999999999
0.30000000000000004,1.22,11.01,0.068,1.1,0.4,-1.0,2.0,0.63448,118.0,1.2198,11.01,110.1,1.7564537852965507,,,,Sand,,,Sand 1,1,0.32,1.66,1.2,-0.1399999999999999
0.28,1.24,10.42,0.063,1.0,0.8,-0.6,2.3,0.62161,119.0,1.2398,10.42,104.2,1.770849198170342,,,,Sand,,,Sand 1,1,0.32,1.66,1.2,-0.1399999999999999
0.26,1.26,9.85,0.056,0.8,0.0,-0.8,2.4,0.5847,120.0,1.2598,9.85,98.5,1.7760285744093016,,,,Sand,,,Sand 1,1,0.32,1.66,1.2,-0.1399999999999999
0.24,1.28,9.12,0.051,0.7,0.4,-0.6,2.3,0.56518,121.0,1.2798,9.12,91.2,1.7959016491377366,,,,Sand,,,Sand 1,1,0.32,1.66,1.2,-0.1399999999999999
0.21999999999999997,1.3,8.62,0.048,1.1,0.6,-1.0,2.3,0.56496,122.0,1.2998,8.62,86.2,1.816448832413351,,,,Sand,,,Sand 1,1,0.32,1.66,1.2,-0.1399999999999999
0.19999999999999996,1.32,8.29,0.041,1.2,0.2,-1.2,2.8,0.5121,122.0,1.3198,8.29,82.9,1.8085030671918374,,,,Sand,,,Sand 1,1,0.32,1.66,1.2,-0.1399999999999999
0.17999999999999994,1.34,7.7,0.036,1.1333,0.4,-0.6,2.5,0.4769,123.0,1.3398,7.7,77.0,1.8206244195771024,,,,Sand,,,Sand 1,1,0.32,1.66,1.2,-0.1399999999999999
0.15999999999999992,1.36,7.18,0.035,1.0667,0.4,-1.0,2.3,0.48968,124.0,1.3598,7.18,71.8,1.8527101295577013,,,,Sand,,,Sand 1,1,0.32,1.66,1.2,-0.1399999999999999
0.14000000000000012,1.38,6.79,0.032,1.0,0.6,-0.8,2.4,0.47198,125.0,1.3798,6.79,67.9,1.8661645243081662,,,,Sand,,,Sand 1,1,0.32,1.66,1.2,-0.1399999999999999
0.1200000000000001,1.4,6.5,0.029,0.8,0.6,-0.6,2.4,0.45145,126.0,1.3998,6.5,65.0,1.8737337581254039,,,,Sand,,,Sand 1,1,0.32,1.66,1.2,-0.1399999999999999
0.10000000000000009,1.42,6.19,0.027,1.0,0.6,-0.8,2.4,0.44199,126.0,1.4198,6.19,61.9,1.8882957859069431,,,,Sand,,,Sand 1,1,0.32,1.66,1.2,-0.1399999999999999
0.08000000000000007,1.44,5.91,0.025,0.9,0.4,-0.8,2.4,0.42845,127.0,1.4398,5.91,59.1,1.9000891941806604,,,,Sand,,,Sand 1,1,0.32,1.66,1.2,-0.1399999999999999
0.06000000000000005,1.46,5.68,0.024,1.0,0.6,-0.8,2.3,0.43001,128.0,1.4598,5.68,56.8,1.916216657268237,,,,Sand,,,Sand 1,1,0.32,1.66,1.2,-0.1399999999999999
0.040000000000000036,1.48,5.44,0.023,0.7,0.4,-0.6,2.4,0.43081,129.0,1.4798,5.44,54.4,1.9333782255842895,,,,Sand,,,Sand 1,1,0.32,1.66,1.2,-0.1399999999999999
0.020000000000000018,1.5,5.18,0.022,0.9,0.4,-0.8,2.4,0.43011,130.0,1.4998,5.18,51.8,1.9521721295917427,,,,Sand,,,Sand 1,1,0.32,1.66,1.2,-0.1399999999999999
0.0,1.52,4.99,0.02,0.9,0.4,-0.8,2.4,0.40806,131.0,1.5198,4.99,49.9,1.9569696171668505,,,,Sand,,,Sand 1,1,0.32,1.66,1.2,-0.1399999999999999
-0.020000000000000018,1.54,4.76,0.019,0.7,0.4,-0.6,2.4,0.40458,131.0,1.5398,4.76,47.6,1.9739830622867753,,,,Sand,,,Sand 1,1,0.32,1.66,1.2,-0.1399999999999999
-0.040000000000000036,1.56,4.56,0.017,0.9,0.4,-0.8,2.4,0.3783,132.0,1.5598,4.56,45.6,1.9789874099126672,,,,Sand,,,Sand 1,1,0.32,1.66,1.2,-0.1399999999999999
-0.06000000000000005,1.58,4.4,0.016,1.1,0.4,-1.0,2.4,0.37177,133.0,1.5798,4.4,44.0,1.9901780472519182,,,,Sand,,,Sand 1,1,0.32,1.66,1.2,-0.1399999999999999
-0.08000000000000007,1.6,4.2,0.015,1.0,0.4,-0.6,2.4,0.36463,134.0,1.5998,4.2,42.0,2.0054379458884806,,,,Sand,,,Sand 1,1,0.32,1.66,1.2,-0.1399999999999999
-0.10000000000000009,1.62,4.04,0.014,0.9,0.6,-0.4,2.4,0.35635,135.0,1.6198,4.04,40.4,2.017143563004787,,,,Sand,,,Sand 1,1,0.32,1.66,1.2,-0.1399999999999999
-0.11999999999999988,1.64,3.82,0.014,0.8,0.6,-0.6,2.3,0.37358,136.0,1.6397,3.82,38.2,2.04748053552773,,,,Sand,,,Sand 1,1,0.32,1.66,1.2,-0.1399999999999999
-0.1399999999999999,1.66,3.66,0.012,0.6,0.2,-0.6,2.4,0.33613,136.0,1.6597,3.66,36.6,2.047458786915252,,,,Sand,,,Sand mixtures 1,1,1.66,2.36,-0.1399999999999999,-0.8399999999999999
-0.15999999999999992,1.68,3.47,0.011,1.0,0.6,-0.8,2.4,0.32365,137.0,1.6797,3.47,34.7,2.0631623140593445,,,,Sand mixtures,,,Sand mixtures 1,1,1.66,2.36,-0.1399999999999999,-0.8399999999999999
-0.17999999999999994,1.7,3.28,0.01,0.7,0.6,-0.4,2.4,0.30996,138.0,1.6997,3.28,32.8,2.07955879108325,,,,Sand mixtures,,,Sand mixtures 1,1,1.66,2.36,-0.1399999999999999,-0.8399999999999999
-0.19999999999999996,1.72,3.11,0.01,1.0,0.2,-1.0,2.0,0.32587,139.0,1.7197,3.11,31.1,2.1087509438404584,,,,Sand mixtures,,,Sand mixtures 1,1,1.66,2.36,-0.1399999999999999,-0.8399999999999999
-0.21999999999999997,1.74,2.98,0.009,0.7,0.4,-0.6,2.2,0.30835,140.0,1.7397,2.98,29.8,2.1179934011999566,,,,Sand mixtures,,,Sand mixtures 1,1,1.66,2.36,-0.1399999999999999,-0.8399999999999999
-0.24,1.76,2.83,0.009,0.7,0.4,-0.6,2.3,0.32374,141.0,1.7597,2.83,28.3,2.1462461926507506,,,,Sand mixtures,,,Sand mixtures 1,1,1.66,2.36,-0.1399999999999999,-0.8399999999999999
-0.26,1.78,2.66,0.008,0.7,0.4,-0.6,2.4,0.30174,142.0,1.7797,2.66,26.6,2.1614798854876973,,,,Sand mixtures,,,Sand mixtures 1,1,1.66,2.36,-0.1399999999999999,-0.8399999999999999
-0.28,1.8,2.56,0.008,1.1,0.4,-1.0,2.4,0.31574,142.0,1.7997,2.56,25.6,2.183641344345915,,,,Sand mixtures,,,Sand mixtures 1,1,1.66,2.36,-0.1399999999999999,-0.8399999999999999
-0.30000000000000004,1.82,2.46,0.008,1.0,0.6,-0.8,2.7,0.33007,143.0,1.8197,2.46,24.6,2.2063657291279255,,,,Sand mixtures,,,Sand mixtures 1,1,1.66,2.36,-0.1399999999999999,-0.8399999999999999
-0.32000000000000006,1.84,2.36,0.008,0.7,0.4,-0.6,2.4,0.34353,144.0,1.8397,2.36,23.6,2.2291838525905394,,,,Sand mixtures,,,Sand mixtures 1,1,1.66,2.36,-0.1399999999999999,-0.8399999999999999
-0.3400000000000001,1.86,2.25,0.009,0.8,0.6,-0.6,2.4,0.40089,145.0,1.8597,2.25,22.5,2.2721182637568282,,,,Sand mixtures,,,Sand mixtures 1,1,1.66,2.36,-0.1399999999999999,-0.8399999999999999
-0.3599999999999999,1.88,2.17,0.0097,0.9,0.4,-0.8,2.4,0.45012,146.0,1.8797,2.17,21.7,2.305362532159224,,,,Sand mixtures,,,Sand mixtures 1,1,1.66,2.36,-0.1399999999999999,-0.8399999999999999
-0.3799999999999999,1.9,2.1,0.0103,0.7,0.4,-0.6,2.4,0.49849,146.0,1.8997,2.1,21.0,2.3356059854181273,,,,Sand mixtures,,,Sand mixtures 1,1,1.66,2.36,-0.1399999999999999,-0.8399999999999999
-0.3999999999999999,1.92,2.07,0.011,0.6,0.4,-0.4,2.4,0.55873,147.0,1.9197,2.07,20.7,2.361212282570004,,,,Sand mixtures,,,Sand mixtures 1,1,1.66,2.36,-0.1399999999999999,-0.8399999999999999
-0.41999999999999993,1.94,1.99,0.012,0.9,0.4,-0.8,2.4,0.64343,148.0,1.9397,1.99,19.9,2.402434994001438,,,,Sand mixtures,,,Sand mixtures 1,1,1.66,2.36,-0.1399999999999999,-0.8399999999999999
-0.43999999999999995,1.96,1.84,0.013,0.8,0.2,-0.8,2.3,0.74021,149.0,1.9597,1.84,18.4,2.4595777353848147,,,,Sand mixtures,,,Sand mixtures 1,1,1.66,2.36,-0.1399999999999999,-0.8399999999999999
-0.45999999999999996,1.98,1.75,0.016,0.7,0.4,-0.6,2.4,0.98386,150.0,1.9797,1.75,17.5,2.5358562129907294,,,,Sand mixtures,,,Sand mixtures 1,1,1.66,2.36,-0.1399999999999999,-0.8399999999999999
-0.48,2.0,1.58,0.018,1.0,0.6,-0.8,2.4,1.2162,151.0,1.9997,1.58,15.8,2.6195489451921725,,,,Silty clay / clayey silt,,,Sand mixtures 1,1,1.66,2.36,-0.1399999999999999,-0.8399999999999999
-0.5,2.02,1.42,0.02,0.8,0.6,-0.6,2.3,1.4995,151.0,2.0197,1.42,14.2,2.7056337272356084,,,,Silty clay / clayey silt,,,Sand mixtures 1,1,1.66,2.36,-0.1399999999999999,-0.8399999999999999
-0.52,2.04,1.3,0.021,1.0,0.2,-1.0,2.4,1.7518,152.0,2.0397,1.3,13.0,2.7735879061770548,,,,Silty clay / clayey silt,,,Sand mixtures 1,1,1.66,2.36,-0.1399999999999999,-0.8399999999999999
-0.54,2.06,1.06,0.022,0.8,0.2,-0.8,2.4,2.0609,153.0,2.0597,1.06,10.6,2.8861496918696328,,,,Silty clay / clayey silt,,,Sand mixtures 1,1,1.66,2.36,-0.1399999999999999,-0.8399999999999999
-0.56,2.08,0.9,0.021,0.8,0.2,-0.8,2.4,2.2134,154.0,2.0797,0.9,9.0,2.962844622902377,,,,Clay & silt,,,Sand mixtures 1,1,1.66,2.36,-0.1399999999999999,-0.8399999999999999
-0.5800000000000001,2.1,0.82,0.022,0.7,0.6,-0.4,2.3,2.6036,155.0,2.0997,0.82,8.2,3.034664856393143,,,,Clay & silt,,,Sand mixtures 1,1,1.66,2.36,-0.1399999999999999,-0.8399999999999999
-0.6000000000000001,2.12,0.76,0.022,0.9,0.4,-0.8,2.4,2.9139,156.0,2.1197,0.76,7.6,3.088906129742742,,,8.172761819918156,Organic clay,8.172761819918156,-0.5727618199181563,Sand mixtures 1,1,1.66,2.36,-0.1399999999999999,-0.8399999999999999
-0.6200000000000001,2.14,0.7,0.023,0.7,0.4,-0.6,2.3,3.3153,156.0,2.1397,0.7,7.0,3.149528541532255,,,9.5763555461915,Organic clay,9.5763555461915,-2.5763555461915004,Sand mixtures 1,1,1.66,2.36,-0.1399999999999999,-0.8399999999999999
-0.6400000000000001,2.16,0.63,0.024,0.8,0.6,-0.6,2.4,3.6852,157.0,2.1597,0.63,6.3,3.2130771899517567,,,10.276988846195957,Organic clay,10.276988846195957,-3.9769888461959573,Sand mixtures 1,1,1.66,2.36,-0.1399999999999999,-0.8399999999999999
-0.6600000000000001,2.18,0.59,0.024,1.1,0.4,-1.0,2.4,3.8866,158.0,2.1797,0.59,5.9,3.2496065749285865,,,10.567758410270155,Organic clay,10.567758410270155,-4.667758410270155,Sand mixtures 1,1,1.66,2.36,-0.1399999999999999,-0.8399999999999999
-0.6800000000000002,2.2,0.58,0.024,1.0333,0.4,-0.6,2.4,4.0592,159.0,2.1997,0.58,5.8,3.2663016555084976,,,10.785237910026247,Organic clay,10.785237910026247,-4.985237910026247,Sand mixtures 1,1,1.66,2.36,-0.1399999999999999,-0.8399999999999999
-0.7000000000000002,2.22,0.57,0.023,0.9667,0.6,-0.4,2.0,4.0175,160.0,2.2197,0.57,5.7,3.2700596892236065,,,10.7349448664682,Organic clay,10.7349448664682,-5.034944866468201,Sand mixtures 1,1,1.66,2.36,-0.1399999999999999,-0.8399999999999999
-0.7200000000000002,2.24,0.56,0.0223,0.9,0.4,-0.8,2.2,3.9644,161.0,2.2397,0.56,5.6,3.2732292494615702,,,10.668906222357771,Organic clay,10.668906222357771,-5.068906222357771,Sand mixtures 1,1,1.66,2.36,-0.1399999999999999,-0.8399999999999999
-0.7399999999999998,2.26,0.55,0.0217,0.7,0.4,-0.6,2.4,3.8924,162.0,2.2597,0.55,5.5,3.2753331301500173,,,10.575490508708379,Organic clay,10.575490508708379,-5.075490508708379,Sand mixtures 1,1,1.66,2.36,-0.1399999999999999,-0.8399999999999999
-0.7599999999999998,2.28,0.55,0.021,0.9,0.4,-0.8,2.4,3.7838,162.0,2.2797,0.55,5.5,3.268557106997262,,,10.425084809525647,Organic clay,10.425084809525647,-4.9250848095256465,Sand mixtures 1,1,1.66,2.36,-0.1399999999999999,-0.8399999999999999
-0.7799999999999998,2.3,0.55,0.022,0.7,0.4,-0.6,2.5,3.8428,163.0,2.2997,0.55,5.5,3.2722581597559723,,,10.508307175590545,Organic clay,10.508307175590545,-5.008307175590545,Sand mixtures 1,1,1.66,2.36,-0.1399999999999999,-0.8399999999999999
-0.7999999999999998,2.32,0.55,0.024,0.8,0.2,-0.8,2.7,3.9917,164.0,2.3197,0.55,5.5,3.281392375484193,,,10.70314659220017,Organic clay,10.70314659220017,-5.20314659220017,Sand mixtures 1,1,1.66,2.36,-0.1399999999999999,-0.8399999999999999
-0.8199999999999998,2.34,0.55,0.027,0.8,0.6,-0.6,2.4,4.2772,165.0,2.3397,0.55,5.5,3.2981375891009725,,,11.028596305895544,Organic clay,11.028596305895544,-5.528596305895544,Sand mixtures 1,1,1.66,2.36,-0.1399999999999999,-0.8399999999999999
-0.8399999999999999,2.36,0.56,0.033,0.7,0.4,-0.6,2.4,5.0382,166.0,2.3597,0.56,5.6,3.332176937604089,,,11.699558495029871,Organic clay,11.699558495029871,-6.099558495029871,Peat 1,1,2.36,3.14,-0.8399999999999999,-1.62
-0.8599999999999999,2.38,0.71,0.039,0.7,0.6,-0.4,2.3,5.7993,166.0,2.3797,0.71,7.1,3.285055023867288,,15.271523092379532,12.204690403620187,Peat,15.271523092379532,-8.171523092379532,Peat 1,1,2.36,3.14,-0.8399999999999999,-1.62
-0.8799999999999999,2.4,0.79,0.042,0.9,0.4,-0.8,2.4,6.1426,167.0,2.3997,0.79,7.9,3.2635228025804457,,16.87508236711117,12.398530347374596,Peat,16.87508236711117,-8.975082367111169,Peat 1,1,2.36,3.14,-0.8399999999999999,-1.62
-0.8999999999999999,2.42,0.79,0.047,0.8,0.6,-0.6,2.4,6.787,168.0,2.4197,0.79,7.9,3.2903623475729535,,19.03247385156001,12.721781153792989,Peat,19.03247385156001,-11.13247385156001,Peat 1,1,2.36,3.14,-0.8399999999999999,-1.62
-0.9199999999999999,2.44,0.74,0.05,0.6,0.4,-0.4,2.3,7.1429,169.0,2.4397,0.74,7.4,3.326402167519957,,19.96541069745888,12.882115997376648,Peat,19.96541069745888,-12.565410697458878,Peat 1,1,2.36,3.14,-0.8399999999999999,-1.62
-0.94,2.46,0.69,0.051,0.7,0.4,-0.6,2.4,7.4317,170.0,2.4597,0.69,6.9,3.3608934588350445,,20.63643335763039,13.004384594940813,Peat,20.63643335763039,-13.736433357630391,Peat 1,1,2.36,3.14,-0.8399999999999999,-1.62
-0.96,2.48,0.64,0.052,1.1,0.6,-1.0,2.4,7.8639,171.0,2.4797,0.64,6.4,3.4017438473281287,,21.532628747330882,13.176009467680995,Peat,21.532628747330882,-15.132628747330882,Peat 1,1,2.36,3.14,-0.8399999999999999,-1.62
-0.98,2.5,0.62,0.054,1.0667,0.6,-0.6,2.4,8.5039,171.0,2.4997,0.62,6.2,3.433721659047314,,22.683531524435136,13.408963631416356,Peat,22.683531524435136,-16.483531524435136,Peat 1,1,2.36,3.14,-0.8399999999999999,-1.62
-1.0,2.52,0.62,0.053,1.0333,0.4,-0.8,2.4,8.6531,172.0,2.5197,0.62,6.2,3.438455482574229,,22.92811381040223,13.460112860708685,Peat,22.92811381040223,-16.72811381040223,Peat 1,1,2.36,3.14,-0.8399999999999999,-1.62
-1.02,2.54,0.6,0.053,1.0,0.6,-0.8,2.4,8.8889,173.0,2.5397,0.6,6.0,3.4568701778476654,,23.29940105151705,13.538771063697213,Peat,23.29940105151705,-17.29940105151705,Peat 1,1,2.36,3.14,-0.8399999999999999,-1.62
-1.04,2.56,0.59,0.053,0.9,0.4,-0.8,2.4,9.0405,174.0,2.5596,0.59,5.9,3.4671621601494413,,23.529045204592613,13.588006649848916,Peat,23.529045204592613,-17.629045204592614,Peat 1,1,2.36,3.14,-0.8399999999999999,-1.62
-1.06,2.58,0.58,0.052,1.1,0.8,-0.8,2.4,9.0043,175.0,2.5796,0.58,5.8,3.471853199342067,,23.474819754796176,13.576341553947817,Peat,23.474819754796176,-17.674819754796175,Peat 1,1,2.36,3.14,-0.8399999999999999,-1.62
-1.08,2.6,0.56,0.053,1.1,0.4,-1.0,2.4,9.2982,176.0,2.5996,0.56,5.6,3.492470485099961,,23.90464245186181,13.669450165165397,Peat,23.90464245186181,-18.30464245186181,Peat 1,1,2.36,3.14,-0.8399999999999999,-1.62
-1.1,2.62,0.56,0.053,1.0,0.2,-1.0,2.4,9.3805,176.0,2.6196,0.56,5.6,3.4948698399031204,,24.02094542349014,13.694890683900121,Peat,24.02094542349014,-18.42094542349014,Peat 1,1,2.36,3.14,-0.8399999999999999,-1.62
-1.12,2.64,0.56,0.053,1.1,0.4,-1.0,2.4,9.4432,177.0,2.6396,0.56,5.6,3.496685382625573,,24.108429962882678,13.714094281723337,Peat,24.108429962882678,-18.50842996288268,Peat 1,1,2.36,3.14,-0.8399999999999999,-1.62
-1.1400000000000001,2.66,0.55,0.054,1.0,0.6,-0.8,2.4,9.6644,178.0,2.6596,0.55,5.5,3.509090504932693,,24.40969738286593,13.780652476765626,Peat,24.40969738286593,-18.90969738286593,Peat 1,1,2.36,3.14,-0.8399999999999999,-1.62
-1.1600000000000001,2.68,0.56,0.053,0.7,0.6,-0.4,2.4,9.5067,179.0,2.6796,0.56,5.6,3.4985133086314306,,24.19607057218601,13.733388826146086,Peat,24.19607057218601,-18.596070572186008,Peat 1,1,2.36,3.14,-0.8399999999999999,-1.62
-1.1800000000000002,2.7,0.56,0.054,1.0,0.2,-1.0,2.4,9.7297,180.0,2.6996,0.56,5.6,3.5048485838965955,,24.496536426703553,13.799957325929249,Peat,24.496536426703553,-18.896536426703555,Peat 1,1,2.36,3.14,-0.8399999999999999,-1.62
-1.2000000000000002,2.72,0.56,0.055,0.9,0.4,-0.8,2.1,9.9773,181.0,2.7196,0.56,5.6,3.5117345069922674,,24.81768903453338,13.87179833506939,Peat,24.81768903453338,-19.21768903453338,Peat 1,1,2.36,3.14,-0.8399999999999999,-1.62
-1.2200000000000002,2.74,0.56,0.054,0.9,0.4,-0.8,2.1,9.8405,181.0,2.7396,0.56,5.6,3.5079488867321835,,24.64180456665505,13.832367481578917,Peat,24.64180456665505,-19.041804566655053,Peat 1,1,2.36,3.14,-0.8399999999999999,-1.62
-1.2399999999999998,2.76,0.55,0.053,0.9,0.4,-0.8,2.4,9.7921,182.0,2.7596,0.55,5.5,3.5126758784000547,,24.57866475588993,13.818262937555911,Peat,24.57866475588993,-19.07866475588993,Peat 1,1,2.36,3.14,-0.8399999999999999,-1.62
-1.2599999999999998,2.78,0.54,0.053,0.9,0.4,-0.8,2.4,9.9531,183.0,2.7796,0.54,5.4,3.523326162338912,,24.78684672369001,13.864869125007845,Peat,24.78684672369001,-19.386846723690013,Peat 1,1,2.36,3.14,-0.8399999999999999,-1.62
-1.2799999999999998,2.8,0.53,0.052,0.8,0.6,-0.6,2.3,9.9284,184.0,2.7996,0.53,5.3,3.52895943301136,,24.755247998578245,13.857776455102414,Peat,24.755247998578245,-19.455247998578244,Peat 1,1,2.36,3.14,-0.8399999999999999,-1.62
-1.2999999999999998,2.82,0.53,0.051,1.1,0.6,-1.0,2.7,9.9029,185.0,2.8196,0.53,5.3,3.528257924939662,,24.72249838801957,13.85043241771423,Peat,24.72249838801957,-19.42249838801957,Peat 1,1,2.36,3.14,-0.8399999999999999,-1.62
-1.3199999999999998,2.84,0.5,0.05,1.0667,0.4,-0.8,2.6,9.901,186.0,2.8396,0.5,5.0,3.547934742361983,,24.720053005185616,13.849884330715705,Peat,24.720053005185616,-19.720053005185616,Peat 1,1,2.36,3.14,-0.8399999999999999,-1.62
-1.3399999999999999,2.86,0.49,0.048,1.0333,0.6,-0.8,2.4,9.6725,186.0,2.8596,0.49,4.9,3.5484800915381043,,24.42051956693364,13.783055443624052,Peat,24.42051956693364,-19.520519566933636,Peat 1,1,2.36,3.14,-0.8399999999999999,-1.62
-1.3599999999999999,2.88,0.49,0.045,1.0,0.6,-0.8,2.4,9.1371,187.0,2.8796,0.49,4.9,3.533162183534745,,23.67193981243447,13.618860240759398,Peat,23.67193981243447,-18.771939812434468,Peat 1,1,2.36,3.14,-0.8399999999999999,-1.62
-1.38,2.9,0.49,0.043,0.9,0.4,-0.8,2.3,8.6869,188.0,2.8996,0.49,4.9,3.519660090646586,,22.982448119244257,13.47154869660679,Peat,22.982448119244257,-18.082448119244255,Peat 1,1,2.36,3.14,-0.8399999999999999,-1.62
-1.4,2.92,0.47,0.042,1.0,0.6,-0.8,2.4,8.3168,189.0,2.9196,0.47,4.7,3.522452154672198,,22.365184549766447,13.34321760586897,Peat,22.365184549766447,-17.665184549766447,Peat 1,1,2.36,3.14,-0.8399999999999999,-1.62
-1.42,2.94,0.47,0.041,1.1,0.4,-1.0,2.4,7.8282,190.0,2.9396,0.47,4.7,3.5065400436978753,,21.46275767964226,13.162305536531562,Peat,21.46275767964226,-16.76275767964226,Peat 1,1,2.36,3.14,-0.8399999999999999,-1.62
-1.44,2.96,0.5,0.043,0.9,0.4,-0.8,2.4,7.5274,190.0,2.9596,0.5,5.0,3.474842078527252,,20.84499561238811,13.043502255362414,Peat,20.84499561238811,-15.84499561238811,Peat 1,1,2.36,3.14,-0.8399999999999999,-1.62
-1.46,2.98,0.55,0.043,0.7,0.4,-0.6,2.4,5.7333,191.0,2.9796,0.55,5.5,3.371202289117906,,14.897686918895067,12.165347794628483,Peat,14.897686918895067,-9.397686918895067,Peat 1,1,2.36,3.14,-0.8399999999999999,-1.62
-1.48,3.0,0.58,0.044,0.7,0.6,-0.4,2.3,3.9955,192.0,2.9996,0.58,5.8,3.2624612527818972,,,10.707863770804643,Organic clay,10.707863770804643,-4.907863770804643,Peat 1,1,2.36,3.14,-0.8399999999999999,-1.62
-1.5,3.02,0.64,0.041,0.9,0.8,-0.4,2.4,2.5605,193.0,3.0196,0.64,6.4,3.1220792303722074,,,,Clay & silt,,,Peat 1,1,2.36,3.14,-0.8399999999999999,-1.62
-1.52,3.04,0.87,0.039,1.3,0.6,-1.2,2.4,1.7758,194.0,3.0396,0.87,8.7,2.926166723189085,,,,Silty clay / clayey silt,,,Peat 1,1,2.36,3.14,-0.8399999999999999,-1.62
-1.54,3.06,1.92,0.038,1.0,0.6,-0.8,2.4,1.3345,195.0,3.0596,1.92,19.2,2.567398214736801,,,,Sand mixtures,,,Peat 1,1,2.36,3.14,-0.8399999999999999,-1.62
-1.56,3.08,3.28,0.041,0.9,0.4,-0.8,2.3,1.1553,195.0,3.0796,3.28,32.8,2.337501853742594,,,,Sand mixtures,,,Peat 1,1,2.36,3.14,-0.8399999999999999,-1.62
-1.58,3.1,4.47,0.043,1.0,0.6,-0.8,2.4,1.0156,196.0,3.0996,4.47,44.7,2.1945681292529464,,,,Sand mixtures,,,Peat 1,1,2.36,3.14,-0.8399999999999999,-1.62
-1.6,3.12,5.26,0.044,0.8,0.6,-0.6,2.4,0.8975,197.0,3.1196,5.26,52.6,2.105958381604463,,,,Sand mixtures,,,Peat 1,1,2.36,3.14,-0.8399999999999999,-1.62
-1.62,3.14,5.76,0.046,0.8,0.6,-0.6,2.4,0.84462,198.0,3.1396,5.76,57.6,2.0585158639133545,,,,Sand mixtures,,,Sand 2,2,3.14,5.9,-1.62,-4.380000000000001
-1.6400000000000001,3.16,6.19,0.05,1.0,0.6,-0.8,2.4,0.85763,199.0,3.1596,6.19,61.9,2.036374986394128,,,,Sand,,,Sand 2,2,3.14,5.9,-1.62,-4.380000000000001
-1.6600000000000001,3.18,6.12,0.052,1.0,0.6,-0.8,2.4,0.85421,200.0,3.1796,6.12,61.2,2.0394673130354573,,,,Sand,,,Sand 2,2,3.14,5.9,-1.62,-4.380000000000001
-1.6800000000000002,3.2,6.22,0.053,0.9,0.4,-0.8,2.4,0.84378,200.0,3.1996,6.22,62.2,2.030645246127204,,,,Sand,,,Sand 2,2,3.14,5.9,-1.62,-4.380000000000001
-1.7000000000000002,3.22,6.27,0.055,1.1,0.4,-1.0,2.3,0.85404,201.0,3.2196,6.27,62.7,2.030747633848266,,,,Sand,,,Sand 2,2,3.14,5.9,-1.62,-4.380000000000001
-1.7200000000000002,3.24,6.35,0.057,1.0667,0.4,-0.8,2.0,0.86708,202.0,3.2396,6.35,63.5,2.029961696642021,,,,Sand,,,Sand 2,2,3.14,5.9,-1.62,-4.380000000000001
-1.7399999999999998,3.26,6.53,0.059,1.0333,0.6,-0.8,2.2,0.87214,203.0,3.2595,6.53,65.3,2.0214531203930437,,,,Sand,,,Sand 2,2,3.14,5.9,-1.62,-4.380000000000001
-1.7599999999999998,3.28,6.81,0.062,1.0,0.6,-0.8,2.4,0.88953,204.0,3.2795,6.81,68.1,2.0115227775891658,,,,Sand,,,Sand 2,2,3.14,5.9,-1.62,-4.380000000000001
-1.7799999999999998,3.3,7.03,0.064,1.0,0.6,-0.8,2.4,0.88904,205.0,3.2995,7.03,70.3,2.0001627498049253,,,,Sand,,,Sand 2,2,3.14,5.9,-1.62,-4.380000000000001
-1.7999999999999998,3.32,7.26,0.065,1.0,0.6,-0.8,2.2,0.87307,206.0,3.3195,7.26,72.6,1.9842177025262473,,,,Sand,,,Sand 2,2,3.14,5.9,-1.62,-4.380000000000001
-1.8199999999999998,3.34,7.65,0.066,1.0,0.6,-0.8,2.7,0.85826,206.0,3.3395,7.65,76.5,1.961455211022727,,,,Sand,,,Sand 2,2,3.14,5.9,-1.62,-4.380000000000001
-1.8399999999999999,3.36,7.86,0.069,0.9,0.4,-0.8,2.4,0.87053,207.0,3.3595,7.86,78.6,1.9556054017475852,,,,Sand,,,Sand 2,2,3.14,5.9,-1.62,-4.380000000000001
-1.8599999999999999,3.38,8.1,0.071,1.0,0.6,-0.8,2.4,0.86903,208.0,3.3795,8.1,81.0,1.9446569446144628,,,,Sand,,,Sand 2,2,3.14,5.9,-1.62,-4.380000000000001
-1.88,3.4,8.32,0.072,1.0,0.6,-0.8,2.4,0.85638,209.0,3.3995,8.32,83.2,1.9315169689188703,,,,Sand,,,Sand 2,2,3.14,5.9,-1.62,-4.380000000000001
-1.9,3.42,8.49,0.073,0.9,0.4,-0.8,2.4,0.84699,210.0,3.4195,8.49,84.9,1.9216113185145818,,,,Sand,,,Sand 2,2,3.14,5.9,-1.62,-4.380000000000001
-1.92,3.44,8.7,0.074,1.0,0.6,-0.8,2.3,0.839,211.0,3.4395,8.7,87.0,1.9106445878665623,,,,Sand,,,Sand 2,2,3.14,5.9,-1.62,-4.380000000000001
-1.94,3.46,8.98,0.075,1.0,0.6,-0.8,2.3,0.83322,211.0,3.4595,8.98,89.8,1.897836487123257,,,,Sand,,,Sand 2,2,3.14,5.9,-1.62,-4.380000000000001
-1.96,3.48,9.16,0.078,1.0,0.6,-0.8,2.4,0.85164,212.0,3.4795,9.16,91.6,1.896699302958102,,,,Sand,,,Sand 2,2,3.14,5.9,-1.62,-4.380000000000001
-1.98,3.5,9.34,0.08,1.0,0.6,-0.8,2.4,0.86103,213.0,3.4995,9.34,93.4,1.8928884612215318,,,,Sand,,,Sand 2,2,3.14,5.9,-1.62,-4.380000000000001
-2.0,3.52,9.47,0.082,1.0,0.6,-0.8,2.4,0.87292,214.0,3.5195,9.47,94.7,1.8917854119387882,,,,Sand,,,Sand 2,2,3.14,5.9,-1.62,-4.380000000000001
-2.02,3.54,9.55,0.084,1.0,0.6,-0.8,2.3,0.88771,215.0,3.5395,9.55,95.5,1.8933957178345724,,,,Sand,,,Sand 2,2,3.14,5.9,-1.62,-4.380000000000001
-2.04,3.56,9.58,0.085,1.0,0.6,-0.8,2.4,0.89286,216.0,3.5595,9.58,95.8,1.8938760097135714,,,,Sand,,,Sand 2,2,3.14,5.9,-1.62,-4.380000000000001
-2.06,3.58,9.55,0.087,1.0,0.6,-0.8,2.4,0.90933,216.0,3.5795,9.55,95.5,1.8998616719881842,,,,Sand,,,Sand 2,2,3.14,5.9,-1.62,-4.380000000000001
-2.08,3.6,9.52,0.088,0.9,0.4,-0.8,2.4,0.91583,217.0,3.5995,9.52,95.2,1.9028531547321506,,,,Sand,,,Sand 2,2,3.14,5.9,-1.62,-4.380000000000001
-2.1,3.62,9.53,0.088,0.9,0.4,-0.8,2.3,0.91086,218.0,3.6195,9.53,95.3,1.901028702563714,,,,Sand,,,Sand 2,2,3.14,5.9,-1.62,-4.380000000000001
-2.12,3.64,9.62,0.088,1.0,0.6,-0.8,2.4,0.90419,219.0,3.6395,9.62,96.2,1.895846841728957,,,,Sand,,,Sand 2,2,3.14,5.9,-1.62,-4.380000000000001
-2.14,3.66,9.72,0.087,1.0,0.6,-0.8,2.4,0.88516,220.0,3.6595,9.72,97.2,1.886598297838355,,,,Sand,,,Sand 2,2,3.14,5.9,-1.62,-4.380000000000001
-2.16,3.68,9.8,0.087,1.0,0.6,-0.8,2.4,0.87492,221.0,3.6795,9.8,98.0,1.880676142329541,,,,Sand,,,Sand 2,2,3.14,5.9,-1.62,-4.380000000000001
-2.18,3.7,9.97,0.087,1.0,0.6,-0.8,2.4,0.86385,221.0,3.6995,9.97,99.7,1.8713865356503134,,,,Sand,,,Sand 2,2,3.14,5.9,-1.62,-4.380000000000001
-2.2,3.72,10.15,0.087,0.9,0.4,-0.8,2.1,0.85325,222.0,3.7195,10.15,101.5,1.8619635568107422,,,,Sand,,,Sand 2,2,3.14,5.9,-1.62,-4.380000000000001
-2.22,3.74,10.32,0.087,1.0,0.6,-0.8,2.1,0.84302,223.0,3.7395,10.32,103.2,1.8530551170576621,,,,Sand,,,Sand 2,2,3.14,5.9,-1.62,-4.380000000000001
-2.2399999999999998,3.76,10.44,0.087,1.0,0.6,-0.8,2.3,0.83283,224.0,3.7595,10.44,104.4,1.8458437243742731,,,,Sand,,,Sand 2,2,3.14,5.9,-1.62,-4.380000000000001
-2.26,3.78,10.55,0.087,1.0,0.6,-0.8,2.4,0.82367,225.0,3.7795,10.55,105.5,1.839297117502758,,,,Sand,,,Sand 2,2,3.14,5.9,-1.62,-4.380000000000001
-2.28,3.8,10.62,0.087,0.9,0.4,-0.8,2.2,0.81585,226.0,3.7995,10.62,106.2,1.8344803958220244,,,,Sand,,,Sand 2,2,3.14,5.9,-1.62,-4.380000000000001
-2.3,3.82,10.71,0.087,1.0,0.6,-0.8,2.4,0.8093,227.0,3.8195,10.71,107.1,1.8294363895614085,,,,Sand,,,Sand 2,2,3.14,5.9,-1.62,-4.380000000000001
-2.32,3.84,10.81,0.086,1.0,0.6,-0.8,2.9,0.79455,227.0,3.8395,10.81,108.1,1.8213369297596622,,,,Sand,,,Sand 2,2,3.14,5.9,-1.62,-4.380000000000001
-2.34,3.86,10.9,0.085,0.9,0.4,-0.8,2.5,0.78107,228.0,3.8595,10.9,109.0,1.8139310295722575,,,,Sand,,,Sand 2,2,3.14,5.9,-1.62,-4.380000000000001
-2.36,3.88,10.96,0.084,1.0,0.6,-0.8,2.3,0.76914,229.0,3.8795,10.96,109.6,1.8079518221608502,,,,Sand,,,Sand 2,2,3.14,5.9,-1.62,-4.380000000000001
-2.38,3.9,11.01,0.083,1.0,0.6,-0.8,2.4,0.75842,230.0,3.8995,11.01,110.1,1.8026627471586805,,,,Sand,,,Sand 2,2,3.14,5.9,-1.62,-4.380000000000001
-2.4,3.92,11.03,0.082,1.1,0.6,-1.0,2.4,0.74886,231.0,3.9195,11.03,110.3,1.798681020762416,,,,Sand,,,Sand 2,2,3.14,5.9,-1.62,-4.380000000000001
-2.42,3.94,11.02,0.081,1.1,0.4,-1.0,2.4,0.74057,231.0,3.9394,11.02,110.2,1.796056713522047,,,,Sand,,,Sand 2,2,3.14,5.9,-1.62,-4.380000000000001
-2.44,3.96,10.93,0.081,1.0,0.6,-0.8,2.4,0.74261,232.0,3.9594,10.93,109.3,1.7996131108223419,,,,Sand,,,Sand 2,2,3.14,5.9,-1.62,-4.380000000000001
-2.46,3.98,10.89,0.081,1.1,0.6,-1.0,2.3,0.74534,233.0,3.9794,10.89,108.9,1.8018455250236949,,,,Sand,,,Sand 2,2,3.14,5.9,-1.62,-4.380000000000001
-2.48,4.0,10.86,0.08,1.0,0.6,-0.8,2.4,0.7398,234.0,3.9994,10.86,108.6,1.8008370574169315,,,,Sand,,,Sand 2,2,3.14,5.9,-1.62,-4.380000000000001
-2.4999999999999996,4.02,10.8,0.081,1.0,0.6,-0.8,2.4,0.7534,235.0,4.0194,10.8,108.0,1.8075443308998358,,,,Sand,,,Sand 2,2,3.14,5.9,-1.62,-4.380000000000001
-2.52,4.04,10.72,0.082,0.9,0.4,-0.8,2.4,0.76698,236.0,4.0394,10.72,107.2,1.8148241869707993,,,,Sand,,,Sand 2,2,3.14,5.9,-1.62,-4.380000000000001
-2.5399999999999996,4.06,10.69,0.083,1.0,0.6,-0.8,2.4,0.78026,236.0,4.0594,10.69,106.9,1.820335576503023,,,,Sand,,,Sand 2,2,3.14,5.9,-1.62,-4.380000000000001
-2.56,4.08,10.6,0.085,0.9,0.4,-0.8,2.4,0.80227,237.0,4.0794,10.6,106.0,1.8306386447934226,,,,Sand,,,Sand 2,2,3.14,5.9,-1.62,-4.380000000000001
-2.5799999999999996,4.1,10.52,0.085,1.1,0.6,-1.0,2.4,0.80407,238.0,4.0994,10.52,105.2,1.8338333311437238,,,,Sand,,,Sand 2,2,3.14,5.9,-1.62,-4.380000000000001
-2.6,4.12,10.45,0.084,1.0889,0.6,-0.8,2.4,0.79433,239.0,4.1194,10.45,104.5,1.8328845300756853,,,,Sand,,,Sand 2,2,3.14,5.9,-1.62,-4.380000000000001
-2.6199999999999997,4.14,10.46,0.084,1.0778,0.4,-1.0,2.4,0.79255,240.0,4.1394,10.46,104.6,1.8319604316250582,,,,Sand,,,Sand 2,2,3.14,5.9,-1.62,-4.380000000000001
-2.64,4.16,10.52,0.083,1.0667,0.4,-0.8,2.3,0.7798,241.0,4.1594,10.52,105.2,1.8256957915905934,,,,Sand,,,Sand 2,2,3.14,5.9,-1.62,-4.380000000000001
-2.6599999999999997,4.18,10.61,0.083,1.0333,0.4,-0.8,2.4,0.77543,241.0,4.1794,10.61,106.1,1.821275056507691,,,,Sand,,,Sand 2,2,3.14,5.9,-1.62,-4.380000000000001
-2.68,4.2,10.75,0.082,1.0,0.6,-0.8,2.4,0.7612,242.0,4.1994,10.75,107.5,1.8118623480331413,,,,Sand,,,Sand 2,2,3.14,5.9,-1.62,-4.380000000000001
-2.6999999999999997,4.22,10.88,0.082,1.1,0.4,-1.0,2.3,0.75646,243.0,4.2194,10.88,108.8,1.8060684726647238,,,,Sand,,,Sand 2,2,3.14,5.9,-1.62,-4.380000000000001
-2.72,4.24,10.96,0.081,1.1,0.6,-1.0,2.0,0.74363,244.0,4.2394,10.96,109.6,1.7990279982972557,,,,Sand,,,Sand 2,2,3.14,5.9,-1.62,-4.380000000000001
-2.7399999999999998,4.26,11.0,0.081,1.0,0.6,-0.8,2.2,0.74074,245.0,4.2594,11.0,110.0,1.7967443918458113,,,,Sand,,,Sand 2,2,3.14,5.9,-1.62,-4.380000000000001
-2.7600000000000002,4.28,11.0,0.081,1.1,0.4,-1.0,2.4,0.73905,246.0,4.2794,11.0,110.0,1.7961429645966318,,,,Sand,,,Sand 2,2,3.14,5.9,-1.62,-4.380000000000001
-2.78,4.3,11.0,0.081,1.0,0.6,-0.8,2.4,0.73888,247.0,4.2994,11.0,110.0,1.796082409090804,,,,Sand,,,Sand 2,2,3.14,5.9,-1.62,-4.380000000000001
-2.8000000000000003,4.32,10.94,0.08,1.2,0.4,-1.2,2.2,0.73093,247.0,4.3194,10.94,109.4,1.7951317909700037,,,,Sand,,,Sand 2,2,3.14,5.9,-1.62,-4.380000000000001
-2.82,4.34,10.95,0.08,1.0,0.6,-0.8,2.8,0.73285,248.0,4.3394,10.95,109.5,1.7955037490037946,,,,Sand,,,Sand 2,2,3.14,5.9,-1.62,-4.380000000000001
-2.8400000000000003,4.36,10.95,0.08,1.0,0.6,-0.8,2.7,0.73513,249.0,4.3594,10.95,109.5,1.7963192981036051,,,,Sand,,,Sand 2,2,3.14,5.9,-1.62,-4.380000000000001
-2.86,4.38,10.9,0.079,1.0,0.6,-0.8,2.4,0.72853,250.0,4.3794,10.9,109.0,1.7955387212781762,,,,Sand,,,Sand 2,2,3.14,5.9,-1.62,-4.380000000000001
-2.8800000000000003,4.4,10.82,0.08,1.0,0.6,-0.8,2.4,0.74048,251.0,4.3994,10.82,108.2,1.8023547545805063,,,,Sand,,,Sand 2,2,3.14,5.9,-1.62,-4.380000000000001
-2.9,4.42,10.77,0.08,1.0,0.6,-0.8,2.4,0.7441,251.0,4.4194,10.77,107.7,1.805237543618368,,,,Sand,,,Sand 2,2,3.14,5.9,-1.62,-4.380000000000001
-2.9200000000000004,4.44,10.73,0.079,1.0,0.6,-0.8,2.4,0.73884,252.0,4.4394,10.73,107.3,1.8046648256557105,,,,Sand,,,Sand 2,2,3.14,5.9,-1.62,-4.380000000000001
-2.94,4.46,10.69,0.078,1.1,0.6,-1.0,2.4,0.73412,253.0,4.4594,10.69,106.9,1.8042825038890038,,,,Sand,,,Sand 2,2,3.14,5.9,-1.62,-4.380000000000001
-2.9600000000000004,4.48,10.62,0.078,1.1,0.8,-0.6,2.4,0.73925,254.0,4.4794,10.62,106.2,1.8083813144331524,,,,Sand,,,Sand 2,2,3.14,5.9,-1.62,-4.380000000000001
-2.98,4.5,10.53,0.076,1.1,0.8,-0.8,2.4,0.72536,255.0,4.4994,10.53,105.3,1.8063941178225553,,,,Sand,,,Sand 2,2,3.14,5.9,-1.62,-4.380000000000001
-2.9999999999999996,4.52,10.48,0.081,1.1,0.6,-0.8,2.3,0.77866,256.0,4.5194,10.48,104.8,1.8266216052710145,,,,Sand,,,Sand 2,2,3.14,5.9,-1.62,-4.380000000000001
-3.02,4.54,10.36,0.075,1.1,0.4,-1.0,2.4,0.72771,256.0,4.5393,10.36,103.6,1.812901568482022,,,,Sand,,,Sand 2,2,3.14,5.9,-1.62,-4.380000000000001
-3.0399999999999996,4.56,10.23,0.072,1.1,0.8,-0.8,2.4,0.70476,257.0,4.5593,10.23,102.3,1.809053694639011,,,,Sand,,,Sand 2,2,3.14,5.9,-1.62,-4.380000000000001
-3.06,4.58,10.18,0.068,1.1,0.6,-1.0,2.4,0.67103,258.0,4.5793,10.18,101.8,1.7982909227783632,,,,Sand,,,Sand 2,2,3.14,5.9,-1.62,-4.380000000000001
-3.0799999999999996,4.6,10.13,0.066,1.0,0.6,-0.8,2.4,0.65631,259.0,4.5993,10.13,101.3,1.794445546413276,,,,Sand,,,Sand 2,2,3.14,5.9,-1.62,-4.380000000000001
-3.1,4.62,9.92,0.066,1.0,0.6,-0.8,2.4,0.6605,260.0,4.6193,9.92,99.2,1.8034698051615021,,,,Sand,,,Sand 2,2,3.14,5.9,-1.62,-4.380000000000001
-3.1199999999999997,4.64,9.9,0.068,1.0,0.6,-0.8,2.4,0.6835,260.0,4.6393,9.9,99.0,1.812794782282008,,,,Sand,,,Sand 2,2,3.14,5.9,-1.62,-4.380000000000001
-3.14,4.66,9.87,0.066,1.0,0.6,-0.8,2.4,0.66566,261.0,4.6593,9.87,98.7,1.8072120967331669,,,,Sand,,,Sand 2,2,3.14,5.9,-1.62,-4.380000000000001
-3.1599999999999997,4.68,9.86,0.063,1.0,0.6,-0.8,2.4,0.6366,262.0,4.6793,9.86,98.6,1.796452684332526,,,,Sand,,,Sand 2,2,3.14,5.9,-1.62,-4.380000000000001
-3.18,4.7,9.85,0.062,1.0,0.6,-0.8,2.3,0.62595,263.0,4.6993,9.85,98.5,1.7926498299327271,,,,Sand,,,Sand 2,2,3.14,5.9,-1.62,-4.380000000000001
-3.1999999999999997,4.72,9.88,0.061,1.0,0.6,-0.8,2.4,0.61531,264.0,4.7193,9.88,98.8,1.7873479570205673,,,,Sand,,,Sand 2,2,3.14,5.9,-1.62,-4.380000000000001
-3.22,4.74,9.91,0.06,1.0,0.6,-0.8,2.0,0.60461,265.0,4.7393,9.91,99.1,1.7819684903203628,,,,Sand,,,Sand 2,2,3.14,5.9,-1.62,-4.380000000000001
-3.2399999999999998,4.76,9.98,0.061,1.1,0.8,-0.8,2.2,0.61384,266.0,4.7593,9.98,99.8,1.7831523269108065,,,,Sand,,,Sand 2,2,3.14,5.9,-1.62,-4.380000000000001
-3.2600000000000002,4.78,9.99,0.062,1.1,0.6,-0.8,2.4,0.62233,267.0,4.7793,9.99,99.9,1.7861734822255673,,,,Sand,,,Sand 2,2,3.14,5.9,-1.62,-4.380000000000001
-3.28,4.8,9.97,0.061,1.1,0.6,-0.8,2.4,0.61008,267.0,4.7993,9.97,99.7,1.7820046381867116,,,,Sand,,,Sand 2,2,3.14,5.9,-1.62,-4.380000000000001
-3.3000000000000003,4.82,9.95,0.061,1.1,0.6,-1.0,2.0,0.6078,268.0,4.8193,9.95,99.5,1.7818081871810258,,,,Sand,,,Sand 2,2,3.14,5.9,-1.62,-4.380000000000001
-3.32,4.84,9.97,0.06,1.1,0.6,-0.8,3.0,0.59598,269.0,4.8393,9.97,99.7,1.7762950334069212,,,,Sand,,,Sand 2,2,3.14,5.9,-1.62,-4.380000000000001
-3.3400000000000003,4.86,10.05,0.06,1.1,0.6,-0.8,2.7,0.59457,270.0,4.8593,10.05,100.5,1.7728440597881108,,,,Sand,,,Sand 2,2,3.14,5.9,-1.62,-4.380000000000001
-3.36,4.88,10.17,0.06,1.1,0.8,-0.8,2.4,0.59311,271.0,4.8793,10.17,101.7,1.76797839705207,,,,Sand,,,Sand 2,2,3.14,5.9,-1.62,-4.380000000000001
-3.3800000000000003,4.9,10.21,0.061,1.1,0.6,-0.8,2.4,0.60128,271.0,4.8993,10.21,102.1,1.7699152950072443,,,,Sand,,,Sand 2,2,3.14,5.9,-1.62,-4.380000000000001
-3.4,4.92,10.23,0.062,1.1,0.6,-1.0,2.4,0.61054,272.0,4.9193,10.23,102.3,1.7729704061052585,,,,Sand,,,Sand 2,2,3.14,5.9,-1.62,-4.380000000000001
-3.4200000000000004,4.94,10.18,0.063,1.1,0.6,-1.0,2.4,0.62145,273.0,4.9393,10.18,101.8,1.7790934971055217,,,,Sand,,,Sand 2,2,3.14,5.9,-1.62,-4.380000000000001
-3.44,4.96,10.17,0.064,1.1,0.6,-0.8,2.4,0.63437,274.0,4.9593,10.17,101.7,1.784548811690488,,,,Sand,,,Sand 2,2,3.14,5.9,-1.62,-4.380000000000001
-3.4600000000000004,4.98,10.18,0.067,1.1,0.8,-0.8,2.3,0.66891,275.0,4.9793,10.18,101.8,1.7974913532614927,,,,Sand,,,Sand 2,2,3.14,5.9,-1.62,-4.380000000000001
-3.48,5.0,10.05,0.07,1.1,0.6,-1.0,2.4,0.70511,276.0,4.9993,10.05,100.5,1.815408829722145,,,,Sand,,,Sand 2,2,3.14,5.9,-1.62,-4.380000000000001
-3.4999999999999996,5.02,9.91,0.069,1.0,0.6,-0.8,2.4,0.70318,276.0,5.0193,9.91,99.1,1.8196400217193816,,,,Sand,,,Sand 2,2,3.14,5.9,-1.62,-4.380000000000001
-3.52,5.04,9.78,0.063,1.0,0.6,-0.8,2.4,0.65032,277.0,5.0393,9.78,97.8,1.8046464283050896,,,,Sand,,,Sand 2,2,3.14,5.9,-1.62,-4.380000000000001
-3.5399999999999996,5.06,9.63,0.062,1.0,0.6,-0.8,2.3,0.64871,278.0,5.0593,9.63,96.3,1.8095400631831229,,,,Sand,,,Sand 2,2,3.14,5.9,-1.62,-4.380000000000001
-3.56,5.08,9.52,0.052,1.0,0.6,-0.8,2.4,0.55136,279.0,5.0793,9.52,95.2,1.7744073666318922,,,,Sand,,,Sand 2,2,3.14,5.9,-1.62,-4.380000000000001
-3.5799999999999996,5.1,9.26,0.055,1.1,0.6,-1.0,2.4,0.59315,280.0,5.0993,9.26,92.6,1.8018197241751162,,,,Sand,,,Sand 2,2,3.14,5.9,-1.62,-4.380000000000001
-3.6,5.12,9.17,0.049,1.0,0.6,-0.8,2.3,0.53898,281.0,5.1192,9.17,91.7,1.7828181983531495,,,,Sand,,,Sand 2,2,3.14,5.9,-1.62,-4.380000000000001
-3.6199999999999997,5.14,9.14,0.0483,1.0,0.6,-0.8,2.4,0.54239,281.0,5.1392,9.14,91.4,1.7854842914671112,,,,Sand,,,Sand 2,2,3.14,5.9,-1.62,-4.380000000000001
-3.64,5.16,9.04,0.0477,0.8,0.6,-0.6,2.4,0.54812,282.0,5.1592,9.04,90.4,1.791962201398152,,,,Sand,,,Sand 2,2,3.14,5.9,-1.62,-4.380000000000001
-3.6599999999999997,5.18,8.64,0.047,1.0,0.6,-0.8,2.4,0.55164,283.0,5.1792,8.64,86.4,1.81007234195916,,,,Sand,,,Sand 2,2,3.14,5.9,-1.62,-4.380000000000001
-3.68,5.2,8.33,0.049,1.0,0.6,-0.8,2.3,0.58903,284.0,5.1992,8.33,83.3,1.8387150435102335,,,,Sand,,,Sand 2,2,3.14,5.9,-1.62,-4.380000000000001
-3.6999999999999997,5.22,8.14,0.055,1.0,0.6,-0.8,2.4,0.67922,285.0,5.2192,8.14,81.4,1.8810577519216032,,,,Sand,,,Sand 2,2,3.14,5.9,-1.62,-4.380000000000001
-3.72,5.24,7.9,0.058,1.0,0.6,-0.8,2.0,0.73733,286.0,5.2392,7.9,79.0,1.911900882016988,,,,Sand,,,Sand 2,2,3.14,5.9,-1.62,-4.380000000000001
-3.7399999999999998,5.26,7.8,0.051,1.0,0.6,-0.8,2.2,0.66212,287.0,5.2592,7.8,78.0,1.8903266039362754,,,,Sand,,,Sand 2,2,3.14,5.9,-1.62,-4.380000000000001
-3.7600000000000002,5.28,7.56,0.05,1.1,0.8,-0.8,2.4,0.66007,287.0,5.2792,7.56,75.6,1.900934042080529,,,,Sand,,,Sand 2,2,3.14,5.9,-1.62,-4.380000000000001
-3.78,5.3,7.37,0.049,1.0,0.6,-0.8,2.4,0.65761,288.0,5.2992,7.37,73.7,1.9093163357501697,,,,Sand,,,Sand 2,2,3.14,5.9,-1.62,-4.380000000000001
-3.8000000000000003,5.32,7.19,0.048,1.0,0.6,-0.8,2.2,0.65686,289.0,5.3192,7.19,71.9,1.9180702586215146,,,,Sand,,,Sand 2,2,3.14,5.9,-1.62,-4.380000000000001
-3.82,5.34,7.33,0.049,1.0,0.6,-0.8,2.8,0.68555,290.0,5.3392,7.33,73.3,1.9211740960242958,,,,Sand,,,Sand 2,2,3.14,5.9,-1.62,-4.380000000000001
-3.8400000000000003,5.36,7.31,0.044,1.1,0.8,-0.8,2.5,0.62913,291.0,5.3592,7.31,73.1,1.90192885891542,,,,Sand,,,Sand 2,2,3.14,5.9,-1.62,-4.380000000000001
-3.86,5.38,7.15,0.043,1.1,0.6,-1.0,2.4,0.6282,291.0,5.3792,7.15,71.5,1.9097094977588613,,,,Sand,,,Sand 2,2,3.14,5.9,-1.62,-4.380000000000001
-3.8800000000000003,5.4,6.75,0.043,1.1,0.8,-0.8,2.4,0.64107,292.0,5.3992,6.75,67.5,1.9355668215945467,,,,Sand,,,Sand 2,2,3.14,5.9,-1.62,-4.380000000000001
-3.9,5.42,6.52,0.043,1.0,0.6,-0.8,2.3,0.65737,293.0,5.4192,6.52,65.2,1.9541149844444252,,,,Sand,,,Sand 2,2,3.14,5.9,-1.62,-4.380000000000001
-3.9200000000000004,5.44,6.33,0.044,1.1,0.4,-1.0,2.3,0.6902,294.0,5.4392,6.33,63.3,1.9762696005775082,,,,Sand,,,Sand 2,2,3.14,5.9,-1.62,-4.380000000000001
-3.94,5.46,6.18,0.043,1.0,0.6,-0.8,2.4,0.69132,295.0,5.4592,6.18,61.8,1.9854469373037744,,,,Sand,,,Sand 2,2,3.14,5.9,-1.62,-4.380000000000001
-3.9600000000000004,5.48,6.09,0.036,1.0,0.6,-0.8,2.4,0.58944,296.0,5.4792,6.09,60.9,1.9548620104298493,,,,Sand,,,Sand 2,2,3.14,5.9,-1.62,-4.380000000000001
-3.98,5.5,6.0,0.033,1.0,0.6,-0.8,2.4,0.54851,296.0,5.4992,6.0,60.0,1.9448360321512919,,,,Sand,,,Sand 2,2,3.14,5.9,-1.62,-4.380000000000001
-3.9999999999999996,5.52,5.98,0.032,1.0,0.6,-0.8,2.4,0.53838,297.0,5.5192,5.98,59.8,1.94212023585172,,,,Sand,,,Sand 2,2,3.14,5.9,-1.62,-4.380000000000001
-4.02,5.54,5.91,0.032,1.1,0.8,-0.8,2.3,0.54422,298.0,5.5392,5.91,59.1,1.948874027768337,,,,Sand,,,Sand 2,2,3.14,5.9,-1.62,-4.380000000000001
-4.039999999999999,5.56,5.85,0.033,1.0,0.6,-0.8,2.4,0.56701,299.0,5.5592,5.85,58.5,1.9615190621699794,,,,Sand,,,Sand 2,2,3.14,5.9,-1.62,-4.380000000000001
-4.0600000000000005,5.58,5.79,0.034,1.0,0.6,-0.8,2.4,0.58989,300.0,5.5792,5.79,57.9,1.9739740951799305,,,,Sand,,,Sand 2,2,3.14,5.9,-1.62,-4.380000000000001
-4.08,5.6,5.75,0.035,1.0,0.6,-0.8,2.3,0.6135,301.0,5.5992,5.75,57.5,1.9851766377511708,,,,Sand,,,Sand 2,2,3.14,5.9,-1.62,-4.380000000000001
-4.1,5.62,5.67,0.036,1.0,0.6,-0.8,2.3,0.63689,301.0,5.6192,5.67,56.7,1.9986983445262914,,,,Sand,,,Sand 2,2,3.14,5.9,-1.62,-4.380000000000001
-4.119999999999999,5.64,5.61,0.037,1.1,0.8,-0.8,2.4,0.65998,302.0,5.6392,5.61,56.1,2.0106200697564165,,,,Sand,,,Sand 2,2,3.14,5.9,-1.62,-4.380000000000001
-4.140000000000001,5.66,5.55,0.038,1.1,0.6,-0.8,2.4,0.68253,303.0,5.6592,5.55,55.5,2.0221862826455994,,,,Sand,,,Sand 2,2,3.14,5.9,-1.62,-4.380000000000001
-4.16,5.68,5.51,0.039,1.1,0.6,-1.0,2.4,0.70493,304.0,5.6792,5.51,55.1,2.0322038916890297,,,,Sand,,,Sand 2,2,3.14,5.9,-1.62,-4.380000000000001
-4.18,5.7,5.49,0.038,1.1,0.8,-0.8,2.4,0.68981,305.0,5.6992,5.49,54.9,2.028617261948918,,,,Sand,,,Sand 2,2,3.14,5.9,-1.62,-4.380000000000001
-4.199999999999999,5.72,5.48,0.039,1.0,0.6,-0.8,2.4,0.71006,306.0,5.7192,5.48,54.8,2.0358766747492054,,,,Sand,,,Sand 2,2,3.14,5.9,-1.62,-4.380000000000001
-4.220000000000001,5.74,5.48,0.039,1.1,0.8,-0.8,2.1,0.71119,306.0,5.7391,5.48,54.8,2.0362401553069804,,,,Sand,,,Sand 2,2,3.14,5.9,-1.62,-4.380000000000001
-4.24,5.76,5.47,0.04,1.0,0.8,-0.6,2.2,0.73009,307.0,5.7591,5.47,54.7,2.042932286142967,,,,Sand,,,Sand 2,2,3.14,5.9,-1.62,-4.380000000000001
-4.26,5.78,5.48,0.04,1.1,0.8,-0.8,2.3,0.73109,308.0,5.7791,5.48,54.8,2.042575223682903,,,,Sand,,,Sand 2,2,3.14,5.9,-1.62,-4.380000000000001
-4.279999999999999,5.8,5.48,0.04,1.0,0.6,-0.8,2.4,0.73227,309.0,5.7991,5.48,54.8,2.042947003263158,,,,Sand,,,Sand 2,2,3.14,5.9,-1.62,-4.380000000000001
-4.300000000000001,5.82,5.48,0.04,0.8,0.6,-0.6,2.3,0.73344,310.0,5.8191,5.48,54.8,2.0433152109779464,,,,Sand,,,Sand 2,2,3.14,5.9,-1.62,-4.380000000000001
-4.32,5.84,5.47,0.04,1.0,0.6,-0.8,2.5,0.73361,311.0,5.8391,5.47,54.7,2.044040776202457,,,,Sand,,,Sand 2,2,3.14,5.9,-1.62,-4.380000000000001
-4.34,5.86,5.43,0.041,1.1,0.8,-0.8,2.7,0.75023,311.0,5.8591,5.43,54.3,2.0519187273097703,,,,Sand mixtures,,,Sand 2,2,3.14,5.9,-1.62,-4.380000000000001
-4.359999999999999,5.88,5.41,0.041,1.1,0.8,-0.8,2.4,0.74681,312.0,5.8791,5.41,54.1,2.0522163912600844,,,,Sand mixtures,,,Sand 2,2,3.14,5.9,-1.62,-4.380000000000001
-4.380000000000001,5.9,5.41,0.041,1.1,0.8,-0.8,2.4,0.74175,313.0,5.8991,5.41,54.1,2.0506450878061835,,,,Sand mixtures,,,Sand 3,3,5.9,15.26,-4.380000000000001,-13.74
-4.4,5.92,5.46,0.041,1.1,0.6,-0.8,2.4,0.7346,314.0,5.9191,5.46,54.6,2.045025170270037,,,,Sand,,,Sand 3,3,5.9,15.26,-4.380000000000001,-13.74
-4.42,5.94,5.58,0.041,1.1,0.8,-0.8,2.4,0.7255,315.0,5.9391,5.58,55.8,2.0341501691868706,,,,Sand,,,Sand 3,3,5.9,15.26,-4.380000000000001,-13.74
-4.4399999999999995,5.96,5.68,0.041,1.1,0.6,-1.0,2.3,0.71444,316.0,5.9591,5.68,56.8,2.0240709203722083,,,,Sand,,,Sand 3,3,5.9,15.26,-4.380000000000001,-13.74
-4.460000000000001,5.98,5.78,0.042,1.3,0.8,-1.0,2.4,0.71933,316.0,5.9791,5.78,57.8,2.019228763478274,,,,Sand,,,Sand 3,3,5.9,15.26,-4.380000000000001,-13.74
-4.48,6.0,5.9,0.042,1.0,0.6,-0.8,2.4,0.70707,317.0,5.9991,5.9,59.0,2.0076986166114295,,,,Sand,,,Sand 3,3,5.9,15.26,-4.380000000000001,-13.74
-4.5,6.02,5.99,0.042,1.1,0.8,-0.8,2.4,0.69652,318.0,6.0191,5.99,59.9,1.9986574947159548,,,,Sand,,,Sand 3,3,5.9,15.26,-4.380000000000001,-13.74
-4.52,6.04,6.11,0.043,1.0,0.8,-0.6,2.4,0.70448,319.0,6.0391,6.11,61.1,1.9940061930555852,,,,Sand,,,Sand 3,3,5.9,15.26,-4.380000000000001,-13.74
-4.539999999999999,6.06,6.21,0.043,1.1,0.6,-1.0,2.4,0.69876,320.0,6.0591,6.21,62.1,1.9861560739139525,,,,Sand,,,Sand 3,3,5.9,15.26,-4.380000000000001,-13.74
-4.5600000000000005,6.08,6.27,0.044,1.0,0.6,-0.8,2.4,0.71183,321.0,6.0791,6.27,62.7,1.9869637091869279,,,,Sand,,,Sand 3,3,5.9,15.26,-4.380000000000001,-13.74
-4.58,6.1,6.3,0.045,1.0,0.8,-0.6,2.4,0.72669,321.0,6.0991,6.3,63.0,1.9900801635145626,,,,Sand,,,Sand 3,3,5.9,15.26,-4.380000000000001,-13.74
-4.6,6.12,6.27,0.045,0.8,0.6,-0.6,2.4,0.72683,322.0,6.1191,6.27,62.7,1.991866179557143,,,,Sand,,,Sand 3,3,5.9,15.26,-4.380000000000001,-13.74
-4.619999999999999,6.14,6.18,0.045,1.0,0.8,-0.6,2.3,0.72757,323.0,6.1391,6.18,61.8,1.9973814727819246,,,,Sand,,,Sand 3,3,5.9,15.26,-4.380000000000001,-13.74
-4.640000000000001,6.16,6.12,0.044,0.9,0.4,-0.8,2.4,0.71169,324.0,6.1591,6.12,61.2,1.9957789133437278,,,,Sand,,,Sand 3,3,5.9,15.26,-4.380000000000001,-13.74
-4.66,6.18,6.08,0.044,1.0,0.6,-0.8,2.4,0.71039,325.0,6.1791,6.08,60.8,1.997755394617173,,,,Sand,,,Sand 3,3,5.9,15.26,-4.380000000000001,-13.74
-4.68,6.2,6.1,0.045,1.0,0.6,-0.8,2.3,0.72188,326.0,6.1991,6.1,61.0,2.0003000629581513,,,,Sand,,,Sand 3,3,5.9,15.26,-4.380000000000001,-13.74
-4.699999999999999,6.22,6.16,0.045,0.8,0.6,-0.6,2.4,0.71315,326.0,6.2191,6.16,61.6,1.993872161942943,,,,Sand,,,Sand 3,3,5.9,15.26,-4.380000000000001,-13.74
-4.720000000000001,6.24,6.25,0.046,1.0,0.6,-0.8,2.3,0.71567,327.0,6.2391,6.25,62.5,1.9893932104283134,,,,Sand,,,Sand 3,3,5.9,15.26,-4.380000000000001,-13.74
-4.74,6.26,6.39,0.047,1.1,0.8,-0.8,2.0,0.71226,328.0,6.2591,6.39,63.9,1.980179502887613,,,,Sand,,,Sand 3,3,5.9,15.26,-4.380000000000001,-13.74
-4.76,6.28,6.59,0.049,1.0667,0.6,-0.6,2.2,0.72046,329.0,6.2791,6.59,65.9,1.971654740097885,,,,Sand,,,Sand 3,3,5.9,15.26,-4.380000000000001,-13.74
-4.779999999999999,6.3,6.79,0.051,1.0333,0.6,-1.0,2.4,0.72366,330.0,6.2991,6.79,67.9,1.96185257335767,,,,Sand,,,Sand 3,3,5.9,15.26,-4.380000000000001,-13.74
-4.800000000000001,6.32,7.06,0.052,1.0,0.6,-0.8,2.3,0.71002,331.0,6.3191,7.06,70.6,1.9431661940262153,,,,Sand,,,Sand 3,3,5.9,15.26,-4.380000000000001,-13.74
-4.82,6.34,7.45,0.055,1.1,0.8,-0.8,2.2,0.7225,332.0,6.3391,7.45,74.5,1.9279511628650439,,,,Sand,,,Sand 3,3,5.9,15.26,-4.380000000000001,-13.74
-4.84,6.36,7.72,0.058,1.0,0.6,-0.8,2.8,0.73255,332.0,6.359,7.72,77.2,1.918542914925801,,,,Sand,,,Sand 3,3,5.9,15.26,-4.380000000000001,-13.74
-4.859999999999999,6.38,8.13,0.06,1.0,0.6,-0.8,2.5,0.72849,333.0,6.379,8.13,81.30000000000001,1.8986727848788996,,,,Sand,,,Sand 3,3,5.9,15.26,-4.380000000000001,-13.74
-4.880000000000001,6.4,8.46,0.062,1.0,0.6,-0.8,2.3,0.72451,334.0,6.399,8.46,84.6,1.8831362320885097,,,,Sand,,,Sand 3,3,5.9,15.26,-4.380000000000001,-13.74
-4.9,6.42,8.7,0.065,1.0,0.6,-0.8,2.4,0.73209,335.0,6.419,8.7,87.0,1.8758068711232418,,,,Sand,,,Sand 3,3,5.9,15.26,-4.380000000000001,-13.74
-4.92,6.44,9.03,0.067,1.0,0.6,-0.8,2.4,0.72737,336.0,6.439,9.03,90.3,1.8610041112725269,,,,Sand,,,Sand 3,3,5.9,15.26,-4.380000000000001,-13.74
-4.9399999999999995,6.46,9.34,0.071,1.0,0.8,-0.6,2.3,0.74531,336.0,6.459,9.34,93.4,1.855305770016348,,,,Sand,,,Sand 3,3,5.9,15.26,-4.380000000000001,-13.74
-4.960000000000001,6.48,9.63,0.073,1.0,0.6,-0.8,2.3,0.73999,337.0,6.479,9.63,96.3,1.8427478852193826,,,,Sand,,,Sand 3,3,5.9,15.26,-4.380000000000001,-13.74
-4.98,6.5,10.02,0.076,1.0,0.6,-0.8,2.4,0.74192,338.0,6.499,10.02,100.2,1.829543169861458,,,,Sand,,,Sand 3,3,5.9,15.26,-4.380000000000001,-13.74
-5.0,6.52,10.38,0.078,1.0,0.6,-0.8,2.4,0.73248,339.0,6.519,10.38,103.8,1.813925025931799,,,,Sand,,,Sand 3,3,5.9,15.26,-4.380000000000001,-13.74
-5.02,6.54,10.65,0.079,1.1,0.8,-0.8,2.4,0.71404,340.0,6.539,10.65,106.5,1.7983659944298078,,,,Sand,,,Sand 3,3,5.9,15.26,-4.380000000000001,-13.74
-5.039999999999999,6.56,11.17,0.081,1.1,0.6,-0.8,2.4,0.70619,341.0,6.559,11.17,111.7,1.778911489446823,,,,Sand,,,Sand 3,3,5.9,15.26,-4.380000000000001,-13.74
-5.0600000000000005,6.58,11.73,0.081,1.1,0.8,-0.8,2.4,0.68398,341.0,6.579,11.73,117.3,1.7535913551318927,,,,Sand,,,Sand 3,3,5.9,15.26,-4.380000000000001,-13.74
-5.08,6.6,12.27,0.083,1.1,0.6,-0.8,2.4,0.682,342.0,6.599,12.27,122.7,1.7372541121490852,,,,Sand,,,Sand 3,3,5.9,15.26,-4.380000000000001,-13.74
-5.1,6.62,12.66,0.082,1.1,0.6,-0.8,2.4,0.65969,343.0,6.619,12.66,126.6,1.7176917647792465,,,,Sand,,,Sand 3,3,5.9,15.26,-4.380000000000001,-13.74
-5.119999999999999,6.64,12.88,0.082,1.1,0.8,-0.8,2.4,0.65209,344.0,6.639,12.88,128.8,1.7086898335886824,,,,Sand,,,Sand 3,3,5.9,15.26,-4.380000000000001,-13.74
-5.140000000000001,6.66,13.0,0.083,1.0,0.6,-0.8,2.4,0.65853,345.0,6.659,13.0,130.0,1.7080775260135719,,,,Sand,,,Sand 3,3,5.9,15.26,-4.380000000000001,-13.74
-5.16,6.68,13.0,0.083,1.0,0.6,-0.8,2.4,0.66274,346.0,6.679,13.0,130.0,1.7097617545874486,,,,Sand,,,Sand 3,3,5.9,15.26,-4.380000000000001,-13.74
-5.18,6.7,12.73,0.083,1.0,0.6,-0.8,2.4,0.67098,346.0,6.699,12.73,127.3,1.7202599868793422,,,,Sand,,,Sand 3,3,5.9,15.26,-4.380000000000001,-13.74
-5.199999999999999,6.72,12.33,0.084,1.0,0.6,-0.8,2.4,0.69043,347.0,6.719,12.33,123.3,1.7388149059117644,,,,Sand,,,Sand 3,3,5.9,15.26,-4.380000000000001,-13.74
-5.220000000000001,6.74,11.96,0.083,1.0,0.6,-0.8,2.2,0.69522,348.0,6.739,11.96,119.6,1.7511470976668388,,,,Sand,,,Sand 3,3,5.9,15.26,-4.380000000000001,-13.74
-5.24,6.76,11.63,0.079,1.1,0.6,-1.0,2.0,0.67392,349.0,6.759,11.63,116.3,1.7527052802000338,,,,Sand,,,Sand 3,3,5.9,15.26,-4.380000000000001,-13.74
-5.26,6.78,11.43,0.076,1.0,0.6,-0.8,2.3,0.65829,350.0,6.779,11.43,114.3,1.7526904600811823,,,,Sand,,,Sand 3,3,5.9,15.26,-4.380000000000001,-13.74
-5.279999999999999,6.8,11.25,0.072,1.1,0.8,-0.8,2.4,0.62868,351.0,6.799,11.25,112.5,1.7465185671342873,,,,Sand,,,Sand 3,3,5.9,15.26,-4.380000000000001,-13.74
-5.300000000000001,6.82,11.18,0.068,1.0,0.6,-0.8,2.3,0.59356,352.0,6.819,11.18,111.8,1.7343009166002492,,,,Sand,,,Sand 3,3,5.9,15.26,-4.380000000000001,-13.74
-5.32,6.84,11.27,0.066,1.0,0.6,-0.8,2.4,0.57075,352.0,6.839,11.27,112.7,1.7217393574184097,,,,Sand,,,Sand 3,3,5.9,15.26,-4.380000000000001,-13.74
-5.34,6.86,11.31,0.061,1.0,0.6,-0.8,2.8,0.51926,353.0,6.859,11.31,113.1,1.6975049469181338,,,,Sand,,,Sand 3,3,5.9,15.26,-4.380000000000001,-13.74
-5.359999999999999,6.88,11.59,0.055,1.0,0.6,-0.8,2.6,0.45943,354.0,6.879,11.59,115.9,1.6597928688213313,,,,Sand,,,Sand 3,3,5.9,15.26,-4.380000000000001,-13.74
-5.380000000000001,6.9,11.99,0.052,1.0,0.6,-0.8,2.4,0.42895,355.0,6.899,11.99,119.9,1.6315579058251535,,,,Sand,,,Sand 3,3,5.9,15.26,-4.380000000000001,-13.74
-5.4,6.92,12.49,0.0512,1.0,0.6,-0.8,2.4,0.42019,356.0,6.919,12.49,124.9,1.6117479349015882,,,,Sand,,,Sand 3,3,5.9,15.26,-4.380000000000001,-13.74
-5.42,6.94,12.9,0.0505,1.0,0.6,-0.8,2.4,0.41594,356.0,6.939,12.9,129.0,1.597488287994824,,,,Sand,,,Sand 3,3,5.9,15.26,-4.380000000000001,-13.74
-5.4399999999999995,6.96,13.04,0.0497,1.0,0.6,-0.8,2.3,0.41399,357.0,6.959,13.04,130.4,1.5924273341972093,,,,Sand,,,Sand 3,3,5.9,15.26,-4.380000000000001,-13.74
-5.460000000000001,6.98,12.39,0.0513,1.1,0.8,-0.8,2.4,0.43581,358.0,6.9789,12.39,123.9,1.623060162228979,,,,Sand,,,Sand 3,3,5.9,15.26,-4.380000000000001,-13.74
-5.48,7.0,11.77,0.053,1.1,0.8,-0.8,2.4,0.46308,359.0,6.9989,11.77,117.7,1.6559628923610878,,,,Sand,,,Sand 3,3,5.9,15.26,-4.380000000000001,-13.74
-5.5,7.02,10.96,0.058,1.1,0.6,-0.8,2.4,0.52483,360.0,7.0189,10.96,109.6,1.7114546202066168,,,,Sand,,,Sand 3,3,5.9,15.26,-4.380000000000001,-13.74
-5.52,7.04,10.5,0.059,1.1,0.8,-0.8,2.3,0.55556,361.0,7.0389,10.5,105.0,1.740620087824338,,,,Sand,,,Sand 3,3,5.9,15.26,-4.380000000000001,-13.74
-5.539999999999999,7.06,10.12,0.062,1.1,0.6,-0.8,2.4,0.60495,361.0,7.0589,10.12,101.2,1.7745810913256161,,,,Sand,,,Sand 3,3,5.9,15.26,-4.380000000000001,-13.74
-5.5600000000000005,7.08,9.88,0.063,1.1,0.6,-0.8,2.4,0.63556,362.0,7.0789,9.88,98.8,1.795324876277296,,,,Sand,,,Sand 3,3,5.9,15.26,-4.380000000000001,-13.74
-5.58,7.1,9.75,0.061,1.1,0.6,-1.0,2.4,0.63385,363.0,7.0989,9.75,97.5,1.7993898197996265,,,,Sand,,,Sand 3,3,5.9,15.26,-4.380000000000001,-13.74
-5.6,7.12,9.59,0.061,1.0,0.6,-0.8,2.4,0.65197,364.0,7.1189,9.59,95.9,1.8122667055950585,,,,Sand,,,Sand 3,3,5.9,15.26,-4.380000000000001,-13.74
-5.619999999999999,7.14,9.42,0.062,1.0,0.6,-0.8,2.4,0.68132,365.0,7.1389,9.42,94.2,1.8295934851289386,,,,Sand,,,Sand 3,3,5.9,15.26,-4.380000000000001,-13.74
-5.640000000000001,7.16,9.08,0.062,1.0,0.6,-0.8,2.4,0.70126,365.0,7.1589,9.08,90.8,1.8498601535507915,,,,Sand,,,Sand 3,3,5.9,15.26,-4.380000000000001,-13.74
-5.66,7.18,8.65,0.061,1.1,0.8,-0.8,2.4,0.71127,366.0,7.1789,8.65,86.5,1.8706409504438835,,,,Sand,,,Sand 3,3,5.9,15.26,-4.380000000000001,-13.74
-5.68,7.2,8.36,0.061,1.1,0.8,-0.8,2.4,0.73306,367.0,7.1989,8.36,83.6,1.8902891818332117,,,,Sand,,,Sand 3,3,5.9,15.26,-4.380000000000001,-13.74
-5.699999999999999,7.22,8.07,0.059,1.1,0.6,-0.8,2.3,0.73088,368.0,7.2189,8.07,80.7,1.9021268798421063,,,,Sand,,,Sand 3,3,5.9,15.26,-4.380000000000001,-13.74
-5.720000000000001,7.24,7.81,0.06,1.1,0.8,-0.8,2.3,0.76384,369.0,7.2389,7.81,78.1,1.9247451907815514,,,,Sand,,,Sand 3,3,5.9,15.26,-4.380000000000001,-13.74
-5.74,7.26,7.63,0.055,1.1,0.6,-0.8,2.0,0.71537,370.0,7.2589,7.63,76.3,1.9169492998730682,,,,Sand,,,Sand 3,3,5.9,15.26,-4.380000000000001,-13.74
-5.76,7.28,7.55,0.053,1.1,0.8,-1.0,2.2,0.70152,371.0,7.2789,7.55,75.5,1.916004778726442,,,,Sand,,,Sand 3,3,5.9,15.26,-4.380000000000001,-13.74
-5.779999999999999,7.3,7.43,0.052,1.1,0.6,-1.0,2.4,0.69752,372.0,7.2989,7.43,74.3,1.9204139013899806,,,,Sand,,,Sand 3,3,5.9,15.26,-4.380000000000001,-13.74
-5.800000000000001,7.32,7.34,0.052,1.1,0.6,-0.8,2.4,0.70342,372.0,7.3189,7.34,73.4,1.9268467438259114,,,,Sand,,,Sand 3,3,5.9,15.26,-4.380000000000001,-13.74
-5.82,7.34,7.3167,0.052,1.1,0.6,-1.0,2.2,0.70604,373.0,7.3389,7.3167,73.167,1.9288907712513828,,,,Sand,,,Sand 3,3,5.9,15.26,-4.380000000000001,-13.74
-5.84,7.36,7.2933,0.051,1.1,0.8,-0.8,2.9,0.69235,374.0,7.3589,7.2933,72.933,1.9253528512123121,,,,Sand,,,Sand 3,3,5.9,15.26,-4.380000000000001,-13.74
-5.859999999999999,7.38,7.27,0.051,1.1,0.8,-0.8,2.6,0.68861,375.0,7.3789,7.27,72.7,1.9252192364442853,,,,Sand,,,Sand 3,3,5.9,15.26,-4.380000000000001,-13.74
-5.880000000000001,7.4,7.31,0.051,1.1,0.8,-0.8,2.4,0.68011,375.0,7.3989,7.31,73.1,1.9202667213824285,,,,Sand,,,Sand 3,3,5.9,15.26,-4.380000000000001,-13.74
-5.9,7.42,7.41,0.05,1.3,0.8,-1.0,2.4,0.6542,376.0,7.4189,7.41,74.1,1.9061159696472914,,,,Sand,,,Sand 3,3,5.9,15.26,-4.380000000000001,-13.74
-5.92,7.44,7.56,0.05,1.2333,0.6,-0.8,2.4,0.63826,377.0,7.4389,7.56,75.6,1.8929931358974184,,,,Sand,,,Sand 3,3,5.9,15.26,-4.380000000000001,-13.74
-5.9399999999999995,7.46,7.75,0.05,1.1667,0.6,-0.8,2.4,0.61948,378.0,7.4589,7.75,77.5,1.876914047780278,,,,Sand,,,Sand 3,3,5.9,15.26,-4.380000000000001,-13.74
-5.960000000000001,7.48,8.08,0.051,1.1,0.6,-1.0,2.3,0.61197,379.0,7.4789,8.08,80.8,1.858813819477177,,,,Sand,,,Sand 3,3,5.9,15.26,-4.380000000000001,-13.74
-5.98,7.5,8.47,0.052,1.1,0.8,-0.8,2.4,0.60439,380.0,7.4989,8.47,84.7,1.8386842718242975,,,,Sand,,,Sand 3,3,5.9,15.26,-4.380000000000001,-13.74
-6.0,7.52,8.82,0.053,1.1,0.6,-1.0,2.4,0.59718,380.0,7.5188,8.82,88.2,1.8211045310110414,,,,Sand,,,Sand 3,3,5.9,15.26,-4.380000000000001,-13.74
-6.02,7.54,9.17,0.055,1.1,0.6,-1.0,2.4,0.60307,381.0,7.5388,9.17,91.7,1.8093329723687661,,,,Sand,,,Sand 3,3,5.9,15.26,-4.380000000000001,-13.74
-6.039999999999999,7.56,9.41,0.055,1.0,0.6,-0.8,2.4,0.59172,382.0,7.5588,9.41,94.1,1.7954215844220478,,,,Sand,,,Sand 3,3,5.9,15.26,-4.380000000000001,-13.74
-6.0600000000000005,7.58,9.57,0.055,1.0,0.6,-0.8,2.4,0.58628,383.0,7.5788,9.57,95.7,1.7871023766296166,,,,Sand,,,Sand 3,3,5.9,15.26,-4.380000000000001,-13.74
-6.08,7.6,9.73,0.054,1.0,0.6,-0.8,2.4,0.57638,384.0,7.5988,9.73,97.3,1.777014210963141,,,,Sand,,,Sand 3,3,5.9,15.26,-4.380000000000001,-13.74
-6.1,7.62,9.71,0.054,1.0,0.6,-0.8,2.4,0.58252,385.0,7.6188,9.71,97.1,1.7803022960252022,,,,Sand,,,Sand 3,3,5.9,15.26,-4.380000000000001,-13.74
-6.119999999999999,7.64,9.48,0.055,1.0,0.6,-0.8,2.4,0.60332,385.0,7.6388,9.48,94.8,1.7974195632054393,,,,Sand,,,Sand 3,3,5.9,15.26,-4.380000000000001,-13.74
-6.140000000000001,7.66,9.16,0.059,1.0,0.6,-0.8,2.4,0.66227,386.0,7.6588,9.16,91.6,1.8325210245270906,,,,Sand,,,Sand 3,3,5.9,15.26,-4.380000000000001,-13.74
-6.16,7.68,8.72,0.058,0.8,0.6,-0.6,2.4,0.66955,387.0,7.6788,8.72,87.2,1.8528307899059941,,,,Sand,,,Sand 3,3,5.9,15.26,-4.380000000000001,-13.74
-6.18,7.7,8.38,0.055,1.1,0.8,-0.8,2.3,0.65369,388.0,7.6988,8.38,83.8,1.8613030155288535,,,,Sand,,,Sand 3,3,5.9,15.26,-4.380000000000001,-13.74
-6.199999999999999,7.72,8.18,0.056,1.0,0.6,-0.8,2.4,0.68345,389.0,7.7188,8.18,81.8,1.8808039762764739,,,,Sand,,,Sand 3,3,5.9,15.26,-4.380000000000001,-13.74
-6.220000000000001,7.74,7.91,0.052,1.0,0.6,-0.8,2.4,0.6497,390.0,7.7388,7.91,79.1,1.8807246029688867,,,,Sand,,,Sand 3,3,5.9,15.26,-4.380000000000001,-13.74
-6.24,7.76,7.76,0.049,1.0,0.8,-0.6,2.1,0.62272,391.0,7.7588,7.76,77.6,1.877665277143097,,,,Sand,,,Sand 3,3,5.9,15.26,-4.380000000000001,-13.74
-6.26,7.78,7.72,0.052,1.0,0.8,-0.6,2.1,0.66795,391.0,7.7788,7.72,77.2,1.8961605781174895,,,,Sand,,,Sand 3,3,5.9,15.26,-4.380000000000001,-13.74
-6.279999999999999,7.8,7.72,0.048,1.0,0.6,-0.8,2.4,0.62186,392.0,7.7988,7.72,77.2,1.8792306247891841,,,,Sand,,,Sand 3,3,5.9,15.26,-4.380000000000001,-13.74
-6.300000000000001,7.82,7.64,0.047,1.0,0.6,-0.8,2.4,0.61079,393.0,7.8188,7.64,76.4,1.8788537035740676,,,,Sand,,,Sand 3,3,5.9,15.26,-4.380000000000001,-13.74
-6.32,7.84,7.64,0.046,1.0,0.8,-0.6,2.3,0.59779,394.0,7.8388,7.64,76.4,1.8738681629103837,,,,Sand,,,Sand 3,3,5.9,15.26,-4.380000000000001,-13.74
-6.34,7.86,7.71,0.047,1.0,0.6,-0.8,2.5,0.6098,395.0,7.8588,7.71,77.1,1.8751316197624444,,,,Sand,,,Sand 3,3,5.9,15.26,-4.380000000000001,-13.74
-6.359999999999999,7.88,7.65,0.046,1.0,0.6,-0.8,2.8,0.59441,395.0,7.8788,7.65,76.5,1.8720783185271492,,,,Sand,,,Sand 3,3,5.9,15.26,-4.380000000000001,-13.74
-6.380000000000001,7.9,7.72,0.046,1.1,0.8,-0.8,2.4,0.58965,396.0,7.8988,7.72,77.2,1.8668722723011069,,,,Sand,,,Sand 3,3,5.9,15.26,-4.380000000000001,-13.74
-6.4,7.92,7.76,0.046,1.1,0.8,-0.8,2.4,0.5832,397.0,7.9188,7.76,77.6,1.8624374226902114,,,,Sand,,,Sand 3,3,5.9,15.26,-4.380000000000001,-13.74
-6.42,7.94,7.82,0.045,1.1,0.8,-0.8,2.4,0.56312,398.0,7.9388,7.82,78.2,1.8515785567991114,,,,Sand,,,Sand 3,3,5.9,15.26,-4.380000000000001,-13.74
-6.4399999999999995,7.96,7.97,0.044,1.0,0.6,-0.8,2.3,0.54112,399.0,7.9588,7.97,79.7,1.835508555814772,,,,Sand,,,Sand 3,3,5.9,15.26,-4.380000000000001,-13.74
-6.460000000000001,7.98,8.14,0.043,1.0,0.6,-0.8,2.4,0.51807,400.0,7.9788,8.14,81.4,1.8178927392246942,,,,Sand,,,Sand 3,3,5.9,15.26,-4.380000000000001,-13.74
-6.48,8.0,8.33,0.043,1.0,0.6,-0.8,2.3,0.50558,400.0,7.9988,8.33,83.3,1.8038538367441272,,,,Sand,,,Sand 3,3,5.9,15.26,-4.380000000000001,-13.74
-6.5,8.02,8.54,0.044,1.0,0.6,-0.8,2.4,0.50415,401.0,8.0188,8.54,85.4,1.7939421439113814,,,,Sand,,,Sand 3,3,5.9,15.26,-4.380000000000001,-13.74
-6.52,8.04,8.77,0.044,1.0,0.6,-0.8,2.4,0.49251,402.0,8.0388,8.77,87.7,1.778828679392723,,,,Sand,,,Sand 3,3,5.9,15.26,-4.380000000000001,-13.74
-6.540000000000001,8.06,9.07,0.044,1.0,0.6,-0.8,2.4,0.48352,403.0,8.0588,9.07,90.7,1.7621853484363643,,,,Sand,,,Sand 3,3,5.9,15.26,-4.380000000000001,-13.74
-6.5600000000000005,8.08,9.4,0.044,1.1,0.8,-0.8,2.3,0.47684,404.0,8.0788,9.4,94.0,1.7457662196268913,,,,Sand,,,Sand 3,3,5.9,15.26,-4.380000000000001,-13.74
-6.58,8.1,9.6,0.045,1.1,0.8,-0.8,2.4,0.4818,405.0,8.0988,9.6,96.0,1.7402601342187782,,,,Sand,,,Sand 3,3,5.9,15.26,-4.380000000000001,-13.74
-6.6,8.12,9.62,0.053,1.0,0.6,-0.8,2.3,0.56473,405.0,8.1188,9.62,96.2,1.776266596582423,,,,Sand,,,Sand 3,3,5.9,15.26,-4.380000000000001,-13.74
-6.620000000000001,8.14,9.47,0.054,1.0,0.6,-0.8,2.3,0.57447,406.0,8.1387,9.47,94.7,1.7860444942882499,,,,Sand,,,Sand 3,3,5.9,15.26,-4.380000000000001,-13.74
-6.640000000000001,8.16,9.35,0.055,0.8,0.6,-0.6,2.4,0.58526,407.0,8.1587,9.35,93.5,1.7951110171272124,,,,Sand,,,Sand 3,3,5.9,15.26,-4.380000000000001,-13.74
-6.66,8.18,9.44,0.055,1.0,0.6,-0.8,2.4,0.58472,408.0,8.1787,9.44,94.4,1.7914170345353626,,,,Sand,,,Sand 3,3,5.9,15.26,-4.380000000000001,-13.74
-6.68,8.2,9.13,0.056,1.1,0.8,-0.8,2.4,0.59204,409.0,8.1987,9.13,91.3,1.8064991225631504,,,,Sand,,,Sand 3,3,5.9,15.26,-4.380000000000001,-13.74
-6.700000000000001,8.22,9.19,0.057,1.0,0.8,-0.6,2.4,0.59507,410.0,8.2187,9.19,91.9,1.8053431160382571,,,,Sand,,,Sand 3,3,5.9,15.26,-4.380000000000001,-13.74
-6.720000000000001,8.24,9.38,0.062,1.0,0.6,-0.8,2.3,0.63688,410.0,8.2387,9.38,93.8,1.8144118407419567,,,,Sand,,,Sand 3,3,5.9,15.26,-4.380000000000001,-13.74
-6.74,8.26,9.67,0.059,1.0,0.6,-0.8,2.0,0.59967,411.0,8.2587,9.67,96.7,1.7887950015764886,,,,Sand,,,Sand 3,3,5.9,15.26,-4.380000000000001,-13.74
-6.76,8.28,10.04,0.0587,1.0,0.8,-0.6,2.3,0.57911,412.0,8.2787,10.04,100.4,1.76681215744276,,,,Sand,,,Sand 3,3,5.9,15.26,-4.380000000000001,-13.74
-6.780000000000001,8.3,10.43,0.0583,0.8,0.6,-0.6,2.3,0.55504,413.0,8.2987,10.43,104.3,1.7428137510864117,,,,Sand,,,Sand 3,3,5.9,15.26,-4.380000000000001,-13.74
-6.800000000000001,8.32,10.6,0.058,1.0,0.6,-0.8,2.3,0.53071,414.0,8.3187,10.6,106.0,1.7262376445499013,,,,Sand,,,Sand 3,3,5.9,15.26,-4.380000000000001,-13.74
-6.82,8.34,10.27,0.057,1.0,0.6,-0.8,2.2,0.50115,415.0,8.3387,10.27,102.7,1.7243426004906057,,,,Sand,,,Sand 3,3,5.9,15.26,-4.380000000000001,-13.74
-6.84,8.36,11.51,0.059,1.0,0.8,-0.6,2.8,0.49995,416.0,8.3587,11.51,115.1,1.682110219257008,,,,Sand,,,Sand 3,3,5.9,15.26,-4.380000000000001,-13.74
-6.860000000000001,8.38,12.13,0.064,1.1,0.8,-0.8,2.6,0.52518,416.0,8.3787,12.13,121.3,1.6749810000679395,,,,Sand,,,Sand 3,3,5.9,15.26,-4.380000000000001,-13.74
-6.880000000000001,8.4,12.78,0.064,1.0,0.6,-0.8,2.3,0.51139,417.0,8.3987,12.78,127.8,1.6497359848775168,,,,Sand,,,Sand 3,3,5.9,15.26,-4.380000000000001,-13.74
-6.9,8.42,13.23,0.066,1.0,0.8,-0.6,2.4,0.51252,418.0,8.4187,13.23,132.3,1.637880660468474,,,,Sand,,,Sand 3,3,5.9,15.26,-4.380000000000001,-13.74
-6.92,8.44,13.46,0.068,1.0,0.6,-0.8,2.4,0.51889,419.0,8.4387,13.46,134.6,1.634786215419079,,,,Sand,,,Sand 3,3,5.9,15.26,-4.380000000000001,-13.74
-6.940000000000001,8.46,13.51,0.07,1.0,0.6,-0.8,2.4,0.52701,420.0,8.4587,13.51,135.1,1.6373352899303444,,,,Sand,,,Sand 3,3,5.9,15.26,-4.380000000000001,-13.74
-6.960000000000001,8.48,13.23,0.072,1.0,0.8,-0.6,2.3,0.53711,420.0,8.4787,13.23,132.3,1.649518417725364,,,,Sand,,,Sand 3,3,5.9,15.26,-4.380000000000001,-13.74
-6.98,8.5,13.17,0.071,1.0,0.8,-0.6,2.3,0.52612,421.0,8.4987,13.17,131.7,1.6459827464204457,,,,Sand,,,Sand 3,3,5.9,15.26,-4.380000000000001,-13.74
-7.0,8.52,13.33,0.069,1.0,0.6,-0.8,2.4,0.50894,422.0,8.5187,13.33,133.3,1.6334604028117028,,,,Sand,,,Sand 3,3,5.9,15.26,-4.380000000000001,-13.74
-7.02,8.54,13.55,0.067,1.0,0.8,-0.6,2.4,0.49251,423.0,8.5387,13.55,135.5,1.6195393414399528,,,,Sand,,,Sand 3,3,5.9,15.26,-4.380000000000001,-13.74
-7.040000000000001,8.56,13.76,0.067,1.1,0.8,-0.8,2.4,0.49021,424.0,8.5587,13.76,137.6,1.6128771073403767,,,,Sand,,,Sand 3,3,5.9,15.26,-4.380000000000001,-13.74
-7.0600000000000005,8.58,13.95,0.068,1.0,0.8,-0.6,2.4,0.49563,425.0,8.5787,13.95,139.5,1.610672821587833,,,,Sand,,,Sand 3,3,5.9,15.26,-4.380000000000001,-13.74
-7.08,8.6,13.96,0.066,1.0,0.6,-0.8,2.4,0.4818,425.0,8.5987,13.96,139.6,1.6034640954438601,,,,Sand,,,Sand 3,3,5.9,15.26,-4.380000000000001,-13.74
-7.1,8.62,13.88,0.067,1.0,0.8,-0.6,2.4,0.49283,426.0,8.6187,13.88,138.8,1.611075973712395,,,,Sand,,,Sand 3,3,5.9,15.26,-4.380000000000001,-13.74
-7.120000000000001,8.64,13.74,0.068,1.1,0.8,-0.8,2.4,0.50893,427.0,8.6387,13.74,137.4,1.6226381265309717,,,,Sand,,,Sand 3,3,5.9,15.26,-4.380000000000001,-13.74
-7.140000000000001,8.66,13.59,0.065,1.0667,0.6,-0.6,2.3,0.49894,428.0,8.6587,13.59,135.9,1.6216642512192219,,,,Sand,,,Sand 3,3,5.9,15.26,-4.380000000000001,-13.74
-7.16,8.68,13.16,0.063,1.0333,0.8,-0.6,2.3,0.49807,429.0,8.6787,13.16,131.6,1.6327679875006755,,,,Sand,,,Sand 3,3,5.9,15.26,-4.380000000000001,-13.74
-7.18,8.7,12.72,0.064,1.0,0.6,-0.8,2.4,0.52266,430.0,8.6987,12.72,127.2,1.6567681904066918,,,,Sand,,,Sand 3,3,5.9,15.26,-4.380000000000001,-13.74
-7.200000000000001,8.72,11.89,0.062,1.1,0.8,-0.8,2.3,0.52332,430.0,8.7187,11.89,118.9,1.6813095383269407,,,,Sand,,,Sand 3,3,5.9,15.26,-4.380000000000001,-13.74
-7.220000000000001,8.74,11.28,0.059,1.0,0.6,-0.8,2.4,0.51444,431.0,8.7387,11.28,112.8,1.696240509899506,,,,Sand,,,Sand 3,3,5.9,15.26,-4.380000000000001,-13.74
-7.24,8.76,10.93,0.057,1.1,0.8,-0.8,2.0,0.51098,432.0,8.7587,10.93,109.3,1.7061014172607891,,,,Sand,,,Sand 3,3,5.9,15.26,-4.380000000000001,-13.74
-7.26,8.78,10.65,0.056,1.0,0.6,-0.8,2.2,0.51311,433.0,8.7787,10.65,106.5,1.7165464423881194,,,,Sand,,,Sand 3,3,5.9,15.26,-4.380000000000001,-13.74
-7.280000000000001,8.8,10.56,0.055,1.0,0.6,-0.8,2.4,0.51038,434.0,8.7986,10.56,105.6,1.7183930524548943,,,,Sand,,,Sand 3,3,5.9,15.26,-4.380000000000001,-13.74
-7.300000000000001,8.82,10.56,0.054,0.8,0.6,-0.6,2.4,0.50479,435.0,8.8186,10.56,105.6,1.7158151139016593,,,,Sand,,,Sand 3,3,5.9,15.26,-4.380000000000001,-13.74
-7.32,8.84,10.65,0.053,1.0,0.6,-0.8,2.1,0.49835,436.0,8.8386,10.65,106.5,1.7097103977693833,,,,Sand,,,Sand 3,3,5.9,15.26,-4.380000000000001,-13.74
-7.34,8.86,10.79,0.05,1.0,0.8,-0.6,3.0,0.47287,436.0,8.8586,10.79,107.9,1.6927699753622198,,,,Sand,,,Sand 3,3,5.9,15.26,-4.380000000000001,-13.74
-7.360000000000001,8.88,10.79,0.048,0.8,0.6,-0.6,2.8,0.45709,437.0,8.8786,10.79,107.9,1.6850253398169486,,,,Sand,,,Sand 3,3,5.9,15.26,-4.380000000000001,-13.74
-7.380000000000001,8.9,10.65,0.045,0.8,0.6,-0.6,2.4,0.43228,438.0,8.8986,10.65,106.5,1.6773711973835699,,,,Sand,,,Sand 3,3,5.9,15.26,-4.380000000000001,-13.74
-7.4,8.92,10.43,0.046,1.0,0.8,-0.6,2.3,0.44709,439.0,8.9186,10.43,104.3,1.692650533598331,,,,Sand,,,Sand 3,3,5.9,15.26,-4.380000000000001,-13.74
-7.42,8.94,10.16,0.045,1.0,0.6,-0.8,2.4,0.44335,440.0,8.9386,10.16,101.6,1.7005675187987574,,,,Sand,,,Sand 3,3,5.9,15.26,-4.380000000000001,-13.74
-7.440000000000001,8.96,9.98,0.046,1.0,0.8,-0.6,2.4,0.4588,440.0,8.9586,9.98,99.8,1.7148518304140896,,,,Sand,,,Sand 3,3,5.9,15.26,-4.380000000000001,-13.74
-7.460000000000001,8.98,9.83,0.046,1.0,0.6,-0.8,2.4,0.46173,441.0,8.9786,9.83,98.3,1.7219147500766847,,,,Sand,,,Sand 3,3,5.9,15.26,-4.380000000000001,-13.74
-7.48,9.0,9.68,0.046,1.0,0.6,-0.8,2.4,0.46127,442.0,8.9986,9.68,96.8,1.7274266318002303,,,,Sand,,,Sand 3,3,5.9,15.26,-4.380000000000001,-13.74
-7.5,9.02,9.68,0.045,1.0,0.8,-0.6,2.3,0.44693,443.0,9.0186,9.68,96.8,1.7204484169633194,,,,Sand,,,Sand 3,3,5.9,15.26,-4.380000000000001,-13.74
-7.52,9.04,9.8,0.046,0.9,0.4,-0.8,2.3,0.44834,444.0,9.0386,9.8,98.0,1.7165290360041154,,,,Sand,,,Sand 3,3,5.9,15.26,-4.380000000000001,-13.74
-7.540000000000001,9.06,10.14,0.047,1.0,0.8,-0.6,2.4,0.44624,445.0,9.0586,10.14,101.4,1.7027431515197997,,,,Sand,,,Sand 3,3,5.9,15.26,-4.380000000000001,-13.74
-7.5600000000000005,9.08,10.51,0.047,0.8,0.6,-0.6,2.4,0.43263,445.0,9.0786,10.51,105.1,1.6824952835191116,,,,Sand,,,Sand 3,3,5.9,15.26,-4.380000000000001,-13.74
-7.58,9.1,10.93,0.049,1.0,0.6,-0.8,2.4,0.43633,446.0,9.0986,10.93,109.3,1.6697695057578907,,,,Sand,,,Sand 3,3,5.9,15.26,-4.380000000000001,-13.74
-7.6,9.12,11.51,0.05,0.8,0.6,-0.6,2.4,0.42978,447.0,9.1186,11.51,115.1,1.6471483916548628,,,,Sand,,,Sand 3,3,5.9,15.26,-4.380000000000001,-13.74
-7.620000000000001,9.14,12.01,0.052,1.0,0.8,-0.6,2.3,0.43212,448.0,9.1386,12.01,120.1,1.6326143089561813,,,,Sand,,,Sand 3,3,5.9,15.26,-4.380000000000001,-13.74
-7.640000000000001,9.16,12.33,0.056,1.1,0.8,-0.8,2.4,0.45093,449.0,9.1586,12.33,123.3,1.6327307207324024,,,,Sand,,,Sand 3,3,5.9,15.26,-4.380000000000001,-13.74
-7.66,9.18,12.61,0.054,1.0,0.8,-0.6,2.4,0.42287,450.0,9.1786,12.61,126.1,1.6096606010878558,,,,Sand,,,Sand 3,3,5.9,15.26,-4.380000000000001,-13.74
-7.68,9.2,13.03,0.053,0.8,0.6,-0.6,2.3,0.40664,450.0,9.1986,13.03,130.3,1.5886362141688875,,,,Sand,,,Sand 3,3,5.9,15.26,-4.380000000000001,-13.74
-7.700000000000001,9.22,13.34,0.052,1.0,0.8,-0.6,2.3,0.39413,451.0,9.2186,13.34,133.4,1.5728552462898837,,,,Sand,,,Sand 3,3,5.9,15.26,-4.380000000000001,-13.74
-7.720000000000001,9.24,13.59,0.052,1.0,0.8,-0.6,2.4,0.39216,452.0,9.2386,13.59,135.9,1.5648337775604875,,,,Sand,,,Sand 3,3,5.9,15.26,-4.380000000000001,-13.74
-7.74,9.26,13.74,0.054,1.0,0.8,-0.6,2.2,0.40743,453.0,9.2586,13.74,137.4,1.569473584849821,,,,Sand,,,Sand 3,3,5.9,15.26,-4.380000000000001,-13.74
-7.76,9.28,13.62,0.052,0.8,0.6,-0.6,2.0,0.39476,454.0,9.2786,13.62,136.2,1.5655103308109735,,,,Sand,,,Sand 3,3,5.9,15.26,-4.380000000000001,-13.74
-7.780000000000001,9.3,13.29,0.051,0.8,0.6,-0.6,2.3,0.39073,455.0,9.2986,13.29,132.9,1.5723036748934704,,,,Sand,,,Sand 3,3,5.9,15.26,-4.380000000000001,-13.74
-7.800000000000001,9.32,12.86,0.051,0.8,0.6,-0.6,2.4,0.39543,456.0,9.3186,12.86,128.6,1.587220179092189,,,,Sand,,,Sand 3,3,5.9,15.26,-4.380000000000001,-13.74
-7.82,9.34,12.56,0.051,1.0,0.8,-0.6,2.4,0.40031,456.0,9.3386,12.56,125.6,1.598751172656168,,,,Sand,,,Sand 3,3,5.9,15.26,-4.380000000000001,-13.74
-7.84,9.36,12.38,0.051,0.8,0.6,-0.6,2.2,0.40541,457.0,9.3586,12.38,123.8,1.606956021318763,,,,Sand,,,Sand 3,3,5.9,15.26,-4.380000000000001,-13.74
-7.860000000000001,9.38,12.38,0.0527,1.0,0.8,-0.6,2.8,0.42376,458.0,9.3786,12.38,123.8,1.6169448503542174,,,,Sand,,,Sand 3,3,5.9,15.26,-4.380000000000001,-13.74
-7.880000000000001,9.4,12.35,0.0543,1.0,0.8,-0.6,2.6,0.4411,459.0,9.3986,12.35,123.5,1.6270299014018403,,,,Sand,,,Sand 3,3,5.9,15.26,-4.380000000000001,-13.74
-7.9,9.42,12.48,0.056,0.8,0.6,-0.6,2.4,0.45836,460.0,9.4186,12.48,124.8,1.6321187556648924,,,,Sand,,,Sand 3,3,5.9,15.26,-4.380000000000001,-13.74
-7.92,9.44,12.34,0.06,1.0,0.8,-0.6,2.4,0.49165,460.0,9.4386,12.34,123.4,1.6528425909708975,,,,Sand,,,Sand 3,3,5.9,15.26,-4.380000000000001,-13.74
-7.940000000000001,9.46,12.14,0.059,0.8,0.6,-0.6,2.3,0.48055,461.0,9.4586,12.14,121.4,1.6533367224208475,,,,Sand,,,Sand 3,3,5.9,15.26,-4.380000000000001,-13.74
-7.960000000000001,9.48,11.85,0.058,0.8,0.6,-0.6,2.4,0.46643,462.0,9.4786,11.85,118.5,1.6551567432209475,,,,Sand,,,Sand 3,3,5.9,15.26,-4.380000000000001,-13.74
-7.98,9.5,11.82,0.058,0.8,0.6,-0.6,2.3,0.45936,463.0,9.4986,11.82,118.2,1.6525350650707287,,,,Sand,,,Sand 3,3,5.9,15.26,-4.380000000000001,-13.74
-8.0,9.52,12.27,0.058,0.8,0.6,-0.6,2.4,0.45031,464.0,9.5186,12.27,122.7,1.6342009797587538,,,,Sand,,,Sand 3,3,5.9,15.26,-4.380000000000001,-13.74
-8.02,9.54,12.97,0.056,0.9,0.8,-0.4,2.4,0.42416,465.0,9.5386,12.97,129.7,1.599974536829499,,,,Sand,,,Sand 3,3,5.9,15.26,-4.380000000000001,-13.74
-8.040000000000001,9.56,13.61,0.0557,1.0,0.8,-0.6,2.4,0.40948,465.0,9.5585,13.61,136.1,1.5741303527887582,,,,Sand,,,Sand 3,3,5.9,15.26,-4.380000000000001,-13.74
-8.06,9.58,14.01,0.0553,0.9,0.8,-0.4,2.3,0.39363,466.0,9.5785,14.01,140.1,1.5544081727615633,,,,Sand,,,Sand 3,3,5.9,15.26,-4.380000000000001,-13.74
-8.08,9.6,14.37,0.055,0.8,0.6,-0.6,2.4,0.38115,467.0,9.5985,14.37,143.7,1.5377010161718627,,,,Sand,,,Sand 3,3,5.9,15.26,-4.380000000000001,-13.74
-8.1,9.62,14.72,0.058,1.0,0.6,-0.8,2.3,0.39553,468.0,9.6185,14.72,147.2,1.53727885918158,,,,Sand,,,Sand 3,3,5.9,15.26,-4.380000000000001,-13.74
-8.120000000000001,9.64,15.05,0.063,1.0,0.8,-0.6,2.4,0.42658,469.0,9.6385,15.05,150.5,1.5469204025564278,,,,Sand,,,Sand 3,3,5.9,15.26,-4.380000000000001,-13.74
-8.14,9.66,15.39,0.067,0.9,0.8,-0.4,2.4,0.45224,470.0,9.6585,15.39,153.9,1.552980230519252,,,,Sand,,,Sand 3,3,5.9,15.26,-4.380000000000001,-13.74
-8.16,9.68,15.32,0.071,0.8,0.6,-0.6,2.3,0.47819,470.0,9.6785,15.32,153.2,1.5683880519318711,,,,Sand,,,Sand 3,3,5.9,15.26,-4.380000000000001,-13.74
-8.18,9.7,14.84,0.075,0.8,0.6,-0.6,2.3,0.50369,471.0,9.6985,14.84,148.4,1.5926892723921995,,,,Sand,,,Sand 3,3,5.9,15.26,-4.380000000000001,-13.74
-8.200000000000001,9.72,14.45,0.074,1.0,0.8,-0.6,2.4,0.49511,472.0,9.7185,14.45,144.5,1.5978502603757527,,,,Sand,,,Sand 3,3,5.9,15.26,-4.380000000000001,-13.74
-8.22,9.74,14.38,0.072,0.8,0.6,-0.6,2.3,0.47996,473.0,9.7385,14.38,143.8,1.5919005225424367,,,,Sand,,,Sand 3,3,5.9,15.26,-4.380000000000001,-13.74
-8.24,9.76,14.63,0.07,1.1,0.6,-1.0,2.0,0.46377,474.0,9.7585,14.63,146.3,1.5773140965812344,,,,Sand,,,Sand 3,3,5.9,15.26,-4.380000000000001,-13.74
-8.26,9.78,15.06,0.071,1.0667,0.6,-0.6,2.2,0.4655,475.0,9.7785,15.06,150.6,1.5678385347064898,,,,Sand,,,Sand 3,3,5.9,15.26,-4.380000000000001,-13.74
-8.280000000000001,9.8,15.5,0.0773,1.0333,0.8,-0.6,2.4,0.50256,476.0,9.7985,15.5,155.0,1.5767492333657755,,,,Sand,,,Sand 3,3,5.9,15.26,-4.380000000000001,-13.74
-8.3,9.82,15.83,0.0837,1.0,0.8,-0.6,2.3,0.54048,477.0,9.8185,15.83,158.3,1.5880830472689222,,,,Sand,,,Sand 3,3,5.9,15.26,-4.380000000000001,-13.74
-8.32,9.84,16.06,0.09,0.8,0.6,-0.6,2.3,0.57999,477.0,9.8385,16.06,160.6,1.6017038515917457,,,,Sand,,,Sand 3,3,5.9,15.26,-4.380000000000001,-13.74
-8.34,9.86,16.11,0.0907,0.8,0.6,-0.6,2.4,0.59064,478.0,9.8585,16.11,161.1,1.6055057389171812,,,,Sand,,,Sand 3,3,5.9,15.26,-4.380000000000001,-13.74
-8.360000000000001,9.88,15.48,0.0913,1.0,0.8,-0.6,3.0,0.60624,479.0,9.8785,15.48,154.8,1.6261250179245623,,,,Sand,,,Sand 3,3,5.9,15.26,-4.380000000000001,-13.74
-8.38,9.9,15.22,0.092,0.9,0.8,-0.4,2.7,0.62697,480.0,9.8985,15.22,152.2,1.6409347943797883,,,,Sand,,,Sand 3,3,5.9,15.26,-4.380000000000001,-13.74
-8.4,9.92,14.88,0.096,0.9,0.8,-0.4,2.4,0.6738,480.0,9.9185,14.88,148.8,1.668129619064849,,,,Sand,,,Sand 3,3,5.9,15.26,-4.380000000000001,-13.74
-8.42,9.94,13.77,0.099,1.0,0.8,-0.6,2.3,0.7183,481.0,9.9385,13.77,137.7,1.71177427645081,,,,Sand,,,Sand 3,3,5.9,15.26,-4.380000000000001,-13.74
-8.440000000000001,9.96,13.13,0.095,1.0,0.8,-0.6,2.4,0.70915,482.0,9.9585,13.13,131.3,1.7244327603623741,,,,Sand,,,Sand 3,3,5.9,15.26,-4.380000000000001,-13.74
-8.46,9.98,12.74,0.094,0.9,0.8,-0.4,2.4,0.72003,483.0,9.9785,12.74,127.4,1.7388061385941989,,,,Sand,,,Sand 3,3,5.9,15.26,-4.380000000000001,-13.74
-8.48,10.0,12.65,0.084,0.8,0.6,-0.6,2.3,0.65766,484.0,9.9985,12.65,126.5,1.7171555827010174,,,,Sand,,,Sand 3,3,5.9,15.26,-4.380000000000001,-13.74
-8.5,10.02,12.39,0.07,0.8,0.6,-0.6,2.4,0.55298,485.0,10.018,12.39,123.9,1.6801018012925286,,,,Sand,,,Sand 3,3,5.9,15.26,-4.380000000000001,-13.74
-8.52,10.04,12.39,0.064,0.8,0.6,-0.6,2.3,0.50568,485.0,10.038,12.39,123.9,1.65815532422117,,,,Sand,,,Sand 3,3,5.9,15.26,-4.380000000000001,-13.74
-8.540000000000001,10.06,12.49,0.061,1.0,0.8,-0.6,2.4,0.47909,486.0,10.058,12.49,124.9,1.6422794221446593,,,,Sand,,,Sand 3,3,5.9,15.26,-4.380000000000001,-13.74
-8.56,10.08,12.62,0.058,0.8,0.6,-0.6,2.4,0.45066,487.0,10.078,12.62,126.2,1.6240722232074114,,,,Sand,,,Sand 3,3,5.9,15.26,-4.380000000000001,-13.74
-8.58,10.1,12.86,0.056,0.9,0.8,-0.4,2.4,0.42691,488.0,10.098,12.86,128.6,1.6045987075004873,,,,Sand,,,Sand 3,3,5.9,15.26,-4.380000000000001,-13.74
-8.6,10.12,13.11,0.056,1.0,0.8,-0.6,2.3,0.41748,489.0,10.118,13.11,131.1,1.5923714445010344,,,,Sand,,,Sand 3,3,5.9,15.26,-4.380000000000001,-13.74
-8.620000000000001,10.14,13.35,0.058,0.8,0.6,-0.6,2.4,0.4222,490.0,10.138,13.35,133.5,1.5882794786829588,,,,Sand,,,Sand 3,3,5.9,15.26,-4.380000000000001,-13.74
-8.64,10.16,13.75,0.06,1.0,0.8,-0.6,2.3,0.42531,490.0,10.158,13.75,137.5,1.5791513192639721,,,,Sand,,,Sand 3,3,5.9,15.26,-4.380000000000001,-13.74
-8.66,10.18,14.37,0.071,0.9,0.8,-0.4,2.4,0.48999,491.0,10.178,14.37,143.7,1.597250921150515,,,,Sand,,,Sand 3,3,5.9,15.26,-4.380000000000001,-13.74
-8.68,10.2,14.76,0.086,1.0,0.8,-0.6,2.3,0.57942,492.0,10.198,14.76,147.6,1.630537485161223,,,,Sand,,,Sand 3,3,5.9,15.26,-4.380000000000001,-13.74
-8.700000000000001,10.22,15.08,0.086,0.9,0.8,-0.4,2.4,0.56845,493.0,10.218,15.08,150.8,1.6181013927894823,,,,Sand,,,Sand 3,3,5.9,15.26,-4.380000000000001,-13.74
-8.72,10.24,15.58,0.086,1.0,0.8,-0.6,2.4,0.56145,494.0,10.238,15.58,155.8,1.6035578857800377,,,,Sand,,,Sand 3,3,5.9,15.26,-4.380000000000001,-13.74
-8.74,10.26,15.92,0.086,1.0,0.8,-0.6,2.0,0.55858,495.0,10.258,15.92,159.2,1.5947484221485067,,,,Sand,,,Sand 3,3,5.9,15.26,-4.380000000000001,-13.74
-8.76,10.28,15.93,0.0847,0.9,0.8,-0.4,2.1,0.54933,496.0,10.278,15.93,159.3,1.5901436527010064,,,,Sand,,,Sand 3,3,5.9,15.26,-4.380000000000001,-13.74
-8.780000000000001,10.3,15.64,0.0833,0.9,0.8,-0.4,2.3,0.53986,496.0,10.298,15.64,156.4,1.591983436671395,,,,Sand,,,Sand 3,3,5.9,15.26,-4.380000000000001,-13.74
-8.8,10.32,15.26,0.082,0.9,0.8,-0.4,2.4,0.53156,497.0,10.318,15.26,152.6,1.5965622682183518,,,,Sand,,,Sand 3,3,5.9,15.26,-4.380000000000001,-13.74
-8.82,10.34,15.0,0.083,0.9,0.8,-0.4,2.4,0.53678,498.0,10.338,15.0,150.0,1.6050896830894321,,,,Sand,,,Sand 3,3,5.9,15.26,-4.380000000000001,-13.74
-8.84,10.36,14.94,0.077,1.0,0.8,-0.6,2.1,0.49395,499.0,10.358,14.94,149.4,1.5854097199281578,,,,Sand,,,Sand 3,3,5.9,15.26,-4.380000000000001,-13.74
-8.860000000000001,10.38,15.17,0.079,1.0,0.8,-0.6,3.0,0.50091,500.0,10.378,15.17,151.7,1.5835138402152742,,,,Sand,,,Sand 3,3,5.9,15.26,-4.380000000000001,-13.74
-8.88,10.4,15.55,0.077,1.0,0.8,-0.6,2.7,0.4811,500.0,10.398,15.55,155.5,1.5646091609400017,,,,Sand,,,Sand 3,3,5.9,15.26,-4.380000000000001,-13.74
-8.9,10.42,16.21,0.075,0.8,0.6,-0.6,2.5,0.46186,501.0,10.418,16.21,162.1,1.539644572973244,,,,Sand,,,Sand 3,3,5.9,15.26,-4.380000000000001,-13.74
-8.92,10.44,16.94,0.074,1.0,0.8,-0.6,2.4,0.45064,502.0,10.438,16.94,169.4,1.517851885142318,,,,Sand,,,Sand 3,3,5.9,15.26,-4.380000000000001,-13.74
-8.940000000000001,10.46,17.1,0.076,1.0,0.8,-0.6,2.3,0.46127,503.0,10.458,17.1,171.0,1.5203800301612558,,,,Sand,,,Sand 3,3,5.9,15.26,-4.380000000000001,-13.74
-8.96,10.48,17.13,0.079,1.0,0.8,-0.6,2.3,0.48329,504.0,10.478,17.13,171.3,1.5316290737382763,,,,Sand,,,Sand 3,3,5.9,15.26,-4.380000000000001,-13.74
-8.98,10.5,16.87,0.083,0.8,0.6,-0.6,2.4,0.51814,505.0,10.498,16.87,168.7,1.554977279399619,,,,Sand,,,Sand 3,3,5.9,15.26,-4.380000000000001,-13.74
-9.0,10.52,16.4,0.082,0.8,0.6,-0.6,2.4,0.52993,505.0,10.518,16.4,164.0,1.5706576817264442,,,,Sand,,,Sand 3,3,5.9,15.26,-4.380000000000001,-13.74
-9.02,10.54,15.61,0.081,1.0,0.8,-0.6,2.4,0.54637,506.0,10.538,15.61,156.1,1.5957697849474928,,,,Sand,,,Sand 3,3,5.9,15.26,-4.380000000000001,-13.74
-9.040000000000001,10.56,14.51,0.08,1.0,0.8,-0.6,2.4,0.56637,507.0,10.558,14.51,145.1,1.6305392479407537,,,,Sand,,,Sand 3,3,5.9,15.26,-4.380000000000001,-13.74
-9.06,10.58,13.59,0.082,0.8,0.6,-0.6,2.3,0.6104,508.0,10.578,13.59,135.9,1.6727949048351967,,,,Sand,,,Sand 3,3,5.9,15.26,-4.380000000000001,-13.74
-9.08,10.6,12.58,0.082,1.0,0.8,-0.6,2.4,0.63994,509.0,10.598,12.58,125.8,1.7119395199716345,,,,Sand,,,Sand 3,3,5.9,15.26,-4.380000000000001,-13.74
-9.1,10.62,11.91,0.084,0.8,0.8,-0.2,2.4,0.6821,510.0,10.618,11.91,119.1,1.7475919799176975,,,,Sand,,,Sand 3,3,5.9,15.26,-4.380000000000001,-13.74
-9.120000000000001,10.64,11.53,0.088,0.8,0.6,-0.6,2.4,0.73532,510.0,10.638,11.53,115.3,1.778588097590384,,,,Sand,,,Sand 3,3,5.9,15.26,-4.380000000000001,-13.74
-9.14,10.66,11.34,0.0857,0.8,0.6,-0.6,2.3,0.72905,511.0,10.658,11.34,113.4,1.7820447825452224,,,,Sand,,,Sand 3,3,5.9,15.26,-4.380000000000001,-13.74
-9.16,10.68,11.44,0.0833,0.9,0.8,-0.4,2.4,0.71303,512.0,10.678,11.44,114.4,1.7731614265782496,,,,Sand,,,Sand 3,3,5.9,15.26,-4.380000000000001,-13.74
-9.18,10.7,11.62,0.081,0.9,0.8,-0.4,2.3,0.69231,513.0,10.698,11.62,116.2,1.760023634826956,,,,Sand,,,Sand 3,3,5.9,15.26,-4.380000000000001,-13.74
-9.200000000000001,10.72,11.73,0.083,1.0,0.6,-0.8,2.4,0.70458,514.0,10.718,11.73,117.3,1.761374806389147,,,,Sand,,,Sand 3,3,5.9,15.26,-4.380000000000001,-13.74
-9.22,10.74,11.89,0.088,0.8,0.6,-0.6,2.4,0.73957,515.0,10.738,11.89,118.9,1.7695743963406898,,,,Sand,,,Sand 3,3,5.9,15.26,-4.380000000000001,-13.74
-9.24,10.76,12.0,0.089,0.9,0.8,-0.4,2.2,0.7412,515.0,10.758,12.0,120.0,1.767013300948122,,,,Sand,,,Sand 3,3,5.9,15.26,-4.380000000000001,-13.74
-9.26,10.78,12.05,0.088,0.9,0.8,-0.4,2.0,0.7287,516.0,10.778,12.05,120.5,1.7610419706097247,,,,Sand,,,Sand 3,3,5.9,15.26,-4.380000000000001,-13.74
-9.280000000000001,10.8,12.17,0.088,0.8,0.6,-0.6,2.3,0.7251,517.0,10.798,12.17,121.7,1.756325657770197,,,,Sand,,,Sand 3,3,5.9,15.26,-4.380000000000001,-13.74
-9.3,10.82,12.29,0.093,1.0,0.8,-0.6,2.3,0.76504,518.0,10.818,12.29,122.9,1.7674149742039165,,,,Sand,,,Sand 3,3,5.9,15.26,-4.380000000000001,-13.74
-9.32,10.84,12.31,0.095,0.9,0.8,-0.4,2.3,0.78326,519.0,10.838,12.31,123.1,1.773266562630564,,,,Sand,,,Sand 3,3,5.9,15.26,-4.380000000000001,-13.74
-9.34,10.86,12.17,0.097,1.0,0.8,-0.6,2.4,0.80306,520.0,10.858,12.17,121.7,1.7839501769355022,,,,Sand,,,Sand 3,3,5.9,15.26,-4.380000000000001,-13.74
-9.360000000000001,10.88,12.21,0.097,0.9,0.8,-0.4,2.8,0.8085,520.0,10.878,12.21,122.1,1.7846954338067973,,,,Sand,,,Sand 3,3,5.9,15.26,-4.380000000000001,-13.74
-9.38,10.9,12.05,0.094,1.0,0.8,-0.6,2.7,0.79133,521.0,10.898,12.05,120.5,1.7832780976571494,,,,Sand,,,Sand 3,3,5.9,15.26,-4.380000000000001,-13.74
-9.4,10.92,11.78,0.093,0.9,0.8,-0.4,2.4,0.79191,522.0,10.918,11.78,117.8,1.791153288988276,,,,Sand,,,Sand 3,3,5.9,15.26,-4.380000000000001,-13.74
-9.42,10.94,11.65,0.094,1.0,0.8,-0.6,2.3,0.80912,523.0,10.938,11.65,116.5,1.800753756693256,,,,Sand,,,Sand 3,3,5.9,15.26,-4.380000000000001,-13.74
-9.440000000000001,10.96,11.52,0.094,0.9,0.8,-0.4,2.4,0.81917,524.0,10.958,11.52,115.2,1.807911178944475,,,,Sand,,,Sand 3,3,5.9,15.26,-4.380000000000001,-13.74
-9.46,10.98,11.34,0.093,1.0,0.8,-0.6,2.4,0.81893,525.0,10.978,11.34,113.4,1.8131653184278123,,,,Sand,,,Sand 3,3,5.9,15.26,-4.380000000000001,-13.74
-9.48,11.0,11.23,0.092,0.9,0.8,-0.4,2.3,0.81461,525.0,10.998,11.23,112.3,1.8150396536384668,,,,Sand,,,Sand 3,3,5.9,15.26,-4.380000000000001,-13.74
-9.5,11.02,11.16,0.086,0.8,0.6,-0.6,2.3,0.76427,526.0,11.018,11.16,111.6,1.800053519371253,,,,Sand,,,Sand 3,3,5.9,15.26,-4.380000000000001,-13.74
-9.52,11.04,11.07,0.084,0.8,0.6,-0.6,2.4,0.7446,527.0,11.038,11.07,110.7,1.7959261996532603,,,,Sand,,,Sand 3,3,5.9,15.26,-4.380000000000001,-13.74
-9.540000000000001,11.06,11.1,0.082,0.8,0.6,-0.6,2.3,0.7231,528.0,11.058,11.1,111.0,1.787281096613157,,,,Sand,,,Sand 3,3,5.9,15.26,-4.380000000000001,-13.74
-9.56,11.08,11.28,0.078,1.0,0.8,-0.6,2.4,0.68436,529.0,11.078,11.28,112.8,1.7673350313834222,,,,Sand,,,Sand 3,3,5.9,15.26,-4.380000000000001,-13.74
-9.58,11.1,11.32,0.079,0.9,0.8,-0.4,2.4,0.68853,529.0,11.098,11.32,113.2,1.767679760792465,,,,Sand,,,Sand 3,3,5.9,15.26,-4.380000000000001,-13.74
-9.6,11.12,11.75,0.08,1.0,0.8,-0.6,2.4,0.69212,530.0,11.118,11.75,117.5,1.7560975411263149,,,,Sand,,,Sand 3,3,5.9,15.26,-4.380000000000001,-13.74
-9.620000000000001,11.14,11.81,0.081,0.9,0.8,-0.4,2.3,0.6967,531.0,11.138,11.81,118.1,1.7560671240065198,,,,Sand,,,Sand 3,3,5.9,15.26,-4.380000000000001,-13.74
-9.64,11.16,11.69,0.073,1.0,0.8,-0.6,2.4,0.62307,532.0,11.158,11.69,116.9,1.7307250350525258,,,,Sand,,,Sand 3,3,5.9,15.26,-4.380000000000001,-13.74
-9.66,11.18,11.77,0.07,0.9,0.8,-0.4,2.3,0.58867,533.0,11.178,11.77,117.7,1.7139640873409427,,,,Sand,,,Sand 3,3,5.9,15.26,-4.380000000000001,-13.74
-9.68,11.2,11.75,0.071,0.8,0.6,-0.6,2.4,0.58757,534.0,11.198,11.75,117.5,1.7140982743590383,,,,Sand,,,Sand 3,3,5.9,15.26,-4.380000000000001,-13.74
-9.700000000000001,11.22,11.64,0.068,1.0,0.8,-0.6,2.4,0.55033,534.0,11.218,11.64,116.4,1.701218664044331,,,,Sand,,,Sand 3,3,5.9,15.26,-4.380000000000001,-13.74
-9.72,11.24,12.0,0.065,0.9,0.8,-0.4,2.4,0.51081,535.0,11.238,12.0,120.0,1.672137046674121,,,,Sand,,,Sand 3,3,5.9,15.26,-4.380000000000001,-13.74
-9.74,11.26,12.72,0.0639,0.8,0.6,-0.6,2.1,0.48496,536.0,11.258,12.72,127.2,1.6385751923321235,,,,Sand,,,Sand 3,3,5.9,15.26,-4.380000000000001,-13.74
-9.76,11.28,13.29,0.0628,1.0,0.8,-0.6,2.1,0.45881,537.0,11.278,13.29,132.9,1.6094320436828604,,,,Sand,,,Sand 3,3,5.9,15.26,-4.380000000000001,-13.74
-9.780000000000001,11.3,13.99,0.0617,1.0,0.8,-0.6,2.3,0.43378,538.0,11.298,13.99,139.9,1.5774567387890732,,,,Sand,,,Sand 3,3,5.9,15.26,-4.380000000000001,-13.74
-9.8,11.32,14.64,0.0653,0.9,0.8,-0.4,2.4,0.44399,539.0,11.318,14.64,146.4,1.5665086437092934,,,,Sand,,,Sand 3,3,5.9,15.26,-4.380000000000001,-13.74
-9.82,11.34,15.38,0.069,0.9,0.8,-0.4,2.4,0.45597,540.0,11.338,15.38,153.8,1.5552266752245911,,,,Sand,,,Sand 3,3,5.9,15.26,-4.380000000000001,-13.74
-9.84,11.36,15.84,0.301,0.7,0.6,-0.4,2.2,1.9354,541.0,11.358,15.84,158.4,1.9707561905857787,,,,Sand,,,Sand 3,3,5.9,15.26,-4.380000000000001,-13.74
-9.860000000000001,11.38,15.93,0.346,0.8,0.6,-0.6,2.9,2.1676,541.0,11.378,15.93,159.3,2.0070744705978774,,,,Sand,,,Sand 3,3,5.9,15.26,-4.380000000000001,-13.74
-9.88,11.4,15.87,0.3432,0.9,0.8,-0.4,2.8,2.0968,542.0,11.398,15.87,158.7,1.9969559202975922,,,,Sand,,,Sand 3,3,5.9,15.26,-4.380000000000001,-13.74
-9.9,11.42,16.12,0.3405,0.9,0.8,-0.4,2.5,2.0319,543.0,11.418,16.12,161.20000000000002,1.9821030698783482,,,,Sand,,,Sand 3,3,5.9,15.26,-4.380000000000001,-13.74
-9.92,11.44,16.65,0.3377,0.8,0.6,-0.6,2.4,1.9713,544.0,11.438,16.65,166.5,1.9630186484078853,,,,Sand,,,Sand 3,3,5.9,15.26,-4.380000000000001,-13.74
-9.940000000000001,11.46,17.267,0.371,0.7,0.6,-0.4,2.3,2.1429,544.0,11.458,17.267,172.67,1.981252408850892,,,,Sand,,,Sand 3,3,5.9,15.26,-4.380000000000001,-13.74
-9.96,11.48,17.883,0.317,1.0,0.8,-0.6,2.4,1.83,545.0,11.478,17.883,178.83,1.918361975775359,,,,Sand,,,Sand 3,3,5.9,15.26,-4.380000000000001,-13.74
-9.98,11.5,18.5,0.292,0.8,0.6,-0.6,2.4,1.7056,546.0,11.498,18.5,185.0,1.8854026673605069,,,,Sand,,,Sand 3,3,5.9,15.26,-4.380000000000001,-13.74
-10.0,11.52,18.83,0.276,1.1,0.8,-0.8,2.4,1.638,547.0,11.518,18.83,188.3,1.866986639992113,,,,Sand,,,Sand 3,3,5.9,15.26,-4.380000000000001,-13.74
-10.02,11.54,17.387,0.214,1.1,0.8,-0.8,2.3,1.2982,548.0,11.538,17.387,173.87,1.813876301296827,,,,Sand,,,Sand 3,3,5.9,15.26,-4.380000000000001,-13.74
-10.040000000000001,11.56,15.943,0.168,1.1,0.8,-0.8,2.3,1.0515,549.0,11.558,15.943,159.43,1.774392563258785,,,,Sand,,,Sand 3,3,5.9,15.26,-4.380000000000001,-13.74
-10.06,11.58,14.5,0.16,1.3,0.8,-1.0,2.4,1.0421,549.0,11.578,14.5,145.0,1.8013709717944792,,,,Sand,,,Sand 3,3,5.9,15.26,-4.380000000000001,-13.74
-10.08,11.6,14.49,0.157,1.3,0.8,-0.8,2.4,1.0698,550.0,11.598,14.49,144.9,1.809436083918489,,,,Sand,,,Sand 3,3,5.9,15.26,-4.380000000000001,-13.74
-10.1,11.62,14.34,0.111,1.3,1.0,-1.0,2.4,0.78277,551.0,11.618,14.34,143.4,1.7220145767825346,,,,Sand,,,Sand 3,3,5.9,15.26,-4.380000000000001,-13.74
-10.120000000000001,11.64,13.83,0.099,1.3,1.0,-0.8,2.4,0.713,552.0,11.638,13.83,138.3,1.708284173071642,,,,Sand,,,Sand 3,3,5.9,15.26,-4.380000000000001,-13.74
-10.14,11.66,13.51,0.097,1.5,1.0,-1.2,2.3,0.7036,553.0,11.658,13.51,135.1,1.7126086894457515,,,,Sand,,,Sand 3,3,5.9,15.26,-4.380000000000001,-13.74
-10.16,11.68,13.41,0.099,1.7,1.2,-1.2,2.4,0.72157,554.0,11.678,13.41,134.1,1.7219703663409982,,,,Sand,,,Sand 3,3,5.9,15.26,-4.380000000000001,-13.74
-10.18,11.7,13.42,0.097,1.5,1.0,-1.2,2.4,0.70642,554.0,11.698,13.42,134.2,1.7159615315091004,,,,Sand,,,Sand 3,3,5.9,15.26,-4.380000000000001,-13.74
-10.200000000000001,11.72,13.58,0.095,1.5,1.0,-1.2,2.3,0.6858,555.0,11.718,13.58,135.8,1.703933726298727,,,,Sand,,,Sand 3,3,5.9,15.26,-4.380000000000001,-13.74
-10.22,11.74,13.71,0.093,1.5,1.0,-1.2,2.4,0.66116,556.0,11.738,13.71,137.1,1.6908657275466992,,,,Sand,,,Sand 3,3,5.9,15.26,-4.380000000000001,-13.74
-10.24,11.76,13.96,0.1,1.5,1.0,-1.2,2.2,0.69942,557.0,11.758,13.96,139.6,1.699881102632544,,,,Sand,,,Sand 3,3,5.9,15.26,-4.380000000000001,-13.74
-10.26,11.78,14.43,0.098,1.7,1.0,-1.4,2.0,0.67639,558.0,11.778,14.43,144.3,1.679564486380439,,,,Sand,,,Sand 3,3,5.9,15.26,-4.380000000000001,-13.74
-10.280000000000001,11.8,14.8,0.096,1.7,1.0,-1.2,2.3,0.65591,559.0,11.798,14.8,148.0,1.662638148183709,,,,Sand,,,Sand 3,3,5.9,15.26,-4.380000000000001,-13.74
-10.3,11.82,15.22,0.095,1.7,1.0,-1.2,2.4,0.64461,560.0,11.818,15.22,152.2,1.6484321098647672,,,,Sand,,,Sand 3,3,5.9,15.26,-4.380000000000001,-13.74
-10.32,11.84,15.26,0.095,1.7,1.0,-1.4,2.3,0.64243,560.0,11.838,15.26,152.6,1.646623162854424,,,,Sand,,,Sand 3,3,5.9,15.26,-4.380000000000001,-13.74
-10.34,11.86,14.95,0.095,1.7,1.0,-1.2,2.3,0.64341,561.0,11.858,14.95,149.5,1.6540077411797458,,,,Sand,,,Sand 3,3,5.9,15.26,-4.380000000000001,-13.74
-10.360000000000001,11.88,14.76,0.094,1.7,1.2,-1.2,2.4,0.63967,562.0,11.878,14.76,147.6,1.656792680034289,,,,Sand,,,Sand 3,3,5.9,15.26,-4.380000000000001,-13.74
-10.38,11.9,14.52,0.099,1.7,1.0,-1.4,2.9,0.68012,563.0,11.898,14.52,145.2,1.6789543366823179,,,,Sand,,,Sand 3,3,5.9,15.26,-4.380000000000001,-13.74
-10.4,11.92,14.36,0.1,1.7,1.0,-1.2,2.7,0.69529,564.0,11.918,14.36,143.6,1.6887155001702512,,,,Sand,,,Sand 3,3,5.9,15.26,-4.380000000000001,-13.74
-10.42,11.94,14.25,0.101,1.7,1.0,-1.4,2.4,0.70958,564.0,11.938,14.25,142.5,1.696875728368165,,,,Sand,,,Sand 3,3,5.9,15.26,-4.380000000000001,-13.74
-10.440000000000001,11.96,14.24,0.1,1.7,1.2,-1.2,2.4,0.70928,565.0,11.958,14.24,142.4,1.6969963243304476,,,,Sand,,,Sand 3,3,5.9,15.26,-4.380000000000001,-13.74
-10.46,11.98,14.11,0.1,1.7,1.2,-1.2,2.3,0.71467,566.0,11.978,14.11,141.1,1.7021608749109465,,,,Sand,,,Sand 3,3,5.9,15.26,-4.380000000000001,-13.74
-10.48,12.0,13.87,0.101,1.7,1.0,-1.4,2.4,0.72623,567.0,11.998,13.87,138.7,1.7123382607983957,,,,Sand,,,Sand 3,3,5.9,15.26,-4.380000000000001,-13.74
-10.5,12.02,13.76,0.103,1.7,1.0,-1.4,2.3,0.74435,568.0,12.018,13.76,137.6,1.7217881150313714,,,,Sand,,,Sand 3,3,5.9,15.26,-4.380000000000001,-13.74
-10.52,12.04,13.68,0.104,1.7,1.0,-1.4,2.4,0.75451,568.0,12.038,13.68,136.8,1.7274822002275032,,,,Sand,,,Sand 3,3,5.9,15.26,-4.380000000000001,-13.74
-10.540000000000001,12.06,13.67,0.104,1.7,1.0,-1.4,2.4,0.75581,569.0,12.058,13.67,136.7,1.72820252591773,,,,Sand,,,Sand 3,3,5.9,15.26,-4.380000000000001,-13.74
-10.56,12.08,13.68,0.104,1.7,1.0,-1.4,2.3,0.75479,570.0,12.078,13.68,136.8,1.727584593638797,,,,Sand,,,Sand 3,3,5.9,15.26,-4.380000000000001,-13.74
-10.58,12.1,13.69,0.104,1.7,1.0,-1.2,2.3,0.75226,571.0,12.098,13.69,136.9,1.7264131857747251,,,,Sand,,,Sand 3,3,5.9,15.26,-4.380000000000001,-13.74
-10.6,12.12,13.81,0.104,1.7,1.0,-1.4,2.4,0.74867,572.0,12.118,13.81,138.1,1.7221661939293487,,,,Sand,,,Sand 3,3,5.9,15.26,-4.380000000000001,-13.74
-10.620000000000001,12.14,13.92,0.104,1.7,1.0,-1.4,2.3,0.74365,573.0,12.138,13.92,139.2,1.7176490504700748,,,,Sand,,,Sand 3,3,5.9,15.26,-4.380000000000001,-13.74
-10.64,12.16,14.02,0.105,1.7,1.0,-1.4,2.4,0.74428,573.0,12.158,14.02,140.2,1.7154836271635545,,,,Sand,,,Sand 3,3,5.9,15.26,-4.380000000000001,-13.74
-10.66,12.18,14.13,0.106,1.7,1.0,-1.2,2.3,0.7434,574.0,12.178,14.13,141.3,1.712539453942883,,,,Sand,,,Sand 3,3,5.9,15.26,-4.380000000000001,-13.74
-10.68,12.2,14.21,0.108,1.7,1.0,-1.4,2.4,0.75026,575.0,12.198,14.21,142.1,1.71319795541227,,,,Sand,,,Sand 3,3,5.9,15.26,-4.380000000000001,-13.74
-10.700000000000001,12.22,14.42,0.11,1.7,1.0,-1.4,2.4,0.75888,576.0,12.218,14.42,144.2,1.7114885201265102,,,,Sand,,,Sand 3,3,5.9,15.26,-4.380000000000001,-13.74
-10.72,12.24,14.66,0.11,1.5,1.0,-1.2,2.4,0.75712,577.0,12.238,14.66,146.6,1.7053532484600706,,,,Sand,,,Sand 3,3,5.9,15.26,-4.380000000000001,-13.74
-10.74,12.26,14.9,0.11,1.5,1.0,-1.2,2.3,0.75784,578.0,12.258,14.9,149.0,1.7002342739675307,,,,Sand,,,Sand 3,3,5.9,15.26,-4.380000000000001,-13.74
-10.76,12.28,14.9,0.112,1.5,1.0,-1.2,2.0,0.77281,579.0,12.278,14.9,149.0,1.7057406122639773,,,,Sand,,,Sand 3,3,5.9,15.26,-4.380000000000001,-13.74
-10.780000000000001,12.3,14.72,0.11,1.5,1.0,-1.2,2.1,0.75934,580.0,12.298,14.72,147.2,1.7048179002721047,,,,Sand,,,Sand 3,3,5.9,15.26,-4.380000000000001,-13.74
-10.8,12.32,14.29,0.105,1.5,1.0,-1.2,2.4,0.72576,580.0,12.318,14.29,142.9,1.7021321364279518,,,,Sand,,,Sand 3,3,5.9,15.26,-4.380000000000001,-13.74
-10.82,12.34,14.02,0.1,1.7,1.0,-1.4,2.4,0.6927,581.0,12.338,14.02,140.2,1.6958042087605856,,,,Sand,,,Sand 3,3,5.9,15.26,-4.380000000000001,-13.74
-10.84,12.36,14.03,0.094,1.7,1.0,-1.2,2.3,0.65386,582.0,12.358,14.03,140.3,1.6800015223103828,,,,Sand,,,Sand 3,3,5.9,15.26,-4.380000000000001,-13.74
-10.860000000000001,12.38,14.37,0.094,1.7,1.0,-1.2,2.2,0.65913,583.0,12.378,14.37,143.7,1.673986450993156,,,,Sand,,,Sand 3,3,5.9,15.26,-4.380000000000001,-13.74
-10.88,12.4,14.51,0.09,1.7,1.0,-1.4,3.0,0.63972,584.0,12.398,14.51,145.1,1.662645329951567,,,,Sand,,,Sand 3,3,5.9,15.26,-4.380000000000001,-13.74
-10.9,12.42,14.65,0.085,1.5,1.0,-1.2,2.8,0.61756,584.0,12.418,14.65,146.5,1.6499429877036786,,,,Sand,,,Sand 3,3,5.9,15.26,-4.380000000000001,-13.74
-10.92,12.44,14.42,0.083,1.5,1.0,-1.2,2.5,0.62039,585.0,12.438,14.42,144.2,1.6565935117166313,,,,Sand,,,Sand 3,3,5.9,15.26,-4.380000000000001,-13.74
-10.940000000000001,12.46,13.8,0.083,1.5,1.0,-1.2,2.3,0.64516,586.0,12.458,13.8,138.0,1.682092942695975,,,,Sand,,,Sand 3,3,5.9,15.26,-4.380000000000001,-13.74
-10.96,12.48,12.75,0.081,1.7,1.0,-1.4,2.4,0.65968,587.0,12.478,12.75,127.5,1.7152394003879556,,,,Sand,,,Sand 3,3,5.9,15.26,-4.380000000000001,-13.74
-10.98,12.5,11.58,0.082,1.7,1.2,-1.2,2.3,0.70477,588.0,12.498,11.58,115.8,1.765893791857589,,,,Sand,,,Sand 3,3,5.9,15.26,-4.380000000000001,-13.74
-11.0,12.52,10.95,0.084,1.8,1.0,-1.6,2.5,0.76416,588.0,12.518,10.95,109.5,1.8065413263731196,,,,Sand,,,Sand 3,3,5.9,15.26,-4.380000000000001,-13.74
-11.02,12.54,10.26,0.08,1.7,1.0,-1.4,2.4,0.76932,589.0,12.538,10.26,102.6,1.8307713590586594,,,,Sand,,,Sand 3,3,5.9,15.26,-4.380000000000001,-13.74
-11.040000000000001,12.56,9.82,0.078,1.7,1.0,-1.4,2.4,0.78659,590.0,12.558,9.82,98.2,1.851769152249663,,,,Sand,,,Sand 3,3,5.9,15.26,-4.380000000000001,-13.74
-11.06,12.58,9.5,0.074,1.7,1.0,-1.4,2.4,0.77355,591.0,12.578,9.5,95.0,1.8589339283584094,,,,Sand,,,Sand 3,3,5.9,15.26,-4.380000000000001,-13.74
-11.08,12.6,9.28,0.074,1.7,1.0,-1.4,2.4,0.79741,592.0,12.598,9.28,92.8,1.8749751651138138,,,,Sand,,,Sand 3,3,5.9,15.26,-4.380000000000001,-13.74
-11.1,12.62,9.05,0.074,1.7,0.8,-1.4,2.4,0.81666,593.0,12.618,9.05,90.5,1.8899074031121674,,,,Sand,,,Sand 3,3,5.9,15.26,-4.380000000000001,-13.74
-11.120000000000001,12.64,8.89,0.073,1.7,1.2,-1.2,2.3,0.82161,593.0,12.638,8.89,88.9,1.8976844155493569,,,,Sand,,,Sand 3,3,5.9,15.26,-4.380000000000001,-13.74
-11.14,12.66,8.78,0.072,1.7,1.0,-1.2,2.4,0.82427,594.0,12.658,8.78,87.8,1.902859134907,,,,Sand,,,Sand 3,3,5.9,15.26,-4.380000000000001,-13.74
-11.16,12.68,8.66,0.072,1.7,1.0,-1.4,2.4,0.83697,595.0,12.678,8.66,86.6,1.911619027854711,,,,Sand,,,Sand 3,3,5.9,15.26,-4.380000000000001,-13.74
-11.18,12.7,8.51,0.07,1.7,1.0,-1.4,2.4,0.82474,596.0,12.698,8.51,85.1,1.9139052790418922,,,,Sand,,,Sand 3,3,5.9,15.26,-4.380000000000001,-13.74
-11.200000000000001,12.72,8.41,0.07,1.7,1.0,-1.4,2.3,0.83495,597.0,12.718,8.41,84.1,1.921209005076648,,,,Sand,,,Sand 3,3,5.9,15.26,-4.380000000000001,-13.74
-11.22,12.74,8.3,0.069,1.7,1.0,-1.2,2.4,0.83245,597.0,12.738,8.3,83.0,1.9250390882393333,,,,Sand,,,Sand 3,3,5.9,15.26,-4.380000000000001,-13.74
-11.24,12.76,8.22,0.069,1.7,1.0,-1.2,2.4,0.84044,598.0,12.758,8.22,82.2,1.930885621282243,,,,Sand,,,Sand 3,3,5.9,15.26,-4.380000000000001,-13.74
-11.26,12.78,8.13,0.067,1.7,1.0,-1.4,1.9,0.82158,599.0,12.778,8.13,81.30000000000001,1.9289240025025953,,,,Sand,,,Sand 3,3,5.9,15.26,-4.380000000000001,-13.74
-11.280000000000001,12.8,8.06,0.066,1.7,1.0,-1.4,2.2,0.81331,600.0,12.798,8.06,80.60000000000001,1.9293851301878029,,,,Sand,,,Sand 3,3,5.9,15.26,-4.380000000000001,-13.74
-11.3,12.82,8.02,0.065,1.7,0.8,-1.4,2.4,0.80309,601.0,12.818,8.02,80.2,1.927927502620826,,,,Sand,,,Sand 3,3,5.9,15.26,-4.380000000000001,-13.74
-11.32,12.84,8.03,0.064,1.7,1.0,-1.4,2.4,0.79049,602.0,12.838,8.03,80.3,1.9234884302504132,,,,Sand,,,Sand 3,3,5.9,15.26,-4.380000000000001,-13.74
-11.34,12.86,8.07,0.065,1.7,1.0,-1.4,2.1,0.8,603.0,12.858,8.07,80.7,1.9247585472816684,,,,Sand,,,Sand 3,3,5.9,15.26,-4.380000000000001,-13.74
-11.360000000000001,12.88,8.09,0.064,1.7,1.0,-1.2,2.9,0.78359,603.0,12.878,8.09,80.9,1.9186450596162288,,,,Sand,,,Sand 3,3,5.9,15.26,-4.380000000000001,-13.74
-11.38,12.9,8.13,0.064,1.7,1.0,-1.2,2.6,0.77883,604.0,12.898,8.13,81.30000000000001,1.9153648004646537,,,,Sand,,,Sand 3,3,5.9,15.26,-4.380000000000001,-13.74
-11.4,12.92,8.24,0.064,1.7,1.0,-1.4,2.3,0.774,605.0,12.918,8.24,82.4,1.9090439359112523,,,,Sand,,,Sand 3,3,5.9,15.26,-4.380000000000001,-13.74
-11.42,12.94,8.36,0.065,1.7,1.0,-1.4,2.4,0.78125,606.0,12.938,8.36,83.6,1.9062966871004854,,,,Sand,,,Sand 3,3,5.9,15.26,-4.380000000000001,-13.74
-11.440000000000001,12.96,8.4,0.064,1.7,1.0,-1.2,2.4,0.76464,607.0,12.958,8.4,84.0,1.899176112272438,,,,Sand,,,Sand 3,3,5.9,15.26,-4.380000000000001,-13.74
-11.46,12.98,8.42,0.066,1.7,1.0,-1.4,2.3,0.78303,608.0,12.978,8.42,84.2,1.9043537124272736,,,,Sand,,,Sand 3,3,5.9,15.26,-4.380000000000001,-13.74
-11.48,13.0,8.44,0.066,1.7,1.0,-1.2,2.3,0.77773,608.0,12.998,8.44,84.4,1.9017937269280927,,,,Sand,,,Sand 3,3,5.9,15.26,-4.380000000000001,-13.74
-11.5,13.02,8.48,0.066,1.7,1.0,-1.4,2.4,0.77442,609.0,13.018,8.48,84.8,1.8990451179320493,,,,Sand,,,Sand 3,3,5.9,15.26,-4.380000000000001,-13.74
-11.52,13.04,8.49,0.065,1.7,1.0,-1.2,2.3,0.75879,610.0,13.038,8.49,84.9,1.8934711614400943,,,,Sand,,,Sand 3,3,5.9,15.26,-4.380000000000001,-13.74
-11.540000000000001,13.06,8.6,0.066,1.7,1.0,-1.4,2.4,0.76611,611.0,13.058,8.6,86.0,1.8913550456452686,,,,Sand,,,Sand 3,3,5.9,15.26,-4.380000000000001,-13.74
-11.56,13.08,8.7,0.069,1.7,1.0,-1.4,2.4,0.7947,612.0,13.078,8.7,87.0,1.8966355887619648,,,,Sand,,,Sand 3,3,5.9,15.26,-4.380000000000001,-13.74
-11.58,13.1,8.65,0.07,1.7,1.0,-1.4,2.3,0.80092,613.0,13.098,8.65,86.5,1.900655720363886,,,,Sand,,,Sand 3,3,5.9,15.26,-4.380000000000001,-13.74
-11.6,13.12,8.75,0.069,1.7,1.0,-1.4,2.4,0.78342,613.0,13.118,8.75,87.5,1.8909636380098243,,,,Sand,,,Sand 3,3,5.9,15.26,-4.380000000000001,-13.74
-11.620000000000001,13.14,8.81,0.069,1.7,1.2,-1.2,2.4,0.77812,614.0,13.138,8.81,88.1,1.886828815413553,,,,Sand,,,Sand 3,3,5.9,15.26,-4.380000000000001,-13.74
-11.64,13.16,8.98,0.07,1.7,1.0,-1.2,2.4,0.78497,615.0,13.158,8.98,89.8,1.8823782867668801,,,,Sand,,,Sand 3,3,5.9,15.26,-4.380000000000001,-13.74
-11.66,13.18,8.94,0.069,1.7,1.0,-1.4,2.4,0.76773,616.0,13.178,8.94,89.4,1.8782496068897783,,,,Sand,,,Sand 3,3,5.9,15.26,-4.380000000000001,-13.74
-11.68,13.2,9.03,0.071,1.7,1.0,-1.4,2.4,0.78119,617.0,13.198,9.03,90.3,1.8791937121742632,,,,Sand,,,Sand 3,3,5.9,15.26,-4.380000000000001,-13.74
-11.700000000000001,13.22,9.08,0.076,1.7,1.0,-1.4,2.4,0.82676,618.0,13.218,9.08,90.8,1.8919610011064432,,,,Sand,,,Sand 3,3,5.9,15.26,-4.380000000000001,-13.74
-11.72,13.24,9.1,0.076,1.7,1.0,-1.4,2.4,0.81908,618.0,13.238,9.1,91.0,1.8887626810657847,,,,Sand,,,Sand 3,3,5.9,15.26,-4.380000000000001,-13.74
-11.74,13.26,9.21,0.077,1.7,1.0,-1.4,2.3,0.81719,619.0,13.258,9.21,92.1,1.8839876687790997,,,,Sand,,,Sand 3,3,5.9,15.26,-4.380000000000001,-13.74
-11.76,13.28,9.56,0.077,1.7,1.0,-1.4,2.1,0.80208,620.0,13.278,9.56,95.6,1.8661728481174968,,,,Sand,,,Sand 3,3,5.9,15.26,-4.380000000000001,-13.74
-11.780000000000001,13.3,9.64,0.074,1.7,1.0,-1.2,2.1,0.75376,621.0,13.298,9.64,96.4,1.8471295320443268,,,,Sand,,,Sand 3,3,5.9,15.26,-4.380000000000001,-13.74
-11.8,13.32,9.67,0.076,1.7,1.0,-1.4,2.4,0.75584,622.0,13.318,9.67,96.7,1.846755732811222,,,,Sand,,,Sand 3,3,5.9,15.26,-4.380000000000001,-13.74
-11.82,13.34,10.09,0.077,1.7,1.0,-1.4,2.3,0.74712,623.0,13.338,10.09,100.9,1.8289279912053715,,,,Sand,,,Sand 3,3,5.9,15.26,-4.380000000000001,-13.74
-11.84,13.36,10.45,0.076,1.7,1.0,-1.4,2.3,0.72209,624.0,13.358,10.45,104.5,1.8078779818200796,,,,Sand,,,Sand 3,3,5.9,15.26,-4.380000000000001,-13.74
-11.860000000000001,13.38,10.82,0.074,1.7,1.0,-1.2,2.4,0.68829,624.0,13.378,10.82,108.2,1.7833462423111326,,,,Sand,,,Sand 3,3,5.9,15.26,-4.380000000000001,-13.74
-11.88,13.4,11.0,0.074,1.7,1.0,-1.4,2.8,0.6725,625.0,13.398,11.0,110.0,1.7716032263933492,,,,Sand,,,Sand 3,3,5.9,15.26,-4.380000000000001,-13.74
-11.9,13.42,11.22,0.075,1.7,1.0,-1.4,2.4,0.66823,626.0,13.418,11.22,112.2,1.7630344771592503,,,,Sand,,,Sand 3,3,5.9,15.26,-4.380000000000001,-13.74
-11.92,13.44,11.31,0.075,1.7,1.0,-1.4,2.4,0.65638,627.0,13.438,11.31,113.1,1.7556393109144037,,,,Sand,,,Sand 3,3,5.9,15.26,-4.380000000000001,-13.74
-11.940000000000001,13.46,11.45,0.077,1.7333,0.8,-1.4,2.3,0.66165,628.0,13.457,11.45,114.5,1.7533902156202918,,,,Sand,,,Sand 3,3,5.9,15.26,-4.380000000000001,-13.74
-11.96,13.48,11.69,0.08,1.7667,1.0,-1.4,2.4,0.67404,628.0,13.477,11.69,116.9,1.7509613871847,,,,Sand,,,Sand 3,3,5.9,15.26,-4.380000000000001,-13.74
-11.98,13.5,11.85,0.08,1.8,1.0,-1.6,2.4,0.65932,629.0,13.497,11.85,118.5,1.7404951771929507,,,,Sand,,,Sand 3,3,5.9,15.26,-4.380000000000001,-13.74
-12.0,13.52,12.07,0.084,1.8,0.8,-1.4,2.3,0.67749,630.0,13.517,12.07,120.7,1.74119315026546,,,,Sand,,,Sand 3,3,5.9,15.26,-4.380000000000001,-13.74
-12.02,13.54,12.51,0.084,1.8,1.0,-1.4,2.4,0.65908,631.0,13.537,12.51,125.1,1.7215733902612786,,,,Sand,,,Sand 3,3,5.9,15.26,-4.380000000000001,-13.74
-12.040000000000001,13.56,12.85,0.087,1.8,1.2,-1.4,2.3,0.66273,632.0,13.557,12.85,128.5,1.7137580557467855,,,,Sand,,,Sand 3,3,5.9,15.26,-4.380000000000001,-13.74
-12.06,13.58,13.34,0.087,1.7667,0.8,-1.4,2.4,0.64077,633.0,13.577,13.34,133.4,1.6919583888328082,,,,Sand,,,Sand 3,3,5.9,15.26,-4.380000000000001,-13.74
-12.08,13.6,13.43,0.086,1.7333,1.0,-1.2,2.4,0.61036,633.0,13.597,13.43,134.3,1.676890968605109,,,,Sand,,,Sand 3,3,5.9,15.26,-4.380000000000001,-13.74
-12.1,13.62,14.22,0.088,1.7,1.0,-1.4,2.4,0.60362,634.0,13.617,14.22,142.2,1.6541708794168934,,,,Sand,,,Sand 3,3,5.9,15.26,-4.380000000000001,-13.74
-12.120000000000001,13.64,14.75,0.091,1.7,1.0,-1.4,2.3,0.60525,635.0,13.637,14.75,147.5,1.6422592810117809,,,,Sand,,,Sand 3,3,5.9,15.26,-4.380000000000001,-13.74
-12.14,13.66,15.45,0.094,1.8,1.0,-1.6,2.4,0.60827,636.0,13.657,15.45,154.5,1.6276835703507517,,,,Sand,,,Sand 3,3,5.9,15.26,-4.380000000000001,-13.74
-12.16,13.68,16.17,0.092,1.7,1.0,-1.4,2.4,0.58072,637.0,13.677,16.17,161.70000000000002,1.599700923519671,,,,Sand,,,Sand 3,3,5.9,15.26,-4.380000000000001,-13.74
-12.18,13.7,16.42,0.1,1.6333,0.8,-1.2,2.4,0.6233,638.0,13.697,16.42,164.2,1.6135980866000952,,,,Sand,,,Sand 3,3,5.9,15.26,-4.380000000000001,-13.74
-12.200000000000001,13.72,16.5,0.1,1.5667,1.0,-1.4,2.4,0.6216,638.0,13.717,16.5,165.0,1.611211044173048,,,,Sand,,,Sand 3,3,5.9,15.26,-4.380000000000001,-13.74
-12.22,13.74,16.69,0.101,1.5,1.0,-1.2,2.4,0.63199,639.0,13.737,16.69,166.9,1.6118977999563064,,,,Sand,,,Sand 3,3,5.9,15.26,-4.380000000000001,-13.74
-12.24,13.76,16.54,0.099,1.7,1.0,-1.4,2.3,0.62932,640.0,13.757,16.54,165.4,1.6137727796936252,,,,Sand,,,Sand 3,3,5.9,15.26,-4.380000000000001,-13.74
-12.26,13.78,15.83,0.099,1.7,1.0,-1.4,2.3,0.64213,641.0,13.777,15.83,158.3,1.6340831357291228,,,,Sand,,,Sand 3,3,5.9,15.26,-4.380000000000001,-13.74
-12.280000000000001,13.8,15.1,0.101,1.7,1.0,-1.2,2.0,0.66982,642.0,13.797,15.1,151.0,1.6615561658784932,,,,Sand,,,Sand 3,3,5.9,15.26,-4.380000000000001,-13.74
-12.3,13.82,14.6,0.103,1.7,1.0,-1.4,2.2,0.6986,643.0,13.817,14.6,146.0,1.6844277777505128,,,,Sand,,,Sand 3,3,5.9,15.26,-4.380000000000001,-13.74
-12.32,13.84,14.17,0.101,1.7,1.0,-1.4,2.4,0.69848,644.0,13.837,14.17,141.7,1.6944642677836494,,,,Sand,,,Sand 3,3,5.9,15.26,-4.380000000000001,-13.74
-12.34,13.86,13.91,0.097,1.6333,0.8,-1.2,2.3,0.67696,644.0,13.857,13.91,139.1,1.692259890727868,,,,Sand,,,Sand 3,3,5.9,15.26,-4.380000000000001,-13.74
-12.360000000000001,13.88,13.79,0.098,1.5667,1.0,-1.4,2.3,0.6802,645.0,13.877,13.79,137.9,1.6964973066864464,,,,Sand,,,Sand 3,3,5.9,15.26,-4.380000000000001,-13.74
-12.38,13.9,14.01,0.1,1.5,1.0,-1.2,2.4,0.68347,646.0,13.897,14.01,140.1,1.6924092713484409,,,,Sand,,,Sand 3,3,5.9,15.26,-4.380000000000001,-13.74
-12.4,13.92,14.27,0.101,1.7,1.0,-1.4,2.8,0.67132,647.0,13.917,14.27,142.7,1.6813095611310698,,,,Sand,,,Sand 3,3,5.9,15.26,-4.380000000000001,-13.74
-12.42,13.94,14.78,0.103,1.5,1.0,-1.2,2.5,0.65815,648.0,13.937,14.78,147.8,1.6640207767825241,,,,Sand,,,Sand 3,3,5.9,15.26,-4.380000000000001,-13.74
-12.440000000000001,13.96,15.73,0.109,1.5,1.0,-1.2,2.3,0.66468,648.0,13.957,15.73,157.3,1.6456794350097292,,,,Sand,,,Sand 3,3,5.9,15.26,-4.380000000000001,-13.74
-12.46,13.98,16.39,0.118,1.5,1.0,-1.2,2.3,0.68695,649.0,13.977,16.39,163.9,1.6410888853860823,,,,Sand,,,Sand 3,3,5.9,15.26,-4.380000000000001,-13.74
-12.48,14.0,17.48,0.118,1.6,0.8,-1.4,2.4,0.65811,650.0,13.997,17.48,174.8,1.6077059120098984,,,,Sand,,,Sand 3,3,5.9,15.26,-4.380000000000001,-13.74
-12.5,14.02,18.75,0.131,1.6,1.0,-1.2,2.3,0.70359,651.0,14.017,18.75,187.5,1.6037385097419532,,,,Sand,,,Sand 3,3,5.9,15.26,-4.380000000000001,-13.74
-12.52,14.04,19.78,0.141,1.6,1.0,-1.4,2.4,0.73352,652.0,14.037,19.78,197.8,1.5987069309361388,,,,Sand,,,Sand 3,3,5.9,15.26,-4.380000000000001,-13.74
-12.540000000000001,14.06,20.24,0.143,1.6,0.8,-1.4,2.4,0.72314,653.0,14.057,20.24,202.4,1.5871757739383034,,,,Sand,,,Sand 3,3,5.9,15.26,-4.380000000000001,-13.74
-12.56,14.08,20.29,0.155,1.6,0.8,-1.2,2.3,0.76752,653.0,14.077,20.29,202.9,1.6040998365676884,,,,Sand,,,Sand 3,3,5.9,15.26,-4.380000000000001,-13.74
-12.58,14.1,20.29,0.171,1.6,0.8,-1.6,2.4,0.83476,654.0,14.097,20.29,202.9,1.6294403929315688,,,,Sand,,,Sand 3,3,5.9,15.26,-4.380000000000001,-13.74
-12.6,14.12,20.56,0.18,1.6,0.8,-1.4,2.4,0.86778,655.0,14.117,20.56,205.6,1.6372258272401363,,,,Sand,,,Sand 3,3,5.9,15.26,-4.380000000000001,-13.74
-12.620000000000001,14.14,20.81,0.185,1.7,1.0,-1.4,2.4,0.87782,656.0,14.137,20.81,208.1,1.6370673450564495,,,,Sand,,,Sand 3,3,5.9,15.26,-4.380000000000001,-13.74
-12.64,14.16,20.84,0.188,1.7,1.0,-1.4,2.4,0.87488,657.0,14.157,20.84,208.4,1.6355918688466955,,,,Sand,,,Sand 3,3,5.9,15.26,-4.380000000000001,-13.74
-12.66,14.18,21.07,0.191,1.7,1.0,-1.4,2.4,0.86942,658.0,14.177,21.07,210.7,1.6303062054939503,,,,Sand,,,Sand 3,3,5.9,15.26,-4.380000000000001,-13.74
-12.68,14.2,21.84,0.193,1.7,1.0,-1.2,2.4,0.85974,658.0,14.197,21.84,218.4,1.6159062731272782,,,,Sand,,,Sand 3,3,5.9,15.26,-4.380000000000001,-13.74
-12.700000000000001,14.22,22.9,0.197,1.7,1.0,-1.4,2.4,0.8604,659.0,14.217,22.9,229.0,1.6018109357827701,,,,Sand,,,Sand 3,3,5.9,15.26,-4.380000000000001,-13.74
-12.72,14.24,23.6,0.196,1.7,0.8,-1.6,2.4,0.83972,660.0,14.237,23.6,236.0,1.5851327454460493,,,,Sand,,,Sand 3,3,5.9,15.26,-4.380000000000001,-13.74
-12.74,14.26,24.13,0.197,1.6667,0.8,-1.2,2.4,0.8296,661.0,14.257,24.13,241.3,1.5746598339909403,,,,Sand,,,Sand 3,3,5.9,15.26,-4.380000000000001,-13.74
-12.76,14.28,24.4,0.203,1.6333,0.8,-1.4,2.0,0.845,662.0,14.277,24.4,244.0,1.5771255812324543,,,,Sand,,,Sand 3,3,5.9,15.26,-4.380000000000001,-13.74
-12.780000000000001,14.3,24.39,0.208,1.6,0.8,-1.4,2.1,0.86249,663.0,14.297,24.39,243.9,1.5837290652267781,,,,Sand,,,Sand 3,3,5.9,15.26,-4.380000000000001,-13.74
-12.8,14.32,24.4,0.206,1.6,0.8,-1.4,2.4,0.85499,664.0,14.317,24.4,244.0,1.5808412364323634,,,,Sand,,,Sand 3,3,5.9,15.26,-4.380000000000001,-13.74
-12.82,14.34,24.31,0.204,1.6,0.8,-1.4,2.4,0.85137,664.0,14.337,24.31,243.1,1.5805993982560285,,,,Sand,,,Sand 3,3,5.9,15.26,-4.380000000000001,-13.74
-12.84,14.36,24.06,0.204,1.6,0.8,-1.4,2.4,0.85985,665.0,14.357,24.06,240.6,1.5868109467120641,,,,Sand,,,Sand 3,3,5.9,15.26,-4.380000000000001,-13.74
-12.860000000000001,14.38,23.64,0.202,1.6,0.8,-1.2,2.3,0.86288,666.0,14.377,23.64,236.4,1.5931761356673142,,,,Sand,,,Sand 3,3,5.9,15.26,-4.380000000000001,-13.74
-12.88,14.4,23.42,0.202,1.6,0.8,-1.4,2.1,0.87726,667.0,14.397,23.42,234.2,1.601179726720123,,,,Sand,,,Sand 3,3,5.9,15.26,-4.380000000000001,-13.74
-12.9,14.42,23.07,0.199,1.6,0.8,-1.4,2.9,0.88126,668.0,14.417,23.07,230.7,1.6071126576192822,,,,Sand,,,Sand 3,3,5.9,15.26,-4.380000000000001,-13.74
-12.92,14.44,22.51,0.19,1.6,0.8,-1.4,2.6,0.86075,668.0,14.437,22.51,225.1,1.6071171369184072,,,,Sand,,,Sand 3,3,5.9,15.26,-4.380000000000001,-13.74
-12.940000000000001,14.46,21.87,0.186,1.6,0.8,-1.4,2.4,0.86281,669.0,14.457,21.87,218.7,1.6165956987816892,,,,Sand,,,Sand 3,3,5.9,15.26,-4.380000000000001,-13.74
-12.96,14.48,21.33,0.183,1.6,0.8,-1.4,2.4,0.8691,670.0,14.477,21.33,213.3,1.6264515219137567,,,,Sand,,,Sand 3,3,5.9,15.26,-4.380000000000001,-13.74
-12.98,14.5,20.75,0.181,1.6,0.8,-1.4,2.3,0.87885,671.0,14.497,20.75,207.5,1.6383115762943832,,,,Sand,,,Sand 3,3,5.9,15.26,-4.380000000000001,-13.74
-13.0,14.52,20.0,0.18,1.6,0.8,-1.2,2.4,0.89015,672.0,14.517,20.0,200.0,1.6535220102100248,,,,Sand,,,Sand 3,3,5.9,15.26,-4.380000000000001,-13.74
-13.02,14.54,19.51,0.176,1.6,0.8,-1.4,2.3,0.88116,673.0,14.537,19.51,195.1,1.6580547450044802,,,,Sand,,,Sand 3,3,5.9,15.26,-4.380000000000001,-13.74
-13.040000000000001,14.56,19.41,0.167,1.6,0.8,-1.4,2.4,0.84195,673.0,14.557,19.41,194.1,1.6458263416542303,,,,Sand,,,Sand 3,3,5.9,15.26,-4.380000000000001,-13.74
-13.06,14.58,19.38,0.159,1.6,0.8,-1.4,2.4,0.80405,674.0,14.577,19.38,193.8,1.6324564483148836,,,,Sand,,,Sand 3,3,5.9,15.26,-4.380000000000001,-13.74
-13.08,14.6,19.52,0.158,1.6,0.8,-1.4,2.3,0.79542,675.0,14.597,19.52,195.2,1.626961708680198,,,,Sand,,,Sand 3,3,5.9,15.26,-4.380000000000001,-13.74
-13.1,14.62,19.89,0.158,1.6,0.8,-1.4,2.4,0.78793,676.0,14.617,19.89,198.9,1.6182215896947854,,,,Sand,,,Sand 3,3,5.9,15.26,-4.380000000000001,-13.74
-13.120000000000001,14.64,20.22,0.166,1.6,0.8,-1.4,2.4,0.81753,677.0,14.637,20.22,202.2,1.62418291912605,,,,Sand,,,Sand 3,3,5.9,15.26,-4.380000000000001,-13.74
-13.14,14.66,20.27,0.166,1.6,0.8,-1.2,2.4,0.80612,678.0,14.657,20.27,202.7,1.6191619676779385,,,,Sand,,,Sand 3,3,5.9,15.26,-4.380000000000001,-13.74
-13.16,14.68,20.71,0.163,1.6,0.8,-1.4,2.3,0.78206,678.0,14.677,20.71,207.1,1.603310271182136,,,,Sand,,,Sand 3,3,5.9,15.26,-4.380000000000001,-13.74
-13.18,14.7,21.02,0.167,1.6,0.8,-1.4,2.4,0.7968,679.0,14.697,21.02,210.2,1.6043303911254867,,,,Sand,,,Sand 3,3,5.9,15.26,-4.380000000000001,-13.74
-13.200000000000001,14.72,21.43,0.172,1.6,0.8,-1.2,2.4,0.81997,680.0,14.717,21.43,214.3,1.6070993486324114,,,,Sand,,,Sand 3,3,5.9,15.26,-4.380000000000001,-13.74
-13.22,14.74,21.68,0.177,1.6,0.8,-1.4,2.4,0.84467,681.0,14.737,21.68,216.8,1.6126725635155057,,,,Sand,,,Sand 3,3,5.9,15.26,-4.380000000000001,-13.74
-13.24,14.76,21.52,0.181,1.6,0.8,-1.4,2.4,0.86727,682.0,14.757,21.52,215.2,1.6230986253332695,,,,Sand,,,Sand 3,3,5.9,15.26,-4.380000000000001,-13.74
-13.26,14.78,20.82,0.183,1.6,0.8,-1.4,2.2,0.88235,683.0,14.777,20.82,208.2,1.6385100929798673,,,,Sand,,,Sand 3,3,5.9,15.26,-4.380000000000001,-13.74
-13.280000000000001,14.8,20.36,0.176,1.6,0.8,-1.4,2.0,0.85629,684.0,14.797,20.36,203.6,1.636145450150782,,,,Sand,,,Sand 3,3,5.9,15.26,-4.380000000000001,-13.74
-13.3,14.82,20.1,0.169,1.6,0.8,-1.4,2.2,0.83297,684.0,14.817,20.1,201.0,1.631706707077961,,,,Sand,,,Sand 3,3,5.9,15.26,-4.380000000000001,-13.74
-13.32,14.84,20.03,0.169,1.6,0.8,-1.4,2.4,0.84511,685.0,14.837,20.03,200.3,1.637186423659169,,,,Sand,,,Sand 3,3,5.9,15.26,-4.380000000000001,-13.74
-13.34,14.86,19.98,0.169,1.6,0.8,-1.4,2.4,0.85711,686.0,14.857,19.98,199.8,1.6422546196697878,,,,Sand,,,Sand 3,3,5.9,15.26,-4.380000000000001,-13.74
-13.360000000000001,14.88,19.94,0.167,1.6,0.8,-1.4,2.3,0.85718,687.0,14.877,19.94,199.4,1.6428993639894867,,,,Sand,,,Sand 3,3,5.9,15.26,-4.380000000000001,-13.74
-13.38,14.9,19.56,0.164,1.6,0.8,-1.4,2.1,0.8545,688.0,14.897,19.56,195.6,1.6479114272587494,,,,Sand,,,Sand 3,3,5.9,15.26,-4.380000000000001,-13.74
-13.4,14.92,19.19,0.162,1.6,0.8,-1.4,3.0,0.85987,689.0,14.917,19.19,191.9,1.655749406961922,,,,Sand,,,Sand 3,3,5.9,15.26,-4.380000000000001,-13.74
-13.42,14.94,18.58,0.158,1.6,0.8,-1.4,2.8,0.85707,689.0,14.937,18.58,185.8,1.6648536816157733,,,,Sand,,,Sand 3,3,5.9,15.26,-4.380000000000001,-13.74
-13.440000000000001,14.96,18.48,0.155,1.6,0.8,-1.4,2.5,0.86363,690.0,14.957,18.48,184.8,1.6688379048506885,,,,Sand,,,Sand 3,3,5.9,15.26,-4.380000000000001,-13.74
-13.46,14.98,17.78,0.153,1.6,0.8,-1.4,2.3,0.8778,691.0,14.977,17.78,177.8,1.6858397865486283,,,,Sand,,,Sand 3,3,5.9,15.26,-4.380000000000001,-13.74
-13.48,15.0,17.21,0.159,1.7,1.0,-1.4,2.4,0.9402,692.0,14.997,17.21,172.1,1.716703648725516,,,,Sand,,,Sand 3,3,5.9,15.26,-4.380000000000001,-13.74
-13.5,15.02,16.74,0.164,1.6,0.8,-1.4,2.4,0.99795,693.0,15.017,16.74,167.4,1.7433736526808934,,,,Sand,,,Sand 3,3,5.9,15.26,-4.380000000000001,-13.74
-13.52,15.04,16.04,0.151,1.6,0.8,-1.4,2.4,0.9563,693.0,15.037,16.04,160.4,1.743884837900666,,,,Sand,,,Sand 3,3,5.9,15.26,-4.380000000000001,-13.74
-13.540000000000001,15.06,15.42,0.147,1.6,0.8,-1.4,2.4,0.96926,694.0,15.057,15.42,154.2,1.7603425368870673,,,,Sand,,,Sand 3,3,5.9,15.26,-4.380000000000001,-13.74
-13.56,15.08,15.04,0.14,1.6,0.8,-1.4,2.4,0.96493,695.0,15.077,15.04,150.4,1.766923402613374,,,,Sand,,,Sand 3,3,5.9,15.26,-4.380000000000001,-13.74
-13.58,15.1,14.76,0.131,1.6,0.8,-1.4,2.4,0.95152,696.0,15.097,14.76,147.6,1.7687797542436818,,,,Sand,,,Sand 3,3,5.9,15.26,-4.380000000000001,-13.74
-13.6,15.12,13.33,0.127,1.6,0.8,-1.4,2.4,0.97777,697.0,15.117,13.33,133.3,1.8094625767102428,,,,Sand,,,Sand 3,3,5.9,15.26,-4.380000000000001,-13.74
-13.620000000000001,15.14,12.79,0.124,1.6,0.8,-1.4,2.4,1.0203,698.0,15.137,12.79,127.9,1.835182315724287,,,,Sand,,,Sand 3,3,5.9,15.26,-4.380000000000001,-13.74
-13.64,15.16,11.95,0.112,1.6,0.8,-1.4,2.4,0.99412,698.0,15.157,11.95,119.5,1.8497517158060022,,,,Sand,,,Sand 3,3,5.9,15.26,-4.380000000000001,-13.74
-13.66,15.18,10.81,0.099,1.6,0.8,-1.4,2.4,0.95814,699.0,15.177,10.81,108.1,1.872439107252929,,,,Sand,,,Sand 3,3,5.9,15.26,-4.380000000000001,-13.74
-13.68,15.2,9.81,0.09,1.6,0.8,-1.4,2.4,0.94862,700.0,15.197,9.81,98.1,1.9022335405536308,,,,Sand,,,Sand 3,3,5.9,15.26,-4.380000000000001,-13.74
-13.700000000000001,15.22,8.74,0.081,1.6,0.8,-1.4,2.4,0.94022,701.0,15.217,8.74,87.4,1.9390909995848535,,,,Sand,,,Sand 3,3,5.9,15.26,-4.380000000000001,-13.74
-13.72,15.24,7.94,0.075,1.6,0.8,-1.4,2.4,0.96216,702.0,15.237,7.94,79.4,1.9781980979293905,,,,Sand,,,Sand 3,3,5.9,15.26,-4.380000000000001,-13.74
-13.74,15.26,7.29,0.069,1.6,0.8,-1.4,2.4,0.97595,703.0,15.257,7.29,72.9,2.0114770298073497,,,,Sand,,,Sand mixtures 2,2,15.26,15.6,-13.74,-14.08
-13.76,15.28,6.57,0.064,1.6,0.8,-1.4,2.4,0.99398,703.0,15.277,6.57,65.7,2.0524494003102447,,,,Sand mixtures,,,Sand mixtures 2,2,15.26,15.6,-13.74,-14.08
-13.780000000000001,15.3,5.81,0.056,1.6,0.8,-1.4,1.9,0.94935,704.0,15.297,5.81,58.1,2.0841460942816203,,,,Sand mixtures,,,Sand mixtures 2,2,15.26,15.6,-13.74,-14.08
-13.8,15.32,5.39,0.052,1.7,0.8,-1.6,2.2,0.96052,705.0,15.317,5.39,53.9,2.113786955370821,,,,Sand mixtures,,,Sand mixtures 2,2,15.26,15.6,-13.74,-14.08
-13.82,15.34,5.01,0.048,1.6,0.8,-1.4,2.4,0.96531,706.0,15.337,5.01,50.1,2.1411904605577923,,,,Sand mixtures,,,Sand mixtures 2,2,15.26,15.6,-13.74,-14.08
-13.84,15.36,4.76,0.046,1.6,0.8,-1.4,2.3,1.0052,707.0,15.357,4.76,47.6,2.1694639800208306,,,,Sand mixtures,,,Sand mixtures 2,2,15.26,15.6,-13.74,-14.08
-13.860000000000001,15.38,4.42,0.038,1.6,1.0,-1.2,2.3,0.89808,708.0,15.377,4.42,44.2,2.1692745429719222,,,,Sand mixtures,,,Sand mixtures 2,2,15.26,15.6,-13.74,-14.08
-13.88,15.4,4.06,0.036,1.6,0.8,-1.4,2.8,0.92013,708.0,15.397,4.06,40.599999999999994,2.206033597661553,,,,Sand mixtures,,,Sand mixtures 2,2,15.26,15.6,-13.74,-14.08
-13.9,15.42,3.76,0.036,1.6,0.8,-1.4,2.5,0.99345,709.0,15.417,3.76,37.6,2.2520562876304075,,,,Sand mixtures,,,Sand mixtures 2,2,15.26,15.6,-13.74,-14.08
-13.92,15.44,3.4,0.0353,1.6,0.8,-1.4,2.3,1.0467,710.0,15.437,3.4,34.0,2.301091727118237,,,,Sand mixtures,,,Sand mixtures 2,2,15.26,15.6,-13.74,-14.08
-13.940000000000001,15.46,3.05,0.0347,1.7,0.8,-1.6,2.3,1.0743,711.0,15.457,3.05,30.5,2.3469811107607668,,,,Sand mixtures,,,Sand mixtures 2,2,15.26,15.6,-13.74,-14.08
-13.96,15.48,2.84,0.034,1.6778,0.8,-1.4,2.4,1.0534,712.0,15.477,2.84,28.4,2.368764036716506,,,,Sand mixtures,,,Sand mixtures 2,2,15.26,15.6,-13.74,-14.08
-13.98,15.5,2.7,0.045,1.6555,0.8,-1.4,2.3,1.3463,713.0,15.497,2.7,27.0,2.444631142350892,,,,Sand mixtures,,,Sand mixtures 2,2,15.26,15.6,-13.74,-14.08
-14.0,15.52,2.75,0.056,1.6333,1.0,-1.2,2.3,1.5411,713.0,15.517,2.75,27.5,2.4709506930205394,,,,Sand mixtures,,,Sand mixtures 2,2,15.26,15.6,-13.74,-14.08
-14.02,15.54,3.28,0.067,1.6667,0.8,-1.6,2.4,1.5577,714.0,15.537,3.28,32.8,2.41116560529902,,,,Sand mixtures,,,Sand mixtures 2,2,15.26,15.6,-13.74,-14.08
-14.040000000000001,15.56,4.04,0.089,1.7,0.8,-1.6,2.4,1.6597,715.0,15.557,4.04,40.4,2.3551559710305936,,,,Sand mixtures,,,Sand mixtures 2,2,15.26,15.6,-13.74,-14.08
-14.06,15.58,4.68,0.104,1.7,0.8,-1.4,2.4,1.561,716.0,15.577,4.68,46.8,2.2884105304254647,,,,Sand mixtures,,,Sand mixtures 2,2,15.26,15.6,-13.74,-14.08
-14.08,15.6,5.73,0.1083,1.7,0.8,-1.6,2.3,1.3582,717.0,15.597,5.73,57.3,2.1819545005607126,,,,Sand mixtures,,,Sand 4,4,15.6,35.22,-14.08,-33.699999999999996
-14.1,15.62,8.39,0.1127,1.7,0.6,-1.6,2.4,1.1981,718.0,15.617,8.39,83.9,2.019142471906563,,,,Sand,,,Sand 4,4,15.6,35.22,-14.08,-33.699999999999996
-14.120000000000001,15.64,11.33,0.117,1.6667,1.0,-1.2,2.4,1.0778,718.0,15.637,11.33,113.3,1.8903060171912316,,,,Sand,,,Sand 4,4,15.6,35.22,-14.08,-33.699999999999996
-14.14,15.66,13.1,0.1157,1.6333,0.8,-1.4,2.4,0.94459,719.0,15.657,13.1,131.0,1.805126476977382,,,,Sand,,,Sand 4,4,15.6,35.22,-14.08,-33.699999999999996
-14.16,15.68,13.24,0.1143,1.6,0.8,-1.4,2.4,0.84315,720.0,15.677,13.24,132.4,1.7693230109308606,,,,Sand,,,Sand 4,4,15.6,35.22,-14.08,-33.699999999999996
-14.18,15.7,14.74,0.113,1.6,0.8,-1.4,2.3,0.77444,721.0,15.697,14.74,147.4,1.7099013680181518,,,,Sand,,,Sand 4,4,15.6,35.22,-14.08,-33.699999999999996
-14.200000000000001,15.72,15.63,0.122,1.6,0.8,-1.4,2.4,0.80112,722.0,15.717,15.63,156.3,1.7002873074026512,,,,Sand,,,Sand 4,4,15.6,35.22,-14.08,-33.699999999999996
-14.22,15.74,15.83,0.131,1.6,0.8,-1.4,2.4,0.83679,723.0,15.737,15.83,158.3,1.7087396435985887,,,,Sand,,,Sand 4,4,15.6,35.22,-14.08,-33.699999999999996
-14.24,15.76,16.19,0.127,1.6,0.8,-1.4,2.4,0.78931,723.0,15.757,16.19,161.9,1.6845595030618106,,,,Sand,,,Sand 4,4,15.6,35.22,-14.08,-33.699999999999996
-14.26,15.78,16.67,0.124,1.6,0.8,-1.4,2.2,0.75899,724.0,15.777,16.67,166.7,1.6637860804019895,,,,Sand,,,Sand 4,4,15.6,35.22,-14.08,-33.699999999999996
-14.280000000000001,15.8,16.43,0.107,1.6,0.8,-1.4,2.0,0.64976,725.0,15.797,16.43,164.3,1.6248088576018556,,,,Sand,,,Sand 4,4,15.6,35.22,-14.08,-33.699999999999996
-14.3,15.82,16.51,0.1047,1.6,0.8,-1.2,2.3,0.63263,726.0,15.817,16.51,165.1,1.6158230940915004,,,,Sand,,,Sand 4,4,15.6,35.22,-14.08,-33.699999999999996
-14.32,15.84,16.72,0.1023,1.6,0.8,-1.4,2.4,0.61953,727.0,15.837,16.72,167.2,1.6058299952397672,,,,Sand,,,Sand 4,4,15.6,35.22,-14.08,-33.699999999999996
-14.34,15.86,16.72,0.1,1.6,0.8,-1.2,2.3,0.60985,728.0,15.857,16.72,167.2,1.6015283722230937,,,,Sand,,,Sand 4,4,15.6,35.22,-14.08,-33.699999999999996
-14.360000000000001,15.88,16.67,0.108,1.6,0.8,-1.2,2.2,0.66513,729.0,15.877,16.67,166.7,1.6264436022267137,,,,Sand,,,Sand 4,4,15.6,35.22,-14.08,-33.699999999999996
-14.38,15.9,16.49,0.111,1.6,0.8,-1.4,2.4,0.69883,729.0,15.897,16.49,164.9,1.643880428089655,,,,Sand,,,Sand 4,4,15.6,35.22,-14.08,-33.699999999999996
-14.4,15.92,15.89,0.107,1.5667,0.8,-1.2,2.8,0.692,730.0,15.916,15.89,158.9,1.6534423170290973,,,,Sand,,,Sand 4,4,15.6,35.22,-14.08,-33.699999999999996
-14.42,15.94,15.75,0.108,1.5333,0.8,-1.2,2.5,0.72,731.0,15.936,15.75,157.5,1.6674711648456968,,,,Sand,,,Sand 4,4,15.6,35.22,-14.08,-33.699999999999996
-14.440000000000001,15.96,15.15,0.105,1.5,1.0,-1.2,2.4,0.72302,732.0,15.956,15.15,151.5,1.6815471955487284,,,,Sand,,,Sand 4,4,15.6,35.22,-14.08,-33.699999999999996
-14.46,15.98,13.68,0.111,1.5,1.0,-1.2,2.3,0.78933,733.0,15.976,13.68,136.8,1.7399980171474614,,,,Sand,,,Sand 4,4,15.6,35.22,-14.08,-33.699999999999996
-14.48,16.0,13.35,0.119,1.4,0.8,-1.2,2.4,0.86893,733.0,15.996,13.35,133.5,1.7750989758403783,,,,Sand,,,Sand 4,4,15.6,35.22,-14.08,-33.699999999999996
-14.5,16.02,13.02,0.116,1.4,0.8,-1.2,2.4,0.86713,734.0,16.016,13.02,130.2,1.782761460628365,,,,Sand,,,Sand 4,4,15.6,35.22,-14.08,-33.699999999999996
-14.52,16.04,12.85,0.107,1.4,0.8,-1.2,2.4,0.8123,735.0,16.036,12.85,128.5,1.7688538550661017,,,,Sand,,,Sand 4,4,15.6,35.22,-14.08,-33.699999999999996
-14.54,16.06,12.81,0.102,1.6,0.8,-1.4,2.4,0.77302,736.0,16.056,12.81,128.1,1.7562343433431162,,,,Sand,,,Sand 4,4,15.6,35.22,-14.08,-33.699999999999996
-14.559999999999999,16.08,12.95,0.104,1.6,0.8,-1.4,2.3,0.77961,737.0,16.076,12.95,129.5,1.7549081847577663,,,,Sand,,,Sand 4,4,15.6,35.22,-14.08,-33.699999999999996
-14.580000000000002,16.1,13.21,0.108,1.6222,0.8,-1.2,2.4,0.79157,738.0,16.096,13.21,132.1,1.7524501649703792,,,,Sand,,,Sand 4,4,15.6,35.22,-14.08,-33.699999999999996
-14.600000000000001,16.12,13.51,0.119,1.6445,1.0,-1.4,2.4,0.84487,738.0,16.116,13.51,135.1,1.7632274794376823,,,,Sand,,,Sand 4,4,15.6,35.22,-14.08,-33.699999999999996
-14.620000000000001,16.14,13.86,0.123,1.6667,0.8,-1.2,2.4,0.8356,739.0,16.136,13.86,138.6,1.7516772915003385,,,,Sand,,,Sand 4,4,15.6,35.22,-14.08,-33.699999999999996
-14.64,16.16,14.51,0.124,1.6333,0.8,-1.4,2.4,0.80337,740.0,16.156,14.51,145.1,1.7254475620074015,,,,Sand,,,Sand 4,4,15.6,35.22,-14.08,-33.699999999999996
-14.66,16.18,15.45,0.126,1.6,0.8,-1.2,2.4,0.77952,741.0,16.176,15.45,154.5,1.696261799036328,,,,Sand,,,Sand 4,4,15.6,35.22,-14.08,-33.699999999999996
-14.68,16.2,16.38,0.131,1.6,1.0,-1.4,2.4,0.7767,742.0,16.196,16.38,163.79999999999998,1.6761294668992817,,,,Sand,,,Sand 4,4,15.6,35.22,-14.08,-33.699999999999996
-14.7,16.22,17.89,0.132,1.6,0.8,-1.4,2.4,0.75348,743.0,16.216,17.89,178.9,1.6387812427828976,,,,Sand,,,Sand 4,4,15.6,35.22,-14.08,-33.699999999999996
-14.719999999999999,16.24,18.67,0.136,1.5,1.0,-1.2,2.4,0.75237,743.0,16.236,18.67,186.7,1.6246282390616669,,,,Sand,,,Sand 4,4,15.6,35.22,-14.08,-33.699999999999996
-14.740000000000002,16.26,19.04,0.144,1.5,0.8,-1.2,2.3,0.77901,744.0,16.256,19.04,190.4,1.6286254012359243,,,,Sand,,,Sand 4,4,15.6,35.22,-14.08,-33.699999999999996
-14.760000000000002,16.28,19.13,0.141,1.5,0.8,-1.2,2.4,0.7531,745.0,16.276,19.13,191.3,1.6171292598327778,,,,Sand,,,Sand 4,4,15.6,35.22,-14.08,-33.699999999999996
-14.780000000000001,16.3,19.08,0.141,1.5,1.0,-1.2,2.0,0.75205,746.0,16.296,19.08,190.8,1.6175539170266382,,,,Sand,,,Sand 4,4,15.6,35.22,-14.08,-33.699999999999996
-14.8,16.32,18.97,0.139,1.5333,0.8,-1.2,2.2,0.74596,747.0,16.316,18.97,189.7,1.617012906462518,,,,Sand,,,Sand 4,4,15.6,35.22,-14.08,-33.699999999999996
-14.82,16.34,18.72,0.136,1.5667,0.8,-1.4,2.4,0.73738,748.0,16.336,18.72,187.2,1.6178824963505403,,,,Sand,,,Sand 4,4,15.6,35.22,-14.08,-33.699999999999996
-14.84,16.36,18.28,0.132,1.6,0.8,-1.2,2.4,0.72557,749.0,16.356,18.28,182.8,1.6208606694992147,,,,Sand,,,Sand 4,4,15.6,35.22,-14.08,-33.699999999999996
-14.86,16.38,18.1,0.13,1.6,0.8,-1.2,2.4,0.72545,749.0,16.376,18.1,181.0,1.6240184033923393,,,,Sand,,,Sand 4,4,15.6,35.22,-14.08,-33.699999999999996
-14.879999999999999,16.4,17.75,0.132,1.6,0.8,-1.4,2.1,0.74825,750.0,16.396,17.75,177.5,1.6392970713694905,,,,Sand,,,Sand 4,4,15.6,35.22,-14.08,-33.699999999999996
-14.900000000000002,16.42,17.52,0.132,1.5741,0.8,-1.2,2.8,0.75982,751.0,16.416,17.52,175.2,1.647963194499912,,,,Sand,,,Sand 4,4,15.6,35.22,-14.08,-33.699999999999996
-14.920000000000002,16.44,17.12,0.137,1.5481,1.0,-1.2,2.8,0.79924,752.0,16.436,17.12,171.2,1.6701278607014953,,,,Sand,,,Sand 4,4,15.6,35.22,-14.08,-33.699999999999996
-14.940000000000001,16.46,16.9,0.137,1.5222,0.8,-1.2,2.5,0.81059,753.0,16.456,16.9,169.0,1.67840331321053,,,,Sand,,,Sand 4,4,15.6,35.22,-14.08,-33.699999999999996
-14.96,16.48,16.74,0.132,1.5445,0.8,-1.4,2.3,0.79101,753.0,16.476,16.74,167.4,1.6743525304038513,,,,Sand,,,Sand 4,4,15.6,35.22,-14.08,-33.699999999999996
-14.98,16.5,16.57,0.126,1.5667,0.8,-1.2,2.4,0.76439,754.0,16.496,16.57,165.7,1.6677824109257842,,,,Sand,,,Sand 4,4,15.6,35.22,-14.08,-33.699999999999996
-15.0,16.52,16.43,0.128,1.5333,0.8,-1.2,2.3,0.78528,755.0,16.516,16.43,164.3,1.6783041559063325,,,,Sand,,,Sand 4,4,15.6,35.22,-14.08,-33.699999999999996
-15.02,16.54,16.18,0.128,1.5,1.0,-1.2,2.4,0.79448,756.0,16.536,16.18,161.8,1.6866419409796989,,,,Sand,,,Sand 4,4,15.6,35.22,-14.08,-33.699999999999996
-15.04,16.56,16.04,0.128,1.5,1.0,-1.2,2.4,0.80402,757.0,16.556,16.04,160.4,1.6929068164238827,,,,Sand,,,Sand 4,4,15.6,35.22,-14.08,-33.699999999999996
-15.059999999999999,16.58,15.89,0.126,1.6,0.8,-1.4,2.4,0.80172,758.0,16.576,15.89,158.9,1.6951323353566432,,,,Sand,,,Sand 4,4,15.6,35.22,-14.08,-33.699999999999996
-15.080000000000002,16.6,15.65,0.123,1.6,0.8,-1.4,2.4,0.79304,758.0,16.596,15.65,156.5,1.6969635145336968,,,,Sand,,,Sand 4,4,15.6,35.22,-14.08,-33.699999999999996
-15.100000000000001,16.62,15.39,0.121,1.6,0.8,-1.4,2.3,0.7893,759.0,16.616,15.39,153.9,1.701089849106391,,,,Sand,,,Sand 4,4,15.6,35.22,-14.08,-33.699999999999996
-15.120000000000001,16.64,15.21,0.122,1.5,1.0,-1.2,2.4,0.80468,760.0,16.636,15.21,152.1,1.710449872397535,,,,Sand,,,Sand 4,4,15.6,35.22,-14.08,-33.699999999999996
-15.14,16.66,14.94,0.123,1.5,0.8,-1.2,2.4,0.81959,761.0,16.656,14.94,149.4,1.721554164423192,,,,Sand,,,Sand 4,4,15.6,35.22,-14.08,-33.699999999999996
-15.16,16.68,14.78,0.121,1.5,0.8,-1.2,2.4,0.8144,762.0,16.676,14.78,147.8,1.7232645264653748,,,,Sand,,,Sand 4,4,15.6,35.22,-14.08,-33.699999999999996
-15.18,16.7,14.74,0.12,1.5,1.0,-1.2,2.4,0.81619,763.0,16.696,14.74,147.4,1.7247783272206523,,,,Sand,,,Sand 4,4,15.6,35.22,-14.08,-33.699999999999996
-15.2,16.72,14.69,0.118,1.5333,0.8,-1.2,2.4,0.81323,763.0,16.716,14.69,146.9,1.7248578233134164,,,,Sand,,,Sand 4,4,15.6,35.22,-14.08,-33.699999999999996
-15.219999999999999,16.74,14.66,0.115,1.5667,0.8,-1.4,2.4,0.80321,764.0,16.736,14.66,146.6,1.722006719772608,,,,Sand,,,Sand 4,4,15.6,35.22,-14.08,-33.699999999999996
-15.240000000000002,16.76,14.45,0.113,1.6,0.8,-1.2,2.4,0.80177,765.0,16.756,14.45,144.5,1.7262485961609297,,,,Sand,,,Sand 4,4,15.6,35.22,-14.08,-33.699999999999996
-15.260000000000002,16.78,14.15,0.111,1.6,0.8,-1.2,2.4,0.80268,766.0,16.776,14.15,141.5,1.7334933731716284,,,,Sand,,,Sand 4,4,15.6,35.22,-14.08,-33.699999999999996
-15.280000000000001,16.8,13.67,0.11,1.6,0.8,-1.4,2.1,0.81226,767.0,16.796,13.67,136.7,1.7482518699126388,,,,Sand,,,Sand 4,4,15.6,35.22,-14.08,-33.699999999999996
-15.3,16.82,13.4,0.106,1.6,0.8,-1.2,2.1,0.80068,768.0,16.816,13.4,134.0,1.7508648158679625,,,,Sand,,,Sand 4,4,15.6,35.22,-14.08,-33.699999999999996
-15.32,16.84,12.99,0.102,1.6,0.8,-1.2,2.4,0.78673,769.0,16.836,12.99,129.9,1.7563778502626444,,,,Sand,,,Sand 4,4,15.6,35.22,-14.08,-33.699999999999996
-15.34,16.86,12.62,0.1,1.6,0.8,-1.4,2.4,0.78616,769.0,16.856,12.62,126.2,1.7658887716488338,,,,Sand,,,Sand 4,4,15.6,35.22,-14.08,-33.699999999999996
-15.36,16.88,12.4,0.098,1.6,0.8,-1.4,2.4,0.78204,770.0,16.876,12.4,124.0,1.7703803517735124,,,,Sand,,,Sand 4,4,15.6,35.22,-14.08,-33.699999999999996
-15.379999999999999,16.9,12.23,0.096,1.4,0.8,-1.2,2.1,0.77552,771.0,16.896,12.23,122.3,1.772767957920884,,,,Sand,,,Sand 4,4,15.6,35.22,-14.08,-33.699999999999996
-15.400000000000002,16.92,12.26,0.094,1.6,0.8,-1.4,2.8,0.76641,772.0,16.916,12.26,122.6,1.7687292163932293,,,,Sand,,,Sand 4,4,15.6,35.22,-14.08,-33.699999999999996
-15.420000000000002,16.94,12.19,0.093,1.4,0.8,-1.2,2.7,0.76425,773.0,16.936,12.19,121.9,1.7699079623691725,,,,Sand,,,Sand 4,4,15.6,35.22,-14.08,-33.699999999999996
-15.440000000000001,16.96,12.16,0.091,1.4,0.8,-1.2,2.4,0.75362,773.0,16.956,12.16,121.6,1.7669613534714739,,,,Sand,,,Sand 4,4,15.6,35.22,-14.08,-33.699999999999996
-15.46,16.98,12.18,0.092,1.4,0.8,-1.2,2.3,0.76819,774.0,16.976,12.18,121.8,1.7715793420506907,,,,Sand,,,Sand 4,4,15.6,35.22,-14.08,-33.699999999999996
-15.48,17.0,12.08,0.091,1.4,0.8,-1.2,2.4,0.76761,775.0,16.996,12.08,120.8,1.7741741722240891,,,,Sand,,,Sand 4,4,15.6,35.22,-14.08,-33.699999999999996
-15.5,17.02,11.85,0.093,1.4,0.8,-1.2,2.4,0.79326,776.0,17.016,11.85,118.5,1.789607116466913,,,,Sand,,,Sand 4,4,15.6,35.22,-14.08,-33.699999999999996
-15.52,17.04,11.65,0.094,1.4,0.8,-1.2,2.4,0.81183,777.0,17.036,11.65,116.5,1.8016637618861928,,,,Sand,,,Sand 4,4,15.6,35.22,-14.08,-33.699999999999996
-15.54,17.06,11.44,0.094,1.6,0.8,-1.4,2.4,0.8242,778.0,17.056,11.44,114.4,1.8119357548881552,,,,Sand,,,Sand 4,4,15.6,35.22,-14.08,-33.699999999999996
-15.559999999999999,17.08,11.29,0.093,1.4,0.8,-1.2,2.4,0.82832,778.0,17.076,11.29,112.9,1.8177600186884577,,,,Sand,,,Sand 4,4,15.6,35.22,-14.08,-33.699999999999996
-15.580000000000002,17.1,11.14,0.09,1.5,1.0,-1.2,2.4,0.81264,779.0,17.096,11.14,111.4,1.8171201644955133,,,,Sand,,,Sand 4,4,15.6,35.22,-14.08,-33.699999999999996
-15.600000000000001,17.12,11.0,0.089,1.4,0.8,-1.2,2.4,0.81241,780.0,17.116,11.0,110.0,1.8213486759278064,,,,Sand,,,Sand 4,4,15.6,35.22,-14.08,-33.699999999999996
-15.620000000000001,17.14,10.79,0.089,1.4,0.8,-1.2,2.3,0.81867,781.0,17.136,10.79,107.9,1.8299844516867176,,,,Sand,,,Sand 4,4,15.6,35.22,-14.08,-33.699999999999996
-15.64,17.16,10.66,0.089,1.4,0.8,-1.2,2.4,0.82246,782.0,17.156,10.66,106.6,1.8353609608643966,,,,Sand,,,Sand 4,4,15.6,35.22,-14.08,-33.699999999999996
-15.66,17.18,10.63,0.087,1.4,0.8,-1.2,2.4,0.80472,783.0,17.176,10.63,106.3,1.8304842040439744,,,,Sand,,,Sand 4,4,15.6,35.22,-14.08,-33.699999999999996
-15.68,17.2,10.69,0.086,1.4,0.8,-1.2,2.4,0.79318,783.0,17.196,10.69,106.9,1.824702271570649,,,,Sand,,,Sand 4,4,15.6,35.22,-14.08,-33.699999999999996
-15.7,17.22,10.77,0.086,1.4,0.8,-1.2,2.4,0.78827,784.0,17.216,10.77,107.7,1.8204907953868938,,,,Sand,,,Sand 4,4,15.6,35.22,-14.08,-33.699999999999996
-15.719999999999999,17.24,10.89,0.087,1.6,0.8,-1.4,2.4,0.79064,785.0,17.236,10.89,108.9,1.817494334295803,,,,Sand,,,Sand 4,4,15.6,35.22,-14.08,-33.699999999999996
-15.740000000000002,17.26,11.06,0.089,1.5889,0.8,-1.2,2.4,0.80036,786.0,17.256,11.06,110.6,1.8154736221636198,,,,Sand,,,Sand 4,4,15.6,35.22,-14.08,-33.699999999999996
-15.760000000000002,17.28,11.25,0.091,1.5778,0.8,-1.4,2.4,0.80871,787.0,17.276,11.25,112.5,1.8124692533713054,,,,Sand,,,Sand 4,4,15.6,35.22,-14.08,-33.699999999999996
-15.780000000000001,17.3,11.33,0.092,1.5667,0.8,-1.2,2.0,0.80764,788.0,17.296,11.33,113.3,1.8097030038404018,,,,Sand,,,Sand 4,4,15.6,35.22,-14.08,-33.699999999999996
-15.8,17.32,11.41,0.094,1.5333,0.8,-1.4,2.2,0.81429,789.0,17.316,11.41,114.1,1.8095367436607803,,,,Sand,,,Sand 4,4,15.6,35.22,-14.08,-33.699999999999996
-15.82,17.34,11.56,0.096,1.5,1.0,-1.2,2.4,0.82227,789.0,17.336,11.56,115.6,1.8077680847830722,,,,Sand,,,Sand 4,4,15.6,35.22,-14.08,-33.699999999999996
-15.84,17.36,11.75,0.098,1.5333,0.8,-1.2,2.3,0.83218,790.0,17.356,11.75,117.5,1.8055440750693723,,,,Sand,,,Sand 4,4,15.6,35.22,-14.08,-33.699999999999996
-15.86,17.38,11.88,0.1,1.5667,0.8,-1.4,2.3,0.84264,791.0,17.376,11.88,118.8,1.805279180499412,,,,Sand,,,Sand 4,4,15.6,35.22,-14.08,-33.699999999999996
-15.879999999999999,17.4,12.11,0.101,1.6,0.8,-1.4,2.5,0.8436,792.0,17.396,12.11,121.1,1.7991659754554796,,,,Sand,,,Sand 4,4,15.6,35.22,-14.08,-33.699999999999996
-15.900000000000002,17.42,12.11,0.102,1.4,0.8,-1.2,2.8,0.84324,793.0,17.416,12.11,121.1,1.7990478925054665,,,,Sand,,,Sand 4,4,15.6,35.22,-14.08,-33.699999999999996
-15.920000000000002,17.44,12.06,0.102,1.6,0.8,-1.4,2.5,0.83299,793.0,17.436,12.06,120.6,1.7970574350742057,,,,Sand,,,Sand 4,4,15.6,35.22,-14.08,-33.699999999999996
-15.940000000000001,17.46,12.06,0.102,1.4,0.8,-1.2,2.3,0.82109,794.0,17.456,12.06,120.6,1.7930975161819795,,,,Sand,,,Sand 4,4,15.6,35.22,-14.08,-33.699999999999996
-15.96,17.48,12.25,0.101,1.5,1.0,-1.2,2.4,0.80103,795.0,17.476,12.25,122.5,1.781048694869702,,,,Sand,,,Sand 4,4,15.6,35.22,-14.08,-33.699999999999996
-15.98,17.5,12.55,0.102,1.4,0.8,-1.2,2.4,0.7954,796.0,17.496,12.55,125.5,1.7709686862699072,,,,Sand,,,Sand 4,4,15.6,35.22,-14.08,-33.699999999999996
-16.0,17.52,12.94,0.101,1.6,0.8,-1.4,2.4,0.7735,797.0,17.516,12.94,129.4,1.7530050731413038,,,,Sand,,,Sand 4,4,15.6,35.22,-14.08,-33.699999999999996
-16.02,17.54,13.3,0.101,1.4,0.8,-1.2,2.3,0.76026,798.0,17.536,13.3,133.0,1.73903221393513,,,,Sand,,,Sand 4,4,15.6,35.22,-14.08,-33.699999999999996
-16.04,17.56,13.6,0.103,1.4,0.8,-1.2,2.4,0.76466,798.0,17.556,13.6,136.0,1.7331389726445101,,,,Sand,,,Sand 4,4,15.6,35.22,-14.08,-33.699999999999996
-16.06,17.58,13.83,0.106,1.4,0.8,-1.2,2.4,0.77905,799.0,17.576,13.83,138.3,1.7327120834065166,,,,Sand,,,Sand 4,4,15.6,35.22,-14.08,-33.699999999999996
-16.080000000000002,17.6,13.93,0.108,1.5,1.0,-1.2,2.4,0.78832,800.0,17.596,13.93,139.3,1.7336176670443384,,,,Sand,,,Sand 4,4,15.6,35.22,-14.08,-33.699999999999996
-16.1,17.62,13.88,0.109,1.5333,0.8,-1.2,2.4,0.79251,801.0,17.616,13.88,138.8,1.7362952981089763,,,,Sand,,,Sand 4,4,15.6,35.22,-14.08,-33.699999999999996
-16.12,17.64,13.73,0.112,1.5667,0.8,-1.4,2.3,0.81381,802.0,17.636,13.73,137.3,1.7473362872855533,,,,Sand,,,Sand 4,4,15.6,35.22,-14.08,-33.699999999999996
-16.14,17.66,13.64,0.114,1.6,0.8,-1.4,2.4,0.83068,802.0,17.656,13.64,136.4,1.7552862860463954,,,,Sand,,,Sand 4,4,15.6,35.22,-14.08,-33.699999999999996
-16.16,17.68,13.69,0.115,1.7,1.0,-1.4,2.4,0.84241,803.0,17.676,13.69,136.9,1.7580397843436628,,,,Sand,,,Sand 4,4,15.6,35.22,-14.08,-33.699999999999996
-16.18,17.7,13.73,0.115,1.6,0.8,-1.4,2.4,0.848,804.0,17.696,13.73,137.3,1.7589527653770072,,,,Sand,,,Sand 4,4,15.6,35.22,-14.08,-33.699999999999996
-16.2,17.72,13.67,0.115,1.6,0.8,-1.2,2.4,0.85319,805.0,17.716,13.67,136.7,1.7621237159808032,,,,Sand,,,Sand 4,4,15.6,35.22,-14.08,-33.699999999999996
-16.22,17.74,13.52,0.115,1.6,0.8,-1.2,2.4,0.85773,806.0,17.736,13.52,135.2,1.7672580534571434,,,,Sand,,,Sand 4,4,15.6,35.22,-14.08,-33.699999999999996
-16.240000000000002,17.76,13.35,0.115,1.6,0.8,-1.4,2.4,0.86231,807.0,17.756,13.35,133.5,1.7729321964117823,,,,Sand,,,Sand 4,4,15.6,35.22,-14.08,-33.699999999999996
-16.26,17.78,13.16,0.116,1.6,0.8,-1.2,2.3,0.87415,807.0,17.776,13.16,131.6,1.7815138505062942,,,,Sand,,,Sand 4,4,15.6,35.22,-14.08,-33.699999999999996
-16.28,17.8,13.07,0.115,1.6,0.8,-1.4,2.3,0.87047,808.0,17.796,13.07,130.7,1.7825820262309955,,,,Sand,,,Sand 4,4,15.6,35.22,-14.08,-33.699999999999996
-16.3,17.82,13.07,0.113,1.6,0.8,-1.4,2.0,0.85883,809.0,17.816,13.07,130.7,1.778783749064683,,,,Sand,,,Sand 4,4,15.6,35.22,-14.08,-33.699999999999996
-16.32,17.84,13.12,0.111,1.6,0.8,-1.4,2.3,0.84668,810.0,17.836,13.12,131.2,1.773511350010492,,,,Sand,,,Sand 4,4,15.6,35.22,-14.08,-33.699999999999996
-16.34,17.86,13.2,0.111,1.6,0.8,-1.2,2.4,0.84984,811.0,17.856,13.2,132.0,1.7725480647833562,,,,Sand,,,Sand 4,4,15.6,35.22,-14.08,-33.699999999999996
-16.36,17.88,13.2,0.11,1.6,0.8,-1.2,2.4,0.84567,812.0,17.876,13.2,132.0,1.7711636502454775,,,,Sand,,,Sand 4,4,15.6,35.22,-14.08,-33.699999999999996
-16.38,17.9,13.09,0.11,1.6,0.8,-1.4,2.3,0.84991,813.0,17.896,13.09,130.9,1.7753395374814975,,,,Sand,,,Sand 4,4,15.6,35.22,-14.08,-33.699999999999996
-16.400000000000002,17.92,12.97,0.11,1.6,0.8,-1.4,2.5,0.85545,813.0,17.916,12.97,129.7,1.7802146992394308,,,,Sand,,,Sand 4,4,15.6,35.22,-14.08,-33.699999999999996
-16.42,17.94,12.77,0.11,1.6,0.8,-1.4,2.8,0.86224,814.0,17.936,12.77,127.7,1.7875826490940254,,,,Sand,,,Sand 4,4,15.6,35.22,-14.08,-33.699999999999996
-16.44,17.96,12.64,0.108,1.6,0.8,-1.4,2.5,0.85435,815.0,17.956,12.64,126.4,1.788401839699036,,,,Sand,,,Sand 4,4,15.6,35.22,-14.08,-33.699999999999996
-16.46,17.98,12.55,0.107,1.6,0.8,-1.4,2.3,0.85412,816.0,17.976,12.55,125.5,1.7907020377392897,,,,Sand,,,Sand 4,4,15.6,35.22,-14.08,-33.699999999999996
-16.48,18.0,12.45,0.106,1.6,1.0,-1.2,2.4,0.85329,817.0,17.996,12.45,124.5,1.793093088418097,,,,Sand,,,Sand 4,4,15.6,35.22,-14.08,-33.699999999999996
-16.5,18.02,12.39,0.106,1.6,0.8,-1.4,2.4,0.85891,817.0,18.016,12.39,123.9,1.7965321670658352,,,,Sand,,,Sand 4,4,15.6,35.22,-14.08,-33.699999999999996
-16.52,18.04,12.27,0.107,1.6,0.8,-1.4,2.4,0.87142,818.0,18.036,12.27,122.7,1.8038065992675203,,,,Sand,,,Sand 4,4,15.6,35.22,-14.08,-33.699999999999996
-16.54,18.06,12.18,0.106,1.6,0.8,-1.4,2.4,0.86601,819.0,18.056,12.18,121.8,1.8045198005236531,,,,Sand,,,Sand 4,4,15.6,35.22,-14.08,-33.699999999999996
-16.56,18.08,12.13,0.104,1.6333,1.0,-1.2,2.3,0.85098,820.0,18.076,12.13,121.3,1.8010264846524173,,,,Sand,,,Sand 4,4,15.6,35.22,-14.08,-33.699999999999996
-16.580000000000002,18.1,12.12,0.103,1.6667,1.0,-1.4,2.4,0.84288,821.0,18.096,12.12,121.2,1.7986534231681677,,,,Sand,,,Sand 4,4,15.6,35.22,-14.08,-33.699999999999996
-16.6,18.12,12.14,0.103,1.7,1.0,-1.2,2.4,0.84176,822.0,18.116,12.14,121.4,1.7977335884472199,,,,Sand,,,Sand 4,4,15.6,35.22,-14.08,-33.699999999999996
-16.62,18.14,12.24,0.103,1.7,0.8,-1.2,2.4,0.83919,822.0,18.136,12.24,122.4,1.794141743283206,,,,Sand,,,Sand 4,4,15.6,35.22,-14.08,-33.699999999999996
-16.64,18.16,12.3,0.103,1.7,1.0,-1.4,2.4,0.83511,823.0,18.156,12.3,123.0,1.7911562025003003,,,,Sand,,,Sand 4,4,15.6,35.22,-14.08,-33.699999999999996
-16.66,18.18,12.38,0.104,1.6667,1.0,-1.2,2.4,0.83829,824.0,18.176,12.38,123.8,1.790041595781101,,,,Sand,,,Sand 4,4,15.6,35.22,-14.08,-33.699999999999996
-16.68,18.2,12.4,0.105,1.6333,1.0,-1.2,2.4,0.84227,825.0,18.196,12.4,124.0,1.790817302641405,,,,Sand,,,Sand 4,4,15.6,35.22,-14.08,-33.699999999999996
-16.7,18.22,12.48,0.107,1.6,0.8,-1.4,2.4,0.85746,826.0,18.216,12.48,124.8,1.7936523059306122,,,,Sand,,,Sand 4,4,15.6,35.22,-14.08,-33.699999999999996
-16.72,18.24,12.61,0.106,1.6,1.0,-1.2,2.4,0.85226,827.0,18.236,12.61,126.1,1.7885070155355465,,,,Sand,,,Sand 4,4,15.6,35.22,-14.08,-33.699999999999996
-16.740000000000002,18.26,12.7,0.107,1.6,1.0,-1.4,2.4,0.86587,827.0,18.256,12.7,127.0,1.790583426972288,,,,Sand,,,Sand 4,4,15.6,35.22,-14.08,-33.699999999999996
-16.76,18.28,12.62,0.106,1.6,0.8,-1.4,2.4,0.86407,828.0,18.276,12.62,126.2,1.7920948385093332,,,,Sand,,,Sand 4,4,15.6,35.22,-14.08,-33.699999999999996
-16.78,18.3,12.34,0.106,1.6,0.8,-1.4,2.4,0.87126,829.0,18.296,12.34,123.4,1.8018642431072633,,,,Sand,,,Sand 4,4,15.6,35.22,-14.08,-33.699999999999996
-16.8,18.32,11.97,0.104,1.6,1.0,-1.2,2.0,0.86379,830.0,18.316,11.97,119.7,1.8096081770133174,,,,Sand,,,Sand 4,4,15.6,35.22,-14.08,-33.699999999999996
-16.82,18.34,11.74,0.102,1.6,1.0,-1.2,2.1,0.85669,831.0,18.336,11.74,117.4,1.8138169467412761,,,,Sand,,,Sand 4,4,15.6,35.22,-14.08,-33.699999999999996
-16.84,18.36,11.68,0.098,1.6,0.8,-1.4,2.4,0.83263,832.0,18.356,11.68,116.8,1.8077050279881224,,,,Sand,,,Sand 4,4,15.6,35.22,-14.08,-33.699999999999996
-16.86,18.38,11.67,0.097,1.7,1.0,-1.4,2.4,0.83208,833.0,18.376,11.67,116.7,1.8078126563028691,,,,Sand,,,Sand 4,4,15.6,35.22,-14.08,-33.699999999999996
-16.88,18.4,11.6,0.095,1.6667,1.0,-1.2,2.4,0.81967,833.0,18.396,11.6,116.0,1.8057369181081406,,,,Sand,,,Sand 4,4,15.6,35.22,-14.08,-33.699999999999996
-16.900000000000002,18.42,11.63,0.096,1.6333,0.8,-1.4,2.3,0.83081,834.0,18.416,11.63,116.3,1.8085520442484695,,,,Sand,,,Sand 4,4,15.6,35.22,-14.08,-33.699999999999996
-16.92,18.44,11.53,0.096,1.6,1.0,-1.2,2.8,0.83243,835.0,18.436,11.53,115.3,1.8119982422820493,,,,Sand,,,Sand 4,4,15.6,35.22,-14.08,-33.699999999999996
-16.94,18.46,11.44,0.096,1.6,1.0,-1.2,2.5,0.83216,836.0,18.456,11.44,114.4,1.8145557908958572,,,,Sand,,,Sand 4,4,15.6,35.22,-14.08,-33.699999999999996
-16.96,18.48,11.43,0.095,1.6,0.8,-1.4,2.3,0.82082,837.0,18.476,11.43,114.3,1.8111134182870923,,,,Sand,,,Sand 4,4,15.6,35.22,-14.08,-33.699999999999996
-16.98,18.5,11.46,0.095,1.7,1.0,-1.4,2.4,0.81659,837.0,18.496,11.46,114.6,1.8088209498759311,,,,Sand,,,Sand 4,4,15.6,35.22,-14.08,-33.699999999999996
-17.0,18.52,11.5,0.096,1.7,1.0,-1.2,2.4,0.81911,838.0,18.516,11.5,115.0,1.8084792459240226,,,,Sand,,,Sand 4,4,15.6,35.22,-14.08,-33.699999999999996
-17.02,18.54,11.7,0.097,1.7,0.8,-1.4,2.3,0.81952,839.0,18.536,11.7,117.0,1.8027867724704771,,,,Sand,,,Sand 4,4,15.6,35.22,-14.08,-33.699999999999996
-17.04,18.56,11.9,0.096,1.7,1.0,-1.4,2.4,0.80167,840.0,18.556,11.9,119.0,1.7910514948355565,,,,Sand,,,Sand 4,4,15.6,35.22,-14.08,-33.699999999999996
-17.06,18.58,12.11,0.098,1.7,1.0,-1.4,2.4,0.80758,841.0,18.576,12.11,121.1,1.7871531671873702,,,,Sand,,,Sand 4,4,15.6,35.22,-14.08,-33.699999999999996
-17.080000000000002,18.6,12.22,0.099,1.7,1.0,-1.4,2.4,0.8039,842.0,18.596,12.22,122.2,1.7828549169348027,,,,Sand,,,Sand 4,4,15.6,35.22,-14.08,-33.699999999999996
-17.1,18.62,12.37,0.101,1.7,1.0,-1.4,2.4,0.80824,842.0,18.615,12.37,123.7,1.7802282052548228,,,,Sand,,,Sand 4,4,15.6,35.22,-14.08,-33.699999999999996
-17.12,18.64,12.54,0.103,1.7,1.0,-1.2,2.4,0.81278,843.0,18.635,12.54,125.4,1.7771906617364495,,,,Sand,,,Sand 4,4,15.6,35.22,-14.08,-33.699999999999996
-17.14,18.66,12.74,0.105,1.7,1.0,-1.2,2.4,0.818,844.0,18.655,12.74,127.4,1.773666410925676,,,,Sand,,,Sand 4,4,15.6,35.22,-14.08,-33.699999999999996
-17.16,18.68,12.94,0.108,1.7,1.0,-1.4,2.4,0.83173,845.0,18.675,12.94,129.4,1.7731052720425657,,,,Sand,,,Sand 4,4,15.6,35.22,-14.08,-33.699999999999996
-17.18,18.7,13.15,0.11,1.7,1.0,-1.2,2.4,0.84034,846.0,18.695,13.15,131.5,1.7706436546130395,,,,Sand,,,Sand 4,4,15.6,35.22,-14.08,-33.699999999999996
-17.2,18.72,13.31,0.113,1.7,1.0,-1.4,2.4,0.85956,847.0,18.715,13.31,133.1,1.7730172717158852,,,,Sand,,,Sand 4,4,15.6,35.22,-14.08,-33.699999999999996
-17.22,18.74,13.42,0.114,1.7,1.0,-1.4,2.4,0.8675,847.0,18.735,13.42,134.2,1.7729118717731438,,,,Sand,,,Sand 4,4,15.6,35.22,-14.08,-33.699999999999996
-17.240000000000002,18.76,13.41,0.115,1.7,1.0,-1.2,2.3,0.88072,848.0,18.755,13.41,134.1,1.7774545630303147,,,,Sand,,,Sand 4,4,15.6,35.22,-14.08,-33.699999999999996
-17.26,18.78,13.21,0.115,1.7,1.0,-1.2,2.4,0.89139,849.0,18.775,13.21,132.1,1.7858112344442765,,,,Sand,,,Sand 4,4,15.6,35.22,-14.08,-33.699999999999996
-17.28,18.8,12.99,0.115,1.7,1.0,-1.4,2.2,0.90524,850.0,18.795,12.99,129.9,1.79570850232122,,,,Sand,,,Sand 4,4,15.6,35.22,-14.08,-33.699999999999996
-17.3,18.82,12.7,0.112,1.7,0.8,-1.4,2.0,0.89825,851.0,18.815,12.7,127.0,1.8009312376015068,,,,Sand,,,Sand 4,4,15.6,35.22,-14.08,-33.699999999999996
-17.32,18.84,12.27,0.111,1.7,1.0,-1.2,2.3,0.90733,852.0,18.835,12.27,122.7,1.81513673717738,,,,Sand,,,Sand 4,4,15.6,35.22,-14.08,-33.699999999999996
-17.34,18.86,11.9,0.108,1.7,1.0,-1.4,2.4,0.90056,853.0,18.855,11.9,119.0,1.823178337170811,,,,Sand,,,Sand 4,4,15.6,35.22,-14.08,-33.699999999999996
-17.36,18.88,11.73,0.105,1.7,1.0,-1.4,2.4,0.89562,853.0,18.875,11.73,117.3,1.8264282690569462,,,,Sand,,,Sand 4,4,15.6,35.22,-14.08,-33.699999999999996
-17.38,18.9,11.54,0.103,1.7,1.0,-1.4,2.1,0.90133,854.0,18.895,11.54,115.4,1.8336402292499503,,,,Sand,,,Sand 4,4,15.6,35.22,-14.08,-33.699999999999996
-17.400000000000002,18.92,11.53,0.099,1.7,1.0,-1.4,2.8,0.88929,855.0,18.915,11.53,115.3,1.8301932114665849,,,,Sand,,,Sand 4,4,15.6,35.22,-14.08,-33.699999999999996
-17.42,18.94,11.28,0.095,1.7,1.0,-1.4,2.7,0.8779,856.0,18.935,11.28,112.8,1.8339716112970883,,,,Sand,,,Sand 4,4,15.6,35.22,-14.08,-33.699999999999996
-17.44,18.96,10.84,0.091,1.7,1.0,-1.4,2.5,0.86967,856.0,18.955,10.84,108.4,1.8447882783809268,,,,Sand,,,Sand 4,4,15.6,35.22,-14.08,-33.699999999999996
-17.46,18.98,10.33,0.087,1.7,1.0,-1.4,2.4,0.8631,857.0,18.975,10.33,103.3,1.8590645978923932,,,,Sand,,,Sand 4,4,15.6,35.22,-14.08,-33.699999999999996
-17.48,19.0,9.91,0.081,1.7,1.0,-1.2,2.4,0.83981,858.0,18.995,9.91,99.1,1.8659070523824257,,,,Sand,,,Sand 4,4,15.6,35.22,-14.08,-33.699999999999996
-17.5,19.02,9.41,0.076,1.7,1.0,-1.4,2.4,0.82508,859.0,19.015,9.41,94.1,1.8790602197138915,,,,Sand,,,Sand 4,4,15.6,35.22,-14.08,-33.699999999999996
-17.52,19.04,8.87,0.069,1.7,1.0,-1.4,2.4,0.78209,860.0,19.035,8.87,88.7,1.885751060046991,,,,Sand,,,Sand 4,4,15.6,35.22,-14.08,-33.699999999999996
-17.54,19.06,8.47,0.065,1.7,1.0,-1.4,2.4,0.76358,861.0,19.055,8.47,84.7,1.8958933838146554,,,,Sand,,,Sand 4,4,15.6,35.22,-14.08,-33.699999999999996
-17.56,19.08,8.05,0.066,1.7,1.0,-1.4,2.4,0.79339,861.0,19.075,8.05,80.50000000000001,1.923534519887348,,,,Sand,,,Sand 4,4,15.6,35.22,-14.08,-33.699999999999996
-17.580000000000002,19.1,7.81,0.065,1.7,1.0,-1.2,2.4,0.77926,862.0,19.095,7.81,78.1,1.9297324903099176,,,,Sand,,,Sand 4,4,15.6,35.22,-14.08,-33.699999999999996
-17.6,19.12,7.73,0.062,1.7,1.0,-1.2,2.3,0.72219,863.0,19.115,7.73,77.3,1.914587451226233,,,,Sand,,,Sand 4,4,15.6,35.22,-14.08,-33.699999999999996
-17.62,19.14,7.85,0.063,1.7,1.0,-1.4,2.3,0.69259,864.0,19.135,7.85,78.5,1.8988537079963064,,,,Sand,,,Sand 4,4,15.6,35.22,-14.08,-33.699999999999996
-17.64,19.16,8.36,0.062,1.7,1.0,-1.2,2.4,0.62729,865.0,19.155,8.36,83.6,1.8522708440842475,,,,Sand,,,Sand 4,4,15.6,35.22,-14.08,-33.699999999999996
-17.66,19.18,9.59,0.072,1.7,1.0,-1.4,2.4,0.6623,866.0,19.175,9.59,95.9,1.8161714844609802,,,,Sand,,,Sand 4,4,15.6,35.22,-14.08,-33.699999999999996
-17.68,19.2,10.82,0.083,1.7,1.0,-1.4,2.4,0.69282,866.0,19.195,10.82,108.2,1.7850375418937938,,,,Sand,,,Sand 4,4,15.6,35.22,-14.08,-33.699999999999996
-17.7,19.22,12.56,0.087,1.7,1.0,-1.4,2.4,0.66128,867.0,19.215,12.56,125.6,1.7210668680511672,,,,Sand,,,Sand 4,4,15.6,35.22,-14.08,-33.699999999999996
-17.72,19.24,14.35,0.095,1.7,1.0,-1.4,2.4,0.66335,868.0,19.235,14.35,143.5,1.6761819270206362,,,,Sand,,,Sand 4,4,15.6,35.22,-14.08,-33.699999999999996
-17.740000000000002,19.26,15.71,0.107,1.7,0.8,-1.4,2.4,0.6965,869.0,19.255,15.71,157.1,1.6590444299406129,,,,Sand,,,Sand 4,4,15.6,35.22,-14.08,-33.699999999999996
-17.76,19.28,16.6,0.119,1.7,1.0,-1.2,2.4,0.73012,870.0,19.275,16.6,166.0,1.654077652940572,,,,Sand,,,Sand 4,4,15.6,35.22,-14.08,-33.699999999999996
-17.78,19.3,17.26,0.127,1.7,1.0,-1.4,2.3,0.74361,871.0,19.295,17.26,172.6,1.6465791212681948,,,,Sand,,,Sand 4,4,15.6,35.22,-14.08,-33.699999999999996
-17.8,19.32,17.68,0.139,1.7,1.0,-1.4,2.0,0.78592,872.0,19.315,17.68,176.8,1.6548771755210685,,,,Sand,,,Sand 4,4,15.6,35.22,-14.08,-33.699999999999996
-17.82,19.34,17.92,0.145,1.7,1.0,-1.4,2.2,0.79692,872.0,19.335,17.92,179.2,1.6546411688387346,,,,Sand,,,Sand 4,4,15.6,35.22,-14.08,-33.699999999999996
-17.84,19.36,18.31,0.145,1.7,1.0,-1.4,2.4,0.77618,873.0,19.355,18.31,183.1,1.6400055091147239,,,,Sand,,,Sand 4,4,15.6,35.22,-14.08,-33.699999999999996
-17.86,19.38,18.8,0.148,1.7,1.0,-1.4,2.4,0.77224,874.0,19.375,18.8,188.0,1.630077787262853,,,,Sand,,,Sand 4,4,15.6,35.22,-14.08,-33.699999999999996
-17.88,19.4,19.21,0.15,1.6333,0.8,-1.2,2.4,0.7607,875.0,19.395,19.21,192.1,1.6187613480905971,,,,Sand,,,Sand 4,4,15.6,35.22,-14.08,-33.699999999999996
-17.900000000000002,19.42,19.78,0.156,1.5667,1.0,-1.2,2.1,0.76814,876.0,19.415,19.78,197.8,1.612371906491256,,,,Sand,,,Sand 4,4,15.6,35.22,-14.08,-33.699999999999996
-17.92,19.44,20.49,0.165,1.5,1.0,-1.2,2.8,0.79018,877.0,19.435,20.49,204.9,1.6097628767679681,,,,Sand,,,Sand 4,4,15.6,35.22,-14.08,-33.699999999999996
-17.94,19.46,21.13,0.166,1.7,1.0,-1.4,2.8,0.77547,877.0,19.455,21.13,211.3,1.5944872699027632,,,,Sand,,,Sand 4,4,15.6,35.22,-14.08,-33.699999999999996
-17.96,19.48,22.11,0.163,1.7,1.0,-1.4,2.4,0.74361,878.0,19.475,22.11,221.1,1.5676686163867826,,,,Sand,,,Sand 4,4,15.6,35.22,-14.08,-33.699999999999996
-17.98,19.5,22.64,0.159,1.7,1.0,-1.2,2.4,0.70982,879.0,19.495,22.64,226.4,1.5462403202072816,,,,Sand,,,Sand 4,4,15.6,35.22,-14.08,-33.699999999999996
-18.0,19.52,22.89,0.155,1.7,0.8,-1.2,2.4,0.67945,880.0,19.515,22.89,228.9,1.529680318496819,,,,Sand,,,Sand 4,4,15.6,35.22,-14.08,-33.699999999999996
-18.02,19.54,23.0,0.153,1.7,1.0,-1.4,2.4,0.66034,881.0,19.535,23.0,230.0,1.5196657075447983,,,,Sand,,,Sand 4,4,15.6,35.22,-14.08,-33.699999999999996
-18.04,19.56,23.32,0.154,1.7,1.0,-1.2,2.4,0.65759,881.0,19.555,23.32,233.2,1.5140519660273324,,,,Sand,,,Sand 4,4,15.6,35.22,-14.08,-33.699999999999996
-18.06,19.58,23.62,0.149,1.7,1.0,-1.4,2.4,0.63146,882.0,19.575,23.62,236.2,1.4979654990811915,,,,Sand,,,Sand 4,4,15.6,35.22,-14.08,-33.699999999999996
-18.080000000000002,19.6,23.79,0.151,1.7,1.0,-1.4,2.4,0.63609,883.0,19.595,23.79,237.9,1.497852921879997,,,,Sand,,,Sand 4,4,15.6,35.22,-14.08,-33.699999999999996
-18.1,19.62,23.99,0.154,1.7,1.0,-1.4,2.4,0.64574,884.0,19.615,23.99,239.9,1.4996842680266416,,,,Sand,,,Sand 4,4,15.6,35.22,-14.08,-33.699999999999996
-18.12,19.64,24.1,0.154,1.7,1.0,-1.4,2.4,0.64338,885.0,19.635,24.1,241.0,1.4971480989393802,,,,Sand,,,Sand 4,4,15.6,35.22,-14.08,-33.699999999999996
-18.14,19.66,24.06,0.156,1.6667,1.0,-1.2,2.4,0.64926,886.0,19.655,24.06,240.6,1.5003884443818596,,,,Sand,,,Sand 4,4,15.6,35.22,-14.08,-33.699999999999996
-18.16,19.68,24.03,0.165,1.6333,1.0,-1.4,2.4,0.68291,886.0,19.675,24.03,240.3,1.5159616352001488,,,,Sand,,,Sand 4,4,15.6,35.22,-14.08,-33.699999999999996
-18.18,19.7,23.88,0.175,1.6,0.8,-1.4,2.4,0.72076,887.0,19.695,23.88,238.8,1.5342821720654192,,,,Sand,,,Sand 4,4,15.6,35.22,-14.08,-33.699999999999996
-18.2,19.72,24.02,0.176,1.6,0.8,-1.4,2.4,0.72146,888.0,19.715,24.02,240.2,1.5327729296168582,,,,Sand,,,Sand 4,4,15.6,35.22,-14.08,-33.699999999999996
-18.22,19.74,24.35,0.178,1.7,1.0,-1.4,2.4,0.72516,889.0,19.735,24.35,243.5,1.5301345610467543,,,,Sand,,,Sand 4,4,15.6,35.22,-14.08,-33.699999999999996
-18.240000000000002,19.76,24.86,0.184,1.7,1.0,-1.4,2.3,0.74377,890.0,19.755,24.86,248.6,1.5315959571804871,,,,Sand,,,Sand 4,4,15.6,35.22,-14.08,-33.699999999999996
-18.26,19.78,24.94,0.187,1.7,0.8,-1.6,2.4,0.74669,891.0,19.775,24.94,249.4,1.5318312645642176,,,,Sand,,,Sand 4,4,15.6,35.22,-14.08,-33.699999999999996
-18.28,19.8,25.02,0.195,1.7,0.8,-1.4,2.4,0.76628,891.0,19.795,25.02,250.2,1.5389086487435981,,,,Sand,,,Sand 4,4,15.6,35.22,-14.08,-33.699999999999996
-18.3,19.82,25.27,0.199,1.7,0.8,-1.4,2.1,0.76715,892.0,19.815,25.27,252.7,1.5362591003571167,,,,Sand,,,Sand 4,4,15.6,35.22,-14.08,-33.699999999999996
-18.32,19.84,25.57,0.203,1.7,1.0,-1.4,2.1,0.76847,893.0,19.835,25.57,255.7,1.5332406490162531,,,,Sand,,,Sand 4,4,15.6,35.22,-14.08,-33.699999999999996
-18.34,19.86,26.32,0.207,1.8,1.0,-1.6,2.3,0.76873,894.0,19.855,26.32,263.2,1.5246755347562593,,,,Sand,,,Sand 4,4,15.6,35.22,-14.08,-33.699999999999996
-18.36,19.88,27.25,0.209,1.7,1.0,-1.4,2.4,0.76159,895.0,19.875,27.25,272.5,1.5113755789863141,,,,Sand,,,Sand 4,4,15.6,35.22,-14.08,-33.699999999999996
-18.38,19.9,28.29,0.215,1.7,1.0,-1.4,2.4,0.77023,896.0,19.895,28.29,282.9,1.503888370219389,,,,Sand,,,Sand 4,4,15.6,35.22,-14.08,-33.699999999999996
-18.400000000000002,19.92,28.67,0.223,1.7,0.8,-1.4,2.3,0.78698,897.0,19.915,28.67,286.7,1.5068767855098841,,,,Sand,,,Sand 4,4,15.6,35.22,-14.08,-33.699999999999996
-18.42,19.94,29.03,0.231,1.7,0.8,-1.2,2.0,0.80526,898.0,19.935,29.03,290.3,1.5106585500186382,,,,Sand,,,Sand 4,4,15.6,35.22,-14.08,-33.699999999999996
-18.44,19.96,29.14,0.239,1.7,0.6,-1.6,3.0,0.82574,898.0,19.955,29.14,291.4,1.5177167097738435,,,,Sand,,,Sand 4,4,15.6,35.22,-14.08,-33.699999999999996
-18.46,19.98,29.04,0.245,1.7,0.8,-1.6,2.7,0.84243,899.0,19.975,29.04,290.4,1.5252224643773746,,,,Sand,,,Sand 4,4,15.6,35.22,-14.08,-33.699999999999996
-18.48,20.0,28.95,0.248,1.7,0.8,-1.6,2.5,0.85008,900.0,19.995,28.95,289.5,1.5290619473412752,,,,Sand,,,Sand 4,4,15.6,35.22,-14.08,-33.699999999999996
-18.5,20.02,29.12,0.248,1.7,0.8,-1.6,2.3,0.84917,901.0,20.015,29.12,291.2,1.5270362431664277,,,,Sand,,,Sand 4,4,15.6,35.22,-14.08,-33.699999999999996
-18.52,20.04,29.31,0.246,1.7,1.0,-1.4,2.4,0.84359,901.0,20.035,29.31,293.1,1.5230215057855734,,,,Sand,,,Sand 4,4,15.6,35.22,-14.08,-33.699999999999996
-18.54,20.06,29.4,0.247,1.7,0.8,-1.4,2.4,0.84997,902.0,20.055,29.4,294.0,1.5246103437324545,,,,Sand,,,Sand 4,4,15.6,35.22,-14.08,-33.699999999999996
-18.56,20.08,29.4,0.249,1.7,0.8,-1.6,2.4,0.8617,903.0,20.075,29.4,294.0,1.529102930478819,,,,Sand,,,Sand 4,4,15.6,35.22,-14.08,-33.699999999999996
-18.580000000000002,20.1,29.28,0.25,1.7,1.0,-1.4,2.4,0.87325,904.0,20.095,29.28,292.8,1.5346375624124875,,,,Sand,,,Sand 4,4,15.6,35.22,-14.08,-33.699999999999996
-18.6,20.12,28.79,0.249,1.7,1.0,-1.4,2.4,0.88153,905.0,20.115,28.79,287.9,1.5425335988258508,,,,Sand,,,Sand 4,4,15.6,35.22,-14.08,-33.699999999999996
-18.62,20.14,28.23,0.249,1.7,1.0,-1.4,2.4,0.89552,906.0,20.135,28.23,282.3,1.5532903136025167,,,,Sand,,,Sand 4,4,15.6,35.22,-14.08,-33.699999999999996
-18.64,20.16,27.64,0.246,1.7,0.8,-1.6,2.4,0.89945,906.0,20.155,27.64,276.4,1.5607549659419353,,,,Sand,,,Sand 4,4,15.6,35.22,-14.08,-33.699999999999996
-18.66,20.18,26.98,0.237,1.7,0.8,-1.6,2.4,0.88244,907.0,20.175,26.98,269.8,1.5614915280271287,,,,Sand,,,Sand 4,4,15.6,35.22,-14.08,-33.699999999999996
-18.68,20.2,26.25,0.228,1.9,0.8,-1.8,2.4,0.86507,908.0,20.195,26.25,262.5,1.5630408855469995,,,,Sand,,,Sand 4,4,15.6,35.22,-14.08,-33.699999999999996
-18.7,20.22,25.87,0.219,1.7,0.8,-1.6,2.4,0.84654,909.0,20.215,25.87,258.7,1.5603762810041433,,,,Sand,,,Sand 4,4,15.6,35.22,-14.08,-33.699999999999996
-18.72,20.24,25.76,0.212,1.7,0.8,-1.6,2.4,0.83522,910.0,20.235,25.76,257.6,1.5573390561838365,,,,Sand,,,Sand 4,4,15.6,35.22,-14.08,-33.699999999999996
-18.740000000000002,20.26,25.34,0.206,1.7,0.8,-1.6,2.4,0.82644,911.0,20.255,25.34,253.4,1.5588514844568269,,,,Sand,,,Sand 4,4,15.6,35.22,-14.08,-33.699999999999996
-18.76,20.28,24.78,0.203,1.8,1.0,-1.6,2.4,0.82705,911.0,20.275,24.78,247.8,1.5657383328294423,,,,Sand,,,Sand 4,4,15.6,35.22,-14.08,-33.699999999999996
-18.78,20.3,24.34,0.197,1.8,1.0,-1.6,2.4,0.81401,912.0,20.295,24.34,243.4,1.5661049479268698,,,,Sand,,,Sand 4,4,15.6,35.22,-14.08,-33.699999999999996
-18.8,20.32,23.74,0.191,1.8,0.8,-1.6,2.0,0.80059,913.0,20.315,23.74,237.4,1.5684460004046918,,,,Sand,,,Sand 4,4,15.6,35.22,-14.08,-33.699999999999996
-18.82,20.34,23.33,0.184,1.8,0.8,-1.6,2.2,0.7814,914.0,20.335,23.33,233.3,1.5662308714644373,,,,Sand,,,Sand 4,4,15.6,35.22,-14.08,-33.699999999999996
-18.84,20.36,23.2,0.181,1.8,1.0,-1.6,2.4,0.77666,915.0,20.355,23.2,232.0,1.5660649821100472,,,,Sand,,,Sand 4,4,15.6,35.22,-14.08,-33.699999999999996
-18.86,20.38,23.12,0.178,1.8,1.0,-1.6,2.4,0.77048,916.0,20.375,23.12,231.2,1.5646672651210665,,,,Sand,,,Sand 4,4,15.6,35.22,-14.08,-33.699999999999996
-18.88,20.4,23.01,0.175,1.8,0.8,-1.6,2.4,0.76207,917.0,20.395,23.01,230.1,1.5627672453654469,,,,Sand,,,Sand 4,4,15.6,35.22,-14.08,-33.699999999999996
-18.900000000000002,20.42,22.86,0.172,1.8,1.0,-1.6,2.3,0.75228,918.0,20.415,22.86,228.6,1.5608330065584948,,,,Sand,,,Sand 4,4,15.6,35.22,-14.08,-33.699999999999996
-18.92,20.44,22.84,0.169,1.8,1.0,-1.6,2.2,0.74204,918.0,20.435,22.84,228.4,1.5569290581834032,,,,Sand,,,Sand 4,4,15.6,35.22,-14.08,-33.699999999999996
-18.94,20.46,22.72,0.169,1.8,1.0,-1.4,3.0,0.744,919.0,20.455,22.72,227.2,1.5593645781870151,,,,Sand,,,Sand 4,4,15.6,35.22,-14.08,-33.699999999999996
-18.96,20.48,22.63,0.168,1.8,1.0,-1.6,2.8,0.74009,920.0,20.475,22.63,226.3,1.5589962619627433,,,,Sand,,,Sand 4,4,15.6,35.22,-14.08,-33.699999999999996
-18.98,20.5,22.53,0.167,1.8,1.0,-1.6,2.5,0.73431,921.0,20.495,22.53,225.3,1.5579976631920254,,,,Sand,,,Sand 4,4,15.6,35.22,-14.08,-33.699999999999996
-19.0,20.52,22.49,0.167,1.8,1.0,-1.6,2.3,0.73226,921.0,20.515,22.49,224.9,1.5577054969519977,,,,Sand,,,Sand 4,4,15.6,35.22,-14.08,-33.699999999999996
-19.02,20.54,22.64,0.168,2.0,1.2,-1.6,2.4,0.73378,922.0,20.535,22.64,226.4,1.5562627837319964,,,,Sand,,,Sand 4,4,15.6,35.22,-14.08,-33.699999999999996
-19.04,20.56,22.89,0.171,1.8,1.0,-1.6,2.3,0.74299,923.0,20.555,22.89,228.9,1.556640711096382,,,,Sand,,,Sand 4,4,15.6,35.22,-14.08,-33.699999999999996
-19.06,20.58,23.2,0.175,1.8,1.0,-1.6,2.3,0.755,924.0,20.575,23.2,232.0,1.5573805893590018,,,,Sand,,,Sand 4,4,15.6,35.22,-14.08,-33.699999999999996
-19.080000000000002,20.6,23.35,0.178,1.8,1.0,-1.6,2.4,0.76044,925.0,20.595,23.35,233.5,1.5575993769529484,,,,Sand,,,Sand 4,4,15.6,35.22,-14.08,-33.699999999999996
-19.1,20.62,23.43,0.18,2.0,1.2,-1.6,2.4,0.76078,926.0,20.615,23.43,234.3,1.5566864146731014,,,,Sand,,,Sand 4,4,15.6,35.22,-14.08,-33.699999999999996
-19.12,20.64,23.59,0.182,1.8,1.0,-1.6,2.4,0.76091,926.0,20.635,23.59,235.9,1.5546514050201412,,,,Sand,,,Sand 4,4,15.6,35.22,-14.08,-33.699999999999996
-19.14,20.66,23.84,0.184,1.8,1.0,-1.6,2.4,0.76194,927.0,20.655,23.84,238.4,1.5518405266636983,,,,Sand,,,Sand 4,4,15.6,35.22,-14.08,-33.699999999999996
-19.16,20.68,24.32,0.187,1.8,1.0,-1.6,2.4,0.76801,928.0,20.675,24.32,243.2,1.5482153946807102,,,,Sand,,,Sand 4,4,15.6,35.22,-14.08,-33.699999999999996
-19.18,20.7,24.66,0.19,1.8,1.0,-1.6,2.3,0.77464,929.0,20.695,24.66,246.6,1.5466743568826933,,,,Sand,,,Sand 4,4,15.6,35.22,-14.08,-33.699999999999996
-19.2,20.72,24.96,0.194,1.8,1.0,-1.6,2.4,0.78594,930.0,20.715,24.96,249.6,1.547545697524129,,,,Sand,,,Sand 4,4,15.6,35.22,-14.08,-33.699999999999996
-19.22,20.74,25.04,0.191,2.0,1.2,-1.6,2.4,0.77051,931.0,20.735,25.04,250.4,1.5403839036525246,,,,Sand,,,Sand 4,4,15.6,35.22,-14.08,-33.699999999999996
-19.240000000000002,20.76,24.95,0.192,2.0,0.8,-1.8,2.4,0.77384,931.0,20.755,24.95,249.5,1.5428172387139252,,,,Sand,,,Sand 4,4,15.6,35.22,-14.08,-33.699999999999996
-19.26,20.78,24.86,0.195,2.0,1.2,-1.6,2.3,0.7874,932.0,20.775,24.86,248.6,1.549335350460809,,,,Sand,,,Sand 4,4,15.6,35.22,-14.08,-33.699999999999996
-19.28,20.8,24.84,0.196,2.0,1.2,-1.6,2.4,0.79545,933.0,20.794,24.84,248.4,1.5527628092870422,,,,Sand,,,Sand 4,4,15.6,35.22,-14.08,-33.699999999999996
-19.3,20.82,24.68,0.196,2.0,1.0,-1.6,2.1,0.80086,934.0,20.814,24.68,246.8,1.5568299213036998,,,,Sand,,,Sand 4,4,15.6,35.22,-14.08,-33.699999999999996
-19.32,20.84,24.5,0.198,2.0,1.0,-1.8,2.1,0.81565,935.0,20.834,24.5,245.0,1.5647692782980338,,,,Sand,,,Sand 4,4,15.6,35.22,-14.08,-33.699999999999996
-19.34,20.86,24.29,0.197,2.0,1.0,-1.6,2.3,0.81832,936.0,20.854,24.29,242.9,1.5683789002648716,,,,Sand,,,Sand 4,4,15.6,35.22,-14.08,-33.699999999999996
-19.36,20.88,23.96,0.196,2.0,1.0,-1.8,2.4,0.82099,937.0,20.874,23.96,239.6,1.5735124424565823,,,,Sand,,,Sand 4,4,15.6,35.22,-14.08,-33.699999999999996
-19.38,20.9,23.71,0.195,2.0,1.0,-1.8,2.4,0.823,937.0,20.894,23.71,237.1,1.5774370628562888,,,,Sand,,,Sand 4,4,15.6,35.22,-14.08,-33.699999999999996
-19.400000000000002,20.92,23.36,0.193,2.0,1.0,-1.8,2.3,0.82001,938.0,20.914,23.36,233.6,1.5807934556556391,,,,Sand,,,Sand 4,4,15.6,35.22,-14.08,-33.699999999999996
-19.42,20.94,23.25,0.19,2.0,1.2,-1.6,2.0,0.81192,939.0,20.934,23.25,232.5,1.5791397808752454,,,,Sand,,,Sand 4,4,15.6,35.22,-14.08,-33.699999999999996
-19.44,20.96,23.24,0.186,2.1,1.2,-1.8,2.7,0.79798,940.0,20.954,23.24,232.4,1.5738998562648057,,,,Sand,,,Sand 4,4,15.6,35.22,-14.08,-33.699999999999996
-19.46,20.98,23.24,0.183,2.0,1.2,-1.6,2.9,0.78672,941.0,20.974,23.24,232.4,1.5695060984613536,,,,Sand,,,Sand 4,4,15.6,35.22,-14.08,-33.699999999999996
-19.48,21.0,23.24,0.182,2.0,1.2,-1.6,2.6,0.78242,941.0,20.994,23.24,232.4,1.567814785545546,,,,Sand,,,Sand 4,4,15.6,35.22,-14.08,-33.699999999999996
-19.5,21.02,23.21,0.18,2.0,1.2,-1.6,2.3,0.77349,942.0,21.014,23.21,232.1,1.5646741592888904,,,,Sand,,,Sand 4,4,15.6,35.22,-14.08,-33.699999999999996
-19.52,21.04,23.22,0.18,2.0,1.2,-1.6,2.4,0.7727,943.0,21.034,23.22,232.2,1.564227742059901,,,,Sand,,,Sand 4,4,15.6,35.22,-14.08,-33.699999999999996
-19.54,21.06,23.33,0.183,2.0,1.2,-1.6,2.4,0.7841,944.0,21.054,23.33,233.3,1.5672956517957,,,,Sand,,,Sand 4,4,15.6,35.22,-14.08,-33.699999999999996
-19.56,21.08,23.36,0.185,2.3,1.2,-2.0,2.4,0.79056,945.0,21.074,23.36,233.6,1.5694395134618262,,,,Sand,,,Sand 4,4,15.6,35.22,-14.08,-33.699999999999996
-19.580000000000002,21.1,23.33,0.186,2.1,1.2,-1.8,2.3,0.79166,945.0,21.094,23.33,233.3,1.5702613638691878,,,,Sand,,,Sand 4,4,15.6,35.22,-14.08,-33.699999999999996
-19.6,21.12,23.43,0.189,2.0,1.2,-1.6,2.3,0.80047,946.0,21.114,23.43,234.3,1.5723883556375562,,,,Sand,,,Sand 4,4,15.6,35.22,-14.08,-33.699999999999996
-19.62,21.14,23.59,0.193,2.1,1.2,-1.8,2.4,0.81336,947.0,21.134,23.59,235.9,1.5752921010198955,,,,Sand,,,Sand 4,4,15.6,35.22,-14.08,-33.699999999999996
-19.64,21.16,23.74,0.192,2.0,1.0,-1.8,2.4,0.80503,948.0,21.154,23.74,237.4,1.5701672750593971,,,,Sand,,,Sand 4,4,15.6,35.22,-14.08,-33.699999999999996
-19.66,21.18,23.96,0.195,2.0,1.2,-1.6,2.4,0.81271,949.0,21.174,23.96,239.6,1.5703418346543938,,,,Sand,,,Sand 4,4,15.6,35.22,-14.08,-33.699999999999996
-19.68,21.2,24.15,0.2,2.1,1.2,-1.8,2.4,0.82841,950.0,21.194,24.15,241.5,1.5739604800423812,,,,Sand,,,Sand 4,4,15.6,35.22,-14.08,-33.699999999999996
-19.7,21.22,24.27,0.203,2.1,1.2,-1.8,2.4,0.83526,950.0,21.214,24.27,242.7,1.5750651884754405,,,,Sand,,,Sand 4,4,15.6,35.22,-14.08,-33.699999999999996
-19.72,21.24,24.33,0.203,2.0,1.2,-1.6,2.4,0.82946,951.0,21.234,24.33,243.3,1.572133263759013,,,,Sand,,,Sand 4,4,15.6,35.22,-14.08,-33.699999999999996
-19.740000000000002,21.26,24.48,0.203,2.1,1.2,-1.8,2.4,0.8247,952.0,21.254,24.48,244.8,1.5684824981157217,,,,Sand,,,Sand 4,4,15.6,35.22,-14.08,-33.699999999999996
-19.76,21.28,24.62,0.205,2.1,1.2,-1.8,2.3,0.82895,953.0,21.274,24.62,246.2,1.5683960742466834,,,,Sand,,,Sand 4,4,15.6,35.22,-14.08,-33.699999999999996
-19.78,21.3,24.88,0.206,2.1,1.2,-1.8,2.3,0.82952,954.0,21.294,24.88,248.8,1.5654788516946578,,,,Sand,,,Sand 4,4,15.6,35.22,-14.08,-33.699999999999996
-19.8,21.32,25.1,0.206,2.1,1.2,-1.8,2.3,0.82615,955.0,21.314,25.1,251.0,1.5615701396107629,,,,Sand,,,Sand 4,4,15.6,35.22,-14.08,-33.699999999999996
-19.82,21.34,25.09,0.208,2.1,1.2,-1.8,2.0,0.83142,956.0,21.334,25.09,250.9,1.5637005889605256,,,,Sand,,,Sand 4,4,15.6,35.22,-14.08,-33.699999999999996
-19.84,21.36,25.07,0.209,2.3,1.2,-2.0,2.2,0.83329,956.0,21.354,25.07,250.7,1.5646489517096411,,,,Sand,,,Sand 4,4,15.6,35.22,-14.08,-33.699999999999996
-19.86,21.38,25.1,0.211,2.1,1.2,-1.8,2.4,0.83997,957.0,21.374,25.1,251.0,1.5668241541022143,,,,Sand,,,Sand 4,4,15.6,35.22,-14.08,-33.699999999999996
-19.88,21.4,25.14,0.213,2.0,1.2,-1.6,2.4,0.84751,958.0,21.394,25.14,251.4,1.5691892817671689,,,,Sand,,,Sand 4,4,15.6,35.22,-14.08,-33.699999999999996
-19.900000000000002,21.42,25.14,0.215,2.1,1.2,-1.8,2.4,0.85436,959.0,21.414,25.14,251.4,1.5717490980727307,,,,Sand,,,Sand 4,4,15.6,35.22,-14.08,-33.699999999999996
-19.92,21.44,25.13,0.218,2.1,1.2,-1.8,2.1,0.86426,960.0,21.434,25.13,251.3,1.5755362294322999,,,,Sand,,,Sand 4,4,15.6,35.22,-14.08,-33.699999999999996
-19.94,21.46,25.19,0.219,2.1,1.2,-1.8,2.5,0.8654,961.0,21.454,25.19,251.9,1.5752536819342429,,,,Sand,,,Sand 4,4,15.6,35.22,-14.08,-33.699999999999996
-19.96,21.48,25.2,0.22,2.1,1.2,-1.8,2.8,0.86597,961.0,21.474,25.2,252.0,1.5753468331939762,,,,Sand,,,Sand 4,4,15.6,35.22,-14.08,-33.699999999999996
-19.98,21.5,25.35,0.22,2.1,1.2,-1.8,2.5,0.863,962.0,21.494,25.35,253.5,1.5725024457064123,,,,Sand,,,Sand 4,4,15.6,35.22,-14.08,-33.699999999999996
-20.0,21.52,25.54,0.22,2.1,1.2,-1.8,2.4,0.86005,963.0,21.514,25.54,255.4,1.569211395806065,,,,Sand,,,Sand 4,4,15.6,35.22,-14.08,-33.699999999999996
-20.02,21.54,25.76,0.221,2.1,1.2,-1.8,2.4,0.86084,964.0,21.534,25.76,257.6,1.5669848480215955,,,,Sand,,,Sand 4,4,15.6,35.22,-14.08,-33.699999999999996
-20.04,21.56,25.93,0.222,2.1,1.2,-1.8,2.4,0.86034,965.0,21.554,25.93,259.3,1.5648693869964465,,,,Sand,,,Sand 4,4,15.6,35.22,-14.08,-33.699999999999996
-20.06,21.58,25.84,0.225,2.3,1.2,-2.0,2.4,0.86747,965.0,21.574,25.84,258.4,1.5685338823487796,,,,Sand,,,Sand 4,4,15.6,35.22,-14.08,-33.699999999999996
-20.080000000000002,21.6,25.83,0.227,2.3,1.2,-1.8,2.4,0.87027,966.0,21.594,25.83,258.3,1.5696809234084348,,,,Sand,,,Sand 4,4,15.6,35.22,-14.08,-33.699999999999996
-20.1,21.62,25.93,0.229,2.3,1.2,-2.0,2.4,0.8728,967.0,21.614,25.93,259.3,1.5694827655995016,,,,Sand,,,Sand 4,4,15.6,35.22,-14.08,-33.699999999999996
-20.12,21.64,26.25,0.232,2.3,1.2,-1.8,2.4,0.87941,968.0,21.634,26.25,262.5,1.5683337741647037,,,,Sand,,,Sand 4,4,15.6,35.22,-14.08,-33.699999999999996
-20.14,21.66,26.42,0.233,2.3,1.2,-2.0,2.4,0.87784,969.0,21.654,26.42,264.2,1.565879989709682,,,,Sand,,,Sand 4,4,15.6,35.22,-14.08,-33.699999999999996
-20.16,21.68,26.71,0.235,2.3,1.2,-2.0,2.3,0.87945,970.0,21.674,26.71,267.1,1.563303228828612,,,,Sand,,,Sand 4,4,15.6,35.22,-14.08,-33.699999999999996
-20.18,21.7,26.99,0.239,2.1,1.2,-1.8,2.4,0.88885,970.0,21.694,26.99,269.9,1.5637325395103063,,,,Sand,,,Sand 4,4,15.6,35.22,-14.08,-33.699999999999996
-20.2,21.72,27.08,0.244,2.2,1.4,-1.8,2.4,0.90345,971.0,21.714,27.08,270.8,1.5680715249124697,,,,Sand,,,Sand 4,4,15.6,35.22,-14.08,-33.699999999999996
-20.22,21.74,27.13,0.246,2.1,1.2,-1.8,2.4,0.90779,972.0,21.734,27.13,271.3,1.5691035400348015,,,,Sand,,,Sand 4,4,15.6,35.22,-14.08,-33.699999999999996
-20.240000000000002,21.76,27.26,0.253,2.3,1.2,-2.0,2.4,0.92959,973.0,21.754,27.26,272.6,1.5754914528010138,,,,Sand,,,Sand 4,4,15.6,35.22,-14.08,-33.699999999999996
-20.26,21.78,27.27,0.255,2.3,1.2,-1.8,2.4,0.93044,974.0,21.774,27.27,272.7,1.5756862889163632,,,,Sand,,,Sand 4,4,15.6,35.22,-14.08,-33.699999999999996
-20.28,21.8,27.2,0.255,2.3,1.2,-1.8,2.4,0.92245,975.0,21.794,27.2,272.0,1.573596859801549,,,,Sand,,,Sand 4,4,15.6,35.22,-14.08,-33.699999999999996
-20.3,21.82,27.15,0.254,2.3,1.2,-2.0,2.2,0.91048,975.0,21.814,27.15,271.5,1.5698572093581056,,,,Sand,,,Sand 4,4,15.6,35.22,-14.08,-33.699999999999996
-20.32,21.84,27.65,0.261,2.3,1.2,-2.0,2.0,0.92701,976.0,21.834,27.65,276.5,1.5705350400586668,,,,Sand,,,Sand 4,4,15.6,35.22,-14.08,-33.699999999999996
-20.34,21.86,28.51,0.259,2.1,1.2,-1.8,2.2,0.91105,977.0,21.854,28.51,285.1,1.5561331819106679,,,,Sand,,,Sand 4,4,15.6,35.22,-14.08,-33.699999999999996
-20.36,21.88,28.98,0.258,2.2,1.4,-1.8,2.4,0.89665,978.0,21.874,28.98,289.8,1.5462568553735474,,,,Sand,,,Sand 4,4,15.6,35.22,-14.08,-33.699999999999996
-20.38,21.9,29.16,0.27,2.1,1.2,-1.8,2.3,0.92696,979.0,21.894,29.16,291.6,1.5554953982680404,,,,Sand,,,Sand 4,4,15.6,35.22,-14.08,-33.699999999999996
-20.400000000000002,21.92,29.32,0.279,2.2,1.4,-1.8,2.4,0.94512,980.0,21.914,29.32,293.2,1.5604067313275487,,,,Sand,,,Sand 4,4,15.6,35.22,-14.08,-33.699999999999996
-20.42,21.94,29.46,0.288,2.3,1.2,-2.0,2.1,0.96241,981.0,21.934,29.46,294.6,1.5651232215867747,,,,Sand,,,Sand 4,4,15.6,35.22,-14.08,-33.699999999999996
-20.44,21.96,29.96,0.299,2.3,1.2,-2.0,2.3,0.98509,982.0,21.954,29.96,299.6,1.5682738798966123,,,,Sand,,,Sand 4,4,15.6,35.22,-14.08,-33.699999999999996
-20.46,21.98,29.98,0.306,2.3,1.2,-2.0,2.9,0.99145,982.0,21.974,29.98,299.8,1.5702541560750443,,,,Sand,,,Sand 4,4,15.6,35.22,-14.08,-33.699999999999996
-20.48,22.0,30.79,0.308,2.3,1.2,-2.0,2.7,0.98066,983.0,21.994,30.79,307.9,1.5592615306214408,,,,Sand,,,Sand 4,4,15.6,35.22,-14.08,-33.699999999999996
-20.5,22.02,31.75,0.312,2.2,1.4,-1.8,2.4,0.97714,984.0,22.014,31.75,317.5,1.5496824330253687,,,,Sand,,,Sand 4,4,15.6,35.22,-14.08,-33.699999999999996
-20.52,22.04,32.4,0.324,2.4,1.4,-2.0,2.4,1.0003,985.0,22.034,32.4,324.0,1.5521828984672348,,,,Sand,,,Sand 4,4,15.6,35.22,-14.08,-33.699999999999996
-20.54,22.06,33.25,0.331,2.3,1.2,-2.0,2.4,1.0059,985.0,22.054,33.25,332.5,1.547171397945641,,,,Sand,,,Sand 4,4,15.6,35.22,-14.08,-33.699999999999996
-20.56,22.08,33.67,0.332,2.4,1.4,-2.0,2.3,0.9958,986.0,22.074,33.67,336.7,1.540368092459748,,,,Sand,,,Sand 4,4,15.6,35.22,-14.08,-33.699999999999996
-20.580000000000002,22.1,33.64,0.333,2.4,1.4,-2.0,2.4,0.99103,987.0,22.094,33.64,336.4,1.5389567042868515,,,,Sand,,,Sand 4,4,15.6,35.22,-14.08,-33.699999999999996
-20.6,22.12,33.63,0.337,2.4,1.4,-2.0,2.4,1.0003,988.0,22.114,33.63,336.3,1.5422328214964098,,,,Sand,,,Sand 4,4,15.6,35.22,-14.08,-33.699999999999996
-20.62,22.14,34.12,0.343,2.4,1.4,-2.0,2.3,1.0212,989.0,22.134,34.12,341.2,1.5455308038586109,,,,Sand,,,Sand 4,4,15.6,35.22,-14.08,-33.699999999999996
-20.64,22.16,34.26,0.339,2.4,1.4,-2.0,2.4,1.015,990.0,22.154,34.26,342.6,1.5423493888771433,,,,Sand,,,Sand 4,4,15.6,35.22,-14.08,-33.699999999999996
-20.66,22.18,33.84,0.334,2.4,1.4,-2.0,2.4,1.0066,990.0,22.174,33.84,338.4,1.5427411707418284,,,,Sand,,,Sand 4,4,15.6,35.22,-14.08,-33.699999999999996
-20.68,22.2,33.1,0.33,2.4,1.4,-2.0,2.4,1.0042,991.0,22.193,33.1,331.0,1.5477956855398787,,,,Sand,,,Sand 4,4,15.6,35.22,-14.08,-33.699999999999996
-20.7,22.22,32.44,0.326,2.4,1.4,-2.0,2.3,1.0068,992.0,22.213,32.44,324.4,1.5540643590395227,,,,Sand,,,Sand 4,4,15.6,35.22,-14.08,-33.699999999999996
-20.72,22.24,32.16,0.318,2.4,1.4,-2.0,2.4,0.99949,993.0,22.233,32.16,321.59999999999997,1.5539047209741474,,,,Sand,,,Sand 4,4,15.6,35.22,-14.08,-33.699999999999996
-20.740000000000002,22.26,31.9,0.303,2.4,1.4,-2.0,2.4,0.96968,994.0,22.253,31.9,319.0,1.5458048492851135,,,,Sand,,,Sand 4,4,15.6,35.22,-14.08,-33.699999999999996
-20.76,22.28,31.07,0.293,2.4,1.4,-2.0,2.4,0.95366,995.0,22.273,31.07,310.7,1.5473724677391343,,,,Sand,,,Sand 4,4,15.6,35.22,-14.08,-33.699999999999996
-20.78,22.3,30.27,0.285,2.4,1.4,-2.0,2.4,0.94254,995.0,22.293,30.27,302.7,1.550628395230116,,,,Sand,,,Sand 4,4,15.6,35.22,-14.08,-33.699999999999996
-20.8,22.32,29.75,0.275,2.4,1.4,-2.0,2.4,0.92402,996.0,22.313,29.75,297.5,1.5488313443985984,,,,Sand,,,Sand 4,4,15.6,35.22,-14.08,-33.699999999999996
-20.82,22.34,29.29,0.264,2.4,1.4,-2.0,2.0,0.90218,997.0,22.333,29.29,292.9,1.5452786524905557,,,,Sand,,,Sand 4,4,15.6,35.22,-14.08,-33.699999999999996
-20.84,22.36,28.91,0.255,2.4,1.4,-2.0,2.2,0.88546,998.0,22.353,28.91,289.1,1.5428114934268704,,,,Sand,,,Sand 4,4,15.6,35.22,-14.08,-33.699999999999996
-20.86,22.38,28.55,0.239,2.4,1.4,-2.0,2.4,0.84259,999.0,22.373,28.55,285.5,1.5301737374877982,,,,Sand,,,Sand 4,4,15.6,35.22,-14.08,-33.699999999999996
-20.88,22.4,28.35,0.231,2.4,1.4,-2.0,2.4,0.83123,1000.0,22.393,28.35,283.5,1.5277966826046159,,,,Sand,,,Sand 4,4,15.6,35.22,-14.08,-33.699999999999996
-20.900000000000002,22.42,27.91,0.222,2.4,1.4,-2.0,2.4,0.81858,1001.0,22.413,27.91,279.1,1.5273818893023403,,,,Sand,,,Sand 4,4,15.6,35.22,-14.08,-33.699999999999996
-20.92,22.44,27.36,0.211,2.4,1.4,-2.0,2.4,0.79909,1001.0,22.433,27.36,273.6,1.5254737826501068,,,,Sand,,,Sand 4,4,15.6,35.22,-14.08,-33.699999999999996
-20.94,22.46,26.8,0.203,2.4,1.4,-2.0,2.0,0.79069,1002.0,22.453,26.8,268.0,1.5282084524125332,,,,Sand,,,Sand 4,4,15.6,35.22,-14.08,-33.699999999999996
-20.96,22.48,25.15,0.199,2.4,1.4,-2.0,2.9,0.79824,1003.0,22.473,25.15,251.5,1.5501395272271177,,,,Sand,,,Sand 4,4,15.6,35.22,-14.08,-33.699999999999996
-20.98,22.5,23.93,0.191,2.4,1.4,-1.8,2.9,0.78848,1004.0,22.493,23.93,239.3,1.5612903195407628,,,,Sand,,,Sand 4,4,15.6,35.22,-14.08,-33.699999999999996
-21.0,22.52,23.19,0.185,2.4,1.4,-2.0,2.7,0.78423,1004.0,22.513,23.19,231.9,1.56918598109431,,,,Sand,,,Sand 4,4,15.6,35.22,-14.08,-33.699999999999996
-21.02,22.54,22.7,0.18,2.4,1.4,-2.0,2.4,0.78121,1005.0,22.533,22.7,227.0,1.5745445544650076,,,,Sand,,,Sand 4,4,15.6,35.22,-14.08,-33.699999999999996
-21.04,22.56,22.4,0.173,2.5,1.6,-2.0,2.4,0.76182,1006.0,22.553,22.4,224.0,1.570962490214211,,,,Sand,,,Sand 4,4,15.6,35.22,-14.08,-33.699999999999996
-21.06,22.58,22.26,0.172,2.5,1.4,-2.1,2.4,0.76317,1007.0,22.573,22.26,222.6,1.5734431911187003,,,,Sand,,,Sand 4,4,15.6,35.22,-14.08,-33.699999999999996
-21.080000000000002,22.6,22.29,0.169,2.4,1.4,-2.0,2.3,0.75232,1008.0,22.593,22.29,222.9,1.5686732279405018,,,,Sand,,,Sand 4,4,15.6,35.22,-14.08,-33.699999999999996
-21.1,22.62,22.41,0.171,2.4,1.4,-2.0,2.4,0.76165,1009.0,22.613,22.41,224.1,1.5707563465784062,,,,Sand,,,Sand 4,4,15.6,35.22,-14.08,-33.699999999999996
-21.12,22.64,22.49,0.175,2.4,1.4,-2.0,2.4,0.7796,1009.0,22.633,22.49,224.9,1.5767709234684435,,,,Sand,,,Sand 4,4,15.6,35.22,-14.08,-33.699999999999996
-21.14,22.66,22.56,0.178,2.4,1.4,-2.0,2.4,0.79393,1010.0,22.653,22.56,225.6,1.5814056342987137,,,,Sand,,,Sand 4,4,15.6,35.22,-14.08,-33.699999999999996
-21.16,22.68,22.6,0.184,2.4,1.4,-2.0,2.4,0.82267,1011.0,22.673,22.6,226.0,1.5918389602835605,,,,Sand,,,Sand 4,4,15.6,35.22,-14.08,-33.699999999999996
-21.18,22.7,22.6,0.191,2.4,1.4,-2.0,2.4,0.85708,1012.0,22.693,22.6,226.0,1.6045785223431577,,,,Sand,,,Sand 4,4,15.6,35.22,-14.08,-33.699999999999996
-21.2,22.72,22.37,0.195,2.4,1.4,-2.0,2.4,0.87907,1013.0,22.713,22.37,223.7,1.6155800570205443,,,,Sand,,,Sand 4,4,15.6,35.22,-14.08,-33.699999999999996
-21.22,22.74,22.04,0.194,2.5,1.4,-2.1,2.4,0.87922,1014.0,22.733,22.04,220.4,1.6201158126735626,,,,Sand,,,Sand 4,4,15.6,35.22,-14.08,-33.699999999999996
-21.240000000000002,22.76,21.86,0.192,2.7,1.6,-2.1,2.4,0.87481,1014.0,22.753,21.86,218.6,1.621028779103582,,,,Sand,,,Sand 4,4,15.6,35.22,-14.08,-33.699999999999996
-21.26,22.78,21.76,0.191,2.5,1.4,-2.1,2.4,0.87349,1015.0,22.773,21.76,217.6,1.621948329710506,,,,Sand,,,Sand 4,4,15.6,35.22,-14.08,-33.699999999999996
-21.28,22.8,21.67,0.189,2.5,1.4,-2.1,2.4,0.86479,1016.0,22.793,21.67,216.7,1.6200982321954314,,,,Sand,,,Sand 4,4,15.6,35.22,-14.08,-33.699999999999996
-21.3,22.82,21.62,0.182,2.5,1.4,-2.1,2.4,0.8301,1017.0,22.813,21.62,216.2,1.6081575498614835,,,,Sand,,,Sand 4,4,15.6,35.22,-14.08,-33.699999999999996
-21.32,22.84,21.66,0.177,2.4,1.4,-2.0,2.2,0.80186,1018.0,22.833,21.66,216.6,1.5969747324911117,,,,Sand,,,Sand 4,4,15.6,35.22,-14.08,-33.699999999999996
-21.34,22.86,21.95,0.176,2.4,1.4,-2.0,2.0,0.79074,1019.0,22.853,21.95,219.5,1.5886029728546625,,,,Sand,,,Sand 4,4,15.6,35.22,-14.08,-33.699999999999996
-21.36,22.88,22.28,0.174,2.5,1.6,-2.0,2.2,0.7748,1020.0,22.873,22.28,222.8,1.5777756254159434,,,,Sand,,,Sand 4,4,15.6,35.22,-14.08,-33.699999999999996
-21.38,22.9,22.6,0.178,2.4,1.4,-2.0,2.4,0.78453,1020.0,22.893,22.6,226.0,1.5772027252787588,,,,Sand,,,Sand 4,4,15.6,35.22,-14.08,-33.699999999999996
-21.400000000000002,22.92,23.05,0.181,2.5,1.4,-2.1,2.4,0.78828,1021.0,22.913,23.05,230.5,1.57262615603098,,,,Sand,,,Sand 4,4,15.6,35.22,-14.08,-33.699999999999996
-21.42,22.94,23.23,0.183,2.5,1.4,-2.1,2.4,0.78739,1022.0,22.933,23.23,232.3,1.5699003881102291,,,,Sand,,,Sand 4,4,15.6,35.22,-14.08,-33.699999999999996
-21.44,22.96,23.27,0.184,2.7,1.6,-2.1,2.1,0.78281,1023.0,22.953,23.27,232.7,1.5675741510499255,,,,Sand,,,Sand 4,4,15.6,35.22,-14.08,-33.699999999999996
-21.46,22.98,23.47,0.187,2.5,1.6,-2.0,2.7,0.78724,1024.0,22.973,23.47,234.7,1.566705665525249,,,,Sand,,,Sand 4,4,15.6,35.22,-14.08,-33.699999999999996
-21.48,23.0,23.84,0.189,2.5,1.6,-2.0,2.9,0.78881,1024.0,22.993,23.84,238.4,1.5625642349766884,,,,Sand,,,Sand 4,4,15.6,35.22,-14.08,-33.699999999999996
-21.5,23.02,24.19,0.194,2.5,1.4,-2.1,2.6,0.80327,1025.0,23.013,24.19,241.9,1.5638096199992249,,,,Sand,,,Sand 4,4,15.6,35.22,-14.08,-33.699999999999996
-21.52,23.04,24.39,0.192,2.5,1.4,-2.1,2.4,0.78765,1026.0,23.033,24.39,243.9,1.5551946088778124,,,,Sand,,,Sand 4,4,15.6,35.22,-14.08,-33.699999999999996
-21.54,23.06,24.59,0.188,2.5,1.6,-2.0,2.4,0.76368,1027.0,23.053,24.59,245.9,1.5431058768237735,,,,Sand,,,Sand 4,4,15.6,35.22,-14.08,-33.699999999999996
-21.56,23.08,24.7,0.19,2.5,1.4,-2.1,2.3,0.76578,1028.0,23.073,24.7,247.0,1.5426041425649115,,,,Sand,,,Sand 4,4,15.6,35.22,-14.08,-33.699999999999996
-21.580000000000002,23.1,24.76,0.19,2.5,1.4,-2.1,2.4,0.76401,1028.0,23.093,24.76,247.6,1.5411489813984673,,,,Sand,,,Sand 4,4,15.6,35.22,-14.08,-33.699999999999996
-21.6,23.12,25.07,0.188,2.5,1.4,-2.1,2.3,0.75914,1029.0,23.113,25.07,250.7,1.5353887684377256,,,,Sand,,,Sand 4,4,15.6,35.22,-14.08,-33.699999999999996
-21.62,23.14,25.4,0.188,2.5,1.4,-2.1,2.4,0.76543,1030.0,23.133,25.4,254.0,1.5340099476878863,,,,Sand,,,Sand 4,4,15.6,35.22,-14.08,-33.699999999999996
-21.64,23.16,25.39,0.184,2.5,1.4,-2.1,2.4,0.75825,1031.0,23.153,25.39,253.9,1.5311861147026682,,,,Sand,,,Sand 4,4,15.6,35.22,-14.08,-33.699999999999996
-21.66,23.18,24.65,0.185,2.7,1.6,-2.1,2.4,0.77386,1032.0,23.173,24.65,246.5,1.5464834500271751,,,,Sand,,,Sand 4,4,15.6,35.22,-14.08,-33.699999999999996
-21.68,23.2,23.56,0.183,2.7,1.4,-2.1,2.4,0.78038,1033.0,23.193,23.56,235.6,1.5628320544558802,,,,Sand,,,Sand 4,4,15.6,35.22,-14.08,-33.699999999999996
-21.7,23.22,22.96,0.182,2.7,1.4,-2.1,2.4,0.79593,1033.0,23.213,22.96,229.6,1.5768017778390144,,,,Sand,,,Sand 4,4,15.6,35.22,-14.08,-33.699999999999996
-21.72,23.24,22.34,0.179,2.7,1.4,-2.3,2.4,0.80576,1034.0,23.233,22.34,223.4,1.5889599839020485,,,,Sand,,,Sand 4,4,15.6,35.22,-14.08,-33.699999999999996
-21.740000000000002,23.26,21.88,0.171,2.7,1.6,-2.1,2.4,0.79158,1035.0,23.252,21.88,218.8,1.5899131141773726,,,,Sand,,,Sand 4,4,15.6,35.22,-14.08,-33.699999999999996
-21.76,23.28,21.42,0.166,2.7,1.4,-2.1,2.4,0.7865,1036.0,23.272,21.42,214.2,1.5945268694046664,,,,Sand,,,Sand 4,4,15.6,35.22,-14.08,-33.699999999999996
-21.78,23.3,20.73,0.157,2.7,1.6,-2.1,2.4,0.75873,1037.0,23.292,20.73,207.3,1.5939024880488466,,,,Sand,,,Sand 4,4,15.6,35.22,-14.08,-33.699999999999996
-21.8,23.32,20.18,0.153,2.7,1.6,-2.1,2.4,0.75129,1038.0,23.312,20.18,201.8,1.5994383430555934,,,,Sand,,,Sand 4,4,15.6,35.22,-14.08,-33.699999999999996
-21.82,23.34,19.75,0.147,2.7,1.6,-2.1,2.2,0.73171,1038.0,23.332,19.75,197.5,1.5984629125551066,,,,Sand,,,Sand 4,4,15.6,35.22,-14.08,-33.699999999999996
-21.84,23.36,19.59,0.144,2.8,1.6,-2.3,2.0,0.72581,1039.0,23.352,19.59,195.9,1.5986810544326349,,,,Sand,,,Sand 4,4,15.6,35.22,-14.08,-33.699999999999996
-21.86,23.38,19.65,0.136,2.7,1.4,-2.3,2.2,0.69516,1040.0,23.372,19.65,196.5,1.5850866682863285,,,,Sand,,,Sand 4,4,15.6,35.22,-14.08,-33.699999999999996
-21.88,23.4,19.72,0.135,2.8,1.6,-2.3,2.4,0.70478,1041.0,23.392,19.72,197.2,1.5879490545850141,,,,Sand,,,Sand 4,4,15.6,35.22,-14.08,-33.699999999999996
-21.900000000000002,23.42,19.68,0.134,2.7667,1.4,-2.1,2.4,0.71591,1042.0,23.412,19.68,196.8,1.5931847417215557,,,,Sand,,,Sand 4,4,15.6,35.22,-14.08,-33.699999999999996
-21.92,23.44,19.42,0.134,2.7333,1.4,-2.3,2.4,0.73389,1043.0,23.432,19.42,194.2,1.604721002529521,,,,Sand,,,Sand 4,4,15.6,35.22,-14.08,-33.699999999999996
-21.94,23.46,18.52,0.135,2.7,1.4,-2.3,2.1,0.75827,1044.0,23.452,18.52,185.2,1.6295029184319718,,,,Sand,,,Sand 4,4,15.6,35.22,-14.08,-33.699999999999996
-21.96,23.48,16.91,0.137,2.7,1.4,-2.1,2.7,0.78911,1044.0,23.472,16.91,169.1,1.6703902532949215,,,,Sand,,,Sand 4,4,15.6,35.22,-14.08,-33.699999999999996
-21.98,23.5,16.25,0.137,2.7,1.6,-2.3,2.9,0.80856,1045.0,23.492,16.25,162.5,1.6903210264657225,,,,Sand,,,Sand 4,4,15.6,35.22,-14.08,-33.699999999999996
-22.0,23.52,15.92,0.136,2.7,1.6,-2.1,2.6,0.81959,1046.0,23.512,15.92,159.2,1.700884993538948,,,,Sand,,,Sand 4,4,15.6,35.22,-14.08,-33.699999999999996
-22.02,23.54,16.01,0.135,2.7,1.4,-2.1,2.4,0.82211,1047.0,23.532,16.01,160.10000000000002,1.6999503665739804,,,,Sand,,,Sand 4,4,15.6,35.22,-14.08,-33.699999999999996
-22.04,23.56,16.18,0.132,2.7,1.4,-2.3,2.4,0.8,1048.0,23.552,16.18,161.8,1.688640369875232,,,,Sand,,,Sand 4,4,15.6,35.22,-14.08,-33.699999999999996
-22.06,23.58,16.34,0.132,2.7,1.4,-2.3,2.4,0.79072,1048.0,23.572,16.34,163.4,1.682079134603154,,,,Sand,,,Sand 4,4,15.6,35.22,-14.08,-33.699999999999996
-22.080000000000002,23.6,16.62,0.134,2.8,1.6,-2.3,2.4,0.79144,1049.0,23.592,16.62,166.2,1.6768368028812768,,,,Sand,,,Sand 4,4,15.6,35.22,-14.08,-33.699999999999996
-22.1,23.62,17.14,0.138,2.7,1.4,-2.3,2.3,0.80596,1050.0,23.612,17.14,171.4,1.6721995493151445,,,,Sand,,,Sand 4,4,15.6,35.22,-14.08,-33.699999999999996
-22.12,23.64,17.54,0.14,2.7333,1.4,-2.1,2.4,0.81254,1051.0,23.632,17.54,175.4,1.6671990304610933,,,,Sand,,,Sand 4,4,15.6,35.22,-14.08,-33.699999999999996
-22.14,23.66,17.8,0.143,2.7667,1.6,-2.1,2.4,0.82797,1052.0,23.652,17.8,178.0,1.6680685247601668,,,,Sand,,,Sand 4,4,15.6,35.22,-14.08,-33.699999999999996
-22.16,23.68,17.82,0.148,2.8,1.6,-2.3,2.4,0.85859,1052.0,23.672,17.82,178.2,1.678513559313031,,,,Sand,,,Sand 4,4,15.6,35.22,-14.08,-33.699999999999996
-22.18,23.7,17.54,0.149,2.7,1.6,-2.1,2.4,0.86944,1053.0,23.692,17.54,175.4,1.6872581123195975,,,,Sand,,,Sand 4,4,15.6,35.22,-14.08,-33.699999999999996
-22.2,23.72,17.04,0.146,2.8,1.6,-2.3,2.4,0.85876,1054.0,23.712,17.04,170.4,1.6927426630077962,,,,Sand,,,Sand 4,4,15.6,35.22,-14.08,-33.699999999999996
-22.22,23.74,16.67,0.143,2.7,1.6,-2.1,2.4,0.84961,1055.0,23.732,16.67,166.7,1.6965761024881827,,,,Sand,,,Sand 4,4,15.6,35.22,-14.08,-33.699999999999996
-22.240000000000002,23.76,16.35,0.136,2.8,1.6,-2.3,2.3,0.81676,1056.0,23.752,16.35,163.50000000000003,1.6912674224961477,,,,Sand,,,Sand 4,4,15.6,35.22,-14.08,-33.699999999999996
-22.26,23.78,16.34,0.131,2.7,1.6,-2.1,2.4,0.79154,1057.0,23.772,16.34,163.4,1.6823783633742155,,,,Sand,,,Sand 4,4,15.6,35.22,-14.08,-33.699999999999996
-22.28,23.8,16.45,0.125,2.7,1.6,-2.1,2.4,0.75375,1057.0,23.792,16.45,164.5,1.6661355730078478,,,,Sand,,,Sand 4,4,15.6,35.22,-14.08,-33.699999999999996
-22.3,23.82,16.44,0.122,2.7,1.6,-2.1,2.4,0.72798,1058.0,23.812,16.44,164.4,1.6564252961802812,,,,Sand,,,Sand 4,4,15.6,35.22,-14.08,-33.699999999999996
-22.32,23.84,16.38,0.122,2.7,1.6,-2.1,2.4,0.71596,1059.0,23.832,16.38,163.79999999999998,1.652916644364855,,,,Sand,,,Sand 4,4,15.6,35.22,-14.08,-33.699999999999996
-22.34,23.86,16.73,0.12,2.7,1.6,-2.1,2.0,0.69259,1060.0,23.852,16.73,167.3,1.636576357927344,,,,Sand,,,Sand 4,4,15.6,35.22,-14.08,-33.699999999999996
-22.36,23.88,17.31,0.117,2.8,1.6,-2.3,2.1,0.66643,1061.0,23.872,17.31,173.1,1.6144707029710128,,,,Sand,,,Sand 4,4,15.6,35.22,-14.08,-33.699999999999996
-22.38,23.9,18.07,0.119,2.8,1.6,-2.3,2.4,0.67156,1062.0,23.892,18.07,180.7,1.602453476650154,,,,Sand,,,Sand 4,4,15.6,35.22,-14.08,-33.699999999999996
-22.400000000000002,23.92,18.6,0.126,2.8,1.6,-2.3,2.4,0.70672,1063.0,23.912,18.6,186.0,1.6076253092157249,,,,Sand,,,Sand 4,4,15.6,35.22,-14.08,-33.699999999999996
-22.42,23.94,18.63,0.133,2.8,1.6,-2.3,2.4,0.74599,1064.0,23.932,18.63,186.3,1.6228230388748517,,,,Sand,,,Sand 4,4,15.6,35.22,-14.08,-33.699999999999996
-22.44,23.96,18.29,0.136,2.7,1.6,-2.1,2.3,0.76777,1064.0,23.952,18.29,182.9,1.6371571709930017,,,,Sand,,,Sand 4,4,15.6,35.22,-14.08,-33.699999999999996
-22.46,23.98,17.75,0.138,2.7,1.6,-2.1,2.4,0.78891,1065.0,23.972,17.75,177.5,1.6547226351942093,,,,Sand,,,Sand 4,4,15.6,35.22,-14.08,-33.699999999999996
-22.48,24.0,17.25,0.138,2.8,1.6,-2.3,3.0,0.80221,1066.0,23.992,17.25,172.5,1.6687818290115901,,,,Sand,,,Sand 4,4,15.6,35.22,-14.08,-33.699999999999996
-22.5,24.02,16.73,0.136,2.8,1.6,-2.3,2.8,0.80283,1067.0,24.012,16.73,167.3,1.6788539527230397,,,,Sand,,,Sand 4,4,15.6,35.22,-14.08,-33.699999999999996
-22.52,24.04,16.39,0.131,2.8,1.6,-2.3,2.4,0.78209,1067.0,24.032,16.39,163.9,1.6779220950986784,,,,Sand,,,Sand 4,4,15.6,35.22,-14.08,-33.699999999999996
-22.54,24.06,16.3,0.125,2.8,1.6,-2.3,2.4,0.75103,1068.0,24.052,16.3,163.0,1.6680997899879615,,,,Sand,,,Sand 4,4,15.6,35.22,-14.08,-33.699999999999996
-22.56,24.08,16.28,0.121,2.7,1.6,-2.1,2.4,0.72903,1069.0,24.072,16.28,162.8,1.6600515802816593,,,,Sand,,,Sand 4,4,15.6,35.22,-14.08,-33.699999999999996
-22.580000000000002,24.1,16.53,0.116,2.8,1.6,-2.3,2.3,0.69837,1070.0,24.092,16.53,165.3,1.642893471928405,,,,Sand,,,Sand 4,4,15.6,35.22,-14.08,-33.699999999999996
-22.6,24.12,16.77,0.115,3.0,1.6,-2.5,2.4,0.69033,1071.0,24.112,16.77,167.7,1.6348666874720543,,,,Sand,,,Sand 4,4,15.6,35.22,-14.08,-33.699999999999996
-22.62,24.14,16.9,0.115,3.0,1.6,-2.5,2.4,0.68806,1072.0,24.131,16.9,169.0,1.6313855621871094,,,,Sand,,,Sand 4,4,15.6,35.22,-14.08,-33.699999999999996
-22.64,24.16,16.88,0.117,2.9333,1.6,-2.1,2.4,0.69799,1072.0,24.151,16.88,168.8,1.6358173396767173,,,,Sand,,,Sand 4,4,15.6,35.22,-14.08,-33.699999999999996
-22.66,24.18,16.83,0.122,2.8667,1.6,-2.3,2.4,0.72722,1073.0,24.171,16.83,168.3,1.6484318792247792,,,,Sand,,,Sand 4,4,15.6,35.22,-14.08,-33.699999999999996
-22.68,24.2,16.78,0.124,2.8,1.6,-2.3,2.4,0.74019,1074.0,24.191,16.78,167.8,1.6544520870452992,,,,Sand,,,Sand 4,4,15.6,35.22,-14.08,-33.699999999999996
-22.7,24.22,16.74,0.124,2.8,1.6,-2.3,2.5,0.74213,1075.0,24.211,16.74,167.4,1.6559806983764758,,,,Sand,,,Sand 4,4,15.6,35.22,-14.08,-33.699999999999996
-22.72,24.24,16.67,0.124,2.9,1.4,-2.5,2.4,0.74435,1076.0,24.231,16.67,166.7,1.6582045065334143,,,,Sand,,,Sand 4,4,15.6,35.22,-14.08,-33.699999999999996
-22.740000000000002,24.26,16.64,0.122,2.8,1.6,-2.3,2.4,0.73394,1076.0,24.251,16.64,166.4,1.6547739638671262,,,,Sand,,,Sand 4,4,15.6,35.22,-14.08,-33.699999999999996
-22.76,24.28,16.58,0.117,2.8,1.6,-2.3,2.4,0.70562,1077.0,24.271,16.58,165.8,1.6448047260061986,,,,Sand,,,Sand 4,4,15.6,35.22,-14.08,-33.699999999999996
-22.78,24.3,16.55,0.112,2.7,1.6,-2.1,2.4,0.6774,1078.0,24.291,16.55,165.5,1.6339467762835234,,,,Sand,,,Sand 4,4,15.6,35.22,-14.08,-33.699999999999996
-22.8,24.32,16.48,0.111,2.8,1.6,-2.3,2.4,0.67436,1079.0,24.311,16.48,164.8,1.6341022772333353,,,,Sand,,,Sand 4,4,15.6,35.22,-14.08,-33.699999999999996
-22.82,24.34,16.54,0.109,2.8,1.6,-2.3,2.4,0.66641,1080.0,24.331,16.54,165.4,1.6295888167705892,,,,Sand,,,Sand 4,4,15.6,35.22,-14.08,-33.699999999999996
-22.84,24.36,16.45,0.11,2.8,1.6,-2.3,2.4,0.6763,1081.0,24.351,16.45,164.5,1.635509913639282,,,,Sand,,,Sand 4,4,15.6,35.22,-14.08,-33.699999999999996
-22.86,24.38,16.36,0.111,3.0,1.6,-2.5,2.0,0.68418,1082.0,24.371,16.36,163.6,1.6405684742451194,,,,Sand,,,Sand 4,4,15.6,35.22,-14.08,-33.699999999999996
-22.88,24.4,16.08,0.111,3.0,1.6,-2.5,2.3,0.68198,1082.0,24.391,16.08,160.79999999999998,1.6454201979381053,,,,Sand,,,Sand 4,4,15.6,35.22,-14.08,-33.699999999999996
-22.900000000000002,24.42,15.81,0.111,2.8,1.6,-2.3,2.4,0.67921,1083.0,24.411,15.81,158.1,1.6499475014392553,,,,Sand,,,Sand 4,4,15.6,35.22,-14.08,-33.699999999999996
-22.92,24.44,15.85,0.11,2.8,1.6,-2.3,2.4,0.67094,1084.0,24.431,15.85,158.5,1.6457133404381585,,,,Sand,,,Sand 4,4,15.6,35.22,-14.08,-33.699999999999996
-22.94,24.46,16.22,0.11,2.8,1.6,-2.3,2.4,0.67007,1085.0,24.451,16.22,162.2,1.6376322176079126,,,,Sand,,,Sand 4,4,15.6,35.22,-14.08,-33.699999999999996
-22.96,24.48,16.9,0.111,3.0,1.6,-2.5,2.1,0.67575,1086.0,24.471,16.9,169.0,1.626313683926571,,,,Sand,,,Sand 4,4,15.6,35.22,-14.08,-33.699999999999996
-22.98,24.5,17.07,0.113,3.0,1.6,-2.3,2.9,0.68855,1086.0,24.491,17.07,170.7,1.6282792578826313,,,,Sand,,,Sand 4,4,15.6,35.22,-14.08,-33.699999999999996
-23.0,24.52,16.87,0.115,3.0,1.4,-2.5,2.8,0.70363,1087.0,24.511,16.87,168.7,1.6382877874974495,,,,Sand,,,Sand 4,4,15.6,35.22,-14.08,-33.699999999999996
-23.02,24.54,16.53,0.116,3.0,1.6,-2.5,2.5,0.71583,1088.0,24.531,16.53,165.3,1.6498597396354413,,,,Sand,,,Sand 4,4,15.6,35.22,-14.08,-33.699999999999996
-23.04,24.56,16.16,0.116,2.9,1.4,-2.5,2.4,0.7271,1089.0,24.551,16.16,161.6,1.6617388798702575,,,,Sand,,,Sand 4,4,15.6,35.22,-14.08,-33.699999999999996
-23.06,24.58,15.69,0.116,3.0,1.6,-2.5,2.5,0.7405,1089.0,24.571,15.69,156.9,1.676634052053718,,,,Sand,,,Sand 4,4,15.6,35.22,-14.08,-33.699999999999996
-23.080000000000002,24.6,15.31,0.114,2.9667,1.6,-2.3,2.5,0.73906,1090.0,24.591,15.31,153.1,1.6841948357181953,,,,Sand,,,Sand 4,4,15.6,35.22,-14.08,-33.699999999999996
-23.1,24.62,15.11,0.115,2.9333,1.6,-2.3,2.4,0.75243,1091.0,24.611,15.11,151.1,1.6935867671385492,,,,Sand,,,Sand 4,4,15.6,35.22,-14.08,-33.699999999999996
-23.12,24.64,14.89,0.114,2.9,1.4,-2.5,2.4,0.74785,1092.0,24.631,14.89,148.9,1.696735784126615,,,,Sand,,,Sand 4,4,15.6,35.22,-14.08,-33.699999999999996
-23.14,24.66,14.76,0.113,2.9,1.4,-2.5,2.4,0.73616,1093.0,24.651,14.76,147.6,1.695253639860415,,,,Sand,,,Sand 4,4,15.6,35.22,-14.08,-33.699999999999996
-23.16,24.68,14.95,0.121,2.8,1.6,-2.3,2.4,0.7749,1094.0,24.671,14.95,149.5,1.705397424638037,,,,Sand,,,Sand 4,4,15.6,35.22,-14.08,-33.699999999999996
-23.18,24.7,15.4,0.116,2.8,1.6,-2.3,2.4,0.72528,1094.0,24.691,15.4,154.0,1.6769751557258126,,,,Sand,,,Sand 4,4,15.6,35.22,-14.08,-33.699999999999996
-23.2,24.72,15.84,0.134,2.8,1.6,-2.3,2.5,0.81552,1095.0,24.711,15.84,158.4,1.7010779525203985,,,,Sand,,,Sand 4,4,15.6,35.22,-14.08,-33.699999999999996
-23.22,24.74,16.54,0.137,3.0,1.6,-2.5,2.4,0.81041,1096.0,24.731,16.54,165.4,1.6852708647816028,,,,Sand,,,Sand 4,4,15.6,35.22,-14.08,-33.699999999999996
-23.240000000000002,24.76,17.43,0.144,3.0,1.6,-2.5,2.5,0.83057,1097.0,24.751,17.43,174.3,1.6756754841554455,,,,Sand,,,Sand 4,4,15.6,35.22,-14.08,-33.699999999999996
-23.26,24.78,18.14,0.15,3.0,1.6,-2.5,2.5,0.84782,1098.0,24.771,18.14,181.4,1.6691317869555253,,,,Sand,,,Sand 4,4,15.6,35.22,-14.08,-33.699999999999996
-23.28,24.8,18.39,0.153,2.8,1.6,-2.3,2.5,0.84965,1098.0,24.791,18.39,183.9,1.6654686808857815,,,,Sand,,,Sand 4,4,15.6,35.22,-14.08,-33.699999999999996
-23.3,24.82,18.55,0.159,2.8,1.6,-2.3,2.4,0.87082,1099.0,24.811,18.55,185.5,1.6701530559650557,,,,Sand,,,Sand 4,4,15.6,35.22,-14.08,-33.699999999999996
-23.32,24.84,18.41,0.164,2.8,1.6,-2.3,2.5,0.88997,1100.0,24.831,18.41,184.1,1.6790872884246095,,,,Sand,,,Sand 4,4,15.6,35.22,-14.08,-33.699999999999996
-23.34,24.86,18.24,0.172,3.0,1.6,-2.5,2.2,0.92898,1101.0,24.851,18.24,182.4,1.6949867472459113,,,,Sand,,,Sand 4,4,15.6,35.22,-14.08,-33.699999999999996
-23.36,24.88,18.36,0.167,3.0,1.6,-2.3,2.1,0.90094,1102.0,24.871,18.36,183.6,1.68364292671939,,,,Sand,,,Sand 4,4,15.6,35.22,-14.08,-33.699999999999996
-23.38,24.9,18.55,0.164,3.0,1.6,-2.5,2.4,0.88661,1103.0,24.891,18.55,185.5,1.6755825355599219,,,,Sand,,,Sand 4,4,15.6,35.22,-14.08,-33.699999999999996
-23.400000000000002,24.92,18.78,0.163,3.0,1.6,-2.5,2.5,0.88359,1103.0,24.91,18.78,187.8,1.670713966076966,,,,Sand,,,Sand 4,4,15.6,35.22,-14.08,-33.699999999999996
-23.42,24.94,18.84,0.162,3.0,1.6,-2.5,2.5,0.88032,1104.0,24.93,18.84,188.4,1.668598008364167,,,,Sand,,,Sand 4,4,15.6,35.22,-14.08,-33.699999999999996
-23.44,24.96,18.56,0.165,3.0,1.6,-2.3,2.4,0.90016,1105.0,24.95,18.56,185.6,1.6800124023586755,,,,Sand,,,Sand 4,4,15.6,35.22,-14.08,-33.699999999999996
-23.46,24.98,18.24,0.166,3.0,1.6,-2.3,2.1,0.91102,1106.0,24.97,18.24,182.4,1.6890550747731252,,,,Sand,,,Sand 4,4,15.6,35.22,-14.08,-33.699999999999996
-23.48,25.0,18.01,0.164,3.0,1.6,-2.5,3.0,0.90714,1106.0,24.99,18.01,180.1,1.6917132557432821,,,,Sand,,,Sand 4,4,15.6,35.22,-14.08,-33.699999999999996
-23.5,25.02,17.88,0.162,3.0,1.6,-2.3,3.0,0.90263,1107.0,25.01,17.88,178.8,1.6924692240802734,,,,Sand,,,Sand 4,4,15.6,35.22,-14.08,-33.699999999999996
-23.52,25.04,17.78,0.159,3.0,1.6,-2.5,2.7,0.88765,1108.0,25.03,17.78,177.8,1.6891877699723232,,,,Sand,,,Sand 4,4,15.6,35.22,-14.08,-33.699999999999996
-23.54,25.06,17.68,0.157,3.0,1.6,-2.5,2.5,0.87168,1109.0,25.05,17.68,176.8,1.685520151077181,,,,Sand,,,Sand 4,4,15.6,35.22,-14.08,-33.699999999999996
-23.56,25.08,17.64,0.155,3.0,1.6,-2.5,2.5,0.85054,1109.0,25.07,17.64,176.4,1.6789144482403922,,,,Sand,,,Sand 4,4,15.6,35.22,-14.08,-33.699999999999996
-23.580000000000002,25.1,17.79,0.153,3.0,1.6,-2.5,2.5,0.8248,1110.0,25.09,17.79,177.9,1.6671109672607898,,,,Sand,,,Sand 4,4,15.6,35.22,-14.08,-33.699999999999996
-23.6,25.12,18.28,0.155,3.0,1.6,-2.5,2.5,0.81676,1111.0,25.11,18.28,182.8,1.6555843045773602,,,,Sand,,,Sand 4,4,15.6,35.22,-14.08,-33.699999999999996
-23.62,25.14,19.03,0.159,3.0,1.6,-2.5,2.4,0.8157,1112.0,25.13,19.03,190.3,1.642497240778364,,,,Sand,,,Sand 4,4,15.6,35.22,-14.08,-33.699999999999996
-23.64,25.16,19.71,0.168,3.0,1.6,-2.5,2.5,0.83572,1113.0,25.15,19.71,197.1,1.6387996802469362,,,,Sand,,,Sand 4,4,15.6,35.22,-14.08,-33.699999999999996
-23.66,25.18,20.49,0.175,3.0,1.6,-2.5,2.5,0.83862,1113.0,25.17,20.49,204.9,1.6278103195287679,,,,Sand,,,Sand 4,4,15.6,35.22,-14.08,-33.699999999999996
-23.68,25.2,21.2,0.187,3.0,1.6,-2.5,2.5,0.86081,1114.0,25.19,21.2,212.0,1.6253548974785297,,,,Sand,,,Sand 4,4,15.6,35.22,-14.08,-33.699999999999996
-23.7,25.22,21.8,0.199,3.0,1.6,-2.5,2.5,0.88102,1115.0,25.21,21.8,218.0,1.6240635902482663,,,,Sand,,,Sand 4,4,15.6,35.22,-14.08,-33.699999999999996
-23.72,25.24,22.52,0.207,3.0,1.6,-2.5,2.5,0.88339,1116.0,25.23,22.52,225.2,1.615105264433462,,,,Sand,,,Sand 4,4,15.6,35.22,-14.08,-33.699999999999996
-23.740000000000002,25.26,23.91,0.212,3.0,1.6,-2.5,2.5,0.87418,1117.0,25.25,23.91,239.1,1.5938993425200343,,,,Sand,,,Sand 4,4,15.6,35.22,-14.08,-33.699999999999996
-23.76,25.28,25.13,0.217,3.0,1.6,-2.5,2.5,0.86731,1117.0,25.27,25.13,251.3,1.576659743015619,,,,Sand,,,Sand 4,4,15.6,35.22,-14.08,-33.699999999999996
-23.78,25.3,25.94,0.219,3.0,1.6,-2.5,2.5,0.85393,1118.0,25.29,25.94,259.4,1.5623612474281612,,,,Sand,,,Sand 4,4,15.6,35.22,-14.08,-33.699999999999996
-23.8,25.32,26.47,0.22,3.0,1.6,-2.5,2.5,0.84279,1119.0,25.31,26.47,264.7,1.552223305846162,,,,Sand,,,Sand 4,4,15.6,35.22,-14.08,-33.699999999999996
-23.82,25.34,27.04,0.223,3.0,1.6,-2.5,2.4,0.84698,1120.0,25.33,27.04,270.4,1.547592613701171,,,,Sand,,,Sand 4,4,15.6,35.22,-14.08,-33.699999999999996
-23.84,25.36,27.35,0.224,3.0,1.6,-2.5,2.4,0.84929,1121.0,25.35,27.35,273.5,1.5451559377344621,,,,Sand,,,Sand 4,4,15.6,35.22,-14.08,-33.699999999999996
-23.86,25.38,26.81,0.222,3.0,1.6,-2.5,2.4,0.84298,1121.0,25.37,26.81,268.1,1.5485615086845848,,,,Sand,,,Sand 4,4,15.6,35.22,-14.08,-33.699999999999996
-23.88,25.4,26.18,0.218,3.0,1.6,-2.5,2.0,0.83063,1122.0,25.39,26.18,261.8,1.550811910329835,,,,Sand,,,Sand 4,4,15.6,35.22,-14.08,-33.699999999999996
-23.900000000000002,25.42,25.71,0.212,3.0,1.6,-2.5,2.2,0.81265,1123.0,25.41,25.71,257.1,1.5492145161174407,,,,Sand,,,Sand 4,4,15.6,35.22,-14.08,-33.699999999999996
-23.92,25.44,25.5,0.208,3.0,1.6,-2.5,2.4,0.80297,1124.0,25.43,25.5,255.0,1.5478680007475818,,,,Sand,,,Sand 4,4,15.6,35.22,-14.08,-33.699999999999996
-23.94,25.46,25.62,0.201,3.0,1.6,-2.5,2.4,0.77949,1125.0,25.45,25.62,256.2,1.537119698576069,,,,Sand,,,Sand 4,4,15.6,35.22,-14.08,-33.699999999999996
-23.96,25.48,25.75,0.197,3.0,1.6,-2.5,2.4,0.76438,1126.0,25.47,25.75,257.5,1.529458830560325,,,,Sand,,,Sand 4,4,15.6,35.22,-14.08,-33.699999999999996
-23.98,25.5,25.78,0.194,3.0,1.6,-2.5,2.3,0.75045,1127.0,25.49,25.78,257.8,1.523355386128368,,,,Sand,,,Sand 4,4,15.6,35.22,-14.08,-33.699999999999996
-24.0,25.52,25.88,0.191,3.0,1.6,-2.5,2.1,0.73465,1128.0,25.51,25.88,258.8,1.5155511689424481,,,,Sand,,,Sand 4,4,15.6,35.22,-14.08,-33.699999999999996
-24.02,25.54,25.87,0.19,3.0,1.6,-2.5,3.0,0.72637,1128.0,25.53,25.87,258.7,1.512144766100037,,,,Sand,,,Sand 4,4,15.6,35.22,-14.08,-33.699999999999996
-24.04,25.56,26.07,0.19,3.0,1.6,-2.5,2.8,0.72378,1129.0,25.55,26.07,260.7,1.5086978126494022,,,,Sand,,,Sand 4,4,15.6,35.22,-14.08,-33.699999999999996
-24.06,25.58,26.34,0.191,3.1,1.8,-2.5,2.5,0.72644,1130.0,25.57,26.34,263.4,1.5067183412027,,,,Sand,,,Sand 4,4,15.6,35.22,-14.08,-33.699999999999996
-24.080000000000002,25.6,26.68,0.194,3.0,1.6,-2.5,2.4,0.73841,1130.0,25.59,26.68,266.8,1.5079587631250273,,,,Sand,,,Sand 4,4,15.6,35.22,-14.08,-33.699999999999996
-24.1,25.62,26.89,0.195,3.1,1.8,-2.5,2.4,0.74268,1131.0,25.61,26.89,268.9,1.5074149097847886,,,,Sand,,,Sand 4,4,15.6,35.22,-14.08,-33.699999999999996
-24.12,25.64,26.5,0.195,3.1,1.6,-2.7,2.4,0.74339,1132.0,25.629,26.5,265.0,1.5121005650781314,,,,Sand,,,Sand 4,4,15.6,35.22,-14.08,-33.699999999999996
-24.14,25.66,26.11,0.192,3.1,1.8,-2.5,2.3,0.73223,1133.0,25.649,26.11,261.1,1.511845231541906,,,,Sand,,,Sand 4,4,15.6,35.22,-14.08,-33.699999999999996
-24.16,25.68,25.72,0.19,3.1,1.6,-2.7,2.4,0.72471,1134.0,25.669,25.72,257.2,1.51320205025015,,,,Sand,,,Sand 4,4,15.6,35.22,-14.08,-33.699999999999996
-24.18,25.7,25.74,0.188,3.1,1.8,-2.5,2.4,0.71776,1135.0,25.689,25.74,257.4,1.509980665639327,,,,Sand,,,Sand 4,4,15.6,35.22,-14.08,-33.699999999999996
-24.2,25.72,25.87,0.183,3.1,1.8,-2.5,2.4,0.69814,1135.0,25.709,25.87,258.7,1.499884355722118,,,,Sand,,,Sand 4,4,15.6,35.22,-14.08,-33.699999999999996
-24.22,25.74,26.26,0.18,3.1,1.6,-2.7,2.4,0.68493,1136.0,25.729,26.26,262.6,1.4894195035626114,,,,Sand,,,Sand 4,4,15.6,35.22,-14.08,-33.699999999999996
-24.240000000000002,25.76,26.65,0.173,3.1,1.8,-2.5,2.4,0.65549,1137.0,25.749,26.65,266.5,1.4714066497275875,,,,Sand,,,Sand 4,4,15.6,35.22,-14.08,-33.699999999999996
-24.26,25.78,26.69,0.173,3.1,1.8,-2.5,2.4,0.65311,1138.0,25.769,26.69,266.9,1.4698316263647826,,,,Sand,,,Sand 4,4,15.6,35.22,-14.08,-33.699999999999996
-24.28,25.8,26.66,0.171,3.1,1.8,-2.5,2.4,0.64464,1139.0,25.789,26.66,266.6,1.4661930425000775,,,,Sand,,,Sand 4,4,15.6,35.22,-14.08,-33.699999999999996
-24.3,25.82,26.65,0.17,3.2,1.8,-2.7,2.4,0.64181,1140.0,25.809,26.65,266.5,1.4649683902226094,,,,Sand,,,Sand 4,4,15.6,35.22,-14.08,-33.699999999999996
-24.32,25.84,26.62,0.173,3.1,1.8,-2.5,2.4,0.65571,1140.0,25.829,26.62,266.2,1.471856510381767,,,,Sand,,,Sand 4,4,15.6,35.22,-14.08,-33.699999999999996
-24.34,25.86,26.51,0.174,3.0,1.6,-2.5,2.3,0.66232,1141.0,25.849,26.51,265.1,1.4762023936729205,,,,Sand,,,Sand 4,4,15.6,35.22,-14.08,-33.699999999999996
-24.36,25.88,26.17,0.176,3.1,1.8,-2.5,2.4,0.67214,1142.0,25.869,26.17,261.7,1.4846847869034487,,,,Sand,,,Sand 4,4,15.6,35.22,-14.08,-33.699999999999996
-24.38,25.9,25.95,0.177,3.1,1.8,-2.5,2.2,0.67657,1143.0,25.889,25.95,259.5,1.48929606015516,,,,Sand,,,Sand 4,4,15.6,35.22,-14.08,-33.699999999999996
-24.400000000000002,25.92,25.82,0.176,3.1,1.8,-2.5,2.1,0.67217,1144.0,25.909,25.82,258.2,1.488848252993498,,,,Sand,,,Sand 4,4,15.6,35.22,-14.08,-33.699999999999996
-24.42,25.94,25.79,0.177,3.1,1.6,-2.7,2.2,0.67384,1145.0,25.929,25.79,257.9,1.489965300957937,,,,Sand,,,Sand 4,4,15.6,35.22,-14.08,-33.699999999999996
-24.44,25.96,25.97,0.18,3.1,1.8,-2.5,2.4,0.68034,1146.0,25.949,25.97,259.7,1.4907620561817048,,,,Sand,,,Sand 4,4,15.6,35.22,-14.08,-33.699999999999996
-24.46,25.98,26.46,0.182,3.0,1.6,-2.5,2.3,0.6813,1146.0,25.969,26.46,264.6,1.4854594592905557,,,,Sand,,,Sand 4,4,15.6,35.22,-14.08,-33.699999999999996
-24.48,26.0,26.8,0.182,3.1,1.8,-2.5,2.4,0.67401,1147.0,25.989,26.8,268.0,1.4782368552152247,,,,Sand,,,Sand 4,4,15.6,35.22,-14.08,-33.699999999999996
-24.5,26.02,27.18,0.19,3.1,1.8,-2.5,2.1,0.69584,1148.0,26.009,27.18,271.8,1.4838144767395478,,,,Sand,,,Sand 4,4,15.6,35.22,-14.08,-33.699999999999996
-24.52,26.04,27.69,0.196,3.1,1.8,-2.5,2.4,0.71076,1149.0,26.029,27.69,276.9,1.484826673499843,,,,Sand,,,Sand 4,4,15.6,35.22,-14.08,-33.699999999999996
-24.54,26.06,28.0,0.202,3.1,1.8,-2.5,2.9,0.72721,1150.0,26.049,28.0,280.0,1.4886885864188315,,,,Sand,,,Sand 4,4,15.6,35.22,-14.08,-33.699999999999996
-24.56,26.08,28.13,0.207,3.0,1.6,-2.5,2.8,0.7412,1150.0,26.069,28.13,281.3,1.493336410561802,,,,Sand,,,Sand 4,4,15.6,35.22,-14.08,-33.699999999999996
-24.580000000000002,26.1,28.21,0.212,3.1,1.8,-2.5,2.5,0.75643,1151.0,26.089,28.21,282.1,1.4989565106726896,,,,Sand,,,Sand 4,4,15.6,35.22,-14.08,-33.699999999999996
-24.6,26.12,28.14,0.215,3.1,1.8,-2.5,2.3,0.7656,1152.0,26.109,28.14,281.4,1.5035290342464038,,,,Sand,,,Sand 4,4,15.6,35.22,-14.08,-33.699999999999996
-24.62,26.14,28.07,0.216,3.1,1.8,-2.5,2.3,0.76824,1153.0,26.129,28.07,280.7,1.505361085688627,,,,Sand,,,Sand 4,4,15.6,35.22,-14.08,-33.699999999999996
-24.64,26.16,28.0,0.218,3.1,1.8,-2.5,2.4,0.77408,1154.0,26.149,28.0,280.0,1.5085130913086464,,,,Sand,,,Sand 4,4,15.6,35.22,-14.08,-33.699999999999996
-24.66,26.18,27.97,0.213,3.1,1.6,-2.7,2.4,0.75332,1155.0,26.169,27.97,279.7,1.500174098838037,,,,Sand,,,Sand 4,4,15.6,35.22,-14.08,-33.699999999999996
-24.68,26.2,28.14,0.206,3.2,2.0,-2.5,2.3,0.72284,1155.0,26.189,28.14,281.4,1.4852983966762328,,,,Sand,,,Sand 4,4,15.6,35.22,-14.08,-33.699999999999996
-24.7,26.22,28.27,0.2,3.1,1.8,-2.5,2.3,0.69517,1156.0,26.209,28.27,282.7,1.4716434511323246,,,,Sand,,,Sand 4,4,15.6,35.22,-14.08,-33.699999999999996
-24.72,26.24,28.5,0.198,3.1,1.8,-2.5,2.4,0.68244,1157.0,26.229,28.5,285.0,1.4634178740988644,,,,Sand,,,Sand 4,4,15.6,35.22,-14.08,-33.699999999999996
-24.740000000000002,26.26,29.11,0.203,3.1,1.8,-2.5,2.4,0.69372,1158.0,26.249,29.11,291.1,1.4622116890179715,,,,Sand,,,Sand 4,4,15.6,35.22,-14.08,-33.699999999999996
-24.76,26.28,29.93,0.212,3.1,1.8,-2.5,2.4,0.71791,1159.0,26.269,29.93,299.3,1.4648380488105242,,,,Sand,,,Sand 4,4,15.6,35.22,-14.08,-33.699999999999996
-24.78,26.3,30.24,0.203,3.1,1.8,-2.5,2.4,0.68227,1159.0,26.289,30.24,302.4,1.4456044517788769,,,,Sand,,,Sand 4,4,15.6,35.22,-14.08,-33.699999999999996
-24.8,26.32,29.95,0.198,3.1,1.8,-2.5,2.4,0.66063,1160.0,26.309,29.95,299.5,1.438318641429688,,,,Sand,,,Sand 4,4,15.6,35.22,-14.08,-33.699999999999996
-24.82,26.34,29.96,0.203,3.1,1.8,-2.5,2.4,0.67383,1161.0,26.328,29.96,299.6,1.444443490797972,,,,Sand,,,Sand 4,4,15.6,35.22,-14.08,-33.699999999999996
-24.84,26.36,30.28,0.218,3.2,2.0,-2.5,2.4,0.72227,1162.0,26.348,30.28,302.8,1.4633541909417966,,,,Sand,,,Sand 4,4,15.6,35.22,-14.08,-33.699999999999996
-24.86,26.38,30.06,0.218,3.1667,1.6,-2.5,2.4,0.72191,1163.0,26.368,30.06,300.6,1.4653366770553522,,,,Sand,,,Sand 4,4,15.6,35.22,-14.08,-33.699999999999996
-24.88,26.4,30.24,0.218,3.1333,1.8,-2.5,2.1,0.7217,1164.0,26.388,30.24,302.4,1.4634895231653793,,,,Sand,,,Sand 4,4,15.6,35.22,-14.08,-33.699999999999996
-24.900000000000002,26.42,30.35,0.22,3.1,1.8,-2.5,2.1,0.72941,1165.0,26.408,30.35,303.5,1.465830199703168,,,,Sand,,,Sand 4,4,15.6,35.22,-14.08,-33.699999999999996
-24.92,26.44,30.38,0.212,3.2,1.8,-2.7,2.3,0.70714,1166.0,26.428,30.38,303.8,1.4556183299481344,,,,Sand,,,Sand 4,4,15.6,35.22,-14.08,-33.699999999999996
-24.94,26.46,30.36,0.205,3.1,1.8,-2.5,2.4,0.68986,1166.0,26.448,30.36,303.6,1.4479373529542745,,,,Sand,,,Sand 4,4,15.6,35.22,-14.08,-33.699999999999996
-24.96,26.48,30.02,0.207,3.2,2.0,-2.5,2.4,0.70381,1167.0,26.468,30.02,300.2,1.4576332337979545,,,,Sand,,,Sand 4,4,15.6,35.22,-14.08,-33.699999999999996
-24.98,26.5,29.6,0.211,3.1,1.8,-2.5,2.4,0.72412,1168.0,26.488,29.6,296.0,1.4708531723523541,,,,Sand,,,Sand 4,4,15.6,35.22,-14.08,-33.699999999999996
-25.0,26.52,28.83,0.219,3.2,1.8,-2.7,2.1,0.757,1169.0,26.508,28.83,288.3,1.4927912107343901,,,,Sand,,,Sand 4,4,15.6,35.22,-14.08,-33.699999999999996
-25.02,26.54,27.95,0.223,3.2,2.0,-2.5,2.6,0.77203,1170.0,26.528,27.95,279.5,1.508193510072078,,,,Sand,,,Sand 4,4,15.6,35.22,-14.08,-33.699999999999996
-25.04,26.56,27.8,0.228,3.1,1.8,-2.5,2.9,0.78624,1170.0,26.548,27.8,278.0,1.5156013128660843,,,,Sand,,,Sand 4,4,15.6,35.22,-14.08,-33.699999999999996
-25.06,26.58,28.17,0.231,3.1,1.8,-2.5,2.5,0.78799,1171.0,26.568,28.17,281.7,1.5124329290056542,,,,Sand,,,Sand 4,4,15.6,35.22,-14.08,-33.699999999999996
-25.080000000000002,26.6,28.71,0.232,3.2,2.0,-2.5,2.4,0.77696,1172.0,26.588,28.71,287.1,1.5023521575264986,,,,Sand,,,Sand 4,4,15.6,35.22,-14.08,-33.699999999999996
-25.1,26.62,30.0,0.235,3.1,1.8,-2.5,2.3,0.76961,1173.0,26.608,30.0,300.0,1.4864868210590696,,,,Sand,,,Sand 4,4,15.6,35.22,-14.08,-33.699999999999996
-25.12,26.64,30.93,0.239,3.1,1.8,-2.5,2.4,0.76593,1174.0,26.628,30.93,309.3,1.4761060348976942,,,,Sand,,,Sand 4,4,15.6,35.22,-14.08,-33.699999999999996
-25.14,26.66,32.13,0.241,3.2,2.0,-2.5,2.4,0.75846,1175.0,26.648,32.13,321.3,1.4619825083957059,,,,Sand,,,Sand 4,4,15.6,35.22,-14.08,-33.699999999999996
-25.16,26.68,33.19,0.248,3.2,2.0,-2.5,2.4,0.76926,1175.0,26.668,33.19,331.9,1.4573898069469071,,,,Sand,,,Sand 4,4,15.6,35.22,-14.08,-33.699999999999996
-25.18,26.7,33.35,0.256,3.2,1.8,-2.7,2.4,0.7876,1176.0,26.688,33.35,333.5,1.4638189519390552,,,,Sand,,,Sand 4,4,15.6,35.22,-14.08,-33.699999999999996
-25.2,26.72,33.15,0.263,3.2,2.0,-2.5,2.4,0.80628,1177.0,26.708,33.15,331.5,1.4732793270510693,,,,Sand,,,Sand 4,4,15.6,35.22,-14.08,-33.699999999999996
-25.22,26.74,32.74,0.271,3.2,2.0,-2.5,2.4,0.83218,1178.0,26.728,32.74,327.40000000000003,1.4872693666181336,,,,Sand,,,Sand 4,4,15.6,35.22,-14.08,-33.699999999999996
-25.240000000000002,26.76,32.42,0.275,3.1,1.8,-2.5,2.3,0.84949,1179.0,26.748,32.42,324.2,1.4968648610339186,,,,Sand,,,Sand 4,4,15.6,35.22,-14.08,-33.699999999999996
-25.26,26.78,32.12,0.278,3.2,1.8,-2.7,2.3,0.8648,1179.0,26.768,32.12,321.2,1.5054086686665653,,,,Sand,,,Sand 4,4,15.6,35.22,-14.08,-33.699999999999996
-25.28,26.8,31.85,0.281,3.2,2.0,-2.5,2.4,0.88057,1180.0,26.788,31.85,318.5,1.513787392713644,,,,Sand,,,Sand 4,4,15.6,35.22,-14.08,-33.699999999999996
-25.3,26.82,31.7,0.282,3.1,1.8,-2.5,2.4,0.88941,1181.0,26.808,31.7,317.0,1.5184352665344736,,,,Sand,,,Sand 4,4,15.6,35.22,-14.08,-33.699999999999996
-25.32,26.84,31.65,0.283,3.2,2.0,-2.5,2.4,0.89724,1182.0,26.828,31.65,316.5,1.5218047773583812,,,,Sand,,,Sand 4,4,15.6,35.22,-14.08,-33.699999999999996
-25.34,26.86,31.54,0.285,3.2,2.0,-2.5,2.4,0.90678,1183.0,26.848,31.54,315.4,1.5263094118473026,,,,Sand,,,Sand 4,4,15.6,35.22,-14.08,-33.699999999999996
-25.36,26.88,31.27,0.284,3.2,2.0,-2.5,2.4,0.9054,1184.0,26.868,31.27,312.7,1.5281783885424234,,,,Sand,,,Sand 4,4,15.6,35.22,-14.08,-33.699999999999996
-25.38,26.9,31.1,0.288,3.2,1.8,-2.7,2.3,0.91873,1184.0,26.888,31.1,311.0,1.534578397845328,,,,Sand,,,Sand 4,4,15.6,35.22,-14.08,-33.699999999999996
-25.400000000000002,26.92,31.1,0.292,3.1,1.8,-2.5,2.0,0.93101,1185.0,26.908,31.1,311.0,1.5390288150611933,,,,Sand,,,Sand 4,4,15.6,35.22,-14.08,-33.699999999999996
-25.42,26.94,31.23,0.289,3.1,1.8,-2.5,2.2,0.92009,1186.0,26.928,31.23,312.3,1.5339211251683194,,,,Sand,,,Sand 4,4,15.6,35.22,-14.08,-33.699999999999996
-25.44,26.96,31.35,0.286,3.2,1.8,-2.7,2.4,0.90819,1187.0,26.948,31.35,313.5,1.5285004715915598,,,,Sand,,,Sand 4,4,15.6,35.22,-14.08,-33.699999999999996
-25.46,26.98,31.54,0.287,3.1,1.8,-2.5,2.4,0.90927,1188.0,26.968,31.54,315.4,1.5272283663701907,,,,Sand,,,Sand 4,4,15.6,35.22,-14.08,-33.699999999999996
-25.48,27.0,31.78,0.287,3.2,2.0,-2.5,2.4,0.90733,1189.0,26.987,31.78,317.8,1.5244202569587717,,,,Sand,,,Sand 4,4,15.6,35.22,-14.08,-33.699999999999996
-25.5,27.02,31.91,0.29,3.4,2.0,-2.7,2.3,0.91512,1190.0,27.007,31.91,319.1,1.5261676825185062,,,,Sand,,,Sand 4,4,15.6,35.22,-14.08,-33.699999999999996
-25.52,27.04,31.92,0.293,3.2,2.0,-2.5,2.0,0.92211,1191.0,27.027,31.92,319.2,1.5286414348306936,,,,Sand,,,Sand 4,4,15.6,35.22,-14.08,-33.699999999999996
-25.54,27.06,31.68,0.29,3.2,1.8,-2.7,2.9,0.91102,1191.0,27.047,31.68,316.8,1.5266510651194602,,,,Sand,,,Sand 4,4,15.6,35.22,-14.08,-33.699999999999996
-25.56,27.08,31.64,0.29,3.2,2.0,-2.5,2.9,0.91105,1192.0,27.067,31.64,316.4,1.5270105191950982,,,,Sand,,,Sand 4,4,15.6,35.22,-14.08,-33.699999999999996
-25.580000000000002,27.1,31.7,0.29,3.2,2.0,-2.5,2.6,0.91216,1193.0,27.087,31.7,317.0,1.5268967791622663,,,,Sand,,,Sand 4,4,15.6,35.22,-14.08,-33.699999999999996
-25.6,27.12,32.03,0.291,3.2,2.0,-2.5,2.3,0.91657,1194.0,27.107,32.03,320.3,1.5256690385199965,,,,Sand,,,Sand 4,4,15.6,35.22,-14.08,-33.699999999999996
-25.62,27.14,32.0,0.292,3.2,2.0,-2.5,2.4,0.92026,1194.0,27.127,32.0,320.0,1.5272785416721208,,,,Sand,,,Sand 4,4,15.6,35.22,-14.08,-33.699999999999996
-25.64,27.16,31.77,0.296,3.4,2.0,-2.7,2.4,0.93254,1195.0,27.147,31.77,317.7,1.5337207568475975,,,,Sand,,,Sand 4,4,15.6,35.22,-14.08,-33.699999999999996
-25.66,27.18,31.6,0.299,3.2,2.0,-2.5,2.4,0.94014,1196.0,27.167,31.6,316.0,1.5379257373258641,,,,Sand,,,Sand 4,4,15.6,35.22,-14.08,-33.699999999999996
-25.68,27.2,31.57,0.297,3.2,2.0,-2.5,2.3,0.93162,1197.0,27.187,31.57,315.7,1.5351210925671999,,,,Sand,,,Sand 4,4,15.6,35.22,-14.08,-33.699999999999996
-25.7,27.22,31.53,0.298,3.2,1.8,-2.7,2.4,0.93103,1198.0,27.207,31.53,315.3,1.5352562476546459,,,,Sand,,,Sand 4,4,15.6,35.22,-14.08,-33.699999999999996
-25.72,27.24,31.73,0.297,3.4,2.0,-2.7,2.4,0.92275,1199.0,27.227,31.73,317.3,1.530514435073603,,,,Sand,,,Sand 4,4,15.6,35.22,-14.08,-33.699999999999996
-25.740000000000002,27.26,32.2,0.301,3.4,2.0,-2.7,2.4,0.92858,1199.0,27.247,32.2,322.00000000000006,1.5286059248934194,,,,Sand,,,Sand 4,4,15.6,35.22,-14.08,-33.699999999999996
-25.76,27.28,32.64,0.307,3.4,2.0,-2.7,2.4,0.93837,1200.0,27.267,32.64,326.4,1.5284534029834826,,,,Sand,,,Sand 4,4,15.6,35.22,-14.08,-33.699999999999996
-25.78,27.3,33.02,0.316,3.4,1.8,-2.7,2.3,0.95475,1201.0,27.287,33.02,330.2,1.5311957019537874,,,,Sand,,,Sand 4,4,15.6,35.22,-14.08,-33.699999999999996
-25.8,27.32,33.2,0.324,3.4,2.0,-2.5,2.4,0.96655,1202.0,27.307,33.2,332.0,1.533918058491333,,,,Sand,,,Sand 4,4,15.6,35.22,-14.08,-33.699999999999996
-25.82,27.34,33.43,0.329,3.4,2.0,-2.7,2.4,0.968,1203.0,27.327,33.43,334.3,1.5325773623047814,,,,Sand,,,Sand 4,4,15.6,35.22,-14.08,-33.699999999999996
-25.84,27.36,33.98,0.334,3.4,2.0,-2.7,2.4,0.96868,1204.0,27.347,33.98,339.8,1.5284543004240703,,,,Sand,,,Sand 4,4,15.6,35.22,-14.08,-33.699999999999996
-25.86,27.38,34.58,0.34,3.4,2.0,-2.7,2.4,0.97383,1204.0,27.367,34.58,345.8,1.5256206683041151,,,,Sand,,,Sand 4,4,15.6,35.22,-14.08,-33.699999999999996
-25.88,27.4,35.12,0.346,3.4,2.0,-2.5,2.3,0.97958,1205.0,27.387,35.12,351.2,1.523554111843726,,,,Sand,,,Sand 4,4,15.6,35.22,-14.08,-33.699999999999996
-25.900000000000002,27.42,35.93,0.357,3.4,2.1,-2.5,2.0,0.99958,1206.0,27.407,35.93,359.3,1.5245797376238697,,,,Sand,,,Sand 4,4,15.6,35.22,-14.08,-33.699999999999996
-25.92,27.44,36.58,0.363,3.4,2.0,-2.7,2.2,1.0066,1207.0,27.427,36.58,365.8,1.522361996089372,,,,Sand,,,Sand 4,4,15.6,35.22,-14.08,-33.699999999999996
-25.94,27.46,36.49,0.371,3.4,2.0,-2.7,2.4,1.0206,1208.0,27.447,36.49,364.9,1.5278201109825458,,,,Sand,,,Sand 4,4,15.6,35.22,-14.08,-33.699999999999996
-25.96,27.48,36.46,0.377,3.4,2.0,-2.7,2.3,1.0301,1209.0,27.467,36.46,364.6,1.5312702421586466,,,,Sand,,,Sand 4,4,15.6,35.22,-14.08,-33.699999999999996
-25.98,27.5,36.58,0.382,3.4,2.0,-2.7,2.4,1.0407,1210.0,27.487,36.58,365.8,1.534008315979101,,,,Sand,,,Sand 4,4,15.6,35.22,-14.08,-33.699999999999996
-26.0,27.52,36.76,0.383,3.3,2.1,-2.5,2.4,1.0446,1210.0,27.507,36.76,367.6,1.534060832192479,,,,Sand,,,Sand 4,4,15.6,35.22,-14.08,-33.699999999999996
-26.02,27.54,36.9,0.382,3.2,2.0,-2.5,2.1,1.0448,1211.0,27.527,36.9,369.0,1.5331551013295337,,,,Sand,,,Sand 4,4,15.6,35.22,-14.08,-33.699999999999996
-26.04,27.56,37.08,0.378,3.5,2.1,-2.7,2.2,1.0396,1212.0,27.547,37.08,370.8,1.5301592747607067,,,,Sand,,,Sand 4,4,15.6,35.22,-14.08,-33.699999999999996
-26.06,27.58,36.81,0.383,3.4667,2.1,-2.5,2.9,1.0624,1213.0,27.566,36.81,368.1,1.539646627238948,,,,Sand,,,Sand 4,4,15.6,35.22,-14.08,-33.699999999999996
-26.080000000000002,27.6,36.24,0.387,3.4333,2.1,-2.7,2.7,1.0841,1214.0,27.586,36.24,362.4,1.5507344112884134,,,,Sand,,,Sand 4,4,15.6,35.22,-14.08,-33.699999999999996
-26.1,27.62,35.66,0.391,3.4,2.0,-2.7,2.5,1.1061,1214.0,27.606,35.66,356.6,1.561911444624451,,,,Sand,,,Sand 4,4,15.6,35.22,-14.08,-33.699999999999996
-26.12,27.64,34.84,0.396,3.5,2.1,-2.7,2.4,1.1303,1215.0,27.626,34.84,348.4,1.5754558814864117,,,,Sand,,,Sand 4,4,15.6,35.22,-14.08,-33.699999999999996
-26.14,27.66,34.12,0.399,3.4,2.0,-2.7,2.3,1.1456,1216.0,27.646,34.12,341.2,1.585521213895148,,,,Sand,,,Sand 4,4,15.6,35.22,-14.08,-33.699999999999996
-26.16,27.68,33.94,0.399,3.5,2.1,-2.7,2.3,1.1461,1217.0,27.666,33.94,339.4,1.5870326045392291,,,,Sand,,,Sand 4,4,15.6,35.22,-14.08,-33.699999999999996
-26.18,27.7,34.1,0.397,3.5,2.1,-2.7,2.4,1.1368,1218.0,27.686,34.1,341.0,1.582971631959037,,,,Sand,,,Sand 4,4,15.6,35.22,-14.08,-33.699999999999996
-26.2,27.72,34.58,0.405,3.5,2.1,-2.7,2.4,1.1506,1219.0,27.706,34.58,345.8,1.583620580218282,,,,Sand,,,Sand 4,4,15.6,35.22,-14.08,-33.699999999999996
-26.22,27.74,35.14,0.409,3.4,2.0,-2.7,2.4,1.1469,1219.0,27.726,35.14,351.4,1.5783941308117988,,,,Sand,,,Sand 4,4,15.6,35.22,-14.08,-33.699999999999996
-26.240000000000002,27.76,36.12,0.414,3.4,2.0,-2.7,2.4,1.143,1220.0,27.746,36.12,361.2,1.570224936086493,,,,Sand,,,Sand 4,4,15.6,35.22,-14.08,-33.699999999999996
-26.26,27.78,36.55,0.421,3.4,2.0,-2.7,2.4,1.144,1221.0,27.766,36.55,365.5,1.5675542743474051,,,,Sand,,,Sand 4,4,15.6,35.22,-14.08,-33.699999999999996
-26.28,27.8,37.05,0.426,3.4,2.0,-2.7,2.4,1.141,1222.0,27.786,37.05,370.5,1.5632150535670457,,,,Sand,,,Sand 4,4,15.6,35.22,-14.08,-33.699999999999996
-26.3,27.82,37.82,0.427,3.5,2.1,-2.7,2.3,1.1313,1223.0,27.806,37.82,378.2,1.555043812142744,,,,Sand,,,Sand 4,4,15.6,35.22,-14.08,-33.699999999999996
-26.32,27.84,38.4,0.429,3.4,1.6,-2.7,2.4,1.1296,1224.0,27.826,38.4,384.0,1.5507244856913613,,,,Sand,,,Sand 4,4,15.6,35.22,-14.08,-33.699999999999996
-26.34,27.86,38.75,0.432,3.3,1.8,-2.7,2.4,1.1341,1224.0,27.846,38.75,387.5,1.5498970443670432,,,,Sand,,,Sand 4,4,15.6,35.22,-14.08,-33.699999999999996
-26.36,27.88,38.85,0.43,3.2,1.8,-2.7,2.4,1.1288,1225.0,27.866,38.85,388.5,1.547587219099558,,,,Sand,,,Sand 4,4,15.6,35.22,-14.08,-33.699999999999996
-26.38,27.9,38.42,0.427,3.2,2.1,-2.3,2.4,1.1256,1226.0,27.886,38.42,384.2,1.5493308742591916,,,,Sand,,,Sand 4,4,15.6,35.22,-14.08,-33.699999999999996
-26.400000000000002,27.92,37.98,0.423,3.5,2.3,-2.5,2.0,1.1238,1227.0,27.906,37.98,379.8,1.551625912974283,,,,Sand,,,Sand 4,4,15.6,35.22,-14.08,-33.699999999999996
-26.42,27.94,37.47,0.421,3.5,2.0,-2.5,2.2,1.1304,1228.0,27.926,37.47,374.7,1.5570815736071686,,,,Sand,,,Sand 4,4,15.6,35.22,-14.08,-33.699999999999996
-26.44,27.96,37.07,0.413,3.5,1.6,-2.5,2.4,1.1215,1229.0,27.946,37.07,370.7,1.5569683704842674,,,,Sand,,,Sand 4,4,15.6,35.22,-14.08,-33.699999999999996
-26.46,27.98,36.54,0.41,3.5,2.1,-2.7,2.4,1.1218,1230.0,27.966,36.54,365.4,1.5606902736616832,,,,Sand,,,Sand 4,4,15.6,35.22,-14.08,-33.699999999999996
-26.48,28.0,36.05,0.398,3.6,1.8,-3.1,2.4,1.0948,1230.0,27.986,36.05,360.5,1.5555275946779936,,,,Sand,,,Sand 4,4,15.6,35.22,-14.08,-33.699999999999996
-26.5,28.02,35.56,0.394,3.5667,2.1,-2.5,2.3,1.0893,1231.0,28.006,35.56,355.6,1.5572575723458222,,,,Sand,,,Sand 4,4,15.6,35.22,-14.08,-33.699999999999996
-26.52,28.04,35.51,0.39,3.5333,1.8,-2.9,2.1,1.0848,1232.0,28.026,35.51,355.1,1.5561676311639636,,,,Sand,,,Sand 4,4,15.6,35.22,-14.08,-33.699999999999996
-26.54,28.06,36.21,0.385,3.5,2.0,-2.9,2.2,1.0766,1233.0,28.046,36.21,362.1,1.548506899030459,,,,Sand,,,Sand 4,4,15.6,35.22,-14.08,-33.699999999999996
-26.56,28.08,36.43,0.381,3.6,2.3,-2.7,2.9,1.0699,1234.0,28.066,36.43,364.3,1.5447669201924372,,,,Sand,,,Sand 4,4,15.6,35.22,-14.08,-33.699999999999996
-26.580000000000002,28.1,35.98,0.377,3.5,2.1,-2.7,2.7,1.0615,1234.0,28.086,35.98,359.8,1.5451863472533875,,,,Sand,,,Sand 4,4,15.6,35.22,-14.08,-33.699999999999996
-26.6,28.12,35.34,0.369,3.4,2.0,-2.7,2.4,1.0416,1235.0,28.106,35.34,353.4,1.5432097251898704,,,,Sand,,,Sand 4,4,15.6,35.22,-14.08,-33.699999999999996
-26.62,28.14,35.01,0.364,3.5,2.0,-2.9,2.3,1.0343,1236.0,28.125,35.01,350.1,1.5432019597849347,,,,Sand,,,Sand 4,4,15.6,35.22,-14.08,-33.699999999999996
-26.64,28.16,34.84,0.359,3.5,1.6,-2.9,2.4,1.0306,1237.0,28.145,34.84,348.4,1.5432272208748776,,,,Sand,,,Sand 4,4,15.6,35.22,-14.08,-33.699999999999996
-26.66,28.18,34.81,0.352,3.5,2.3,-2.7,2.4,1.0216,1238.0,28.165,34.81,348.1,1.5404106312221473,,,,Sand,,,Sand 4,4,15.6,35.22,-14.08,-33.699999999999996
-26.68,28.2,34.78,0.347,3.5,2.1,-2.7,2.3,1.018,1239.0,28.185,34.78,347.8,1.53941331672247,,,,Sand,,,Sand 4,4,15.6,35.22,-14.08,-33.699999999999996
-26.7,28.22,34.34,0.344,3.6,2.1,-2.9,2.4,1.0208,1239.0,28.205,34.34,343.4,1.5437047145774994,,,,Sand,,,Sand 4,4,15.6,35.22,-14.08,-33.699999999999996
-26.72,28.24,33.56,0.341,3.5,2.1,-2.7,2.4,1.0244,1240.0,28.225,33.56,335.6,1.5509763209746867,,,,Sand,,,Sand 4,4,15.6,35.22,-14.08,-33.699999999999996
-26.740000000000002,28.26,32.97,0.338,3.4,1.8,-2.9,2.4,1.0288,1241.0,28.245,32.97,329.7,1.557150321217877,,,,Sand,,,Sand 4,4,15.6,35.22,-14.08,-33.699999999999996
-26.76,28.28,32.38,0.331,3.5,2.1,-2.7,2.4,1.0212,1242.0,28.265,32.38,323.8,1.5594171696863186,,,,Sand,,,Sand 4,4,15.6,35.22,-14.08,-33.699999999999996
-26.78,28.3,31.9,0.325,3.5,2.0,-2.9,2.4,1.0144,1243.0,28.285,31.9,319.0,1.5611372603736828,,,,Sand,,,Sand 4,4,15.6,35.22,-14.08,-33.699999999999996
-26.8,28.32,31.56,0.318,3.5,2.0,-2.9,2.4,1.0009,1244.0,28.305,31.56,315.6,1.5594641418717448,,,,Sand,,,Sand 4,4,15.6,35.22,-14.08,-33.699999999999996
-26.82,28.34,31.33,0.313,3.5,2.1,-2.7,2.4,0.99121,1244.0,28.325,31.33,313.3,1.55814379985204,,,,Sand,,,Sand 4,4,15.6,35.22,-14.08,-33.699999999999996
-26.84,28.36,31.27,0.31,3.5,2.1,-2.7,2.4,0.98413,1245.0,28.345,31.27,312.7,1.5562364682771865,,,,Sand,,,Sand 4,4,15.6,35.22,-14.08,-33.699999999999996
-26.86,28.38,31.35,0.31,3.5,2.1,-2.7,2.3,0.98253,1246.0,28.365,31.35,313.5,1.55499058038839,,,,Sand,,,Sand 4,4,15.6,35.22,-14.08,-33.699999999999996
-26.88,28.4,31.4,0.313,3.5,2.1,-2.7,2.4,0.9866,1247.0,28.385,31.4,314.0,1.5559577589142621,,,,Sand,,,Sand 4,4,15.6,35.22,-14.08,-33.699999999999996
-26.900000000000002,28.42,31.43,0.317,3.6,2.1,-2.9,2.1,0.98785,1248.0,28.405,31.43,314.3,1.556127626123797,,,,Sand,,,Sand 4,4,15.6,35.22,-14.08,-33.699999999999996
-26.92,28.44,31.76,0.323,3.6,2.1,-2.9,2.1,0.98955,1249.0,28.425,31.76,317.6,1.5538803962376926,,,,Sand,,,Sand 4,4,15.6,35.22,-14.08,-33.699999999999996
-26.94,28.46,32.31,0.322,3.6,2.1,-2.9,2.3,0.96813,1250.0,28.445,32.31,323.1,1.5418007381373566,,,,Sand,,,Sand 4,4,15.6,35.22,-14.08,-33.699999999999996
-26.96,28.48,32.95,0.329,3.5,2.1,-2.7,2.4,0.96954,1250.0,28.465,32.95,329.5,1.5370036328148147,,,,Sand,,,Sand 4,4,15.6,35.22,-14.08,-33.699999999999996
-26.98,28.5,34.25,0.332,3.6,2.1,-2.9,2.4,0.96044,1251.0,28.485,34.25,342.5,1.523415410933854,,,,Sand,,,Sand 4,4,15.6,35.22,-14.08,-33.699999999999996
-27.0,28.52,35.68,0.34,3.6,2.1,-2.9,2.4,0.96883,1252.0,28.505,35.68,356.8,1.5155782342266226,,,,Sand,,,Sand 4,4,15.6,35.22,-14.08,-33.699999999999996
-27.02,28.54,36.3,0.343,3.5,2.0,-2.9,2.2,0.96776,1253.0,28.525,36.3,363.0,1.5106772055867195,,,,Sand,,,Sand 4,4,15.6,35.22,-14.08,-33.699999999999996
-27.04,28.56,36.79,0.348,3.7,2.3,-2.9,2.0,0.97694,1254.0,28.545,36.79,367.9,1.5104585172104268,,,,Sand,,,Sand 4,4,15.6,35.22,-14.08,-33.699999999999996
-27.06,28.58,36.5,0.356,3.6,2.3,-2.7,2.9,0.99968,1255.0,28.565,36.5,365.0,1.520523959639592,,,,Sand,,,Sand 4,4,15.6,35.22,-14.08,-33.699999999999996
-27.080000000000002,28.6,35.97,0.361,3.7,2.5,-2.7,2.8,1.0195,1255.0,28.585,35.97,359.7,1.5311564486762779,,,,Sand,,,Sand 4,4,15.6,35.22,-14.08,-33.699999999999996
-27.1,28.62,35.1,0.361,3.7,2.0,-3.1,2.5,1.0281,1256.0,28.605,35.1,351.0,1.5404441096818344,,,,Sand,,,Sand 4,4,15.6,35.22,-14.08,-33.699999999999996
-27.12,28.64,34.38,0.36,3.7,2.5,-2.7,2.4,1.0365,1257.0,28.625,34.38,343.8,1.5486820961700882,,,,Sand,,,Sand 4,4,15.6,35.22,-14.08,-33.699999999999996
-27.14,28.66,34.17,0.355,3.6,2.3,-2.7,2.4,1.0337,1258.0,28.644,34.17,341.7,1.54935165392978,,,,Sand,,,Sand 4,4,15.6,35.22,-14.08,-33.699999999999996
-27.16,28.68,34.08,0.35,3.5667,2.0,-2.3,2.4,1.0291,1259.0,28.664,34.08,340.8,1.5485020852866798,,,,Sand,,,Sand 4,4,15.6,35.22,-14.08,-33.699999999999996
-27.18,28.7,33.92,0.344,3.5333,2.0,-3.3,2.4,1.0176,1259.0,28.684,33.92,339.2,1.5458618159898647,,,,Sand,,,Sand 4,4,15.6,35.22,-14.08,-33.699999999999996
-27.2,28.72,33.73,0.343,3.5,2.0,-2.9,2.4,1.0168,1260.0,28.704,33.73,337.3,1.5470747487055305,,,,Sand,,,Sand 4,4,15.6,35.22,-14.08,-33.699999999999996
-27.22,28.74,33.38,0.344,3.5,2.1,-2.7,2.3,1.0188,1261.0,28.724,33.38,333.8,1.5505129984952895,,,,Sand,,,Sand 4,4,15.6,35.22,-14.08,-33.699999999999996
-27.240000000000002,28.76,33.32,0.344,3.6,2.1,-2.9,2.4,1.015,1262.0,28.744,33.32,333.2,1.5497053860589647,,,,Sand,,,Sand 4,4,15.6,35.22,-14.08,-33.699999999999996
-27.26,28.78,33.46,0.34,3.8,2.0,-3.3,2.4,0.99824,1263.0,28.764,33.46,334.6,1.5428723577808692,,,,Sand,,,Sand 4,4,15.6,35.22,-14.08,-33.699999999999996
-27.28,28.8,33.81,0.339,3.4,2.0,-2.7,2.4,0.99032,1264.0,28.784,33.81,338.1,1.5373698899306696,,,,Sand,,,Sand 4,4,15.6,35.22,-14.08,-33.699999999999996
-27.3,28.82,34.42,0.341,3.5,2.0,-2.9,2.4,0.99052,1264.0,28.804,34.42,344.2,1.5326987310163271,,,,Sand,,,Sand 4,4,15.6,35.22,-14.08,-33.699999999999996
-27.32,28.84,35.08,0.339,3.4,2.0,-2.7,2.3,0.97966,1265.0,28.824,35.08,350.8,1.5238826523414364,,,,Sand,,,Sand 4,4,15.6,35.22,-14.08,-33.699999999999996
-27.34,28.86,35.28,0.342,3.5,2.0,-2.9,2.4,0.98541,1266.0,28.844,35.28,352.8,1.524407972128362,,,,Sand,,,Sand 4,4,15.6,35.22,-14.08,-33.699999999999996
-27.36,28.88,35.1,0.348,3.8,2.0,-3.3,2.4,1.0034,1267.0,28.864,35.1,351.0,1.5320104104566765,,,,Sand,,,Sand 4,4,15.6,35.22,-14.08,-33.699999999999996
-27.38,28.9,34.94,0.351,3.8,2.0,-3.3,2.4,1.0168,1268.0,28.884,34.94,349.4,1.5378028193110955,,,,Sand,,,Sand 4,4,15.6,35.22,-14.08,-33.699999999999996
-27.400000000000002,28.92,34.74,0.35,3.7,2.0,-3.1,2.2,1.0224,1269.0,28.904,34.74,347.4,1.5412088263794035,,,,Sand,,,Sand 4,4,15.6,35.22,-14.08,-33.699999999999996
-27.42,28.94,34.28,0.352,3.7,2.5,-2.7,2.0,1.0394,1270.0,28.924,34.28,342.8,1.5504128994536774,,,,Sand,,,Sand 4,4,15.6,35.22,-14.08,-33.699999999999996
-27.44,28.96,33.63,0.344,3.6667,2.0,-2.9,2.2,1.0276,1270.0,28.944,33.63,336.3,1.5515008235037444,,,,Sand,,,Sand 4,4,15.6,35.22,-14.08,-33.699999999999996
-27.46,28.98,33.12,0.336,3.6333,2.1,-2.9,2.4,1.0142,1271.0,28.964,33.12,331.2,1.5510343266526148,,,,Sand,,,Sand 4,4,15.6,35.22,-14.08,-33.699999999999996
-27.48,29.0,32.77,0.33,3.6,2.1,-2.9,2.3,1.0074,1272.0,28.984,32.77,327.7,1.5515599330771954,,,,Sand,,,Sand 4,4,15.6,35.22,-14.08,-33.699999999999996
-27.5,29.02,32.34,0.328,3.6,2.1,-2.9,2.4,1.0135,1273.0,29.004,32.34,323.40000000000003,1.5571586660282697,,,,Sand,,,Sand 4,4,15.6,35.22,-14.08,-33.699999999999996
-27.52,29.04,32.0,0.322,3.6,2.1,-2.9,2.3,1.0063,1274.0,29.024,32.0,320.0,1.5575615675813708,,,,Sand,,,Sand 4,4,15.6,35.22,-14.08,-33.699999999999996
-27.54,29.06,32.15,0.317,3.6,2.1,-2.9,1.9,1.0026,1275.0,29.044,32.15,321.5,1.5550476941024753,,,,Sand,,,Sand 4,4,15.6,35.22,-14.08,-33.699999999999996
-27.56,29.08,31.76,0.313,3.6,2.1,-2.9,2.7,1.0022,1276.0,29.064,31.76,317.6,1.5581992880758306,,,,Sand,,,Sand 4,4,15.6,35.22,-14.08,-33.699999999999996
-27.580000000000002,29.1,31.14,0.308,3.6,2.1,-2.9,2.9,0.99826,1276.0,29.084,31.14,311.4,1.56219770400698,,,,Sand,,,Sand 4,4,15.6,35.22,-14.08,-33.699999999999996
-27.6,29.12,30.72,0.305,3.6,2.1,-2.9,2.6,1.0008,1277.0,29.104,30.72,307.2,1.5667509694950115,,,,Sand,,,Sand 4,4,15.6,35.22,-14.08,-33.699999999999996
-27.62,29.14,30.05,0.302,3.6,2.1,-2.9,2.4,1.0056,1278.0,29.124,30.05,300.5,1.5743875351559253,,,,Sand,,,Sand 4,4,15.6,35.22,-14.08,-33.699999999999996
-27.64,29.16,29.68,0.299,3.6,2.1,-2.9,2.4,1.0106,1279.0,29.143,29.68,296.8,1.5794532992863544,,,,Sand,,,Sand 4,4,15.6,35.22,-14.08,-33.699999999999996
-27.66,29.18,29.33,0.294,3.5,2.1,-2.7,2.4,1.0078,1279.0,29.163,29.33,293.3,1.5817799812608444,,,,Sand,,,Sand 4,4,15.6,35.22,-14.08,-33.699999999999996
-27.68,29.2,28.98,0.288,3.8,2.1,-3.1,2.4,1.0011,1280.0,29.183,28.98,289.8,1.5828553019885956,,,,Sand,,,Sand 4,4,15.6,35.22,-14.08,-33.699999999999996
-27.7,29.22,28.59,0.284,3.6,2.1,-2.9,2.4,1.0005,1281.0,29.203,28.59,285.9,1.5864083625530083,,,,Sand,,,Sand 4,4,15.6,35.22,-14.08,-33.699999999999996
-27.72,29.24,28.21,0.28,3.6,2.1,-2.9,2.4,1.0001,1282.0,29.223,28.21,282.1,1.589994915451925,,,,Sand,,,Sand 4,4,15.6,35.22,-14.08,-33.699999999999996
-27.740000000000002,29.26,27.83,0.275,3.6,2.1,-2.9,2.4,0.99701,1283.0,29.243,27.83,278.3,1.5927497198696485,,,,Sand,,,Sand 4,4,15.6,35.22,-14.08,-33.699999999999996
-27.76,29.28,27.48,0.27,3.7,2.3,-2.9,2.3,0.9931,1284.0,29.263,27.48,274.8,1.5949916690428256,,,,Sand,,,Sand 4,4,15.6,35.22,-14.08,-33.699999999999996
-27.78,29.3,26.98,0.265,3.6,2.1,-2.9,2.4,0.98701,1284.0,29.283,26.98,269.8,1.5981272392809185,,,,Sand,,,Sand 4,4,15.6,35.22,-14.08,-33.699999999999996
-27.8,29.32,26.57,0.261,3.6,2.1,-2.9,2.4,0.98176,1285.0,29.303,26.57,265.7,1.600704204453704,,,,Sand,,,Sand 4,4,15.6,35.22,-14.08,-33.699999999999996
-27.82,29.34,26.02,0.254,3.6,2.1,-2.9,2.4,0.96258,1286.0,29.323,26.02,260.2,1.600199025428311,,,,Sand,,,Sand 4,4,15.6,35.22,-14.08,-33.699999999999996
-27.84,29.36,25.82,0.248,3.6,2.1,-2.9,2.4,0.94449,1287.0,29.343,25.82,258.2,1.5962309800233936,,,,Sand,,,Sand 4,4,15.6,35.22,-14.08,-33.699999999999996
-27.86,29.38,25.88,0.246,3.8,2.1,-3.1,2.4,0.93875,1288.0,29.363,25.88,258.8,1.593580846254656,,,,Sand,,,Sand 4,4,15.6,35.22,-14.08,-33.699999999999996
-27.88,29.4,26.1,0.245,3.7,2.3,-2.9,2.4,0.93467,1289.0,29.383,26.1,261.0,1.5897274660339764,,,,Sand,,,Sand 4,4,15.6,35.22,-14.08,-33.699999999999996
-27.900000000000002,29.42,26.25,0.245,3.6,2.1,-2.9,2.3,0.93143,1289.0,29.403,26.25,262.5,1.586949105007696,,,,Sand,,,Sand 4,4,15.6,35.22,-14.08,-33.699999999999996
-27.92,29.44,26.44,0.25,3.7,2.3,-2.9,2.0,0.94585,1290.0,29.423,26.44,264.4,1.5898889786796682,,,,Sand,,,Sand 4,4,15.6,35.22,-14.08,-33.699999999999996
-27.94,29.46,26.56,0.251,3.6,2.1,-2.9,2.1,0.94503,1291.0,29.443,26.56,265.6,1.5883101396521275,,,,Sand,,,Sand 4,4,15.6,35.22,-14.08,-33.699999999999996
-27.96,29.48,26.63,0.253,3.8,2.1,-3.1,2.4,0.94761,1292.0,29.463,26.63,266.3,1.588449521882378,,,,Sand,,,Sand 4,4,15.6,35.22,-14.08,-33.699999999999996
-27.98,29.5,26.75,0.256,3.8,2.1,-3.1,2.4,0.95429,1293.0,29.483,26.75,267.5,1.5894674213625244,,,,Sand,,,Sand 4,4,15.6,35.22,-14.08,-33.699999999999996
-28.0,29.52,26.84,0.257,3.6,2.1,-2.9,2.4,0.95384,1294.0,29.503,26.84,268.4,1.5883561967341966,,,,Sand,,,Sand 4,4,15.6,35.22,-14.08,-33.699999999999996
-28.02,29.54,26.91,0.257,3.6,2.1,-2.9,2.4,0.94939,1295.0,29.523,26.91,269.1,1.586081086506585,,,,Sand,,,Sand 4,4,15.6,35.22,-14.08,-33.699999999999996
-28.04,29.56,27.21,0.258,3.6,2.1,-2.9,2.0,0.94844,1296.0,29.543,27.21,272.1,1.5825990021412855,,,,Sand,,,Sand 4,4,15.6,35.22,-14.08,-33.699999999999996
-28.06,29.58,27.27,0.257,3.7,2.3,-2.9,3.0,0.94014,1296.0,29.563,27.27,272.7,1.5790869671321284,,,,Sand,,,Sand 4,4,15.6,35.22,-14.08,-33.699999999999996
-28.080000000000002,29.6,27.38,0.259,3.7,2.3,-2.9,2.8,0.94242,1297.0,29.583,27.38,273.8,1.5787379784896605,,,,Sand,,,Sand 4,4,15.6,35.22,-14.08,-33.699999999999996
-28.1,29.62,27.57,0.261,3.6,2.1,-2.9,2.5,0.94445,1298.0,29.603,27.57,275.7,1.5774831933069944,,,,Sand,,,Sand 4,4,15.6,35.22,-14.08,-33.699999999999996
-28.12,29.64,27.69,0.263,3.8,2.1,-3.1,2.3,0.94711,1299.0,29.623,27.69,276.9,1.5771791519367622,,,,Sand,,,Sand 4,4,15.6,35.22,-14.08,-33.699999999999996
-28.14,29.66,27.82,0.265,4.0,2.1,-3.3,2.3,0.9494,1299.0,29.642,27.82,278.2,1.5766508674564361,,,,Sand,,,Sand 4,4,15.6,35.22,-14.08,-33.699999999999996
-28.16,29.68,28.01,0.267,3.9667,2.1,-2.9,2.4,0.95145,1300.0,29.662,28.01,280.1,1.5754419734039846,,,,Sand,,,Sand 4,4,15.6,35.22,-14.08,-33.699999999999996
-28.18,29.7,28.13,0.27,3.9333,2.1,-3.1,2.4,0.95656,1301.0,29.682,28.13,281.3,1.5760089663282844,,,,Sand,,,Sand 4,4,15.6,35.22,-14.08,-33.699999999999996
-28.2,29.72,28.28,0.272,3.9,2.3,-3.1,2.4,0.95674,1302.0,29.702,28.28,282.8,1.5745762186580083,,,,Sand,,,Sand 4,4,15.6,35.22,-14.08,-33.699999999999996
-28.22,29.74,28.42,0.275,3.8667,2.3,-2.9,2.4,0.95973,1303.0,29.722,28.42,284.2,1.5742243841253731,,,,Sand,,,Sand 4,4,15.6,35.22,-14.08,-33.699999999999996
-28.240000000000002,29.76,28.58,0.277,3.8333,2.3,-3.1,2.4,0.95906,1304.0,29.742,28.58,285.8,1.57241950091094,,,,Sand,,,Sand 4,4,15.6,35.22,-14.08,-33.699999999999996
-28.26,29.78,28.88,0.28,3.8,2.1,-3.1,2.4,0.96146,1304.0,29.762,28.88,288.8,1.570330397431771,,,,Sand,,,Sand 4,4,15.6,35.22,-14.08,-33.699999999999996
-28.28,29.8,29.32,0.283,3.7,2.3,-2.9,2.4,0.96373,1305.0,29.782,29.32,293.2,1.566904165625669,,,,Sand,,,Sand 4,4,15.6,35.22,-14.08,-33.699999999999996
-28.3,29.82,29.61,0.286,3.9,2.3,-3.1,2.4,0.96601,1306.0,29.802,29.61,296.1,1.5649619688871863,,,,Sand,,,Sand 4,4,15.6,35.22,-14.08,-33.699999999999996
-28.32,29.84,29.84,0.291,3.8,2.1,-3.1,2.3,0.97553,1307.0,29.822,29.84,298.4,1.5661060919666379,,,,Sand,,,Sand 4,4,15.6,35.22,-14.08,-33.699999999999996
-28.34,29.86,30.05,0.293,3.8,2.1,-3.1,2.4,0.97557,1308.0,29.842,30.05,300.5,1.5641862261177546,,,,Sand,,,Sand 4,4,15.6,35.22,-14.08,-33.699999999999996
-28.36,29.88,30.22,0.295,3.9,2.3,-3.1,2.4,0.9765,1309.0,29.862,30.22,302.2,1.5629536149777874,,,,Sand,,,Sand 4,4,15.6,35.22,-14.08,-33.699999999999996
-28.38,29.9,30.35,0.298,3.8,2.1,-3.1,2.4,0.98151,1309.0,29.882,30.35,303.5,1.5634958511438457,,,,Sand,,,Sand 4,4,15.6,35.22,-14.08,-33.699999999999996
-28.400000000000002,29.92,30.37,0.303,3.9,2.3,-3.1,2.4,0.99247,1310.0,29.902,30.37,303.7,1.5670566330364235,,,,Sand,,,Sand 4,4,15.6,35.22,-14.08,-33.699999999999996
-28.42,29.94,30.51,0.306,3.9,2.3,-3.1,2.1,0.99476,1311.0,29.922,30.51,305.1,1.5665765393062765,,,,Sand,,,Sand 4,4,15.6,35.22,-14.08,-33.699999999999996
-28.44,29.96,30.73,0.311,3.9,2.3,-2.9,2.1,1.0018,1312.0,29.942,30.73,307.3,1.5670002041340834,,,,Sand,,,Sand 4,4,15.6,35.22,-14.08,-33.699999999999996
-28.46,29.98,30.82,0.313,3.9,2.3,-3.1,2.3,0.99682,1313.0,29.962,30.82,308.2,1.5645178700405764,,,,Sand,,,Sand 4,4,15.6,35.22,-14.08,-33.699999999999996
-28.48,30.0,31.19,0.319,3.9,2.3,-3.1,2.4,1.001,1314.0,29.982,31.19,311.9,1.5626916926198957,,,,Sand,,,Sand 4,4,15.6,35.22,-14.08,-33.699999999999996
-28.5,30.02,31.9,0.324,3.9,2.3,-3.1,2.3,0.99961,1315.0,30.002,31.9,319.0,1.556132101592808,,,,Sand,,,Sand 4,4,15.6,35.22,-14.08,-33.699999999999996
-28.52,30.04,32.49,0.332,3.9,2.3,-3.1,2.4,1.0077,1315.0,30.022,32.49,324.90000000000003,1.55395720143145,,,,Sand,,,Sand 4,4,15.6,35.22,-14.08,-33.699999999999996
-28.54,30.06,33.19,0.333,3.9,2.3,-3.1,2.2,0.99563,1316.0,30.042,33.19,331.9,1.544134032271595,,,,Sand,,,Sand 4,4,15.6,35.22,-14.08,-33.699999999999996
-28.56,30.08,34.11,0.344,3.9,2.3,-3.1,2.1,1.0152,1317.0,30.061,34.11,341.1,1.5435736203932362,,,,Sand,,,Sand 4,4,15.6,35.22,-14.08,-33.699999999999996
-28.580000000000002,30.1,34.87,0.353,4.1,2.3,-3.3,2.9,1.0301,1318.0,30.081,34.87,348.7,1.5428340718426183,,,,Sand,,,Sand 4,4,15.6,35.22,-14.08,-33.699999999999996
-28.6,30.12,35.01,0.361,3.9,2.5,-2.9,2.8,1.0431,1319.0,30.101,35.01,350.1,1.5461472746241682,,,,Sand,,,Sand 4,4,15.6,35.22,-14.08,-33.699999999999996
-28.62,30.14,34.81,0.37,3.8,2.0,-3.3,2.5,1.059,1319.0,30.121,34.81,348.1,1.5529003097039147,,,,Sand,,,Sand 4,4,15.6,35.22,-14.08,-33.699999999999996
-28.64,30.16,34.71,0.375,3.8,2.1,-3.1,2.4,1.0643,1320.0,30.141,34.71,347.1,1.5553852900016223,,,,Sand,,,Sand 4,4,15.6,35.22,-14.08,-33.699999999999996
-28.66,30.18,34.96,0.376,3.8,2.0,-3.3,2.4,1.0604,1321.0,30.161,34.96,349.6,1.5522450604196314,,,,Sand,,,Sand 4,4,15.6,35.22,-14.08,-33.699999999999996
-28.68,30.2,35.21,0.381,4.0,2.1,-3.3,2.4,1.0689,1322.0,30.181,35.21,352.1,1.5531868695496827,,,,Sand,,,Sand 4,4,15.6,35.22,-14.08,-33.699999999999996
-28.7,30.22,35.84,0.384,4.0,2.0,-3.5,2.3,1.071,1323.0,30.201,35.84,358.4,1.5493081291379895,,,,Sand,,,Sand 4,4,15.6,35.22,-14.08,-33.699999999999996
-28.72,30.24,36.46,0.387,4.1,2.3,-3.3,2.4,1.0731,1324.0,30.221,36.46,364.6,1.545605987381582,,,,Sand,,,Sand 4,4,15.6,35.22,-14.08,-33.699999999999996
-28.740000000000002,30.26,36.66,0.39,4.2,2.3,-3.5,2.4,1.077,1324.0,30.241,36.66,366.6,1.5454874525444975,,,,Sand,,,Sand 4,4,15.6,35.22,-14.08,-33.699999999999996
-28.76,30.28,36.49,0.394,4.2,2.5,-3.3,2.4,1.0853,1325.0,30.261,36.49,364.9,1.5493720025212996,,,,Sand,,,Sand 4,4,15.6,35.22,-14.08,-33.699999999999996
-28.78,30.3,36.5,0.393,4.1,2.0,-3.1,2.4,1.0838,1326.0,30.281,36.5,365.0,1.5488155489471258,,,,Sand,,,Sand 4,4,15.6,35.22,-14.08,-33.699999999999996
-28.8,30.32,36.4,0.393,4.0,2.7,-2.9,2.4,1.0887,1327.0,30.301,36.4,364.0,1.5511012138635967,,,,Sand,,,Sand 4,4,15.6,35.22,-14.08,-33.699999999999996
-28.82,30.34,36.14,0.395,3.9,2.7,-2.7,2.4,1.1008,1328.0,30.321,36.14,361.4,1.556815261078393,,,,Sand,,,Sand 4,4,15.6,35.22,-14.08,-33.699999999999996
-28.84,30.36,35.93,0.393,4.0,2.1,-3.3,2.4,1.1018,1328.0,30.341,35.93,359.3,1.558618586649885,,,,Sand,,,Sand 4,4,15.6,35.22,-14.08,-33.699999999999996
-28.86,30.38,35.52,0.392,4.0,2.1,-3.3,2.4,1.1054,1329.0,30.361,35.52,355.2,1.5626936388915378,,,,Sand,,,Sand 4,4,15.6,35.22,-14.08,-33.699999999999996
-28.88,30.4,35.14,0.386,4.1,2.7,-3.1,2.3,1.0935,1330.0,30.381,35.14,351.4,1.561655253733923,,,,Sand,,,Sand 4,4,15.6,35.22,-14.08,-33.699999999999996
-28.900000000000002,30.42,34.94,0.381,3.9,2.5,-2.9,2.4,1.0837,1331.0,30.401,34.94,349.4,1.5599766757506837,,,,Sand,,,Sand 4,4,15.6,35.22,-14.08,-33.699999999999996
-28.92,30.44,34.77,0.383,4.0,2.0,-3.5,2.3,1.093,1332.0,30.421,34.77,347.7,1.5642203932550802,,,,Sand,,,Sand 4,4,15.6,35.22,-14.08,-33.699999999999996
-28.94,30.46,34.87,0.383,4.3,2.7,-3.3,2.0,1.0949,1333.0,30.441,34.87,348.7,1.5640874047727509,,,,Sand,,,Sand 4,4,15.6,35.22,-14.08,-33.699999999999996
-28.96,30.48,35.08,0.381,4.1,2.3,-3.3,2.2,1.0902,1334.0,30.461,35.08,350.8,1.5610370139106775,,,,Sand,,,Sand 4,4,15.6,35.22,-14.08,-33.699999999999996
-28.98,30.5,35.02,0.379,4.0667,2.0,-3.3,2.4,1.0831,1334.0,30.48,35.02,350.2,1.559193314002003,,,,Sand,,,Sand 4,4,15.6,35.22,-14.08,-33.699999999999996
-29.0,30.52,35.0,0.383,4.0333,2.3,-3.5,2.4,1.0917,1335.0,30.5,35.0,350.0,1.5621056065119228,,,,Sand,,,Sand 4,4,15.6,35.22,-14.08,-33.699999999999996
-29.02,30.54,35.02,0.388,4.0,2.1,-3.3,2.4,1.1035,1336.0,30.52,35.02,350.2,1.5657217446847662,,,,Sand,,,Sand 4,4,15.6,35.22,-14.08,-33.699999999999996
-29.04,30.56,34.87,0.393,4.1,2.1,-3.5,2.4,1.1154,1337.0,30.54,34.87,348.7,1.5705813629136522,,,,Sand,,,Sand 4,4,15.6,35.22,-14.08,-33.699999999999996
-29.06,30.58,35.3,0.401,4.0,2.5,-3.1,1.9,1.1344,1338.0,30.56,35.3,353.0,1.5733812011607502,,,,Sand,,,Sand 4,4,15.6,35.22,-14.08,-33.699999999999996
-29.080000000000002,30.6,35.5,0.404,3.9,2.3,-3.1,2.8,1.1377,1339.0,30.58,35.5,355.0,1.5729674891524783,,,,Sand,,,Sand 4,4,15.6,35.22,-14.08,-33.699999999999996
-29.1,30.62,35.5,0.407,4.0,2.5,-3.1,2.9,1.1394,1339.0,30.6,35.5,355.0,1.5734935782450976,,,,Sand,,,Sand 4,4,15.6,35.22,-14.08,-33.699999999999996
-29.12,30.64,35.66,0.413,4.1,2.3,-3.3,2.6,1.1469,1340.0,30.62,35.66,356.6,1.5746671822597962,,,,Sand,,,Sand 4,4,15.6,35.22,-14.08,-33.699999999999996
-29.14,30.66,35.94,0.424,3.9,2.3,-3.1,2.4,1.1682,1341.0,30.64,35.94,359.4,1.5791985328613667,,,,Sand,,,Sand 4,4,15.6,35.22,-14.08,-33.699999999999996
-29.16,30.68,36.29,0.438,4.1,2.3,-3.3,2.4,1.1953,1342.0,30.66,36.29,362.9,1.5849082370610648,,,,Sand,,,Sand 4,4,15.6,35.22,-14.08,-33.699999999999996
-29.18,30.7,36.7,0.452,4.1,2.1,-3.5,2.4,1.2186,1343.0,30.68,36.7,367.0,1.5889943173041718,,,,Sand,,,Sand 4,4,15.6,35.22,-14.08,-33.699999999999996
-29.2,30.72,37.19,0.474,4.0,2.7,-2.9,2.4,1.2599,1343.0,30.7,37.19,371.9,1.5976609195927132,,,,Sand,,,Sand 4,4,15.6,35.22,-14.08,-33.699999999999996
-29.22,30.74,37.58,0.491,4.0,2.5,-3.1,2.3,1.2824,1344.0,30.72,37.58,375.8,1.6014833169988902,,,,Sand,,,Sand 4,4,15.6,35.22,-14.08,-33.699999999999996
-29.240000000000002,30.76,38.28,0.506,4.3,2.7,-3.3,2.4,1.2948,1345.0,30.74,38.28,382.8,1.6004945509890773,,,,Sand,,,Sand 4,4,15.6,35.22,-14.08,-33.699999999999996
-29.26,30.78,39.1,0.515,4.1,2.7,-3.1,2.4,1.2879,1346.0,30.76,39.1,391.0,1.5934742420434258,,,,Sand,,,Sand 4,4,15.6,35.22,-14.08,-33.699999999999996
-29.28,30.8,39.89,0.533,4.3,2.7,-3.3,2.4,1.2993,1347.0,30.78,39.89,398.9,1.591910232892834,,,,Sand,,,Sand 4,4,15.6,35.22,-14.08,-33.699999999999996
-29.3,30.82,41.28,0.547,4.1,2.7,-3.1,2.3,1.2931,1348.0,30.8,41.28,412.8,1.5820887334577678,,,,Sand,,,Sand 4,4,15.6,35.22,-14.08,-33.699999999999996
-29.32,30.84,42.61,0.543,4.3,2.1,-3.7,2.4,1.242,1348.0,30.82,42.61,426.1,1.5599155200832577,,,,Sand,,,Sand 4,4,15.6,35.22,-14.08,-33.699999999999996
-29.34,30.86,43.98,0.506,4.2333,1.8,-3.3,2.4,1.1187,1349.0,30.84,43.98,439.8,1.514312127139412,,,,Sand,,,Sand 4,4,15.6,35.22,-14.08,-33.699999999999996
-29.36,30.88,45.46,0.444,4.1667,2.1,-3.7,2.4,0.95328,1350.0,30.859,45.46,454.6,1.4484735772800117,,,,Sand,,,Sand 4,4,15.6,35.22,-14.08,-33.699999999999996
-29.38,30.9,47.8,0.414,4.1,2.7,-3.1,2.4,0.86491,1351.0,30.879,47.8,478.0,1.4012801135710091,,,,Sand,,,Sand 4,4,15.6,35.22,-14.08,-33.699999999999996
-29.400000000000002,30.92,49.63,0.395,4.0,2.7,-2.9,2.3,0.80555,1352.0,30.899,49.63,496.3,1.3665856176694606,,,,Sand,,,Sand 4,4,15.6,35.22,-14.08,-33.699999999999996
-29.42,30.94,51.21,0.3846,4.2,2.5,-3.3,2.0,0.76922,1353.0,30.919,51.21,512.1,1.3423594954313218,,,,Sand,,,Sand 4,4,15.6,35.22,-14.08,-33.699999999999996
-29.44,30.96,50.64,0.3741,4.2,2.3,-3.5,2.2,0.73978,1354.0,30.939,50.64,506.4,1.331219118950955,,,,Sand,,,Sand 4,4,15.6,35.22,-14.08,-33.699999999999996
-29.46,30.98,51.6,0.3637,4.2,2.5,-3.3,2.3,0.71833,1354.0,30.959,51.6,516.0,1.3160747839980573,,,,Sand,,,Sand 4,4,15.6,35.22,-14.08,-33.699999999999996
-29.48,31.0,51.96,0.3663,4.2,2.5,-3.3,2.4,0.72868,1355.0,30.979,51.96,519.6,1.3194321026820077,,,,Sand,,,Sand 4,4,15.6,35.22,-14.08,-33.699999999999996
-29.5,31.02,51.69,0.369,4.2,2.3,-3.5,2.4,0.7467,1356.0,30.999,51.69,516.9,1.3294367919274301,,,,Sand,,,Sand 4,4,15.6,35.22,-14.08,-33.699999999999996
-29.52,31.04,50.02,0.404,4.2,2.5,-3.3,2.4,0.83333,1357.0,31.019,50.02,500.2,1.376838015322789,,,,Sand,,,Sand 4,4,15.6,35.22,-14.08,-33.699999999999996
-29.54,31.06,48.3,0.435,4.2,2.5,-3.3,2.3,0.91898,1358.0,31.039,48.3,483.0,1.420595770961484,,,,Sand,,,Sand 4,4,15.6,35.22,-14.08,-33.699999999999996
-29.56,31.08,46.73,0.449,4.7,2.5,-3.9,1.7,0.9732,1359.0,31.059,46.73,467.3,1.4492754151036331,,,,Sand,,,Sand 4,4,15.6,35.22,-14.08,-33.699999999999996
-29.580000000000002,31.1,44.4,0.442,4.4,2.3,-3.7,2.9,0.9814,1360.0,31.079,44.4,444.0,1.4646739007684115,,,,Sand,,,Sand 4,4,15.6,35.22,-14.08,-33.699999999999996
-29.6,31.12,43.14,0.441,4.3667,2.9,-2.9,2.9,0.99808,1360.0,31.099,43.14,431.4,1.4777649804450046,,,,Sand,,,Sand 4,4,15.6,35.22,-14.08,-33.699999999999996
-29.62,31.14,42.44,0.471,4.3333,2.9,-3.3,2.7,1.0804,1361.0,31.119,42.44,424.4,1.5102372682927345,,,,Sand,,,Sand 4,4,15.6,35.22,-14.08,-33.699999999999996
-29.64,31.16,42.37,0.478,4.3,2.1,-3.7,2.3,1.1064,1362.0,31.139,42.37,423.7,1.5192183514093553,,,,Sand,,,Sand 4,4,15.6,35.22,-14.08,-33.699999999999996
-29.66,31.18,42.9,0.474,4.6,2.7,-3.7,2.4,1.0993,1363.0,31.159,42.9,429.0,1.5138995765448005,,,,Sand,,,Sand 4,4,15.6,35.22,-14.08,-33.699999999999996
-29.68,31.2,43.2,0.469,4.6333,2.3,-2.9,2.4,1.0855,1364.0,31.179,43.2,432.0,1.5076550140092146,,,,Sand,,,Sand 4,4,15.6,35.22,-14.08,-33.699999999999996
-29.7,31.22,43.57,0.465,4.6667,2.7,-3.3,2.3,1.0723,1364.0,31.199,43.57,435.7,1.501179594714253,,,,Sand,,,Sand 4,4,15.6,35.22,-14.08,-33.699999999999996
-29.72,31.24,43.6,0.46,4.7,2.9,-3.7,2.4,1.0576,1365.0,31.218,43.6,436.0,1.496024245418731,,,,Sand,,,Sand 4,4,15.6,35.22,-14.08,-33.699999999999996
-29.740000000000002,31.26,43.73,0.456,4.6111,2.5,-3.5,2.4,1.0466,1366.0,31.238,43.73,437.3,1.491530400183874,,,,Sand,,,Sand 4,4,15.6,35.22,-14.08,-33.699999999999996
-29.76,31.28,43.85,0.453,4.5222,2.9,-3.3,2.4,1.0391,1367.0,31.258,43.85,438.5,1.488272735634295,,,,Sand,,,Sand 4,4,15.6,35.22,-14.08,-33.699999999999996
-29.78,31.3,43.7,0.445,4.4333,2.1,-3.5,2.4,1.0224,1368.0,31.278,43.7,437.0,1.4832627746207292,,,,Sand,,,Sand 4,4,15.6,35.22,-14.08,-33.699999999999996
-29.8,31.32,43.42,0.435,4.4667,3.1,-3.3,2.4,1.002,1368.0,31.298,43.42,434.2,1.4775852701878187,,,,Sand,,,Sand 4,4,15.6,35.22,-14.08,-33.699999999999996
-29.82,31.34,43.48,0.425,4.5,2.1,-3.9,2.4,0.98368,1369.0,31.318,43.48,434.8,1.4706314078323763,,,,Sand,,,Sand 4,4,15.6,35.22,-14.08,-33.699999999999996
-29.84,31.36,43.4,0.422,4.4,2.7,-3.5,2.4,0.98463,1370.0,31.338,43.4,434.0,1.4714295354979574,,,,Sand,,,Sand 4,4,15.6,35.22,-14.08,-33.699999999999996
-29.86,31.38,43.03,0.417,4.3667,2.7,-3.1,2.4,0.98181,1371.0,31.358,43.03,430.3,1.4725110879303729,,,,Sand,,,Sand 4,4,15.6,35.22,-14.08,-33.699999999999996
-29.88,31.4,42.69,0.409,4.3333,2.9,-3.9,2.4,0.97193,1372.0,31.378,42.69,426.9,1.4708617981360153,,,,Sand,,,Sand 4,4,15.6,35.22,-14.08,-33.699999999999996
-29.900000000000002,31.42,42.07,0.406,4.3,2.5,-3.5,2.4,0.97605,1373.0,31.398,42.07,420.7,1.476003112580743,,,,Sand,,,Sand 4,4,15.6,35.22,-14.08,-33.699999999999996
-29.92,31.44,41.08,0.403,4.7,3.1,-3.5,2.1,0.98305,1374.0,31.418,41.08,410.8,1.4844892845555544,,,,Sand,,,Sand 4,4,15.6,35.22,-14.08,-33.699999999999996
-29.94,31.46,40.61,0.409,4.7,3.1,-3.5,2.1,1.0126,1374.0,31.438,40.61,406.1,1.4978822483913692,,,,Sand,,,Sand 4,4,15.6,35.22,-14.08,-33.699999999999996
-29.96,31.48,40.29,0.391,4.6,2.9,-3.5,2.2,0.98133,1375.0,31.458,40.29,402.9,1.4887510013993142,,,,Sand,,,Sand 4,4,15.6,35.22,-14.08,-33.699999999999996
-29.98,31.5,39.6,0.377,4.7,2.9,-3.7,2.5,0.95404,1376.0,31.478,39.6,396.0,1.4831977877108018,,,,Sand,,,Sand 4,4,15.6,35.22,-14.08,-33.699999999999996
-30.0,31.52,38.59,0.365,4.5,2.5,-3.7,2.4,0.9266,1377.0,31.498,38.59,385.9,1.479638516290119,,,,Sand,,,Sand 4,4,15.6,35.22,-14.08,-33.699999999999996
-30.02,31.54,38.19,0.378,4.6,2.9,-3.5,2.4,0.95857,1378.0,31.518,38.19,381.9,1.4941664047566963,,,,Sand,,,Sand 4,4,15.6,35.22,-14.08,-33.699999999999996
-30.04,31.56,38.32,0.37,4.6,2.5,-3.5,2.4,0.93558,1379.0,31.537,38.32,383.2,1.4848192224676025,,,,Sand,,,Sand 4,4,15.6,35.22,-14.08,-33.699999999999996
-30.06,31.58,39.45,0.361,4.6,2.5,-3.3,1.9,0.90704,1380.0,31.557,39.45,394.5,1.466491685750623,,,,Sand,,,Sand 4,4,15.6,35.22,-14.08,-33.699999999999996
-30.080000000000002,31.6,40.08,0.358,4.6,2.9,-3.5,2.6,0.88837,1380.0,31.577,40.08,400.8,1.4551378000518251,,,,Sand,,,Sand 4,4,15.6,35.22,-14.08,-33.699999999999996
-30.1,31.62,40.95,0.355,4.4,2.9,-3.3,2.9,0.86957,1381.0,31.597,40.95,409.5,1.4421218385496815,,,,Sand,,,Sand 4,4,15.6,35.22,-14.08,-33.699999999999996
-30.12,31.64,41.2,0.352,4.7,3.3,-3.3,2.8,0.85328,1382.0,31.617,41.2,412.0,1.4339499870093795,,,,Sand,,,Sand 4,4,15.6,35.22,-14.08,-33.699999999999996
-30.14,31.66,41.62,0.368,4.6556,2.7,-3.5,2.5,0.88843,1383.0,31.637,41.62,416.2,1.445464346519409,,,,Sand,,,Sand 4,4,15.6,35.22,-14.08,-33.699999999999996
-30.16,31.68,42.58,0.378,4.6111,2.5,-3.7,2.3,0.91326,1383.0,31.657,42.58,425.8,1.4493924072409858,,,,Sand,,,Sand 4,4,15.6,35.22,-14.08,-33.699999999999996
-30.18,31.7,42.4,0.381,4.5667,2.5,-3.3,2.4,0.92532,1384.0,31.677,42.4,424.0,1.4551016762780564,,,,Sand,,,Sand 4,4,15.6,35.22,-14.08,-33.699999999999996
-30.2,31.72,41.74,0.388,4.6333,2.9,-3.3,2.4,0.94967,1385.0,31.697,41.74,417.4,1.4682443823118219,,,,Sand,,,Sand 4,4,15.6,35.22,-14.08,-33.699999999999996
-30.22,31.74,40.8,0.404,4.7,2.9,-3.7,2.4,0.99842,1386.0,31.717,40.8,408.0,1.491707012359902,,,,Sand,,,Sand 4,4,15.6,35.22,-14.08,-33.699999999999996
-30.240000000000002,31.76,39.83,0.409,4.6667,2.9,-3.1,2.4,1.0239,1387.0,31.737,39.83,398.3,1.5066743952097856,,,,Sand,,,Sand 4,4,15.6,35.22,-14.08,-33.699999999999996
-30.26,31.78,39.23,0.418,4.6333,2.7,-3.7,2.4,1.0586,1388.0,31.757,39.23,392.3,1.5223016609629199,,,,Sand,,,Sand 4,4,15.6,35.22,-14.08,-33.699999999999996
-30.28,31.8,38.65,0.423,4.6,2.9,-3.5,2.4,1.0789,1388.0,31.777,38.65,386.5,1.5327709805082625,,,,Sand,,,Sand 4,4,15.6,35.22,-14.08,-33.699999999999996
-30.3,31.82,38.48,0.427,4.6,2.9,-3.1,2.4,1.0915,1389.0,31.797,38.48,384.8,1.537996334070589,,,,Sand,,,Sand 4,4,15.6,35.22,-14.08,-33.699999999999996
-30.32,31.84,38.44,0.435,4.6,2.7,-3.5,2.3,1.1091,1390.0,31.817,38.44,384.4,1.5439427940664534,,,,Sand,,,Sand 4,4,15.6,35.22,-14.08,-33.699999999999996
-30.34,31.86,38.71,0.439,4.6,2.9,-3.5,2.4,1.1112,1391.0,31.836,38.71,387.1,1.5428758645789453,,,,Sand,,,Sand 4,4,15.6,35.22,-14.08,-33.699999999999996
-30.36,31.88,39.5,0.448,4.6,2.5,-3.5,2.4,1.1201,1392.0,31.856,39.5,395.0,1.5407288699470607,,,,Sand,,,Sand 4,4,15.6,35.22,-14.08,-33.699999999999996
-30.38,31.9,40.13,0.462,4.6,3.1,-3.3,2.4,1.1378,1393.0,31.876,40.13,401.3,1.5424720267767915,,,,Sand,,,Sand 4,4,15.6,35.22,-14.08,-33.699999999999996
-30.400000000000002,31.92,40.62,0.488,4.6,2.7,-3.7,2.4,1.1849,1393.0,31.896,40.62,406.2,1.5541496924574165,,,,Sand,,,Sand 4,4,15.6,35.22,-14.08,-33.699999999999996
-30.42,31.94,41.52,0.505,4.4,2.9,-3.3,2.3,1.211,1394.0,31.916,41.52,415.2,1.5568076979596301,,,,Sand,,,Sand 4,4,15.6,35.22,-14.08,-33.699999999999996
-30.44,31.96,42.57,0.522,5.0,2.9,-4.1,2.0,1.2385,1395.0,31.936,42.57,425.7,1.5591031417580872,,,,Sand,,,Sand 4,4,15.6,35.22,-14.08,-33.699999999999996
-30.46,31.98,43.35,0.54,4.9,2.5,-3.5,2.2,1.2679,1396.0,31.956,43.35,433.5,1.5634772395522174,,,,Sand,,,Sand 4,4,15.6,35.22,-14.08,-33.699999999999996
-30.48,32.0,43.08,0.552,4.8,2.5,-4.3,2.3,1.2797,1397.0,31.976,43.08,430.8,1.568327519792071,,,,Sand,,,Sand 4,4,15.6,35.22,-14.08,-33.699999999999996
-30.500000000000004,32.02,42.85,0.573,4.7,2.9,-3.7,2.4,1.3032,1398.0,31.996,42.85,428.5,1.576255365764822,,,,Sand,,,Sand 4,4,15.6,35.22,-14.08,-33.699999999999996
-30.52,32.04,43.07,0.582,4.9,2.9,-3.9,2.3,1.2934,1399.0,32.016,43.07,430.7,1.5722964244602928,,,,Sand,,,Sand 4,4,15.6,35.22,-14.08,-33.699999999999996
-30.540000000000003,32.06,43.65,0.599,4.7333,2.5,-3.1,2.4,1.3014,1399.0,32.036,43.65,436.5,1.5714892102891211,,,,Sand,,,Sand 4,4,15.6,35.22,-14.08,-33.699999999999996
-30.56,32.08,44.99,0.605,4.5667,2.3,-3.9,2.0,1.2817,1400.0,32.056,44.99,449.9,1.5589471328421343,,,,Sand,,,Sand 4,4,15.6,35.22,-14.08,-33.699999999999996
-30.580000000000002,32.1,48.19,0.614,4.4,2.7,-3.5,2.0,1.2662,1401.0,32.076,48.19,481.9,1.5389766592310927,,,,Sand,,,Sand 4,4,15.6,35.22,-14.08,-33.699999999999996
-30.599999999999998,32.12,50.8,0.632,5.2,3.5,-3.9,2.8,1.2679,1402.0,32.096,50.8,508.0,1.527893382505055,,,,Sand,,,Sand 4,4,15.6,35.22,-14.08,-33.699999999999996
-30.62,32.14,51.59,0.644,5.0667,2.7,-2.9,2.8,1.257,1403.0,32.116,51.59,515.9,1.5212996268035182,,,,Sand,,,Sand 4,4,15.6,35.22,-14.08,-33.699999999999996
-30.639999999999997,32.16,52.48,0.662,4.9333,3.1,-3.7,2.6,1.2605,1403.0,32.135,52.48,524.8,1.518664768540362,,,,Sand,,,Sand 4,4,15.6,35.22,-14.08,-33.699999999999996
-30.66,32.18,53.16,0.682,4.8,2.5,-4.1,2.4,1.2752,1404.0,32.155,53.16,531.6,1.5202998301922874,,,,Sand,,,Sand 4,4,15.6,35.22,-14.08,-33.699999999999996
-30.680000000000003,32.2,53.91,0.699,4.8,3.1,-3.7,2.4,1.2909,1405.0,32.175,53.91,539.1,1.5219747995392252,,,,Sand,,,Sand 4,4,15.6,35.22,-14.08,-33.699999999999996
-30.7,32.22,54.76,0.704,4.9,2.9,-3.9,2.4,1.2857,1406.0,32.195,54.76,547.6,1.5171545512574294,,,,Sand,,,Sand 4,4,15.6,35.22,-14.08,-33.699999999999996
-30.720000000000002,32.24,55.27,0.707,4.7,2.5,-3.9,2.4,1.2797,1407.0,32.215,55.27,552.7,1.5134357184527898,,,,Sand,,,Sand 4,4,15.6,35.22,-14.08,-33.699999999999996
-30.74,32.26,55.88,0.714,5.3,2.7,-4.5,2.3,1.2835,1408.0,32.235,55.88,558.8,1.5122810289299953,,,,Sand,,,Sand 4,4,15.6,35.22,-14.08,-33.699999999999996
-30.76,32.28,56.12,0.726,4.9667,3.5,-2.3,2.4,1.298,1408.0,32.255,56.12,561.2,1.5156822722102816,,,,Sand,,,Sand 4,4,15.6,35.22,-14.08,-33.699999999999996
-30.779999999999998,32.3,56.48,0.739,4.6333,3.3,-3.3,2.4,1.3165,1409.0,32.275,56.48,564.8,1.5197774470243113,,,,Sand,,,Sand 4,4,15.6,35.22,-14.08,-33.699999999999996
-30.8,32.32,56.41,0.761,4.3,2.7,-3.3,2.4,1.3526,1410.0,32.295,56.41,564.1,1.5303946409994655,,,,Sand,,,Sand 4,4,15.6,35.22,-14.08,-33.699999999999996
-30.820000000000004,32.34,56.21,0.772,4.1667,2.9,-2.3,2.4,1.3713,1411.0,32.315,56.21,562.1,1.5363844015632655,,,,Sand,,,Sand 4,4,15.6,35.22,-14.08,-33.699999999999996
-30.84,32.36,56.32,0.792,4.0333,2.7,-2.9,2.4,1.4078,1412.0,32.335,56.32,563.2,1.5460758682025466,,,,Sand,,,Sand 4,4,15.6,35.22,-14.08,-33.699999999999996
-30.860000000000003,32.38,56.38,0.803,3.9,2.7,-2.7,2.3,1.4288,1413.0,32.355,56.38,563.8,1.5515565177709776,,,,Sand,,,Sand 4,4,15.6,35.22,-14.08,-33.699999999999996
-30.88,32.4,56.29,0.791,4.6,3.1,-3.3,2.4,1.4096,1413.0,32.375,56.29,562.9,1.5466747385419866,,,,Sand,,,Sand 4,4,15.6,35.22,-14.08,-33.699999999999996
-30.900000000000002,32.42,56.15,0.804,5.1,3.1,-4.1,2.4,1.4364,1414.0,32.395,56.15,561.5,1.5544208841972418,,,,Sand,,,Sand 4,4,15.6,35.22,-14.08,-33.699999999999996
-30.919999999999998,32.44,55.81,0.817,4.8667,2.5,-2.9,2.3,1.4649,1415.0,32.415,55.81,558.1,1.5632048020149176,,,,Sand,,,Sand 4,4,15.6,35.22,-14.08,-33.699999999999996
-30.94,32.46,56.03,0.822,4.6333,2.9,-3.3,2.0,1.4806,1416.0,32.434,56.03,560.3,1.5665228759674104,,,,Sand,,,Sand 4,4,15.6,35.22,-14.08,-33.699999999999996
-30.959999999999997,32.48,55.74,0.83,4.6222,2.9,-3.3,2.2,1.5032,1417.0,32.454,55.74,557.4,1.573400810663414,,,,Sand,,,Sand 4,4,15.6,35.22,-14.08,-33.699999999999996
-30.98,32.5,55.08,0.824,4.6111,2.9,-3.1,1.8,1.5036,1418.0,32.474,55.08,550.8,1.5758897674357113,,,,Sand,,,Sand 4,4,15.6,35.22,-14.08,-33.699999999999996
-31.000000000000004,32.52,54.7,0.822,4.6,3.1,-3.3,2.2,1.5143,1419.0,32.494,54.7,547.0,1.580011386635108,,,,Sand,,,Sand 4,4,15.6,35.22,-14.08,-33.699999999999996
-31.02,32.54,54.33,0.815,4.9,2.9,-3.9,2.3,1.5206,1420.0,32.514,54.33,543.3,1.582975886287648,,,,Sand,,,Sand 4,4,15.6,35.22,-14.08,-33.699999999999996
-31.040000000000003,32.56,53.87,0.809,4.9,2.9,-3.9,2.3,1.5336,1421.0,32.534,53.87,538.7,1.5879656162071174,,,,Sand,,,Sand 4,4,15.6,35.22,-14.08,-33.699999999999996
-31.06,32.58,52.84,0.852,4.7,2.9,-3.7,2.1,1.6433,1422.0,32.554,52.84,528.4,1.618439820713355,,,,Sand,,,Sand 4,4,15.6,35.22,-14.08,-33.699999999999996
-31.080000000000002,32.6,51.68,0.747,5.4,2.7,-4.7,1.8,1.4683,1423.0,32.574,51.68,516.8,1.5798152162846717,,,,Sand,,,Sand 4,4,15.6,35.22,-14.08,-33.699999999999996
-31.099999999999998,32.62,50.55,0.731,5.9,4.5,-3.9,2.7,1.4667,1423.0,32.594,50.55,505.5,1.584021918599003,,,,Sand,,,Sand 4,4,15.6,35.22,-14.08,-33.699999999999996
-31.12,32.64,48.95,0.705,5.5,2.5,-3.7,1.9,1.4463,1424.0,32.614,48.95,489.5,1.5855280091707347,,,,Sand,,,Sand 4,4,15.6,35.22,-14.08,-33.699999999999996
-31.139999999999997,32.66,47.85,0.689,5.1,2.3,-3.1,2.2,1.4438,1425.0,32.634,47.85,478.5,1.5897566517705781,,,,Sand,,,Sand 4,4,15.6,35.22,-14.08,-33.699999999999996
-31.16,32.68,46.94,0.672,5.0667,3.1,-3.5,1.8,1.4354,1426.0,32.654,46.94,469.4,1.5917248277910832,,,,Sand,,,Sand 4,4,15.6,35.22,-14.08,-33.699999999999996
-31.180000000000003,32.7,46.03,0.642,5.0333,2.9,-3.5,0.0,1.3931,1448.0,32.674,46.03,460.3,1.5848124689377738,,,,Sand,,,Sand 4,4,15.6,35.22,-14.08,-33.699999999999996
-31.2,32.72,45.12,0.616,5.0,2.5,-4.3,0.6,1.3537,1451.0,32.693,45.12,451.2,1.5785647454607508,,,,Sand,,,Sand 4,4,15.6,35.22,-14.08,-33.699999999999996
-31.220000000000002,32.74,44.65,0.598,4.8667,2.7,-3.3,0.7,1.3278,1454.0,32.713,44.65,446.5,1.5737528986870826,,,,Sand,,,Sand 4,4,15.6,35.22,-14.08,-33.699999999999996
-31.24,32.76,44.45,0.598,4.7333,3.3,-3.1,0.8,1.3424,1456.0,32.733,44.45,444.5,1.5788225257617083,,,,Sand,,,Sand 4,4,15.6,35.22,-14.08,-33.699999999999996
-31.26,32.78,44.68,0.599,4.6,2.7,-2.1,0.8,1.3604,1458.0,32.753,44.68,446.8,1.5826015765342578,,,,Sand,,,Sand 4,4,15.6,35.22,-14.08,-33.699999999999996
-31.279999999999998,32.8,44.33,0.592,4.6,2.9,-3.3,0.8,1.3633,1461.0,32.773,44.33,443.3,1.5851638970906874,,,,Sand,,,Sand 4,4,15.6,35.22,-14.08,-33.699999999999996
-31.3,32.82,44.09,0.572,4.6,3.1,-3.3,1.0,1.3407,1463.0,32.793,44.09,440.9,1.580195158213278,,,,Sand,,,Sand 4,4,15.6,35.22,-14.08,-33.699999999999996
-31.320000000000004,32.84,43.02,0.572,4.8667,2.9,-2.9,1.0,1.3712,1464.0,32.813,43.02,430.2,1.5941046965313979,,,,Sand,,,Sand 4,4,15.6,35.22,-14.08,-33.699999999999996
-31.34,32.86,41.9,0.566,5.1333,2.9,-4.3,1.0,1.3929,1466.0,32.833,41.9,419.0,1.60593233393609,,,,Sand,,,Sand 4,4,15.6,35.22,-14.08,-33.699999999999996
-31.360000000000003,32.88,40.28,0.562,5.4,3.3,-4.3,1.0,1.4227,1468.0,32.853,40.28,402.8,1.622809434320758,,,,Sand,,,Sand 4,4,15.6,35.22,-14.08,-33.699999999999996
-31.38,32.9,38.56,0.548,5.2333,3.1,-3.3,1.0,1.4315,1470.0,32.873,38.56,385.6,1.6352417568634532,,,,Sand,,,Sand 4,4,15.6,35.22,-14.08,-33.699999999999996
-31.400000000000002,32.92,36.86,0.529,5.0667,2.9,-2.7,0.1,1.4258,1481.0,32.893,36.86,368.6,1.6444601955982148,,,,Sand,,,Sand 4,4,15.6,35.22,-14.08,-33.699999999999996
-31.419999999999998,32.94,36.03,0.495,4.9,2.3,-4.3,2.3,1.3764,1482.0,32.913,36.03,360.3,1.6371833226287462,,,,Sand,,,Sand 4,4,15.6,35.22,-14.08,-33.699999999999996
-31.44,32.96,35.28,0.477,4.6,2.9,-3.5,1.7,1.3646,1483.0,32.933,35.28,352.8,1.6392050121003947,,,,Sand,,,Sand 4,4,15.6,35.22,-14.08,-33.699999999999996
-31.459999999999997,32.98,34.33,0.455,4.6,3.1,-2.3,1.3,1.3352,1484.0,32.953,34.33,343.3,1.6381270862634436,,,,Sand,,,Sand 4,4,15.6,35.22,-14.08,-33.699999999999996
-31.48,33.0,33.58,0.432,4.6,3.1,-3.1,1.0,1.2956,1486.0,32.972,33.58,335.8,1.6329306367906744,,,,Sand,,,Sand 4,4,15.6,35.22,-14.08,-33.699999999999996
-31.500000000000004,33.02,32.79,0.411,4.6,2.9,-3.5,1.0,1.2576,1488.0,32.992,32.79,327.9,1.628435423618592,,,,Sand,,,Sand 4,4,15.6,35.22,-14.08,-33.699999999999996
-31.52,33.04,32.21,0.398,4.6,3.1,-3.3,0.7,1.2435,1491.0,33.012,32.21,322.1,1.6290351124704485,,,,Sand,,,Sand 4,4,15.6,35.22,-14.08,-33.699999999999996
-31.540000000000003,33.06,31.54,0.389,4.6,3.1,-3.3,1.2,1.2435,1492.0,33.032,31.54,315.4,1.6344427708654772,,,,Sand,,,Sand 4,4,15.6,35.22,-14.08,-33.699999999999996
-31.56,33.08,30.99,0.373,4.7,3.1,-3.5,1.0,1.2264,1494.0,33.052,30.99,309.9,1.6341741906824983,,,,Sand,,,Sand 4,4,15.6,35.22,-14.08,-33.699999999999996
-31.580000000000002,33.1,30.74,0.357,4.7,2.9,-3.3,0.9,1.2164,1496.0,33.072,30.74,307.4,1.63344119582688,,,,Sand,,,Sand 4,4,15.6,35.22,-14.08,-33.699999999999996
-31.599999999999998,33.12,29.88,0.346,4.7,3.1,-3.5,1.2,1.229,1498.0,33.092,29.88,298.8,1.6444433399990739,,,,Sand,,,Sand 4,4,15.6,35.22,-14.08,-33.699999999999996
-31.62,33.14,28.53,0.334,4.7,3.1,-3.5,1.6,1.2413,1499.0,33.112,28.53,285.3,1.660085727592566,,,,Sand,,,Sand 4,4,15.6,35.22,-14.08,-33.699999999999996
-31.639999999999997,33.16,26.64,0.322,4.7,3.1,-3.5,1.9,1.2579,1500.0,33.132,26.64,266.4,1.682966024312015,,,,Sand,,,Sand 4,4,15.6,35.22,-14.08,-33.699999999999996
-31.66,33.18,24.26,0.31,4.7,3.1,-3.5,2.2,1.2796,1501.0,33.152,24.26,242.6,1.7142310226839408,,,,Sand,,,Sand 4,4,15.6,35.22,-14.08,-33.699999999999996
-31.680000000000003,33.2,22.64,0.292,4.7,3.1,-3.5,2.4,1.2743,1502.0,33.172,22.64,226.4,1.7320062433793093,,,,Sand,,,Sand 4,4,15.6,35.22,-14.08,-33.699999999999996
-31.7,33.22,21.57,0.273,4.7,3.1,-3.5,2.4,1.2545,1503.0,33.192,21.57,215.7,1.740460108409475,,,,Sand,,,Sand 4,4,15.6,35.22,-14.08,-33.699999999999996
-31.720000000000002,33.24,20.52,0.255,4.7,3.1,-3.5,2.4,1.2208,1504.0,33.212,20.52,205.2,1.7458159058683766,,,,Sand,,,Sand 4,4,15.6,35.22,-14.08,-33.699999999999996
-31.74,33.26,19.77,0.242,4.7,3.1,-3.5,2.4,1.1866,1504.0,33.232,19.77,197.7,1.7474221228418056,,,,Sand,,,Sand 4,4,15.6,35.22,-14.08,-33.699999999999996
-31.76,33.28,19.39,0.226,4.7,3.1,-3.5,2.3,1.121,1505.0,33.252,19.39,193.9,1.7349411082557735,,,,Sand,,,Sand 4,4,15.6,35.22,-14.08,-33.699999999999996
-31.779999999999998,33.3,19.3,0.219,4.7,3.1,-3.5,2.4,1.0881,1506.0,33.271,19.3,193.0,1.726881868289191,,,,Sand,,,Sand 4,4,15.6,35.22,-14.08,-33.699999999999996
-31.8,33.32,19.66,0.213,4.7,3.1,-3.5,2.4,1.0536,1507.0,33.291,19.66,196.6,1.7111980595668694,,,,Sand,,,Sand 4,4,15.6,35.22,-14.08,-33.699999999999996
-31.820000000000004,33.34,20.3,0.214,4.8,3.3,-3.5,2.4,1.0517,1508.0,33.311,20.3,203.0,1.701091087618119,,,,Sand,,,Sand 4,4,15.6,35.22,-14.08,-33.699999999999996
-31.84,33.36,20.78,0.211,4.8,3.1,-3.7,2.4,1.0329,1509.0,33.331,20.78,207.8,1.6884373326059747,,,,Sand,,,Sand 4,4,15.6,35.22,-14.08,-33.699999999999996
-31.860000000000003,33.38,21.29,0.206,4.7,3.1,-3.5,2.4,1.0073,1509.0,33.351,21.29,212.9,1.6732843013677756,,,,Sand,,,Sand 4,4,15.6,35.22,-14.08,-33.699999999999996
-31.88,33.4,21.24,0.203,4.7,3.1,-3.5,2.4,0.99224,1510.0,33.371,21.24,212.4,1.6692070206852376,,,,Sand,,,Sand 4,4,15.6,35.22,-14.08,-33.699999999999996
-31.900000000000002,33.42,20.83,0.192,4.8,3.3,-3.5,2.4,0.93968,1511.0,33.391,20.83,208.3,1.6579257034506847,,,,Sand,,,Sand 4,4,15.6,35.22,-14.08,-33.699999999999996
-31.919999999999998,33.44,20.02,0.179,5.0,3.3,-3.7,2.4,0.87907,1512.0,33.411,20.02,200.2,1.6493716457509449,,,,Sand,,,Sand 4,4,15.6,35.22,-14.08,-33.699999999999996
-31.94,33.46,19.49,0.164,4.9333,3.1,-3.5,2.0,0.81284,1513.0,33.431,19.49,194.9,1.6339386606986217,,,,Sand,,,Sand 4,4,15.6,35.22,-14.08,-33.699999999999996
-31.959999999999997,33.48,19.72,0.148,4.8667,3.3,-3.5,2.1,0.74172,1514.0,33.451,19.72,197.2,1.6029557086059685,,,,Sand,,,Sand 4,4,15.6,35.22,-14.08,-33.699999999999996
-31.98,33.5,20.09,0.131,4.8,3.1,-3.7,2.4,0.66472,1515.0,33.471,20.09,200.9,1.5649381401866378,,,,Sand,,,Sand 4,4,15.6,35.22,-14.08,-33.699999999999996
-32.0,33.52,20.22,0.126,5.0,3.3,-3.7,2.3,0.64615,1515.0,33.491,20.22,202.2,1.5546679186039931,,,,Sand,,,Sand 4,4,15.6,35.22,-14.08,-33.699999999999996
-32.019999999999996,33.54,19.8,0.12,4.8,3.3,-3.5,2.4,0.62084,1516.0,33.511,19.8,198.0,1.5501104568977724,,,,Sand,,,Sand 4,4,15.6,35.22,-14.08,-33.699999999999996
-32.04,33.56,19.46,0.118,5.0,3.3,-3.7,2.4,0.61841,1517.0,33.531,19.46,194.6,1.5547037688639302,,,,Sand,,,Sand 4,4,15.6,35.22,-14.08,-33.699999999999996
-32.059999999999995,33.58,18.86,0.121,4.8,3.3,-3.5,2.0,0.64602,1518.0,33.55,18.86,188.6,1.5773830870541534,,,,Sand,,,Sand 4,4,15.6,35.22,-14.08,-33.699999999999996
-32.08,33.6,18.36,0.126,5.0,3.3,-3.7,3.0,0.68838,1519.0,33.57,18.36,183.6,1.6042891613887846,,,,Sand,,,Sand 4,4,15.6,35.22,-14.08,-33.699999999999996
-32.099999999999994,33.62,18.12,0.134,5.0,3.3,-3.7,2.8,0.74976,1519.0,33.59,18.12,181.2,1.6332223776808297,,,,Sand,,,Sand 4,4,15.6,35.22,-14.08,-33.699999999999996
-32.12,33.64,17.74,0.136,5.0,3.3,-3.7,2.5,0.77892,1520.0,33.61,17.74,177.4,1.6511725046839931,,,,Sand,,,Sand 4,4,15.6,35.22,-14.08,-33.699999999999996
-32.13999999999999,33.66,17.28,0.129,4.8,3.3,-3.5,2.4,0.75263,1521.0,33.63,17.28,172.8,1.6496785987725437,,,,Sand,,,Sand 4,4,15.6,35.22,-14.08,-33.699999999999996
-32.16,33.68,16.81,0.118,5.0,3.3,-3.7,2.3,0.70024,1522.0,33.65,16.81,168.1,1.6380972824378002,,,,Sand,,,Sand 4,4,15.6,35.22,-14.08,-33.699999999999996
-32.18,33.7,16.35,0.111,5.0,3.3,-3.7,2.4,0.67059,1523.0,33.67,16.35,163.50000000000003,1.6351819569313966,,,,Sand,,,Sand 4,4,15.6,35.22,-14.08,-33.699999999999996
-32.199999999999996,33.72,16.16,0.103,5.0,3.3,-3.7,2.4,0.63258,1523.0,33.69,16.16,161.6,1.6230240255362829,,,,Sand,,,Sand 4,4,15.6,35.22,-14.08,-33.699999999999996
-32.22,33.74,16.3,0.096,5.0,3.3,-3.7,2.4,0.59715,1524.0,33.71,16.3,163.0,1.6044544977228767,,,,Sand,,,Sand 4,4,15.6,35.22,-14.08,-33.699999999999996
-32.239999999999995,33.76,16.05,0.085,5.0,3.3,-3.7,2.4,0.53312,1525.0,33.73,16.05,160.5,1.5797154543553098,,,,Sand,,,Sand 4,4,15.6,35.22,-14.08,-33.699999999999996
-32.26,33.78,15.73,0.083,5.1,3.5,-3.7,2.4,0.52387,1526.0,33.75,15.73,157.3,1.5822011827981388,,,,Sand,,,Sand 4,4,15.6,35.22,-14.08,-33.699999999999996
-32.279999999999994,33.8,15.58,0.083,5.1,3.3,-3.9,2.4,0.52883,1527.0,33.77,15.58,155.8,1.587979579880833,,,,Sand,,,Sand 4,4,15.6,35.22,-14.08,-33.699999999999996
-32.3,33.82,15.63,0.081,5.1,3.3,-3.9,2.4,0.52393,1528.0,33.79,15.63,156.3,1.584460463141452,,,,Sand,,,Sand 4,4,15.6,35.22,-14.08,-33.699999999999996
-32.32,33.84,15.75,0.08,5.1,3.5,-3.7,2.3,0.52407,1528.0,33.809,15.75,157.5,1.5818555666776588,,,,Sand,,,Sand 4,4,15.6,35.22,-14.08,-33.699999999999996
-32.339999999999996,33.86,15.55,0.081,5.0,3.3,-3.7,2.4,0.53505,1529.0,33.829,15.55,155.5,1.5916736679526367,,,,Sand,,,Sand 4,4,15.6,35.22,-14.08,-33.699999999999996
-32.36,33.88,14.97,0.08,5.0,3.3,-3.7,2.4,0.5277,1530.0,33.849,14.97,149.7,1.6014193771709178,,,,Sand,,,Sand 4,4,15.6,35.22,-14.08,-33.699999999999996
-32.379999999999995,33.9,14.42,0.076,5.1,3.3,-3.9,2.4,0.49783,1531.0,33.869,14.42,144.2,1.5999530514998186,,,,Sand,,,Sand 4,4,15.6,35.22,-14.08,-33.699999999999996
-32.4,33.92,14.49,0.077,5.0,3.3,-3.7,2.4,0.50032,1532.0,33.889,14.49,144.9,1.599474478319567,,,,Sand,,,Sand 4,4,15.6,35.22,-14.08,-33.699999999999996
-32.419999999999995,33.94,14.72,0.082,5.0,3.3,-3.7,2.4,0.5278,1533.0,33.909,14.72,147.2,1.6073868901368347,,,,Sand,,,Sand 4,4,15.6,35.22,-14.08,-33.699999999999996
-32.44,33.96,15.75,0.082,5.2,3.5,-3.9,2.2,0.52121,1533.0,33.929,15.75,157.5,1.5804453966528749,,,,Sand,,,Sand 4,4,15.6,35.22,-14.08,-33.699999999999996
-32.459999999999994,33.98,16.48,0.086,5.1,3.5,-3.7,2.0,0.53796,1534.0,33.949,16.48,164.8,1.5729086985572822,,,,Sand,,,Sand 4,4,15.6,35.22,-14.08,-33.699999999999996
-32.48,34.0,16.74,0.089,5.1,3.5,-3.7,2.3,0.54972,1535.0,33.969,16.74,167.4,1.5732123956871,,,,Sand,,,Sand 4,4,15.6,35.22,-14.08,-33.699999999999996
-32.5,34.02,16.72,0.09,5.1,3.5,-3.7,2.4,0.5508,1536.0,33.989,16.72,167.2,1.5741439347305823,,,,Sand,,,Sand 4,4,15.6,35.22,-14.08,-33.699999999999996
-32.519999999999996,34.04,16.54,0.092,5.0,3.3,-3.7,2.4,0.56355,1537.0,34.009,16.54,165.4,1.583942300768978,,,,Sand,,,Sand 4,4,15.6,35.22,-14.08,-33.699999999999996
-32.54,34.06,16.45,0.095,5.1,3.3,-3.9,2.3,0.58687,1538.0,34.029,16.45,164.5,1.5966574621681648,,,,Sand,,,Sand 4,4,15.6,35.22,-14.08,-33.699999999999996
-32.559999999999995,34.08,16.12,0.101,5.2,3.5,-3.9,2.2,0.63288,1539.0,34.049,16.12,161.20000000000002,1.6239902685972027,,,,Sand,,,Sand 4,4,15.6,35.22,-14.08,-33.699999999999996
-32.58,34.1,15.92,0.102,5.1,3.3,-3.9,2.9,0.6516,1539.0,34.068,15.92,159.2,1.636180081540399,,,,Sand,,,Sand 4,4,15.6,35.22,-14.08,-33.699999999999996
-32.599999999999994,34.12,15.63,0.102,5.2,3.5,-3.9,2.7,0.66504,1540.0,34.088,15.63,156.3,1.647972134456381,,,,Sand,,,Sand 4,4,15.6,35.22,-14.08,-33.699999999999996
-32.62,34.14,15.38,0.1,5.1,3.5,-3.7,2.4,0.66656,1541.0,34.108,15.38,153.8,1.654025822448465,,,,Sand,,,Sand 4,4,15.6,35.22,-14.08,-33.699999999999996
-32.63999999999999,34.16,14.91,0.101,5.2,3.7,-3.7,2.4,0.68789,1542.0,34.128,14.91,149.1,1.6731158501631724,,,,Sand,,,Sand 4,4,15.6,35.22,-14.08,-33.699999999999996
-32.66,34.18,14.28,0.1,5.1,3.3,-3.9,2.3,0.69457,1543.0,34.148,14.28,142.8,1.690319732500881,,,,Sand,,,Sand 4,4,15.6,35.22,-14.08,-33.699999999999996
-32.68,34.2,14.01,0.1,5.1,3.5,-3.7,2.4,0.70597,1543.0,34.168,14.01,140.1,1.7012113477856747,,,,Sand,,,Sand 4,4,15.6,35.22,-14.08,-33.699999999999996
-32.699999999999996,34.22,13.77,0.099,5.1,3.5,-3.7,2.3,0.70866,1544.0,34.188,13.77,137.7,1.708090804303436,,,,Sand,,,Sand 4,4,15.6,35.22,-14.08,-33.699999999999996
-32.72,34.24,13.56,0.095,5.2,3.5,-3.9,2.4,0.6871,1545.0,34.208,13.56,135.6,1.7049458378103985,,,,Sand,,,Sand 4,4,15.6,35.22,-14.08,-33.699999999999996
-32.739999999999995,34.26,13.64,0.097,5.2,3.7,-3.7,2.4,0.70533,1546.0,34.228,13.64,136.4,1.7100242374027401,,,,Sand,,,Sand 4,4,15.6,35.22,-14.08,-33.699999999999996
-32.76,34.28,13.77,0.092,5.1,3.3,-3.9,2.4,0.67313,1547.0,34.248,13.77,137.7,1.6941807038321564,,,,Sand,,,Sand 4,4,15.6,35.22,-14.08,-33.699999999999996
-32.779999999999994,34.3,13.82,0.091,5.2,3.7,-3.7,2.4,0.6693,1548.0,34.268,13.82,138.2,1.691411178072077,,,,Sand,,,Sand 4,4,15.6,35.22,-14.08,-33.699999999999996
-32.8,34.32,13.76,0.088,5.1,3.3,-3.9,2.3,0.64951,1548.0,34.288,13.76,137.6,1.6848769674838244,,,,Sand,,,Sand 4,4,15.6,35.22,-14.08,-33.699999999999996
-32.82,34.34,13.69,0.088,5.2,3.5,-3.9,2.4,0.65252,1549.0,34.307,13.69,136.9,1.6878578586718014,,,,Sand,,,Sand 4,4,15.6,35.22,-14.08,-33.699999999999996
-32.839999999999996,34.36,13.33,0.089,5.4,3.7,-3.9,2.4,0.66474,1550.0,34.327,13.33,133.3,1.7019414589126551,,,,Sand,,,Sand 4,4,15.6,35.22,-14.08,-33.699999999999996
-32.86,34.38,13.2,0.087,5.1,3.5,-3.7,2.4,0.65586,1551.0,34.347,13.2,132.0,1.7017426553056185,,,,Sand,,,Sand 4,4,15.6,35.22,-14.08,-33.699999999999996
-32.879999999999995,34.4,13.18,0.086,5.2,3.5,-3.9,2.4,0.65586,1552.0,34.367,13.18,131.8,1.7022648880841762,,,,Sand,,,Sand 4,4,15.6,35.22,-14.08,-33.699999999999996
-32.9,34.42,13.14,0.0843,5.1,3.5,-3.7,2.4,0.65147,1552.0,34.387,13.14,131.4,1.7015381751372871,,,,Sand,,,Sand 4,4,15.6,35.22,-14.08,-33.699999999999996
-32.919999999999995,34.44,12.99,0.0827,5.4,3.7,-3.9,2.4,0.64628,1553.0,34.407,12.99,129.9,1.703397483750081,,,,Sand,,,Sand 4,4,15.6,35.22,-14.08,-33.699999999999996
-32.94,34.46,12.83,0.081,5.2,3.5,-3.9,2.4,0.64,1554.0,34.427,12.83,128.3,1.7051310736753875,,,,Sand,,,Sand 4,4,15.6,35.22,-14.08,-33.699999999999996
-32.959999999999994,34.48,12.54,0.082,5.1,3.3,-3.9,2.0,0.65574,1555.0,34.447,12.54,125.4,1.7194127535656147,,,,Sand,,,Sand 4,4,15.6,35.22,-14.08,-33.699999999999996
-32.98,34.5,12.31,0.083,5.4,3.7,-3.9,2.2,0.67275,1556.0,34.467,12.31,123.1,1.7325372234362268,,,,Sand,,,Sand 4,4,15.6,35.22,-14.08,-33.699999999999996
-33.0,34.52,12.18,0.084,5.3333,3.5,-3.7,2.4,0.68937,1557.0,34.487,12.18,121.8,1.7426284373977508,,,,Sand,,,Sand 4,4,15.6,35.22,-14.08,-33.699999999999996
-33.019999999999996,34.54,12.08,0.086,5.2667,3.5,-3.9,2.4,0.71295,1558.0,34.507,12.08,120.8,1.7543699637774324,,,,Sand,,,Sand 4,4,15.6,35.22,-14.08,-33.699999999999996
-33.04,34.56,11.97,0.086,5.2,3.5,-3.9,2.3,0.71652,1559.0,34.527,11.97,119.7,1.7588399097998741,,,,Sand,,,Sand 4,4,15.6,35.22,-14.08,-33.699999999999996
-33.059999999999995,34.58,11.8,0.089,5.1,3.5,-3.7,2.1,0.73966,1559.0,34.546,11.8,118.0,1.7722090476487506,,,,Sand,,,Sand 4,4,15.6,35.22,-14.08,-33.699999999999996
-33.08,34.6,11.77,0.09,5.2,3.5,-3.9,3.0,0.74319,1560.0,34.566,11.77,117.7,1.7743521087114853,,,,Sand,,,Sand 4,4,15.6,35.22,-14.08,-33.699999999999996
-33.099999999999994,34.62,11.85,0.088,5.2,3.5,-3.9,2.8,0.72072,1561.0,34.586,11.85,118.5,1.7638546518914529,,,,Sand,,,Sand 4,4,15.6,35.22,-14.08,-33.699999999999996
-33.12,34.64,12.06,0.087,5.2,3.5,-3.9,2.5,0.70545,1562.0,34.606,12.06,120.6,1.7521348124117275,,,,Sand,,,Sand 4,4,15.6,35.22,-14.08,-33.699999999999996
-33.13999999999999,34.66,12.55,0.091,5.1,3.5,-3.7,2.3,0.72771,1562.0,34.626,12.55,125.5,1.746783296966844,,,,Sand,,,Sand 4,4,15.6,35.22,-14.08,-33.699999999999996
-33.16,34.68,12.8,0.094,5.2,3.5,-3.9,2.4,0.73878,1563.0,34.646,12.8,128.0,1.7441507545941088,,,,Sand,,,Sand 4,4,15.6,35.22,-14.08,-33.699999999999996
-33.18,34.7,12.88,0.097,5.2,3.5,-3.9,2.4,0.74802,1564.0,34.666,12.88,128.8,1.7454154148405543,,,,Sand,,,Sand 4,4,15.6,35.22,-14.08,-33.699999999999996
-33.199999999999996,34.72,12.95,0.099,5.2,3.5,-3.9,2.4,0.74745,1565.0,34.686,12.95,129.5,1.7433741113999517,,,,Sand,,,Sand 4,4,15.6,35.22,-14.08,-33.699999999999996
-33.22,34.74,13.18,0.099,5.4,3.7,-3.9,2.4,0.73076,1566.0,34.706,13.18,131.8,1.7312700960017497,,,,Sand,,,Sand 4,4,15.6,35.22,-14.08,-33.699999999999996
-33.239999999999995,34.76,13.52,0.1,5.2,3.5,-3.9,2.4,0.71968,1567.0,34.726,13.52,135.2,1.718491425691336,,,,Sand,,,Sand 4,4,15.6,35.22,-14.08,-33.699999999999996
-33.26,34.78,13.8,0.102,5.2,3.5,-3.9,2.4,0.71248,1567.0,34.746,13.8,138.0,1.7088191428584294,,,,Sand,,,Sand 4,4,15.6,35.22,-14.08,-33.699999999999996
-33.279999999999994,34.8,14.28,0.103,5.2,3.5,-3.9,2.4,0.69677,1568.0,34.766,14.28,142.8,1.6911827379628357,,,,Sand,,,Sand 4,4,15.6,35.22,-14.08,-33.699999999999996
-33.3,34.82,14.97,0.106,5.2,3.5,-3.9,2.4,0.69531,1569.0,34.785,14.97,149.7,1.674716005802961,,,,Sand,,,Sand 4,4,15.6,35.22,-14.08,-33.699999999999996
-33.32,34.84,15.58,0.107,5.1,3.5,-3.7,2.4,0.68256,1570.0,34.805,15.58,155.8,1.6562146022466375,,,,Sand,,,Sand 4,4,15.6,35.22,-14.08,-33.699999999999996
-33.339999999999996,34.86,16.25,0.11,5.1,3.5,-3.7,2.4,0.68472,1571.0,34.825,16.25,162.5,1.6430331612689582,,,,Sand,,,Sand 4,4,15.6,35.22,-14.08,-33.699999999999996
-33.36,34.88,16.68,0.112,5.1,3.5,-3.7,2.4,0.68314,1572.0,34.845,16.68,166.8,1.6337091071291991,,,,Sand,,,Sand 4,4,15.6,35.22,-14.08,-33.699999999999996
-33.379999999999995,34.9,16.88,0.115,5.2,3.5,-3.9,2.4,0.69079,1572.0,34.865,16.88,168.8,1.6328923062824272,,,,Sand,,,Sand 4,4,15.6,35.22,-14.08,-33.699999999999996
-33.4,34.92,16.97,0.117,5.2,3.5,-3.9,2.3,0.69447,1573.0,34.885,16.97,169.7,1.6326350677225603,,,,Sand,,,Sand 4,4,15.6,35.22,-14.08,-33.699999999999996
-33.419999999999995,34.94,16.91,0.12,5.1,3.5,-3.7,2.4,0.70697,1574.0,34.905,16.91,169.1,1.638848915005925,,,,Sand,,,Sand 4,4,15.6,35.22,-14.08,-33.699999999999996
-33.44,34.96,16.92,0.123,5.2,3.5,-3.9,2.4,0.72162,1575.0,34.925,16.92,169.2,1.6444813841323316,,,,Sand,,,Sand 4,4,15.6,35.22,-14.08,-33.699999999999996
-33.459999999999994,34.98,16.99,0.124,5.2,3.5,-3.9,2.1,0.72552,1576.0,34.945,16.99,169.9,1.6446651815817217,,,,Sand,,,Sand 4,4,15.6,35.22,-14.08,-33.699999999999996
-33.48,35.0,17.18,0.133,5.1,3.5,-3.7,2.1,0.77489,1577.0,34.965,17.18,171.8,1.659994367206938,,,,Sand,,,Sand 4,4,15.6,35.22,-14.08,-33.699999999999996
-33.5,35.02,17.26,0.138,5.2,3.5,-3.9,2.3,0.79316,1578.0,34.985,17.26,172.6,1.665279862328552,,,,Sand,,,Sand 4,4,15.6,35.22,-14.08,-33.699999999999996
-33.519999999999996,35.04,17.25,0.139,5.2,3.5,-3.9,2.4,0.78041,1578.0,35.005,17.25,172.5,1.660744168718745,,,,Sand,,,Sand 4,4,15.6,35.22,-14.08,-33.699999999999996
-33.54,35.06,17.25,0.132,5.4,3.7,-3.9,2.3,0.719,1579.0,35.024,17.25,172.5,1.6371176587896479,,,,Sand,,,Sand 4,4,15.6,35.22,-14.08,-33.699999999999996
-33.559999999999995,35.08,17.55,0.127,5.4,3.7,-3.9,2.3,0.67049,1580.0,35.044,17.55,175.5,1.6116244700554574,,,,Sand,,,Sand 4,4,15.6,35.22,-14.08,-33.699999999999996
-33.58,35.1,18.79,0.12,5.3333,3.3,-3.7,2.2,0.61629,1581.0,35.064,18.79,187.9,1.5653297217173543,,,,Sand,,,Sand 4,4,15.6,35.22,-14.08,-33.699999999999996
-33.599999999999994,35.12,20.22,0.131,5.2667,3.5,-3.9,2.9,0.65858,1582.0,35.084,20.22,202.2,1.5601644857142394,,,,Sand,,,Sand 4,4,15.6,35.22,-14.08,-33.699999999999996
-33.62,35.14,21.37,,5.2,3.7,-3.7,2.7,0.0,1582.0,35.104,21.37,213.7,,,,,Unknown material,,,Sand 4,4,15.6,35.22,-14.08,-33.699999999999996
-33.63999999999999,35.16,21.84,,5.2,3.5,-3.9,2.4,0.0,1583.0,35.124,21.84,218.4,,,,,Unknown material,,,Sand 4,4,15.6,35.22,-14.08,-33.699999999999996
-33.66,35.18,21.5,,5.2,3.7,-3.7,2.4,0.0,1584.0,35.144,21.5,215.0,,,,,Unknown material,,,Sand 4,4,15.6,35.22,-14.08,-33.699999999999996
-33.68,35.2,20.61,,5.2,3.7,-3.7,2.4,0.0,1585.0,35.164,20.61,206.1,,,,,Unknown material,,,Sand 4,4,15.6,35.22,-14.08,-33.699999999999996
-33.699999999999996,35.22,18.81,,5.1,3.5,-3.7,2.4,0.0,1586.0,35.184,18.81,188.1,,,,,Unknown material,,,Sand 4,4,15.6,35.22,-14.08,-33.699999999999996
