elevation_m_nap,depth_m,qc_mpa,fs_mpa,col_4,col_5,col_6,col_7,rf_percent,col_9,corrected_depth,qt_mpa,qt_over_pa,Isbt,Bqt,peat_boundary_qt_over_pa,organic_clay_boundary_qt_over_pa,soil_type,used_organic_boundary_qt_over_pa,distance_to_used_organic_boundary,layer_id,soil_layer_number,layer_top_depth_m,layer_bottom_depth_m,layer_top_elevation_m_nap,layer_bottom_elevation_m_nap
1.48,0.02,0.37,0.0344,1.1,1.0,-0.6,0.0,3.4127,72.0,0.02,0.37,3.7,3.390248696794456,,,9.78978690360486,Organic clay,9.78978690360486,-6.0897869036048595,Organic clay 1,1,0.02,0.2,1.48,1.3
1.46,0.04,0.73,0.0349,1.6,1.6,-0.4,2.5,3.1347,73.0,0.039992,0.73,7.3,3.1209124253520346,,,9.09003741359067,Organic clay,9.09003741359067,-1.79003741359067,Organic clay 1,1,0.02,0.2,1.48,1.3
1.44,0.06,1.15,0.0355,5.1,-5.1,-0.4,2.5,2.8795,74.0,0.059913,1.15,11.5,2.9368082608985686,,,7.9606199865244,Silty clay / clayey silt,,,Organic clay 1,1,0.02,0.2,1.48,1.3
1.42,0.08,1.3133,0.036,4.1667,0.4,0.6,2.5,2.6766,74.0,0.07986,1.3133,13.133,2.8713626453660086,,,,Silty clay / clayey silt,,,Organic clay 1,1,0.02,0.2,1.48,1.3
1.4,0.1,1.4767,0.038,3.2333,-2.1,-0.4,2.5,2.2402,75.0,0.099828,1.4767,14.766999999999998,2.7855083285410225,,,,Silty clay / clayey silt,,,Organic clay 1,1,0.02,0.2,1.48,1.3
1.38,0.12,1.64,0.039,2.3,2.0,-1.2,2.5,1.7972,76.0,0.11981,1.64,16.4,2.6944691205950355,,,,Silty clay / clayey silt,,,Organic clay 1,1,0.02,0.2,1.48,1.3
1.3599999999999999,0.14,1.95,0.028,2.179,-0.8,0.0,2.5,1.0733,77.0,0.1398,1.95,19.5,2.5132752414103154,,,,Sand mixtures,,,Organic clay 1,1,0.02,0.2,1.48,1.3
1.34,0.16,2.13,0.027,2.058,-0.6,-0.8,2.5,0.9005,78.0,0.15978,2.13,21.3,2.4425294112519387,,,,Sand mixtures,,,Organic clay 1,1,0.02,0.2,1.48,1.3
1.32,0.18,3.18,0.0233,2.1387,-0.8,0.4,2.5,0.69328,78.0,0.17977,3.18,31.8,2.235368034092022,,,,Sand mixtures,,,Organic clay 1,1,0.02,0.2,1.48,1.3
1.3,0.2,4.52,0.0222,2.2193,1.2,-0.2,2.5,0.60061,79.0,0.19976,4.52,45.2,2.071451085426787,,,,Sand mixtures,,,Sand 1,1,0.2,2.52,1.3,-1.02
1.28,0.22,4.66,0.022,2.3,-2.1,-0.8,2.6,0.5519,80.0,0.21974,4.66,46.6,2.0422998611497567,,,,Sand,,,Sand 1,1,0.2,2.52,1.3,-1.02
1.26,0.24,4.43,0.0219,2.2,-2.1,0.2,2.5,0.50827,81.0,0.23973,4.43,44.3,2.0452761059670395,,,,Sand,,,Sand 1,1,0.2,2.52,1.3,-1.02
1.24,0.26,4.3767,0.0217,1.0,-1.0,0.2,2.4,0.4785,82.0,0.25972,4.3767,43.766999999999996,2.0382570038332877,,,,Sand,,,Sand 1,1,0.2,2.52,1.3,-1.02
1.22,0.28,4.3233,0.022,3.7,3.7,0.0,2.5,0.47248,82.0,0.27968,4.3233,43.23299999999999,2.040626120944177,,,,Sand,,,Sand 1,1,0.2,2.52,1.3,-1.02
1.2,0.3,4.27,0.023,0.2,0.2,0.0,2.5,0.47718,83.0,0.29968,4.27,42.7,2.047353256915075,,,,Sand,,,Sand 1,1,0.2,2.52,1.3,-1.02
1.18,0.32,4.71,0.026,0.8,0.2,-0.8,2.5,0.51511,84.0,0.31968,4.71,47.1,2.0242458929001783,,,,Sand,,,Sand 1,1,0.2,2.52,1.3,-1.02
1.16,0.34,4.99,0.029,0.2,0.2,0.0,2.5,0.54367,85.0,0.33968,4.99,49.9,2.0130308849596203,,,,Sand,,,Sand 1,1,0.2,2.52,1.3,-1.02
1.1400000000000001,0.36,5.49,0.032,0.3,-0.2,0.2,2.5,0.56251,85.0,0.35968,5.49,54.9,1.9838176751448588,,,,Sand,,,Sand 1,1,0.2,2.52,1.3,-1.02
1.12,0.38,5.97,0.033,0.4,-0.4,-0.2,2.5,0.53648,86.0,0.37968,5.97,59.7,1.9420028024396956,,,,Sand,,,Sand 1,1,0.2,2.52,1.3,-1.02
1.1,0.4,6.25,0.035,0.7,-0.4,-0.6,2.5,0.5278,87.0,0.39968,6.25,62.5,1.9211783518602579,,,,Sand,,,Sand 1,1,0.2,2.52,1.3,-1.02
1.08,0.42,6.67,0.038,0.4,0.4,0.2,2.6,0.53408,88.0,0.41968,6.67,66.7,1.8991733724984587,,,,Sand,,,Sand 1,1,0.2,2.52,1.3,-1.02
1.06,0.44,7.16,0.039,1.1,-1.0,-0.4,2.4,0.5146,89.0,0.43967,7.16,71.6,1.8644414445231992,,,,Sand,,,Sand 1,1,0.2,2.52,1.3,-1.02
1.04,0.46,7.97,0.04,0.8,0.0,-0.8,2.5,0.49751,89.0,0.45967,7.97,79.7,1.8168237571777437,,,,Sand,,,Sand 1,1,0.2,2.52,1.3,-1.02
1.02,0.48,8.55,0.043,0.2,0.0,0.2,2.5,0.50551,90.0,0.47967,8.55,85.5,1.7941083817721926,,,,Sand,,,Sand 1,1,0.2,2.52,1.3,-1.02
1.0,0.5,8.86,0.046,0.2,0.2,0.0,2.5,0.51361,91.0,0.49967,8.86,88.6,1.7844569841681241,,,,Sand,,,Sand 1,1,0.2,2.52,1.3,-1.02
0.98,0.52,9.2,0.049,0.6,-0.2,-0.6,2.5,0.52176,92.0,0.51967,9.2,92.0,1.774126989577458,,,,Sand,,,Sand 1,1,0.2,2.52,1.3,-1.02
0.96,0.54,9.66,0.052,0.6,0.4,-0.4,2.5,0.53258,93.0,0.53967,9.66,96.6,1.7609478202606341,,,,Sand,,,Sand 1,1,0.2,2.52,1.3,-1.02
0.94,0.56,9.98,0.055,0.2,0.0,-0.2,2.5,0.54469,93.0,0.55967,9.98,99.8,1.7543313950674542,,,,Sand,,,Sand 1,1,0.2,2.52,1.3,-1.02
0.92,0.58,10.27,0.059,0.6,-0.4,-0.4,2.5,0.56629,94.0,0.57967,10.27,102.7,1.7532317181294332,,,,Sand,,,Sand 1,1,0.2,2.52,1.3,-1.02
0.9,0.6,10.64,0.061,0.4,-0.2,-0.4,2.6,0.56969,95.0,0.59967,10.64,106.4,1.741920817794553,,,,Sand,,,Sand 1,1,0.2,2.52,1.3,-1.02
0.88,0.62,10.95,0.063,0.6,-0.4,-0.4,2.5,0.57508,96.0,0.61966,10.95,109.5,1.733909869002365,,,,Sand,,,Sand 1,1,0.2,2.52,1.3,-1.02
0.86,0.64,11.22,0.066,0.6,-0.6,0.2,2.4,0.59067,96.0,0.63966,11.22,112.2,1.7318155283716685,,,,Sand,,,Sand 1,1,0.2,2.52,1.3,-1.02
0.84,0.66,11.43,0.069,0.4,-0.2,-0.4,2.4,0.60759,97.0,0.65966,11.43,114.3,1.732295505655856,,,,Sand,,,Sand 1,1,0.2,2.52,1.3,-1.02
0.82,0.68,11.51,0.071,0.4,0.0,-0.4,2.5,0.61833,98.0,0.67966,11.51,115.1,1.734253521043318,,,,Sand,,,Sand 1,1,0.2,2.52,1.3,-1.02
0.8,0.7,11.64,0.073,0.2,0.0,-0.2,2.5,0.63181,99.0,0.69966,11.64,116.4,1.7357836351804448,,,,Sand,,,Sand 1,1,0.2,2.52,1.3,-1.02
0.78,0.72,11.73,0.075,0.3,-0.2,-0.2,2.5,0.64788,100.0,0.71966,11.73,117.3,1.7395249679330211,,,,Sand,,,Sand 1,1,0.2,2.52,1.3,-1.02
0.76,0.74,11.73,0.077,0.6,0.2,-0.6,2.5,0.66631,100.0,0.73966,11.73,117.3,1.7467759854128906,,,,Sand,,,Sand 1,1,0.2,2.52,1.3,-1.02
0.74,0.76,11.65,0.078,0.4,0.2,-0.4,2.5,0.67826,101.0,0.75966,11.65,116.5,1.7537773202014488,,,,Sand,,,Sand 1,1,0.2,2.52,1.3,-1.02
0.72,0.78,11.523,0.08,1.7,-1.6,-0.6,0.0,0.70145,121.0,0.77965,11.523,115.23,1.7663625258076896,,,,Sand,,,Sand 1,1,0.2,2.52,1.3,-1.02
0.7,0.8,11.397,0.079,1.2333,0.0,-0.2,2.3,0.70082,122.0,0.79965,11.397,113.97,1.769937326595978,,,,Sand,,,Sand 1,1,0.2,2.52,1.3,-1.02
0.68,0.82,11.27,0.08,0.7667,0.0,-0.2,2.5,0.7187,123.0,0.81965,11.27,112.7,1.7804197851991594,,,,Sand,,,Sand 1,1,0.2,2.52,1.3,-1.02
0.66,0.84,11.06,0.08,0.3,0.2,-0.2,2.4,0.72793,124.0,0.83964,11.06,110.6,1.7902771795754513,,,,Sand,,,Sand 1,1,0.2,2.52,1.3,-1.02
0.64,0.86,10.88,0.081,0.6,-0.2,-0.6,2.4,0.74494,124.0,0.85964,10.88,108.8,1.8020215441930612,,,,Sand,,,Sand 1,1,0.2,2.52,1.3,-1.02
0.62,0.88,10.67,0.083,0.2,0.0,-0.2,2.4,0.76932,125.0,0.87964,10.67,106.7,1.8172403769429195,,,,Sand,,,Sand 1,1,0.2,2.52,1.3,-1.02
0.6,0.9,10.6,0.083,0.3,-0.2,-0.2,3.0,0.77281,126.0,0.89964,10.6,106.0,1.8207048977883755,,,,Sand,,,Sand 1,1,0.2,2.52,1.3,-1.02
0.58,0.92,10.52,0.083,0.0,0.0,0.0,2.7,0.77254,127.0,0.91964,10.52,105.2,1.8232244253369576,,,,Sand,,,Sand 1,1,0.2,2.52,1.3,-1.02
0.56,0.94,10.59,0.082,0.2,0.0,-0.2,2.5,0.75829,127.0,0.93964,10.59,105.9,1.8160295802798392,,,,Sand,,,Sand 1,1,0.2,2.52,1.3,-1.02
0.54,0.96,10.72,0.081,0.2,0.0,-0.2,2.6,0.73855,128.0,0.95964,10.72,107.2,1.804885001386273,,,,Sand,,,Sand 1,1,0.2,2.52,1.3,-1.02
0.52,0.98,10.88,0.08,0.3,0.2,-0.2,2.4,0.71405,129.0,0.97964,10.88,108.8,1.7909343596326606,,,,Sand,,,Sand 1,1,0.2,2.52,1.3,-1.02
0.5,1.0,11.09,0.079,0.6,-0.4,-0.4,2.5,0.68614,130.0,0.99964,11.09,110.9,1.7739300920759957,,,,Sand,,,Sand 1,1,0.2,2.52,1.3,-1.02
0.48,1.02,11.44,0.08,0.4,0.2,-0.4,2.4,0.67361,131.0,1.0196,11.44,114.4,1.7583234985115619,,,,Sand,,,Sand 1,1,0.2,2.52,1.3,-1.02
0.45999999999999996,1.04,11.9,0.081,0.8,-0.6,-0.6,2.4,0.65874,131.0,1.0396,11.9,119.0,1.7388001967890094,,,,Sand,,,Sand 1,1,0.2,2.52,1.3,-1.02
0.43999999999999995,1.06,12.49,0.082,0.2,0.0,-0.2,2.5,0.64263,132.0,1.0596,12.49,124.9,1.7155274829726164,,,,Sand,,,Sand 1,1,0.2,2.52,1.3,-1.02
0.41999999999999993,1.08,13.0,0.085,0.4,-0.4,-0.2,2.5,0.6409,133.0,1.0796,13.0,130.0,1.7009373573334503,,,,Sand,,,Sand 1,1,0.2,2.52,1.3,-1.02
0.3999999999999999,1.1,13.49,0.087,0.6,-0.2,-0.6,2.5,0.63238,134.0,1.0996,13.49,134.9,1.6846258662628573,,,,Sand,,,Sand 1,1,0.2,2.52,1.3,-1.02
0.3799999999999999,1.12,14.08,0.09,0.4,0.0,-0.4,2.5,0.63358,135.0,1.1196,14.08,140.8,1.6703799468008163,,,,Sand,,,Sand 1,1,0.2,2.52,1.3,-1.02
0.3600000000000001,1.14,14.59,0.094,0.3,0.2,-0.2,2.6,0.645,135.0,1.1396,14.59,145.9,1.6629746800932816,,,,Sand,,,Sand 1,1,0.2,2.52,1.3,-1.02
0.3400000000000001,1.16,15.11,0.096,0.3,-0.2,-0.2,2.4,0.64636,136.0,1.1596,15.11,151.1,1.6516282454085844,,,,Sand,,,Sand 1,1,0.2,2.52,1.3,-1.02
0.32000000000000006,1.18,15.4,0.099,0.3,0.2,-0.2,2.5,0.65852,137.0,1.1796,15.4,154.0,1.6502662227417633,,,,Sand,,,Sand 1,1,0.2,2.52,1.3,-1.02
0.30000000000000004,1.2,15.48,0.101,0.4,0.2,-0.4,2.5,0.66915,138.0,1.1996,15.48,154.8,1.6529082721821156,,,,Sand,,,Sand 1,1,0.2,2.52,1.3,-1.02
0.28,1.22,15.44,0.103,0.2,0.0,-0.2,2.5,0.68524,139.0,1.2196,15.44,154.4,1.660321828060505,,,,Sand,,,Sand 1,1,0.2,2.52,1.3,-1.02
0.26,1.24,15.23,0.104,0.2,0.0,-0.2,2.4,0.70034,139.0,1.2396,15.23,152.3,1.6709352647904543,,,,Sand,,,Sand 1,1,0.2,2.52,1.3,-1.02
0.24,1.26,14.94,0.106,0.4,-0.2,-0.4,2.5,0.72752,140.0,1.2596,14.94,149.4,1.687926491783304,,,,Sand,,,Sand 1,1,0.2,2.52,1.3,-1.02
0.21999999999999997,1.28,14.56,0.107,0.3,-0.2,-0.2,2.5,0.75279,141.0,1.2796,14.56,145.6,1.7060248257571748,,,,Sand,,,Sand 1,1,0.2,2.52,1.3,-1.02
0.19999999999999996,1.3,14.09,0.106,0.3,0.2,-0.2,2.5,0.76791,142.0,1.2996,14.09,140.9,1.722494433843424,,,,Sand,,,Sand 1,1,0.2,2.52,1.3,-1.02
0.17999999999999994,1.32,13.66,0.103,0.2,0.0,-0.2,2.5,0.77182,142.0,1.3196,13.66,136.6,1.734247268558656,,,,Sand,,,Sand 1,1,0.2,2.52,1.3,-1.02
0.15999999999999992,1.34,13.16,0.1,0.4,-0.4,-0.2,2.1,0.77806,143.0,1.3396,13.16,131.6,1.7489596153820586,,,,Sand,,,Sand 1,1,0.2,2.52,1.3,-1.02
0.1399999999999999,1.36,12.63,0.097,0.3,-0.2,-0.2,2.5,0.78439,144.0,1.3596,12.63,126.3,1.7650038174440443,,,,Sand,,,Sand 1,1,0.2,2.52,1.3,-1.02
0.1200000000000001,1.38,12.16,0.095,0.6,0.4,-0.4,2.5,0.80017,145.0,1.3796,12.16,121.6,1.7832407021265047,,,,Sand,,,Sand 1,1,0.2,2.52,1.3,-1.02
0.10000000000000009,1.4,11.56,0.092,0.2,0.0,-0.2,2.5,0.80861,146.0,1.3996,11.56,115.6,1.8032091260219636,,,,Sand,,,Sand 1,1,0.2,2.52,1.3,-1.02
0.08000000000000007,1.42,11.0,0.088,0.4,0.0,-0.4,2.5,0.80836,146.0,1.4196,11.0,110.0,1.820003153660286,,,,Sand,,,Sand 1,1,0.2,2.52,1.3,-1.02
0.06000000000000005,1.44,10.67,0.086,0.2,0.0,-0.2,2.5,0.82653,147.0,1.4396,10.67,106.7,1.8363678862250796,,,,Sand,,,Sand 1,1,0.2,2.52,1.3,-1.02
0.040000000000000036,1.46,10.14,0.082,0.2,0.0,-0.2,2.9,0.82433,148.0,1.4596,10.14,101.4,1.853081377358444,,,,Sand,,,Sand 1,1,0.2,2.52,1.3,-1.02
0.020000000000000018,1.48,9.7,0.077,0.7,-0.6,-0.4,2.7,0.80904,149.0,1.4796,9.7,97.0,1.8634061275418747,,,,Sand,,,Sand 1,1,0.2,2.52,1.3,-1.02
0.0,1.5,9.23,0.074,0.9,-0.8,-0.4,2.5,0.81229,149.0,1.4996,9.23,92.3,1.881665513646764,,,,Sand,,,Sand 1,1,0.2,2.52,1.3,-1.02
-0.020000000000000018,1.52,8.78,0.071,0.3,0.2,-0.2,2.4,0.81539,150.0,1.5196,8.78,87.8,1.9000543724161278,,,,Sand,,,Sand 1,1,0.2,2.52,1.3,-1.02
-0.040000000000000036,1.54,8.5,0.067,0.6,-0.4,-0.4,2.5,0.80432,151.0,1.5396,8.5,85.0,1.9078732093915378,,,,Sand,,,Sand 1,1,0.2,2.52,1.3,-1.02
-0.06000000000000005,1.56,8.12,0.065,0.8,-0.8,-0.2,2.5,0.81581,152.0,1.5596,8.12,81.19999999999999,1.9275578087888174,,,,Sand,,,Sand 1,1,0.2,2.52,1.3,-1.02
-0.08000000000000007,1.58,7.74,0.062,0.3,-0.2,-0.2,2.5,0.81245,153.0,1.5796,7.74,77.4,1.943404385090346,,,,Sand,,,Sand 1,1,0.2,2.52,1.3,-1.02
-0.10000000000000009,1.6,7.45,0.058,0.7,-0.6,-0.4,2.6,0.7933,153.0,1.5996,7.45,74.5,1.9509599664719792,,,,Sand,,,Sand 1,1,0.2,2.52,1.3,-1.02
-0.1200000000000001,1.62,7.12,0.057,0.3,-0.2,-0.2,2.5,0.81574,154.0,1.6196,7.12,71.2,1.974026431759468,,,,Sand,,,Sand 1,1,0.2,2.52,1.3,-1.02
-0.1399999999999999,1.64,6.8,0.054,0.3,-0.2,-0.2,2.5,0.80748,155.0,1.6396,6.8,68.0,1.9879142581400404,,,,Sand,,,Sand 1,1,0.2,2.52,1.3,-1.02
-0.15999999999999992,1.66,6.54,0.052,0.4,-0.4,-0.2,2.5,0.81266,156.0,1.6596,6.54,65.4,2.003448794607332,,,,Sand,,,Sand 1,1,0.2,2.52,1.3,-1.02
-0.17999999999999994,1.68,6.22,0.05,0.4,-0.4,-0.2,2.6,0.81733,156.0,1.6796,6.22,62.2,2.0228699010154023,,,,Sand,,,Sand 1,1,0.2,2.52,1.3,-1.02
-0.19999999999999996,1.7,5.91,0.047,0.3,0.2,-0.2,2.5,0.80462,157.0,1.6996,5.91,59.1,2.0375376773938516,,,,Sand,,,Sand 1,1,0.2,2.52,1.3,-1.02
-0.21999999999999997,1.72,5.72,0.045,0.2,0.0,-0.2,2.5,0.8079,158.0,1.7196,5.72,57.2,2.0503530278479225,,,,Sand mixtures,,,Sand 1,1,0.2,2.52,1.3,-1.02
-0.24,1.74,5.43,0.043,0.4,-0.4,-0.2,2.5,0.81094,159.0,1.7396,5.43,54.3,2.0701534164022264,,,,Sand mixtures,,,Sand 1,1,0.2,2.52,1.3,-1.02
-0.26,1.76,5.2,0.041,0.4,0.0,-0.4,2.5,0.81329,160.0,1.7596,5.2,52.0,2.086614245114789,,,,Sand mixtures,,,Sand 1,1,0.2,2.52,1.3,-1.02
-0.28,1.78,4.91,0.04,0.6,-0.4,-0.4,2.5,0.83551,160.0,1.7796,4.91,49.1,2.113907432615989,,,,Sand mixtures,,,Sand 1,1,0.2,2.52,1.3,-1.02
-0.30000000000000004,1.8,4.63,0.038,0.3,-0.2,-0.2,2.5,0.83816,161.0,1.7996,4.63,46.3,2.136147099547046,,,,Sand mixtures,,,Sand 1,1,0.2,2.52,1.3,-1.02
-0.32000000000000006,1.82,4.4,0.036,0.4,-0.4,-0.2,2.5,0.83965,162.0,1.8196,4.4,44.0,2.1552809625477325,,,,Sand mixtures,,,Sand 1,1,0.2,2.52,1.3,-1.02
-0.3400000000000001,1.84,4.13,0.035,0.4,0.0,-0.4,2.5,0.86687,163.0,1.8396,4.13,41.3,2.1859457028072256,,,,Sand mixtures,,,Sand 1,1,0.2,2.52,1.3,-1.02
-0.3600000000000001,1.86,3.88,0.033,0.4,0.0,-0.4,2.5,0.86928,163.0,1.8596,3.88,38.8,2.2096255923109744,,,,Sand mixtures,,,Sand 1,1,0.2,2.52,1.3,-1.02
-0.3799999999999999,1.88,3.69,0.031,0.4,-0.4,-0.2,2.2,0.87262,164.0,1.8796,3.69,36.9,2.2290858460700895,,,,Sand mixtures,,,Sand 1,1,0.2,2.52,1.3,-1.02
-0.3999999999999999,1.9,3.46,0.029,0.4,-0.4,-0.2,2.5,0.87746,165.0,1.8996,3.46,34.6,2.254232669527309,,,,Sand mixtures,,,Sand 1,1,0.2,2.52,1.3,-1.02
-0.41999999999999993,1.92,3.2,0.029,0.3,-0.2,-0.2,2.5,0.95121,166.0,1.9196,3.2,32.0,2.3014130346559862,,,,Sand mixtures,,,Sand 1,1,0.2,2.52,1.3,-1.02
-0.43999999999999995,1.94,2.98,0.029,0.6,-0.4,-0.4,2.5,1.0484,167.0,1.9396,2.98,29.8,2.349906378722479,,,,Sand mixtures,,,Sand 1,1,0.2,2.52,1.3,-1.02
-0.45999999999999996,1.96,2.68,0.032,0.4,-0.4,-0.2,2.5,1.3008,168.0,1.9596,2.68,26.8,2.439125099917793,,,,Sand mixtures,,,Sand 1,1,0.2,2.52,1.3,-1.02
-0.48,1.98,2.42,0.033,0.3,-0.2,-0.2,2.7,1.5313,168.0,1.9796,2.42,24.2,2.5152257800719315,,,,Sand mixtures,,,Sand 1,1,0.2,2.52,1.3,-1.02
-0.5,2.0,2.08,0.035,0.4,-0.4,-0.2,2.7,1.8754,169.0,1.9996,2.08,20.8,2.6191908749466117,,,,Silty clay / clayey silt,,,Sand 1,1,0.2,2.52,1.3,-1.02
-0.52,2.02,1.62,0.035,0.4,-0.4,-0.2,2.5,2.1995,170.0,2.0196,1.62,16.2,2.747844345153818,,,,Silty clay / clayey silt,,,Sand 1,1,0.2,2.52,1.3,-1.02
-0.54,2.04,1.24,0.036,0.3,-0.2,-0.2,2.5,2.6667,170.0,2.0396,1.24,12.4,2.890909100087956,,,,Silty clay / clayey silt,,,Sand 1,1,0.2,2.52,1.3,-1.02
-0.56,2.06,1.02,0.037,0.6,-0.6,-0.2,2.5,3.2527,171.0,2.0596,1.02,10.2,3.009843587885881,,,9.423465488752377,Clay & silt,,,Sand 1,1,0.2,2.52,1.3,-1.02
-0.5800000000000001,2.08,0.89,0.034,0.4,-0.4,-0.2,2.5,3.5233,172.0,2.0796,0.89,8.9,3.0782439331096563,,,10.003936860138868,Organic clay,10.003936860138868,-1.1039368601388677,Sand 1,1,0.2,2.52,1.3,-1.02
-0.6000000000000001,2.1,0.78,0.032,0.4,-0.4,-0.2,2.5,3.7592,173.0,2.0996,0.78,7.8,3.1413315405283626,,,10.389243386756839,Organic clay,10.389243386756839,-2.5892433867568387,Sand 1,1,0.2,2.52,1.3,-1.02
-0.6200000000000001,2.12,0.75,0.029,0.2,0.0,-0.2,2.5,3.6825,174.0,2.1196,0.75,7.5,3.150240147961392,,,10.2727592110539,Organic clay,10.2727592110539,-2.7727592110539003,Sand 1,1,0.2,2.52,1.3,-1.02
-0.6400000000000001,2.14,0.72,0.026,0.4,-0.4,-0.2,2.5,3.4667,174.0,2.1396,0.72,7.2,3.1501328111782927,,,9.897626114499532,Organic clay,9.897626114499532,-2.697626114499532,Sand 1,1,0.2,2.52,1.3,-1.02
-0.6600000000000001,2.16,0.7,0.019,0.7,-0.6,-0.4,2.5,2.6435,175.0,2.1596,0.7,7.0,3.096266009454072,,,,Clay & silt,,,Sand 1,1,0.2,2.52,1.3,-1.02
-0.6800000000000002,2.18,0.71,0.017,0.4,-0.4,-0.2,2.4,2.4593,176.0,2.1796,0.71,7.1,3.074495333581696,,,,Clay & silt,,,Sand 1,1,0.2,2.52,1.3,-1.02
-0.7000000000000002,2.2,0.73,0.013,0.2,0.0,-0.2,2.5,1.9623,177.0,2.1996,0.73,7.3,3.013838893945889,,,,Clay & silt,,,Sand 1,1,0.2,2.52,1.3,-1.02
-0.7200000000000002,2.22,0.72,0.0129,0.4,0.0,-0.4,2.6,2.0355,178.0,2.2196,0.72,7.2,3.027022767788609,,,,Clay & silt,,,Sand 1,1,0.2,2.52,1.3,-1.02
-0.7400000000000002,2.24,0.64,0.0129,0.2,0.0,-0.2,2.5,2.1322,178.0,2.2396,0.64,6.4,3.0813641647289454,,,,Clay & silt,,,Sand 1,1,0.2,2.52,1.3,-1.02
-0.7599999999999998,2.26,0.56,0.0128,0.4,-0.4,-0.2,2.5,2.2407,179.0,2.2596,0.56,5.6,3.142350302882589,,,,Clay & silt,,,Sand 1,1,0.2,2.52,1.3,-1.02
-0.7799999999999998,2.28,0.52,0.0139,0.4,-0.2,-0.4,2.5,2.5981,180.0,2.2796,0.52,5.2,3.2025922896007852,,,,Clay & silt,,,Sand 1,1,0.2,2.52,1.3,-1.02
-0.7999999999999998,2.3,0.49,0.015,0.4,-0.4,-0.2,2.5,3.0,181.0,2.2996,0.49,4.9,3.2569203838457708,,,8.598157830744027,Organic clay,8.598157830744027,-3.6981578307440266,Sand 1,1,0.2,2.52,1.3,-1.02
-0.8199999999999998,2.32,0.47,0.019,0.3,-0.2,-0.2,2.5,4.0106,181.0,2.3196,0.47,4.7,3.3395132472545925,,,10.726492890528096,Organic clay,10.726492890528096,-6.026492890528096,Sand 1,1,0.2,2.52,1.3,-1.02
-0.8399999999999999,2.34,0.44,0.02,0.2,0.0,-0.2,2.6,4.3836,182.0,2.3396,0.44,4.4,3.384639440213723,,,11.137124183941925,Organic clay,11.137124183941925,-6.7371241839419245,Sand 1,1,0.2,2.52,1.3,-1.02
-0.8599999999999999,2.36,0.44,0.021,0.4,-0.2,-0.4,2.4,4.7191,183.0,2.3596,0.44,4.4,3.402362762413391,,,11.444870923642341,Organic clay,11.444870923642341,-7.044870923642341,Sand 1,1,0.2,2.52,1.3,-1.02
-0.8799999999999999,2.38,0.44,0.023,0.4,-0.4,-0.2,2.2,5.2422,184.0,2.3796,0.44,4.4,3.427985227901625,,10.25513472589741,11.847280794343352,Peat,10.25513472589741,-5.855134725897409,Sand 1,1,0.2,2.52,1.3,-1.02
-0.8999999999999999,2.4,0.43,0.026,0.4,-0.4,-0.2,2.2,5.9599,185.0,2.3996,0.43,4.3,3.4679806460398894,,16.081570478118124,12.297529311832779,Peat,16.081570478118124,-11.781570478118123,Sand 1,1,0.2,2.52,1.3,-1.02
-0.9199999999999999,2.42,0.42,0.026,0.3,-0.2,-0.2,2.5,5.9091,186.0,2.4196,0.42,4.2,3.474211687393218,,15.838608406161935,12.268591670259145,Peat,15.838608406161935,-11.638608406161936,Sand 1,1,0.2,2.52,1.3,-1.02
-0.94,2.44,0.43,0.025,0.4,-0.4,-0.2,2.5,5.618,186.0,2.4396,0.43,4.3,3.4532829905479923,,14.16768561218931,12.094836944638791,Peat,14.16768561218931,-9.867685612189309,Sand 1,1,0.2,2.52,1.3,-1.02
-0.96,2.46,0.44,0.024,0.4,-0.4,-0.2,2.5,5.3186,187.0,2.4596,0.44,4.4,3.431544407189453,,11.419024652428908,11.900017477421857,Peat,11.419024652428908,-7.019024652428907,Sand 1,1,0.2,2.52,1.3,-1.02
-0.98,2.48,0.45,0.024,0.3,-0.2,-0.2,2.5,5.1892,188.0,2.4796,0.45,4.5,3.4174413436184903,,9.126572008852452,11.80989927392282,Peat,9.126572008852452,-4.6265720088524525,Sand 1,1,0.2,2.52,1.3,-1.02
-1.0,2.5,0.47,0.024,0.4,-0.4,-0.2,2.8,5.0394,189.0,2.4996,0.47,4.7,3.39467182050341,,,11.700458957496044,Organic clay,11.700458957496044,-7.000458957496044,Sand 1,1,0.2,2.52,1.3,-1.02
-1.02,2.52,0.48,0.025,0.4,-0.4,-0.2,2.5,5.0761,189.0,2.5196,0.48,4.8,3.388929310052647,,,11.727810281370711,Organic clay,11.727810281370711,-6.927810281370712,Peat 1,1,2.52,3.52,-1.02,-2.02
-1.04,2.54,0.49,0.028,0.3,-0.2,-0.2,2.5,5.5037,190.0,2.5396,0.49,4.9,3.40168735982336,,13.311627569569124,12.022560077556973,Peat,13.311627569569124,-8.411627569569124,Peat 1,1,2.52,3.52,-1.02,-2.02
-1.06,2.56,0.52,0.031,0.4,-0.4,-0.2,2.5,5.9189,191.0,2.5596,0.52,5.2,3.39904718940047,,15.88635228445934,12.274204292752803,Peat,15.88635228445934,-10.686352284459339,Peat 1,1,2.52,3.52,-1.02,-2.02
-1.08,2.58,0.53,0.035,0.4,-0.4,-0.2,2.4,6.4965,192.0,2.5796,0.53,5.3,3.416253315750952,,18.15418288284756,12.58185672377424,Peat,18.15418288284756,-12.85418288284756,Peat 1,1,2.52,3.52,-1.02,-2.02
-1.1,2.6,0.56,0.038,0.2,0.0,-0.2,2.4,6.8778,193.0,2.5996,0.56,5.6,3.4119435865011365,,19.283559251585377,12.763781809565637,Peat,19.283559251585377,-13.683559251585377,Peat 1,1,2.52,3.52,-1.02,-2.02
-1.12,2.62,0.57,0.044,0.4,-0.4,-0.2,2.5,7.7533,193.0,2.6196,0.57,5.7,3.4375003950974166,,21.313906702383928,13.13328857346717,Peat,21.313906702383928,-15.613906702383929,Peat 1,1,2.52,3.52,-1.02,-2.02
-1.1400000000000001,2.64,0.57,0.049,0.4,-0.4,-0.2,2.5,8.4665,194.0,2.6396,0.57,5.7,3.4610847137494227,,22.620964898972005,13.395967004436232,Peat,22.620964898972005,-16.920964898972006,Peat 1,1,2.52,3.52,-1.02,-2.02
-1.1600000000000001,2.66,0.59,0.052,0.3,-0.2,-0.2,2.5,8.8889,195.0,2.6596,0.59,5.9,3.4625570895997755,,23.29940105151705,13.538771063697213,Peat,23.29940105151705,-17.399401051517053,Peat 1,1,2.52,3.52,-1.02,-2.02
-1.1800000000000002,2.68,0.59,0.055,0.4,-0.4,-0.2,2.5,9.3617,196.0,2.6796,0.59,5.9,3.4766989186946744,,23.994526812230866,13.689102814461565,Peat,23.994526812230866,-18.094526812230868,Peat 1,1,2.52,3.52,-1.02,-2.02
-1.2000000000000002,2.7,0.61,0.056,0.4,-0.4,-0.2,2.5,9.5522,196.0,2.6996,0.61,6.1,3.4710097804662188,,24.258287423696306,13.747120177285998,Peat,24.258287423696306,-18.158287423696308,Peat 1,1,2.52,3.52,-1.02,-2.02
-1.2200000000000002,2.72,0.61,0.056,0.4,-0.4,-0.2,2.5,9.5726,197.0,2.7196,0.61,6.1,3.4715971206106144,,24.286027699260146,13.753251501451995,Peat,24.286027699260146,-18.186027699260144,Peat 1,1,2.52,3.52,-1.02,-2.02
-1.2400000000000002,2.74,0.58,0.056,0.4,-0.4,-0.2,2.4,9.6552,198.0,2.7396,0.58,5.8,3.490917401286682,,24.397388034631177,13.77792029797871,Peat,24.397388034631177,-18.597388034631177,Peat 1,1,2.52,3.52,-1.02,-2.02
-1.2599999999999998,2.76,0.58,0.055,0.3,-0.2,-0.2,2.5,9.607,199.0,2.7596,0.58,5.8,3.489545099547616,,24.33259124780832,13.763555647669492,Peat,24.33259124780832,-18.53259124780832,Peat 1,1,2.52,3.52,-1.02,-2.02
-1.2799999999999998,2.78,0.56,0.053,0.4,-0.4,-0.2,2.5,9.4222,200.0,2.7796,0.56,5.6,3.496078490719647,,24.079235037597925,13.70767942173994,Peat,24.079235037597925,-18.479235037597924,Peat 1,1,2.52,3.52,-1.02,-2.02
-1.2999999999999998,2.8,0.56,0.054,0.3,-0.2,-0.2,2.5,9.7517,200.0,2.7996,0.56,5.6,3.5054666352162287,,24.525586154933677,13.806426934101301,Peat,24.525586154933677,-18.925586154933676,Peat 1,1,2.52,3.52,-1.02,-2.02
-1.3199999999999998,2.82,0.55,0.054,0.4,-0.4,-0.2,2.5,9.8405,201.0,2.8196,0.55,5.5,3.514024021331992,,24.64180456665505,13.832367481578917,Peat,24.64180456665505,-19.14180456665505,Peat 1,1,2.52,3.52,-1.02,-2.02
-1.3399999999999999,2.84,0.53,0.054,0.3,-0.2,-0.2,2.5,9.863,202.0,2.8396,0.53,5.3,3.5271570703626822,,24.670992230975504,13.838896694141601,Peat,24.670992230975504,-19.370992230975503,Peat 1,1,2.52,3.52,-1.02,-2.02
-1.3599999999999999,2.86,0.53,0.053,0.4,-0.4,-0.2,2.5,9.6731,203.0,2.8596,0.53,5.3,3.521863279297923,,24.42132063805424,13.78323334676143,Peat,24.42132063805424,-19.12132063805424,Peat 1,1,2.52,3.52,-1.02,-2.02
-1.38,2.88,0.54,0.052,0.4,-0.4,-0.2,2.5,9.4977,204.0,2.8796,0.54,5.4,3.510557614880471,,24.18370692050005,13.73066349640552,Peat,24.18370692050005,-18.78370692050005,Peat 1,1,2.52,3.52,-1.02,-2.02
-1.4,2.9,0.54,0.052,0.4,-0.4,-0.2,2.5,9.4977,204.0,2.8996,0.54,5.4,3.510557614880471,,24.18370692050005,13.73066349640552,Peat,24.18370692050005,-18.78370692050005,Peat 1,1,2.52,3.52,-1.02,-2.02
-1.42,2.92,0.57,0.053,0.4,-0.4,-0.2,2.5,9.6364,205.0,2.9196,0.57,5.7,3.496243101996867,,24.37217605241692,13.772327584008304,Peat,24.37217605241692,-18.67217605241692,Peat 1,1,2.52,3.52,-1.02,-2.02
-1.44,2.94,0.5633,0.053,0.4,-0.4,-0.2,2.2,9.6145,206.0,2.9396,0.5633,5.633000000000001,3.499608887104133,,24.34270777004633,13.76579639751735,Peat,24.34270777004633,-18.70970777004633,Peat 1,1,2.52,3.52,-1.02,-2.02
-1.46,2.96,0.5567,0.055,0.3,-0.2,-0.2,2.4,9.9548,207.0,2.9596,0.5567,5.566999999999999,3.513105189771767,,24.789017094452447,13.865356528944556,Peat,24.789017094452447,-19.222017094452447,Peat 1,1,2.52,3.52,-1.02,-2.02
-1.48,2.98,0.55,0.056,0.4,-0.4,-0.2,2.5,10.136,208.0,2.9796,0.55,5.5,3.5221303178970214,,25.01715397248556,13.91675981242125,Peat,25.01715397248556,-19.51715397248556,Peat 1,1,2.52,3.52,-1.02,-2.02
-1.5,3.0,0.55,0.056,0.6,-0.6,-0.2,2.5,10.275,208.0,2.9996,0.55,5.5,3.525871521492205,,25.188021751964982,13.955474910080403,Peat,25.188021751964982,-19.688021751964982,Peat 1,1,2.52,3.52,-1.02,-2.02
-1.52,3.02,0.54,0.054,0.4,-0.4,-0.2,2.4,10.078,209.0,3.0196,0.54,5.4,3.5267380742506194,,24.944809647827466,13.900423191596117,Peat,24.944809647827466,-19.544809647827464,Peat 1,1,2.52,3.52,-1.02,-2.02
-1.54,3.04,0.55,0.052,0.4,-0.4,-0.2,2.8,9.8345,210.0,3.0396,0.55,5.5,3.513857213974394,,24.634003646171514,13.830623404995306,Peat,24.634003646171514,-19.134003646171514,Peat 1,1,2.52,3.52,-1.02,-2.02
-1.56,3.06,0.54,0.051,0.4,-0.4,-0.2,2.6,9.7842,211.0,3.0596,0.54,5.4,3.518651747988369,,24.568312559209968,13.815952987203257,Peat,24.568312559209968,-19.168312559209966,Peat 1,1,2.52,3.52,-1.02,-2.02
-1.58,3.08,0.51,0.049,0.4,-0.4,0.0,2.5,9.561,211.0,3.0796,0.51,5.1,3.5317465063851525,,24.270265484204177,13.749766962565491,Peat,24.270265484204177,-19.17026548420418,Peat 1,1,2.52,3.52,-1.02,-2.02
-1.6,3.1,0.49,0.049,0.3,-0.2,-0.2,2.5,9.703,212.0,3.0996,0.49,4.9,3.549330086767564,,24.461141217032097,13.792082415931908,Peat,24.461141217032097,-19.561141217032095,Peat 1,1,2.52,3.52,-1.02,-2.02
-1.62,3.12,0.5,0.048,0.4,-0.4,-0.2,2.5,9.7215,213.0,3.1196,0.5,5.0,3.5429780516870006,,24.48568231339172,13.797541523197012,Peat,24.48568231339172,-19.48568231339172,Peat 1,1,2.52,3.52,-1.02,-2.02
-1.6400000000000001,3.14,0.49,0.047,0.4,-0.4,-0.2,2.4,9.7662,214.0,3.1396,0.49,4.9,3.5510839362181366,,24.54467627566053,13.810681620120546,Peat,24.54467627566053,-19.64467627566053,Peat 1,1,2.52,3.52,-1.02,-2.02
-1.6600000000000001,3.16,0.48,0.043,0.4,-0.4,-0.2,2.5,9.1085,215.0,3.1596,0.48,4.8,3.539373399810758,,23.629903231782613,13.609766776960422,Peat,23.629903231782613,-18.829903231782612,Peat 1,1,2.52,3.52,-1.02,-2.02
-1.6800000000000002,3.18,0.48,0.041,0.4,-0.4,-0.2,2.5,8.8172,215.0,3.1796,0.48,4.8,3.530698577015557,,23.188382376066507,13.515126863615764,Peat,23.188382376066507,-18.388382376066506,Peat 1,1,2.52,3.52,-1.02,-2.02
-1.7000000000000002,3.2,0.46,0.038,0.4,-0.4,0.0,2.5,8.3288,216.0,3.1996,0.46,4.6,3.530255195600191,,22.386013291689697,13.347489791536269,Peat,22.386013291689697,-17.7860132916897,Peat 1,1,2.52,3.52,-1.02,-2.02
-1.7200000000000002,3.22,0.44,0.034,0.4,-0.4,-0.2,2.5,7.4725,217.0,3.2196,0.44,4.4,3.5173810350605437,,20.726120864771076,13.021143205506728,Peat,20.726120864771076,-16.326120864771077,Peat 1,1,2.52,3.52,-1.02,-2.02
-1.7400000000000002,3.24,0.4367,0.031,0.4,-0.4,-0.2,2.5,6.4083,218.0,3.2396,0.4367,4.367,3.480739818695166,,17.86048740798009,12.53757239843531,Peat,17.86048740798009,-13.49348740798009,Peat 1,1,2.52,3.52,-1.02,-2.02
-1.7599999999999998,3.26,0.4333,0.029,0.3,-0.2,-0.2,2.5,5.1214,219.0,3.2596,0.4333,4.333,3.427772903393265,,6.3873382364027895,11.76108003576398,Peat,6.3873382364027895,-2.0543382364027893,Peat 1,1,2.52,3.52,-1.02,-2.02
-1.7799999999999998,3.28,0.43,0.026,0.4,-0.4,0.0,2.5,3.5986,219.0,3.2796,0.43,4.3,3.3467240222248744,,,10.136130348428154,Organic clay,10.136130348428154,-5.836130348428154,Peat 1,1,2.52,3.52,-1.02,-2.02
-1.7999999999999998,3.3,0.48,0.023,0.4,-0.4,0.0,2.5,2.5275,220.0,3.2996,0.48,4.8,3.226499969113867,,,,Clay & silt,,,Peat 1,1,2.52,3.52,-1.02,-2.02
-1.8199999999999998,3.32,0.71,0.0227,0.4,-0.4,-0.2,2.4,2.0037,221.0,3.3196,0.71,7.1,3.028825283408858,,,,Clay & silt,,,Peat 1,1,2.52,3.52,-1.02,-2.02
-1.8399999999999999,3.34,1.14,0.0223,0.4,-0.4,0.0,2.5,1.5459,222.0,3.3396,1.14,11.4,2.7944266686860306,,,,Silty clay / clayey silt,,,Peat 1,1,2.52,3.52,-1.02,-2.02
-1.8599999999999999,3.36,1.71,0.022,0.4,-0.4,-0.2,2.5,1.1804,223.0,3.3596,1.71,17.1,2.5833168326615827,,,,Sand mixtures,,,Peat 1,1,2.52,3.52,-1.02,-2.02
-1.88,3.38,1.94,0.022,0.4,-0.4,0.0,2.5,0.93418,223.0,3.3796,1.94,19.4,2.4857824161417463,,,,Sand mixtures,,,Peat 1,1,2.52,3.52,-1.02,-2.02
-1.9,3.4,2.22,0.022,0.4,-0.4,0.0,2.5,0.76655,224.0,3.3996,2.22,22.2,2.393718107611641,,,,Sand mixtures,,,Peat 1,1,2.52,3.52,-1.02,-2.02
-1.92,3.42,2.91,0.025,0.4,-0.4,-0.2,2.5,0.73341,225.0,3.4196,2.91,29.1,2.280886466934978,,,,Sand mixtures,,,Peat 1,1,2.52,3.52,-1.02,-2.02
-1.94,3.44,3.8,0.031,0.2,-0.2,0.0,2.5,0.78805,226.0,3.4396,3.8,38.0,2.195361104795673,,,,Sand mixtures,,,Peat 1,1,2.52,3.52,-1.02,-2.02
-1.96,3.46,4.41,0.037,0.4,-0.4,-0.2,2.5,0.82359,226.0,3.4596,4.41,44.1,2.1500032758837517,,,,Sand mixtures,,,Peat 1,1,2.52,3.52,-1.02,-2.02
-1.98,3.48,4.83,0.043,0.6,-0.6,-0.2,2.3,0.84938,227.0,3.4796,4.83,48.3,2.123775018341401,,,,Sand mixtures,,,Peat 1,1,2.52,3.52,-1.02,-2.02
-2.0,3.5,5.45,0.049,0.4,-0.4,0.0,2.3,0.87912,228.0,3.4996,5.45,54.5,2.0881544978745614,,,,Sand mixtures,,,Peat 1,1,2.52,3.52,-1.02,-2.02
-2.02,3.52,5.91,0.052,0.4,-0.4,-0.2,2.5,0.86703,229.0,3.5196,5.91,59.1,2.0556381294102004,,,,Sand mixtures,,,Sand 2,2,3.52,35.1,-2.02,-33.6
-2.04,3.54,6.41,0.055,0.4,-0.4,0.0,2.5,0.86546,230.0,3.5396,6.41,64.1,2.0261445737745656,,,,Sand,,,Sand 2,2,3.52,35.1,-2.02,-33.6
-2.06,3.56,6.78,0.058,0.4,-0.4,-0.2,2.4,0.86859,231.0,3.5596,6.78,67.8,2.0070924032151822,,,,Sand,,,Sand 2,2,3.52,35.1,-2.02,-33.6
-2.08,3.58,7.0,0.059,0.6,-0.6,-0.2,2.6,0.85014,231.0,3.5796,7.0,70.0,1.990385559576343,,,,Sand,,,Sand 2,2,3.52,35.1,-2.02,-33.6
-2.1,3.6,7.19,0.062,0.6,-0.6,0.0,2.9,0.86622,232.0,3.5996,7.19,71.9,1.985635097000008,,,,Sand,,,Sand 2,2,3.52,35.1,-2.02,-33.6
-2.12,3.62,7.27,0.064,0.6,-0.6,-0.2,2.6,0.87119,233.0,3.6196,7.27,72.7,1.9831851778759986,,,,Sand,,,Sand 2,2,3.52,35.1,-2.02,-33.6
-2.14,3.64,7.41,0.067,0.6,-0.6,0.0,2.5,0.88889,234.0,3.6396,7.41,74.1,1.981612339070166,,,,Sand,,,Sand 2,2,3.52,35.1,-2.02,-33.6
-2.16,3.66,7.55,0.069,0.4,-0.4,0.0,2.5,0.8919,234.0,3.6596,7.55,75.5,1.975923286053886,,,,Sand,,,Sand 2,2,3.52,35.1,-2.02,-33.6
-2.18,3.68,7.65,0.071,0.6,-0.6,-0.2,2.4,0.89322,235.0,3.6796,7.65,76.5,1.9717032503916796,,,,Sand,,,Sand 2,2,3.52,35.1,-2.02,-33.6
-2.2,3.7,7.92,0.073,0.6,-0.6,-0.2,2.4,0.89174,236.0,3.6996,7.92,79.2,1.9591738339648308,,,,Sand,,,Sand 2,2,3.52,35.1,-2.02,-33.6
-2.22,3.72,8.31,0.075,0.6,-0.6,-0.2,2.4,0.88902,237.0,3.7196,8.31,83.1,1.9416722569412233,,,,Sand,,,Sand 2,2,3.52,35.1,-2.02,-33.6
-2.24,3.74,8.59,0.076,0.6,-0.6,-0.2,2.5,0.87269,238.0,3.7396,8.59,85.9,1.925334500593899,,,,Sand,,,Sand 2,2,3.52,35.1,-2.02,-33.6
-2.26,3.76,8.89,0.079,0.6,-0.6,-0.2,2.5,0.87802,238.0,3.7596,8.89,88.9,1.9150671950680083,,,,Sand,,,Sand 2,2,3.52,35.1,-2.02,-33.6
-2.28,3.78,9.17,0.082,0.6,-0.6,-0.2,2.5,0.88398,239.0,3.7796,9.17,91.7,1.9061841946874758,,,,Sand,,,Sand 2,2,3.52,35.1,-2.02,-33.6
-2.3,3.8,9.41,0.086,0.6,-0.6,0.0,2.5,0.90265,240.0,3.7996,9.41,94.1,1.9029161419054188,,,,Sand,,,Sand 2,2,3.52,35.1,-2.02,-33.6
-2.32,3.82,9.73,0.088,0.6,-0.6,-0.2,2.5,0.90095,241.0,3.8196,9.73,97.3,1.891008002195049,,,,Sand,,,Sand 2,2,3.52,35.1,-2.02,-33.6
-2.34,3.84,9.96,0.092,0.6,-0.6,0.0,2.5,0.92092,241.0,3.8396,9.96,99.6,1.889021464887073,,,,Sand,,,Sand 2,2,3.52,35.1,-2.02,-33.6
-2.36,3.86,10.15,0.094,0.4,-0.4,-0.2,2.4,0.92213,242.0,3.8596,10.15,101.5,1.8829933848295521,,,,Sand,,,Sand 2,2,3.52,35.1,-2.02,-33.6
-2.38,3.88,10.32,0.092,0.8,-0.8,-0.2,2.4,0.88621,243.0,3.8796,10.32,103.2,1.8665504666490227,,,,Sand,,,Sand 2,2,3.52,35.1,-2.02,-33.6
-2.4,3.9,10.51,0.094,0.4,-0.4,-0.2,2.4,0.89705,244.0,3.8996,10.51,105.1,1.8636935338160552,,,,Sand,,,Sand 2,2,3.52,35.1,-2.02,-33.6
-2.42,3.92,10.67,0.094,0.6,-0.6,-0.2,2.5,0.8819,245.0,3.9196,10.67,106.7,1.8539396121575622,,,,Sand,,,Sand 2,2,3.52,35.1,-2.02,-33.6
-2.44,3.94,10.8,0.097,0.6,-0.6,-0.2,2.5,0.89597,245.0,3.9396,10.8,108.0,1.8541907351021623,,,,Sand,,,Sand 2,2,3.52,35.1,-2.02,-33.6
-2.46,3.96,10.91,0.098,0.6,-0.6,0.0,2.5,0.89162,246.0,3.9596,10.91,109.1,1.8494449743444439,,,,Sand,,,Sand 2,2,3.52,35.1,-2.02,-33.6
-2.48,3.98,10.51,0.1,0.6,-0.6,-0.2,2.2,0.89646,247.0,3.9796,10.51,105.1,1.8635137352602453,,,,Sand,,,Sand 2,2,3.52,35.1,-2.02,-33.6
-2.5,4.0,11.4,0.102,0.6,-0.6,-0.2,2.5,0.90146,248.0,3.9996,11.4,114.0,1.8377532709406879,,,,Sand,,,Sand 2,2,3.52,35.1,-2.02,-33.6
-2.5199999999999996,4.02,11.49,0.102,0.4,-0.4,0.0,2.5,0.8886,249.0,4.0196,11.49,114.9,1.831139551752242,,,,Sand,,,Sand 2,2,3.52,35.1,-2.02,-33.6
-2.54,4.04,11.64,0.102,0.8,-0.8,-0.2,2.5,0.87544,249.0,4.0396,11.64,116.4,1.8226678815137027,,,,Sand,,,Sand 2,2,3.52,35.1,-2.02,-33.6
-2.5599999999999996,4.06,11.82,0.103,0.6,-0.6,-0.2,2.4,0.865,250.0,4.0596,11.82,118.2,1.8142117268361575,,,,Sand,,,Sand 2,2,3.52,35.1,-2.02,-33.6
-2.58,4.08,11.95,0.105,0.6,-0.6,-0.2,2.3,0.86957,251.0,4.0795,11.95,119.5,1.8120185393223034,,,,Sand,,,Sand 2,2,3.52,35.1,-2.02,-33.6
-2.5999999999999996,4.1,12.11,0.105,0.6,-0.6,-0.2,2.8,0.85653,252.0,4.0995,12.11,121.1,1.8033814406728896,,,,Sand,,,Sand 2,2,3.52,35.1,-2.02,-33.6
-2.62,4.12,12.29,0.106,0.6,-0.6,-0.2,2.7,0.85158,253.0,4.1195,12.29,122.9,1.7968460137476339,,,,Sand,,,Sand 2,2,3.52,35.1,-2.02,-33.6
-2.6399999999999997,4.14,12.56,0.108,0.4,-0.4,-0.2,2.5,0.85468,253.0,4.1395,12.56,125.6,1.790620229616216,,,,Sand,,,Sand 2,2,3.52,35.1,-2.02,-33.6
-2.66,4.16,12.74,0.111,0.6,-0.6,-0.2,2.5,0.86516,254.0,4.1595,12.74,127.4,1.7893112203108434,,,,Sand,,,Sand 2,2,3.52,35.1,-2.02,-33.6
-2.6799999999999997,4.18,12.96,0.113,0.4,-0.4,-0.2,2.5,0.8679,255.0,4.1795,12.96,129.6,1.7845372511454005,,,,Sand,,,Sand 2,2,3.52,35.1,-2.02,-33.6
-2.7,4.2,13.15,0.116,0.4,-0.4,-0.2,2.5,0.87829,256.0,4.1995,13.15,131.5,1.7831025972015333,,,,Sand,,,Sand 2,2,3.52,35.1,-2.02,-33.6
-2.7199999999999998,4.22,13.33,0.119,0.6,-0.6,-0.2,2.5,0.8893,256.0,4.2195,13.33,133.3,1.7821772742048165,,,,Sand,,,Sand 2,2,3.52,35.1,-2.02,-33.6
-2.74,4.24,13.5,0.12,0.6,-0.6,-0.2,2.5,0.88536,257.0,4.2395,13.5,135.0,1.7767595407551116,,,,Sand,,,Sand 2,2,3.52,35.1,-2.02,-33.6
-2.76,4.26,13.63,0.123,0.6,-0.6,-0.2,2.4,0.89691,258.0,4.2595,13.63,136.3,1.777332614387096,,,,Sand,,,Sand 2,2,3.52,35.1,-2.02,-33.6
-2.7800000000000002,4.28,13.79,0.123,0.6,-0.6,-0.2,2.4,0.88609,259.0,4.2795,13.79,137.9,1.770046253023832,,,,Sand,,,Sand 2,2,3.52,35.1,-2.02,-33.6
-2.8,4.3,13.95,0.124,0.6,-0.6,-0.2,2.5,0.88241,260.0,4.2995,13.95,139.5,1.7650895336690695,,,,Sand,,,Sand 2,2,3.52,35.1,-2.02,-33.6
-2.8200000000000003,4.32,14.12,0.126,0.8,-0.8,-0.2,2.5,0.88483,260.0,4.3195,14.12,141.2,1.7619302800052956,,,,Sand,,,Sand 2,2,3.52,35.1,-2.02,-33.6
-2.84,4.34,14.24,0.127,0.6,-0.6,-0.2,2.5,0.87821,261.0,4.3395,14.24,142.4,1.7570165433489093,,,,Sand,,,Sand 2,2,3.52,35.1,-2.02,-33.6
-2.8600000000000003,4.36,14.49,0.128,0.6,-0.6,-0.2,2.5,0.87075,262.0,4.3595,14.49,144.9,1.7489010445765982,,,,Sand,,,Sand 2,2,3.52,35.1,-2.02,-33.6
-2.88,4.38,14.7,0.126,0.6,-0.6,-0.2,2.6,0.84168,263.0,4.3795,14.7,147.0,1.7344577813677238,,,,Sand,,,Sand 2,2,3.52,35.1,-2.02,-33.6
-2.9000000000000004,4.4,15.0,0.123,0.6,-0.6,-0.2,2.5,0.80557,264.0,4.3995,15.0,150.0,1.7153158417777659,,,,Sand,,,Sand 2,2,3.52,35.1,-2.02,-33.6
-2.92,4.42,15.4,0.12,0.6,-0.6,0.0,2.5,0.77003,264.0,4.4195,15.4,154.0,1.6938454093653847,,,,Sand,,,Sand 2,2,3.52,35.1,-2.02,-33.6
-2.9400000000000004,4.44,15.7,0.115,0.8,-0.8,-0.2,2.5,0.72265,265.0,4.4395,15.7,157.0,1.6695560308211506,,,,Sand,,,Sand 2,2,3.52,35.1,-2.02,-33.6
-2.96,4.46,16.11,0.124,0.8,-0.8,-0.2,2.4,0.76319,266.0,4.4595,16.11,161.1,1.6765221387339686,,,,Sand,,,Sand 2,2,3.52,35.1,-2.02,-33.6
-2.9800000000000004,4.48,16.51,0.126,0.6,-0.6,-0.2,2.4,0.76139,267.0,4.4795,16.51,165.1,1.6678356472734384,,,,Sand,,,Sand 2,2,3.52,35.1,-2.02,-33.6
-3.0,4.5,16.76,0.127,0.6,-0.6,-0.2,2.5,0.7559,268.0,4.4995,16.76,167.6,1.660860364223617,,,,Sand,,,Sand 2,2,3.52,35.1,-2.02,-33.6
-3.0199999999999996,4.52,17.13,0.126,0.6,-0.6,-0.2,2.2,0.74058,268.0,4.5195,17.13,171.3,1.6478661826321517,,,,Sand,,,Sand 2,2,3.52,35.1,-2.02,-33.6
-3.04,4.54,17.37,0.125,0.6,-0.6,-0.2,2.4,0.72775,269.0,4.5395,17.37,173.7,1.6383155979068884,,,,Sand,,,Sand 2,2,3.52,35.1,-2.02,-33.6
-3.0599999999999996,4.56,17.41,0.125,0.6,-0.6,-0.2,2.6,0.72228,270.0,4.5595,17.41,174.1,1.635402522203617,,,,Sand,,,Sand 2,2,3.52,35.1,-2.02,-33.6
-3.08,4.58,17.42,0.125,0.8,-0.8,-0.2,2.5,0.71582,271.0,4.5795,17.42,174.2,1.6326438428270715,,,,Sand,,,Sand 2,2,3.52,35.1,-2.02,-33.6
-3.0999999999999996,4.6,17.4,0.144,0.6,-0.6,-0.2,2.5,0.82057,272.0,4.5995,17.4,174.0,1.6726528105848966,,,,Sand,,,Sand 2,2,3.52,35.1,-2.02,-33.6
-3.12,4.62,17.41,0.149,0.6,-0.6,-0.2,2.4,0.84713,272.0,4.6195,17.41,174.1,1.6818813887714854,,,,Sand,,,Sand 2,2,3.52,35.1,-2.02,-33.6
-3.1399999999999997,4.64,17.55,0.146,0.6,-0.6,-0.2,2.6,0.82702,273.0,4.6395,17.55,175.5,1.6722258384748783,,,,Sand,,,Sand 2,2,3.52,35.1,-2.02,-33.6
-3.16,4.66,18.01,0.141,0.6,-0.6,-0.2,2.8,0.79515,274.0,4.6595,18.01,180.1,1.6523870748584146,,,,Sand,,,Sand 2,2,3.52,35.1,-2.02,-33.6
-3.1799999999999997,4.68,17.82,0.135,0.6,-0.6,-0.2,2.7,0.75636,275.0,4.6795,17.82,178.2,1.6411552242877026,,,,Sand,,,Sand 2,2,3.52,35.1,-2.02,-33.6
-3.2,4.7,17.69,0.133,0.8,-0.8,-0.2,2.5,0.73951,275.0,4.6995,17.69,176.9,1.6369937070379927,,,,Sand,,,Sand 2,2,3.52,35.1,-2.02,-33.6
-3.2199999999999998,4.72,17.93,0.133,0.6,-0.6,-0.2,2.5,0.73359,276.0,4.7195,17.93,179.3,1.6303024262716856,,,,Sand,,,Sand 2,2,3.52,35.1,-2.02,-33.6
-3.24,4.74,18.05,0.138,0.8,-0.8,-0.2,2.6,0.75653,277.0,4.7395,18.05,180.5,1.6370878073156556,,,,Sand,,,Sand 2,2,3.52,35.1,-2.02,-33.6
-3.26,4.76,18.33,0.142,0.6,-0.6,-0.2,2.4,0.77211,278.0,4.7595,18.33,183.3,1.6381117164967358,,,,Sand,,,Sand 2,2,3.52,35.1,-2.02,-33.6
-3.2800000000000002,4.78,18.5,0.138,0.6,-0.6,-0.2,2.6,0.74308,279.0,4.7795,18.5,185.0,1.6239317939037403,,,,Sand,,,Sand 2,2,3.52,35.1,-2.02,-33.6
-3.3,4.8,18.71,0.138,0.8,-0.8,-0.2,2.5,0.7358,279.0,4.7995,18.71,187.1,1.6174282171450163,,,,Sand,,,Sand 2,2,3.52,35.1,-2.02,-33.6
-3.3200000000000003,4.82,18.9,0.136,0.6,-0.6,0.0,2.5,0.71758,280.0,4.8195,18.9,189.0,1.6068697466819442,,,,Sand,,,Sand 2,2,3.52,35.1,-2.02,-33.6
-3.34,4.84,19.02,0.132,0.6,-0.6,-0.2,2.5,0.6893,281.0,4.8395,19.02,190.2,1.5931753473124235,,,,Sand,,,Sand 2,2,3.52,35.1,-2.02,-33.6
-3.3600000000000003,4.86,19.13,0.129,0.8,-0.8,-0.2,2.5,0.66714,282.0,4.8595,19.13,191.3,1.58190088661096,,,,Sand,,,Sand 2,2,3.52,35.1,-2.02,-33.6
-3.38,4.88,19.4,0.124,0.6,-0.6,-0.2,2.5,0.63586,282.0,4.8795,19.4,194.0,1.5636052958232036,,,,Sand,,,Sand 2,2,3.52,35.1,-2.02,-33.6
-3.4000000000000004,4.9,19.63,0.12,0.8,-0.8,-0.2,2.5,0.61193,283.0,4.8995,19.63,196.3,1.5488592656142837,,,,Sand,,,Sand 2,2,3.52,35.1,-2.02,-33.6
-3.42,4.92,19.91,0.116,0.8,-0.8,-0.2,2.6,0.58898,284.0,4.9195,19.91,199.1,1.5334187975371247,,,,Sand,,,Sand 2,2,3.52,35.1,-2.02,-33.6
-3.4400000000000004,4.94,19.99,0.109,0.8,-0.8,-0.2,2.5,0.55176,285.0,4.9395,19.99,199.9,1.5139227835549152,,,,Sand,,,Sand 2,2,3.52,35.1,-2.02,-33.6
-3.46,4.96,20.03,0.102,0.8,-0.8,-0.2,2.5,0.51606,285.0,4.9595,20.03,200.3,1.4949578802379944,,,,Sand,,,Sand 2,2,3.52,35.1,-2.02,-33.6
-3.4800000000000004,4.98,19.77,0.096,0.8,-0.8,-0.2,2.5,0.48694,286.0,4.9795,19.77,197.7,1.483836930194843,,,,Sand,,,Sand 2,2,3.52,35.1,-2.02,-33.6
-3.5,5.0,19.7,0.094,0.8,-0.8,-0.2,2.5,0.47944,287.0,4.9995,19.7,197.0,1.4809462748589401,,,,Sand,,,Sand 2,2,3.52,35.1,-2.02,-33.6
-3.5199999999999996,5.02,19.61,0.0933,0.8,-0.8,-0.2,2.5,0.47929,288.0,5.0195,19.61,196.1,1.482442726598694,,,,Sand,,,Sand 2,2,3.52,35.1,-2.02,-33.6
-3.54,5.04,19.48,0.0927,0.8,-0.8,-0.2,2.5,0.4796,289.0,5.0395,19.48,194.8,1.4849085924310015,,,,Sand,,,Sand 2,2,3.52,35.1,-2.02,-33.6
-3.5599999999999996,5.06,19.23,0.092,0.6,-0.6,-0.2,2.4,0.4787,289.0,5.0595,19.23,192.3,1.4888785416231984,,,,Sand,,,Sand 2,2,3.52,35.1,-2.02,-33.6
-3.58,5.08,19.04,0.092,0.8,-0.8,-0.2,2.2,0.4812,290.0,5.0795,19.04,190.4,1.49368146075232,,,,Sand,,,Sand 2,2,3.52,35.1,-2.02,-33.6
-3.5999999999999996,5.1,18.87,0.109,0.6,-0.6,0.0,2.6,0.57372,291.0,5.0995,18.87,188.7,1.5440318728444171,,,,Sand,,,Sand 2,2,3.52,35.1,-2.02,-33.6
-3.62,5.12,18.93,0.115,0.8,-0.8,-0.2,2.5,0.60959,292.0,5.1195,18.93,189.3,1.5598047011014402,,,,Sand,,,Sand 2,2,3.52,35.1,-2.02,-33.6
-3.6399999999999997,5.14,18.89,0.113,0.8,-0.8,-0.2,2.5,0.60223,293.0,5.1395,18.89,188.9,1.5571149497747008,,,,Sand,,,Sand 2,2,3.52,35.1,-2.02,-33.6
-3.66,5.16,18.9,0.112,0.8,-0.8,-0.2,2.5,0.59861,293.0,5.1595,18.9,189.0,1.5552586656391643,,,,Sand,,,Sand 2,2,3.52,35.1,-2.02,-33.6
-3.6799999999999997,5.18,18.65,0.122,0.6,-0.6,0.0,2.3,0.65302,294.0,5.1795,18.65,186.5,1.5841224947682926,,,,Sand,,,Sand 2,2,3.52,35.1,-2.02,-33.6
-3.7,5.2,18.41,0.126,0.8,-0.8,-0.2,3.1,0.67597,295.0,5.1995,18.41,184.1,1.5981999137327947,,,,Sand,,,Sand 2,2,3.52,35.1,-2.02,-33.6
-3.7199999999999998,5.22,18.42,0.125,0.8,-0.8,-0.2,2.8,0.672,296.0,5.2195,18.42,184.2,1.5963425320700562,,,,Sand,,,Sand 2,2,3.52,35.1,-2.02,-33.6
-3.74,5.24,18.61,0.13,0.8,-0.8,-0.2,2.5,0.70024,296.0,5.2395,18.61,186.1,1.6047927466525347,,,,Sand,,,Sand 2,2,3.52,35.1,-2.02,-33.6
-3.76,5.26,18.65,0.13,0.8,-0.8,-0.2,2.5,0.69982,297.0,5.2595,18.65,186.5,1.603922435658135,,,,Sand,,,Sand 2,2,3.52,35.1,-2.02,-33.6
-3.7800000000000002,5.28,18.59,0.119,0.6,-0.6,-0.2,2.5,0.63841,298.0,5.2795,18.59,185.9,1.5787841334761077,,,,Sand,,,Sand 2,2,3.52,35.1,-2.02,-33.6
-3.8,5.3,18.58,0.119,0.8,-0.8,-0.2,2.4,0.63598,299.0,5.2995,18.58,185.8,1.577887106221897,,,,Sand,,,Sand 2,2,3.52,35.1,-2.02,-33.6
-3.8200000000000003,5.32,18.61,0.118,0.6,-0.6,-0.2,2.5,0.62804,300.0,5.3195,18.61,186.1,1.573819215094794,,,,Sand,,,Sand 2,2,3.52,35.1,-2.02,-33.6
-3.84,5.34,18.74,0.11,0.8,-0.8,-0.2,2.5,0.58348,300.0,5.3395,18.74,187.4,1.5510022194845114,,,,Sand,,,Sand 2,2,3.52,35.1,-2.02,-33.6
-3.8600000000000003,5.36,18.92,0.108,0.8,-0.8,-0.2,2.5,0.57037,301.0,5.3595,18.92,189.2,1.5415313939748565,,,,Sand,,,Sand 2,2,3.52,35.1,-2.02,-33.6
-3.88,5.38,18.99,0.108,0.8,-0.8,-0.2,2.5,0.56906,302.0,5.3795,18.99,189.9,1.539657754413602,,,,Sand,,,Sand 2,2,3.52,35.1,-2.02,-33.6
-3.9000000000000004,5.4,19.23,0.104,0.8,-0.8,-0.2,2.5,0.54719,303.0,5.3995,19.23,192.3,1.5246881177731366,,,,Sand,,,Sand 2,2,3.52,35.1,-2.02,-33.6
-3.92,5.42,19.16,0.102,0.8,-0.8,-0.2,2.4,0.536,303.0,5.4195,19.16,191.6,1.5203020210301244,,,,Sand,,,Sand 2,2,3.52,35.1,-2.02,-33.6
-3.9400000000000004,5.44,19.25,0.106,0.6,-0.6,-0.2,2.5,0.55734,304.0,5.4395,19.25,192.5,1.5293667811635332,,,,Sand,,,Sand 2,2,3.52,35.1,-2.02,-33.6
-3.96,5.46,18.93,0.105,0.8,-0.8,-0.2,2.5,0.55376,305.0,5.4594,18.93,189.3,1.5332573587032605,,,,Sand,,,Sand 2,2,3.52,35.1,-2.02,-33.6
-3.9800000000000004,5.48,18.83,0.101,0.8,-0.8,-0.2,2.5,0.53627,306.0,5.4794,18.83,188.3,1.5263393436932977,,,,Sand,,,Sand 2,2,3.52,35.1,-2.02,-33.6
-4.0,5.5,18.93,0.102,0.8,-0.8,-0.2,2.5,0.54535,307.0,5.4994,18.93,189.3,1.5290903573125592,,,,Sand,,,Sand 2,2,3.52,35.1,-2.02,-33.6
-4.02,5.52,18.83,0.103,0.8,-0.8,-0.2,2.5,0.55518,307.0,5.5194,18.83,188.3,1.5357458566950888,,,,Sand,,,Sand 2,2,3.52,35.1,-2.02,-33.6
-4.04,5.54,18.53,0.096,0.8,-0.8,-0.2,2.5,0.52001,308.0,5.5394,18.53,185.3,1.5235555130515792,,,,Sand,,,Sand 2,2,3.52,35.1,-2.02,-33.6
-4.06,5.56,18.21,0.101,0.8,-0.8,-0.2,2.4,0.55071,309.0,5.5594,18.21,182.1,1.5449022517181423,,,,Sand,,,Sand 2,2,3.52,35.1,-2.02,-33.6
-4.08,5.58,18.12,0.096,0.8,-0.8,-0.2,2.2,0.52773,310.0,5.5794,18.12,181.2,1.5351548891625473,,,,Sand,,,Sand 2,2,3.52,35.1,-2.02,-33.6
-4.1,5.6,18.04,0.094,0.8,-0.8,-0.2,2.4,0.5211,311.0,5.5994,18.04,180.4,1.5333110743316023,,,,Sand,,,Sand 2,2,3.52,35.1,-2.02,-33.6
-4.12,5.62,18.2,0.091,0.8,-0.8,0.0,2.4,0.50834,312.0,5.6194,18.2,182.0,1.5237089633650098,,,,Sand,,,Sand 2,2,3.52,35.1,-2.02,-33.6
-4.14,5.64,17.86,0.0893,0.8,-0.8,-0.2,2.5,0.50239,312.0,5.6394,17.86,178.6,1.527131064810459,,,,Sand,,,Sand 2,2,3.52,35.1,-2.02,-33.6
-4.16,5.66,17.74,0.0877,0.8,-0.8,-0.2,2.4,0.49717,313.0,5.6594,17.74,177.4,1.5267401651558496,,,,Sand,,,Sand 2,2,3.52,35.1,-2.02,-33.6
-4.18,5.68,17.61,0.086,0.8,-0.8,0.0,2.3,0.49087,314.0,5.6794,17.61,176.1,1.5259833227986197,,,,Sand,,,Sand 2,2,3.52,35.1,-2.02,-33.6
-4.2,5.7,17.43,0.094,0.8,-0.8,-0.2,3.0,0.54171,315.0,5.6994,17.43,174.3,1.5554360547300858,,,,Sand,,,Sand 2,2,3.52,35.1,-2.02,-33.6
-4.22,5.72,17.2,0.103,0.8,-0.8,-0.2,2.8,0.59792,315.0,5.7194,17.2,172.0,1.5865741222250243,,,,Sand,,,Sand 2,2,3.52,35.1,-2.02,-33.6
-4.24,5.74,17.04,0.108,0.8,-0.8,0.0,2.5,0.6307,316.0,5.7394,17.04,170.4,1.604367844991657,,,,Sand,,,Sand 2,2,3.52,35.1,-2.02,-33.6
-4.26,5.76,17.08,0.111,1.0,-1.0,-0.2,2.5,0.6554,317.0,5.7594,17.08,170.8,1.6142434373297354,,,,Sand,,,Sand 2,2,3.52,35.1,-2.02,-33.6
-4.28,5.78,16.86,0.112,1.0,-1.0,-0.2,2.4,0.66981,318.0,5.7794,16.86,168.6,1.6246285442456412,,,,Sand,,,Sand 2,2,3.52,35.1,-2.02,-33.6
-4.3,5.8,16.85,0.113,0.8,-0.8,0.0,2.4,0.68521,319.0,5.7994,16.85,168.5,1.631198168615515,,,,Sand,,,Sand 2,2,3.52,35.1,-2.02,-33.6
-4.32,5.82,16.92,0.108,1.0,-1.0,-0.2,2.5,0.66405,319.0,5.8194,16.92,169.2,1.6210342800995328,,,,Sand,,,Sand 2,2,3.52,35.1,-2.02,-33.6
-4.34,5.84,16.11,0.103,0.8,-0.8,0.0,2.5,0.64466,320.0,5.8394,16.11,161.1,1.6292481128094436,,,,Sand,,,Sand 2,2,3.52,35.1,-2.02,-33.6
-4.36,5.86,15.71,0.1,0.8,-0.8,-0.2,2.5,0.63654,321.0,5.8594,15.71,157.1,1.6342723687066258,,,,Sand,,,Sand 2,2,3.52,35.1,-2.02,-33.6
-4.38,5.88,15.36,0.106,1.0,-1.0,-0.2,2.5,0.68848,322.0,5.8794,15.36,153.6,1.6633657368611876,,,,Sand,,,Sand 2,2,3.52,35.1,-2.02,-33.6
-4.4,5.9,15.22,0.111,0.8,-0.8,-0.2,2.5,0.73895,323.0,5.8994,15.22,152.2,1.6861075772052156,,,,Sand,,,Sand 2,2,3.52,35.1,-2.02,-33.6
-4.42,5.92,14.79,0.102,0.8,-0.8,-0.2,2.5,0.69341,323.0,5.9194,14.79,147.9,1.6780294222854752,,,,Sand,,,Sand 2,2,3.52,35.1,-2.02,-33.6
-4.44,5.94,14.72,0.1,0.8,-0.8,-0.2,2.5,0.69481,324.0,5.9394,14.72,147.2,1.68017963367655,,,,Sand,,,Sand 2,2,3.52,35.1,-2.02,-33.6
-4.46,5.96,14.34,0.091,1.0,-1.0,-0.2,2.5,0.64751,325.0,5.9594,14.34,143.4,1.6699168944235012,,,,Sand,,,Sand 2,2,3.52,35.1,-2.02,-33.6
-4.48,5.98,13.92,0.089,0.8,-0.8,0.0,2.4,0.65029,326.0,5.9794,13.92,139.2,1.6812326156209094,,,,Sand,,,Sand 2,2,3.52,35.1,-2.02,-33.6
-4.5,6.0,13.62,0.084,1.0,-1.0,0.0,2.5,0.63182,326.0,5.9994,13.62,136.2,1.681081088220816,,,,Sand,,,Sand 2,2,3.52,35.1,-2.02,-33.6
-4.52,6.02,13.17,0.084,0.8,-0.8,-0.2,2.4,0.65433,327.0,6.0194,13.17,131.7,1.7019088275657972,,,,Sand,,,Sand 2,2,3.52,35.1,-2.02,-33.6
-4.54,6.04,12.65,0.08,0.8,-0.8,0.0,2.5,0.64764,328.0,6.0394,12.65,126.5,1.7131332280727314,,,,Sand,,,Sand 2,2,3.52,35.1,-2.02,-33.6
-4.56,6.06,12.28,0.076,0.8,-0.8,-0.2,2.5,0.64081,329.0,6.0594,12.28,122.8,1.720693512938935,,,,Sand,,,Sand 2,2,3.52,35.1,-2.02,-33.6
-4.58,6.08,11.66,0.074,0.8,-0.8,0.0,2.5,0.65299,330.0,6.0794,11.66,116.6,1.743641730742556,,,,Sand,,,Sand 2,2,3.52,35.1,-2.02,-33.6
-4.6,6.1,11.06,0.07,1.0,-1.0,-0.2,2.5,0.6468,330.0,6.0994,11.06,110.6,1.7597332905608787,,,,Sand,,,Sand 2,2,3.52,35.1,-2.02,-33.6
-4.62,6.12,10.46,0.067,0.8,-0.8,-0.2,2.2,0.64828,331.0,6.1194,10.46,104.6,1.779997877898647,,,,Sand,,,Sand 2,2,3.52,35.1,-2.02,-33.6
-4.64,6.14,9.98,0.062,1.0,-1.0,-0.2,2.5,0.62968,332.0,6.1394,9.98,99.8,1.789430729003651,,,,Sand,,,Sand 2,2,3.52,35.1,-2.02,-33.6
-4.66,6.16,9.4,0.057,0.8,-0.8,0.0,2.5,0.6059,333.0,6.1594,9.4,94.0,1.8015087821698224,,,,Sand,,,Sand 2,2,3.52,35.1,-2.02,-33.6
-4.68,6.18,9.09,0.051,0.8,-0.8,-0.2,2.5,0.56596,334.0,6.1794,9.09,90.9,1.7974290603498793,,,,Sand,,,Sand 2,2,3.52,35.1,-2.02,-33.6
-4.7,6.2,8.75,0.049,1.0,-1.0,0.0,2.2,0.56557,335.0,6.1994,8.75,87.5,1.811212058171435,,,,Sand,,,Sand 2,2,3.52,35.1,-2.02,-33.6
-4.72,6.22,8.37,0.048,1.0,-1.0,-0.2,2.9,0.57442,335.0,6.2194,8.37,83.7,1.8311059568238506,,,,Sand,,,Sand 2,2,3.52,35.1,-2.02,-33.6
-4.74,6.24,8.15,0.044,1.0,-1.0,-0.2,2.8,0.54338,336.0,6.2394,8.15,81.5,1.8281719235291103,,,,Sand,,,Sand 2,2,3.52,35.1,-2.02,-33.6
-4.76,6.26,7.89,0.04,0.8,-0.8,0.0,2.5,0.50947,337.0,6.2594,7.89,78.9,1.8258246579470987,,,,Sand,,,Sand 2,2,3.52,35.1,-2.02,-33.6
-4.78,6.28,7.68,0.038,1.0,-1.0,0.0,2.5,0.49795,338.0,6.2794,7.68,76.8,1.8309313855518285,,,,Sand,,,Sand 2,2,3.52,35.1,-2.02,-33.6
-4.8,6.3,7.52,0.035,1.0,-1.0,-0.2,2.5,0.4709,338.0,6.2994,7.52,75.2,1.8268725237038637,,,,Sand,,,Sand 2,2,3.52,35.1,-2.02,-33.6
-4.82,6.32,7.33,0.034,1.0,-1.0,0.0,2.5,0.46994,339.0,6.3194,7.33,73.3,1.8361456690570177,,,,Sand,,,Sand 2,2,3.52,35.1,-2.02,-33.6
-4.84,6.34,7.12,0.032,0.8,-0.8,0.0,2.5,0.45366,340.0,6.3393,7.12,71.2,1.8398443739500214,,,,Sand,,,Sand 2,2,3.52,35.1,-2.02,-33.6
-4.86,6.36,6.99,0.032,1.0,-1.0,-0.2,2.5,0.46469,341.0,6.3593,6.99,69.9,1.8518593954137526,,,,Sand,,,Sand 2,2,3.52,35.1,-2.02,-33.6
-4.88,6.38,6.78,0.031,1.0,-1.0,-0.2,2.4,0.46037,341.0,6.3793,6.78,67.8,1.861570873312322,,,,Sand,,,Sand 2,2,3.52,35.1,-2.02,-33.6
-4.9,6.4,6.57,0.03,0.8,-0.8,0.0,2.5,0.45412,342.0,6.3993,6.57,65.7,1.8708202801385923,,,,Sand,,,Sand 2,2,3.52,35.1,-2.02,-33.6
-4.92,6.42,6.44,0.028,1.0,-1.0,0.0,2.5,0.42978,343.0,6.4193,6.44,64.4,1.8674392204575947,,,,Sand,,,Sand 2,2,3.52,35.1,-2.02,-33.6
-4.94,6.44,6.34,0.026,1.0,-1.0,0.0,2.5,0.40318,344.0,6.4393,6.34,63.4,1.8610144573619023,,,,Sand,,,Sand 2,2,3.52,35.1,-2.02,-33.6
-4.96,6.46,6.3,0.025,1.0,-1.0,-0.2,2.5,0.3904,345.0,6.4593,6.3,63.0,1.857323657792201,,,,Sand,,,Sand 2,2,3.52,35.1,-2.02,-33.6
-4.98,6.48,6.31,0.026,1.0,-1.0,-0.2,2.5,0.40752,345.0,6.4793,6.31,63.1,1.864926052961465,,,,Sand,,,Sand 2,2,3.52,35.1,-2.02,-33.6
-5.0,6.5,6.39,0.027,0.8,-0.8,-0.2,2.5,0.4232,346.0,6.4993,6.39,63.9,1.8674037983278013,,,,Sand,,,Sand 2,2,3.52,35.1,-2.02,-33.6
-5.02,6.52,6.46,0.031,1.0,-1.0,0.0,2.5,0.48324,347.0,6.5193,6.46,64.6,1.8900631206480276,,,,Sand,,,Sand 2,2,3.52,35.1,-2.02,-33.6
-5.04,6.54,6.42,0.03,0.8,-0.8,-0.2,2.5,0.46323,348.0,6.5393,6.42,64.2,1.8837265027343473,,,,Sand,,,Sand 2,2,3.52,35.1,-2.02,-33.6
-5.06,6.56,6.38,0.031,0.8,-0.8,-0.2,2.4,0.47238,349.0,6.5593,6.38,63.8,1.8901268376096487,,,,Sand,,,Sand 2,2,3.52,35.1,-2.02,-33.6
-5.08,6.58,6.44,0.032,0.8,-0.8,0.0,2.5,0.4803,349.0,6.5793,6.44,64.4,1.8899801865430859,,,,Sand,,,Sand 2,2,3.52,35.1,-2.02,-33.6
-5.1,6.6,6.62,0.032,1.0,-1.0,-0.2,2.5,0.47267,350.0,6.5993,6.62,66.2,1.8761405746510424,,,,Sand,,,Sand 2,2,3.52,35.1,-2.02,-33.6
-5.12,6.62,6.79,0.034,1.0,-1.0,0.0,2.5,0.49374,351.0,6.6193,6.79,67.9,1.8756198452074124,,,,Sand,,,Sand 2,2,3.52,35.1,-2.02,-33.6
-5.14,6.64,7.0,0.034,1.0,-1.0,-0.2,2.5,0.48433,352.0,6.6393,7.0,70.0,1.8599965807412902,,,,Sand,,,Sand 2,2,3.52,35.1,-2.02,-33.6
-5.16,6.66,7.19,0.034,1.0,-1.0,0.0,2.1,0.47403,353.0,6.6593,7.19,71.9,1.8452944898416528,,,,Sand,,,Sand 2,2,3.52,35.1,-2.02,-33.6
-5.18,6.68,7.32,0.034,1.0,-1.0,0.0,2.5,0.4648,353.0,6.6793,7.32,73.2,1.834348885966891,,,,Sand,,,Sand 2,2,3.52,35.1,-2.02,-33.6
-5.2,6.7,7.35,0.0337,1.0,-1.0,-0.2,2.6,0.45106,354.0,6.6993,7.35,73.5,1.8265212665896473,,,,Sand,,,Sand 2,2,3.52,35.1,-2.02,-33.6
-5.22,6.72,7.45,0.0333,1.0,-1.0,0.0,2.5,0.43601,355.0,6.7193,7.45,74.5,1.814342504695236,,,,Sand,,,Sand 2,2,3.52,35.1,-2.02,-33.6
-5.24,6.74,7.66,0.033,1.0,-1.0,0.0,2.2,0.42369,356.0,6.7393,7.66,76.6,1.7978212012374952,,,,Sand,,,Sand 2,2,3.52,35.1,-2.02,-33.6
-5.26,6.76,7.76,0.033,1.0,-1.0,-0.2,2.8,0.41542,357.0,6.7593,7.76,77.6,1.7888259004848817,,,,Sand,,,Sand 2,2,3.52,35.1,-2.02,-33.6
-5.28,6.78,8.04,0.034,1.0,-1.0,-0.2,2.7,0.41878,357.0,6.7793,8.04,80.39999999999999,1.7768972799842981,,,,Sand,,,Sand 2,2,3.52,35.1,-2.02,-33.6
-5.3,6.8,8.33,0.037,1.0,-1.0,0.0,2.5,0.44592,358.0,6.7993,8.33,83.3,1.7765439930295845,,,,Sand,,,Sand 2,2,3.52,35.1,-2.02,-33.6
-5.32,6.82,8.4,0.04,1.0,-1.0,-0.2,2.5,0.47219,359.0,6.8193,8.4,84.0,1.785692401117916,,,,Sand,,,Sand 2,2,3.52,35.1,-2.02,-33.6
-5.34,6.84,8.56,0.042,1.0,-1.0,0.0,2.5,0.48478,360.0,6.8393,8.56,85.6,1.7843761144363084,,,,Sand,,,Sand 2,2,3.52,35.1,-2.02,-33.6
-5.36,6.86,8.75,0.042,1.0,-1.0,0.0,2.5,0.47491,360.0,6.8593,8.75,87.5,1.771629543452381,,,,Sand,,,Sand 2,2,3.52,35.1,-2.02,-33.6
-5.38,6.88,8.88,0.047,1.0,-1.0,-0.2,2.4,0.52114,361.0,6.8793,8.88,88.8,1.78692771722068,,,,Sand,,,Sand 2,2,3.52,35.1,-2.02,-33.6
-5.4,6.9,9.05,0.049,1.0,-1.0,0.0,2.7,0.53283,362.0,6.8993,9.05,90.5,1.7850105408892087,,,,Sand,,,Sand 2,2,3.52,35.1,-2.02,-33.6
-5.42,6.92,9.3,0.05,1.0,-1.0,0.0,2.4,0.53426,363.0,6.9193,9.3,93.0,1.7756093489165234,,,,Sand,,,Sand 2,2,3.52,35.1,-2.02,-33.6
-5.44,6.94,9.48,0.053,1.0,-1.0,0.0,2.4,0.55716,364.0,6.9393,9.48,94.8,1.778408998530143,,,,Sand,,,Sand 2,2,3.52,35.1,-2.02,-33.6
-5.46,6.96,9.73,0.054,1.0,-1.0,0.0,2.5,0.55836,364.0,6.9593,9.73,97.3,1.7694385592548023,,,,Sand,,,Sand 2,2,3.52,35.1,-2.02,-33.6
-5.48,6.98,9.82,0.055,1.0,-1.0,0.0,2.5,0.56015,365.0,6.9793,9.82,98.2,1.7668524980855649,,,,Sand,,,Sand 2,2,3.52,35.1,-2.02,-33.6
-5.5,7.0,9.86,0.058,1.0,-1.0,0.0,2.5,0.58335,366.0,6.9993,9.86,98.6,1.7751044346743092,,,,Sand,,,Sand 2,2,3.52,35.1,-2.02,-33.6
-5.52,7.02,9.98,0.058,1.0,-1.0,0.0,2.5,0.57755,367.0,7.0193,9.98,99.8,1.7683255029030442,,,,Sand,,,Sand 2,2,3.52,35.1,-2.02,-33.6
-5.54,7.04,10.15,0.058,1.0,-1.0,0.0,2.5,0.57362,367.0,7.0392,10.15,101.5,1.760578636981256,,,,Sand,,,Sand 2,2,3.52,35.1,-2.02,-33.6
-5.56,7.06,10.23,0.06,1.0,-1.0,0.0,2.5,0.59004,368.0,7.0592,10.23,102.3,1.764598884046466,,,,Sand,,,Sand 2,2,3.52,35.1,-2.02,-33.6
-5.58,7.08,10.29,0.06,1.0,-1.0,0.0,2.5,0.58694,369.0,7.0792,10.29,102.9,1.7612127806350955,,,,Sand,,,Sand 2,2,3.52,35.1,-2.02,-33.6
-5.6,7.1,10.28,0.059,1.0,-1.0,0.0,2.4,0.57477,370.0,7.0992,10.28,102.8,1.756471677610003,,,,Sand,,,Sand 2,2,3.52,35.1,-2.02,-33.6
-5.62,7.12,10.28,0.06,1.0,-1.0,0.0,2.4,0.58267,371.0,7.1192,10.28,102.8,1.7597846154531838,,,,Sand,,,Sand 2,2,3.52,35.1,-2.02,-33.6
-5.64,7.14,10.28,0.06,1.0,-1.0,0.0,2.4,0.58097,371.0,7.1392,10.28,102.8,1.7590743579048296,,,,Sand,,,Sand 2,2,3.52,35.1,-2.02,-33.6
-5.66,7.16,10.29,0.06,1.0,-1.0,0.0,2.3,0.57936,372.0,7.1592,10.29,102.9,1.7580502575501682,,,,Sand,,,Sand 2,2,3.52,35.1,-2.02,-33.6
-5.68,7.18,10.32,0.061,1.0,-1.0,0.0,2.4,0.58654,373.0,7.1792,10.32,103.2,1.760000295204307,,,,Sand,,,Sand 2,2,3.52,35.1,-2.02,-33.6
-5.7,7.2,10.41,0.062,1.0,-1.0,0.0,2.5,0.59295,374.0,7.1992,10.41,104.1,1.7595409279968013,,,,Sand,,,Sand 2,2,3.52,35.1,-2.02,-33.6
-5.72,7.22,10.47,0.065,1.0,-1.0,0.0,2.5,0.61794,375.0,7.2192,10.47,104.7,1.7676727821355191,,,,Sand,,,Sand 2,2,3.52,35.1,-2.02,-33.6
-5.74,7.24,10.52,0.065,1.0,-1.0,0.0,2.5,0.61314,376.0,7.2392,10.52,105.2,1.7640393604190767,,,,Sand,,,Sand 2,2,3.52,35.1,-2.02,-33.6
-5.76,7.26,10.63,0.065,1.0,-1.0,0.0,2.3,0.60726,376.0,7.2592,10.63,106.3,1.7579411125928872,,,,Sand,,,Sand 2,2,3.52,35.1,-2.02,-33.6
-5.78,7.28,10.73,0.065,1.0,-1.0,0.0,2.9,0.6015,377.0,7.2792,10.73,107.3,1.7522399972649751,,,,Sand,,,Sand 2,2,3.52,35.1,-2.02,-33.6
-5.8,7.3,10.78,0.064,1.0,-1.0,0.0,2.6,0.58682,378.0,7.2992,10.78,107.8,1.7444789416663768,,,,Sand,,,Sand 2,2,3.52,35.1,-2.02,-33.6
-5.82,7.32,10.95,0.064,1.0,-1.0,0.0,2.4,0.58175,379.0,7.3192,10.95,109.5,1.7367445765168117,,,,Sand,,,Sand 2,2,3.52,35.1,-2.02,-33.6
-5.84,7.34,11.14,0.063,1.0,-1.0,0.0,2.5,0.56898,379.0,7.3392,11.14,111.4,1.725128957876724,,,,Sand,,,Sand 2,2,3.52,35.1,-2.02,-33.6
-5.86,7.36,11.23,0.061,1.0,-1.0,0.0,2.5,0.54813,380.0,7.3592,11.23,112.3,1.7131197686429411,,,,Sand,,,Sand 2,2,3.52,35.1,-2.02,-33.6
-5.88,7.38,11.27,0.061,1.0,-1.0,0.0,2.5,0.54727,381.0,7.3792,11.27,112.7,1.7114584909658779,,,,Sand,,,Sand 2,2,3.52,35.1,-2.02,-33.6
-5.9,7.4,11.28,0.064,1.0,-1.0,0.0,2.5,0.57671,382.0,7.3992,11.28,112.8,1.723985229197298,,,,Sand,,,Sand 2,2,3.52,35.1,-2.02,-33.6
-5.92,7.42,11.2,0.062,1.0,-1.0,0.0,2.5,0.56486,383.0,7.4192,11.2,112.0,1.7214210373926284,,,,Sand,,,Sand 2,2,3.52,35.1,-2.02,-33.6
-5.94,7.44,11.18,0.061,1.0,-1.0,0.0,2.6,0.56397,383.0,7.4392,11.18,111.8,1.72167532609284,,,,Sand,,,Sand 2,2,3.52,35.1,-2.02,-33.6
-5.96,7.46,10.92,0.061,1.0,-1.0,0.0,2.5,0.5723,384.0,7.4592,10.92,109.2,1.733705454177204,,,,Sand,,,Sand 2,2,3.52,35.1,-2.02,-33.6
-5.98,7.48,10.56,0.062,1.2,-1.2,-0.2,2.5,0.58949,385.0,7.4792,10.56,105.6,1.752977935993425,,,,Sand,,,Sand 2,2,3.52,35.1,-2.02,-33.6
-6.0,7.5,10.17,0.066,1.2,-1.0,0.0,2.4,0.63347,386.0,7.4992,10.17,101.7,1.7841956509052002,,,,Sand,,,Sand 2,2,3.52,35.1,-2.02,-33.6
-6.02,7.52,9.95,0.071,1.2,-1.2,0.0,2.4,0.68957,387.0,7.5192,9.95,99.5,1.813254814940944,,,,Sand,,,Sand 2,2,3.52,35.1,-2.02,-33.6
-6.04,7.54,10.01,0.072,1.2,-1.2,0.0,2.5,0.70467,387.0,7.5392,10.01,100.1,1.8166501128485286,,,,Sand,,,Sand 2,2,3.52,35.1,-2.02,-33.6
-6.06,7.56,10.15,0.068,1.2,-1.2,0.0,2.5,0.66773,388.0,7.5592,10.15,101.5,1.7980886136046916,,,,Sand,,,Sand 2,2,3.52,35.1,-2.02,-33.6
-6.08,7.58,10.41,0.064,1.2,-1.2,0.0,2.5,0.62745,389.0,7.5792,10.41,104.1,1.7735181578038375,,,,Sand,,,Sand 2,2,3.52,35.1,-2.02,-33.6
-6.1,7.6,10.2,0.061,1.2,-1.2,0.0,2.5,0.59716,390.0,7.5992,10.2,102.0,1.768583093682492,,,,Sand,,,Sand 2,2,3.52,35.1,-2.02,-33.6
-6.12,7.62,10.29,0.06,1.2,-1.0,0.0,2.6,0.58852,390.0,7.6191,10.29,102.9,1.7618683903216195,,,,Sand,,,Sand 2,2,3.52,35.1,-2.02,-33.6
-6.14,7.64,10.29,0.062,1.2,-1.2,0.0,2.5,0.61235,391.0,7.6391,10.29,102.9,1.7716098273031182,,,,Sand,,,Sand 2,2,3.52,35.1,-2.02,-33.6
-6.16,7.66,10.3,0.063,1.2,-1.2,0.0,2.5,0.62921,392.0,7.6591,10.3,103.0,1.7779954615642624,,,,Sand,,,Sand 2,2,3.52,35.1,-2.02,-33.6
-6.18,7.68,10.07,0.063,1.2,-1.0,0.0,2.4,0.63452,393.0,7.6791,10.07,100.7,1.7881266615023392,,,,Sand,,,Sand 2,2,3.52,35.1,-2.02,-33.6
-6.2,7.7,9.85,0.061,1.2,-1.2,0.0,2.1,0.61976,394.0,7.6991,9.85,98.5,1.7902058726098795,,,,Sand,,,Sand 2,2,3.52,35.1,-2.02,-33.6
-6.22,7.72,9.59,0.057,1.2,-1.2,0.0,2.3,0.58305,395.0,7.7191,9.59,95.9,1.7850209470759577,,,,Sand,,,Sand 2,2,3.52,35.1,-2.02,-33.6
-6.24,7.74,9.51,0.057,1.2,-1.2,0.0,2.5,0.58597,395.0,7.7391,9.51,95.1,1.789252117588312,,,,Sand,,,Sand 2,2,3.52,35.1,-2.02,-33.6
-6.26,7.76,9.53,0.056,1.2,-1.0,0.0,2.5,0.5765,396.0,7.7591,9.53,95.3,1.7845927458729427,,,,Sand,,,Sand 2,2,3.52,35.1,-2.02,-33.6
-6.28,7.78,9.6,0.057,1.2,-1.2,0.0,2.5,0.58672,397.0,7.7791,9.6,96.0,1.7861501934384778,,,,Sand,,,Sand 2,2,3.52,35.1,-2.02,-33.6
-6.3,7.8,9.76,0.057,1.2,-1.2,0.0,2.4,0.58589,398.0,7.7991,9.76,97.6,1.7798341105847157,,,,Sand,,,Sand 2,2,3.52,35.1,-2.02,-33.6
-6.32,7.82,9.91,0.06,1.2667,-1.0,0.0,2.8,0.61657,398.0,7.8191,9.91,99.1,1.7867633585935347,,,,Sand,,,Sand 2,2,3.52,35.1,-2.02,-33.6
-6.34,7.84,9.96,0.061,1.3333,-1.2,0.2,2.8,0.62773,399.0,7.8391,9.96,99.6,1.7893804010351315,,,,Sand,,,Sand 2,2,3.52,35.1,-2.02,-33.6
-6.36,7.86,9.86,0.061,1.4,-1.4,0.0,2.5,0.62968,400.0,7.8591,9.86,98.6,1.7937515802285533,,,,Sand,,,Sand 2,2,3.52,35.1,-2.02,-33.6
-6.38,7.88,9.7,0.062,1.2,-1.2,0.0,2.5,0.64399,401.0,7.8791,9.7,97.0,1.8051477333615533,,,,Sand,,,Sand 2,2,3.52,35.1,-2.02,-33.6
-6.4,7.9,9.53,0.064,1.2,-1.2,0.0,2.4,0.67104,402.0,7.8991,9.53,95.3,1.8216712684294858,,,,Sand,,,Sand 2,2,3.52,35.1,-2.02,-33.6
-6.42,7.92,9.42,0.064,1.2,-1.0,0.2,2.5,0.67833,402.0,7.9191,9.42,94.2,1.8284944434917936,,,,Sand,,,Sand 2,2,3.52,35.1,-2.02,-33.6
-6.44,7.94,9.36,0.063,1.2,-1.4,0.0,2.5,0.67452,403.0,7.9391,9.36,93.6,1.8293617022762072,,,,Sand,,,Sand 2,2,3.52,35.1,-2.02,-33.6
-6.46,7.96,9.28,0.063,1.2,-1.2,0.0,2.5,0.68007,404.0,7.9591,9.28,92.8,1.834456650025897,,,,Sand,,,Sand 2,2,3.52,35.1,-2.02,-33.6
-6.48,7.98,9.19,0.061,1.2,-1.2,0.0,2.6,0.66169,405.0,7.9791,9.19,91.9,1.8311362824639323,,,,Sand,,,Sand 2,2,3.52,35.1,-2.02,-33.6
-6.5,8.0,9.14,0.061,1.2,-1.2,0.0,2.5,0.66512,405.0,7.9991,9.14,91.4,1.8343619624024552,,,,Sand,,,Sand 2,2,3.52,35.1,-2.02,-33.6
-6.52,8.02,9.1,0.063,1.0,-1.0,0.0,2.5,0.69155,406.0,8.0191,9.1,91.0,1.8455952825138915,,,,Sand,,,Sand 2,2,3.52,35.1,-2.02,-33.6
-6.539999999999999,8.04,9.09,0.063,1.2,-1.2,0.0,2.5,0.69796,407.0,8.0391,9.09,90.9,1.848289625604345,,,,Sand,,,Sand 2,2,3.52,35.1,-2.02,-33.6
-6.5600000000000005,8.06,9.17,0.061,1.0,-1.0,0.0,2.5,0.68453,408.0,8.0591,9.17,91.7,1.8403270143739436,,,,Sand,,,Sand 2,2,3.52,35.1,-2.02,-33.6
-6.58,8.08,9.04,0.061,1.0,-1.0,0.0,2.5,0.69545,409.0,8.079,9.04,90.4,1.8493498553652747,,,,Sand,,,Sand 2,2,3.52,35.1,-2.02,-33.6
-6.6,8.1,8.87,0.061,1.0,-1.0,0.0,2.5,0.70951,409.0,8.099,8.87,88.7,1.8610934045667096,,,,Sand,,,Sand 2,2,3.52,35.1,-2.02,-33.6
-6.619999999999999,8.12,8.61,0.059,1.4,-1.4,0.0,2.5,0.70217,410.0,8.119,8.61,86.1,1.8690945511659571,,,,Sand,,,Sand 2,2,3.52,35.1,-2.02,-33.6
-6.640000000000001,8.14,8.27,0.056,1.2,-1.2,0.0,2.5,0.68418,411.0,8.139,8.27,82.7,1.8771317648283947,,,,Sand,,,Sand 2,2,3.52,35.1,-2.02,-33.6
-6.66,8.16,8.02,0.055,1.2,-1.2,0.0,2.5,0.68976,412.0,8.159,8.02,80.2,1.8901458609876527,,,,Sand,,,Sand 2,2,3.52,35.1,-2.02,-33.6
-6.68,8.18,7.71,0.05,1.2,-1.2,0.0,2.5,0.64309,412.0,8.179,7.71,77.1,1.8876068571172355,,,,Sand,,,Sand 2,2,3.52,35.1,-2.02,-33.6
-6.699999999999999,8.2,7.53,0.048,1.2,-1.2,0.0,2.5,0.63085,413.0,8.199,7.53,75.3,1.891705979375835,,,,Sand,,,Sand 2,2,3.52,35.1,-2.02,-33.6
-6.720000000000001,8.22,7.43,0.048,1.4,-1.4,0.0,2.5,0.64118,414.0,8.219,7.43,74.3,1.9004011751949565,,,,Sand,,,Sand 2,2,3.52,35.1,-2.02,-33.6
-6.74,8.24,7.35,0.05,1.4,-1.2,0.0,2.5,0.67533,415.0,8.239,7.35,73.5,1.9166059121930221,,,,Sand,,,Sand 2,2,3.52,35.1,-2.02,-33.6
-6.76,8.26,7.28,0.051,1.4,-1.2,0.2,2.2,0.69211,416.0,8.259,7.28,72.8,1.9259316694539392,,,,Sand,,,Sand 2,2,3.52,35.1,-2.02,-33.6
-6.779999999999999,8.28,7.28,0.051,1.4,-1.4,0.0,2.5,0.69199,417.0,8.279,7.28,72.8,1.9258902166349618,,,,Sand,,,Sand 2,2,3.52,35.1,-2.02,-33.6
-6.800000000000001,8.3,7.29,0.052,1.4,-1.2,0.0,2.5,0.70235,417.0,8.299,7.29,72.9,1.9289534342882606,,,,Sand,,,Sand 2,2,3.52,35.1,-2.02,-33.6
-6.82,8.32,7.36,0.052,1.4,-1.2,0.2,2.5,0.6967,418.0,8.319,7.36,73.6,1.9235558576392875,,,,Sand,,,Sand 2,2,3.52,35.1,-2.02,-33.6
-6.84,8.34,7.43,0.053,1.4,-1.4,0.0,2.3,0.70175,419.0,8.339,7.43,74.3,1.9218693319842937,,,,Sand,,,Sand 2,2,3.52,35.1,-2.02,-33.6
-6.859999999999999,8.36,7.54,0.053,1.4,-1.4,0.0,2.9,0.69191,420.0,8.359,7.54,75.4,1.9131573903103776,,,,Sand,,,Sand 2,2,3.52,35.1,-2.02,-33.6
-6.880000000000001,8.38,7.7,0.053,1.2,-1.2,0.2,2.8,0.67949,420.0,8.379,7.7,77.0,1.9012077307591655,,,,Sand,,,Sand 2,2,3.52,35.1,-2.02,-33.6
-6.9,8.4,7.83,0.053,1.2,-1.2,0.0,2.5,0.66646,421.0,8.399,7.83,78.3,1.8905002859468103,,,,Sand,,,Sand 2,2,3.52,35.1,-2.02,-33.6
-6.92,8.42,7.99,0.053,1.2,-1.2,0.0,2.5,0.65452,422.0,8.419,7.99,79.9,1.878841637491843,,,,Sand,,,Sand 2,2,3.52,35.1,-2.02,-33.6
-6.9399999999999995,8.44,8.14,0.054,1.4,-1.4,0.0,2.5,0.65814,423.0,8.439,8.14,81.4,1.8734345762445301,,,,Sand,,,Sand 2,2,3.52,35.1,-2.02,-33.6
-6.960000000000001,8.46,8.41,0.055,1.4,-1.2,0.0,2.5,0.66646,423.0,8.4589,8.41,84.1,1.864703666274204,,,,Sand,,,Sand 2,2,3.52,35.1,-2.02,-33.6
-6.98,8.48,8.58,0.055,1.4,-1.2,0.2,2.4,0.66697,424.0,8.4789,8.58,85.8,1.8576946143772277,,,,Sand,,,Sand 2,2,3.52,35.1,-2.02,-33.6
-7.0,8.5,8.59,0.055,1.4,-1.4,0.0,2.6,0.67247,425.0,8.4989,8.59,85.9,1.8592836084246664,,,,Sand,,,Sand 2,2,3.52,35.1,-2.02,-33.6
-7.02,8.52,8.4,0.055,1.4,-1.4,0.0,2.5,0.6827,426.0,8.5189,8.4,84.0,1.8710032639105747,,,,Sand,,,Sand 2,2,3.52,35.1,-2.02,-33.6
-7.039999999999999,8.54,8.08,0.056,1.3333,-1.0,0.0,2.5,0.71089,427.0,8.5389,8.08,80.8,1.8948466035608882,,,,Sand,,,Sand 2,2,3.52,35.1,-2.02,-33.6
-7.0600000000000005,8.56,7.78,0.055,1.2667,-1.4,0.0,2.5,0.71907,427.0,8.5589,7.78,77.8,1.9112146886033923,,,,Sand,,,Sand 2,2,3.52,35.1,-2.02,-33.6
-7.08,8.58,7.45,0.054,1.3334,-1.2,0.0,2.5,0.72973,428.0,8.5789,7.45,74.5,1.9303742979709009,,,,Sand,,,Sand 2,2,3.52,35.1,-2.02,-33.6
-7.1,8.6,7.16,0.052,1.4,-1.4,0.0,2.5,0.72588,429.0,8.5989,7.16,71.6,1.9433925819147766,,,,Sand,,,Sand 2,2,3.52,35.1,-2.02,-33.6
-7.119999999999999,8.62,6.98,0.05,1.4667,-1.2,0.0,2.5,0.71852,430.0,8.6189,6.98,69.8,1.950145330092826,,,,Sand,,,Sand 2,2,3.52,35.1,-2.02,-33.6
-7.140000000000001,8.64,6.75,0.049,1.5333,-1.4,0.0,2.5,0.72192,430.0,8.6389,6.75,67.5,1.9634211957163998,,,,Sand,,,Sand 2,2,3.52,35.1,-2.02,-33.6
-7.16,8.66,6.6,0.048,1.6,-1.6,0.0,2.5,0.72126,431.0,8.6589,6.6,66.0,1.9713668487702187,,,,Sand,,,Sand 2,2,3.52,35.1,-2.02,-33.6
-7.18,8.68,6.51,0.048,1.4,-1.4,0.0,2.5,0.73241,432.0,8.6789,6.51,65.1,1.9800039791859456,,,,Sand,,,Sand 2,2,3.52,35.1,-2.02,-33.6
-7.199999999999999,8.7,6.44,0.047,1.4,-1.4,0.0,2.6,0.72615,433.0,8.6989,6.44,64.4,1.9818976040902911,,,,Sand,,,Sand 2,2,3.52,35.1,-2.02,-33.6
-7.220000000000001,8.72,6.41,0.047,1.4,-1.4,0.0,2.5,0.73194,434.0,8.7189,6.41,64.1,1.9854793588363038,,,,Sand,,,Sand 2,2,3.52,35.1,-2.02,-33.6
-7.24,8.74,6.39,0.047,1.4,-1.4,0.0,2.5,0.73509,434.0,8.7389,6.39,63.9,1.9876350538183143,,,,Sand,,,Sand 2,2,3.52,35.1,-2.02,-33.6
-7.26,8.76,6.35,0.047,1.4,-1.4,0.0,2.2,0.7361,435.0,8.7589,6.35,63.5,1.9902449841206433,,,,Sand,,,Sand 2,2,3.52,35.1,-2.02,-33.6
-7.279999999999999,8.78,6.33,0.046,1.4,-1.4,0.0,2.5,0.71959,436.0,8.7789,6.33,63.3,1.9860327120669954,,,,Sand,,,Sand 2,2,3.52,35.1,-2.02,-33.6
-7.300000000000001,8.8,6.34,0.046,1.4,-1.4,0.0,2.5,0.71679,437.0,8.7988,6.34,63.4,1.9845387533613963,,,,Sand,,,Sand 2,2,3.52,35.1,-2.02,-33.6
-7.32,8.82,6.38,0.046,1.4,-1.4,0.2,2.5,0.71111,438.0,8.8188,6.38,63.8,1.9803713402053051,,,,Sand,,,Sand 2,2,3.52,35.1,-2.02,-33.6
-7.34,8.84,6.44,0.047,1.4,-1.4,0.2,2.3,0.71769,438.0,8.8388,6.44,64.4,1.979126161633535,,,,Sand,,,Sand 2,2,3.52,35.1,-2.02,-33.6
-7.359999999999999,8.86,6.5,0.046,1.6,-1.6,0.0,2.4,0.6894,439.0,8.8588,6.5,65.0,1.9662903122918582,,,,Sand,,,Sand 2,2,3.52,35.1,-2.02,-33.6
-7.380000000000001,8.88,6.61,0.046,1.4,-1.4,0.2,2.9,0.67202,440.0,8.8788,6.61,66.1,1.9541864531265516,,,,Sand,,,Sand 2,2,3.52,35.1,-2.02,-33.6
-7.4,8.9,6.8,0.047,1.4,-1.2,0.0,2.5,0.66702,441.0,8.8988,6.8,68.0,1.9420615365298448,,,,Sand,,,Sand 2,2,3.52,35.1,-2.02,-33.6
-7.42,8.92,6.99,0.048,1.4,-1.4,0.0,2.5,0.66082,442.0,8.9188,6.99,69.9,1.9297920796342354,,,,Sand,,,Sand 2,2,3.52,35.1,-2.02,-33.6
-7.4399999999999995,8.94,7.32,0.05,1.4,-1.4,0.2,2.5,0.66711,442.0,8.9388,7.32,73.2,1.9151874542924956,,,,Sand,,,Sand 2,2,3.52,35.1,-2.02,-33.6
-7.460000000000001,8.96,7.72,0.051,1.4,-1.4,0.2,2.5,0.66009,443.0,8.9588,7.72,77.2,1.8933329672618646,,,,Sand,,,Sand 2,2,3.52,35.1,-2.02,-33.6
-7.48,8.98,7.99,0.053,1.4,-1.4,0.0,2.5,0.66541,444.0,8.9788,7.99,79.9,1.8828024153971776,,,,Sand,,,Sand 2,2,3.52,35.1,-2.02,-33.6
-7.5,9.0,8.18,0.054,1.4,-1.4,0.2,2.5,0.65723,445.0,8.9988,8.18,81.8,1.8713296428097705,,,,Sand,,,Sand 2,2,3.52,35.1,-2.02,-33.6
-7.52,9.02,8.35,0.057,1.4,-1.4,0.0,2.4,0.67476,445.0,9.0188,8.35,83.5,1.8702911767717751,,,,Sand,,,Sand 2,2,3.52,35.1,-2.02,-33.6
-7.539999999999999,9.04,8.46,0.058,1.4,-1.4,0.0,2.4,0.67013,446.0,9.0388,8.46,84.6,1.8639085216148195,,,,Sand,,,Sand 2,2,3.52,35.1,-2.02,-33.6
-7.5600000000000005,9.06,8.71,0.061,1.4,-1.4,0.0,2.5,0.68927,447.0,9.0588,8.71,87.1,1.8603850457300268,,,,Sand,,,Sand 2,2,3.52,35.1,-2.02,-33.6
-7.58,9.08,9.0,0.062,1.4,-1.4,0.2,2.5,0.68641,448.0,9.0788,9.0,90.0,1.8476714204790994,,,,Sand,,,Sand 2,2,3.52,35.1,-2.02,-33.6
-7.6,9.1,9.17,0.063,1.6,-1.6,0.0,2.5,0.68497,449.0,9.0988,9.17,91.7,1.8404870668832876,,,,Sand,,,Sand 2,2,3.52,35.1,-2.02,-33.6
-7.619999999999999,9.12,9.38,0.064,1.4,-1.4,0.0,2.5,0.68385,449.0,9.1187,9.38,93.8,1.8320313138824846,,,,Sand,,,Sand 2,2,3.52,35.1,-2.02,-33.6
-7.640000000000001,9.14,9.55,0.065,1.4,-1.4,0.0,2.5,0.68331,450.0,9.1387,9.55,95.5,1.8254612039793445,,,,Sand,,,Sand 2,2,3.52,35.1,-2.02,-33.6
-7.66,9.16,9.64,0.067,1.4,-1.4,0.2,2.5,0.69215,451.0,9.1587,9.64,96.4,1.8253743655802397,,,,Sand,,,Sand 2,2,3.52,35.1,-2.02,-33.6
-7.68,9.18,9.67,0.068,1.4,-1.4,0.2,2.5,0.68843,452.0,9.1787,9.67,96.7,1.8229168614780045,,,,Sand,,,Sand 2,2,3.52,35.1,-2.02,-33.6
-7.699999999999999,9.2,9.75,0.067,1.4,-1.4,0.0,2.5,0.66263,453.0,9.1987,9.75,97.5,1.8104123342881882,,,,Sand,,,Sand 2,2,3.52,35.1,-2.02,-33.6
-7.720000000000001,9.22,9.94,0.068,1.6,-1.6,0.0,2.4,0.65526,453.0,9.2187,9.94,99.4,1.8007620970819433,,,,Sand,,,Sand 2,2,3.52,35.1,-2.02,-33.6
-7.74,9.24,10.34,0.068,1.4,-1.4,0.2,2.4,0.63797,454.0,9.2387,10.34,103.4,1.780066298927981,,,,Sand,,,Sand 2,2,3.52,35.1,-2.02,-33.6
-7.76,9.26,10.75,0.068,1.4,-1.4,0.0,2.5,0.6215,455.0,9.2587,10.75,107.5,1.759718311758425,,,,Sand,,,Sand 2,2,3.52,35.1,-2.02,-33.6
-7.779999999999999,9.28,11.25,0.07,1.4,-1.4,0.0,2.5,0.62542,456.0,9.2787,11.25,112.5,1.7452029168514915,,,,Sand,,,Sand 2,2,3.52,35.1,-2.02,-33.6
-7.800000000000001,9.3,11.68,0.072,1.4,-1.4,0.2,2.2,0.63248,457.0,9.2987,11.68,116.8,1.7348496018216983,,,,Sand,,,Sand 2,2,3.52,35.1,-2.02,-33.6
-7.82,9.32,11.89,0.078,1.6,-1.6,0.0,2.5,0.68324,457.0,9.3187,11.89,118.9,1.7486115835259324,,,,Sand,,,Sand 2,2,3.52,35.1,-2.02,-33.6
-7.84,9.34,11.93,0.078,1.6,-1.6,0.2,2.5,0.68775,458.0,9.3387,11.93,119.3,1.7491741837356314,,,,Sand,,,Sand 2,2,3.52,35.1,-2.02,-33.6
-7.859999999999999,9.36,11.76,0.078,1.6,-1.4,0.2,2.5,0.69838,459.0,9.3587,11.76,117.6,1.7581669461154152,,,,Sand,,,Sand 2,2,3.52,35.1,-2.02,-33.6
-7.880000000000001,9.38,11.47,0.078,1.6,-1.6,0.0,2.5,0.71478,460.0,9.3787,11.47,114.7,1.7729009222786636,,,,Sand,,,Sand 2,2,3.52,35.1,-2.02,-33.6
-7.9,9.4,10.6,0.076,1.6,-1.6,0.0,2.4,0.71563,461.0,9.3987,10.6,106.0,1.800582294000062,,,,Sand,,,Sand 2,2,3.52,35.1,-2.02,-33.6
-7.92,9.42,10.15,0.076,1.6,-1.6,0.2,2.9,0.73599,461.0,9.4186,10.15,101.5,1.8229707079295185,,,,Sand,,,Sand 2,2,3.52,35.1,-2.02,-33.6
-7.9399999999999995,9.44,9.87,0.076,1.6,-1.6,0.0,2.7,0.75462,462.0,9.4386,9.87,98.7,1.8391974639323998,,,,Sand,,,Sand 2,2,3.52,35.1,-2.02,-33.6
-7.960000000000001,9.46,9.63,0.075,1.6,-1.4,0.2,2.5,0.7594,463.0,9.4586,9.63,96.3,1.849416756697391,,,,Sand,,,Sand 2,2,3.52,35.1,-2.02,-33.6
-7.98,9.48,9.55,0.072,1.6,-1.4,0.2,2.5,0.73376,464.0,9.4786,9.55,95.5,1.8435068514552875,,,,Sand,,,Sand 2,2,3.52,35.1,-2.02,-33.6
-8.0,9.5,9.58,0.069,1.6,-1.6,0.0,2.5,0.70158,464.0,9.4986,9.58,95.8,1.8309978820467718,,,,Sand,,,Sand 2,2,3.52,35.1,-2.02,-33.6
-8.02,9.52,9.72,0.066,1.6,-1.4,0.2,2.5,0.66423,465.0,9.5186,9.72,97.2,1.812109579950733,,,,Sand,,,Sand 2,2,3.52,35.1,-2.02,-33.6
-8.04,9.54,9.91,0.065,1.6,-1.4,0.2,2.5,0.64095,466.0,9.5386,9.91,99.1,1.7963370259703069,,,,Sand,,,Sand 2,2,3.52,35.1,-2.02,-33.6
-8.06,9.56,10.09,0.065,1.6,-1.6,0.0,2.5,0.62575,467.0,9.5586,10.09,100.9,1.783969118889399,,,,Sand,,,Sand 2,2,3.52,35.1,-2.02,-33.6
-8.08,9.58,10.33,0.063,1.6,-1.6,0.2,2.5,0.59183,467.0,9.5786,10.33,103.3,1.7618452578833657,,,,Sand,,,Sand 2,2,3.52,35.1,-2.02,-33.6
-8.1,9.6,10.68,0.062,1.6,-1.4,0.0,2.5,0.57011,468.0,9.5986,10.68,106.8,1.7407504523209312,,,,Sand,,,Sand 2,2,3.52,35.1,-2.02,-33.6
-8.12,9.62,11.27,0.062,1.6,-1.6,0.0,2.4,0.56204,469.0,9.6186,11.27,112.7,1.7179604916226687,,,,Sand,,,Sand 2,2,3.52,35.1,-2.02,-33.6
-8.14,9.64,11.52,0.06,1.6,-1.6,0.2,2.5,0.54042,470.0,9.6386,11.52,115.2,1.7005008862771431,,,,Sand,,,Sand 2,2,3.52,35.1,-2.02,-33.6
-8.16,9.66,11.64,0.06,1.6,-1.6,0.0,2.5,0.54152,471.0,9.6586,11.64,116.4,1.6972709418879215,,,,Sand,,,Sand 2,2,3.52,35.1,-2.02,-33.6
-8.18,9.68,11.56,0.058,1.6,-1.6,0.0,2.5,0.52908,471.0,9.6785,11.56,115.6,1.694107489180334,,,,Sand,,,Sand 2,2,3.52,35.1,-2.02,-33.6
-8.2,9.7,11.16,0.059,1.6,-1.6,0.2,2.5,0.54896,472.0,9.6985,11.16,111.6,1.7157381792224284,,,,Sand,,,Sand 2,2,3.52,35.1,-2.02,-33.6
-8.22,9.72,10.66,0.059,1.6,-1.6,0.2,2.5,0.56325,473.0,9.7185,10.66,106.6,1.7384835636473488,,,,Sand,,,Sand 2,2,3.52,35.1,-2.02,-33.6
-8.24,9.74,10.15,0.061,1.6,-1.6,0.2,2.5,0.59892,474.0,9.7385,10.15,101.5,1.7710664020433617,,,,Sand,,,Sand 2,2,3.52,35.1,-2.02,-33.6
-8.26,9.76,9.74,0.059,1.6,-1.6,0.2,2.5,0.59379,474.0,9.7585,9.74,97.4,1.7838088079251868,,,,Sand,,,Sand 2,2,3.52,35.1,-2.02,-33.6
-8.28,9.78,9.55,0.065,1.6,-1.6,0.0,2.5,0.6665,475.0,9.7785,9.55,95.5,1.8192330014761917,,,,Sand,,,Sand 2,2,3.52,35.1,-2.02,-33.6
-8.3,9.8,9.34,0.07,1.6,-1.6,0.2,2.4,0.7305,476.0,9.7985,9.34,93.4,1.8501870914617058,,,,Sand,,,Sand 2,2,3.52,35.1,-2.02,-33.6
-8.32,9.82,9.32,0.068,1.6,-1.6,0.2,2.5,0.71588,477.0,9.8185,9.32,93.2,1.8458153003165352,,,,Sand,,,Sand 2,2,3.52,35.1,-2.02,-33.6
-8.34,9.84,9.57,0.066,1.6,-1.6,0.0,2.1,0.69419,478.0,9.8385,9.57,95.7,1.8286934000725474,,,,Sand,,,Sand 2,2,3.52,35.1,-2.02,-33.6
-8.36,9.86,9.69,0.064,1.6,-1.6,0.0,2.4,0.6678,479.0,9.8585,9.69,96.9,1.814547124306452,,,,Sand,,,Sand 2,2,3.52,35.1,-2.02,-33.6
-8.38,9.88,9.3,0.063,1.6,-1.6,0.2,2.5,0.64682,479.0,9.8785,9.3,93.0,1.8212819540247744,,,,Sand,,,Sand 2,2,3.52,35.1,-2.02,-33.6
-8.4,9.9,9.48,0.06,1.6,-1.6,0.0,2.5,0.5991,480.0,9.8985,9.48,94.8,1.79572443153908,,,,Sand,,,Sand 2,2,3.52,35.1,-2.02,-33.6
-8.42,9.92,9.81,0.064,1.6,-1.6,0.0,2.4,0.61866,481.0,9.9184,9.81,98.1,1.7912279998311238,,,,Sand,,,Sand 2,2,3.52,35.1,-2.02,-33.6
-8.44,9.94,10.16,0.066,1.6,-1.4,0.2,2.5,0.61246,482.0,9.9384,10.16,101.6,1.776199756825881,,,,Sand,,,Sand 2,2,3.52,35.1,-2.02,-33.6
-8.46,9.96,10.59,0.062,1.6,-1.6,0.0,3.0,0.54788,482.0,9.9584,10.59,105.9,1.7341866890775344,,,,Sand,,,Sand 2,2,3.52,35.1,-2.02,-33.6
-8.48,9.98,11.52,0.06,1.6,-1.6,0.0,2.5,0.50708,483.0,9.9784,11.52,115.2,1.6851624893710315,,,,Sand,,,Sand 2,2,3.52,35.1,-2.02,-33.6
-8.5,10.0,12.21,0.059,1.6,-1.6,0.2,2.4,0.47909,484.0,9.9984,12.21,122.1,1.6505231046824045,,,,Sand,,,Sand 2,2,3.52,35.1,-2.02,-33.6
-8.52,10.02,13.14,0.058,1.6,-1.6,0.2,2.5,0.4549,485.0,10.018,13.14,131.4,1.6115306013336252,,,,Sand,,,Sand 2,2,3.52,35.1,-2.02,-33.6
-8.54,10.04,13.62,0.061,1.6,-1.6,0.2,2.5,0.46419,486.0,10.038,13.62,136.2,1.6033253589485164,,,,Sand,,,Sand 2,2,3.52,35.1,-2.02,-33.6
-8.56,10.06,13.61,0.069,1.6,-1.6,0.0,2.5,0.51182,486.0,10.058,13.61,136.1,1.6274317123725586,,,,Sand,,,Sand 2,2,3.52,35.1,-2.02,-33.6
-8.58,10.08,13.67,0.0703,1.8,-1.8,0.2,2.5,0.50859,487.0,10.078,13.67,136.7,1.6242939969737762,,,,Sand,,,Sand 2,2,3.52,35.1,-2.02,-33.6
-8.6,10.1,13.64,0.0717,1.6,-1.6,0.2,2.5,0.50797,488.0,10.098,13.64,136.4,1.6247759189659063,,,,Sand,,,Sand 2,2,3.52,35.1,-2.02,-33.6
-8.62,10.12,13.72,0.073,1.6,-1.6,0.0,2.5,0.50528,489.0,10.118,13.72,137.2,1.621374916419278,,,,Sand,,,Sand 2,2,3.52,35.1,-2.02,-33.6
-8.64,10.14,14.24,0.075,1.6,-1.6,0.2,2.6,0.50424,489.0,10.138,14.24,142.4,1.6076086354480845,,,,Sand,,,Sand 2,2,3.52,35.1,-2.02,-33.6
-8.66,10.16,14.94,0.078,1.6,-1.4,0.2,2.4,0.50723,490.0,10.158,14.94,149.4,1.5920777431474467,,,,Sand,,,Sand 2,2,3.52,35.1,-2.02,-33.6
-8.68,10.18,15.48,0.0797,1.6,-1.6,0.2,2.5,0.4977,491.0,10.178,15.48,154.8,1.574743172198139,,,,Sand,,,Sand 2,2,3.52,35.1,-2.02,-33.6
-8.7,10.2,16.28,0.0813,1.6,-1.6,0.0,2.5,0.48679,492.0,10.198,16.28,162.8,1.5513550573404529,,,,Sand,,,Sand 2,2,3.52,35.1,-2.02,-33.6
-8.72,10.22,17.02,0.083,1.6,-1.6,0.2,2.5,0.48046,493.0,10.218,17.02,170.2,1.5323860464778736,,,,Sand,,,Sand 2,2,3.52,35.1,-2.02,-33.6
-8.74,10.24,17.7,0.087,1.6,-1.6,0.0,2.5,0.48959,493.0,10.238,17.7,177.0,1.5235303036429406,,,,Sand,,,Sand 2,2,3.52,35.1,-2.02,-33.6
-8.76,10.26,18.73,0.109,1.6,-1.6,0.0,2.4,0.60221,494.0,10.258,18.73,187.3,1.5599396667711432,,,,Sand,,,Sand 2,2,3.52,35.1,-2.02,-33.6
-8.78,10.28,19.22,0.098,1.6,-1.6,0.2,2.5,0.53596,495.0,10.278,19.22,192.2,1.519221283214621,,,,Sand,,,Sand 2,2,3.52,35.1,-2.02,-33.6
-8.8,10.3,18.83,0.094,1.6,-1.6,0.0,2.5,0.51475,496.0,10.298,18.83,188.3,1.5153397397131803,,,,Sand,,,Sand 2,2,3.52,35.1,-2.02,-33.6
-8.82,10.32,18.9,0.0923,1.6,-1.6,0.0,2.5,0.50924,497.0,10.318,18.9,189.0,1.5111977909783252,,,,Sand,,,Sand 2,2,3.52,35.1,-2.02,-33.6
-8.84,10.34,18.12,0.0907,1.6,-1.6,0.0,2.3,0.50812,498.0,10.338,18.12,181.2,1.5251144657051625,,,,Sand,,,Sand 2,2,3.52,35.1,-2.02,-33.6
-8.86,10.36,17.76,0.089,1.6,-1.6,0.0,2.1,0.5059,498.0,10.358,17.76,177.6,1.5309000673141644,,,,Sand,,,Sand 2,2,3.52,35.1,-2.02,-33.6
-8.88,10.38,16.83,0.087,1.6,-1.6,0.0,2.4,0.49921,499.0,10.378,16.83,168.3,1.5461471153280522,,,,Sand,,,Sand 2,2,3.52,35.1,-2.02,-33.6
-8.9,10.4,16.61,0.091,1.6,-1.6,0.2,2.5,0.52632,500.0,10.398,16.61,166.1,1.5644575352673251,,,,Sand,,,Sand 2,2,3.52,35.1,-2.02,-33.6
-8.92,10.42,16.53,0.092,1.6,-1.6,0.0,2.5,0.53102,501.0,10.418,16.53,165.3,1.568456381778061,,,,Sand,,,Sand 2,2,3.52,35.1,-2.02,-33.6
-8.94,10.44,17.16,0.0913,1.6,-1.6,0.0,2.4,0.52224,502.0,10.438,17.16,171.6,1.5511344005663705,,,,Sand,,,Sand 2,2,3.52,35.1,-2.02,-33.6
-8.96,10.46,17.51,0.0907,1.6,-1.6,0.2,2.3,0.50926,502.0,10.458,17.51,175.1,1.5375447433702714,,,,Sand,,,Sand 2,2,3.52,35.1,-2.02,-33.6
-8.98,10.48,17.8,0.09,1.6,-1.6,0.2,2.8,0.49434,503.0,10.478,17.8,178.0,1.5240795413483603,,,,Sand,,,Sand 2,2,3.52,35.1,-2.02,-33.6
-9.0,10.5,18.4,0.093,1.6,-1.6,0.0,2.5,0.49876,504.0,10.498,18.4,184.0,1.5149221428665656,,,,Sand,,,Sand 2,2,3.52,35.1,-2.02,-33.6
-9.02,10.52,19.02,0.0911,1.8,-1.8,0.2,2.4,0.47847,505.0,10.518,19.02,190.2,1.492554222594477,,,,Sand,,,Sand 2,2,3.52,35.1,-2.02,-33.6
-9.04,10.54,19.45,0.0892,1.8,-1.8,0.0,2.4,0.45885,506.0,10.538,19.45,194.5,1.473870477579425,,,,Sand,,,Sand 2,2,3.52,35.1,-2.02,-33.6
-9.06,10.56,19.78,0.0873,1.6,-1.6,0.0,2.4,0.43944,506.0,10.558,19.78,197.8,1.4568254611512832,,,,Sand,,,Sand 2,2,3.52,35.1,-2.02,-33.6
-9.08,10.58,20.05,0.0897,1.6,-1.6,0.0,2.5,0.44332,507.0,10.578,20.05,200.5,1.45435750392046,,,,Sand,,,Sand 2,2,3.52,35.1,-2.02,-33.6
-9.1,10.6,20.31,0.092,1.6,-1.6,0.2,2.5,0.44804,508.0,10.598,20.31,203.1,1.4526221697945074,,,,Sand,,,Sand 2,2,3.52,35.1,-2.02,-33.6
-9.12,10.62,20.71,0.094,1.6,-1.6,0.2,2.5,0.45239,509.0,10.618,20.71,207.1,1.448386471554045,,,,Sand,,,Sand 2,2,3.52,35.1,-2.02,-33.6
-9.14,10.64,21.21,0.09,1.6,-1.6,0.2,2.4,0.42878,510.0,10.638,21.21,212.1,1.4261146236308007,,,,Sand,,,Sand 2,2,3.52,35.1,-2.02,-33.6
-9.16,10.66,21.34,0.106,1.6,-1.6,0.0,2.5,0.50142,510.0,10.658,21.34,213.4,1.4656767938132327,,,,Sand,,,Sand 2,2,3.52,35.1,-2.02,-33.6
-9.18,10.68,21.42,0.1043,1.8,-1.8,0.0,2.5,0.49253,511.0,10.678,21.42,214.2,1.4595429760661351,,,,Sand,,,Sand 2,2,3.52,35.1,-2.02,-33.6
-9.2,10.7,21.41,0.1027,1.8,-1.8,0.2,2.4,0.48561,512.0,10.698,21.41,214.1,1.455867999379117,,,,Sand,,,Sand 2,2,3.52,35.1,-2.02,-33.6
-9.22,10.72,21.47,0.101,1.6,-1.6,0.0,2.4,0.47967,513.0,10.718,21.47,214.7,1.4515935335042986,,,,Sand,,,Sand 2,2,3.52,35.1,-2.02,-33.6
-9.24,10.74,21.25,0.097,1.6,-1.6,0.2,2.4,0.46362,514.0,10.738,21.25,212.5,1.4459986110994258,,,,Sand,,,Sand 2,2,3.52,35.1,-2.02,-33.6
-9.26,10.76,20.6,0.098,1.6,-1.6,0.0,2.4,0.47332,514.0,10.758,20.6,206.0,1.4621714058473168,,,,Sand,,,Sand 2,2,3.52,35.1,-2.02,-33.6
-9.28,10.78,20.49,0.098,1.6,-1.6,0.2,2.4,0.48131,515.0,10.778,20.49,204.9,1.4684671283745636,,,,Sand,,,Sand 2,2,3.52,35.1,-2.02,-33.6
-9.3,10.8,20.47,0.098,1.6,-1.6,0.0,2.5,0.49392,516.0,10.798,20.47,204.7,1.4757290603287343,,,,Sand,,,Sand 2,2,3.52,35.1,-2.02,-33.6
-9.32,10.82,20.27,0.0977,1.6,-1.6,0.2,2.5,0.50875,517.0,10.818,20.27,202.7,1.4870506535916401,,,,Sand,,,Sand 2,2,3.52,35.1,-2.02,-33.6
-9.34,10.84,19.68,0.0973,1.6,-1.6,0.2,2.5,0.52527,518.0,10.838,19.68,196.8,1.5057345081009406,,,,Sand,,,Sand 2,2,3.52,35.1,-2.02,-33.6
-9.36,10.86,18.66,0.097,1.6,-1.6,0.0,2.5,0.54787,518.0,10.858,18.66,186.6,1.535211869494273,,,,Sand,,,Sand 2,2,3.52,35.1,-2.02,-33.6
-9.38,10.88,17.31,0.096,1.6,-1.6,0.2,2.2,0.57207,519.0,10.878,17.31,173.1,1.572418201279906,,,,Sand,,,Sand 2,2,3.52,35.1,-2.02,-33.6
-9.4,10.9,16.15,0.093,1.8,-1.8,0.2,2.3,0.5881,520.0,10.898,16.15,161.49999999999997,1.6035031053533133,,,,Sand,,,Sand 2,2,3.52,35.1,-2.02,-33.6
-9.42,10.92,15.16,0.082,1.8,-1.8,0.2,2.4,0.55094,521.0,10.918,15.16,151.6,1.6081100814360345,,,,Sand,,,Sand 2,2,3.52,35.1,-2.02,-33.6
-9.44,10.94,13.94,0.077,1.8,-1.8,0.2,2.4,0.5478,522.0,10.938,13.94,139.4,1.6360120370714757,,,,Sand,,,Sand 2,2,3.52,35.1,-2.02,-33.6
-9.46,10.96,13.08,0.071,1.8,-1.8,0.0,2.5,0.53179,523.0,10.958,13.08,130.8,1.651089053022262,,,,Sand,,,Sand 2,2,3.52,35.1,-2.02,-33.6
-9.48,10.98,12.53,0.065,1.8,-1.8,0.2,2.2,0.5094,523.0,10.978,12.53,125.3,1.6558854256812765,,,,Sand,,,Sand 2,2,3.52,35.1,-2.02,-33.6
-9.5,11.0,12.24,0.064,1.8,-1.8,0.2,3.1,0.52154,524.0,10.998,12.24,122.4,1.6700408068516959,,,,Sand,,,Sand 2,2,3.52,35.1,-2.02,-33.6
-9.52,11.02,12.04,0.061,1.8,-1.8,0.2,2.8,0.51223,525.0,11.018,12.04,120.4,1.6716052058991042,,,,Sand,,,Sand 2,2,3.52,35.1,-2.02,-33.6
-9.54,11.04,11.67,0.0597,1.8,-1.8,0.2,2.5,0.51283,526.0,11.038,11.67,116.7,1.6831698519353935,,,,Sand,,,Sand 2,2,3.52,35.1,-2.02,-33.6
-9.56,11.06,11.42,0.0583,1.8,-1.6,0.2,2.5,0.50989,526.0,11.058,11.42,114.2,1.6896448390555945,,,,Sand,,,Sand 2,2,3.52,35.1,-2.02,-33.6
-9.58,11.08,11.25,0.057,1.8,-1.8,0.0,2.4,0.50695,527.0,11.078,11.25,112.5,1.693720358101166,,,,Sand,,,Sand 2,2,3.52,35.1,-2.02,-33.6
-9.6,11.1,11.04,0.056,1.8,-1.8,0.0,2.4,0.50627,528.0,11.098,11.04,110.4,1.7002645984056248,,,,Sand,,,Sand 2,2,3.52,35.1,-2.02,-33.6
-9.62,11.12,10.94,0.055,1.8,-1.8,0.2,2.4,0.50441,529.0,11.118,10.94,109.4,1.7027158187626983,,,,Sand,,,Sand 2,2,3.52,35.1,-2.02,-33.6
-9.64,11.14,10.87,0.058,1.8,-1.8,0.0,2.4,0.53903,530.0,11.138,10.87,108.7,1.7208326187164293,,,,Sand,,,Sand 2,2,3.52,35.1,-2.02,-33.6
-9.66,11.16,10.72,0.058,1.8,-1.8,0.0,2.5,0.5464,530.0,11.158,10.72,107.2,1.729122835101049,,,,Sand,,,Sand 2,2,3.52,35.1,-2.02,-33.6
-9.68,11.18,10.58,0.055,1.8,-1.6,0.2,2.5,0.52393,531.0,11.178,10.58,105.8,1.7238752722768866,,,,Sand,,,Sand 2,2,3.52,35.1,-2.02,-33.6
-9.7,11.2,10.41,0.053,1.8,-1.8,0.2,2.5,0.50992,532.0,11.198,10.41,104.1,1.7234150483195205,,,,Sand,,,Sand 2,2,3.52,35.1,-2.02,-33.6
-9.72,11.22,10.27,0.052,1.8,-1.8,0.2,2.5,0.50479,533.0,11.218,10.27,102.7,1.7260214988694214,,,,Sand,,,Sand 2,2,3.52,35.1,-2.02,-33.6
-9.74,11.24,10.09,0.048,1.8,-1.8,0.2,2.5,0.46932,534.0,11.238,10.09,100.9,1.715864855092292,,,,Sand,,,Sand 2,2,3.52,35.1,-2.02,-33.6
-9.76,11.26,10.1,0.048,1.8,-1.8,0.2,2.5,0.47215,534.0,11.258,10.1,101.0,1.7168555184001657,,,,Sand,,,Sand 2,2,3.52,35.1,-2.02,-33.6
-9.78,11.28,10.11,0.045,2.0,-2.0,0.2,2.5,0.44472,535.0,11.278,10.11,101.1,1.7030938397812951,,,,Sand,,,Sand 2,2,3.52,35.1,-2.02,-33.6
-9.8,11.3,10.13,0.045,2.0,-1.8,0.2,2.4,0.44615,536.0,11.298,10.13,101.3,1.7030668593234743,,,,Sand,,,Sand 2,2,3.52,35.1,-2.02,-33.6
-9.82,11.32,10.13,0.041,2.0,-1.8,0.2,2.4,0.40715,537.0,11.318,10.13,101.3,1.6831316424368203,,,,Sand,,,Sand 2,2,3.52,35.1,-2.02,-33.6
-9.84,11.34,10.09,0.04,2.0,-2.0,0.0,2.5,0.39816,538.0,11.338,10.09,100.9,1.6798719073923787,,,,Sand,,,Sand 2,2,3.52,35.1,-2.02,-33.6
-9.86,11.36,10.03,0.04,1.8,-1.8,0.2,2.5,0.3996,538.0,11.358,10.03,100.3,1.6828979107476914,,,,Sand,,,Sand 2,2,3.52,35.1,-2.02,-33.6
-9.88,11.38,10.01,0.038,1.8,-1.8,0.2,2.5,0.38119,539.0,11.378,10.01,100.1,1.6737537758109082,,,,Sand,,,Sand 2,2,3.52,35.1,-2.02,-33.6
-9.9,11.4,9.96,0.039,1.8,-1.8,0.2,2.6,0.3926,540.0,11.398,9.96,99.6,1.6818250973562567,,,,Sand,,,Sand 2,2,3.52,35.1,-2.02,-33.6
-9.92,11.42,9.91,0.041,1.8,-1.8,0.2,2.1,0.41461,541.0,11.418,9.91,99.1,1.6953168614557717,,,,Sand,,,Sand 2,2,3.52,35.1,-2.02,-33.6
-9.94,11.44,9.82,0.041,1.8,-1.8,0.2,2.5,0.41677,542.0,11.438,9.82,98.2,1.699876613521685,,,,Sand,,,Sand 2,2,3.52,35.1,-2.02,-33.6
-9.96,11.46,9.8,0.043,1.8,-1.8,0.0,2.5,0.43973,542.0,11.458,9.8,98.0,1.7122682486086178,,,,Sand,,,Sand 2,2,3.52,35.1,-2.02,-33.6
-9.98,11.48,9.85,0.044,1.8,-1.8,0.2,2.5,0.45221,543.0,11.478,9.85,98.5,1.7165258414919808,,,,Sand,,,Sand 2,2,3.52,35.1,-2.02,-33.6
-10.0,11.5,9.73,0.041,1.8,-1.8,0.2,2.1,0.42257,544.0,11.498,9.73,97.3,1.7063218042342536,,,,Sand,,,Sand 2,2,3.52,35.1,-2.02,-33.6
-10.02,11.52,9.62,0.039,1.8,-1.8,0.0,2.9,0.40258,545.0,11.518,9.62,96.2,1.7003027703545015,,,,Sand,,,Sand 2,2,3.52,35.1,-2.02,-33.6
-10.04,11.54,9.54,0.04,1.8,-1.6,0.2,2.7,0.41328,545.0,11.538,9.54,95.4,1.7090203992918274,,,,Sand,,,Sand 2,2,3.52,35.1,-2.02,-33.6
-10.06,11.56,9.57,0.039,1.8,-2.0,0.2,2.5,0.40394,546.0,11.558,9.57,95.7,1.7029923112157477,,,,Sand,,,Sand 2,2,3.52,35.1,-2.02,-33.6
-10.08,11.58,9.69,0.04,1.8,-1.8,0.2,2.6,0.41472,547.0,11.578,9.69,96.9,1.7038569601982112,,,,Sand,,,Sand 2,2,3.52,35.1,-2.02,-33.6
-10.1,11.6,9.7,0.038,1.8,-1.8,0.2,2.4,0.39373,548.0,11.598,9.7,97.0,1.6924877233876208,,,,Sand,,,Sand 2,2,3.52,35.1,-2.02,-33.6
-10.12,11.62,9.73,0.037,1.8,-1.8,0.2,2.5,0.38243,549.0,11.618,9.73,97.3,1.6852534504412349,,,,Sand,,,Sand 2,2,3.52,35.1,-2.02,-33.6
-10.14,11.64,9.66,0.036,1.8,-1.8,0.2,2.5,0.37152,549.0,11.638,9.66,96.6,1.6820715824002537,,,,Sand,,,Sand 2,2,3.52,35.1,-2.02,-33.6
-10.16,11.66,9.65,0.035,1.8,-1.8,0.2,2.5,0.36157,550.0,11.658,9.65,96.5,1.6769652642414623,,,,Sand,,,Sand 2,2,3.52,35.1,-2.02,-33.6
-10.18,11.68,9.67,0.037,2.0,-2.0,0.2,2.5,0.38297,551.0,11.678,9.67,96.7,1.6879076328973937,,,,Sand,,,Sand 2,2,3.52,35.1,-2.02,-33.6
-10.2,11.7,9.73,0.038,2.0,-1.8,0.2,2.5,0.39419,552.0,11.698,9.73,97.3,1.6915570296159568,,,,Sand,,,Sand 2,2,3.52,35.1,-2.02,-33.6
-10.22,11.72,9.69,0.041,2.0,-1.8,0.2,2.5,0.4262,552.0,11.718,9.69,96.9,1.7097187315790556,,,,Sand,,,Sand 2,2,3.52,35.1,-2.02,-33.6
-10.24,11.74,9.61,0.041,2.0,-2.0,0.2,2.5,0.42697,553.0,11.738,9.61,96.1,1.713233023837287,,,,Sand,,,Sand 2,2,3.52,35.1,-2.02,-33.6
-10.26,11.76,9.55,0.045,1.8,-1.8,0.2,2.6,0.47016,554.0,11.758,9.55,95.5,1.736718832188289,,,,Sand,,,Sand 2,2,3.52,35.1,-2.02,-33.6
-10.28,11.78,9.56,0.045,1.8,-1.8,0.0,2.5,0.47263,555.0,11.778,9.56,95.6,1.7374993581908684,,,,Sand,,,Sand 2,2,3.52,35.1,-2.02,-33.6
-10.3,11.8,9.5,0.046,1.8,-1.8,0.2,2.5,0.48574,556.0,11.798,9.5,95.0,1.7459830500345672,,,,Sand,,,Sand 2,2,3.52,35.1,-2.02,-33.6
-10.32,11.82,9.51,0.046,1.8,-1.8,0.2,2.5,0.48806,556.0,11.818,9.51,95.1,1.7466679574196933,,,,Sand,,,Sand 2,2,3.52,35.1,-2.02,-33.6
-10.34,11.84,9.42,0.047,2.0,-2.0,0.2,2.5,0.50053,557.0,11.838,9.42,94.2,1.7559087201570955,,,,Sand,,,Sand 2,2,3.52,35.1,-2.02,-33.6
-10.36,11.86,9.33,0.047,1.8,-1.8,0.2,2.5,0.50207,558.0,11.858,9.33,93.3,1.7601596311707808,,,,Sand,,,Sand 2,2,3.52,35.1,-2.02,-33.6
-10.38,11.88,9.28,0.044,1.8,-1.8,0.2,2.5,0.47097,559.0,11.878,9.28,92.8,1.7477983344520485,,,,Sand,,,Sand 2,2,3.52,35.1,-2.02,-33.6
-10.4,11.9,9.25,0.044,1.8,-1.8,0.2,2.5,0.47185,559.0,11.898,9.25,92.5,1.7494213917237533,,,,Sand,,,Sand 2,2,3.52,35.1,-2.02,-33.6
-10.42,11.92,9.27,0.042,2.0,-2.0,0.2,2.5,0.4507,560.0,11.918,9.27,92.7,1.7385191369871178,,,,Sand,,,Sand 2,2,3.52,35.1,-2.02,-33.6
-10.44,11.94,9.33,0.042,2.0,-1.8,0.2,2.2,0.45028,561.0,11.938,9.33,93.3,1.7358937281921847,,,,Sand,,,Sand 2,2,3.52,35.1,-2.02,-33.6
-10.46,11.96,9.35,0.041,2.0,-2.0,0.2,2.5,0.43891,562.0,11.958,9.35,93.5,1.7295251623940873,,,,Sand,,,Sand 2,2,3.52,35.1,-2.02,-33.6
-10.48,11.98,9.37,0.042,2.0,-2.0,0.2,2.5,0.44884,563.0,11.977,9.37,93.7,1.7335881666479098,,,,Sand,,,Sand 2,2,3.52,35.1,-2.02,-33.6
-10.5,12.0,9.37,0.043,1.8,-1.8,0.2,2.5,0.45867,563.0,11.997,9.37,93.7,1.7383403276646108,,,,Sand,,,Sand 2,2,3.52,35.1,-2.02,-33.6
-10.52,12.02,9.4,0.043,1.8,-1.8,0.2,2.2,0.4583,564.0,12.017,9.4,94.0,1.7369661175715414,,,,Sand,,,Sand 2,2,3.52,35.1,-2.02,-33.6
-10.54,12.04,9.39,0.042,1.8,-1.8,0.2,3.0,0.44758,565.0,12.037,9.39,93.9,1.7321737949311877,,,,Sand,,,Sand 2,2,3.52,35.1,-2.02,-33.6
-10.56,12.06,9.38,0.042,1.8,-1.8,0.2,2.7,0.4474,566.0,12.057,9.38,93.8,1.7324860249165133,,,,Sand,,,Sand 2,2,3.52,35.1,-2.02,-33.6
-10.58,12.08,9.41,0.043,2.0,-2.0,0.2,2.5,0.45818,567.0,12.077,9.41,94.1,1.7365104876641,,,,Sand,,,Sand 2,2,3.52,35.1,-2.02,-33.6
-10.6,12.1,9.39,0.044,2.0,-2.0,0.2,2.5,0.46933,567.0,12.097,9.39,93.9,1.7426255810599627,,,,Sand,,,Sand 2,2,3.52,35.1,-2.02,-33.6
-10.62,12.12,9.36,0.043,2.0,-2.0,0.2,2.5,0.45891,568.0,12.117,9.36,93.6,1.7388552278961764,,,,Sand,,,Sand 2,2,3.52,35.1,-2.02,-33.6
-10.64,12.14,9.4,0.044,2.0,-2.0,0.2,2.4,0.46933,569.0,12.137,9.4,94.0,1.7422284034677604,,,,Sand,,,Sand 2,2,3.52,35.1,-2.02,-33.6
-10.66,12.16,9.35,0.045,2.0,-1.8,0.2,2.5,0.47923,570.0,12.157,9.35,93.5,1.7488697255877697,,,,Sand,,,Sand 2,2,3.52,35.1,-2.02,-33.6
-10.68,12.18,9.32,0.046,2.0,-2.0,0.2,2.5,0.48793,570.0,12.177,9.32,93.2,1.7540997663780125,,,,Sand,,,Sand 2,2,3.52,35.1,-2.02,-33.6
-10.7,12.2,9.35,0.046,2.0,-2.0,0.2,2.5,0.48459,571.0,12.197,9.35,93.5,1.7513619605352726,,,,Sand,,,Sand 2,2,3.52,35.1,-2.02,-33.6
-10.72,12.22,9.42,0.047,2.0,-1.8,0.2,2.5,0.49118,572.0,12.217,9.42,94.2,1.7516344563851243,,,,Sand,,,Sand 2,2,3.52,35.1,-2.02,-33.6
-10.74,12.24,9.53,0.046,2.0,-1.8,0.2,2.5,0.47545,573.0,12.237,9.53,95.3,1.7400003143483265,,,,Sand,,,Sand 2,2,3.52,35.1,-2.02,-33.6
-10.76,12.26,9.69,0.046,2.0,-2.0,0.0,2.4,0.46807,574.0,12.257,9.69,96.9,1.7303029986789071,,,,Sand,,,Sand 2,2,3.52,35.1,-2.02,-33.6
-10.78,12.28,9.88,0.045,2.0,-1.8,0.2,2.5,0.44949,574.0,12.277,9.88,98.8,1.7140543546524056,,,,Sand,,,Sand 2,2,3.52,35.1,-2.02,-33.6
-10.8,12.3,10.01,0.045,2.0,-2.0,0.2,2.6,0.43881,575.0,12.297,10.01,100.1,1.7038617288007383,,,,Sand,,,Sand 2,2,3.52,35.1,-2.02,-33.6
-10.82,12.32,10.2,0.045,2.0,-2.0,0.2,2.5,0.42639,576.0,12.317,10.2,102.0,1.6905210479331834,,,,Sand,,,Sand 2,2,3.52,35.1,-2.02,-33.6
-10.84,12.34,10.54,0.044,2.0,-2.0,0.2,2.5,0.40372,577.0,12.337,10.54,105.4,1.6663369710412035,,,,Sand,,,Sand 2,2,3.52,35.1,-2.02,-33.6
-10.86,12.36,10.82,0.042,2.0,-2.0,0.2,2.5,0.3723,578.0,12.357,10.82,108.2,1.6391934460133692,,,,Sand,,,Sand 2,2,3.52,35.1,-2.02,-33.6
-10.88,12.38,11.37,0.0427,2.0,-2.0,0.2,2.5,0.36496,578.0,12.377,11.37,113.7,1.616162467836435,,,,Sand,,,Sand 2,2,3.52,35.1,-2.02,-33.6
-10.9,12.4,11.92,0.0433,2.0,-1.8,0.2,2.5,0.35741,579.0,12.397,11.92,119.2,1.5938169974811094,,,,Sand,,,Sand 2,2,3.52,35.1,-2.02,-33.6
-10.92,12.42,12.45,0.044,2.0,-2.0,0.2,2.5,0.35246,580.0,12.417,12.45,124.5,1.5743623515863585,,,,Sand,,,Sand 2,2,3.52,35.1,-2.02,-33.6
-10.94,12.44,12.94,0.046,2.0,-2.0,0.2,2.4,0.35976,581.0,12.437,12.94,129.4,1.5641414550106185,,,,Sand,,,Sand 2,2,3.52,35.1,-2.02,-33.6
-10.96,12.46,13.36,0.05,2.0,-2.0,0.2,2.3,0.38417,582.0,12.457,13.36,133.6,1.5665612837452876,,,,Sand,,,Sand 2,2,3.52,35.1,-2.02,-33.6
-10.98,12.48,13.52,0.05,2.0,-2.0,0.2,2.2,0.37965,582.0,12.477,13.52,135.2,1.5594862126213553,,,,Sand,,,Sand 2,2,3.52,35.1,-2.02,-33.6
-11.0,12.5,13.49,0.049,2.0,-2.0,0.2,2.5,0.3687,583.0,12.497,13.49,134.9,1.5538412404274586,,,,Sand,,,Sand 2,2,3.52,35.1,-2.02,-33.6
-11.02,12.52,13.24,0.051,2.0,-2.0,0.2,2.5,0.38106,584.0,12.517,13.24,132.4,1.5681187367270555,,,,Sand,,,Sand 2,2,3.52,35.1,-2.02,-33.6
-11.04,12.54,13.2,0.052,2.0,-2.0,0.2,2.5,0.38647,585.0,12.537,13.2,132.0,1.5723824627027272,,,,Sand,,,Sand 2,2,3.52,35.1,-2.02,-33.6
-11.06,12.56,13.16,0.053,2.0,-2.0,0.2,2.4,0.39223,586.0,12.557,13.16,131.6,1.5768190444137378,,,,Sand,,,Sand 2,2,3.52,35.1,-2.02,-33.6
-11.08,12.58,13.41,0.055,2.0,-2.0,0.2,2.6,0.40542,586.0,12.577,13.41,134.1,1.5773155853883474,,,,Sand,,,Sand 2,2,3.52,35.1,-2.02,-33.6
-11.1,12.6,13.69,0.053,2.2,-2.1,0.2,2.9,0.38913,587.0,12.597,13.69,136.9,1.5603631657038137,,,,Sand,,,Sand 2,2,3.52,35.1,-2.02,-33.6
-11.12,12.62,13.93,0.052,2.2,-2.0,0.0,2.5,0.38193,588.0,12.617,13.93,139.3,1.5497043632787515,,,,Sand,,,Sand 2,2,3.52,35.1,-2.02,-33.6
-11.14,12.64,13.98,0.055,2.2,-2.1,0.2,2.4,0.40628,589.0,12.637,13.98,139.8,1.562444517173097,,,,Sand,,,Sand 2,2,3.52,35.1,-2.02,-33.6
-11.16,12.66,13.92,0.057,2.2,-2.1,0.2,2.4,0.42665,590.0,12.657,13.92,139.2,1.575390382825119,,,,Sand,,,Sand 2,2,3.52,35.1,-2.02,-33.6
-11.18,12.68,13.67,0.057,2.0,-2.0,0.2,2.5,0.43528,590.0,12.677,13.67,136.7,1.5867127525077696,,,,Sand,,,Sand 2,2,3.52,35.1,-2.02,-33.6
-11.2,12.7,13.16,0.061,2.0,-2.0,0.2,2.5,0.47759,591.0,12.697,13.16,131.6,1.6225935873825945,,,,Sand,,,Sand 2,2,3.52,35.1,-2.02,-33.6
-11.22,12.72,12.54,0.062,2.0,-2.0,0.2,2.5,0.4993,592.0,12.717,12.54,125.4,1.6507439578546725,,,,Sand,,,Sand 2,2,3.52,35.1,-2.02,-33.6
-11.24,12.74,11.99,0.061,2.2,-2.1,0.2,2.5,0.50439,593.0,12.737,11.99,119.9,1.6693957048034704,,,,Sand,,,Sand 2,2,3.52,35.1,-2.02,-33.6
-11.26,12.76,11.57,0.062,2.0,-2.0,0.2,2.5,0.52442,593.0,12.757,11.57,115.7,1.6916583948144244,,,,Sand,,,Sand 2,2,3.52,35.1,-2.02,-33.6
-11.28,12.78,11.35,0.061,2.0,-2.0,0.0,2.5,0.52552,594.0,12.777,11.35,113.5,1.6991011879697202,,,,Sand,,,Sand 2,2,3.52,35.1,-2.02,-33.6
-11.3,12.8,11.14,0.059,2.0,-2.0,0.2,2.5,0.51534,595.0,12.797,11.14,111.4,1.701192144083158,,,,Sand,,,Sand 2,2,3.52,35.1,-2.02,-33.6
-11.32,12.82,11.33,0.056,2.0,-2.0,0.2,2.4,0.49356,596.0,12.817,11.33,113.3,1.684812993344336,,,,Sand,,,Sand 2,2,3.52,35.1,-2.02,-33.6
-11.34,12.84,11.5,0.055,2.2,-2.1,0.4,2.4,0.48813,597.0,12.837,11.5,115.0,1.676773488452307,,,,Sand,,,Sand 2,2,3.52,35.1,-2.02,-33.6
-11.36,12.86,11.44,0.056,2.2,-2.0,0.2,2.5,0.50017,597.0,12.857,11.44,114.4,1.6844341255801845,,,,Sand,,,Sand 2,2,3.52,35.1,-2.02,-33.6
-11.38,12.88,11.27,0.053,2.2,-2.0,0.2,2.6,0.47544,598.0,12.877,11.27,112.7,1.6780108777330907,,,,Sand,,,Sand 2,2,3.52,35.1,-2.02,-33.6
-11.4,12.9,11.17,0.052,2.2,-2.1,0.2,2.5,0.46905,599.0,12.897,11.17,111.7,1.678155038880851,,,,Sand,,,Sand 2,2,3.52,35.1,-2.02,-33.6
-11.42,12.92,10.94,0.052,2.2,-2.1,0.4,2.5,0.47096,600.0,12.917,10.94,109.4,1.6867518755664317,,,,Sand,,,Sand 2,2,3.52,35.1,-2.02,-33.6
-11.44,12.94,10.78,0.048,2.2,-2.0,0.2,2.5,0.43463,600.0,12.937,10.78,107.8,1.674047265147119,,,,Sand,,,Sand 2,2,3.52,35.1,-2.02,-33.6
-11.46,12.96,10.75,0.047,2.2,-2.0,0.2,2.5,0.42242,601.0,12.957,10.75,107.5,1.668780788188018,,,,Sand,,,Sand 2,2,3.52,35.1,-2.02,-33.6
-11.48,12.98,10.84,0.047,2.2,-2.1,0.2,2.5,0.41607,602.0,12.977,10.84,108.4,1.6623300552702693,,,,Sand,,,Sand 2,2,3.52,35.1,-2.02,-33.6
-11.5,13.0,11.14,0.048,2.2,-2.0,0.4,2.4,0.41563,603.0,12.997,11.14,111.4,1.65187317997243,,,,Sand,,,Sand 2,2,3.52,35.1,-2.02,-33.6
-11.52,13.02,11.46,0.048,2.2,-2.1,0.2,2.1,0.40387,604.0,13.017,11.46,114.6,1.6349541936824727,,,,Sand,,,Sand 2,2,3.52,35.1,-2.02,-33.6
-11.54,13.04,11.93,0.05,2.2,-2.0,0.2,2.4,0.40746,605.0,13.037,11.93,119.3,1.6218791350308976,,,,Sand,,,Sand 2,2,3.52,35.1,-2.02,-33.6
-11.56,13.06,12.53,0.053,2.2,-2.1,0.2,2.5,0.41802,605.0,13.057,12.53,125.3,1.6093883182388087,,,,Sand,,,Sand 2,2,3.52,35.1,-2.02,-33.6
-11.58,13.08,12.96,0.055,2.2,-2.1,0.2,2.5,0.41973,606.0,13.077,12.96,129.6,1.597848435186292,,,,Sand,,,Sand 2,2,3.52,35.1,-2.02,-33.6
-11.6,13.1,13.47,0.071,2.2,-2.1,0.2,2.2,0.5237,607.0,13.097,13.47,134.7,1.6368174375913183,,,,Sand,,,Sand 2,2,3.52,35.1,-2.02,-33.6
-11.62,13.12,13.84,0.07,2.2,-2.0,0.2,3.1,0.49729,608.0,13.117,13.84,138.4,1.614327315309374,,,,Sand,,,Sand 2,2,3.52,35.1,-2.02,-33.6
-11.64,13.14,14.1,0.074,2.2,-2.1,0.2,3.0,0.50898,608.0,13.137,14.1,141.0,1.6134547939057005,,,,Sand,,,Sand 2,2,3.52,35.1,-2.02,-33.6
-11.66,13.16,14.54,0.079,2.2,-2.1,0.2,2.6,0.52746,609.0,13.157,14.54,145.4,1.6115548213937998,,,,Sand,,,Sand 2,2,3.52,35.1,-2.02,-33.6
-11.68,13.18,15.09,0.0778,2.2,-2.1,0.2,2.5,0.50507,610.0,13.177,15.09,150.9,1.587470190954433,,,,Sand,,,Sand 2,2,3.52,35.1,-2.02,-33.6
-11.7,13.2,16.08,0.0765,2.2,-2.1,0.2,2.4,0.48315,611.0,13.197,16.08,160.79999999999998,1.553813758181722,,,,Sand,,,Sand 2,2,3.52,35.1,-2.02,-33.6
-11.72,13.22,16.23,0.0753,2.2,-2.0,0.2,2.4,0.46363,611.0,13.217,16.23,162.3,1.5401614889565793,,,,Sand,,,Sand 2,2,3.52,35.1,-2.02,-33.6
-11.74,13.24,16.47,0.077,2.2,-2.1,0.2,2.5,0.46305,612.0,13.237,16.47,164.7,1.5346379675082802,,,,Sand,,,Sand 2,2,3.52,35.1,-2.02,-33.6
-11.76,13.26,16.88,0.076,2.2,-2.1,0.2,2.5,0.44887,613.0,13.257,16.88,168.8,1.5181296236309907,,,,Sand,,,Sand 2,2,3.52,35.1,-2.02,-33.6
-11.78,13.28,17.28,0.089,2.2,-2.0,0.2,2.5,0.51982,614.0,13.277,17.28,172.8,1.5475041992658078,,,,Sand,,,Sand 2,2,3.52,35.1,-2.02,-33.6
-11.8,13.3,17.36,0.089,2.2,-2.1,0.2,2.5,0.51579,615.0,13.297,17.36,173.6,1.543863216769945,,,,Sand,,,Sand 2,2,3.52,35.1,-2.02,-33.6
-11.82,13.32,17.64,0.0847,2.2,-2.1,0.4,2.5,0.48974,615.0,13.317,17.64,176.4,1.5247927970502173,,,,Sand,,,Sand 2,2,3.52,35.1,-2.02,-33.6
-11.84,13.34,17.51,0.0851,2.2,-2.1,0.4,2.5,0.4934,616.0,13.337,17.51,175.1,1.529300349212111,,,,Sand,,,Sand 2,2,3.52,35.1,-2.02,-33.6
-11.86,13.36,17.6,0.0856,2.4,-2.3,0.2,2.6,0.50037,617.0,13.357,17.6,176.0,1.5311648029032714,,,,Sand,,,Sand 2,2,3.52,35.1,-2.02,-33.6
-11.88,13.38,17.3,0.086,2.2,-2.1,0.4,2.5,0.50888,618.0,13.377,17.3,173.0,1.541533804763512,,,,Sand,,,Sand 2,2,3.52,35.1,-2.02,-33.6
-11.9,13.4,16.79,0.082,2.4,-2.3,0.4,2.4,0.49349,619.0,13.397,16.79,167.9,1.5440129940717586,,,,Sand,,,Sand 2,2,3.52,35.1,-2.02,-33.6
-11.92,13.42,16.5,0.081,2.2,-2.1,0.2,2.5,0.49693,619.0,13.417,16.5,165.0,1.551899930153917,,,,Sand,,,Sand 2,2,3.52,35.1,-2.02,-33.6
-11.94,13.44,16.16,0.076,2.2,-2.1,0.4,2.5,0.47772,620.0,13.437,16.16,161.6,1.5492072349786379,,,,Sand,,,Sand 2,2,3.52,35.1,-2.02,-33.6
-11.96,13.46,15.7,0.068,2.2,-2.1,0.4,2.5,0.4373,621.0,13.456,15.7,157.0,1.5376192650812481,,,,Sand,,,Sand 2,2,3.52,35.1,-2.02,-33.6
-11.98,13.48,15.37,0.066,2.4,-2.3,0.2,2.5,0.43378,622.0,13.476,15.37,153.7,1.543320122286842,,,,Sand,,,Sand 2,2,3.52,35.1,-2.02,-33.6
-12.0,13.5,14.98,0.063,2.4,-2.1,0.4,2.5,0.42296,622.0,13.496,14.98,149.8,1.5465840313789414,,,,Sand,,,Sand 2,2,3.52,35.1,-2.02,-33.6
-12.02,13.52,14.47,0.064,2.4,-2.3,0.4,2.3,0.43746,623.0,13.516,14.47,144.7,1.5671909609592323,,,,Sand,,,Sand 2,2,3.52,35.1,-2.02,-33.6
-12.04,13.54,14.43,0.061,2.4,-2.3,0.4,2.3,0.42258,624.0,13.536,14.43,144.3,1.5599950908596496,,,,Sand,,,Sand 2,2,3.52,35.1,-2.02,-33.6
-12.06,13.56,14.11,0.0623,2.4,-2.3,0.4,2.6,0.43471,625.0,13.556,14.11,141.1,1.5748509496518082,,,,Sand,,,Sand 2,2,3.52,35.1,-2.02,-33.6
-12.08,13.58,13.94,0.0637,2.4,-2.3,0.4,2.4,0.44429,626.0,13.576,13.94,139.4,1.5844318902268144,,,,Sand,,,Sand 2,2,3.52,35.1,-2.02,-33.6
-12.1,13.6,14.04,0.065,2.4,-2.3,0.4,2.5,0.44754,627.0,13.596,14.04,140.4,1.5835737720878782,,,,Sand,,,Sand 2,2,3.52,35.1,-2.02,-33.6
-12.12,13.62,14.14,0.064,2.4,-2.3,0.4,2.3,0.43574,627.0,13.616,14.14,141.4,1.5746382238021637,,,,Sand,,,Sand 2,2,3.52,35.1,-2.02,-33.6
-12.14,13.64,14.54,0.068,2.4,-2.3,0.4,2.8,0.4571,628.0,13.636,14.54,145.4,1.5760100192212123,,,,Sand,,,Sand 2,2,3.52,35.1,-2.02,-33.6
-12.16,13.66,15.03,0.069,2.4,-2.3,0.4,2.8,0.45492,629.0,13.656,15.03,150.3,1.562921941626752,,,,Sand,,,Sand 2,2,3.52,35.1,-2.02,-33.6
-12.18,13.68,15.96,0.093,2.4,-2.3,0.4,2.6,0.60243,630.0,13.676,15.96,159.6,1.6140070804808349,,,,Sand,,,Sand 2,2,3.52,35.1,-2.02,-33.6
-12.2,13.7,15.74,0.0927,2.4,-2.3,0.4,2.5,0.58857,630.0,13.696,15.74,157.4,1.6125189253468957,,,,Sand,,,Sand 2,2,3.52,35.1,-2.02,-33.6
-12.22,13.72,15.62,0.0923,2.4,-2.3,0.4,2.5,0.57223,631.0,13.716,15.62,156.2,1.6076798302245159,,,,Sand,,,Sand 2,2,3.52,35.1,-2.02,-33.6
-12.24,13.74,16.27,0.092,2.4,-2.3,0.4,2.5,0.55783,632.0,13.736,16.27,162.7,1.58689355361553,,,,Sand,,,Sand 2,2,3.52,35.1,-2.02,-33.6
-12.26,13.76,16.2,0.094,2.4,-2.3,0.4,2.4,0.55911,633.0,13.756,16.2,162.0,1.5889850051333971,,,,Sand,,,Sand 2,2,3.52,35.1,-2.02,-33.6
-12.28,13.78,16.64,0.094,2.4,-2.3,0.6,2.4,0.54619,633.0,13.776,16.64,166.4,1.5735708024933108,,,,Sand,,,Sand 2,2,3.52,35.1,-2.02,-33.6
-12.3,13.8,17.58,0.098,2.6,-2.5,0.6,2.5,0.55528,634.0,13.796,17.58,175.8,1.5591222613230096,,,,Sand,,,Sand 2,2,3.52,35.1,-2.02,-33.6
-12.32,13.82,17.93,0.097,2.6,-2.3,0.6,2.5,0.53755,635.0,13.816,17.93,179.3,1.5436880945196723,,,,Sand,,,Sand 2,2,3.52,35.1,-2.02,-33.6
-12.34,13.84,18.52,0.105,2.6,-2.3,0.4,2.5,0.56849,636.0,13.836,18.52,185.2,1.547821631189557,,,,Sand,,,Sand 2,2,3.52,35.1,-2.02,-33.6
-12.36,13.86,18.92,0.086,2.6,-2.5,0.6,2.5,0.45611,637.0,13.856,18.92,189.2,1.4819583449931448,,,,Sand,,,Sand 2,2,3.52,35.1,-2.02,-33.6
-12.38,13.88,19.13,0.085,2.6,-2.5,0.6,2.5,0.44413,637.0,13.876,19.13,191.3,1.4712563009405304,,,,Sand,,,Sand 2,2,3.52,35.1,-2.02,-33.6
-12.4,13.9,19.44,0.086,2.6,-2.5,0.6,2.5,0.44253,638.0,13.896,19.44,194.4,1.464696321812878,,,,Sand,,,Sand 2,2,3.52,35.1,-2.02,-33.6
-12.42,13.92,19.6,0.089,2.5667,-2.3,0.6,2.6,0.45235,639.0,13.916,19.6,196.0,1.4674932801682674,,,,Sand,,,Sand 2,2,3.52,35.1,-2.02,-33.6
-12.44,13.94,19.72,0.087,2.5333,-2.5,0.6,2.4,0.43544,640.0,13.936,19.72,197.2,1.455541696376356,,,,Sand,,,Sand 2,2,3.52,35.1,-2.02,-33.6
-12.46,13.96,19.85,0.097,2.5,-2.3,0.8,2.4,0.47669,641.0,13.956,19.85,198.5,1.4768119058974558,,,,Sand,,,Sand 2,2,3.52,35.1,-2.02,-33.6
-12.48,13.98,20.29,0.122,2.4,-2.3,0.6,2.4,0.58934,641.0,13.976,20.29,202.9,1.5273302495526193,,,,Sand,,,Sand 2,2,3.52,35.1,-2.02,-33.6
-12.5,14.0,20.45,0.148,2.4,-2.3,0.6,2.5,0.70063,642.0,13.996,20.45,204.5,1.5745660444180734,,,,Sand,,,Sand 2,2,3.52,35.1,-2.02,-33.6
-12.52,14.02,21.36,0.1453,2.4,-2.3,0.6,2.5,0.6723,643.0,14.016,21.36,213.6,1.548514702807722,,,,Sand,,,Sand 2,2,3.52,35.1,-2.02,-33.6
-12.54,14.04,22.08,0.1427,2.6,-2.5,0.6,2.5,0.65078,644.0,14.036,22.08,220.8,1.52835347260049,,,,Sand,,,Sand 2,2,3.52,35.1,-2.02,-33.6
-12.56,14.06,22.26,0.14,2.6556,-2.3,0.6,2.4,0.63452,645.0,14.056,22.26,222.6,1.5183359936941725,,,,Sand,,,Sand 2,2,3.52,35.1,-2.02,-33.6
-12.58,14.08,22.98,0.143,2.7111,-2.7,0.6,2.2,0.64673,645.0,14.076,22.98,229.8,1.513768372611025,,,,Sand,,,Sand 2,2,3.52,35.1,-2.02,-33.6
-12.6,14.1,23.63,0.137,2.7667,-2.1,1.0,2.6,0.62287,646.0,14.096,23.63,236.3,1.493785099409306,,,,Sand,,,Sand 2,2,3.52,35.1,-2.02,-33.6
-12.62,14.12,22.37,0.125,2.7333,-2.3,0.6,2.5,0.57418,647.0,14.116,22.37,223.7,1.4878452247635017,,,,Sand,,,Sand 2,2,3.52,35.1,-2.02,-33.6
-12.64,14.14,21.38,0.12,2.7,-2.5,0.8,2.4,0.55769,648.0,14.136,21.38,213.8,1.4944890753958682,,,,Sand,,,Sand 2,2,3.52,35.1,-2.02,-33.6
-12.66,14.16,20.83,0.122,2.7,-2.5,0.8,2.4,0.57656,649.0,14.156,20.83,208.3,1.5124722635703798,,,,Sand,,,Sand 2,2,3.52,35.1,-2.02,-33.6
-12.68,14.18,20.43,0.125,2.7,-2.5,0.8,2.2,0.60354,650.0,14.176,20.43,204.3,1.531793092103589,,,,Sand,,,Sand 2,2,3.52,35.1,-2.02,-33.6
-12.7,14.2,20.28,0.137,2.7,-2.5,0.8,3.1,0.67177,650.0,14.196,20.28,202.8,1.564954295574926,,,,Sand,,,Sand 2,2,3.52,35.1,-2.02,-33.6
-12.72,14.22,20.24,0.133,2.7,-2.5,0.8,2.8,0.65891,651.0,14.216,20.24,202.4,1.559988988629134,,,,Sand,,,Sand 2,2,3.52,35.1,-2.02,-33.6
-12.74,14.24,20.12,0.129,2.7,-2.5,0.8,2.5,0.64323,652.0,14.236,20.12,201.2,1.5549793976291404,,,,Sand,,,Sand 2,2,3.52,35.1,-2.02,-33.6
-12.76,14.26,20.04,0.125,2.7,-2.3,0.8,2.5,0.62523,652.0,14.256,20.04,200.4,1.5481601451955371,,,,Sand,,,Sand 2,2,3.52,35.1,-2.02,-33.6
-12.78,14.28,19.83,0.127,2.7,-2.5,0.8,2.5,0.63607,653.0,14.276,19.83,198.3,1.5565135151971972,,,,Sand,,,Sand 2,2,3.52,35.1,-2.02,-33.6
-12.8,14.3,19.71,0.129,2.7,-2.5,0.8,2.4,0.64565,654.0,14.296,19.71,197.1,1.5627717911460592,,,,Sand,,,Sand 2,2,3.52,35.1,-2.02,-33.6
-12.82,14.32,19.79,0.131,2.7,-2.5,1.0,2.5,0.6532,655.0,14.316,19.79,197.9,1.564784349526116,,,,Sand,,,Sand 2,2,3.52,35.1,-2.02,-33.6
-12.84,14.34,19.93,0.132,2.7,-2.5,0.8,2.4,0.65363,656.0,14.336,19.93,199.3,1.5626789390159914,,,,Sand,,,Sand 2,2,3.52,35.1,-2.02,-33.6
-12.86,14.36,20.07,0.135,2.7,-2.5,1.0,2.4,0.661,656.0,14.356,20.07,200.7,1.563638293788538,,,,Sand,,,Sand 2,2,3.52,35.1,-2.02,-33.6
-12.88,14.38,20.35,0.135,2.7,-2.5,0.8,2.5,0.65119,657.0,14.376,20.35,203.5,1.5548261244886727,,,,Sand,,,Sand 2,2,3.52,35.1,-2.02,-33.6
-12.9,14.4,20.72,0.137,2.7,-2.5,0.8,2.5,0.64933,658.0,14.396,20.72,207.2,1.5481606989666477,,,,Sand,,,Sand 2,2,3.52,35.1,-2.02,-33.6
-12.92,14.42,21.16,0.138,2.7,-2.5,1.0,2.5,0.64208,659.0,14.416,21.16,211.6,1.5381104779450743,,,,Sand,,,Sand 2,2,3.52,35.1,-2.02,-33.6
-12.94,14.44,21.66,0.14,2.7,-2.5,0.8,2.5,0.63971,660.0,14.436,21.66,216.6,1.5295006210549744,,,,Sand,,,Sand 2,2,3.52,35.1,-2.02,-33.6
-12.96,14.46,22.17,0.141,2.7,-2.5,1.0,2.6,0.63275,660.0,14.455,22.17,221.7,1.5188212168636586,,,,Sand,,,Sand 2,2,3.52,35.1,-2.02,-33.6
-12.98,14.48,22.73,0.144,2.7,-2.5,0.8,2.4,0.6345,661.0,14.475,22.73,227.3,1.5116306583467167,,,,Sand,,,Sand 2,2,3.52,35.1,-2.02,-33.6
-13.0,14.5,23.08,0.147,2.7,-2.5,1.0,2.5,0.63636,662.0,14.495,23.08,230.8,1.5076122037863595,,,,Sand,,,Sand 2,2,3.52,35.1,-2.02,-33.6
-13.02,14.52,23.21,0.148,2.7,-2.5,1.0,2.5,0.62962,663.0,14.515,23.21,232.1,1.5026824066240747,,,,Sand,,,Sand 2,2,3.52,35.1,-2.02,-33.6
-13.04,14.54,23.54,0.151,2.7,-2.5,1.0,2.4,0.63163,663.0,14.535,23.54,235.4,1.4991241699645683,,,,Sand,,,Sand 2,2,3.52,35.1,-2.02,-33.6
-13.06,14.56,24.01,0.154,2.7,-2.5,0.8,2.4,0.63453,664.0,14.555,24.01,240.1,1.4942067006538713,,,,Sand,,,Sand 2,2,3.52,35.1,-2.02,-33.6
-13.08,14.58,24.4,0.167,2.7,-2.5,1.0,2.5,0.67776,665.0,14.575,24.4,244.0,1.5089086809150971,,,,Sand,,,Sand 2,2,3.52,35.1,-2.02,-33.6
-13.1,14.6,24.91,0.171,2.7,-2.5,1.0,2.4,0.6826,666.0,14.595,24.91,249.1,1.5046394674888892,,,,Sand,,,Sand 2,2,3.52,35.1,-2.02,-33.6
-13.12,14.62,25.37,0.18,2.7,-2.5,0.8,2.2,0.70564,667.0,14.615,25.37,253.7,1.5091530417090662,,,,Sand,,,Sand 2,2,3.52,35.1,-2.02,-33.6
-13.14,14.64,25.64,0.188,2.7,-2.5,0.8,2.6,0.7236,668.0,14.635,25.64,256.4,1.5136750323676489,,,,Sand,,,Sand 2,2,3.52,35.1,-2.02,-33.6
-13.16,14.66,26.04,0.187,2.7,-2.5,1.0,2.5,0.70803,668.0,14.655,26.04,260.4,1.5022261805417827,,,,Sand,,,Sand 2,2,3.52,35.1,-2.02,-33.6
-13.18,14.68,26.5,0.191,2.7,-2.5,1.0,2.5,0.71505,669.0,14.675,26.5,265.0,1.4999643077065388,,,,Sand,,,Sand 2,2,3.52,35.1,-2.02,-33.6
-13.2,14.7,27.2,0.2,2.7,-2.5,1.0,2.5,0.74641,670.0,14.695,27.2,272.0,1.5055621073205845,,,,Sand,,,Sand 2,2,3.52,35.1,-2.02,-33.6
-13.22,14.72,27.79,0.206,2.7,-2.5,1.0,2.1,0.77168,671.0,14.715,27.79,277.9,1.5097423505726868,,,,Sand,,,Sand 2,2,3.52,35.1,-2.02,-33.6
-13.24,14.74,27.84,0.215,2.9,-2.7,1.0,2.8,0.81297,671.0,14.735,27.84,278.4,1.525900260828186,,,,Sand,,,Sand 2,2,3.52,35.1,-2.02,-33.6
-13.26,14.76,27.31,0.218,2.9,-2.7,1.0,2.9,0.83717,672.0,14.755,27.31,273.1,1.5409457752362663,,,,Sand,,,Sand 2,2,3.52,35.1,-2.02,-33.6
-13.28,14.78,26.04,0.221,2.9,-2.5,1.0,2.6,0.86722,673.0,14.775,26.04,260.4,1.5661852969141528,,,,Sand,,,Sand 2,2,3.52,35.1,-2.02,-33.6
-13.3,14.8,24.84,0.221,2.9,-2.5,1.0,2.5,0.88992,674.0,14.795,24.84,248.4,1.58829493032608,,,,Sand,,,Sand 2,2,3.52,35.1,-2.02,-33.6
-13.32,14.82,24.05,0.22,2.9,-2.7,1.0,2.5,0.9106,674.0,14.815,24.05,240.5,1.6051430042247878,,,,Sand,,,Sand 2,2,3.52,35.1,-2.02,-33.6
-13.34,14.84,23.25,0.216,2.9,-2.5,1.0,2.5,0.91676,675.0,14.835,23.25,232.5,1.617284985809887,,,,Sand,,,Sand 2,2,3.52,35.1,-2.02,-33.6
-13.36,14.86,22.75,0.209,2.9,-2.5,1.0,2.5,0.90432,676.0,14.855,22.75,227.5,1.6194271113528451,,,,Sand,,,Sand 2,2,3.52,35.1,-2.02,-33.6
-13.38,14.88,22.59,0.202,2.9,-2.7,1.0,2.5,0.88757,677.0,14.875,22.59,225.9,1.6156547676826134,,,,Sand,,,Sand 2,2,3.52,35.1,-2.02,-33.6
-13.4,14.9,22.45,0.197,2.9,-2.5,1.0,2.5,0.87765,678.0,14.895,22.45,224.5,1.6139992087901818,,,,Sand,,,Sand 2,2,3.52,35.1,-2.02,-33.6
-13.42,14.92,22.52,0.194,2.9,-2.7,1.0,2.5,0.87565,678.0,14.915,22.52,225.2,1.6123478916478562,,,,Sand,,,Sand 2,2,3.52,35.1,-2.02,-33.6
-13.44,14.94,22.44,0.191,2.9,-2.5,1.0,2.5,0.87414,679.0,14.935,22.44,224.4,1.6128794937407671,,,,Sand,,,Sand 2,2,3.52,35.1,-2.02,-33.6
-13.46,14.96,22.02,0.188,2.9,-2.7,1.0,2.5,0.87335,680.0,14.955,22.02,220.2,1.61830131042842,,,,Sand,,,Sand 2,2,3.52,35.1,-2.02,-33.6
-13.48,14.98,21.55,0.185,2.9,-2.5,1.0,2.5,0.87383,681.0,14.975,21.55,215.5,1.6250122029003067,,,,Sand,,,Sand 2,2,3.52,35.1,-2.02,-33.6
-13.5,15.0,20.92,0.182,2.9,-2.7,1.0,2.6,0.87547,681.0,14.995,20.92,209.2,1.6346293822780864,,,,Sand,,,Sand 2,2,3.52,35.1,-2.02,-33.6
-13.52,15.02,20.31,0.177,2.9,-2.7,1.0,2.5,0.86701,682.0,15.015,20.31,203.1,1.6407126663872704,,,,Sand,,,Sand 2,2,3.52,35.1,-2.02,-33.6
-13.54,15.04,20.0,0.17,2.9,-2.7,1.0,2.6,0.84535,683.0,15.035,20.0,200.0,1.6377373825244317,,,,Sand,,,Sand 2,2,3.52,35.1,-2.02,-33.6
-13.56,15.06,19.61,0.165,2.9,-2.7,1.0,2.5,0.83035,684.0,15.055,19.61,196.1,1.6384367782912175,,,,Sand,,,Sand 2,2,3.52,35.1,-2.02,-33.6
-13.58,15.08,19.46,0.16,2.9,-2.7,1.0,2.5,0.81244,685.0,15.075,19.46,194.6,1.6342741562580918,,,,Sand,,,Sand 2,2,3.52,35.1,-2.02,-33.6
-13.6,15.1,19.45,0.156,2.9,-2.7,1.0,2.5,0.79693,685.0,15.095,19.45,194.5,1.6286602189647665,,,,Sand,,,Sand 2,2,3.52,35.1,-2.02,-33.6
-13.62,15.12,19.58,0.155,2.9,-2.7,1.0,2.3,0.7961,686.0,15.115,19.58,195.8,1.6262514434392794,,,,Sand,,,Sand 2,2,3.52,35.1,-2.02,-33.6
-13.64,15.14,19.64,0.153,2.9,-2.7,1.0,2.3,0.78866,687.0,15.135,19.64,196.4,1.6224792219156399,,,,Sand,,,Sand 2,2,3.52,35.1,-2.02,-33.6
-13.66,15.16,19.5,0.153,2.9,-2.7,1.0,2.6,0.79054,688.0,15.155,19.5,195.0,1.6254451856135836,,,,Sand,,,Sand 2,2,3.52,35.1,-2.02,-33.6
-13.68,15.18,19.36,0.155,2.9,-2.7,1.0,2.5,0.8029,689.0,15.175,19.36,193.6,1.6323530067807315,,,,Sand,,,Sand 2,2,3.52,35.1,-2.02,-33.6
-13.7,15.2,19.16,0.155,2.9,-2.7,1.0,2.5,0.80551,689.0,15.195,19.16,191.6,1.6365940824820173,,,,Sand,,,Sand 2,2,3.52,35.1,-2.02,-33.6
-13.72,15.22,19.05,0.156,2.9,-2.7,1.0,2.5,0.81351,690.0,15.215,19.05,190.5,1.641362310666351,,,,Sand,,,Sand 2,2,3.52,35.1,-2.02,-33.6
-13.74,15.24,19.09,0.156,2.9,-2.7,1.0,2.3,0.81606,691.0,15.235,19.09,190.9,1.6416386420877822,,,,Sand,,,Sand 2,2,3.52,35.1,-2.02,-33.6
-13.76,15.26,19.06,0.156,2.9,-2.5,1.0,3.0,0.81949,692.0,15.255,19.06,190.6,1.6433894083058034,,,,Sand,,,Sand 2,2,3.52,35.1,-2.02,-33.6
-13.78,15.28,19.08,0.155,2.9,-2.7,1.0,2.7,0.81891,692.0,15.274,19.08,190.8,1.6428475401457283,,,,Sand,,,Sand 2,2,3.52,35.1,-2.02,-33.6
-13.8,15.3,19.11,0.153,2.9,-2.7,1.0,2.5,0.81399,693.0,15.294,19.11,191.1,1.6405488820989353,,,,Sand,,,Sand 2,2,3.52,35.1,-2.02,-33.6
-13.82,15.32,19.02,0.149,2.9,-2.7,1.0,2.4,0.79973,694.0,15.314,19.02,190.2,1.6367594373172862,,,,Sand,,,Sand 2,2,3.52,35.1,-2.02,-33.6
-13.84,15.34,18.72,0.146,2.9,-2.7,1.0,2.5,0.79138,695.0,15.334,18.72,187.2,1.638675213746181,,,,Sand,,,Sand 2,2,3.52,35.1,-2.02,-33.6
-13.86,15.36,18.29,0.145,2.9,-2.7,1.0,2.5,0.79436,696.0,15.354,18.29,182.9,1.6471753506927869,,,,Sand,,,Sand 2,2,3.52,35.1,-2.02,-33.6
-13.88,15.38,18.0,0.143,2.9,-2.7,1.0,2.4,0.79279,696.0,15.374,18.0,180.0,1.6516894023080466,,,,Sand,,,Sand 2,2,3.52,35.1,-2.02,-33.6
-13.9,15.4,17.77,0.141,2.9,-2.7,1.0,2.5,0.79119,697.0,15.394,17.77,177.7,1.6552083548626713,,,,Sand,,,Sand 2,2,3.52,35.1,-2.02,-33.6
-13.92,15.42,17.6,0.141,2.9,-2.7,1.0,2.5,0.79955,698.0,15.414,17.6,176.0,1.6613703771688133,,,,Sand,,,Sand 2,2,3.52,35.1,-2.02,-33.6
-13.94,15.44,17.52,0.141,2.9,-2.7,1.0,2.5,0.80629,699.0,15.434,17.52,175.2,1.6652931239407978,,,,Sand,,,Sand 2,2,3.52,35.1,-2.02,-33.6
-13.96,15.46,17.38,0.14,2.9,-2.7,1.0,2.5,0.80686,699.0,15.454,17.38,173.8,1.668068258441587,,,,Sand,,,Sand 2,2,3.52,35.1,-2.02,-33.6
-13.98,15.48,17.29,0.139,2.9,-2.7,1.0,2.5,0.80697,700.0,15.474,17.29,172.9,1.6697714679559963,,,,Sand,,,Sand 2,2,3.52,35.1,-2.02,-33.6
-14.0,15.5,17.23,0.138,2.9,-2.7,1.0,2.4,0.80637,701.0,15.494,17.23,172.3,1.6706680356778243,,,,Sand,,,Sand 2,2,3.52,35.1,-2.02,-33.6
-14.02,15.52,17.11,0.137,2.9,-2.7,1.0,2.4,0.80399,702.0,15.514,17.11,171.1,1.6720465177646746,,,,Sand,,,Sand 2,2,3.52,35.1,-2.02,-33.6
-14.04,15.54,16.91,0.135,2.9,-2.7,1.0,2.5,0.79272,703.0,15.534,16.91,169.1,1.6717166208954322,,,,Sand,,,Sand 2,2,3.52,35.1,-2.02,-33.6
-14.06,15.56,16.76,0.133,2.9,-2.7,1.0,2.5,0.77789,703.0,15.554,16.76,167.6,1.6691232588101381,,,,Sand,,,Sand 2,2,3.52,35.1,-2.02,-33.6
-14.08,15.58,16.71,0.13,2.9,-2.7,1.0,2.5,0.75483,704.0,15.574,16.71,167.1,1.6614272466980216,,,,Sand,,,Sand 2,2,3.52,35.1,-2.02,-33.6
-14.1,15.6,16.93,0.127,2.9,-2.7,1.0,2.5,0.72968,705.0,15.594,16.93,169.3,1.647455139335006,,,,Sand,,,Sand 2,2,3.52,35.1,-2.02,-33.6
-14.12,15.62,17.3,0.127,2.9,-2.7,1.0,2.5,0.72026,706.0,15.614,17.3,173.0,1.636671496814889,,,,Sand,,,Sand 2,2,3.52,35.1,-2.02,-33.6
-14.14,15.64,17.83,0.127,2.9,-2.7,1.0,2.5,0.70999,707.0,15.634,17.83,178.3,1.6227055778827526,,,,Sand,,,Sand 2,2,3.52,35.1,-2.02,-33.6
-14.16,15.66,18.23,0.131,2.9,-2.7,1.0,2.4,0.72137,707.0,15.654,18.23,182.3,1.620068430642295,,,,Sand,,,Sand 2,2,3.52,35.1,-2.02,-33.6
-14.18,15.68,18.57,0.134,2.9,-2.7,1.0,2.1,0.72806,708.0,15.674,18.57,185.7,1.6167679577855005,,,,Sand,,,Sand 2,2,3.52,35.1,-2.02,-33.6
-14.2,15.7,18.73,0.138,3.1,-2.9,1.0,2.4,0.74144,709.0,15.694,18.73,187.3,1.6193151289328522,,,,Sand,,,Sand 2,2,3.52,35.1,-2.02,-33.6
-14.22,15.72,18.8,0.144,2.9,-2.7,1.0,2.5,0.76795,710.0,15.714,18.8,188.0,1.6284346373695258,,,,Sand,,,Sand 2,2,3.52,35.1,-2.02,-33.6
-14.24,15.74,18.89,0.145,2.9,-2.7,1.0,2.5,0.76903,711.0,15.734,18.89,188.9,1.6273268514263763,,,,Sand,,,Sand 2,2,3.52,35.1,-2.02,-33.6
-14.26,15.76,18.89,0.147,2.9,-2.7,1.0,2.5,0.77634,711.0,15.754,18.89,188.9,1.6301219277712544,,,,Sand,,,Sand 2,2,3.52,35.1,-2.02,-33.6
-14.28,15.78,18.96,0.15,2.9,-2.7,1.0,2.3,0.78807,712.0,15.774,18.96,189.6,1.6333910683660116,,,,Sand,,,Sand 2,2,3.52,35.1,-2.02,-33.6
-14.3,15.8,18.94,0.153,2.9,-2.7,1.0,3.1,0.79875,713.0,15.794,18.94,189.4,1.637726683099876,,,,Sand,,,Sand 2,2,3.52,35.1,-2.02,-33.6
-14.32,15.82,19.06,0.154,2.9,-2.7,1.0,2.8,0.79876,714.0,15.814,19.06,190.6,1.635734052669348,,,,Sand,,,Sand 2,2,3.52,35.1,-2.02,-33.6
-14.34,15.84,19.21,0.154,2.9,-2.7,1.0,2.6,0.7931,714.0,15.834,19.21,192.1,1.631138367309576,,,,Sand,,,Sand 2,2,3.52,35.1,-2.02,-33.6
-14.36,15.86,19.52,0.152,2.9,-2.7,1.0,2.5,0.77705,715.0,15.854,19.52,195.2,1.619989127784681,,,,Sand,,,Sand 2,2,3.52,35.1,-2.02,-33.6
-14.38,15.88,19.77,0.153,2.9,-2.7,1.0,2.4,0.77547,716.0,15.874,19.77,197.7,1.6153621366513764,,,,Sand,,,Sand 2,2,3.52,35.1,-2.02,-33.6
-14.4,15.9,19.89,0.156,2.9,-2.7,1.0,2.4,0.78328,717.0,15.894,19.89,198.9,1.616449082981304,,,,Sand,,,Sand 2,2,3.52,35.1,-2.02,-33.6
-14.42,15.92,19.99,0.158,2.9,-2.7,1.0,2.5,0.78568,718.0,15.914,19.99,199.9,1.6157882563573975,,,,Sand,,,Sand 2,2,3.52,35.1,-2.02,-33.6
-14.44,15.94,20.11,0.162,2.9,-2.7,1.0,2.5,0.79882,718.0,15.934,20.11,201.1,1.6188943748413143,,,,Sand,,,Sand 2,2,3.52,35.1,-2.02,-33.6
-14.46,15.96,20.29,0.163,3.1,-2.9,1.0,2.5,0.79819,719.0,15.954,20.29,202.9,1.6158699042176436,,,,Sand,,,Sand 2,2,3.52,35.1,-2.02,-33.6
-14.48,15.98,20.55,0.165,3.1,-2.7,1.0,2.5,0.80375,720.0,15.974,20.55,205.5,1.613995570793125,,,,Sand,,,Sand 2,2,3.52,35.1,-2.02,-33.6
-14.5,16.0,20.76,0.166,3.1,-2.9,1.0,2.5,0.80548,721.0,15.994,20.76,207.6,1.611485063581085,,,,Sand,,,Sand 2,2,3.52,35.1,-2.02,-33.6
-14.52,16.02,20.88,0.168,3.1,-2.9,1.0,2.5,0.81302,722.0,16.014,20.88,208.8,1.6125286738362892,,,,Sand,,,Sand 2,2,3.52,35.1,-2.02,-33.6
-14.54,16.04,20.9,0.168,3.1,-2.7,1.0,2.5,0.81066,722.0,16.033,20.9,209.0,1.611347409507111,,,,Sand,,,Sand 2,2,3.52,35.1,-2.02,-33.6
-14.559999999999999,16.06,20.75,0.17,3.1,-2.9,1.0,2.4,0.81711,723.0,16.053,20.75,207.5,1.6159908563548702,,,,Sand,,,Sand 2,2,3.52,35.1,-2.02,-33.6
-14.579999999999998,16.08,20.63,0.172,3.1,-2.9,1.0,2.5,0.82218,724.0,16.073,20.63,206.3,1.6196703111005446,,,,Sand,,,Sand 2,2,3.52,35.1,-2.02,-33.6
-14.600000000000001,16.1,20.55,0.173,3.1,-2.9,1.0,2.5,0.82176,725.0,16.093,20.55,205.5,1.620719185854763,,,,Sand,,,Sand 2,2,3.52,35.1,-2.02,-33.6
-14.620000000000001,16.12,20.77,0.171,3.1,-2.7,1.0,2.5,0.80414,725.0,16.113,20.77,207.7,1.6108302167148458,,,,Sand,,,Sand 2,2,3.52,35.1,-2.02,-33.6
-14.64,16.14,21.2,0.17,3.1,-2.9,1.0,2.5,0.78504,726.0,16.133,21.2,212.0,1.597169795958926,,,,Sand,,,Sand 2,2,3.52,35.1,-2.02,-33.6
-14.66,16.16,21.68,0.169,3.1,-2.9,1.0,2.5,0.75955,727.0,16.153,21.68,216.8,1.5802043793822191,,,,Sand,,,Sand 2,2,3.52,35.1,-2.02,-33.6
-14.68,16.18,21.94,0.17,3.1,-2.9,1.0,2.5,0.74147,728.0,16.173,21.94,219.4,1.5692070554255984,,,,Sand,,,Sand 2,2,3.52,35.1,-2.02,-33.6
-14.7,16.2,22.6,0.178,3.1,-2.9,1.0,2.4,0.75472,729.0,16.193,22.6,226.0,1.5653586705884477,,,,Sand,,,Sand 2,2,3.52,35.1,-2.02,-33.6
-14.719999999999999,16.22,23.87,0.187,3.1,-2.9,1.0,2.2,0.77513,730.0,16.213,23.87,238.7,1.5567588835542454,,,,Sand,,,Sand 2,2,3.52,35.1,-2.02,-33.6
-14.739999999999998,16.24,25.39,0.192,3.1,-2.9,1.0,2.5,0.78291,730.0,16.233,25.39,253.9,1.5412000597248547,,,,Sand,,,Sand 2,2,3.52,35.1,-2.02,-33.6
-14.760000000000002,16.26,25.97,0.199,3.1,-2.9,1.0,2.5,0.8023,731.0,16.253,25.97,259.7,1.5421649352191749,,,,Sand,,,Sand 2,2,3.52,35.1,-2.02,-33.6
-14.780000000000001,16.28,26.03,0.204,3.1,-2.9,1.0,2.5,0.81874,732.0,16.273,26.03,260.3,1.547916214446927,,,,Sand,,,Sand 2,2,3.52,35.1,-2.02,-33.6
-14.8,16.3,25.52,0.209,3.1,-2.9,1.0,2.5,0.8402,733.0,16.293,25.52,255.2,1.5619969339262973,,,,Sand,,,Sand 2,2,3.52,35.1,-2.02,-33.6
-14.82,16.32,24.87,0.212,3.1,-2.9,1.0,2.1,0.85765,734.0,16.313,24.87,248.7,1.5761651837773418,,,,Sand,,,Sand 2,2,3.52,35.1,-2.02,-33.6
-14.84,16.34,24.18,0.215,3.1,-2.9,1.0,3.1,0.87608,734.0,16.333,24.18,241.8,1.5912527226432231,,,,Sand,,,Sand 2,2,3.52,35.1,-2.02,-33.6
-14.86,16.36,23.5,0.212,3.1,-2.9,1.0,3.0,0.87117,735.0,16.353,23.5,235.0,1.5979645204064081,,,,Sand,,,Sand 2,2,3.52,35.1,-2.02,-33.6
-14.879999999999999,16.38,23.54,0.209,3.1,-2.9,1.0,2.8,0.8679,736.0,16.373,23.54,235.4,1.5962709899771572,,,,Sand,,,Sand 2,2,3.52,35.1,-2.02,-33.6
-14.899999999999999,16.4,24.14,0.2,3.1,-2.9,1.0,2.5,0.83853,736.0,16.393,24.14,241.4,1.577902105037323,,,,Sand,,,Sand 2,2,3.52,35.1,-2.02,-33.6
-14.920000000000002,16.42,24.55,0.186,3.3,-3.1,1.0,2.5,0.78308,737.0,16.413,24.55,245.5,1.551403516278163,,,,Sand,,,Sand 2,2,3.52,35.1,-2.02,-33.6
-14.940000000000001,16.44,24.38,0.176,3.2667,-2.9,1.0,2.5,0.73717,738.0,16.433,24.38,243.8,1.5348027246314049,,,,Sand,,,Sand 2,2,3.52,35.1,-2.02,-33.6
-14.96,16.46,23.49,0.167,3.2333,-2.9,1.0,2.5,0.69395,739.0,16.453,23.49,234.9,1.5278990963679462,,,,Sand,,,Sand 2,2,3.52,35.1,-2.02,-33.6
-14.98,16.48,23.03,0.159,3.2,-3.1,0.8,2.5,0.65811,740.0,16.473,23.03,230.3,1.5182478302762694,,,,Sand,,,Sand 2,2,3.52,35.1,-2.02,-33.6
-15.0,16.5,23.39,0.156,3.3,-3.1,1.0,2.5,0.64845,740.0,16.493,23.39,233.9,1.5089412024911943,,,,Sand,,,Sand 2,2,3.52,35.1,-2.02,-33.6
-15.02,16.52,24.48,0.15,3.3,-2.9,1.0,2.5,0.63062,741.0,16.513,24.48,244.8,1.4862351777532874,,,,Sand,,,Sand 2,2,3.52,35.1,-2.02,-33.6
-15.04,16.54,25.06,0.142,3.3,-3.1,1.0,2.5,0.6069,742.0,16.533,25.06,250.6,1.4674213938415317,,,,Sand,,,Sand 2,2,3.52,35.1,-2.02,-33.6
-15.059999999999999,16.56,24.9,0.134,3.3,-3.1,1.0,2.6,0.58608,743.0,16.553,24.9,249.0,1.4591458738057574,,,,Sand,,,Sand 2,2,3.52,35.1,-2.02,-33.6
-15.079999999999998,16.58,23.73,0.134,3.3,-3.1,1.0,2.5,0.60449,743.0,16.573,23.73,237.3,1.483628394567182,,,,Sand,,,Sand 2,2,3.52,35.1,-2.02,-33.6
-15.100000000000001,16.6,22.21,0.133,3.3,-3.1,1.0,2.5,0.62728,744.0,16.593,22.21,222.1,1.5157080605817101,,,,Sand,,,Sand 2,2,3.52,35.1,-2.02,-33.6
-15.120000000000001,16.62,20.38,0.133,3.3,-2.9,1.0,2.6,0.66219,745.0,16.613,20.38,203.8,1.559195865659625,,,,Sand,,,Sand 2,2,3.52,35.1,-2.02,-33.6
-15.14,16.64,18.76,0.128,3.3,-2.9,1.0,2.4,0.67577,746.0,16.633,18.76,187.6,1.5919577244718628,,,,Sand,,,Sand 2,2,3.52,35.1,-2.02,-33.6
-15.16,16.66,17.82,0.119,3.3,-3.1,1.0,2.5,0.66429,747.0,16.653,17.82,178.2,1.6039624815381395,,,,Sand,,,Sand 2,2,3.52,35.1,-2.02,-33.6
-15.18,16.68,16.76,0.111,3.3,-3.1,1.0,2.5,0.65103,747.0,16.673,16.76,167.6,1.618692145570492,,,,Sand,,,Sand 2,2,3.52,35.1,-2.02,-33.6
-15.2,16.7,16.12,0.104,3.3,-3.1,1.0,2.5,0.6341,748.0,16.692,16.12,161.20000000000002,1.6245163960408942,,,,Sand,,,Sand 2,2,3.52,35.1,-2.02,-33.6
-15.219999999999999,16.72,15.75,0.1,3.2,-3.1,0.8,2.3,0.62691,749.0,16.712,15.75,157.5,1.6292701407116428,,,,Sand,,,Sand 2,2,3.52,35.1,-2.02,-33.6
-15.239999999999998,16.74,15.51,0.098,3.3,-3.1,1.0,2.4,0.62705,750.0,16.732,15.51,155.1,1.6345451604111212,,,,Sand,,,Sand 2,2,3.52,35.1,-2.02,-33.6
-15.260000000000002,16.76,15.3,0.1,3.3,-3.1,1.0,2.5,0.64599,751.0,16.752,15.3,153.0,1.647235049087029,,,,Sand,,,Sand 2,2,3.52,35.1,-2.02,-33.6
-15.280000000000001,16.78,15.19,0.102,3.3,-3.1,1.0,2.5,0.65934,751.0,16.772,15.19,151.9,1.6552437176006964,,,,Sand,,,Sand 2,2,3.52,35.1,-2.02,-33.6
-15.3,16.8,15.16,0.105,3.3,-3.1,1.0,2.5,0.67313,752.0,16.792,15.16,151.6,1.6615679195795592,,,,Sand,,,Sand 2,2,3.52,35.1,-2.02,-33.6
-15.32,16.82,15.24,0.109,3.3,-3.1,1.0,2.3,0.68602,753.0,16.812,15.24,152.4,1.6650090335966108,,,,Sand,,,Sand 2,2,3.52,35.1,-2.02,-33.6
-15.34,16.84,15.57,0.113,3.3,-3.1,1.0,2.6,0.69549,754.0,16.832,15.57,155.7,1.6616282148573323,,,,Sand,,,Sand 2,2,3.52,35.1,-2.02,-33.6
-15.36,16.86,16.04,0.118,3.3,-3.1,1.0,2.9,0.70924,754.0,16.852,16.04,160.4,1.6571982752222816,,,,Sand,,,Sand 2,2,3.52,35.1,-2.02,-33.6
-15.379999999999999,16.88,16.78,0.123,3.2,-3.1,0.8,2.8,0.71914,755.0,16.872,16.78,167.8,1.646229105733096,,,,Sand,,,Sand 2,2,3.52,35.1,-2.02,-33.6
-15.399999999999999,16.9,17.83,0.129,3.2,-3.1,0.8,2.5,0.72876,756.0,16.892,17.83,178.3,1.6302089763927639,,,,Sand,,,Sand 2,2,3.52,35.1,-2.02,-33.6
-15.420000000000002,16.92,18.17,0.133,3.3,-3.1,1.0,2.5,0.72248,757.0,16.912,18.17,181.7,1.6215815310777917,,,,Sand,,,Sand 2,2,3.52,35.1,-2.02,-33.6
-15.440000000000001,16.94,18.31,0.135,3.3,-3.1,1.0,2.5,0.69994,757.0,16.932,18.31,183.1,1.609955269487721,,,,Sand,,,Sand 2,2,3.52,35.1,-2.02,-33.6
-15.46,16.96,18.89,0.137,3.3,-3.1,1.0,2.5,0.6755,758.0,16.952,18.89,188.9,1.5895897334529905,,,,Sand,,,Sand 2,2,3.52,35.1,-2.02,-33.6
-15.48,16.98,20.02,0.139,3.3,-3.1,1.0,2.6,0.6545,759.0,16.972,20.02,200.2,1.5615969445267261,,,,Sand,,,Sand 2,2,3.52,35.1,-2.02,-33.6
-15.5,17.0,21.23,0.144,3.3,-3.1,1.0,2.4,0.64879,760.0,16.992,21.23,212.3,1.5400656761300238,,,,Sand,,,Sand 2,2,3.52,35.1,-2.02,-33.6
-15.52,17.02,23.07,0.146,3.3,-3.1,1.0,2.4,0.63026,761.0,17.012,23.07,230.7,1.5049133326176358,,,,Sand,,,Sand 2,2,3.52,35.1,-2.02,-33.6
-15.54,17.04,24.73,0.156,3.3,-3.1,1.0,2.5,0.64727,761.0,17.032,24.73,247.3,1.4908331790408986,,,,Sand,,,Sand 2,2,3.52,35.1,-2.02,-33.6
-15.559999999999999,17.06,25.48,0.151,3.2,-3.1,0.8,2.5,0.60591,762.0,17.052,25.48,254.8,1.4616749658007835,,,,Sand,,,Sand 2,2,3.52,35.1,-2.02,-33.6
-15.579999999999998,17.08,25.83,0.144,3.3,-3.1,1.0,2.5,0.56168,763.0,17.072,25.83,258.3,1.4349249512178857,,,,Sand,,,Sand 2,2,3.52,35.1,-2.02,-33.6
-15.600000000000001,17.1,26.07,0.148,3.3,-3.1,1.0,2.5,0.5654,764.0,17.092,26.07,260.7,1.433908831152788,,,,Sand,,,Sand 2,2,3.52,35.1,-2.02,-33.6
-15.620000000000001,17.12,26.38,0.154,3.3,-3.1,1.0,2.5,0.58042,765.0,17.112,26.38,263.8,1.4379059815713484,,,,Sand,,,Sand 2,2,3.52,35.1,-2.02,-33.6
-15.64,17.14,26.58,0.158,3.5,-3.3,1.0,2.5,0.59013,765.0,17.132,26.58,265.8,1.4404626435314372,,,,Sand,,,Sand 2,2,3.52,35.1,-2.02,-33.6
-15.66,17.16,26.96,0.168,3.4,-3.3,0.8,2.6,0.62454,766.0,17.152,26.96,269.6,1.4530883631012503,,,,Sand,,,Sand 2,2,3.52,35.1,-2.02,-33.6
-15.68,17.18,27.38,0.175,3.4,-3.3,0.8,2.4,0.64989,767.0,17.172,27.38,273.8,1.4604628916525746,,,,Sand,,,Sand 2,2,3.52,35.1,-2.02,-33.6
-15.7,17.2,27.58,0.189,3.5,-3.3,1.0,2.5,0.70296,768.0,17.192,27.58,275.8,1.4825711138264777,,,,Sand,,,Sand 2,2,3.52,35.1,-2.02,-33.6
-15.719999999999999,17.22,27.41,0.188,3.5,-3.3,1.0,2.4,0.6996,768.0,17.212,27.41,274.1,1.4829419601585718,,,,Sand,,,Sand 2,2,3.52,35.1,-2.02,-33.6
-15.739999999999998,17.24,26.84,0.183,3.5,-3.3,1.0,2.5,0.68347,769.0,17.232,26.84,268.4,1.4820819782943695,,,,Sand,,,Sand 2,2,3.52,35.1,-2.02,-33.6
-15.760000000000002,17.26,26.29,0.179,3.5,-3.3,1.0,2.3,0.66957,770.0,17.252,26.29,262.9,1.4821029179076797,,,,Sand,,,Sand 2,2,3.52,35.1,-2.02,-33.6
-15.780000000000001,17.28,26.05,0.178,3.5,-3.3,1.0,2.3,0.66533,771.0,17.271,26.05,260.5,1.4829860931393704,,,,Sand,,,Sand 2,2,3.52,35.1,-2.02,-33.6
-15.8,17.3,26.47,0.178,3.5,-3.3,1.0,2.5,0.66396,772.0,17.291,26.47,264.7,1.4774248140225714,,,,Sand,,,Sand 2,2,3.52,35.1,-2.02,-33.6
-15.82,17.32,26.18,0.176,3.5,-3.3,1.0,2.5,0.65309,773.0,17.311,26.18,261.8,1.4757835392589684,,,,Sand,,,Sand 2,2,3.52,35.1,-2.02,-33.6
-15.84,17.34,27.05,0.175,3.5,-3.3,1.0,2.6,0.64451,773.0,17.331,27.05,270.5,1.4616464927825097,,,,Sand,,,Sand 2,2,3.52,35.1,-2.02,-33.6
-15.86,17.36,27.74,0.177,3.5,-3.3,1.0,2.5,0.6469,774.0,17.351,27.74,277.4,1.4550379999732417,,,,Sand,,,Sand 2,2,3.52,35.1,-2.02,-33.6
-15.879999999999999,17.38,27.85,0.179,3.5,-3.3,1.0,2.1,0.65064,775.0,17.371,27.85,278.5,1.455601764348541,,,,Sand,,,Sand 2,2,3.52,35.1,-2.02,-33.6
-15.899999999999999,17.4,27.96,0.1726,3.5,-3.3,1.0,2.7,0.62499,776.0,17.391,27.96,279.6,1.4420382317543576,,,,Sand,,,Sand 2,2,3.52,35.1,-2.02,-33.6
-15.920000000000002,17.42,27.92,0.1661,3.5,-3.3,1.0,2.7,0.60375,776.0,17.411,27.92,279.2,1.431944224331891,,,,Sand,,,Sand 2,2,3.52,35.1,-2.02,-33.6
-15.940000000000001,17.44,27.72,0.1597,3.5,-3.3,1.0,2.5,0.58792,777.0,17.431,27.72,277.2,1.4261501763612936,,,,Sand,,,Sand 2,2,3.52,35.1,-2.02,-33.6
-15.96,17.46,27.67,0.1593,3.6,-3.5,1.0,2.5,0.59593,778.0,17.451,27.67,276.7,1.430796544771152,,,,Sand,,,Sand 2,2,3.52,35.1,-2.02,-33.6
-15.98,17.48,27.02,0.159,3.5,-3.3,1.0,2.5,0.60528,779.0,17.471,27.02,270.2,1.4429185003112743,,,,Sand,,,Sand 2,2,3.52,35.1,-2.02,-33.6
-16.0,17.5,26.21,0.156,3.5,-3.3,1.0,2.5,0.60553,780.0,17.491,26.21,262.1,1.4525830427044726,,,,Sand,,,Sand 2,2,3.52,35.1,-2.02,-33.6
-16.02,17.52,24.96,0.142,3.6,-3.5,1.0,2.6,0.5636,780.0,17.511,24.96,249.6,1.4469239239126426,,,,Sand,,,Sand 2,2,3.52,35.1,-2.02,-33.6
-16.04,17.54,24.39,0.131,3.6,-3.5,0.8,2.5,0.53524,781.0,17.531,24.39,243.9,1.4395050051687417,,,,Sand,,,Sand 2,2,3.52,35.1,-2.02,-33.6
-16.06,17.56,24.26,0.1297,3.6,-3.5,1.0,2.5,0.54642,782.0,17.551,24.26,242.6,1.4471762671452217,,,,Sand,,,Sand 2,2,3.52,35.1,-2.02,-33.6
-16.08,17.58,23.87,0.1283,3.6,-3.5,1.0,2.5,0.5578,783.0,17.571,23.87,238.7,1.458378225573178,,,,Sand,,,Sand 2,2,3.52,35.1,-2.02,-33.6
-16.1,17.6,23.18,0.127,3.5,-3.3,1.0,2.5,0.5697,783.0,17.591,23.18,231.8,1.4739945300135617,,,,Sand,,,Sand 2,2,3.52,35.1,-2.02,-33.6
-16.12,17.62,21.91,0.137,3.6,-3.5,1.0,2.5,0.63525,784.0,17.611,21.91,219.1,1.5237665322675842,,,,Sand,,,Sand 2,2,3.52,35.1,-2.02,-33.6
-16.14,17.64,21.11,0.134,3.6,-3.5,1.0,2.5,0.64442,785.0,17.631,21.11,211.1,1.539930537379138,,,,Sand,,,Sand 2,2,3.52,35.1,-2.02,-33.6
-16.16,17.66,20.33,0.13,3.5,-3.3,1.0,2.5,0.64939,786.0,17.651,20.33,203.3,1.5543463442722902,,,,Sand,,,Sand 2,2,3.52,35.1,-2.02,-33.6
-16.18,17.68,19.29,0.123,3.6,-3.5,1.0,2.5,0.63776,787.0,17.671,19.29,192.9,1.5663206141177002,,,,Sand,,,Sand 2,2,3.52,35.1,-2.02,-33.6
-16.2,17.7,18.58,0.106,3.6,-3.5,1.0,2.6,0.56798,787.0,17.691,18.58,185.8,1.5464850749098398,,,,Sand,,,Sand 2,2,3.52,35.1,-2.02,-33.6
-16.22,17.72,18.08,0.099,3.6,-3.5,1.0,2.5,0.54749,788.0,17.711,18.08,180.8,1.5457595483338757,,,,Sand,,,Sand 2,2,3.52,35.1,-2.02,-33.6
-16.24,17.74,17.67,0.091,3.6,-3.5,1.0,2.5,0.51774,789.0,17.731,17.67,176.7,1.5387381714027089,,,,Sand,,,Sand 2,2,3.52,35.1,-2.02,-33.6
-16.26,17.76,17.32,0.083,3.6,-3.5,0.8,2.5,0.48109,790.0,17.751,17.32,173.2,1.5265931530462022,,,,Sand,,,Sand 2,2,3.52,35.1,-2.02,-33.6
-16.28,17.78,16.92,0.077,3.6,-3.5,1.0,2.5,0.45026,790.0,17.771,16.92,169.2,1.5180605794185946,,,,Sand,,,Sand 2,2,3.52,35.1,-2.02,-33.6
-16.3,17.8,16.47,0.075,3.5,-3.3,1.0,2.4,0.44043,791.0,17.79,16.47,164.7,1.522189285629882,,,,Sand,,,Sand 2,2,3.52,35.1,-2.02,-33.6
-16.32,17.82,16.28,0.074,3.5,-3.3,1.0,2.2,0.43465,792.0,17.81,16.28,162.8,1.5231012326290703,,,,Sand,,,Sand 2,2,3.52,35.1,-2.02,-33.6
-16.34,17.84,16.7,0.069,3.6,-3.5,1.0,2.5,0.40443,793.0,17.83,16.7,167.0,1.496457867422555,,,,Sand,,,Sand 2,2,3.52,35.1,-2.02,-33.6
-16.36,17.86,17.37,0.062,3.6,-3.5,1.0,2.5,0.36125,794.0,17.85,17.37,173.7,1.4554647186317926,,,,Sand,,,Sand 2,2,3.52,35.1,-2.02,-33.6
-16.38,17.88,17.5,0.064,3.6,-3.5,1.0,2.6,0.36882,795.0,17.87,17.5,175.0,1.457570797577741,,,,Sand,,,Sand 2,2,3.52,35.1,-2.02,-33.6
-16.4,17.9,17.64,0.061,3.5,-3.3,1.0,2.4,0.34639,795.0,17.89,17.64,176.4,1.4401025093121032,,,,Sand,,,Sand 2,2,3.52,35.1,-2.02,-33.6
-16.42,17.92,17.61,0.064,3.6,-3.5,1.0,2.4,0.3591,796.0,17.91,17.61,176.1,1.449042469648988,,,,Sand,,,Sand 2,2,3.52,35.1,-2.02,-33.6
-16.44,17.94,17.73,0.065,3.6,-3.5,0.8,3.1,0.36234,797.0,17.93,17.73,177.3,1.4486457573354572,,,,Sand,,,Sand 2,2,3.52,35.1,-2.02,-33.6
-16.46,17.96,17.99,0.061,3.6,-3.5,1.0,2.8,0.33835,797.0,17.95,17.99,179.9,1.4274799287546742,,,,Sand,,,Sand 2,2,3.52,35.1,-2.02,-33.6
-16.48,17.98,18.34,0.059,3.6,-3.5,0.8,2.6,0.32563,798.0,17.97,18.34,183.4,1.411655139718797,,,,Sand,,,Sand 2,2,3.52,35.1,-2.02,-33.6
-16.5,18.0,18.4,0.053,3.6,-3.5,0.8,2.5,0.29153,799.0,17.99,18.4,184.0,1.3860935163837251,,,,Sand,,,Sand 2,2,3.52,35.1,-2.02,-33.6
-16.52,18.02,18.3,0.053,3.6,-3.5,0.8,2.5,0.29087,800.0,18.01,18.3,183.0,1.3876666021899942,,,,Sand,,,Sand 2,2,3.52,35.1,-2.02,-33.6
-16.54,18.04,18.22,0.053,3.6,-3.5,0.8,2.5,0.29081,801.0,18.03,18.22,182.2,1.3892785767257216,,,,Sand,,,Sand 2,2,3.52,35.1,-2.02,-33.6
-16.56,18.06,18.36,0.0522,3.8,-3.7,1.0,2.6,0.2875,801.0,18.05,18.36,183.6,1.3839409126629727,,,,Sand,,,Sand 2,2,3.52,35.1,-2.02,-33.6
-16.58,18.08,18.1,0.0515,3.8,-3.5,1.0,2.5,0.28526,802.0,18.07,18.1,181.0,1.3876863770244163,,,,Sand,,,Sand 2,2,3.52,35.1,-2.02,-33.6
-16.6,18.1,18.06,0.0507,3.8,-3.7,0.8,2.5,0.2836,803.0,18.09,18.06,180.6,1.3872950281438545,,,,Sand,,,Sand 2,2,3.52,35.1,-2.02,-33.6
-16.62,18.12,18.02,0.0513,3.8,-3.7,1.0,2.5,0.29104,804.0,18.11,18.02,180.2,1.3936221543128002,,,,Sand,,,Sand 2,2,3.52,35.1,-2.02,-33.6
-16.64,18.14,17.79,0.052,3.8,-3.5,1.0,2.5,0.30138,804.0,18.13,17.79,177.9,1.4059629091232195,,,,Sand,,,Sand 2,2,3.52,35.1,-2.02,-33.6
-16.66,18.16,17.58,0.0517,3.8,-3.7,0.8,2.5,0.30662,805.0,18.15,17.58,175.8,1.414165126286306,,,,Sand,,,Sand 2,2,3.52,35.1,-2.02,-33.6
-16.68,18.18,16.89,0.0513,3.8,-3.7,1.0,2.5,0.31143,806.0,18.17,16.89,168.9,1.4326085345282722,,,,Sand,,,Sand 2,2,3.52,35.1,-2.02,-33.6
-16.7,18.2,16.21,0.051,3.6,-3.5,0.6,2.5,0.31611,807.0,18.19,16.21,162.1,1.4513145537415673,,,,Sand,,,Sand 2,2,3.52,35.1,-2.02,-33.6
-16.72,18.22,15.38,0.049,3.6,-3.5,0.8,2.5,0.30849,808.0,18.21,15.38,153.8,1.466023181805208,,,,Sand,,,Sand 2,2,3.52,35.1,-2.02,-33.6
-16.74,18.24,14.96,0.053,3.6,-3.5,1.0,2.6,0.3379,808.0,18.23,14.96,149.6,1.4959565279720861,,,,Sand,,,Sand 2,2,3.52,35.1,-2.02,-33.6
-16.76,18.26,14.95,0.054,3.6,-3.5,0.8,2.4,0.34613,809.0,18.25,14.95,149.5,1.5014655064010778,,,,Sand,,,Sand 2,2,3.52,35.1,-2.02,-33.6
-16.78,18.28,15.31,0.062,3.8,-3.7,0.8,2.5,0.39871,810.0,18.27,15.31,153.1,1.5247186241182498,,,,Sand,,,Sand 2,2,3.52,35.1,-2.02,-33.6
-16.8,18.3,15.79,0.053,3.8,-3.7,0.8,2.5,0.34073,811.0,18.289,15.79,157.9,1.4775430203759279,,,,Sand,,,Sand 2,2,3.52,35.1,-2.02,-33.6
-16.82,18.32,15.99,0.05,3.8,-3.7,1.0,2.3,0.3201,812.0,18.309,15.99,159.9,1.4591706623546403,,,,Sand,,,Sand 2,2,3.52,35.1,-2.02,-33.6
-16.84,18.34,16.22,0.0497,3.8,-3.7,0.8,2.2,0.31526,812.0,18.329,16.22,162.2,1.4505022603775382,,,,Sand,,,Sand 2,2,3.52,35.1,-2.02,-33.6
-16.86,18.36,15.8,0.0493,3.8,-3.5,0.8,2.5,0.30924,813.0,18.349,15.8,158.0,1.456307911706409,,,,Sand,,,Sand 2,2,3.52,35.1,-2.02,-33.6
-16.88,18.38,15.42,0.049,3.8,-3.7,0.8,2.5,0.30371,814.0,18.369,15.42,154.2,1.4617648403771295,,,,Sand,,,Sand 2,2,3.52,35.1,-2.02,-33.6
-16.9,18.4,15.48,0.05,3.8,-3.5,0.8,2.5,0.30565,815.0,18.389,15.48,154.8,1.461618232900025,,,,Sand,,,Sand 2,2,3.52,35.1,-2.02,-33.6
-16.92,18.42,16.11,0.057,3.8,-3.7,0.8,2.5,0.34278,816.0,18.409,16.11,161.1,1.4713857552250589,,,,Sand,,,Sand 2,2,3.52,35.1,-2.02,-33.6
-16.94,18.44,16.73,0.061,3.8,-3.7,0.8,2.5,0.35872,816.0,18.429,16.73,167.3,1.4676575196043151,,,,Sand,,,Sand 2,2,3.52,35.1,-2.02,-33.6
-16.96,18.46,17.32,0.0604,3.8,-3.7,0.8,2.9,0.34423,817.0,18.449,17.32,173.2,1.4454391322836744,,,,Sand,,,Sand 2,2,3.52,35.1,-2.02,-33.6
-16.98,18.48,17.79,0.0599,3.8,-3.7,0.8,2.6,0.33021,818.0,18.469,17.79,177.9,1.4261071869136315,,,,Sand,,,Sand 2,2,3.52,35.1,-2.02,-33.6
-17.0,18.5,18.38,0.0593,4.0,-3.9,0.8,2.5,0.31629,819.0,18.489,18.38,183.8,1.4043239753903463,,,,Sand,,,Sand 2,2,3.52,35.1,-2.02,-33.6
-17.02,18.52,18.81,0.061,3.9333,-3.5,0.8,2.5,0.31604,819.0,18.509,18.81,188.1,1.3955338674647688,,,,Sand,,,Sand 2,2,3.52,35.1,-2.02,-33.6
-17.04,18.54,19.75,0.065,3.8667,-3.5,0.8,2.5,0.32859,820.0,18.529,19.75,197.5,1.3863449270838732,,,,Sand,,,Sand 2,2,3.52,35.1,-2.02,-33.6
-17.06,18.56,20.23,0.073,3.8,-3.7,0.8,2.4,0.36136,821.0,18.549,20.23,202.3,1.4000344100022013,,,,Sand,,,Sand 2,2,3.52,35.1,-2.02,-33.6
-17.08,18.58,20.98,0.08,4.0,-3.9,0.8,2.4,0.39108,822.0,18.569,20.98,209.8,1.4064586955979819,,,,Sand,,,Sand 2,2,3.52,35.1,-2.02,-33.6
-17.1,18.6,21.15,0.079,4.0,-3.9,1.0,2.5,0.38278,823.0,18.589,21.15,211.5,1.3982281015907299,,,,Sand,,,Sand 2,2,3.52,35.1,-2.02,-33.6
-17.12,18.62,21.16,0.085,3.8,-3.7,0.8,2.5,0.41053,823.0,18.609,21.16,211.6,1.4157358927030355,,,,Sand,,,Sand 2,2,3.52,35.1,-2.02,-33.6
-17.14,18.64,21.15,0.095,3.8,-3.7,1.0,2.5,0.45764,824.0,18.629,21.15,211.5,1.444173403390766,,,,Sand,,,Sand 2,2,3.52,35.1,-2.02,-33.6
-17.16,18.66,20.42,0.096,3.8,-3.7,1.0,2.5,0.46184,825.0,18.649,20.42,204.2,1.4586966729926931,,,,Sand,,,Sand 2,2,3.52,35.1,-2.02,-33.6
-17.18,18.68,20.27,0.1,4.2,-4.1,0.8,2.5,0.48088,826.0,18.669,20.27,202.7,1.4719305136677974,,,,Sand,,,Sand 2,2,3.52,35.1,-2.02,-33.6
-17.2,18.7,20.28,0.097,4.1333,-3.7,0.8,2.5,0.4666,826.0,18.689,20.28,202.8,1.4637737845375027,,,,Sand,,,Sand 2,2,3.52,35.1,-2.02,-33.6
-17.22,18.72,20.66,0.102,4.0667,-3.9,1.0,2.5,0.49089,827.0,18.709,20.66,206.6,1.4709235771455187,,,,Sand,,,Sand 2,2,3.52,35.1,-2.02,-33.6
-17.24,18.74,21.2,0.101,4.0,-3.9,0.8,2.4,0.48302,828.0,18.728,21.2,212.0,1.4577793350095725,,,,Sand,,,Sand 2,2,3.52,35.1,-2.02,-33.6
-17.26,18.76,21.22,0.101,3.9333,-3.5,0.8,2.4,0.48032,829.0,18.748,21.22,212.2,1.4559494074696866,,,,Sand,,,Sand 2,2,3.52,35.1,-2.02,-33.6
-17.28,18.78,21.11,0.104,3.8667,-3.9,0.8,2.5,0.49071,830.0,18.768,21.11,211.1,1.463488715840404,,,,Sand,,,Sand 2,2,3.52,35.1,-2.02,-33.6
-17.3,18.8,21.07,0.1,3.8,-3.7,0.8,2.5,0.46688,830.0,18.788,21.07,210.7,1.4507828953698771,,,,Sand,,,Sand 2,2,3.52,35.1,-2.02,-33.6
-17.32,18.82,21.47,0.095,4.0,-3.9,1.0,2.5,0.43658,831.0,18.808,21.47,214.7,1.4265819632879668,,,,Sand,,,Sand 2,2,3.52,35.1,-2.02,-33.6
-17.34,18.84,21.21,0.0947,4.0,-3.9,1.0,2.5,0.42742,832.0,18.828,21.21,212.1,1.4252905673821978,,,,Sand,,,Sand 2,2,3.52,35.1,-2.02,-33.6
-17.36,18.86,21.61,0.0943,4.0,-3.9,0.8,2.4,0.41807,833.0,18.848,21.61,216.1,1.4130494279431016,,,,Sand,,,Sand 2,2,3.52,35.1,-2.02,-33.6
-17.38,18.88,22.46,0.094,4.0,-3.9,0.8,2.2,0.41023,834.0,18.868,22.46,224.6,1.3946966769151738,,,,Sand,,,Sand 2,2,3.52,35.1,-2.02,-33.6
-17.4,18.9,23.93,0.094,4.0,-3.9,1.0,2.5,0.40467,834.0,18.888,23.93,239.3,1.3691245796646292,,,,Sand,,,Sand 2,2,3.52,35.1,-2.02,-33.6
-17.42,18.92,24.39,0.094,3.8,-3.7,0.8,2.5,0.39826,835.0,18.908,24.39,243.9,1.358345936716529,,,,Sand,,,Sand 2,2,3.52,35.1,-2.02,-33.6
-17.44,18.94,24.31,0.095,4.0,-3.9,0.8,2.4,0.39678,836.0,18.928,24.31,243.1,1.3585087362590462,,,,Sand,,,Sand 2,2,3.52,35.1,-2.02,-33.6
-17.46,18.96,23.93,0.1,4.0,-3.9,0.8,2.4,0.41412,837.0,18.948,23.93,239.3,1.3752041006971982,,,,Sand,,,Sand 2,2,3.52,35.1,-2.02,-33.6
-17.48,18.98,23.99,0.106,4.0,-3.9,0.8,2.1,0.43886,838.0,18.968,23.99,239.9,1.389834590340421,,,,Sand,,,Sand 2,2,3.52,35.1,-2.02,-33.6
-17.5,19.0,24.2,0.113,4.0,-3.9,1.0,3.1,0.46699,838.0,18.988,24.2,242.0,1.403803772771146,,,,Sand,,,Sand 2,2,3.52,35.1,-2.02,-33.6
-17.52,19.02,24.33,0.11,4.0,-3.9,0.8,2.8,0.4505,839.0,19.008,24.33,243.3,1.3921531968119014,,,,Sand,,,Sand 2,2,3.52,35.1,-2.02,-33.6
-17.54,19.04,24.1,0.108,4.0,-3.9,0.8,2.5,0.43498,840.0,19.028,24.1,241.0,1.3858847122647076,,,,Sand,,,Sand 2,2,3.52,35.1,-2.02,-33.6
-17.56,19.06,23.98,0.113,4.0,-3.9,0.8,2.5,0.44602,841.0,19.048,23.98,239.8,1.3943477937672086,,,,Sand,,,Sand 2,2,3.52,35.1,-2.02,-33.6
-17.58,19.08,24.74,0.116,4.0,-3.9,0.8,2.5,0.44695,842.0,19.068,24.74,247.4,1.3843478036799741,,,,Sand,,,Sand 2,2,3.52,35.1,-2.02,-33.6
-17.6,19.1,26.07,0.116,4.2,-4.1,0.8,2.5,0.43556,842.0,19.088,26.07,260.7,1.3596257477054539,,,,Sand,,,Sand 2,2,3.52,35.1,-2.02,-33.6
-17.62,19.12,27.22,0.121,4.0,-3.9,0.8,2.5,0.44268,843.0,19.108,27.22,272.2,1.3496548890035356,,,,Sand,,,Sand 2,2,3.52,35.1,-2.02,-33.6
-17.64,19.14,28.04,0.121,4.2,-4.1,0.8,2.4,0.43116,844.0,19.127,28.04,280.4,1.3324206172045963,,,,Sand,,,Sand 2,2,3.52,35.1,-2.02,-33.6
-17.66,19.16,29.15,0.126,4.0,-3.9,0.8,2.5,0.43849,845.0,19.147,29.15,291.5,1.3242832552253676,,,,Sand,,,Sand 2,2,3.52,35.1,-2.02,-33.6
-17.68,19.18,29.76,0.131,4.2,-4.1,0.8,2.5,0.44771,845.0,19.167,29.76,297.6,1.323398186880654,,,,Sand,,,Sand 2,2,3.52,35.1,-2.02,-33.6
-17.7,19.2,29.71,0.139,4.2,-4.1,0.8,2.5,0.46691,846.0,19.187,29.71,297.1,1.3360160037115678,,,,Sand,,,Sand 2,2,3.52,35.1,-2.02,-33.6
-17.72,19.22,29.82,0.149,4.0,-3.9,0.8,2.5,0.49264,847.0,19.207,29.82,298.2,1.3504500886934911,,,,Sand,,,Sand 2,2,3.52,35.1,-2.02,-33.6
-17.74,19.24,30.11,0.155,4.2,-4.1,0.8,2.5,0.50722,848.0,19.227,30.11,301.1,1.3559655927661964,,,,Sand,,,Sand 2,2,3.52,35.1,-2.02,-33.6
-17.76,19.26,30.27,0.168,4.2,-4.1,0.8,2.5,0.54636,849.0,19.247,30.27,302.7,1.376539962539747,,,,Sand,,,Sand 2,2,3.52,35.1,-2.02,-33.6
-17.78,19.28,31.3,0.174,4.2,-4.1,0.8,2.5,0.56336,849.0,19.267,31.3,313.0,1.375496023580071,,,,Sand,,,Sand 2,2,3.52,35.1,-2.02,-33.6
-17.8,19.3,31.84,0.174,4.2,-4.1,0.8,2.5,0.56095,850.0,19.287,31.84,318.4,1.3689248034554997,,,,Sand,,,Sand 2,2,3.52,35.1,-2.02,-33.6
-17.82,19.32,31.66,0.178,4.2,-4.1,0.8,2.5,0.57095,851.0,19.307,31.66,316.6,1.3761006137554395,,,,Sand,,,Sand 2,2,3.52,35.1,-2.02,-33.6
-17.84,19.34,31.28,0.182,4.2,-4.1,0.8,2.4,0.5811,852.0,19.327,31.28,312.8,1.3852273118150429,,,,Sand,,,Sand 2,2,3.52,35.1,-2.02,-33.6
-17.86,19.36,30.81,0.188,4.0,-3.9,0.8,2.6,0.60085,853.0,19.347,30.81,308.1,1.4001784302592217,,,,Sand,,,Sand 2,2,3.52,35.1,-2.02,-33.6
-17.88,19.38,30.88,0.196,4.2,-4.1,0.8,2.5,0.63035,853.0,19.367,30.88,308.8,1.4144184571877223,,,,Sand,,,Sand 2,2,3.52,35.1,-2.02,-33.6
-17.9,19.4,31.37,0.198,4.2,-4.1,0.8,2.4,0.64174,854.0,19.387,31.37,313.7,1.4153235400752315,,,,Sand,,,Sand 2,2,3.52,35.1,-2.02,-33.6
-17.92,19.42,31.42,0.205,4.2,-4.1,0.8,2.2,0.66942,855.0,19.407,31.42,314.2,1.4282204141711916,,,,Sand,,,Sand 2,2,3.52,35.1,-2.02,-33.6
-17.94,19.44,31.05,0.201,4.2,-4.1,0.8,2.5,0.66197,856.0,19.427,31.05,310.5,1.4281834226445063,,,,Sand,,,Sand 2,2,3.52,35.1,-2.02,-33.6
-17.96,19.46,30.28,0.204,4.1,-4.1,0.6,2.5,0.67983,857.0,19.447,30.28,302.8,1.4440772683396117,,,,Sand,,,Sand 2,2,3.52,35.1,-2.02,-33.6
-17.98,19.48,29.74,0.209,4.4,-4.3,0.8,2.5,0.71058,857.0,19.467,29.74,297.4,1.4634492173809996,,,,Sand,,,Sand 2,2,3.52,35.1,-2.02,-33.6
-18.0,19.5,29.44,0.208,4.2,-4.1,0.8,2.5,0.72702,858.0,19.487,29.44,294.4,1.4737259046444515,,,,Sand,,,Sand 2,2,3.52,35.1,-2.02,-33.6
-18.02,19.52,28.73,0.208,4.2,-4.1,0.8,2.2,0.75097,859.0,19.506,28.73,287.3,1.4912590858045498,,,,Sand,,,Sand 2,2,3.52,35.1,-2.02,-33.6
-18.04,19.54,28.03,0.201,4.2,-4.1,0.8,2.5,0.75242,860.0,19.526,28.03,280.3,1.4991596938361997,,,,Sand,,,Sand 2,2,3.52,35.1,-2.02,-33.6
-18.06,19.56,26.61,0.195,4.3,-4.3,0.6,3.0,0.75949,860.0,19.546,26.61,266.1,1.5175902011886668,,,,Sand,,,Sand 2,2,3.52,35.1,-2.02,-33.6
-18.08,19.58,25.0,0.19,4.2,-4.1,0.8,2.7,0.77232,861.0,19.566,25.0,250.0,1.541598988663609,,,,Sand,,,Sand 2,2,3.52,35.1,-2.02,-33.6
-18.1,19.6,23.75,0.182,4.4,-4.3,0.8,2.5,0.77402,862.0,19.586,23.75,237.5,1.5578522164404154,,,,Sand,,,Sand 2,2,3.52,35.1,-2.02,-33.6
-18.12,19.62,22.41,0.178,4.3,-4.3,0.6,2.5,0.7958,863.0,19.606,22.41,224.1,1.5841754627834217,,,,Sand,,,Sand 2,2,3.52,35.1,-2.02,-33.6
-18.14,19.64,21.43,0.169,4.2,-4.1,0.8,2.5,0.79473,864.0,19.626,21.43,214.3,1.5975488923922032,,,,Sand,,,Sand 2,2,3.52,35.1,-2.02,-33.6
-18.16,19.66,20.85,0.16,4.1,-4.1,0.6,2.5,0.7911,864.0,19.646,20.85,208.5,1.6046801214034994,,,,Sand,,,Sand 2,2,3.52,35.1,-2.02,-33.6
-18.18,19.68,20.03,0.154,4.1,-4.1,0.6,2.6,0.79912,865.0,19.666,20.03,200.3,1.6202552598460802,,,,Sand,,,Sand 2,2,3.52,35.1,-2.02,-33.6
-18.2,19.7,18.86,0.148,4.1,-4.1,0.6,2.4,0.80266,866.0,19.686,18.86,188.6,1.6405188277563534,,,,Sand,,,Sand 2,2,3.52,35.1,-2.02,-33.6
-18.22,19.72,17.79,0.135,4.1,-4.1,0.6,2.5,0.76217,867.0,19.706,17.79,177.9,1.643924876189679,,,,Sand,,,Sand 2,2,3.52,35.1,-2.02,-33.6
-18.24,19.74,16.68,0.124,4.3,-4.3,0.6,2.5,0.72765,867.0,19.726,16.68,166.8,1.651535974707601,,,,Sand,,,Sand 2,2,3.52,35.1,-2.02,-33.6
-18.26,19.76,16.12,0.109,4.6,-4.5,0.8,2.5,0.66282,868.0,19.746,16.12,161.20000000000002,1.6366892965534792,,,,Sand,,,Sand 2,2,3.52,35.1,-2.02,-33.6
-18.28,19.78,15.75,0.097,4.5333,-4.3,0.6,2.5,0.6063,869.0,19.766,15.75,157.5,1.6202460113260537,,,,Sand,,,Sand 2,2,3.52,35.1,-2.02,-33.6
-18.3,19.8,15.62,0.082,4.4667,-4.3,0.6,2.5,0.52363,870.0,19.786,15.62,156.2,1.5845368926499308,,,,Sand,,,Sand 2,2,3.52,35.1,-2.02,-33.6
-18.32,19.82,15.48,0.066,4.4,-4.3,0.8,2.5,0.42712,871.0,19.806,15.48,154.8,1.5370170948809876,,,,Sand,,,Sand 2,2,3.52,35.1,-2.02,-33.6
-18.34,19.84,15.26,0.058,4.3,-4.3,0.6,2.5,0.37699,871.0,19.826,15.26,152.6,1.512971624521404,,,,Sand,,,Sand 2,2,3.52,35.1,-2.02,-33.6
-18.36,19.86,15.29,0.05,4.3,-4.3,0.6,2.5,0.32394,872.0,19.846,15.29,152.9,1.478623215381319,,,,Sand,,,Sand 2,2,3.52,35.1,-2.02,-33.6
-18.38,19.88,15.08,0.0492,4.3,-4.3,0.6,2.4,0.31648,873.0,19.865,15.08,150.8,1.4788934522592432,,,,Sand,,,Sand 2,2,3.52,35.1,-2.02,-33.6
-18.4,19.9,15.02,0.0485,4.3,-4.3,0.6,2.4,0.30755,874.0,19.885,15.02,150.2,1.474397282204238,,,,Sand,,,Sand 2,2,3.52,35.1,-2.02,-33.6
-18.42,19.92,15.58,0.0477,4.3,-4.3,0.6,2.2,0.29595,875.0,19.905,15.58,155.8,1.4524519650517864,,,,Sand,,,Sand 2,2,3.52,35.1,-2.02,-33.6
-18.44,19.94,16.15,0.049,4.4,-4.3,0.8,2.3,0.29717,875.0,19.925,16.15,161.49999999999997,1.4396056588374184,,,,Sand,,,Sand 2,2,3.52,35.1,-2.02,-33.6
-18.46,19.96,16.51,0.052,4.3,-4.3,0.6,2.5,0.30555,876.0,19.945,16.51,165.1,1.437107659659486,,,,Sand,,,Sand 2,2,3.52,35.1,-2.02,-33.6
-18.48,19.98,17.27,0.057,4.4,-4.3,0.8,2.5,0.32306,877.0,19.965,17.27,172.7,1.4322786566844525,,,,Sand,,,Sand 2,2,3.52,35.1,-2.02,-33.6
-18.5,20.0,18.04,0.059,4.4,-4.3,0.8,2.5,0.32285,878.0,19.985,18.04,180.4,1.4158615420394156,,,,Sand,,,Sand 2,2,3.52,35.1,-2.02,-33.6
-18.52,20.02,18.26,0.061,4.3,-4.3,0.6,2.4,0.3219,879.0,20.005,18.26,182.6,1.410690682286028,,,,Sand,,,Sand 2,2,3.52,35.1,-2.02,-33.6
-18.54,20.04,19.32,0.07,4.3,-4.3,0.6,2.5,0.35558,879.0,20.025,19.32,193.2,1.4128635797449283,,,,Sand,,,Sand 2,2,3.52,35.1,-2.02,-33.6
-18.56,20.06,20.02,0.073,4.3,-4.3,0.6,2.8,0.35679,880.0,20.045,20.02,200.2,1.4007489249317056,,,,Sand,,,Sand 2,2,3.52,35.1,-2.02,-33.6
-18.58,20.08,20.63,0.083,4.3,-4.3,0.6,2.5,0.38972,881.0,20.065,20.63,206.3,1.4115601173115933,,,,Sand,,,Sand 2,2,3.52,35.1,-2.02,-33.6
-18.6,20.1,21.55,0.091,4.3,-4.3,0.6,2.5,0.40973,882.0,20.085,21.55,215.5,1.4088309424551828,,,,Sand,,,Sand 2,2,3.52,35.1,-2.02,-33.6
-18.62,20.12,22.4,0.101,4.3,-4.3,0.6,2.5,0.43785,882.0,20.105,22.4,224.0,1.412701619579686,,,,Sand,,,Sand 2,2,3.52,35.1,-2.02,-33.6
-18.64,20.14,23.46,0.103,4.3,-4.3,0.6,2.5,0.43065,883.0,20.125,23.46,234.6,1.3924105246706178,,,,Sand,,,Sand 2,2,3.52,35.1,-2.02,-33.6
-18.66,20.16,24.74,0.108,4.3,-4.3,0.6,2.5,0.43654,884.0,20.145,24.74,247.4,1.3779367084668135,,,,Sand,,,Sand 2,2,3.52,35.1,-2.02,-33.6
-18.68,20.18,25.56,0.124,4.3,-4.3,0.6,2.5,0.48906,885.0,20.165,25.56,255.6,1.3984693263041579,,,,Sand,,,Sand 2,2,3.52,35.1,-2.02,-33.6
-18.7,20.2,26.18,0.132,4.3,-4.3,0.6,2.5,0.5125,886.0,20.185,26.18,261.8,1.403958177835517,,,,Sand,,,Sand 2,2,3.52,35.1,-2.02,-33.6
-18.72,20.22,26.82,0.136,4.4,-4.3,0.8,2.5,0.52494,886.0,20.205,26.82,268.2,1.4030731671201906,,,,Sand,,,Sand 2,2,3.52,35.1,-2.02,-33.6
-18.74,20.24,27.21,0.146,4.3,-4.3,0.6,2.5,0.56625,887.0,20.224,27.21,272.1,1.4207504983999135,,,,Sand,,,Sand 2,2,3.52,35.1,-2.02,-33.6
-18.76,20.26,26.47,0.145,4.6,-4.5,0.8,2.4,0.56821,888.0,20.244,26.47,264.7,1.430521530893169,,,,Sand,,,Sand 2,2,3.52,35.1,-2.02,-33.6
-18.78,20.28,25.61,0.146,4.5,-4.5,0.6,2.4,0.57971,889.0,20.264,25.61,256.1,1.446954624245839,,,,Sand,,,Sand 2,2,3.52,35.1,-2.02,-33.6
-18.8,20.3,24.67,0.147,4.4,-4.3,0.8,2.5,0.59376,890.0,20.284,24.67,246.7,1.465940666073171,,,,Sand,,,Sand 2,2,3.52,35.1,-2.02,-33.6
-18.82,20.32,23.75,0.152,4.3,-4.3,0.6,2.5,0.62748,890.0,20.304,23.75,237.5,1.4943499113718326,,,,Sand,,,Sand 2,2,3.52,35.1,-2.02,-33.6
-18.84,20.34,23.44,0.158,4.3,-4.3,0.6,2.5,0.66702,891.0,20.324,23.44,234.4,1.5166803276689422,,,,Sand,,,Sand 2,2,3.52,35.1,-2.02,-33.6
-18.86,20.36,23.51,0.153,4.5,-4.5,0.6,2.5,0.66266,892.0,20.344,23.51,235.1,1.513780771402803,,,,Sand,,,Sand 2,2,3.52,35.1,-2.02,-33.6
-18.88,20.38,23.4,0.154,4.5,-4.5,0.6,2.5,0.68589,893.0,20.364,23.4,234.0,1.5255816058881178,,,,Sand,,,Sand 2,2,3.52,35.1,-2.02,-33.6
-18.9,20.4,22.94,0.148,4.4,-4.3,0.8,2.6,0.67812,893.0,20.384,22.94,229.4,1.528407158819943,,,,Sand,,,Sand 2,2,3.52,35.1,-2.02,-33.6
-18.92,20.42,22.18,0.14,4.5,-4.5,0.6,2.5,0.66174,894.0,20.404,22.18,221.8,1.531826587171068,,,,Sand,,,Sand 2,2,3.52,35.1,-2.02,-33.6
-18.94,20.44,20.82,0.137,4.4,-4.3,0.8,2.5,0.67128,895.0,20.424,20.82,208.2,1.556278899906061,,,,Sand,,,Sand 2,2,3.52,35.1,-2.02,-33.6
-18.96,20.46,19.58,0.132,4.3,-4.3,0.6,2.2,0.67223,896.0,20.444,19.58,195.8,1.57652119346643,,,,Sand,,,Sand 2,2,3.52,35.1,-2.02,-33.6
-18.98,20.48,18.73,0.123,4.3,-4.3,0.6,2.1,0.65075,897.0,20.464,18.73,187.3,1.5817271052194666,,,,Sand,,,Sand 2,2,3.52,35.1,-2.02,-33.6
-19.0,20.5,18.09,0.117,4.5,-4.5,0.6,2.5,0.64088,898.0,20.484,18.09,180.9,1.5888913302242345,,,,Sand,,,Sand 2,2,3.52,35.1,-2.02,-33.6
-19.02,20.52,17.53,0.11,4.5,-4.5,0.6,2.5,0.61906,898.0,20.504,17.53,175.3,1.5897213382593571,,,,Sand,,,Sand 2,2,3.52,35.1,-2.02,-33.6
-19.04,20.54,17.22,0.105,4.5,-4.5,0.6,2.5,0.6025,899.0,20.524,17.22,172.2,1.5882658147649007,,,,Sand,,,Sand 2,2,3.52,35.1,-2.02,-33.6
-19.06,20.56,17.06,0.103,4.5,-4.5,0.6,2.5,0.5991,900.0,20.543,17.06,170.6,1.5898744675565777,,,,Sand,,,Sand 2,2,3.52,35.1,-2.02,-33.6
-19.08,20.58,17.02,0.105,4.4,-4.3,0.8,2.4,0.61651,901.0,20.563,17.02,170.2,1.5984993835992278,,,,Sand,,,Sand 2,2,3.52,35.1,-2.02,-33.6
-19.1,20.6,16.92,0.108,4.5,-4.5,0.6,3.0,0.63839,901.0,20.583,16.92,169.2,1.6100842000688311,,,,Sand,,,Sand 2,2,3.52,35.1,-2.02,-33.6
-19.12,20.62,16.85,0.11,4.6,-4.5,0.8,2.7,0.65418,902.0,20.603,16.85,168.5,1.618243682273195,,,,Sand,,,Sand 2,2,3.52,35.1,-2.02,-33.6
-19.14,20.64,16.85,0.117,4.6,-4.5,0.8,2.5,0.70023,903.0,20.623,16.85,168.5,1.6373092478442048,,,,Sand,,,Sand 2,2,3.52,35.1,-2.02,-33.6
-19.16,20.66,16.8,0.12,4.5,-4.5,0.6,2.5,0.72393,904.0,20.643,16.8,168.0,1.6477256072727224,,,,Sand,,,Sand 2,2,3.52,35.1,-2.02,-33.6
-19.18,20.68,16.62,0.124,4.6,-4.5,0.8,2.4,0.75432,905.0,20.663,16.62,166.2,1.6629946465788055,,,,Sand,,,Sand 2,2,3.52,35.1,-2.02,-33.6
-19.2,20.7,16.4,0.128,4.6,-4.5,0.8,2.5,0.78576,905.0,20.683,16.4,164.0,1.6790737221074135,,,,Sand,,,Sand 2,2,3.52,35.1,-2.02,-33.6
-19.22,20.72,16.21,0.131,4.5,-4.5,0.6,2.5,0.81203,906.0,20.703,16.21,162.1,1.6923592764893165,,,,Sand,,,Sand 2,2,3.52,35.1,-2.02,-33.6
-19.24,20.74,15.96,0.131,4.6,-4.5,0.8,2.5,0.8199,907.0,20.723,15.96,159.6,1.7001821705172466,,,,Sand,,,Sand 2,2,3.52,35.1,-2.02,-33.6
-19.26,20.76,15.82,0.132,4.5,-4.5,0.6,2.6,0.83327,908.0,20.743,15.82,158.2,1.7077202029623468,,,,Sand,,,Sand 2,2,3.52,35.1,-2.02,-33.6
-19.28,20.78,15.66,0.131,4.5,-4.5,0.6,2.4,0.83274,908.0,20.763,15.66,156.6,1.710823723328974,,,,Sand,,,Sand 2,2,3.52,35.1,-2.02,-33.6
-19.3,20.8,15.59,0.131,4.6,-4.5,0.8,2.5,0.83719,909.0,20.783,15.59,155.9,1.7138170304899691,,,,Sand,,,Sand 2,2,3.52,35.1,-2.02,-33.6
-19.32,20.82,15.56,0.13,4.5,-4.5,0.6,2.5,0.83367,910.0,20.803,15.56,155.6,1.7132212890368164,,,,Sand,,,Sand 2,2,3.52,35.1,-2.02,-33.6
-19.34,20.84,15.53,0.13,4.5,-4.5,0.6,2.5,0.83561,911.0,20.823,15.53,155.3,1.7145188052477223,,,,Sand,,,Sand 2,2,3.52,35.1,-2.02,-33.6
-19.36,20.86,15.52,0.129,4.5,-4.5,0.6,2.4,0.82985,912.0,20.843,15.52,155.2,1.7127282577311314,,,,Sand,,,Sand 2,2,3.52,35.1,-2.02,-33.6
-19.38,20.88,15.54,0.128,4.7,-4.7,0.6,2.5,0.82315,912.0,20.862,15.54,155.4,1.7099707682189915,,,,Sand,,,Sand 2,2,3.52,35.1,-2.02,-33.6
-19.4,20.9,15.53,0.129,4.6,-4.5,0.8,2.5,0.82845,913.0,20.882,15.53,155.3,1.7120317229970181,,,,Sand,,,Sand 2,2,3.52,35.1,-2.02,-33.6
-19.42,20.92,15.53,0.13,4.6,-4.5,0.8,2.5,0.83287,914.0,20.902,15.53,155.3,1.7135690351716795,,,,Sand,,,Sand 2,2,3.52,35.1,-2.02,-33.6
-19.44,20.94,15.56,0.128,4.5,-4.5,0.6,2.6,0.8177,915.0,20.922,15.56,155.6,1.707638323830118,,,,Sand,,,Sand 2,2,3.52,35.1,-2.02,-33.6
-19.46,20.96,15.63,0.129,4.6,-4.5,0.8,2.5,0.82113,915.0,20.942,15.63,156.3,1.7073872122637535,,,,Sand,,,Sand 2,2,3.52,35.1,-2.02,-33.6
-19.48,20.98,15.73,0.129,4.5,-4.5,0.6,2.6,0.81762,916.0,20.962,15.73,157.3,1.704081177708644,,,,Sand,,,Sand 2,2,3.52,35.1,-2.02,-33.6
-19.5,21.0,15.83,0.13,4.7,-4.7,0.6,2.4,0.81974,917.0,20.982,15.83,158.3,1.702774297310229,,,,Sand,,,Sand 2,2,3.52,35.1,-2.02,-33.6
-19.52,21.02,15.88,0.129,4.8,-4.7,0.8,2.2,0.80922,918.0,21.002,15.88,158.8,1.6980208273244923,,,,Sand,,,Sand 2,2,3.52,35.1,-2.02,-33.6
-19.54,21.04,15.99,0.131,4.6,-4.5,0.8,2.5,0.8176,919.0,21.022,15.99,159.9,1.6987608907524234,,,,Sand,,,Sand 2,2,3.52,35.1,-2.02,-33.6
-19.56,21.06,16.07,0.132,4.5,-4.5,0.6,2.5,0.82141,920.0,21.042,16.07,160.7,1.6984941050883635,,,,Sand,,,Sand 2,2,3.52,35.1,-2.02,-33.6
-19.58,21.08,16.18,0.134,4.5,-4.5,0.6,2.5,0.83269,920.0,21.062,16.18,161.8,1.700258053806026,,,,Sand,,,Sand 2,2,3.52,35.1,-2.02,-33.6
-19.6,21.1,16.22,0.135,4.6,-4.5,0.8,2.5,0.83897,921.0,21.082,16.22,162.2,1.7016544186692906,,,,Sand,,,Sand 2,2,3.52,35.1,-2.02,-33.6
-19.62,21.12,16.28,0.135,4.7,-4.7,0.6,2.4,0.83975,922.0,21.102,16.28,162.8,1.7007389272849243,,,,Sand,,,Sand 2,2,3.52,35.1,-2.02,-33.6
-19.64,21.14,16.11,0.136,4.6,-4.5,0.8,3.0,0.84709,923.0,21.122,16.11,161.1,1.706654603889966,,,,Sand,,,Sand 2,2,3.52,35.1,-2.02,-33.6
-19.66,21.16,16.01,0.136,4.8,-4.7,0.8,2.9,0.84795,923.0,21.142,16.01,160.10000000000002,1.7089527551135761,,,,Sand,,,Sand 2,2,3.52,35.1,-2.02,-33.6
-19.68,21.18,15.87,0.137,4.8,-4.7,0.8,2.5,0.85365,924.0,21.162,15.87,158.7,1.7137328320414313,,,,Sand,,,Sand 2,2,3.52,35.1,-2.02,-33.6
-19.7,21.2,15.87,0.137,4.6,-4.5,0.8,2.5,0.85186,925.0,21.181,15.87,158.7,1.7131205428063792,,,,Sand,,,Sand 2,2,3.52,35.1,-2.02,-33.6
-19.72,21.22,15.9,0.136,4.8,-4.7,0.8,2.5,0.84061,926.0,21.201,15.9,159.0,1.7086397937912232,,,,Sand,,,Sand 2,2,3.52,35.1,-2.02,-33.6
-19.74,21.24,16.05,0.136,4.7,-4.7,0.6,2.5,0.83244,926.0,21.221,16.05,160.5,1.7027707454968795,,,,Sand,,,Sand 2,2,3.52,35.1,-2.02,-33.6
-19.76,21.26,16.3,0.137,4.8,-4.7,0.8,2.5,0.82773,927.0,21.241,16.3,163.0,1.696137584875431,,,,Sand,,,Sand 2,2,3.52,35.1,-2.02,-33.6
-19.78,21.28,16.55,0.138,4.8,-4.7,0.8,2.5,0.82015,928.0,21.261,16.55,165.5,1.688555726321196,,,,Sand,,,Sand 2,2,3.52,35.1,-2.02,-33.6
-19.8,21.3,16.88,0.14,4.8,-4.7,0.8,2.6,0.81633,929.0,21.281,16.88,168.8,1.6808460188717378,,,,Sand,,,Sand 2,2,3.52,35.1,-2.02,-33.6
-19.82,21.32,17.28,0.143,4.6,-4.5,0.8,2.5,0.81796,929.0,21.301,17.28,172.8,1.673926632597783,,,,Sand,,,Sand 2,2,3.52,35.1,-2.02,-33.6
-19.84,21.34,17.58,0.145,4.8,-4.7,0.8,2.5,0.81392,930.0,21.321,17.58,175.8,1.6669714434555722,,,,Sand,,,Sand 2,2,3.52,35.1,-2.02,-33.6
-19.86,21.36,18.07,0.148,4.8,-4.7,0.8,2.5,0.81464,931.0,21.341,18.07,180.7,1.6584794263996232,,,,Sand,,,Sand 2,2,3.52,35.1,-2.02,-33.6
-19.88,21.38,18.49,0.151,4.8,-4.7,0.8,2.5,0.81467,932.0,21.361,18.49,184.9,1.6512057580349255,,,,Sand,,,Sand 2,2,3.52,35.1,-2.02,-33.6
-19.9,21.4,18.71,0.155,4.8,-4.7,0.8,2.5,0.81789,933.0,21.381,18.71,187.1,1.6486433644658254,,,,Sand,,,Sand 2,2,3.52,35.1,-2.02,-33.6
-19.92,21.42,18.96,0.158,4.8,-4.7,0.8,2.5,0.81218,933.0,21.401,18.96,189.6,1.6423652877029218,,,,Sand,,,Sand 2,2,3.52,35.1,-2.02,-33.6
-19.94,21.44,19.37,0.161,4.8,-4.7,0.8,2.5,0.80545,934.0,21.421,19.37,193.7,1.6331396850861974,,,,Sand,,,Sand 2,2,3.52,35.1,-2.02,-33.6
-19.96,21.46,19.82,0.164,4.8,-4.7,0.8,2.5,0.7967,935.0,21.441,19.82,198.2,1.6226484260293605,,,,Sand,,,Sand 2,2,3.52,35.1,-2.02,-33.6
-19.98,21.48,20.61,0.167,4.8,-4.7,0.8,2.6,0.78588,936.0,21.46,20.61,206.1,1.606292384136847,,,,Sand,,,Sand 2,2,3.52,35.1,-2.02,-33.6
-20.0,21.5,21.6,0.172,4.8,-4.7,0.8,2.5,0.78494,936.0,21.48,21.6,216.0,1.5913282559034234,,,,Sand,,,Sand 2,2,3.52,35.1,-2.02,-33.6
-20.02,21.52,22.35,0.179,4.9,-4.9,0.8,2.3,0.79542,937.0,21.5,22.35,223.5,1.584851851495743,,,,Sand,,,Sand 2,2,3.52,35.1,-2.02,-33.6
-20.04,21.54,23.26,0.184,4.8,-4.7,0.8,2.3,0.79996,938.0,21.52,23.26,232.6,1.5744054351264072,,,,Sand,,,Sand 2,2,3.52,35.1,-2.02,-33.6
-20.06,21.56,24.03,0.19,4.8,-4.7,0.8,2.5,0.8131,939.0,21.54,24.03,240.3,1.5696122835109663,,,,Sand,,,Sand 2,2,3.52,35.1,-2.02,-33.6
-20.08,21.58,24.26,0.194,4.8,-4.7,0.8,2.5,0.82308,940.0,21.56,24.26,242.6,1.5705701607627098,,,,Sand,,,Sand 2,2,3.52,35.1,-2.02,-33.6
-20.1,21.6,24.1,0.202,4.8,-4.7,0.8,2.5,0.85327,941.0,21.58,24.1,241.0,1.5838898295855326,,,,Sand,,,Sand 2,2,3.52,35.1,-2.02,-33.6
-20.12,21.62,23.8,0.207,4.8,-4.7,0.8,2.4,0.87439,941.0,21.6,23.8,238.0,1.5953472603340197,,,,Sand,,,Sand 2,2,3.52,35.1,-2.02,-33.6
-20.14,21.64,23.54,0.209,4.9,-4.9,0.8,2.1,0.88578,942.0,21.62,23.54,235.4,1.602709812058325,,,,Sand,,,Sand 2,2,3.52,35.1,-2.02,-33.6
-20.16,21.66,23.22,0.21,4.9,-4.9,0.8,3.2,0.89395,943.0,21.64,23.22,232.2,1.609687835308791,,,,Sand,,,Sand 2,2,3.52,35.1,-2.02,-33.6
-20.18,21.68,23.18,0.211,4.9,-4.9,0.8,2.9,0.90075,944.0,21.66,23.18,231.8,1.6125971356599629,,,,Sand,,,Sand 2,2,3.52,35.1,-2.02,-33.6
-20.2,21.7,23.26,0.211,4.9,-4.9,0.8,2.6,0.9006,944.0,21.68,23.26,232.6,1.611519598221266,,,,Sand,,,Sand 2,2,3.52,35.1,-2.02,-33.6
-20.22,21.72,23.4,0.209,4.8,-4.7,0.8,2.5,0.88998,945.0,21.7,23.4,234.0,1.6059812859760476,,,,Sand,,,Sand 2,2,3.52,35.1,-2.02,-33.6
-20.24,21.74,23.43,0.209,4.9,-4.9,0.8,2.5,0.88686,946.0,21.72,23.43,234.3,1.6044894749857788,,,,Sand,,,Sand 2,2,3.52,35.1,-2.02,-33.6
-20.26,21.76,23.57,0.209,4.9,-4.9,0.8,2.5,0.88489,947.0,21.739,23.57,235.7,1.6020128260243163,,,,Sand,,,Sand 2,2,3.52,35.1,-2.02,-33.6
-20.28,21.78,23.83,0.209,4.8,-4.7,0.8,2.5,0.88381,947.0,21.759,23.83,238.3,1.598365092343281,,,,Sand,,,Sand 2,2,3.52,35.1,-2.02,-33.6
-20.3,21.8,23.98,0.208,4.9,-4.9,0.8,2.4,0.87935,948.0,21.779,23.98,239.8,1.5948985657205785,,,,Sand,,,Sand 2,2,3.52,35.1,-2.02,-33.6
-20.32,21.82,23.88,0.206,4.9,-4.9,0.8,2.4,0.87039,949.0,21.799,23.88,238.8,1.5928984129314923,,,,Sand,,,Sand 2,2,3.52,35.1,-2.02,-33.6
-20.34,21.84,23.6,0.205,4.9,-4.9,0.8,2.5,0.86589,950.0,21.819,23.6,236.0,1.5947796182792633,,,,Sand,,,Sand 2,2,3.52,35.1,-2.02,-33.6
-20.36,21.86,23.49,0.207,4.9,-4.9,0.8,2.5,0.87573,951.0,21.839,23.49,234.9,1.5997383188908016,,,,Sand,,,Sand 2,2,3.52,35.1,-2.02,-33.6
-20.38,21.88,23.45,0.208,4.9,-4.9,0.8,2.5,0.88454,951.0,21.859,23.45,234.5,1.6034074429454919,,,,Sand,,,Sand 2,2,3.52,35.1,-2.02,-33.6
-20.4,21.9,23.54,0.207,4.9,-4.9,0.8,2.5,0.88651,952.0,21.879,23.54,235.4,1.6029704099275475,,,,Sand,,,Sand 2,2,3.52,35.1,-2.02,-33.6
-20.42,21.92,23.63,0.205,4.9,-4.9,0.8,2.5,0.88472,953.0,21.899,23.63,236.3,1.6011957062853155,,,,Sand,,,Sand 2,2,3.52,35.1,-2.02,-33.6
-20.44,21.94,23.53,0.204,4.9,-4.9,0.8,2.5,0.88744,954.0,21.919,23.53,235.3,1.6034285497448602,,,,Sand,,,Sand 2,2,3.52,35.1,-2.02,-33.6
-20.46,21.96,23.0,0.204,4.9,-4.9,0.8,2.5,0.89405,955.0,21.939,23.0,230.0,1.6125618355797575,,,,Sand,,,Sand 2,2,3.52,35.1,-2.02,-33.6
-20.48,21.98,22.56,0.202,4.9,-4.9,0.8,2.5,0.89124,955.0,21.959,22.56,225.6,1.6173494068390184,,,,Sand,,,Sand 2,2,3.52,35.1,-2.02,-33.6
-20.5,22.0,22.17,0.2,4.9,-4.9,0.8,2.4,0.88608,956.0,21.979,22.17,221.7,1.6207701343971663,,,,Sand,,,Sand 2,2,3.52,35.1,-2.02,-33.6
-20.52,22.02,22.02,0.198,4.9,-4.9,0.8,2.4,0.87781,957.0,21.999,22.02,220.2,1.61988937445168,,,,Sand,,,Sand 2,2,3.52,35.1,-2.02,-33.6
-20.54,22.04,22.09,0.194,4.9,-4.9,0.8,2.5,0.85505,958.0,22.018,22.09,220.9,1.6107512931312897,,,,Sand,,,Sand 2,2,3.52,35.1,-2.02,-33.6
-20.56,22.06,22.32,0.19,4.9,-4.9,0.8,2.3,0.8264,959.0,22.038,22.32,223.2,1.5970374186965304,,,,Sand,,,Sand 2,2,3.52,35.1,-2.02,-33.6
-20.58,22.08,22.88,0.186,4.9,-4.9,0.8,2.2,0.79551,959.0,22.058,22.88,228.8,1.5777054823948637,,,,Sand,,,Sand 2,2,3.52,35.1,-2.02,-33.6
-20.6,22.1,23.41,0.175,4.9,-4.9,0.8,2.6,0.73398,960.0,22.078,23.41,234.1,1.5459713732840785,,,,Sand,,,Sand 2,2,3.52,35.1,-2.02,-33.6
-20.62,22.12,24.06,0.174,4.9,-4.9,0.8,2.5,0.71111,961.0,22.098,24.06,240.6,1.5278500232622747,,,,Sand,,,Sand 2,2,3.52,35.1,-2.02,-33.6
-20.64,22.14,24.98,0.171,4.9,-4.9,0.8,2.5,0.67901,962.0,22.118,24.98,249.8,1.502165591812573,,,,Sand,,,Sand 2,2,3.52,35.1,-2.02,-33.6
-20.66,22.16,25.29,0.17,4.9,-4.9,0.8,2.5,0.65429,963.0,22.138,25.29,252.9,1.4870838171838707,,,,Sand,,,Sand 2,2,3.52,35.1,-2.02,-33.6
-20.68,22.18,25.71,0.168,4.9,-4.9,0.8,2.0,0.62789,964.0,22.158,25.71,257.1,1.469513716388096,,,,Sand,,,Sand 2,2,3.52,35.1,-2.02,-33.6
-20.7,22.2,27.1,0.162,4.9,-4.9,0.8,2.8,0.59049,964.0,22.178,27.1,271.0,1.4345504541108176,,,,Sand,,,Sand 2,2,3.52,35.1,-2.02,-33.6
-20.72,22.22,28.04,0.163,4.9,-4.9,0.8,2.8,0.58285,965.0,22.198,28.04,280.4,1.4199507054465064,,,,Sand,,,Sand 2,2,3.52,35.1,-2.02,-33.6
-20.74,22.24,29.27,0.165,4.9,-4.9,0.8,2.6,0.58065,966.0,22.218,29.27,292.7,1.4054376394371424,,,,Sand,,,Sand 2,2,3.52,35.1,-2.02,-33.6
-20.76,22.26,29.6,0.167,4.9,-4.9,0.8,2.5,0.57856,966.0,22.238,29.6,296.0,1.4008663869702984,,,,Sand,,,Sand 2,2,3.52,35.1,-2.02,-33.6
-20.78,22.28,29.49,0.169,5.1,-5.1,0.8,2.5,0.57817,967.0,22.258,29.49,294.9,1.401814420834036,,,,Sand,,,Sand 2,2,3.52,35.1,-2.02,-33.6
-20.8,22.3,29.23,0.171,5.1,-5.1,0.8,2.5,0.5791,968.0,22.277,29.23,292.3,1.4050495854081824,,,,Sand,,,Sand 2,2,3.52,35.1,-2.02,-33.6
-20.82,22.32,28.89,0.174,5.1,-5.1,0.8,2.5,0.58791,969.0,22.297,28.89,288.9,1.413268013139891,,,,Sand,,,Sand 2,2,3.52,35.1,-2.02,-33.6
-20.84,22.34,29.3,0.177,5.1,-5.1,0.8,2.5,0.60071,970.0,22.317,29.3,293.0,1.4154879289756803,,,,Sand,,,Sand 2,2,3.52,35.1,-2.02,-33.6
-20.86,22.36,30.02,0.175,4.9,-4.9,0.8,2.5,0.59921,970.0,22.337,30.02,300.2,1.4072659693674532,,,,Sand,,,Sand 2,2,3.52,35.1,-2.02,-33.6
-20.88,22.38,30.43,0.178,5.1,-5.1,0.8,2.5,0.61918,971.0,22.357,30.43,304.3,1.4132751029125228,,,,Sand,,,Sand 2,2,3.52,35.1,-2.02,-33.6
-20.9,22.4,29.81,0.181,5.1,-5.1,0.8,2.5,0.64344,972.0,22.377,29.81,298.1,1.4314761246343228,,,,Sand,,,Sand 2,2,3.52,35.1,-2.02,-33.6
-20.92,22.42,28.55,0.184,5.1,-5.1,0.8,2.5,0.67291,973.0,22.397,28.55,285.5,1.4584953875956497,,,,Sand,,,Sand 2,2,3.52,35.1,-2.02,-33.6
-20.94,22.44,27.41,0.183,5.1,-5.1,0.8,2.5,0.69321,974.0,22.417,27.41,274.1,1.480083079846936,,,,Sand,,,Sand 2,2,3.52,35.1,-2.02,-33.6
-20.96,22.46,25.57,0.18,5.1,-5.1,0.8,2.5,0.70807,974.0,22.437,25.57,255.7,1.507806044476419,,,,Sand,,,Sand 2,2,3.52,35.1,-2.02,-33.6
-20.98,22.48,23.95,0.169,5.1,-5.1,0.8,2.5,0.68783,975.0,22.457,23.95,239.5,1.5191710765201112,,,,Sand,,,Sand 2,2,3.52,35.1,-2.02,-33.6
-21.0,22.5,23.01,0.15,5.1,-5.1,0.8,2.5,0.62419,976.0,22.477,23.01,230.1,1.5029028570939356,,,,Sand,,,Sand 2,2,3.52,35.1,-2.02,-33.6
-21.02,22.52,22.46,0.139,5.1,-5.1,0.8,2.5,0.58345,977.0,22.497,22.46,224.6,1.491122841827714,,,,Sand,,,Sand 2,2,3.52,35.1,-2.02,-33.6
-21.04,22.54,22.61,0.131,5.1,-5.1,0.8,2.5,0.54657,977.0,22.517,22.61,226.1,1.4703301314207584,,,,Sand,,,Sand 2,2,3.52,35.1,-2.02,-33.6
-21.06,22.56,23.0,0.122,5.1,-5.1,0.8,2.5,0.4989,978.0,22.536,23.0,230.0,1.4391024921363111,,,,Sand,,,Sand 2,2,3.52,35.1,-2.02,-33.6
-21.08,22.58,24.24,0.118,5.1,-5.1,0.8,2.4,0.46953,979.0,22.556,24.24,242.4,1.4047430247963635,,,,Sand,,,Sand 2,2,3.52,35.1,-2.02,-33.6
-21.1,22.6,25.75,0.12,5.1,-5.1,0.8,2.4,0.46276,980.0,22.576,25.75,257.5,1.380509972396117,,,,Sand,,,Sand 2,2,3.52,35.1,-2.02,-33.6
-21.12,22.62,26.72,0.128,5.1,-5.1,0.8,2.3,0.47884,981.0,22.596,26.72,267.2,1.3778726284416773,,,,Sand,,,Sand 2,2,3.52,35.1,-2.02,-33.6
-21.14,22.64,27.84,0.127,5.1,-5.1,0.8,2.5,0.46228,982.0,22.616,27.84,278.4,1.3543855544637968,,,,Sand,,,Sand 2,2,3.52,35.1,-2.02,-33.6
-21.16,22.66,28.43,0.142,5.1,-5.1,0.8,2.5,0.50554,982.0,22.636,28.43,284.3,1.373329435792899,,,,Sand,,,Sand 2,2,3.52,35.1,-2.02,-33.6
-21.18,22.68,28.86,0.147,5.1,-5.1,0.8,2.5,0.51674,983.0,22.656,28.86,288.6,1.3749539209363117,,,,Sand,,,Sand 2,2,3.52,35.1,-2.02,-33.6
-21.2,22.7,29.01,0.153,5.1,-5.1,0.8,2.5,0.53364,984.0,22.676,29.01,290.1,1.3828375044167487,,,,Sand,,,Sand 2,2,3.52,35.1,-2.02,-33.6
-21.22,22.72,28.93,0.156,5.1,-5.1,0.8,2.1,0.54296,985.0,22.696,28.93,289.3,1.3888699015079595,,,,Sand,,,Sand 2,2,3.52,35.1,-2.02,-33.6
-21.24,22.74,29.17,0.166,5.1,-5.1,0.6,2.8,0.5782,985.0,22.716,29.17,291.7,1.4052153397716087,,,,Sand,,,Sand 2,2,3.52,35.1,-2.02,-33.6
-21.26,22.76,28.62,0.177,5.1,-5.1,0.8,2.9,0.6185,986.0,22.736,28.62,286.2,1.4316586313603121,,,,Sand,,,Sand 2,2,3.52,35.1,-2.02,-33.6
-21.28,22.78,28.51,0.188,5.1,-5.1,0.8,2.7,0.65956,987.0,22.756,28.51,285.1,1.4526803393519856,,,,Sand,,,Sand 2,2,3.52,35.1,-2.02,-33.6
-21.3,22.8,28.32,0.197,5.1,-5.1,0.8,2.5,0.69351,988.0,22.776,28.32,283.2,1.4703628955807175,,,,Sand,,,Sand 2,2,3.52,35.1,-2.02,-33.6
-21.32,22.82,28.26,0.205,5.1,-5.1,0.8,2.5,0.72531,988.0,22.795,28.26,282.6,1.4851065832827282,,,,Sand,,,Sand 2,2,3.52,35.1,-2.02,-33.6
-21.34,22.84,28.12,0.209,5.1,-5.1,0.8,2.5,0.74361,989.0,22.815,28.12,281.2,1.4944711829693804,,,,Sand,,,Sand 2,2,3.52,35.1,-2.02,-33.6
-21.36,22.86,28.1,0.211,5.1,-5.1,0.6,2.5,0.75882,990.0,22.835,28.1,281.0,1.5011149496060985,,,,Sand,,,Sand 2,2,3.52,35.1,-2.02,-33.6
-21.38,22.88,28.15,0.213,5.1,-5.1,0.8,2.5,0.77744,991.0,22.855,28.15,281.5,1.5083253163268318,,,,Sand,,,Sand 2,2,3.52,35.1,-2.02,-33.6
-21.4,22.9,28.03,0.22,5.3,-5.3,0.8,2.5,0.81891,992.0,22.875,28.03,280.3,1.526263003993703,,,,Sand,,,Sand 2,2,3.52,35.1,-2.02,-33.6
-21.42,22.92,27.36,0.22,5.1,-5.1,0.6,2.7,0.83818,992.0,22.895,27.36,273.6,1.5408015228084624,,,,Sand,,,Sand 2,2,3.52,35.1,-2.02,-33.6
-21.44,22.94,26.11,0.219,5.1,-5.1,0.8,2.4,0.85718,993.0,22.915,26.11,261.1,1.5616628542035202,,,,Sand,,,Sand 2,2,3.52,35.1,-2.02,-33.6
-21.46,22.96,25.05,0.212,5.1,-5.1,0.6,2.5,0.85722,994.0,22.935,25.05,250.5,1.573872523403178,,,,Sand,,,Sand 2,2,3.52,35.1,-2.02,-33.6
-21.48,22.98,24.0,0.207,5.1,-5.1,0.6,2.5,0.8682,995.0,22.955,24.0,240.0,1.5906097371074654,,,,Sand,,,Sand 2,2,3.52,35.1,-2.02,-33.6
-21.5,23.0,23.18,0.203,5.1,-5.1,0.6,2.5,0.88448,995.0,22.975,23.18,231.8,1.6068401470067493,,,,Sand,,,Sand 2,2,3.52,35.1,-2.02,-33.6
-21.52,23.02,22.51,0.194,5.1,-5.1,0.6,2.5,0.87748,996.0,22.995,22.51,225.1,1.613135263846771,,,,Sand,,,Sand 2,2,3.52,35.1,-2.02,-33.6
-21.54,23.04,21.61,0.18,5.1,-5.1,0.8,2.5,0.84453,997.0,23.015,21.61,216.1,1.6136092908403554,,,,Sand,,,Sand 2,2,3.52,35.1,-2.02,-33.6
-21.56,23.06,20.92,0.17,5.1,-5.1,0.6,2.5,0.82665,998.0,23.034,20.92,209.2,1.6170061942589393,,,,Sand,,,Sand 2,2,3.52,35.1,-2.02,-33.6
-21.58,23.08,20.23,0.162,5.3,-5.3,0.6,2.5,0.81669,999.0,23.054,20.23,202.3,1.6237177016852824,,,,Sand,,,Sand 2,2,3.52,35.1,-2.02,-33.6
-21.6,23.1,19.37,0.154,5.3,-5.3,0.6,2.6,0.8056,999.0,23.074,19.37,193.7,1.6331954466146497,,,,Sand,,,Sand 2,2,3.52,35.1,-2.02,-33.6
-21.62,23.12,18.69,0.146,5.3,-5.3,0.6,2.1,0.78978,1000.0,23.094,18.69,186.9,1.6385848226089137,,,,Sand,,,Sand 2,2,3.52,35.1,-2.02,-33.6
-21.64,23.14,18.01,0.137,5.3,-5.3,0.6,2.2,0.76456,1001.0,23.114,18.01,180.1,1.6408820924067866,,,,Sand,,,Sand 2,2,3.52,35.1,-2.02,-33.6
-21.66,23.16,17.35,0.132,5.3,-5.3,0.6,2.5,0.75791,1002.0,23.134,17.35,173.5,1.6503886573339241,,,,Sand,,,Sand 2,2,3.52,35.1,-2.02,-33.6
-21.68,23.18,16.75,0.123,5.1,-5.1,0.6,2.5,0.72406,1003.0,23.154,16.75,167.5,1.648754736757287,,,,Sand,,,Sand 2,2,3.52,35.1,-2.02,-33.6
-21.7,23.2,16.57,0.116,5.3,-5.3,0.6,2.5,0.70001,1003.0,23.174,16.57,165.7,1.642754162651852,,,,Sand,,,Sand 2,2,3.52,35.1,-2.02,-33.6
-21.72,23.22,16.38,0.112,5.3,-5.3,0.6,2.4,0.69227,1004.0,23.194,16.38,163.79999999999998,1.6434511701386738,,,,Sand,,,Sand 2,2,3.52,35.1,-2.02,-33.6
-21.74,23.24,16.21,0.109,5.3,-5.3,0.6,2.4,0.68878,1005.0,23.214,16.21,162.1,1.6455033435331847,,,,Sand,,,Sand 2,2,3.52,35.1,-2.02,-33.6
-21.76,23.26,15.94,0.105,5.3,-5.3,0.6,3.0,0.67627,1006.0,23.234,15.94,159.4,1.6460067245544419,,,,Sand,,,Sand 2,2,3.52,35.1,-2.02,-33.6
-21.78,23.28,15.36,0.105,5.3,-5.3,0.6,2.7,0.68954,1006.0,23.254,15.36,153.6,1.6637907473866493,,,,Sand,,,Sand 2,2,3.52,35.1,-2.02,-33.6
-21.8,23.3,14.87,0.106,5.3,-5.3,0.6,2.5,0.71004,1007.0,23.273,14.87,148.7,1.6827488501937267,,,,Sand,,,Sand 2,2,3.52,35.1,-2.02,-33.6
-21.82,23.32,14.52,0.104,5.3,-5.3,0.6,2.4,0.71251,1008.0,23.293,14.52,145.2,1.6916949444695362,,,,Sand,,,Sand 2,2,3.52,35.1,-2.02,-33.6
-21.84,23.34,14.36,0.097,5.3,-5.3,0.8,2.4,0.68106,1009.0,23.313,14.36,143.6,1.6830813696277498,,,,Sand,,,Sand 2,2,3.52,35.1,-2.02,-33.6
-21.86,23.36,14.18,0.094,5.3,-5.3,0.6,2.5,0.67705,1010.0,23.333,14.18,141.8,1.6857584360543718,,,,Sand,,,Sand 2,2,3.52,35.1,-2.02,-33.6
-21.88,23.38,13.99,0.095,5.3,-5.3,0.6,2.6,0.70351,1010.0,23.353,13.99,139.9,1.7007423571180298,,,,Sand,,,Sand 2,2,3.52,35.1,-2.02,-33.6
-21.9,23.4,13.55,0.097,5.3,-5.3,0.6,2.5,0.73968,1011.0,23.373,13.55,135.5,1.7252312928299887,,,,Sand,,,Sand 2,2,3.52,35.1,-2.02,-33.6
-21.92,23.42,13.11,0.095,5.3,-5.3,0.6,2.5,0.74825,1012.0,23.393,13.11,131.1,1.7395162307745038,,,,Sand,,,Sand 2,2,3.52,35.1,-2.02,-33.6
-21.94,23.44,12.49,0.094,5.3,-5.3,0.6,2.5,0.76617,1013.0,23.413,12.49,124.9,1.7623463782057844,,,,Sand,,,Sand 2,2,3.52,35.1,-2.02,-33.6
-21.96,23.46,11.83,0.09,5.3,-5.3,0.6,2.6,0.75877,1014.0,23.433,11.83,118.3,1.7781715241545504,,,,Sand,,,Sand 2,2,3.52,35.1,-2.02,-33.6
-21.98,23.48,11.4,0.0893,5.3,-5.3,0.6,2.5,0.774,1014.0,23.453,11.4,114.0,1.796147103405626,,,,Sand,,,Sand 2,2,3.52,35.1,-2.02,-33.6
-22.0,23.5,11.02,0.0887,5.5,-5.5,0.6,2.5,0.78184,1015.0,23.473,11.02,110.2,1.8104410585941029,,,,Sand,,,Sand 2,2,3.52,35.1,-2.02,-33.6
-22.02,23.52,10.76,0.088,5.3,-5.3,0.6,2.4,0.77739,1016.0,23.493,10.76,107.6,1.81711387084552,,,,Sand,,,Sand 2,2,3.52,35.1,-2.02,-33.6
-22.04,23.54,10.73,0.091,5.5,-5.5,0.6,2.4,0.78967,1017.0,23.512,10.73,107.3,1.8222398077801336,,,,Sand,,,Sand 2,2,3.52,35.1,-2.02,-33.6
-22.06,23.56,10.96,0.09,5.5,-5.5,0.6,2.5,0.75614,1018.0,23.532,10.96,109.6,1.8034324698598527,,,,Sand,,,Sand 2,2,3.52,35.1,-2.02,-33.6
-22.08,23.58,11.57,0.087,5.3,-5.3,0.6,2.5,0.69607,1018.0,23.552,11.57,115.7,1.7629356936350167,,,,Sand,,,Sand 2,2,3.52,35.1,-2.02,-33.6
-22.1,23.6,12.29,0.087,5.5,-5.5,0.6,2.5,0.65156,1019.0,23.572,12.29,122.9,1.724731496660575,,,,Sand,,,Sand 2,2,3.52,35.1,-2.02,-33.6
-22.12,23.62,13.46,0.089,5.5,-5.5,0.6,2.5,0.61369,1020.0,23.592,13.46,134.6,1.677534331061343,,,,Sand,,,Sand 2,2,3.52,35.1,-2.02,-33.6
-22.14,23.64,14.43,0.093,5.5,-5.5,0.6,2.6,0.58431,1021.0,23.612,14.43,144.3,1.6405754446805227,,,,Sand,,,Sand 2,2,3.52,35.1,-2.02,-33.6
-22.16,23.66,15.79,0.104,5.5,-5.5,0.6,2.2,0.59045,1022.0,23.632,15.79,157.9,1.6122828531035152,,,,Sand,,,Sand 2,2,3.52,35.1,-2.02,-33.6
-22.18,23.68,17.59,0.106,5.5,-5.5,0.6,2.3,0.54289,1022.0,23.652,17.59,175.9,1.5528839188278798,,,,Sand,,,Sand 2,2,3.52,35.1,-2.02,-33.6
-22.2,23.7,19.93,0.109,5.5,-5.5,0.6,2.5,0.50695,1023.0,23.672,19.93,199.3,1.4918490710136674,,,,Sand,,,Sand 2,2,3.52,35.1,-2.02,-33.6
-22.22,23.72,22.27,0.112,5.5,-5.5,0.6,2.4,0.47392,1024.0,23.692,22.27,222.7,1.4358967317591709,,,,Sand,,,Sand 2,2,3.52,35.1,-2.02,-33.6
-22.24,23.74,25.15,0.115,5.5,-5.5,0.6,2.5,0.44756,1025.0,23.711,25.15,251.5,1.3791776238734117,,,,Sand,,,Sand 2,2,3.52,35.1,-2.02,-33.6
-22.26,23.76,27.58,0.139,5.5,-5.5,0.6,2.3,0.50442,1026.0,23.731,27.58,275.8,1.3824694566743871,,,,Sand,,,Sand 2,2,3.52,35.1,-2.02,-33.6
-22.28,23.78,29.27,0.169,5.5,-5.5,0.6,2.5,0.58076,1026.0,23.751,29.27,292.7,1.4054952333306723,,,,Sand,,,Sand 2,2,3.52,35.1,-2.02,-33.6
-22.3,23.8,31.48,0.187,5.5,-5.5,0.6,2.9,0.61665,1027.0,23.771,31.48,314.8,1.4017470336146256,,,,Sand,,,Sand 2,2,3.52,35.1,-2.02,-33.6
-22.32,23.82,32.29,0.196,5.5,-5.5,0.6,2.8,0.62775,1028.0,23.791,32.29,322.9,1.399742845073582,,,,Sand,,,Sand 2,2,3.52,35.1,-2.02,-33.6
-22.34,23.84,32.48,0.214,5.5,-5.5,0.6,2.5,0.67058,1029.0,23.811,32.48,324.79999999999995,1.4189991905960986,,,,Sand,,,Sand 2,2,3.52,35.1,-2.02,-33.6
-22.36,23.86,32.28,0.231,5.5,-5.5,0.6,2.5,0.71033,1029.0,23.831,32.28,322.8,1.439331662752024,,,,Sand,,,Sand 2,2,3.52,35.1,-2.02,-33.6
-22.38,23.88,32.07,0.267,5.5,-5.5,0.6,2.5,0.81041,1030.0,23.851,32.07,320.7,1.4842775080924437,,,,Sand,,,Sand 2,2,3.52,35.1,-2.02,-33.6
-22.4,23.9,32.33,0.289,5.5,-5.5,0.6,2.5,0.86881,1031.0,23.871,32.33,323.3,1.5051458135906548,,,,Sand,,,Sand 2,2,3.52,35.1,-2.02,-33.6
-22.42,23.92,33.1,0.299,5.5,-5.5,0.6,2.4,0.89207,1032.0,23.891,33.1,331.0,1.5075345790929562,,,,Sand,,,Sand 2,2,3.52,35.1,-2.02,-33.6
-22.44,23.94,34.13,0.314,5.5,-5.5,0.6,2.5,0.92972,1033.0,23.911,34.13,341.3,1.5132397373496391,,,,Sand,,,Sand 2,2,3.52,35.1,-2.02,-33.6
-22.46,23.96,34.89,0.318,5.5,-5.5,0.6,2.5,0.93372,1033.0,23.93,34.89,348.9,1.5088072087077287,,,,Sand,,,Sand 2,2,3.52,35.1,-2.02,-33.6
-22.48,23.98,34.83,0.314,5.5,-5.5,0.6,2.5,0.91552,1034.0,23.95,34.83,348.3,1.5025342686617429,,,,Sand,,,Sand 2,2,3.52,35.1,-2.02,-33.6
-22.5,24.0,34.51,0.319,5.7,-5.7,0.6,2.6,0.92561,1035.0,23.97,34.51,345.1,1.5087538195957815,,,,Sand,,,Sand 2,2,3.52,35.1,-2.02,-33.6
-22.52,24.02,34.33,0.321,5.7,-5.7,0.6,2.5,0.92929,1036.0,23.99,34.33,343.3,1.5115121128237516,,,,Sand,,,Sand 2,2,3.52,35.1,-2.02,-33.6
-22.54,24.04,34.34,0.327,5.5,-5.5,0.6,2.5,0.94745,1036.0,24.01,34.34,343.4,1.5180500900766025,,,,Sand,,,Sand 2,2,3.52,35.1,-2.02,-33.6
-22.56,24.06,34.25,0.328,5.7,-5.7,0.6,2.5,0.95204,1037.0,24.03,34.25,342.5,1.5204059051820729,,,,Sand,,,Sand 2,2,3.52,35.1,-2.02,-33.6
-22.58,24.08,34.43,0.325,5.7,-5.7,0.6,2.5,0.94405,1038.0,24.05,34.43,344.3,1.5161199033841426,,,,Sand,,,Sand 2,2,3.52,35.1,-2.02,-33.6
-22.6,24.1,34.76,0.322,5.7,-5.7,0.6,2.5,0.93526,1039.0,24.07,34.76,347.6,1.5103683938151153,,,,Sand,,,Sand 2,2,3.52,35.1,-2.02,-33.6
-22.62,24.12,34.66,0.318,5.7,-5.7,0.6,2.5,0.92318,1040.0,24.09,34.66,346.6,1.5066926463650494,,,,Sand,,,Sand 2,2,3.52,35.1,-2.02,-33.6
-22.64,24.14,34.34,0.31,5.7,-5.7,0.6,2.5,0.89858,1040.0,24.11,34.34,343.4,1.4999881791842113,,,,Sand,,,Sand 2,2,3.52,35.1,-2.02,-33.6
-22.66,24.16,34.3,0.303,5.7,-5.7,0.6,2.5,0.87563,1041.0,24.13,34.3,343.0,1.4915308695569207,,,,Sand,,,Sand 2,2,3.52,35.1,-2.02,-33.6
-22.68,24.18,34.35,0.308,5.7,-5.7,0.6,2.5,0.88636,1042.0,24.149,34.35,343.5,1.4952612855475573,,,,Sand,,,Sand 2,2,3.52,35.1,-2.02,-33.6
-22.7,24.2,34.48,0.304,5.7,-5.7,0.6,2.2,0.86966,1043.0,24.169,34.48,344.8,1.4877910040975297,,,,Sand,,,Sand 2,2,3.52,35.1,-2.02,-33.6
-22.72,24.22,34.67,0.308,5.7,-5.7,0.6,2.3,0.87432,1044.0,24.189,34.67,346.7,1.4881075246706137,,,,Sand,,,Sand 2,2,3.52,35.1,-2.02,-33.6
-22.74,24.24,35.27,0.304,5.7,-5.7,0.6,2.5,0.85782,1044.0,24.209,35.27,352.7,1.47699133551726,,,,Sand,,,Sand 2,2,3.52,35.1,-2.02,-33.6
-22.76,24.26,35.92,0.303,5.7,-5.7,0.6,2.5,0.85205,1045.0,24.229,35.92,359.2,1.469754923444412,,,,Sand,,,Sand 2,2,3.52,35.1,-2.02,-33.6
-22.78,24.28,36.32,0.302,5.7,-5.7,0.6,2.5,0.84802,1046.0,24.249,36.32,363.2,1.465152262263921,,,,Sand,,,Sand 2,2,3.52,35.1,-2.02,-33.6
-22.8,24.3,36.51,0.305,5.7,-5.7,0.6,2.5,0.85677,1047.0,24.269,36.51,365.1,1.4672464900592466,,,,Sand,,,Sand 2,2,3.52,35.1,-2.02,-33.6
-22.82,24.32,35.99,0.307,5.9,-5.9,0.6,2.3,0.86494,1048.0,24.289,35.99,359.9,1.474340591521896,,,,Sand,,,Sand 2,2,3.52,35.1,-2.02,-33.6
-22.84,24.34,35.33,0.313,5.9,-5.9,0.6,2.2,0.88527,1048.0,24.309,35.33,353.3,1.4872407178057356,,,,Sand,,,Sand 2,2,3.52,35.1,-2.02,-33.6
-22.86,24.36,34.89,0.312,5.9,-5.9,0.6,3.2,0.88567,1049.0,24.328,34.89,348.9,1.4907740474240914,,,,Sand,,,Sand 2,2,3.52,35.1,-2.02,-33.6
-22.88,24.38,34.56,0.312,5.7,-5.7,0.6,2.9,0.88665,1050.0,24.348,34.56,345.6,1.4937202324877619,,,,Sand,,,Sand 2,2,3.52,35.1,-2.02,-33.6
-22.9,24.4,34.43,0.308,5.9,-5.9,0.6,2.7,0.87107,1050.0,24.368,34.43,344.3,1.4887342321605348,,,,Sand,,,Sand 2,2,3.52,35.1,-2.02,-33.6
-22.92,24.42,34.82,0.308,5.9,-5.9,0.6,2.5,0.8632,1051.0,24.388,34.82,348.2,1.4825975450620377,,,,Sand,,,Sand 2,2,3.52,35.1,-2.02,-33.6
-22.94,24.44,35.29,0.311,5.9,-5.9,0.6,2.5,0.86242,1052.0,24.408,35.29,352.9,1.4786522420941879,,,,Sand,,,Sand 2,2,3.52,35.1,-2.02,-33.6
-22.96,24.46,36.2,0.315,5.9,-5.9,0.6,2.5,0.86295,1053.0,24.428,36.2,362.0,1.4719900995963946,,,,Sand,,,Sand 2,2,3.52,35.1,-2.02,-33.6
-22.98,24.48,37.35,0.32,5.7,-5.7,0.6,2.5,0.86604,1054.0,24.448,37.35,373.5,1.4648468399832424,,,,Sand,,,Sand 2,2,3.52,35.1,-2.02,-33.6
-23.0,24.5,37.91,0.332,5.9,-5.9,0.6,2.5,0.89005,1054.0,24.468,37.91,379.1,1.4703230482744483,,,,Sand,,,Sand 2,2,3.52,35.1,-2.02,-33.6
-23.02,24.52,37.93,0.343,5.9,-5.9,0.6,2.6,0.91351,1055.0,24.488,37.93,379.3,1.479187440859068,,,,Sand,,,Sand 2,2,3.52,35.1,-2.02,-33.6
-23.04,24.54,38.09,0.347,5.9,-5.9,0.6,2.5,0.92232,1056.0,24.508,38.09,380.9,1.4814187775202352,,,,Sand,,,Sand 2,2,3.52,35.1,-2.02,-33.6
-23.06,24.56,38.01,0.358,6.1,-6.1,0.6,2.5,0.9539,1057.0,24.527,38.01,380.1,1.4936829940741059,,,,Sand,,,Sand 2,2,3.52,35.1,-2.02,-33.6
-23.08,24.58,37.63,0.362,5.9,-5.9,0.6,2.5,0.97077,1058.0,24.547,37.63,376.3,1.5023977200284981,,,,Sand,,,Sand 2,2,3.52,35.1,-2.02,-33.6
-23.1,24.6,37.26,0.363,5.9,-5.9,0.6,2.5,0.98211,1058.0,24.567,37.26,372.6,1.50900516963855,,,,Sand,,,Sand 2,2,3.52,35.1,-2.02,-33.6
-23.12,24.62,36.8,0.358,5.7,-5.7,0.6,2.5,0.98039,1059.0,24.587,36.8,368.0,1.511614499795603,,,,Sand,,,Sand 2,2,3.52,35.1,-2.02,-33.6
-23.14,24.64,36.61,0.351,6.1,-6.1,0.6,2.5,0.97558,1060.0,24.607,36.61,366.1,1.5112505367424873,,,,Sand,,,Sand 2,2,3.52,35.1,-2.02,-33.6
-23.16,24.66,35.99,0.344,5.9,-5.9,0.6,2.5,0.97076,1061.0,24.627,35.99,359.9,1.5139956047891652,,,,Sand,,,Sand 2,2,3.52,35.1,-2.02,-33.6
-23.18,24.68,35.3,0.335,5.7,-5.7,0.6,2.5,0.95851,1061.0,24.647,35.3,353.0,1.5147059116931558,,,,Sand,,,Sand 2,2,3.52,35.1,-2.02,-33.6
-23.2,24.7,34.53,0.325,5.9,-5.9,0.6,2.5,0.94019,1062.0,24.667,34.53,345.3,1.513942254738648,,,,Sand,,,Sand 2,2,3.52,35.1,-2.02,-33.6
-23.22,24.72,33.71,0.322,5.9,-5.9,0.6,2.4,0.93939,1063.0,24.687,33.71,337.1,1.5200986769456308,,,,Sand,,,Sand 2,2,3.52,35.1,-2.02,-33.6
-23.24,24.74,33.29,0.318,5.9,-5.9,0.6,2.2,0.93252,1064.0,24.706,33.29,332.9,1.5209850980949524,,,,Sand,,,Sand 2,2,3.52,35.1,-2.02,-33.6
-23.26,24.76,33.37,0.309,5.9,-5.9,0.6,2.5,0.90719,1065.0,24.726,33.37,333.7,1.5109955822969787,,,,Sand,,,Sand 2,2,3.52,35.1,-2.02,-33.6
-23.28,24.78,33.74,0.305,6.1,-6.1,0.6,2.5,0.89341,1065.0,24.746,33.74,337.4,1.5028142571411889,,,,Sand,,,Sand 2,2,3.52,35.1,-2.02,-33.6
-23.3,24.8,34.29,0.305,5.9,-5.9,0.6,2.5,0.89178,1066.0,24.766,34.29,342.9,1.4978033853754966,,,,Sand,,,Sand 2,2,3.52,35.1,-2.02,-33.6
-23.32,24.82,34.58,0.311,5.9,-5.9,0.6,2.5,0.90982,1067.0,24.786,34.58,345.8,1.5023391506857249,,,,Sand,,,Sand 2,2,3.52,35.1,-2.02,-33.6
-23.34,24.84,34.98,0.312,6.1,-6.1,0.6,2.4,0.91812,1068.0,24.806,34.98,349.8,1.5023517755346434,,,,Sand,,,Sand 2,2,3.52,35.1,-2.02,-33.6
-23.36,24.86,35.15,0.314,6.1,-6.1,0.6,2.0,0.93473,1069.0,24.826,35.15,351.5,1.5071985867133109,,,,Sand,,,Sand 2,2,3.52,35.1,-2.02,-33.6
-23.38,24.88,34.21,0.316,5.9,-5.9,0.6,3.0,0.95812,1069.0,24.846,34.21,342.1,1.522898308701936,,,,Sand,,,Sand 2,2,3.52,35.1,-2.02,-33.6
-23.4,24.9,33.14,0.318,5.9,-5.9,0.6,2.9,0.98689,1070.0,24.866,33.14,331.4,1.5415183942270818,,,,Sand,,,Sand 2,2,3.52,35.1,-2.02,-33.6
-23.42,24.92,31.77,0.317,5.9,-5.9,0.6,2.5,1.0116,1071.0,24.886,31.77,317.7,1.561293464764423,,,,Sand,,,Sand 2,2,3.52,35.1,-2.02,-33.6
-23.44,24.94,30.62,0.315,6.1,-6.1,0.6,2.5,1.0372,1072.0,24.905,30.62,306.2,1.579747426706747,,,,Sand,,,Sand 2,2,3.52,35.1,-2.02,-33.6
-23.46,24.96,29.4,0.306,5.9,-5.9,0.6,2.5,1.0379,1073.0,24.925,29.4,294.0,1.5910337897795932,,,,Sand,,,Sand 2,2,3.52,35.1,-2.02,-33.6
-23.48,24.98,28.51,0.291,6.1,-6.1,0.6,2.5,1.0138,1073.0,24.945,28.51,285.1,1.591599716823908,,,,Sand,,,Sand 2,2,3.52,35.1,-2.02,-33.6
-23.5,25.0,27.9,0.282,6.1,-6.1,0.6,2.5,1.0032,1074.0,24.965,27.9,279.0,1.5941060914755805,,,,Sand,,,Sand 2,2,3.52,35.1,-2.02,-33.6
-23.52,25.02,27.42,0.266,6.1,-6.1,0.6,2.5,0.96111,1075.0,24.985,27.42,274.2,1.584786391649131,,,,Sand,,,Sand 2,2,3.52,35.1,-2.02,-33.6
-23.54,25.04,27.1,0.254,6.1,-6.1,0.6,2.4,0.92599,1076.0,25.005,27.1,271.0,1.5759020258005565,,,,Sand,,,Sand 2,2,3.52,35.1,-2.02,-33.6
-23.56,25.06,26.91,0.25,6.1,-6.1,0.6,2.4,0.916,1076.0,25.025,26.91,269.1,1.5743749320844824,,,,Sand,,,Sand 2,2,3.52,35.1,-2.02,-33.6
-23.58,25.08,27.01,0.243,6.1,-6.1,0.6,2.5,0.89252,1077.0,25.045,27.01,270.1,1.5648570509622761,,,,Sand,,,Sand 2,2,3.52,35.1,-2.02,-33.6
-23.6,25.1,27.16,0.238,6.1,-6.1,0.6,2.5,0.87408,1078.0,25.065,27.16,271.6,1.5564840769236727,,,,Sand,,,Sand 2,2,3.52,35.1,-2.02,-33.6
-23.62,25.12,27.43,0.238,6.1,-6.1,0.6,2.5,0.87251,1079.0,25.084,27.43,274.3,1.5530440870208178,,,,Sand,,,Sand 2,2,3.52,35.1,-2.02,-33.6
-23.64,25.14,27.41,0.234,6.1,-6.1,0.6,2.5,0.85468,1080.0,25.104,27.41,274.1,1.5465649539422919,,,,Sand,,,Sand 2,2,3.52,35.1,-2.02,-33.6
-23.66,25.16,27.37,0.235,6.1,-6.1,0.6,2.5,0.85385,1080.0,25.124,27.37,273.7,1.5466741392989036,,,,Sand,,,Sand 2,2,3.52,35.1,-2.02,-33.6
-23.68,25.18,27.44,0.238,6.1,-6.1,0.6,2.5,0.85924,1081.0,25.144,27.44,274.4,1.547970154240824,,,,Sand,,,Sand 2,2,3.52,35.1,-2.02,-33.6
-23.7,25.2,27.49,0.247,6.1,-6.1,0.6,2.5,0.88554,1082.0,25.164,27.49,274.9,1.5572333350332908,,,,Sand,,,Sand 2,2,3.52,35.1,-2.02,-33.6
-23.72,25.22,27.72,0.247,6.1,-6.1,0.6,2.5,0.87939,1083.0,25.184,27.72,277.2,1.5525696037623797,,,,Sand,,,Sand 2,2,3.52,35.1,-2.02,-33.6
-23.74,25.24,28.16,0.251,6.1,-6.1,0.6,2.4,0.88689,1084.0,25.204,28.16,281.6,1.550828584941867,,,,Sand,,,Sand 2,2,3.52,35.1,-2.02,-33.6
-23.76,25.26,28.57,0.257,6.1,-6.1,0.6,2.2,0.90089,1084.0,25.224,28.57,285.7,1.5518478659040813,,,,Sand,,,Sand 2,2,3.52,35.1,-2.02,-33.6
-23.78,25.28,28.98,0.263,6.1,-6.1,0.6,2.2,0.91482,1085.0,25.243,28.98,289.8,1.5528746223962528,,,,Sand,,,Sand 2,2,3.52,35.1,-2.02,-33.6
-23.8,25.3,28.97,0.268,6.1,-6.1,0.4,2.5,0.92629,1086.0,25.263,28.97,289.7,1.5570922324239038,,,,Sand,,,Sand 2,2,3.52,35.1,-2.02,-33.6
-23.82,25.32,29.08,0.274,6.1,-6.1,0.6,2.5,0.9434,1087.0,25.283,29.08,290.8,1.5620980934843303,,,,Sand,,,Sand 2,2,3.52,35.1,-2.02,-33.6
-23.84,25.34,29.25,0.282,6.1,-6.1,0.4,2.5,0.96949,1088.0,25.303,29.25,292.5,1.569557289310833,,,,Sand,,,Sand 2,2,3.52,35.1,-2.02,-33.6
-23.86,25.36,29.26,0.285,6.1,-6.1,0.4,2.5,0.98077,1088.0,25.323,29.26,292.6,1.5733277636905332,,,,Sand,,,Sand 2,2,3.52,35.1,-2.02,-33.6
-23.88,25.38,29.19,0.284,6.1,-6.1,0.6,2.2,0.97821,1089.0,25.343,29.19,291.9,1.5731180464961083,,,,Sand,,,Sand 2,2,3.52,35.1,-2.02,-33.6
-23.9,25.4,29.05,0.281,5.9,-5.9,0.6,2.5,0.9688,1090.0,25.363,29.05,290.5,1.5712273796913052,,,,Sand,,,Sand 2,2,3.52,35.1,-2.02,-33.6
-23.92,25.42,28.92,0.28,6.1,-6.1,0.4,2.9,0.96668,1091.0,25.383,28.92,289.2,1.571746595455676,,,,Sand,,,Sand 2,2,3.52,35.1,-2.02,-33.6
-23.94,25.44,28.75,0.28,6.1,-6.1,0.6,2.6,0.96877,1092.0,25.403,28.75,287.5,1.5741098223774819,,,,Sand,,,Sand 2,2,3.52,35.1,-2.02,-33.6
-23.96,25.46,28.76,0.277,6.1,-6.1,0.4,2.4,0.96181,1092.0,25.422,28.76,287.6,1.5716143805049054,,,,Sand,,,Sand 2,2,3.52,35.1,-2.02,-33.6
-23.98,25.48,28.86,0.274,6.1,-6.1,0.4,2.5,0.95767,1093.0,25.442,28.86,288.6,1.5692103444460397,,,,Sand,,,Sand 2,2,3.52,35.1,-2.02,-33.6
-24.0,25.5,28.93,0.271,6.1,-6.1,0.6,2.5,0.95608,1094.0,25.462,28.93,289.3,1.5679809905439293,,,,Sand,,,Sand 2,2,3.52,35.1,-2.02,-33.6
-24.02,25.52,28.76,0.265,6.1,-6.1,0.4,2.5,0.94647,1095.0,25.482,28.76,287.6,1.5662756874440844,,,,Sand,,,Sand 2,2,3.52,35.1,-2.02,-33.6
-24.04,25.54,28.37,0.259,6.1,-6.1,0.6,2.5,0.9399,1095.0,25.502,28.37,283.7,1.5678070523483354,,,,Sand,,,Sand 2,2,3.52,35.1,-2.02,-33.6
-24.06,25.56,27.54,0.253,6.1,-6.1,0.6,2.5,0.93561,1096.0,25.522,27.54,275.4,1.5747003673389797,,,,Sand,,,Sand 2,2,3.52,35.1,-2.02,-33.6
-24.08,25.58,26.79,0.245,6.1,-6.1,0.4,2.5,0.92641,1097.0,25.542,26.79,267.9,1.5793425159289212,,,,Sand,,,Sand 2,2,3.52,35.1,-2.02,-33.6
-24.1,25.6,25.98,0.239,6.1,-6.1,0.4,2.5,0.92613,1098.0,25.562,25.98,259.8,1.5880733148628567,,,,Sand,,,Sand 2,2,3.52,35.1,-2.02,-33.6
-24.12,25.62,25.22,0.228,6.1,-6.1,0.6,2.5,0.90566,1099.0,25.582,25.22,252.2,1.5894702325957348,,,,Sand,,,Sand 2,2,3.52,35.1,-2.02,-33.6
-24.14,25.64,24.74,0.217,6.1,-6.1,0.4,2.4,0.88198,1099.0,25.601,24.74,247.4,1.5866197666467363,,,,Sand,,,Sand 2,2,3.52,35.1,-2.02,-33.6
-24.16,25.66,24.17,0.21,6.1,-6.1,0.4,2.5,0.87182,1100.0,25.621,24.17,241.7,1.5898295698208114,,,,Sand,,,Sand 2,2,3.52,35.1,-2.02,-33.6
-24.18,25.68,23.64,0.201,6.1,-6.1,0.6,2.5,0.84976,1101.0,25.641,23.64,236.4,1.588354750608939,,,,Sand,,,Sand 2,2,3.52,35.1,-2.02,-33.6
-24.2,25.7,23.32,0.192,6.3,-6.2,0.4,2.5,0.82426,1102.0,25.661,23.32,233.2,1.5829227021132386,,,,Sand,,,Sand 2,2,3.52,35.1,-2.02,-33.6
-24.22,25.72,22.97,0.185,6.1,-6.1,0.4,2.5,0.80535,1102.0,25.681,22.97,229.7,1.580305476776789,,,,Sand,,,Sand 2,2,3.52,35.1,-2.02,-33.6
-24.24,25.74,22.66,0.181,6.1,-6.1,0.4,2.5,0.79648,1103.0,25.701,22.66,226.6,1.5810371843811153,,,,Sand,,,Sand 2,2,3.52,35.1,-2.02,-33.6
-24.26,25.76,22.51,0.178,6.1,-6.1,0.4,2.5,0.79094,1104.0,25.721,22.51,225.1,1.5809267880670217,,,,Sand,,,Sand 2,2,3.52,35.1,-2.02,-33.6
-24.28,25.78,22.34,0.176,6.1,-6.1,0.4,2.5,0.78964,1105.0,25.741,22.34,223.4,1.5827515361143163,,,,Sand,,,Sand 2,2,3.52,35.1,-2.02,-33.6
-24.3,25.8,22.16,0.174,6.1,-6.1,0.4,2.3,0.78764,1106.0,25.761,22.16,221.6,1.584465540512813,,,,Sand,,,Sand 2,2,3.52,35.1,-2.02,-33.6
-24.32,25.82,22.2,0.173,6.3,-6.2,0.4,2.1,0.78901,1107.0,25.78,22.2,222.0,1.5844418470487052,,,,Sand,,,Sand 2,2,3.52,35.1,-2.02,-33.6
-24.34,25.84,21.88,0.174,6.1,-6.1,0.4,2.5,0.79972,1107.0,25.8,21.88,218.8,1.5930419706669494,,,,Sand,,,Sand 2,2,3.52,35.1,-2.02,-33.6
-24.36,25.86,21.59,0.175,6.1,-6.1,0.6,2.5,0.81098,1108.0,25.82,21.59,215.9,1.6014324730242424,,,,Sand,,,Sand 2,2,3.52,35.1,-2.02,-33.6
-24.38,25.88,21.39,0.177,6.1,-6.1,0.4,2.5,0.82594,1109.0,25.84,21.39,213.9,1.6098979302439531,,,,Sand,,,Sand 2,2,3.52,35.1,-2.02,-33.6
-24.4,25.9,21.34,0.179,6.1,-6.1,0.4,2.5,0.84008,1110.0,25.86,21.34,213.4,1.615830165029118,,,,Sand,,,Sand 2,2,3.52,35.1,-2.02,-33.6
-24.42,25.92,21.16,0.181,6.3,-6.2,0.6,2.1,0.85131,1111.0,25.88,21.16,211.6,1.6225123095959428,,,,Sand,,,Sand 2,2,3.52,35.1,-2.02,-33.6
-24.44,25.94,20.91,0.183,6.3,-6.2,0.4,3.1,0.86016,1111.0,25.9,20.91,209.1,1.629337005513656,,,,Sand,,,Sand 2,2,3.52,35.1,-2.02,-33.6
-24.46,25.96,20.97,0.182,6.3,-6.2,0.4,2.9,0.85286,1112.0,25.92,20.97,209.7,1.6258369386963625,,,,Sand,,,Sand 2,2,3.52,35.1,-2.02,-33.6
-24.48,25.98,21.22,0.184,6.1,-6.1,0.4,2.7,0.85871,1113.0,25.939,21.22,212.2,1.624313060927751,,,,Sand,,,Sand 2,2,3.52,35.1,-2.02,-33.6
-24.5,26.0,21.51,0.186,6.1,-6.1,0.4,2.4,0.86336,1114.0,25.959,21.51,215.1,1.6218404978327798,,,,Sand,,,Sand 2,2,3.52,35.1,-2.02,-33.6
-24.52,26.02,21.7,0.187,6.1,-6.1,0.4,2.5,0.86289,1114.0,25.979,21.7,217.0,1.618995523463535,,,,Sand,,,Sand 2,2,3.52,35.1,-2.02,-33.6
-24.54,26.04,21.91,0.189,6.3,-6.2,0.4,2.5,0.86877,1115.0,25.999,21.91,219.1,1.618180772055713,,,,Sand,,,Sand 2,2,3.52,35.1,-2.02,-33.6
-24.56,26.06,22.04,0.19,6.3,-6.2,0.4,2.5,0.87351,1116.0,26.019,22.04,220.4,1.6180838088194829,,,,Sand,,,Sand 2,2,3.52,35.1,-2.02,-33.6
-24.58,26.08,22.09,0.189,6.1,-6.1,0.4,2.5,0.87237,1117.0,26.039,22.09,220.9,1.6169914819267244,,,,Sand,,,Sand 2,2,3.52,35.1,-2.02,-33.6
-24.6,26.1,21.93,0.188,6.3,-6.2,0.4,2.5,0.87447,1117.0,26.059,21.93,219.3,1.619939819429941,,,,Sand,,,Sand 2,2,3.52,35.1,-2.02,-33.6
-24.62,26.12,21.64,0.187,6.3,-6.2,0.4,2.5,0.87953,1118.0,26.079,21.64,216.4,1.625767722477846,,,,Sand,,,Sand 2,2,3.52,35.1,-2.02,-33.6
-24.64,26.14,21.19,0.186,6.3,-6.2,0.4,2.5,0.88635,1119.0,26.099,21.19,211.9,1.6345453208064493,,,,Sand,,,Sand 2,2,3.52,35.1,-2.02,-33.6
-24.66,26.16,20.82,0.185,6.3,-6.2,0.4,2.6,0.89458,1120.0,26.118,20.82,208.2,1.6427684419131994,,,,Sand,,,Sand 2,2,3.52,35.1,-2.02,-33.6
-24.68,26.18,20.37,0.183,6.3,-6.2,0.4,2.4,0.89827,1121.0,26.138,20.37,203.7,1.650704568749238,,,,Sand,,,Sand 2,2,3.52,35.1,-2.02,-33.6
-24.7,26.2,20.01,0.18,6.3,-6.2,0.4,2.4,0.8963,1121.0,26.158,20.01,200.1,1.6554849243062406,,,,Sand,,,Sand 2,2,3.52,35.1,-2.02,-33.6
-24.72,26.22,19.83,0.177,6.3,-6.2,0.4,2.5,0.89247,1122.0,26.178,19.83,198.3,1.656943407240846,,,,Sand,,,Sand 2,2,3.52,35.1,-2.02,-33.6
-24.74,26.24,19.65,0.173,6.3,-6.2,0.4,2.5,0.88164,1123.0,26.198,19.65,196.5,1.6560131215153493,,,,Sand,,,Sand 2,2,3.52,35.1,-2.02,-33.6
-24.76,26.26,19.47,0.17,6.1,-6.1,0.4,2.5,0.87336,1124.0,26.218,19.47,194.7,1.6559790548553546,,,,Sand,,,Sand 2,2,3.52,35.1,-2.02,-33.6
-24.78,26.28,19.32,0.168,6.3,-6.2,0.4,2.5,0.8685,1125.0,26.238,19.32,193.2,1.6566794008375143,,,,Sand,,,Sand 2,2,3.52,35.1,-2.02,-33.6
-24.8,26.3,19.19,0.165,6.3,-6.2,0.4,2.5,0.8582,1125.0,26.258,19.19,191.9,1.6551608581817465,,,,Sand,,,Sand 2,2,3.52,35.1,-2.02,-33.6
-24.82,26.32,19.14,0.163,6.3,-6.2,0.4,2.2,0.85318,1126.0,26.277,19.14,191.4,1.65419968110586,,,,Sand,,,Sand 2,2,3.52,35.1,-2.02,-33.6
-24.84,26.34,19.11,0.159,6.3,-6.2,0.4,2.4,0.83734,1127.0,26.297,19.11,191.1,1.6490378302668527,,,,Sand,,,Sand 2,2,3.52,35.1,-2.02,-33.6
-24.86,26.36,19.04,0.158,6.1,-6.1,0.4,2.5,0.83759,1128.0,26.317,19.04,190.4,1.650276872743886,,,,Sand,,,Sand 2,2,3.52,35.1,-2.02,-33.6
-24.88,26.38,18.89,0.157,6.1,-6.1,0.4,2.4,0.83795,1129.0,26.337,18.89,188.9,1.6528852877830595,,,,Sand,,,Sand 2,2,3.52,35.1,-2.02,-33.6
-24.9,26.4,18.68,0.156,6.3,-6.2,0.4,2.4,0.83905,1129.0,26.357,18.68,186.8,1.6567884687316687,,,,Sand,,,Sand 2,2,3.52,35.1,-2.02,-33.6
-24.92,26.42,18.54,0.154,6.3,-6.2,0.4,2.3,0.83559,1130.0,26.377,18.54,185.4,1.6579169966585938,,,,Sand,,,Sand 2,2,3.52,35.1,-2.02,-33.6
-24.94,26.44,18.32,0.153,6.3,-6.2,0.4,2.6,0.83893,1131.0,26.397,18.32,183.2,1.6628702464580092,,,,Sand,,,Sand 2,2,3.52,35.1,-2.02,-33.6
-24.96,26.46,18.17,0.152,6.3,-6.2,0.4,2.9,0.84339,1132.0,26.417,18.17,181.7,1.667046098371742,,,,Sand,,,Sand 2,2,3.52,35.1,-2.02,-33.6
-24.98,26.48,17.99,0.153,6.3,-6.2,0.4,2.7,0.85901,1132.0,26.437,17.99,179.9,1.6756673789626406,,,,Sand,,,Sand 2,2,3.52,35.1,-2.02,-33.6
-25.0,26.5,17.81,0.152,6.3,-6.2,0.4,2.5,0.86339,1133.0,26.456,17.81,178.1,1.6803556579129442,,,,Sand,,,Sand 2,2,3.52,35.1,-2.02,-33.6
-25.02,26.52,17.5,0.15,6.3,-6.2,0.4,2.5,0.85991,1134.0,26.476,17.5,175.0,1.6846950340918696,,,,Sand,,,Sand 2,2,3.52,35.1,-2.02,-33.6
-25.04,26.54,17.17,0.147,6.3,-6.2,0.4,2.5,0.84897,1135.0,26.496,17.17,171.7,1.6869339173596702,,,,Sand,,,Sand 2,2,3.52,35.1,-2.02,-33.6
-25.06,26.56,16.99,0.146,6.3,-6.2,0.4,2.4,0.84717,1136.0,26.516,16.99,169.9,1.6896617658829798,,,,Sand,,,Sand 2,2,3.52,35.1,-2.02,-33.6
-25.08,26.58,16.89,0.145,6.3,-6.2,0.4,2.4,0.84351,1136.0,26.536,16.89,168.9,1.6902682969856822,,,,Sand,,,Sand 2,2,3.52,35.1,-2.02,-33.6
-25.1,26.6,17.03,0.145,6.3,-6.2,0.4,2.4,0.84302,1137.0,26.556,17.03,170.3,1.6874636562587462,,,,Sand,,,Sand 2,2,3.52,35.1,-2.02,-33.6
-25.12,26.62,17.14,0.144,6.3,-6.2,0.4,2.5,0.8337,1138.0,26.576,17.14,171.4,1.6821333556391462,,,,Sand,,,Sand 2,2,3.52,35.1,-2.02,-33.6
-25.14,26.64,17.34,0.145,6.3,-6.2,0.4,2.5,0.83321,1139.0,26.596,17.34,173.4,1.6782612741063925,,,,Sand,,,Sand 2,2,3.52,35.1,-2.02,-33.6
-25.16,26.66,17.46,0.146,6.3,-6.2,0.4,2.5,0.83055,1140.0,26.615,17.46,174.6,1.6751208125241053,,,,Sand,,,Sand 2,2,3.52,35.1,-2.02,-33.6
-25.18,26.68,17.58,0.147,6.3,-6.2,0.4,2.5,0.82671,1140.0,26.635,17.58,175.8,1.6715714307216085,,,,Sand,,,Sand 2,2,3.52,35.1,-2.02,-33.6
-25.2,26.7,17.75,0.149,6.3,-6.2,0.4,2.5,0.82778,1141.0,26.655,17.75,177.5,1.6688939560947782,,,,Sand,,,Sand 2,2,3.52,35.1,-2.02,-33.6
-25.22,26.72,18.03,0.15,6.3,-6.2,0.4,2.5,0.82338,1142.0,26.675,18.03,180.3,1.6623460674800146,,,,Sand,,,Sand 2,2,3.52,35.1,-2.02,-33.6
-25.24,26.74,18.3,0.153,6.3,-6.2,0.4,2.5,0.82882,1143.0,26.695,18.3,183.0,1.6595981587647466,,,,Sand,,,Sand 2,2,3.52,35.1,-2.02,-33.6
-25.26,26.76,18.65,0.154,6.3,-6.2,0.4,2.4,0.82254,1144.0,26.715,18.65,186.5,1.651348760738797,,,,Sand,,,Sand 2,2,3.52,35.1,-2.02,-33.6
-25.28,26.78,18.89,0.157,6.3,-6.2,0.4,2.4,0.82675,1144.0,26.735,18.89,188.9,1.648848755122627,,,,Sand,,,Sand 2,2,3.52,35.1,-2.02,-33.6
-25.3,26.8,19.08,0.158,6.3,-6.2,0.4,2.5,0.82115,1145.0,26.755,19.08,190.8,1.643666089944507,,,,Sand,,,Sand 2,2,3.52,35.1,-2.02,-33.6
-25.32,26.82,19.4,0.16,6.3,-6.2,0.4,2.5,0.82146,1146.0,26.774,19.4,194.0,1.638560067899583,,,,Sand,,,Sand 2,2,3.52,35.1,-2.02,-33.6
-25.34,26.84,19.68,0.165,6.3,-6.2,0.4,2.5,0.83889,1147.0,26.794,19.68,196.8,1.6404201127075302,,,,Sand,,,Sand 2,2,3.52,35.1,-2.02,-33.6
-25.36,26.86,19.89,0.166,6.3,-6.2,0.4,2.1,0.83754,1148.0,26.814,19.89,198.9,1.6366301280662143,,,,Sand,,,Sand 2,2,3.52,35.1,-2.02,-33.6
-25.38,26.88,20.04,0.168,6.3,-6.2,0.4,2.4,0.84211,1148.0,26.834,20.04,200.4,1.6359500870948065,,,,Sand,,,Sand 2,2,3.52,35.1,-2.02,-33.6
-25.4,26.9,20.19,0.17,6.3,-6.2,0.6,2.4,0.84889,1149.0,26.854,20.19,201.9,1.6360828142638615,,,,Sand,,,Sand 2,2,3.52,35.1,-2.02,-33.6
-25.42,26.92,20.18,0.171,6.3,-6.2,0.4,2.5,0.85228,1150.0,26.874,20.18,201.8,1.6374517768864494,,,,Sand,,,Sand 2,2,3.52,35.1,-2.02,-33.6
-25.44,26.94,20.1,0.172,6.5,-6.4,0.4,2.4,0.85679,1151.0,26.894,20.1,201.0,1.640289851589046,,,,Sand,,,Sand 2,2,3.52,35.1,-2.02,-33.6
-25.46,26.96,20.12,0.173,6.3,-6.2,0.4,2.2,0.86204,1152.0,26.914,20.12,201.2,1.6418487481383093,,,,Sand,,,Sand 2,2,3.52,35.1,-2.02,-33.6
-25.48,26.98,20.01,0.174,6.3,-6.2,0.4,2.5,0.86886,1153.0,26.933,20.01,200.1,1.6459489712114925,,,,Sand,,,Sand 2,2,3.52,35.1,-2.02,-33.6
-25.5,27.0,19.98,0.173,6.3,-6.2,0.4,2.9,0.8676,1153.0,26.953,19.98,199.8,1.6459681305502025,,,,Sand,,,Sand 2,2,3.52,35.1,-2.02,-33.6
-25.52,27.02,19.98,0.173,6.3,-6.2,0.4,2.7,0.87187,1154.0,26.973,19.98,199.8,1.6474693168912984,,,,Sand,,,Sand 2,2,3.52,35.1,-2.02,-33.6
-25.54,27.04,19.99,0.171,6.5,-6.4,0.4,2.5,0.86698,1155.0,26.993,19.99,199.9,1.6455952568970045,,,,Sand,,,Sand 2,2,3.52,35.1,-2.02,-33.6
-25.56,27.06,19.85,0.17,6.3,-6.2,0.6,2.6,0.86702,1155.0,27.013,19.85,198.5,1.6477793699762278,,,,Sand,,,Sand 2,2,3.52,35.1,-2.02,-33.6
-25.58,27.08,19.49,0.167,6.3,-6.2,0.4,2.4,0.8579,1156.0,27.033,19.49,194.9,1.6502303602143322,,,,Sand,,,Sand 2,2,3.52,35.1,-2.02,-33.6
-25.6,27.1,19.32,0.165,6.5,-6.4,0.4,2.5,0.85636,1157.0,27.053,19.32,193.2,1.652409105010053,,,,Sand,,,Sand 2,2,3.52,35.1,-2.02,-33.6
-25.62,27.12,19.17,0.163,6.3,-6.2,0.4,2.5,0.85801,1158.0,27.073,19.17,191.7,1.655418632020983,,,,Sand,,,Sand 2,2,3.52,35.1,-2.02,-33.6
-25.64,27.14,19.08,0.159,6.3,-6.2,0.6,2.5,0.84993,1159.0,27.093,19.08,190.8,1.6540270429471768,,,,Sand,,,Sand 2,2,3.52,35.1,-2.02,-33.6
-25.66,27.16,18.85,0.155,6.3,-6.2,0.4,2.5,0.84119,1159.0,27.112,18.85,188.5,1.6547094797935473,,,,Sand,,,Sand 2,2,3.52,35.1,-2.02,-33.6
-25.68,27.18,18.39,0.152,6.3,-6.2,0.4,2.5,0.83741,1160.0,27.132,18.39,183.9,1.6611263665470395,,,,Sand,,,Sand 2,2,3.52,35.1,-2.02,-33.6
-25.7,27.2,17.83,0.152,6.3,-6.2,0.6,2.5,0.84816,1161.0,27.152,17.83,178.3,1.6746919941306897,,,,Sand,,,Sand 2,2,3.52,35.1,-2.02,-33.6
-25.72,27.22,17.53,0.149,6.5,-6.4,0.4,2.5,0.83914,1162.0,27.172,17.53,175.3,1.676892357192702,,,,Sand,,,Sand 2,2,3.52,35.1,-2.02,-33.6
-25.74,27.24,17.24,0.147,6.5,-6.4,0.6,2.6,0.83027,1163.0,27.192,17.24,172.4,1.6790625495839835,,,,Sand,,,Sand 2,2,3.52,35.1,-2.02,-33.6
-25.76,27.26,17.12,0.147,6.3,-6.2,0.6,2.5,0.82428,1163.0,27.212,17.12,171.2,1.6791631298082377,,,,Sand,,,Sand 2,2,3.52,35.1,-2.02,-33.6
-25.78,27.28,17.33,0.147,6.5,-6.4,0.4,2.5,0.81036,1164.0,27.232,17.33,173.3,1.6702607572788601,,,,Sand,,,Sand 2,2,3.52,35.1,-2.02,-33.6
-25.8,27.3,17.76,0.146,6.3,-6.2,0.6,2.5,0.78738,1165.0,27.252,17.76,177.6,1.6539731112594915,,,,Sand,,,Sand 2,2,3.52,35.1,-2.02,-33.6
-25.82,27.32,18.44,0.148,6.3,-6.2,0.4,2.5,0.77792,1166.0,27.271,18.44,184.4,1.6384041639091087,,,,Sand,,,Sand 2,2,3.52,35.1,-2.02,-33.6
-25.84,27.34,19.42,0.152,6.5,-6.4,0.4,2.5,0.77749,1166.0,27.291,19.42,194.2,1.6217823090669221,,,,Sand,,,Sand 2,2,3.52,35.1,-2.02,-33.6
-25.86,27.36,20.28,0.157,6.3,-6.2,0.6,2.5,0.78334,1167.0,27.311,20.28,202.8,1.6103714572738859,,,,Sand,,,Sand 2,2,3.52,35.1,-2.02,-33.6
-25.88,27.38,20.75,0.164,6.5,-6.4,0.4,2.5,0.80166,1168.0,27.331,20.75,207.5,1.610192926741905,,,,Sand,,,Sand 2,2,3.52,35.1,-2.02,-33.6
-25.9,27.4,21.1,0.172,6.5,-6.4,0.4,2.2,0.82927,1169.0,27.351,21.1,211.0,1.6153319067411809,,,,Sand,,,Sand 2,2,3.52,35.1,-2.02,-33.6
-25.92,27.42,21.32,0.177,6.3,-6.2,0.4,2.5,0.84867,1170.0,27.371,21.32,213.2,1.6192490853666615,,,,Sand,,,Sand 2,2,3.52,35.1,-2.02,-33.6
-25.94,27.44,21.27,0.184,6.5,-6.4,0.4,2.5,0.88408,1170.0,27.391,21.27,212.7,1.6326045695285607,,,,Sand,,,Sand 2,2,3.52,35.1,-2.02,-33.6
-25.96,27.46,21.08,0.186,6.5,-6.4,0.4,2.5,0.90007,1171.0,27.411,21.08,210.8,1.6408952994596666,,,,Sand,,,Sand 2,2,3.52,35.1,-2.02,-33.6
-25.98,27.48,20.71,0.186,6.3,-6.2,0.6,2.5,0.90931,1172.0,27.43,20.71,207.1,1.6494430168436514,,,,Sand,,,Sand 2,2,3.52,35.1,-2.02,-33.6
-26.0,27.5,20.34,0.185,6.5,-6.4,0.4,2.4,0.91601,1173.0,27.45,20.34,203.4,1.6572014471715129,,,,Sand,,,Sand 2,2,3.52,35.1,-2.02,-33.6
-26.02,27.52,19.93,0.183,6.5,-6.4,0.4,2.5,0.91839,1174.0,27.47,19.93,199.3,1.6642134455861646,,,,Sand,,,Sand 2,2,3.52,35.1,-2.02,-33.6
-26.04,27.54,19.57,0.182,6.5,-6.4,0.6,3.0,0.92597,1174.0,27.49,19.57,195.7,1.6723218662310533,,,,Sand,,,Sand 2,2,3.52,35.1,-2.02,-33.6
-26.06,27.56,19.42,0.179,6.5,-6.4,0.4,2.7,0.92465,1175.0,27.51,19.42,194.2,1.6742392972636957,,,,Sand,,,Sand 2,2,3.52,35.1,-2.02,-33.6
-26.08,27.58,19.25,0.175,6.5,-6.4,0.6,2.5,0.91984,1176.0,27.53,19.25,192.5,1.6753355703952681,,,,Sand,,,Sand 2,2,3.52,35.1,-2.02,-33.6
-26.1,27.6,19.11,0.174,6.5,-6.4,0.6,2.6,0.93173,1177.0,27.55,19.11,191.1,1.6815207541470525,,,,Sand,,,Sand 2,2,3.52,35.1,-2.02,-33.6
-26.12,27.62,18.91,0.17,6.5,-6.4,0.4,2.5,0.92985,1177.0,27.569,18.91,189.1,1.684134886907947,,,,Sand,,,Sand 2,2,3.52,35.1,-2.02,-33.6
-26.14,27.64,18.34,0.167,6.5,-6.4,0.4,2.5,0.93676,1178.0,27.589,18.34,183.4,1.6958370409240282,,,,Sand,,,Sand 2,2,3.52,35.1,-2.02,-33.6
-26.16,27.66,17.67,0.163,6.5,-6.4,0.6,2.5,0.93975,1179.0,27.609,17.67,176.7,1.7083409747058402,,,,Sand,,,Sand 2,2,3.52,35.1,-2.02,-33.6
-26.18,27.68,17.13,0.16,6.5,-6.4,0.6,2.5,0.94984,1180.0,27.629,17.13,171.3,1.7212386439690095,,,,Sand,,,Sand 2,2,3.52,35.1,-2.02,-33.6
-26.2,27.7,16.43,0.158,6.5,-6.4,0.6,2.5,0.96599,1180.0,27.649,16.43,164.3,1.7393631486082584,,,,Sand,,,Sand 2,2,3.52,35.1,-2.02,-33.6
-26.22,27.72,15.78,0.154,6.5,-6.4,0.6,2.5,0.96423,1181.0,27.669,15.78,157.8,1.7515030171009998,,,,Sand,,,Sand 2,2,3.52,35.1,-2.02,-33.6
-26.24,27.74,15.39,0.149,6.5,-6.4,0.4,2.5,0.94641,1182.0,27.689,15.39,153.9,1.7538764207874105,,,,Sand,,,Sand 2,2,3.52,35.1,-2.02,-33.6
-26.26,27.76,15.11,0.144,6.5,-6.4,0.6,2.5,0.91947,1183.0,27.709,15.11,151.1,1.7512165451761914,,,,Sand,,,Sand 2,2,3.52,35.1,-2.02,-33.6
-26.28,27.78,15.0,0.141,6.5,-6.4,0.4,2.6,0.89325,1184.0,27.728,15.0,150.0,1.7451010443168604,,,,Sand,,,Sand 2,2,3.52,35.1,-2.02,-33.6
-26.3,27.8,15.26,0.141,6.5,-6.4,0.4,2.5,0.8753,1184.0,27.748,15.26,152.6,1.7336524058638678,,,,Sand,,,Sand 2,2,3.52,35.1,-2.02,-33.6
-26.32,27.82,15.85,0.142,6.5,-6.4,0.6,2.5,0.85833,1185.0,27.768,15.85,158.5,1.7157342129333912,,,,Sand,,,Sand 2,2,3.52,35.1,-2.02,-33.6
-26.34,27.84,16.47,0.145,6.5,-6.4,0.4,2.5,0.84895,1186.0,27.788,16.47,164.7,1.7002079411549451,,,,Sand,,,Sand 2,2,3.52,35.1,-2.02,-33.6
-26.36,27.86,17.42,0.149,6.5,-6.4,0.4,2.5,0.84318,1187.0,27.808,17.42,174.2,1.6803142486534415,,,,Sand,,,Sand 2,2,3.52,35.1,-2.02,-33.6
-26.38,27.88,18.37,0.153,6.5,-6.4,0.4,2.5,0.83795,1188.0,27.828,18.37,183.7,1.66166192806721,,,,Sand,,,Sand 2,2,3.52,35.1,-2.02,-33.6
-26.4,27.9,18.87,0.159,6.5,-6.4,0.4,2.4,0.8458,1188.0,27.848,18.87,188.7,1.6560204968142327,,,,Sand,,,Sand 2,2,3.52,35.1,-2.02,-33.6
-26.42,27.92,19.4,0.164,6.7,-6.6,0.4,2.1,0.84925,1189.0,27.868,19.4,194.0,1.6485980279182157,,,,Sand,,,Sand 2,2,3.52,35.1,-2.02,-33.6
-26.44,27.94,19.73,0.166,6.5,-6.4,0.6,2.4,0.8395,1190.0,27.887,19.73,197.3,1.6398505202978682,,,,Sand,,,Sand 2,2,3.52,35.1,-2.02,-33.6
-26.46,27.96,19.96,0.172,6.5,-6.4,0.6,2.5,0.85296,1191.0,27.907,19.96,199.6,1.6410853608636606,,,,Sand,,,Sand 2,2,3.52,35.1,-2.02,-33.6
-26.48,27.98,20.17,0.175,6.7,-6.6,0.4,2.5,0.8507,1192.0,27.927,20.17,201.7,1.637038847765588,,,,Sand,,,Sand 2,2,3.52,35.1,-2.02,-33.6
-26.5,28.0,20.57,0.176,6.5,-6.4,0.6,2.5,0.83984,1192.0,27.947,20.57,205.7,1.6270502946606489,,,,Sand,,,Sand 2,2,3.52,35.1,-2.02,-33.6
-26.52,28.02,21.12,0.18,6.7,-6.6,0.6,2.2,0.84161,1193.0,27.967,21.12,211.2,1.6195693794188064,,,,Sand,,,Sand 2,2,3.52,35.1,-2.02,-33.6
-26.54,28.04,21.5,0.182,6.7,-6.6,0.4,2.8,0.83324,1194.0,27.987,21.5,215.0,1.6110253573145719,,,,Sand,,,Sand 2,2,3.52,35.1,-2.02,-33.6
-26.56,28.06,22.12,0.188,6.5,-6.4,0.6,3.0,0.8431,1195.0,28.007,22.12,221.2,1.6059724180530726,,,,Sand,,,Sand 2,2,3.52,35.1,-2.02,-33.6
-26.58,28.08,22.48,0.191,6.7,-6.6,0.4,2.7,0.84025,1195.0,28.027,22.48,224.8,1.6000157382133606,,,,Sand,,,Sand 2,2,3.52,35.1,-2.02,-33.6
-26.6,28.1,23.18,0.195,6.7,-6.6,0.4,2.4,0.84352,1196.0,28.046,23.18,231.8,1.5919513053954657,,,,Sand,,,Sand 2,2,3.52,35.1,-2.02,-33.6
-26.62,28.12,23.6,0.202,6.7,-6.6,0.6,2.4,0.86035,1197.0,28.066,23.6,236.0,1.5927576103638357,,,,Sand,,,Sand 2,2,3.52,35.1,-2.02,-33.6
-26.64,28.14,23.82,0.207,6.7,-6.6,0.4,2.5,0.87085,1198.0,28.086,23.82,238.2,1.5938145788661588,,,,Sand,,,Sand 2,2,3.52,35.1,-2.02,-33.6
-26.66,28.16,24.03,0.209,6.7,-6.6,0.4,2.5,0.87074,1199.0,28.106,24.03,240.3,1.5911626786208763,,,,Sand,,,Sand 2,2,3.52,35.1,-2.02,-33.6
-26.68,28.18,24.21,0.214,6.7,-6.6,0.4,2.5,0.88677,1199.0,28.126,24.21,242.1,1.5947381700237535,,,,Sand,,,Sand 2,2,3.52,35.1,-2.02,-33.6
-26.7,28.2,24.39,0.216,6.7,-6.6,0.4,2.5,0.89372,1200.0,28.146,24.39,243.9,1.5950370480806462,,,,Sand,,,Sand 2,2,3.52,35.1,-2.02,-33.6
-26.72,28.22,24.45,0.217,6.5,-6.4,0.6,2.5,0.89902,1201.0,28.166,24.45,244.5,1.5962002105314543,,,,Sand,,,Sand 2,2,3.52,35.1,-2.02,-33.6
-26.74,28.24,24.34,0.219,6.7,-6.6,0.6,2.5,0.91074,1202.0,28.185,24.34,243.4,1.6016654694696473,,,,Sand,,,Sand 2,2,3.52,35.1,-2.02,-33.6
-26.76,28.26,24.22,0.218,6.7,-6.6,0.4,2.5,0.91228,1203.0,28.205,24.22,242.2,1.6036583989235644,,,,Sand,,,Sand 2,2,3.52,35.1,-2.02,-33.6
-26.78,28.28,23.89,0.218,6.7,-6.6,0.6,2.4,0.91964,1203.0,28.225,23.89,238.9,1.6102618411485943,,,,Sand,,,Sand 2,2,3.52,35.1,-2.02,-33.6
-26.8,28.3,23.57,0.218,6.7,-6.6,0.6,2.4,0.92791,1204.0,28.245,23.57,235.7,1.6170914142285078,,,,Sand,,,Sand 2,2,3.52,35.1,-2.02,-33.6
-26.82,28.32,23.3,0.219,6.7,-6.6,0.4,2.4,0.94032,1205.0,28.265,23.3,233.0,1.6247248374890373,,,,Sand,,,Sand 2,2,3.52,35.1,-2.02,-33.6
-26.84,28.34,23.01,0.218,6.7,-6.6,0.6,2.5,0.94352,1206.0,28.285,23.01,230.1,1.6295026836017692,,,,Sand,,,Sand 2,2,3.52,35.1,-2.02,-33.6
-26.86,28.36,22.86,0.217,6.7,-6.6,0.6,2.5,0.94476,1207.0,28.305,22.86,228.6,1.6318532758393496,,,,Sand,,,Sand 2,2,3.52,35.1,-2.02,-33.6
-26.88,28.38,22.76,0.213,6.7,-6.6,0.4,2.5,0.93069,1207.0,28.324,22.76,227.6,1.6283866325605456,,,,Sand,,,Sand 2,2,3.52,35.1,-2.02,-33.6
-26.9,28.4,22.71,0.212,6.7,-6.6,0.6,2.5,0.92738,1208.0,28.344,22.71,227.1,1.627910679098388,,,,Sand,,,Sand 2,2,3.52,35.1,-2.02,-33.6
-26.92,28.42,22.74,0.211,6.7,-6.6,0.6,2.5,0.9219,1209.0,28.364,22.74,227.4,1.6256417873043651,,,,Sand,,,Sand 2,2,3.52,35.1,-2.02,-33.6
-26.94,28.44,22.8,0.21,6.7,-6.6,0.4,2.5,0.91458,1210.0,28.384,22.8,228.0,1.6223358496621245,,,,Sand,,,Sand 2,2,3.52,35.1,-2.02,-33.6
-26.96,28.46,22.91,0.21,6.7,-6.6,0.6,2.1,0.91057,1211.0,28.404,22.91,229.1,1.6195135847749922,,,,Sand,,,Sand 2,2,3.52,35.1,-2.02,-33.6
-26.98,28.48,23.09,0.207,6.7,-6.6,0.6,2.3,0.89359,1211.0,28.424,23.09,230.9,1.6112341574171147,,,,Sand,,,Sand 2,2,3.52,35.1,-2.02,-33.6
-27.0,28.5,23.23,0.209,6.7,-6.6,0.4,2.5,0.89844,1212.0,28.444,23.23,232.3,1.6111436826451055,,,,Sand,,,Sand 2,2,3.52,35.1,-2.02,-33.6
-27.02,28.52,23.45,0.21,6.7,-6.6,0.6,2.5,0.89931,1213.0,28.464,23.45,234.5,1.6086482180541035,,,,Sand,,,Sand 2,2,3.52,35.1,-2.02,-33.6
-27.04,28.54,23.57,0.211,6.7,-6.6,0.6,2.5,0.9006,1214.0,28.483,23.57,235.7,1.607588184308136,,,,Sand,,,Sand 2,2,3.52,35.1,-2.02,-33.6
-27.06,28.56,23.53,0.212,6.7,-6.6,0.4,2.4,0.9028,1215.0,28.503,23.53,235.3,1.6088660243307558,,,,Sand,,,Sand 2,2,3.52,35.1,-2.02,-33.6
-27.08,28.58,23.52,0.214,6.7,-6.6,0.4,2.3,0.91025,1215.0,28.523,23.52,235.2,1.611601655120678,,,,Sand,,,Sand 2,2,3.52,35.1,-2.02,-33.6
-27.1,28.6,23.51,0.216,6.7,-6.6,0.6,3.1,0.91964,1216.0,28.543,23.51,235.1,1.6149913332266328,,,,Sand,,,Sand 2,2,3.52,35.1,-2.02,-33.6
-27.12,28.62,23.53,0.217,6.7,-6.6,0.4,2.8,0.92636,1217.0,28.563,23.53,235.3,1.6170592662127699,,,,Sand,,,Sand 2,2,3.52,35.1,-2.02,-33.6
-27.14,28.64,23.52,0.216,6.7,-6.6,0.6,2.5,0.92486,1218.0,28.583,23.52,235.2,1.6166682521649731,,,,Sand,,,Sand 2,2,3.52,35.1,-2.02,-33.6
-27.16,28.66,23.45,0.215,6.7,-6.6,0.4,2.5,0.92349,1218.0,28.603,23.45,234.5,1.6170761425158757,,,,Sand,,,Sand 2,2,3.52,35.1,-2.02,-33.6
-27.18,28.68,23.27,0.214,6.7,-6.6,0.4,2.5,0.92226,1219.0,28.622,23.27,232.7,1.6189304294247044,,,,Sand,,,Sand 2,2,3.52,35.1,-2.02,-33.6
-27.2,28.7,23.07,0.212,6.7,-6.6,0.6,2.5,0.91705,1220.0,28.642,23.07,230.7,1.6196903625067771,,,,Sand,,,Sand 2,2,3.52,35.1,-2.02,-33.6
-27.22,28.72,22.97,0.211,6.7,-6.6,0.4,2.5,0.91565,1221.0,28.662,22.97,229.7,1.6204963897330003,,,,Sand,,,Sand 2,2,3.52,35.1,-2.02,-33.6
-27.24,28.74,22.93,0.209,6.7,-6.6,0.4,2.5,0.9085,1222.0,28.682,22.93,229.3,1.618534153576539,,,,Sand,,,Sand 2,2,3.52,35.1,-2.02,-33.6
-27.26,28.76,22.89,0.208,6.7,-6.6,0.6,2.5,0.90371,1222.0,28.702,22.89,228.9,1.6173839623068034,,,,Sand,,,Sand 2,2,3.52,35.1,-2.02,-33.6
-27.28,28.78,22.84,0.208,6.7,-6.6,0.4,2.5,0.90107,1223.0,28.722,22.84,228.4,1.6171128483843134,,,,Sand,,,Sand 2,2,3.52,35.1,-2.02,-33.6
-27.3,28.8,22.93,0.208,6.7,-6.6,0.4,2.5,0.89762,1224.0,28.742,22.93,229.3,1.614728839044399,,,,Sand,,,Sand 2,2,3.52,35.1,-2.02,-33.6
-27.32,28.82,23.14,0.207,6.7,-6.6,0.6,2.5,0.88932,1225.0,28.761,23.14,231.4,1.6090771074328638,,,,Sand,,,Sand 2,2,3.52,35.1,-2.02,-33.6
-27.34,28.84,23.36,0.21,6.7,-6.6,0.4,2.5,0.8971,1225.0,28.781,23.36,233.6,1.6090114240555993,,,,Sand,,,Sand 2,2,3.52,35.1,-2.02,-33.6
-27.36,28.86,23.61,0.211,6.8,-6.8,0.4,2.5,0.89554,1226.0,28.801,23.61,236.1,1.6052979892699333,,,,Sand,,,Sand 2,2,3.52,35.1,-2.02,-33.6
-27.38,28.88,23.68,0.212,6.7,-6.6,0.6,2.4,0.89418,1227.0,28.821,23.68,236.8,1.6039376176617237,,,,Sand,,,Sand 2,2,3.52,35.1,-2.02,-33.6
-27.4,28.9,23.76,0.213,6.7,-6.6,0.4,2.5,0.89327,1228.0,28.841,23.76,237.6,1.6026143075149788,,,,Sand,,,Sand 2,2,3.52,35.1,-2.02,-33.6
-27.42,28.92,23.95,0.214,6.7,-6.6,0.6,2.5,0.89199,1229.0,28.861,23.95,239.5,1.5997990340815362,,,,Sand,,,Sand 2,2,3.52,35.1,-2.02,-33.6
-27.44,28.94,24.06,0.217,6.7,-6.6,0.6,2.5,0.89953,1229.0,28.881,24.06,240.6,1.6011214730808287,,,,Sand,,,Sand 2,2,3.52,35.1,-2.02,-33.6
-27.46,28.96,24.11,0.217,6.9,-6.8,0.6,2.5,0.89452,1230.0,28.9,24.11,241.1,1.5987301730988193,,,,Sand,,,Sand 2,2,3.52,35.1,-2.02,-33.6
-27.48,28.98,24.23,0.219,6.7,-6.6,0.6,2.5,0.89777,1231.0,28.92,24.23,242.3,1.5984194803400837,,,,Sand,,,Sand 2,2,3.52,35.1,-2.02,-33.6
-27.5,29.0,24.53,0.221,6.7,-6.6,0.6,2.2,0.90186,1232.0,28.94,24.53,245.3,1.5962472712241609,,,,Sand,,,Sand 2,2,3.52,35.1,-2.02,-33.6
-27.52,29.02,24.67,0.219,6.8,-6.8,0.4,2.4,0.89065,1233.0,28.96,24.67,246.7,1.5905766178211926,,,,Sand,,,Sand 2,2,3.52,35.1,-2.02,-33.6
-27.54,29.04,24.76,0.22,6.9,-6.8,0.6,2.5,0.89209,1233.0,28.98,24.76,247.6,1.5900217424846277,,,,Sand,,,Sand 2,2,3.52,35.1,-2.02,-33.6
-27.56,29.06,24.84,0.222,6.7,-6.6,0.6,2.4,0.89838,1234.0,29.0,24.84,248.4,1.5913226099042503,,,,Sand,,,Sand 2,2,3.52,35.1,-2.02,-33.6
-27.58,29.08,24.84,0.223,6.8,-6.8,0.4,2.5,0.90238,1235.0,29.02,24.84,248.4,1.5927458952301847,,,,Sand,,,Sand 2,2,3.52,35.1,-2.02,-33.6
-27.6,29.1,24.73,0.224,6.9,-6.8,0.6,2.4,0.90739,1236.0,29.04,24.73,247.3,1.5958211001080442,,,,Sand,,,Sand 2,2,3.52,35.1,-2.02,-33.6
-27.62,29.12,24.69,0.222,6.9,-6.8,0.6,2.3,0.90111,1237.0,29.059,24.69,246.9,1.594071423364299,,,,Sand,,,Sand 2,2,3.52,35.1,-2.02,-33.6
-27.64,29.14,24.63,0.224,6.8,-6.8,0.4,3.1,0.9108,1237.0,29.079,24.63,246.3,1.5982107744659269,,,,Sand,,,Sand 2,2,3.52,35.1,-2.02,-33.6
-27.66,29.16,24.54,0.225,6.9,-6.8,0.6,2.9,0.91622,1238.0,29.099,24.54,245.4,1.601185317320916,,,,Sand,,,Sand 2,2,3.52,35.1,-2.02,-33.6
-27.68,29.18,24.46,0.225,6.8,-6.8,0.4,2.6,0.91631,1239.0,29.119,24.46,244.6,1.6021737552543776,,,,Sand,,,Sand 2,2,3.52,35.1,-2.02,-33.6
-27.7,29.2,24.36,0.223,6.9,-6.8,0.6,2.5,0.90812,1240.0,29.139,24.36,243.6,1.6005029216355728,,,,Sand,,,Sand 2,2,3.52,35.1,-2.02,-33.6
-27.72,29.22,24.5,0.224,6.9,-6.8,0.6,2.5,0.9114,1240.0,29.159,24.5,245.0,1.5999735419926044,,,,Sand,,,Sand 2,2,3.52,35.1,-2.02,-33.6
-27.74,29.24,24.55,0.225,6.8,-6.8,0.4,2.4,0.91283,1241.0,29.179,24.55,245.5,1.5998778382483756,,,,Sand,,,Sand 2,2,3.52,35.1,-2.02,-33.6
-27.76,29.26,24.71,0.224,6.8,-6.8,0.4,2.5,0.90427,1242.0,29.198,24.71,247.1,1.594954669157552,,,,Sand,,,Sand 2,2,3.52,35.1,-2.02,-33.6
-27.78,29.28,24.7,0.226,6.9,-6.8,0.6,2.5,0.90681,1243.0,29.218,24.7,247.0,1.5959719587185779,,,,Sand,,,Sand 2,2,3.52,35.1,-2.02,-33.6
-27.8,29.3,24.8,0.228,6.9,-6.8,0.6,2.5,0.90954,1244.0,29.238,24.8,248.0,1.5957521834266573,,,,Sand,,,Sand 2,2,3.52,35.1,-2.02,-33.6
-27.82,29.32,25.11,0.229,6.9,-6.8,0.6,2.5,0.90729,1244.0,29.258,25.11,251.1,1.5913246027497767,,,,Sand,,,Sand 2,2,3.52,35.1,-2.02,-33.6
-27.84,29.34,25.44,0.23,6.9,-6.8,0.6,2.5,0.90413,1245.0,29.278,25.44,254.4,1.5863930509882067,,,,Sand,,,Sand 2,2,3.52,35.1,-2.02,-33.6
-27.86,29.36,25.57,0.233,6.9,-6.8,0.6,2.5,0.90587,1246.0,29.298,25.57,255.7,1.5855283300830432,,,,Sand,,,Sand 2,2,3.52,35.1,-2.02,-33.6
-27.88,29.38,25.66,0.235,6.9,-6.8,0.6,2.5,0.90211,1247.0,29.317,25.66,256.6,1.583164974240024,,,,Sand,,,Sand 2,2,3.52,35.1,-2.02,-33.6
-27.9,29.4,25.93,0.239,6.9,-6.8,0.6,2.6,0.90737,1247.0,29.337,25.93,259.3,1.5820016608040153,,,,Sand,,,Sand 2,2,3.52,35.1,-2.02,-33.6
-27.92,29.42,26.3,0.242,6.9,-6.8,0.6,2.4,0.91123,1248.0,29.357,26.3,263.0,1.5792767872180482,,,,Sand,,,Sand 2,2,3.52,35.1,-2.02,-33.6
-27.94,29.44,26.96,0.244,6.9,-6.8,0.6,2.4,0.91279,1249.0,29.377,26.96,269.6,1.572697857385197,,,,Sand,,,Sand 2,2,3.52,35.1,-2.02,-33.6
-27.96,29.46,27.43,0.246,6.9,-6.8,0.6,2.5,0.91573,1250.0,29.397,27.43,274.3,1.5687996276175526,,,,Sand,,,Sand 2,2,3.52,35.1,-2.02,-33.6
-27.98,29.48,27.43,0.25,6.9,-6.8,0.6,2.5,0.92726,1251.0,29.417,27.43,274.3,1.5728971506803355,,,,Sand,,,Sand 2,2,3.52,35.1,-2.02,-33.6
-28.0,29.5,27.18,0.253,6.9,-6.8,0.6,2.5,0.93639,1251.0,29.437,27.18,271.8,1.5787173352725716,,,,Sand,,,Sand 2,2,3.52,35.1,-2.02,-33.6
-28.02,29.52,26.96,0.258,6.9,-6.8,0.6,2.2,0.95587,1252.0,29.456,26.96,269.6,1.5877847795277278,,,,Sand,,,Sand 2,2,3.52,35.1,-2.02,-33.6
-28.04,29.54,26.72,0.255,6.8,-6.8,0.4,2.5,0.94879,1253.0,29.476,26.72,267.2,1.587893708444832,,,,Sand,,,Sand 2,2,3.52,35.1,-2.02,-33.6
-28.06,29.56,26.71,0.255,6.9,-6.8,0.6,2.5,0.95336,1254.0,29.496,26.71,267.1,1.5895743302228464,,,,Sand,,,Sand 2,2,3.52,35.1,-2.02,-33.6
-28.08,29.58,26.76,0.255,6.9,-6.8,0.6,2.6,0.95757,1255.0,29.516,26.76,267.6,1.5904860447034002,,,,Sand,,,Sand 2,2,3.52,35.1,-2.02,-33.6
-28.1,29.6,26.74,0.255,6.9,-6.8,0.6,2.4,0.96386,1255.0,29.536,26.74,267.4,1.5928471205441073,,,,Sand,,,Sand 2,2,3.52,35.1,-2.02,-33.6
-28.12,29.62,26.51,0.253,6.9,-6.8,0.6,2.3,0.96381,1256.0,29.556,26.51,265.1,1.5952888630953437,,,,Sand,,,Sand 2,2,3.52,35.1,-2.02,-33.6
-28.14,29.64,26.4,0.25,6.9,-6.8,0.6,2.3,0.95997,1257.0,29.576,26.4,264.0,1.5951670162990412,,,,Sand,,,Sand 2,2,3.52,35.1,-2.02,-33.6
-28.16,29.66,26.24,0.251,6.9,-6.8,0.6,3.0,0.96869,1258.0,29.595,26.24,262.4,1.5998621317430985,,,,Sand,,,Sand 2,2,3.52,35.1,-2.02,-33.6
-28.18,29.68,25.57,0.251,6.9,-6.8,0.6,2.8,0.97094,1258.0,29.615,25.57,255.7,1.608020360661965,,,,Sand,,,Sand 2,2,3.52,35.1,-2.02,-33.6
-28.2,29.7,25.07,0.25,6.9,-6.8,0.6,2.5,0.96614,1259.0,29.635,25.07,250.7,1.612089325725635,,,,Sand,,,Sand 2,2,3.52,35.1,-2.02,-33.6
-28.22,29.72,25.05,0.251,6.9,-6.8,0.6,2.5,0.96706,1260.0,29.655,25.05,250.5,1.61262854590197,,,,Sand,,,Sand 2,2,3.52,35.1,-2.02,-33.6
-28.24,29.74,25.71,0.255,6.9,-6.8,0.6,2.5,0.97594,1261.0,29.675,25.71,257.1,1.6081318003487224,,,,Sand,,,Sand 2,2,3.52,35.1,-2.02,-33.6
-28.26,29.76,26.26,0.255,6.9,-6.8,0.6,2.6,0.96299,1262.0,29.695,26.26,262.6,1.5977130419790961,,,,Sand,,,Sand 2,2,3.52,35.1,-2.02,-33.6
-28.28,29.78,26.71,0.253,6.9,-6.8,0.6,2.5,0.94043,1262.0,29.715,26.71,267.1,1.5851048707866497,,,,Sand,,,Sand 2,2,3.52,35.1,-2.02,-33.6
-28.3,29.8,27.03,0.253,6.9,-6.8,0.6,2.5,0.92513,1263.0,29.734,27.03,270.3,1.5763377275116792,,,,Sand,,,Sand 2,2,3.52,35.1,-2.02,-33.6
-28.32,29.82,27.63,0.259,6.9,-6.8,0.6,2.4,0.93262,1264.0,29.754,27.63,276.3,1.5727220402099098,,,,Sand,,,Sand 2,2,3.52,35.1,-2.02,-33.6
-28.34,29.84,28.38,0.263,6.9,-6.8,0.6,2.4,0.93345,1265.0,29.774,28.38,283.8,1.5654330160693533,,,,Sand,,,Sand 2,2,3.52,35.1,-2.02,-33.6
-28.36,29.86,28.45,0.266,6.9,-6.8,0.6,2.6,0.9317,1266.0,29.794,28.45,284.5,1.5641184302808715,,,,Sand,,,Sand 2,2,3.52,35.1,-2.02,-33.6
-28.38,29.88,28.61,0.269,6.9,-6.8,0.6,2.5,0.92871,1266.0,29.814,28.61,286.1,1.5614753397142784,,,,Sand,,,Sand 2,2,3.52,35.1,-2.02,-33.6
-28.4,29.9,29.1,0.272,6.9,-6.8,0.6,2.5,0.92446,1267.0,29.834,29.1,291.0,1.5551790770678435,,,,Sand,,,Sand 2,2,3.52,35.1,-2.02,-33.6
-28.42,29.92,29.49,0.28,6.9,-6.8,0.6,2.5,0.93802,1268.0,29.854,29.49,294.9,1.5562841154428777,,,,Sand,,,Sand 2,2,3.52,35.1,-2.02,-33.6
-28.44,29.94,29.71,0.286,6.9,-6.8,0.6,2.6,0.94761,1269.0,29.873,29.71,297.1,1.5576025184370315,,,,Sand,,,Sand 2,2,3.52,35.1,-2.02,-33.6
-28.46,29.96,30.35,0.289,6.9,-6.8,0.6,2.5,0.9507,1269.0,29.893,30.35,303.5,1.5527841628351133,,,,Sand,,,Sand 2,2,3.52,35.1,-2.02,-33.6
-28.48,29.98,31.29,0.295,6.9,-6.8,0.6,2.5,0.96709,1270.0,29.913,31.29,312.9,1.550156361612534,,,,Sand,,,Sand 2,2,3.52,35.1,-2.02,-33.6
-28.5,30.0,31.8,0.299,6.9,-6.8,0.6,2.5,0.97948,1271.0,29.933,31.8,318.0,1.5500669517505696,,,,Sand,,,Sand 2,2,3.52,35.1,-2.02,-33.6
-28.52,30.02,31.1,0.301,6.9,-6.8,0.6,2.4,0.98709,1272.0,29.953,31.1,311.0,1.558736532846934,,,,Sand,,,Sand 2,2,3.52,35.1,-2.02,-33.6
-28.54,30.04,30.35,0.301,6.9,-6.8,0.6,2.4,0.9916,1273.0,29.973,30.35,303.5,1.5669412778738478,,,,Sand,,,Sand 2,2,3.52,35.1,-2.02,-33.6
-28.56,30.06,29.94,0.306,7.1,-7.0,0.6,2.2,1.0172,1274.0,29.993,29.94,299.4,1.5792599040850752,,,,Sand,,,Sand 2,2,3.52,35.1,-2.02,-33.6
-28.58,30.08,29.67,0.304,6.9,-6.8,0.6,2.4,1.0234,1274.0,30.012,29.67,296.7,1.583787231775265,,,,Sand,,,Sand 2,2,3.52,35.1,-2.02,-33.6
-28.6,30.1,29.45,0.302,6.9,-6.8,0.6,2.6,1.0282,1275.0,30.032,29.45,294.5,1.587402107122692,,,,Sand,,,Sand 2,2,3.52,35.1,-2.02,-33.6
-28.62,30.12,29.24,0.299,6.9,-6.8,0.6,2.6,1.0286,1276.0,30.052,29.24,292.4,1.589494552054074,,,,Sand,,,Sand 2,2,3.52,35.1,-2.02,-33.6
-28.64,30.14,29.11,0.296,6.9,-6.8,0.6,2.5,1.029,1277.0,30.072,29.11,291.1,1.5908484341348297,,,,Sand,,,Sand 2,2,3.52,35.1,-2.02,-33.6
-28.66,30.16,28.78,0.292,6.9,-6.8,0.6,2.5,1.0258,1277.0,30.092,28.78,287.8,1.5929384137579212,,,,Sand,,,Sand 2,2,3.52,35.1,-2.02,-33.6
-28.68,30.18,28.44,0.291,6.9,-6.8,0.6,2.1,1.0334,1278.0,30.112,28.44,284.4,1.598692496497887,,,,Sand,,,Sand 2,2,3.52,35.1,-2.02,-33.6
-28.7,30.2,27.93,0.29,6.9,-6.8,0.6,3.0,1.041,1279.0,30.132,27.93,279.3,1.6061491327651907,,,,Sand,,,Sand 2,2,3.52,35.1,-2.02,-33.6
-28.72,30.22,27.51,0.291,6.9,-6.8,0.6,2.8,1.0554,1280.0,30.151,27.51,275.1,1.6149413929317453,,,,Sand,,,Sand 2,2,3.52,35.1,-2.02,-33.6
-28.74,30.24,27.26,0.29,6.9,-6.8,0.6,2.5,1.0612,1281.0,30.171,27.26,272.6,1.6193046440907641,,,,Sand,,,Sand 2,2,3.52,35.1,-2.02,-33.6
-28.76,30.26,27.01,0.286,6.9,-6.8,0.6,2.5,1.0548,1281.0,30.191,27.01,270.1,1.6198466406718985,,,,Sand,,,Sand 2,2,3.52,35.1,-2.02,-33.6
-28.78,30.28,26.82,0.281,6.9,-6.8,0.6,2.5,1.0429,1282.0,30.211,26.82,268.2,1.6180398728028766,,,,Sand,,,Sand 2,2,3.52,35.1,-2.02,-33.6
-28.8,30.3,26.83,0.277,7.1,-7.0,0.6,2.6,1.0337,1283.0,30.231,26.83,268.3,1.61499248456221,,,,Sand,,,Sand 2,2,3.52,35.1,-2.02,-33.6
-28.82,30.32,26.82,0.273,6.9,-6.8,0.6,2.5,1.0231,1284.0,30.251,26.82,268.2,1.6116782003411565,,,,Sand,,,Sand 2,2,3.52,35.1,-2.02,-33.6
-28.84,30.34,26.74,0.268,6.9,-6.8,0.6,2.5,1.0055,1284.0,30.271,26.74,267.4,1.6067763617455488,,,,Sand,,,Sand 2,2,3.52,35.1,-2.02,-33.6
-28.86,30.36,26.56,0.265,7.1,-7.0,0.6,2.5,0.99251,1285.0,30.29,26.56,265.6,1.6043948153511627,,,,Sand,,,Sand 2,2,3.52,35.1,-2.02,-33.6
-28.88,30.38,26.33,0.265,6.9,-6.8,0.6,2.5,0.98996,1286.0,30.31,26.33,263.3,1.6060135935999262,,,,Sand,,,Sand 2,2,3.52,35.1,-2.02,-33.6
-28.9,30.4,26.36,0.265,7.1,-7.0,0.6,2.5,0.98825,1287.0,30.33,26.36,263.6,1.605122094738838,,,,Sand,,,Sand 2,2,3.52,35.1,-2.02,-33.6
-28.92,30.42,26.76,0.264,7.1,-7.0,0.6,2.5,0.98645,1288.0,30.35,26.76,267.6,1.6002542003303384,,,,Sand,,,Sand 2,2,3.52,35.1,-2.02,-33.6
-28.94,30.44,27.2,0.263,6.9,-6.8,0.6,2.5,0.98784,1288.0,30.37,27.2,272.0,1.5961143786290737,,,,Sand,,,Sand 2,2,3.52,35.1,-2.02,-33.6
-28.96,30.46,27.38,0.263,7.1,-7.0,0.6,2.5,0.99687,1289.0,30.39,27.38,273.8,1.5972706568207844,,,,Sand,,,Sand 2,2,3.52,35.1,-2.02,-33.6
-28.98,30.48,27.19,0.262,6.9,-6.8,0.6,2.6,1.0073,1290.0,30.409,27.19,271.9,1.6026745840630225,,,,Sand,,,Sand 2,2,3.52,35.1,-2.02,-33.6
-29.0,30.5,26.32,0.26,7.1,-7.0,0.6,2.5,1.0199,1291.0,30.429,26.32,263.2,1.615937337795894,,,,Sand,,,Sand 2,2,3.52,35.1,-2.02,-33.6
-29.02,30.52,25.45,0.256,7.1,-7.0,0.6,2.5,1.0316,1291.0,30.449,25.45,254.5,1.6292055417369269,,,,Sand,,,Sand 2,2,3.52,35.1,-2.02,-33.6
-29.04,30.54,24.4,0.253,6.9,-6.8,0.6,2.5,1.0538,1292.0,30.469,24.4,244.0,1.6481786060550365,,,,Sand,,,Sand 2,2,3.52,35.1,-2.02,-33.6
-29.06,30.56,23.38,0.245,7.1,-7.0,0.6,2.5,1.0555,1293.0,30.489,23.38,233.8,1.660943048063835,,,,Sand,,,Sand 2,2,3.52,35.1,-2.02,-33.6
-29.08,30.58,22.62,0.237,7.1,-7.0,0.6,2.5,1.0502,1294.0,30.509,22.62,226.2,1.6688657737390942,,,,Sand,,,Sand 2,2,3.52,35.1,-2.02,-33.6
-29.1,30.6,21.78,0.231,7.1,-7.0,0.6,2.1,1.0442,1295.0,30.529,21.78,217.8,1.6780578062811895,,,,Sand,,,Sand 2,2,3.52,35.1,-2.02,-33.6
-29.12,30.62,20.92,0.216,7.1,-7.0,0.6,2.3,0.98658,1295.0,30.548,20.92,209.2,1.671922758491826,,,,Sand,,,Sand 2,2,3.52,35.1,-2.02,-33.6
-29.14,30.64,20.83,0.213,7.1,-7.0,0.6,2.6,0.96829,1296.0,30.568,20.83,208.3,1.6673228645406701,,,,Sand,,,Sand 2,2,3.52,35.1,-2.02,-33.6
-29.16,30.66,21.16,0.211,7.1,-7.0,0.6,2.5,0.94476,1297.0,30.588,21.16,211.6,1.654883040933099,,,,Sand,,,Sand 2,2,3.52,35.1,-2.02,-33.6
-29.18,30.68,21.89,0.212,7.1,-7.0,0.6,2.5,0.92718,1298.0,30.608,21.89,218.9,1.6388115000514865,,,,Sand,,,Sand 2,2,3.52,35.1,-2.02,-33.6
-29.2,30.7,22.57,0.215,7.1,-7.0,0.6,2.5,0.90909,1299.0,30.628,22.57,225.7,1.6234580248495007,,,,Sand,,,Sand 2,2,3.52,35.1,-2.02,-33.6
-29.22,30.72,24.21,0.225,7.1,-7.0,0.6,2.2,0.91594,1299.0,30.648,24.21,242.1,1.605059806774293,,,,Sand,,,Sand 2,2,3.52,35.1,-2.02,-33.6
-29.24,30.74,25.31,0.238,7.1,-7.0,0.6,3.0,0.93055,1300.0,30.667,25.31,253.1,1.5971749290342385,,,,Sand,,,Sand 2,2,3.52,35.1,-2.02,-33.6
-29.26,30.76,26.03,0.251,7.1,-7.0,0.6,2.8,0.94126,1301.0,30.687,26.03,260.3,1.592786032994743,,,,Sand,,,Sand 2,2,3.52,35.1,-2.02,-33.6
-29.28,30.78,27.2,0.267,7.1,-7.0,0.6,2.5,0.96039,1302.0,30.707,27.2,272.0,1.586820045187794,,,,Sand,,,Sand 2,2,3.52,35.1,-2.02,-33.6
-29.3,30.8,28.15,0.283,7.1,-7.0,0.6,2.5,0.97975,1302.0,30.727,28.15,281.5,1.5837501508004637,,,,Sand,,,Sand 2,2,3.52,35.1,-2.02,-33.6
-29.32,30.82,29.25,0.297,7.1,-7.0,0.6,2.5,0.99136,1303.0,30.747,29.25,292.5,1.5770168249910843,,,,Sand,,,Sand 2,2,3.52,35.1,-2.02,-33.6
-29.34,30.84,30.61,0.312,7.1,-7.0,0.6,2.5,1.0055,1304.0,30.767,30.61,306.1,1.5693128824897113,,,,Sand,,,Sand 2,2,3.52,35.1,-2.02,-33.6
-29.36,30.86,31.65,0.33,7.1,-7.0,0.6,2.5,1.0288,1305.0,30.787,31.65,316.5,1.5680608144768973,,,,Sand,,,Sand 2,2,3.52,35.1,-2.02,-33.6
-29.38,30.88,32.88,0.342,7.1,-7.0,0.6,2.5,1.0335,1306.0,30.806,32.88,328.8,1.5594426377278099,,,,Sand,,,Sand 2,2,3.52,35.1,-2.02,-33.6
-29.4,30.9,33.9,0.359,7.1,-7.0,0.6,2.5,1.0554,1306.0,30.826,33.9,339.0,1.5586246073274028,,,,Sand,,,Sand 2,2,3.52,35.1,-2.02,-33.6
-29.42,30.92,34.6,0.375,7.1,-7.0,0.6,2.5,1.0769,1307.0,30.846,34.6,346.0,1.5603084581284585,,,,Sand,,,Sand 2,2,3.52,35.1,-2.02,-33.6
-29.44,30.94,35.57,0.385,7.1,-7.0,0.6,2.5,1.0834,1308.0,30.866,35.57,355.7,1.5552819274506529,,,,Sand,,,Sand 2,2,3.52,35.1,-2.02,-33.6
-29.46,30.96,36.28,0.394,7.1,-7.0,0.6,2.5,1.0911,1309.0,30.886,36.28,362.8,1.552716620865144,,,,Sand,,,Sand 2,2,3.52,35.1,-2.02,-33.6
-29.48,30.98,36.64,0.401,7.2,-7.2,0.6,2.5,1.0967,1309.0,30.906,36.64,366.4,1.5520109769816477,,,,Sand,,,Sand 2,2,3.52,35.1,-2.02,-33.6
-29.5,31.0,37.05,0.411,7.1,-7.0,0.6,2.5,1.1143,1310.0,30.925,37.05,370.5,1.5548238115620046,,,,Sand,,,Sand 2,2,3.52,35.1,-2.02,-33.6
-29.52,31.02,37.37,0.418,6.9,-6.8,0.6,2.6,1.1293,1311.0,30.945,37.37,373.7,1.5574043712841692,,,,Sand,,,Sand 2,2,3.52,35.1,-2.02,-33.6
-29.54,31.04,37.48,0.423,7.2,-7.2,0.6,2.5,1.1433,1312.0,30.965,37.48,374.8,1.561047306979182,,,,Sand,,,Sand 2,2,3.52,35.1,-2.02,-33.6
-29.56,31.06,37.53,0.427,7.2,-7.2,0.6,2.5,1.1582,1313.0,30.985,37.53,375.3,1.5653236043524017,,,,Sand,,,Sand 2,2,3.52,35.1,-2.02,-33.6
-29.58,31.08,37.15,0.43,7.2,-7.2,0.6,2.5,1.1743,1313.0,31.005,37.15,371.5,1.5727695810291094,,,,Sand,,,Sand 2,2,3.52,35.1,-2.02,-33.6
-29.6,31.1,36.62,0.431,7.4,-7.4,0.6,2.5,1.1895,1314.0,31.025,36.62,366.2,1.580922356171401,,,,Sand,,,Sand 2,2,3.52,35.1,-2.02,-33.6
-29.62,31.12,36.15,0.435,7.3333,-6.8,0.6,2.2,1.217,1315.0,31.045,36.15,361.5,1.5922719501301585,,,,Sand,,,Sand 2,2,3.52,35.1,-2.02,-33.6
-29.64,31.14,35.59,0.424,7.2667,-6.8,0.8,2.4,1.2057,1316.0,31.064,35.59,355.9,1.5928533767309163,,,,Sand,,,Sand 2,2,3.52,35.1,-2.02,-33.6
-29.66,31.16,35.06,0.418,7.2,-7.2,0.6,2.5,1.2099,1317.0,31.084,35.06,350.6,1.5978514316852197,,,,Sand,,,Sand 2,2,3.52,35.1,-2.02,-33.6
-29.68,31.18,34.28,0.413,7.1,-7.0,0.6,2.4,1.2192,1317.0,31.104,34.28,342.8,1.6062317598467741,,,,Sand,,,Sand 2,2,3.52,35.1,-2.02,-33.6
-29.7,31.2,33.57,0.409,6.9,-6.8,0.6,2.5,1.2329,1318.0,31.124,33.57,335.7,1.615475070920518,,,,Sand,,,Sand 2,2,3.52,35.1,-2.02,-33.6
-29.72,31.22,32.92,0.403,7.1,-7.0,0.6,2.4,1.2409,1319.0,31.144,32.92,329.2,1.6227252143129345,,,,Sand,,,Sand 2,2,3.52,35.1,-2.02,-33.6
-29.74,31.24,32.19,0.394,7.1,-7.0,0.6,2.0,1.2375,1320.0,31.164,32.19,321.9,1.6274998742609272,,,,Sand,,,Sand 2,2,3.52,35.1,-2.02,-33.6
-29.76,31.26,31.24,0.393,7.2,-7.2,0.6,3.0,1.255,1321.0,31.183,31.24,312.4,1.6401249525547923,,,,Sand,,,Sand 2,2,3.52,35.1,-2.02,-33.6
-29.78,31.28,30.53,0.386,7.1,-7.0,0.6,3.0,1.2512,1321.0,31.203,30.53,305.3,1.6450267471379003,,,,Sand,,,Sand 2,2,3.52,35.1,-2.02,-33.6
-29.8,31.3,30.03,0.377,7.1,-7.0,0.6,2.8,1.238,1322.0,31.223,30.03,300.3,1.6456554650431883,,,,Sand,,,Sand 2,2,3.52,35.1,-2.02,-33.6
-29.82,31.32,29.95,0.374,7.2,-7.2,0.6,2.5,1.2397,1323.0,31.243,29.95,299.5,1.6468296089578882,,,,Sand,,,Sand 2,2,3.52,35.1,-2.02,-33.6
-29.84,31.34,30.09,0.371,7.2,-7.2,0.6,2.4,1.2342,1324.0,31.263,30.09,300.9,1.644067698648186,,,,Sand,,,Sand 2,2,3.52,35.1,-2.02,-33.6
-29.86,31.36,29.86,0.371,7.2,-7.2,0.6,2.4,1.2329,1324.0,31.283,29.86,298.6,1.6457150828727163,,,,Sand,,,Sand 2,2,3.52,35.1,-2.02,-33.6
-29.88,31.38,29.72,0.369,7.2,-7.2,0.6,2.5,1.2186,1325.0,31.303,29.72,297.2,1.6429196846600695,,,,Sand,,,Sand 2,2,3.52,35.1,-2.02,-33.6
-29.9,31.4,29.93,0.37,7.2,-7.2,0.6,2.5,1.2093,1326.0,31.322,29.93,299.3,1.6384196096248362,,,,Sand,,,Sand 2,2,3.52,35.1,-2.02,-33.6
-29.92,31.42,30.37,0.373,7.2,-7.2,0.6,2.5,1.2038,1327.0,31.342,30.37,303.7,1.6330054738646402,,,,Sand,,,Sand 2,2,3.52,35.1,-2.02,-33.6
-29.94,31.44,30.79,0.376,7.2,-7.2,0.6,2.5,1.1932,1328.0,31.362,30.79,307.9,1.6263409168417458,,,,Sand,,,Sand 2,2,3.52,35.1,-2.02,-33.6
-29.96,31.46,31.53,0.381,7.2,-7.2,0.6,2.5,1.1851,1328.0,31.382,31.53,315.3,1.6177697982619337,,,,Sand,,,Sand 2,2,3.52,35.1,-2.02,-33.6
-29.98,31.48,32.48,0.391,7.2,-7.2,0.6,2.5,1.1908,1329.0,31.402,32.48,324.79999999999995,1.6117376073459324,,,,Sand,,,Sand 2,2,3.52,35.1,-2.02,-33.6
-30.0,31.5,33.2,0.401,7.2,-7.2,0.6,2.5,1.1952,1330.0,31.422,33.2,332.0,1.607386389898253,,,,Sand,,,Sand 2,2,3.52,35.1,-2.02,-33.6
-30.02,31.52,34.08,0.417,7.2,-7.2,0.6,2.5,1.2168,1331.0,31.441,34.08,340.8,1.6070171712987624,,,,Sand,,,Sand 2,2,3.52,35.1,-2.02,-33.6
-30.04,31.54,34.81,0.432,7.2,-7.2,0.6,2.4,1.2377,1331.0,31.461,34.81,348.1,1.607697914697667,,,,Sand,,,Sand 2,2,3.52,35.1,-2.02,-33.6
-30.06,31.56,35.42,0.444,7.2,-7.2,0.6,2.4,1.2545,1332.0,31.481,35.42,354.2,1.6081505266101657,,,,Sand,,,Sand 2,2,3.52,35.1,-2.02,-33.6
-30.08,31.58,36.09,0.451,7.2,-7.2,0.6,2.5,1.2607,1333.0,31.501,36.09,360.9,1.605265742722931,,,,Sand,,,Sand 2,2,3.52,35.1,-2.02,-33.6
-30.1,31.6,36.56,0.458,7.2,-7.2,0.6,2.5,1.2702,1334.0,31.521,36.56,365.6,1.6047663805413352,,,,Sand,,,Sand 2,2,3.52,35.1,-2.02,-33.6
-30.12,31.62,36.59,0.46,7.2,-7.2,0.6,2.5,1.2682,1335.0,31.541,36.59,365.9,1.604000479813256,,,,Sand,,,Sand 2,2,3.52,35.1,-2.02,-33.6
-30.14,31.64,36.38,0.467,7.2,-7.2,0.6,2.5,1.2799,1335.0,31.56,36.38,363.8,1.6087034774964675,,,,Sand,,,Sand 2,2,3.52,35.1,-2.02,-33.6
-30.16,31.66,36.27,0.475,7.2,-7.2,0.6,2.2,1.2968,1336.0,31.58,36.27,362.7,1.6141481011929348,,,,Sand,,,Sand 2,2,3.52,35.1,-2.02,-33.6
-30.18,31.68,36.34,0.473,7.2,-7.2,0.6,2.4,1.2889,1337.0,31.6,36.34,363.4,1.6114846482140206,,,,Sand,,,Sand 2,2,3.52,35.1,-2.02,-33.6
-30.2,31.7,36.52,0.472,7.4,-7.4,0.6,2.6,1.2818,1338.0,31.62,36.52,365.2,1.6082932156719423,,,,Sand,,,Sand 2,2,3.52,35.1,-2.02,-33.6
-30.22,31.72,37.14,0.464,7.6,-7.6,0.6,2.5,1.2552,1339.0,31.64,37.14,371.4,1.5966491159127503,,,,Sand,,,Sand 2,2,3.52,35.1,-2.02,-33.6
-30.24,31.74,37.24,0.456,7.5333,-7.2,0.4,2.5,1.2277,1340.0,31.66,37.24,372.4,1.5880510519466318,,,,Sand,,,Sand 2,2,3.52,35.1,-2.02,-33.6
-30.26,31.76,37.11,0.451,7.4667,-7.4,0.6,2.4,1.2083,1340.0,31.679,37.11,371.1,1.5832168793971997,,,,Sand,,,Sand 2,2,3.52,35.1,-2.02,-33.6
-30.28,31.78,37.59,0.46,7.4,-6.8,0.6,2.0,1.2279,1341.0,31.699,37.59,375.9,1.5858131356214291,,,,Sand,,,Sand 2,2,3.52,35.1,-2.02,-33.6
-30.3,31.8,37.53,0.47,7.4,-7.2,0.6,2.7,1.2552,1342.0,31.719,37.53,375.3,1.5940958406440657,,,,Sand,,,Sand 2,2,3.52,35.1,-2.02,-33.6
-30.32,31.82,37.68,0.468,7.4,-7.4,0.4,3.0,1.2568,1343.0,31.739,37.68,376.8,1.5935811765571253,,,,Sand,,,Sand 2,2,3.52,35.1,-2.02,-33.6
-30.34,31.84,37.79,0.468,7.6,-7.6,0.4,2.8,1.2667,1343.0,31.759,37.79,377.9,1.5956948067791172,,,,Sand,,,Sand 2,2,3.52,35.1,-2.02,-33.6
-30.36,31.86,37.63,0.461,7.6,-7.2,0.6,2.5,1.2629,1344.0,31.779,37.63,376.3,1.5956456284636191,,,,Sand,,,Sand 2,2,3.52,35.1,-2.02,-33.6
-30.38,31.88,36.98,0.458,7.6,-7.2,0.6,2.5,1.2716,1345.0,31.798,36.98,369.8,1.602363254385438,,,,Sand,,,Sand 2,2,3.52,35.1,-2.02,-33.6
-30.4,31.9,35.58,0.45,7.6,-7.6,0.6,2.5,1.2681,1346.0,31.818,35.58,355.8,1.6108748272634403,,,,Sand,,,Sand 2,2,3.52,35.1,-2.02,-33.6
-30.42,31.92,34.79,0.445,7.4,-7.4,0.6,2.5,1.2752,1347.0,31.838,34.79,347.9,1.618442065094065,,,,Sand,,,Sand 2,2,3.52,35.1,-2.02,-33.6
-30.44,31.94,34.05,0.438,7.6,-7.6,0.6,2.4,1.2764,1347.0,31.858,34.05,340.5,1.6241506351107844,,,,Sand,,,Sand 2,2,3.52,35.1,-2.02,-33.6
-30.46,31.96,33.63,0.424,7.4,-7.4,0.6,2.5,1.2536,1348.0,31.878,33.63,336.3,1.6208970690712499,,,,Sand,,,Sand 2,2,3.52,35.1,-2.02,-33.6
-30.48,31.98,33.43,0.412,7.4,-7.4,0.6,2.5,1.2257,1349.0,31.898,33.43,334.3,1.614474271246211,,,,Sand,,,Sand 2,2,3.52,35.1,-2.02,-33.6
-30.5,32.0,33.08,0.404,7.4,-7.4,0.6,2.5,1.2014,1350.0,31.917,33.08,330.8,1.6101284627266552,,,,Sand,,,Sand 2,2,3.52,35.1,-2.02,-33.6
-30.520000000000003,32.02,32.98,0.395,7.2,-7.2,0.6,2.5,1.1652,1350.0,31.937,32.98,329.8,1.6002040517613887,,,,Sand,,,Sand 2,2,3.52,35.1,-2.02,-33.6
-30.54,32.04,33.05,0.393,7.4,-7.4,0.6,2.5,1.1431,1351.0,31.957,33.05,330.5,1.5929765192143355,,,,Sand,,,Sand 2,2,3.52,35.1,-2.02,-33.6
-30.560000000000002,32.06,33.9,0.394,7.4,-7.4,0.6,2.5,1.1271,1352.0,31.977,33.9,339.0,1.5814907780052556,,,,Sand,,,Sand 2,2,3.52,35.1,-2.02,-33.6
-30.58,32.08,34.9,0.397,7.4,-7.4,0.6,2.5,1.1153,1353.0,31.997,34.9,349.0,1.5703293971966408,,,,Sand,,,Sand 2,2,3.52,35.1,-2.02,-33.6
-30.6,32.1,36.22,0.403,7.4,-7.4,0.4,2.5,1.1145,1354.0,32.017,36.22,362.2,1.560611048600477,,,,Sand,,,Sand 2,2,3.52,35.1,-2.02,-33.6
-30.619999999999997,32.12,37.48,0.406,7.2,-7.2,0.6,2.4,1.1082,1354.0,32.036,37.48,374.8,1.5499787881076703,,,,Sand,,,Sand 2,2,3.52,35.1,-2.02,-33.6
-30.64,32.14,38.04,0.409,7.6,-7.6,0.6,2.5,1.107,1355.0,32.056,38.04,380.4,1.5458787664319578,,,,Sand,,,Sand 2,2,3.52,35.1,-2.02,-33.6
-30.659999999999997,32.16,38.19,0.412,7.4667,-7.0,0.4,2.5,1.1106,1356.0,32.076,38.19,381.9,1.546049683281103,,,,Sand,,,Sand 2,2,3.52,35.1,-2.02,-33.6
-30.68,32.18,37.5,0.421,7.3333,-7.4,0.6,2.5,1.1356,1357.0,32.096,37.5,375.0,1.558512030378566,,,,Sand,,,Sand 2,2,3.52,35.1,-2.02,-33.6
-30.700000000000003,32.2,36.85,0.428,7.2,-7.2,0.6,2.2,1.1604,1358.0,32.116,36.85,368.5,1.57055474279948,,,,Sand,,,Sand 2,2,3.52,35.1,-2.02,-33.6
-30.72,32.22,36.4,0.425,7.6,-7.6,0.4,2.4,1.1612,1359.0,32.136,36.4,364.0,1.5738750786669427,,,,Sand,,,Sand 2,2,3.52,35.1,-2.02,-33.6
-30.740000000000002,32.24,36.1,0.421,7.8,-7.8,0.6,2.6,1.1587,1359.0,32.155,36.1,361.0,1.5751903546238935,,,,Sand,,,Sand 2,2,3.52,35.1,-2.02,-33.6
-30.759999999999998,32.26,36.02,0.416,7.6,-7.6,0.6,2.5,1.151,1360.0,32.175,36.02,360.2,1.5733900919111656,,,,Sand,,,Sand 2,2,3.52,35.1,-2.02,-33.6
-30.78,32.28,35.98,0.413,7.6,-7.6,0.4,2.5,1.1468,1361.0,32.195,35.98,359.8,1.5723781158744818,,,,Sand,,,Sand 2,2,3.52,35.1,-2.02,-33.6
-30.799999999999997,32.3,35.75,0.411,7.8,-7.8,0.6,2.4,1.1439,1362.0,32.215,35.75,357.5,1.5731048406001258,,,,Sand,,,Sand 2,2,3.52,35.1,-2.02,-33.6
-30.82,32.32,36.07,0.413,7.7333,-7.2,0.6,2.0,1.1511,1363.0,32.235,36.07,360.7,1.573071143465322,,,,Sand,,,Sand 2,2,3.52,35.1,-2.02,-33.6
-30.840000000000003,32.34,35.96,0.415,7.6667,-7.4,0.4,2.7,1.1584,1363.0,32.255,35.96,359.6,1.5760769097164822,,,,Sand,,,Sand 2,2,3.52,35.1,-2.02,-33.6
-30.86,32.36,35.82,0.414,7.6,-7.6,0.6,3.0,1.1578,1364.0,32.274,35.82,358.2,1.576876985969619,,,,Sand,,,Sand 2,2,3.52,35.1,-2.02,-33.6
-30.880000000000003,32.38,35.74,0.413,7.4,-7.4,0.4,2.8,1.1567,1365.0,32.294,35.74,357.4,1.577105271936417,,,,Sand,,,Sand 2,2,3.52,35.1,-2.02,-33.6
-30.9,32.4,35.69,0.412,7.4,-7.4,0.6,2.6,1.1579,1365.0,32.314,35.69,356.9,1.5778251523434637,,,,Sand,,,Sand 2,2,3.52,35.1,-2.02,-33.6
-30.92,32.42,35.58,0.408,7.6,-7.6,0.6,2.5,1.1506,1366.0,32.334,35.58,355.8,1.5763723413802238,,,,Sand,,,Sand 2,2,3.52,35.1,-2.02,-33.6
-30.939999999999998,32.44,35.46,0.404,7.6,-7.6,0.6,2.5,1.1423,1367.0,32.354,35.46,354.6,1.5746755167154696,,,,Sand,,,Sand 2,2,3.52,35.1,-2.02,-33.6
-30.96,32.46,35.31,0.405,7.8,-7.8,0.6,2.6,1.145,1368.0,32.373,35.31,353.1,1.5765836774582402,,,,Sand,,,Sand 2,2,3.52,35.1,-2.02,-33.6
-30.979999999999997,32.48,35.1,0.405,7.6,-7.6,0.6,2.4,1.1413,1369.0,32.393,35.1,351.0,1.576961388877394,,,,Sand,,,Sand 2,2,3.52,35.1,-2.02,-33.6
-31.0,32.5,34.98,0.403,7.6,-7.6,0.6,2.5,1.1282,1369.0,32.413,34.98,349.8,1.5737776618970687,,,,Sand,,,Sand 2,2,3.52,35.1,-2.02,-33.6
-31.020000000000003,32.52,35.07,0.405,7.4,-7.4,0.6,2.5,1.1269,1370.0,32.433,35.07,350.7,1.5727162027139783,,,,Sand,,,Sand 2,2,3.52,35.1,-2.02,-33.6
-31.04,32.54,35.77,0.411,7.4,-7.4,0.6,2.5,1.1374,1371.0,32.453,35.77,357.7,1.5709526052780105,,,,Sand,,,Sand 2,2,3.52,35.1,-2.02,-33.6
-31.060000000000002,32.56,36.61,0.413,7.4,-7.4,0.4,2.5,1.1376,1372.0,32.473,36.61,366.1,1.5651552218206422,,,,Sand,,,Sand 2,2,3.52,35.1,-2.02,-33.6
-31.08,32.58,37.47,0.416,7.2,-7.2,0.6,2.5,1.1408,1373.0,32.492,37.47,374.7,1.5603355603415443,,,,Sand,,,Sand 2,2,3.52,35.1,-2.02,-33.6
-31.1,32.6,37.21,0.417,7.4,-7.4,0.4,2.5,1.1391,1373.0,32.512,37.21,372.1,1.5615451292705662,,,,Sand,,,Sand 2,2,3.52,35.1,-2.02,-33.6
-31.119999999999997,32.62,36.87,0.418,7.6,-7.6,0.6,2.5,1.1398,1374.0,32.532,36.87,368.7,1.5640622840920588,,,,Sand,,,Sand 2,2,3.52,35.1,-2.02,-33.6
-31.14,32.64,36.45,0.422,7.6,-7.2,0.6,2.5,1.1485,1375.0,32.552,36.45,364.5,1.569633316461904,,,,Sand,,,Sand 2,2,3.52,35.1,-2.02,-33.6
-31.159999999999997,32.66,36.27,0.427,7.6,-7.6,0.6,2.4,1.1577,1376.0,32.572,36.27,362.7,1.573703412409754,,,,Sand,,,Sand 2,2,3.52,35.1,-2.02,-33.6
-31.18,32.68,36.22,0.434,7.6,-7.6,0.6,2.4,1.1638,1376.0,32.592,36.22,362.2,1.57591182254372,,,,Sand,,,Sand 2,2,3.52,35.1,-2.02,-33.6
-31.200000000000003,32.7,36.29,0.438,7.4,-7.4,0.6,2.4,1.1564,1377.0,32.611,36.29,362.9,1.5731669065658385,,,,Sand,,,Sand 2,2,3.52,35.1,-2.02,-33.6
-31.22,32.72,37.18,0.443,7.6,-7.6,0.6,2.2,1.1487,1378.0,32.631,37.18,371.8,1.5647275144763853,,,,Sand,,,Sand 2,2,3.52,35.1,-2.02,-33.6
-31.240000000000002,32.74,38.59,0.445,7.6,-7.6,0.6,2.4,1.1333,1379.0,32.651,38.59,385.9,1.550668150323804,,,,Sand,,,Sand 2,2,3.52,35.1,-2.02,-33.6
-31.259999999999998,32.76,40.47,0.441,7.7,-7.6,0.8,2.5,1.1019,1380.0,32.671,40.47,404.7,1.5289022196450432,,,,Sand,,,Sand 2,2,3.52,35.1,-2.02,-33.6
-31.28,32.78,41.55,0.445,7.6,-7.2,0.6,2.5,1.0899,1381.0,32.691,41.55,415.5,1.5185362979687802,,,,Sand,,,Sand 2,2,3.52,35.1,-2.02,-33.6
-31.299999999999997,32.8,41.94,0.459,7.5,-7.6,0.6,2.5,1.1061,1381.0,32.711,41.94,419.4,1.5215830080144002,,,,Sand,,,Sand 2,2,3.52,35.1,-2.02,-33.6
-31.32,32.82,41.89,0.467,7.4,-7.4,0.6,2.6,1.1122,1382.0,32.73,41.89,418.9,1.5238556210519805,,,,Sand,,,Sand 2,2,3.52,35.1,-2.02,-33.6
-31.340000000000003,32.84,42.25,0.482,7.8,-7.8,0.6,2.1,1.1409,1383.0,32.75,42.25,422.5,1.531009444436293,,,,Sand,,,Sand 2,2,3.52,35.1,-2.02,-33.6
-31.36,32.86,42.76,0.493,7.6,-7.6,0.6,2.2,1.1625,1384.0,32.77,42.76,427.6,1.5349569415021016,,,,Sand,,,Sand 2,2,3.52,35.1,-2.02,-33.6
-31.380000000000003,32.88,42.52,0.503,7.4,-7.4,0.6,2.8,1.1827,1385.0,32.79,42.52,425.2,1.5425595716788902,,,,Sand,,,Sand 2,2,3.52,35.1,-2.02,-33.6
-31.4,32.9,42.52,0.514,7.6,-7.6,0.4,2.8,1.2068,1385.0,32.81,42.52,425.2,1.5499095996920798,,,,Sand,,,Sand 2,2,3.52,35.1,-2.02,-33.6
-31.42,32.92,42.56,0.517,7.4,-7.4,0.4,2.6,1.2152,1386.0,32.83,42.56,425.6,1.552219074829698,,,,Sand,,,Sand 2,2,3.52,35.1,-2.02,-33.6
-31.439999999999998,32.94,42.82,0.517,7.6,-7.6,0.4,2.5,1.2212,1387.0,32.849,42.82,428.2,1.5525875327828877,,,,Sand,,,Sand 2,2,3.52,35.1,-2.02,-33.6
-31.46,32.96,42.91,0.529,7.8,-7.8,0.4,2.5,1.2602,1388.0,32.869,42.91,429.1,1.5636075752749126,,,,Sand,,,Sand 2,2,3.52,35.1,-2.02,-33.6
-31.479999999999997,32.98,42.4,0.539,7.6,-7.6,0.6,2.5,1.304,1388.0,32.889,42.4,424.0,1.5789232235038344,,,,Sand,,,Sand 2,2,3.52,35.1,-2.02,-33.6
-31.5,33.0,41.86,0.54,7.6,-7.2,0.6,2.7,1.3341,1389.0,32.909,41.86,418.6,1.590275556406687,,,,Sand,,,Sand 2,2,3.52,35.1,-2.02,-33.6
-31.520000000000003,33.02,41.08,0.53,7.6,-7.8,0.4,2.5,1.3443,1390.0,32.929,41.08,410.8,1.5974388344200197,,,,Sand,,,Sand 2,2,3.52,35.1,-2.02,-33.6
-31.54,33.04,39.67,0.518,7.6,-7.6,0.6,2.5,1.3523,1391.0,32.948,39.67,396.7,1.6077862162387069,,,,Sand,,,Sand 2,2,3.52,35.1,-2.02,-33.6
-31.560000000000002,33.06,37.37,0.499,7.6,-7.6,0.6,2.4,1.3387,1392.0,32.968,37.37,373.7,1.618338840225849,,,,Sand,,,Sand 2,2,3.52,35.1,-2.02,-33.6
-31.58,33.08,35.7,0.464,7.8,-7.8,0.6,2.4,1.2793,1392.0,32.988,35.7,357.0,1.6131811280174906,,,,Sand,,,Sand 2,2,3.52,35.1,-2.02,-33.6
-31.6,33.1,34.42,0.447,7.6,-7.6,0.6,2.5,1.2685,1393.0,33.008,34.42,344.2,1.6192404490831458,,,,Sand,,,Sand 2,2,3.52,35.1,-2.02,-33.6
-31.619999999999997,33.12,33.93,0.421,7.6,-7.6,0.6,2.5,1.2283,1394.0,33.028,33.93,339.3,1.6114530189825322,,,,Sand,,,Sand 2,2,3.52,35.1,-2.02,-33.6
-31.64,33.14,34.16,0.386,8.0,-8.0,0.6,2.5,1.1543,1395.0,33.048,34.16,341.6,1.5878728009501566,,,,Sand,,,Sand 2,2,3.52,35.1,-2.02,-33.6
-31.659999999999997,33.16,33.83,0.343,7.8,-7.8,0.6,2.5,1.048,1396.0,33.067,33.83,338.3,1.5567301766385695,,,,Sand,,,Sand 2,2,3.52,35.1,-2.02,-33.6
-31.68,33.18,32.83,0.307,7.6,-7.6,0.6,2.6,0.95527,1396.0,33.087,32.83,328.3,1.532939000344945,,,,Sand,,,Sand 2,2,3.52,35.1,-2.02,-33.6
-31.700000000000003,33.2,31.97,0.285,7.8,-7.8,0.6,2.5,0.90279,1397.0,33.107,31.97,319.7,1.5210936727056161,,,,Sand,,,Sand 2,2,3.52,35.1,-2.02,-33.6
-31.72,33.22,30.67,0.279,7.8,-7.8,0.6,2.5,0.9,1398.0,33.127,30.67,306.7,1.5315669326924584,,,,Sand,,,Sand 2,2,3.52,35.1,-2.02,-33.6
-31.740000000000002,33.24,30.03,0.271,7.6,-7.6,0.6,2.4,0.88722,1399.0,33.147,30.03,300.3,1.5327242383281412,,,,Sand,,,Sand 2,2,3.52,35.1,-2.02,-33.6
-31.759999999999998,33.26,29.68,0.265,7.8,-7.8,0.6,2.1,0.87246,1400.0,33.166,29.68,296.8,1.5304928784467602,,,,Sand,,,Sand 2,2,3.52,35.1,-2.02,-33.6
-31.78,33.28,29.38,0.247,7.8,-7.8,0.6,2.3,0.81337,1400.0,33.186,29.38,293.8,1.5104474551272238,,,,Sand,,,Sand 2,2,3.52,35.1,-2.02,-33.6
-31.799999999999997,33.3,29.61,0.238,7.8,-7.8,0.6,2.5,0.78052,1401.0,33.206,29.61,296.1,1.4948322640060996,,,,Sand,,,Sand 2,2,3.52,35.1,-2.02,-33.6
-31.82,33.32,30.19,0.23,7.8,-7.8,0.6,2.5,0.74925,1402.0,33.226,30.19,301.9,1.4760009418389237,,,,Sand,,,Sand 2,2,3.52,35.1,-2.02,-33.6
-31.840000000000003,33.34,31.46,0.227,7.8,-7.8,0.6,2.5,0.73143,1403.0,33.246,31.46,314.6,1.4562567436150133,,,,Sand,,,Sand 2,2,3.52,35.1,-2.02,-33.6
-31.86,33.36,31.92,0.224,7.8,-7.8,0.6,2.6,0.71335,1404.0,33.266,31.92,319.2,1.443957453167002,,,,Sand,,,Sand 2,2,3.52,35.1,-2.02,-33.6
-31.880000000000003,33.38,31.67,0.224,7.8,-7.8,0.6,2.1,0.70623,1404.0,33.285,31.67,316.7,1.4430138857277015,,,,Sand,,,Sand 2,2,3.52,35.1,-2.02,-33.6
-31.9,33.4,31.67,0.229,7.8,-7.8,0.6,2.7,0.71739,1405.0,33.305,31.67,316.7,1.4480651513225105,,,,Sand,,,Sand 2,2,3.52,35.1,-2.02,-33.6
-31.92,33.42,32.38,0.235,7.8,-7.8,0.6,3.1,0.73521,1406.0,33.325,32.38,323.8,1.4496062490758372,,,,Sand,,,Sand 2,2,3.52,35.1,-2.02,-33.6
-31.939999999999998,33.44,32.31,0.236,7.8,-7.8,0.6,2.8,0.73566,1407.0,33.345,32.31,323.1,1.4504277620575068,,,,Sand,,,Sand 2,2,3.52,35.1,-2.02,-33.6
-31.96,33.46,32.14,0.242,7.8,-7.8,0.6,2.5,0.74795,1407.0,33.365,32.14,321.4,1.4573393028330535,,,,Sand,,,Sand 2,2,3.52,35.1,-2.02,-33.6
-31.979999999999997,33.48,31.82,0.248,7.8,-7.8,0.6,2.5,0.75639,1408.0,33.384,31.82,318.2,1.463868585869966,,,,Sand,,,Sand 2,2,3.52,35.1,-2.02,-33.6
-32.0,33.5,31.8,0.253,7.8,-7.8,0.6,2.5,0.76213,1409.0,33.404,31.8,318.0,1.4665146849503405,,,,Sand,,,Sand 2,2,3.52,35.1,-2.02,-33.6
-32.02,33.52,32.85,0.256,7.8,-7.8,0.6,2.5,0.76038,1410.0,33.424,32.85,328.5,1.4564900834199872,,,,Sand,,,Sand 2,2,3.52,35.1,-2.02,-33.6
-32.04,33.54,33.87,0.257,7.8,-7.8,0.6,2.6,0.75083,1410.0,33.444,33.87,338.7,1.4436616289000452,,,,Sand,,,Sand 2,2,3.52,35.1,-2.02,-33.6
-32.06,33.56,35.13,0.257,7.8,-7.8,0.6,2.5,0.73655,1411.0,33.464,35.13,351.3,1.4270177224054035,,,,Sand,,,Sand 2,2,3.52,35.1,-2.02,-33.6
-32.08,33.58,35.65,0.255,7.8,-7.8,0.6,2.5,0.71659,1412.0,33.484,35.65,356.5,1.4137969692195995,,,,Sand,,,Sand 2,2,3.52,35.1,-2.02,-33.6
-32.1,33.6,36.08,0.254,7.8,-7.8,0.6,2.5,0.70219,1413.0,33.503,36.08,360.8,1.403712181742848,,,,Sand,,,Sand 2,2,3.52,35.1,-2.02,-33.6
-32.12,33.62,36.63,0.26,8.0,-8.0,0.6,2.5,0.71097,1414.0,33.523,36.63,366.3,1.4035657046092902,,,,Sand,,,Sand 2,2,3.52,35.1,-2.02,-33.6
-32.14,33.64,37.13,0.265,7.8,-7.8,0.6,2.5,0.72232,1414.0,33.543,37.13,371.3,1.4050454808628636,,,,Sand,,,Sand 2,2,3.52,35.1,-2.02,-33.6
-32.16,33.66,37.34,0.264,7.8,-7.8,0.6,2.5,0.72311,1415.0,33.563,37.34,373.4,1.4038422382765465,,,,Sand,,,Sand 2,2,3.52,35.1,-2.02,-33.6
-32.18,33.68,37.55,0.265,8.0,-8.0,0.6,2.5,0.73407,1416.0,33.583,37.55,375.5,1.4073198723898965,,,,Sand,,,Sand 2,2,3.52,35.1,-2.02,-33.6
-32.2,33.7,37.05,0.266,8.0,-8.0,0.6,2.5,0.74829,1417.0,33.602,37.05,370.5,1.4174525470066153,,,,Sand,,,Sand 2,2,3.52,35.1,-2.02,-33.6
-32.22,33.72,36.07,0.267,8.0,-8.0,0.6,2.6,0.76565,1417.0,33.622,36.07,360.7,1.4325449520984337,,,,Sand,,,Sand 2,2,3.52,35.1,-2.02,-33.6
-32.24,33.74,34.22,0.269,7.8,-7.8,0.6,2.5,0.79071,1418.0,33.642,34.22,342.2,1.457921272953504,,,,Sand,,,Sand 2,2,3.52,35.1,-2.02,-33.6
-32.26,33.76,32.81,0.268,8.0,-8.0,0.6,2.5,0.81175,1419.0,33.662,32.81,328.1,1.4784109165236232,,,,Sand,,,Sand 2,2,3.52,35.1,-2.02,-33.6
-32.28,33.78,32.21,0.27,8.0,-8.0,0.6,2.5,0.84504,1420.0,33.682,32.21,322.1,1.4969266216464363,,,,Sand,,,Sand 2,2,3.52,35.1,-2.02,-33.6
-32.3,33.8,31.73,0.264,8.0,-8.0,0.6,2.2,0.85503,1421.0,33.701,31.73,317.3,1.5050286570636753,,,,Sand,,,Sand 2,2,3.52,35.1,-2.02,-33.6
-32.32,33.82,30.52,0.257,8.0,-8.0,0.6,2.3,0.85799,1422.0,33.721,30.52,305.2,1.5170909319763661,,,,Sand,,,Sand 2,2,3.52,35.1,-2.02,-33.6
-32.34,33.84,29.51,0.248,8.0,-8.0,0.6,2.5,0.85081,1422.0,33.741,29.51,295.1,1.5238689435726342,,,,Sand,,,Sand 2,2,3.52,35.1,-2.02,-33.6
-32.36,33.86,28.54,0.241,8.0,-8.0,0.6,2.5,0.84953,1423.0,33.761,28.54,285.4,1.5329433714133256,,,,Sand,,,Sand 2,2,3.52,35.1,-2.02,-33.6
-32.38,33.88,27.47,0.234,8.0,-8.0,0.6,2.5,0.84664,1424.0,33.781,27.47,274.7,1.5428755494282909,,,,Sand,,,Sand 2,2,3.52,35.1,-2.02,-33.6
-32.4,33.9,26.84,0.224,8.0,-8.0,0.6,2.6,0.82867,1425.0,33.8,26.84,268.4,1.5427399532158557,,,,Sand,,,Sand 2,2,3.52,35.1,-2.02,-33.6
-32.42,33.92,26.37,0.208,8.0,-8.0,0.6,2.1,0.78465,1426.0,33.82,26.37,263.7,1.530579138158773,,,,Sand,,,Sand 2,2,3.52,35.1,-2.02,-33.6
-32.44,33.94,25.97,0.197,8.0,-8.0,0.6,2.7,0.75588,1426.0,33.84,25.97,259.7,1.5233969077208263,,,,Sand,,,Sand 2,2,3.52,35.1,-2.02,-33.6
-32.46,33.96,25.89,0.188,8.0,-8.0,0.6,3.0,0.72942,1427.0,33.86,25.89,258.9,1.5132119779509976,,,,Sand,,,Sand 2,2,3.52,35.1,-2.02,-33.6
-32.48,33.98,25.66,0.182,8.0,-8.0,0.6,2.8,0.71226,1428.0,33.88,25.66,256.6,1.5085522598533054,,,,Sand,,,Sand 2,2,3.52,35.1,-2.02,-33.6
-32.5,34.0,25.33,0.169,8.0,-8.0,0.6,2.5,0.66808,1428.0,33.899,25.33,253.3,1.4929167564165535,,,,Sand,,,Sand 2,2,3.52,35.1,-2.02,-33.6
-32.52,34.02,24.97,0.163,8.0,-8.0,0.6,2.5,0.6522,1429.0,33.919,24.97,249.7,1.4900921485800696,,,,Sand,,,Sand 2,2,3.52,35.1,-2.02,-33.6
-32.54,34.04,25.16,0.163,8.0,-8.0,0.6,2.5,0.66153,1430.0,33.939,25.16,251.6,1.4920198040809645,,,,Sand,,,Sand 2,2,3.52,35.1,-2.02,-33.6
-32.56,34.06,25.07,0.163,8.0,-8.0,0.6,2.5,0.67189,1431.0,33.959,25.07,250.7,1.497846424968528,,,,Sand,,,Sand 2,2,3.52,35.1,-2.02,-33.6
-32.58,34.08,24.32,0.163,8.0,-8.0,0.6,2.5,0.68115,1432.0,33.979,24.32,243.2,1.5114414622380759,,,,Sand,,,Sand 2,2,3.52,35.1,-2.02,-33.6
-32.6,34.1,23.54,0.165,8.0,-8.0,0.6,2.5,0.69642,1432.0,33.998,23.54,235.4,1.5283076641807074,,,,Sand,,,Sand 2,2,3.52,35.1,-2.02,-33.6
-32.62,34.12,23.07,0.175,8.0,-8.0,0.6,2.5,0.74547,1433.0,34.018,23.07,230.7,1.555232235412394,,,,Sand,,,Sand 2,2,3.52,35.1,-2.02,-33.6
-32.64,34.14,22.62,0.176,8.0,-8.0,0.6,2.5,0.75662,1434.0,34.038,22.62,226.2,1.565850955474103,,,,Sand,,,Sand 2,2,3.52,35.1,-2.02,-33.6
-32.66,34.16,22.69,0.176,8.0,-8.0,0.6,2.5,0.76018,1435.0,34.058,22.69,226.9,1.5663274807421719,,,,Sand,,,Sand 2,2,3.52,35.1,-2.02,-33.6
-32.68,34.18,23.07,0.185,8.0,-8.0,0.6,2.5,0.79935,1435.0,34.078,23.07,230.7,1.5766679906294718,,,,Sand,,,Sand 2,2,3.52,35.1,-2.02,-33.6
-32.7,34.2,23.42,0.189,8.0,-8.0,0.6,2.4,0.81395,1436.0,34.098,23.42,234.2,1.5777072708452453,,,,Sand,,,Sand 2,2,3.52,35.1,-2.02,-33.6
-32.72,34.22,23.36,0.189,8.0,-8.0,0.6,2.4,0.80769,1437.0,34.117,23.36,233.6,1.5760846153294539,,,,Sand,,,Sand 2,2,3.52,35.1,-2.02,-33.6
-32.74,34.24,23.45,0.187,8.0,-8.0,0.6,2.5,0.79061,1438.0,34.137,23.45,234.5,1.5682874316483175,,,,Sand,,,Sand 2,2,3.52,35.1,-2.02,-33.6
-32.76,34.26,23.47,0.188,8.0,-8.0,0.6,2.6,0.78386,1439.0,34.157,23.47,234.7,1.5653750055810063,,,,Sand,,,Sand 2,2,3.52,35.1,-2.02,-33.6
-32.78,34.28,23.68,0.19,8.0,-8.0,0.6,2.5,0.77889,1439.0,34.177,23.68,236.8,1.5606917206222186,,,,Sand,,,Sand 2,2,3.52,35.1,-2.02,-33.6
-32.8,34.3,24.06,0.194,8.0,-8.0,0.6,2.3,0.77584,1440.0,34.197,24.06,240.6,1.5546290498479773,,,,Sand,,,Sand 2,2,3.52,35.1,-2.02,-33.6
-32.82,34.32,24.71,0.21,8.2,-8.2,0.6,2.2,0.81431,1441.0,34.216,24.71,247.1,1.561694151315913,,,,Sand,,,Sand 2,2,3.52,35.1,-2.02,-33.6
-32.84,34.34,25.72,0.22,8.0,-8.0,0.6,2.5,0.82063,1442.0,34.236,25.72,257.2,1.5521971300129254,,,,Sand,,,Sand 2,2,3.52,35.1,-2.02,-33.6
-32.86,34.36,26.7,0.237,8.0,-8.0,0.6,2.5,0.8492,1443.0,34.256,26.7,267.0,1.5521252186675476,,,,Sand,,,Sand 2,2,3.52,35.1,-2.02,-33.6
-32.88,34.38,28.25,0.249,8.2,-8.2,0.6,2.5,0.85516,1444.0,34.276,28.25,282.5,1.5380300898884847,,,,Sand,,,Sand 2,2,3.52,35.1,-2.02,-33.6
-32.9,34.4,29.72,0.329,8.0,-8.0,0.6,2.4,1.0833,1444.0,34.296,29.72,297.2,1.6025935521719432,,,,Sand,,,Sand 2,2,3.52,35.1,-2.02,-33.6
-32.92,34.42,31.63,0.367,8.0,-8.0,0.8,2.0,1.1537,1445.0,34.315,31.63,316.3,1.6076286147165109,,,,Sand,,,Sand 2,2,3.52,35.1,-2.02,-33.6
-32.94,34.44,32.48,0.34,8.2,-8.2,0.6,2.7,1.025,1446.0,34.335,32.48,324.79999999999995,1.5598657265529632,,,,Sand,,,Sand 2,2,3.52,35.1,-2.02,-33.6
-32.96,34.46,33.73,0.294,8.2,-8.2,0.8,2.9,0.85611,1447.0,34.355,33.73,337.3,1.488508523020024,,,,Sand,,,Sand 2,2,3.52,35.1,-2.02,-33.6
-32.98,34.48,34.74,0.294,8.2,-8.2,0.6,2.8,0.81988,1447.0,34.375,34.74,347.4,1.4658604844797063,,,,Sand,,,Sand 2,2,3.52,35.1,-2.02,-33.6
-33.0,34.5,37.23,0.294,8.2,-8.2,0.8,2.5,0.79465,1448.0,34.395,37.23,372.3,1.4363799468689924,,,,Sand,,,Sand 2,2,3.52,35.1,-2.02,-33.6
-33.02,34.52,37.58,0.294,8.2,-8.2,0.8,2.5,0.77084,1449.0,34.414,37.58,375.8,1.4235421342359194,,,,Sand,,,Sand 2,2,3.52,35.1,-2.02,-33.6
-33.04,34.54,37.62,0.282,8.3,-8.2,1.0,2.5,0.72164,1450.0,34.434,37.62,376.2,1.4010891659129894,,,,Sand,,,Sand 2,2,3.52,35.1,-2.02,-33.6
-33.06,34.56,41.86,0.285,8.1,-8.0,1.2,2.6,0.71275,1451.0,34.454,41.86,418.6,1.3677129988778158,,,,Sand,,,Sand 2,2,3.52,35.1,-2.02,-33.6
-33.08,34.58,40.74,0.286,8.1,-8.0,1.0,2.3,0.70363,1451.0,34.474,40.74,407.4,1.3706888030313658,,,,Sand,,,Sand 2,2,3.52,35.1,-2.02,-33.6
-33.1,34.6,41.62,0.329,8.0,-8.0,0.6,2.4,0.7976,1452.0,34.494,41.62,416.2,1.407866780037574,,,,Sand,,,Sand 2,2,3.52,35.1,-2.02,-33.6
-33.12,34.62,41.23,0.361,8.2,-8.2,0.6,2.5,0.86327,1453.0,34.513,41.23,412.3,1.4378231172235074,,,,Sand,,,Sand 2,2,3.52,35.1,-2.02,-33.6
-33.14,34.64,42.01,0.411,8.2,-8.2,0.8,2.5,0.98223,1454.0,34.533,42.01,420.1,1.478604920485684,,,,Sand,,,Sand 2,2,3.52,35.1,-2.02,-33.6
-33.16,34.66,42.51,0.44,8.2,-8.2,0.6,2.5,1.0479,1455.0,34.553,42.51,425.1,1.4988430627665579,,,,Sand,,,Sand 2,2,3.52,35.1,-2.02,-33.6
-33.18,34.68,42.4,0.453,8.2,-8.2,0.8,2.5,1.0803,1455.0,34.573,42.4,424.0,1.5104323230336878,,,,Sand,,,Sand 2,2,3.52,35.1,-2.02,-33.6
-33.2,34.7,42.17,0.453,8.0,-8.0,0.8,2.5,1.082,1456.0,34.593,42.17,421.7,1.512317736442262,,,,Sand,,,Sand 2,2,3.52,35.1,-2.02,-33.6
-33.22,34.72,42.07,0.461,8.0,-8.0,0.8,2.5,1.1068,1457.0,34.612,42.07,420.7,1.521063222745864,,,,Sand,,,Sand 2,2,3.52,35.1,-2.02,-33.6
-33.24,34.74,41.9,0.462,8.1,-8.0,1.0,2.5,1.1162,1458.0,34.632,41.9,419.0,1.525093730731236,,,,Sand,,,Sand 2,2,3.52,35.1,-2.02,-33.6
-33.26,34.76,41.17,0.469,8.0,-8.0,0.8,2.5,1.1396,1458.0,34.652,41.17,411.7,1.5368274748981052,,,,Sand,,,Sand 2,2,3.52,35.1,-2.02,-33.6
-33.28,34.78,40.69,0.47,8.2,-8.2,0.8,2.4,1.1485,1459.0,34.672,40.69,406.9,1.542471008438858,,,,Sand,,,Sand 2,2,3.52,35.1,-2.02,-33.6
-33.3,34.8,40.31,0.474,8.1,-8.0,1.0,2.4,1.1651,1460.0,34.692,40.31,403.1,1.5499165518576365,,,,Sand,,,Sand 2,2,3.52,35.1,-2.02,-33.6
-33.32,34.82,40.41,0.475,8.3,-8.2,1.0,2.4,1.1748,1461.0,34.711,40.41,404.1,1.5523074651515743,,,,Sand,,,Sand 2,2,3.52,35.1,-2.02,-33.6
-33.34,34.84,40.52,0.471,8.3,-8.2,1.0,2.2,1.1693,1462.0,34.731,40.52,405.2,1.549957177564794,,,,Sand,,,Sand 2,2,3.52,35.1,-2.02,-33.6
-33.36,34.86,40.32,0.469,8.3,-8.2,1.0,2.3,1.1653,1463.0,34.751,40.32,403.2,1.549918333622599,,,,Sand,,,Sand 2,2,3.52,35.1,-2.02,-33.6
-33.38,34.88,40.14,0.456,8.1,-8.0,1.0,2.5,1.1312,1463.0,34.771,40.14,401.4,1.5403216454029214,,,,Sand,,,Sand 2,2,3.52,35.1,-2.02,-33.6
-33.4,34.9,39.91,0.453,8.1,-8.0,1.0,2.6,1.1176,1464.0,34.79,39.91,399.1,1.5373904314548545,,,,Sand,,,Sand 2,2,3.52,35.1,-2.02,-33.6
-33.42,34.92,39.95,0.458,8.3,-8.2,1.2,2.5,1.1209,1465.0,34.81,39.95,399.5,1.5382012652322705,,,,Sand,,,Sand 2,2,3.52,35.1,-2.02,-33.6
-33.44,34.94,40.42,0.465,8.1,-8.0,1.2,2.5,1.1272,1466.0,34.83,40.42,404.2,1.537352408103458,,,,Sand,,,Sand 2,2,3.52,35.1,-2.02,-33.6
-33.46,34.96,40.81,0.471,8.1,-8.0,1.2,2.3,1.129,1467.0,34.85,40.81,408.1,1.535588458692639,,,,Sand,,,Sand 2,2,3.52,35.1,-2.02,-33.6
-33.48,34.98,42.2,0.476,8.3,-8.2,1.0,1.8,1.1261,1468.0,34.87,42.2,422.0,1.5265664141525745,,,,Sand,,,Sand 2,2,3.52,35.1,-2.02,-33.6
-33.5,35.0,43.14,0.526,8.3,-8.2,1.2,2.9,1.2281,1468.0,34.889,43.14,431.4,1.5529063534647223,,,,Sand,,,Sand 2,2,3.52,35.1,-2.02,-33.6
-33.52,35.02,43.44,,8.1,-8.0,1.2,2.9,0.0,1469.0,34.909,43.44,434.4,,,,,Unknown material,,,Sand 2,2,3.52,35.1,-2.02,-33.6
-33.54,35.04,43.87,,8.1,-8.0,1.2,2.6,0.0,1470.0,34.929,43.87,438.7,,,,,Unknown material,,,Sand 2,2,3.52,35.1,-2.02,-33.6
-33.56,35.06,44.33,,8.1,-8.0,1.2,2.5,0.0,1471.0,34.949,44.33,443.3,,,,,Unknown material,,,Sand 2,2,3.52,35.1,-2.02,-33.6
-33.58,35.08,44.42,,8.1,-8.0,1.2,2.5,0.0,1471.0,34.969,44.42,444.2,,,,,Unknown material,,,Sand 2,2,3.52,35.1,-2.02,-33.6
-33.6,35.1,41.53,,8.3,-8.2,1.2,2.5,0.0,1472.0,34.988,41.53,415.3,,,,,Unknown material,,,Sand 2,2,3.52,35.1,-2.02,-33.6
