elevation_m_nap,depth_m,qc_mpa,fs_mpa,col_4,col_5,col_6,col_7,rf_percent,col_9,corrected_depth,qt_mpa,qt_over_pa,Isbt,Bqt,peat_boundary_qt_over_pa,organic_clay_boundary_qt_over_pa,soil_type,used_organic_boundary_qt_over_pa,distance_to_used_organic_boundary,layer_id,soil_layer_number,layer_top_depth_m,layer_bottom_depth_m,layer_top_elevation_m_nap,layer_bottom_elevation_m_nap
1.45,0.02,0.25637,0.00057369,0.17408,0.083333,-0.15283,2.05,0.069562,102.0,0.02,0.25637,2.5637,3.061768161108254,,,,Clay & silt,,,Clay & silt 1,1,0.02,0.2,1.45,1.27
1.43,0.04,0.53062,0.00093756,0.49957,0.28333,-0.41146,1.9,0.097393,112.0,0.039999,0.53062,5.3062000000000005,2.753124918854065,,,,Silty clay / clayey silt,,,Clay & silt 1,1,0.02,0.2,1.45,1.27
1.41,0.06,0.83026,0.0011131,0.58473,0.33333,-0.48042,2.3,0.10227,113.0,0.059998,0.83026,8.3026,2.561111651525327,,,,Sand mixtures,,,Clay & silt 1,1,0.02,0.2,1.45,1.27
1.39,0.08,1.0905,0.0015772,0.58986,0.31667,-0.49766,2.45,0.13087,113.0,0.079997,1.0905,10.905,2.455586719350631,,,,Sand mixtures,,,Clay & silt 1,1,0.02,0.2,1.45,1.27
1.3699999999999999,0.1,1.4158,0.0022388,0.62595,0.3,-0.54939,2.45,0.15353,114.0,0.099996,1.4158,14.158,2.3543035290747336,,,,Sand mixtures,,,Clay & silt 1,1,0.02,0.2,1.45,1.27
1.35,0.12,1.6523,0.0023171,0.64114,0.3,-0.56663,2.45,0.13577,115.0,0.11999,1.6523,16.523000000000003,2.2793802059804023,,,,Sand mixtures,,,Clay & silt 1,1,0.02,0.2,1.45,1.27
1.33,0.14,1.8432,0.0027121,0.64259,0.33333,-0.54939,2.4,0.13935,116.0,0.13999,1.8432,18.432000000000002,2.234295114627528,,,,Sand mixtures,,,Clay & silt 1,1,0.02,0.2,1.45,1.27
1.31,0.16,2.0226,0.0026623,0.63692,0.35,-0.53215,2.35,0.12119,117.0,0.15999,2.0226,20.226000000000003,2.185263738182226,,,,Sand mixtures,,,Clay & silt 1,1,0.02,0.2,1.45,1.27
1.29,0.18,2.2803,0.0031167,0.67941,0.31667,-0.60111,2.4,0.1272,118.0,0.17999,2.2803,22.803,2.1367895851766163,,,,Sand mixtures,,,Clay & silt 1,1,0.02,0.2,1.45,1.27
1.27,0.2,2.5183,0.002846,0.68727,0.3,-0.61835,2.4,0.10489,119.0,0.19999,2.5183,25.183000000000003,2.0828512235091967,,,,Sand mixtures,,,Sand 1,1,0.2,3.74,1.27,-2.2700000000000005
1.25,0.22,2.747,0.0032622,0.666,0.35,-0.56663,2.4,0.10794,119.0,0.21999,2.747,27.47,2.0468601515571545,,,,Sand,,,Sand 1,1,0.2,3.74,1.27,-2.2700000000000005
1.23,0.24,3.094,0.0038201,0.74072,0.35,-0.65283,2.4,0.11304,120.0,0.23999,3.094,30.94,1.998248145952592,,,,Sand,,,Sand 1,1,0.2,3.74,1.27,-2.2700000000000005
1.21,0.26,3.4439,0.0038213,0.74072,0.35,-0.65283,2.4,0.10161,121.0,0.25998,3.4439,34.439,1.946225525772413,,,,Sand,,,Sand 1,1,0.2,3.74,1.27,-2.2700000000000005
1.19,0.28,3.7564,0.0047092,0.76561,0.4,-0.65283,2.4,0.11342,122.0,0.27998,3.7564,37.564,1.9150311248641159,,,,Sand,,,Sand 1,1,0.2,3.74,1.27,-2.2700000000000005
1.17,0.3,4.3153,0.0059397,0.84033,0.4,-0.73904,2.4,0.12997,123.0,0.29998,4.3153,43.15299999999999,1.8651101529981224,,,,Sand,,,Sand 1,1,0.2,3.74,1.27,-2.2700000000000005
1.15,0.32,4.8797,0.0063885,0.88001,0.45,-0.75628,2.4,0.12779,124.0,0.31998,4.8797,48.797,1.8112766964967888,,,,Sand,,,Sand 1,1,0.2,3.74,1.27,-2.2700000000000005
1.13,0.34,5.3329,0.0079126,0.89487,0.45,-0.77352,2.4,0.14598,124.0,0.33998,5.3329,53.32900000000001,1.7848971497665687,,,,Sand,,,Sand 1,1,0.2,3.74,1.27,-2.2700000000000005
1.1099999999999999,0.36,5.6479,0.0094998,0.88303,0.48333,-0.73904,2.4,0.16243,125.0,0.35997,5.6479,56.479,1.77126669349323,,,,Sand,,,Sand 1,1,0.2,3.74,1.27,-2.2700000000000005
1.0899999999999999,0.38,6.0911,0.010908,0.92675,0.48333,-0.79077,2.4,0.17443,126.0,0.37997,6.0911,60.911,1.7473822130750911,,,,Sand,,,Sand 1,1,0.2,3.74,1.27,-2.2700000000000005
1.0699999999999998,0.4,6.5264,0.013076,0.96307,0.46667,-0.84249,2.4,0.19728,127.0,0.39997,6.5264,65.264,1.7336134970681587,,,,Sand,,,Sand 1,1,0.2,3.74,1.27,-2.2700000000000005
1.05,0.42,6.8141,0.017652,0.95634,0.48333,-0.82525,2.4,0.25209,128.0,0.41997,6.8141,68.14099999999999,1.7506464850095411,,,,Sand,,,Sand 1,1,0.2,3.74,1.27,-2.2700000000000005
1.03,0.44,7.1806,0.021872,0.99452,0.5,-0.85973,2.4,0.29602,129.0,0.43996,7.1806,71.806,1.755677070017669,,,,Sand,,,Sand 1,1,0.2,3.74,1.27,-2.2700000000000005
1.01,0.46,7.555,0.024034,0.96487,0.5,-0.82525,2.4,0.3098,129.0,0.45996,7.555,75.55,1.7433743955989882,,,,Sand,,,Sand 1,1,0.2,3.74,1.27,-2.2700000000000005
0.99,0.48,7.8748,0.026745,1.003,0.51667,-0.85973,2.4,0.3302,130.0,0.47996,7.8748,78.74799999999999,1.7385377667047508,,,,Sand,,,Sand 1,1,0.2,3.74,1.27,-2.2700000000000005
0.97,0.5,8.3258,0.028448,0.99707,0.53333,-0.84249,2.4,0.33693,131.0,0.49995,8.3258,83.258,1.7204636693681543,,,,Sand,,,Sand 1,1,0.2,3.74,1.27,-2.2700000000000005
0.95,0.52,8.7403,0.029635,0.98255,0.53333,-0.82525,2.4,0.33749,132.0,0.51995,8.7403,87.40299999999999,1.701800845789932,,,,Sand,,,Sand 1,1,0.2,3.74,1.27,-2.2700000000000005
0.9299999999999999,0.54,9.0458,0.030956,0.93555,0.5,-0.79077,2.4,0.34002,133.0,0.53995,9.0458,90.458,1.6898525669670073,,,,Sand,,,Sand 1,1,0.2,3.74,1.27,-2.2700000000000005
0.9099999999999999,0.56,9.2612,0.032806,0.92675,0.48333,-0.79077,2.4,0.3477,133.0,0.55995,9.2612,92.61200000000001,1.6850643604798379,,,,Sand,,,Sand 1,1,0.2,3.74,1.27,-2.2700000000000005
0.89,0.58,9.5617,0.034013,0.94456,0.51667,-0.79077,2.4,0.34902,134.0,0.57994,9.5617,95.617,1.673453390428995,,,,Sand,,,Sand 1,1,0.2,3.74,1.27,-2.2700000000000005
0.87,0.6,9.8821,0.035028,0.93555,0.5,-0.79077,2.4,0.34899,135.0,0.59994,9.8821,98.82099999999998,1.6607087037430686,,,,Sand,,,Sand 1,1,0.2,3.74,1.27,-2.2700000000000005
0.85,0.62,10.142,0.036602,0.95904,0.51667,-0.80801,2.4,0.35497,136.0,0.61994,10.142,101.42,1.6541249272306502,,,,Sand,,,Sand 1,1,0.2,3.74,1.27,-2.2700000000000005
0.83,0.64,10.521,0.034,0.90336,0.46667,-0.77352,2.4,0.32126,137.0,0.63993,10.521,105.21,1.6201418050720342,,,,Sand,,,Sand 1,1,0.2,3.74,1.27,-2.2700000000000005
0.8099999999999999,0.66,10.807,0.0334,0.95904,0.51667,-0.80801,2.4,0.3098,138.0,0.65993,10.807,108.07,1.6026789037221096,,,,Sand,,,Sand 1,1,0.2,3.74,1.27,-2.2700000000000005
0.7899999999999999,0.68,11.075,0.0327,0.92675,0.48333,-0.79077,2.4,0.2971,139.0,0.67993,11.075,110.75,1.5851214057949579,,,,Sand,,,Sand 1,1,0.2,3.74,1.27,-2.2700000000000005
0.77,0.7,11.24,0.0321,0.95377,0.53333,-0.79077,2.4,0.28527,139.0,0.69993,11.24,112.4,1.571685422334443,,,,Sand,,,Sand 1,1,0.2,3.74,1.27,-2.2700000000000005
0.75,0.72,11.438,0.032396,0.98686,0.56667,-0.80801,2.4,0.2813,140.0,0.71992,11.438,114.38,1.562223925244943,,,,Sand,,,Sand 1,1,0.2,3.74,1.27,-2.2700000000000005
0.73,0.74,11.144,0.031346,0.96811,0.53333,-0.80801,1.75,0.26483,152.0,0.73992,11.144,111.44,1.561479688181579,,,,Sand,,,Sand 1,1,0.2,3.74,1.27,-2.2700000000000005
0.71,0.76,11.682,0.03029,1.0106,0.58333,-0.82525,2.4,0.24899,153.0,0.75992,11.682,116.82,1.5318740611590904,,,,Sand,,,Sand 1,1,0.2,3.74,1.27,-2.2700000000000005
0.69,0.78,12.111,0.036664,0.98686,0.56667,-0.80801,2.45,0.29244,154.0,0.77991,12.111,121.11,1.5472285409454325,,,,Sand,,,Sand 1,1,0.2,3.74,1.27,-2.2700000000000005
0.6699999999999999,0.8,12.636,0.038473,1.0064,0.6,-0.80801,2.4,0.29694,155.0,0.79991,12.636,126.36,1.5337151539382456,,,,Sand,,,Sand 1,1,0.2,3.74,1.27,-2.2700000000000005
0.65,0.82,13.362,0.04205,1.0064,0.6,-0.80801,2.4,0.31208,156.0,0.81991,13.362,133.62,1.522122643315669,,,,Sand,,,Sand 1,1,0.2,3.74,1.27,-2.2700000000000005
0.63,0.84,13.71,0.050718,1.0106,0.58333,-0.82525,2.4,0.36387,156.0,0.83991,13.71,137.1,1.5448838770375026,,,,Sand,,,Sand 1,1,0.2,3.74,1.27,-2.2700000000000005
0.61,0.86,14.213,0.054822,0.99169,0.55,-0.82525,2.4,0.3814,157.0,0.8599,14.213,142.13,1.541923417548896,,,,Sand,,,Sand 1,1,0.2,3.74,1.27,-2.2700000000000005
0.59,0.88,14.791,0.059884,1.0389,0.58333,-0.85973,2.4,0.40702,158.0,0.8799,14.791,147.91,1.5421636411883042,,,,Sand,,,Sand 1,1,0.2,3.74,1.27,-2.2700000000000005
0.57,0.9,15.285,0.061404,1.001,0.56667,-0.82525,2.4,0.41124,159.0,0.8999,15.285,152.85,1.5325887917482786,,,,Sand,,,Sand 1,1,0.2,3.74,1.27,-2.2700000000000005
0.5499999999999999,0.92,15.399,0.065916,1.0402,0.63333,-0.82525,2.4,0.43784,160.0,0.91989,15.399,153.99,1.5448914905817885,,,,Sand,,,Sand 1,1,0.2,3.74,1.27,-2.2700000000000005
0.53,0.94,15.594,0.068293,1.0539,0.63333,-0.84249,2.4,0.45378,161.0,0.93989,15.594,155.94,1.5490949743841935,,,,Sand,,,Sand 1,1,0.2,3.74,1.27,-2.2700000000000005
0.51,0.96,15.348,0.069352,1.0301,0.61667,-0.82525,2.45,0.46415,161.0,0.95989,15.348,153.48,1.5603480517911699,,,,Sand,,,Sand 1,1,0.2,3.74,1.27,-2.2700000000000005
0.49,0.98,15.111,0.074479,1.0539,0.63333,-0.84249,2.4,0.50544,162.0,0.97988,15.111,151.11,1.5871640037967405,,,,Sand,,,Sand 1,1,0.2,3.74,1.27,-2.2700000000000005
0.47,1.0,14.697,0.067754,1.0247,0.58333,-0.84249,2.4,0.4689,163.0,0.99988,14.697,146.97,1.5783653114714322,,,,Sand,,,Sand 1,1,0.2,3.74,1.27,-2.2700000000000005
0.44999999999999996,1.02,14.174,0.069219,1.0539,0.63333,-0.84249,2.4,0.49177,164.0,1.0199,14.174,141.74,1.603050909454089,,,,Sand,,,Sand 1,1,0.2,3.74,1.27,-2.2700000000000005
0.42999999999999994,1.04,13.926,0.064847,1.0389,0.58333,-0.85973,2.45,0.47338,165.0,1.0399,13.926,139.26,1.6000428794923578,,,,Sand,,,Sand 1,1,0.2,3.74,1.27,-2.2700000000000005
0.4099999999999999,1.06,13.635,0.062425,1.072,0.61667,-0.87697,2.4,0.46869,166.0,1.0599,13.635,136.35,1.6052486403076163,,,,Sand,,,Sand 1,1,0.2,3.74,1.27,-2.2700000000000005
0.3899999999999999,1.08,13.113,0.062412,1.0296,0.56667,-0.85973,2.4,0.48166,167.0,1.0799,13.113,131.13,1.6259305866015985,,,,Sand,,,Sand 1,1,0.2,3.74,1.27,-2.2700000000000005
0.3699999999999999,1.1,12.601,0.057357,1.0532,0.58333,-0.87697,2.4,0.45397,167.0,1.0999,12.601,126.01,1.6263354700859505,,,,Sand,,,Sand 1,1,0.2,3.74,1.27,-2.2700000000000005
0.34999999999999987,1.12,12.332,0.055678,1.044,0.61667,-0.84249,2.4,0.45165,168.0,1.1199,12.332,123.32,1.6330422923299013,,,,Sand,,,Sand 1,1,0.2,3.74,1.27,-2.2700000000000005
0.33000000000000007,1.14,12.076,0.053492,1.0743,0.66667,-0.84249,2.4,0.44349,169.0,1.1399,12.076,120.76,1.6365344621373055,,,,Sand,,,Sand 1,1,0.2,3.74,1.27,-2.2700000000000005
0.31000000000000005,1.16,11.805,0.051108,1.072,0.61667,-0.87697,2.4,0.43026,170.0,1.1599,11.805,118.05,1.6380097882561704,,,,Sand,,,Sand 1,1,0.2,3.74,1.27,-2.2700000000000005
0.29000000000000004,1.18,11.589,0.051248,1.0483,0.6,-0.85973,2.4,0.43467,171.0,1.1798,11.589,115.89,1.6471626418930219,,,,Sand,,,Sand 1,1,0.2,3.74,1.27,-2.2700000000000005
0.27,1.2,11.471,0.050309,1.0957,0.63333,-0.89421,2.4,0.42801,172.0,1.1998,11.471,114.71,1.64748241904241,,,,Sand,,,Sand 1,1,0.2,3.74,1.27,-2.2700000000000005
0.25,1.22,11.505,0.050907,1.0912,0.6,-0.91146,2.4,0.43206,172.0,1.2198,11.505,115.05,1.6485011829115201,,,,Sand,,,Sand 1,1,0.2,3.74,1.27,-2.2700000000000005
0.22999999999999998,1.24,11.648,0.054034,1.1201,0.6,-0.94594,2.4,0.45393,173.0,1.2398,11.648,116.48,1.6551796714931273,,,,Sand,,,Sand 1,1,0.2,3.74,1.27,-2.2700000000000005
0.20999999999999996,1.26,11.894,0.054181,1.1098,0.63333,-0.91146,2.4,0.44679,174.0,1.2598,11.894,118.94,1.6438339864105673,,,,Sand,,,Sand 1,1,0.2,3.74,1.27,-2.2700000000000005
0.18999999999999995,1.28,12.047,0.055735,1.1194,0.65,-0.91146,2.4,0.44777,175.0,1.2798,12.047,120.47,1.639632337649908,,,,Sand,,,Sand 1,1,0.2,3.74,1.27,-2.2700000000000005
0.16999999999999993,1.3,12.3,0.05614,1.1098,0.63333,-0.91146,2.4,0.43768,176.0,1.2998,12.3,123.0,1.626730698804653,,,,Sand,,,Sand 1,1,0.2,3.74,1.27,-2.2700000000000005
0.1499999999999999,1.32,12.776,0.056847,1.0793,0.55,-0.9287,2.4,0.42874,176.0,1.3198,12.776,127.76,1.6079967288544514,,,,Sand,,,Sand 1,1,0.2,3.74,1.27,-2.2700000000000005
0.1299999999999999,1.34,13.375,0.058342,1.0645,0.55,-0.91146,2.4,0.42528,177.0,1.3398,13.375,133.75,1.5892751691915763,,,,Sand,,,Sand 1,1,0.2,3.74,1.27,-2.2700000000000005
0.10999999999999988,1.36,14.034,0.057081,1.1026,0.56667,-0.94594,2.4,0.40202,178.0,1.3598,14.034,140.34,1.5585997116863466,,,,Sand,,,Sand 1,1,0.2,3.74,1.27,-2.2700000000000005
0.09000000000000008,1.38,14.542,0.057656,1.0949,0.45,-0.91146,2.4,0.39192,179.0,1.3798,14.542,145.42,1.5396498604838358,,,,Sand,,,Sand 1,1,0.2,3.74,1.27,-2.2700000000000005
0.07000000000000006,1.4,15.106,0.058181,1.0871,0.51667,-0.94594,2.4,0.38216,180.0,1.3998,15.106,151.06,1.5198330402851414,,,,Sand,,,Sand 1,1,0.2,3.74,1.27,-2.2700000000000005
0.050000000000000044,1.42,15.57,0.059477,1.0793,0.55,-0.9287,2.4,0.37802,181.0,1.4198,15.57,155.7,1.5061793420240497,,,,Sand,,,Sand 1,1,0.2,3.74,1.27,-2.2700000000000005
0.030000000000000027,1.44,15.886,0.06266,1.0859,0.53333,-0.94594,2.4,0.38615,181.0,1.4398,15.886,158.86,1.5037218353840427,,,,Sand,,,Sand 1,1,0.2,3.74,1.27,-2.2700000000000005
0.010000000000000009,1.46,16.403,0.065848,1.1241,0.55,-0.98042,2.4,0.39368,182.0,1.4598,16.403,164.03,1.4965547918974562,,,,Sand,,,Sand 1,1,0.2,3.74,1.27,-2.2700000000000005
-0.010000000000000009,1.48,16.88,0.066691,1.116,0.53333,-0.98042,2.4,0.38739,183.0,1.4798,16.88,168.8,1.4823046558959336,,,,Sand,,,Sand 1,1,0.2,3.74,1.27,-2.2700000000000005
-0.030000000000000027,1.5,17.452,0.067738,1.1091,0.55,-0.96318,2.4,0.38301,184.0,1.4998,17.452,174.52,1.4674844762225236,,,,Sand,,,Sand 1,1,0.2,3.74,1.27,-2.2700000000000005
-0.050000000000000044,1.52,17.979,0.070257,1.1312,0.53333,-0.99766,2.4,0.38737,185.0,1.5198,17.979,179.79,1.4594048158678745,,,,Sand,,,Sand 1,1,0.2,3.74,1.27,-2.2700000000000005
-0.07000000000000006,1.54,18.537,0.080013,1.1542,0.51667,-1.0321,2.4,0.43234,186.0,1.5398,18.537,185.37,1.475515608317009,,,,Sand,,,Sand 1,1,0.2,3.74,1.27,-2.2700000000000005
-0.09000000000000008,1.56,19.016,0.086493,1.1323,0.56667,-0.98042,2.4,0.46094,187.0,1.5598,19.016,190.16,1.4829108454366435,,,,Sand,,,Sand 1,1,0.2,3.74,1.27,-2.2700000000000005
-0.1100000000000001,1.58,19.334,0.092936,1.1392,0.55,-0.99766,2.4,0.4917,187.0,1.5798,19.334,193.34,1.494085524304456,,,,Sand,,,Sand 1,1,0.2,3.74,1.27,-2.2700000000000005
-0.13000000000000012,1.6,19.497,0.098323,1.1009,0.53333,-0.96318,2.4,0.52008,188.0,1.5998,19.497,194.97,1.5062215454749535,,,,Sand,,,Sand 1,1,0.2,3.74,1.27,-2.2700000000000005
-0.15000000000000013,1.62,19.359,0.1008,1.1771,0.53333,-1.0494,2.4,0.53691,189.0,1.6198,19.359,193.59,1.517260317628215,,,,Sand,,,Sand 1,1,0.2,3.74,1.27,-2.2700000000000005
-0.16999999999999993,1.64,18.942,0.0934,1.1643,0.53333,-0.98042,2.4,0.5037,190.0,1.6398,18.942,189.42,1.5075258712445503,,,,Sand,,,Sand 1,1,0.2,3.74,1.27,-2.2700000000000005
-0.18999999999999995,1.66,18.543,0.086,1.1516,0.46667,-1.0149,2.4,0.47258,191.0,1.6598,18.543,185.43,1.4981513430494058,,,,Sand,,,Sand 1,1,0.2,3.74,1.27,-2.2700000000000005
-0.20999999999999996,1.68,18.014,0.078592,1.1388,0.51667,-1.0149,2.4,0.44252,192.0,1.6798,18.014,180.14,1.4915034298004037,,,,Sand,,,Sand 1,1,0.2,3.74,1.27,-2.2700000000000005
-0.22999999999999998,1.7,17.494,0.080962,1.1468,0.5,-1.0321,2.4,0.4689,192.0,1.6998,17.494,174.94,1.5165174208096441,,,,Sand,,,Sand 1,1,0.2,3.74,1.27,-2.2700000000000005
-0.25,1.72,17.159,0.078146,1.1465,0.53333,-1.0149,2.4,0.46567,193.0,1.7197,17.159,171.59,1.521565995239186,,,,Sand,,,Sand 1,1,0.2,3.74,1.27,-2.2700000000000005
-0.27,1.74,16.576,0.077614,1.1938,0.6,-1.0321,1.2,0.47702,205.0,1.7397,16.576,165.76,1.539860034422355,,,,Sand,,,Sand 1,1,0.2,3.74,1.27,-2.2700000000000005
-0.29000000000000004,1.76,15.993,0.07625,1.1851,0.51667,-1.0666,2.45,0.48434,206.0,1.7597,15.993,159.93,1.5563516752872,,,,Sand,,,Sand 1,1,0.2,3.74,1.27,-2.2700000000000005
-0.31000000000000005,1.78,15.411,0.074383,1.1748,0.46667,-1.0149,2.4,0.48887,207.0,1.7797,15.411,154.11,1.5718111910355377,,,,Sand,,,Sand 1,1,0.2,3.74,1.27,-2.2700000000000005
-0.33000000000000007,1.8,15.062,0.074806,1.1645,0.51667,-0.99766,2.4,0.51107,208.0,1.7997,15.062,150.62,1.5911137908146717,,,,Sand,,,Sand 1,1,0.2,3.74,1.27,-2.2700000000000005
-0.3500000000000001,1.82,14.455,0.07506,1.1542,0.51667,-1.0321,2.4,0.53473,209.0,1.8197,14.455,144.55,1.61709978472981,,,,Sand,,,Sand 1,1,0.2,3.74,1.27,-2.2700000000000005
-0.3700000000000001,1.84,13.794,0.075423,1.1617,0.53333,-1.0321,2.4,0.56107,210.0,1.8397,13.794,137.94,1.6458183816938572,,,,Sand,,,Sand 1,1,0.2,3.74,1.27,-2.2700000000000005
-0.3900000000000001,1.86,13.273,0.072627,1.1623,0.56667,-1.0149,2.4,0.56595,210.0,1.8597,13.273,132.73,1.6615623439875404,,,,Sand,,,Sand 1,1,0.2,3.74,1.27,-2.2700000000000005
-0.4099999999999999,1.88,12.533,0.068822,1.1624,0.5,-1.0494,2.4,0.56422,211.0,1.8797,12.533,125.33,1.6810547631968928,,,,Sand,,,Sand 1,1,0.2,3.74,1.27,-2.2700000000000005
-0.42999999999999994,1.9,11.775,0.065338,1.1542,0.51667,-1.0321,2.4,0.56384,212.0,1.8997,11.775,117.75,1.7030719617881067,,,,Sand,,,Sand 1,1,0.2,3.74,1.27,-2.2700000000000005
-0.44999999999999996,1.92,11.24,0.063181,1.1771,0.53333,-1.0494,2.4,0.57284,213.0,1.9197,11.24,112.4,1.723593185699892,,,,Sand,,,Sand 1,1,0.2,3.74,1.27,-2.2700000000000005
-0.47,1.94,10.53,0.05914,1.2079,0.53333,-1.0839,2.4,0.56321,214.0,1.9397,10.53,105.3,1.7428897162506911,,,,Sand,,,Sand 1,1,0.2,3.74,1.27,-2.2700000000000005
-0.49,1.96,9.984,0.05598,1.1624,0.5,-1.0494,2.4,0.558,215.0,1.9597,9.984,99.84,1.759922360645657,,,,Sand,,,Sand 1,1,0.2,3.74,1.27,-2.2700000000000005
-0.51,1.98,9.576,0.052701,1.1241,0.48333,-1.0149,2.4,0.54673,216.0,1.9797,9.576,95.76,1.770282918157854,,,,Sand,,,Sand 1,1,0.2,3.74,1.27,-2.2700000000000005
-0.53,2.0,9.3254,0.049682,1.1542,0.51667,-1.0321,2.4,0.53458,216.0,1.9997,9.3254,93.25399999999999,1.7747466846179767,,,,Sand,,,Sand 1,1,0.2,3.74,1.27,-2.2700000000000005
-0.55,2.02,9.0418,0.048406,1.1327,0.46667,-1.0321,2.4,0.53656,217.0,2.0197,9.0418,90.418,1.7869524732368005,,,,Sand,,,Sand 1,1,0.2,3.74,1.27,-2.2700000000000005
-0.5700000000000001,2.04,8.7874,0.047866,1.1468,0.5,-1.0321,2.4,0.54356,218.0,2.0397,8.7874,87.874,1.8004443503074834,,,,Sand,,,Sand 1,1,0.2,3.74,1.27,-2.2700000000000005
-0.5900000000000001,2.06,8.6311,0.048809,1.18,0.46667,-1.0839,2.4,0.5658,219.0,2.0597,8.6311,86.311,1.816322180140463,,,,Sand,,,Sand 1,1,0.2,3.74,1.27,-2.2700000000000005
-0.6100000000000001,2.08,8.4742,0.047148,1.1735,0.45,-1.0839,2.4,0.55663,220.0,2.0797,8.4742,84.74199999999999,1.819279655877038,,,,Sand,,,Sand 1,1,0.2,3.74,1.27,-2.2700000000000005
-0.6300000000000001,2.1,8.3514,0.04641,1.1867,0.48333,-1.0839,2.45,0.55521,221.0,2.0997,8.3514,83.514,1.8240688460781207,,,,Sand,,,Sand 1,1,0.2,3.74,1.27,-2.2700000000000005
-0.6500000000000001,2.12,8.2615,0.046651,1.1353,0.43333,-1.0494,2.35,0.56247,221.0,2.1197,8.2615,82.615,1.8310430943450937,,,,Sand,,,Sand 1,1,0.2,3.74,1.27,-2.2700000000000005
-0.6700000000000002,2.14,8.1395,0.046553,1.1735,0.45,-1.0839,2.45,0.56272,222.0,2.1397,8.1395,81.395,1.8366280771621026,,,,Sand,,,Sand 1,1,0.2,3.74,1.27,-2.2700000000000005
-0.6900000000000002,2.16,8.0738,0.046677,1.2118,0.46667,-1.1184,2.4,0.56243,223.0,2.1597,8.0738,80.738,1.8394994075092843,,,,Sand,,,Sand 1,1,0.2,3.74,1.27,-2.2700000000000005
-0.7100000000000002,2.18,8.1522,0.044889,1.2093,0.5,-1.1011,2.4,0.5369,224.0,2.1797,8.1522,81.522,1.8253552113549054,,,,Sand,,,Sand 1,1,0.2,3.74,1.27,-2.2700000000000005
-0.7300000000000002,2.2,8.2677,0.047482,1.1833,0.43333,-1.1011,2.4,0.56099,225.0,2.1996,8.2677,82.67699999999999,1.8301607208969624,,,,Sand,,,Sand 1,1,0.2,3.74,1.27,-2.2700000000000005
-0.7500000000000002,2.22,8.4627,0.045529,1.1735,0.45,-1.0839,2.4,0.53023,226.0,2.2196,8.4627,84.62700000000001,1.808671186185998,,,,Sand,,,Sand 1,1,0.2,3.74,1.27,-2.2700000000000005
-0.7700000000000002,2.24,8.6833,0.045987,1.2215,0.45,-1.1356,2.4,0.52743,226.0,2.2396,8.6833,86.833,1.7979434886753518,,,,Sand,,,Sand 1,1,0.2,3.74,1.27,-2.2700000000000005
-0.7899999999999998,2.26,8.8454,0.047431,1.2054,0.45,-1.1184,2.4,0.5367,227.0,2.2596,8.8454,88.454,1.795098812846129,,,,Sand,,,Sand 1,1,0.2,3.74,1.27,-2.2700000000000005
-0.8099999999999998,2.28,9.0868,0.048269,1.1672,0.43333,-1.0839,2.4,0.54041,228.0,2.2796,9.0868,90.86800000000001,1.7867801292497287,,,,Sand,,,Sand 1,1,0.2,3.74,1.27,-2.2700000000000005
-0.8299999999999998,2.3,9.1213,0.048,1.1773,0.41667,-1.1011,2.4,0.53403,229.0,2.2996,9.1213,91.213,1.7826411077387723,,,,Sand,,,Sand 1,1,0.2,3.74,1.27,-2.2700000000000005
-0.8499999999999999,2.32,9.1329,0.0477,1.1451,0.41667,-1.0666,2.4,0.52844,230.0,2.3196,9.1329,91.329,1.7797480015739082,,,,Sand,,,Sand 1,1,0.2,3.74,1.27,-2.2700000000000005
-0.8699999999999999,2.34,9.1006,0.0474,1.1553,0.4,-1.0839,2.4,0.52276,230.0,2.3396,9.1006,91.006,1.778572653697034,,,,Sand,,,Sand 1,1,0.2,3.74,1.27,-2.2700000000000005
-0.8899999999999999,2.36,9.0222,0.045679,1.1612,0.41667,-1.0839,2.4,0.50103,231.0,2.3596,9.0222,90.222,1.772125180943813,,,,Sand,,,Sand 1,1,0.2,3.74,1.27,-2.2700000000000005
-0.9099999999999999,2.38,8.9134,0.047702,1.1194,0.43333,-1.0321,2.4,0.51964,232.0,2.3796,8.9134,89.134,1.7848830168364616,,,,Sand,,,Sand 1,1,0.2,3.74,1.27,-2.2700000000000005
-0.9299999999999999,2.4,8.9906,0.051978,1.1279,0.36667,-1.0666,2.4,0.56211,233.0,2.3996,8.9906,89.906,1.79984725892885,,,,Sand,,,Sand 1,1,0.2,3.74,1.27,-2.2700000000000005
-0.95,2.42,9.1708,0.053196,1.101,0.33333,-1.0494,2.4,0.57041,234.0,2.4196,9.1708,91.708,1.7960449040545254,,,,Sand,,,Sand 1,1,0.2,3.74,1.27,-2.2700000000000005
-0.97,2.44,9.4853,0.051636,1.1069,0.4,-1.0321,2.4,0.54782,235.0,2.4396,9.4853,94.85300000000001,1.774227464465024,,,,Sand,,,Sand 1,1,0.2,3.74,1.27,-2.2700000000000005
-0.99,2.46,9.6227,0.048625,1.1442,0.36667,-1.0839,2.4,0.50908,235.0,2.4596,9.6227,96.227,1.751918469937793,,,,Sand,,,Sand 1,1,0.2,3.74,1.27,-2.2700000000000005
-1.01,2.48,9.671,0.045915,1.1554,0.35,-1.1011,2.4,0.47405,236.0,2.4796,9.671,96.71,1.73387604031827,,,,Sand,,,Sand 1,1,0.2,3.74,1.27,-2.2700000000000005
-1.03,2.5,9.732,0.046607,1.1391,0.4,-1.0666,2.4,0.47528,237.0,2.4996,9.732,97.32,1.7321210961855662,,,,Sand,,,Sand 1,1,0.2,3.74,1.27,-2.2700000000000005
-1.05,2.52,9.8194,0.045883,1.1496,0.38333,-1.0839,2.4,0.46395,238.0,2.5196,9.8194,98.194,1.72338737414916,,,,Sand,,,Sand 1,1,0.2,3.74,1.27,-2.2700000000000005
-1.07,2.54,9.9208,0.04844,1.1822,0.38333,-1.1184,2.4,0.48672,239.0,2.5396,9.9208,99.208,1.7303815118145371,,,,Sand,,,Sand 1,1,0.2,3.74,1.27,-2.2700000000000005
-1.09,2.56,10.063,0.048616,1.1769,0.36667,-1.1184,2.4,0.48607,240.0,2.5596,10.063,100.63,1.7248163423925613,,,,Sand,,,Sand 1,1,0.2,3.74,1.27,-2.2700000000000005
-1.11,2.58,10.135,0.048704,1.1605,0.36667,-1.1011,2.4,0.4845,241.0,2.5796,10.135,101.35,1.7214438453843288,,,,Sand,,,Sand 1,1,0.2,3.74,1.27,-2.2700000000000005
-1.1300000000000001,2.6,10.154,0.050578,1.1769,0.36667,-1.1184,2.4,0.49979,241.0,2.5996,10.154,101.54,1.7278892872305442,,,,Sand,,,Sand 1,1,0.2,3.74,1.27,-2.2700000000000005
-1.1500000000000001,2.62,10.123,0.059331,1.1504,0.33333,-1.1011,2.4,0.58235,242.0,2.6196,10.123,101.23,1.7651931063673905,,,,Sand,,,Sand 1,1,0.2,3.74,1.27,-2.2700000000000005
-1.1700000000000002,2.64,10.067,0.065865,1.1246,0.3,-1.0839,2.4,0.64651,243.0,2.6396,10.067,100.67,1.7928936242779283,,,,Sand,,,Sand 1,1,0.2,3.74,1.27,-2.2700000000000005
-1.1900000000000002,2.66,10.137,0.074201,1.1203,0.28333,-1.0839,2.4,0.72746,244.0,2.6596,10.137,101.37,1.8204043828857437,,,,Sand,,,Sand 1,1,0.2,3.74,1.27,-2.2700000000000005
-1.2100000000000002,2.68,10.358,0.073533,1.1704,0.28333,-1.1356,2.4,0.7187,245.0,2.6795,10.358,103.58,1.809745015002625,,,,Sand,,,Sand 1,1,0.2,3.74,1.27,-2.2700000000000005
-1.2300000000000002,2.7,10.468,0.0731,1.1123,0.25,-1.0839,2.4,0.71053,246.0,2.6995,10.468,104.68,1.8031040263130738,,,,Sand,,,Sand 1,1,0.2,3.74,1.27,-2.2700000000000005
-1.2500000000000002,2.72,10.06,0.0726,1.1554,0.35,-1.1011,2.4,0.69077,246.0,2.7195,10.06,100.6,1.8098221135180732,,,,Sand,,,Sand 1,1,0.2,3.74,1.27,-2.2700000000000005
-1.2700000000000002,2.74,10.233,0.072155,1.1496,0.38333,-1.0839,1.25,0.66625,259.0,2.7395,10.233,102.33,1.7946503745225666,,,,Sand,,,Sand 1,1,0.2,3.74,1.27,-2.2700000000000005
-1.2899999999999998,2.76,10.405,0.068042,1.1391,0.4,-1.0666,2.3,0.61065,259.0,2.7595,10.405,104.05,1.7669532634539675,,,,Sand,,,Sand 1,1,0.2,3.74,1.27,-2.2700000000000005
-1.3099999999999998,2.78,10.577,0.065877,1.1605,0.36667,-1.1011,2.4,0.57553,260.0,2.7795,10.577,105.77,1.7465397183694444,,,,Sand,,,Sand 1,1,0.2,3.74,1.27,-2.2700000000000005
-1.3299999999999998,2.8,11.842,0.066085,1.139,0.35,-1.0839,2.45,0.56045,261.0,2.7995,11.842,118.42,1.6995544261527544,,,,Sand,,,Sand 1,1,0.2,3.74,1.27,-2.2700000000000005
-1.3499999999999999,2.82,12.696,0.067782,1.1329,0.26667,-1.1011,2.4,0.55984,262.0,2.8195,12.696,126.96,1.6745189953372934,,,,Sand,,,Sand 1,1,0.2,3.74,1.27,-2.2700000000000005
-1.3699999999999999,2.84,12.859,0.070078,1.1329,0.26667,-1.1011,2.45,0.56573,263.0,2.8395,12.859,128.59,1.6726403465512472,,,,Sand,,,Sand 1,1,0.2,3.74,1.27,-2.2700000000000005
-1.39,2.86,12.897,0.071147,1.108,0.3,-1.0666,2.4,0.56339,264.0,2.8595,12.897,128.97,1.6705512114779804,,,,Sand,,,Sand 1,1,0.2,3.74,1.27,-2.2700000000000005
-1.41,2.88,12.821,0.069878,1.137,0.28333,-1.1011,2.4,0.55053,264.0,2.8795,12.821,128.21,1.6668403824651965,,,,Sand,,,Sand 1,1,0.2,3.74,1.27,-2.2700000000000005
-1.43,2.9,12.761,0.068424,1.1123,0.25,-1.0839,2.4,0.54156,265.0,2.8995,12.761,127.61,1.6644075002125327,,,,Sand,,,Sand 1,1,0.2,3.74,1.27,-2.2700000000000005
-1.45,2.92,12.644,0.068391,1.1756,0.23333,-1.1523,2.4,0.54585,266.0,2.9195,12.644,126.44,1.6696494799964707,,,,Sand,,,Sand 1,1,0.2,3.74,1.27,-2.2700000000000005
-1.47,2.94,12.506,0.067627,1.1191,0.2,-1.1011,2.4,0.54585,267.0,2.9395,12.506,125.06,1.6735570352914726,,,,Sand,,,Sand 1,1,0.2,3.74,1.27,-2.2700000000000005
-1.49,2.96,12.358,0.066579,1.1579,0.3,-1.1184,2.4,0.54413,268.0,2.9595,12.358,123.58,1.6770194941628778,,,,Sand,,,Sand 1,1,0.2,3.74,1.27,-2.2700000000000005
-1.51,2.98,12.23,0.065988,1.1497,0.26667,-1.1184,2.4,0.54706,268.0,2.9795,12.23,122.3,1.6820643829747486,,,,Sand,,,Sand 1,1,0.2,3.74,1.27,-2.2700000000000005
-1.53,3.0,12.017,0.065614,1.1391,0.21667,-1.1184,2.4,0.55269,269.0,2.9995,12.017,120.17,1.6908689585540235,,,,Sand,,,Sand 1,1,0.2,3.74,1.27,-2.2700000000000005
-1.55,3.02,11.778,0.065473,1.1628,0.25,-1.1356,2.4,0.56062,270.0,3.0195,11.778,117.78,1.7015638806200142,,,,Sand,,,Sand 1,1,0.2,3.74,1.27,-2.2700000000000005
-1.57,3.04,11.592,0.063825,1.1859,0.2,-1.1689,2.4,0.55535,271.0,3.0395,11.592,115.92,1.704928076920358,,,,Sand,,,Sand 1,1,0.2,3.74,1.27,-2.2700000000000005
-1.59,3.06,11.372,0.063064,1.1724,0.21667,-1.1523,2.4,0.5575,272.0,3.0595,11.372,113.72,1.712742410306677,,,,Sand,,,Sand 1,1,0.2,3.74,1.27,-2.2700000000000005
-1.61,3.08,11.12,0.062917,1.1593,0.23333,-1.1356,2.4,0.56527,273.0,3.0795,11.12,111.2,1.724169128690291,,,,Sand,,,Sand 1,1,0.2,3.74,1.27,-2.2700000000000005
-1.6300000000000001,3.1,10.961,0.062699,1.2152,0.26667,-1.1856,2.4,0.57206,273.0,3.0995,10.961,109.61,1.7322588027930643,,,,Sand,,,Sand 1,1,0.2,3.74,1.27,-2.2700000000000005
-1.6500000000000001,3.12,10.871,0.061759,1.1859,0.2,-1.1689,2.4,0.57215,274.0,3.1195,10.871,108.71,1.735254669460597,,,,Sand,,,Sand 1,1,0.2,3.74,1.27,-2.2700000000000005
-1.6700000000000002,3.14,10.782,0.061613,1.1724,0.21667,-1.1523,2.4,0.57972,275.0,3.1395,10.782,107.82,1.741422239511717,,,,Sand,,,Sand 1,1,0.2,3.74,1.27,-2.2700000000000005
-1.6900000000000002,3.16,10.567,0.060503,1.137,0.28333,-1.1011,2.4,0.57755,276.0,3.1595,10.567,105.67,1.747733899684805,,,,Sand,,,Sand 1,1,0.2,3.74,1.27,-2.2700000000000005
-1.7100000000000002,3.18,10.414,0.059934,1.1859,0.2,-1.1689,2.4,0.58085,277.0,3.1794,10.414,104.14,1.7543650295634294,,,,Sand,,,Sand 1,1,0.2,3.74,1.27,-2.2700000000000005
-1.7300000000000002,3.2,10.266,0.059076,1.2247,0.23333,-1.2023,2.4,0.58221,278.0,3.1994,10.266,102.66,1.760083015723169,,,,Sand,,,Sand 1,1,0.2,3.74,1.27,-2.2700000000000005
-1.7500000000000002,3.22,10.043,0.057626,1.192,0.23333,-1.1689,2.4,0.57874,279.0,3.2194,10.043,100.43,1.766549948305112,,,,Sand,,,Sand 1,1,0.2,3.74,1.27,-2.2700000000000005
-1.7700000000000002,3.24,9.9014,0.056053,1.2247,0.23333,-1.2023,2.4,0.5739,279.0,3.2394,9.9014,99.01400000000001,1.7696584002309366,,,,Sand,,,Sand 1,1,0.2,3.74,1.27,-2.2700000000000005
-1.7899999999999998,3.26,9.7005,0.056061,1.2083,0.23333,-1.1856,2.4,0.58661,280.0,3.2594,9.7005,97.005,1.7823395697310889,,,,Sand,,,Sand 1,1,0.2,3.74,1.27,-2.2700000000000005
-1.8099999999999998,3.28,9.5016,0.056586,1.1888,0.21667,-1.1689,2.4,0.60669,281.0,3.2794,9.5016,95.016,1.797946894124719,,,,Sand,,,Sand 1,1,0.2,3.74,1.27,-2.2700000000000005
-1.8299999999999998,3.3,9.2633,0.055546,1.1832,0.18333,-1.1689,2.4,0.6102,282.0,3.2994,9.2633,92.633,1.8085042505567217,,,,Sand,,,Sand 1,1,0.2,3.74,1.27,-2.2700000000000005
-1.8499999999999999,3.32,9.046,0.055643,1.1997,0.18333,-1.1856,2.4,0.62718,283.0,3.3194,9.046,90.46,1.8237051746678183,,,,Sand,,,Sand 1,1,0.2,3.74,1.27,-2.2700000000000005
-1.8699999999999999,3.34,8.7326,0.055632,1.1503,0.18333,-1.1356,2.4,0.64346,284.0,3.3394,8.7326,87.32600000000001,1.8426227446898606,,,,Sand,,,Sand 1,1,0.2,3.74,1.27,-2.2700000000000005
-1.89,3.36,8.427,0.056059,1.1807,0.16667,-1.1689,2.4,0.66487,284.0,3.3594,8.427,84.27,1.8633963091845607,,,,Sand,,,Sand 1,1,0.2,3.74,1.27,-2.2700000000000005
-1.91,3.38,8.2512,0.057619,1.1972,0.16667,-1.1856,2.4,0.69961,285.0,3.3794,8.2512,82.512,1.8834084516572198,,,,Sand,,,Sand 1,1,0.2,3.74,1.27,-2.2700000000000005
-1.93,3.4,8.0532,0.058469,1.2138,0.16667,-1.2023,2.4,0.72542,286.0,3.3994,8.0532,80.53200000000001,1.9010177016275362,,,,Sand,,,Sand 1,1,0.2,3.74,1.27,-2.2700000000000005
-1.95,3.42,7.8918,0.060195,1.2447,0.15,-1.2356,2.4,0.76044,287.0,3.4194,7.8918,78.918,1.9199268591064438,,,,Sand,,,Sand 1,1,0.2,3.74,1.27,-2.2700000000000005
-1.97,3.44,7.7874,0.062171,1.2681,0.2,-1.2523,2.4,0.797,288.0,3.4394,7.7874,77.874,1.936406584356099,,,,Sand,,,Sand 1,1,0.2,3.74,1.27,-2.2700000000000005
-1.99,3.46,7.6969,0.06205,1.2352,0.2,-1.2189,2.4,0.80791,288.0,3.4594,7.6969,76.96900000000001,1.9439657410918625,,,,Sand,,,Sand 1,1,0.2,3.74,1.27,-2.2700000000000005
-2.01,3.48,7.6394,0.063055,1.2491,0.18333,-1.2356,2.4,0.83566,289.0,3.4794,7.6394,76.394,1.9551502713312325,,,,Sand,,,Sand 1,1,0.2,3.74,1.27,-2.2700000000000005
-2.0300000000000002,3.5,7.5795,0.061956,1.2326,0.18333,-1.2189,2.4,0.83702,290.0,3.4994,7.5795,75.795,1.9583381593149172,,,,Sand,,,Sand 1,1,0.2,3.74,1.27,-2.2700000000000005
-2.05,3.52,7.5054,0.060915,1.238,0.21667,-1.2189,2.4,0.84138,291.0,3.5194,7.5054,75.054,1.9631198851002811,,,,Sand,,,Sand 1,1,0.2,3.74,1.27,-2.2700000000000005
-2.0700000000000003,3.54,7.2885,0.060297,1.2574,0.23333,-1.2356,2.4,0.85406,292.0,3.5394,7.2885,72.885,1.9772550631798957,,,,Sand,,,Sand 1,1,0.2,3.74,1.27,-2.2700000000000005
-2.09,3.56,6.9749,0.059106,1.2544,0.21667,-1.2356,2.4,0.86208,293.0,3.5594,6.9749,69.749,1.9951613645535877,,,,Sand,,,Sand 1,1,0.2,3.74,1.27,-2.2700000000000005
-2.1100000000000003,3.58,6.7433,0.06004,1.2873,0.21667,-1.2689,2.35,0.90598,293.0,3.5794,6.7433,67.43299999999999,2.0196305988813377,,,,Sand,,,Sand 1,1,0.2,3.74,1.27,-2.2700000000000005
-2.13,3.6,6.4918,0.063713,1.2902,0.23333,-1.2689,2.4,0.9993,294.0,3.5994,6.4918,64.91799999999999,2.0580115195956648,,,,Sand mixtures,,,Sand 1,1,0.2,3.74,1.27,-2.2700000000000005
-2.1500000000000004,3.62,6.258,0.064532,1.2821,0.18333,-1.2689,2.4,1.0549,295.0,3.6193,6.258,62.58,2.0848002916800157,,,,Sand mixtures,,,Sand 1,1,0.2,3.74,1.27,-2.2700000000000005
-2.17,3.64,6.0085,0.051142,1.2798,0.16667,-1.2689,2.4,0.8702,296.0,3.6393,6.0085,60.085,2.050606892960323,,,,Sand mixtures,,,Sand 1,1,0.2,3.74,1.27,-2.2700000000000005
-2.1900000000000004,3.66,5.7465,0.048849,1.2517,0.2,-1.2356,2.4,0.86565,297.0,3.6593,5.7465,57.465,2.065328537246086,,,,Sand mixtures,,,Sand 1,1,0.2,3.74,1.27,-2.2700000000000005
-2.21,3.68,5.4949,0.041664,1.2262,0.13333,-1.2189,2.4,0.75659,298.0,3.6793,5.4949,54.949000000000005,2.049520365425177,,,,Sand,,,Sand 1,1,0.2,3.74,1.27,-2.2700000000000005
-2.2300000000000004,3.7,5.2224,0.039489,1.2759,0.13333,-1.2689,2.4,0.72706,299.0,3.6993,5.2224,52.224000000000004,2.0590661189030204,,,,Sand mixtures,,,Sand 1,1,0.2,3.74,1.27,-2.2700000000000005
-2.25,3.72,5.0511,0.0392,1.2633,0.16667,-1.2523,2.4,0.72525,299.0,3.7193,5.0511,50.511,2.070840142015979,,,,Sand mixtures,,,Sand 1,1,0.2,3.74,1.27,-2.2700000000000005
-2.2700000000000005,3.74,4.8718,0.0388,1.3256,0.13333,-1.3189,0.7,0.71214,311.0,3.7393,4.8718,48.718,2.0801508088729386,,,,Sand mixtures,,,Sand 2,2,3.74,6.72,-2.2700000000000005,-5.25
-2.29,3.76,5.4019,0.038483,1.3256,0.13333,-1.3189,2.25,0.68838,312.0,3.7593,5.4019,54.019000000000005,2.034144812565008,,,,Sand,,,Sand 2,2,3.74,6.72,-2.2700000000000005,-5.25
-2.3099999999999996,3.78,5.6536,0.040578,1.3316,0.18333,-1.3189,2.4,0.69643,313.0,3.7793,5.6536,56.536,2.0199296162782927,,,,Sand,,,Sand 2,2,3.74,6.72,-2.2700000000000005,-5.25
-2.33,3.8,5.798,0.0401,1.2821,0.18333,-1.2689,2.45,0.65356,314.0,3.7993,5.798,57.98,1.9961751569344195,,,,Sand,,,Sand 2,2,3.74,6.72,-2.2700000000000005,-5.25
-2.3499999999999996,3.82,6.0931,0.0397,1.3505,0.2,-1.3356,2.35,0.60277,315.0,3.8193,6.0931,60.931,1.95961047583185,,,,Sand,,,Sand 2,2,3.74,6.72,-2.2700000000000005,-5.25
-2.37,3.84,6.6311,0.039207,1.3605,0.15,-1.3523,2.4,0.55327,316.0,3.8393,6.6311,66.311,1.9090620759847954,,,,Sand,,,Sand 2,2,3.74,6.72,-2.2700000000000005,-5.25
-2.3899999999999997,3.86,7.1125,0.038099,1.3905,0.11667,-1.3856,2.4,0.4979,316.0,3.8593,7.1125,71.125,1.8598391285637912,,,,Sand,,,Sand 2,2,3.74,6.72,-2.2700000000000005,-5.25
-2.41,3.88,7.5233,0.042128,1.4038,0.066667,-1.4023,2.4,0.50593,317.0,3.8793,7.5233,75.233,1.8421393481951451,,,,Sand,,,Sand 2,2,3.74,6.72,-2.2700000000000005,-5.25
-2.4299999999999997,3.9,8.4765,0.044746,1.3754,0.13333,-1.3689,2.4,0.49468,318.0,3.8993,8.4765,84.765,1.7925080689189261,,,,Sand,,,Sand 2,2,3.74,6.72,-2.2700000000000005,-5.25
-2.45,3.92,9.4029,0.047446,1.4237,0.11667,-1.4189,2.4,0.48605,319.0,3.9193,9.4029,94.02900000000001,1.7499415783789327,,,,Sand,,,Sand 2,2,3.74,6.72,-2.2700000000000005,-5.25
-2.4699999999999998,3.94,10.179,0.049883,1.4032,0.05,-1.4023,2.4,0.47519,320.0,3.9393,10.179,101.79,1.7154233510244778,,,,Sand,,,Sand 2,2,3.74,6.72,-2.2700000000000005,-5.25
-2.49,3.96,11.197,0.051371,1.3892,0.1,-1.3856,2.4,0.45654,321.0,3.9593,11.197,111.97,1.671058066368556,,,,Sand,,,Sand 2,2,3.74,6.72,-2.2700000000000005,-5.25
-2.51,3.98,11.841,0.054658,1.3705,0.066667,-1.3689,2.4,0.45794,322.0,3.9792,11.841,118.41,1.6511655786925337,,,,Sand,,,Sand 2,2,3.74,6.72,-2.2700000000000005,-5.25
-2.5300000000000002,4.0,12.362,0.058184,1.4032,0.05,-1.4023,2.4,0.46333,322.0,3.9992,12.362,123.62,1.6381212655620914,,,,Sand,,,Sand 2,2,3.74,6.72,-2.2700000000000005,-5.25
-2.55,4.02,13.0,0.062247,1.3865,0.05,-1.3856,2.4,0.47417,323.0,4.0192,13.0,130.0,1.6252961255058853,,,,Sand,,,Sand 2,2,3.74,6.72,-2.2700000000000005,-5.25
-2.5700000000000003,4.04,13.561,0.06491,1.4371,0.066667,-1.4356,2.4,0.47712,324.0,4.0392,13.561,135.61,1.611519486628772,,,,Sand,,,Sand 2,2,3.74,6.72,-2.2700000000000005,-5.25
-2.59,4.06,13.945,0.068114,1.4538,0.066667,-1.4523,2.4,0.48576,325.0,4.0592,13.945,139.45,1.605853870213448,,,,Sand,,,Sand 2,2,3.74,6.72,-2.2700000000000005,-5.25
-2.6100000000000003,4.08,14.378,0.070643,1.4871,0.066667,-1.4856,2.4,0.49037,326.0,4.0792,14.378,143.78,1.597244202020407,,,,Sand,,,Sand 2,2,3.74,6.72,-2.2700000000000005,-5.25
-2.63,4.1,14.736,0.073175,1.4198,0.05,-1.4189,2.4,0.49659,327.0,4.0992,14.736,147.36,1.59162430016147,,,,Sand,,,Sand 2,2,3.74,6.72,-2.2700000000000005,-5.25
-2.6500000000000004,4.12,15.013,0.075381,1.4365,0.05,-1.4356,2.4,0.50225,327.0,4.1192,15.013,150.13,1.5878664661337856,,,,Sand,,,Sand 2,2,3.74,6.72,-2.2700000000000005,-5.25
-2.67,4.14,15.182,0.078345,1.4531,0.05,-1.4523,2.4,0.5137,328.0,4.1392,15.182,151.82,1.5896204815131052,,,,Sand,,,Sand 2,2,3.74,6.72,-2.2700000000000005,-5.25
-2.6900000000000004,4.16,15.434,0.079836,1.469,0.016667,-1.4689,2.4,0.51697,329.0,4.1592,15.434,154.34,1.5854510113083133,,,,Sand,,,Sand 2,2,3.74,6.72,-2.2700000000000005,-5.25
-2.71,4.18,15.635,0.080892,1.486,0.033333,-1.4856,2.4,0.5186,330.0,4.1792,15.635,156.35,1.5817199600076235,,,,Sand,,,Sand 2,2,3.74,6.72,-2.2700000000000005,-5.25
-2.7300000000000004,4.2,15.746,0.081427,1.4526,0.033333,-1.4523,2.4,0.51769,331.0,4.1992,15.746,157.46,1.578791286475103,,,,Sand,,,Sand 2,2,3.74,6.72,-2.2700000000000005,-5.25
-2.75,4.22,15.883,0.081842,1.436,0.033333,-1.4356,2.4,0.51649,332.0,4.2192,15.883,158.83,1.575162458310532,,,,Sand,,,Sand 2,2,3.74,6.72,-2.2700000000000005,-5.25
-2.7700000000000005,4.24,15.916,0.082762,1.4693,0.033333,-1.4689,2.4,0.5195,332.0,4.2392,15.916,159.16,1.5759332171153164,,,,Sand,,,Sand 2,2,3.74,6.72,-2.2700000000000005,-5.25
-2.79,4.26,15.977,0.083361,1.4689,0.0,-1.4689,2.4,0.52148,333.0,4.2592,15.977,159.77,1.5755788601982674,,,,Sand,,,Sand 2,2,3.74,6.72,-2.2700000000000005,-5.25
-2.8100000000000005,4.28,16.058,0.083892,1.4689,0.0,-1.4689,2.4,0.52402,334.0,4.2792,16.058,160.58,1.575071588177833,,,,Sand,,,Sand 2,2,3.74,6.72,-2.2700000000000005,-5.25
-2.83,4.3,16.119,0.084101,1.5026,0.033333,-1.5023,2.4,0.52563,335.0,4.2991,16.119,161.19,1.5745457184755198,,,,Sand,,,Sand 2,2,3.74,6.72,-2.2700000000000005,-5.25
-2.8500000000000005,4.32,16.114,0.084023,1.469,0.016667,-1.4689,2.4,0.526,336.0,4.3191,16.114,161.14,1.5748363490990076,,,,Sand,,,Sand 2,2,3.74,6.72,-2.2700000000000005,-5.25
-2.87,4.34,16.07,0.085064,1.5193,0.033333,-1.5189,2.4,0.5344,336.0,4.3391,16.07,160.7,1.579907171266857,,,,Sand,,,Sand 2,2,3.74,6.72,-2.2700000000000005,-5.25
-2.8900000000000006,4.36,15.937,0.085489,1.4856,0.0,-1.4856,2.4,0.54026,337.0,4.3591,15.937,159.37,1.5856371649290293,,,,Sand,,,Sand 2,2,3.74,6.72,-2.2700000000000005,-5.25
-2.91,4.38,15.809,0.083281,1.4856,0.0,-1.4856,2.45,0.53007,338.0,4.3791,15.809,158.09,1.583492742778283,,,,Sand,,,Sand 2,2,3.74,6.72,-2.2700000000000005,-5.25
-2.9300000000000006,4.4,15.708,0.095923,1.536,-0.033333,-1.5356,2.4,0.61485,339.0,4.3991,15.708,157.08,1.6249256086019748,,,,Sand,,,Sand 2,2,3.74,6.72,-2.2700000000000005,-5.25
-2.95,4.42,15.525,0.0943,1.486,0.033333,-1.4856,2.4,0.6118,340.0,4.4191,15.525,155.25,1.6275818799649893,,,,Sand,,,Sand 2,2,3.74,6.72,-2.2700000000000005,-5.25
-2.9700000000000006,4.44,15.306,0.0926,1.5026,0.033333,-1.5023,2.4,0.60803,341.0,4.4391,15.306,153.06,1.6307807480447323,,,,Sand,,,Sand 2,2,3.74,6.72,-2.2700000000000005,-5.25
-2.99,4.46,15.221,0.090997,1.5026,0.033333,-1.5023,2.35,0.60508,342.0,4.4591,15.221,152.21,1.6313894176671204,,,,Sand,,,Sand 2,2,3.74,6.72,-2.2700000000000005,-5.25
-3.0100000000000007,4.48,15.231,0.088691,1.469,-0.016667,-1.4689,2.45,0.59985,342.0,4.4791,15.231,152.31,1.6288515227148996,,,,Sand,,,Sand 2,2,3.74,6.72,-2.2700000000000005,-5.25
-3.0300000000000002,4.5,14.569,0.086108,1.5197,-0.05,-1.5189,2.4,0.59333,343.0,4.4991,14.569,145.69,1.6412688355753429,,,,Sand,,,Sand 2,2,3.74,6.72,-2.2700000000000005,-5.25
-3.05,4.52,14.465,0.08882,1.5197,-0.05,-1.5189,2.4,0.62364,344.0,4.5191,14.465,144.65,1.6569118090208215,,,,Sand,,,Sand 2,2,3.74,6.72,-2.2700000000000005,-5.25
-3.0700000000000003,4.54,14.283,0.089539,1.536,-0.033333,-1.5356,2.4,0.64207,345.0,4.5391,14.283,142.83,1.6690193108383606,,,,Sand,,,Sand 2,2,3.74,6.72,-2.2700000000000005,-5.25
-3.09,4.56,13.683,0.0877,1.5364,-0.05,-1.5356,2.4,0.64409,346.0,4.5591,13.683,136.83,1.6845780684116745,,,,Sand,,,Sand 2,2,3.74,6.72,-2.2700000000000005,-5.25
-3.1100000000000003,4.58,13.34,0.0858,1.536,-0.033333,-1.5356,2.4,0.64275,347.0,4.579,13.34,133.4,1.692771801481179,,,,Sand,,,Sand 2,2,3.74,6.72,-2.2700000000000005,-5.25
-3.13,4.6,13.145,0.08391,1.537,-0.066667,-1.5356,2.4,0.64125,347.0,4.599,13.145,131.45,1.69724281626095,,,,Sand,,,Sand 2,2,3.74,6.72,-2.2700000000000005,-5.25
-3.1500000000000004,4.62,12.845,0.080253,1.5037,-0.066667,-1.5023,2.4,0.62519,348.0,4.619,12.845,128.45,1.698624519298587,,,,Sand,,,Sand 2,2,3.74,6.72,-2.2700000000000005,-5.25
-3.17,4.64,12.598,0.0781,1.519,-0.016667,-1.5189,2.4,0.61725,349.0,4.639,12.598,125.98,1.7020885193664177,,,,Sand,,,Sand 2,2,3.74,6.72,-2.2700000000000005,-5.25
-3.1900000000000004,4.66,12.431,0.0759,1.5388,-0.1,-1.5356,2.4,0.60745,350.0,4.659,12.431,124.31,1.70264998102411,,,,Sand,,,Sand 2,2,3.74,6.72,-2.2700000000000005,-5.25
-3.21,4.68,12.358,0.073689,1.5711,-0.083333,-1.5689,2.4,0.59696,351.0,4.679,12.358,123.58,1.7002745934590613,,,,Sand,,,Sand 2,2,3.74,6.72,-2.2700000000000005,-5.25
-3.2300000000000004,4.7,12.293,0.073385,1.5721,-0.1,-1.5689,2.4,0.60086,352.0,4.699,12.293,122.93,1.703787679107458,,,,Sand,,,Sand 2,2,3.74,6.72,-2.2700000000000005,-5.25
-3.25,4.72,12.213,0.073859,1.5222,-0.1,-1.5189,2.35,0.60972,352.0,4.719,12.213,122.13,1.7098150763054052,,,,Sand,,,Sand 2,2,3.74,6.72,-2.2700000000000005,-5.25
-3.2700000000000005,4.74,12.076,0.073319,1.5197,-0.05,-1.5189,0.4,0.60907,364.0,4.739,12.076,120.76,1.713509167880781,,,,Sand,,,Sand 2,2,3.74,6.72,-2.2700000000000005,-5.25
-3.29,4.76,11.937,0.072859,1.5697,-0.05,-1.5689,2.25,0.60819,365.0,4.759,11.937,119.37,1.71721747801807,,,,Sand,,,Sand 2,2,3.74,6.72,-2.2700000000000005,-5.25
-3.3100000000000005,4.78,11.799,0.073343,1.5545,-0.083333,-1.5523,2.45,0.61414,366.0,4.779,11.799,117.99,1.7237865182677254,,,,Sand,,,Sand 2,2,3.74,6.72,-2.2700000000000005,-5.25
-3.33,4.8,11.801,0.074062,1.5193,-0.033333,-1.5189,2.4,0.6208,367.0,4.799,11.801,118.01,1.7264710180195366,,,,Sand,,,Sand 2,2,3.74,6.72,-2.2700000000000005,-5.25
-3.3500000000000005,4.82,11.825,0.075111,1.5056,-0.1,-1.5023,2.4,0.62871,368.0,4.819,11.825,118.25,1.7289898150073923,,,,Sand,,,Sand 2,2,3.74,6.72,-2.2700000000000005,-5.25
-3.37,4.84,11.894,0.075821,1.5555,-0.1,-1.5523,2.35,0.63214,369.0,4.839,11.894,118.94,1.7283431105325715,,,,Sand,,,Sand 2,2,3.74,6.72,-2.2700000000000005,-5.25
-3.3900000000000006,4.86,11.993,0.07656,1.5068,-0.11667,-1.5023,2.4,0.63445,370.0,4.8589,11.993,119.93,1.7263771948648827,,,,Sand,,,Sand 2,2,3.74,6.72,-2.2700000000000005,-5.25
-3.41,4.88,12.115,0.077156,1.5379,-0.083333,-1.5356,2.4,0.63523,370.0,4.8789,12.115,121.15,1.723154018994732,,,,Sand,,,Sand 2,2,3.74,6.72,-2.2700000000000005,-5.25
-3.4300000000000006,4.9,12.209,0.077923,1.54,-0.11667,-1.5356,2.4,0.63703,371.0,4.8989,12.209,122.09,1.721184892361357,,,,Sand,,,Sand 2,2,3.74,6.72,-2.2700000000000005,-5.25
-3.45,4.92,12.317,0.077839,1.5222,-0.1,-1.5189,2.4,0.63193,372.0,4.9189,12.317,123.17,1.7160337321448202,,,,Sand,,,Sand 2,2,3.74,6.72,-2.2700000000000005,-5.25
-3.4700000000000006,4.94,12.383,0.077619,1.54,-0.11667,-1.5356,2.4,0.62604,373.0,4.9389,12.383,123.83,1.711750090106584,,,,Sand,,,Sand 2,2,3.74,6.72,-2.2700000000000005,-5.25
-3.49,4.96,12.434,0.077311,1.5263,-0.15,-1.5189,2.4,0.61955,374.0,4.9589,12.434,124.34,1.7076281325919993,,,,Sand,,,Sand 2,2,3.74,6.72,-2.2700000000000005,-5.25
-3.5100000000000007,4.98,12.511,0.078871,1.5566,-0.11667,-1.5523,2.4,0.62745,374.0,4.9789,12.511,125.11,1.7087406064064166,,,,Sand,,,Sand 2,2,3.74,6.72,-2.2700000000000005,-5.25
-3.5300000000000002,5.0,12.578,0.077422,1.5612,-0.16667,-1.5523,2.45,0.6114,375.0,4.9989,12.578,125.78,1.7001927164550663,,,,Sand,,,Sand 2,2,3.74,6.72,-2.2700000000000005,-5.25
-3.55,5.02,12.64,0.076486,1.5429,-0.15,-1.5356,2.35,0.59941,376.0,5.0189,12.64,126.4,1.6933898600071622,,,,Sand,,,Sand 2,2,3.74,6.72,-2.2700000000000005,-5.25
-3.5700000000000003,5.04,12.756,0.078059,1.5733,-0.11667,-1.5689,2.4,0.60671,377.0,5.0389,12.756,127.56,1.6932944487965111,,,,Sand,,,Sand 2,2,3.74,6.72,-2.2700000000000005,-5.25
-3.59,5.06,12.942,0.078723,1.5761,-0.15,-1.5689,2.4,0.60672,378.0,5.0589,12.942,129.42,1.6882374721910196,,,,Sand,,,Sand 2,2,3.74,6.72,-2.2700000000000005,-5.25
-3.6100000000000003,5.08,13.061,0.079915,1.5746,-0.13333,-1.5689,2.4,0.61082,379.0,5.0789,13.061,130.61,1.6867843055446703,,,,Sand,,,Sand 2,2,3.74,6.72,-2.2700000000000005,-5.25
-3.63,5.1,13.16,0.08118,1.5912,-0.13333,-1.5856,2.45,0.61581,379.0,5.0989,13.16,131.6,1.686265805725933,,,,Sand,,,Sand 2,2,3.74,6.72,-2.2700000000000005,-5.25
-3.6500000000000004,5.12,13.281,0.08528,1.5746,-0.13333,-1.5689,2.35,0.64375,380.0,5.1189,13.281,132.81,1.6947113338033437,,,,Sand,,,Sand 2,2,3.74,6.72,-2.2700000000000005,-5.25
-3.67,5.14,13.384,0.087201,1.6147,-0.2,-1.6023,2.4,0.65758,381.0,5.1388,13.384,133.84,1.697674484882523,,,,Sand,,,Sand 2,2,3.74,6.72,-2.2700000000000005,-5.25
-3.6900000000000004,5.16,13.442,0.088034,1.5912,-0.13333,-1.5856,2.4,0.66513,382.0,5.1588,13.442,134.42,1.6992272290145982,,,,Sand,,,Sand 2,2,3.74,6.72,-2.2700000000000005,-5.25
-3.71,5.18,13.435,0.089007,1.5777,-0.16667,-1.5689,2.45,0.67645,383.0,5.1788,13.435,134.35,1.7039134884264573,,,,Sand,,,Sand 2,2,3.74,6.72,-2.2700000000000005,-5.25
-3.7300000000000004,5.2,13.275,0.088358,1.563,-0.18333,-1.5523,2.4,0.67842,384.0,5.1988,13.275,132.75,1.708790617169632,,,,Sand,,,Sand 2,2,3.74,6.72,-2.2700000000000005,-5.25
-3.75,5.22,13.049,0.085677,1.5595,-0.15,-1.5523,2.4,0.66704,385.0,5.2188,13.049,130.49,1.7101795755749218,,,,Sand,,,Sand 2,2,3.74,6.72,-2.2700000000000005,-5.25
-3.7700000000000005,5.24,12.858,0.083558,1.5612,-0.16667,-1.5523,2.4,0.66217,385.0,5.2388,12.858,128.58,1.7133203082756727,,,,Sand,,,Sand 2,2,3.74,6.72,-2.2700000000000005,-5.25
-3.79,5.26,12.539,0.080343,1.5651,-0.2,-1.5523,2.45,0.64997,386.0,5.2588,12.539,125.39,1.7171287833440878,,,,Sand,,,Sand 2,2,3.74,6.72,-2.2700000000000005,-5.25
-3.8100000000000005,5.28,12.208,0.076223,1.5927,-0.15,-1.5856,2.4,0.63098,387.0,5.2788,12.208,122.08,1.7187507654827892,,,,Sand,,,Sand 2,2,3.74,6.72,-2.2700000000000005,-5.25
-3.83,5.3,11.947,0.069057,1.5943,-0.16667,-1.5856,2.4,0.58586,388.0,5.2988,11.947,119.47,1.7074731498471178,,,,Sand,,,Sand 2,2,3.74,6.72,-2.2700000000000005,-5.25
-3.8500000000000005,5.32,11.639,0.061101,1.5981,-0.2,-1.5856,2.4,0.53282,389.0,5.3188,11.639,116.39,1.6933598224468644,,,,Sand,,,Sand 2,2,3.74,6.72,-2.2700000000000005,-5.25
-3.87,5.34,11.373,0.054595,1.6003,-0.21667,-1.5856,2.35,0.48989,390.0,5.3388,11.373,113.73,1.6816744096412415,,,,Sand,,,Sand 2,2,3.74,6.72,-2.2700000000000005,-5.25
-3.8900000000000006,5.36,11.027,0.046356,1.5722,-0.25,-1.5523,2.45,0.42797,390.0,5.3588,11.027,110.27,1.6621620259063075,,,,Sand,,,Sand 2,2,3.74,6.72,-2.2700000000000005,-5.25
-3.91,5.38,10.706,0.040885,1.6003,-0.21667,-1.5856,2.4,0.3882,391.0,5.3788,10.706,107.06,1.6520425366256672,,,,Sand,,,Sand 2,2,3.74,6.72,-2.2700000000000005,-5.25
-3.9300000000000006,5.4,10.3,0.037655,1.6052,-0.25,-1.5856,2.45,0.36715,392.0,5.3987,10.3,103.0,1.6550839024897828,,,,Sand,,,Sand 2,2,3.74,6.72,-2.2700000000000005,-5.25
-3.95,5.42,9.9551,0.037377,1.5981,-0.2,-1.5856,2.35,0.37336,393.0,5.4187,9.9551,99.551,1.671560979672144,,,,Sand,,,Sand 2,2,3.74,6.72,-2.2700000000000005,-5.25
-3.9700000000000006,5.44,9.7045,0.035546,1.6191,-0.23333,-1.6023,2.4,0.3631,394.0,5.4387,9.7045,97.045,1.6756519758583923,,,,Sand,,,Sand 2,2,3.74,6.72,-2.2700000000000005,-5.25
-3.99,5.46,9.5515,0.036599,1.6078,-0.26667,-1.5856,2.4,0.38135,394.0,5.4587,9.5515,95.515,1.6917465679407009,,,,Sand,,,Sand 2,2,3.74,6.72,-2.2700000000000005,-5.25
-4.010000000000001,5.48,9.4325,0.038174,1.5862,-0.23333,-1.5689,2.4,0.40414,395.0,5.4787,9.4325,94.325,1.7085946984506677,,,,Sand,,,Sand 2,2,3.74,6.72,-2.2700000000000005,-5.25
-4.03,5.5,9.4127,0.040087,1.6243,-0.26667,-1.6023,2.4,0.42942,396.0,5.4987,9.4127,94.127,1.722288972951074,,,,Sand,,,Sand 2,2,3.74,6.72,-2.2700000000000005,-5.25
-4.05,5.52,9.2538,0.042002,1.6168,-0.21667,-1.6023,2.4,0.45378,397.0,5.5187,9.2538,92.538,1.7406639491501619,,,,Sand,,,Sand 2,2,3.74,6.72,-2.2700000000000005,-5.25
-4.07,5.54,9.1661,0.042996,1.6003,-0.21667,-1.5856,2.4,0.46731,398.0,5.5387,9.1661,91.661,1.7506868641922724,,,,Sand,,,Sand 2,2,3.74,6.72,-2.2700000000000005,-5.25
-4.09,5.56,9.0888,0.044118,1.6736,-0.26667,-1.6523,2.4,0.48139,399.0,5.5587,9.0888,90.888,1.7604298935601272,,,,Sand,,,Sand 2,2,3.74,6.72,-2.2700000000000005,-5.25
-4.11,5.58,9.0719,0.044248,1.6628,-0.3,-1.6356,2.4,0.48444,399.0,5.5787,9.0719,90.719,1.7625311399649066,,,,Sand,,,Sand 2,2,3.74,6.72,-2.2700000000000005,-5.25
-4.13,5.6,9.0716,0.044399,1.6546,-0.25,-1.6356,2.4,0.48689,400.0,5.5987,9.0716,90.71600000000001,1.7636696872886715,,,,Sand,,,Sand 2,2,3.74,6.72,-2.2700000000000005,-5.25
-4.15,5.62,9.1088,0.044302,1.5943,-0.28333,-1.5689,2.4,0.48654,401.0,5.6187,9.1088,91.08800000000001,1.7619851397838142,,,,Sand,,,Sand 2,2,3.74,6.72,-2.2700000000000005,-5.25
-4.17,5.64,9.1442,0.043145,1.6435,-0.28333,-1.6189,2.4,0.47494,402.0,5.6386,9.1442,91.442,1.7551644634419554,,,,Sand,,,Sand 2,2,3.74,6.72,-2.2700000000000005,-5.25
-4.19,5.66,9.1651,0.043504,1.6792,-0.3,-1.6523,2.4,0.48171,403.0,5.6586,9.1651,91.65100000000001,1.757461849230772,,,,Sand,,,Sand 2,2,3.74,6.72,-2.2700000000000005,-5.25
-4.21,5.68,9.1338,0.043666,1.6736,-0.26667,-1.6523,2.4,0.48824,404.0,5.6786,9.1338,91.33800000000001,1.7617455771379462,,,,Sand,,,Sand 2,2,3.74,6.72,-2.2700000000000005,-5.25
-4.23,5.7,9.0596,0.044685,1.6407,-0.26667,-1.6189,2.4,0.50681,404.0,5.6986,9.0596,90.596,1.773182930937773,,,,Sand,,,Sand 2,2,3.74,6.72,-2.2700000000000005,-5.25
-4.25,5.72,8.92,0.04354,1.6659,-0.31667,-1.6356,2.4,0.50326,405.0,5.7186,8.92,89.2,1.777355403114167,,,,Sand,,,Sand 2,2,3.74,6.72,-2.2700000000000005,-5.25
-4.2700000000000005,5.74,8.6455,0.043196,1.6764,-0.28333,-1.6523,0.7,0.51063,417.0,5.7386,8.6455,86.455,1.792237122768129,,,,Sand,,,Sand 2,2,3.74,6.72,-2.2700000000000005,-5.25
-4.29,5.76,8.371,0.042443,1.6435,-0.28333,-1.6189,2.3,0.5148,418.0,5.7586,8.371,83.71,1.8060587807623054,,,,Sand,,,Sand 2,2,3.74,6.72,-2.2700000000000005,-5.25
-4.3100000000000005,5.78,8.0965,0.04041,1.6529,-0.33333,-1.6189,2.4,0.50401,419.0,5.7786,8.0965,80.965,1.8137831324657443,,,,Sand,,,Sand 2,2,3.74,6.72,-2.2700000000000005,-5.25
-4.33,5.8,7.822,0.038395,1.6659,-0.31667,-1.6356,2.45,0.49333,420.0,5.7986,7.822,78.22,1.8220172515650255,,,,Sand,,,Sand 2,2,3.74,6.72,-2.2700000000000005,-5.25
-4.3500000000000005,5.82,7.6269,0.037676,1.6928,-0.28333,-1.6689,2.35,0.49843,421.0,5.8186,7.6269,76.26899999999999,1.8337491998363933,,,,Sand,,,Sand 2,2,3.74,6.72,-2.2700000000000005,-5.25
-4.37,5.84,7.4142,0.036162,1.6928,-0.28333,-1.6689,2.4,0.49184,422.0,5.8386,7.4142,74.142,1.8415257205231579,,,,Sand,,,Sand 2,2,3.74,6.72,-2.2700000000000005,-5.25
-4.390000000000001,5.86,7.246,0.035239,1.6726,-0.35,-1.6356,2.4,0.49233,422.0,5.8586,7.246,72.46,1.8504039951572617,,,,Sand,,,Sand 2,2,3.74,6.72,-2.2700000000000005,-5.25
-4.41,5.88,7.0403,0.034371,1.6435,-0.28333,-1.6189,2.4,0.49244,423.0,5.8785,7.0403,70.403,1.8613433351263975,,,,Sand,,,Sand 2,2,3.74,6.72,-2.2700000000000005,-5.25
-4.430000000000001,5.9,6.8541,0.033038,1.6855,-0.33333,-1.6523,2.4,0.48476,424.0,5.8985,6.8541,68.541,1.868180055498949,,,,Sand,,,Sand 2,2,3.74,6.72,-2.2700000000000005,-5.25
-4.45,5.92,6.7186,0.032689,1.725,-0.36667,-1.6856,2.4,0.49032,425.0,5.9185,6.7186,67.186,1.8781656224665417,,,,Sand,,,Sand 2,2,3.74,6.72,-2.2700000000000005,-5.25
-4.470000000000001,5.94,6.5383,0.032076,1.7378,-0.35,-1.7023,2.4,0.49146,426.0,5.9385,6.5383,65.383,1.8889937213167067,,,,Sand,,,Sand 2,2,3.74,6.72,-2.2700000000000005,-5.25
-4.49,5.96,6.3998,0.031037,1.6889,-0.35,-1.6523,2.4,0.48492,427.0,5.9585,6.3998,63.998000000000005,1.8943549206206935,,,,Sand,,,Sand 2,2,3.74,6.72,-2.2700000000000005,-5.25
-4.510000000000001,5.98,6.3115,0.030619,1.7314,-0.31667,-1.7023,2.4,0.48648,427.0,5.9785,6.3115,63.115,1.9003220977815956,,,,Sand,,,Sand 2,2,3.74,6.72,-2.2700000000000005,-5.25
-4.53,6.0,6.2254,0.029274,1.7182,-0.33333,-1.6856,2.4,0.47128,428.0,5.9985,6.2254,62.254,1.8990425896150818,,,,Sand,,,Sand 2,2,3.74,6.72,-2.2700000000000005,-5.25
-4.55,6.02,6.1257,0.030263,1.7019,-0.33333,-1.6689,2.4,0.49063,429.0,6.0185,6.1257,61.257,1.9134884082258248,,,,Sand,,,Sand 2,2,3.74,6.72,-2.2700000000000005,-5.25
-4.57,6.04,6.029,0.0307,1.715,-0.31667,-1.6856,2.4,0.49839,430.0,6.0385,6.029,60.29,1.9228116021386836,,,,Sand,,,Sand 2,2,3.74,6.72,-2.2700000000000005,-5.25
-4.59,6.06,6.0046,0.0305,1.6878,-0.41667,-1.6356,2.4,0.4934,431.0,6.0585,6.0046,60.04600000000001,1.9222795789990075,,,,Sand,,,Sand 2,2,3.74,6.72,-2.2700000000000005,-5.25
-4.61,6.08,6.0588,0.0303,1.6961,-0.38333,-1.6523,2.4,0.4872,432.0,6.0785,6.0588,60.588,1.9162388778102935,,,,Sand,,,Sand 2,2,3.74,6.72,-2.2700000000000005,-5.25
-4.63,6.1,6.1917,0.0301,1.6855,-0.33333,-1.6523,2.4,0.47949,433.0,6.0984,6.1917,61.917,1.9046589714715898,,,,Sand,,,Sand 2,2,3.74,6.72,-2.2700000000000005,-5.25
-4.65,6.12,6.3321,0.030686,1.6676,-0.4,-1.6189,2.4,0.48369,433.0,6.1184,6.3321,63.321,1.8978868551860426,,,,Sand,,,Sand 2,2,3.74,6.72,-2.2700000000000005,-5.25
-4.67,6.14,6.4859,0.027421,1.6961,-0.38333,-1.6523,2.4,0.4286,434.0,6.1384,6.4859,64.859,1.8641500883636097,,,,Sand,,,Sand 2,2,3.74,6.72,-2.2700000000000005,-5.25
-4.69,6.16,6.5259,0.026176,1.6761,-0.36667,-1.6356,2.4,0.40655,435.0,6.1584,6.5259,65.259,1.851390106030684,,,,Sand,,,Sand 2,2,3.74,6.72,-2.2700000000000005,-5.25
-4.71,6.18,6.5924,0.027124,1.7201,-0.41667,-1.6689,2.4,0.42022,436.0,6.1784,6.5924,65.92399999999999,1.8539444899931636,,,,Sand,,,Sand 2,2,3.74,6.72,-2.2700000000000005,-5.25
-4.73,6.2,6.5608,0.027143,1.6726,-0.35,-1.6356,2.4,0.42147,437.0,6.1984,6.5608,65.608,1.8563896538147273,,,,Sand,,,Sand 2,2,3.74,6.72,-2.2700000000000005,-5.25
-4.75,6.22,6.4358,0.027533,1.6961,-0.38333,-1.6523,2.4,0.43092,437.0,6.2184,6.4358,64.358,1.868217107171996,,,,Sand,,,Sand 2,2,3.74,6.72,-2.2700000000000005,-5.25
-4.7700000000000005,6.24,6.3835,0.028481,1.725,-0.36667,-1.6856,2.4,0.45064,438.0,6.2384,6.3835,63.835,1.8803210901393217,,,,Sand,,,Sand 2,2,3.74,6.72,-2.2700000000000005,-5.25
-4.79,6.26,6.3216,0.028891,1.7403,-0.43333,-1.6856,2.4,0.4642,439.0,6.2584,6.3216,63.216,1.8900752527780464,,,,Sand,,,Sand 2,2,3.74,6.72,-2.2700000000000005,-5.25
-4.8100000000000005,6.28,6.2143,0.026276,1.7286,-0.38333,-1.6856,2.4,0.43,440.0,6.2784,6.2143,62.142999999999994,1.8813351823446722,,,,Sand,,,Sand 2,2,3.74,6.72,-2.2700000000000005,-5.25
-4.83,6.3,6.0806,0.025875,1.725,-0.36667,-1.6856,2.4,0.43161,441.0,6.2984,6.0806,60.806,1.8904914953511998,,,,Sand,,,Sand 2,2,3.74,6.72,-2.2700000000000005,-5.25
-4.8500000000000005,6.32,5.973,0.025603,1.7413,-0.36667,-1.7023,2.4,0.43591,441.0,6.3184,5.973,59.73,1.89935428819185,,,,Sand,,,Sand 2,2,3.74,6.72,-2.2700000000000005,-5.25
-4.87,6.34,5.8212,0.024989,1.725,-0.36667,-1.6856,2.4,0.43486,442.0,6.3383,5.8212,58.211999999999996,1.908859896051233,,,,Sand,,,Sand 2,2,3.74,6.72,-2.2700000000000005,-5.25
-4.890000000000001,6.36,5.656,0.023444,1.7448,-0.38333,-1.7023,2.4,0.41691,443.0,6.3583,5.656,56.56,1.9119218197207464,,,,Sand,,,Sand 2,2,3.74,6.72,-2.2700000000000005,-5.25
-4.91,6.38,5.5098,0.022228,1.7413,-0.36667,-1.7023,2.4,0.40345,444.0,6.3783,5.5098,55.098,1.9159592802008731,,,,Sand,,,Sand 2,2,3.74,6.72,-2.2700000000000005,-5.25
-4.930000000000001,6.4,5.4116,0.020788,1.7486,-0.4,-1.7023,2.4,0.38527,445.0,6.3983,5.4116,54.11600000000001,1.9144960725220865,,,,Sand,,,Sand 2,2,3.74,6.72,-2.2700000000000005,-5.25
-4.95,6.42,5.3051,0.020093,1.7448,-0.38333,-1.7023,2.4,0.38019,446.0,6.4183,5.3051,53.051,1.9199207331637684,,,,Sand,,,Sand 2,2,3.74,6.72,-2.2700000000000005,-5.25
-4.970000000000001,6.44,5.2294,0.019031,1.7973,-0.4,-1.7523,2.4,0.3674,447.0,6.4383,5.2294,52.294,1.919469813713946,,,,Sand,,,Sand 2,2,3.74,6.72,-2.2700000000000005,-5.25
-4.99,6.46,5.17,0.018047,1.7848,-0.41667,-1.7356,2.4,0.35485,447.0,6.4583,5.17,51.7,1.9178880261731304,,,,Sand,,,Sand 2,2,3.74,6.72,-2.2700000000000005,-5.25
-5.010000000000001,6.48,5.0624,0.016992,1.7936,-0.38333,-1.7523,2.4,0.3401,448.0,6.4783,5.0624,50.624,1.918960564577163,,,,Sand,,,Sand 2,2,3.74,6.72,-2.2700000000000005,-5.25
-5.03,6.5,4.935,0.016797,1.8135,-0.4,-1.7689,2.4,0.34202,449.0,6.4983,4.935,49.35,1.930104192812475,,,,Sand,,,Sand 2,2,3.74,6.72,-2.2700000000000005,-5.25
-5.05,6.52,4.8169,0.016735,1.7868,-0.35,-1.7523,2.4,0.34663,450.0,6.5183,4.8169,48.169000000000004,1.9420597582767205,,,,Sand,,,Sand 2,2,3.74,6.72,-2.2700000000000005,-5.25
-5.07,6.54,4.7564,0.016756,1.7611,-0.38333,-1.7189,2.4,0.35338,451.0,6.5382,4.7564,47.56400000000001,1.9503965135432242,,,,Sand,,,Sand 2,2,3.74,6.72,-2.2700000000000005,-5.25
-5.09,6.56,4.6954,0.016479,1.8011,-0.41667,-1.7523,2.4,0.35412,452.0,6.5582,4.6954,46.95400000000001,1.9559074304807926,,,,Sand,,,Sand 2,2,3.74,6.72,-2.2700000000000005,-5.25
-5.11,6.58,4.6232,0.016278,1.7973,-0.4,-1.7523,2.4,0.35702,453.0,6.5782,4.6232,46.232,1.9634881444332097,,,,Sand,,,Sand 2,2,3.74,6.72,-2.2700000000000005,-5.25
-5.13,6.6,4.5647,0.016377,1.8011,-0.41667,-1.7523,2.4,0.36682,453.0,6.5982,4.5647,45.647,1.973219337862632,,,,Sand,,,Sand 2,2,3.74,6.72,-2.2700000000000005,-5.25
-5.15,6.62,4.4798,0.017095,1.8176,-0.48333,-1.7523,2.4,0.39177,454.0,6.6182,4.4798,44.798,1.9921947399116375,,,,Sand,,,Sand 2,2,3.74,6.72,-2.2700000000000005,-5.25
-5.17,6.64,4.3559,0.018343,1.805,-0.43333,-1.7523,2.4,0.42965,455.0,6.6382,4.3559,43.559000000000005,2.01992094457301,,,,Sand,,,Sand 2,2,3.74,6.72,-2.2700000000000005,-5.25
-5.19,6.66,4.1835,0.017321,1.8173,-0.41667,-1.7689,2.4,0.41232,456.0,6.6582,4.1835,41.835,2.028403735593782,,,,Sand,,,Sand 2,2,3.74,6.72,-2.2700000000000005,-5.25
-5.21,6.68,4.0565,0.016535,1.8099,-0.38333,-1.7689,2.4,0.39777,457.0,6.6782,4.0565,40.565,2.0342754403482233,,,,Sand,,,Sand 2,2,3.74,6.72,-2.2700000000000005,-5.25
-5.23,6.7,3.9497,0.016723,1.8588,-0.38333,-1.8189,2.4,0.40391,457.0,6.6982,3.9497,39.497,2.0475615456911176,,,,Sand,,,Sand 2,2,3.74,6.72,-2.2700000000000005,-5.25
-5.25,6.72,3.9403,0.017043,1.805,-0.43333,-1.7523,2.4,0.40806,458.0,6.7182,3.9403,39.403,2.0503031126424505,,,,Sand mixtures,,,Sand 3,3,6.72,25.28,-5.25,-23.810000000000002
-5.2700000000000005,6.74,4.0764,0.017933,1.8135,-0.4,-1.7689,0.4,0.42074,470.0,6.7381,4.0764,40.763999999999996,2.042285412463414,,,,Sand,,,Sand 3,3,6.72,25.28,-5.25,-23.810000000000002
-5.29,6.76,4.2125,0.01878,1.8374,-0.43333,-1.7856,2.15,0.42637,471.0,6.7581,4.2125,42.125,2.0317136270064293,,,,Sand,,,Sand 3,3,6.72,25.28,-5.25,-23.810000000000002
-5.3100000000000005,6.78,4.3486,0.020296,1.8575,-0.45,-1.8023,2.35,0.44119,472.0,6.7781,4.3486,43.486000000000004,2.0254681501669944,,,,Sand,,,Sand 3,3,6.72,25.28,-5.25,-23.810000000000002
-5.33,6.8,4.6444,0.022171,1.8899,-0.45,-1.8356,2.45,0.45911,473.0,6.7981,4.6444,46.443999999999996,2.007197042231977,,,,Sand,,,Sand 3,3,6.72,25.28,-5.25,-23.810000000000002
-5.3500000000000005,6.82,4.8693,0.024342,1.8698,-0.43333,-1.8189,2.4,0.47884,474.0,6.8181,4.8693,48.693000000000005,1.9969397484554197,,,,Sand,,,Sand 3,3,6.72,25.28,-5.25,-23.810000000000002
-5.37,6.84,5.1951,0.026469,1.8778,-0.46667,-1.8189,2.4,0.49396,475.0,6.8381,5.1951,51.951,1.9780731521326524,,,,Sand,,,Sand 3,3,6.72,25.28,-5.25,-23.810000000000002
-5.390000000000001,6.86,5.5146,0.027986,1.8294,-0.46667,-1.7689,2.4,0.49565,475.0,6.8581,5.5146,55.145999999999994,1.9558142238220202,,,,Sand,,,Sand 3,3,6.72,25.28,-5.25,-23.810000000000002
-5.41,6.88,5.7723,0.027857,1.8252,-0.45,-1.7689,2.4,0.47081,476.0,6.8781,5.7723,57.723,1.9278646235933279,,,,Sand,,,Sand 3,3,6.72,25.28,-5.25,-23.810000000000002
-5.430000000000001,6.9,6.1114,0.027062,1.8294,-0.46667,-1.7689,2.4,0.43782,477.0,6.8981,6.1114,61.114,1.891351953972389,,,,Sand,,,Sand 3,3,6.72,25.28,-5.25,-23.810000000000002
-5.45,6.92,6.4134,0.027564,1.8737,-0.45,-1.8189,2.4,0.42902,478.0,6.9181,6.4134,64.134,1.8686875566575902,,,,Sand,,,Sand 3,3,6.72,25.28,-5.25,-23.810000000000002
-5.470000000000001,6.94,6.6499,0.028326,1.8575,-0.45,-1.8023,2.4,0.42651,479.0,6.938,6.6499,66.499,1.8535365447794387,,,,Sand,,,Sand 3,3,6.72,25.28,-5.25,-23.810000000000002
-5.49,6.96,6.8091,0.030167,1.8455,-0.46667,-1.7856,2.4,0.44086,480.0,6.958,6.8091,68.09100000000001,1.8510783298900213,,,,Sand,,,Sand 3,3,6.72,25.28,-5.25,-23.810000000000002
-5.510000000000001,6.98,6.9836,0.031534,1.8698,-0.43333,-1.8189,2.4,0.44868,480.0,6.978,6.9836,69.836,1.8449638391957397,,,,Sand,,,Sand 3,3,6.72,25.28,-5.25,-23.810000000000002
-5.53,7.0,7.1439,0.032692,1.8698,-0.43333,-1.8189,2.4,0.45474,481.0,6.998,7.1439,71.43900000000001,1.839057655327317,,,,Sand,,,Sand 3,3,6.72,25.28,-5.25,-23.810000000000002
-5.55,7.02,7.248,0.032227,1.8698,-0.43333,-1.8189,2.4,0.43823,482.0,7.018,7.248,72.48,1.8259047101192958,,,,Sand,,,Sand 3,3,6.72,25.28,-5.25,-23.810000000000002
-5.57,7.04,7.3838,0.034503,1.8623,-0.4,-1.8189,2.4,0.45867,483.0,7.038,7.3838,73.83800000000001,1.8282642152532211,,,,Sand,,,Sand 3,3,6.72,25.28,-5.25,-23.810000000000002
-5.59,7.06,7.5932,0.038006,1.8822,-0.41667,-1.8356,2.4,0.49419,484.0,7.058,7.5932,75.932,1.8335624750362947,,,,Sand,,,Sand 3,3,6.72,25.28,-5.25,-23.810000000000002
-5.61,7.08,7.7016,0.038835,1.8737,-0.45,-1.8189,2.4,0.49507,485.0,7.078,7.7016,77.016,1.8286144665870017,,,,Sand,,,Sand 3,3,6.72,25.28,-5.25,-23.810000000000002
-5.63,7.1,7.9687,0.038443,1.8461,-0.4,-1.8023,2.4,0.48038,485.0,7.098,7.9687,79.687,1.8092541587548119,,,,Sand,,,Sand 3,3,6.72,25.28,-5.25,-23.810000000000002
-5.65,7.12,8.156,0.038373,1.9275,-0.4,-1.8856,2.4,0.47004,486.0,7.1179,8.156,81.56,1.7958000438705528,,,,Sand,,,Sand 3,3,6.72,25.28,-5.25,-23.810000000000002
-5.67,7.14,8.3304,0.037577,1.8751,-0.38333,-1.8356,2.4,0.4519,487.0,7.1379,8.3304,83.304,1.779363760111582,,,,Sand,,,Sand 3,3,6.72,25.28,-5.25,-23.810000000000002
-5.69,7.16,8.3739,0.037589,1.8915,-0.38333,-1.8523,2.4,0.44345,488.0,7.1579,8.3739,83.73900000000002,1.7733730986888514,,,,Sand,,,Sand 3,3,6.72,25.28,-5.25,-23.810000000000002
-5.71,7.18,8.5125,0.040066,1.8915,-0.38333,-1.8523,2.4,0.46376,489.0,7.1779,8.5125,85.125,1.776777940467315,,,,Sand,,,Sand 3,3,6.72,25.28,-5.25,-23.810000000000002
-5.73,7.2,8.6745,0.03846,1.8718,-0.36667,-1.8356,2.4,0.43666,490.0,7.1979,8.6745,86.745,1.7567361063367077,,,,Sand,,,Sand 3,3,6.72,25.28,-5.25,-23.810000000000002
-5.75,7.22,8.8063,0.0376,1.9275,-0.4,-1.8856,2.4,0.41909,490.0,7.2179,8.8063,88.06300000000002,1.7423365130018469,,,,Sand,,,Sand 3,3,6.72,25.28,-5.25,-23.810000000000002
-5.7700000000000005,7.24,8.9909,0.0368,1.931,-0.41667,-1.8856,2.4,0.4022,491.0,7.2379,8.9909,89.90899999999999,1.7258498069263393,,,,Sand,,,Sand 3,3,6.72,25.28,-5.25,-23.810000000000002
-5.79,7.26,9.2709,0.03591,1.9636,-0.41667,-1.9189,2.4,0.38527,492.0,7.2579,9.2709,92.709,1.7052566199150785,,,,Sand,,,Sand 3,3,6.72,25.28,-5.25,-23.810000000000002
-5.8100000000000005,7.28,9.5029,0.035792,1.9209,-0.36667,-1.8856,2.45,0.3779,493.0,7.2779,9.5029,95.029,1.691834255921991,,,,Sand,,,Sand 3,3,6.72,25.28,-5.25,-23.810000000000002
-5.83,7.3,9.6432,0.036556,1.9014,-0.35,-1.8689,2.4,0.38083,494.0,7.2978,9.6432,96.432,1.687811926250033,,,,Sand,,,Sand 3,3,6.72,25.28,-5.25,-23.810000000000002
-5.8500000000000005,7.32,9.796,0.036772,1.9601,-0.4,-1.9189,2.4,0.37964,495.0,7.3178,9.796,97.96,1.6811580114969127,,,,Sand,,,Sand 3,3,6.72,25.28,-5.25,-23.810000000000002
-5.87,7.34,9.8818,0.0376,1.9341,-0.35,-1.9023,2.4,0.38705,496.0,7.3378,9.8818,98.818,1.6818431236501947,,,,Sand,,,Sand 3,3,6.72,25.28,-5.25,-23.810000000000002
-5.890000000000001,7.36,9.8799,0.038552,1.9372,-0.36667,-1.9023,2.4,0.39858,496.0,7.3578,9.8799,98.79899999999999,1.6880760446245942,,,,Sand,,,Sand 3,3,6.72,25.28,-5.25,-23.810000000000002
-5.91,7.38,9.8259,0.039311,1.9178,-0.35,-1.8856,2.4,0.41066,497.0,7.3778,9.8259,98.25900000000001,1.696489439289295,,,,Sand,,,Sand 3,3,6.72,25.28,-5.25,-23.810000000000002
-5.930000000000001,7.4,9.6865,0.039714,1.9505,-0.35,-1.9189,2.35,0.42161,498.0,7.3978,9.6865,96.865,1.707523104972057,,,,Sand,,,Sand 3,3,6.72,25.28,-5.25,-23.810000000000002
-5.95,7.42,9.4988,0.039706,1.9241,-0.38333,-1.8856,2.45,0.42997,499.0,7.4178,9.4988,94.988,1.7191303799187472,,,,Sand,,,Sand 3,3,6.72,25.28,-5.25,-23.810000000000002
-5.970000000000001,7.44,9.1667,0.039215,1.9764,-0.4,-1.9356,2.45,0.4344,500.0,7.4378,9.1667,91.667,1.7347612283524518,,,,Sand,,,Sand 3,3,6.72,25.28,-5.25,-23.810000000000002
-5.99,7.46,8.8472,0.038478,1.9372,-0.36667,-1.9023,2.35,0.43671,500.0,7.4578,8.8472,88.47200000000001,1.7493006220002414,,,,Sand,,,Sand 3,3,6.72,25.28,-5.25,-23.810000000000002
-6.010000000000001,7.48,8.5696,0.037964,1.9536,-0.36667,-1.9189,2.4,0.44115,501.0,7.4777,8.5696,85.69599999999998,1.7635191264967014,,,,Sand,,,Sand 3,3,6.72,25.28,-5.25,-23.810000000000002
-6.03,7.5,8.4013,0.037025,1.9863,-0.36667,-1.9523,2.4,0.43974,502.0,7.4977,8.4013,84.013,1.77035365099558,,,,Sand,,,Sand 3,3,6.72,25.28,-5.25,-23.810000000000002
-6.05,7.52,8.223,0.036655,2.0027,-0.36667,-1.9689,2.4,0.44301,503.0,7.5177,8.223,82.23,1.7800570784344933,,,,Sand,,,Sand 3,3,6.72,25.28,-5.25,-23.810000000000002
-6.07,7.54,8.0945,0.036089,2.0222,-0.38333,-1.9856,2.4,0.442,504.0,7.5377,8.0945,80.945,1.7855548422815204,,,,Sand,,,Sand 3,3,6.72,25.28,-5.25,-23.810000000000002
-6.09,7.56,8.0444,0.035448,2.0058,-0.38333,-1.9689,2.4,0.43842,505.0,7.5577,8.0444,80.444,1.7862068987067556,,,,Sand,,,Sand 3,3,6.72,25.28,-5.25,-23.810000000000002
-6.11,7.58,8.0109,0.035825,1.9613,-0.31667,-1.9356,2.4,0.44662,505.0,7.5777,8.0109,80.109,1.7916882128167195,,,,Sand,,,Sand 3,3,6.72,25.28,-5.25,-23.810000000000002
-6.13,7.6,8.0005,0.035373,1.9669,-0.35,-1.9356,2.4,0.44325,506.0,7.5977,8.0005,80.00500000000001,1.790587047775973,,,,Sand,,,Sand 3,3,6.72,25.28,-5.25,-23.810000000000002
-6.15,7.62,7.9748,0.034979,2.0162,-0.35,-1.9856,2.4,0.43951,507.0,7.6177,7.9748,79.748,1.7900329235276746,,,,Sand,,,Sand 3,3,6.72,25.28,-5.25,-23.810000000000002
-6.17,7.64,7.9334,0.0351,2.0106,-0.31667,-1.9856,2.4,0.44169,508.0,7.6376,7.9334,79.334,1.793049450481794,,,,Sand,,,Sand 3,3,6.72,25.28,-5.25,-23.810000000000002
-6.19,7.66,7.8902,0.0352,2.0162,-0.35,-1.9856,2.4,0.4437,509.0,7.6576,7.8902,78.902,1.7960780049900278,,,,Sand,,,Sand 3,3,6.72,25.28,-5.25,-23.810000000000002
-6.21,7.68,7.8941,0.035243,2.0162,-0.35,-1.9856,2.4,0.44523,510.0,7.6776,7.8941,78.94099999999999,1.7966123488543388,,,,Sand,,,Sand 3,3,6.72,25.28,-5.25,-23.810000000000002
-6.23,7.7,7.9222,0.036553,2.0386,-0.38333,-2.0023,2.4,0.46295,510.0,7.6976,7.9222,79.222,1.803523256035935,,,,Sand,,,Sand 3,3,6.72,25.28,-5.25,-23.810000000000002
-6.25,7.72,7.9478,0.037582,2.0058,-0.38333,-1.9689,2.4,0.47683,511.0,7.7176,7.9478,79.47800000000001,1.8086408730264973,,,,Sand,,,Sand 3,3,6.72,25.28,-5.25,-23.810000000000002
-6.2700000000000005,7.74,7.9035,0.038131,2.0519,-0.36667,-2.0189,0.05,0.48412,523.0,7.7376,7.9035,79.035,1.814026359944514,,,,Sand,,,Sand 3,3,6.72,25.28,-5.25,-23.810000000000002
-6.29,7.76,7.8592,0.038591,2.0355,-0.36667,-2.0023,2.15,0.48993,524.0,7.7576,7.8592,78.59200000000001,1.8187295919519313,,,,Sand,,,Sand 3,3,6.72,25.28,-5.25,-23.810000000000002
-6.3100000000000005,7.78,7.8149,0.038971,2.0058,-0.38333,-1.9689,2.35,0.49471,525.0,7.7776,7.8149,78.149,1.8229667319753162,,,,Sand,,,Sand 3,3,6.72,25.28,-5.25,-23.810000000000002
-6.33,7.8,7.8213,0.039295,2.0355,-0.36667,-2.0023,2.45,0.4989,526.0,7.7975,7.8213,78.21300000000001,1.8244994055189274,,,,Sand,,,Sand 3,3,6.72,25.28,-5.25,-23.810000000000002
-6.3500000000000005,7.82,7.8478,0.039608,2.0355,-0.36667,-2.0023,2.35,0.5028,527.0,7.8175,7.8478,78.47800000000001,1.8249351595506516,,,,Sand,,,Sand 3,3,6.72,25.28,-5.25,-23.810000000000002
-6.37,7.84,7.8972,0.039417,2.0106,-0.31667,-1.9856,2.35,0.50014,528.0,7.8375,7.8972,78.972,1.8214197994206096,,,,Sand,,,Sand 3,3,6.72,25.28,-5.25,-23.810000000000002
-6.390000000000001,7.86,7.9288,0.038547,2.0326,-0.35,-2.0023,2.4,0.48879,528.0,7.8575,7.9288,79.288,1.8149084198622465,,,,Sand,,,Sand 3,3,6.72,25.28,-5.25,-23.810000000000002
-6.41,7.88,7.9377,0.038438,2.0298,-0.33333,-2.0023,2.4,0.48722,529.0,7.8775,7.9377,79.37700000000001,1.8137871058941846,,,,Sand,,,Sand 3,3,6.72,25.28,-5.25,-23.810000000000002
-6.430000000000001,7.9,7.9129,0.038563,2.0462,-0.33333,-2.0189,2.4,0.48877,530.0,7.8975,7.9129,79.12899999999999,1.8156541000071786,,,,Sand,,,Sand 3,3,6.72,25.28,-5.25,-23.810000000000002
-6.45,7.92,7.8895,0.038453,2.0355,-0.36667,-2.0023,2.4,0.48789,531.0,7.9175,7.8895,78.895,1.8163760737157073,,,,Sand,,,Sand 3,3,6.72,25.28,-5.25,-23.810000000000002
-6.470000000000001,7.94,7.8553,0.038958,2.0654,-0.35,-2.0356,2.4,0.49546,532.0,7.9375,7.8553,78.553,1.821360210919244,,,,Sand,,,Sand 3,3,6.72,25.28,-5.25,-23.810000000000002
-6.49,7.96,7.8445,0.03901,2.0683,-0.36667,-2.0356,2.4,0.49784,533.0,7.9574,7.8445,78.445,1.8229230033320785,,,,Sand,,,Sand 3,3,6.72,25.28,-5.25,-23.810000000000002
-6.510000000000001,7.98,7.8516,0.038838,2.0818,-0.35,-2.0523,2.4,0.49741,533.0,7.9774,7.8516,78.516,1.8223946538896387,,,,Sand,,,Sand 3,3,6.72,25.28,-5.25,-23.810000000000002
-6.53,8.0,7.8325,0.039527,2.0765,-0.31667,-2.0523,2.4,0.50831,534.0,7.9974,7.8325,78.325,1.8280602345326311,,,,Sand,,,Sand 3,3,6.72,25.28,-5.25,-23.810000000000002
-6.55,8.02,7.7812,0.039587,2.0818,-0.35,-2.0523,2.4,0.5117,535.0,8.0174,7.7812,77.812,1.831983502502064,,,,Sand,,,Sand 3,3,6.72,25.28,-5.25,-23.810000000000002
-6.569999999999999,8.04,7.7199,0.039313,2.0683,-0.36667,-2.0356,2.4,0.5113,536.0,8.0374,7.7199,77.199,1.8347728851192626,,,,Sand,,,Sand 3,3,6.72,25.28,-5.25,-23.810000000000002
-6.590000000000001,8.06,7.6897,0.039216,2.1011,-0.36667,-2.0689,2.4,0.514,537.0,8.0574,7.6897,76.89699999999999,1.837399076887879,,,,Sand,,,Sand 3,3,6.72,25.28,-5.25,-23.810000000000002
-6.61,8.08,7.6335,0.038571,2.0847,-0.36667,-2.0523,2.4,0.50988,538.0,8.0774,7.6335,76.335,1.8383805018647503,,,,Sand,,,Sand 3,3,6.72,25.28,-5.25,-23.810000000000002
-6.63,8.1,7.538,0.037684,2.093,-0.31667,-2.0689,2.4,0.50264,538.0,8.0974,7.538,75.38,1.8399857531006094,,,,Sand,,,Sand 3,3,6.72,25.28,-5.25,-23.810000000000002
-6.6499999999999995,8.12,7.4636,0.037325,2.1175,-0.36667,-2.0856,2.4,0.50236,539.0,8.1173,7.4636,74.636,1.8435950420571867,,,,Sand,,,Sand 3,3,6.72,25.28,-5.25,-23.810000000000002
-6.670000000000001,8.14,7.3776,0.036981,2.0877,-0.38333,-2.0523,2.4,0.50298,540.0,8.1373,7.3776,73.77600000000001,1.8482239405294898,,,,Sand,,,Sand 3,3,6.72,25.28,-5.25,-23.810000000000002
-6.69,8.16,7.3141,0.036795,2.1339,-0.36667,-2.1023,2.4,0.50664,541.0,8.1573,7.3141,73.14099999999999,1.8530483949588468,,,,Sand,,,Sand 3,3,6.72,25.28,-5.25,-23.810000000000002
-6.71,8.18,7.2406,0.036249,2.0877,-0.38333,-2.0523,2.4,0.50572,542.0,8.1773,7.2406,72.40599999999999,1.8564578927597997,,,,Sand,,,Sand 3,3,6.72,25.28,-5.25,-23.810000000000002
-6.7299999999999995,8.2,7.1824,0.035988,2.0956,-0.33333,-2.0689,2.4,0.50938,543.0,8.1973,7.1824,71.82400000000001,1.861056825174957,,,,Sand,,,Sand 3,3,6.72,25.28,-5.25,-23.810000000000002
-6.750000000000001,8.22,7.0697,0.035657,2.1205,-0.38333,-2.0856,2.4,0.51234,543.0,8.2173,7.0697,70.697,1.868266504879883,,,,Sand,,,Sand 3,3,6.72,25.28,-5.25,-23.810000000000002
-6.7700000000000005,8.24,6.9142,0.03467,2.112,-0.33333,-2.0856,2.4,0.50595,544.0,8.2373,6.9142,69.142,1.8739573651128656,,,,Sand,,,Sand 3,3,6.72,25.28,-5.25,-23.810000000000002
-6.79,8.26,6.7807,0.034177,2.1175,-0.36667,-2.0856,2.4,0.50677,545.0,8.2572,6.7807,67.807,1.8816738190476041,,,,Sand,,,Sand 3,3,6.72,25.28,-5.25,-23.810000000000002
-6.81,8.28,6.6418,0.03267,2.0877,-0.38333,-2.0523,2.4,0.4926,546.0,8.2772,6.6418,66.418,1.8835095298108808,,,,Sand,,,Sand 3,3,6.72,25.28,-5.25,-23.810000000000002
-6.830000000000001,8.3,6.5329,0.03162,2.1147,-0.35,-2.0856,2.4,0.48473,547.0,8.2972,6.5329,65.329,1.8864262996356111,,,,Sand,,,Sand 3,3,6.72,25.28,-5.25,-23.810000000000002
-6.8500000000000005,8.32,6.4567,0.031365,2.1339,-0.36667,-2.1023,2.4,0.4881,547.0,8.3172,6.4567,64.567,1.8923406233646178,,,,Sand,,,Sand 3,3,6.72,25.28,-5.25,-23.810000000000002
-6.87,8.34,6.3732,0.031301,2.1011,-0.36667,-2.0689,2.4,0.49393,548.0,8.3372,6.3732,63.732,1.8997761056812734,,,,Sand,,,Sand 3,3,6.72,25.28,-5.25,-23.810000000000002
-6.89,8.36,6.289,0.031492,2.1259,-0.31667,-2.1023,2.4,0.50304,549.0,8.3572,6.289,62.89,1.9086620157569683,,,,Sand,,,Sand 3,3,6.72,25.28,-5.25,-23.810000000000002
-6.910000000000001,8.38,6.1973,0.032007,2.1175,-0.36667,-2.0856,2.4,0.51672,550.0,8.3772,6.1973,61.973,1.9198879617131057,,,,Sand,,,Sand 3,3,6.72,25.28,-5.25,-23.810000000000002
-6.930000000000001,8.4,6.1365,0.03207,2.1339,-0.36667,-2.1023,2.4,0.52307,551.0,8.3971,6.1365,61.365,1.926210051665652,,,,Sand,,,Sand 3,3,6.72,25.28,-5.25,-23.810000000000002
-6.95,8.42,6.0704,0.031889,2.1339,-0.36667,-2.1023,2.4,0.52549,552.0,8.4171,6.0704,60.70400000000001,1.9312942141526837,,,,Sand,,,Sand 3,3,6.72,25.28,-5.25,-23.810000000000002
-6.97,8.44,6.0265,0.032009,2.1369,-0.38333,-2.1023,2.4,0.53308,553.0,8.4371,6.0265,60.265,1.937084300791288,,,,Sand,,,Sand 3,3,6.72,25.28,-5.25,-23.810000000000002
-6.990000000000001,8.46,6.0038,0.03192,2.1311,-0.35,-2.1023,2.4,0.53706,553.0,8.4571,6.0038,60.038000000000004,1.9400941213879859,,,,Sand,,,Sand 3,3,6.72,25.28,-5.25,-23.810000000000002
-7.010000000000001,8.48,5.9524,0.031606,2.1339,-0.36667,-2.1023,2.4,0.53755,554.0,8.4771,5.9524,59.523999999999994,1.9435444090242193,,,,Sand,,,Sand 3,3,6.72,25.28,-5.25,-23.810000000000002
-7.03,8.5,5.871,0.031164,2.1614,-0.33333,-2.1356,2.4,0.53585,555.0,8.4971,5.871,58.71,1.9480923097852139,,,,Sand,,,Sand 3,3,6.72,25.28,-5.25,-23.810000000000002
-7.05,8.52,5.7781,0.030622,2.1369,-0.38333,-2.1023,2.4,0.53222,556.0,8.5171,5.7781,57.781000000000006,1.9527126884033843,,,,Sand,,,Sand 3,3,6.72,25.28,-5.25,-23.810000000000002
-7.069999999999999,8.54,5.7094,0.02984,2.1533,-0.38333,-2.1189,2.4,0.52415,557.0,8.5371,5.7094,57.093999999999994,1.9540596257339988,,,,Sand,,,Sand 3,3,6.72,25.28,-5.25,-23.810000000000002
-7.090000000000001,8.56,5.6265,0.02951,2.1533,-0.38333,-2.1189,2.4,0.5233,558.0,8.557,5.6265,56.265,1.9592940481056391,,,,Sand,,,Sand 3,3,6.72,25.28,-5.25,-23.810000000000002
-7.11,8.58,5.5592,0.029214,2.1533,-0.38333,-2.1189,2.4,0.52179,558.0,8.577,5.5592,55.592,1.9632831823629138,,,,Sand,,,Sand 3,3,6.72,25.28,-5.25,-23.810000000000002
-7.13,8.6,5.5289,0.029149,2.1369,-0.38333,-2.1023,2.4,0.52256,559.0,8.597,5.5289,55.28900000000001,1.9656745407581708,,,,Sand,,,Sand 3,3,6.72,25.28,-5.25,-23.810000000000002
-7.1499999999999995,8.62,5.5185,0.028872,2.1835,-0.36667,-2.1525,2.4,0.51765,560.0,8.617,5.5185,55.185,1.9644404168026288,,,,Sand,,,Sand 3,3,6.72,25.28,-5.25,-23.810000000000002
-7.170000000000001,8.64,5.5218,0.0274,2.1727,-0.4,-2.1356,2.4,0.48907,561.0,8.637,5.5218,55.218,1.9526036108886657,,,,Sand,,,Sand 3,3,6.72,25.28,-5.25,-23.810000000000002
-7.19,8.66,5.5479,0.027,2.1863,-0.38333,-2.1525,2.4,0.47752,562.0,8.657,5.5479,55.479000000000006,1.9459747790504593,,,,Sand,,,Sand 3,3,6.72,25.28,-5.25,-23.810000000000002
-7.21,8.68,5.6133,0.0267,2.1893,-0.4,-2.1525,2.4,0.46609,563.0,8.6769,5.6133,56.133,1.9366126040971816,,,,Sand,,,Sand 3,3,6.72,25.28,-5.25,-23.810000000000002
-7.2299999999999995,8.7,5.7047,0.0263,2.2197,-0.38333,-2.1864,2.4,0.45169,563.0,8.6969,5.7047,57.047,1.9241475612858412,,,,Sand,,,Sand 3,3,6.72,25.28,-5.25,-23.810000000000002
-7.250000000000001,8.72,5.8251,0.026472,2.1697,-0.38333,-2.1356,2.4,0.4455,564.0,8.7169,5.8251,58.251000000000005,1.9133444249274276,,,,Sand,,,Sand 3,3,6.72,25.28,-5.25,-23.810000000000002
-7.2700000000000005,8.74,5.9739,0.027604,2.1863,-0.38333,-2.1525,0.0,0.45463,576.0,8.7369,5.9739,59.739000000000004,1.9076283340465312,,,,Sand,,,Sand 3,3,6.72,25.28,-5.25,-23.810000000000002
-7.29,8.76,6.1226,0.028889,2.1893,-0.4,-2.1525,1.95,0.46532,577.0,8.7569,6.1226,61.226000000000006,1.9028420647226292,,,,Sand,,,Sand 3,3,6.72,25.28,-5.25,-23.810000000000002
-7.31,8.78,6.2714,0.029474,2.1893,-0.4,-2.1525,2.35,0.46419,578.0,8.7769,6.2714,62.714,1.893129397856852,,,,Sand,,,Sand 3,3,6.72,25.28,-5.25,-23.810000000000002
-7.330000000000001,8.8,6.4779,0.030489,2.2123,-0.43333,-2.1695,2.4,0.46979,579.0,8.7969,6.4779,64.779,1.8831709198927402,,,,Sand,,,Sand 3,3,6.72,25.28,-5.25,-23.810000000000002
-7.3500000000000005,8.82,6.5852,0.031835,2.2156,-0.45,-2.1695,2.4,0.48023,580.0,8.8168,6.5852,65.852,1.8814449939967415,,,,Sand,,,Sand 3,3,6.72,25.28,-5.25,-23.810000000000002
-7.37,8.84,6.706,0.032372,2.2424,-0.41667,-2.2034,2.35,0.47888,581.0,8.8368,6.706,67.06,1.8739317426059847,,,,Sand,,,Sand 3,3,6.72,25.28,-5.25,-23.810000000000002
-7.39,8.86,6.8344,0.033502,2.2197,-0.38333,-2.1864,2.4,0.48737,581.0,8.8568,6.8344,68.344,1.8704043389138743,,,,Sand,,,Sand 3,3,6.72,25.28,-5.25,-23.810000000000002
-7.410000000000001,8.88,6.9486,0.03442,2.2197,-0.38333,-2.1864,2.4,0.49451,582.0,8.8768,6.9486,69.48599999999999,1.8671996241813584,,,,Sand,,,Sand 3,3,6.72,25.28,-5.25,-23.810000000000002
-7.430000000000001,8.9,7.0878,0.035466,2.2654,-0.45,-2.2203,2.4,0.50475,583.0,8.8968,7.0878,70.87799999999999,1.8640850452984399,,,,Sand,,,Sand 3,3,6.72,25.28,-5.25,-23.810000000000002
-7.45,8.92,7.1681,0.035601,2.2257,-0.41667,-2.1864,2.4,0.50354,584.0,8.9168,7.1681,71.681,1.8593188850726001,,,,Sand,,,Sand 3,3,6.72,25.28,-5.25,-23.810000000000002
-7.47,8.94,7.1848,0.035276,2.2257,-0.41667,-2.1864,2.4,0.49721,585.0,8.9368,7.1848,71.848,1.8557216599577722,,,,Sand,,,Sand 3,3,6.72,25.28,-5.25,-23.810000000000002
-7.490000000000001,8.96,7.1691,0.03493,2.2621,-0.43333,-2.2203,2.4,0.49165,586.0,8.9567,7.1691,71.691,1.854141627774001,,,,Sand,,,Sand 3,3,6.72,25.28,-5.25,-23.810000000000002
-7.510000000000001,8.98,7.1133,0.034424,2.2455,-0.43333,-2.2034,2.4,0.48479,586.0,8.9767,7.1133,71.133,1.8541092907244072,,,,Sand,,,Sand 3,3,6.72,25.28,-5.25,-23.810000000000002
-7.53,9.0,7.0559,0.03453,2.179,-0.43333,-2.1356,2.4,0.48699,587.0,8.9967,7.0559,70.55900000000001,1.8581401704854885,,,,Sand,,,Sand 3,3,6.72,25.28,-5.25,-23.810000000000002
-7.55,9.02,7.0305,0.034593,2.2621,-0.43333,-2.2203,2.4,0.48816,588.0,9.0167,7.0305,70.305,1.8600158622464629,,,,Sand,,,Sand 3,3,6.72,25.28,-5.25,-23.810000000000002
-7.569999999999999,9.04,7.0273,0.034401,2.256,-0.4,-2.2203,2.4,0.48488,589.0,9.0367,7.0273,70.273,1.8587600773698791,,,,Sand,,,Sand 3,3,6.72,25.28,-5.25,-23.810000000000002
-7.590000000000001,9.06,7.0568,0.033903,2.282,-0.45,-2.2373,2.4,0.47567,590.0,9.0567,7.0568,70.568,1.853124460730364,,,,Sand,,,Sand 3,3,6.72,25.28,-5.25,-23.810000000000002
-7.61,9.08,7.0861,0.033719,2.259,-0.41667,-2.2203,2.4,0.46955,590.0,9.0766,7.0861,70.861,1.848831279844962,,,,Sand,,,Sand 3,3,6.72,25.28,-5.25,-23.810000000000002
-7.63,9.1,7.1522,0.033323,2.2621,-0.43333,-2.2203,2.4,0.45864,591.0,9.0966,7.1522,71.52199999999999,1.8403880038369882,,,,Sand,,,Sand 3,3,6.72,25.28,-5.25,-23.810000000000002
-7.6499999999999995,9.12,7.236,0.033538,2.282,-0.45,-2.2373,2.4,0.4541,592.0,9.1166,7.236,72.36,1.8338783087670714,,,,Sand,,,Sand 3,3,6.72,25.28,-5.25,-23.810000000000002
-7.670000000000001,9.14,7.3745,0.034132,2.2757,-0.41667,-2.2373,2.4,0.453,593.0,9.1366,7.3745,73.745,1.826145926506685,,,,Sand,,,Sand 3,3,6.72,25.28,-5.25,-23.810000000000002
-7.69,9.16,7.486,0.034727,2.3054,-0.48333,-2.2542,2.4,0.44907,594.0,9.1566,7.486,74.86,1.8186122230709765,,,,Sand,,,Sand 3,3,6.72,25.28,-5.25,-23.810000000000002
-7.71,9.18,7.7049,0.035346,2.3219,-0.48333,-2.2712,2.4,0.44333,595.0,9.1766,7.7049,77.049,1.8049494767939354,,,,Sand,,,Sand 3,3,6.72,25.28,-5.25,-23.810000000000002
-7.7299999999999995,9.2,7.9874,0.036954,2.2986,-0.45,-2.2542,2.4,0.44891,596.0,9.1966,7.9874,79.874,1.7938825304522878,,,,Sand,,,Sand 3,3,6.72,25.28,-5.25,-23.810000000000002
-7.750000000000001,9.22,8.2512,0.039258,2.3089,-0.5,-2.2542,2.4,0.4618,596.0,9.2165,8.2512,82.512,1.7876151231970807,,,,Sand,,,Sand 3,3,6.72,25.28,-5.25,-23.810000000000002
-7.7700000000000005,9.24,8.6721,0.040909,2.3121,-0.43333,-2.2712,2.4,0.46619,597.0,9.2365,8.6721,86.721,1.7709283871584551,,,,Sand,,,Sand 3,3,6.72,25.28,-5.25,-23.810000000000002
-7.79,9.26,9.071,0.042183,2.3219,-0.48333,-2.2712,2.4,0.46708,598.0,9.2565,9.071,90.71,1.7544810423476722,,,,Sand,,,Sand 3,3,6.72,25.28,-5.25,-23.810000000000002
-7.81,9.28,9.3075,0.043706,2.3551,-0.48333,-2.3051,2.4,0.47193,599.0,9.2765,9.3075,93.075,1.7471460630034963,,,,Sand,,,Sand 3,3,6.72,25.28,-5.25,-23.810000000000002
-7.830000000000001,9.3,9.5288,0.046013,2.2954,-0.43333,-2.2542,2.45,0.4866,600.0,9.2965,9.5288,95.28800000000001,1.7452588007847427,,,,Sand,,,Sand 3,3,6.72,25.28,-5.25,-23.810000000000002
-7.8500000000000005,9.32,9.6781,0.046998,2.2986,-0.45,-2.2542,2.4,0.49023,601.0,9.3165,9.6781,96.781,1.7411797615228868,,,,Sand,,,Sand 3,3,6.72,25.28,-5.25,-23.810000000000002
-7.87,9.34,9.7538,0.048357,2.3385,-0.48333,-2.2881,2.4,0.50072,601.0,9.3364,9.7538,97.538,1.7431296419768079,,,,Sand,,,Sand 3,3,6.72,25.28,-5.25,-23.810000000000002
-7.89,9.36,9.8266,0.049193,2.3586,-0.5,-2.3051,2.45,0.50781,602.0,9.3564,9.8266,98.26599999999999,1.743621195919107,,,,Sand,,,Sand 3,3,6.72,25.28,-5.25,-23.810000000000002
-7.910000000000001,9.38,9.8098,0.049517,2.3291,-0.51667,-2.2712,2.45,0.51148,603.0,9.3764,9.8098,98.098,1.7459127629593751,,,,Sand,,,Sand 3,3,6.72,25.28,-5.25,-23.810000000000002
-7.930000000000001,9.4,9.7203,0.049273,2.3952,-0.51667,-2.339,2.4,0.51049,604.0,9.3964,9.7203,97.20299999999999,1.7488378655601924,,,,Sand,,,Sand 3,3,6.72,25.28,-5.25,-23.810000000000002
-7.95,9.42,9.6353,0.049074,2.3319,-0.45,-2.2881,2.4,0.51048,605.0,9.4164,9.6353,96.35300000000001,1.7520676492910718,,,,Sand,,,Sand 3,3,6.72,25.28,-5.25,-23.810000000000002
-7.97,9.44,9.5448,0.048821,2.3485,-0.45,-2.3051,2.4,0.51036,606.0,9.4364,9.5448,95.44800000000001,1.755491364584362,,,,Sand,,,Sand 3,3,6.72,25.28,-5.25,-23.810000000000002
-7.990000000000001,9.46,9.4805,0.048414,2.3684,-0.46667,-2.322,2.45,0.50861,606.0,9.4563,9.4805,94.805,1.7571971748945672,,,,Sand,,,Sand 3,3,6.72,25.28,-5.25,-23.810000000000002
-8.01,9.48,9.4459,0.048784,2.3622,-0.51667,-2.3051,2.4,0.51468,607.0,9.4763,9.4459,94.459,1.761266359438062,,,,Sand,,,Sand 3,3,6.72,25.28,-5.25,-23.810000000000002
-8.03,9.5,9.4435,0.048581,2.3818,-0.45,-2.339,2.4,0.51449,608.0,9.4963,9.4435,94.435,1.7612752181452642,,,,Sand,,,Sand 3,3,6.72,25.28,-5.25,-23.810000000000002
-8.049999999999999,9.52,9.4476,0.048571,2.3883,-0.48333,-2.339,2.4,0.51601,609.0,9.5163,9.4476,94.476,1.7617931181425572,,,,Sand,,,Sand 3,3,6.72,25.28,-5.25,-23.810000000000002
-8.069999999999999,9.54,9.4329,0.048398,2.3787,-0.51667,-2.322,2.4,0.51555,610.0,9.5363,9.4329,94.329,1.7621619434681717,,,,Sand,,,Sand 3,3,6.72,25.28,-5.25,-23.810000000000002
-8.09,9.56,9.3964,0.048482,2.3622,-0.51667,-2.3051,2.45,0.51772,610.0,9.5563,9.3964,93.964,1.7645559337916166,,,,Sand,,,Sand 3,3,6.72,25.28,-5.25,-23.810000000000002
-8.11,9.58,9.348,0.048631,2.3984,-0.45,-2.3559,2.4,0.5206,611.0,9.5762,9.348,93.48,1.7677342713595396,,,,Sand,,,Sand 3,3,6.72,25.28,-5.25,-23.810000000000002
-8.129999999999999,9.6,9.3086,0.048119,2.4083,-0.5,-2.3559,2.4,0.51668,612.0,9.5962,9.3086,93.086,1.767555031240428,,,,Sand,,,Sand 3,3,6.72,25.28,-5.25,-23.810000000000002
-8.149999999999999,9.62,9.2783,0.047928,2.3989,-0.53333,-2.339,2.4,0.51597,613.0,9.6162,9.2783,92.78299999999999,1.7684426888998515,,,,Sand,,,Sand 3,3,6.72,25.28,-5.25,-23.810000000000002
-8.17,9.64,9.2606,0.047594,2.3883,-0.48333,-2.339,2.4,0.51288,614.0,9.6362,9.2606,92.60600000000001,1.7677735259721565,,,,Sand,,,Sand 3,3,6.72,25.28,-5.25,-23.810000000000002
-8.19,9.66,9.2579,0.0454,2.3883,-0.48333,-2.339,2.45,0.48922,615.0,9.6562,9.2579,92.579,1.7571774532926345,,,,Sand,,,Sand 3,3,6.72,25.28,-5.25,-23.810000000000002
-8.209999999999999,9.68,9.2222,0.0433,2.3622,-0.51667,-2.3051,2.45,0.46807,615.0,9.6761,9.2222,92.22200000000001,1.7487642509434453,,,,Sand,,,Sand 3,3,6.72,25.28,-5.25,-23.810000000000002
-8.229999999999999,9.7,9.2394,0.041158,2.4182,-0.46667,-2.3729,2.4,0.44562,616.0,9.6961,9.2394,92.39399999999999,1.7372930880634776,,,,Sand,,,Sand 3,3,6.72,25.28,-5.25,-23.810000000000002
-8.25,9.72,9.322,0.041939,2.3917,-0.5,-2.339,2.4,0.45495,617.0,9.7161,9.322,93.22,1.73847437424936,,,,Sand,,,Sand 3,3,6.72,25.28,-5.25,-23.810000000000002
-8.27,9.74,9.3515,0.043027,2.4049,-0.48333,-2.3559,2.4,0.46791,618.0,9.7361,9.3515,93.515,1.7434867106597913,,,,Sand,,,Sand 3,3,6.72,25.28,-5.25,-23.810000000000002
-8.29,9.76,9.0746,0.044121,2.3717,-0.48333,-2.322,1.7,0.48126,630.0,9.7561,9.0746,90.74600000000001,1.760952850272423,,,,Sand,,,Sand 3,3,6.72,25.28,-5.25,-23.810000000000002
-8.309999999999999,9.78,9.1609,0.044799,2.3952,-0.51667,-2.339,2.4,0.49063,631.0,9.7761,9.1609,91.609,1.7617387992916462,,,,Sand,,,Sand 3,3,6.72,25.28,-5.25,-23.810000000000002
-8.33,9.8,9.1187,0.045025,2.3883,-0.48333,-2.339,2.4,0.49631,632.0,9.796,9.1187,91.18700000000001,1.766042515457916,,,,Sand,,,Sand 3,3,6.72,25.28,-5.25,-23.810000000000002
-8.35,9.82,9.0753,0.045127,2.3684,-0.46667,-2.322,2.45,0.50153,633.0,9.816,9.0753,90.75300000000001,1.770172533620547,,,,Sand,,,Sand 3,3,6.72,25.28,-5.25,-23.810000000000002
-8.37,9.84,8.9995,0.044821,2.4182,-0.46667,-2.3729,2.4,0.50095,633.0,9.836,8.9995,89.995,1.7730244270192723,,,,Sand,,,Sand 3,3,6.72,25.28,-5.25,-23.810000000000002
-8.389999999999999,9.86,8.9444,0.044481,2.3861,-0.55,-2.322,2.4,0.50084,634.0,9.856,8.9444,89.444,1.7752557512020661,,,,Sand,,,Sand 3,3,6.72,25.28,-5.25,-23.810000000000002
-8.41,9.88,8.8513,0.044279,2.4118,-0.51667,-2.3559,2.4,0.50225,635.0,9.876,8.8513,88.51299999999999,1.7797755586264215,,,,Sand,,,Sand 3,3,6.72,25.28,-5.25,-23.810000000000002
-8.43,9.9,8.7571,0.044375,2.4016,-0.46667,-2.3559,2.45,0.50703,636.0,9.896,8.7571,87.57099999999998,1.785880816540432,,,,Sand,,,Sand 3,3,6.72,25.28,-5.25,-23.810000000000002
-8.45,9.92,8.6706,0.044362,2.3861,-0.55,-2.322,2.4,0.5104,637.0,9.9159,8.6706,86.706,1.7910587946843193,,,,Sand,,,Sand 3,3,6.72,25.28,-5.25,-23.810000000000002
-8.469999999999999,9.94,8.6328,0.04384,2.3952,-0.51667,-2.339,2.4,0.50824,637.0,9.9359,8.6328,86.32799999999999,1.791729379939262,,,,Sand,,,Sand 3,3,6.72,25.28,-5.25,-23.810000000000002
-8.49,9.96,8.5971,0.043981,2.3883,-0.48333,-2.339,2.4,0.51385,638.0,9.9559,8.5971,85.97099999999999,1.795736945359415,,,,Sand,,,Sand 3,3,6.72,25.28,-5.25,-23.810000000000002
-8.51,9.98,8.5629,0.043528,2.4356,-0.55,-2.3729,2.45,0.51242,639.0,9.9759,8.5629,85.62900000000002,1.7965909986589264,,,,Sand,,,Sand 3,3,6.72,25.28,-5.25,-23.810000000000002
-8.53,10.0,8.5161,0.043376,2.4415,-0.5,-2.3898,2.4,0.51458,640.0,9.9959,8.5161,85.161,1.7995730188387622,,,,Sand,,,Sand 3,3,6.72,25.28,-5.25,-23.810000000000002
-8.549999999999999,10.02,8.4192,0.042901,2.4381,-0.48333,-2.3898,2.4,0.51311,641.0,10.016,8.4192,84.19200000000001,1.8031860010662433,,,,Sand,,,Sand 3,3,6.72,25.28,-5.25,-23.810000000000002
-8.569999999999999,10.04,8.3163,0.042085,2.4522,-0.55,-2.3898,2.4,0.5072,642.0,10.036,8.3163,83.163,1.8051795430288826,,,,Sand,,,Sand 3,3,6.72,25.28,-5.25,-23.810000000000002
-8.59,10.06,8.2411,0.041314,2.4852,-0.55,-2.4237,2.45,0.50099,642.0,10.056,8.2411,82.41099999999999,1.8058370753661295,,,,Sand,,,Sand 3,3,6.72,25.28,-5.25,-23.810000000000002
-8.61,10.08,8.1482,0.040935,2.4485,-0.53333,-2.3898,2.4,0.49822,643.0,10.076,8.1482,81.48199999999999,1.8088533009943883,,,,Sand,,,Sand 3,3,6.72,25.28,-5.25,-23.810000000000002
-8.629999999999999,10.1,8.0879,0.040979,2.4349,-0.46667,-2.3898,2.4,0.49914,644.0,10.096,8.0879,80.87899999999999,1.8120401214344828,,,,Sand,,,Sand 3,3,6.72,25.28,-5.25,-23.810000000000002
-8.649999999999999,10.12,8.0881,0.040971,2.4395,-0.56667,-2.3729,2.4,0.49788,645.0,10.116,8.0881,80.881,1.8114748686713926,,,,Sand,,,Sand 3,3,6.72,25.28,-5.25,-23.810000000000002
-8.67,10.14,8.1557,0.041416,2.4852,-0.55,-2.4237,2.45,0.50045,646.0,10.136,8.1557,81.557,1.8094936154208436,,,,Sand,,,Sand 3,3,6.72,25.28,-5.25,-23.810000000000002
-8.69,10.16,8.2739,0.041036,2.4852,-0.55,-2.4237,2.4,0.49124,647.0,10.156,8.2739,82.73899999999999,1.8000165727756978,,,,Sand,,,Sand 3,3,6.72,25.28,-5.25,-23.810000000000002
-8.709999999999999,10.18,8.3672,0.040487,2.4559,-0.56667,-2.3898,2.4,0.47857,647.0,10.176,8.3672,83.67200000000001,1.7900866018979946,,,,Sand,,,Sand 3,3,6.72,25.28,-5.25,-23.810000000000002
-8.729999999999999,10.2,8.471,0.040472,2.4249,-0.5,-2.3729,2.45,0.47147,648.0,10.196,8.471,84.71,1.7821968491973135,,,,Sand,,,Sand 3,3,6.72,25.28,-5.25,-23.810000000000002
-8.75,10.22,8.6141,0.041519,2.4781,-0.51667,-2.4237,2.45,0.47642,649.0,10.216,8.6141,86.141,1.7781919569609106,,,,Sand,,,Sand 3,3,6.72,25.28,-5.25,-23.810000000000002
-8.77,10.24,8.7694,0.042165,2.4781,-0.51667,-2.4237,2.4,0.47636,650.0,10.236,8.7694,87.694,1.7714707917636907,,,,Sand,,,Sand 3,3,6.72,25.28,-5.25,-23.810000000000002
-8.79,10.26,8.9401,0.044254,2.4415,-0.5,-2.3898,2.4,0.49336,651.0,10.256,8.9401,89.40099999999998,1.7720579420298535,,,,Sand,,,Sand 3,3,6.72,25.28,-5.25,-23.810000000000002
-8.809999999999999,10.28,9.082,0.046991,2.5257,-0.58333,-2.4576,2.45,0.5161,652.0,10.276,9.082,90.82,1.7763973756343172,,,,Sand,,,Sand 3,3,6.72,25.28,-5.25,-23.810000000000002
-8.83,10.3,9.2,0.049579,2.4852,-0.55,-2.4237,2.4,0.53562,653.0,10.296,9.2,92.0,1.7801697412864477,,,,Sand,,,Sand 3,3,6.72,25.28,-5.25,-23.810000000000002
-8.85,10.32,9.3682,0.044818,2.5054,-0.56667,-2.4407,2.4,0.47236,653.0,10.316,9.3682,93.682,1.744923689917172,,,,Sand,,,Sand 3,3,6.72,25.28,-5.25,-23.810000000000002
-8.87,10.34,9.3132,0.041492,2.4852,-0.55,-2.4237,2.4,0.42294,654.0,10.336,9.3132,93.132,1.7230472322934798,,,,Sand,,,Sand 3,3,6.72,25.28,-5.25,-23.810000000000002
-8.889999999999999,10.36,9.5536,0.0397,2.4803,-0.6,-2.4068,2.45,0.38803,655.0,10.356,9.5536,95.53599999999999,1.6952478541816987,,,,Sand,,,Sand 3,3,6.72,25.28,-5.25,-23.810000000000002
-8.91,10.38,9.825,0.0378,2.4394,-0.63333,-2.3559,2.45,0.35084,656.0,10.376,9.825,98.25,1.6639990999183807,,,,Sand,,,Sand 3,3,6.72,25.28,-5.25,-23.810000000000002
-8.93,10.4,10.623,0.03601,2.4765,-0.65,-2.3898,2.4,0.31763,657.0,10.395,10.623,106.23,1.6141848946845527,,,,Sand,,,Sand 3,3,6.72,25.28,-5.25,-23.810000000000002
-8.95,10.42,11.517,0.0357,2.5135,-0.66667,-2.4237,2.4,0.2972,658.0,10.415,11.517,115.17,1.5699176493235705,,,,Sand,,,Sand 3,3,6.72,25.28,-5.25,-23.810000000000002
-8.969999999999999,10.44,12.449,0.0355,2.5462,-0.66667,-2.4576,2.4,0.2782,658.0,10.435,12.449,124.49,1.5269661503801404,,,,Sand,,,Sand 3,3,6.72,25.28,-5.25,-23.810000000000002
-8.99,10.46,13.545,0.0352,2.6117,-0.66667,-2.5254,2.4,0.26041,659.0,10.455,13.545,135.45,1.4815181663984662,,,,Sand,,,Sand 3,3,6.72,25.28,-5.25,-23.810000000000002
-9.01,10.48,13.871,0.0388,2.6946,-0.6,-2.6271,2.45,0.27245,660.0,10.475,13.871,138.71,1.480776342393484,,,,Sand,,,Sand 3,3,6.72,25.28,-5.25,-23.810000000000002
-9.03,10.5,14.713,0.0425,2.645,-0.6,-2.5763,2.4,0.28626,661.0,10.495,14.713,147.13,1.4676467809781928,,,,Sand,,,Sand 3,3,6.72,25.28,-5.25,-23.810000000000002
-9.049999999999999,10.52,15.54,0.0461,2.5278,-0.51667,-2.4746,2.4,0.30114,662.0,10.515,15.54,155.4,1.4570397556792745,,,,Sand,,,Sand 3,3,6.72,25.28,-5.25,-23.810000000000002
-9.069999999999999,10.54,15.881,0.053215,2.5379,-0.48333,-2.4915,2.45,0.34165,662.0,10.535,15.881,158.81,1.4759932271538865,,,,Sand,,,Sand 3,3,6.72,25.28,-5.25,-23.810000000000002
-9.09,10.56,16.412,0.086705,2.5112,-0.51667,-2.4576,2.4,0.5503,663.0,10.555,16.412,164.12,1.5803072689441835,,,,Sand,,,Sand 3,3,6.72,25.28,-5.25,-23.810000000000002
-9.11,10.58,16.364,0.094343,2.4946,-0.51667,-2.4407,2.4,0.60037,664.0,10.575,16.364,163.64,1.6045728798219305,,,,Sand,,,Sand 3,3,6.72,25.28,-5.25,-23.810000000000002
-9.129999999999999,10.6,16.141,0.087,2.4564,-0.4,-2.4237,2.4,0.5603,665.0,10.595,16.141,161.40999999999997,1.5908042250939223,,,,Sand,,,Sand 3,3,6.72,25.28,-5.25,-23.810000000000002
-9.149999999999999,10.62,15.683,0.0796,2.5385,-0.56667,-2.4746,2.45,0.52601,666.0,10.615,15.683,156.83,1.584298134856171,,,,Sand,,,Sand 3,3,6.72,25.28,-5.25,-23.810000000000002
-9.17,10.64,15.313,0.072187,2.3831,-0.66667,-2.2881,2.45,0.49419,666.0,10.635,15.313,153.13,1.5767917538964256,,,,Sand,,,Sand 3,3,6.72,25.28,-5.25,-23.810000000000002
-9.19,10.66,14.38,0.0665,2.4027,-0.7339,-2.2881,2.5,0.47401,667.0,10.655,14.38,143.8,1.5888398261962073,,,,Sand,,,Sand 3,3,6.72,25.28,-5.25,-23.810000000000002
-9.209999999999999,10.68,14.045,0.0607,2.3814,-0.71695,-2.2712,2.5,0.45171,668.0,10.675,14.045,140.45,1.5856633446166652,,,,Sand,,,Sand 3,3,6.72,25.28,-5.25,-23.810000000000002
-9.229999999999999,10.7,12.724,0.0601,2.404,-0.68333,-2.3051,2.4,0.46723,669.0,10.695,12.724,127.24,1.6295758500129636,,,,Sand,,,Sand 3,3,6.72,25.28,-5.25,-23.810000000000002
-9.25,10.72,12.208,0.0596,2.425,-0.7,-2.322,2.4,0.48481,670.0,10.715,12.208,122.08,1.6534002084958266,,,,Sand,,,Sand 3,3,6.72,25.28,-5.25,-23.810000000000002
-9.27,10.74,11.739,0.058996,2.4691,-0.68333,-2.3729,2.4,0.49838,671.0,10.735,11.739,117.39,1.6742014556139821,,,,Sand,,,Sand 3,3,6.72,25.28,-5.25,-23.810000000000002
-9.29,10.76,11.411,0.058843,2.5159,-0.7339,-2.4068,0.9,0.51422,683.0,10.755,11.411,114.11,1.6919493806298298,,,,Sand,,,Sand 3,3,6.72,25.28,-5.25,-23.810000000000002
-9.309999999999999,10.78,11.084,0.056166,2.4829,-0.78475,-2.3559,2.35,0.4991,684.0,10.775,11.084,110.84,1.6954522794211775,,,,Sand,,,Sand 3,3,6.72,25.28,-5.25,-23.810000000000002
-9.33,10.8,10.756,0.052514,2.5151,-0.78475,-2.3898,2.4,0.47069,684.0,10.795,10.756,107.56,1.6928745285119722,,,,Sand,,,Sand 3,3,6.72,25.28,-5.25,-23.810000000000002
-9.35,10.82,10.734,0.050958,2.5044,-0.80169,-2.3729,2.45,0.45688,685.0,10.815,10.734,107.34,1.6868488421383274,,,,Sand,,,Sand 3,3,6.72,25.28,-5.25,-23.810000000000002
-9.37,10.84,10.89,0.051268,2.5047,-0.75085,-2.3898,2.4,0.45675,686.0,10.835,10.89,108.9,1.6814408878478935,,,,Sand,,,Sand 3,3,6.72,25.28,-5.25,-23.810000000000002
-9.389999999999999,10.86,11.204,0.050538,2.5365,-0.80169,-2.4068,2.4,0.44476,687.0,10.855,11.204,112.04,1.6648792920223376,,,,Sand,,,Sand 3,3,6.72,25.28,-5.25,-23.810000000000002
-9.41,10.88,11.437,0.050372,2.5204,-0.80169,-2.3898,2.4,0.43512,688.0,10.875,11.437,114.37,1.6522930009387886,,,,Sand,,,Sand 3,3,6.72,25.28,-5.25,-23.810000000000002
-9.43,10.9,11.711,0.050862,2.5312,-0.78475,-2.4068,2.45,0.43073,689.0,10.895,11.711,117.11,1.6412206491002517,,,,Sand,,,Sand 3,3,6.72,25.28,-5.25,-23.810000000000002
-9.45,10.92,11.98,0.052197,2.574,-0.81864,-2.4407,2.4,0.43448,689.0,10.915,11.98,119.8,1.634779675493107,,,,Sand,,,Sand 3,3,6.72,25.28,-5.25,-23.810000000000002
-9.469999999999999,10.94,12.191,0.053456,2.5204,-0.80169,-2.3898,2.4,0.43998,690.0,10.935,12.191,121.91,1.631215364841397,,,,Sand,,,Sand 3,3,6.72,25.28,-5.25,-23.810000000000002
-9.49,10.96,12.467,0.055619,2.5098,-0.81864,-2.3729,2.4,0.45556,691.0,10.955,12.467,124.67,1.6310648471705183,,,,Sand,,,Sand 3,3,6.72,25.28,-5.25,-23.810000000000002
-9.51,10.98,12.588,0.056886,2.5365,-0.80169,-2.4068,2.45,0.46686,692.0,10.975,12.588,125.88,1.633300791804103,,,,Sand,,,Sand 3,3,6.72,25.28,-5.25,-23.810000000000002
-9.53,11.0,12.532,0.05915,2.5154,-0.83559,-2.3729,2.4,0.48919,693.0,10.995,12.532,125.32,1.6460490612765213,,,,Sand,,,Sand 3,3,6.72,25.28,-5.25,-23.810000000000002
-9.549999999999999,11.02,12.29,0.060073,2.5258,-0.81864,-2.3898,2.4,0.50344,694.0,11.015,12.29,122.9,1.6600074096615267,,,,Sand,,,Sand 3,3,6.72,25.28,-5.25,-23.810000000000002
-9.569999999999999,11.04,11.913,0.06079,2.5474,-0.83559,-2.4068,2.4,0.51917,694.0,11.035,11.913,119.13,1.6786843313883781,,,,Sand,,,Sand 3,3,6.72,25.28,-5.25,-23.810000000000002
-9.59,11.06,11.517,0.061435,2.5419,-0.81864,-2.4068,2.45,0.53586,695.0,11.055,11.517,115.17,1.6985356119034785,,,,Sand,,,Sand 3,3,6.72,25.28,-5.25,-23.810000000000002
-9.61,11.08,11.232,0.05955,2.5258,-0.81864,-2.3898,2.4,0.53011,696.0,11.075,11.232,112.32,1.7049719046745733,,,,Sand,,,Sand 3,3,6.72,25.28,-5.25,-23.810000000000002
-9.629999999999999,11.1,10.922,0.0595,2.5579,-0.81864,-2.4237,2.4,0.53898,697.0,11.095,10.922,109.22,1.7190838195037832,,,,Sand,,,Sand 3,3,6.72,25.28,-5.25,-23.810000000000002
-9.649999999999999,11.12,10.678,0.0594,2.5634,-0.83559,-2.4237,2.4,0.54527,698.0,11.115,10.678,106.78,1.7300453987678397,,,,Sand,,,Sand 3,3,6.72,25.28,-5.25,-23.810000000000002
-9.67,11.14,10.633,0.05925,2.5427,-0.86949,-2.3898,2.45,0.5482,698.0,11.135,10.633,106.33,1.7328607864396983,,,,Sand,,,Sand 3,3,6.72,25.28,-5.25,-23.810000000000002
-9.69,11.16,10.682,0.05813,2.5704,-0.90339,-2.4068,2.4,0.53985,699.0,11.155,10.682,106.82,1.7275145357855377,,,,Sand,,,Sand 3,3,6.72,25.28,-5.25,-23.810000000000002
-9.709999999999999,11.18,10.737,0.056983,2.5587,-0.86949,-2.4068,2.4,0.52817,700.0,11.175,10.737,107.37,1.7204302310892126,,,,Sand,,,Sand 3,3,6.72,25.28,-5.25,-23.810000000000002
-9.729999999999999,11.2,10.746,0.054913,2.553,-0.85254,-2.4068,2.4,0.50325,701.0,11.195,10.746,107.46,1.7087117983691553,,,,Sand,,,Sand 3,3,6.72,25.28,-5.25,-23.810000000000002
-9.75,11.22,10.833,0.053945,2.5667,-0.93729,-2.3898,2.45,0.48439,702.0,11.215,10.833,108.33,1.6968572314278232,,,,Sand,,,Sand 3,3,6.72,25.28,-5.25,-23.810000000000002
-9.77,11.24,10.909,0.053953,2.5804,-0.88644,-2.4237,2.4,0.47231,703.0,11.235,10.909,109.09,1.6884555523885079,,,,Sand,,,Sand 3,3,6.72,25.28,-5.25,-23.810000000000002
-9.79,11.26,11.09,0.054713,2.5862,-0.90339,-2.4237,2.4,0.4647,703.0,11.255,11.09,110.9,1.6786588244649718,,,,Sand,,,Sand 3,3,6.72,25.28,-5.25,-23.810000000000002
-9.809999999999999,11.28,11.661,0.055635,2.6141,-0.93729,-2.4407,2.4,0.45613,704.0,11.275,11.661,116.61,1.6558826225993863,,,,Sand,,,Sand 3,3,6.72,25.28,-5.25,-23.810000000000002
-9.83,11.3,12.433,0.057004,2.5704,-0.90339,-2.4068,2.4,0.45008,705.0,11.295,12.433,124.33,1.6292410160283832,,,,Sand,,,Sand 3,3,6.72,25.28,-5.25,-23.810000000000002
-9.85,11.32,12.976,0.059257,2.5982,-0.93729,-2.4237,2.45,0.44987,706.0,11.315,12.976,129.76,1.6134893105997716,,,,Sand,,,Sand 3,3,6.72,25.28,-5.25,-23.810000000000002
-9.87,11.34,13.541,0.062656,2.5704,-0.90339,-2.4068,2.4,0.45808,707.0,11.335,13.541,135.41,1.6022597713704714,,,,Sand,,,Sand 3,3,6.72,25.28,-5.25,-23.810000000000002
-9.889999999999999,11.36,14.136,0.065742,2.5982,-0.93729,-2.4237,2.4,0.46576,707.0,11.355,14.136,141.36,1.5907137148559212,,,,Sand,,,Sand 3,3,6.72,25.28,-5.25,-23.810000000000002
-9.91,11.38,14.578,0.069363,2.5764,-0.92034,-2.4068,2.4,0.47972,708.0,11.375,14.578,145.78,1.5868850359680027,,,,Sand,,,Sand 3,3,6.72,25.28,-5.25,-23.810000000000002
-9.93,11.4,14.961,0.072262,2.5856,-0.98814,-2.3898,2.45,0.48973,709.0,11.395,14.961,149.61,1.5827659966985874,,,,Sand,,,Sand 3,3,6.72,25.28,-5.25,-23.810000000000002
-9.95,11.42,15.136,0.073466,2.617,-0.98814,-2.4237,2.4,0.48919,710.0,11.414,15.136,151.36,1.5783601504180753,,,,Sand,,,Sand 3,3,6.72,25.28,-5.25,-23.810000000000002
-9.969999999999999,11.44,15.159,0.0746,2.5921,-1.0051,-2.3898,2.4,0.48946,711.0,11.434,15.159,151.59,1.5779593840327868,,,,Sand,,,Sand 3,3,6.72,25.28,-5.25,-23.810000000000002
-9.99,11.46,15.186,0.076223,2.5856,-0.98814,-2.3898,2.4,0.49287,712.0,11.454,15.186,151.86,1.5790688801638475,,,,Sand,,,Sand 3,3,6.72,25.28,-5.25,-23.810000000000002
-10.01,11.48,15.347,0.077166,2.6013,-0.98814,-2.4068,2.45,0.49191,713.0,11.474,15.347,153.47,1.574843202173822,,,,Sand,,,Sand 3,3,6.72,25.28,-5.25,-23.810000000000002
-10.03,11.5,15.642,0.078073,2.6234,-1.0051,-2.4237,2.4,0.49087,714.0,11.494,15.642,156.42,1.5675746010527638,,,,Sand,,,Sand 3,3,6.72,25.28,-5.25,-23.810000000000002
-10.049999999999999,11.52,15.922,0.079454,2.6299,-1.022,-2.4237,2.4,0.49307,714.0,11.514,15.922,159.22,1.562444274571467,,,,Sand,,,Sand 3,3,6.72,25.28,-5.25,-23.810000000000002
-10.069999999999999,11.54,16.37,0.080203,2.6521,-1.039,-2.4407,2.4,0.49239,715.0,11.534,16.37,163.70000000000002,1.5523278778266973,,,,Sand,,,Sand 3,3,6.72,25.28,-5.25,-23.810000000000002
-10.09,11.56,16.735,0.081682,2.6365,-1.039,-2.4237,2.4,0.49792,716.0,11.554,16.735,167.35,1.5474593799888539,,,,Sand,,,Sand 3,3,6.72,25.28,-5.25,-23.810000000000002
-10.11,11.58,16.88,0.082595,2.6143,-1.022,-2.4068,2.4,0.50295,717.0,11.574,16.88,168.8,1.547039504087022,,,,Sand,,,Sand 3,3,6.72,25.28,-5.25,-23.810000000000002
-10.129999999999999,11.6,16.833,0.083276,2.621,-1.039,-2.4068,2.45,0.50952,718.0,11.594,16.833,168.33,1.5513742659742626,,,,Sand,,,Sand 3,3,6.72,25.28,-5.25,-23.810000000000002
-10.149999999999999,11.62,16.58,0.083917,2.6143,-1.022,-2.4068,2.4,0.51892,718.0,11.614,16.58,165.8,1.5613941311444703,,,,Sand,,,Sand 3,3,6.72,25.28,-5.25,-23.810000000000002
-10.17,11.64,16.274,0.083671,2.6277,-1.0559,-2.4068,2.4,0.52587,719.0,11.634,16.274,162.74,1.5713334220252189,,,,Sand,,,Sand 3,3,6.72,25.28,-5.25,-23.810000000000002
-10.19,11.66,15.782,0.0768,2.6391,-1.0051,-2.4407,2.4,0.49245,720.0,11.654,15.782,157.82,1.5652400699847893,,,,Sand,,,Sand 3,3,6.72,25.28,-5.25,-23.810000000000002
-10.209999999999999,11.68,15.299,0.0699,2.6277,-1.0559,-2.4068,2.45,0.45912,721.0,11.674,15.299,152.99,1.5588088182303736,,,,Sand,,,Sand 3,3,6.72,25.28,-5.25,-23.810000000000002
-10.229999999999999,11.7,14.989,0.062956,2.6724,-1.0898,-2.4407,2.45,0.42468,722.0,11.694,14.989,149.89,1.5473310053072655,,,,Sand,,,Sand 3,3,6.72,25.28,-5.25,-23.810000000000002
-10.25,11.72,14.651,0.062653,2.6569,-1.0898,-2.4237,2.4,0.43506,723.0,11.714,14.651,146.51,1.5613676166046837,,,,Sand,,,Sand 3,3,6.72,25.28,-5.25,-23.810000000000002
-10.27,11.74,14.357,0.061999,2.6501,-1.0729,-2.4237,2.4,0.44264,723.0,11.734,14.357,143.57,1.5728462950015434,,,,Sand,,,Sand 3,3,6.72,25.28,-5.25,-23.810000000000002
-10.29,11.76,13.867,0.060731,2.6639,-1.1068,-2.4237,0.2,0.44431,735.0,11.754,13.867,138.67,1.5863510286789748,,,,Sand,,,Sand 3,3,6.72,25.28,-5.25,-23.810000000000002
-10.309999999999999,11.78,13.377,0.060453,2.5967,-1.0559,-2.3729,2.0,0.45151,736.0,11.774,13.377,133.77,1.60325134789684,,,,Sand,,,Sand 3,3,6.72,25.28,-5.25,-23.810000000000002
-10.33,11.8,12.888,0.059092,2.6415,-1.0898,-2.4068,2.45,0.44838,737.0,11.794,12.888,128.88,1.6151973733068163,,,,Sand,,,Sand 3,3,6.72,25.28,-5.25,-23.810000000000002
-10.35,11.82,12.627,0.058082,2.6569,-1.0898,-2.4237,2.4,0.44636,738.0,11.814,12.627,126.27,1.621632406850088,,,,Sand,,,Sand 3,3,6.72,25.28,-5.25,-23.810000000000002
-10.37,11.84,12.593,0.05829,2.621,-1.039,-2.4068,2.4,0.45168,739.0,11.834,12.593,125.93,1.6253845804918539,,,,Sand,,,Sand 3,3,6.72,25.28,-5.25,-23.810000000000002
-10.389999999999999,11.86,12.754,0.058229,2.671,-1.1237,-2.4237,2.4,0.45291,740.0,11.854,12.754,127.54,1.621375211777896,,,,Sand,,,Sand 3,3,6.72,25.28,-5.25,-23.810000000000002
-10.41,11.88,12.969,0.058483,2.6323,-1.1407,-2.3729,2.45,0.45441,741.0,11.874,12.969,129.69,1.6160499919710567,,,,Sand,,,Sand 3,3,6.72,25.28,-5.25,-23.810000000000002
-10.43,11.9,13.024,0.0583,2.6261,-1.0898,-2.3898,2.4,0.45146,741.0,11.894,13.024,130.24,1.6129713745805652,,,,Sand,,,Sand 3,3,6.72,25.28,-5.25,-23.810000000000002
-10.45,11.92,13.01,0.05943,2.7007,-1.1576,-2.4407,2.4,0.45911,742.0,11.914,13.01,130.1,1.6173315079796104,,,,Sand,,,Sand 3,3,6.72,25.28,-5.25,-23.810000000000002
-10.469999999999999,11.94,12.989,0.060715,2.6475,-1.1407,-2.3898,2.4,0.46958,743.0,11.934,12.989,129.89,1.6232784208522284,,,,Sand,,,Sand 3,3,6.72,25.28,-5.25,-23.810000000000002
-10.49,11.96,12.995,0.061633,2.6864,-1.1237,-2.4407,2.45,0.47994,744.0,11.954,12.995,129.95,1.6283367839720184,,,,Sand,,,Sand 3,3,6.72,25.28,-5.25,-23.810000000000002
-10.51,11.98,12.976,0.06191,2.6485,-1.1068,-2.4068,2.4,0.48788,745.0,11.974,12.976,129.76,1.6328194395155244,,,,Sand,,,Sand 3,3,6.72,25.28,-5.25,-23.810000000000002
-10.53,12.0,12.84,0.062645,2.6472,-1.2085,-2.3559,2.4,0.50143,745.0,11.994,12.84,128.4,1.6432565886514903,,,,Sand,,,Sand 3,3,6.72,25.28,-5.25,-23.810000000000002
-10.549999999999999,12.02,12.633,0.061326,2.6471,-1.1746,-2.3729,2.4,0.50108,746.0,12.014,12.633,126.33,1.6489401096600889,,,,Sand,,,Sand 3,3,6.72,25.28,-5.25,-23.810000000000002
-10.569999999999999,12.04,12.268,0.059666,2.6775,-1.1746,-2.4068,2.4,0.50017,747.0,12.034,12.268,122.68,1.6590850312321548,,,,Sand,,,Sand 3,3,6.72,25.28,-5.25,-23.810000000000002
-10.59,12.06,11.806,0.058709,2.671,-1.1237,-2.4237,2.4,0.50709,748.0,12.054,11.806,118.06,1.676275330450958,,,,Sand,,,Sand 3,3,6.72,25.28,-5.25,-23.810000000000002
-10.61,12.08,11.439,0.057312,2.6701,-1.1576,-2.4068,2.4,0.5109,749.0,12.074,11.439,114.39,1.6895134854088263,,,,Sand,,,Sand 3,3,6.72,25.28,-5.25,-23.810000000000002
-10.629999999999999,12.1,10.953,0.055986,2.7077,-1.2085,-2.4237,2.45,0.51586,750.0,12.094,10.953,109.53,1.707586380137272,,,,Sand,,,Sand 3,3,6.72,25.28,-5.25,-23.810000000000002
-10.649999999999999,12.12,10.518,0.054613,2.7154,-1.1915,-2.4407,2.45,0.51986,750.0,12.114,10.518,105.18,1.7241754297772094,,,,Sand,,,Sand 3,3,6.72,25.28,-5.25,-23.810000000000002
-10.67,12.14,10.165,0.052084,2.7001,-1.1915,-2.4237,2.4,0.51082,751.0,12.134,10.165,101.65,1.732551900995385,,,,Sand,,,Sand 3,3,6.72,25.28,-5.25,-23.810000000000002
-10.69,12.16,9.9614,0.049581,2.7007,-1.1576,-2.4407,2.4,0.50036,752.0,12.154,9.9614,99.61399999999999,1.7352006726124982,,,,Sand,,,Sand 3,3,6.72,25.28,-5.25,-23.810000000000002
-10.709999999999999,12.18,9.7135,0.048287,2.7077,-1.2085,-2.4237,2.45,0.49978,753.0,12.174,9.7135,97.135,1.7442274220708298,,,,Sand,,,Sand 3,3,6.72,25.28,-5.25,-23.810000000000002
-10.729999999999999,12.2,9.4874,0.046104,2.7001,-1.2254,-2.4068,2.45,0.48754,754.0,12.194,9.4874,94.874,1.747309951943729,,,,Sand,,,Sand 3,3,6.72,25.28,-5.25,-23.810000000000002
-10.75,12.22,9.3321,0.044689,2.7077,-1.2085,-2.4237,2.4,0.48139,754.0,12.214,9.3321,93.321,1.7505892721727732,,,,Sand,,,Sand 3,3,6.72,25.28,-5.25,-23.810000000000002
-10.77,12.24,9.1424,0.043869,2.6623,-1.2085,-2.3729,2.4,0.48071,755.0,12.234,9.1424,91.42399999999999,1.7579227775560278,,,,Sand,,,Sand 3,3,6.72,25.28,-5.25,-23.810000000000002
-10.79,12.26,8.9736,0.04278,2.7386,-1.1746,-2.4746,2.45,0.47575,756.0,12.254,8.9736,89.73599999999999,1.7625772941091704,,,,Sand,,,Sand 3,3,6.72,25.28,-5.25,-23.810000000000002
-10.809999999999999,12.28,8.8776,0.042402,2.7307,-1.2593,-2.4237,2.45,0.47748,757.0,12.274,8.8776,88.77599999999998,1.7674005737399854,,,,Sand,,,Sand 3,3,6.72,25.28,-5.25,-23.810000000000002
-10.83,12.3,8.7794,0.041965,2.7157,-1.2593,-2.4068,2.4,0.47755,758.0,12.294,8.7794,87.79400000000001,1.7715937731663898,,,,Sand,,,Sand 3,3,6.72,25.28,-5.25,-23.810000000000002
-10.85,12.32,8.7006,0.042045,2.7157,-1.2593,-2.4068,2.4,0.482,759.0,12.314,8.7006,87.006,1.7770125479370904,,,,Sand,,,Sand 3,3,6.72,25.28,-5.25,-23.810000000000002
-10.87,12.34,8.6428,0.042457,2.7079,-1.2424,-2.4068,2.4,0.48839,759.0,12.334,8.6428,86.428,1.7824156542628415,,,,Sand,,,Sand 3,3,6.72,25.28,-5.25,-23.810000000000002
-10.889999999999999,12.36,8.593,0.043335,2.7235,-1.2763,-2.4068,2.45,0.49803,760.0,12.353,8.593,85.93,1.7889127478147477,,,,Sand,,,Sand 3,3,6.72,25.28,-5.25,-23.810000000000002
-10.91,12.38,8.5923,0.043589,2.7315,-1.2932,-2.4068,2.4,0.49852,761.0,12.373,8.5923,85.92299999999999,1.7891621408211273,,,,Sand,,,Sand 3,3,6.72,25.28,-5.25,-23.810000000000002
-10.93,12.4,8.6248,0.043705,2.7685,-1.2763,-2.4576,2.4,0.49584,762.0,12.393,8.6248,86.248,1.7865542810346846,,,,Sand,,,Sand 3,3,6.72,25.28,-5.25,-23.810000000000002
-10.95,12.42,8.7361,0.044693,2.7086,-1.2763,-2.3898,2.4,0.50279,763.0,12.413,8.7361,87.361,1.7848874515903346,,,,Sand,,,Sand 3,3,6.72,25.28,-5.25,-23.810000000000002
-10.969999999999999,12.44,8.9405,0.044827,2.7614,-1.2932,-2.4407,2.45,0.50068,764.0,12.433,8.9405,89.405,1.775345882131906,,,,Sand,,,Sand 3,3,6.72,25.28,-5.25,-23.810000000000002
-10.99,12.46,9.1203,0.04534,2.7764,-1.2932,-2.4576,2.4,0.5036,764.0,12.453,9.1203,91.20300000000002,1.769269488514598,,,,Sand,,,Sand 3,3,6.72,25.28,-5.25,-23.810000000000002
-11.01,12.48,9.2644,0.045886,2.7707,-1.3441,-2.4237,2.4,0.50801,765.0,12.473,9.2644,92.64399999999999,1.7654454622408655,,,,Sand,,,Sand 3,3,6.72,25.28,-5.25,-23.810000000000002
-11.03,12.5,9.2406,0.046133,2.7707,-1.3441,-2.4237,2.4,0.51052,766.0,12.493,9.2406,92.406,1.7675196345624973,,,,Sand,,,Sand 3,3,6.72,25.28,-5.25,-23.810000000000002
-11.049999999999999,12.52,9.1066,0.045615,2.7464,-1.2932,-2.4237,2.45,0.50649,767.0,12.513,9.1066,91.066,1.7711227539447836,,,,Sand,,,Sand 3,3,6.72,25.28,-5.25,-23.810000000000002
-11.069999999999999,12.54,8.9923,0.04531,2.7694,-1.3102,-2.4407,2.45,0.5069,768.0,12.533,8.9923,89.92299999999999,1.7759867776158844,,,,Sand,,,Sand 3,3,6.72,25.28,-5.25,-23.810000000000002
-11.09,12.56,8.859,0.044747,2.7625,-1.3271,-2.4237,2.4,0.50625,769.0,12.553,8.859,88.59,1.781237790654214,,,,Sand,,,Sand 3,3,6.72,25.28,-5.25,-23.810000000000002
-11.11,12.58,8.7689,0.043856,2.8072,-1.3271,-2.4746,2.4,0.50241,770.0,12.573,8.7689,87.689,1.7833241321691051,,,,Sand,,,Sand 3,3,6.72,25.28,-5.25,-23.810000000000002
-11.129999999999999,12.6,8.697,0.043245,2.7544,-1.3102,-2.4237,2.4,0.50184,770.0,12.593,8.697,86.97,1.7861327620892833,,,,Sand,,,Sand 3,3,6.72,25.28,-5.25,-23.810000000000002
-11.149999999999999,12.62,8.5806,0.042207,2.7789,-1.361,-2.4237,2.45,0.49663,771.0,12.613,8.5806,85.806,1.788824853544875,,,,Sand,,,Sand 3,3,6.72,25.28,-5.25,-23.810000000000002
-11.17,12.64,8.4659,0.041543,2.7774,-1.3271,-2.4407,2.4,0.49551,772.0,12.633,8.4659,84.65899999999999,1.7933468985681449,,,,Sand,,,Sand 3,3,6.72,25.28,-5.25,-23.810000000000002
-11.19,12.66,8.3635,0.040585,2.8004,-1.3441,-2.4576,2.4,0.49094,773.0,12.653,8.3635,83.635,1.7958495181630212,,,,Sand,,,Sand 3,3,6.72,25.28,-5.25,-23.810000000000002
-11.209999999999999,12.68,8.2108,0.0378,2.8301,-1.3441,-2.4915,2.4,0.46382,774.0,12.673,8.2108,82.108,1.7904055239938423,,,,Sand,,,Sand 3,3,6.72,25.28,-5.25,-23.810000000000002
-11.229999999999999,12.7,8.0438,0.035,2.7855,-1.3441,-2.4407,2.4,0.43659,775.0,12.693,8.0438,80.43799999999999,1.7853594514978794,,,,Sand,,,Sand 3,3,6.72,25.28,-5.25,-23.810000000000002
-11.25,12.72,7.9404,0.0345,2.8004,-1.3441,-2.4576,2.4,0.43584,775.0,12.713,7.9404,79.40400000000001,1.789926811361035,,,,Sand,,,Sand 3,3,6.72,25.28,-5.25,-23.810000000000002
-11.27,12.74,7.8317,0.034,2.8382,-1.361,-2.4915,2.45,0.43398,776.0,12.733,7.8317,78.317,1.794292084881851,,,,Sand,,,Sand 3,3,6.72,25.28,-5.25,-23.810000000000002
-11.29,12.76,7.7611,0.03346,2.8464,-1.378,-2.4915,2.4,0.43007,777.0,12.753,7.7611,77.61099999999999,1.7958762546969231,,,,Sand,,,Sand 3,3,6.72,25.28,-5.25,-23.810000000000002
-11.309999999999999,12.78,7.5162,0.033394,2.8712,-1.4288,-2.4915,1.7,0.4311,789.0,12.773,7.5162,75.162,1.8086306776395793,,,,Sand,,,Sand 3,3,6.72,25.28,-5.25,-23.810000000000002
-11.33,12.8,7.6587,0.03324,2.886,-1.4288,-2.5085,2.4,0.43117,790.0,12.793,7.6587,76.587,1.8014794752423258,,,,Sand,,,Sand 3,3,6.72,25.28,-5.25,-23.810000000000002
-11.35,12.82,7.7131,0.034172,2.8712,-1.4288,-2.4915,2.4,0.44663,791.0,12.813,7.7131,77.131,1.806093433909178,,,,Sand,,,Sand 3,3,6.72,25.28,-5.25,-23.810000000000002
-11.37,12.84,7.7756,0.034338,2.8546,-1.3949,-2.4915,2.45,0.45465,792.0,12.833,7.7756,77.756,1.8067646883142756,,,,Sand,,,Sand 3,3,6.72,25.28,-5.25,-23.810000000000002
-11.389999999999999,12.86,7.7728,0.03377,2.9175,-1.4627,-2.5254,2.4,0.45351,792.0,12.853,7.7728,77.72800000000001,1.8063720524891895,,,,Sand,,,Sand 3,3,6.72,25.28,-5.25,-23.810000000000002
-11.41,12.88,7.6451,0.033466,2.9469,-1.4627,-2.5593,2.4,0.45976,793.0,12.873,7.6451,76.45100000000001,1.8155479213401404,,,,Sand,,,Sand 3,3,6.72,25.28,-5.25,-23.810000000000002
-11.43,12.9,7.366,0.032818,2.9175,-1.4627,-2.5254,2.45,0.46353,794.0,12.893,7.366,73.66,1.8313929475468278,,,,Sand,,,Sand 3,3,6.72,25.28,-5.25,-23.810000000000002
-11.45,12.92,6.9731,0.03215,2.9091,-1.4458,-2.5254,2.4,0.4683,795.0,12.913,6.9731,69.731,1.8543938632034385,,,,Sand,,,Sand 3,3,6.72,25.28,-5.25,-23.810000000000002
-11.469999999999999,12.94,6.6666,0.030416,2.9238,-1.4458,-2.5424,2.4,0.45674,796.0,12.933,6.6666,66.666,1.8663998403952735,,,,Sand,,,Sand 3,3,6.72,25.28,-5.25,-23.810000000000002
-11.49,12.96,6.3205,0.029302,2.9028,-1.4627,-2.5085,2.4,0.45069,797.0,12.953,6.3205,63.205,1.8841585368634912,,,,Sand,,,Sand 3,3,6.72,25.28,-5.25,-23.810000000000002
-11.51,12.98,6.1196,0.0288,2.9469,-1.4627,-2.5593,2.45,0.44893,797.0,12.973,6.1196,61.196000000000005,1.8958156285400847,,,,Sand,,,Sand 3,3,6.72,25.28,-5.25,-23.810000000000002
-11.53,13.0,6.0582,0.0284,2.9638,-1.4966,-2.5593,2.4,0.4411,798.0,12.993,6.0582,60.582,1.8962089616679105,,,,Sand,,,Sand 3,3,6.72,25.28,-5.25,-23.810000000000002
-11.549999999999999,13.02,6.1246,0.027895,2.9578,-1.5136,-2.5424,2.4,0.42457,799.0,13.013,6.1246,61.246,1.8844748309748802,,,,Sand,,,Sand 3,3,6.72,25.28,-5.25,-23.810000000000002
-11.569999999999999,13.04,6.3837,0.028275,3.0101,-1.5305,-2.5932,2.4,0.41557,800.0,13.033,6.3837,63.836999999999996,1.8642177332828909,,,,Sand,,,Sand 3,3,6.72,25.28,-5.25,-23.810000000000002
-11.59,13.06,6.676,0.029455,3.0479,-1.5475,-2.6271,2.45,0.41217,801.0,13.053,6.676,66.76,1.8452558284176737,,,,Sand,,,Sand 3,3,6.72,25.28,-5.25,-23.810000000000002
-11.61,13.08,7.159,0.030716,3.0078,-1.4966,-2.6102,2.4,0.40533,801.0,13.073,7.159,71.59,1.8149295346140348,,,,Sand,,,Sand 3,3,6.72,25.28,-5.25,-23.810000000000002
-11.629999999999999,13.1,7.7197,0.03147,3.0857,-1.5644,-2.661,2.4,0.38937,802.0,13.093,7.7197,77.197,1.7778289515556998,,,,Sand,,,Sand 3,3,6.72,25.28,-5.25,-23.810000000000002
-11.649999999999999,13.12,8.1903,0.033441,3.0456,-1.5136,-2.6441,2.4,0.38636,803.0,13.113,8.1903,81.903,1.7534399974344952,,,,Sand,,,Sand 3,3,6.72,25.28,-5.25,-23.810000000000002
-11.67,13.14,8.8593,0.034683,3.075,-1.5136,-2.678,2.45,0.37428,804.0,13.133,8.8593,88.59299999999999,1.7168207364255759,,,,Sand,,,Sand 3,3,6.72,25.28,-5.25,-23.810000000000002
-11.69,13.16,9.5118,0.035214,3.1003,-1.5644,-2.678,2.4,0.35758,805.0,13.152,9.5118,95.118,1.6802935100260494,,,,Sand,,,Sand 3,3,6.72,25.28,-5.25,-23.810000000000002
-11.709999999999999,13.18,10.159,0.03561,3.1212,-1.5475,-2.7119,2.4,0.34342,806.0,13.172,10.159,101.59,1.6468386155171786,,,,Sand,,,Sand 3,3,6.72,25.28,-5.25,-23.810000000000002
-11.729999999999999,13.2,10.968,0.035949,3.0943,-1.5814,-2.661,2.4,0.33178,806.0,13.192,10.968,109.68,1.6104019857637617,,,,Sand,,,Sand 3,3,6.72,25.28,-5.25,-23.810000000000002
-11.75,13.22,11.565,0.035388,3.0797,-1.5814,-2.6441,2.45,0.31536,807.0,13.212,11.565,115.65,1.5798487701568222,,,,Sand,,,Sand 3,3,6.72,25.28,-5.25,-23.810000000000002
-11.77,13.24,11.809,0.035257,3.0943,-1.5814,-2.661,2.45,0.30559,808.0,13.232,11.809,118.09,1.565576366459431,,,,Sand,,,Sand 3,3,6.72,25.28,-5.25,-23.810000000000002
-11.79,13.26,11.89,0.036881,3.0797,-1.5814,-2.6441,2.4,0.31249,809.0,13.252,11.89,118.9,1.56732521925392,,,,Sand,,,Sand 3,3,6.72,25.28,-5.25,-23.810000000000002
-11.809999999999999,13.28,11.918,0.03801,3.132,-1.5983,-2.6949,2.4,0.31643,810.0,13.272,11.918,119.18,1.5689069155820186,,,,Sand,,,Sand 3,3,6.72,25.28,-5.25,-23.810000000000002
-11.83,13.3,11.951,0.039522,3.1088,-1.5814,-2.678,2.45,0.32406,811.0,13.292,11.951,119.51,1.5726208851787757,,,,Sand,,,Sand 3,3,6.72,25.28,-5.25,-23.810000000000002
-11.85,13.32,12.037,0.045015,3.1117,-1.6153,-2.661,2.4,0.36397,811.0,13.312,12.037,120.37,1.5939645410539212,,,,Sand,,,Sand 3,3,6.72,25.28,-5.25,-23.810000000000002
-11.87,13.34,12.279,0.046827,3.1262,-1.6153,-2.678,2.4,0.37388,812.0,13.332,12.279,122.79,1.5922107954581628,,,,Sand,,,Sand 3,3,6.72,25.28,-5.25,-23.810000000000002
-11.889999999999999,13.36,12.648,0.049141,3.1494,-1.6322,-2.6949,2.4,0.38853,813.0,13.352,12.648,126.48,1.5895069409038418,,,,Sand,,,Sand 3,3,6.72,25.28,-5.25,-23.810000000000002
-11.91,13.38,13.034,0.051475,3.1552,-1.6153,-2.7119,2.45,0.40488,814.0,13.372,13.034,130.34,1.5875399965901253,,,,Sand,,,Sand 3,3,6.72,25.28,-5.25,-23.810000000000002
-11.93,13.4,13.184,0.051992,3.1466,-1.5983,-2.7119,2.45,0.4083,815.0,13.392,13.184,131.84,1.5852127009746377,,,,Sand,,,Sand 3,3,6.72,25.28,-5.25,-23.810000000000002
-11.95,13.42,13.144,0.052303,3.193,-1.6322,-2.7458,2.4,0.41111,816.0,13.412,13.144,131.44,1.5878990039940843,,,,Sand,,,Sand 3,3,6.72,25.28,-5.25,-23.810000000000002
-11.969999999999999,13.44,12.906,0.051876,3.1612,-1.5983,-2.7288,2.4,0.40825,816.0,13.432,12.906,129.06,1.5930742758333807,,,,Sand,,,Sand 3,3,6.72,25.28,-5.25,-23.810000000000002
-11.99,13.46,12.476,0.051417,3.1871,-1.6492,-2.7288,2.45,0.40432,817.0,13.452,12.476,124.76,1.603478561324768,,,,Sand,,,Sand 3,3,6.72,25.28,-5.25,-23.810000000000002
-12.01,13.48,12.197,0.049371,3.193,-1.6322,-2.7458,2.4,0.38675,818.0,13.472,12.197,121.97,1.602092200711289,,,,Sand,,,Sand 3,3,6.72,25.28,-5.25,-23.810000000000002
-12.03,13.5,12.189,0.050792,3.1639,-1.6322,-2.7119,2.4,0.39401,819.0,13.492,12.189,121.89,1.606423490056501,,,,Sand,,,Sand 3,3,6.72,25.28,-5.25,-23.810000000000002
-12.049999999999999,13.52,12.527,0.051827,3.1784,-1.6322,-2.7288,2.4,0.3956,820.0,13.512,12.527,125.27,1.5970946981679888,,,,Sand,,,Sand 3,3,6.72,25.28,-5.25,-23.810000000000002
-12.069999999999999,13.54,13.113,0.054382,3.1844,-1.6153,-2.7458,2.4,0.40578,821.0,13.532,13.113,131.13,1.5858042426288161,,,,Sand,,,Sand 3,3,6.72,25.28,-5.25,-23.810000000000002
-12.09,13.56,13.575,0.058353,3.2104,-1.6661,-2.7458,2.4,0.42323,821.0,13.552,13.575,135.75,1.5827054104914806,,,,Sand,,,Sand 3,3,6.72,25.28,-5.25,-23.810000000000002
-12.11,13.58,14.144,0.060092,3.2104,-1.6661,-2.7458,2.4,0.42195,822.0,13.572,14.144,141.44,1.5669574776939383,,,,Sand,,,Sand 3,3,6.72,25.28,-5.25,-23.810000000000002
-12.129999999999999,13.6,14.586,0.06022,3.2368,-1.7167,-2.7458,2.45,0.40835,823.0,13.592,14.586,145.86,1.548036737685219,,,,Sand,,,Sand 3,3,6.72,25.28,-5.25,-23.810000000000002
-12.149999999999999,13.62,14.884,0.061834,3.2281,-1.7,-2.7458,2.4,0.40568,824.0,13.612,14.884,148.84,1.5390985505428687,,,,Sand,,,Sand 3,3,6.72,25.28,-5.25,-23.810000000000002
-12.17,13.64,15.282,0.062883,3.2546,-1.75,-2.7458,2.4,0.39908,825.0,13.632,15.282,152.82,1.525605464651932,,,,Sand,,,Sand 3,3,6.72,25.28,-5.25,-23.810000000000002
-12.19,13.66,15.822,0.063558,3.2314,-1.7333,-2.7288,2.4,0.39017,826.0,13.652,15.822,158.22,1.5076171554441191,,,,Sand,,,Sand 3,3,6.72,25.28,-5.25,-23.810000000000002
-12.209999999999999,13.68,16.574,0.0625,3.2368,-1.7167,-2.7458,2.4,0.37157,827.0,13.672,16.574,165.74,1.4792214872732112,,,,Sand,,,Sand 3,3,6.72,25.28,-5.25,-23.810000000000002
-12.229999999999999,13.7,17.07,0.0614,3.2626,-1.8167,-2.7119,2.45,0.3546,827.0,13.692,17.07,170.7,1.4575882719963575,,,,Sand,,,Sand 3,3,6.72,25.28,-5.25,-23.810000000000002
-12.25,13.72,17.695,0.060249,3.2225,-1.7167,-2.7288,2.4,0.3392,828.0,13.712,17.695,176.95,1.4341663814973846,,,,Sand,,,Sand 3,3,6.72,25.28,-5.25,-23.810000000000002
-12.27,13.74,18.406,0.061097,3.2119,-1.75,-2.6949,2.4,0.33675,829.0,13.732,18.406,184.06,1.4179532646033692,,,,Sand,,,Sand 3,3,6.72,25.28,-5.25,-23.810000000000002
-12.29,13.76,18.831,0.06605,3.1977,-1.75,-2.678,2.4,0.35805,830.0,13.752,18.831,188.31,1.4238386308108761,,,,Sand,,,Sand 3,3,6.72,25.28,-5.25,-23.810000000000002
-12.309999999999999,13.78,18.843,0.068197,3.2225,-1.7167,-2.7288,1.05,0.36438,842.0,13.772,18.843,188.43,1.4277583455251097,,,,Sand,,,Sand 3,3,6.72,25.28,-5.25,-23.810000000000002
-12.33,13.8,18.855,0.068268,3.2119,-1.75,-2.6949,2.45,0.3601,843.0,13.791,18.855,188.55,1.424724051359071,,,,Sand,,,Sand 3,3,6.72,25.28,-5.25,-23.810000000000002
-12.35,13.82,18.867,0.072864,3.2726,-1.7833,-2.7458,2.4,0.37956,844.0,13.811,18.867,188.67,1.4370785999126858,,,,Sand,,,Sand 3,3,6.72,25.28,-5.25,-23.810000000000002
-12.37,13.84,19.01,0.082,3.2675,-1.8,-2.7288,2.45,0.42199,845.0,13.831,19.01,190.1,1.4604996880533345,,,,Sand,,,Sand 3,3,6.72,25.28,-5.25,-23.810000000000002
-12.389999999999999,13.86,19.219,0.081294,3.2767,-1.8167,-2.7288,2.45,0.41237,845.0,13.851,19.219,192.19,1.4508408332537948,,,,Sand,,,Sand 3,3,6.72,25.28,-5.25,-23.810000000000002
-12.41,13.88,19.634,0.078361,3.2579,-1.8333,-2.6949,2.4,0.39025,846.0,13.871,19.634,196.34,1.4295403585435034,,,,Sand,,,Sand 3,3,6.72,25.28,-5.25,-23.810000000000002
-12.43,13.9,20.315,0.078834,3.2579,-1.8333,-2.6949,2.4,0.3839,847.0,13.891,20.315,203.15,1.413306937733862,,,,Sand,,,Sand 3,3,6.72,25.28,-5.25,-23.810000000000002
-12.45,13.92,20.709,0.077021,3.3046,-1.8667,-2.7288,2.4,0.36551,848.0,13.911,20.709,207.09,1.3943744167820895,,,,Sand,,,Sand 3,3,6.72,25.28,-5.25,-23.810000000000002
-12.469999999999999,13.94,21.101,0.072207,3.3096,-1.9,-2.7119,2.45,0.33472,849.0,13.931,21.101,211.01,1.3664451357074916,,,,Sand,,,Sand 3,3,6.72,25.28,-5.25,-23.810000000000002
-12.49,13.96,21.782,0.069627,3.3385,-1.95,-2.7119,2.4,0.31634,850.0,13.951,21.782,217.82,1.3415754312478616,,,,Sand,,,Sand 3,3,6.72,25.28,-5.25,-23.810000000000002
-12.51,13.98,22.509,0.068296,3.3703,-1.9333,-2.7627,2.4,0.30501,851.0,13.971,22.509,225.09,1.3210548746824644,,,,Sand,,,Sand 3,3,6.72,25.28,-5.25,-23.810000000000002
-12.53,14.0,23.308,0.076338,3.3717,-1.9833,-2.7288,2.4,0.33506,851.0,13.991,23.308,233.08,1.3306775979480616,,,,Sand,,,Sand 3,3,6.72,25.28,-5.25,-23.810000000000002
-12.549999999999999,14.02,23.221,0.078456,3.3522,-1.95,-2.7288,2.45,0.33801,852.0,14.011,23.221,232.21,1.3341568182294545,,,,Sand,,,Sand 3,3,6.72,25.28,-5.25,-23.810000000000002
-12.569999999999999,14.04,23.133,0.087459,3.3895,-1.9667,-2.7627,2.4,0.37079,853.0,14.031,23.133,231.33,1.3584719297337329,,,,Sand,,,Sand 3,3,6.72,25.28,-5.25,-23.810000000000002
-12.59,14.06,23.365,0.095187,3.3895,-1.9667,-2.7627,2.4,0.39931,854.0,14.051,23.365,233.65,1.3739387728540966,,,,Sand,,,Sand 3,3,6.72,25.28,-5.25,-23.810000000000002
-12.61,14.08,23.846,0.1023,3.4033,-1.9667,-2.7797,2.4,0.42742,855.0,14.071,23.846,238.46,1.384808565029556,,,,Sand,,,Sand 3,3,6.72,25.28,-5.25,-23.810000000000002
-12.629999999999999,14.1,24.525,0.11156,3.366,-1.95,-2.7458,2.45,0.46443,856.0,14.091,24.525,245.25,1.3978097994010146,,,,Sand,,,Sand 3,3,6.72,25.28,-5.25,-23.810000000000002
-12.649999999999999,14.12,24.79,0.12159,3.3951,-2.0,-2.7458,2.4,0.50485,856.0,14.111,24.79,247.9,1.4175365021343855,,,,Sand,,,Sand 3,3,6.72,25.28,-5.25,-23.810000000000002
-12.67,14.14,24.514,0.1264,3.3815,-2.0,-2.7288,2.4,0.52464,857.0,14.131,24.514,245.14,1.4321330805897414,,,,Sand,,,Sand 3,3,6.72,25.28,-5.25,-23.810000000000002
-12.69,14.16,24.091,0.1316,3.4639,-2.0,-2.8305,2.45,0.54781,858.0,14.151,24.091,240.91,1.4501831982081532,,,,Sand,,,Sand 3,3,6.72,25.28,-5.25,-23.810000000000002
-12.709999999999999,14.18,23.895,0.13241,3.4405,-1.9833,-2.8136,2.4,0.55518,859.0,14.171,23.895,238.95,1.4566832562142629,,,,Sand,,,Sand 3,3,6.72,25.28,-5.25,-23.810000000000002
-12.729999999999999,14.2,23.649,0.13308,3.3991,-1.9833,-2.7627,2.4,0.56318,860.0,14.191,23.649,236.49,1.4641661281805953,,,,Sand,,,Sand 3,3,6.72,25.28,-5.25,-23.810000000000002
-12.75,14.22,23.434,0.13612,3.446,-2.0167,-2.7966,2.4,0.58087,860.0,14.211,23.434,234.34,1.4760586917880405,,,,Sand,,,Sand 3,3,6.72,25.28,-5.25,-23.810000000000002
-12.77,14.24,23.286,0.13767,3.4735,-2.0167,-2.8305,2.45,0.5911,861.0,14.231,23.286,232.86,1.48316928672039,,,,Sand,,,Sand 3,3,6.72,25.28,-5.25,-23.810000000000002
-12.79,14.26,23.138,0.13799,3.4558,-2.0333,-2.7966,2.4,0.59504,862.0,14.251,23.138,231.38,1.4871575121427667,,,,Sand,,,Sand 3,3,6.72,25.28,-5.25,-23.810000000000002
-12.809999999999999,14.28,23.031,0.13714,3.4792,-2.05,-2.8136,2.4,0.59264,863.0,14.271,23.031,230.31,1.4874827175389753,,,,Sand,,,Sand 3,3,6.72,25.28,-5.25,-23.810000000000002
-12.83,14.3,22.942,0.13669,3.5012,-2.0167,-2.8644,2.4,0.59078,864.0,14.291,22.942,229.42,1.4878252764323954,,,,Sand,,,Sand 3,3,6.72,25.28,-5.25,-23.810000000000002
-12.85,14.32,22.955,0.13509,3.5027,-2.0667,-2.8305,2.4,0.58273,865.0,14.311,22.955,229.55,1.4836775664164523,,,,Sand,,,Sand 3,3,6.72,25.28,-5.25,-23.810000000000002
-12.87,14.34,23.083,0.13512,3.4656,-2.05,-2.7966,2.45,0.5804,865.0,14.331,23.083,230.83,1.4807165985941426,,,,Sand,,,Sand 3,3,6.72,25.28,-5.25,-23.810000000000002
-12.889999999999999,14.36,23.251,0.13671,3.5459,-2.1167,-2.8475,2.4,0.58436,866.0,14.351,23.251,232.51,1.4803308524872827,,,,Sand,,,Sand 3,3,6.72,25.28,-5.25,-23.810000000000002
-12.91,14.38,23.409,0.13956,3.4718,-2.0833,-2.7797,2.4,0.59545,867.0,14.37,23.409,234.09,1.4836021216587307,,,,Sand,,,Sand 3,3,6.72,25.28,-5.25,-23.810000000000002
-12.93,14.4,23.644,0.14036,3.5324,-2.1167,-2.8305,2.4,0.601,868.0,14.39,23.644,236.44,1.4830974225598337,,,,Sand,,,Sand 3,3,6.72,25.28,-5.25,-23.810000000000002
-12.95,14.42,23.93,0.13951,3.5459,-2.1167,-2.8475,2.45,0.60197,869.0,14.41,23.93,239.3,1.479714807635514,,,,Sand,,,Sand 3,3,6.72,25.28,-5.25,-23.810000000000002
-12.969999999999999,14.44,23.937,0.13739,3.5224,-2.1,-2.8305,2.4,0.59995,869.0,14.43,23.937,239.37,1.4786353656727558,,,,Sand,,,Sand 3,3,6.72,25.28,-5.25,-23.810000000000002
-12.99,14.46,23.296,0.13581,3.4929,-2.05,-2.8305,2.4,0.60185,870.0,14.45,23.296,232.96,1.4882759138758408,,,,Sand,,,Sand 3,3,6.72,25.28,-5.25,-23.810000000000002
-13.01,14.48,22.288,0.13191,3.4853,-2.0833,-2.7966,2.45,0.5949,871.0,14.47,22.288,222.88,1.499214216198288,,,,Sand,,,Sand 3,3,6.72,25.28,-5.25,-23.810000000000002
-13.03,14.5,21.65,0.12837,3.4953,-2.1,-2.7966,2.45,0.59199,872.0,14.49,21.65,216.5,1.5072735601802254,,,,Sand,,,Sand 3,3,6.72,25.28,-5.25,-23.810000000000002
-13.049999999999999,14.52,21.05,0.12528,3.5288,-2.1333,-2.8136,2.4,0.59372,873.0,14.51,21.05,210.5,1.5173118658221745,,,,Sand,,,Sand 3,3,6.72,25.28,-5.25,-23.810000000000002
-13.069999999999999,14.54,20.727,0.12176,3.5125,-2.0833,-2.8305,2.4,0.59316,874.0,14.53,20.727,207.27,1.5221263100441942,,,,Sand,,,Sand 3,3,6.72,25.28,-5.25,-23.810000000000002
-13.09,14.56,20.507,0.12035,3.5694,-2.1333,-2.8644,2.4,0.60153,875.0,14.55,20.507,205.07,1.5296096914713537,,,,Sand,,,Sand 3,3,6.72,25.28,-5.25,-23.810000000000002
-13.11,14.58,20.027,0.11987,3.5894,-2.1667,-2.8644,2.45,0.61377,875.0,14.57,20.027,200.27,1.5431127032393552,,,,Sand,,,Sand 3,3,6.72,25.28,-5.25,-23.810000000000002
-13.129999999999999,14.6,19.263,0.11974,3.5288,-2.1333,-2.8136,2.4,0.62642,876.0,14.59,19.263,192.63,1.5616962105954806,,,,Sand,,,Sand 3,3,6.72,25.28,-5.25,-23.810000000000002
-13.149999999999999,14.62,18.711,0.11855,3.5694,-2.1333,-2.8644,2.4,0.63264,877.0,14.61,18.711,187.11,1.5740814779928602,,,,Sand,,,Sand 3,3,6.72,25.28,-5.25,-23.810000000000002
-13.17,14.64,18.128,0.11958,3.5894,-2.1667,-2.8644,2.4,0.65087,878.0,14.63,18.128,181.28,1.5925471286302912,,,,Sand,,,Sand 3,3,6.72,25.28,-5.25,-23.810000000000002
-13.19,14.66,17.832,0.11996,3.5759,-2.1667,-2.8475,2.4,0.66446,879.0,14.65,17.832,178.32,1.6038125174186417,,,,Sand,,,Sand 3,3,6.72,25.28,-5.25,-23.810000000000002
-13.209999999999999,14.68,17.73,0.11435,3.5961,-2.2,-2.8475,2.4,0.6417,880.0,14.67,17.73,177.3,1.595920885085381,,,,Sand,,,Sand 3,3,6.72,25.28,-5.25,-23.810000000000002
-13.229999999999999,14.7,17.719,0.1132,3.5827,-2.2,-2.8305,2.45,0.6416,880.0,14.69,17.719,177.19,1.596083589235469,,,,Sand,,,Sand 3,3,6.72,25.28,-5.25,-23.810000000000002
-13.25,14.72,17.573,0.11124,3.5659,-2.15,-2.8475,2.4,0.63473,881.0,14.71,17.573,175.73,1.5958354744255059,,,,Sand,,,Sand 3,3,6.72,25.28,-5.25,-23.810000000000002
-13.27,14.74,17.478,0.10932,3.6029,-2.1667,-2.8814,2.4,0.62708,882.0,14.73,17.478,174.78,1.5942780574733069,,,,Sand,,,Sand 3,3,6.72,25.28,-5.25,-23.810000000000002
-13.29,14.76,17.392,0.10646,3.6095,-2.2,-2.8644,2.4,0.61248,883.0,14.75,17.392,173.92,1.5894258098813443,,,,Sand,,,Sand 3,3,6.72,25.28,-5.25,-23.810000000000002
-13.309999999999999,14.78,17.293,0.10504,3.6197,-2.2167,-2.8644,1.05,0.60375,896.0,14.77,17.293,172.93,1.5874062232545307,,,,Sand,,,Sand 3,3,6.72,25.28,-5.25,-23.810000000000002
-13.33,14.8,17.193,0.10388,3.6399,-2.1833,-2.9153,2.35,0.59334,896.0,14.79,17.193,171.93,1.5846162347952417,,,,Sand,,,Sand 3,3,6.72,25.28,-5.25,-23.810000000000002
-13.35,14.82,17.094,0.10507,3.6095,-2.2,-2.8644,2.4,0.59434,897.0,14.81,17.094,170.94,1.5870290523893171,,,,Sand,,,Sand 3,3,6.72,25.28,-5.25,-23.810000000000002
-13.37,14.84,17.315,0.10669,3.6331,-2.2167,-2.8814,2.45,0.59664,898.0,14.83,17.315,173.15,1.5837380668786696,,,,Sand,,,Sand 3,3,6.72,25.28,-5.25,-23.810000000000002
-13.389999999999999,14.86,17.846,0.10873,3.6432,-2.2333,-2.8814,2.4,0.59932,899.0,14.85,17.846,178.46,1.5747906619860663,,,,Sand,,,Sand 3,3,6.72,25.28,-5.25,-23.810000000000002
-13.41,14.88,18.454,0.10858,3.6299,-2.2333,-2.8644,2.4,0.58674,900.0,14.87,18.454,184.54,1.5576979617229456,,,,Sand,,,Sand 3,3,6.72,25.28,-5.25,-23.810000000000002
-13.43,14.9,18.835,0.10934,3.6239,-2.2667,-2.8305,2.4,0.57612,901.0,14.889,18.835,188.35,1.5458049060620358,,,,Sand,,,Sand 3,3,6.72,25.28,-5.25,-23.810000000000002
-13.45,14.92,19.019,0.11096,3.6197,-2.2167,-2.8644,2.45,0.56678,901.0,14.909,19.019,190.19,1.5380408989528143,,,,Sand,,,Sand 3,3,6.72,25.28,-5.25,-23.810000000000002
-13.469999999999999,14.94,19.387,0.11255,3.6534,-2.25,-2.8814,2.45,0.55562,902.0,14.929,19.387,193.87,1.5261315459180544,,,,Sand,,,Sand 3,3,6.72,25.28,-5.25,-23.810000000000002
-13.49,14.96,20.091,0.11405,3.6701,-2.2333,-2.9153,2.4,0.54424,903.0,14.949,20.091,200.91,1.5084497914358135,,,,Sand,,,Sand 3,3,6.72,25.28,-5.25,-23.810000000000002
-13.51,14.98,20.883,0.11425,3.6566,-2.2333,-2.8983,2.4,0.52601,904.0,14.969,20.883,208.83,1.4860841525974051,,,,Sand,,,Sand 3,3,6.72,25.28,-5.25,-23.810000000000002
-13.53,15.0,22.1,0.11774,3.6936,-2.25,-2.9322,2.4,0.52241,905.0,14.989,22.1,221.0,1.4652161250881082,,,,Sand,,,Sand 3,3,6.72,25.28,-5.25,-23.810000000000002
-13.549999999999999,15.02,23.284,0.12552,3.7037,-2.2667,-2.9322,2.45,0.53822,905.0,15.009,23.284,232.84,1.4562989254685295,,,,Sand,,,Sand 3,3,6.72,25.28,-5.25,-23.810000000000002
-13.569999999999999,15.04,24.043,0.13316,3.6835,-2.2333,-2.9322,2.45,0.55528,906.0,15.029,24.043,240.43,1.4547264915178781,,,,Sand,,,Sand 3,3,6.72,25.28,-5.25,-23.810000000000002
-13.59,15.06,24.963,0.13667,3.7139,-2.2833,-2.9322,2.4,0.55773,907.0,15.049,24.963,249.63,1.4438377899865404,,,,Sand,,,Sand 3,3,6.72,25.28,-5.25,-23.810000000000002
-13.61,15.08,25.559,0.1422,3.7212,-2.3167,-2.9153,2.4,0.57204,908.0,15.069,25.559,255.59,1.4436673499044013,,,,Sand,,,Sand 3,3,6.72,25.28,-5.25,-23.810000000000002
-13.629999999999999,15.1,25.646,0.14561,3.6904,-2.2667,-2.9153,2.45,0.58139,909.0,15.089,25.646,256.46,1.4473616343515183,,,,Sand,,,Sand 3,3,6.72,25.28,-5.25,-23.810000000000002
-13.649999999999999,15.12,25.372,0.14749,3.7139,-2.2833,-2.9322,2.4,0.58738,910.0,15.109,25.372,253.72,1.4538091327891671,,,,Sand,,,Sand 3,3,6.72,25.28,-5.25,-23.810000000000002
-13.67,15.14,25.066,0.14929,3.7448,-2.3333,-2.9322,2.4,0.5963,910.0,15.129,25.066,250.66,1.4621248401531894,,,,Sand,,,Sand 3,3,6.72,25.28,-5.25,-23.810000000000002
-13.69,15.16,24.937,0.1496,3.7288,-2.35,-2.8983,2.4,0.60154,911.0,15.149,24.937,249.37,1.466353614798502,,,,Sand,,,Sand 3,3,6.72,25.28,-5.25,-23.810000000000002
-13.709999999999999,15.18,24.776,0.14964,3.7448,-2.3333,-2.9322,2.45,0.60621,912.0,15.169,24.776,247.76,1.4707011756436028,,,,Sand,,,Sand 3,3,6.72,25.28,-5.25,-23.810000000000002
-13.729999999999999,15.2,24.562,0.14774,3.7656,-2.3667,-2.9322,2.4,0.60172,913.0,15.189,24.562,245.62,1.4712646531234443,,,,Sand,,,Sand 3,3,6.72,25.28,-5.25,-23.810000000000002
-13.75,15.22,24.377,0.14689,3.7996,-2.4,-2.9492,2.4,0.59952,914.0,15.209,24.377,243.77,1.472597683808279,,,,Sand,,,Sand 3,3,6.72,25.28,-5.25,-23.810000000000002
-13.77,15.24,24.219,0.14664,3.7656,-2.3667,-2.9322,2.4,0.59707,914.0,15.229,24.219,242.19,1.4734731222116548,,,,Sand,,,Sand 3,3,6.72,25.28,-5.25,-23.810000000000002
-13.79,15.26,24.17,0.14588,3.7344,-2.3167,-2.9322,2.45,0.5895,915.0,15.249,24.17,241.7,1.4703828805091468,,,,Sand,,,Sand 3,3,6.72,25.28,-5.25,-23.810000000000002
-13.809999999999999,15.28,24.32,0.14582,3.7734,-2.4,-2.9153,2.4,0.58289,916.0,15.269,24.32,243.2,1.465099292053192,,,,Sand,,,Sand 3,3,6.72,25.28,-5.25,-23.810000000000002
-13.83,15.3,24.641,0.14523,3.776,-2.3833,-2.9322,2.4,0.57235,917.0,15.289,24.641,246.41,1.4555559537664136,,,,Sand,,,Sand 3,3,6.72,25.28,-5.25,-23.810000000000002
-13.85,15.32,25.412,0.14583,3.8101,-2.4167,-2.9492,2.4,0.5656,918.0,15.309,25.412,254.12,1.4421916629696174,,,,Sand,,,Sand 3,3,6.72,25.28,-5.25,-23.810000000000002
-13.87,15.34,26.268,0.14567,3.8232,-2.4167,-2.9661,2.4,0.55589,919.0,15.329,26.268,262.68,1.4265017052806337,,,,Sand,,,Sand 3,3,6.72,25.28,-5.25,-23.810000000000002
-13.889999999999999,15.36,26.73,0.14819,3.8101,-2.4167,-2.9492,2.45,0.55808,919.0,15.348,26.73,267.3,1.4220946577905988,,,,Sand,,,Sand 3,3,6.72,25.28,-5.25,-23.810000000000002
-13.91,15.38,27.236,0.15355,3.7971,-2.4167,-2.9322,2.4,0.57391,920.0,15.368,27.236,272.36,1.424452002030021,,,,Sand,,,Sand 3,3,6.72,25.28,-5.25,-23.810000000000002
-13.93,15.4,27.49,0.15544,3.7971,-2.4167,-2.9322,2.4,0.58098,921.0,15.388,27.49,274.9,1.4251926008784652,,,,Sand,,,Sand 3,3,6.72,25.28,-5.25,-23.810000000000002
-13.95,15.42,27.535,0.1615,3.7687,-2.4333,-2.8814,2.4,0.60965,922.0,15.408,27.535,275.35,1.4392094063310121,,,,Sand,,,Sand 3,3,6.72,25.28,-5.25,-23.810000000000002
-13.969999999999999,15.44,27.124,0.1675,3.7687,-2.4333,-2.8814,2.45,0.64178,923.0,15.428,27.124,271.24,1.4595060253013412,,,,Sand,,,Sand 3,3,6.72,25.28,-5.25,-23.810000000000002
-13.99,15.46,26.246,0.17352,3.771,-2.4167,-2.8983,2.4,0.67658,924.0,15.448,26.246,262.46,1.4858124528846597,,,,Sand,,,Sand 3,3,6.72,25.28,-5.25,-23.810000000000002
-14.01,15.48,25.408,0.14189,3.8155,-2.3833,-2.9831,2.4,0.57304,924.0,15.468,25.408,254.08,1.4460752574139761,,,,Sand,,,Sand 3,3,6.72,25.28,-5.25,-23.810000000000002
-14.03,15.5,24.156,0.13924,3.8553,-2.3833,-3.0339,2.4,0.58568,925.0,15.488,24.156,241.56,1.468668668788633,,,,Sand,,,Sand 3,3,6.72,25.28,-5.25,-23.810000000000002
-14.049999999999999,15.52,23.6,0.13409,3.9122,-2.3667,-3.1186,2.45,0.58783,926.0,15.508,23.6,236.0,1.4772342709815247,,,,Sand,,,Sand 3,3,6.72,25.28,-5.25,-23.810000000000002
-14.069999999999999,15.54,23.611,0.12109,3.9116,-2.3,-3.1673,2.4,0.55171,927.0,15.528,23.611,236.11,1.458782311011962,,,,Sand,,,Sand 3,3,6.72,25.28,-5.25,-23.810000000000002
-14.09,15.56,20.409,0.12058,3.886,-2.3,-3.1356,2.45,0.5693,928.0,15.548,20.409,204.09,1.5156860008070638,,,,Sand,,,Sand 3,3,6.72,25.28,-5.25,-23.810000000000002
-14.11,15.58,19.631,0.11697,3.9122,-2.3667,-3.1186,2.4,0.56878,929.0,15.568,19.631,196.31,1.528391625370593,,,,Sand,,,Sand 3,3,6.72,25.28,-5.25,-23.810000000000002
-14.129999999999999,15.6,19.425,0.11223,3.8789,-2.4,-3.0508,2.4,0.56053,929.0,15.588,19.425,194.25,1.527892147883832,,,,Sand,,,Sand 3,3,6.72,25.28,-5.25,-23.810000000000002
-14.149999999999999,15.62,19.344,0.10804,3.8954,-2.3833,-3.0847,2.45,0.55439,930.0,15.608,19.344,193.44,1.5262708806385843,,,,Sand,,,Sand 3,3,6.72,25.28,-5.25,-23.810000000000002
-14.17,15.64,19.268,0.10386,3.8922,-2.4,-3.0678,2.4,0.53607,931.0,15.628,19.268,192.68,1.5184313149698818,,,,Sand,,,Sand 3,3,6.72,25.28,-5.25,-23.810000000000002
-14.19,15.66,19.234,0.10186,3.8954,-2.3833,-3.0847,2.4,0.52562,932.0,15.648,19.234,192.34,1.5137022412850978,,,,Sand,,,Sand 3,3,6.72,25.28,-5.25,-23.810000000000002
-14.209999999999999,15.68,19.262,0.1043,3.8995,-2.4333,-3.0508,2.4,0.53654,933.0,15.668,19.262,192.62,1.5187748285220195,,,,Sand,,,Sand 3,3,6.72,25.28,-5.25,-23.810000000000002
-14.229999999999999,15.7,19.336,0.1068,3.8687,-2.3833,-3.0508,2.45,0.5495,934.0,15.688,19.336,193.36,1.5239835681143354,,,,Sand,,,Sand 3,3,6.72,25.28,-5.25,-23.810000000000002
-14.25,15.72,19.499,0.10926,3.8967,-2.45,-3.0339,2.45,0.55972,934.0,15.708,19.499,194.99,1.5262170220499127,,,,Sand,,,Sand 3,3,6.72,25.28,-5.25,-23.810000000000002
-14.27,15.74,19.667,0.1111,3.9128,-2.4333,-3.0678,2.4,0.56628,935.0,15.728,19.667,196.67,1.526558802420793,,,,Sand,,,Sand 3,3,6.72,25.28,-5.25,-23.810000000000002
-14.29,15.76,19.906,0.11366,3.9025,-2.4167,-3.0678,2.4,0.57724,936.0,15.748,19.906,199.06,1.5278543425543873,,,,Sand,,,Sand 3,3,6.72,25.28,-5.25,-23.810000000000002
-14.309999999999999,15.78,19.315,0.11548,3.9204,-2.4667,-3.0508,2.25,0.5864,937.0,15.768,19.315,193.15,1.5422816337293586,,,,Sand,,,Sand 3,3,6.72,25.28,-5.25,-23.810000000000002
-14.33,15.8,19.949,0.11629,3.9571,-2.4833,-3.0847,2.3,0.59256,950.0,15.787,19.949,199.49,1.534471258622392,,,,Sand,,,Sand 3,3,6.72,25.28,-5.25,-23.810000000000002
-14.35,15.82,20.019,0.11487,3.9571,-2.4833,-3.0847,2.45,0.59021,950.0,15.807,20.019,200.19,1.5321948052466516,,,,Sand,,,Sand 3,3,6.72,25.28,-5.25,-23.810000000000002
-14.37,15.84,19.824,0.11304,3.9204,-2.4667,-3.0508,2.4,0.5883,951.0,15.827,19.824,198.24,1.534531248705027,,,,Sand,,,Sand 3,3,6.72,25.28,-5.25,-23.810000000000002
-14.389999999999999,15.86,19.371,0.11234,3.9364,-2.45,-3.0847,2.45,0.59117,952.0,15.847,19.371,193.71,1.543574666838422,,,,Sand,,,Sand 3,3,6.72,25.28,-5.25,-23.810000000000002
-14.41,15.88,18.948,0.10984,3.9231,-2.45,-3.0678,2.4,0.58747,953.0,15.867,18.948,189.48,1.549192629837836,,,,Sand,,,Sand 3,3,6.72,25.28,-5.25,-23.810000000000002
-14.43,15.9,18.369,0.10687,3.9308,-2.4833,-3.0508,2.4,0.58202,954.0,15.887,18.369,183.69,1.55702679198916,,,,Sand,,,Sand 3,3,6.72,25.28,-5.25,-23.810000000000002
-14.45,15.92,17.922,0.10509,3.9177,-2.4833,-3.0339,2.45,0.5835,955.0,15.907,17.922,179.22,1.5660220472428872,,,,Sand,,,Sand 3,3,6.72,25.28,-5.25,-23.810000000000002
-14.469999999999999,15.94,17.62,0.10466,3.9231,-2.45,-3.0678,2.45,0.59284,955.0,15.927,17.62,176.2,1.5760984813741177,,,,Sand,,,Sand 3,3,6.72,25.28,-5.25,-23.810000000000002
-14.49,15.96,17.5,0.10181,3.9467,-2.4667,-3.0847,2.4,0.59091,956.0,15.947,17.5,175.0,1.577513929229204,,,,Sand,,,Sand 3,3,6.72,25.28,-5.25,-23.810000000000002
-14.51,15.98,17.345,0.099429,3.9544,-2.5,-3.0678,2.4,0.59314,957.0,15.967,17.345,173.45,1.5815477049141604,,,,Sand,,,Sand 3,3,6.72,25.28,-5.25,-23.810000000000002
-14.53,16.0,17.014,0.099005,3.9413,-2.5,-3.0508,2.45,0.60819,958.0,15.987,17.014,170.14,1.5948967282119795,,,,Sand,,,Sand 3,3,6.72,25.28,-5.25,-23.810000000000002
-14.549999999999999,16.02,16.513,0.10035,3.978,-2.5167,-3.0847,2.45,0.63696,959.0,16.007,16.513,165.13,1.6176357720021226,,,,Sand,,,Sand 3,3,6.72,25.28,-5.25,-23.810000000000002
-14.569999999999999,16.04,15.559,0.10032,3.9544,-2.5,-3.0678,2.4,0.66047,959.0,16.027,15.559,155.59,1.6476119946849956,,,,Sand,,,Sand 3,3,6.72,25.28,-5.25,-23.810000000000002
-14.589999999999998,16.06,14.633,0.097956,3.9731,-2.55,-3.0508,2.4,0.67016,960.0,16.047,14.633,146.33,1.6723170954143016,,,,Sand,,,Sand 3,3,6.72,25.28,-5.25,-23.810000000000002
-14.609999999999998,16.08,14.045,0.094833,3.9519,-2.5167,-3.0508,2.45,0.67472,961.0,16.067,14.045,140.45,1.688078503100515,,,,Sand,,,Sand 3,3,6.72,25.28,-5.25,-23.810000000000002
-14.63,16.1,13.425,0.091985,3.9755,-2.5333,-3.0678,2.4,0.67972,962.0,16.087,13.425,134.25,1.7054596367934,,,,Sand,,,Sand 3,3,6.72,25.28,-5.25,-23.810000000000002
-14.65,16.12,12.983,0.09208,3.9968,-2.5667,-3.0678,2.4,0.70214,963.0,16.107,12.983,129.83,1.7255986716141611,,,,Sand,,,Sand 3,3,6.72,25.28,-5.25,-23.810000000000002
-14.67,16.14,12.764,0.09164,4.0097,-2.5667,-3.0847,2.4,0.71644,964.0,16.127,12.764,127.64,1.736819990252535,,,,Sand,,,Sand 3,3,6.72,25.28,-5.25,-23.810000000000002
-14.69,16.16,12.52,0.090502,4.0204,-2.5833,-3.0847,2.45,0.72254,964.0,16.147,12.52,125.2,1.7456840682276709,,,,Sand,,,Sand 3,3,6.72,25.28,-5.25,-23.810000000000002
-14.709999999999999,16.18,12.334,0.087106,3.9755,-2.5333,-3.0678,2.45,0.7066,965.0,16.167,12.334,123.34,1.7448457211791277,,,,Sand,,,Sand 3,3,6.72,25.28,-5.25,-23.810000000000002
-14.729999999999999,16.2,12.209,0.083363,3.9838,-2.5667,-3.0508,2.4,0.68485,966.0,16.187,12.209,122.09,1.7400734865077798,,,,Sand,,,Sand 3,3,6.72,25.28,-5.25,-23.810000000000002
-14.749999999999998,16.22,12.05,0.08243,4.0655,-2.6333,-3.1017,2.4,0.68519,967.0,16.206,12.05,120.5,1.7447331845943195,,,,Sand,,,Sand 3,3,6.72,25.28,-5.25,-23.810000000000002
-14.769999999999998,16.24,11.921,0.082046,4.0182,-2.6,-3.0678,2.45,0.689,968.0,16.226,11.921,119.21,1.749912067879147,,,,Sand,,,Sand 3,3,6.72,25.28,-5.25,-23.810000000000002
-14.790000000000001,16.26,11.84,0.083642,3.9838,-2.5667,-3.0508,2.45,0.70897,968.0,16.246,11.84,118.4,1.7597927373686868,,,,Sand,,,Sand 3,3,6.72,25.28,-5.25,-23.810000000000002
-14.81,16.28,11.741,0.083948,4.0097,-2.5667,-3.0847,2.4,0.71819,969.0,16.266,11.741,117.41,1.766102201746944,,,,Sand,,,Sand 3,3,6.72,25.28,-5.25,-23.810000000000002
-14.83,16.3,11.626,0.082698,4.0547,-2.6167,-3.1017,2.4,0.71359,970.0,16.286,11.626,116.26,1.7677975620062194,,,,Sand,,,Sand 3,3,6.72,25.28,-5.25,-23.810000000000002
-14.85,16.32,11.543,0.081949,4.0655,-2.6333,-3.1017,2.4,0.71273,971.0,16.306,11.543,115.43,1.7699533312170699,,,,Sand,,,Sand 3,3,6.72,25.28,-5.25,-23.810000000000002
-14.87,16.34,11.452,0.081944,4.07,-2.6,-3.1356,2.45,0.7181,972.0,16.326,11.452,114.52,1.7746633119977022,,,,Sand,,,Sand 3,3,6.72,25.28,-5.25,-23.810000000000002
-14.889999999999999,16.36,11.338,0.081632,4.0506,-2.65,-3.0678,2.4,0.72058,973.0,16.346,11.338,113.38,1.7790266964063859,,,,Sand,,,Sand 3,3,6.72,25.28,-5.25,-23.810000000000002
-14.909999999999998,16.38,11.252,0.081117,4.0547,-2.6167,-3.1017,2.4,0.72063,974.0,16.366,11.252,112.52,1.7816770136198612,,,,Sand,,,Sand 3,3,6.72,25.28,-5.25,-23.810000000000002
-14.929999999999998,16.4,11.191,0.08079,4.0762,-2.65,-3.1017,2.4,0.72237,974.0,16.386,11.191,111.91,1.7841906033153847,,,,Sand,,,Sand 3,3,6.72,25.28,-5.25,-23.810000000000002
-14.950000000000001,16.42,11.147,0.080449,4.0913,-2.6333,-3.1356,2.45,0.7239,975.0,16.406,11.147,111.47,1.7861089503677041,,,,Sand,,,Sand 3,3,6.72,25.28,-5.25,-23.810000000000002
-14.97,16.44,11.082,0.079887,4.0526,-2.6333,-3.0847,2.4,0.7229,976.0,16.426,11.082,110.82,1.7877704677440032,,,,Sand,,,Sand 3,3,6.72,25.28,-5.25,-23.810000000000002
-14.99,16.46,11.049,0.080369,4.0634,-2.65,-3.0847,2.4,0.73088,977.0,16.446,11.049,110.49,1.7916834704533287,,,,Sand,,,Sand 3,3,6.72,25.28,-5.25,-23.810000000000002
-15.01,16.48,10.964,0.080436,4.087,-2.6667,-3.1017,2.45,0.73472,978.0,16.466,10.964,109.64,1.7957308493569755,,,,Sand,,,Sand 3,3,6.72,25.28,-5.25,-23.810000000000002
-15.03,16.5,10.885,0.080319,4.0655,-2.6333,-3.1017,2.4,0.73639,979.0,16.486,10.885,108.85,1.7988285874538803,,,,Sand,,,Sand 3,3,6.72,25.28,-5.25,-23.810000000000002
-15.049999999999999,16.52,10.839,0.078536,4.0999,-2.6667,-3.1186,2.4,0.7219,979.0,16.506,10.839,108.39,1.795095729784094,,,,Sand,,,Sand 3,3,6.72,25.28,-5.25,-23.810000000000002
-15.069999999999999,16.54,10.813,0.078274,4.1107,-2.6833,-3.1186,2.4,0.72081,980.0,16.526,10.813,108.13,1.7955356280247017,,,,Sand,,,Sand 3,3,6.72,25.28,-5.25,-23.810000000000002
-15.089999999999998,16.56,10.806,0.077672,4.1107,-2.6833,-3.1186,2.4,0.71559,981.0,16.546,10.806,108.06,1.7938677810469248,,,,Sand,,,Sand 3,3,6.72,25.28,-5.25,-23.810000000000002
-15.109999999999998,16.58,10.82,0.077512,4.1324,-2.7167,-3.1186,2.45,0.7133,982.0,16.566,10.82,108.2,1.7925837848113937,,,,Sand,,,Sand 3,3,6.72,25.28,-5.25,-23.810000000000002
-15.13,16.6,10.858,0.077816,4.0979,-2.6833,-3.1017,2.4,0.71438,983.0,16.586,10.858,108.58,1.7917582547614548,,,,Sand,,,Sand 3,3,6.72,25.28,-5.25,-23.810000000000002
-15.15,16.62,10.889,0.077726,4.1417,-2.75,-3.1017,2.4,0.71095,984.0,16.605,10.889,108.89,1.7895145615136274,,,,Sand,,,Sand 3,3,6.72,25.28,-5.25,-23.810000000000002
-15.17,16.64,10.925,0.076301,4.1107,-2.6833,-3.1186,2.4,0.69458,984.0,16.625,10.925,109.25,1.782321896915111,,,,Sand,,,Sand 3,3,6.72,25.28,-5.25,-23.810000000000002
-15.19,16.66,10.985,0.075697,4.1197,-2.7167,-3.1017,2.4,0.68445,985.0,16.645,10.985,109.85,1.7766143721697323,,,,Sand,,,Sand 3,3,6.72,25.28,-5.25,-23.810000000000002
-15.209999999999999,16.68,11.047,0.075672,4.1307,-2.7333,-3.1017,2.4,0.67763,986.0,16.665,11.047,110.47,1.7720657918868594,,,,Sand,,,Sand 3,3,6.72,25.28,-5.25,-23.810000000000002
-15.229999999999999,16.7,11.131,0.060387,4.1434,-2.7333,-3.1186,2.45,0.53384,987.0,16.685,11.131,111.31,1.7099247783804703,,,,Sand,,,Sand 3,3,6.72,25.28,-5.25,-23.810000000000002
-15.249999999999998,16.72,11.227,0.05938,4.1452,-2.7167,-3.1356,2.4,0.51805,988.0,16.705,11.227,112.27,1.6996180541394972,,,,Sand,,,Sand 3,3,6.72,25.28,-5.25,-23.810000000000002
-15.269999999999998,16.74,11.415,0.059896,4.1654,-2.7667,-3.1186,2.4,0.5095,989.0,16.725,11.415,114.15,1.6896214470549467,,,,Sand,,,Sand 3,3,6.72,25.28,-5.25,-23.810000000000002
-15.290000000000001,16.76,11.719,0.060578,4.1544,-2.75,-3.1186,2.4,0.49596,989.0,16.745,11.719,117.19,1.6736637208166179,,,,Sand,,,Sand 3,3,6.72,25.28,-5.25,-23.810000000000002
-15.31,16.78,12.046,0.061873,4.1561,-2.7333,-3.1356,2.4,0.48229,990.0,16.765,12.046,120.46,1.6570224411063028,,,,Sand,,,Sand 3,3,6.72,25.28,-5.25,-23.810000000000002
-15.33,16.8,12.128,0.063691,4.2018,-2.7667,-3.1673,1.45,0.46485,1002.0,16.785,12.128,121.28,1.6458749898417226,,,,Sand,,,Sand 3,3,6.72,25.28,-5.25,-23.810000000000002
-15.35,16.82,13.333,0.068815,4.1671,-2.75,-3.1356,2.45,0.46534,1003.0,16.805,13.333,133.33,1.6116312443537275,,,,Sand,,,Sand 3,3,6.72,25.28,-5.25,-23.810000000000002
-15.37,16.84,14.715,0.073836,4.1909,-2.75,-3.1673,2.4,0.46089,1004.0,16.825,14.715,147.15,1.5737129618252788,,,,Sand,,,Sand 3,3,6.72,25.28,-5.25,-23.810000000000002
-15.389999999999999,16.86,16.05,0.080075,4.1544,-2.75,-3.1186,2.4,0.45879,1005.0,16.845,16.05,160.5,1.5415143617997498,,,,Sand,,,Sand 3,3,6.72,25.28,-5.25,-23.810000000000002
-15.409999999999998,16.88,18.206,0.082962,4.1899,-2.7667,-3.1515,2.45,0.435,1006.0,16.865,18.206,182.06,1.4834367756722666,,,,Sand,,,Sand 3,3,6.72,25.28,-5.25,-23.810000000000002
-15.429999999999998,16.9,20.107,0.089655,4.1654,-2.7667,-3.1186,2.4,0.43501,1006.0,16.885,20.107,201.07,1.4484817983229705,,,,Sand,,,Sand 3,3,6.72,25.28,-5.25,-23.810000000000002
-15.450000000000001,16.92,21.577,0.10093,4.1512,-2.7833,-3.0847,2.4,0.45901,1007.0,16.905,21.577,215.77,1.4380982607125798,,,,Sand,,,Sand 3,3,6.72,25.28,-5.25,-23.810000000000002
-15.47,16.94,23.513,0.10817,4.1836,-2.85,-3.0678,2.4,0.46668,1008.0,16.925,23.513,235.13,1.4133220203664798,,,,Sand,,,Sand 3,3,6.72,25.28,-5.25,-23.810000000000002
-15.49,16.96,25.071,0.11639,4.125,-2.8,-3.0339,2.4,0.48408,1009.0,16.945,25.071,250.71,1.4019801605384392,,,,Sand,,,Sand 3,3,6.72,25.28,-5.25,-23.810000000000002
-15.51,16.98,25.641,0.12123,4.1363,-2.8167,-3.0339,2.45,0.49257,1010.0,16.965,25.641,256.41,1.399448747017022,,,,Sand,,,Sand 3,3,6.72,25.28,-5.25,-23.810000000000002
-15.53,17.0,25.743,0.12255,4.1836,-2.85,-3.0678,2.4,0.491,1011.0,16.984,25.743,257.43,1.3972374556927896,,,,Sand,,,Sand 3,3,6.72,25.28,-5.25,-23.810000000000002
-15.549999999999999,17.02,25.565,0.12649,4.2085,-2.85,-3.1017,2.4,0.50516,1011.0,17.004,25.565,255.65,1.407592798592838,,,,Sand,,,Sand 3,3,6.72,25.28,-5.25,-23.810000000000002
-15.569999999999999,17.04,25.13,0.12554,4.2187,-2.8833,-3.0847,2.45,0.50386,1012.0,17.024,25.13,251.3,1.4124955329166335,,,,Sand,,,Sand 3,3,6.72,25.28,-5.25,-23.810000000000002
-15.589999999999998,17.06,24.647,0.12024,4.2085,-2.85,-3.1017,2.4,0.48648,1013.0,17.044,24.647,246.47,1.4090279018390492,,,,Sand,,,Sand 3,3,6.72,25.28,-5.25,-23.810000000000002
-15.609999999999998,17.08,24.365,0.11681,4.2177,-2.9,-3.0678,2.4,0.47615,1014.0,17.064,24.365,243.65,1.4068897995957441,,,,Sand,,,Sand 3,3,6.72,25.28,-5.25,-23.810000000000002
-15.63,17.1,24.152,0.11381,4.1826,-2.8667,-3.0508,2.4,0.46639,1015.0,17.084,24.152,241.52,1.40411757222386,,,,Sand,,,Sand 3,3,6.72,25.28,-5.25,-23.810000000000002
-15.65,17.12,24.08,0.11433,4.2559,-2.8833,-3.1356,2.45,0.46819,1015.0,17.104,24.08,240.8,1.4061803538656459,,,,Sand,,,Sand 3,3,6.72,25.28,-5.25,-23.810000000000002
-15.67,17.14,24.052,0.11513,4.2187,-2.8833,-3.0847,2.4,0.46775,1016.0,17.124,24.052,240.52,1.4063130082413235,,,,Sand,,,Sand 3,3,6.72,25.28,-5.25,-23.810000000000002
-15.69,17.16,24.26,0.11636,4.2197,-2.8667,-3.1017,2.4,0.46647,1017.0,17.144,24.26,242.6,1.402665172316311,,,,Sand,,,Sand 3,3,6.72,25.28,-5.25,-23.810000000000002
-15.709999999999999,17.18,24.531,0.11458,4.2559,-2.8833,-3.1356,2.4,0.45001,1018.0,17.164,24.531,245.31,1.3890759822953143,,,,Sand,,,Sand 3,3,6.72,25.28,-5.25,-23.810000000000002
-15.729999999999999,17.2,25.262,0.11025,4.2424,-2.9,-3.1017,2.4,0.42108,1019.0,17.184,25.262,252.62,1.3610939525237835,,,,Sand,,,Sand 3,3,6.72,25.28,-5.25,-23.810000000000002
-15.749999999999998,17.22,26.207,0.11275,4.2898,-2.9333,-3.1356,2.45,0.41766,1020.0,17.204,26.207,262.07,1.3464060602750154,,,,Sand,,,Sand 3,3,6.72,25.28,-5.25,-23.810000000000002
-15.769999999999998,17.24,27.009,0.11865,4.2774,-2.9333,-3.1186,2.4,0.42755,1020.0,17.224,27.009,270.09,1.3426255277521275,,,,Sand,,,Sand 3,3,6.72,25.28,-5.25,-23.810000000000002
-15.790000000000001,17.26,28.302,0.12374,4.29,-2.9167,-3.1515,2.4,0.43659,1021.0,17.244,28.302,283.02,1.3328252990027911,,,,Sand,,,Sand 3,3,6.72,25.28,-5.25,-23.810000000000002
-15.81,17.28,29.845,0.13205,4.2661,-2.9167,-3.1186,2.4,0.45919,1022.0,17.264,29.845,298.45,1.329733506280003,,,,Sand,,,Sand 3,3,6.72,25.28,-5.25,-23.810000000000002
-15.83,17.3,30.554,0.14068,4.2774,-2.9333,-3.1186,2.45,0.48564,1023.0,17.284,30.554,305.54,1.338468072594931,,,,Sand,,,Sand 3,3,6.72,25.28,-5.25,-23.810000000000002
-15.85,17.32,30.291,0.14421,4.2651,-2.9333,-3.1017,2.4,0.49687,1024.0,17.304,30.291,302.91,1.3479620172293552,,,,Sand,,,Sand 3,3,6.72,25.28,-5.25,-23.810000000000002
-15.87,17.34,29.268,0.14894,4.2651,-2.9333,-3.1017,2.4,0.51538,1025.0,17.324,29.268,292.68,1.369703875912157,,,,Sand,,,Sand 3,3,6.72,25.28,-5.25,-23.810000000000002
-15.889999999999999,17.36,28.577,0.15179,4.2651,-2.9333,-3.1017,2.45,0.53139,1025.0,17.343,28.577,285.77,1.386350864297571,,,,Sand,,,Sand 3,3,6.72,25.28,-5.25,-23.810000000000002
-15.909999999999998,17.38,27.9,0.15133,4.2898,-2.9333,-3.1356,2.4,0.53812,1026.0,17.363,27.9,279.0,1.3976973473964849,,,,Sand,,,Sand 3,3,6.72,25.28,-5.25,-23.810000000000002
-15.929999999999998,17.4,27.452,0.1521,4.2995,-2.9833,-3.1017,2.4,0.54917,1027.0,17.383,27.452,274.52,1.4088565450349655,,,,Sand,,,Sand 3,3,6.72,25.28,-5.25,-23.810000000000002
-15.950000000000001,17.42,27.31,0.15242,4.324,-2.9833,-3.1356,2.4,0.55649,1028.0,17.403,27.31,273.1,1.4144252367651915,,,,Sand,,,Sand 3,3,6.72,25.28,-5.25,-23.810000000000002
-15.97,17.44,27.162,0.15591,4.2888,-2.95,-3.1186,2.4,0.57422,1029.0,17.423,27.162,271.62,1.4254717158403711,,,,Sand,,,Sand 3,3,6.72,25.28,-5.25,-23.810000000000002
-15.99,17.46,27.023,0.15549,4.3584,-3.0167,-3.1515,2.4,0.57615,1030.0,17.443,27.023,270.23,1.4280921519608702,,,,Sand,,,Sand 3,3,6.72,25.28,-5.25,-23.810000000000002
-16.01,17.48,26.88,0.15453,4.3011,-2.95,-3.1356,2.4,0.57502,1031.0,17.463,26.88,268.8,1.4291837317072094,,,,Sand,,,Sand 3,3,6.72,25.28,-5.25,-23.810000000000002
-16.03,17.5,26.811,0.15821,4.3585,-2.9833,-3.1832,2.4,0.59071,1031.0,17.483,26.811,268.11,1.4380315809818074,,,,Sand,,,Sand 3,3,6.72,25.28,-5.25,-23.810000000000002
-16.05,17.52,26.679,0.15794,4.3584,-3.0,-3.1673,2.4,0.59118,1032.0,17.503,26.679,266.79,1.4398229209530937,,,,Sand,,,Sand 3,3,6.72,25.28,-5.25,-23.810000000000002
-16.07,17.54,26.585,0.15598,4.347,-2.9833,-3.1673,2.45,0.58485,1033.0,17.523,26.585,265.85,1.4377208826856485,,,,Sand,,,Sand 3,3,6.72,25.28,-5.25,-23.810000000000002
-16.09,17.56,26.545,0.15708,4.3814,-3.0,-3.1991,2.45,0.58946,1034.0,17.543,26.545,265.45,1.440538763439303,,,,Sand,,,Sand 3,3,6.72,25.28,-5.25,-23.810000000000002
-16.11,17.58,26.577,0.15767,4.3927,-3.0333,-3.1832,2.4,0.59212,1035.0,17.563,26.577,265.77,1.4415043767952098,,,,Sand,,,Sand 3,3,6.72,25.28,-5.25,-23.810000000000002
-16.130000000000003,17.6,26.626,0.16014,4.3699,-3.0,-3.1832,2.4,0.60158,1036.0,17.583,26.626,266.26,1.4456738853502369,,,,Sand,,,Sand 3,3,6.72,25.28,-5.25,-23.810000000000002
-16.150000000000002,17.62,26.655,0.16075,4.3585,-3.0333,-3.1356,2.4,0.60379,1036.0,17.603,26.655,266.55,1.4464338102867016,,,,Sand,,,Sand 3,3,6.72,25.28,-5.25,-23.810000000000002
-16.17,17.64,26.701,0.16241,4.4157,-3.05,-3.1991,2.4,0.60897,1037.0,17.623,26.701,267.01,1.4484639178267638,,,,Sand,,,Sand 3,3,6.72,25.28,-5.25,-23.810000000000002
-16.19,17.66,26.659,0.15914,4.3813,-3.0333,-3.1673,2.4,0.59443,1038.0,17.643,26.659,266.59,1.4416997941235339,,,,Sand,,,Sand 3,3,6.72,25.28,-5.25,-23.810000000000002
-16.21,17.68,26.613,0.15848,4.4043,-3.0667,-3.1673,2.45,0.58887,1039.0,17.663,26.613,266.13,1.439433001940408,,,,Sand,,,Sand 3,3,6.72,25.28,-5.25,-23.810000000000002
-16.23,17.7,26.611,0.1709,4.3928,-3.05,-3.1673,2.4,0.63099,1040.0,17.683,26.611,266.11,1.4602544158223154,,,,Sand,,,Sand 3,3,6.72,25.28,-5.25,-23.810000000000002
-16.25,17.72,26.915,0.16642,4.4162,-3.1,-3.1515,2.4,0.61254,1040.0,17.702,26.915,269.15,1.4477332246760584,,,,Sand,,,Sand 3,3,6.72,25.28,-5.25,-23.810000000000002
-16.27,17.74,27.399,0.16562,4.4157,-3.0667,-3.1832,2.4,0.6047,1041.0,17.722,27.399,273.99,1.4382815902200972,,,,Sand,,,Sand 3,3,6.72,25.28,-5.25,-23.810000000000002
-16.290000000000003,17.76,27.748,0.16511,4.3814,-3.05,-3.1515,2.4,0.59557,1042.0,17.742,27.748,277.48,1.4297358057150331,,,,Sand,,,Sand 3,3,6.72,25.28,-5.25,-23.810000000000002
-16.310000000000002,17.78,28.036,0.16592,4.4157,-3.05,-3.1991,2.4,0.58829,1043.0,17.762,28.036,280.36,1.4227985597351986,,,,Sand,,,Sand 3,3,6.72,25.28,-5.25,-23.810000000000002
-16.330000000000002,17.8,27.368,0.16833,4.4042,-3.0333,-3.1991,2.0,0.58531,1056.0,17.782,27.368,273.68,1.4288169572270673,,,,Sand,,,Sand 3,3,6.72,25.28,-5.25,-23.810000000000002
-16.35,17.82,28.425,0.17185,4.4387,-3.0833,-3.1991,2.6,0.58443,1056.0,17.802,28.425,284.25,1.4165118271701749,,,,Sand,,,Sand 3,3,6.72,25.28,-5.25,-23.810000000000002
-16.37,17.84,29.277,0.17329,4.4967,-3.1667,-3.1991,2.45,0.5748,1057.0,17.822,29.277,292.77,1.4022881306357873,,,,Sand,,,Sand 3,3,6.72,25.28,-5.25,-23.810000000000002
-16.39,17.86,30.462,0.17879,4.4731,-3.1167,-3.215,2.35,0.57751,1058.0,17.842,30.462,304.62,1.3914494369508013,,,,Sand,,,Sand 3,3,6.72,25.28,-5.25,-23.810000000000002
-16.41,17.88,31.352,0.18772,4.4847,-3.1333,-3.215,2.35,0.587,1059.0,17.862,31.352,313.52,1.3876471661343348,,,,Sand,,,Sand 3,3,6.72,25.28,-5.25,-23.810000000000002
-16.43,17.9,32.567,0.19658,4.4502,-3.1,-3.1991,2.45,0.59573,1060.0,17.882,32.567,325.67,1.3807236789824746,,,,Sand,,,Sand 3,3,6.72,25.28,-5.25,-23.810000000000002
-16.450000000000003,17.92,33.693,0.20636,4.4855,-3.1667,-3.1832,2.35,0.6058,1061.0,17.902,33.693,336.93,1.3758253575794959,,,,Sand,,,Sand 3,3,6.72,25.28,-5.25,-23.810000000000002
-16.470000000000002,17.94,34.522,0.21475,4.4738,-3.15,-3.1832,2.35,0.6119,1061.0,17.922,34.522,345.22,1.371805633671672,,,,Sand,,,Sand 3,3,6.72,25.28,-5.25,-23.810000000000002
-16.490000000000002,17.96,35.547,0.2261,4.4967,-3.1667,-3.1991,2.35,0.62537,1062.0,17.942,35.547,355.47,1.370203525174782,,,,Sand,,,Sand 3,3,6.72,25.28,-5.25,-23.810000000000002
-16.51,17.98,36.565,0.23274,4.5426,-3.2,-3.2308,2.4,0.62609,1063.0,17.962,36.565,365.65,1.3623804030884967,,,,Sand,,,Sand 3,3,6.72,25.28,-5.25,-23.810000000000002
-16.53,18.0,37.8,0.23976,4.5193,-3.1667,-3.2308,2.4,0.62925,1064.0,17.982,37.8,378.0,1.3544636021571963,,,,Sand,,,Sand 3,3,6.72,25.28,-5.25,-23.810000000000002
-16.55,18.02,38.717,0.24365,4.5422,-3.1833,-3.2467,2.4,0.62489,1065.0,18.002,38.717,387.17,1.3453454263090767,,,,Sand,,,Sand 3,3,6.72,25.28,-5.25,-23.810000000000002
-16.57,18.04,39.83,0.24605,4.5306,-3.1667,-3.2467,2.4,0.61839,1066.0,18.021,39.83,398.3,1.3338612633991507,,,,Sand,,,Sand 3,3,6.72,25.28,-5.25,-23.810000000000002
-16.59,18.06,40.717,0.24713,4.5422,-3.1833,-3.2467,2.4,0.61156,1067.0,18.041,40.717,407.17,1.3239733109351388,,,,Sand,,,Sand 3,3,6.72,25.28,-5.25,-23.810000000000002
-16.61,18.08,41.129,0.24475,4.5651,-3.2,-3.2626,2.4,0.59978,1067.0,18.061,41.129,411.29,1.3147130411245305,,,,Sand,,,Sand 3,3,6.72,25.28,-5.25,-23.810000000000002
-16.630000000000003,18.1,41.623,0.25261,4.5538,-3.2,-3.2467,2.4,0.61589,1068.0,18.081,41.623,416.23,1.3201251134955927,,,,Sand,,,Sand 3,3,6.72,25.28,-5.25,-23.810000000000002
-16.650000000000002,18.12,41.932,0.25086,4.5651,-3.2,-3.2626,2.4,0.6126,1069.0,18.101,41.932,419.32,1.3162767539591564,,,,Sand,,,Sand 3,3,6.72,25.28,-5.25,-23.810000000000002
-16.67,18.14,41.53,0.25216,4.5884,-3.2333,-3.2626,2.4,0.62107,1070.0,18.121,41.53,415.3,1.3235335953032294,,,,Sand,,,Sand 3,3,6.72,25.28,-5.25,-23.810000000000002
-16.69,18.16,40.971,0.26236,4.611,-3.2333,-3.2943,2.4,0.65732,1071.0,18.141,40.971,409.71,1.3462270337358708,,,,Sand,,,Sand 3,3,6.72,25.28,-5.25,-23.810000000000002
-16.71,18.18,40.388,0.25869,4.6226,-3.25,-3.2943,2.4,0.66556,1072.0,18.161,40.388,403.88,1.3543631597770915,,,,Sand,,,Sand 3,3,6.72,25.28,-5.25,-23.810000000000002
-16.73,18.2,39.317,0.24913,4.5994,-3.2167,-3.2943,2.4,0.66207,1072.0,18.181,39.317,393.17,1.3600884062367145,,,,Sand,,,Sand 3,3,6.72,25.28,-5.25,-23.810000000000002
-16.75,18.22,37.915,0.23904,4.6002,-3.25,-3.2626,2.45,0.65773,1073.0,18.201,37.915,379.15,1.3681230398456825,,,,Sand,,,Sand 3,3,6.72,25.28,-5.25,-23.810000000000002
-16.77,18.24,35.631,0.22923,4.6343,-3.2667,-3.2943,2.4,0.65405,1074.0,18.221,35.631,356.31,1.3840266763276268,,,,Sand,,,Sand 3,3,6.72,25.28,-5.25,-23.810000000000002
-16.790000000000003,18.26,33.256,0.22093,4.6114,-3.25,-3.2784,2.4,0.65611,1075.0,18.241,33.256,332.56,1.4050875639416358,,,,Sand,,,Sand 3,3,6.72,25.28,-5.25,-23.810000000000002
-16.810000000000002,18.28,32.025,0.21013,4.5884,-3.2333,-3.2626,2.4,0.65094,1076.0,18.261,32.025,320.25,1.413678930042624,,,,Sand,,,Sand 3,3,6.72,25.28,-5.25,-23.810000000000002
-16.830000000000002,18.3,31.249,0.19605,4.6237,-3.2833,-3.2626,2.4,0.63569,1076.0,18.281,31.249,312.49,1.4134976801931924,,,,Sand,,,Sand 3,3,6.72,25.28,-5.25,-23.810000000000002
-16.85,18.32,30.596,0.18582,4.649,-3.35,-3.2308,2.4,0.62927,1077.0,18.301,30.596,305.96,1.4166668505888862,,,,Sand,,,Sand 3,3,6.72,25.28,-5.25,-23.810000000000002
-16.87,18.34,29.386,0.16914,4.6371,-3.3333,-3.2308,2.4,0.59508,1078.0,18.321,29.386,293.86,1.4117020382406194,,,,Sand,,,Sand 3,3,6.72,25.28,-5.25,-23.810000000000002
-16.89,18.36,28.192,0.15719,4.6584,-3.3167,-3.2784,2.4,0.57372,1079.0,18.34,28.192,281.92,1.4135051739693218,,,,Sand,,,Sand 3,3,6.72,25.28,-5.25,-23.810000000000002
-16.91,18.38,26.395,0.14833,4.6473,-3.3167,-3.2626,2.4,0.56055,1080.0,18.36,26.395,263.95,1.427417454203182,,,,Sand,,,Sand 3,3,6.72,25.28,-5.25,-23.810000000000002
-16.93,18.4,25.142,0.14219,4.6584,-3.3167,-3.2784,2.4,0.55459,1081.0,18.38,25.142,251.42,1.439891184697979,,,,Sand,,,Sand 3,3,6.72,25.28,-5.25,-23.810000000000002
-16.950000000000003,18.42,24.407,0.13158,4.6813,-3.3333,-3.2943,2.4,0.52417,1081.0,18.4,24.407,244.07,1.4333119037337092,,,,Sand,,,Sand 3,3,6.72,25.28,-5.25,-23.810000000000002
-16.970000000000002,18.44,23.815,0.11069,4.7036,-3.3333,-3.3261,2.4,0.44522,1082.0,18.42,23.815,238.15,1.3962082906494813,,,,Sand,,,Sand 3,3,6.72,25.28,-5.25,-23.810000000000002
-16.990000000000002,18.46,23.752,0.10525,4.6925,-3.3333,-3.3102,2.4,0.42349,1083.0,18.44,23.752,237.52,1.3837035170406675,,,,Sand,,,Sand 3,3,6.72,25.28,-5.25,-23.810000000000002
-17.01,18.48,24.018,0.10228,4.7161,-3.3667,-3.3102,2.4,0.41048,1084.0,18.46,24.018,240.18,1.3716069174299355,,,,Sand,,,Sand 3,3,6.72,25.28,-5.25,-23.810000000000002
-17.03,18.5,25.091,0.099635,4.7628,-3.4167,-3.3261,2.4,0.3988,1085.0,18.48,25.091,250.91,1.3489146716089289,,,,Sand,,,Sand 3,3,6.72,25.28,-5.25,-23.810000000000002
-17.05,18.52,26.284,0.099906,4.7647,-3.45,-3.2943,2.4,0.39853,1086.0,18.5,26.284,262.84,1.3327806707496432,,,,Sand,,,Sand 3,3,6.72,25.28,-5.25,-23.810000000000002
-17.07,18.54,26.317,0.10179,4.7747,-3.4333,-3.3261,2.45,0.40487,1087.0,18.52,26.317,263.17,1.3365832390974406,,,,Sand,,,Sand 3,3,6.72,25.28,-5.25,-23.810000000000002
-17.09,18.56,25.658,0.10425,4.7408,-3.4167,-3.2943,2.45,0.41341,1087.0,18.54,25.658,256.58,1.3508447009284028,,,,Sand,,,Sand 3,3,6.72,25.28,-5.25,-23.810000000000002
-17.11,18.58,24.934,0.1065,4.7747,-3.4333,-3.3261,2.4,0.42204,1088.0,18.56,24.934,249.34,1.3661618648126153,,,,Sand,,,Sand 3,3,6.72,25.28,-5.25,-23.810000000000002
-17.130000000000003,18.6,24.497,0.10667,4.7527,-3.4333,-3.2943,2.4,0.42467,1089.0,18.58,24.497,244.97,1.3738662250125595,,,,Sand,,,Sand 3,3,6.72,25.28,-5.25,-23.810000000000002
-17.150000000000002,18.62,24.34,0.11058,4.7647,-3.45,-3.2943,2.45,0.4437,1090.0,18.6,24.34,243.4,1.3878779398626278,,,,Sand,,,Sand 3,3,6.72,25.28,-5.25,-23.810000000000002
-17.17,18.64,24.614,0.11291,4.7976,-3.45,-3.3419,2.4,0.45696,1091.0,18.619,24.614,246.14,1.3921327075533643,,,,Sand,,,Sand 3,3,6.72,25.28,-5.25,-23.810000000000002
-17.19,18.66,25.239,0.12265,4.8086,-3.45,-3.3578,2.4,0.50192,1092.0,18.639,25.239,252.39,1.4099779400694472,,,,Sand,,,Sand 3,3,6.72,25.28,-5.25,-23.810000000000002
-17.21,18.68,25.342,0.1282,4.7866,-3.45,-3.3261,2.4,0.53208,1092.0,18.659,25.342,253.42,1.4253307042050216,,,,Sand,,,Sand 3,3,6.72,25.28,-5.25,-23.810000000000002
-17.23,18.7,24.758,0.12795,4.7857,-3.4333,-3.3419,2.4,0.54195,1093.0,18.679,24.758,247.58,1.4382024869292662,,,,Sand,,,Sand 3,3,6.72,25.28,-5.25,-23.810000000000002
-17.25,18.72,23.957,0.12635,4.8086,-3.45,-3.3578,2.4,0.55177,1094.0,18.699,23.957,239.57,1.4540688534521655,,,,Sand,,,Sand 3,3,6.72,25.28,-5.25,-23.810000000000002
-17.27,18.74,22.734,0.12431,4.7968,-3.4333,-3.3578,2.45,0.56487,1095.0,18.719,22.734,227.34,1.4778953131975656,,,,Sand,,,Sand 3,3,6.72,25.28,-5.25,-23.810000000000002
-17.290000000000003,18.76,21.772,0.12119,4.8316,-3.4667,-3.3737,2.4,0.57827,1096.0,18.739,21.772,217.72,1.498744420728517,,,,Sand,,,Sand 3,3,6.72,25.28,-5.25,-23.810000000000002
-17.310000000000002,18.78,20.451,0.11627,4.7986,-3.4667,-3.3261,2.4,0.58467,1096.0,18.759,20.451,204.51,1.522476832366683,,,,Sand,,,Sand 3,3,6.72,25.28,-5.25,-23.810000000000002
-17.330000000000002,18.8,18.945,0.11203,4.7637,-3.4333,-3.3102,1.9,0.59526,1109.0,18.779,18.945,189.45,1.5529039008147032,,,,Sand,,,Sand 3,3,6.72,25.28,-5.25,-23.810000000000002
-17.35,18.82,18.095,0.1026,4.8096,-3.4667,-3.3419,2.45,0.5742,1110.0,18.799,18.095,180.95,1.558389843810347,,,,Sand,,,Sand 3,3,6.72,25.28,-5.25,-23.810000000000002
-17.37,18.84,16.951,0.099481,4.8316,-3.4667,-3.3737,2.4,0.5838,1111.0,18.819,16.951,169.51,1.5850277918065645,,,,Sand,,,Sand 3,3,6.72,25.28,-5.25,-23.810000000000002
-17.39,18.86,16.194,0.095519,4.7738,-3.4167,-3.3419,2.4,0.58279,1112.0,18.839,16.194,161.93999999999997,1.6001443931532928,,,,Sand,,,Sand 3,3,6.72,25.28,-5.25,-23.810000000000002
-17.41,18.88,15.418,0.090978,4.8206,-3.4667,-3.3578,2.4,0.57066,1113.0,18.859,15.418,154.18,1.611448104232859,,,,Sand,,,Sand 3,3,6.72,25.28,-5.25,-23.810000000000002
-17.43,18.9,15.123,0.086118,4.7849,-3.4167,-3.3578,2.4,0.55097,1113.0,18.879,15.123,151.23,1.6089751879430123,,,,Sand,,,Sand 3,3,6.72,25.28,-5.25,-23.810000000000002
-17.450000000000003,18.92,15.146,0.08562,4.7968,-3.4333,-3.3578,2.4,0.55224,1114.0,18.899,15.146,151.46,1.6090436262186893,,,,Sand,,,Sand 3,3,6.72,25.28,-5.25,-23.810000000000002
-17.470000000000002,18.94,15.249,0.085505,4.7849,-3.4167,-3.3578,2.4,0.54877,1115.0,18.918,15.249,152.49,1.60504755440461,,,,Sand,,,Sand 3,3,6.72,25.28,-5.25,-23.810000000000002
-17.490000000000002,18.96,15.367,0.087609,4.8078,-3.4333,-3.3737,2.4,0.55128,1116.0,18.938,15.367,153.67,1.6035523497958672,,,,Sand,,,Sand 3,3,6.72,25.28,-5.25,-23.810000000000002
-17.51,18.98,15.595,0.091696,4.8648,-3.4667,-3.4213,2.4,0.56216,1117.0,18.958,15.595,155.95,1.603556873407696,,,,Sand,,,Sand 3,3,6.72,25.28,-5.25,-23.810000000000002
-17.53,19.0,15.942,0.096435,4.8697,-3.55,-3.3419,2.4,0.57654,1117.0,18.978,15.942,159.42,1.6026459806957352,,,,Sand,,,Sand 3,3,6.72,25.28,-5.25,-23.810000000000002
-17.55,19.02,16.809,0.096709,4.8335,-3.5,-3.3419,2.4,0.56581,1118.0,18.998,16.809,168.09,1.5794822417920287,,,,Sand,,,Sand 3,3,6.72,25.28,-5.25,-23.810000000000002
-17.57,19.04,17.904,0.095581,4.8456,-3.5167,-3.3419,2.4,0.5504,1119.0,19.018,17.904,179.04,1.5505204193418622,,,,Sand,,,Sand 3,3,6.72,25.28,-5.25,-23.810000000000002
-17.59,19.06,18.48,0.10012,4.8685,-3.5333,-3.3578,2.4,0.57034,1120.0,19.038,18.48,184.8,1.5494397094081607,,,,Sand,,,Sand 3,3,6.72,25.28,-5.25,-23.810000000000002
-17.61,19.08,18.465,0.10603,4.8468,-3.5333,-3.3261,2.4,0.60059,1121.0,19.058,18.465,184.65,1.5639479512271897,,,,Sand,,,Sand 3,3,6.72,25.28,-5.25,-23.810000000000002
-17.630000000000003,19.1,18.175,0.10814,4.8335,-3.5,-3.3419,2.4,0.61249,1122.0,19.078,18.175,181.75,1.5746811047696523,,,,Sand,,,Sand 3,3,6.72,25.28,-5.25,-23.810000000000002
-17.650000000000002,19.12,17.554,0.10619,4.8335,-3.5,-3.3419,2.4,0.60378,1123.0,19.098,17.554,175.54,1.5823754855309968,,,,Sand,,,Sand 3,3,6.72,25.28,-5.25,-23.810000000000002
-17.67,19.14,17.101,0.099557,4.8096,-3.4667,-3.3419,2.4,0.56772,1123.0,19.118,17.101,171.01,1.5745009432459642,,,,Sand,,,Sand 3,3,6.72,25.28,-5.25,-23.810000000000002
-17.69,19.16,16.749,0.097611,4.8335,-3.5,-3.3419,2.4,0.55197,1124.0,19.138,16.749,167.49,1.5741108868575775,,,,Sand,,,Sand 3,3,6.72,25.28,-5.25,-23.810000000000002
-17.71,19.18,16.822,0.091518,4.8238,-3.5167,-3.3102,2.4,0.50463,1125.0,19.158,16.822,168.22,1.5491028870374972,,,,Sand,,,Sand 3,3,6.72,25.28,-5.25,-23.810000000000002
-17.73,19.2,17.35,0.088934,4.836,-3.5333,-3.3102,2.4,0.47155,1126.0,19.178,17.35,173.5,1.5208601548627572,,,,Sand,,,Sand 3,3,6.72,25.28,-5.25,-23.810000000000002
-17.75,19.22,18.075,0.090653,4.8226,-3.5,-3.3261,2.4,0.45699,1127.0,19.197,18.075,180.75,1.4984708308599353,,,,Sand,,,Sand 3,3,6.72,25.28,-5.25,-23.810000000000002
-17.77,19.24,19.647,0.09678,4.8022,-3.5167,-3.2784,2.4,0.46202,1128.0,19.217,19.647,196.47,1.4721604582648284,,,,Sand,,,Sand 3,3,6.72,25.28,-5.25,-23.810000000000002
-17.790000000000003,19.26,21.788,0.10936,4.8159,-3.55,-3.2626,2.4,0.49529,1129.0,19.237,21.788,217.88,1.4553006366459975,,,,Sand,,,Sand 3,3,6.72,25.28,-5.25,-23.810000000000002
-17.810000000000002,19.28,23.347,0.12251,4.8298,-3.5833,-3.2467,2.4,0.52825,1129.0,19.257,23.347,233.47,1.4501176087946477,,,,Sand,,,Sand 3,3,6.72,25.28,-5.25,-23.810000000000002
-17.830000000000002,19.3,24.918,0.13495,4.8527,-3.6,-3.2626,2.4,0.55566,1130.0,19.277,24.918,249.18,1.4433400900988627,,,,Sand,,,Sand 3,3,6.72,25.28,-5.25,-23.810000000000002
-17.85,19.32,25.631,0.14652,4.8756,-3.6167,-3.2784,2.4,0.58075,1131.0,19.297,25.631,256.31,1.4472226292490389,,,,Sand,,,Sand 3,3,6.72,25.28,-5.25,-23.810000000000002
-17.87,19.34,25.879,0.15789,4.8633,-3.6,-3.2784,2.4,0.6093,1132.0,19.317,25.879,258.79,1.458439475667935,,,,Sand,,,Sand 3,3,6.72,25.28,-5.25,-23.810000000000002
-17.89,19.36,26.249,0.16572,4.9003,-3.65,-3.2784,2.4,0.62756,1132.0,19.337,26.249,262.49,1.4628691677058732,,,,Sand,,,Sand 3,3,6.72,25.28,-5.25,-23.810000000000002
-17.91,19.38,26.833,0.16833,4.9092,-3.6333,-3.3102,2.4,0.63052,1133.0,19.357,26.833,268.33,1.4574483010776278,,,,Sand,,,Sand 3,3,6.72,25.28,-5.25,-23.810000000000002
-17.93,19.4,27.188,0.16858,4.9003,-3.65,-3.2784,2.4,0.62652,1134.0,19.377,27.188,271.88,1.4514376072363397,,,,Sand,,,Sand 3,3,6.72,25.28,-5.25,-23.810000000000002
-17.950000000000003,19.42,27.258,0.16659,4.9338,-3.6667,-3.3102,2.4,0.6141,1135.0,19.397,27.258,272.58,1.4445583297371358,,,,Sand,,,Sand 3,3,6.72,25.28,-5.25,-23.810000000000002
-17.970000000000002,19.44,27.3,0.16535,4.9232,-3.6667,-3.2943,2.45,0.60487,1136.0,19.417,27.3,273.0,1.439495232735038,,,,Sand,,,Sand 3,3,6.72,25.28,-5.25,-23.810000000000002
-17.990000000000002,19.46,27.239,0.16254,4.9109,-3.65,-3.2943,2.4,0.59184,1137.0,19.437,27.239,272.39,1.4336313112711383,,,,Sand,,,Sand 3,3,6.72,25.28,-5.25,-23.810000000000002
-18.01,19.48,27.319,0.16181,4.9198,-3.6333,-3.3261,2.4,0.58833,1137.0,19.456,27.319,273.19,1.4309244305860698,,,,Sand,,,Sand 3,3,6.72,25.28,-5.25,-23.810000000000002
-18.03,19.5,27.633,0.16056,4.9215,-3.65,-3.3102,2.4,0.58352,1139.0,19.476,27.633,276.33,1.4248741057303977,,,,Sand,,,Sand 3,3,6.72,25.28,-5.25,-23.810000000000002
-18.05,19.52,27.92,0.16071,4.9412,-3.6333,-3.3578,2.45,0.58309,1139.0,19.496,27.92,279.2,1.4214161597997843,,,,Sand,,,Sand 3,3,6.72,25.28,-5.25,-23.810000000000002
-18.07,19.54,27.857,0.16105,4.9779,-3.6833,-3.3578,2.45,0.58338,1140.0,19.516,27.857,278.57,1.422272839621983,,,,Sand,,,Sand 3,3,6.72,25.28,-5.25,-23.810000000000002
-18.09,19.56,27.502,0.16103,4.9796,-3.7,-3.3419,2.4,0.58403,1141.0,19.536,27.502,275.02,1.4266268991475093,,,,Sand,,,Sand 3,3,6.72,25.28,-5.25,-23.810000000000002
-18.11,19.58,27.354,0.16253,4.9902,-3.7,-3.3578,2.4,0.59215,1142.0,19.556,27.354,273.54,1.432468738067369,,,,Sand,,,Sand 3,3,6.72,25.28,-5.25,-23.810000000000002
-18.130000000000003,19.6,27.675,0.16227,4.969,-3.7,-3.3261,2.4,0.5951,1143.0,19.576,27.675,276.75,1.430319198812035,,,,Sand,,,Sand 3,3,6.72,25.28,-5.25,-23.810000000000002
-18.150000000000002,19.62,27.596,0.16267,4.9796,-3.7,-3.3419,2.4,0.60082,1143.0,19.596,27.596,275.96,1.434101814281,,,,Sand,,,Sand 3,3,6.72,25.28,-5.25,-23.810000000000002
-18.17,19.64,27.037,0.16109,4.9924,-3.7172,-3.3419,2.4,0.5984,1144.0,19.616,27.037,270.37,1.4392784212387828,,,,Sand,,,Sand 3,3,6.72,25.28,-5.25,-23.810000000000002
-18.19,19.66,26.642,0.15695,4.9356,-3.6833,-3.2943,2.4,0.58577,1145.0,19.636,26.642,266.42,1.4375136639367234,,,,Sand,,,Sand 3,3,6.72,25.28,-5.25,-23.810000000000002
-18.21,19.68,26.483,0.15532,4.9947,-3.7345,-3.3261,2.4,0.58282,1146.0,19.656,26.483,264.83,1.4378998123715692,,,,Sand,,,Sand 3,3,6.72,25.28,-5.25,-23.810000000000002
-18.23,19.7,26.313,0.16416,5.0157,-3.7345,-3.3578,2.45,0.6189,1147.0,19.676,26.313,263.13,1.4579157252733022,,,,Sand,,,Sand 3,3,6.72,25.28,-5.25,-23.810000000000002
-18.25,19.72,26.264,0.1588,5.0309,-3.769,-3.3419,2.4,0.60084,1148.0,19.696,26.264,262.64,1.4496074632293978,,,,Sand,,,Sand 3,3,6.72,25.28,-5.25,-23.810000000000002
-18.27,19.74,26.343,0.15265,5.0309,-3.769,-3.3419,2.4,0.57763,1148.0,19.716,26.343,263.43,1.4369202028143861,,,,Sand,,,Sand 3,3,6.72,25.28,-5.25,-23.810000000000002
-18.290000000000003,19.76,26.518,0.15016,5.0437,-3.7862,-3.3419,2.4,0.56682,1149.0,19.735,26.518,265.18,1.4292209131383646,,,,Sand,,,Sand 3,3,6.72,25.28,-5.25,-23.810000000000002
-18.310000000000002,19.78,26.595,0.14823,5.0752,-3.7862,-3.3896,2.4,0.55698,1150.0,19.755,26.595,265.95,1.4231265529511903,,,,Sand,,,Sand 3,3,6.72,25.28,-5.25,-23.810000000000002
-18.330000000000002,19.8,26.285,0.14695,5.0157,-3.7345,-3.3578,2.35,0.54907,1163.0,19.775,26.285,262.85,1.422673074419874,,,,Sand,,,Sand 3,3,6.72,25.28,-5.25,-23.810000000000002
-18.35,19.82,26.614,0.14662,5.0624,-3.769,-3.3896,2.45,0.54339,1164.0,19.795,26.614,266.14,1.4156387398251244,,,,Sand,,,Sand 3,3,6.72,25.28,-5.25,-23.810000000000002
-18.37,19.84,27.001,0.14665,5.0752,-3.7862,-3.3896,2.35,0.53712,1164.0,19.815,27.001,270.01,1.4076105068150708,,,,Sand,,,Sand 3,3,6.72,25.28,-5.25,-23.810000000000002
-18.39,19.86,27.29,0.1504,5.088,-3.8034,-3.3896,2.45,0.54354,1165.0,19.835,27.29,272.9,1.4076988051509467,,,,Sand,,,Sand 3,3,6.72,25.28,-5.25,-23.810000000000002
-18.41,19.88,27.459,0.15316,5.0904,-3.8207,-3.3737,2.4,0.54543,1166.0,19.855,27.459,274.59,1.4067554045059207,,,,Sand,,,Sand 3,3,6.72,25.28,-5.25,-23.810000000000002
-18.43,19.9,28.101,0.15834,5.0775,-3.8034,-3.3737,2.35,0.55695,1167.0,19.875,28.101,281.01,1.4056351451005196,,,,Sand,,,Sand 3,3,6.72,25.28,-5.25,-23.810000000000002
-18.450000000000003,19.92,29.074,0.16187,5.1219,-3.8207,-3.4213,2.4,0.56347,1168.0,19.895,29.074,290.74,1.3984358129628116,,,,Sand,,,Sand 3,3,6.72,25.28,-5.25,-23.810000000000002
-18.470000000000002,19.94,29.542,0.16711,5.1137,-3.8379,-3.3896,2.45,0.57614,1169.0,19.915,29.542,295.42,1.4001984217056749,,,,Sand,,,Sand 3,3,6.72,25.28,-5.25,-23.810000000000002
-18.490000000000002,19.96,29.558,0.17059,5.1347,-3.8379,-3.4213,2.4,0.58219,1169.0,19.935,29.558,295.58,1.4032116415670977,,,,Sand,,,Sand 3,3,6.72,25.28,-5.25,-23.810000000000002
-18.51,19.98,29.415,0.17355,5.0986,-3.8034,-3.4054,2.35,0.58667,1170.0,19.955,29.415,294.15,1.4070489707472966,,,,Sand,,,Sand 3,3,6.72,25.28,-5.25,-23.810000000000002
-18.53,20.0,29.378,0.17543,5.1114,-3.8207,-3.4054,2.4,0.58861,1171.0,19.974,29.378,293.78,1.408445315889641,,,,Sand,,,Sand 3,3,6.72,25.28,-5.25,-23.810000000000002
-18.55,20.02,29.522,0.17911,5.1371,-3.8552,-3.4054,2.45,0.59775,1172.0,19.994,29.522,295.22,1.411651427342067,,,,Sand,,,Sand 3,3,6.72,25.28,-5.25,-23.810000000000002
-18.57,20.04,29.825,0.18108,5.1629,-3.8897,-3.4054,2.35,0.60212,1173.0,20.014,29.825,298.25,1.4107537992977244,,,,Sand,,,Sand 3,3,6.72,25.28,-5.25,-23.810000000000002
-18.59,20.06,30.349,0.1823,5.1733,-3.8897,-3.4213,2.35,0.60471,1174.0,20.034,30.349,303.49,1.4067534999283169,,,,Sand,,,Sand 3,3,6.72,25.28,-5.25,-23.810000000000002
-18.61,20.08,30.846,0.18334,5.1709,-3.8724,-3.4372,2.45,0.60773,1175.0,20.054,30.846,308.46,1.4033552677126888,,,,Sand,,,Sand 3,3,6.72,25.28,-5.25,-23.810000000000002
-18.630000000000003,20.1,30.813,0.1855,5.1838,-3.8897,-3.4372,2.4,0.61709,1175.0,20.074,30.813,308.13,1.408434273683802,,,,Sand,,,Sand 3,3,6.72,25.28,-5.25,-23.810000000000002
-18.650000000000002,20.12,30.444,0.18613,5.1733,-3.8897,-3.4213,2.4,0.62346,1176.0,20.094,30.444,304.44,1.4152792496981503,,,,Sand,,,Sand 3,3,6.72,25.28,-5.25,-23.810000000000002
-18.67,20.14,29.998,0.18869,5.2433,-3.9414,-3.4689,2.4,0.63841,1177.0,20.114,29.998,299.98,1.4271282547275566,,,,Sand,,,Sand 3,3,6.72,25.28,-5.25,-23.810000000000002
-18.69,20.16,29.544,0.18753,5.2148,-3.9586,-3.4054,2.4,0.64308,1178.0,20.134,29.544,295.44,1.4340120458119723,,,,Sand,,,Sand 3,3,6.72,25.28,-5.25,-23.810000000000002
-18.71,20.18,28.669,0.18374,5.2588,-3.9759,-3.4531,2.4,0.63781,1179.0,20.154,28.669,286.69,1.4405990644415503,,,,Sand,,,Sand 3,3,6.72,25.28,-5.25,-23.810000000000002
-18.73,20.2,28.167,0.18047,5.2409,-3.9241,-3.4848,2.4,0.63271,1180.0,20.174,28.167,281.67,1.4435332667878291,,,,Sand,,,Sand 3,3,6.72,25.28,-5.25,-23.810000000000002
-18.75,20.22,27.965,0.17644,5.2666,-3.9586,-3.4848,2.4,0.62325,1180.0,20.194,27.965,279.65,1.441130381388363,,,,Sand,,,Sand 3,3,6.72,25.28,-5.25,-23.810000000000002
-18.77,20.24,27.691,0.1718,5.1966,-3.9069,-3.4372,2.4,0.61022,1181.0,20.213,27.691,276.91,1.4377381012348638,,,,Sand,,,Sand 3,3,6.72,25.28,-5.25,-23.810000000000002
-18.790000000000003,20.26,27.98,0.16789,5.2484,-3.9759,-3.4372,2.4,0.59833,1182.0,20.233,27.98,279.8,1.4285417475483144,,,,Sand,,,Sand 3,3,6.72,25.28,-5.25,-23.810000000000002
-18.810000000000002,20.28,28.167,0.16658,5.2225,-3.9414,-3.4372,2.4,0.59487,1183.0,20.253,28.167,281.67,1.4247120776827862,,,,Sand,,,Sand 3,3,6.72,25.28,-5.25,-23.810000000000002
-18.830000000000002,20.3,28.301,0.16293,5.2615,-3.9931,-3.4372,2.4,0.58295,1184.0,20.273,28.301,283.01,1.417108565032548,,,,Sand,,,Sand 3,3,6.72,25.28,-5.25,-23.810000000000002
-18.85,20.32,28.285,0.15934,5.2773,-4.0276,-3.4213,2.4,0.5705,1185.0,20.293,28.285,282.85,1.4107809539238911,,,,Sand,,,Sand 3,3,6.72,25.28,-5.25,-23.810000000000002
-18.87,20.34,27.921,0.15596,5.3184,-4.0276,-3.4848,2.4,0.55892,1185.0,20.313,27.921,279.21,1.4087166951166286,,,,Sand,,,Sand 3,3,6.72,25.28,-5.25,-23.810000000000002
-18.89,20.36,27.717,0.15722,5.2514,-3.9241,-3.5007,2.4,0.56379,1186.0,20.333,27.717,277.17,1.4136192090263398,,,,Sand,,,Sand 3,3,6.72,25.28,-5.25,-23.810000000000002
-18.91,20.38,27.532,0.15997,5.2409,-3.9241,-3.4848,2.4,0.57478,1187.0,20.353,27.532,275.32,1.421498405709413,,,,Sand,,,Sand 3,3,6.72,25.28,-5.25,-23.810000000000002
-18.93,20.4,27.539,0.15815,5.2642,-3.9414,-3.5007,2.4,0.5703,1188.0,20.373,27.539,275.39,1.41907877605604,,,,Sand,,,Sand 3,3,6.72,25.28,-5.25,-23.810000000000002
-18.950000000000003,20.42,27.763,0.1567,5.2747,-3.9414,-3.5165,2.4,0.56584,1188.0,20.393,27.763,277.63,1.414179682107802,,,,Sand,,,Sand 3,3,6.72,25.28,-5.25,-23.810000000000002
-18.970000000000002,20.44,28.034,0.15471,5.2703,-3.9069,-3.5483,2.4,0.55793,1189.0,20.413,28.034,280.34,1.4069129901701727,,,,Sand,,,Sand 3,3,6.72,25.28,-5.25,-23.810000000000002
-18.990000000000002,20.46,27.864,0.15407,5.2538,-3.9414,-3.4848,2.4,0.55544,1190.0,20.433,27.864,278.64,1.40750159552809,,,,Sand,,,Sand 3,3,6.72,25.28,-5.25,-23.810000000000002
-19.01,20.48,27.48,0.15255,5.2433,-3.9414,-3.4689,2.4,0.55137,1191.0,20.452,27.48,274.8,1.4097160718892556,,,,Sand,,,Sand 3,3,6.72,25.28,-5.25,-23.810000000000002
-19.03,20.5,27.614,0.15327,5.2692,-3.9759,-3.4689,2.4,0.55758,1192.0,20.472,27.614,276.14,1.4114972390279446,,,,Sand,,,Sand 3,3,6.72,25.28,-5.25,-23.810000000000002
-19.05,20.52,28.005,0.15329,5.2409,-3.9241,-3.4848,2.4,0.56249,1193.0,20.492,28.005,280.05,1.409670103824902,,,,Sand,,,Sand 3,3,6.72,25.28,-5.25,-23.810000000000002
-19.07,20.54,27.609,0.14929,5.3004,-3.9759,-3.5165,2.4,0.55155,1194.0,20.512,27.609,276.09,1.408326030588243,,,,Sand,,,Sand 3,3,6.72,25.28,-5.25,-23.810000000000002
-19.09,20.56,26.974,0.14709,5.2771,-3.9586,-3.5007,2.45,0.54432,1194.0,20.532,26.974,269.74,1.4118399294920327,,,,Sand,,,Sand 3,3,6.72,25.28,-5.25,-23.810000000000002
-19.11,20.58,26.333,0.14705,5.2304,-3.9241,-3.4689,2.4,0.5447,1195.0,20.552,26.333,263.33,1.4197487328537222,,,,Sand,,,Sand 3,3,6.72,25.28,-5.25,-23.810000000000002
-19.130000000000003,20.6,26.133,0.14839,5.3004,-3.9759,-3.5165,2.4,0.55231,1196.0,20.572,26.133,261.33,1.4262560717035815,,,,Sand,,,Sand 3,3,6.72,25.28,-5.25,-23.810000000000002
-19.150000000000002,20.62,26.384,0.14886,5.3471,-4.0103,-3.5483,2.4,0.55771,1197.0,20.592,26.384,263.84,1.4260545970160994,,,,Sand,,,Sand 3,3,6.72,25.28,-5.25,-23.810000000000002
-19.17,20.64,27.13,0.14959,5.3262,-4.0103,-3.5165,2.4,0.56554,1198.0,20.612,27.13,271.3,1.4213096965084002,,,,Sand,,,Sand 3,3,6.72,25.28,-5.25,-23.810000000000002
-19.19,20.66,27.411,0.14604,5.3366,-4.0103,-3.5324,2.4,0.55749,1199.0,20.632,27.411,274.11,1.4137868127731439,,,,Sand,,,Sand 3,3,6.72,25.28,-5.25,-23.810000000000002
-19.21,20.68,26.971,0.1433,5.3214,-3.9759,-3.5483,2.4,0.55275,1200.0,20.652,26.971,269.71,1.4164026756909889,,,,Sand,,,Sand 3,3,6.72,25.28,-5.25,-23.810000000000002
-19.23,20.7,26.196,0.1406,5.3109,-3.9759,-3.5324,2.45,0.54965,1200.0,20.672,26.196,261.96,1.4240699516044755,,,,Sand,,,Sand 3,3,6.72,25.28,-5.25,-23.810000000000002
-19.25,20.72,25.047,0.13795,5.3521,-4.0448,-3.5165,2.45,0.54959,1201.0,20.691,25.047,250.47,1.438484916909658,,,,Sand,,,Sand 3,3,6.72,25.28,-5.25,-23.810000000000002
-19.27,20.74,24.299,0.12745,5.3495,-4.0276,-3.5324,2.4,0.5193,1202.0,20.711,24.299,242.99,1.4321159011155344,,,,Sand,,,Sand 3,3,6.72,25.28,-5.25,-23.810000000000002
-19.290000000000003,20.76,23.961,0.11685,5.3809,-4.0276,-3.58,2.4,0.48598,1203.0,20.731,23.961,239.61,1.4181454068454826,,,,Sand,,,Sand 3,3,6.72,25.28,-5.25,-23.810000000000002
-19.310000000000002,20.78,23.624,0.11169,5.3833,-4.0448,-3.5642,2.15,0.47354,1204.0,20.751,23.624,236.24,1.4157320569208889,,,,Sand,,,Sand 3,3,6.72,25.28,-5.25,-23.810000000000002
-19.330000000000002,20.8,23.287,0.10387,5.3729,-4.0448,-3.5483,2.5,0.44815,1216.0,20.771,23.287,232.87,1.4056092202431862,,,,Sand,,,Sand 3,3,6.72,25.28,-5.25,-23.810000000000002
-19.35,20.82,22.95,0.10023,5.3884,-4.0793,-3.5324,2.45,0.44072,1217.0,20.791,22.95,229.5,1.406108216233212,,,,Sand,,,Sand 3,3,6.72,25.28,-5.25,-23.810000000000002
-19.37,20.84,22.995,0.098388,5.3884,-4.0793,-3.5324,2.4,0.44242,1218.0,20.811,22.995,229.95,1.4064658922012254,,,,Sand,,,Sand 3,3,6.72,25.28,-5.25,-23.810000000000002
-19.39,20.86,22.534,0.096254,5.435,-4.1138,-3.5642,2.4,0.44395,1219.0,20.831,22.534,225.34,1.4143262206899807,,,,Sand,,,Sand 3,3,6.72,25.28,-5.25,-23.810000000000002
-19.41,20.88,21.774,0.097115,5.3939,-4.1138,-3.5007,2.4,0.45946,1220.0,20.851,21.774,217.74,1.4352438453611425,,,,Sand,,,Sand 3,3,6.72,25.28,-5.25,-23.810000000000002
-19.43,20.9,20.809,0.09813,5.4377,-4.131,-3.5483,2.4,0.47472,1220.0,20.871,20.809,208.09,1.4594949531100823,,,,Sand,,,Sand 3,3,6.72,25.28,-5.25,-23.810000000000002
-19.450000000000003,20.92,19.935,0.099072,5.4247,-4.1138,-3.5483,2.4,0.48711,1221.0,20.891,19.935,199.35,1.4810756223833201,,,,Sand,,,Sand 3,3,6.72,25.28,-5.25,-23.810000000000002
-19.470000000000002,20.94,19.168,0.09985,5.4428,-4.0966,-3.5959,2.4,0.49442,1222.0,20.91,19.168,191.68,1.4985143999220552,,,,Sand,,,Sand 3,3,6.72,25.28,-5.25,-23.810000000000002
-19.490000000000002,20.96,18.929,0.098021,5.492,-4.1483,-3.6118,2.4,0.48203,1223.0,20.93,18.929,189.29,1.4961574667643913,,,,Sand,,,Sand 3,3,6.72,25.28,-5.25,-23.810000000000002
-19.51,20.98,19.224,0.098474,5.4844,-4.1655,-3.58,2.4,0.47371,1224.0,20.95,19.224,192.24,1.4862400085716085,,,,Sand,,,Sand 3,3,6.72,25.28,-5.25,-23.810000000000002
-19.53,21.0,20.337,0.098559,5.5077,-4.1828,-3.5959,2.35,0.45642,1225.0,20.97,20.337,203.37,1.4570036273337046,,,,Sand,,,Sand 3,3,6.72,25.28,-5.25,-23.810000000000002
-19.55,21.02,21.388,0.098817,5.4947,-4.1655,-3.5959,2.45,0.43637,1225.0,20.99,21.388,213.88,1.4277823550278985,,,,Sand,,,Sand 3,3,6.72,25.28,-5.25,-23.810000000000002
-19.57,21.04,22.888,0.10547,5.518,-4.1828,-3.6118,2.4,0.43981,1226.0,21.01,22.888,228.88,1.406484045678475,,,,Sand,,,Sand 3,3,6.72,25.28,-5.25,-23.810000000000002
-19.59,21.06,24.435,0.11717,5.5387,-4.1828,-3.6435,2.4,0.45993,1227.0,21.03,24.435,244.35,1.3963674280376825,,,,Sand,,,Sand 3,3,6.72,25.28,-5.25,-23.810000000000002
-19.61,21.08,26.38,0.12449,5.5547,-4.1483,-3.707,2.4,0.46102,1228.0,21.05,26.38,263.8,1.3714172191785972,,,,Sand,,,Sand 3,3,6.72,25.28,-5.25,-23.810000000000002
-19.630000000000003,21.1,27.579,0.13304,5.4895,-4.131,-3.6277,2.4,0.46577,1229.0,21.07,27.579,275.79,1.3596165744770428,,,,Sand,,,Sand 3,3,6.72,25.28,-5.25,-23.810000000000002
-19.650000000000002,21.12,29.621,0.14072,5.4947,-4.1655,-3.5959,2.4,0.46571,1230.0,21.09,29.621,296.21,1.3362456289428264,,,,Sand,,,Sand 3,3,6.72,25.28,-5.25,-23.810000000000002
-19.67,21.14,31.183,0.14748,5.4687,-4.131,-3.5959,2.4,0.46428,1231.0,21.11,31.183,311.83,1.318755095415929,,,,Sand,,,Sand 3,3,6.72,25.28,-5.25,-23.810000000000002
-19.69,21.16,32.547,0.16043,5.4817,-4.1483,-3.5959,2.4,0.48263,1231.0,21.129,32.547,325.46999999999997,1.3165500683639118,,,,Sand,,,Sand 3,3,6.72,25.28,-5.25,-23.810000000000002
-19.71,21.18,33.879,0.17309,5.4638,-4.1655,-3.5483,2.45,0.49702,1232.0,21.149,33.879,338.79,1.3128105611757912,,,,Sand,,,Sand 3,3,6.72,25.28,-5.25,-23.810000000000002
-19.73,21.2,36.105,0.19602,5.4434,-4.1655,-3.5165,2.4,0.53839,1233.0,21.169,36.105,361.05,1.3179980335373342,,,,Sand,,,Sand 3,3,6.72,25.28,-5.25,-23.810000000000002
-19.75,21.22,36.823,0.21761,5.4697,-4.2,-3.5165,2.45,0.57558,1234.0,21.189,36.823,368.23,1.3332695645125885,,,,Sand,,,Sand 3,3,6.72,25.28,-5.25,-23.810000000000002
-19.77,21.24,38.188,0.2399,5.4829,-4.2172,-3.5165,2.4,0.61467,1235.0,21.209,38.188,381.88,1.3438870953558564,,,,Sand,,,Sand 3,3,6.72,25.28,-5.25,-23.810000000000002
-19.790000000000003,21.26,40.264,0.2603,5.4961,-4.2345,-3.5165,2.4,0.6496,1236.0,21.229,40.264,402.64,1.3471178622012765,,,,Sand,,,Sand 3,3,6.72,25.28,-5.25,-23.810000000000002
-19.810000000000002,21.28,42.276,0.28396,5.493,-4.2172,-3.5324,2.35,0.69651,1236.0,21.249,42.276,422.76,1.3572000914163396,,,,Sand,,,Sand 3,3,6.72,25.28,-5.25,-23.810000000000002
-19.830000000000002,21.3,42.381,0.29786,5.4566,-4.1828,-3.5165,2.45,0.7215,1237.0,21.269,42.381,423.81,1.368559089461881,,,,Sand,,,Sand 3,3,6.72,25.28,-5.25,-23.810000000000002
-19.85,21.32,42.317,0.30975,5.4993,-4.2517,-3.5007,2.4,0.74604,1238.0,21.289,42.317,423.17,1.3804333372447077,,,,Sand,,,Sand 3,3,6.72,25.28,-5.25,-23.810000000000002
-19.87,21.34,42.209,0.32352,5.5126,-4.269,-3.5007,2.4,0.78079,1239.0,21.309,42.209,422.09,1.3968081643540449,,,,Sand,,,Sand 3,3,6.72,25.28,-5.25,-23.810000000000002
-19.89,21.36,41.696,0.32381,5.5957,-4.3379,-3.5483,2.4,0.7881,1240.0,21.329,41.696,416.96,1.4032438847147932,,,,Sand,,,Sand 3,3,6.72,25.28,-5.25,-23.810000000000002
-19.91,21.38,40.942,0.32727,5.5026,-4.269,-3.4848,2.4,0.8026,1240.0,21.348,40.942,409.42,1.4143451779839133,,,,Sand,,,Sand 3,3,6.72,25.28,-5.25,-23.810000000000002
-19.93,21.4,40.066,0.32502,5.5724,-4.3207,-3.5324,2.4,0.80177,1241.0,21.368,40.066,400.66,1.419706112872851,,,,Sand,,,Sand 3,3,6.72,25.28,-5.25,-23.810000000000002
-19.950000000000003,21.42,39.594,0.32543,5.5226,-4.269,-3.5165,2.4,0.80675,1242.0,21.388,39.594,395.94,1.4249811284817793,,,,Sand,,,Sand 3,3,6.72,25.28,-5.25,-23.810000000000002
-19.970000000000002,21.44,39.499,0.32887,5.5426,-4.3207,-3.4848,2.4,0.81822,1243.0,21.408,39.499,394.99,1.4304707205416793,,,,Sand,,,Sand 3,3,6.72,25.28,-5.25,-23.810000000000002
-19.990000000000002,21.46,39.888,0.32416,5.5724,-4.3207,-3.5324,2.4,0.80707,1244.0,21.428,39.888,398.88,1.423152850965719,,,,Sand,,,Sand 3,3,6.72,25.28,-5.25,-23.810000000000002
-20.01,21.48,40.411,0.32069,5.609,-4.3552,-3.5483,2.4,0.79617,1245.0,21.448,40.411,404.11,1.4150218971046373,,,,Sand,,,Sand 3,3,6.72,25.28,-5.25,-23.810000000000002
-20.03,21.5,40.608,0.32243,5.6057,-4.3379,-3.5642,2.35,0.79828,1245.0,21.468,40.608,406.08,1.4146456718969562,,,,Sand,,,Sand 3,3,6.72,25.28,-5.25,-23.810000000000002
-20.05,21.52,40.536,0.32602,5.6224,-4.3724,-3.5483,2.45,0.80734,1246.0,21.488,40.536,405.36,1.4190047977484066,,,,Sand,,,Sand 3,3,6.72,25.28,-5.25,-23.810000000000002
-20.07,21.54,40.722,0.33035,5.5858,-4.3379,-3.5324,2.4,0.82048,1247.0,21.508,40.722,407.22,1.423377744898274,,,,Sand,,,Sand 3,3,6.72,25.28,-5.25,-23.810000000000002
-20.09,21.56,40.972,0.33539,5.5991,-4.3552,-3.5324,2.4,0.8367,1248.0,21.528,40.972,409.72,1.4285635935538996,,,,Sand,,,Sand 3,3,6.72,25.28,-5.25,-23.810000000000002
-20.11,21.58,40.493,0.33352,5.6057,-4.3379,-3.5642,2.4,0.83604,1249.0,21.548,40.493,404.93,1.431361587245197,,,,Sand,,,Sand 3,3,6.72,25.28,-5.25,-23.810000000000002
-20.130000000000003,21.6,39.427,0.3319,5.5659,-4.3379,-3.5007,2.4,0.8354,1250.0,21.567,39.427,394.27,1.4381097246842298,,,,Sand,,,Sand 3,3,6.72,25.28,-5.25,-23.810000000000002
-20.150000000000002,21.62,38.938,0.32726,5.506,-4.2862,-3.4689,2.4,0.82731,1251.0,21.587,38.938,389.38,1.4380652395226203,,,,Sand,,,Sand 3,3,6.72,25.28,-5.25,-23.810000000000002
-20.17,21.64,38.982,0.32212,5.5292,-4.3034,-3.4848,2.4,0.81828,1251.0,21.607,38.982,389.82,1.4339967566992942,,,,Sand,,,Sand 3,3,6.72,25.28,-5.25,-23.810000000000002
-20.19,21.66,39.07,0.31484,5.5461,-4.3379,-3.4689,2.4,0.80336,1252.0,21.627,39.07,390.7,1.427088631284249,,,,Sand,,,Sand 3,3,6.72,25.28,-5.25,-23.810000000000002
-20.21,21.68,39.232,0.29609,5.5426,-4.3207,-3.4848,2.4,0.75653,1253.0,21.647,39.232,392.32,1.4054981257162251,,,,Sand,,,Sand 3,3,6.72,25.28,-5.25,-23.810000000000002
-20.23,21.7,39.348,0.27267,5.54,-4.3552,-3.4372,2.4,0.69729,1254.0,21.667,39.348,393.48,1.377174093595296,,,,Sand,,,Sand 3,3,6.72,25.28,-5.25,-23.810000000000002
-20.25,21.72,39.434,0.26401,5.5828,-4.3724,-3.4848,2.4,0.67653,1255.0,21.687,39.434,394.34,1.3664569916068239,,,,Sand,,,Sand 3,3,6.72,25.28,-5.25,-23.810000000000002
-20.27,21.74,39.093,0.26126,5.5659,-4.3379,-3.5007,2.45,0.67175,1256.0,21.707,39.093,390.93,1.3665116470302863,,,,Sand,,,Sand 3,3,6.72,25.28,-5.25,-23.810000000000002
-20.290000000000003,21.76,39.005,0.25576,5.5758,-4.3379,-3.5165,2.35,0.65906,1256.0,21.727,39.005,390.05,1.3608066057978918,,,,Sand,,,Sand 3,3,6.72,25.28,-5.25,-23.810000000000002
-20.310000000000002,21.78,38.674,0.25494,5.5793,-4.3552,-3.5007,2.05,0.65791,1270.0,21.747,38.674,386.74,1.362621999493924,,,,Sand,,,Sand 3,3,6.72,25.28,-5.25,-23.810000000000002
-20.330000000000002,21.8,38.343,0.25291,5.573,-4.3724,-3.4689,2.55,0.65351,1270.0,21.766,38.343,383.43,1.3628277745735502,,,,Sand,,,Sand 3,3,6.72,25.28,-5.25,-23.810000000000002
-20.35,21.82,38.012,0.25382,5.6195,-4.4069,-3.5007,2.6,0.65546,1271.0,21.786,38.012,380.12,1.3662610055164868,,,,Sand,,,Sand 3,3,6.72,25.28,-5.25,-23.810000000000002
-20.37,21.84,38.543,0.25686,5.5535,-4.3724,-3.4372,2.45,0.66212,1272.0,21.806,38.543,385.43,1.3656872113054594,,,,Sand,,,Sand 3,3,6.72,25.28,-5.25,-23.810000000000002
-20.39,21.86,38.887,0.25538,5.5927,-4.3724,-3.5007,2.35,0.6564,1273.0,21.826,38.887,388.87,1.3603171950729052,,,,Sand,,,Sand 3,3,6.72,25.28,-5.25,-23.810000000000002
-20.41,21.88,39.047,0.25666,5.5793,-4.3552,-3.5007,2.4,0.65599,1274.0,21.846,39.047,390.47,1.3589569750161719,,,,Sand,,,Sand 3,3,6.72,25.28,-5.25,-23.810000000000002
-20.43,21.9,39.28,0.25561,5.5963,-4.3897,-3.4848,2.4,0.64719,1274.0,21.866,39.28,392.8,1.352812687285314,,,,Sand,,,Sand 3,3,6.72,25.28,-5.25,-23.810000000000002
-20.450000000000003,21.92,39.556,0.25593,5.5927,-4.3724,-3.5007,2.4,0.64196,1275.0,21.886,39.556,395.56,1.3481583272274862,,,,Sand,,,Sand 3,3,6.72,25.28,-5.25,-23.810000000000002
-20.470000000000002,21.94,39.577,0.25786,5.6491,-4.4069,-3.5483,2.4,0.64125,1276.0,21.906,39.577,395.77,1.3476428232102196,,,,Sand,,,Sand 3,3,6.72,25.28,-5.25,-23.810000000000002
-20.490000000000002,21.96,40.107,0.25957,5.6392,-4.4069,-3.5324,2.35,0.6405,1277.0,21.926,40.107,401.07,1.3435210427997852,,,,Sand,,,Sand 3,3,6.72,25.28,-5.25,-23.810000000000002
-20.51,21.98,40.968,0.26298,5.6697,-4.4586,-3.5165,2.4,0.64482,1278.0,21.946,40.968,409.68,1.339830067047301,,,,Sand,,,Sand 3,3,6.72,25.28,-5.25,-23.810000000000002
-20.53,22.0,41.517,0.26738,5.6625,-4.4241,-3.5483,2.4,0.65246,1279.0,21.966,41.517,415.17,1.3400823718395427,,,,Sand,,,Sand 3,3,6.72,25.28,-5.25,-23.810000000000002
-20.55,22.02,41.641,0.28274,5.6661,-4.4414,-3.5324,2.4,0.68706,1279.0,21.985,41.641,416.41,1.356669449597492,,,,Sand,,,Sand 3,3,6.72,25.28,-5.25,-23.810000000000002
-20.57,22.04,41.565,0.2935,5.6563,-4.4414,-3.5165,2.4,0.71368,1280.0,22.005,41.565,415.65,1.3700635771442016,,,,Sand,,,Sand 3,3,6.72,25.28,-5.25,-23.810000000000002
-20.59,22.06,41.337,0.29688,5.6,-4.4069,-3.4689,2.4,0.72652,1281.0,22.025,41.337,413.37,1.3776187777685938,,,,Sand,,,Sand 3,3,6.72,25.28,-5.25,-23.810000000000002
-20.61,22.08,41.125,0.29835,5.6774,-4.4931,-3.4848,2.4,0.73647,1282.0,22.045,41.125,411.25,1.3836404220312097,,,,Sand,,,Sand 3,3,6.72,25.28,-5.25,-23.810000000000002
-20.630000000000003,22.1,40.957,0.29724,5.6968,-4.4931,-3.5165,2.4,0.73962,1283.0,22.065,40.957,409.57,1.38619654252573,,,,Sand,,,Sand 3,3,6.72,25.28,-5.25,-23.810000000000002
-20.650000000000002,22.12,39.895,0.29224,5.7103,-4.5103,-3.5165,2.4,0.73159,1284.0,22.085,39.895,398.95,1.3895824132991632,,,,Sand,,,Sand 3,3,6.72,25.28,-5.25,-23.810000000000002
-20.67,22.14,38.866,0.29238,5.7278,-4.5448,-3.5007,2.4,0.73455,1284.0,22.105,38.866,388.66,1.3980699755507433,,,,Sand,,,Sand 3,3,6.72,25.28,-5.25,-23.810000000000002
-20.69,22.16,38.7,0.2973,5.7665,-4.5448,-3.5642,2.4,0.74751,1285.0,22.125,38.7,387.0,1.4051448676440659,,,,Sand,,,Sand 3,3,6.72,25.28,-5.25,-23.810000000000002
-20.71,22.18,39.061,0.30172,5.7239,-4.5276,-3.5165,2.4,0.75934,1286.0,22.145,39.061,390.61,1.4079398893415016,,,,Sand,,,Sand 3,3,6.72,25.28,-5.25,-23.810000000000002
-20.73,22.2,39.619,0.30788,5.7995,-4.5621,-3.5959,2.4,0.77479,1287.0,22.165,39.619,396.19,1.41097181030889,,,,Sand,,,Sand 3,3,6.72,25.28,-5.25,-23.810000000000002
-20.75,22.22,40.207,0.32195,5.8595,-4.6138,-3.6277,2.4,0.81091,1288.0,22.184,40.207,402.07,1.4226780580707663,,,,Sand,,,Sand 3,3,6.72,25.28,-5.25,-23.810000000000002
-20.77,22.24,40.87,0.33085,5.7995,-4.5621,-3.5959,2.4,0.8393,1288.0,22.204,40.87,408.7,1.4302910925675087,,,,Sand,,,Sand 3,3,6.72,25.28,-5.25,-23.810000000000002
-20.790000000000003,22.26,40.657,0.336,5.8207,-4.6138,-3.5642,2.4,0.86431,1289.0,22.224,40.657,406.57,1.441864210014406,,,,Sand,,,Sand 3,3,6.72,25.28,-5.25,-23.810000000000002
-20.810000000000002,22.28,39.912,0.33675,5.7898,-4.5621,-3.58,2.4,0.88269,1290.0,22.244,39.912,399.12,1.4539910308502015,,,,Sand,,,Sand 3,3,6.72,25.28,-5.25,-23.810000000000002
-20.830000000000002,22.3,38.591,0.33173,5.8111,-4.6138,-3.5483,2.4,0.88941,1291.0,22.264,38.591,385.91,1.465399753002791,,,,Sand,,,Sand 3,3,6.72,25.28,-5.25,-23.810000000000002
-20.85,22.32,36.439,0.3213,5.8072,-4.5966,-3.5642,2.4,0.88438,1292.0,22.284,36.439,364.39,1.4786134947890346,,,,Sand,,,Sand 3,3,6.72,25.28,-5.25,-23.810000000000002
-20.87,22.34,34.708,0.31321,5.8344,-4.631,-3.5642,2.35,0.88471,1293.0,22.304,34.708,347.08,1.4918195514572543,,,,Sand,,,Sand 3,3,6.72,25.28,-5.25,-23.810000000000002
-20.89,22.36,33.816,0.30275,5.8616,-4.6655,-3.5642,2.4,0.87534,1294.0,22.324,33.816,338.16,1.495294561146436,,,,Sand,,,Sand 3,3,6.72,25.28,-5.25,-23.810000000000002
-20.91,22.38,33.394,0.28958,5.8753,-4.6828,-3.5642,2.4,0.85299,1294.0,22.344,33.394,333.94,1.4900387137810216,,,,Sand,,,Sand 3,3,6.72,25.28,-5.25,-23.810000000000002
-20.93,22.4,33.132,0.28213,5.848,-4.6483,-3.5642,2.4,0.84034,1295.0,22.363,33.132,331.32,1.4872144604833537,,,,Sand,,,Sand 3,3,6.72,25.28,-5.25,-23.810000000000002
-20.950000000000003,22.42,33.235,0.27306,5.8248,-4.631,-3.5483,2.4,0.81666,1296.0,22.383,33.235,332.35,1.4768169208848574,,,,Sand,,,Sand 3,3,6.72,25.28,-5.25,-23.810000000000002
-20.970000000000002,22.44,33.381,0.26749,5.8425,-4.6655,-3.5324,2.4,0.7991,1297.0,22.403,33.381,333.81,1.4683653471512141,,,,Sand,,,Sand 3,3,6.72,25.28,-5.25,-23.810000000000002
-20.990000000000002,22.46,33.483,0.2643,5.8753,-4.6828,-3.5642,2.4,0.78613,1298.0,22.423,33.483,334.83,1.4620823077045733,,,,Sand,,,Sand 3,3,6.72,25.28,-5.25,-23.810000000000002
-21.01,22.48,33.442,0.26361,5.8521,-4.6655,-3.5483,2.4,0.77899,1299.0,22.443,33.442,334.42,1.4594061424361529,,,,Sand,,,Sand 3,3,6.72,25.28,-5.25,-23.810000000000002
-21.03,22.5,33.602,0.26171,5.8736,-4.7164,-3.5165,2.4,0.76817,1299.0,22.463,33.602,336.02,1.4534382368185506,,,,Sand,,,Sand 3,3,6.72,25.28,-5.25,-23.810000000000002
-21.05,22.52,34.125,0.26117,5.8511,-4.7,-3.5007,2.4,0.76211,1300.0,22.483,34.125,341.25,1.4464701047162412,,,,Sand,,,Sand 3,3,6.72,25.28,-5.25,-23.810000000000002
-21.07,22.54,34.567,0.26415,5.8562,-4.6828,-3.5324,2.45,0.76836,1301.0,22.503,34.567,345.67,1.4455671759153959,,,,Sand,,,Sand 3,3,6.72,25.28,-5.25,-23.810000000000002
-21.09,22.56,34.882,0.26591,5.8867,-4.7328,-3.5165,2.4,0.77281,1302.0,22.523,34.882,348.82,1.4449544582572709,,,,Sand,,,Sand 3,3,6.72,25.28,-5.25,-23.810000000000002
-21.11,22.58,35.075,0.27037,5.8925,-4.7164,-3.5483,2.4,0.78759,1303.0,22.543,35.075,350.75,1.449743223497948,,,,Sand,,,Sand 3,3,6.72,25.28,-5.25,-23.810000000000002
-21.130000000000003,22.6,34.974,0.27248,5.9376,-4.7492,-3.58,2.4,0.79893,1303.0,22.562,34.974,349.74,1.4553259449710274,,,,Sand,,,Sand 3,3,6.72,25.28,-5.25,-23.810000000000002
-21.150000000000002,22.62,34.362,0.27199,5.9281,-4.7492,-3.5642,2.4,0.80499,1304.0,22.582,34.362,343.62,1.462741846442241,,,,Sand,,,Sand 3,3,6.72,25.28,-5.25,-23.810000000000002
-21.17,22.64,33.677,0.2711,5.9412,-4.7656,-3.5642,2.4,0.8119,1305.0,22.602,33.677,336.77,1.4711887423473824,,,,Sand,,,Sand 3,3,6.72,25.28,-5.25,-23.810000000000002
-21.19,22.66,32.967,0.26801,5.9317,-4.7656,-3.5483,2.4,0.81368,1306.0,22.622,32.967,329.67,1.4778627170129943,,,,Sand,,,Sand 3,3,6.72,25.28,-5.25,-23.810000000000002
-21.21,22.68,32.338,0.26326,5.915,-4.7328,-3.5642,2.45,0.81038,1307.0,22.642,32.338,323.38,1.481920724923372,,,,Sand,,,Sand 3,3,6.72,25.28,-5.25,-23.810000000000002
-21.23,22.7,32.024,0.24856,5.9317,-4.7656,-3.5483,2.4,0.77685,1308.0,22.662,32.024,320.24,1.4707671445960666,,,,Sand,,,Sand 3,3,6.72,25.28,-5.25,-23.810000000000002
-21.25,22.72,31.703,0.24269,5.8961,-4.7328,-3.5324,2.4,0.76717,1308.0,22.682,31.703,317.03,1.4695414197060435,,,,Sand,,,Sand 3,3,6.72,25.28,-5.25,-23.810000000000002
-21.27,22.74,31.459,0.23607,5.8905,-4.7492,-3.5007,2.4,0.75277,1309.0,22.702,31.459,314.59,1.4655879912230756,,,,Sand,,,Sand 3,3,6.72,25.28,-5.25,-23.810000000000002
-21.290000000000003,22.76,31.356,0.23164,5.9393,-4.7984,-3.5165,2.4,0.7433,1310.0,22.722,31.356,313.56,1.462426281932233,,,,Sand,,,Sand 3,3,6.72,25.28,-5.25,-23.810000000000002
-21.310000000000002,22.78,30.444,0.22861,5.913,-4.7656,-3.5165,2.3,0.73699,1323.0,22.741,30.444,304.44,1.4682477960166938,,,,Sand,,,Sand 3,3,6.72,25.28,-5.25,-23.810000000000002
-21.330000000000002,22.8,30.783,0.22687,5.913,-4.7656,-3.5165,2.6,0.73331,1324.0,22.761,30.783,307.83,1.463407870955077,,,,Sand,,,Sand 3,3,6.72,25.28,-5.25,-23.810000000000002
-21.35,22.82,30.77,0.2279,5.8587,-4.7328,-3.4689,2.45,0.73747,1325.0,22.781,30.77,307.7,1.4653536781775758,,,,Sand,,,Sand 3,3,6.72,25.28,-5.25,-23.810000000000002
-21.37,22.84,30.77,0.23319,5.8943,-4.7656,-3.4848,2.35,0.75405,1326.0,22.801,30.77,307.7,1.4725354631720402,,,,Sand,,,Sand 3,3,6.72,25.28,-5.25,-23.810000000000002
-21.39,22.86,30.873,0.2332,5.8943,-4.7656,-3.4848,2.4,0.74826,1327.0,22.821,30.873,308.73,1.4690733822388335,,,,Sand,,,Sand 3,3,6.72,25.28,-5.25,-23.810000000000002
-21.41,22.88,31.045,0.2313,5.8943,-4.7656,-3.4848,2.4,0.73461,1327.0,22.841,31.045,310.45,1.4615128312313472,,,,Sand,,,Sand 3,3,6.72,25.28,-5.25,-23.810000000000002
-21.43,22.9,31.179,0.2284,5.9115,-4.7984,-3.4689,2.4,0.7134,1328.0,22.861,31.179,311.79,1.4508235571606194,,,,Sand,,,Sand 3,3,6.72,25.28,-5.25,-23.810000000000002
-21.450000000000003,22.92,31.543,0.22875,5.9168,-4.782,-3.5007,2.4,0.69915,1329.0,22.881,31.543,315.43,1.4409508828877875,,,,Sand,,,Sand 3,3,6.72,25.28,-5.25,-23.810000000000002
-21.470000000000002,22.94,32.368,0.23236,5.9207,-4.7984,-3.4848,2.4,0.69378,1330.0,22.901,32.368,323.68000000000006,1.4309329857538877,,,,Sand,,,Sand 3,3,6.72,25.28,-5.25,-23.810000000000002
-21.490000000000002,22.96,33.342,0.23895,5.93,-4.7984,-3.5007,2.4,0.69712,1330.0,22.921,33.342,333.42,1.423884739177998,,,,Sand,,,Sand 3,3,6.72,25.28,-5.25,-23.810000000000002
-21.51,22.98,35.01,0.24774,5.9115,-4.7984,-3.4689,2.4,0.70822,1331.0,22.94,35.01,350.1,1.4150548385893642,,,,Sand,,,Sand 3,3,6.72,25.28,-5.25,-23.810000000000002
-21.53,23.0,36.389,0.25443,5.9064,-4.8148,-3.4372,2.4,0.71445,1332.0,22.96,36.389,363.89,1.4070361883366687,,,,Sand,,,Sand 3,3,6.72,25.28,-5.25,-23.810000000000002
-21.55,23.02,37.06,0.26203,5.8931,-4.7984,-3.4372,2.4,0.72399,1333.0,22.98,37.06,370.6,1.406340594845953,,,,Sand,,,Sand 3,3,6.72,25.28,-5.25,-23.810000000000002
-21.57,23.04,37.327,0.26973,5.9688,-4.8803,-3.4531,2.4,0.73477,1334.0,23.0,37.327,373.27,1.409286143949305,,,,Sand,,,Sand 3,3,6.72,25.28,-5.25,-23.810000000000002
-21.59,23.06,36.807,0.27651,5.9247,-4.8148,-3.4689,2.4,0.74707,1335.0,23.02,36.807,368.07,1.418725036358846,,,,Sand,,,Sand 3,3,6.72,25.28,-5.25,-23.810000000000002
-21.61,23.08,36.598,0.285,5.9564,-4.8311,-3.5007,2.4,0.76804,1336.0,23.04,36.598,365.98,1.4295779106380366,,,,Sand,,,Sand 3,3,6.72,25.28,-5.25,-23.810000000000002
-21.630000000000003,23.1,37.006,0.29083,5.933,-4.8475,-3.4372,2.4,0.78494,1336.0,23.06,37.006,370.06,1.433866611705862,,,,Sand,,,Sand 3,3,6.72,25.28,-5.25,-23.810000000000002
-21.650000000000002,23.12,37.475,0.29182,5.9697,-4.8475,-3.5007,2.4,0.79125,1337.0,23.08,37.475,374.75,1.4331450129877483,,,,Sand,,,Sand 3,3,6.72,25.28,-5.25,-23.810000000000002
-21.67,23.14,37.437,0.28984,5.9555,-4.8639,-3.4531,2.4,0.78972,1338.0,23.1,37.437,374.37,1.4327648925959136,,,,Sand,,,Sand 3,3,6.72,25.28,-5.25,-23.810000000000002
-21.69,23.16,37.15,0.2889,5.8839,-4.7984,-3.4213,2.4,0.79111,1339.0,23.119,37.15,371.5,1.435453878052633,,,,Sand,,,Sand 3,3,6.72,25.28,-5.25,-23.810000000000002
-21.71,23.18,36.61,0.28551,5.9156,-4.8148,-3.4531,2.4,0.78757,1340.0,23.139,36.61,366.1,1.4379370468522463,,,,Sand,,,Sand 3,3,6.72,25.28,-5.25,-23.810000000000002
-21.73,23.2,35.964,0.28036,5.9207,-4.7984,-3.4848,2.4,0.78063,1341.0,23.159,35.964,359.64,1.439851290864516,,,,Sand,,,Sand 3,3,6.72,25.28,-5.25,-23.810000000000002
-21.75,23.22,35.373,0.27241,5.8931,-4.7984,-3.4372,2.4,0.76571,1342.0,23.179,35.373,353.73,1.4379859175444274,,,,Sand,,,Sand 3,3,6.72,25.28,-5.25,-23.810000000000002
-21.77,23.24,35.132,0.26473,5.9197,-4.8311,-3.4372,2.4,0.75064,1342.0,23.199,35.132,351.32,1.4332814774555984,,,,Sand,,,Sand 3,3,6.72,25.28,-5.25,-23.810000000000002
-21.790000000000003,23.26,34.879,0.25979,5.9555,-4.8639,-3.4531,2.4,0.74143,1343.0,23.219,34.879,348.79,1.4312199096456921,,,,Sand,,,Sand 3,3,6.72,25.28,-5.25,-23.810000000000002
-21.810000000000002,23.28,34.775,0.25288,5.9464,-4.8639,-3.4372,2.4,0.72448,1344.0,23.239,34.775,347.75,1.4244303262105396,,,,Sand,,,Sand 3,3,6.72,25.28,-5.25,-23.810000000000002
-21.830000000000002,23.3,34.73,0.2457,5.9597,-4.8803,-3.4372,2.4,0.70489,1345.0,23.259,34.73,347.3,1.4157940587886966,,,,Sand,,,Sand 3,3,6.72,25.28,-5.25,-23.810000000000002
-21.85,23.32,34.68,0.23734,5.9373,-4.8639,-3.4213,2.4,0.68121,1346.0,23.279,34.68,346.8,1.405045834468529,,,,Sand,,,Sand 3,3,6.72,25.28,-5.25,-23.810000000000002
-21.87,23.34,34.777,0.23346,5.933,-4.8475,-3.4372,2.4,0.66957,1346.0,23.298,34.777,347.77,1.3986377591302517,,,,Sand,,,Sand 3,3,6.72,25.28,-5.25,-23.810000000000002
-21.89,23.36,34.89,0.2262,5.9597,-4.8803,-3.4372,2.4,0.64721,1347.0,23.318,34.89,348.9,1.3867003048618654,,,,Sand,,,Sand 3,3,6.72,25.28,-5.25,-23.810000000000002
-21.91,23.38,34.984,0.22206,5.9774,-4.9131,-3.4213,2.4,0.63265,1348.0,23.338,34.984,349.84,1.3785835803807507,,,,Sand,,,Sand 3,3,6.72,25.28,-5.25,-23.810000000000002
-21.93,23.4,35.011,0.2216,5.9955,-4.9131,-3.4531,2.4,0.62811,1349.0,23.358,35.011,350.11,1.3760428705111432,,,,Sand,,,Sand 3,3,6.72,25.28,-5.25,-23.810000000000002
-21.950000000000003,23.42,35.093,0.22017,6.0043,-4.9459,-3.4213,2.4,0.62075,1350.0,23.378,35.093,350.93,1.3715747987670097,,,,Sand,,,Sand 3,3,6.72,25.28,-5.25,-23.810000000000002
-21.970000000000002,23.44,35.431,0.22314,6.0137,-4.9131,-3.4848,2.4,0.62672,1350.0,23.398,35.431,354.31,1.3718504001838616,,,,Sand,,,Sand 3,3,6.72,25.28,-5.25,-23.810000000000002
-21.990000000000002,23.46,35.931,0.22539,6.0223,-4.9459,-3.4531,2.4,0.63311,1351.0,23.418,35.931,359.31,1.3710529146825827,,,,Sand,,,Sand 3,3,6.72,25.28,-5.25,-23.810000000000002
-22.01,23.48,36.133,0.23271,6.0179,-4.9295,-3.4689,2.4,0.65522,1352.0,23.438,36.133,361.33,1.3805858864837743,,,,Sand,,,Sand 3,3,6.72,25.28,-5.25,-23.810000000000002
-22.03,23.5,36.282,0.23899,6.0494,-4.9459,-3.5007,2.4,0.6758,1353.0,23.458,36.282,362.82,1.3895252079261164,,,,Sand,,,Sand 3,3,6.72,25.28,-5.25,-23.810000000000002
-22.05,23.52,35.974,0.24343,6.0313,-4.9459,-3.4689,2.45,0.69299,1354.0,23.478,35.974,359.74,1.4001993790476903,,,,Sand,,,Sand 3,3,6.72,25.28,-5.25,-23.810000000000002
-22.07,23.54,34.955,0.24515,6.0447,-4.9623,-3.4689,2.45,0.70456,1355.0,23.497,34.955,349.55,1.4138011968935202,,,,Sand,,,Sand 3,3,6.72,25.28,-5.25,-23.810000000000002
-22.09,23.56,34.333,0.24626,6.0671,-4.9787,-3.4848,2.4,0.71542,1355.0,23.517,34.333,343.33,1.4239297860549929,,,,Sand,,,Sand 3,3,6.72,25.28,-5.25,-23.810000000000002
-22.11,23.58,33.869,0.24736,6.0939,-5.0115,-3.4848,2.4,0.72732,1356.0,23.537,33.869,338.69,1.4332137657024535,,,,Sand,,,Sand 3,3,6.72,25.28,-5.25,-23.810000000000002
-22.130000000000003,23.6,33.542,0.24671,6.0805,-4.9951,-3.4848,2.4,0.73406,1357.0,23.557,33.542,335.42,1.439001473831944,,,,Sand,,,Sand 3,3,6.72,25.28,-5.25,-23.810000000000002
-22.150000000000002,23.62,33.27,0.24923,6.0761,-4.9787,-3.5007,2.4,0.74806,1358.0,23.577,33.27,332.7,1.447515392532046,,,,Sand,,,Sand 3,3,6.72,25.28,-5.25,-23.810000000000002
-22.17,23.64,33.152,0.25005,6.0895,-4.9951,-3.5007,2.4,0.756,1359.0,23.597,33.152,331.52,1.4519923901089637,,,,Sand,,,Sand 3,3,6.72,25.28,-5.25,-23.810000000000002
-22.19,23.66,32.98,0.26619,6.1073,-5.0279,-3.4848,2.4,0.80968,1360.0,23.617,32.98,329.8,1.4761158416924676,,,,Sand,,,Sand 3,3,6.72,25.28,-5.25,-23.810000000000002
-22.21,23.68,32.776,0.25458,6.1253,-5.0279,-3.5165,2.4,0.77855,1361.0,23.637,32.776,327.76,1.4648962925572189,,,,Sand,,,Sand 3,3,6.72,25.28,-5.25,-23.810000000000002
-22.23,23.7,32.613,0.24621,6.1253,-5.0279,-3.5165,2.4,0.75668,1361.0,23.656,32.613,326.13,1.4569520928529096,,,,Sand,,,Sand 3,3,6.72,25.28,-5.25,-23.810000000000002
-22.25,23.72,32.402,0.24199,6.1253,-5.0279,-3.5165,2.4,0.7475,1362.0,23.676,32.402,324.02,1.4548154134545006,,,,Sand,,,Sand 3,3,6.72,25.28,-5.25,-23.810000000000002
-22.27,23.74,32.274,0.23556,6.0895,-4.9951,-3.5007,2.45,0.73073,1363.0,23.696,32.274,322.74,1.4485624080853343,,,,Sand,,,Sand 3,3,6.72,25.28,-5.25,-23.810000000000002
-22.290000000000003,23.76,32.128,0.22942,6.1167,-4.9951,-3.5483,1.7,0.71393,1376.0,23.716,32.128,321.28,1.4423347184707593,,,,Sand,,,Sand 3,3,6.72,25.28,-5.25,-23.810000000000002
-22.310000000000002,23.78,31.981,0.2257,6.121,-5.0115,-3.5324,2.5,0.70344,1377.0,23.736,31.981,319.81,1.4388908831294362,,,,Sand,,,Sand 3,3,6.72,25.28,-5.25,-23.810000000000002
-22.330000000000002,23.8,31.835,0.22241,6.1343,-5.0279,-3.5324,2.45,0.69293,1378.0,23.756,31.835,318.35,1.4353866895364813,,,,Sand,,,Sand 3,3,6.72,25.28,-5.25,-23.810000000000002
-22.35,23.82,31.879,0.22602,6.1434,-5.0279,-3.5483,2.4,0.70419,1378.0,23.776,31.879,318.79,1.4401648544618348,,,,Sand,,,Sand 3,3,6.72,25.28,-5.25,-23.810000000000002
-22.37,23.84,31.97,0.23242,6.1749,-5.0443,-3.58,2.4,0.72427,1379.0,23.796,31.97,319.7,1.4484152929686922,,,,Sand,,,Sand 3,3,6.72,25.28,-5.25,-23.810000000000002
-22.39,23.86,32.208,0.2338,6.1616,-5.0279,-3.58,2.4,0.72815,1380.0,23.816,32.208,322.08,1.4480040429165402,,,,Sand,,,Sand 3,3,6.72,25.28,-5.25,-23.810000000000002
-22.41,23.88,32.505,0.23432,6.1932,-5.0443,-3.6118,2.4,0.7288,1381.0,23.835,32.505,325.05,1.4456487629332317,,,,Sand,,,Sand 3,3,6.72,25.28,-5.25,-23.810000000000002
-22.43,23.9,32.264,0.23519,6.1525,-5.0279,-3.5642,2.4,0.73041,1382.0,23.855,32.264,322.64000000000004,1.4485094054721106,,,,Sand,,,Sand 3,3,6.72,25.28,-5.25,-23.810000000000002
-22.450000000000003,23.92,32.076,0.23789,6.1973,-5.0607,-3.5959,2.4,0.73882,1383.0,23.875,32.076,320.76,1.4539136754654411,,,,Sand,,,Sand 3,3,6.72,25.28,-5.25,-23.810000000000002
-22.470000000000002,23.94,32.131,0.23726,6.1616,-5.0279,-3.58,2.4,0.73902,1384.0,23.895,32.131,321.31,1.4535085893639128,,,,Sand,,,Sand 3,3,6.72,25.28,-5.25,-23.810000000000002
-22.490000000000002,23.96,32.18,0.23616,6.2107,-5.077,-3.5959,2.4,0.73952,1384.0,23.915,32.18,321.8,1.4532902557303982,,,,Sand,,,Sand 3,3,6.72,25.28,-5.25,-23.810000000000002
-22.51,23.98,32.262,0.23219,6.2016,-5.077,-3.58,2.4,0.73123,1385.0,23.935,32.262,322.62,1.4488918243202802,,,,Sand,,,Sand 3,3,6.72,25.28,-5.25,-23.810000000000002
-22.53,24.0,31.963,0.23183,6.2065,-5.0607,-3.6118,2.4,0.73468,1386.0,23.955,31.963,319.63,1.4531051991329718,,,,Sand,,,Sand 3,3,6.72,25.28,-5.25,-23.810000000000002
-22.55,24.02,31.456,0.23038,6.1973,-5.0607,-3.5959,2.4,0.73608,1387.0,23.975,31.456,314.56,1.4583437473669452,,,,Sand,,,Sand 3,3,6.72,25.28,-5.25,-23.810000000000002
-22.57,24.04,31.144,0.22793,6.2464,-5.1098,-3.6118,2.4,0.73621,1388.0,23.995,31.144,311.44,1.4612906292259413,,,,Sand,,,Sand 3,3,6.72,25.28,-5.25,-23.810000000000002
-22.59,24.06,30.811,0.22814,6.2331,-5.0934,-3.6118,2.4,0.74724,1389.0,24.014,30.811,308.11,1.4692152105103022,,,,Sand,,,Sand 3,3,6.72,25.28,-5.25,-23.810000000000002
-22.61,24.08,30.493,0.22526,6.2822,-5.1426,-3.6277,2.4,0.7492,1389.0,24.034,30.493,304.93,1.473073525690307,,,,Sand,,,Sand 3,3,6.72,25.28,-5.25,-23.810000000000002
-22.630000000000003,24.1,30.076,0.21928,6.2598,-5.1262,-3.6118,2.4,0.7416,1390.0,24.054,30.076,300.76,1.473803731243579,,,,Sand,,,Sand 3,3,6.72,25.28,-5.25,-23.810000000000002
-22.650000000000002,24.12,29.476,0.21563,6.2871,-5.1262,-3.6594,2.4,0.74324,1391.0,24.074,29.476,294.76,1.480414078661577,,,,Sand,,,Sand 3,3,6.72,25.28,-5.25,-23.810000000000002
-22.67,24.14,28.832,0.21068,6.3137,-5.159,-3.6594,2.4,0.74099,1392.0,24.094,28.832,288.32,1.4859488327013342,,,,Sand,,,Sand 3,3,6.72,25.28,-5.25,-23.810000000000002
-22.69,24.16,28.248,0.20316,6.3137,-5.159,-3.6594,2.4,0.73006,1393.0,24.114,28.248,282.48,1.4872968146906649,,,,Sand,,,Sand 3,3,6.72,25.28,-5.25,-23.810000000000002
-22.71,24.18,27.471,0.19508,6.2955,-5.159,-3.6277,2.4,0.71622,1393.0,24.134,27.471,274.71,1.489612271084955,,,,Sand,,,Sand 3,3,6.72,25.28,-5.25,-23.810000000000002
-22.73,24.2,26.693,0.18842,6.3137,-5.159,-3.6594,2.45,0.70587,1395.0,24.154,26.693,266.93,1.493746615606896,,,,Sand,,,Sand 3,3,6.72,25.28,-5.25,-23.810000000000002
-22.75,24.22,26.165,0.1796,6.327,-5.1754,-3.6594,2.4,0.68546,1395.0,24.173,26.165,261.65,1.4907682159199083,,,,Sand,,,Sand 3,3,6.72,25.28,-5.25,-23.810000000000002
-22.77,24.24,25.658,0.17099,6.3313,-5.1918,-3.6435,2.35,0.66388,1396.0,24.193,25.658,256.58,1.4870100773626007,,,,Sand,,,Sand 3,3,6.72,25.28,-5.25,-23.810000000000002
-22.790000000000003,24.26,25.357,0.16582,6.2999,-5.1754,-3.6118,2.45,0.65174,1397.0,24.213,25.357,253.57,1.4850781679910139,,,,Sand,,,Sand 3,3,6.72,25.28,-5.25,-23.810000000000002
-22.810000000000002,24.28,25.124,0.15814,6.3581,-5.2246,-3.6435,2.4,0.62522,1398.0,24.233,25.124,251.24,1.4754771382263385,,,,Sand,,,Sand 3,3,6.72,25.28,-5.25,-23.810000000000002
-22.830000000000002,24.3,24.893,0.14995,6.3671,-5.2246,-3.6594,2.4,0.59226,1398.0,24.253,24.893,248.93,1.4623238235951668,,,,Sand,,,Sand 3,3,6.72,25.28,-5.25,-23.810000000000002
-22.85,24.32,24.693,0.14236,6.3852,-5.2246,-3.6911,2.4,0.55973,1399.0,24.273,24.693,246.93,1.4483886339661658,,,,Sand,,,Sand 3,3,6.72,25.28,-5.25,-23.810000000000002
-22.87,24.34,24.959,0.13997,6.3537,-5.2082,-3.6594,2.4,0.54641,1400.0,24.293,24.959,249.59,1.4379441800406763,,,,Sand,,,Sand 3,3,6.72,25.28,-5.25,-23.810000000000002
-22.89,24.36,25.498,0.13792,6.421,-5.2574,-3.707,2.4,0.53325,1401.0,24.313,25.498,254.98,1.4239723666770507,,,,Sand,,,Sand 3,3,6.72,25.28,-5.25,-23.810000000000002
-22.91,24.38,26.358,0.13714,6.421,-5.2574,-3.707,2.4,0.52367,1402.0,24.332,26.358,263.58,1.4079822562775122,,,,Sand,,,Sand 3,3,6.72,25.28,-5.25,-23.810000000000002
-22.93,24.4,26.592,0.13978,6.4118,-5.2902,-3.6435,2.4,0.52801,1403.0,24.352,26.592,265.92,1.4075225349101743,,,,Sand,,,Sand 3,3,6.72,25.28,-5.25,-23.810000000000002
-22.950000000000003,24.42,26.811,0.14642,6.4387,-5.323,-3.6435,2.4,0.55,1404.0,24.372,26.811,268.11,1.4168303621033238,,,,Sand,,,Sand 3,3,6.72,25.28,-5.25,-23.810000000000002
-22.970000000000002,24.44,27.107,0.15481,6.4387,-5.323,-3.6435,2.4,0.58235,1404.0,24.392,27.107,271.07,1.430310364383494,,,,Sand,,,Sand 3,3,6.72,25.28,-5.25,-23.810000000000002
-22.990000000000002,24.46,27.492,0.15865,6.4342,-5.3066,-3.6594,2.4,0.60255,1405.0,24.412,27.492,274.92,1.436148237800657,,,,Sand,,,Sand 3,3,6.72,25.28,-5.25,-23.810000000000002
-23.01,24.48,26.964,0.15971,6.4342,-5.3066,-3.6594,2.45,0.6146,1406.0,24.432,26.964,269.64,1.4481809888969586,,,,Sand,,,Sand 3,3,6.72,25.28,-5.25,-23.810000000000002
-23.03,24.5,26.148,0.15834,6.4431,-5.3066,-3.6753,2.4,0.61989,1407.0,24.452,26.148,261.48,1.4603652529896647,,,,Sand,,,Sand 3,3,6.72,25.28,-5.25,-23.810000000000002
-23.05,24.52,25.197,0.15747,6.4207,-5.2902,-3.6594,2.35,0.63019,1408.0,24.472,25.197,251.97,1.4769351593005633,,,,Sand,,,Sand 3,3,6.72,25.28,-5.25,-23.810000000000002
-23.07,24.54,24.329,0.15241,6.4879,-5.3393,-3.707,2.45,0.6265,1409.0,24.491,24.329,243.29,1.486241937464739,,,,Sand,,,Sand 3,3,6.72,25.28,-5.25,-23.810000000000002
-23.09,24.56,23.839,0.14548,6.4431,-5.3066,-3.6753,2.4,0.61462,1409.0,24.511,23.839,238.39,1.4870463654772639,,,,Sand,,,Sand 3,3,6.72,25.28,-5.25,-23.810000000000002
-23.11,24.58,23.264,0.13835,6.47,-5.3393,-3.6753,2.4,0.59964,1410.0,24.531,23.264,232.64,1.4876461197641222,,,,Sand,,,Sand 3,3,6.72,25.28,-5.25,-23.810000000000002
-23.130000000000003,24.6,22.671,0.13176,6.47,-5.3393,-3.6753,2.4,0.5842,1411.0,24.551,22.671,226.71,1.488448624947757,,,,Sand,,,Sand 3,3,6.72,25.28,-5.25,-23.810000000000002
-23.150000000000002,24.62,22.211,0.11634,6.4745,-5.323,-3.707,2.4,0.52579,1412.0,24.571,22.211,222.11,1.4653419505182639,,,,Sand,,,Sand 3,3,6.72,25.28,-5.25,-23.810000000000002
-23.17,24.64,21.694,0.10657,6.4745,-5.323,-3.707,2.4,0.48946,1413.0,24.591,21.694,216.94,1.453537483506422,,,,Sand,,,Sand 3,3,6.72,25.28,-5.25,-23.810000000000002
-23.19,24.66,21.378,0.10372,6.4879,-5.3393,-3.707,2.4,0.48131,1414.0,24.611,21.378,213.78,1.453975841690941,,,,Sand,,,Sand 3,3,6.72,25.28,-5.25,-23.810000000000002
-23.21,24.68,21.05,0.095338,6.4835,-5.3557,-3.6753,2.4,0.44536,1414.0,24.631,21.05,210.5,1.4386416889499452,,,,Sand,,,Sand 3,3,6.72,25.28,-5.25,-23.810000000000002
-23.23,24.7,20.905,0.088292,6.4745,-5.323,-3.707,2.45,0.41239,1415.0,24.65,20.905,209.05,1.4211489478259391,,,,Sand,,,Sand 3,3,6.72,25.28,-5.25,-23.810000000000002
-23.25,24.72,21.017,0.088219,6.5103,-5.3557,-3.7229,2.35,0.40916,1416.0,24.67,21.017,210.17,1.4172650384025491,,,,Sand,,,Sand 3,3,6.72,25.28,-5.25,-23.810000000000002
-23.27,24.74,21.471,0.088261,6.5237,-5.3721,-3.7229,2.4,0.40457,1417.0,24.69,21.471,214.71,1.40687554182253,,,,Sand,,,Sand 3,3,6.72,25.28,-5.25,-23.810000000000002
-23.290000000000003,24.76,21.531,0.094137,6.5103,-5.3557,-3.7229,2.3,0.4252,1430.0,24.71,21.531,215.31,1.4187084002828785,,,,Sand,,,Sand 3,3,6.72,25.28,-5.25,-23.810000000000002
-23.310000000000002,24.78,22.237,0.10076,6.5505,-5.4049,-3.7229,2.55,0.44783,1430.0,24.73,22.237,222.37,1.4211952884318597,,,,Sand,,,Sand 3,3,6.72,25.28,-5.25,-23.810000000000002
-23.330000000000002,24.8,22.9,0.10621,6.5282,-5.3885,-3.707,2.4,0.46481,1431.0,24.75,22.9,229.0,1.4211695899696528,,,,Sand,,,Sand 3,3,6.72,25.28,-5.25,-23.810000000000002
-23.35,24.82,23.416,0.1147,6.5193,-5.3885,-3.6911,2.4,0.49571,1432.0,24.77,23.416,234.16,1.431332939274009,,,,Sand,,,Sand 3,3,6.72,25.28,-5.25,-23.810000000000002
-23.37,24.84,23.641,0.12163,6.5282,-5.3885,-3.707,2.4,0.51962,1433.0,24.79,23.641,236.41,1.4413384785521117,,,,Sand,,,Sand 3,3,6.72,25.28,-5.25,-23.810000000000002
-23.39,24.86,23.794,0.1303,6.5551,-5.4213,-3.707,2.4,0.55223,1434.0,24.809,23.794,237.94,1.456532975562447,,,,Sand,,,Sand 3,3,6.72,25.28,-5.25,-23.810000000000002
-23.41,24.88,23.815,0.13258,6.5416,-5.4049,-3.707,2.4,0.55793,1435.0,24.829,23.815,238.15,1.4591956638627623,,,,Sand,,,Sand 3,3,6.72,25.28,-5.25,-23.810000000000002
-23.43,24.9,23.775,0.13496,6.5686,-5.4377,-3.707,2.4,0.56322,1435.0,24.849,23.775,237.75,1.4624596461692618,,,,Sand,,,Sand 3,3,6.72,25.28,-5.25,-23.810000000000002
-23.450000000000003,24.92,23.677,0.1341,6.5463,-5.4213,-3.6911,2.4,0.55178,1436.0,24.869,23.677,236.77,1.4579073320631626,,,,Sand,,,Sand 3,3,6.72,25.28,-5.25,-23.810000000000002
-23.470000000000002,24.94,23.741,0.13325,6.5781,-5.4705,-3.6753,2.4,0.53831,1437.0,24.889,23.741,237.41,1.449963840201468,,,,Sand,,,Sand 3,3,6.72,25.28,-5.25,-23.810000000000002
-23.490000000000002,24.96,24.236,0.13612,6.5781,-5.4705,-3.6753,2.4,0.53868,1438.0,24.909,24.236,242.36,1.4434075763281904,,,,Sand,,,Sand 3,3,6.72,25.28,-5.25,-23.810000000000002
-23.51,24.98,25.012,0.13972,6.6139,-5.5033,-3.6911,2.4,0.54018,1439.0,24.929,25.012,250.12,1.433944003271546,,,,Sand,,,Sand 3,3,6.72,25.28,-5.25,-23.810000000000002
-23.53,25.0,26.381,0.14299,6.5878,-5.5033,-3.6435,2.4,0.53925,1440.0,24.948,26.381,263.81,1.4162254520129625,,,,Sand,,,Sand 3,3,6.72,25.28,-5.25,-23.810000000000002
-23.55,25.02,27.387,0.14804,6.6596,-5.5689,-3.6753,2.4,0.54479,1441.0,24.968,27.387,273.87,1.407245032704294,,,,Sand,,,Sand 3,3,6.72,25.28,-5.25,-23.810000000000002
-23.57,25.04,27.945,0.15454,6.6275,-5.5197,-3.6911,2.4,0.55656,1441.0,24.988,27.945,279.45,1.4071839505269343,,,,Sand,,,Sand 3,3,6.72,25.28,-5.25,-23.810000000000002
-23.59,25.06,28.54,0.16119,6.6151,-5.5361,-3.6435,2.4,0.57128,1442.0,25.008,28.54,285.4,1.4083812188013347,,,,Sand,,,Sand 3,3,6.72,25.28,-5.25,-23.810000000000002
-23.61,25.08,28.89,0.16325,6.5928,-5.5197,-3.6277,2.4,0.57475,1443.0,25.028,28.89,288.9,1.4064030704035075,,,,Sand,,,Sand 3,3,6.72,25.28,-5.25,-23.810000000000002
-23.630000000000003,25.1,28.995,0.16334,6.6064,-5.5361,-3.6277,2.4,0.57543,1444.0,25.048,28.995,289.95,1.405630822295826,,,,Sand,,,Sand 3,3,6.72,25.28,-5.25,-23.810000000000002
-23.650000000000002,25.12,28.991,0.16188,6.6324,-5.5361,-3.6753,2.4,0.57452,1445.0,25.068,28.991,289.91,1.4051946650257812,,,,Sand,,,Sand 3,3,6.72,25.28,-5.25,-23.810000000000002
-23.67,25.14,28.598,0.15733,6.5928,-5.5197,-3.6277,2.4,0.56629,1446.0,25.088,28.598,285.98,1.4051050056691954,,,,Sand,,,Sand 3,3,6.72,25.28,-5.25,-23.810000000000002
-23.69,25.16,27.88,0.15652,6.6374,-5.5525,-3.6594,2.45,0.57401,1446.0,25.107,27.88,278.8,1.4171479155329163,,,,Sand,,,Sand 3,3,6.72,25.28,-5.25,-23.810000000000002
-23.71,25.18,27.241,0.15583,6.6424,-5.5689,-3.6435,2.4,0.58533,1447.0,25.127,27.241,272.41,1.4302879610854673,,,,Sand,,,Sand 3,3,6.72,25.28,-5.25,-23.810000000000002
-23.73,25.2,26.284,,6.6201,-5.5525,-3.6277,2.4,0.0,1448.0,25.147,26.284,262.84,,,,,Unknown material,,,Sand 3,3,6.72,25.28,-5.25,-23.810000000000002
-23.75,25.22,25.385,,6.6783,-5.6016,-3.6594,2.4,0.0,1449.0,25.167,25.385,253.85,,,,,Unknown material,,,Sand 3,3,6.72,25.28,-5.25,-23.810000000000002
-23.77,25.24,24.774,,6.6869,-5.6016,-3.6753,2.45,0.0,1450.0,25.187,24.774,247.74,,,,,Unknown material,,,Sand 3,3,6.72,25.28,-5.25,-23.810000000000002
-23.790000000000003,25.26,23.83,,6.7006,-5.618,-3.6753,2.4,0.0,1450.0,25.207,23.83,238.3,,,,,Unknown material,,,Sand 3,3,6.72,25.28,-5.25,-23.810000000000002
-23.810000000000002,25.28,22.296,,6.6783,-5.6016,-3.6594,2.25,0.0,1451.0,25.227,22.296,222.96,,,,,Unknown material,,,Sand 3,3,6.72,25.28,-5.25,-23.810000000000002
