elevation_m_nap,depth_m,qc_mpa,fs_mpa,col_4,col_5,col_6,col_7,rf_percent,col_9,corrected_depth,qt_mpa,qt_over_pa,Isbt,Bqt,peat_boundary_qt_over_pa,organic_clay_boundary_qt_over_pa,soil_type,used_organic_boundary_qt_over_pa,distance_to_used_organic_boundary,layer_id,soil_layer_number,layer_top_depth_m,layer_bottom_depth_m,layer_top_elevation_m_nap,layer_bottom_elevation_m_nap
1.46,0.02,0.71319,0.0040869,0.36475,0.17241,-0.32143,1.6,0.40048,29.0,0.02,0.71319,7.131899999999999,2.7430373703204647,,,,Silty clay / clayey silt,,,Silty clay / clayey silt 1,1,0.02,0.2,1.46,1.28
1.44,0.04,0.82594,0.0040789,0.40584,0.15517,-0.375,1.7,0.37147,30.0,0.039999,0.82594,8.259400000000001,2.672461690855335,,,,Silty clay / clayey silt,,,Silty clay / clayey silt 1,1,0.02,0.2,1.46,1.28
1.42,0.06,1.0275,0.0041028,0.444,0.2069,-0.39286,1.7,0.34704,31.0,0.059999,1.0275,10.275,2.573133032971394,,,,Sand mixtures,,,Silty clay / clayey silt 1,1,0.02,0.2,1.46,1.28
1.4,0.08,1.1984,0.0040802,0.49953,0.22414,-0.44643,1.75,0.31664,32.0,0.079998,1.1984,11.983999999999998,2.497598924577098,,,,Sand mixtures,,,Silty clay / clayey silt 1,1,0.02,0.2,1.46,1.28
1.38,0.1,1.3374,0.0041968,0.47639,0.24138,-0.41071,1.75,0.28096,33.0,0.099997,1.3374,13.373999999999999,2.437251826363544,,,,Sand mixtures,,,Silty clay / clayey silt 1,1,0.02,0.2,1.46,1.28
1.3599999999999999,0.12,1.4857,0.0040208,0.50055,0.25862,-0.42857,1.8,0.2326,35.0,0.12,1.4857,14.857000000000001,2.3717570520874727,,,,Sand mixtures,,,Silty clay / clayey silt 1,1,0.02,0.2,1.46,1.28
1.3399999999999999,0.14,1.6872,0.0043022,0.48535,0.25862,-0.41071,1.75,0.21693,36.0,0.14,1.6872,16.872,2.3107992826759682,,,,Sand mixtures,,,Silty clay / clayey silt 1,1,0.02,0.2,1.46,1.28
1.32,0.16,2.0332,0.0042242,0.50055,0.25862,-0.42857,1.75,0.18149,37.0,0.16,2.0332,20.331999999999997,2.21421886553525,,,,Sand mixtures,,,Silty clay / clayey silt 1,1,0.02,0.2,1.46,1.28
1.3,0.18,2.3542,0.0041696,0.49475,0.27586,-0.41071,1.8,0.15346,38.0,0.17999,2.3542,23.542,2.137075900116823,,,,Sand mixtures,,,Silty clay / clayey silt 1,1,0.02,0.2,1.46,1.28
1.28,0.2,2.7051,0.004195,0.51478,0.31034,-0.41071,1.75,0.13324,39.0,0.19999,2.7051,27.051,2.0667534510550287,,,,Sand mixtures,,,Sand 1,1,0.2,2.52,1.28,-1.04
1.26,0.22,3.0644,0.0040268,0.53942,0.32759,-0.42857,1.75,0.11162,41.0,0.21999,3.0644,30.644000000000002,2.0016421127375628,,,,Sand,,,Sand 1,1,0.2,2.52,1.28,-1.04
1.24,0.24,3.9531,0.0040086,0.56829,0.18966,-0.53571,1.65,0.098401,54.0,0.23999,3.9531,39.531,1.8851341582783596,,,,Sand,,,Sand 1,1,0.2,2.52,1.28,-1.04
1.22,0.26,4.4534,0.0041038,0.60773,0.2069,-0.57143,2.2,0.090345,55.0,0.25999,4.4534,44.534000000000006,1.8297830927279253,,,,Sand,,,Sand 1,1,0.2,2.52,1.28,-1.04
1.2,0.28,4.936,0.0041663,0.62455,0.2069,-0.58929,2.2,0.083182,56.0,0.27999,4.936,49.36,1.782134696129452,,,,Sand,,,Sand 1,1,0.2,2.52,1.28,-1.04
1.18,0.3,5.3624,0.0042734,0.60208,0.18966,-0.57143,2.2,0.078224,57.0,0.29999,5.3624,53.623999999999995,1.7443268995545926,,,,Sand,,,Sand 1,1,0.2,2.52,1.28,-1.04
1.16,0.32,5.7614,0.004104,0.56829,0.18966,-0.53571,2.2,0.070405,58.0,0.31999,5.7614,57.614,1.7108081878685195,,,,Sand,,,Sand 1,1,0.2,2.52,1.28,-1.04
1.14,0.34,6.1034,0.004297,0.63047,0.22414,-0.58929,2.15,0.06981,59.0,0.33999,6.1034,61.034,1.6856404459571372,,,,Sand,,,Sand 1,1,0.2,2.52,1.28,-1.04
1.12,0.36,6.4357,0.0049217,0.61381,0.22414,-0.57143,2.2,0.076491,60.0,0.35999,6.4357,64.357,1.6646318052531068,,,,Sand,,,Sand 1,1,0.2,2.52,1.28,-1.04
1.1,0.38,6.6989,0.0057658,0.64834,0.17241,-0.625,2.2,0.086521,60.0,0.37998,6.6989,66.98899999999999,1.6514877185454129,,,,Sand,,,Sand 1,1,0.2,2.52,1.28,-1.04
1.08,0.4,6.8812,0.0054384,0.63607,0.18966,-0.60714,2.2,0.079353,61.0,0.39998,6.8812,68.812,1.6367087773313644,,,,Sand,,,Sand 1,1,0.2,2.52,1.28,-1.04
1.06,0.42,7.0634,0.01047,0.63607,0.18966,-0.60714,2.2,0.14927,62.0,0.41998,7.0634,70.634,1.6681758342239343,,,,Sand,,,Sand 1,1,0.2,2.52,1.28,-1.04
1.04,0.44,7.1677,0.014591,0.68739,0.18966,-0.66071,2.2,0.20554,63.0,0.43998,7.1677,71.67699999999999,1.7002872840227636,,,,Sand,,,Sand 1,1,0.2,2.52,1.28,-1.04
1.02,0.46,7.2011,0.02102,0.62666,0.15517,-0.60714,2.2,0.29223,64.0,0.45998,7.2011,72.01100000000001,1.7523415745103939,,,,Sand,,,Sand 1,1,0.2,2.52,1.28,-1.04
1.0,0.48,7.2759,0.032399,0.67533,0.2069,-0.64286,2.25,0.45027,65.0,0.47998,7.2759,72.759,1.8300227921490617,,,,Sand,,,Sand 1,1,0.2,2.52,1.28,-1.04
0.98,0.5,7.3912,0.036032,0.66132,0.15517,-0.64286,2.4,0.50374,66.0,0.49998,7.3912,73.912,1.8478578170952809,,,,Sand,,,Sand 1,1,0.2,2.52,1.28,-1.04
0.96,0.52,7.1124,0.037095,0.70013,0.17241,-0.67857,2.4,0.52266,67.0,0.51997,7.1124,71.124,1.8703280597471386,,,,Sand,,,Sand 1,1,0.2,2.52,1.28,-1.04
0.94,0.54,7.45,0.039284,0.76588,0.15517,-0.75,2.2,0.55854,68.0,0.53997,7.45,74.5,1.8676987333383273,,,,Sand,,,Sand 1,1,0.2,2.52,1.28,-1.04
0.9199999999999999,0.56,6.9031,0.0408,0.75217,0.17241,-0.73214,2.2,0.58654,69.0,0.55997,6.9031,69.031,1.9070262587698514,,,,Sand,,,Sand 1,1,0.2,2.52,1.28,-1.04
0.9,0.58,6.7227,0.037633,0.73094,0.15517,-0.71429,2.3,0.54988,69.0,0.57997,6.7227,67.227,1.9025711761607869,,,,Sand,,,Sand 1,1,0.2,2.52,1.28,-1.04
0.88,0.6,6.7219,0.034527,0.7135,0.15517,-0.69643,2.35,0.51201,70.0,0.59997,6.7219,67.219,1.8871647516091334,,,,Sand,,,Sand 1,1,0.2,2.52,1.28,-1.04
0.86,0.62,6.6897,0.028824,0.7135,0.15517,-0.69643,2.4,0.43787,71.0,0.61997,6.6897,66.89699999999999,1.856502855035299,,,,Sand,,,Sand 1,1,0.2,2.52,1.28,-1.04
0.84,0.64,6.6568,0.021136,0.72441,0.12069,-0.71429,2.4,0.32655,72.0,0.63996,6.6568,66.568,1.8028911859843089,,,,Sand,,,Sand 1,1,0.2,2.52,1.28,-1.04
0.82,0.66,6.4949,0.02005,0.76081,0.2069,-0.73214,2.35,0.31487,73.0,0.65996,6.4949,64.94900000000001,1.80631629638554,,,,Sand,,,Sand 1,1,0.2,2.52,1.28,-1.04
0.7999999999999999,0.68,6.3086,0.018989,0.73094,0.15517,-0.71429,2.4,0.30379,74.0,0.67996,6.3086,63.086000000000006,1.8118314763516268,,,,Sand,,,Sand 1,1,0.2,2.52,1.28,-1.04
0.78,0.7,6.1656,0.018354,0.76081,0.2069,-0.73214,2.35,0.29968,74.0,0.69996,6.1656,61.656000000000006,1.8187399134382953,,,,Sand,,,Sand 1,1,0.2,2.52,1.28,-1.04
0.76,0.72,6.0206,0.017811,0.69608,0.15517,-0.67857,2.4,0.29718,75.0,0.71996,6.0206,60.206,1.8269082704790902,,,,Sand,,,Sand 1,1,0.2,2.52,1.28,-1.04
0.74,0.74,5.885,0.016894,0.69245,0.13793,-0.67857,2.3,0.28785,76.0,0.73996,5.885,58.85,1.8308819866367163,,,,Sand,,,Sand 1,1,0.2,2.52,1.28,-1.04
0.72,0.76,5.7838,0.016071,0.69245,0.13793,-0.67857,2.3,0.27946,77.0,0.75996,5.7838,57.838,1.8331714071298615,,,,Sand,,,Sand 1,1,0.2,2.52,1.28,-1.04
0.7,0.78,5.6801,0.015341,0.66557,0.17241,-0.64286,2.3,0.27227,78.0,0.77995,5.6801,56.801,1.836425638104869,,,,Sand,,,Sand 1,1,0.2,2.52,1.28,-1.04
0.6799999999999999,0.8,5.6064,0.014617,0.7135,0.15517,-0.69643,2.35,0.26477,79.0,0.79995,5.6064,56.06399999999999,1.8374462599894807,,,,Sand,,,Sand 1,1,0.2,2.52,1.28,-1.04
0.66,0.82,5.5028,0.01392,0.7484,0.15517,-0.73214,2.35,0.25701,80.0,0.81995,5.5028,55.02799999999999,1.8405753637105249,,,,Sand,,,Sand 1,1,0.2,2.52,1.28,-1.04
0.64,0.84,5.3629,0.012615,0.69245,0.13793,-0.67857,2.3,0.23722,80.0,0.83995,5.3629,53.629,1.8395364850722096,,,,Sand,,,Sand 1,1,0.2,2.52,1.28,-1.04
0.62,0.86,5.2355,0.012393,0.7348,0.17241,-0.71429,2.3,0.23693,81.0,0.85995,5.2355,52.355,1.8492486368276186,,,,Sand,,,Sand 1,1,0.2,2.52,1.28,-1.04
0.6,0.88,5.1088,0.012199,0.73094,0.15517,-0.71429,2.3,0.23669,82.0,0.87995,5.1088,51.087999999999994,1.8591853212960467,,,,Sand,,,Sand 1,1,0.2,2.52,1.28,-1.04
0.58,0.9,5.049,0.012516,0.73094,0.15517,-0.71429,2.4,0.24559,83.0,0.89994,5.049,50.49,1.869203128351223,,,,Sand,,,Sand 1,1,0.2,2.52,1.28,-1.04
0.5599999999999999,0.92,4.9974,0.013199,0.76956,0.17241,-0.75,2.35,0.26099,84.0,0.91994,4.9974,49.974,1.8821895142727703,,,,Sand,,,Sand 1,1,0.2,2.52,1.28,-1.04
0.54,0.94,4.9819,0.0137,0.70941,0.2069,-0.67857,2.35,0.2721,85.0,0.93994,4.9819,49.819,1.8896555053072057,,,,Sand,,,Sand 1,1,0.2,2.52,1.28,-1.04
0.52,0.96,4.9941,0.0143,0.71745,0.17241,-0.69643,2.3,0.28264,86.0,0.95994,4.9941,49.941,1.8944440739778823,,,,Sand,,,Sand 1,1,0.2,2.52,1.28,-1.04
0.5,0.98,5.0419,0.014788,0.79524,0.2069,-0.76786,2.35,0.29037,87.0,0.97994,5.0419,50.419,1.8947681254745006,,,,Sand,,,Sand 1,1,0.2,2.52,1.28,-1.04
0.48,1.0,5.0497,0.014131,0.74202,0.12069,-0.73214,2.3,0.27495,87.0,0.99994,5.0497,50.497,1.885726913325855,,,,Sand,,,Sand 1,1,0.2,2.52,1.28,-1.04
0.45999999999999996,1.02,5.0566,0.014003,0.7736,0.18966,-0.75,2.35,0.26965,88.0,1.0199,5.0566,50.566,1.8822318232162807,,,,Sand,,,Sand 1,1,0.2,2.52,1.28,-1.04
0.43999999999999995,1.04,5.305,0.014,0.78697,0.17241,-0.76786,2.35,0.26672,89.0,1.0399,5.305,53.05,1.861051022860692,,,,Sand,,,Sand 1,1,0.2,2.52,1.28,-1.04
0.41999999999999993,1.06,5.3159,0.0139,0.79524,0.2069,-0.76786,2.35,0.26212,90.0,1.0599,5.3159,53.159,1.8576045717426177,,,,Sand,,,Sand 1,1,0.2,2.52,1.28,-1.04
0.3999999999999999,1.08,5.3697,0.013901,0.7736,0.18966,-0.75,2.35,0.25932,91.0,1.0799,5.3697,53.696999999999996,1.8518968693153883,,,,Sand,,,Sand 1,1,0.2,2.52,1.28,-1.04
0.3799999999999999,1.1,5.413,0.013724,0.79524,0.2069,-0.76786,2.4,0.25323,91.0,1.0999,5.413,54.13,1.8451066728660357,,,,Sand,,,Sand 1,1,0.2,2.52,1.28,-1.04
0.3599999999999999,1.12,5.4404,0.0121,0.76081,0.2069,-0.73214,2.35,0.22195,92.0,1.1199,5.4404,54.404,1.8244674031860582,,,,Sand,,,Sand 1,1,0.2,2.52,1.28,-1.04
0.3400000000000001,1.14,5.4732,0.0117,0.7563,0.18966,-0.73214,2.35,0.21507,93.0,1.1399,5.4732,54.732000000000006,1.8177823318121384,,,,Sand,,,Sand 1,1,0.2,2.52,1.28,-1.04
0.32000000000000006,1.16,5.5103,0.0118,0.79989,0.22414,-0.76786,2.35,0.21798,94.0,1.1599,5.5103,55.103,1.8167730155354025,,,,Sand,,,Sand 1,1,0.2,2.52,1.28,-1.04
0.30000000000000004,1.18,5.5288,0.0118,0.79524,0.2069,-0.76786,2.35,0.21994,95.0,1.1799,5.5288,55.288000000000004,1.8165874912874764,,,,Sand,,,Sand 1,1,0.2,2.52,1.28,-1.04
0.28,1.2,5.5626,0.0119,0.78788,0.24138,-0.75,2.3,0.22458,96.0,1.1999,5.5626,55.626,1.8169016117705512,,,,Sand,,,Sand 1,1,0.2,2.52,1.28,-1.04
0.26,1.22,5.2232,0.012278,0.76081,0.2069,-0.73214,2.3,0.23531,100.0,1.2199,5.2232,52.232000000000006,1.8492604755930258,,,,Sand,,,Sand 1,1,0.2,2.52,1.28,-1.04
0.24,1.24,5.1554,0.012446,0.79333,0.25862,-0.75,2.35,0.2432,101.0,1.2399,5.1554,51.554,1.8592561508944212,,,,Sand,,,Sand 1,1,0.2,2.52,1.28,-1.04
0.21999999999999997,1.26,5.0278,0.012974,0.78277,0.22414,-0.75,2.3,0.25923,102.0,1.2599,5.0278,50.278,1.8787178633230526,,,,Sand,,,Sand 1,1,0.2,2.52,1.28,-1.04
0.19999999999999996,1.28,4.9087,0.012998,0.78788,0.24138,-0.75,2.35,0.26628,103.0,1.2799,4.9087,49.086999999999996,1.892464549083651,,,,Sand,,,Sand 1,1,0.2,2.52,1.28,-1.04
0.17999999999999994,1.3,4.8257,0.01357,0.8044,0.17241,-0.78571,2.3,0.28272,104.0,1.2999,4.8257,48.257000000000005,1.9084250902555107,,,,Sand,,,Sand 1,1,0.2,2.52,1.28,-1.04
0.15999999999999992,1.32,4.7069,0.014277,0.80827,0.18966,-0.78571,2.3,0.30231,105.0,1.3199,4.7069,47.068999999999996,1.928936314531864,,,,Sand,,,Sand 1,1,0.2,2.52,1.28,-1.04
0.1399999999999999,1.34,4.6286,0.013936,0.79093,0.18966,-0.76786,2.3,0.29895,106.0,1.3399,4.6286,46.285999999999994,1.9339750038656593,,,,Sand,,,Sand 1,1,0.2,2.52,1.28,-1.04
0.11999999999999988,1.36,4.5742,0.0121,0.73903,0.18966,-0.71429,2.35,0.26187,107.0,1.3599,4.5742,45.742,1.9188831856038362,,,,Sand,,,Sand 1,1,0.2,2.52,1.28,-1.04
0.10000000000000009,1.38,4.5697,0.0102,0.81705,0.22414,-0.78571,2.3,0.22229,107.0,1.3799,4.5697,45.696999999999996,1.8968143763698577,,,,Sand,,,Sand 1,1,0.2,2.52,1.28,-1.04
0.08000000000000007,1.4,4.539,0.0097,0.74364,0.2069,-0.71429,2.35,0.21225,108.0,1.3999,4.539,45.39,1.8937148108333413,,,,Sand,,,Sand 1,1,0.2,2.52,1.28,-1.04
0.06000000000000005,1.42,4.5398,0.0093,0.79989,0.22414,-0.76786,2.3,0.20395,109.0,1.4199,4.5398,45.397999999999996,1.8887115216006427,,,,Sand,,,Sand 1,1,0.2,2.52,1.28,-1.04
0.040000000000000036,1.44,4.5809,0.0088135,0.79093,0.18966,-0.76786,2.35,0.19357,110.0,1.4399,4.5809,45.809,1.8787080071193036,,,,Sand,,,Sand 1,1,0.2,2.52,1.28,-1.04
0.020000000000000018,1.46,4.5697,0.008481,0.76081,0.2069,-0.73214,1.35,0.18689,120.0,1.4599,4.5697,45.696999999999996,1.875676793700981,,,,Sand,,,Sand 1,1,0.2,2.52,1.28,-1.04
0.0,1.48,4.5585,0.0087887,0.75217,0.17241,-0.73214,2.25,0.19467,121.0,1.4799,4.5585,45.585,1.8814227054348571,,,,Sand,,,Sand 1,1,0.2,2.52,1.28,-1.04
-0.020000000000000018,1.5,4.5473,0.0087305,0.78277,0.22414,-0.75,2.3,0.19479,122.0,1.4999,4.5473,45.473,1.8825236167549515,,,,Sand,,,Sand 1,1,0.2,2.52,1.28,-1.04
-0.040000000000000036,1.52,4.52,0.0091718,0.82186,0.17241,-0.80357,2.35,0.20686,123.0,1.5199,4.52,45.2,1.8922663224956036,,,,Sand,,,Sand 1,1,0.2,2.52,1.28,-1.04
-0.06000000000000005,1.54,4.449,0.0091888,0.81249,0.2069,-0.78571,2.35,0.20977,124.0,1.5399,4.449,44.49,1.9005824765421353,,,,Sand,,,Sand 1,1,0.2,2.52,1.28,-1.04
-0.08000000000000007,1.56,4.3521,0.0093,0.76568,0.22414,-0.73214,2.3,0.21509,125.0,1.5599,4.3521,43.521,1.91286511581717,,,,Sand,,,Sand 1,1,0.2,2.52,1.28,-1.04
-0.10000000000000009,1.58,4.2783,0.0093,0.73903,0.18966,-0.71429,2.35,0.21757,125.0,1.5799,4.2783,42.783,1.9214161783950843,,,,Sand,,,Sand 1,1,0.2,2.52,1.28,-1.04
-0.1200000000000001,1.6,4.1959,0.0094299,0.76081,0.2069,-0.73214,2.35,0.22351,126.0,1.5999,4.1959,41.958999999999996,1.932913353036839,,,,Sand,,,Sand 1,1,0.2,2.52,1.28,-1.04
-0.14000000000000012,1.62,4.1426,0.0092597,0.81249,0.2069,-0.78571,2.3,0.22201,127.0,1.6199,4.1426,41.425999999999995,1.9373629458337631,,,,Sand,,,Sand 1,1,0.2,2.52,1.28,-1.04
-0.15999999999999992,1.64,4.1052,0.0096024,0.79093,0.18966,-0.76786,2.3,0.23224,128.0,1.6399,4.1052,41.052,1.946928257831095,,,,Sand,,,Sand 1,1,0.2,2.52,1.28,-1.04
-0.17999999999999994,1.66,4.1533,0.0099524,0.74364,0.2069,-0.71429,2.35,0.24241,129.0,1.6599,4.1533,41.533,1.9478009931705347,,,,Sand,,,Sand 1,1,0.2,2.52,1.28,-1.04
-0.19999999999999996,1.68,4.0755,0.010792,0.74364,0.2069,-0.71429,2.3,0.26426,130.0,1.6799,4.0755,40.755,1.9675191109794448,,,,Sand,,,Sand 1,1,0.2,2.52,1.28,-1.04
-0.21999999999999997,1.7,4.0634,0.010798,0.76081,0.2069,-0.73214,2.35,0.26569,131.0,1.6999,4.0634,40.63399999999999,1.9695053742172977,,,,Sand,,,Sand 1,1,0.2,2.52,1.28,-1.04
-0.24,1.72,4.063,0.010885,0.78277,0.22414,-0.75,2.35,0.26938,132.0,1.7199,4.063,40.629999999999995,1.9715136919125602,,,,Sand,,,Sand 1,1,0.2,2.52,1.28,-1.04
-0.26,1.74,4.0457,0.011052,0.74364,0.2069,-0.71429,2.3,0.27616,132.0,1.7399,4.0457,40.457,1.9768475243029398,,,,Sand,,,Sand 1,1,0.2,2.52,1.28,-1.04
-0.28,1.76,4.0227,0.011,0.76081,0.2069,-0.73214,2.35,0.27733,133.0,1.7599,4.0227,40.227000000000004,1.979795252107657,,,,Sand,,,Sand 1,1,0.2,2.52,1.28,-1.04
-0.30000000000000004,1.78,3.9832,0.011,0.77801,0.2069,-0.75,2.3,0.28025,134.0,1.7799,3.9832,39.832,1.9853586846535418,,,,Sand,,,Sand 1,1,0.2,2.52,1.28,-1.04
-0.32000000000000006,1.8,3.9193,0.0109,0.7316,0.22414,-0.69643,2.3,0.2811,135.0,1.7999,3.9193,39.193,1.9924159046425005,,,,Sand,,,Sand 1,1,0.2,2.52,1.28,-1.04
-0.3400000000000001,1.82,3.8439,0.0114,0.75217,0.17241,-0.73214,2.3,0.29774,136.0,1.8199,3.8439,38.439,2.0088539879813787,,,,Sand,,,Sand 1,1,0.2,2.52,1.28,-1.04
-0.3600000000000001,1.84,3.79,0.0119,0.76081,0.2069,-0.73214,2.3,0.31514,137.0,1.8399,3.79,37.9,2.0232382365080093,,,,Sand,,,Sand 1,1,0.2,2.52,1.28,-1.04
-0.3800000000000001,1.86,3.7332,0.0141,0.76081,0.2069,-0.73214,2.35,0.37759,138.0,1.8599,3.7332,37.332,2.058479343205107,,,,Sand mixtures,,,Sand 1,1,0.2,2.52,1.28,-1.04
-0.3999999999999999,1.88,3.683,0.016324,0.77647,0.25862,-0.73214,2.3,0.44361,139.0,1.8799,3.683,36.83,2.0919223688609554,,,,Sand mixtures,,,Sand 1,1,0.2,2.52,1.28,-1.04
-0.41999999999999993,1.9,3.6553,0.0176,0.79989,0.22414,-0.76786,2.3,0.48198,139.0,1.8999,3.6553,36.553000000000004,2.110072034141307,,,,Sand mixtures,,,Sand 1,1,0.2,2.52,1.28,-1.04
-0.43999999999999995,1.92,3.6013,0.0189,0.7563,0.18966,-0.73214,2.3,0.51452,140.0,1.9199,3.6013,36.013000000000005,2.128179545616976,,,,Sand mixtures,,,Sand 1,1,0.2,2.52,1.28,-1.04
-0.45999999999999996,1.94,3.6479,0.0202,0.7736,0.18966,-0.75,2.3,0.54484,141.0,1.9398,3.6479,36.479,2.1341861615713738,,,,Sand mixtures,,,Sand 1,1,0.2,2.52,1.28,-1.04
-0.48,1.96,3.4828,0.02264,0.79911,0.27586,-0.75,2.35,0.61512,142.0,1.9598,3.4828,34.828,2.1761111060275984,,,,Sand mixtures,,,Sand 1,1,0.2,2.52,1.28,-1.04
-0.5,1.98,3.6197,0.020451,0.79315,0.34483,-0.71429,2.3,0.562,143.0,1.9798,3.6197,36.196999999999996,2.1432594422139903,,,,Sand mixtures,,,Sand 1,1,0.2,2.52,1.28,-1.04
-0.52,2.0,3.9635,0.017269,0.8328,0.36207,-0.75,2.3,0.47958,144.0,1.9998,3.9635,39.635,2.077411706998782,,,,Sand mixtures,,,Sand 1,1,0.2,2.52,1.28,-1.04
-0.54,2.02,4.0066,0.014488,0.80079,0.36207,-0.71429,2.35,0.40782,145.0,2.0198,4.0066,40.066,2.043576149572957,,,,Sand,,,Sand 1,1,0.2,2.52,1.28,-1.04
-0.56,2.04,3.4677,0.013065,0.86511,0.36207,-0.78571,2.35,0.37116,145.0,2.0398,3.4677,34.677,2.085220989591585,,,,Sand mixtures,,,Sand 1,1,0.2,2.52,1.28,-1.04
-0.5800000000000001,2.06,3.3217,0.012008,0.82546,0.34483,-0.75,2.3,0.34619,146.0,2.0598,3.3217,33.217,2.091352386318324,,,,Sand mixtures,,,Sand 1,1,0.2,2.52,1.28,-1.04
-0.6000000000000001,2.08,3.2967,0.012043,0.82546,0.34483,-0.75,2.35,0.35626,147.0,2.0798,3.2967,32.967,2.0989564834458423,,,,Sand mixtures,,,Sand 1,1,0.2,2.52,1.28,-1.04
-0.6200000000000001,2.1,3.2607,0.011026,0.8348,0.32759,-0.76786,2.3,0.33641,148.0,2.0998,3.2607,32.607,2.094384302024539,,,,Sand mixtures,,,Sand 1,1,0.2,2.52,1.28,-1.04
-0.6400000000000001,2.12,3.2238,0.008101,0.82546,0.34483,-0.75,2.35,0.2502,149.0,2.1198,3.2238,32.238,2.0567641912869092,,,,Sand mixtures,,,Sand 1,1,0.2,2.52,1.28,-1.04
-0.6600000000000001,2.14,3.2088,0.0076382,0.82455,0.37931,-0.73214,2.35,0.23774,150.0,2.1398,3.2088,32.088,2.052142318328334,,,,Sand mixtures,,,Sand 1,1,0.2,2.52,1.28,-1.04
-0.6800000000000002,2.16,3.2583,0.0075,0.82819,0.31034,-0.76786,2.35,0.23519,150.0,2.1598,3.2583,32.583,2.0444217316722755,,,,Sand,,,Sand 1,1,0.2,2.52,1.28,-1.04
-0.7000000000000002,2.18,3.1842,0.0074,0.81166,0.31034,-0.75,2.35,0.23363,151.0,2.1798,3.1842,31.842000000000002,2.053156982270005,,,,Sand mixtures,,,Sand 1,1,0.2,2.52,1.28,-1.04
-0.7200000000000002,2.2,3.1482,0.0072189,0.82819,0.31034,-0.76786,2.3,0.22935,152.0,2.1998,3.1482,31.482000000000003,2.0556062433016433,,,,Sand mixtures,,,Sand 1,1,0.2,2.52,1.28,-1.04
-0.7400000000000002,2.22,3.1216,0.0073944,0.81841,0.32759,-0.75,2.3,0.23653,153.0,2.2198,3.1216,31.215999999999998,2.062955670518511,,,,Sand mixtures,,,Sand 1,1,0.2,2.52,1.28,-1.04
-0.7600000000000002,2.24,3.1058,0.0074704,0.84477,0.31034,-0.78571,2.3,0.24133,154.0,2.2398,3.1058,31.057999999999996,2.0675923474941063,,,,Sand mixtures,,,Sand 1,1,0.2,2.52,1.28,-1.04
-0.7799999999999998,2.26,3.0884,0.0071275,0.82188,0.2931,-0.76786,2.35,0.23201,155.0,2.2598,3.0884,30.884,2.0650117041169356,,,,Sand mixtures,,,Sand 1,1,0.2,2.52,1.28,-1.04
-0.7999999999999998,2.28,3.065,0.0069061,0.84477,0.31034,-0.78571,2.35,0.22627,156.0,2.2798,3.065,30.65,2.065125712334436,,,,Sand mixtures,,,Sand 1,1,0.2,2.52,1.28,-1.04
-0.8199999999999998,2.3,3.0379,0.0068831,0.8614,0.31034,-0.80357,2.35,0.22664,156.0,2.2998,3.0379,30.379,2.0690278769805706,,,,Sand mixtures,,,Sand 1,1,0.2,2.52,1.28,-1.04
-0.8399999999999999,2.32,3.0128,0.0073834,0.82188,0.2931,-0.76786,2.35,0.2437,157.0,2.3198,3.0128,30.127999999999997,2.081459317147888,,,,Sand mixtures,,,Sand 1,1,0.2,2.52,1.28,-1.04
-0.8599999999999999,2.34,2.9963,0.0065,0.86776,0.32759,-0.80357,2.35,0.21453,158.0,2.3398,2.9963,29.963,2.068294282555539,,,,Sand mixtures,,,Sand 1,1,0.2,2.52,1.28,-1.04
-0.8799999999999999,2.36,2.9889,0.0056,0.82188,0.2931,-0.76786,2.35,0.18455,159.0,2.3598,2.9889,29.889,2.0528740108360957,,,,Sand mixtures,,,Sand 1,1,0.2,2.52,1.28,-1.04
-0.8999999999999999,2.38,3.0013,0.0047129,0.87808,0.31034,-0.82143,2.35,0.15425,160.0,2.3798,3.0013,30.013,2.0340756097433887,,,,Sand,,,Sand 1,1,0.2,2.52,1.28,-1.04
-0.9199999999999999,2.4,3.0472,0.0049562,0.83859,0.2931,-0.78571,2.35,0.16052,161.0,2.3998,3.0472,30.472,2.0311731724476596,,,,Sand,,,Sand 1,1,0.2,2.52,1.28,-1.04
-0.94,2.42,3.0899,0.0050087,0.87214,0.2931,-0.82143,2.3,0.16047,162.0,2.4198,3.0899,30.899,2.02523579181936,,,,Sand,,,Sand 1,1,0.2,2.52,1.28,-1.04
-0.96,2.44,3.1012,0.0053469,0.84415,0.25862,-0.80357,2.25,0.16973,172.0,2.4398,3.1012,31.011999999999997,2.0289473227272956,,,,Sand,,,Sand 1,1,0.2,2.52,1.28,-1.04
-0.98,2.46,3.2055,0.0054712,0.85615,0.24138,-0.82143,2.3,0.1729,173.0,2.4598,3.2055,32.055,2.0167502666659165,,,,Sand,,,Sand 1,1,0.2,2.52,1.28,-1.04
-1.0,2.48,3.27,0.0054578,0.81705,0.22414,-0.78571,2.35,0.17269,174.0,2.4798,3.27,32.7,2.008204863608994,,,,Sand,,,Sand 1,1,0.2,2.52,1.28,-1.04
-1.02,2.5,3.2665,0.0064463,0.79093,0.18966,-0.76786,2.3,0.2052,175.0,2.4998,3.2665,32.665,2.0270237713799197,,,,Sand,,,Sand 1,1,0.2,2.52,1.28,-1.04
-1.04,2.52,3.2202,0.0065127,0.79093,0.18966,-0.76786,2.3,0.2091,175.0,2.5198,3.2202,32.202000000000005,2.035162452507346,,,,Sand,,,Sand mixtures 1,1,2.52,2.94,-1.04,-1.46
-1.06,2.54,3.1144,0.0067295,0.79989,0.22414,-0.76786,2.3,0.21912,176.0,2.5398,3.1144,31.143999999999995,2.054607779116567,,,,Sand mixtures,,,Sand mixtures 1,1,2.52,2.94,-1.04,-1.46
-1.08,2.56,3.0163,0.0069431,0.80827,0.18966,-0.78571,2.35,0.23006,177.0,2.5598,3.0163,30.163,2.0738203186438944,,,,Sand mixtures,,,Sand mixtures 1,1,2.52,2.94,-1.04,-1.46
-1.1,2.58,2.9376,0.0071731,0.7736,0.18966,-0.75,2.3,0.24185,178.0,2.5798,2.9376,29.376000000000005,2.0910048484322297,,,,Sand mixtures,,,Sand mixtures 1,1,2.52,2.94,-1.04,-1.46
-1.12,2.6,2.8868,0.0075029,0.80827,0.18966,-0.78571,2.3,0.25678,179.0,2.5998,2.8868,28.868000000000002,2.105889918976868,,,,Sand mixtures,,,Sand mixtures 1,1,2.52,2.94,-1.04,-1.46
-1.1400000000000001,2.62,2.8571,0.0077235,0.82977,0.2069,-0.80357,2.3,0.26737,180.0,2.6198,2.8571,28.570999999999998,2.1154789396214784,,,,Sand mixtures,,,Sand mixtures 1,1,2.52,2.94,-1.04,-1.46
-1.1600000000000001,2.64,2.8444,0.0078397,0.76568,0.22414,-0.73214,2.3,0.27423,181.0,2.6398,2.8444,28.443999999999996,2.1207095331918944,,,,Sand mixtures,,,Sand mixtures 1,1,2.52,2.94,-1.04,-1.46
-1.1800000000000002,2.66,2.8511,0.0082796,0.84708,0.2069,-0.82143,2.35,0.29256,181.0,2.6598,2.8511,28.511000000000003,2.1286300242621023,,,,Sand mixtures,,,Sand mixtures 1,1,2.52,2.94,-1.04,-1.46
-1.2000000000000002,2.68,2.8682,0.0083015,0.81249,0.2069,-0.78571,2.3,0.29581,182.0,2.6798,2.8682,28.682,2.127725208097818,,,,Sand mixtures,,,Sand mixtures 1,1,2.52,2.94,-1.04,-1.46
-1.2200000000000002,2.7,2.8482,0.0082768,0.84415,0.25862,-0.80357,2.35,0.29665,183.0,2.6998,2.8482,28.482,2.1309993865374213,,,,Sand mixtures,,,Sand mixtures 1,1,2.52,2.94,-1.04,-1.46
-1.2400000000000002,2.72,2.7768,0.0082089,0.79093,0.18966,-0.76786,2.3,0.29502,184.0,2.7198,2.7768,27.768,2.1406579643966985,,,,Sand mixtures,,,Sand mixtures 1,1,2.52,2.94,-1.04,-1.46
-1.2600000000000002,2.74,2.708,0.0083906,0.82564,0.18966,-0.80357,2.3,0.30229,185.0,2.7398,2.708,27.08,2.154389462231832,,,,Sand mixtures,,,Sand mixtures 1,1,2.52,2.94,-1.04,-1.46
-1.2799999999999998,2.76,2.6968,0.0085771,0.86869,0.22414,-0.83929,2.3,0.31054,186.0,2.7598,2.6968,26.968000000000004,2.159918810110173,,,,Sand mixtures,,,Sand mixtures 1,1,2.52,2.94,-1.04,-1.46
-1.2999999999999998,2.78,2.7271,0.0083,0.82977,0.2069,-0.80357,2.3,0.30203,187.0,2.7798,2.7271,27.271,2.1513814821597226,,,,Sand mixtures,,,Sand mixtures 1,1,2.52,2.94,-1.04,-1.46
-1.3199999999999998,2.8,2.7841,0.008,0.83293,0.13793,-0.82143,2.3,0.2915,188.0,2.7998,2.7841,27.840999999999998,2.137903527559163,,,,Sand mixtures,,,Sand mixtures 1,1,2.52,2.94,-1.04,-1.46
-1.3399999999999999,2.82,2.7962,0.0077153,0.82564,0.18966,-0.80357,2.3,0.28,188.0,2.8198,2.7962,27.962,2.1305811322407804,,,,Sand mixtures,,,Sand mixtures 1,1,2.52,2.94,-1.04,-1.46
-1.3599999999999999,2.84,2.759,0.0077621,0.80827,0.18966,-0.78571,2.35,0.27845,189.0,2.8398,2.759,27.59,2.1353541932346976,,,,Sand mixtures,,,Sand mixtures 1,1,2.52,2.94,-1.04,-1.46
-1.38,2.86,2.7365,0.007918,0.85681,0.17241,-0.83929,2.3,0.27693,190.0,2.8598,2.7365,27.365,2.1379963407025526,,,,Sand mixtures,,,Sand mixtures 1,1,2.52,2.94,-1.04,-1.46
-1.4,2.88,2.7477,0.0085625,0.82564,0.18966,-0.80357,2.3,0.28509,191.0,2.8798,2.7477,27.476999999999997,2.1402537997259596,,,,Sand mixtures,,,Sand mixtures 1,1,2.52,2.94,-1.04,-1.46
-1.42,2.9,2.7963,0.0087116,0.84303,0.18966,-0.82143,2.3,0.26768,192.0,2.8997,2.7963,27.963,2.1245281014654447,,,,Sand mixtures,,,Sand mixtures 1,1,2.52,2.94,-1.04,-1.46
-1.44,2.92,2.9541,0.010045,0.82564,0.18966,-0.80357,2.3,0.27854,193.0,2.9197,2.9541,29.541,2.1072197067808363,,,,Sand mixtures,,,Sand mixtures 1,1,2.52,2.94,-1.04,-1.46
-1.46,2.94,3.3,0.011025,0.83932,0.17241,-0.82143,2.3,0.27377,194.0,2.9397,3.3,33.0,2.0592362677642373,,,,Sand mixtures,,,Sand 2,2,2.94,20.76,-1.46,-19.28
-1.48,2.96,3.9373,0.012268,0.87787,0.18966,-0.85714,2.3,0.27271,195.0,2.9597,3.9373,39.373000000000005,1.9861582321864328,,,,Sand,,,Sand 2,2,2.94,20.76,-1.46,-19.28
-1.5,2.98,4.8051,0.012588,0.89912,0.2069,-0.875,2.25,0.25086,195.0,2.9797,4.8051,48.051,1.8925388977055715,,,,Sand,,,Sand 2,2,2.94,20.76,-1.46,-19.28
-1.52,3.0,5.575,0.014321,0.91277,0.18966,-0.89286,2.3,0.25768,196.0,2.9997,5.575,55.75,1.835645555953435,,,,Sand,,,Sand 2,2,2.94,20.76,-1.46,-19.28
-1.54,3.02,6.1005,0.016543,0.8644,0.2069,-0.83929,2.25,0.2716,197.0,3.0197,6.1005,61.005,1.8071020358208298,,,,Sand,,,Sand 2,2,2.94,20.76,-1.46,-19.28
-1.56,3.04,6.5207,0.019053,0.8858,0.13793,-0.875,2.3,0.28944,198.0,3.0397,6.5207,65.207,1.7904981671453881,,,,Sand,,,Sand 2,2,2.94,20.76,-1.46,-19.28
-1.58,3.06,6.9517,0.021204,0.88109,0.10345,-0.875,2.3,0.30257,199.0,3.0597,6.9517,69.517,1.7723556455685034,,,,Sand,,,Sand 2,2,2.94,20.76,-1.46,-19.28
-1.6,3.08,7.2719,0.023517,0.87787,0.18966,-0.85714,2.3,0.31912,200.0,3.0797,7.2719,72.719,1.7637760378736842,,,,Sand,,,Sand 2,2,2.94,20.76,-1.46,-19.28
-1.62,3.1,7.5673,0.026909,0.83595,0.15517,-0.82143,2.3,0.35005,201.0,3.0997,7.5673,75.673,1.7650392850361163,,,,Sand,,,Sand 2,2,2.94,20.76,-1.46,-19.28
-1.6400000000000001,3.12,7.8701,0.029147,0.87107,0.15517,-0.85714,2.3,0.36549,201.0,3.1197,7.8701,78.701,1.7579625189629862,,,,Sand,,,Sand 2,2,2.94,20.76,-1.46,-19.28
-1.6600000000000001,3.14,8.2072,0.031518,0.87107,0.15517,-0.85714,2.3,0.38336,202.0,3.1397,8.2072,82.072,1.7510890979337668,,,,Sand,,,Sand 2,2,2.94,20.76,-1.46,-19.28
-1.6800000000000002,3.16,8.4669,0.033239,0.85351,0.15517,-0.83929,2.25,0.3938,203.0,3.1597,8.4669,84.66900000000001,1.744502341239422,,,,Sand,,,Sand 2,2,2.94,20.76,-1.46,-19.28
-1.7000000000000002,3.18,8.6414,0.03439,0.93025,0.18966,-0.91071,2.3,0.39811,204.0,3.1797,8.6414,86.41400000000002,1.738898892452267,,,,Sand,,,Sand 2,2,2.94,20.76,-1.46,-19.28
-1.7200000000000002,3.2,8.8226,0.035493,0.94444,0.17241,-0.92857,2.3,0.4023,205.0,3.1997,8.8226,88.226,1.7331152627294173,,,,Sand,,,Sand 2,2,2.94,20.76,-1.46,-19.28
-1.7400000000000002,3.22,8.9262,0.036209,0.86044,0.18966,-0.83929,2.3,0.40326,206.0,3.2197,8.9262,89.26199999999999,1.7291514602816842,,,,Sand,,,Sand 2,2,2.94,20.76,-1.46,-19.28
-1.7600000000000002,3.24,9.0233,0.03899,0.89182,0.17241,-0.875,2.3,0.42839,207.0,3.2397,9.0233,90.233,1.737742275529617,,,,Sand,,,Sand 2,2,2.94,20.76,-1.46,-19.28
-1.7799999999999998,3.26,9.1486,0.042418,0.87431,0.17241,-0.85714,2.3,0.46115,208.0,3.2597,9.1486,91.486,1.7484815929918562,,,,Sand,,,Sand 2,2,2.94,20.76,-1.46,-19.28
-1.7999999999999998,3.28,9.3425,0.04479,0.90324,0.22414,-0.875,2.35,0.48358,208.0,3.2797,9.3425,93.425,1.7511921243944046,,,,Sand,,,Sand 2,2,2.94,20.76,-1.46,-19.28
-1.8199999999999998,3.3,9.462,0.0452,0.94773,0.18966,-0.92857,2.3,0.48587,209.0,3.2997,9.462,94.62,1.7475312952644189,,,,Sand,,,Sand 2,2,2.94,20.76,-1.46,-19.28
-1.8399999999999999,3.32,9.4462,0.0456,0.89531,0.18966,-0.875,2.35,0.48962,210.0,3.3197,9.4462,94.46199999999999,1.749885682028245,,,,Sand,,,Sand 2,2,2.94,20.76,-1.46,-19.28
-1.8599999999999999,3.34,9.4153,0.046068,0.86869,0.22414,-0.83929,2.35,0.49591,211.0,3.3397,9.4153,94.153,1.7539882041150467,,,,Sand,,,Sand 2,2,2.94,20.76,-1.46,-19.28
-1.88,3.36,9.3332,0.048454,0.84303,0.18966,-0.82143,2.35,0.52534,212.0,3.3597,9.3332,93.332,1.770405761672892,,,,Sand,,,Sand 2,2,2.94,20.76,-1.46,-19.28
-1.9,3.38,9.2527,0.052537,0.81841,0.15517,-0.80357,2.2,0.57492,213.0,3.3797,9.2527,92.527,1.7946696552988197,,,,Sand,,,Sand 2,2,2.94,20.76,-1.46,-19.28
-1.92,3.4,9.106,0.054357,0.92383,0.15517,-0.91071,2.2,0.6007,224.0,3.3997,9.106,91.06,1.8109246331834692,,,,Sand,,,Sand 2,2,2.94,20.76,-1.46,-19.28
-1.94,3.42,8.9593,0.05704,0.89182,0.17241,-0.875,2.25,0.63639,224.0,3.4197,8.9593,89.59300000000002,1.830710643869217,,,,Sand,,,Sand 2,2,2.94,20.76,-1.46,-19.28
-1.96,3.44,8.8125,0.059297,0.90935,0.17241,-0.89286,2.3,0.66855,225.0,3.4397,8.8125,88.125,1.8486826439176292,,,,Sand,,,Sand 2,2,2.94,20.76,-1.46,-19.28
-1.98,3.46,8.7796,0.060601,0.87787,0.18966,-0.85714,2.25,0.69133,226.0,3.4597,8.7796,87.796,1.8582821514793546,,,,Sand,,,Sand 2,2,2.94,20.76,-1.46,-19.28
-2.0,3.48,8.7333,0.059003,0.87431,0.17241,-0.85714,2.25,0.68132,227.0,3.4797,8.7333,87.333,1.856567846397281,,,,Sand,,,Sand 2,2,2.94,20.76,-1.46,-19.28
-2.02,3.5,8.7277,0.058331,0.83932,0.17241,-0.82143,2.25,0.68153,228.0,3.4997,8.7277,87.277,1.856873175550953,,,,Sand,,,Sand 2,2,2.94,20.76,-1.46,-19.28
-2.04,3.52,8.5846,0.057773,0.85681,0.17241,-0.83929,2.3,0.68165,229.0,3.5197,8.5846,85.846,1.8628332581414948,,,,Sand,,,Sand 2,2,2.94,20.76,-1.46,-19.28
-2.06,3.54,8.4236,0.058083,0.78014,0.13793,-0.76786,2.25,0.68964,230.0,3.5397,8.4236,84.236,1.872476627614618,,,,Sand,,,Sand 2,2,2.94,20.76,-1.46,-19.28
-2.08,3.56,8.2599,0.059018,0.79773,0.13793,-0.78571,2.25,0.70047,231.0,3.5597,8.2599,82.59899999999999,1.8833327311430341,,,,Sand,,,Sand 2,2,2.94,20.76,-1.46,-19.28
-2.1,3.58,8.1487,0.058443,0.86044,0.18966,-0.83929,2.3,0.68743,231.0,3.5797,8.1487,81.487,1.8835970000553204,,,,Sand,,,Sand 2,2,2.94,20.76,-1.46,-19.28
-2.12,3.6,8.1458,0.057124,0.90324,0.22414,-0.875,2.3,0.65993,232.0,3.5997,8.1458,81.458,1.8738312141599134,,,,Sand,,,Sand 2,2,2.94,20.76,-1.46,-19.28
-2.14,3.62,8.3534,0.054168,0.85145,0.22414,-0.82143,2.25,0.60674,233.0,3.6197,8.3534,83.53400000000002,1.8446521570064915,,,,Sand,,,Sand 2,2,2.94,20.76,-1.46,-19.28
-2.16,3.64,8.7607,0.053932,0.85145,0.22414,-0.82143,2.3,0.57802,234.0,3.6397,8.7607,87.60700000000001,1.81586053495212,,,,Sand,,,Sand 2,2,2.94,20.76,-1.46,-19.28
-2.18,3.66,9.3362,0.053228,0.82977,0.2069,-0.80357,2.25,0.53992,235.0,3.6597,9.3362,93.36200000000001,1.776631898877382,,,,Sand,,,Sand 2,2,2.94,20.76,-1.46,-19.28
-2.2,3.68,9.82,0.053636,0.80827,0.18966,-0.78571,2.25,0.5105,236.0,3.6797,9.82,98.2,1.745087550786594,,,,Sand,,,Sand 2,2,2.94,20.76,-1.46,-19.28
-2.22,3.7,10.597,0.05432,0.85615,0.24138,-0.82143,2.25,0.48334,237.0,3.6997,10.597,105.97,1.7044557392172792,,,,Sand,,,Sand 2,2,2.94,20.76,-1.46,-19.28
-2.24,3.72,11.482,0.055761,0.86117,0.25862,-0.82143,2.25,0.46439,237.0,3.7197,11.482,114.82,1.6657165834467784,,,,Sand,,,Sand 2,2,2.94,20.76,-1.46,-19.28
-2.2600000000000002,3.74,12.373,0.057243,0.86869,0.22414,-0.83929,2.2,0.44788,238.0,3.7397,12.373,123.73,1.6298766040663744,,,,Sand,,,Sand 2,2,2.94,20.76,-1.46,-19.28
-2.28,3.76,13.331,0.060074,0.81023,0.25862,-0.76786,2.25,0.44319,239.0,3.7597,13.331,133.31,1.600116378655061,,,,Sand,,,Sand 2,2,2.94,20.76,-1.46,-19.28
-2.3,3.78,14.208,0.064739,0.75396,0.24138,-0.71429,2.25,0.45297,240.0,3.7796,14.208,142.08,1.5821558378920835,,,,Sand,,,Sand 2,2,2.94,20.76,-1.46,-19.28
-2.32,3.8,14.914,0.069358,0.74364,0.2069,-0.71429,2.25,0.46313,241.0,3.7996,14.914,149.14,1.5700757335255373,,,,Sand,,,Sand 2,2,2.94,20.76,-1.46,-19.28
-2.34,3.82,15.523,0.07426,0.76081,0.2069,-0.73214,2.25,0.47607,242.0,3.8196,15.523,155.23,1.5625991682442122,,,,Sand,,,Sand 2,2,2.94,20.76,-1.46,-19.28
-2.36,3.84,16.013,0.079386,0.77801,0.2069,-0.75,2.3,0.49179,243.0,3.8396,16.013,160.13000000000002,1.5597761209449608,,,,Sand,,,Sand 2,2,2.94,20.76,-1.46,-19.28
-2.38,3.86,16.491,0.083184,0.73094,0.15517,-0.71429,2.25,0.50086,244.0,3.8596,16.491,164.91,1.5541133365285462,,,,Sand,,,Sand 2,2,2.94,20.76,-1.46,-19.28
-2.4,3.88,16.955,0.087287,0.7563,0.18966,-0.73214,2.3,0.51303,245.0,3.8796,16.955,169.55,1.5506474521459457,,,,Sand,,,Sand 2,2,2.94,20.76,-1.46,-19.28
-2.42,3.9,17.353,0.089681,0.74502,0.13793,-0.73214,2.25,0.51603,246.0,3.8996,17.353,173.53,1.544124839612413,,,,Sand,,,Sand 2,2,2.94,20.76,-1.46,-19.28
-2.44,3.92,17.68,0.091397,0.7348,0.17241,-0.71429,2.2,0.51582,246.0,3.9196,17.68,176.8,1.5375638111294603,,,,Sand,,,Sand 2,2,2.94,20.76,-1.46,-19.28
-2.46,3.94,17.935,0.092625,0.7563,0.18966,-0.73214,2.25,0.51374,247.0,3.9396,17.935,179.35,1.5315565848303523,,,,Sand,,,Sand 2,2,2.94,20.76,-1.46,-19.28
-2.48,3.96,18.16,0.093312,0.75217,0.17241,-0.73214,2.15,0.50984,248.0,3.9596,18.16,181.6,1.5252455827906333,,,,Sand,,,Sand 2,2,2.94,20.76,-1.46,-19.28
-2.5,3.98,18.446,0.093913,0.71745,0.17241,-0.69643,2.3,0.50657,249.0,3.9796,18.446,184.46,1.5181599535696197,,,,Sand,,,Sand 2,2,2.94,20.76,-1.46,-19.28
-2.52,4.0,18.73,0.094632,0.69769,0.22414,-0.66071,2.25,0.5052,250.0,3.9996,18.73,187.3,1.5121839565395796,,,,Sand,,,Sand 2,2,2.94,20.76,-1.46,-19.28
-2.5399999999999996,4.02,18.976,0.095728,0.71745,0.17241,-0.69643,2.25,0.50694,251.0,4.0196,18.976,189.76,1.5086155054879435,,,,Sand,,,Sand 2,2,2.94,20.76,-1.46,-19.28
-2.56,4.04,19.137,0.09609,0.70457,0.18966,-0.67857,2.3,0.50567,252.0,4.0396,19.137,191.37,1.505049605405229,,,,Sand,,,Sand 2,2,2.94,20.76,-1.46,-19.28
-2.5799999999999996,4.06,19.245,0.096757,0.72651,0.2069,-0.69643,2.25,0.50659,253.0,4.0596,19.245,192.45,1.5036062838949125,,,,Sand,,,Sand 2,2,2.94,20.76,-1.46,-19.28
-2.6,4.08,19.223,0.099149,0.69769,0.22414,-0.66071,2.25,0.51698,254.0,4.0796,19.223,192.23,1.5094348126891333,,,,Sand,,,Sand 2,2,2.94,20.76,-1.46,-19.28
-2.6199999999999997,4.1,19.15,0.10186,0.69245,0.13793,-0.67857,2.3,0.52953,254.0,4.0996,19.15,191.5,1.5171922813997392,,,,Sand,,,Sand 2,2,2.94,20.76,-1.46,-19.28
-2.64,4.12,19.114,0.10463,0.67164,0.12069,-0.66071,2.25,0.54275,255.0,4.1196,19.114,191.14,1.5245149726676233,,,,Sand,,,Sand 2,2,2.94,20.76,-1.46,-19.28
-2.6599999999999997,4.14,19.223,0.10728,0.67164,0.12069,-0.66071,2.3,0.55566,256.0,4.1396,19.223,192.23,1.5290117372159426,,,,Sand,,,Sand 2,2,2.94,20.76,-1.46,-19.28
-2.68,4.16,19.362,0.10997,0.68284,0.17241,-0.66071,2.25,0.56832,257.0,4.1596,19.362,193.62,1.5327877185572751,,,,Sand,,,Sand 2,2,2.94,20.76,-1.46,-19.28
-2.6999999999999997,4.18,19.442,0.11196,0.67496,0.13793,-0.66071,2.25,0.57632,258.0,4.1796,19.442,194.42,1.535276602049231,,,,Sand,,,Sand 2,2,2.94,20.76,-1.46,-19.28
-2.72,4.2,19.458,0.11541,0.70457,0.18966,-0.67857,2.3,0.59111,259.0,4.1996,19.458,194.58,1.5420554768268215,,,,Sand,,,Sand 2,2,2.94,20.76,-1.46,-19.28
-2.7399999999999998,4.22,19.48,0.11828,0.67869,0.15517,-0.66071,2.3,0.60269,260.0,4.2196,19.48,194.8,1.547112866270152,,,,Sand,,,Sand 2,2,2.94,20.76,-1.46,-19.28
-2.7600000000000002,4.24,19.571,0.12199,0.69608,0.15517,-0.67857,2.3,0.61891,261.0,4.2396,19.571,195.71,1.5530570112746558,,,,Sand,,,Sand 2,2,2.94,20.76,-1.46,-19.28
-2.78,4.26,19.758,0.1216,0.68922,0.12069,-0.67857,2.25,0.61457,262.0,4.2596,19.758,197.58,1.5479327271027337,,,,Sand,,,Sand 2,2,2.94,20.76,-1.46,-19.28
-2.8000000000000003,4.28,19.902,0.1213,0.65409,0.12069,-0.64286,2.25,0.61256,262.0,4.2796,19.902,199.02,1.5446136277756657,,,,Sand,,,Sand 2,2,2.94,20.76,-1.46,-19.28
-2.82,4.3,20.024,0.12096,0.69245,0.13793,-0.67857,2.25,0.60959,263.0,4.2996,20.024,200.24,1.541224998259818,,,,Sand,,,Sand 2,2,2.94,20.76,-1.46,-19.28
-2.8400000000000003,4.32,20.051,0.12566,0.66132,0.15517,-0.64286,2.3,0.63229,264.0,4.3196,20.051,200.51,1.5511854675710233,,,,Sand,,,Sand 2,2,2.94,20.76,-1.46,-19.28
-2.86,4.34,20.046,0.1284,0.64397,0.15517,-0.625,2.25,0.64595,265.0,4.3396,20.046,200.46,1.5573917335207152,,,,Sand,,,Sand 2,2,2.94,20.76,-1.46,-19.28
-2.8800000000000003,4.36,19.586,0.13057,0.65409,0.12069,-0.64286,2.2,0.65741,276.0,4.3596,19.586,195.86,1.5700050998223765,,,,Sand,,,Sand 2,2,2.94,20.76,-1.46,-19.28
-2.9,4.38,19.799,0.13064,0.62261,0.13793,-0.60714,2.25,0.6592,277.0,4.3796,19.799,197.99,1.567266023590125,,,,Sand,,,Sand 2,2,2.94,20.76,-1.46,-19.28
-2.9200000000000004,4.4,19.818,0.12959,0.66132,0.15517,-0.64286,2.25,0.65584,278.0,4.3996,19.818,198.18,1.5654834856234237,,,,Sand,,,Sand 2,2,2.94,20.76,-1.46,-19.28
-2.94,4.42,19.791,0.12931,0.64004,0.13793,-0.625,2.3,0.65684,278.0,4.4196,19.791,197.91,1.5663653386055985,,,,Sand,,,Sand 2,2,2.94,20.76,-1.46,-19.28
-2.9600000000000004,4.44,19.77,0.12719,0.62261,0.13793,-0.60714,2.25,0.6474,279.0,4.4396,19.77,197.7,1.5625547886544007,,,,Sand,,,Sand 2,2,2.94,20.76,-1.46,-19.28
-2.98,4.46,19.681,0.12738,0.60521,0.13793,-0.58929,2.25,0.65183,280.0,4.4596,19.681,196.81,1.5659817756224144,,,,Sand,,,Sand 2,2,2.94,20.76,-1.46,-19.28
-3.0000000000000004,4.48,19.582,0.12585,0.58403,0.12069,-0.57143,2.25,0.64901,281.0,4.4796,19.582,195.82,1.566385568297037,,,,Sand,,,Sand 2,2,2.94,20.76,-1.46,-19.28
-3.02,4.5,19.469,0.12343,0.60152,0.12069,-0.58929,2.25,0.64259,282.0,4.4996,19.469,194.69,1.5654384881345171,,,,Sand,,,Sand 2,2,2.94,20.76,-1.46,-19.28
-3.0399999999999996,4.52,19.255,0.12354,0.59212,0.15517,-0.57143,2.25,0.65092,283.0,4.5196,19.255,192.55,1.5727321423282121,,,,Sand,,,Sand 2,2,2.94,20.76,-1.46,-19.28
-3.06,4.54,18.97,0.12063,0.54914,0.12069,-0.53571,2.25,0.64394,284.0,4.5396,18.97,189.7,1.5745559219970164,,,,Sand,,,Sand 2,2,2.94,20.76,-1.46,-19.28
-3.0799999999999996,4.56,18.605,0.12002,0.56657,0.12069,-0.55357,2.3,0.64939,285.0,4.5596,18.605,186.05,1.5833372116253372,,,,Sand,,,Sand 2,2,2.94,20.76,-1.46,-19.28
-3.1,4.58,18.329,0.11677,0.56657,0.12069,-0.55357,2.25,0.64113,286.0,4.5796,18.329,183.29,1.5846552671969671,,,,Sand,,,Sand 2,2,2.94,20.76,-1.46,-19.28
-3.1199999999999997,4.6,17.944,0.11323,0.56657,0.12069,-0.55357,2.25,0.63121,287.0,4.5996,17.944,179.44,1.5873270271323112,,,,Sand,,,Sand 2,2,2.94,20.76,-1.46,-19.28
-3.14,4.62,17.712,0.11113,0.52498,0.086207,-0.51786,2.25,0.62919,287.0,4.6196,17.712,177.12,1.5907691310040648,,,,Sand,,,Sand 2,2,2.94,20.76,-1.46,-19.28
-3.1599999999999997,4.64,17.574,0.11108,0.55318,0.13793,-0.53571,2.25,0.63829,288.0,4.6396,17.574,175.74,1.5973740876612117,,,,Sand,,,Sand 2,2,2.94,20.76,-1.46,-19.28
-3.18,4.66,17.317,0.11527,0.53591,0.13793,-0.51786,2.25,0.67287,289.0,4.6596,17.317,173.17,1.6170402977777152,,,,Sand,,,Sand 2,2,2.94,20.76,-1.46,-19.28
-3.1999999999999997,4.68,17.059,0.113,0.54914,0.12069,-0.53571,2.25,0.66983,290.0,4.6796,17.059,170.59,1.6207408484912755,,,,Sand,,,Sand 2,2,2.94,20.76,-1.46,-19.28
-3.22,4.7,16.764,0.1107,0.55318,0.13793,-0.53571,2.25,0.66722,291.0,4.6996,16.764,167.64,1.625445444931554,,,,Sand,,,Sand 2,2,2.94,20.76,-1.46,-19.28
-3.2399999999999998,4.72,16.525,0.10843,0.51867,0.13793,-0.5,2.3,0.66499,292.0,4.7196,16.525,165.25,1.629298360275593,,,,Sand,,,Sand 2,2,2.94,20.76,-1.46,-19.28
-3.2600000000000002,4.74,16.151,0.10876,0.55318,0.13793,-0.53571,2.3,0.67838,293.0,4.7396,16.151,161.51,1.6424786925393735,,,,Sand,,,Sand 2,2,2.94,20.76,-1.46,-19.28
-3.28,4.76,15.857,0.10868,0.53821,0.051724,-0.53571,2.25,0.68918,294.0,4.7596,15.857,158.57,1.6529992963360638,,,,Sand,,,Sand 2,2,2.94,20.76,-1.46,-19.28
-3.3000000000000003,4.78,15.483,0.10789,0.47971,0.12069,-0.46429,2.3,0.69534,294.0,4.7796,15.483,154.83,1.663440365484344,,,,Sand,,,Sand 2,2,2.94,20.76,-1.46,-19.28
-3.32,4.8,15.285,0.10745,0.46245,0.12069,-0.44643,2.3,0.7042,295.0,4.7996,15.285,152.85,1.671253464796962,,,,Sand,,,Sand 2,2,2.94,20.76,-1.46,-19.28
-3.3400000000000003,4.82,15.136,0.10207,0.47971,0.12069,-0.46429,2.3,0.67976,296.0,4.8196,15.136,151.36,1.6647893659094872,,,,Sand,,,Sand 2,2,2.94,20.76,-1.46,-19.28
-3.36,4.84,14.953,0.099782,0.47222,0.086207,-0.46429,2.3,0.67496,297.0,4.8396,14.953,149.53,1.6669472359871125,,,,Sand,,,Sand 2,2,2.94,20.76,-1.46,-19.28
-3.3800000000000003,4.86,14.743,0.096294,0.50738,0.086207,-0.5,2.25,0.66028,298.0,4.8596,14.743,147.43,1.6657470876233507,,,,Sand,,,Sand 2,2,2.94,20.76,-1.46,-19.28
-3.4,4.88,14.464,0.09324,0.45468,0.086207,-0.44643,2.3,0.64797,299.0,4.8796,14.464,144.64,1.6671682430992538,,,,Sand,,,Sand 2,2,2.94,20.76,-1.46,-19.28
-3.4200000000000004,4.9,14.204,0.090287,0.46938,0.068966,-0.46429,2.3,0.63654,300.0,4.8996,14.204,142.04,1.6686104167467313,,,,Sand,,,Sand 2,2,2.94,20.76,-1.46,-19.28
-3.44,4.92,13.999,0.088355,0.47222,0.086207,-0.46429,2.3,0.6328,301.0,4.9196,13.999,139.99,1.6720359808673289,,,,Sand,,,Sand 2,2,2.94,20.76,-1.46,-19.28
-3.4600000000000004,4.94,13.888,0.085704,0.46245,0.12069,-0.44643,2.25,0.62501,301.0,4.9396,13.888,138.88,1.671499827374295,,,,Sand,,,Sand 2,2,2.94,20.76,-1.46,-19.28
-3.48,4.96,13.731,0.082384,0.47222,0.086207,-0.46429,2.3,0.61297,302.0,4.9596,13.731,137.31,1.6703147299177876,,,,Sand,,,Sand 2,2,2.94,20.76,-1.46,-19.28
-3.5000000000000004,4.98,13.492,0.080546,0.45172,0.068966,-0.44643,2.3,0.61249,303.0,4.9796,13.492,134.92,1.6761992230727232,,,,Sand,,,Sand 2,2,2.94,20.76,-1.46,-19.28
-3.52,5.0,13.18,0.078006,0.41646,0.068966,-0.41071,2.3,0.60733,304.0,4.9996,13.18,131.8,1.6821384000305333,,,,Sand,,,Sand 2,2,2.94,20.76,-1.46,-19.28
-3.5399999999999996,5.02,12.741,0.076538,0.46245,0.12069,-0.44643,2.3,0.61207,305.0,5.0196,12.741,127.41,1.695971074465336,,,,Sand,,,Sand 2,2,2.94,20.76,-1.46,-19.28
-3.56,5.04,12.287,0.072576,0.45468,0.086207,-0.44643,2.3,0.59828,306.0,5.0396,12.287,122.87,1.7028647305107134,,,,Sand,,,Sand 2,2,2.94,20.76,-1.46,-19.28
-3.5799999999999996,5.06,11.886,0.073635,0.41216,0.034483,-0.41071,2.3,0.62771,307.0,5.0596,11.886,118.86,1.7267769990808362,,,,Sand,,,Sand 2,2,2.94,20.76,-1.46,-19.28
-3.6,5.08,11.548,0.069857,0.45468,0.086207,-0.44643,2.3,0.61748,307.0,5.0796,11.548,115.48,1.732742281677717,,,,Sand,,,Sand 2,2,2.94,20.76,-1.46,-19.28
-3.6199999999999997,5.1,11.173,0.068018,0.50738,0.086207,-0.5,2.3,0.62407,308.0,5.0996,11.173,111.73,1.7470832225494273,,,,Sand,,,Sand 2,2,2.94,20.76,-1.46,-19.28
-3.64,5.12,10.739,0.064622,0.44088,0.10345,-0.42857,2.3,0.61507,309.0,5.1196,10.739,107.39,1.7574850782162923,,,,Sand,,,Sand 2,2,2.94,20.76,-1.46,-19.28
-3.6599999999999997,5.14,10.291,0.060526,0.48705,0.068966,-0.48214,2.3,0.59794,310.0,5.1396,10.291,102.91,1.7657169357359472,,,,Sand,,,Sand 2,2,2.94,20.76,-1.46,-19.28
-3.68,5.16,9.8409,0.056536,0.41646,0.068966,-0.41071,2.3,0.58022,311.0,5.1596,9.8409,98.40899999999999,1.7745085899934867,,,,Sand,,,Sand 2,2,2.94,20.76,-1.46,-19.28
-3.6999999999999997,5.18,9.4282,0.053842,0.43168,0.051724,-0.42857,2.3,0.57434,312.0,5.1796,9.4282,94.28200000000001,1.7875976364596955,,,,Sand,,,Sand 2,2,2.94,20.76,-1.46,-19.28
-3.72,5.2,9.1458,0.04965,0.41646,0.068966,-0.41071,2.35,0.54988,313.0,5.1996,9.1458,91.458,1.7884424632527813,,,,Sand,,,Sand 2,2,2.94,20.76,-1.46,-19.28
-3.7399999999999998,5.22,8.8143,0.017915,0.41396,0.051724,-0.41071,2.3,0.20543,314.0,5.2196,8.8143,88.14299999999999,1.615172732090631,,,,Sand,,,Sand 2,2,2.94,20.76,-1.46,-19.28
-3.7600000000000002,5.24,8.5197,0.017033,0.43716,0.086207,-0.42857,2.35,0.20238,314.0,5.2396,8.5197,85.197,1.6270051207492653,,,,Sand,,,Sand 2,2,2.94,20.76,-1.46,-19.28
-3.78,5.26,8.219,0.017,0.41108,0.017241,-0.41071,2.35,0.20962,315.0,5.2596,8.219,82.19,1.646735373468706,,,,Sand,,,Sand 2,2,2.94,20.76,-1.46,-19.28
-3.8000000000000003,5.28,7.9762,0.017,0.44776,0.034483,-0.44643,2.35,0.21834,316.0,5.2796,7.9762,79.762,1.6649005162656783,,,,Sand,,,Sand 2,2,2.94,20.76,-1.46,-19.28
-3.82,5.3,7.8241,0.017,0.43408,0.068966,-0.42857,2.3,0.22671,317.0,5.2996,7.8241,78.241,1.678310345148402,,,,Sand,,,Sand 2,2,2.94,20.76,-1.46,-19.28
-3.8400000000000003,5.32,7.4013,0.017543,0.46461,0.017241,-0.46429,2.25,0.2422,330.0,5.3196,7.4013,74.013,1.7109182456314556,,,,Sand,,,Sand 2,2,2.94,20.76,-1.46,-19.28
-3.86,5.34,6.9784,0.020938,0.44676,0.017241,-0.44643,2.25,0.29805,330.0,5.3396,6.9784,69.78399999999999,1.768249811346534,,,,Sand,,,Sand 2,2,2.94,20.76,-1.46,-19.28
-3.8800000000000003,5.36,6.5556,0.024197,0.44941,0.051724,-0.44643,2.25,0.35379,331.0,5.3596,6.5556,65.556,1.8233650560211832,,,,Sand,,,Sand 2,2,2.94,20.76,-1.46,-19.28
-3.9,5.38,6.5147,0.02587,0.44643,0.0,-0.44643,2.3,0.38731,332.0,5.3796,6.5147,65.147,1.8427274803186884,,,,Sand,,,Sand 2,2,2.94,20.76,-1.46,-19.28
-3.9200000000000004,5.4,6.4784,0.027792,0.46556,0.034483,-0.46429,2.3,0.42202,333.0,5.3996,6.4784,64.78399999999999,1.8615362284857322,,,,Sand,,,Sand 2,2,2.94,20.76,-1.46,-19.28
-3.94,5.42,6.4709,0.028624,0.42996,0.034483,-0.42857,2.3,0.43653,334.0,5.4196,6.4709,64.709,1.8686953763436764,,,,Sand,,,Sand 2,2,2.94,20.76,-1.46,-19.28
-3.9600000000000004,5.44,6.4918,0.029768,0.41396,0.051724,-0.41071,2.3,0.45209,335.0,5.4396,6.4918,64.91799999999999,1.8745057972560246,,,,Sand,,,Sand 2,2,2.94,20.76,-1.46,-19.28
-3.98,5.46,6.5446,0.030651,0.42996,0.034483,-0.42857,2.3,0.46378,336.0,5.4596,6.5446,65.446,1.8766064271651568,,,,Sand,,,Sand 2,2,2.94,20.76,-1.46,-19.28
-4.0,5.48,6.6489,0.031729,0.44776,0.034483,-0.44643,2.25,0.4792,336.0,5.4796,6.6489,66.489,1.877328884746625,,,,Sand,,,Sand 2,2,2.94,20.76,-1.46,-19.28
-4.02,5.5,6.7521,0.032814,0.41108,-0.017241,-0.41071,2.25,0.49588,337.0,5.4996,6.7521,67.521,1.8786578032399888,,,,Sand,,,Sand 2,2,2.94,20.76,-1.46,-19.28
-4.039999999999999,5.52,6.7755,0.032805,0.42892,0.017241,-0.42857,2.3,0.49687,338.0,5.5196,6.7755,67.755,1.877768378542329,,,,Sand,,,Sand 2,2,2.94,20.76,-1.46,-19.28
-4.0600000000000005,5.54,6.7095,0.032578,0.41108,0.017241,-0.41071,2.3,0.4948,339.0,5.5396,6.7095,67.095,1.8805980163379123,,,,Sand,,,Sand 2,2,2.94,20.76,-1.46,-19.28
-4.08,5.56,6.5755,0.0322,0.42857,0.0,-0.42857,2.3,0.49041,340.0,5.5596,6.5755,65.755,1.8863874414887378,,,,Sand,,,Sand 2,2,2.94,20.76,-1.46,-19.28
-4.1,5.58,6.4405,0.0317,0.42892,0.017241,-0.42857,2.3,0.4839,341.0,5.5796,6.4405,64.405,1.8914996384545086,,,,Sand,,,Sand 2,2,2.94,20.76,-1.46,-19.28
-4.119999999999999,5.6,6.3717,0.031296,0.42996,0.034483,-0.42857,2.3,0.47858,342.0,5.5996,6.3717,63.717,1.8933102027587658,,,,Sand,,,Sand 2,2,2.94,20.76,-1.46,-19.28
-4.140000000000001,5.62,6.3984,0.03104,0.44941,-0.051724,-0.44643,2.3,0.47422,343.0,5.6196,6.3984,63.983999999999995,1.8898249523373136,,,,Sand,,,Sand 2,2,2.94,20.76,-1.46,-19.28
-4.16,5.64,6.5047,0.030553,0.3754,0.017241,-0.375,2.3,0.46453,343.0,5.6396,6.5047,65.047,1.8792789298210173,,,,Sand,,,Sand 2,2,2.94,20.76,-1.46,-19.28
-4.18,5.66,6.6317,0.030916,0.39324,0.017241,-0.39286,2.3,0.46607,344.0,5.6596,6.6317,66.31700000000001,1.8725613496153133,,,,Sand,,,Sand 2,2,2.94,20.76,-1.46,-19.28
-4.199999999999999,5.68,6.6829,0.031156,0.44643,0.0,-0.44643,2.3,0.46521,345.0,5.6796,6.6829,66.829,1.869240780479615,,,,Sand,,,Sand 2,2,2.94,20.76,-1.46,-19.28
-4.220000000000001,5.7,6.7595,0.03157,0.41108,0.017241,-0.41071,2.3,0.46698,346.0,5.6996,6.7595,67.595,1.8656719009999259,,,,Sand,,,Sand 2,2,2.94,20.76,-1.46,-19.28
-4.24,5.72,6.8288,0.031991,0.44643,0.0,-0.44643,2.3,0.46981,347.0,5.7196,6.8288,68.288,1.8630337021016132,,,,Sand,,,Sand 2,2,2.94,20.76,-1.46,-19.28
-4.26,5.74,6.8895,0.032695,0.37658,0.034483,-0.375,2.3,0.47841,348.0,5.7396,6.8895,68.895,1.8634515973957864,,,,Sand,,,Sand 2,2,2.94,20.76,-1.46,-19.28
-4.279999999999999,5.76,6.8828,0.033744,0.41108,-0.017241,-0.41071,2.3,0.4934,349.0,5.7596,6.8828,68.82799999999999,1.8703270527249813,,,,Sand,,,Sand 2,2,2.94,20.76,-1.46,-19.28
-4.300000000000001,5.78,6.9048,0.034826,0.3754,0.017241,-0.375,2.3,0.51095,350.0,5.7796,6.9048,69.048,1.8765805559435789,,,,Sand,,,Sand 2,2,2.94,20.76,-1.46,-19.28
-4.32,5.8,6.8946,0.035343,0.39437,-0.034483,-0.39286,2.3,0.52285,350.0,5.7996,6.8946,68.946,1.8821036749455702,,,,Sand,,,Sand 2,2,2.94,20.76,-1.46,-19.28
-4.34,5.82,6.8296,0.035476,0.3754,-0.017241,-0.375,2.3,0.53141,351.0,5.8196,6.8296,68.296,1.8891903552707134,,,,Sand,,,Sand 2,2,2.94,20.76,-1.46,-19.28
-4.359999999999999,5.84,6.7236,0.034366,0.33929,0.0,-0.33929,2.2,0.5235,352.0,5.8396,6.7236,67.236,1.8918340745376998,,,,Sand,,,Sand 2,2,2.94,20.76,-1.46,-19.28
-4.380000000000001,5.86,6.5738,0.03413,0.3754,-0.017241,-0.375,2.25,0.5311,353.0,5.8596,6.5738,65.738,1.9034359987155915,,,,Sand,,,Sand 2,2,2.94,20.76,-1.46,-19.28
-4.4,5.88,6.3792,0.033827,0.35714,0.0,-0.35714,2.25,0.53992,354.0,5.8796,6.3792,63.792,1.9183156316367929,,,,Sand,,,Sand 2,2,2.94,20.76,-1.46,-19.28
-4.42,5.9,6.2177,0.032912,0.3588,-0.034483,-0.35714,2.3,0.54033,355.0,5.8996,6.2177,62.177,1.9281536487979636,,,,Sand,,,Sand 2,2,2.94,20.76,-1.46,-19.28
-4.4399999999999995,5.92,5.9936,0.031942,0.35714,0.0,-0.35714,2.35,0.54082,356.0,5.9196,5.9936,59.93599999999999,1.9422230213682468,,,,Sand,,,Sand 2,2,2.94,20.76,-1.46,-19.28
-4.460000000000001,5.94,5.7987,0.030877,0.3754,-0.017241,-0.375,2.3,0.53968,357.0,5.9396,5.7987,57.986999999999995,1.9542988207708565,,,,Sand,,,Sand 2,2,2.94,20.76,-1.46,-19.28
-4.48,5.96,5.6063,0.029548,0.3754,0.017241,-0.375,2.35,0.53356,357.0,5.9596,5.6063,56.063,1.9647165952413794,,,,Sand,,,Sand 2,2,2.94,20.76,-1.46,-19.28
-4.5,5.98,5.4351,0.028149,0.35714,0.0,-0.35714,2.3,0.52542,358.0,5.9795,5.4351,54.351000000000006,1.9733366533342644,,,,Sand,,,Sand 2,2,2.94,20.76,-1.46,-19.28
-4.52,6.0,5.2459,0.026691,0.34103,-0.034483,-0.33929,2.3,0.51359,359.0,5.9995,5.2459,52.458999999999996,1.98221522188577,,,,Sand,,,Sand 2,2,2.94,20.76,-1.46,-19.28
-4.539999999999999,6.02,5.0947,0.025151,0.3754,0.017241,-0.375,2.3,0.49662,360.0,6.0195,5.0947,50.946999999999996,1.9866683467617448,,,,Sand,,,Sand 2,2,2.94,20.76,-1.46,-19.28
-4.5600000000000005,6.04,4.9108,0.024178,0.32143,0.0,-0.32143,2.35,0.48632,361.0,6.0395,4.9108,49.108000000000004,1.9966990455029412,,,,Sand,,,Sand 2,2,2.94,20.76,-1.46,-19.28
-4.58,6.06,4.7742,0.023234,0.33929,0.0,-0.33929,2.3,0.47247,362.0,6.0595,4.7742,47.742000000000004,2.001984592228832,,,,Sand,,,Sand 2,2,2.94,20.76,-1.46,-19.28
-4.6,6.08,4.7106,0.021846,0.35714,0.0,-0.35714,2.3,0.44414,363.0,6.0795,4.7106,47.106,1.995376104842918,,,,Sand,,,Sand 2,2,2.94,20.76,-1.46,-19.28
-4.619999999999999,6.1,4.7385,0.021011,0.32189,-0.017241,-0.32143,2.3,0.42198,363.0,6.0995,4.7385,47.385,1.9834926204773182,,,,Sand,,,Sand 2,2,2.94,20.76,-1.46,-19.28
-4.640000000000001,6.12,4.8627,0.02052,0.32143,0.0,-0.32143,2.35,0.40125,364.0,6.1195,4.8627,48.626999999999995,1.9640616765058225,,,,Sand,,,Sand 2,2,2.94,20.76,-1.46,-19.28
-4.66,6.14,5.003,0.0204,0.36087,0.051724,-0.35714,2.35,0.38259,365.0,6.1395,5.003,50.03,1.9442237185099311,,,,Sand,,,Sand 2,2,2.94,20.76,-1.46,-19.28
-4.68,6.16,5.2559,0.0203,0.32189,-0.017241,-0.32143,2.35,0.3586,366.0,6.1595,5.2559,52.559,1.913179731485401,,,,Sand,,,Sand 2,2,2.94,20.76,-1.46,-19.28
-4.699999999999999,6.18,5.5771,0.0202,0.32327,-0.034483,-0.32143,2.3,0.33318,367.0,6.1795,5.5771,55.770999999999994,1.8767897800180822,,,,Sand,,,Sand 2,2,2.94,20.76,-1.46,-19.28
-4.720000000000001,6.2,5.9899,0.020566,0.28623,0.017241,-0.28571,2.3,0.31618,368.0,6.1995,5.9899,59.898999999999994,1.839329779706313,,,,Sand,,,Sand 2,2,2.94,20.76,-1.46,-19.28
-4.74,6.22,6.5185,0.024369,0.32189,0.017241,-0.32143,2.35,0.34821,369.0,6.2195,6.5185,65.185,1.8227037644412405,,,,Sand,,,Sand 2,2,2.94,20.76,-1.46,-19.28
-4.76,6.24,7.3414,0.028018,0.28571,0.0,-0.28571,2.15,0.37266,379.0,6.2395,7.3414,73.414,1.7887708889259735,,,,Sand,,,Sand 2,2,2.94,20.76,-1.46,-19.28
-4.779999999999999,6.26,7.9541,0.031795,0.28623,-0.017241,-0.28571,2.3,0.39524,380.0,6.2595,7.9541,79.541,1.7692671300150478,,,,Sand,,,Sand 2,2,2.94,20.76,-1.46,-19.28
-4.800000000000001,6.28,8.3971,0.035075,0.21704,0.034483,-0.21429,2.25,0.40961,381.0,6.2795,8.3971,83.971,1.7557211843027283,,,,Sand,,,Sand 2,2,2.94,20.76,-1.46,-19.28
-4.82,6.3,8.9521,0.037831,0.25059,0.017241,-0.25,2.3,0.41799,382.0,6.2995,8.9521,89.521,1.7355437163425882,,,,Sand,,,Sand 2,2,2.94,20.76,-1.46,-19.28
-4.84,6.32,9.417,0.04015,0.28623,0.017241,-0.28571,2.25,0.42413,383.0,6.3195,9.417,94.17,1.7194569314917352,,,,Sand,,,Sand 2,2,2.94,20.76,-1.46,-19.28
-4.859999999999999,6.34,9.7862,0.042909,0.23214,0.0,-0.23214,2.25,0.43633,384.0,6.3395,9.7862,97.862,1.7111004180569616,,,,Sand,,,Sand 2,2,2.94,20.76,-1.46,-19.28
-4.880000000000001,6.36,10.138,0.045403,0.26841,0.017241,-0.26786,2.25,0.4464,384.0,6.3595,10.138,101.38,1.7028963168264402,,,,Sand,,,Sand 2,2,2.94,20.76,-1.46,-19.28
-4.9,6.38,10.42,0.047872,0.23214,0.0,-0.23214,2.25,0.45771,385.0,6.3795,10.42,104.2,1.6982719499172092,,,,Sand,,,Sand 2,2,2.94,20.76,-1.46,-19.28
-4.92,6.4,10.668,0.050241,0.23214,0.0,-0.23214,2.25,0.46915,386.0,6.3995,10.668,106.68,1.6951581631339772,,,,Sand,,,Sand 2,2,2.94,20.76,-1.46,-19.28
-4.9399999999999995,6.42,10.896,0.051939,0.21498,0.017241,-0.21429,2.25,0.47531,387.0,6.4195,10.896,108.96,1.690352398103136,,,,Sand,,,Sand 2,2,2.94,20.76,-1.46,-19.28
-4.960000000000001,6.44,11.09,0.053906,0.23469,0.034483,-0.23214,2.25,0.48479,388.0,6.4395,11.09,110.9,1.688445295632686,,,,Sand,,,Sand 2,2,2.94,20.76,-1.46,-19.28
-4.98,6.46,11.257,0.055298,0.25,0.0,-0.25,2.25,0.48956,389.0,6.4595,11.257,112.57,1.6852621385041924,,,,Sand,,,Sand 2,2,2.94,20.76,-1.46,-19.28
-5.0,6.48,11.417,0.056796,0.27281,0.051724,-0.26786,2.3,0.49589,390.0,6.4795,11.417,114.17,1.6831338893965253,,,,Sand,,,Sand 2,2,2.94,20.76,-1.46,-19.28
-5.02,6.5,11.533,0.058921,0.26841,0.017241,-0.26786,2.25,0.50835,390.0,6.4995,11.533,115.33,1.6853498428367886,,,,Sand,,,Sand 2,2,2.94,20.76,-1.46,-19.28
-5.039999999999999,6.52,11.676,0.061054,0.23469,0.034483,-0.23214,2.25,0.52167,391.0,6.5195,11.676,116.76,1.6870965837055973,,,,Sand,,,Sand 2,2,2.94,20.76,-1.46,-19.28
-5.0600000000000005,6.54,11.826,0.063244,0.26786,0.0,-0.26786,2.25,0.53656,392.0,6.5395,11.826,118.26,1.6893303133217825,,,,Sand,,,Sand 2,2,2.94,20.76,-1.46,-19.28
-5.08,6.56,11.932,0.06511,0.25059,0.017241,-0.25,2.25,0.55038,393.0,6.5595,11.932,119.32,1.6923713238796938,,,,Sand,,,Sand 2,2,2.94,20.76,-1.46,-19.28
-5.1,6.58,11.994,0.067701,0.26841,-0.017241,-0.26786,2.3,0.57247,394.0,6.5795,11.994,119.94,1.700288633040542,,,,Sand,,,Sand 2,2,2.94,20.76,-1.46,-19.28
-5.119999999999999,6.6,11.994,0.070435,0.27007,-0.034483,-0.26786,2.3,0.59806,395.0,6.5995,11.994,119.94,1.7112805553440322,,,,Sand,,,Sand 2,2,2.94,20.76,-1.46,-19.28
-5.140000000000001,6.62,11.924,0.071579,0.25059,-0.017241,-0.25,2.3,0.61265,396.0,6.6195,11.924,119.24,1.7194582367740154,,,,Sand,,,Sand 2,2,2.94,20.76,-1.46,-19.28
-5.16,6.64,11.761,0.071846,0.26841,-0.017241,-0.26786,2.3,0.62146,397.0,6.6395,11.761,117.61,1.7279359282848379,,,,Sand,,,Sand 2,2,2.94,20.76,-1.46,-19.28
-5.18,6.66,11.501,0.070897,0.23469,-0.034483,-0.23214,2.3,0.62042,398.0,6.6595,11.501,115.01,1.7353842938678286,,,,Sand,,,Sand 2,2,2.94,20.76,-1.46,-19.28
-5.199999999999999,6.68,11.286,0.069137,0.25059,-0.017241,-0.25,2.3,0.61185,398.0,6.6795,11.286,112.86,1.7385415743311377,,,,Sand,,,Sand 2,2,2.94,20.76,-1.46,-19.28
-5.220000000000001,6.7,11.075,0.067007,0.21429,0.0,-0.21429,2.3,0.59871,399.0,6.6995,11.075,110.75,1.7398093453378152,,,,Sand,,,Sand 2,2,2.94,20.76,-1.46,-19.28
-5.24,6.72,10.951,0.064808,0.23784,-0.051724,-0.23214,2.3,0.58258,400.0,6.7195,10.951,109.51,1.7370630651231946,,,,Sand,,,Sand 2,2,2.94,20.76,-1.46,-19.28
-5.26,6.74,10.925,0.063791,0.16437,0.034483,-0.16071,2.25,0.57387,401.0,6.7395,10.925,109.25,1.7342125209768062,,,,Sand,,,Sand 2,2,2.94,20.76,-1.46,-19.28
-5.279999999999999,6.76,10.973,0.063669,0.16437,-0.034483,-0.16071,2.25,0.57029,402.0,6.7595,10.973,109.73,1.7311072892446302,,,,Sand,,,Sand 2,2,2.94,20.76,-1.46,-19.28
-5.300000000000001,6.78,11.062,0.063718,0.17857,0.0,-0.17857,2.25,0.56565,403.0,6.7795,11.062,110.62,1.7262096201676864,,,,Sand,,,Sand 2,2,2.94,20.76,-1.46,-19.28
-5.32,6.8,11.221,0.064598,0.18187,0.034483,-0.17857,2.25,0.56583,404.0,6.7995,11.221,112.21,1.7211706364260595,,,,Sand,,,Sand 2,2,2.94,20.76,-1.46,-19.28
-5.34,6.82,11.433,0.066125,0.1794,0.017241,-0.17857,2.25,0.56979,405.0,6.8195,11.433,114.33,1.7161908479972878,,,,Sand,,,Sand 2,2,2.94,20.76,-1.46,-19.28
-5.359999999999999,6.84,11.674,0.064645,0.14389,-0.017241,-0.14286,2.3,0.54733,406.0,6.8395,11.674,116.74,1.6988331972719026,,,,Sand,,,Sand 2,2,2.94,20.76,-1.46,-19.28
-5.380000000000001,6.86,11.876,0.066966,0.1794,0.017241,-0.17857,2.3,0.55714,406.0,6.8595,11.876,118.76,1.6970658170941793,,,,Sand,,,Sand 2,2,2.94,20.76,-1.46,-19.28
-5.4,6.88,12.169,0.0694,0.21429,0.0,-0.21429,2.2,0.56819,407.0,6.8795,12.169,121.69,1.6932680726130023,,,,Sand,,,Sand 2,2,2.94,20.76,-1.46,-19.28
-5.42,6.9,12.434,0.0718,0.16164,0.017241,-0.16071,2.3,0.58026,408.0,6.8995,12.434,124.34,1.6909195023901837,,,,Sand,,,Sand 2,2,2.94,20.76,-1.46,-19.28
-5.4399999999999995,6.92,12.62,0.074243,0.14389,0.017241,-0.14286,2.3,0.59869,409.0,6.9195,12.62,126.2,1.6936381924186608,,,,Sand,,,Sand 2,2,2.94,20.76,-1.46,-19.28
-5.460000000000001,6.94,12.729,0.072642,0.16437,0.034483,-0.16071,2.3,0.58893,410.0,6.9395,12.729,127.29,1.6864200918688896,,,,Sand,,,Sand 2,2,2.94,20.76,-1.46,-19.28
-5.48,6.96,12.779,0.069206,0.089286,0.0,-0.089286,2.3,0.56704,411.0,6.9595,12.779,127.79,1.6754296207027874,,,,Sand,,,Sand 2,2,2.94,20.76,-1.46,-19.28
-5.5,6.98,12.709,0.070594,0.11256,0.034483,-0.10714,2.3,0.58671,412.0,6.9795,12.709,127.09,1.6860108895257937,,,,Sand,,,Sand 2,2,2.94,20.76,-1.46,-19.28
-5.52,7.0,11.892,0.068553,0.13528,0.051724,-0.125,2.3,0.58021,413.0,6.9995,11.892,118.92,1.7066791605756848,,,,Sand,,,Sand 2,2,2.94,20.76,-1.46,-19.28
-5.539999999999999,7.02,11.344,0.065808,0.14276,0.068966,-0.125,2.3,0.56846,413.0,7.0195,11.344,113.44,1.7184081512100902,,,,Sand,,,Sand 2,2,2.94,20.76,-1.46,-19.28
-5.5600000000000005,7.04,11.132,0.062006,0.12967,0.034483,-0.125,2.3,0.54847,414.0,7.0395,11.132,111.32,1.7164259682237148,,,,Sand,,,Sand 2,2,2.94,20.76,-1.46,-19.28
-5.58,7.06,11.053,0.058338,0.20818,0.068966,-0.19643,2.35,0.52967,415.0,7.0595,11.053,110.53,1.7105861493942025,,,,Sand,,,Sand 2,2,2.94,20.76,-1.46,-19.28
-5.6,7.08,10.883,0.05321,0.16437,0.034483,-0.16071,2.35,0.49327,416.0,7.0795,10.883,108.83,1.699391999207088,,,,Sand,,,Sand 2,2,2.94,20.76,-1.46,-19.28
-5.619999999999999,7.1,10.82,0.0503,0.11897,0.051724,-0.10714,2.3,0.47433,417.0,7.0995,10.82,108.2,1.6924549590947375,,,,Sand,,,Sand 2,2,2.94,20.76,-1.46,-19.28
-5.640000000000001,7.12,10.61,0.0494,0.15184,0.086207,-0.125,2.35,0.47372,418.0,7.1195,10.61,106.1,1.6993873026416324,,,,Sand,,,Sand 2,2,2.94,20.76,-1.46,-19.28
-5.66,7.14,10.38,0.0486,0.10714,0.0,-0.10714,2.3,0.47455,418.0,7.1395,10.38,103.8,1.7078827590157106,,,,Sand,,,Sand 2,2,2.94,20.76,-1.46,-19.28
-5.68,7.16,10.075,0.0477,0.16164,0.017241,-0.16071,2.3,0.47438,419.0,7.1595,10.075,100.75,1.7188404642666701,,,,Sand,,,Sand 2,2,2.94,20.76,-1.46,-19.28
-5.699999999999999,7.18,9.8827,0.047856,0.14696,0.034483,-0.14286,2.3,0.48439,420.0,7.1795,9.8827,98.82700000000001,1.7307137988012293,,,,Sand,,,Sand 2,2,2.94,20.76,-1.46,-19.28
-5.720000000000001,7.2,9.7206,0.049225,0.16164,-0.017241,-0.16071,1.65,0.50561,431.0,7.1995,9.7206,97.20599999999999,1.746616498204892,,,,Sand,,,Sand 2,2,2.94,20.76,-1.46,-19.28
-5.74,7.22,9.5584,0.049404,0.12618,0.017241,-0.125,2.25,0.51313,432.0,7.2195,9.5584,95.58400000000002,1.7562104876866034,,,,Sand,,,Sand 2,2,2.94,20.76,-1.46,-19.28
-5.76,7.24,9.3963,0.050475,0.19718,-0.017241,-0.19643,2.25,0.52756,433.0,7.2395,9.3963,93.963,1.7689020260405124,,,,Sand,,,Sand 2,2,2.94,20.76,-1.46,-19.28
-5.779999999999999,7.26,9.4146,0.053603,0.10714,0.0,-0.10714,2.3,0.56209,433.0,7.2595,9.4146,94.146,1.7830121255633553,,,,Sand,,,Sand 2,2,2.94,20.76,-1.46,-19.28
-5.800000000000001,7.28,9.4582,0.053265,0.12967,-0.034483,-0.125,2.3,0.55912,434.0,7.2795,9.4582,94.582,1.7800770312233334,,,,Sand,,,Sand 2,2,2.94,20.76,-1.46,-19.28
-5.82,7.3,9.5169,0.053502,0.16437,-0.034483,-0.16071,2.25,0.56097,435.0,7.2995,9.5169,95.169,1.7786032932267535,,,,Sand,,,Sand 2,2,2.94,20.76,-1.46,-19.28
-5.84,7.32,9.5923,0.0542,0.11897,-0.051724,-0.10714,2.25,0.56638,436.0,7.3195,9.5923,95.92299999999999,1.7780081260202565,,,,Sand,,,Sand 2,2,2.94,20.76,-1.46,-19.28
-5.859999999999999,7.34,9.6336,0.054319,0.090935,-0.017241,-0.089286,2.25,0.56559,437.0,7.3395,9.6336,96.336,1.7761148318580944,,,,Sand,,,Sand 2,2,2.94,20.76,-1.46,-19.28
-5.880000000000001,7.36,9.6424,0.054581,0.071429,0.0,-0.071429,2.3,0.56631,438.0,7.3595,9.6424,96.42399999999999,1.776085674513545,,,,Sand,,,Sand 2,2,2.94,20.76,-1.46,-19.28
-5.9,7.38,9.6456,0.055108,0.071429,0.0,-0.071429,2.25,0.57017,439.0,7.3795,9.6456,96.456,1.7775832188144454,,,,Sand,,,Sand 2,2,2.94,20.76,-1.46,-19.28
-5.92,7.4,9.6525,0.055945,0.079316,-0.034483,-0.071429,2.25,0.5781,440.0,7.3995,9.6525,96.525,1.7806248130975795,,,,Sand,,,Sand 2,2,2.94,20.76,-1.46,-19.28
-5.9399999999999995,7.42,9.6892,0.056743,0.16685,-0.086207,-0.14286,2.3,0.58628,440.0,7.4195,9.6892,96.892,1.782625362306687,,,,Sand,,,Sand 2,2,2.94,20.76,-1.46,-19.28
-5.960000000000001,7.44,9.7322,0.057305,0.056278,-0.017241,-0.053571,2.3,0.59246,441.0,7.4395,9.7322,97.322,1.7835555847631208,,,,Sand,,,Sand 2,2,2.94,20.76,-1.46,-19.28
-5.98,7.46,9.7335,0.057347,0.10319,-0.051724,-0.089286,2.25,0.5936,442.0,7.4595,9.7335,97.335,1.7839721892201708,,,,Sand,,,Sand 2,2,2.94,20.76,-1.46,-19.28
-6.0,7.48,9.6907,0.057228,0.090935,-0.017241,-0.089286,2.25,0.59334,443.0,7.4795,9.6907,96.90699999999998,1.7854562832956453,,,,Sand,,,Sand 2,2,2.94,20.76,-1.46,-19.28
-6.02,7.5,9.6406,0.056851,0.11256,-0.034483,-0.10714,2.3,0.59076,444.0,7.4995,9.6406,96.40599999999999,1.7862762009995534,,,,Sand,,,Sand 2,2,2.94,20.76,-1.46,-19.28
-6.039999999999999,7.52,9.5947,0.056675,0.079316,-0.034483,-0.071429,2.25,0.59064,445.0,7.5195,9.5947,95.94699999999999,1.7879517773144387,,,,Sand,,,Sand 2,2,2.94,20.76,-1.46,-19.28
-6.0600000000000005,7.54,9.5539,0.056751,0.06371,-0.034483,-0.053571,2.25,0.59333,446.0,7.5395,9.5539,95.539,1.7905862525139191,,,,Sand,,,Sand 2,2,2.94,20.76,-1.46,-19.28
-6.08,7.56,9.5257,0.057065,0.062856,-0.051724,-0.035714,2.3,0.59855,447.0,7.5595,9.5257,95.257,1.7937663540971125,,,,Sand,,,Sand 2,2,2.94,20.76,-1.46,-19.28
-6.1,7.58,9.5154,0.056643,0.07348,-0.017241,-0.071429,2.25,0.59601,448.0,7.5795,9.5154,95.154,1.7931311966769459,,,,Sand,,,Sand 2,2,2.94,20.76,-1.46,-19.28
-6.119999999999999,7.6,9.5103,0.056253,0.12411,-0.086207,-0.089286,2.25,0.59361,449.0,7.5995,9.5103,95.10300000000001,1.792352963530071,,,,Sand,,,Sand 2,2,2.94,20.76,-1.46,-19.28
-6.140000000000001,7.62,9.4883,0.056072,0.077664,-0.068966,-0.035714,2.3,0.59298,449.0,7.6195,9.4883,94.88300000000001,1.792934740176551,,,,Sand,,,Sand 2,2,2.94,20.76,-1.46,-19.28
-6.16,7.64,9.4413,0.055681,0.077664,-0.068966,-0.035714,2.25,0.58954,450.0,7.6395,9.4413,94.413,1.793333900322773,,,,Sand,,,Sand 2,2,2.94,20.76,-1.46,-19.28
-6.18,7.66,9.4004,0.055687,0.06371,-0.034483,-0.053571,2.25,0.58965,451.0,7.6595,9.4004,94.00399999999999,1.7949506875784051,,,,Sand,,,Sand 2,2,2.94,20.76,-1.46,-19.28
-6.199999999999999,7.68,9.3766,0.055201,0.1015,-0.086207,-0.053571,2.25,0.58387,452.0,7.6795,9.3766,93.766,1.7935126385057372,,,,Sand,,,Sand 2,2,2.94,20.76,-1.46,-19.28
-6.220000000000001,7.7,9.3904,0.055203,0.077664,-0.068966,-0.035714,2.25,0.58265,453.0,7.6995,9.3904,93.904,1.7924796688273228,,,,Sand,,,Sand 2,2,2.94,20.76,-1.46,-19.28
-6.24,7.72,9.4362,0.055939,0.10498,-0.10345,-0.017857,2.25,0.58836,454.0,7.7195,9.4362,94.362,1.7930491192837232,,,,Sand,,,Sand 2,2,2.94,20.76,-1.46,-19.28
-6.26,7.74,9.5102,0.056197,0.06371,-0.034483,-0.053571,2.3,0.58833,455.0,7.7395,9.5102,95.10199999999999,1.790208879469727,,,,Sand,,,Sand 2,2,2.94,20.76,-1.46,-19.28
-6.279999999999999,7.76,9.5915,0.056716,0.088037,-0.086207,-0.017857,2.25,0.59049,456.0,7.7595,9.5915,95.915,1.7880111884294394,,,,Sand,,,Sand 2,2,2.94,20.76,-1.46,-19.28
-6.300000000000001,7.78,9.6492,0.057171,0.087328,-0.068966,-0.053571,2.25,0.59141,456.0,7.7795,9.6492,96.492,1.7862192459357578,,,,Sand,,,Sand 2,2,2.94,20.76,-1.46,-19.28
-6.32,7.8,9.7066,0.057529,0.068966,-0.068966,0.0,2.25,0.59101,457.0,7.7995,9.7066,97.066,1.7839142897416924,,,,Sand,,,Sand 2,2,2.94,20.76,-1.46,-19.28
-6.34,7.82,9.7561,0.057653,0.10498,-0.10345,-0.017857,2.3,0.5882,458.0,7.8195,9.7561,97.561,1.7809274576888927,,,,Sand,,,Sand 2,2,2.94,20.76,-1.46,-19.28
-6.359999999999999,7.84,9.7993,0.058242,0.10498,-0.10345,-0.017857,2.3,0.59007,459.0,7.8395,9.7993,97.99300000000001,1.7800994032408914,,,,Sand,,,Sand 2,2,2.94,20.76,-1.46,-19.28
-6.380000000000001,7.86,9.8857,0.059003,0.068966,-0.068966,0.0,2.3,0.59344,460.0,7.8595,9.8857,98.85700000000001,1.7783139737927545,,,,Sand,,,Sand 2,2,2.94,20.76,-1.46,-19.28
-6.4,7.88,9.9724,0.059417,0.088037,-0.086207,0.017857,2.3,0.59323,461.0,7.8795,9.9724,99.72399999999999,1.7750837978026128,,,,Sand,,,Sand 2,2,2.94,20.76,-1.46,-19.28
-6.42,7.9,10.051,0.059814,0.10498,-0.10345,0.017857,2.3,0.59294,462.0,7.8995,10.051,100.51,1.7721399397342694,,,,Sand,,,Sand 2,2,2.94,20.76,-1.46,-19.28
-6.4399999999999995,7.92,10.143,0.059695,0.07124,-0.068966,0.017857,2.3,0.58761,462.0,7.9195,10.143,101.43,1.7666652586156315,,,,Sand,,,Sand 2,2,2.94,20.76,-1.46,-19.28
-6.460000000000001,7.94,10.226,0.060145,0.122,-0.12069,0.017857,2.25,0.58834,463.0,7.9395,10.226,102.26,1.764036141172195,,,,Sand,,,Sand 2,2,2.94,20.76,-1.46,-19.28
-6.48,7.96,10.293,0.060536,0.10345,-0.10345,0.0,2.25,0.5891,464.0,7.9595,10.293,102.93,1.7620040300371094,,,,Sand,,,Sand 2,2,2.94,20.76,-1.46,-19.28
-6.5,7.98,10.331,0.061623,0.088037,-0.086207,0.017857,2.3,0.59719,465.0,7.9795,10.331,103.31,1.7640186023745144,,,,Sand,,,Sand 2,2,2.94,20.76,-1.46,-19.28
-6.52,8.0,10.37,0.062423,0.10345,-0.10345,0.0,2.25,0.6033,466.0,7.9995,10.37,103.7,1.7651703488440165,,,,Sand,,,Sand 2,2,2.94,20.76,-1.46,-19.28
-6.539999999999999,8.02,10.397,0.06295,0.14248,-0.13793,0.035714,2.3,0.60752,467.0,8.0195,10.397,103.97,1.7659586829801506,,,,Sand,,,Sand 2,2,2.94,20.76,-1.46,-19.28
-6.559999999999999,8.04,10.399,0.064135,0.12586,-0.12069,0.035714,2.3,0.61882,468.0,8.0395,10.399,103.99,1.7704507591945589,,,,Sand,,,Sand 2,2,2.94,20.76,-1.46,-19.28
-6.58,8.06,10.393,0.070945,0.088037,-0.086207,0.017857,2.25,0.68539,469.0,8.0595,10.393,103.93,1.796375933148487,,,,Sand,,,Sand 2,2,2.94,20.76,-1.46,-19.28
-6.6,8.08,10.367,0.0675,0.14797,-0.13793,0.053571,2.3,0.65671,469.0,8.0795,10.367,103.67,1.786412314397046,,,,Sand,,,Sand 2,2,2.94,20.76,-1.46,-19.28
-6.619999999999999,8.1,10.346,0.0641,0.13205,-0.12069,0.053571,2.3,0.62959,470.0,8.0995,10.346,103.46,1.7765601581362005,,,,Sand,,,Sand 2,2,2.94,20.76,-1.46,-19.28
-6.639999999999999,8.12,10.312,0.0632,0.13205,-0.12069,0.053571,2.25,0.62728,471.0,8.1195,10.312,103.12,1.7768167260395507,,,,Sand,,,Sand 2,2,2.94,20.76,-1.46,-19.28
-6.66,8.14,10.226,0.0624,0.077664,-0.068966,0.035714,2.25,0.62616,472.0,8.1395,10.226,102.26,1.779356126809472,,,,Sand,,,Sand 2,2,2.94,20.76,-1.46,-19.28
-6.68,8.16,9.7896,0.061518,0.1112,-0.086207,0.070238,2.3,0.62381,473.0,8.1595,9.7896,97.896,1.7940088014108133,,,,Sand,,,Sand 2,2,2.94,20.76,-1.46,-19.28
-6.699999999999999,8.18,9.6184,0.061333,0.11094,-0.068966,0.086905,2.3,0.62803,477.0,8.1795,9.6184,96.184,1.8019842551936098,,,,Sand,,,Sand 2,2,2.94,20.76,-1.46,-19.28
-6.719999999999999,8.2,9.5505,0.060289,0.098436,-0.068966,0.070238,2.3,0.62289,478.0,8.1995,9.5505,95.505,1.8025128572969085,,,,Sand,,,Sand 2,2,2.94,20.76,-1.46,-19.28
-6.74,8.22,9.5147,0.060566,0.12504,-0.10345,0.070238,2.3,0.63052,479.0,8.2195,9.5147,95.14699999999999,1.8068400478248006,,,,Sand,,,Sand 2,2,2.94,20.76,-1.46,-19.28
-6.76,8.24,9.5377,0.0572,0.13511,-0.10345,0.086905,2.25,0.59691,480.0,8.2395,9.5377,95.377,1.7926496187468564,,,,Sand,,,Sand 2,2,2.94,20.76,-1.46,-19.28
-6.779999999999999,8.26,9.5799,0.0538,0.12504,-0.10345,0.070238,2.3,0.56333,481.0,8.2595,9.5799,95.79899999999999,1.7771963071123533,,,,Sand,,,Sand 2,2,2.94,20.76,-1.46,-19.28
-6.799999999999999,8.28,9.6154,0.0533,0.14638,-0.10345,0.10357,2.3,0.5593,482.0,8.2795,9.6154,96.154,1.774148410355746,,,,Sand,,,Sand 2,2,2.94,20.76,-1.46,-19.28
-6.82,8.3,9.6395,0.0529,0.13511,-0.10345,0.086905,2.3,0.55594,483.0,8.2995,9.6395,96.395,1.7718106269700895,,,,Sand,,,Sand 2,2,2.94,20.76,-1.46,-19.28
-6.84,8.32,9.6053,0.052422,0.098436,-0.068966,0.070238,2.3,0.55166,483.0,8.3195,9.6053,96.053,1.7712808323514528,,,,Sand,,,Sand 2,2,2.94,20.76,-1.46,-19.28
-6.859999999999999,8.34,9.3603,0.052183,0.098436,-0.068966,0.070238,2.2,0.54995,494.0,8.3395,9.3603,93.60300000000001,1.779986803206652,,,,Sand,,,Sand 2,2,2.94,20.76,-1.46,-19.28
-6.879999999999999,8.36,9.385,0.051762,0.16303,-0.13793,0.086905,2.3,0.5464,495.0,8.3595,9.385,93.85,1.7775066294071051,,,,Sand,,,Sand 2,2,2.94,20.76,-1.46,-19.28
-6.9,8.38,9.3999,0.05296,0.13475,-0.086207,0.10357,2.3,0.56011,496.0,8.3795,9.3999,93.99900000000001,1.7827488014535011,,,,Sand,,,Sand 2,2,2.94,20.76,-1.46,-19.28
-6.92,8.4,9.4358,0.054251,0.14638,-0.10345,0.10357,2.25,0.5746,497.0,8.3995,9.4358,94.358,1.7874125645552545,,,,Sand,,,Sand 2,2,2.94,20.76,-1.46,-19.28
-6.9399999999999995,8.42,9.468,0.055281,0.15861,-0.10345,0.12024,2.3,0.5846,498.0,8.4195,9.468,94.68,1.7902945933011234,,,,Sand,,,Sand 2,2,2.94,20.76,-1.46,-19.28
-6.959999999999999,8.44,9.4927,0.055665,0.12504,-0.10345,0.070238,2.3,0.58823,498.0,8.4395,9.4927,94.92699999999999,1.7908347054136113,,,,Sand,,,Sand 2,2,2.94,20.76,-1.46,-19.28
-6.98,8.46,9.4952,0.056158,0.18298,-0.13793,0.12024,2.25,0.59323,499.0,8.4595,9.4952,94.95200000000001,1.7927732981229871,,,,Sand,,,Sand 2,2,2.94,20.76,-1.46,-19.28
-7.0,8.48,9.4949,0.056661,0.15861,-0.10345,0.12024,2.3,0.59902,500.0,8.4795,9.4949,94.949,1.7951250967777292,,,,Sand,,,Sand 2,2,2.94,20.76,-1.46,-19.28
-7.02,8.5,9.478,0.057324,0.19434,-0.13793,0.1369,2.25,0.60703,501.0,8.4995,9.478,94.78,1.7989790481897225,,,,Sand,,,Sand 2,2,2.94,20.76,-1.46,-19.28
-7.039999999999999,8.52,9.4407,0.057708,0.15861,-0.10345,0.12024,2.25,0.61238,502.0,8.5195,9.4407,94.40699999999998,1.8025270433047909,,,,Sand,,,Sand 2,2,2.94,20.76,-1.46,-19.28
-7.059999999999999,8.54,9.4264,0.057522,0.1963,-0.15517,0.12024,2.3,0.61158,503.0,8.5395,9.4264,94.264,1.8027560806898801,,,,Sand,,,Sand 2,2,2.94,20.76,-1.46,-19.28
-7.08,8.56,9.3754,0.057325,0.18298,-0.13793,0.12024,2.2,0.61027,504.0,8.5595,9.3754,93.75400000000002,1.8041920842056811,,,,Sand,,,Sand 2,2,2.94,20.76,-1.46,-19.28
-7.1,8.58,9.3437,0.057012,0.2102,-0.17241,0.12024,2.15,0.60726,505.0,8.5795,9.3437,93.43700000000001,1.8042184873556404,,,,Sand,,,Sand 2,2,2.94,20.76,-1.46,-19.28
-7.119999999999999,8.6,9.3337,0.05672,0.20693,-0.15517,0.1369,2.25,0.60398,505.0,8.5995,9.3337,93.337,1.803298269975308,,,,Sand,,,Sand 2,2,2.94,20.76,-1.46,-19.28
-7.139999999999999,8.62,9.3512,0.056807,0.2102,-0.17241,0.12024,2.3,0.60428,506.0,8.6195,9.3512,93.512,1.8027414372777548,,,,Sand,,,Sand 2,2,2.94,20.76,-1.46,-19.28
-7.16,8.64,9.3986,0.057394,0.2102,-0.17241,0.12024,2.25,0.60909,507.0,8.6395,9.3986,93.986,1.802832420928527,,,,Sand,,,Sand 2,2,2.94,20.76,-1.46,-19.28
-7.18,8.66,9.4371,0.058333,0.22456,-0.18966,0.12024,2.25,0.61709,508.0,8.6595,9.4371,94.37099999999998,1.804525380662238,,,,Sand,,,Sand 2,2,2.94,20.76,-1.46,-19.28
-7.199999999999999,8.68,9.4617,0.059379,0.18298,-0.13793,0.12024,2.25,0.6261,509.0,8.6795,9.4617,94.617,1.8071227213233476,,,,Sand,,,Sand 2,2,2.94,20.76,-1.46,-19.28
-7.219999999999999,8.7,9.5048,0.06041,0.18656,-0.15517,0.10357,2.25,0.63528,510.0,8.6995,9.5048,95.04799999999999,1.8090582931498032,,,,Sand,,,Sand 2,2,2.94,20.76,-1.46,-19.28
-7.24,8.72,9.5526,0.061167,0.21832,-0.15517,0.15357,2.3,0.64223,511.0,8.7195,9.5526,95.52600000000001,1.8099407764562363,,,,Sand,,,Sand 2,2,2.94,20.76,-1.46,-19.28
-7.26,8.74,9.5837,0.061824,0.1992,-0.10345,0.17024,2.3,0.64843,512.0,8.7395,9.5837,95.837,1.811152903458439,,,,Sand,,,Sand 2,2,2.94,20.76,-1.46,-19.28
-7.279999999999999,8.76,9.5819,0.061673,0.18251,-0.12069,0.1369,2.3,0.64622,512.0,8.7595,9.5819,95.819,1.8103756505065418,,,,Sand,,,Sand 2,2,2.94,20.76,-1.46,-19.28
-7.299999999999999,8.78,9.553,0.060424,0.21832,-0.15517,0.15357,2.3,0.63251,513.0,8.7795,9.553,95.53,1.8061733331143213,,,,Sand,,,Sand 2,2,2.94,20.76,-1.46,-19.28
-7.32,8.8,9.5192,0.059733,0.25428,-0.17241,0.1869,2.3,0.62451,514.0,8.7995,9.5192,95.192,1.8043261567503153,,,,Sand,,,Sand 2,2,2.94,20.76,-1.46,-19.28
-7.34,8.82,9.5191,0.058898,0.22016,-0.17241,0.1369,2.25,0.61497,515.0,8.8195,9.5191,95.191,1.8005755952299816,,,,Sand,,,Sand 2,2,2.94,20.76,-1.46,-19.28
-7.359999999999999,8.84,9.5351,0.058961,0.28146,-0.22414,0.17024,2.25,0.61468,516.0,8.8395,9.5351,95.351,1.799856709813902,,,,Sand,,,Sand 2,2,2.94,20.76,-1.46,-19.28
-7.379999999999999,8.86,9.5791,0.059314,0.23229,-0.13793,0.1869,2.25,0.6176,517.0,8.8595,9.5791,95.791,1.7993563706184126,,,,Sand,,,Sand 2,2,2.94,20.76,-1.46,-19.28
-7.4,8.88,9.6467,0.059289,0.23089,-0.17241,0.15357,2.25,0.61705,518.0,8.8795,9.6467,96.46699999999998,1.7966128280649474,,,,Sand,,,Sand 2,2,2.94,20.76,-1.46,-19.28
-7.42,8.9,9.685,0.059219,0.23391,-0.18966,0.1369,2.3,0.61715,519.0,8.8995,9.685,96.85,1.7952297225583034,,,,Sand,,,Sand 2,2,2.94,20.76,-1.46,-19.28
-7.4399999999999995,8.92,9.6993,0.059332,0.23035,-0.15517,0.17024,2.3,0.62019,519.0,8.9195,9.6993,96.993,1.7959024060760753,,,,Sand,,,Sand 2,2,2.94,20.76,-1.46,-19.28
-7.459999999999999,8.94,9.6484,0.059399,0.26627,-0.18966,0.1869,2.3,0.62349,520.0,8.9395,9.6484,96.484,1.7990892012920376,,,,Sand,,,Sand 2,2,2.94,20.76,-1.46,-19.28
-7.48,8.96,9.5542,0.058834,0.29728,-0.15517,0.25357,2.3,0.62077,521.0,8.9595,9.5542,95.54199999999999,1.801540891670393,,,,Sand,,,Sand 2,2,2.94,20.76,-1.46,-19.28
-7.5,8.98,9.4167,0.057885,0.27413,-0.13793,0.2369,2.3,0.61351,522.0,8.9795,9.4167,94.167,1.8038912012486672,,,,Sand,,,Sand 2,2,2.94,20.76,-1.46,-19.28
-7.52,9.0,9.3045,0.056876,0.25597,-0.15517,0.20357,2.3,0.60414,523.0,8.9995,9.3045,93.045,1.8044941296874895,,,,Sand,,,Sand 2,2,2.94,20.76,-1.46,-19.28
-7.539999999999999,9.02,9.2605,0.056871,0.30347,-0.18966,0.2369,2.25,0.60292,524.0,9.0195,9.2605,92.605,1.8057207611330965,,,,Sand,,,Sand 2,2,2.94,20.76,-1.46,-19.28
-7.559999999999999,9.04,9.2522,0.057384,0.2459,-0.13793,0.20357,2.25,0.60459,525.0,9.0395,9.2522,92.522,1.8067105792589913,,,,Sand,,,Sand 2,2,2.94,20.76,-1.46,-19.28
-7.58,9.06,9.3449,0.057898,0.29064,-0.18966,0.22024,2.25,0.6036,525.0,9.0595,9.3449,93.44900000000001,1.8027133379310618,,,,Sand,,,Sand 2,2,2.94,20.76,-1.46,-19.28
-7.6,9.08,9.533,0.058937,0.26793,-0.2069,0.17024,2.25,0.60527,526.0,9.0795,9.533,95.33,1.796189996375585,,,,Sand,,,Sand 2,2,2.94,20.76,-1.46,-19.28
-7.619999999999999,9.1,9.7952,0.060138,0.31576,-0.24138,0.20357,2.25,0.6058,527.0,9.0995,9.7952,97.95199999999998,1.7866352730329818,,,,Sand,,,Sand 2,2,2.94,20.76,-1.46,-19.28
-7.639999999999999,9.12,10.024,0.062206,0.29025,-0.2069,0.20357,2.3,0.61293,528.0,9.1195,10.024,100.24,1.7812122421189776,,,,Sand,,,Sand 2,2,2.94,20.76,-1.46,-19.28
-7.66,9.14,10.223,0.064014,0.32727,-0.2069,0.25357,2.3,0.61561,529.0,9.1395,10.223,102.23,1.7752547117285207,,,,Sand,,,Sand 2,2,2.94,20.76,-1.46,-19.28
-7.68,9.16,10.465,0.064943,0.26941,-0.15517,0.22024,2.3,0.60893,530.0,9.1595,10.465,104.65,1.7642029066507854,,,,Sand,,,Sand 2,2,2.94,20.76,-1.46,-19.28
-7.699999999999999,9.18,10.78,0.065661,0.31423,-0.22414,0.22024,2.3,0.59997,531.0,9.1795,10.78,107.8,1.749950683742409,,,,Sand,,,Sand 2,2,2.94,20.76,-1.46,-19.28
-7.719999999999999,9.2,11.027,0.0652,0.29184,-0.22414,0.1869,2.25,0.57997,532.0,9.1995,11.027,110.27,1.7334833090652557,,,,Sand,,,Sand 2,2,2.94,20.76,-1.46,-19.28
-7.74,9.22,11.341,0.0648,0.31453,-0.2069,0.2369,2.3,0.56137,532.0,9.2195,11.341,113.41,1.7154170954481025,,,,Sand,,,Sand 2,2,2.94,20.76,-1.46,-19.28
-7.76,9.24,11.665,0.064322,0.30278,-0.22414,0.20357,2.3,0.54393,533.0,9.2395,11.665,116.65,1.6975850120189555,,,,Sand,,,Sand 2,2,2.94,20.76,-1.46,-19.28
-7.779999999999999,9.26,12.028,0.064503,0.31909,-0.25862,0.1869,2.3,0.53392,534.0,9.2595,12.028,120.28,1.6820444288753673,,,,Sand,,,Sand 2,2,2.94,20.76,-1.46,-19.28
-7.799999999999999,9.28,12.407,0.06415,0.30278,-0.22414,0.20357,2.25,0.52258,535.0,9.2795,12.407,124.07,1.6656601614635576,,,,Sand,,,Sand 2,2,2.94,20.76,-1.46,-19.28
-7.82,9.3,12.632,0.065782,0.26627,-0.18966,0.1869,2.25,0.53004,546.0,9.2995,12.632,126.32,1.6627048397558402,,,,Sand,,,Sand 2,2,2.94,20.76,-1.46,-19.28
-7.84,9.32,12.722,0.065156,0.32913,-0.25862,0.20357,2.25,0.52188,547.0,9.3195,12.722,127.22,1.6563446834201194,,,,Sand,,,Sand 2,2,2.94,20.76,-1.46,-19.28
-7.859999999999999,9.34,12.824,0.053963,0.35299,-0.27586,0.22024,2.25,0.43271,548.0,9.3395,12.824,128.24,1.6087427225458695,,,,Sand,,,Sand 2,2,2.94,20.76,-1.46,-19.28
-7.879999999999999,9.36,12.583,0.048229,0.30528,-0.24138,0.1869,2.3,0.38963,549.0,9.3595,12.583,125.83,1.5920579897840863,,,,Sand,,,Sand 2,2,2.94,20.76,-1.46,-19.28
-7.9,9.38,12.423,0.047852,0.31576,-0.24138,0.20357,2.3,0.39083,550.0,9.3795,12.423,124.23,1.597522175674164,,,,Sand,,,Sand 2,2,2.94,20.76,-1.46,-19.28
-7.92,9.4,12.259,0.039021,0.32675,-0.24138,0.22024,2.3,0.32405,550.0,9.3995,12.259,122.59,1.5628372899286973,,,,Sand,,,Sand 2,2,2.94,20.76,-1.46,-19.28
-7.9399999999999995,9.42,11.916,0.0387,0.30347,-0.18966,0.2369,2.3,0.32811,551.0,9.4195,11.916,119.16,1.576260401647462,,,,Sand,,,Sand 2,2,2.94,20.76,-1.46,-19.28
-7.959999999999999,9.44,11.666,0.0383,0.35372,-0.2069,0.2869,2.25,0.33111,552.0,9.4395,11.666,116.66,1.5862493351047653,,,,Sand,,,Sand 2,2,2.94,20.76,-1.46,-19.28
-7.98,9.46,11.556,0.038,0.33015,-0.18966,0.27024,2.3,0.33451,553.0,9.4595,11.556,115.56,1.5919596586453064,,,,Sand,,,Sand 2,2,2.94,20.76,-1.46,-19.28
-8.0,9.48,11.106,0.038476,0.2832,-0.15517,0.2369,2.3,0.34385,554.0,9.4795,11.106,111.06,1.6128019287870008,,,,Sand,,,Sand 2,2,2.94,20.76,-1.46,-19.28
-8.02,9.5,10.849,0.038935,0.31162,-0.15517,0.27024,2.3,0.3506,555.0,9.4995,10.849,108.49,1.625744120961119,,,,Sand,,,Sand 2,2,2.94,20.76,-1.46,-19.28
-8.04,9.52,10.762,0.039519,0.34034,-0.2069,0.27024,2.3,0.35629,556.0,9.5195,10.762,107.62,1.632125187284434,,,,Sand,,,Sand 2,2,2.94,20.76,-1.46,-19.28
-8.059999999999999,9.54,10.765,0.039651,0.30663,-0.17241,0.25357,2.3,0.35602,556.0,9.5395,10.765,107.65,1.631862856189953,,,,Sand,,,Sand 2,2,2.94,20.76,-1.46,-19.28
-8.08,9.56,10.898,0.036677,0.35009,-0.24138,0.25357,2.3,0.32501,557.0,9.5595,10.898,108.98,1.6087784171167632,,,,Sand,,,Sand 2,2,2.94,20.76,-1.46,-19.28
-8.1,9.58,11.239,0.034408,0.27823,-0.18966,0.20357,2.3,0.29882,558.0,9.5795,11.239,112.39,1.5804836413076682,,,,Sand,,,Sand 2,2,2.94,20.76,-1.46,-19.28
-8.12,9.6,11.557,0.034914,0.32727,-0.2069,0.25357,2.25,0.29623,559.0,9.5995,11.557,115.57,1.567939923026764,,,,Sand,,,Sand 2,2,2.94,20.76,-1.46,-19.28
-8.139999999999999,9.62,11.924,0.033501,0.31576,-0.24138,0.20357,2.25,0.27706,560.0,9.6195,11.924,119.24,1.543069607342168,,,,Sand,,,Sand 2,2,2.94,20.76,-1.46,-19.28
-8.16,9.64,12.283,0.032875,0.31576,-0.24138,0.20357,2.25,0.26453,561.0,9.6395,12.283,122.83,1.5228572601682673,,,,Sand,,,Sand 2,2,2.94,20.76,-1.46,-19.28
-8.18,9.66,12.69,0.035327,0.30278,-0.22414,0.20357,2.3,0.2768,562.0,9.6595,12.69,126.9,1.5185160728327813,,,,Sand,,,Sand 2,2,2.94,20.76,-1.46,-19.28
-8.2,9.68,12.933,0.040235,0.32613,-0.22414,0.2369,2.3,0.30717,563.0,9.6795,12.933,129.33,1.5314586563159733,,,,Sand,,,Sand 2,2,2.94,20.76,-1.46,-19.28
-8.219999999999999,9.7,13.208,0.042471,0.33821,-0.24138,0.2369,2.3,0.31571,564.0,9.6995,13.208,132.08,1.5289265356768014,,,,Sand,,,Sand 2,2,2.94,20.76,-1.46,-19.28
-8.24,9.72,13.588,0.047824,0.30218,-0.2069,0.22024,2.3,0.34518,564.0,9.7195,13.588,135.88,1.536810425438529,,,,Sand,,,Sand 2,2,2.94,20.76,-1.46,-19.28
-8.26,9.74,13.916,0.051687,0.33821,-0.24138,0.2369,2.25,0.36083,565.0,9.7395,13.916,139.16,1.5374535392331838,,,,Sand,,,Sand 2,2,2.94,20.76,-1.46,-19.28
-8.28,9.76,14.247,0.052815,0.33821,-0.24138,0.2369,2.25,0.35524,566.0,9.7595,14.247,142.47,1.5252173493016796,,,,Sand,,,Sand 2,2,2.94,20.76,-1.46,-19.28
-8.299999999999999,9.78,14.757,0.056971,0.31576,-0.24138,0.20357,2.25,0.36909,567.0,9.7795,14.757,147.57,1.5205864747318436,,,,Sand,,,Sand 2,2,2.94,20.76,-1.46,-19.28
-8.32,9.8,15.501,0.060445,0.28866,-0.13793,0.25357,2.25,0.37817,568.0,9.7995,15.501,155.01,1.5079071334374476,,,,Sand,,,Sand 2,2,2.94,20.76,-1.46,-19.28
-8.34,9.82,16.447,0.06998,0.23035,-0.15517,0.17024,2.25,0.42259,569.0,9.8195,16.447,164.47,1.5125732718436133,,,,Sand,,,Sand 2,2,2.94,20.76,-1.46,-19.28
-8.36,9.84,17.276,0.072934,0.1992,-0.10345,0.17024,2.3,0.42364,570.0,9.8395,17.276,172.76,1.4955267051445447,,,,Sand,,,Sand 2,2,2.94,20.76,-1.46,-19.28
-8.379999999999999,9.86,17.752,0.07529,0.24403,-0.18966,0.15357,2.25,0.41891,570.0,9.8595,17.752,177.52,1.4830389411436304,,,,Sand,,,Sand 2,2,2.94,20.76,-1.46,-19.28
-8.4,9.88,17.971,0.074714,0.20642,-0.13793,0.15357,2.25,0.39758,571.0,9.8795,17.971,179.71,1.4658516940483324,,,,Sand,,,Sand 2,2,2.94,20.76,-1.46,-19.28
-8.42,9.9,18.53,0.073149,0.2797,-0.17241,0.22024,2.3,0.37251,572.0,9.8995,18.53,185.3,1.4390978913899592,,,,Sand,,,Sand 2,2,2.94,20.76,-1.46,-19.28
-8.44,9.92,19.496,0.077892,0.30528,-0.24138,0.1869,2.25,0.38004,573.0,9.9195,19.496,194.96,1.4255719936215372,,,,Sand,,,Sand 2,2,2.94,20.76,-1.46,-19.28
-8.459999999999999,9.94,20.811,0.083167,0.32913,-0.25862,0.20357,2.3,0.39007,574.0,9.9395,20.811,208.11,1.40868071888679,,,,Sand,,,Sand 2,2,2.94,20.76,-1.46,-19.28
-8.48,9.96,22.054,0.085596,0.36203,-0.31005,0.1869,2.3,0.38629,575.0,9.9595,22.054,220.54,1.3856911798645062,,,,Sand,,,Sand 2,2,2.94,20.76,-1.46,-19.28
-8.5,9.98,23.206,0.088307,0.33969,-0.25862,0.22024,2.25,0.38443,576.0,9.9795,23.206,232.06,1.3665392657269144,,,,Sand,,,Sand 2,2,2.94,20.76,-1.46,-19.28
-8.52,10.0,24.147,0.092276,0.31423,-0.22414,0.22024,2.25,0.38971,577.0,9.9995,24.147,241.47,1.3561594012763851,,,,Sand,,,Sand 2,2,2.94,20.76,-1.46,-19.28
-8.54,10.02,24.352,0.096741,0.35009,-0.24138,0.25357,2.25,0.39978,577.0,10.02,24.352,243.52,1.3598849427875377,,,,Sand,,,Sand 2,2,2.94,20.76,-1.46,-19.28
-8.559999999999999,10.04,24.669,0.10121,0.34034,-0.2069,0.27024,2.25,0.41292,578.0,10.04,24.669,246.69,1.3639754858439228,,,,Sand,,,Sand 2,2,2.94,20.76,-1.46,-19.28
-8.58,10.06,25.034,0.1103,0.32618,-0.15517,0.2869,2.25,0.44839,579.0,10.06,25.034,250.34,1.3812427265827507,,,,Sand,,,Sand 2,2,2.94,20.76,-1.46,-19.28
-8.6,10.08,25.153,0.11997,0.33015,-0.18966,0.27024,2.25,0.49012,580.0,10.08,25.153,251.53,1.4043819637768216,,,,Sand,,,Sand 2,2,2.94,20.76,-1.46,-19.28
-8.62,10.1,24.973,0.12617,0.33472,-0.17241,0.2869,2.3,0.52074,581.0,10.1,24.973,249.73,1.4239304215579962,,,,Sand,,,Sand 2,2,2.94,20.76,-1.46,-19.28
-8.639999999999999,10.12,24.547,0.13578,0.33472,-0.17241,0.2869,2.35,0.56931,582.0,10.12,24.547,245.47,1.4552349339037216,,,,Sand,,,Sand 2,2,2.94,20.76,-1.46,-19.28
-8.66,10.14,23.921,0.14261,0.33015,-0.18966,0.27024,2.3,0.61204,583.0,10.14,23.921,239.21,1.4847114625585345,,,,Sand,,,Sand 2,2,2.94,20.76,-1.46,-19.28
-8.68,10.16,23.172,0.1329,0.38126,-0.2069,0.32024,2.3,0.58751,584.0,10.16,23.172,231.72,1.4829891480425526,,,,Sand,,,Sand 2,2,2.94,20.76,-1.46,-19.28
-8.7,10.18,22.368,0.1232,0.39088,-0.22414,0.32024,2.35,0.56245,585.0,10.18,22.368,223.68,1.4819912711991095,,,,Sand,,,Sand 2,2,2.94,20.76,-1.46,-19.28
-8.719999999999999,10.2,21.636,0.11351,0.39088,-0.22414,0.32024,2.3,0.53587,586.0,10.2,21.636,216.36,1.479370518817702,,,,Sand,,,Sand 2,2,2.94,20.76,-1.46,-19.28
-8.74,10.22,20.635,0.11359,0.38126,-0.2069,0.32024,2.35,0.5547,586.0,10.22,20.635,206.35,1.5047747241750404,,,,Sand,,,Sand 2,2,2.94,20.76,-1.46,-19.28
-8.76,10.24,19.714,0.11214,0.34392,-0.18966,0.2869,2.3,0.56298,587.0,10.24,19.714,197.14,1.5241427037700959,,,,Sand,,,Sand 2,2,2.94,20.76,-1.46,-19.28
-8.78,10.26,19.24,0.10976,0.37218,-0.18966,0.32024,2.1,0.56243,598.0,10.26,19.24,192.4,1.5320386657162952,,,,Sand,,,Sand 2,2,2.94,20.76,-1.46,-19.28
-8.799999999999999,10.28,18.766,0.10524,0.41162,-0.25862,0.32024,2.25,0.54682,599.0,10.28,18.766,187.66,1.5327704120908112,,,,Sand,,,Sand 2,2,2.94,20.76,-1.46,-19.28
-8.82,10.3,18.292,0.10333,0.4281,-0.24138,0.35357,2.25,0.54046,600.0,10.3,18.292,182.92,1.5383079737133682,,,,Sand,,,Sand 2,2,2.94,20.76,-1.46,-19.28
-8.84,10.32,18.698,0.10779,0.43279,-0.22414,0.37024,2.25,0.56423,601.0,10.32,18.698,186.98,1.5425375026573305,,,,Sand,,,Sand 2,2,2.94,20.76,-1.46,-19.28
-8.86,10.34,19.148,0.1094,0.44197,-0.24138,0.37024,2.25,0.57159,602.0,10.34,19.148,191.48,1.5380978938407528,,,,Sand,,,Sand 2,2,2.94,20.76,-1.46,-19.28
-8.879999999999999,10.36,19.477,0.10863,0.48462,-0.24138,0.42024,2.25,0.56538,603.0,10.36,19.477,194.77,1.5293704884537425,,,,Sand,,,Sand 2,2,2.94,20.76,-1.46,-19.28
-8.9,10.38,19.612,0.11222,0.48539,-0.2931,0.3869,2.25,0.58095,604.0,10.38,19.612,196.12,1.5345956481921432,,,,Sand,,,Sand 2,2,2.94,20.76,-1.46,-19.28
-8.92,10.4,19.605,0.11694,0.45351,-0.2069,0.40357,2.25,0.60483,604.0,10.4,19.605,196.05,1.5459913196191353,,,,Sand,,,Sand 2,2,2.94,20.76,-1.46,-19.28
-8.94,10.42,19.524,0.11811,0.50269,-0.27586,0.42024,2.25,0.61286,605.0,10.42,19.524,195.24,1.5510753366690606,,,,Sand,,,Sand 2,2,2.94,20.76,-1.46,-19.28
-8.959999999999999,10.44,19.351,0.11849,0.52212,-0.25862,0.45357,2.3,0.61798,606.0,10.44,19.351,193.51,1.556361169813689,,,,Sand,,,Sand 2,2,2.94,20.76,-1.46,-19.28
-8.98,10.46,19.121,0.11782,0.50771,-0.25862,0.4369,2.25,0.61697,607.0,10.46,19.121,191.21,1.5598527158729036,,,,Sand,,,Sand 2,2,2.94,20.76,-1.46,-19.28
-9.0,10.48,18.831,0.11749,0.46163,-0.22414,0.40357,2.3,0.61603,608.0,10.48,18.831,188.31,1.5644882710479648,,,,Sand,,,Sand 2,2,2.94,20.76,-1.46,-19.28
-9.02,10.5,18.651,0.11756,0.53087,-0.27586,0.45357,2.3,0.6152,609.0,10.5,18.651,186.51,1.567300018407534,,,,Sand,,,Sand 2,2,2.94,20.76,-1.46,-19.28
-9.04,10.52,18.697,0.11612,0.49853,-0.2069,0.45357,2.25,0.60471,610.0,10.52,18.697,186.97,1.5616808915960811,,,,Sand,,,Sand 2,2,2.94,20.76,-1.46,-19.28
-9.059999999999999,10.54,18.986,0.11589,0.5138,-0.24138,0.45357,2.25,0.59959,611.0,10.54,18.986,189.86,1.554202092911,,,,Sand,,,Sand 2,2,2.94,20.76,-1.46,-19.28
-9.08,10.56,19.419,0.11518,0.52212,-0.25862,0.45357,2.25,0.5918,611.0,10.56,19.419,194.19,1.5430485744803706,,,,Sand,,,Sand 2,2,2.94,20.76,-1.46,-19.28
-9.1,10.58,19.822,0.11598,0.55132,-0.25862,0.4869,2.25,0.59168,612.0,10.58,19.822,198.22,1.536170384162652,,,,Sand,,,Sand 2,2,2.94,20.76,-1.46,-19.28
-9.12,10.6,20.099,0.11713,0.55132,-0.25862,0.4869,2.25,0.59341,613.0,10.6,20.099,200.99,1.5323954264138788,,,,Sand,,,Sand 2,2,2.94,20.76,-1.46,-19.28
-9.139999999999999,10.62,20.12,0.11759,0.59594,-0.25862,0.5369,2.25,0.59246,614.0,10.619,20.12,201.2,1.531599051880144,,,,Sand,,,Sand 2,2,2.94,20.76,-1.46,-19.28
-9.16,10.64,19.914,0.1182,0.54518,-0.27586,0.47024,2.25,0.5934,615.0,10.639,19.914,199.14,1.5354507972393758,,,,Sand,,,Sand 2,2,2.94,20.76,-1.46,-19.28
-9.18,10.66,19.762,0.1192,0.56609,-0.25862,0.50357,2.3,0.59675,616.0,10.659,19.762,197.62,1.5395699549731998,,,,Sand,,,Sand 2,2,2.94,20.76,-1.46,-19.28
-9.2,10.68,19.784,0.11748,0.60562,-0.31005,0.52024,2.3,0.58683,617.0,10.679,19.784,197.84,1.5345016020375386,,,,Sand,,,Sand 2,2,2.94,20.76,-1.46,-19.28
-9.219999999999999,10.7,19.861,0.1169,0.61169,-0.2931,0.5369,2.25,0.58323,618.0,10.699,19.861,198.61,1.5314899981853478,,,,Sand,,,Sand 2,2,2.94,20.76,-1.46,-19.28
-9.24,10.72,19.985,0.1178,0.63762,-0.34395,0.5369,2.3,0.58798,618.0,10.719,19.985,199.85,1.5316954794680673,,,,Sand,,,Sand 2,2,2.94,20.76,-1.46,-19.28
-9.26,10.74,20.273,0.11958,0.58651,-0.327,0.4869,2.25,0.59823,619.0,10.739,20.273,202.73,1.5318308901425963,,,,Sand,,,Sand 2,2,2.94,20.76,-1.46,-19.28
-9.28,10.76,20.462,0.12028,0.61999,-0.31005,0.5369,2.25,0.60382,620.0,10.759,20.462,204.62,1.5314101879262805,,,,Sand,,,Sand 2,2,2.94,20.76,-1.46,-19.28
-9.299999999999999,10.78,20.312,0.11941,0.61446,-0.327,0.52024,2.25,0.60184,621.0,10.779,20.312,203.12,1.5328995992875996,,,,Sand,,,Sand 2,2,2.94,20.76,-1.46,-19.28
-9.32,10.8,19.835,0.11876,0.63448,-0.31005,0.55357,2.3,0.60135,622.0,10.799,19.835,198.35,1.5405098592697555,,,,Sand,,,Sand 2,2,2.94,20.76,-1.46,-19.28
-9.34,10.82,19.406,0.1186,0.65171,-0.34395,0.55357,2.3,0.6051,623.0,10.819,19.406,194.06,1.549494395121053,,,,Sand,,,Sand 2,2,2.94,20.76,-1.46,-19.28
-9.36,10.84,19.22,0.11947,0.61849,-0.27586,0.55357,2.3,0.61645,624.0,10.839,19.22,192.2,1.557907159288333,,,,Sand,,,Sand 2,2,2.94,20.76,-1.46,-19.28
-9.379999999999999,10.86,19.232,0.11922,0.64293,-0.327,0.55357,2.25,0.62317,625.0,10.859,19.232,192.32,1.5607576464689317,,,,Sand,,,Sand 2,2,2.94,20.76,-1.46,-19.28
-9.4,10.88,19.247,0.11695,0.66081,-0.3609,0.55357,2.25,0.61769,626.0,10.879,19.247,192.47,1.558009028225972,,,,Sand,,,Sand 2,2,2.94,20.76,-1.46,-19.28
-9.42,10.9,19.093,0.11661,0.68025,-0.34395,0.5869,2.3,0.61991,626.0,10.899,19.093,190.93,1.561675226562447,,,,Sand,,,Sand 2,2,2.94,20.76,-1.46,-19.28
-9.44,10.92,18.698,0.11592,0.64907,-0.31005,0.57024,2.3,0.61864,627.0,10.919,18.698,186.98,1.568024767545117,,,,Sand,,,Sand 2,2,2.94,20.76,-1.46,-19.28
-9.459999999999999,10.94,18.32,0.11518,0.66376,-0.31005,0.5869,2.3,0.61658,628.0,10.939,18.32,183.2,1.573882962037862,,,,Sand,,,Sand 2,2,2.94,20.76,-1.46,-19.28
-9.48,10.96,18.25,0.11543,0.65733,-0.327,0.57024,2.3,0.61985,629.0,10.959,18.25,182.5,1.5766323680922443,,,,Sand,,,Sand 2,2,2.94,20.76,-1.46,-19.28
-9.5,10.98,18.434,0.11619,0.66593,-0.34395,0.57024,2.25,0.6254,630.0,10.979,18.434,184.34,1.5757883802346022,,,,Sand,,,Sand 2,2,2.94,20.76,-1.46,-19.28
-9.52,11.0,18.624,0.11397,0.68025,-0.34395,0.5869,2.25,0.61351,631.0,10.999,18.624,186.24,1.5670128794243365,,,,Sand,,,Sand 2,2,2.94,20.76,-1.46,-19.28
-9.54,11.02,18.775,0.11226,0.71758,-0.3609,0.62024,2.3,0.60266,632.0,11.019,18.775,187.75,1.5593478400044014,,,,Sand,,,Sand 2,2,2.94,20.76,-1.46,-19.28
-9.559999999999999,11.04,18.789,0.11245,0.74054,-0.37785,0.6369,2.3,0.60106,633.0,11.039,18.789,187.89,1.5583591576877378,,,,Sand,,,Sand 2,2,2.94,20.76,-1.46,-19.28
-9.58,11.06,18.736,0.11205,0.69468,-0.34395,0.60357,2.35,0.59545,633.0,11.059,18.736,187.36,1.5566951625974952,,,,Sand,,,Sand 2,2,2.94,20.76,-1.46,-19.28
-9.6,11.08,18.681,0.11191,0.71758,-0.3609,0.62024,2.3,0.59018,634.0,11.079,18.681,186.81,1.5552144311468143,,,,Sand,,,Sand 2,2,2.94,20.76,-1.46,-19.28
-9.62,11.1,18.732,0.11247,0.74054,-0.37785,0.6369,2.3,0.58831,635.0,11.099,18.732,187.32,1.553423706348098,,,,Sand,,,Sand 2,2,2.94,20.76,-1.46,-19.28
-9.639999999999999,11.12,18.898,0.1011,0.70921,-0.34395,0.62024,2.3,0.52521,636.0,11.119,18.898,188.98,1.5194963841113407,,,,Sand,,,Sand 2,2,2.94,20.76,-1.46,-19.28
-9.66,11.14,19.302,0.0898,0.75492,-0.37785,0.65357,2.3,0.46314,637.0,11.139,19.302,193.02,1.4789469726856543,,,,Sand,,,Sand 2,2,2.94,20.76,-1.46,-19.28
-9.68,11.16,19.782,0.0882,0.75333,-0.34395,0.67024,2.3,0.45146,638.0,11.159,19.782,197.82,1.4637624565959013,,,,Sand,,,Sand 2,2,2.94,20.76,-1.46,-19.28
-9.7,11.18,20.018,0.0866,0.68645,-0.327,0.60357,2.3,0.44008,639.0,11.179,20.018,200.18,1.4530190965747944,,,,Sand,,,Sand 2,2,2.94,20.76,-1.46,-19.28
-9.719999999999999,11.2,19.847,0.085043,0.78313,-0.34395,0.70357,2.25,0.42833,640.0,11.199,19.847,198.47,1.449077610081869,,,,Sand,,,Sand 2,2,2.94,20.76,-1.46,-19.28
-9.74,11.22,19.853,0.086988,0.71758,-0.3609,0.62024,2.05,0.43505,670.0,11.219,19.853,198.53,1.4529559744080487,,,,Sand,,,Sand 2,2,2.94,20.76,-1.46,-19.28
-9.76,11.24,19.86,0.088535,0.72625,-0.37785,0.62024,2.2,0.44165,671.0,11.239,19.86,198.6,1.4567062176015793,,,,Sand,,,Sand 2,2,2.94,20.76,-1.46,-19.28
-9.78,11.26,19.866,0.090354,0.75492,-0.37785,0.65357,2.25,0.4518,672.0,11.259,19.866,198.66,1.4624828412761328,,,,Sand,,,Sand 2,2,2.94,20.76,-1.46,-19.28
-9.799999999999999,11.28,20.31,0.097438,0.75492,-0.37785,0.65357,2.25,0.48993,673.0,11.279,20.31,203.1,1.476232427884244,,,,Sand,,,Sand 2,2,2.94,20.76,-1.46,-19.28
-9.82,11.3,20.425,0.10196,0.79072,-0.3609,0.70357,2.25,0.5177,674.0,11.299,20.425,204.25,1.4892031605145992,,,,Sand,,,Sand 2,2,2.94,20.76,-1.46,-19.28
-9.84,11.32,20.191,0.10417,0.80558,-0.3609,0.72024,2.25,0.53598,674.0,11.319,20.191,201.91,1.5025778911769059,,,,Sand,,,Sand 2,2,2.94,20.76,-1.46,-19.28
-9.86,11.34,19.634,0.10765,0.82387,-0.4287,0.70357,2.3,0.56306,675.0,11.339,19.634,196.34,1.52554406536392,,,,Sand,,,Sand 2,2,2.94,20.76,-1.46,-19.28
-9.879999999999999,11.36,18.967,0.11013,0.82133,-0.3948,0.72024,2.25,0.58998,676.0,11.359,18.967,189.67,1.550040569334481,,,,Sand,,,Sand 2,2,2.94,20.76,-1.46,-19.28
-9.9,11.38,18.313,0.11078,0.8296,-0.41175,0.72024,2.25,0.61218,677.0,11.379,18.313,183.13,1.572016295249673,,,,Sand,,,Sand 2,2,2.94,20.76,-1.46,-19.28
-9.92,11.4,17.769,0.10972,0.83814,-0.4287,0.72024,2.3,0.62779,678.0,11.399,17.769,177.69,1.5890778974656277,,,,Sand,,,Sand 2,2,2.94,20.76,-1.46,-19.28
-9.94,11.42,17.345,0.10686,0.87336,-0.41175,0.77024,2.3,0.63432,679.0,11.419,17.345,173.45,1.600014489968389,,,,Sand,,,Sand 2,2,2.94,20.76,-1.46,-19.28
-9.959999999999999,11.44,16.691,0.10383,0.89608,-0.4287,0.7869,2.25,0.63842,680.0,11.439,16.691,166.91,1.6146651580044797,,,,Sand,,,Sand 2,2,2.94,20.76,-1.46,-19.28
-9.98,11.46,15.853,0.10219,0.86695,-0.4287,0.75357,2.3,0.64844,681.0,11.459,15.853,158.53,1.6362677602316564,,,,Sand,,,Sand 2,2,2.94,20.76,-1.46,-19.28
-10.0,11.48,15.239,0.10038,0.82052,-0.3609,0.7369,2.3,0.65441,681.0,11.479,15.239,152.39,1.6521095974863196,,,,Sand,,,Sand 2,2,2.94,20.76,-1.46,-19.28
-10.02,11.5,14.601,0.09629,0.85071,-0.3948,0.75357,2.3,0.64269,682.0,11.499,14.601,146.01,1.6617532801469226,,,,Sand,,,Sand 2,2,2.94,20.76,-1.46,-19.28
-10.04,11.52,14.298,0.092861,0.88148,-0.4287,0.77024,2.3,0.6318,683.0,11.519,14.298,142.98,1.6643568787577123,,,,Sand,,,Sand 2,2,2.94,20.76,-1.46,-19.28
-10.059999999999999,11.54,14.284,0.0888,0.88809,-0.41175,0.7869,2.25,0.61255,684.0,11.539,14.284,142.84,1.6564884634075543,,,,Sand,,,Sand 2,2,2.94,20.76,-1.46,-19.28
-10.08,11.56,14.406,0.085781,0.8655,-0.3948,0.77024,2.3,0.59777,685.0,11.559,14.406,144.06,1.64711828041918,,,,Sand,,,Sand 2,2,2.94,20.76,-1.46,-19.28
-10.1,11.58,14.487,0.083482,0.93345,-0.44565,0.82024,2.3,0.5856,686.0,11.579,14.487,144.87,1.6397845167838203,,,,Sand,,,Sand 2,2,2.94,20.76,-1.46,-19.28
-10.12,11.6,14.416,0.081648,0.91075,-0.4287,0.80357,2.3,0.57603,687.0,11.599,14.416,144.16,1.6371929105403975,,,,Sand,,,Sand 2,2,2.94,20.76,-1.46,-19.28
-10.139999999999999,11.62,14.245,0.0738,0.90431,-0.44565,0.7869,2.25,0.52491,688.0,11.619,14.245,142.45,1.6175611440756033,,,,Sand,,,Sand 2,2,2.94,20.76,-1.46,-19.28
-10.16,11.64,14.064,0.066,0.93268,-0.41175,0.8369,2.3,0.47875,689.0,11.639,14.064,140.64,1.5992473293413112,,,,Sand,,,Sand 2,2,2.94,20.76,-1.46,-19.28
-10.18,11.66,13.845,0.0645,0.91776,-0.41175,0.82024,2.25,0.47775,689.0,11.659,13.845,138.45,1.6043766045180123,,,,Sand,,,Sand 2,2,2.94,20.76,-1.46,-19.28
-10.2,11.68,13.645,0.063,0.95515,-0.4287,0.85357,2.3,0.47757,690.0,11.679,13.645,136.45,1.60952267570539,,,,Sand,,,Sand 2,2,2.94,20.76,-1.46,-19.28
-10.219999999999999,11.7,13.368,0.061461,0.91884,-0.44565,0.80357,2.3,0.47762,691.0,11.699,13.368,133.68,1.6169436513256763,,,,Sand,,,Sand 2,2,2.94,20.76,-1.46,-19.28
-10.24,11.72,12.216,0.061516,0.93344,-0.37785,0.85357,1.95,0.49044,698.0,11.719,12.216,122.16,1.6559142418076385,,,,Sand,,,Sand 2,2,2.94,20.76,-1.46,-19.28
-10.26,11.74,12.206,0.060286,0.93268,-0.41175,0.8369,2.25,0.49271,699.0,11.739,12.206,122.06,1.6573147780858357,,,,Sand,,,Sand 2,2,2.94,20.76,-1.46,-19.28
-10.28,11.76,11.944,0.06047,0.97768,-0.44565,0.87024,2.25,0.50578,700.0,11.759,11.944,119.44,1.67144752501914,,,,Sand,,,Sand 2,2,2.94,20.76,-1.46,-19.28
-10.299999999999999,11.78,11.655,0.062556,1.0081,-0.41175,0.92024,2.25,0.5335,701.0,11.779,11.655,116.55,1.693174947511153,,,,Sand,,,Sand 2,2,2.94,20.76,-1.46,-19.28
-10.32,11.8,11.465,0.06201,0.97007,-0.4287,0.87024,2.25,0.53161,702.0,11.799,11.465,114.65,1.698237891165987,,,,Sand,,,Sand 2,2,2.94,20.76,-1.46,-19.28
-10.34,11.82,11.385,0.060938,0.99294,-0.41175,0.90357,2.3,0.52337,703.0,11.819,11.385,113.85,1.6970021501988464,,,,Sand,,,Sand 2,2,2.94,20.76,-1.46,-19.28
-10.36,11.84,11.407,0.060645,0.98505,-0.4287,0.8869,2.3,0.5183,704.0,11.839,11.407,114.07,1.693967700841899,,,,Sand,,,Sand 2,2,2.94,20.76,-1.46,-19.28
-10.379999999999999,11.86,11.527,0.060059,1.0598,-0.46259,0.95357,2.25,0.50837,705.0,11.859,11.527,115.27,1.6855480509421616,,,,Sand,,,Sand 2,2,2.94,20.76,-1.46,-19.28
-10.4,11.88,11.728,0.059893,1.0299,-0.46259,0.92024,2.25,0.50072,705.0,11.879,11.728,117.28,1.6756575941428347,,,,Sand,,,Sand 2,2,2.94,20.76,-1.46,-19.28
-10.42,11.9,12.037,0.060232,1.0081,-0.41175,0.92024,2.3,0.49696,706.0,11.899,12.037,120.37,1.6644231657920474,,,,Sand,,,Sand 2,2,2.94,20.76,-1.46,-19.28
-10.44,11.92,12.403,0.063932,1.0375,-0.44565,0.9369,2.3,0.52109,707.0,11.919,12.403,124.03,1.6650778076783164,,,,Sand,,,Sand 2,2,2.94,20.76,-1.46,-19.28
-10.459999999999999,11.94,12.561,0.067746,1.032,-0.3948,0.95357,2.3,0.54751,708.0,11.939,12.561,125.61,1.6727492142946379,,,,Sand,,,Sand 2,2,2.94,20.76,-1.46,-19.28
-10.48,11.96,12.642,0.070597,1.076,-0.4287,0.9869,2.3,0.56867,709.0,11.959,12.642,126.42,1.6799644885142362,,,,Sand,,,Sand 2,2,2.94,20.76,-1.46,-19.28
-10.5,11.98,12.656,0.071239,1.0598,-0.46259,0.95357,2.3,0.57529,710.0,11.979,12.656,126.56,1.6824955114972704,,,,Sand,,,Sand 2,2,2.94,20.76,-1.46,-19.28
-10.52,12.0,12.597,0.070668,1.076,-0.4287,0.9869,2.25,0.57582,711.0,11.999,12.597,125.97,1.6843782947154113,,,,Sand,,,Sand 2,2,2.94,20.76,-1.46,-19.28
-10.54,12.02,12.366,0.070496,1.0677,-0.44565,0.97024,2.25,0.5824,712.0,12.019,12.366,123.66,1.6937867049233177,,,,Sand,,,Sand 2,2,2.94,20.76,-1.46,-19.28
-10.559999999999999,12.04,12.055,0.070458,1.0386,-0.41175,0.95357,2.25,0.59239,712.0,12.039,12.055,120.55,1.7070813069916666,,,,Sand,,,Sand 2,2,2.94,20.76,-1.46,-19.28
-10.58,12.06,11.784,0.069839,1.0972,-0.47954,0.9869,2.25,0.6003,713.0,12.059,11.784,117.84,1.7184648281065023,,,,Sand,,,Sand 2,2,2.94,20.76,-1.46,-19.28
-10.6,12.08,11.521,0.068327,1.105,-0.46259,1.0036,2.3,0.60284,714.0,12.079,11.521,115.21,1.7275138453003849,,,,Sand,,,Sand 2,2,2.94,20.76,-1.46,-19.28
-10.62,12.1,11.214,0.067058,1.1066,-0.4287,1.0202,2.25,0.60873,715.0,12.099,11.214,112.14,1.7395255328745276,,,,Sand,,,Sand 2,2,2.94,20.76,-1.46,-19.28
-10.639999999999999,12.12,10.957,0.066103,1.1286,-0.44565,1.0369,2.35,0.6183,716.0,12.119,10.957,109.57,1.7516580313737664,,,,Sand,,,Sand 2,2,2.94,20.76,-1.46,-19.28
-10.66,12.14,10.577,0.063903,1.1747,-0.44565,1.0869,2.3,0.6172,717.0,12.139,10.577,105.77,1.7637540370911649,,,,Sand,,,Sand 2,2,2.94,20.76,-1.46,-19.28
-10.68,12.16,10.198,0.0588,1.1727,-0.47954,1.0702,2.3,0.58745,718.0,12.159,10.198,101.98,1.7646534617489371,,,,Sand,,,Sand 2,2,2.94,20.76,-1.46,-19.28
-10.7,12.18,9.8213,0.0537,1.1354,-0.46259,1.0369,2.3,0.55702,719.0,12.179,9.8213,98.21300000000001,1.7654718669726068,,,,Sand,,,Sand 2,2,2.94,20.76,-1.46,-19.28
-10.719999999999999,12.2,9.4549,0.0522,1.1354,-0.46259,1.0369,2.35,0.56168,719.0,12.199,9.4549,94.54899999999999,1.7812832523064568,,,,Sand,,,Sand 2,2,2.94,20.76,-1.46,-19.28
-10.74,12.22,9.0843,0.0506,1.1202,-0.46259,1.0202,2.3,0.56338,720.0,12.219,9.0843,90.84300000000002,1.7965851200580578,,,,Sand,,,Sand 2,2,2.94,20.76,-1.46,-19.28
-10.76,12.24,8.7671,0.049054,1.1659,-0.46259,1.0702,2.3,0.56367,721.0,12.239,8.7671,87.67099999999999,1.8097122189916397,,,,Sand,,,Sand 2,2,2.94,20.76,-1.46,-19.28
-10.78,12.26,8.2645,0.048703,1.1286,-0.44565,1.0369,2.25,0.57595,732.0,12.259,8.2645,82.645,1.8363797698108444,,,,Sand,,,Sand 2,2,2.94,20.76,-1.46,-19.28
-10.799999999999999,12.28,8.1805,0.047682,1.1424,-0.47954,1.0369,2.25,0.57819,733.0,12.279,8.1805,81.805,1.841031562803228,,,,Sand,,,Sand 2,2,2.94,20.76,-1.46,-19.28
-10.82,12.3,8.0805,0.04696,1.1812,-0.46259,1.0869,2.25,0.58127,734.0,12.299,8.0805,80.805,1.8467807500141045,,,,Sand,,,Sand 2,2,2.94,20.76,-1.46,-19.28
-10.84,12.32,7.9677,0.046654,1.1646,-0.49649,1.0536,2.25,0.58686,735.0,12.319,7.9677,79.67699999999999,1.854161998204758,,,,Sand,,,Sand 2,2,2.94,20.76,-1.46,-19.28
-10.86,12.34,7.8493,0.046521,1.1354,-0.46259,1.0369,2.3,0.58936,736.0,12.339,7.8493,78.493,1.860648126448782,,,,Sand,,,Sand 2,2,2.94,20.76,-1.46,-19.28
-10.879999999999999,12.36,7.7806,0.046044,1.1529,-0.4287,1.0702,2.3,0.58494,737.0,12.359,7.7806,77.806,1.8621461879229466,,,,Sand,,,Sand 2,2,2.94,20.76,-1.46,-19.28
-10.9,12.38,7.7403,0.045308,1.1747,-0.44565,1.0869,2.25,0.57411,738.0,12.379,7.7403,77.403,1.8597737346809609,,,,Sand,,,Sand 2,2,2.94,20.76,-1.46,-19.28
-10.92,12.4,7.7343,0.044542,1.1727,-0.47954,1.0702,2.25,0.55814,739.0,12.399,7.7343,77.343,1.8536408510138307,,,,Sand,,,Sand 2,2,2.94,20.76,-1.46,-19.28
-10.94,12.42,7.8143,0.044686,1.1812,-0.46259,1.0869,2.25,0.54834,740.0,12.419,7.8143,78.143,1.8458202682641411,,,,Sand,,,Sand 2,2,2.94,20.76,-1.46,-19.28
-10.959999999999999,12.44,8.0057,0.045351,1.1879,-0.47954,1.0869,2.3,0.53993,741.0,12.439,8.0057,80.05699999999999,1.8333533080487991,,,,Sand,,,Sand 2,2,2.94,20.76,-1.46,-19.28
-10.98,12.46,8.2432,0.046154,1.2428,-0.46259,1.1536,2.3,0.52776,741.0,12.459,8.2432,82.432,1.8173620029516007,,,,Sand,,,Sand 2,2,2.94,20.76,-1.46,-19.28
-11.0,12.48,8.6758,0.04674,1.1879,-0.47954,1.0869,2.25,0.50718,742.0,12.479,8.6758,86.75800000000001,1.7894134897744003,,,,Sand,,,Sand 2,2,2.94,20.76,-1.46,-19.28
-11.02,12.5,9.2014,0.047649,1.2405,-0.49649,1.1369,2.3,0.4848,743.0,12.499,9.2014,92.014,1.7574184718835533,,,,Sand,,,Sand 2,2,2.94,20.76,-1.46,-19.28
-11.04,12.52,9.7814,0.04956,1.2274,-0.46259,1.1369,2.25,0.46927,744.0,12.519,9.7814,97.814,1.727381757501291,,,,Sand,,,Sand 2,2,2.94,20.76,-1.46,-19.28
-11.059999999999999,12.54,10.506,0.050705,1.215,-0.4287,1.1369,2.25,0.44724,745.0,12.539,10.506,105.06,1.6900220768258931,,,,Sand,,,Sand 2,2,2.94,20.76,-1.46,-19.28
-11.08,12.56,11.498,0.056241,1.2626,-0.51344,1.1536,2.25,0.4658,746.0,12.559,11.498,114.98,1.6659063037396034,,,,Sand,,,Sand 2,2,2.94,20.76,-1.46,-19.28
-11.1,12.58,12.717,0.06437,1.2931,-0.51344,1.1869,2.2,0.50693,747.0,12.579,12.717,127.17,1.6493738255972044,,,,Sand,,,Sand 2,2,2.94,20.76,-1.46,-19.28
-11.12,12.6,13.866,0.068719,1.2865,-0.49649,1.1869,2.25,0.52217,748.0,12.599,13.866,138.66,1.6257935962495693,,,,Sand,,,Sand 2,2,2.94,20.76,-1.46,-19.28
-11.139999999999999,12.62,14.452,0.072914,1.2522,-0.44565,1.1702,2.25,0.54212,748.0,12.619,14.452,144.52,1.6206748154681572,,,,Sand,,,Sand 2,2,2.94,20.76,-1.46,-19.28
-11.16,12.64,14.571,0.076126,1.3019,-0.49649,1.2036,2.3,0.5613,749.0,12.639,14.571,145.71,1.6267480096864784,,,,Sand,,,Sand 2,2,2.94,20.76,-1.46,-19.28
-11.18,12.66,14.192,0.078606,1.2522,-0.44565,1.1702,2.25,0.58226,750.0,12.659,14.192,141.92,1.6454374746028768,,,,Sand,,,Sand 2,2,2.94,20.76,-1.46,-19.28
-11.2,12.68,13.479,0.079261,1.3019,-0.49649,1.2036,2.3,0.59639,751.0,12.679,13.479,134.79,1.6696102048171773,,,,Sand,,,Sand 2,2,2.94,20.76,-1.46,-19.28
-11.219999999999999,12.7,12.822,0.078892,1.2646,-0.47954,1.1702,2.3,0.60566,752.0,12.699,12.822,128.22,1.6910432371550053,,,,Sand,,,Sand 2,2,2.94,20.76,-1.46,-19.28
-11.24,12.72,12.399,0.077721,1.2405,-0.49649,1.1369,2.3,0.60871,753.0,12.719,12.399,123.99,1.7040846847427658,,,,Sand,,,Sand 2,2,2.94,20.76,-1.46,-19.28
-11.26,12.74,12.222,0.075359,1.2626,-0.51344,1.1536,2.25,0.59855,754.0,12.739,12.222,122.22,1.7048474281358326,,,,Sand,,,Sand 2,2,2.94,20.76,-1.46,-19.28
-11.28,12.76,12.184,0.073665,1.2918,-0.54734,1.1702,2.2,0.58805,755.0,12.759,12.184,121.84,1.701463544818982,,,,Sand,,,Sand 2,2,2.94,20.76,-1.46,-19.28
-11.299999999999999,12.78,12.338,0.071215,1.3221,-0.54734,1.2036,2.3,0.56673,756.0,12.779,12.338,123.38,1.6877284223474573,,,,Sand,,,Sand 2,2,2.94,20.76,-1.46,-19.28
-11.32,12.8,12.51,0.069241,1.2712,-0.49649,1.1702,2.25,0.54666,756.0,12.799,12.51,125.1,1.6738114932107657,,,,Sand,,,Sand 2,2,2.94,20.76,-1.46,-19.28
-11.34,12.82,12.77,0.068343,1.3085,-0.51344,1.2036,2.25,0.53438,757.0,12.819,12.77,127.7,1.6608417329950345,,,,Sand,,,Sand 2,2,2.94,20.76,-1.46,-19.28
-11.36,12.84,12.971,0.069786,1.2931,-0.51344,1.1869,2.3,0.5402,758.0,12.839,12.971,129.71,1.6579750479636794,,,,Sand,,,Sand 2,2,2.94,20.76,-1.46,-19.28
-11.379999999999999,12.86,13.135,0.068909,1.2931,-0.51344,1.1869,2.25,0.52862,759.0,12.859,13.135,131.35,1.6481083363865643,,,,Sand,,,Sand 2,2,2.94,20.76,-1.46,-19.28
-11.4,12.88,13.199,0.06746,1.3173,-0.49649,1.2202,2.3,0.51314,760.0,12.879,13.199,131.99,1.6390174765224128,,,,Sand,,,Sand 2,2,2.94,20.76,-1.46,-19.28
-11.42,12.9,13.207,0.068861,1.2779,-0.51344,1.1702,2.3,0.51941,761.0,12.899,13.207,132.07,1.6418005056741392,,,,Sand,,,Sand 2,2,2.94,20.76,-1.46,-19.28
-11.44,12.92,13.219,0.067928,1.3141,-0.56429,1.1869,2.3,0.50861,762.0,12.919,13.219,132.19,1.6362928169907178,,,,Sand,,,Sand 2,2,2.94,20.76,-1.46,-19.28
-11.459999999999999,12.94,13.274,0.068792,1.3221,-0.54734,1.2036,2.3,0.51159,763.0,12.939,13.274,132.74,1.636245789588555,,,,Sand,,,Sand 2,2,2.94,20.76,-1.46,-19.28
-11.48,12.96,13.396,0.070069,1.3152,-0.53039,1.2036,2.25,0.51744,764.0,12.959,13.396,133.96,1.635790412585404,,,,Sand,,,Sand 2,2,2.94,20.76,-1.46,-19.28
-11.5,12.98,13.659,0.072578,1.3373,-0.54734,1.2202,2.3,0.53178,764.0,12.979,13.659,136.59,1.6357003742406053,,,,Sand,,,Sand 2,2,2.94,20.76,-1.46,-19.28
-11.52,13.0,13.756,0.073022,1.3173,-0.49649,1.2202,2.25,0.53134,765.0,12.999,13.756,137.56,1.632985699353265,,,,Sand,,,Sand 2,2,2.94,20.76,-1.46,-19.28
-11.54,13.02,13.863,0.071947,1.3152,-0.53039,1.2036,2.3,0.52112,766.0,13.019,13.863,138.63,1.6253662868375336,,,,Sand,,,Sand 2,2,2.94,20.76,-1.46,-19.28
-11.559999999999999,13.04,13.956,0.068938,1.3525,-0.54734,1.2369,2.25,0.49972,767.0,13.039,13.956,139.56,1.6125499427597536,,,,Sand,,,Sand 2,2,2.94,20.76,-1.46,-19.28
-11.58,13.06,14.06,0.066421,1.3765,-0.53039,1.2702,2.3,0.4848,768.0,13.059,14.06,140.6,1.6024251792377744,,,,Sand,,,Sand 2,2,2.94,20.76,-1.46,-19.28
-11.6,13.08,13.979,0.065113,1.3855,-0.51344,1.2869,2.3,0.48016,769.0,13.079,13.979,139.79,1.6021423876208254,,,,Sand,,,Sand 2,2,2.94,20.76,-1.46,-19.28
-11.62,13.1,13.779,0.063,1.401,-0.51344,1.3036,2.3,0.47049,770.0,13.099,13.779,137.79,1.6023818961556655,,,,Sand,,,Sand 2,2,2.94,20.76,-1.46,-19.28
-11.639999999999999,13.12,13.308,0.0608,1.3831,-0.54734,1.2702,2.3,0.46276,771.0,13.119,13.308,133.08,1.6109833303549186,,,,Sand,,,Sand 2,2,2.94,20.76,-1.46,-19.28
-11.66,13.14,12.903,0.058646,1.4051,-0.56429,1.2869,2.35,0.45518,771.0,13.139,12.903,129.03,1.6183100639749883,,,,Sand,,,Sand 2,2,2.94,20.76,-1.46,-19.28
-11.68,13.16,12.638,0.068317,1.4137,-0.54734,1.3036,2.3,0.53999,772.0,13.159,12.638,126.38,1.6671360740751648,,,,Sand,,,Sand 2,2,2.94,20.76,-1.46,-19.28
-11.7,13.18,12.499,0.068994,1.3889,-0.59819,1.2536,2.25,0.55328,773.0,13.179,12.499,124.99,1.6771209103055136,,,,Sand,,,Sand 2,2,2.94,20.76,-1.46,-19.28
-11.719999999999999,13.2,11.941,0.073053,1.4204,-0.56429,1.3036,2.0,0.59005,784.0,13.199,11.941,119.41,1.7094432600035263,,,,Sand,,,Sand 2,2,2.94,20.76,-1.46,-19.28
-11.74,13.22,12.026,0.10477,1.404,-0.59819,1.2702,2.25,0.84408,785.0,13.219,12.026,120.26,1.8016543679060795,,,,Sand,,,Sand 2,2,2.94,20.76,-1.46,-19.28
-11.76,13.24,12.12,0.13532,1.4137,-0.54734,1.3036,2.3,1.0914,786.0,13.239,12.12,121.2,1.872137442145775,,,,Sand,,,Sand 2,2,2.94,20.76,-1.46,-19.28
-11.78,13.26,12.326,0.13938,1.3831,-0.54734,1.2702,2.25,1.1243,787.0,13.259,12.326,123.26,1.8754394414018507,,,,Sand,,,Sand 2,2,2.94,20.76,-1.46,-19.28
-11.799999999999999,13.28,12.595,0.13804,1.3889,-0.47954,1.3036,2.25,1.1029,788.0,13.279,12.595,125.95,1.8628887634466609,,,,Sand,,,Sand 2,2,2.94,20.76,-1.46,-19.28
-11.82,13.3,13.151,0.14057,1.3353,-0.41175,1.2702,2.25,1.1083,789.0,13.299,13.151,131.51,1.8505865434178137,,,,Sand,,,Sand 2,2,2.94,20.76,-1.46,-19.28
-11.84,13.32,12.529,0.13375,1.2838,-0.34395,1.2369,2.25,1.0352,789.0,13.319,12.529,125.29,1.8460493793614319,,,,Sand,,,Sand 2,2,2.94,20.76,-1.46,-19.28
-11.86,13.34,12.487,0.11589,1.3511,-0.41175,1.2869,2.25,0.87533,790.0,13.339,12.487,124.87,1.7992389063924124,,,,Sand,,,Sand 2,2,2.94,20.76,-1.46,-19.28
-11.879999999999999,13.36,12.891,0.10286,1.362,-0.3948,1.3036,2.25,0.75272,791.0,13.359,12.891,128.91,1.7468329751473488,,,,Sand,,,Sand 2,2,2.94,20.76,-1.46,-19.28
-11.9,13.38,13.368,0.10009,1.3301,-0.3948,1.2702,2.25,0.70556,792.0,13.379,13.368,133.68,1.716951434286,,,,Sand,,,Sand 2,2,2.94,20.76,-1.46,-19.28
-11.92,13.4,14.012,0.074495,1.3722,-0.4287,1.3036,2.25,0.49751,793.0,13.399,14.012,140.12,1.6100240608770167,,,,Sand,,,Sand 2,2,2.94,20.76,-1.46,-19.28
-11.94,13.42,14.88,0.070918,1.4259,-0.3948,1.3702,2.25,0.44404,794.0,13.419,14.88,148.8,1.560660194671527,,,,Sand,,,Sand 2,2,2.94,20.76,-1.46,-19.28
-11.959999999999999,13.44,16.004,0.070431,1.4198,-0.4287,1.3536,2.25,0.41113,795.0,13.439,16.004,160.04000000000002,1.515816161398257,,,,Sand,,,Sand 2,2,2.94,20.76,-1.46,-19.28
-11.98,13.46,17.317,0.070294,1.4307,-0.41175,1.3702,2.25,0.38195,796.0,13.459,17.317,173.17,1.4696509945445044,,,,Sand,,,Sand 2,2,2.94,20.76,-1.46,-19.28
-12.0,13.48,18.828,0.069211,1.5062,-0.3948,1.4536,2.25,0.3504,797.0,13.479,18.828,188.28,1.418820384789786,,,,Sand,,,Sand 2,2,2.94,20.76,-1.46,-19.28
-12.02,13.5,20.468,0.069438,1.4696,-0.37785,1.4202,2.25,0.32875,797.0,13.499,20.468,204.68,1.3733453169959045,,,,Sand,,,Sand 2,2,2.94,20.76,-1.46,-19.28
-12.04,13.52,22.169,0.077754,1.4451,-0.34395,1.4036,2.2,0.34641,798.0,13.519,22.169,221.69,1.3568067036310938,,,,Sand,,,Sand 2,2,2.94,20.76,-1.46,-19.28
-12.059999999999999,13.54,23.551,0.081846,1.4977,-0.3609,1.4536,2.25,0.34561,799.0,13.539,23.551,235.51,1.3345548458845216,,,,Sand,,,Sand 2,2,2.94,20.76,-1.46,-19.28
-12.08,13.56,24.798,0.089432,1.4087,-0.327,1.3702,2.2,0.36183,800.0,13.559,24.798,247.98,1.327760859311007,,,,Sand,,,Sand 2,2,2.94,20.76,-1.46,-19.28
-12.1,13.58,25.842,0.098476,1.4087,-0.327,1.3702,2.2,0.38634,801.0,13.579,25.842,258.42,1.3303661484838185,,,,Sand,,,Sand 2,2,2.94,20.76,-1.46,-19.28
-12.12,13.6,26.591,0.10867,1.3925,-0.327,1.3536,2.2,0.41757,802.0,13.599,26.591,265.91,1.3414191546147747,,,,Sand,,,Sand 2,2,2.94,20.76,-1.46,-19.28
-12.139999999999999,13.62,27.207,0.12254,1.4169,-0.3609,1.3702,2.2,0.46449,803.0,13.619,27.207,272.07,1.3633096570759764,,,,Sand,,,Sand 2,2,2.94,20.76,-1.46,-19.28
-12.16,13.64,27.107,0.13142,1.4249,-0.327,1.3869,2.25,0.49471,804.0,13.639,27.107,271.07,1.3824750450687224,,,,Sand,,,Sand 2,2,2.94,20.76,-1.46,-19.28
-12.18,13.66,26.649,0.14511,1.4535,-0.37785,1.4036,2.3,0.54598,804.0,13.659,26.649,266.49,1.4166120315568649,,,,Sand,,,Sand 2,2,2.94,20.76,-1.46,-19.28
-12.2,13.68,26.442,0.15309,1.4099,-0.3948,1.3536,2.25,0.57891,805.0,13.679,26.442,264.42,1.436388426088035,,,,Sand,,,Sand 2,2,2.94,20.76,-1.46,-19.28
-12.219999999999999,13.7,26.417,0.16518,1.3847,-0.3609,1.3369,2.25,0.63082,806.0,13.699,26.417,264.17,1.4624484062065464,,,,Sand,,,Sand 2,2,2.94,20.76,-1.46,-19.28
-12.24,13.72,26.266,0.1761,1.3829,-0.41175,1.3202,2.2,0.67981,807.0,13.719,26.266,262.66,1.4870415751591406,,,,Sand,,,Sand 2,2,2.94,20.76,-1.46,-19.28
-12.26,13.74,25.937,0.17831,1.4198,-0.4287,1.3536,2.25,0.69475,808.0,13.739,25.937,259.37,1.4975931999157999,,,,Sand,,,Sand 2,2,2.94,20.76,-1.46,-19.28
-12.28,13.76,25.534,0.18301,1.442,-0.3948,1.3869,2.3,0.71932,809.0,13.759,25.534,255.34,1.51310198486001,,,,Sand,,,Sand 2,2,2.94,20.76,-1.46,-19.28
-12.299999999999999,13.78,25.122,0.18595,1.4567,-0.44565,1.3869,2.3,0.73738,810.0,13.779,25.122,251.22,1.5257314548945657,,,,Sand,,,Sand 2,2,2.94,20.76,-1.46,-19.28
-12.32,13.8,24.872,0.18985,1.4885,-0.44565,1.4202,2.25,0.75934,811.0,13.799,24.872,248.72,1.5378743389870442,,,,Sand,,,Sand 2,2,2.94,20.76,-1.46,-19.28
-12.34,13.82,24.739,0.19425,1.4627,-0.41175,1.4036,2.3,0.78248,812.0,13.819,24.739,247.39,1.5488475343051968,,,,Sand,,,Sand 2,2,2.94,20.76,-1.46,-19.28
-12.36,13.84,24.655,0.19582,1.4408,-0.44565,1.3702,2.3,0.79311,813.0,13.839,24.655,246.55,1.5540901300207903,,,,Sand,,,Sand 2,2,2.94,20.76,-1.46,-19.28
-12.379999999999999,13.86,24.618,0.19788,1.4567,-0.44565,1.3869,2.3,0.80375,813.0,13.859,24.618,246.18,1.5587151198772842,,,,Sand,,,Sand 2,2,2.94,20.76,-1.46,-19.28
-12.4,13.88,24.54,0.19915,1.4835,-0.4287,1.4202,2.25,0.80992,814.0,13.879,24.54,245.4,1.5620667705482274,,,,Sand,,,Sand 2,2,2.94,20.76,-1.46,-19.28
-12.42,13.9,24.524,0.20032,1.4467,-0.41175,1.3869,2.15,0.81442,815.0,13.899,24.524,245.24,1.5640016352670851,,,,Sand,,,Sand 2,2,2.94,20.76,-1.46,-19.28
-12.44,13.92,24.455,0.20188,1.499,-0.47954,1.4202,2.35,0.81889,816.0,13.919,24.455,244.55,1.566565890961245,,,,Sand,,,Sand 2,2,2.94,20.76,-1.46,-19.28
-12.459999999999999,13.94,24.55,0.20291,1.4835,-0.4287,1.4202,2.25,0.81961,817.0,13.939,24.55,245.5,1.565680096404993,,,,Sand,,,Sand 2,2,2.94,20.76,-1.46,-19.28
-12.48,13.96,24.635,0.2029,1.5517,-0.49649,1.4702,2.15,0.81318,818.0,13.959,24.635,246.35,1.5621686265968007,,,,Sand,,,Sand 2,2,2.94,20.76,-1.46,-19.28
-12.5,13.98,24.792,0.20322,1.5147,-0.47954,1.4369,2.3,0.80521,819.0,13.979,24.792,247.92,1.557169563384863,,,,Sand,,,Sand 2,2,2.94,20.76,-1.46,-19.28
-12.52,14.0,25.109,0.20219,1.5464,-0.47954,1.4702,2.3,0.79009,820.0,13.999,25.109,251.09,1.547406210877894,,,,Sand,,,Sand 2,2,2.94,20.76,-1.46,-19.28
-12.54,14.02,25.454,0.2043,1.536,-0.49649,1.4536,2.3,0.78851,820.0,14.019,25.454,254.54,1.5426838759461,,,,Sand,,,Sand 2,2,2.94,20.76,-1.46,-19.28
-12.559999999999999,14.04,26.087,0.20619,1.5731,-0.46259,1.5036,2.25,0.78985,821.0,14.039,26.087,260.87,1.5358802296503795,,,,Sand,,,Sand 2,2,2.94,20.76,-1.46,-19.28
-12.58,14.06,26.823,0.204,1.5887,-0.51344,1.5036,2.25,0.77918,822.0,14.059,26.823,268.23,1.5233008670418209,,,,Sand,,,Sand 2,2,2.94,20.76,-1.46,-19.28
-12.6,14.08,27.274,0.2017,1.5844,-0.54734,1.4869,2.3,0.77407,823.0,14.079,27.274,272.74,1.5162681431894505,,,,Sand,,,Sand 2,2,2.94,20.76,-1.46,-19.28
-12.62,14.1,27.106,0.19952,1.5572,-0.51344,1.4702,2.25,0.77055,824.0,14.099,27.106,271.06,1.5166546607309808,,,,Sand,,,Sand 2,2,2.94,20.76,-1.46,-19.28
-12.639999999999999,14.12,26.19,0.20268,1.6415,-0.53039,1.5536,2.25,0.79033,825.0,14.119,26.19,261.9,1.5348989216964788,,,,Sand,,,Sand 2,2,2.94,20.76,-1.46,-19.28
-12.66,14.14,25.407,0.20182,1.6215,-0.56429,1.5202,2.25,0.79729,826.0,14.139,25.407,254.07,1.546721516357079,,,,Sand,,,Sand 2,2,2.94,20.76,-1.46,-19.28
-12.68,14.16,24.115,0.1986,1.6275,-0.58124,1.5202,2.05,0.79752,837.0,14.159,24.115,241.15,1.5625054144400052,,,,Sand,,,Sand 2,2,2.94,20.76,-1.46,-19.28
-12.7,14.18,24.138,0.19631,1.6119,-0.58124,1.5036,2.25,0.80324,838.0,14.179,24.138,241.38,1.5644473499697067,,,,Sand,,,Sand 2,2,2.94,20.76,-1.46,-19.28
-12.719999999999999,14.2,24.106,0.19336,1.6157,-0.54734,1.5202,2.2,0.80501,838.0,14.199,24.106,241.06,1.5655351148667456,,,,Sand,,,Sand 2,2,2.94,20.76,-1.46,-19.28
-12.74,14.22,24.168,0.19222,1.6528,-0.56429,1.5536,2.25,0.81274,839.0,14.219,24.168,241.68,1.567748846611126,,,,Sand,,,Sand 2,2,2.94,20.76,-1.46,-19.28
-12.76,14.24,23.992,0.18853,1.6528,-0.56429,1.5536,2.25,0.80557,840.0,14.239,23.992,239.92,1.567183379371864,,,,Sand,,,Sand 2,2,2.94,20.76,-1.46,-19.28
-12.78,14.26,23.404,0.18474,1.6842,-0.56429,1.5869,2.3,0.79957,841.0,14.259,23.404,234.04,1.572376865282934,,,,Sand,,,Sand 2,2,2.94,20.76,-1.46,-19.28
-12.799999999999999,14.28,22.824,0.18129,1.6899,-0.58124,1.5869,2.25,0.79715,842.0,14.279,22.824,228.24,1.579089917314971,,,,Sand,,,Sand 2,2,2.94,20.76,-1.46,-19.28
-12.82,14.3,22.46,0.17842,1.6958,-0.59819,1.5869,2.25,0.79997,843.0,14.299,22.46,224.6,1.5850989496446577,,,,Sand,,,Sand 2,2,2.94,20.76,-1.46,-19.28
-12.84,14.32,22.133,0.17494,1.6647,-0.59819,1.5536,2.25,0.80328,844.0,14.319,22.133,221.33,1.5908676962387958,,,,Sand,,,Sand 2,2,2.94,20.76,-1.46,-19.28
-12.86,14.34,21.755,0.17108,1.6899,-0.58124,1.5869,2.25,0.80568,845.0,14.339,21.755,217.55,1.597080017804537,,,,Sand,,,Sand 2,2,2.94,20.76,-1.46,-19.28
-12.879999999999999,14.36,21.203,0.16985,1.7048,-0.53039,1.6202,2.25,0.82058,846.0,14.359,21.203,212.03,1.610607768379224,,,,Sand,,,Sand 2,2,2.94,20.76,-1.46,-19.28
-12.9,14.38,20.652,0.16772,1.6899,-0.58124,1.5869,2.25,0.8312,846.0,14.379,20.652,206.52,1.6226648508211392,,,,Sand,,,Sand 2,2,2.94,20.76,-1.46,-19.28
-12.92,14.4,19.797,0.16585,1.6943,-0.54734,1.6036,2.3,0.84207,847.0,14.399,19.797,197.97,1.639722993717414,,,,Sand,,,Sand 2,2,2.94,20.76,-1.46,-19.28
-12.94,14.42,19.052,0.16408,1.7427,-0.59819,1.6369,2.3,0.85216,848.0,14.419,19.052,190.52,1.6552765160874663,,,,Sand,,,Sand 2,2,2.94,20.76,-1.46,-19.28
-12.959999999999999,14.44,18.539,0.16293,1.7174,-0.61514,1.6036,2.3,0.86356,849.0,14.439,18.539,185.39,1.667815612694584,,,,Sand,,,Sand 2,2,2.94,20.76,-1.46,-19.28
-12.98,14.46,18.295,0.16059,1.6943,-0.54734,1.6036,2.25,0.86707,850.0,14.459,18.295,182.95,1.673185714938257,,,,Sand,,,Sand 2,2,2.94,20.76,-1.46,-19.28
-13.0,14.48,18.267,0.15774,1.7684,-0.58124,1.6702,2.25,0.86404,851.0,14.479,18.267,182.67,1.6726143094395445,,,,Sand,,,Sand 2,2,2.94,20.76,-1.46,-19.28
-13.02,14.5,18.233,0.15589,1.7369,-0.58124,1.6369,2.3,0.8635,852.0,14.499,18.233,182.33,1.6730112552892271,,,,Sand,,,Sand 2,2,2.94,20.76,-1.46,-19.28
-13.04,14.52,18.1,0.15429,1.727,-0.59819,1.6202,2.25,0.8628,853.0,14.519,18.1,181.0,1.6750676050040505,,,,Sand,,,Sand 2,2,2.94,20.76,-1.46,-19.28
-13.059999999999999,14.54,17.881,0.15434,1.7486,-0.61514,1.6369,2.25,0.87174,854.0,14.539,17.881,178.81,1.6819832492438371,,,,Sand,,,Sand 2,2,2.94,20.76,-1.46,-19.28
-13.08,14.56,17.68,0.15436,1.7642,-0.61514,1.6536,2.25,0.88402,854.0,14.559,17.68,176.8,1.6897288041853755,,,,Sand,,,Sand 2,2,2.94,20.76,-1.46,-19.28
-13.1,14.58,17.428,0.15207,1.7212,-0.58124,1.6202,2.3,0.88616,855.0,14.579,17.428,174.28,1.694968195464505,,,,Sand,,,Sand 2,2,2.94,20.76,-1.46,-19.28
-13.12,14.6,17.17,0.14884,1.7526,-0.58124,1.6536,2.3,0.88392,856.0,14.599,17.17,171.7,1.6989148355036525,,,,Sand,,,Sand 2,2,2.94,20.76,-1.46,-19.28
-13.139999999999999,14.62,16.878,0.14665,1.8013,-0.63209,1.6869,2.25,0.88735,857.0,14.619,16.878,168.78,1.7054902407022776,,,,Sand,,,Sand 2,2,2.94,20.76,-1.46,-19.28
-13.16,14.64,16.322,0.14533,1.7608,-0.64904,1.6369,2.25,0.89453,858.0,14.639,16.322,163.22,1.71850325103779,,,,Sand,,,Sand 2,2,2.94,20.76,-1.46,-19.28
-13.18,14.66,15.823,0.144,1.7763,-0.64904,1.6536,2.25,0.89878,859.0,14.659,15.823,158.23,1.7297887689594604,,,,Sand,,,Sand 2,2,2.94,20.76,-1.46,-19.28
-13.2,14.68,15.528,0.14219,1.7918,-0.64904,1.6702,2.3,0.89573,860.0,14.679,15.528,155.28,1.7348039392488603,,,,Sand,,,Sand 2,2,2.94,20.76,-1.46,-19.28
-13.219999999999999,14.7,15.389,0.1385,1.8111,-0.61514,1.7036,2.3,0.87536,860.0,14.699,15.389,153.89,1.7309613162798059,,,,Sand,,,Sand 2,2,2.94,20.76,-1.46,-19.28
-13.24,14.72,15.43,0.13301,1.8111,-0.61514,1.7036,2.3,0.83584,861.0,14.719,15.43,154.3,1.716691932569767,,,,Sand,,,Sand 2,2,2.94,20.76,-1.46,-19.28
-13.26,14.74,15.632,0.13029,1.8013,-0.63209,1.6869,2.3,0.80678,862.0,14.738,15.632,156.32,1.7022678949920826,,,,Sand,,,Sand 2,2,2.94,20.76,-1.46,-19.28
-13.28,14.76,15.993,0.12848,1.8326,-0.63209,1.7202,2.25,0.77941,863.0,14.758,15.993,159.93,1.684920468101446,,,,Sand,,,Sand 2,2,2.94,20.76,-1.46,-19.28
-13.299999999999999,14.78,16.461,0.12709,1.8111,-0.61514,1.7036,2.3,0.75221,864.0,14.778,16.461,164.61,1.6653322338931196,,,,Sand,,,Sand 2,2,2.94,20.76,-1.46,-19.28
-13.32,14.8,17.051,0.13007,1.8897,-0.61514,1.7869,2.3,0.75082,865.0,14.798,17.051,170.51,1.6533185366657994,,,,Sand,,,Sand 2,2,2.94,20.76,-1.46,-19.28
-13.34,14.82,17.711,0.13502,1.8385,-0.64904,1.7202,2.3,0.76139,866.0,14.818,17.711,177.11,1.645061797592416,,,,Sand,,,Sand 2,2,2.94,20.76,-1.46,-19.28
-13.36,14.84,18.207,0.13384,1.8385,-0.64904,1.7202,2.3,0.73948,867.0,14.838,18.207,182.07,1.6276621035050662,,,,Sand,,,Sand 2,2,2.94,20.76,-1.46,-19.28
-13.379999999999999,14.86,18.674,0.13213,1.8582,-0.61514,1.7536,2.3,0.71786,867.0,14.858,18.674,186.74,1.6108672924289587,,,,Sand,,,Sand 2,2,2.94,20.76,-1.46,-19.28
-13.4,14.88,18.863,0.13584,1.8326,-0.63209,1.7202,2.3,0.72896,868.0,14.878,18.863,188.63,1.6120834169153015,,,,Sand,,,Sand 2,2,2.94,20.76,-1.46,-19.28
-13.42,14.9,18.904,0.13914,1.9225,-0.66598,1.8036,2.25,0.74115,869.0,14.898,18.904,189.04,1.6162330851190603,,,,Sand,,,Sand 2,2,2.94,20.76,-1.46,-19.28
-13.44,14.92,18.921,0.14033,1.9225,-0.66598,1.8036,2.25,0.74412,870.0,14.918,18.921,189.21,1.6171168185106868,,,,Sand,,,Sand 2,2,2.94,20.76,-1.46,-19.28
-13.459999999999999,14.94,18.925,0.1422,1.9538,-0.66598,1.8369,2.3,0.7521,871.0,14.938,18.925,189.25,1.6201800944463973,,,,Sand,,,Sand 2,2,2.94,20.76,-1.46,-19.28
-13.48,14.96,18.872,0.14329,1.8912,-0.66598,1.7702,2.3,0.75493,872.0,14.958,18.872,188.72,1.6221806028485046,,,,Sand,,,Sand 2,2,2.94,20.76,-1.46,-19.28
-13.5,14.98,18.821,0.14306,1.8796,-0.63209,1.7702,2.3,0.74937,873.0,14.978,18.821,188.21,1.620876023182773,,,,Sand,,,Sand 2,2,2.94,20.76,-1.46,-19.28
-13.52,15.0,18.886,0.14208,1.9538,-0.66598,1.8369,2.3,0.7394,874.0,14.998,18.886,188.86,1.6158465839977958,,,,Sand,,,Sand 2,2,2.94,20.76,-1.46,-19.28
-13.54,15.02,19.069,0.133,1.9252,-0.71683,1.7869,2.3,0.68903,874.0,15.018,19.069,190.69,1.592227246150969,,,,Sand,,,Sand 2,2,2.94,20.76,-1.46,-19.28
-13.559999999999999,15.04,19.448,0.124,1.9034,-0.69988,1.7702,2.3,0.64743,875.0,15.038,19.448,194.48,1.5679333609826538,,,,Sand,,,Sand 2,2,2.94,20.76,-1.46,-19.28
-13.58,15.06,19.784,0.1226,1.9252,-0.71683,1.7869,2.25,0.649,876.0,15.058,19.784,197.84,1.5630315729568593,,,,Sand,,,Sand 2,2,2.94,20.76,-1.46,-19.28
-13.6,15.08,19.923,0.1211,1.9561,-0.71683,1.8202,2.25,0.65498,877.0,15.078,19.923,199.23,1.5633869914848475,,,,Sand,,,Sand 2,2,2.94,20.76,-1.46,-19.28
-13.62,15.1,19.619,0.11966,1.9344,-0.69988,1.8036,2.3,0.66587,878.0,15.098,19.619,196.19,1.5731342284492091,,,,Sand,,,Sand 2,2,2.94,20.76,-1.46,-19.28
-13.639999999999999,15.12,17.673,0.11683,1.95,-0.69988,1.8202,2.15,0.67326,889.0,15.118,17.673,176.73,1.610483581587951,,,,Sand,,,Sand 2,2,2.94,20.76,-1.46,-19.28
-13.66,15.14,16.723,0.11215,1.9344,-0.69988,1.8036,2.25,0.67315,890.0,15.138,16.723,167.23,1.6287307818736751,,,,Sand,,,Sand 2,2,2.94,20.76,-1.46,-19.28
-13.68,15.16,15.676,0.11059,1.9716,-0.71683,1.8369,2.3,0.69412,891.0,15.158,15.676,156.76,1.658815383561298,,,,Sand,,,Sand 2,2,2.94,20.76,-1.46,-19.28
-13.7,15.18,14.922,0.11155,1.9538,-0.66598,1.8369,2.25,0.73362,892.0,15.178,14.922,149.22,1.690654310708481,,,,Sand,,,Sand 2,2,2.94,20.76,-1.46,-19.28
-13.719999999999999,15.2,14.505,0.1056,2.0027,-0.71683,1.8702,2.3,0.71802,892.0,15.198,14.505,145.05,1.6941651921979681,,,,Sand,,,Sand 2,2,2.94,20.76,-1.46,-19.28
-13.74,15.22,14.244,0.099208,1.95,-0.69988,1.8202,2.3,0.69262,893.0,15.218,14.244,142.44,1.690406610263931,,,,Sand,,,Sand 2,2,2.94,20.76,-1.46,-19.28
-13.76,15.24,14.098,0.09236,1.9624,-0.73378,1.8202,2.3,0.6568,894.0,15.238,14.098,140.98,1.6795512560932702,,,,Sand,,,Sand 2,2,2.94,20.76,-1.46,-19.28
-13.78,15.26,13.8,0.087833,1.9811,-0.69988,1.8536,2.25,0.63281,895.0,15.258,13.8,138.0,1.676967759529997,,,,Sand,,,Sand 2,2,2.94,20.76,-1.46,-19.28
-13.799999999999999,15.28,13.69,0.084885,2.0027,-0.71683,1.8702,2.25,0.61883,896.0,15.278,13.69,136.9,1.673844789263749,,,,Sand,,,Sand 2,2,2.94,20.76,-1.46,-19.28
-13.82,15.3,13.654,0.083256,1.9344,-0.69988,1.8036,2.25,0.61431,897.0,15.298,13.654,136.54,1.6728349171715213,,,,Sand,,,Sand 2,2,2.94,20.76,-1.46,-19.28
-13.84,15.32,13.585,0.082336,2.0027,-0.71683,1.8702,2.3,0.6148,897.0,15.318,13.585,135.85,1.6747995452527271,,,,Sand,,,Sand 2,2,2.94,20.76,-1.46,-19.28
-13.86,15.34,13.462,0.081468,1.9638,-0.64904,1.8536,2.25,0.61318,898.0,15.338,13.462,134.62,1.6772658231220001,,,,Sand,,,Sand 2,2,2.94,20.76,-1.46,-19.28
-13.879999999999999,15.36,13.203,0.08363,1.9967,-0.69988,1.8702,2.25,0.63183,899.0,15.358,13.203,132.03,1.691836051532226,,,,Sand,,,Sand 2,2,2.94,20.76,-1.46,-19.28
-13.9,15.38,12.93,0.084845,1.9561,-0.71683,1.8202,2.3,0.64028,900.0,15.378,12.93,129.3,1.7025539091855286,,,,Sand,,,Sand 2,2,2.94,20.76,-1.46,-19.28
-13.92,15.4,12.814,0.086264,1.9655,-0.69988,1.8369,2.3,0.64745,901.0,15.398,12.814,128.14,1.7085927608955755,,,,Sand,,,Sand 2,2,2.94,20.76,-1.46,-19.28
-13.94,15.42,12.949,0.087289,1.9752,-0.68293,1.8536,2.25,0.64905,902.0,15.418,12.949,129.49,1.7056144466191259,,,,Sand,,,Sand 2,2,2.94,20.76,-1.46,-19.28
-13.959999999999999,15.44,13.292,0.089109,1.9624,-0.73378,1.8202,2.25,0.65388,903.0,15.438,13.292,132.92,1.6985509153946596,,,,Sand,,,Sand 2,2,2.94,20.76,-1.46,-19.28
-13.98,15.46,13.775,0.091423,1.9811,-0.69988,1.8536,2.25,0.65946,904.0,15.458,13.775,137.75,1.6885584979280202,,,,Sand,,,Sand 2,2,2.94,20.76,-1.46,-19.28
-14.0,15.48,14.164,0.093746,1.9779,-0.73378,1.8369,2.3,0.66433,905.0,15.478,14.164,141.64,1.6810219226436376,,,,Sand,,,Sand 2,2,2.94,20.76,-1.46,-19.28
-14.02,15.5,14.463,0.096641,1.9716,-0.71683,1.8369,2.3,0.67582,905.0,15.498,14.463,144.63,1.678561380307813,,,,Sand,,,Sand 2,2,2.94,20.76,-1.46,-19.28
-14.04,15.52,14.635,0.097899,1.9933,-0.73378,1.8536,2.25,0.68129,906.0,15.518,14.635,146.35,1.6767553399097301,,,,Sand,,,Sand 2,2,2.94,20.76,-1.46,-19.28
-14.059999999999999,15.54,14.814,0.099299,2.0369,-0.76768,1.8869,2.3,0.69412,907.0,15.538,14.814,148.14,1.6777650873621315,,,,Sand,,,Sand 2,2,2.94,20.76,-1.46,-19.28
-14.08,15.56,14.798,0.10014,2.0399,-0.73378,1.9036,2.3,0.70827,908.0,15.558,14.798,147.98,1.6836857644317276,,,,Sand,,,Sand 2,2,2.94,20.76,-1.46,-19.28
-14.1,15.58,14.457,0.10056,2.0244,-0.73378,1.8869,2.3,0.72375,909.0,15.578,14.457,144.57,1.6974706674506508,,,,Sand,,,Sand 2,2,2.94,20.76,-1.46,-19.28
-14.12,15.6,13.851,0.10118,2.0151,-0.75073,1.8702,2.25,0.74382,910.0,15.598,13.851,138.51,1.7193790916879415,,,,Sand,,,Sand 2,2,2.94,20.76,-1.46,-19.28
-14.139999999999999,15.62,13.264,0.10171,2.0306,-0.75073,1.8869,2.25,0.76656,911.0,15.618,13.264,132.64,1.7422135840954986,,,,Sand,,,Sand 2,2,2.94,20.76,-1.46,-19.28
-14.16,15.64,12.823,0.10077,2.0306,-0.75073,1.8869,2.3,0.77967,912.0,15.638,12.823,128.23,1.7582428429370656,,,,Sand,,,Sand 2,2,2.94,20.76,-1.46,-19.28
-14.18,15.66,12.508,0.098729,2.0587,-0.78463,1.9036,2.3,0.78292,912.0,15.658,12.508,125.08,1.7677611705998773,,,,Sand,,,Sand 2,2,2.94,20.76,-1.46,-19.28
-14.2,15.68,12.301,0.097309,2.0833,-0.76768,1.9369,2.3,0.78732,913.0,15.678,12.301,123.01,1.7749248256850498,,,,Sand,,,Sand 2,2,2.94,20.76,-1.46,-19.28
-14.219999999999999,15.7,12.142,0.096743,2.0433,-0.78463,1.8869,2.3,0.79492,914.0,15.698,12.142,121.42,1.7819416782812292,,,,Sand,,,Sand 2,2,2.94,20.76,-1.46,-19.28
-14.24,15.72,12.052,0.096524,2.0587,-0.78463,1.9036,2.3,0.80262,915.0,15.718,12.052,120.52,1.7870868611203585,,,,Sand,,,Sand 2,2,2.94,20.76,-1.46,-19.28
-14.26,15.74,11.942,0.095801,2.0433,-0.78463,1.8869,2.3,0.80391,916.0,15.738,11.942,119.42,1.7906216966251052,,,,Sand,,,Sand 2,2,2.94,20.76,-1.46,-19.28
-14.28,15.76,11.844,0.095539,2.0566,-0.81853,1.8869,2.3,0.80768,917.0,15.758,11.844,118.44,1.7946824863986792,,,,Sand,,,Sand 2,2,2.94,20.76,-1.46,-19.28
-14.299999999999999,15.78,11.75,0.096612,2.0523,-0.76768,1.9036,2.3,0.82177,918.0,15.778,11.75,117.5,1.8020966064082284,,,,Sand,,,Sand 2,2,2.94,20.76,-1.46,-19.28
-14.32,15.8,11.671,0.097119,2.0939,-0.83548,1.9202,2.3,0.83053,919.0,15.798,11.671,116.71,1.8072731739384693,,,,Sand,,,Sand 2,2,2.94,20.76,-1.46,-19.28
-14.34,15.82,11.632,0.098021,2.0806,-0.80158,1.9202,2.25,0.84192,919.0,15.818,11.632,116.32,1.8121346109684053,,,,Sand,,,Sand 2,2,2.94,20.76,-1.46,-19.28
-14.36,15.84,11.598,0.098626,2.0703,-0.85243,1.8869,2.3,0.85012,920.0,15.838,11.598,115.98,1.815781832842703,,,,Sand,,,Sand 2,2,2.94,20.76,-1.46,-19.28
-14.379999999999999,15.86,11.565,0.099044,2.1007,-0.85243,1.9202,2.3,0.85599,921.0,15.858,11.565,115.65,1.8186322559521924,,,,Sand,,,Sand 2,2,2.94,20.76,-1.46,-19.28
-14.4,15.88,11.548,0.098382,2.0806,-0.80158,1.9202,2.3,0.85186,922.0,15.878,11.548,115.48,1.8177965323796605,,,,Sand,,,Sand 2,2,2.94,20.76,-1.46,-19.28
-14.42,15.9,11.534,0.098343,2.0806,-0.80158,1.9202,2.3,0.853,923.0,15.898,11.534,115.34,1.818572006213865,,,,Sand,,,Sand 2,2,2.94,20.76,-1.46,-19.28
-14.44,15.92,11.513,0.097626,2.1159,-0.85243,1.9369,2.3,0.84799,924.0,15.918,11.513,115.13,1.817567357775497,,,,Sand,,,Sand 2,2,2.94,20.76,-1.46,-19.28
-14.459999999999999,15.94,11.504,0.097541,2.1333,-0.81853,1.9702,2.3,0.84799,925.0,15.938,11.504,115.04,1.817830621722142,,,,Sand,,,Sand 2,2,2.94,20.76,-1.46,-19.28
-14.48,15.96,11.499,0.097139,2.0719,-0.81853,1.9036,2.35,0.84483,926.0,15.958,11.499,114.99,1.8169531961883079,,,,Sand,,,Sand 2,2,2.94,20.76,-1.46,-19.28
-14.5,15.98,11.473,0.0894,2.0855,-0.85243,1.9036,2.2,0.77747,926.0,15.978,11.473,114.73,1.7951682736332428,,,,Sand,,,Sand 2,2,2.94,20.76,-1.46,-19.28
-14.52,16.0,11.464,0.0816,2.1007,-0.85243,1.9202,2.3,0.71147,927.0,15.998,11.464,114.64,1.7718612188114187,,,,Sand,,,Sand 2,2,2.94,20.76,-1.46,-19.28
-14.54,16.02,11.485,0.0808,2.1092,-0.83548,1.9369,2.3,0.70521,928.0,16.018,11.485,114.85,1.768907836723842,,,,Sand,,,Sand 2,2,2.94,20.76,-1.46,-19.28
-14.559999999999999,16.04,11.512,0.0799,2.1398,-0.83548,1.9702,2.3,0.69751,929.0,16.038,11.512,115.12,1.7652183029253001,,,,Sand,,,Sand 2,2,2.94,20.76,-1.46,-19.28
-14.579999999999998,16.06,11.541,0.079118,2.1465,-0.85243,1.9702,2.3,0.69016,930.0,16.058,11.541,115.41,1.7615769005489605,,,,Sand,,,Sand 2,2,2.94,20.76,-1.46,-19.28
-14.599999999999998,16.08,11.275,0.081266,2.0587,-0.78463,1.9036,2.0,0.70748,941.0,16.078,11.275,112.75,1.77614241422787,,,,Sand,,,Sand 2,2,2.94,20.76,-1.46,-19.28
-14.620000000000001,16.1,11.411,0.081645,2.0872,-0.81853,1.9202,2.25,0.70784,942.0,16.098,11.411,114.11,1.7721217321792393,,,,Sand,,,Sand 2,2,2.94,20.76,-1.46,-19.28
-14.64,16.12,11.479,0.083022,2.1618,-0.85243,1.9869,2.3,0.71427,942.0,16.118,11.479,114.79,1.7724421137683681,,,,Sand,,,Sand 2,2,2.94,20.76,-1.46,-19.28
-14.66,16.14,11.543,0.086087,2.138,-0.86937,1.9536,2.3,0.73077,943.0,16.138,11.543,115.43,1.7765548914261156,,,,Sand,,,Sand 2,2,2.94,20.76,-1.46,-19.28
-14.68,16.16,11.648,0.087715,2.1312,-0.85243,1.9536,2.3,0.72643,944.0,16.158,11.648,116.48,1.7718606632297538,,,,Sand,,,Sand 2,2,2.94,20.76,-1.46,-19.28
-14.7,16.18,11.866,0.088146,2.1465,-0.85243,1.9702,2.15,0.70577,945.0,16.178,11.866,118.66,1.7578416840840454,,,,Sand,,,Sand 2,2,2.94,20.76,-1.46,-19.28
-14.719999999999999,16.2,12.224,0.088339,2.1333,-0.81853,1.9702,2.25,0.67682,946.0,16.198,12.224,122.24,1.7365462427289649,,,,Sand,,,Sand 2,2,2.94,20.76,-1.46,-19.28
-14.739999999999998,16.22,12.796,0.088619,2.1298,-0.88632,1.9369,2.25,0.64435,947.0,16.218,12.796,127.96,1.7078227067053464,,,,Sand,,,Sand 2,2,2.94,20.76,-1.46,-19.28
-14.759999999999998,16.24,13.632,0.090449,2.1398,-0.83548,1.9702,2.25,0.62103,948.0,16.238,13.632,136.32,1.6762452750624346,,,,Sand,,,Sand 2,2,2.94,20.76,-1.46,-19.28
-14.780000000000001,16.26,14.727,0.089694,2.096,-0.80158,1.9369,2.25,0.58032,949.0,16.258,14.727,147.27,1.6317194109170228,,,,Sand,,,Sand 2,2,2.94,20.76,-1.46,-19.28
-14.8,16.28,15.981,0.089974,2.1025,-0.81853,1.9369,2.2,0.54839,950.0,16.278,15.981,159.81,1.5885879490777521,,,,Sand,,,Sand 2,2,2.94,20.76,-1.46,-19.28
-14.82,16.3,17.151,0.090736,2.1025,-0.81853,1.9369,2.25,0.51816,950.0,16.298,17.151,171.51,1.5492589588396355,,,,Sand,,,Sand 2,2,2.94,20.76,-1.46,-19.28
-14.84,16.32,18.138,0.092325,2.1268,-0.80158,1.9702,2.25,0.49327,951.0,16.318,18.138,181.38,1.516983626374987,,,,Sand,,,Sand 2,2,2.94,20.76,-1.46,-19.28
-14.86,16.34,18.999,0.09407,2.1705,-0.83548,2.0036,2.25,0.47129,952.0,16.338,18.999,189.99,1.4889883464677376,,,,Sand,,,Sand 2,2,2.94,20.76,-1.46,-19.28
-14.879999999999999,16.36,19.832,0.10114,2.1795,-0.81853,2.0202,2.25,0.47783,953.0,16.357,19.832,198.32,1.47775571874318,,,,Sand,,,Sand 2,2,2.94,20.76,-1.46,-19.28
-14.899999999999999,16.38,21.631,0.11221,2.2168,-0.83548,2.0536,2.2,0.50281,954.0,16.377,21.631,216.31,1.4618605572284467,,,,Sand,,,Sand 2,2,2.94,20.76,-1.46,-19.28
-14.919999999999998,16.4,23.277,0.12093,2.2148,-0.78463,2.0714,2.2,0.51609,955.0,16.397,23.277,232.77,1.4445576425990962,,,,Sand,,,Sand 2,2,2.94,20.76,-1.46,-19.28
-14.940000000000001,16.42,24.674,0.1362,2.2499,-0.83548,2.0893,2.2,0.5555,956.0,16.417,24.674,246.74,1.4464380066602447,,,,Sand,,,Sand 2,2,2.94,20.76,-1.46,-19.28
-14.96,16.44,25.635,0.14519,2.2727,-0.85243,2.1071,2.2,0.5675,957.0,16.437,25.635,256.35,1.440376418455448,,,,Sand,,,Sand 2,2,2.94,20.76,-1.46,-19.28
-14.98,16.46,26.342,0.15668,2.2665,-0.83548,2.1071,2.2,0.5919,958.0,16.457,26.342,263.42,1.4441934855388137,,,,Sand,,,Sand 2,2,2.94,20.76,-1.46,-19.28
-15.0,16.48,27.066,0.16734,2.2333,-0.83548,2.0714,2.2,0.61526,959.0,16.477,27.066,270.66,1.4473296849675925,,,,Sand,,,Sand 2,2,2.94,20.76,-1.46,-19.28
-15.02,16.5,27.699,0.17508,2.2562,-0.85243,2.0893,2.25,0.62908,959.0,16.497,27.699,276.99,1.446924915767808,,,,Sand,,,Sand 2,2,2.94,20.76,-1.46,-19.28
-15.04,16.52,28.344,0.18164,2.2562,-0.85243,2.0893,2.25,0.63861,960.0,16.517,28.344,283.44,1.444470008011603,,,,Sand,,,Sand 2,2,2.94,20.76,-1.46,-19.28
-15.059999999999999,16.54,28.727,0.19152,2.2499,-0.83548,2.0893,2.25,0.6577,961.0,16.537,28.727,287.27,1.4495028007442239,,,,Sand,,,Sand 2,2,2.94,20.76,-1.46,-19.28
-15.079999999999998,16.56,29.101,0.19976,2.3287,-0.86937,2.1607,2.2,0.66915,962.0,16.557,29.101,291.01,1.4509792002929836,,,,Sand,,,Sand 2,2,2.94,20.76,-1.46,-19.28
-15.099999999999998,16.58,29.732,0.20796,2.2791,-0.86937,2.1071,2.2,0.6813,963.0,16.577,29.732,297.32,1.4502013337216435,,,,Sand,,,Sand 2,2,2.94,20.76,-1.46,-19.28
-15.120000000000001,16.6,30.532,0.21767,2.2727,-0.85243,2.1071,2.2,0.70158,964.0,16.597,30.532,305.32,1.4516293626789512,,,,Sand,,,Sand 2,2,2.94,20.76,-1.46,-19.28
-15.14,16.62,31.753,0.2249,2.2997,-0.83548,2.1429,2.2,0.71558,965.0,16.617,31.753,317.53,1.4464891903979735,,,,Sand,,,Sand 2,2,2.94,20.76,-1.46,-19.28
-15.16,16.64,32.93,0.22884,2.2957,-0.86937,2.125,2.25,0.71982,966.0,16.637,32.93,329.3,1.437877902340742,,,,Sand,,,Sand 2,2,2.94,20.76,-1.46,-19.28
-15.18,16.66,33.069,0.23215,2.3287,-0.86937,2.1607,2.25,0.7232,967.0,16.657,33.069,330.69,1.4381929803714948,,,,Sand,,,Sand 2,2,2.94,20.76,-1.46,-19.28
-15.2,16.68,32.366,0.23833,2.3021,-0.88632,2.125,2.25,0.73823,968.0,16.677,32.366,323.66,1.4510652035086078,,,,Sand,,,Sand 2,2,2.94,20.76,-1.46,-19.28
-15.219999999999999,16.7,31.954,0.24343,2.3416,-0.90327,2.1607,2.25,0.75598,968.0,16.697,31.954,319.54,1.4624863836662119,,,,Sand,,,Sand 2,2,2.94,20.76,-1.46,-19.28
-15.239999999999998,16.72,31.991,0.24535,2.3385,-0.93717,2.1429,2.25,0.76993,969.0,16.717,31.991,319.91,1.4681299899211315,,,,Sand,,,Sand 2,2,2.94,20.76,-1.46,-19.28
-15.259999999999998,16.74,32.201,0.24871,2.3385,-0.93717,2.1429,2.25,0.7911,970.0,16.737,32.201,322.01,1.4751734812786164,,,,Sand,,,Sand 2,2,2.94,20.76,-1.46,-19.28
-15.280000000000001,16.76,32.011,0.249,2.3221,-0.93717,2.125,2.25,0.80244,971.0,16.757,32.011,320.11,1.4815367628023954,,,,Sand,,,Sand 2,2,2.94,20.76,-1.46,-19.28
-15.3,16.78,31.076,0.25789,2.3318,-0.92022,2.1429,2.25,0.84194,972.0,16.777,31.076,310.76,1.5057627823628847,,,,Sand,,,Sand 2,2,2.94,20.76,-1.46,-19.28
-15.32,16.8,30.259,0.25803,2.378,-0.95412,2.1786,2.25,0.85511,973.0,16.797,30.259,302.59,1.5184081577688802,,,,Sand,,,Sand 2,2,2.94,20.76,-1.46,-19.28
-15.34,16.82,29.644,0.25675,2.378,-0.95412,2.1786,2.25,0.86516,974.0,16.817,29.644,296.44,1.5280714299028,,,,Sand,,,Sand 2,2,2.94,20.76,-1.46,-19.28
-15.36,16.84,29.108,0.25565,2.3848,-0.97107,2.1786,2.25,0.87549,975.0,16.837,29.108,291.08,1.53715287059895,,,,Sand,,,Sand 2,2,2.94,20.76,-1.46,-19.28
-15.379999999999999,16.86,28.751,0.25482,2.4338,-0.97107,2.2321,2.25,0.88351,975.0,16.857,28.751,287.51,1.5436554141223775,,,,Sand,,,Sand 2,2,2.94,20.76,-1.46,-19.28
-15.399999999999999,16.88,28.353,0.2502,2.4107,-0.95412,2.2143,2.25,0.87521,976.0,16.877,28.353,283.53,1.5445419027217024,,,,Sand,,,Sand 2,2,2.94,20.76,-1.46,-19.28
-15.419999999999998,16.9,28.214,0.24903,2.3848,-0.97107,2.1786,2.3,0.87681,977.0,16.897,28.214,282.14,1.5465450184400698,,,,Sand,,,Sand 2,2,2.94,20.76,-1.46,-19.28
-15.440000000000001,16.92,28.199,0.2508,2.3848,-0.97107,2.1786,2.25,0.8868,978.0,16.917,28.199,281.99,1.550399987260021,,,,Sand,,,Sand 2,2,2.94,20.76,-1.46,-19.28
-15.46,16.94,28.209,0.2467,2.4638,-1.005,2.25,2.25,0.87434,979.0,16.937,28.209,282.09,1.5456747686035832,,,,Sand,,,Sand 2,2,2.94,20.76,-1.46,-19.28
-15.48,16.96,28.221,0.2427,2.4801,-1.005,2.2679,2.25,0.86138,980.0,16.957,28.221,282.21,1.540684141166518,,,,Sand,,,Sand 2,2,2.94,20.76,-1.46,-19.28
-15.5,16.98,28.156,0.23858,2.4454,-1.0389,2.2143,2.3,0.84662,981.0,16.977,28.156,281.56,1.5357292666029292,,,,Sand,,,Sand 2,2,2.94,20.76,-1.46,-19.28
-15.52,17.0,28.151,0.24118,2.4383,-1.0219,2.2143,2.2,0.85491,982.0,16.997,28.151,281.51,1.5389455646199002,,,,Sand,,,Sand 2,2,2.94,20.76,-1.46,-19.28
-15.54,17.02,28.224,0.24168,2.4338,-0.97107,2.2321,2.2,0.85527,983.0,17.017,28.224,282.24,1.538336889569876,,,,Sand,,,Sand 2,2,2.94,20.76,-1.46,-19.28
-15.559999999999999,17.04,28.033,0.24241,2.483,-0.97107,2.2857,2.15,0.85669,995.0,17.037,28.033,280.33,1.540831584315239,,,,Sand,,,Sand 2,2,2.94,20.76,-1.46,-19.28
-15.579999999999998,17.06,28.252,0.24326,2.4778,-1.0389,2.25,2.2,0.85845,995.0,17.057,28.252,282.52,1.5392592538079415,,,,Sand,,,Sand 2,2,2.94,20.76,-1.46,-19.28
-15.599999999999998,17.08,28.446,0.24397,2.494,-1.0389,2.2679,2.25,0.85982,996.0,17.077,28.446,284.46,1.537813280450743,,,,Sand,,,Sand 2,2,2.94,20.76,-1.46,-19.28
-15.620000000000001,17.1,28.58,0.24501,2.5173,-1.0558,2.2857,2.25,0.86244,997.0,17.097,28.58,285.8,1.5374586439798286,,,,Sand,,,Sand 2,2,2.94,20.76,-1.46,-19.28
-15.64,17.12,28.531,0.2456,2.573,-1.0728,2.3393,2.25,0.86241,998.0,17.117,28.531,285.31,1.537938865155862,,,,Sand,,,Sand 2,2,2.94,20.76,-1.46,-19.28
-15.66,17.14,28.475,0.24552,2.5083,-1.0728,2.2679,2.25,0.86057,999.0,17.137,28.475,284.75,1.5378052812289538,,,,Sand,,,Sand 2,2,2.94,20.76,-1.46,-19.28
-15.68,17.16,28.458,0.24537,2.5823,-1.0558,2.3571,2.2,0.85915,1000.0,17.157,28.458,284.58,1.5374381274067168,,,,Sand,,,Sand 2,2,2.94,20.76,-1.46,-19.28
-15.7,17.18,28.491,0.24474,2.564,-1.0897,2.3214,2.25,0.85683,1001.0,17.177,28.491,284.91,1.5362241292768122,,,,Sand,,,Sand 2,2,2.94,20.76,-1.46,-19.28
-15.719999999999999,17.2,28.594,0.24369,2.5963,-1.0897,2.3571,2.2,0.85339,1002.0,17.197,28.594,285.94,1.5338771896938295,,,,Sand,,,Sand 2,2,2.94,20.76,-1.46,-19.28
-15.739999999999998,17.22,28.667,0.24494,2.5712,-1.1067,2.3214,2.2,0.85817,1003.0,17.217,28.667,286.67,1.5349677972912479,,,,Sand,,,Sand 2,2,2.94,20.76,-1.46,-19.28
-15.759999999999998,17.24,28.676,0.24566,2.523,-1.1067,2.2679,2.2,0.86186,1004.0,17.237,28.676,286.76,1.536278838027461,,,,Sand,,,Sand 2,2,2.94,20.76,-1.46,-19.28
-15.780000000000001,17.26,28.613,0.24726,2.6035,-1.1067,2.3571,2.2,0.86914,1005.0,17.257,28.613,286.13,1.5396567061155253,,,,Sand,,,Sand 2,2,2.94,20.76,-1.46,-19.28
-15.8,17.28,28.469,0.24755,2.6125,-1.0897,2.375,2.2,0.87198,1005.0,17.277,28.469,284.69,1.5421657482269429,,,,Sand,,,Sand 2,2,2.94,20.76,-1.46,-19.28
-15.82,17.3,28.368,0.24615,2.6358,-1.1067,2.3929,2.25,0.86875,1006.0,17.297,28.368,283.68,1.5419710161539726,,,,Sand,,,Sand 2,2,2.94,20.76,-1.46,-19.28
-15.84,17.32,28.148,0.24633,2.6107,-1.1236,2.3571,2.2,0.87062,1007.0,17.317,28.148,281.48,1.5449044604952011,,,,Sand,,,Sand 2,2,2.94,20.76,-1.46,-19.28
-15.86,17.34,28.059,0.24401,2.5946,-1.1236,2.3393,2.2,0.86315,1008.0,17.337,28.059,280.59,1.5430074289216842,,,,Sand,,,Sand 2,2,2.94,20.76,-1.46,-19.28
-15.879999999999999,17.36,28.117,0.24396,2.618,-1.1406,2.3571,2.25,0.8634,1009.0,17.357,28.117,281.17,1.5425079038394245,,,,Sand,,,Sand 2,2,2.94,20.76,-1.46,-19.28
-15.899999999999999,17.38,28.225,0.24283,2.6736,-1.1575,2.4107,2.2,0.85966,1010.0,17.377,28.225,282.25,1.5399926356874316,,,,Sand,,,Sand 2,2,2.94,20.76,-1.46,-19.28
-15.919999999999998,17.4,28.351,0.24115,2.617,-1.1745,2.3393,2.25,0.85255,1011.0,17.397,28.351,283.51,1.5360088836386165,,,,Sand,,,Sand 2,2,2.94,20.76,-1.46,-19.28
-15.940000000000001,17.42,28.425,0.24736,2.6254,-1.1575,2.3571,2.25,0.87095,1012.0,17.417,28.425,284.25,1.5422221002189818,,,,Sand,,,Sand 2,2,2.94,20.76,-1.46,-19.28
-15.96,17.44,28.354,0.25063,2.6897,-1.1575,2.4286,2.25,0.87472,1013.0,17.437,28.354,283.54,1.5443488258361326,,,,Sand,,,Sand 2,2,2.94,20.76,-1.46,-19.28
-15.98,17.46,28.302,0.24853,2.6575,-1.1575,2.3929,2.25,0.85493,1013.0,17.456,28.302,283.02,1.5374135331048093,,,,Sand,,,Sand 2,2,2.94,20.76,-1.46,-19.28
-16.0,17.48,28.45,0.2475,2.643,-1.1236,2.3929,2.25,0.83482,1014.0,17.476,28.45,284.5,1.5281763826380896,,,,Sand,,,Sand 2,2,2.94,20.76,-1.46,-19.28
-16.02,17.5,28.982,0.24921,2.6591,-1.1236,2.4107,2.2,0.82135,1015.0,17.496,28.982,289.82,1.5175505377749527,,,,Sand,,,Sand 2,2,2.94,20.76,-1.46,-19.28
-16.04,17.52,30.131,0.25381,2.6916,-1.1236,2.4464,2.15,0.81592,1016.0,17.516,30.131,301.31,1.5042208599934512,,,,Sand,,,Sand 2,2,2.94,20.76,-1.46,-19.28
-16.06,17.54,31.571,0.25887,2.7058,-1.1575,2.4464,2.2,0.8113,1017.0,17.536,31.571,315.71,1.4890708297413422,,,,Sand,,,Sand 2,2,2.94,20.76,-1.46,-19.28
-16.08,17.56,32.963,0.26491,2.722,-1.1575,2.4643,2.2,0.8101,1018.0,17.556,32.963,329.63,1.4764323723858763,,,,Sand,,,Sand 2,2,2.94,20.76,-1.46,-19.28
-16.099999999999998,17.58,33.981,0.26992,2.7687,-1.1914,2.5,2.25,0.80703,1019.0,17.576,33.981,339.81,1.4666826191546902,,,,Sand,,,Sand 2,2,2.94,20.76,-1.46,-19.28
-16.12,17.6,34.476,0.27606,2.696,-1.2084,2.4107,2.2,0.80968,1020.0,17.596,34.476,344.76,1.4637677204022608,,,,Sand,,,Sand 2,2,2.94,20.76,-1.46,-19.28
-16.14,17.62,34.713,0.28006,2.722,-1.1575,2.4643,2.25,0.80977,1021.0,17.616,34.713,347.13,1.4619113976000673,,,,Sand,,,Sand 2,2,2.94,20.76,-1.46,-19.28
-16.16,17.64,34.792,0.28052,2.7382,-1.1575,2.4821,2.25,0.80402,1022.0,17.636,34.792,347.92,1.458895473522569,,,,Sand,,,Sand 2,2,2.94,20.76,-1.46,-19.28
-16.18,17.66,34.946,0.28397,2.7706,-1.1575,2.5179,2.25,0.81139,1023.0,17.656,34.946,349.46,1.4607367484801546,,,,Sand,,,Sand 2,2,2.94,20.76,-1.46,-19.28
-16.2,17.68,35.323,0.28356,2.7615,-1.1745,2.5,2.25,0.81234,1023.0,17.676,35.323,353.23,1.4581787981524483,,,,Sand,,,Sand 2,2,2.94,20.76,-1.46,-19.28
-16.22,17.7,35.483,0.29004,2.7453,-1.1745,2.4821,2.2,0.83811,1024.0,17.696,35.483,354.83,1.4674807729665968,,,,Sand,,,Sand 2,2,2.94,20.76,-1.46,-19.28
-16.24,17.72,35.408,0.28747,2.7615,-1.1745,2.5,2.25,0.84362,1025.0,17.716,35.408,354.08,1.4702744229850029,,,,Sand,,,Sand 2,2,2.94,20.76,-1.46,-19.28
-16.259999999999998,17.74,34.845,0.2822,2.7939,-1.1745,2.5357,2.25,0.84629,1026.0,17.736,34.845,348.45,1.4757112335839888,,,,Sand,,,Sand 2,2,2.94,20.76,-1.46,-19.28
-16.28,17.76,33.745,0.28919,2.7892,-1.1236,2.5536,2.25,0.89149,1027.0,17.756,33.745,337.45,1.502045951506517,,,,Sand,,,Sand 2,2,2.94,20.76,-1.46,-19.28
-16.3,17.78,32.31,0.2752,2.7892,-1.1236,2.5536,2.25,0.88151,1028.0,17.776,32.31,323.1,1.510174827273954,,,,Sand,,,Sand 2,2,2.94,20.76,-1.46,-19.28
-16.32,17.8,30.547,0.30389,2.7566,-1.1236,2.5179,2.25,1.0212,1029.0,17.796,30.547,305.47,1.5751191389445538,,,,Sand,,,Sand 2,2,2.94,20.76,-1.46,-19.28
-16.34,17.82,29.11,0.27241,2.7148,-1.1406,2.4643,2.3,0.96505,1030.0,17.816,29.11,291.1,1.5693601694362627,,,,Sand,,,Sand 2,2,2.94,20.76,-1.46,-19.28
-16.36,17.84,28.062,0.24085,2.7473,-1.1406,2.5,2.3,0.89768,1031.0,17.836,28.062,280.62,1.555781386881602,,,,Sand,,,Sand 2,2,2.94,20.76,-1.46,-19.28
-16.38,17.86,25.732,0.21282,2.7868,-1.1575,2.5357,2.3,0.83551,1032.0,17.856,25.732,257.32,1.5577708078084953,,,,Sand,,,Sand 2,2,2.94,20.76,-1.46,-19.28
-16.4,17.88,23.709,0.21026,2.7706,-1.1575,2.5179,2.25,0.86685,1032.0,17.876,23.709,237.09,1.593753186269199,,,,Sand,,,Sand 2,2,2.94,20.76,-1.46,-19.28
-16.419999999999998,17.9,22.604,0.17801,2.7355,-1.2253,2.4464,2.15,0.76926,1033.0,17.896,22.604,226.04,1.571127067494649,,,,Sand,,,Sand 2,2,2.94,20.76,-1.46,-19.28
-16.44,17.92,22.572,0.17311,2.7987,-1.3282,2.4643,2.3,0.78308,1034.0,17.916,22.572,225.72,1.5770161546532295,,,,Sand,,,Sand 2,2,2.94,20.76,-1.46,-19.28
-16.46,17.94,21.439,0.1739,2.7995,-1.2253,2.5179,2.3,0.81541,1035.0,17.936,21.439,214.39,1.6052622415389879,,,,Sand,,,Sand 2,2,2.94,20.76,-1.46,-19.28
-16.48,17.96,20.814,0.1747,2.7635,-1.1406,2.5179,2.25,0.84169,1036.0,17.956,20.814,208.14,1.6240869512534017,,,,Sand,,,Sand 2,2,2.94,20.76,-1.46,-19.28
-16.5,17.98,20.196,0.17549,2.7825,-1.1067,2.5536,2.3,0.8649,1037.0,17.976,20.196,201.96,1.6416993829483482,,,,Sand,,,Sand 2,2,2.94,20.76,-1.46,-19.28
-16.52,18.0,19.784,0.16964,2.803,-1.1575,2.5536,2.25,0.85655,1043.0,17.996,19.784,197.84,1.6451071138743345,,,,Sand,,,Sand 2,2,2.94,20.76,-1.46,-19.28
-16.54,18.02,19.496,0.17124,2.7729,-1.1236,2.5357,2.3,0.88138,1044.0,18.016,19.496,194.96,1.6583527511992675,,,,Sand,,,Sand 2,2,2.94,20.76,-1.46,-19.28
-16.56,18.04,19.143,0.16518,2.8056,-1.1236,2.5714,2.25,0.86487,1045.0,18.036,19.143,191.43,1.6582688175742024,,,,Sand,,,Sand 2,2,2.94,20.76,-1.46,-19.28
-16.58,18.06,18.874,0.1539,2.7892,-1.1236,2.5536,2.25,0.81709,1046.0,18.056,18.874,188.74,1.6455989852407906,,,,Sand,,,Sand 2,2,2.94,20.76,-1.46,-19.28
-16.599999999999998,18.08,18.692,0.1426,2.7758,-1.0897,2.5536,2.2,0.76719,1047.0,18.076,18.692,186.92,1.6299814048229835,,,,Sand,,,Sand 2,2,2.94,20.76,-1.46,-19.28
-16.62,18.1,18.429,0.1391,2.822,-1.1236,2.5893,2.25,0.75514,1047.0,18.096,18.429,184.29,1.629871259679975,,,,Sand,,,Sand 2,2,2.94,20.76,-1.46,-19.28
-16.64,18.12,18.179,0.1356,2.8193,-1.1575,2.5714,2.3,0.73873,1048.0,18.116,18.179,181.79,1.6278642473622904,,,,Sand,,,Sand 2,2,2.94,20.76,-1.46,-19.28
-16.66,18.14,18.083,0.13211,2.8101,-1.1745,2.5536,2.25,0.71848,1049.0,18.136,18.083,180.83,1.6215367568149912,,,,Sand,,,Sand 2,2,2.94,20.76,-1.46,-19.28
-16.68,18.16,17.8,0.13278,2.8193,-1.1575,2.5714,1.95,0.71966,1060.0,18.156,17.8,178.0,1.6271382025192247,,,,Sand,,,Sand 2,2,2.94,20.76,-1.46,-19.28
-16.7,18.18,18.162,0.13051,2.8101,-1.1745,2.5536,2.2,0.70447,1061.0,18.176,18.162,181.62,1.614451901048003,,,,Sand,,,Sand 2,2,2.94,20.76,-1.46,-19.28
-16.72,18.2,18.625,0.1282,2.8124,-1.1406,2.5714,2.2,0.68947,1062.0,18.196,18.625,186.25,1.6000699143908252,,,,Sand,,,Sand 2,2,2.94,20.76,-1.46,-19.28
-16.74,18.22,19.126,0.13324,2.8383,-1.1236,2.6071,2.2,0.71627,1063.0,18.216,19.126,191.26,1.60250653695806,,,,Sand,,,Sand 2,2,2.94,20.76,-1.46,-19.28
-16.759999999999998,18.24,19.199,0.13315,2.8451,-1.1406,2.6071,2.2,0.71736,1064.0,18.236,19.199,191.99,1.601723475259257,,,,Sand,,,Sand 2,2,2.94,20.76,-1.46,-19.28
-16.78,18.26,19.035,0.13295,2.7729,-1.1236,2.5357,2.25,0.72286,1065.0,18.256,19.035,190.35,1.6067116402995003,,,,Sand,,,Sand 2,2,2.94,20.76,-1.46,-19.28
-16.8,18.28,18.716,0.13893,2.7798,-1.1406,2.5357,2.2,0.76595,1065.0,18.276,18.716,187.16,1.629095509331047,,,,Sand,,,Sand 2,2,2.94,20.76,-1.46,-19.28
-16.82,18.3,18.157,0.13696,2.8056,-1.1236,2.5714,2.25,0.76696,1066.0,18.296,18.157,181.57,1.6391878957906343,,,,Sand,,,Sand 2,2,2.94,20.76,-1.46,-19.28
-16.84,18.32,17.468,0.13476,2.8356,-1.1575,2.5893,2.25,0.76359,1067.0,18.315,17.468,174.68,1.6503598071023142,,,,Sand,,,Sand 2,2,2.94,20.76,-1.46,-19.28
-16.86,18.34,16.81,0.13692,2.822,-1.1236,2.5893,2.25,0.78036,1068.0,18.335,16.81,168.1,1.6690751579790482,,,,Sand,,,Sand 2,2,2.94,20.76,-1.46,-19.28
-16.88,18.36,16.589,0.14878,2.7661,-1.1067,2.5357,2.25,0.84791,1069.0,18.355,16.589,165.89,1.6975443085236495,,,,Sand,,,Sand 2,2,2.94,20.76,-1.46,-19.28
-16.9,18.38,16.88,0.14355,2.7706,-1.1575,2.5179,2.25,0.8107,1070.0,18.375,16.88,168.8,1.6788235575562487,,,,Sand,,,Sand 2,2,2.94,20.76,-1.46,-19.28
-16.919999999999998,18.4,17.53,0.14343,2.724,-1.1236,2.4821,2.25,0.79446,1071.0,18.395,17.53,175.3,1.6607745647764327,,,,Sand,,,Sand 2,2,2.94,20.76,-1.46,-19.28
-16.94,18.42,18.212,0.13003,2.7334,-1.1067,2.5,2.25,0.70083,1072.0,18.415,18.212,182.12,1.612068555533064,,,,Sand,,,Sand 2,2,2.94,20.76,-1.46,-19.28
-16.96,18.44,18.722,0.12237,2.7758,-1.0897,2.5536,2.25,0.63895,1073.0,18.435,18.722,187.22,1.576687180612085,,,,Sand,,,Sand 2,2,2.94,20.76,-1.46,-19.28
-16.98,18.46,19.448,0.12052,2.7376,-0.98802,2.5536,2.2,0.60865,1074.0,18.455,19.448,194.48,1.550422756038349,,,,Sand,,,Sand 2,2,2.94,20.76,-1.46,-19.28
-17.0,18.48,20.236,0.12087,2.7209,-0.98802,2.5357,2.2,0.59088,1074.0,18.475,20.236,202.36,1.5289462465198849,,,,Sand,,,Sand 2,2,2.94,20.76,-1.46,-19.28
-17.02,18.5,20.809,0.11544,2.7363,-1.0728,2.5179,2.15,0.54714,1075.0,18.495,20.809,208.09,1.4981581844154899,,,,Sand,,,Sand 2,2,2.94,20.76,-1.46,-19.28
-17.04,18.52,21.375,0.1169,2.7382,-1.1575,2.4821,2.2,0.5394,1076.0,18.515,21.375,213.75,1.4852435790745464,,,,Sand,,,Sand 2,2,2.94,20.76,-1.46,-19.28
-17.06,18.54,22.077,0.1183,2.724,-1.1236,2.4821,2.25,0.53595,1077.0,18.535,22.077,220.77,1.4727008805793522,,,,Sand,,,Sand 2,2,2.94,20.76,-1.46,-19.28
-17.08,18.56,22.771,0.11967,2.7798,-1.1406,2.5357,2.25,0.53795,1078.0,18.555,22.771,227.71,1.46349881004872,,,,Sand,,,Sand 2,2,2.94,20.76,-1.46,-19.28
-17.099999999999998,18.58,23.356,0.12265,2.803,-1.1575,2.5536,2.25,0.55148,1079.0,18.575,23.356,233.56,1.4622125122919591,,,,Sand,,,Sand 2,2,2.94,20.76,-1.46,-19.28
-17.12,18.6,23.308,0.12436,2.7615,-1.1745,2.5,2.25,0.56319,1080.0,18.595,23.308,233.08,1.4688996585361114,,,,Sand,,,Sand 2,2,2.94,20.76,-1.46,-19.28
-17.14,18.62,22.654,0.122,2.8172,-1.1914,2.5536,2.3,0.56035,1081.0,18.615,22.654,226.54,1.476758431839843,,,,Sand,,,Sand 2,2,2.94,20.76,-1.46,-19.28
-17.16,18.64,21.616,0.12155,2.7939,-1.1745,2.5357,2.25,0.56939,1081.0,18.635,21.616,216.16,1.4967162038222446,,,,Sand,,,Sand 2,2,2.94,20.76,-1.46,-19.28
-17.18,18.66,20.763,0.13183,2.7008,-1.1067,2.4643,2.25,0.63256,1082.0,18.655,20.763,207.63,1.53993143965495,,,,Sand,,,Sand 2,2,2.94,20.76,-1.46,-19.28
-17.2,18.68,20.107,0.13818,2.6987,-1.1406,2.4464,2.25,0.67874,1083.0,18.675,20.107,201.07,1.5707191691282572,,,,Sand,,,Sand 2,2,2.94,20.76,-1.46,-19.28
-17.22,18.7,19.608,0.13835,2.6939,-1.0897,2.4643,2.3,0.6925,1084.0,18.695,19.608,196.08,1.5846619330630596,,,,Sand,,,Sand 2,2,2.94,20.76,-1.46,-19.28
-17.24,18.72,19.361,0.13725,2.7199,-1.0728,2.5,2.3,0.69622,1085.0,18.715,19.361,193.61,1.5903112835058077,,,,Sand,,,Sand 2,2,2.94,20.76,-1.46,-19.28
-17.259999999999998,18.74,19.313,0.13713,2.7661,-1.1067,2.5357,2.3,0.70286,1086.0,18.735,19.313,193.13,1.5938697982016352,,,,Sand,,,Sand 2,2,2.94,20.76,-1.46,-19.28
-17.28,18.76,19.452,0.13976,2.7989,-1.1067,2.5714,2.25,0.72245,1087.0,18.755,19.452,194.52,1.5995848450369194,,,,Sand,,,Sand 2,2,2.94,20.76,-1.46,-19.28
-17.3,18.78,19.61,0.14263,2.8287,-1.1406,2.5893,2.25,0.74266,1088.0,18.775,19.61,196.1,1.6051111843273256,,,,Sand,,,Sand 2,2,2.94,20.76,-1.46,-19.28
-17.32,18.8,19.491,0.14395,2.8251,-1.0897,2.6071,2.3,0.75253,1089.0,18.795,19.491,194.91,1.610948783860822,,,,Sand,,,Sand 2,2,2.94,20.76,-1.46,-19.28
-17.34,18.82,19.135,0.1477,2.8454,-1.0558,2.6429,2.3,0.76913,1090.0,18.815,19.135,191.35,1.6232643170318877,,,,Sand,,,Sand 2,2,2.94,20.76,-1.46,-19.28
-17.36,18.84,18.797,0.15029,2.7792,-1.0558,2.5714,2.25,0.77004,1090.0,18.835,18.797,187.97,1.6292869199093696,,,,Sand,,,Sand 2,2,2.94,20.76,-1.46,-19.28
-17.38,18.86,18.484,0.14752,2.8251,-1.0897,2.6071,2.25,0.73552,1091.0,18.855,18.484,184.84,1.6212302551240925,,,,Sand,,,Sand 2,2,2.94,20.76,-1.46,-19.28
-17.4,18.88,18.751,0.14921,2.8087,-1.0897,2.5893,2.3,0.71725,1092.0,18.875,18.751,187.51,1.6092910405069574,,,,Sand,,,Sand 2,2,2.94,20.76,-1.46,-19.28
-17.419999999999998,18.9,19.909,0.15603,2.8581,-1.0897,2.6429,2.25,0.71937,1093.0,18.895,19.909,199.09,1.590896446427643,,,,Sand,,,Sand 2,2,2.94,20.76,-1.46,-19.28
-17.44,18.92,21.959,0.16383,2.8778,-1.1406,2.6429,2.25,0.72244,1094.0,18.915,21.959,219.59,1.5611122658915726,,,,Sand,,,Sand 2,2,2.94,20.76,-1.46,-19.28
-17.46,18.94,23.931,0.16881,2.8876,-1.1236,2.6607,2.25,0.71129,1095.0,18.935,23.931,239.31,1.5295916341673579,,,,Sand,,,Sand 2,2,2.94,20.76,-1.46,-19.28
-17.48,18.96,25.463,0.17628,2.9009,-1.1575,2.6607,2.25,0.71183,1096.0,18.955,25.463,254.63,1.5107214649932907,,,,Sand,,,Sand 2,2,2.94,20.76,-1.46,-19.28
-17.5,18.98,26.227,0.18921,2.8811,-1.1067,2.6607,2.3,0.73854,1097.0,18.975,26.227,262.27,1.513171333245013,,,,Sand,,,Sand 2,2,2.94,20.76,-1.46,-19.28
-17.52,19.0,26.689,0.20079,2.9271,-1.1406,2.6964,2.25,0.76808,1097.0,18.995,26.689,266.89,1.5202518538060164,,,,Sand,,,Sand 2,2,2.94,20.76,-1.46,-19.28
-17.54,19.02,26.936,0.1997,2.8976,-1.1067,2.6786,2.3,0.75815,1098.0,19.015,26.936,269.36,1.5133963863988045,,,,Sand,,,Sand 2,2,2.94,20.76,-1.46,-19.28
-17.56,19.04,27.004,0.1987,2.9404,-1.1745,2.6964,2.25,0.7557,1099.0,19.035,27.004,270.04,1.5116226533678543,,,,Sand,,,Sand 2,2,2.94,20.76,-1.46,-19.28
-17.58,19.06,26.75,0.19762,2.8682,-1.1575,2.625,2.25,0.75726,1100.0,19.055,26.75,267.5,1.515095143599966,,,,Sand,,,Sand 2,2,2.94,20.76,-1.46,-19.28
-17.599999999999998,19.08,26.134,0.20383,2.9009,-1.1575,2.6607,2.3,0.79036,1101.0,19.075,26.134,261.34,1.5355481332164036,,,,Sand,,,Sand 2,2,2.94,20.76,-1.46,-19.28
-17.62,19.1,25.518,0.20169,2.9077,-1.1745,2.6607,2.3,0.79168,1102.0,19.095,25.518,255.18,1.5431942372545115,,,,Sand,,,Sand 2,2,2.94,20.76,-1.46,-19.28
-17.64,19.12,25.087,0.20106,2.9635,-1.1914,2.7143,1.95,0.80059,1113.0,19.115,25.087,250.87,1.551815199116817,,,,Sand,,,Sand 2,2,2.94,20.76,-1.46,-19.28
-17.66,19.14,24.657,0.19815,2.9541,-1.2084,2.6964,2.2,0.80105,1114.0,19.135,24.657,246.57,1.5571845776461886,,,,Sand,,,Sand 2,2,2.94,20.76,-1.46,-19.28
-17.68,19.16,24.226,0.19558,2.9501,-1.1575,2.7143,2.25,0.80224,1115.0,19.154,24.226,242.26,1.562960135634253,,,,Sand,,,Sand 2,2,2.94,20.76,-1.46,-19.28
-17.7,19.18,24.433,0.19801,2.9799,-1.1914,2.7321,2.25,0.82249,1115.0,19.174,24.433,244.33,1.5682141930239781,,,,Sand,,,Sand 2,2,2.94,20.76,-1.46,-19.28
-17.72,19.2,24.104,0.19713,3.003,-1.2084,2.75,2.25,0.82676,1116.0,19.194,24.104,241.04,1.573906640811941,,,,Sand,,,Sand 2,2,2.94,20.76,-1.46,-19.28
-17.74,19.22,23.73,0.19362,2.9704,-1.2084,2.7143,2.25,0.81704,1117.0,19.214,23.73,237.3,1.5749120531461345,,,,Sand,,,Sand 2,2,2.94,20.76,-1.46,-19.28
-17.759999999999998,19.24,23.282,0.18747,3.003,-1.2084,2.75,2.25,0.79361,1118.0,19.234,23.282,232.82,1.571650209491507,,,,Sand,,,Sand 2,2,2.94,20.76,-1.46,-19.28
-17.78,19.26,23.081,0.18221,2.9896,-1.1745,2.75,2.25,0.77562,1119.0,19.254,23.081,230.81,1.567228839498782,,,,Sand,,,Sand 2,2,2.94,20.76,-1.46,-19.28
-17.8,19.28,23.235,0.18094,3.0262,-1.2253,2.7679,2.25,0.77427,1120.0,19.274,23.235,232.35,1.5646544079925138,,,,Sand,,,Sand 2,2,2.94,20.76,-1.46,-19.28
-17.82,19.3,23.494,0.17904,3.0563,-1.2592,2.7857,2.25,0.77038,1121.0,19.294,23.494,234.94,1.5597088029097756,,,,Sand,,,Sand 2,2,2.94,20.76,-1.46,-19.28
-17.84,19.32,23.616,0.17451,3.0309,-1.2762,2.75,2.25,0.75478,1121.0,19.314,23.616,236.16,1.5518266421849052,,,,Sand,,,Sand 2,2,2.94,20.76,-1.46,-19.28
-17.86,19.34,23.396,0.17096,3.0725,-1.2592,2.8036,2.25,0.74434,1122.0,19.334,23.396,233.96,1.550436676332661,,,,Sand,,,Sand 2,2,2.94,20.76,-1.46,-19.28
-17.88,19.36,23.117,0.16644,3.0866,-1.2931,2.8036,2.25,0.73206,1123.0,19.354,23.117,231.17,1.5490736206227573,,,,Sand,,,Sand 2,2,2.94,20.76,-1.46,-19.28
-17.9,19.38,22.699,0.16383,3.0725,-1.2592,2.8036,2.25,0.73239,1124.0,19.374,22.699,226.99,1.554878485317571,,,,Sand,,,Sand 2,2,2.94,20.76,-1.46,-19.28
-17.919999999999998,19.4,22.327,0.16125,3.0795,-1.2762,2.8036,2.25,0.73739,1125.0,19.394,22.327,223.27,1.5620840655476849,,,,Sand,,,Sand 2,2,2.94,20.76,-1.46,-19.28
-17.94,19.42,21.863,0.15845,3.112,-1.2762,2.8393,2.2,0.74466,1126.0,19.414,21.863,218.63,1.571600575522643,,,,Sand,,,Sand 2,2,2.94,20.76,-1.46,-19.28
-17.96,19.44,21.379,0.15691,3.0795,-1.2762,2.8036,2.25,0.75965,1127.0,19.434,21.379,213.79,1.5846068680853365,,,,Sand,,,Sand 2,2,2.94,20.76,-1.46,-19.28
-17.98,19.46,20.554,0.15459,3.0866,-1.2931,2.8036,2.3,0.76951,1128.0,19.454,20.554,205.54,1.6008119372562375,,,,Sand,,,Sand 2,2,2.94,20.76,-1.46,-19.28
-18.0,19.48,19.601,0.15774,3.0542,-1.2931,2.7679,2.3,0.80348,1129.0,19.474,19.601,196.01,1.6286796740909442,,,,Sand,,,Sand 2,2,2.94,20.76,-1.46,-19.28
-18.02,19.5,18.683,0.16248,3.0958,-1.2762,2.8214,2.25,0.83598,1130.0,19.494,18.683,186.83,1.6556393523279211,,,,Sand,,,Sand 2,2,2.94,20.76,-1.46,-19.28
-18.04,19.52,18.131,0.14833,3.1028,-1.2931,2.8214,2.3,0.75731,1131.0,19.514,18.131,181.31,1.6359475803598107,,,,Sand,,,Sand 2,2,2.94,20.76,-1.46,-19.28
-18.06,19.54,18.177,0.14263,3.0795,-1.2762,2.8036,2.3,0.70976,1131.0,19.534,18.177,181.77,1.6163342399963216,,,,Sand,,,Sand 2,2,2.94,20.76,-1.46,-19.28
-18.08,19.56,18.67,0.13915,3.1353,-1.2931,2.8571,2.25,0.66737,1132.0,19.554,18.67,186.7,1.5899549392651433,,,,Sand,,,Sand 2,2,2.94,20.76,-1.46,-19.28
-18.099999999999998,19.58,20.291,0.14003,3.175,-1.3106,2.8929,2.25,0.63717,1133.0,19.574,20.291,202.91,1.5495038642009151,,,,Sand,,,Sand 2,2,2.94,20.76,-1.46,-19.28
-18.12,19.6,22.584,0.14421,3.1937,-1.2762,2.9286,2.2,0.61908,1134.0,19.594,22.584,225.84,1.506496612410452,,,,Sand,,,Sand 2,2,2.94,20.76,-1.46,-19.28
-18.14,19.62,24.628,0.15281,3.2058,-1.3457,2.9107,2.2,0.61946,1135.0,19.614,24.628,246.28,1.4790151941171237,,,,Sand,,,Sand 2,2,2.94,20.76,-1.46,-19.28
-18.16,19.64,25.64,0.16462,3.1841,-1.2931,2.9107,2.25,0.63395,1136.0,19.634,25.64,256.4,1.4732587695773194,,,,Sand,,,Sand 2,2,2.94,20.76,-1.46,-19.28
-18.18,19.66,27.699,0.17934,3.231,-1.3282,2.9464,2.25,0.66329,1137.0,19.654,27.699,276.99,1.4632074777761381,,,,Sand,,,Sand 2,2,2.94,20.76,-1.46,-19.28
-18.2,19.68,28.661,0.19234,3.222,-1.3457,2.9286,2.2,0.69152,1137.0,19.674,28.661,286.61,1.4658666139042944,,,,Sand,,,Sand 2,2,2.94,20.76,-1.46,-19.28
-18.22,19.7,29.169,0.20659,3.2004,-1.2931,2.9286,2.2,0.72945,1138.0,19.694,29.169,291.69,1.4775188746095202,,,,Sand,,,Sand 2,2,2.94,20.76,-1.46,-19.28
-18.24,19.72,29.063,0.22186,3.1486,-1.3633,2.8393,2.25,0.77308,1139.0,19.714,29.063,290.63,1.497172291637761,,,,Sand,,,Sand 2,2,2.94,20.76,-1.46,-19.28
-18.259999999999998,19.74,28.857,0.23152,3.1734,-1.3457,2.875,2.2,0.80253,1140.0,19.734,28.857,288.57,1.5112927717684093,,,,Sand,,,Sand 2,2,2.94,20.76,-1.46,-19.28
-18.28,19.76,28.797,0.24064,3.2058,-1.3457,2.9107,2.25,0.83261,1141.0,19.754,28.797,287.97,1.5238195703652828,,,,Sand,,,Sand 2,2,2.94,20.76,-1.46,-19.28
-18.3,19.78,28.688,0.24414,3.125,-1.3457,2.8214,2.25,0.84725,1142.0,19.774,28.688,286.88,1.5305820203317924,,,,Sand,,,Sand 2,2,2.94,20.76,-1.46,-19.28
-18.32,19.8,28.657,0.24296,3.1563,-1.3808,2.8393,2.25,0.84875,1143.0,19.794,28.657,286.57,1.5314687743227928,,,,Sand,,,Sand 2,2,2.94,20.76,-1.46,-19.28
-18.34,19.82,28.903,0.23938,3.1884,-1.3808,2.875,2.2,0.84421,1144.0,19.814,28.903,289.03,1.52726713970438,,,,Sand,,,Sand 2,2,2.94,20.76,-1.46,-19.28
-18.36,19.84,29.083,0.23379,3.2443,-1.3984,2.9286,2.25,0.83447,1145.0,19.833,29.083,290.83,1.5217031586732772,,,,Sand,,,Sand 2,2,2.94,20.76,-1.46,-19.28
-18.38,19.86,28.475,0.2316,3.2358,-1.4159,2.9107,2.25,0.83787,1146.0,19.853,28.475,284.75,1.5291065175643872,,,,Sand,,,Sand 2,2,2.94,20.76,-1.46,-19.28
-18.4,19.88,27.546,0.22993,3.2282,-1.3984,2.9107,2.3,0.84597,1146.0,19.873,27.546,275.46,1.541818022317885,,,,Sand,,,Sand 2,2,2.94,20.76,-1.46,-19.28
-18.419999999999998,19.9,26.695,0.22402,3.2604,-1.3984,2.9464,2.3,0.84212,1147.0,19.893,26.695,266.95,1.5494902578565302,,,,Sand,,,Sand 2,2,2.94,20.76,-1.46,-19.28
-18.44,19.92,26.082,0.21791,3.2282,-1.3984,2.9107,2.3,0.84059,1148.0,19.913,26.082,260.82,1.555721875406323,,,,Sand,,,Sand 2,2,2.94,20.76,-1.46,-19.28
-18.46,19.94,25.688,0.21031,3.2518,-1.4159,2.9286,2.3,0.83074,1149.0,19.933,25.688,256.88,1.5564551446096224,,,,Sand,,,Sand 2,2,2.94,20.76,-1.46,-19.28
-18.48,19.96,24.964,0.20095,3.2353,-1.451,2.8929,2.25,0.80617,1150.0,19.953,24.964,249.64,1.5554715813529125,,,,Sand,,,Sand 2,2,2.94,20.76,-1.46,-19.28
-18.5,19.98,24.279,0.17227,3.1486,-1.3633,2.8393,2.3,0.6934,1151.0,19.973,24.279,242.79,1.5173697410084177,,,,Sand,,,Sand 2,2,2.94,20.76,-1.46,-19.28
-18.52,20.0,23.661,0.16901,3.2206,-1.3808,2.9107,2.3,0.67586,1152.0,19.993,23.661,236.61,1.5176767239912705,,,,Sand,,,Sand 2,2,2.94,20.76,-1.46,-19.28
-18.54,20.02,23.617,0.16804,3.1877,-1.4159,2.8571,2.25,0.66548,1153.0,20.013,23.617,236.17,1.513620374652257,,,,Sand,,,Sand 2,2,2.94,20.76,-1.46,-19.28
-18.56,20.04,24.424,0.16727,3.2037,-1.4159,2.875,2.25,0.65529,1153.0,20.033,24.424,244.24,1.4984375132340717,,,,Sand,,,Sand 2,2,2.94,20.76,-1.46,-19.28
-18.58,20.06,26.037,0.16933,3.2115,-1.4335,2.875,2.25,0.6552,1154.0,20.053,26.037,260.37,1.4784618008549315,,,,Sand,,,Sand 2,2,2.94,20.76,-1.46,-19.28
-18.599999999999998,20.08,27.386,0.1697,3.2045,-1.3808,2.8929,1.8,0.64671,1165.0,20.073,27.386,273.86,1.4588897884692846,,,,Sand,,,Sand 2,2,2.94,20.76,-1.46,-19.28
-18.62,20.1,27.643,0.17356,3.2518,-1.4159,2.9286,2.25,0.6536,1166.0,20.093,27.643,276.43,1.4592834139795308,,,,Sand,,,Sand 2,2,2.94,20.76,-1.46,-19.28
-18.64,20.12,27.159,0.17563,3.2353,-1.451,2.8929,2.25,0.65903,1167.0,20.113,27.159,271.59,1.4672418506723666,,,,Sand,,,Sand 2,2,2.94,20.76,-1.46,-19.28
-18.66,20.14,26.829,0.18104,3.2197,-1.4159,2.8929,2.25,0.68363,1168.0,20.133,26.829,268.29,1.4822793925725135,,,,Sand,,,Sand 2,2,2.94,20.76,-1.46,-19.28
-18.68,20.16,26.826,0.18542,3.2115,-1.4335,2.875,2.25,0.71095,1169.0,20.153,26.826,268.26,1.4944713910552732,,,,Sand,,,Sand 2,2,2.94,20.76,-1.46,-19.28
-18.7,20.18,26.135,0.18993,3.2357,-1.5212,2.8571,2.25,0.74063,1170.0,20.173,26.135,261.35,1.5151143347344265,,,,Sand,,,Sand 2,2,2.94,20.76,-1.46,-19.28
-18.72,20.2,25.183,0.18868,3.2829,-1.4861,2.9286,2.25,0.74401,1171.0,20.193,25.183,251.83,1.5277681327927677,,,,Sand,,,Sand 2,2,2.94,20.76,-1.46,-19.28
-18.74,20.22,24.696,0.17895,3.2431,-1.4685,2.8929,2.25,0.70881,1171.0,20.213,24.696,246.96,1.518804640936099,,,,Sand,,,Sand 2,2,2.94,20.76,-1.46,-19.28
-18.759999999999998,20.24,24.172,0.17144,3.275,-1.4685,2.9286,2.25,0.67852,1172.0,20.233,24.172,241.72,1.5121751058391595,,,,Sand,,,Sand 2,2,2.94,20.76,-1.46,-19.28
-18.78,20.26,24.158,0.16643,3.3474,-1.451,3.0179,2.25,0.65516,1173.0,20.253,24.158,241.58,1.5018163402896365,,,,Sand,,,Sand 2,2,2.94,20.76,-1.46,-19.28
-18.8,20.28,24.879,0.16393,3.3399,-1.4335,3.0179,2.25,0.64165,1174.0,20.273,24.879,248.79,1.4863298773784919,,,,Sand,,,Sand 2,2,2.94,20.76,-1.46,-19.28
-18.82,20.3,25.921,0.16099,3.3711,-1.4685,3.0357,2.25,0.62832,1175.0,20.293,25.921,259.21,1.4671618633644758,,,,Sand,,,Sand 2,2,2.94,20.76,-1.46,-19.28
-18.84,20.32,26.989,0.15932,3.3153,-1.451,2.9821,2.3,0.62223,1176.0,20.313,26.989,269.89,1.4516299114117022,,,,Sand,,,Sand 2,2,2.94,20.76,-1.46,-19.28
-18.86,20.34,27.223,0.16009,3.3153,-1.451,2.9821,2.25,0.63053,1177.0,20.333,27.223,272.23,1.4529822246454835,,,,Sand,,,Sand 2,2,2.94,20.76,-1.46,-19.28
-18.88,20.36,26.351,0.1604,3.3386,-1.5036,2.9821,2.25,0.64461,1178.0,20.353,26.351,263.51,1.4697888000792172,,,,Sand,,,Sand 2,2,2.94,20.76,-1.46,-19.28
-18.9,20.38,25.288,0.16288,3.3313,-1.451,3.0,2.2,0.67664,1179.0,20.373,25.288,252.88,1.497305156360221,,,,Sand,,,Sand 2,2,2.94,20.76,-1.46,-19.28
-18.919999999999998,20.4,24.024,0.17853,3.3545,-1.5036,3.0,2.25,0.77345,1180.0,20.393,24.024,240.24,1.55412858531144,,,,Sand,,,Sand 2,2,2.94,20.76,-1.46,-19.28
-18.94,20.42,22.438,0.17747,3.267,-1.4861,2.9107,2.3,0.80607,1180.0,20.413,22.438,224.38,1.587738037826158,,,,Sand,,,Sand 2,2,2.94,20.76,-1.46,-19.28
-18.96,20.44,20.836,0.17884,3.3313,-1.451,3.0,2.3,0.85093,1181.0,20.433,20.836,208.36,1.6271091653249734,,,,Sand,,,Sand 2,2,2.94,20.76,-1.46,-19.28
-18.98,20.46,19.428,0.17948,3.2431,-1.4685,2.8929,2.3,0.88108,1182.0,20.452,19.428,194.28,1.6593290562362302,,,,Sand,,,Sand 2,2,2.94,20.76,-1.46,-19.28
-19.0,20.48,19.067,0.17117,3.2433,-1.5036,2.875,2.3,0.84425,1183.0,20.472,19.067,190.67,1.6522178912172336,,,,Sand,,,Sand 2,2,2.94,20.76,-1.46,-19.28
-19.02,20.5,18.707,0.16035,3.1796,-1.4335,2.8393,2.3,0.77704,1184.0,20.492,18.707,187.07,1.6334866256922698,,,,Sand,,,Sand 2,2,2.94,20.76,-1.46,-19.28
-19.04,20.52,18.347,0.15269,3.1558,-1.4159,2.8214,2.25,0.71671,1185.0,20.512,18.347,183.47,1.6161215386996928,,,,Sand,,,Sand 2,2,2.94,20.76,-1.46,-19.28
-19.06,20.54,20.12,0.1538,3.2034,-1.451,2.8571,2.25,0.69303,1186.0,20.532,20.12,201.2,1.57658446550578,,,,Sand,,,Sand 2,2,2.94,20.76,-1.46,-19.28
-19.08,20.56,23.259,0.1549,3.1636,-1.4335,2.8214,2.2,0.6649,1187.0,20.552,23.259,232.59,1.518173937930459,,,,Sand,,,Sand 2,2,2.94,20.76,-1.46,-19.28
-19.099999999999998,20.58,25.326,0.15607,3.2193,-1.451,2.875,2.2,0.62467,1188.0,20.572,25.326,253.26,1.4726935976787539,,,,Sand,,,Sand 2,2,2.94,20.76,-1.46,-19.28
-19.12,20.6,26.179,0.1532,3.1486,-1.3633,2.8393,2.25,0.56612,1189.0,20.592,26.179,261.79,1.4329527989216735,,,,Sand,,,Sand 2,2,2.94,20.76,-1.46,-19.28
-19.14,20.62,26.533,0.1503,3.1573,-1.3457,2.8571,2.25,0.5167,1189.0,20.612,26.533,265.33,1.4019618442951696,,,,Sand,,,Sand 2,2,2.94,20.76,-1.46,-19.28
-19.16,20.64,27.901,0.14742,3.166,-1.3282,2.875,2.25,0.4763,1190.0,20.632,27.901,279.01,1.3621836866237504,,,,Sand,,,Sand 2,2,2.94,20.76,-1.46,-19.28
-19.18,20.66,32.213,0.17039,3.3696,-1.3106,3.1053,2.2,0.52228,1191.0,20.652,32.213,322.13,1.3435203028173175,,,,Sand,,,Sand 2,2,2.94,20.76,-1.46,-19.28
-19.2,20.68,34.961,0.18869,3.5903,-1.4685,3.2777,2.15,0.5499,1192.0,20.672,34.961,349.61,1.3343131985950605,,,,Sand,,,Sand 2,2,2.94,20.76,-1.46,-19.28
-19.22,20.7,36.336,0.20244,3.5267,-1.5036,3.1915,2.2,0.56137,1193.0,20.692,36.336,363.36,1.3292594075210846,,,,Sand,,,Sand 2,2,2.94,20.76,-1.46,-19.28
-19.24,20.72,38.156,0.20985,3.4576,-1.451,3.1398,2.25,0.55701,1194.0,20.712,38.156,381.56,1.3123307154198316,,,,Sand,,,Sand 2,2,2.94,20.76,-1.46,-19.28
-19.259999999999998,20.74,38.72,0.21174,3.4806,-1.4685,3.157,2.25,0.54562,1195.0,20.732,38.72,387.2,1.3014134852234003,,,,Dense sand / gravelly sand,,,Sand 2,2,2.94,20.76,-1.46,-19.28
-19.28,20.76,39.689,0.21979,3.3796,-1.451,3.0536,2.2,0.5537,1196.0,20.752,39.689,396.89,1.2988893346382626,,,,Dense sand / gravelly sand,,,Sand 3,3,20.76,25.04,-19.28,-23.56
-19.3,20.78,40.515,0.24318,3.355,-1.4685,3.0179,2.2,0.60087,1197.0,20.772,40.515,405.15,1.3195715075341659,,,,Sand,,,Sand 3,3,20.76,25.04,-19.28,-23.56
-19.32,20.8,40.808,0.25572,3.3787,-1.4861,3.0357,2.25,0.62192,1198.0,20.792,40.808,408.08,1.3289004120295473,,,,Sand,,,Sand 3,3,20.76,25.04,-19.28,-23.56
-19.34,20.82,41.279,0.26641,3.3399,-1.4335,3.0179,2.25,0.6377,1198.0,20.812,41.279,412.79,1.334023034554142,,,,Sand,,,Sand 3,3,20.76,25.04,-19.28,-23.56
-19.36,20.84,42.051,0.28936,3.3948,-1.4861,3.0536,2.2,0.68587,1199.0,20.832,42.051,420.51,1.3534183603883054,,,,Sand,,,Sand 3,3,20.76,25.04,-19.28,-23.56
-19.38,20.86,42.555,0.32469,3.4102,-1.5212,3.0536,2.2,0.76641,1200.0,20.852,42.555,425.55,1.388235773147609,,,,Sand,,,Sand 3,3,20.76,25.04,-19.28,-23.56
-19.4,20.88,43.334,0.35227,3.4338,-1.4685,3.1053,2.25,0.8326,1201.0,20.872,43.334,433.34,1.4123630839507206,,,,Sand,,,Sand 3,3,20.76,25.04,-19.28,-23.56
-19.419999999999998,20.9,43.986,0.37377,3.4875,-1.5563,3.1225,2.25,0.88893,1202.0,20.892,43.986,439.86,1.431663489096981,,,,Sand,,,Sand 3,3,20.76,25.04,-19.28,-23.56
-19.44,20.92,42.981,0.38903,3.4489,-1.5387,3.0881,2.25,0.93527,1203.0,20.912,42.981,429.81,1.4554851894984662,,,,Sand,,,Sand 3,3,20.76,25.04,-19.28,-23.56
-19.46,20.94,41.929,0.3815,3.472,-1.5212,3.1225,2.3,0.93038,1204.0,20.932,41.929,419.29,1.4598442144339208,,,,Sand,,,Sand 3,3,20.76,25.04,-19.28,-23.56
-19.48,20.96,40.366,0.374,3.4258,-1.4861,3.0881,2.25,0.92896,1205.0,20.952,40.366,403.66,1.468947156590586,,,,Sand,,,Sand 3,3,20.76,25.04,-19.28,-23.56
-19.5,20.98,39.173,0.36655,3.4338,-1.4685,3.1053,2.25,0.93084,1205.0,20.972,39.173,391.73,1.4773543754452758,,,,Sand,,,Sand 3,3,20.76,25.04,-19.28,-23.56
-19.52,21.0,38.446,0.36947,3.4733,-1.451,3.157,2.2,0.95805,1206.0,20.992,38.446,384.46,1.4922540044012709,,,,Sand,,,Sand 3,3,20.76,25.04,-19.28,-23.56
-19.54,21.02,37.824,0.36965,3.4569,-1.4861,3.1225,2.25,0.9754,1207.0,21.012,37.824,378.24,1.5027314598862171,,,,Sand,,,Sand 3,3,20.76,25.04,-19.28,-23.56
-19.56,21.04,37.376,0.37006,3.3711,-1.4685,3.0357,2.15,0.98889,1221.0,21.031,37.376,373.76,1.5106039423445092,,,,Sand,,,Sand 3,3,20.76,25.04,-19.28,-23.56
-19.58,21.06,36.929,0.36723,3.4103,-1.4861,3.0708,2.2,0.98984,1222.0,21.051,36.929,369.29,1.5140487486316918,,,,Sand,,,Sand 3,3,20.76,25.04,-19.28,-23.56
-19.599999999999998,21.08,36.482,0.36719,3.3948,-1.4861,3.0536,2.2,0.99453,1223.0,21.071,36.482,364.82,1.5188530275485614,,,,Sand,,,Sand 3,3,20.76,25.04,-19.28,-23.56
-19.62,21.1,36.584,0.36502,3.396,-1.4159,3.0881,2.2,0.98987,1224.0,21.091,36.584,365.84,1.5164930391221418,,,,Sand,,,Sand 3,3,20.76,25.04,-19.28,-23.56
-19.64,21.12,36.559,0.3613,3.4034,-1.4335,3.0881,2.25,0.97886,1225.0,21.111,36.559,365.59,1.5127801072532976,,,,Sand,,,Sand 3,3,20.76,25.04,-19.28,-23.56
-19.66,21.14,36.605,0.35396,3.3804,-1.4159,3.0708,2.2,0.95626,1225.0,21.131,36.605,366.05,1.5043442735563501,,,,Sand,,,Sand 3,3,20.76,25.04,-19.28,-23.56
-19.68,21.16,37.013,0.34645,3.4034,-1.4335,3.0881,2.2,0.93081,1226.0,21.151,37.013,370.13,1.4920977061765255,,,,Sand,,,Sand 3,3,20.76,25.04,-19.28,-23.56
-19.7,21.18,37.461,0.33631,3.4182,-1.4685,3.0881,2.2,0.89839,1227.0,21.171,37.461,374.61,1.476682039322036,,,,Sand,,,Sand 3,3,20.76,25.04,-19.28,-23.56
-19.72,21.2,37.65,0.32171,3.4131,-1.3808,3.1225,2.2,0.85397,1228.0,21.191,37.65,376.5,1.457901355981165,,,,Sand,,,Sand 3,3,20.76,25.04,-19.28,-23.56
-19.74,21.22,37.771,0.32414,3.436,-1.3984,3.1398,2.15,0.85469,1229.0,21.211,37.771,377.71,1.4573362953093225,,,,Sand,,,Sand 3,3,20.76,25.04,-19.28,-23.56
-19.759999999999998,21.24,38.115,0.32849,3.3974,-1.3808,3.1053,2.2,0.86221,1230.0,21.231,38.115,381.15,1.4579410105601325,,,,Sand,,,Sand 3,3,20.76,25.04,-19.28,-23.56
-19.78,21.26,38.301,0.33325,3.4274,-1.4159,3.1225,2.15,0.87236,1231.0,21.251,38.301,383.01,1.4606885065695168,,,,Sand,,,Sand 3,3,20.76,25.04,-19.28,-23.56
-19.8,21.28,38.465,0.3356,3.4202,-1.3984,3.1225,2.2,0.87604,1232.0,21.271,38.465,384.65,1.4610169585596284,,,,Sand,,,Sand 3,3,20.76,25.04,-19.28,-23.56
-19.82,21.3,38.627,0.34286,3.4045,-1.3984,3.1053,2.15,0.8924,1233.0,21.291,38.627,386.27,1.466318938433514,,,,Sand,,,Sand 3,3,20.76,25.04,-19.28,-23.56
-19.84,21.32,38.396,0.34026,3.415,-1.3457,3.1398,2.2,0.88428,1234.0,21.311,38.396,383.96,1.4647256013898602,,,,Sand,,,Sand 3,3,20.76,25.04,-19.28,-23.56
-19.86,21.34,38.279,0.3416,3.3974,-1.3808,3.1053,2.2,0.88714,1235.0,21.331,38.279,382.79,1.4666439974397658,,,,Sand,,,Sand 3,3,20.76,25.04,-19.28,-23.56
-19.88,21.36,38.518,0.34304,3.415,-1.3457,3.1398,2.25,0.89067,1236.0,21.351,38.518,385.18,1.4663860644026505,,,,Sand,,,Sand 3,3,20.76,25.04,-19.28,-23.56
-19.9,21.38,38.654,0.34142,3.4173,-1.3106,3.157,2.2,0.88636,1236.0,21.371,38.654,386.54,1.4637824675451412,,,,Sand,,,Sand 3,3,20.76,25.04,-19.28,-23.56
-19.919999999999998,21.4,38.593,0.33955,3.424,-1.3282,3.157,2.2,0.88051,1237.0,21.391,38.593,385.93,1.4619039411970194,,,,Sand,,,Sand 3,3,20.76,25.04,-19.28,-23.56
-19.94,21.42,38.512,0.33839,3.3974,-1.3808,3.1053,2.2,0.87561,1238.0,21.411,38.512,385.12,1.4605261036281032,,,,Sand,,,Sand 3,3,20.76,25.04,-19.28,-23.56
-19.96,21.44,38.537,0.34124,3.424,-1.3282,3.157,2.2,0.8811,1239.0,21.431,38.537,385.37,1.4625168723596875,,,,Sand,,,Sand 3,3,20.76,25.04,-19.28,-23.56
-19.98,21.46,38.663,0.3476,3.4265,-1.2931,3.1743,2.2,0.89587,1240.0,21.451,38.663,386.63,1.4674213682723376,,,,Sand,,,Sand 3,3,20.76,25.04,-19.28,-23.56
-20.0,21.48,38.743,0.34772,3.4081,-1.3282,3.1398,2.2,0.8944,1241.0,21.471,38.743,387.43,1.4663116608232152,,,,Sand,,,Sand 3,3,20.76,25.04,-19.28,-23.56
-20.02,21.5,38.946,0.35117,3.3974,-1.3808,3.1053,2.15,0.90077,1242.0,21.491,38.946,389.46,1.467413856964079,,,,Sand,,,Sand 3,3,20.76,25.04,-19.28,-23.56
-20.04,21.52,39.184,0.35664,3.4447,-1.3808,3.157,2.15,0.91193,1243.0,21.511,39.184,391.84,1.4701181523286522,,,,Sand,,,Sand 3,3,20.76,25.04,-19.28,-23.56
-20.06,21.54,39.224,0.36147,3.4106,-1.2931,3.157,2.2,0.92093,1244.0,21.531,39.224,392.24,1.4732800126760885,,,,Sand,,,Sand 3,3,20.76,25.04,-19.28,-23.56
-20.08,21.56,39.211,0.36501,3.4332,-1.3106,3.1743,2.2,0.92621,1245.0,21.551,39.211,392.11,1.475362000848686,,,,Sand,,,Sand 3,3,20.76,25.04,-19.28,-23.56
-20.099999999999998,21.58,39.374,0.3729,3.4308,-1.3457,3.157,2.2,0.9435,1245.0,21.571,39.374,393.74,1.480765535999024,,,,Sand,,,Sand 3,3,20.76,25.04,-19.28,-23.56
-20.12,21.6,39.521,0.37954,3.4558,-1.3282,3.1915,2.2,0.9588,1246.0,21.59,39.521,395.21,1.4854560644741124,,,,Sand,,,Sand 3,3,20.76,25.04,-19.28,-23.56
-20.14,21.62,39.796,0.38431,3.4467,-1.3457,3.1743,2.15,0.96807,1247.0,21.61,39.796,397.96,1.4870744935074567,,,,Sand,,,Sand 3,3,20.76,25.04,-19.28,-23.56
-20.16,21.64,40.016,0.39006,3.4717,-1.3282,3.2087,2.2,0.9765,1248.0,21.63,40.016,400.16,1.4887327975631741,,,,Sand,,,Sand 3,3,20.76,25.04,-19.28,-23.56
-20.18,21.66,39.862,0.39713,3.4265,-1.2931,3.1743,2.2,0.98711,1249.0,21.65,39.862,398.62,1.4935230824751917,,,,Sand,,,Sand 3,3,20.76,25.04,-19.28,-23.56
-20.2,21.68,39.672,0.40215,3.4042,-1.2762,3.157,2.2,0.99428,1250.0,21.67,39.672,396.72,1.4972866845140544,,,,Sand,,,Sand 3,3,20.76,25.04,-19.28,-23.56
-20.22,21.7,40.136,0.40601,3.4377,-1.3633,3.157,2.2,1.0005,1251.0,21.69,40.136,401.36,1.49656036650897,,,,Sand,,,Sand 3,3,20.76,25.04,-19.28,-23.56
-20.24,21.72,41.182,0.40866,3.517,-1.3633,3.2432,2.2,1.0053,1252.0,21.71,41.182,411.82,1.4918217415607904,,,,Sand,,,Sand 3,3,20.76,25.04,-19.28,-23.56
-20.259999999999998,21.74,41.666,0.41035,3.4625,-1.3457,3.1915,2.2,1.0079,1253.0,21.73,41.666,416.66,1.4898393257819078,,,,Sand,,,Sand 3,3,20.76,25.04,-19.28,-23.56
-20.28,21.76,41.241,0.41154,3.513,-1.3106,3.2605,2.2,1.0093,1254.0,21.75,41.241,412.41,1.4928790397303109,,,,Sand,,,Sand 3,3,20.76,25.04,-19.28,-23.56
-20.3,21.78,40.879,0.41127,3.5195,-1.3282,3.2605,2.2,1.0092,1255.0,21.77,40.879,408.79,1.4950391588101297,,,,Sand,,,Sand 3,3,20.76,25.04,-19.28,-23.56
-20.32,21.8,40.56,0.41251,3.4876,-1.3282,3.226,2.25,1.017,1256.0,21.79,40.56,405.6,1.4997305996784538,,,,Sand,,,Sand 3,3,20.76,25.04,-19.28,-23.56
-20.34,21.82,40.384,0.41181,3.5102,-1.3457,3.2432,2.2,1.0225,1256.0,21.81,40.384,403.84,1.502732906537057,,,,Sand,,,Sand 3,3,20.76,25.04,-19.28,-23.56
-20.36,21.84,40.139,0.40685,3.5465,-1.3984,3.2605,2.2,1.0152,1257.0,21.83,40.139,401.39,1.5017109494145713,,,,Sand,,,Sand 3,3,20.76,25.04,-19.28,-23.56
-20.38,21.86,39.968,0.40246,3.5488,-1.3633,3.2777,2.2,1.0059,1258.0,21.85,39.968,399.68,1.4995211189744126,,,,Sand,,,Sand 3,3,20.76,25.04,-19.28,-23.56
-20.4,21.88,39.663,0.3943,3.5623,-1.3984,3.2777,2.2,0.98448,1259.0,21.87,39.663,396.63,1.4938482884277444,,,,Sand,,,Sand 3,3,20.76,25.04,-19.28,-23.56
-20.419999999999998,21.9,39.355,0.3862,3.4943,-1.3457,3.226,2.25,0.96475,1260.0,21.89,39.355,393.55,1.4887041766077047,,,,Sand,,,Sand 3,3,20.76,25.04,-19.28,-23.56
-20.44,21.92,39.651,0.3781,3.5714,-1.3808,3.295,2.25,0.94923,1261.0,21.91,39.651,396.51,1.4810939330532829,,,,Sand,,,Sand 3,3,20.76,25.04,-19.28,-23.56
-20.46,21.94,40.373,0.38407,3.5132,-1.4335,3.2087,2.25,0.97445,1262.0,21.93,40.373,403.73,1.4857450644121555,,,,Sand,,,Sand 3,3,20.76,25.04,-19.28,-23.56
-20.48,21.96,40.878,0.38643,3.5623,-1.3984,3.2777,2.2,0.99446,1263.0,21.95,40.878,408.78,1.489818418265923,,,,Sand,,,Sand 3,3,20.76,25.04,-19.28,-23.56
-20.5,21.98,40.221,0.38366,3.499,-1.3984,3.2087,2.15,1.0034,1276.0,21.97,40.221,402.21,1.4970540449008929,,,,Sand,,,Sand 3,3,20.76,25.04,-19.28,-23.56
-20.52,22.0,38.549,0.38574,3.5329,-1.3633,3.2605,2.2,1.0281,1277.0,21.99,38.549,385.49,1.5163587756209411,,,,Sand,,,Sand 3,3,20.76,25.04,-19.28,-23.56
-20.54,22.02,36.622,0.38808,3.5488,-1.3633,3.2777,2.2,1.0567,1278.0,22.01,36.622,366.22,1.5390644259756197,,,,Sand,,,Sand 3,3,20.76,25.04,-19.28,-23.56
-20.56,22.04,35.22,0.38084,3.5396,-1.3808,3.2605,2.25,1.0587,1279.0,22.03,35.22,352.2,1.5497669200231965,,,,Sand,,,Sand 3,3,20.76,25.04,-19.28,-23.56
-20.58,22.06,34.373,0.37621,3.5421,-1.3457,3.2777,2.2,1.0633,1280.0,22.05,34.373,343.73,1.5575944887086222,,,,Sand,,,Sand 3,3,20.76,25.04,-19.28,-23.56
-20.599999999999998,22.08,33.907,0.3695,3.5465,-1.3984,3.2605,2.25,1.0557,1281.0,22.07,33.907,339.07,1.5586690167863952,,,,Sand,,,Sand 3,3,20.76,25.04,-19.28,-23.56
-20.62,22.1,34.043,0.36689,3.6418,-1.3984,3.3639,2.2,1.0531,1282.0,22.09,34.043,340.43,1.5567666941788982,,,,Sand,,,Sand 3,3,20.76,25.04,-19.28,-23.56
-20.64,22.12,34.854,0.36494,3.6285,-1.3633,3.3639,2.15,1.0477,1283.0,22.11,34.854,348.54,1.5488391993391784,,,,Sand,,,Sand 3,3,20.76,25.04,-19.28,-23.56
-20.66,22.14,35.483,0.36126,3.6445,-1.3633,3.3812,2.2,1.0348,1284.0,22.129,35.483,354.83,1.5398808294998676,,,,Sand,,,Sand 3,3,20.76,25.04,-19.28,-23.56
-20.68,22.16,35.504,0.3585,3.6285,-1.3633,3.3639,2.2,1.0235,1285.0,22.149,35.504,355.04,1.5359055908572565,,,,Sand,,,Sand 3,3,20.76,25.04,-19.28,-23.56
-20.7,22.18,35.33,0.36467,3.6637,-1.3282,3.4156,2.25,1.0387,1286.0,22.169,35.33,353.3,1.5423122248097338,,,,Sand,,,Sand 3,3,20.76,25.04,-19.28,-23.56
-20.72,22.2,35.178,0.36432,3.6637,-1.3282,3.4156,2.2,1.0419,1286.0,22.189,35.178,351.78,1.5445026056251887,,,,Sand,,,Sand 3,3,20.76,25.04,-19.28,-23.56
-20.74,22.22,34.996,0.36114,3.7149,-1.3808,3.4501,2.2,1.043,1287.0,22.209,34.996,349.96,1.546217946306331,,,,Sand,,,Sand 3,3,20.76,25.04,-19.28,-23.56
-20.759999999999998,22.24,34.831,0.35752,3.731,-1.3808,3.4674,2.2,1.0458,1288.0,22.229,34.831,348.31,1.5483798421125279,,,,Sand,,,Sand 3,3,20.76,25.04,-19.28,-23.56
-20.78,22.26,34.694,0.35209,3.7021,-1.3457,3.4501,2.2,1.0449,1289.0,22.249,34.694,346.94,1.5491071987672218,,,,Sand,,,Sand 3,3,20.76,25.04,-19.28,-23.56
-20.8,22.28,33.734,0.34689,3.731,-1.3808,3.4674,2.2,1.0455,1290.0,22.269,33.734,337.34,1.556650333886767,,,,Sand,,,Sand 3,3,20.76,25.04,-19.28,-23.56
-20.82,22.3,32.729,0.34356,3.7374,-1.3984,3.4674,2.25,1.0526,1291.0,22.289,32.729,327.29,1.5669625867529753,,,,Sand,,,Sand 3,3,20.76,25.04,-19.28,-23.56
-20.84,22.32,31.987,0.3405,3.747,-1.3808,3.4846,2.2,1.0617,1292.0,22.309,31.987,319.87,1.5760065528431468,,,,Sand,,,Sand 3,3,20.76,25.04,-19.28,-23.56
-20.86,22.34,31.429,0.3379,3.7188,-1.4335,3.4329,2.2,1.0737,1293.0,22.329,31.429,314.29,1.584548514915919,,,,Sand,,,Sand 3,3,20.76,25.04,-19.28,-23.56
-20.88,22.36,31.032,0.33377,3.7507,-1.4335,3.4674,2.2,1.0787,1294.0,22.349,31.032,310.32,1.589533341425589,,,,Sand,,,Sand 3,3,20.76,25.04,-19.28,-23.56
-20.9,22.38,30.679,0.328,3.7551,-1.4861,3.4501,2.25,1.0752,1295.0,22.369,30.679,306.79,1.5914856531890076,,,,Sand,,,Sand 3,3,20.76,25.04,-19.28,-23.56
-20.919999999999998,22.4,30.283,0.32489,3.78,-1.4685,3.4846,2.2,1.0781,1295.0,22.389,30.283,302.83,1.5958954564151484,,,,Sand,,,Sand 3,3,20.76,25.04,-19.28,-23.56
-20.94,22.42,29.893,0.31878,3.8015,-1.3984,3.5363,2.25,1.0696,1296.0,22.409,29.893,298.93,1.5966985022103335,,,,Sand,,,Sand 3,3,20.76,25.04,-19.28,-23.56
-20.96,22.44,29.508,0.31235,3.821,-1.451,3.5363,2.2,1.0586,1297.0,22.429,29.508,295.08,1.5967084678109276,,,,Sand,,,Sand 3,3,20.76,25.04,-19.28,-23.56
-20.98,22.46,29.244,0.30537,3.8503,-1.4861,3.5536,2.2,1.0448,1298.0,22.449,29.244,292.44,1.5947242200476925,,,,Sand,,,Sand 3,3,20.76,25.04,-19.28,-23.56
-21.0,22.48,29.009,0.30183,3.8186,-1.4861,3.5191,2.25,1.0423,1299.0,22.469,29.009,290.09,1.5961253905614095,,,,Sand,,,Sand 3,3,20.76,25.04,-19.28,-23.56
-21.02,22.5,28.788,0.29937,3.821,-1.451,3.5363,2.25,1.044,1300.0,22.489,28.788,287.88,1.5987721317393757,,,,Sand,,,Sand 3,3,20.76,25.04,-19.28,-23.56
-21.04,22.52,28.648,0.29744,3.8344,-1.4861,3.5363,2.2,1.0472,1301.0,22.509,28.648,286.48,1.60114066619465,,,,Sand,,,Sand 3,3,20.76,25.04,-19.28,-23.56
-21.06,22.54,28.449,0.29426,3.873,-1.5036,3.5708,2.25,1.0451,1302.0,22.529,28.449,284.49,1.6023832317447733,,,,Sand,,,Sand 3,3,20.76,25.04,-19.28,-23.56
-21.08,22.56,28.12,0.28927,3.8027,-1.4861,3.5018,2.25,1.0343,1303.0,22.549,28.12,281.2,1.6021116581458261,,,,Sand,,,Sand 3,3,20.76,25.04,-19.28,-23.56
-21.099999999999998,22.58,27.643,0.2845,3.8412,-1.5036,3.5363,2.25,1.0205,1304.0,22.569,27.643,276.43,1.6023790020044633,,,,Sand,,,Sand 3,3,20.76,25.04,-19.28,-23.56
-21.12,22.6,27.331,0.27773,3.873,-1.5036,3.5708,2.3,0.99455,1304.0,22.588,27.331,273.31,1.5970020036982624,,,,Sand,,,Sand 3,3,20.76,25.04,-19.28,-23.56
-21.14,22.62,27.272,0.26945,3.8481,-1.5212,3.5363,2.25,0.95927,1305.0,22.608,27.272,272.72,1.5856869759719618,,,,Sand,,,Sand 3,3,20.76,25.04,-19.28,-23.56
-21.16,22.64,27.482,0.26744,3.8956,-1.5212,3.5881,2.25,0.94521,1306.0,22.628,27.482,274.82,1.578654258993586,,,,Sand,,,Sand 3,3,20.76,25.04,-19.28,-23.56
-21.18,22.66,28.073,0.26449,3.8481,-1.5212,3.5363,2.25,0.92814,1307.0,22.648,28.073,280.73,1.5666267982546822,,,,Sand,,,Sand 3,3,20.76,25.04,-19.28,-23.56
-21.2,22.68,29.033,0.26614,3.862,-1.5563,3.5363,2.2,0.92671,1308.0,22.668,29.033,290.33,1.556631747862085,,,,Sand,,,Sand 3,3,20.76,25.04,-19.28,-23.56
-21.22,22.7,29.757,0.26526,3.9094,-1.5563,3.5881,2.2,0.91571,1309.0,22.688,29.757,297.57,1.545764037860708,,,,Sand,,,Sand 3,3,20.76,25.04,-19.28,-23.56
-21.24,22.72,29.767,0.26455,3.9006,-1.5738,3.5708,2.25,0.90553,1310.0,22.708,29.767,297.67,1.54196112713104,,,,Sand,,,Sand 3,3,20.76,25.04,-19.28,-23.56
-21.259999999999998,22.74,29.259,0.26565,3.941,-1.5563,3.6225,2.25,0.90285,1311.0,22.728,29.259,292.59,1.5458224601121984,,,,Sand,,,Sand 3,3,20.76,25.04,-19.28,-23.56
-21.28,22.76,29.111,0.26917,3.9252,-1.5563,3.6053,2.3,0.91023,1312.0,22.748,29.111,291.11,1.5499414480692681,,,,Sand,,,Sand 3,3,20.76,25.04,-19.28,-23.56
-21.3,22.78,29.26,0.2708,3.8936,-1.5563,3.5708,2.25,0.91076,1313.0,22.768,29.26,292.6,1.548695874166015,,,,Sand,,,Sand 3,3,20.76,25.04,-19.28,-23.56
-21.32,22.8,29.461,0.25782,3.8639,-1.5212,3.5536,2.25,0.85875,1313.0,22.788,29.461,294.61,1.5273879909857189,,,,Sand,,,Sand 3,3,20.76,25.04,-19.28,-23.56
-21.34,22.82,29.742,0.26703,3.9183,-1.5387,3.6053,2.25,0.87318,1314.0,22.808,29.742,297.42,1.5301741753033458,,,,Sand,,,Sand 3,3,20.76,25.04,-19.28,-23.56
-21.36,22.84,30.217,0.27924,3.8848,-1.5738,3.5536,2.25,0.89781,1315.0,22.828,30.217,302.17,1.5349150228310002,,,,Sand,,,Sand 3,3,20.76,25.04,-19.28,-23.56
-21.38,22.86,31.051,0.30005,3.922,-1.6264,3.5708,2.2,0.9492,1316.0,22.848,31.051,310.51,1.5459630272990024,,,,Sand,,,Sand 3,3,20.76,25.04,-19.28,-23.56
-21.4,22.88,32.074,0.31869,3.9006,-1.5738,3.5708,2.2,0.99102,1317.0,22.868,32.074,320.73999999999995,1.5517271825019316,,,,Sand,,,Sand 3,3,20.76,25.04,-19.28,-23.56
-21.419999999999998,22.9,33.73,0.3333,3.8534,-1.5738,3.5191,2.15,1.0168,1329.0,22.888,33.73,337.3,1.5470747487055305,,,,Sand,,,Sand 3,3,20.76,25.04,-19.28,-23.56
-21.44,22.92,33.279,0.3314,3.862,-1.5563,3.5363,2.2,0.99028,1330.0,22.908,33.279,332.79,1.5415734609208749,,,,Sand,,,Sand 3,3,20.76,25.04,-19.28,-23.56
-21.46,22.94,33.328,0.3313,3.9691,-1.6264,3.6225,2.2,0.97121,1331.0,22.928,33.328,333.28,1.534527726403991,,,,Sand,,,Sand 3,3,20.76,25.04,-19.28,-23.56
-21.48,22.96,33.842,0.3412,3.9707,-1.5913,3.6398,2.2,0.98536,1332.0,22.948,33.842,338.42,1.5353942902276159,,,,Sand,,,Sand 3,3,20.76,25.04,-19.28,-23.56
-21.5,22.98,34.706,0.34976,3.9707,-1.5913,3.6398,2.2,1.0042,1333.0,22.968,34.706,347.06,1.5352499211153503,,,,Sand,,,Sand 3,3,20.76,25.04,-19.28,-23.56
-21.52,23.0,35.715,0.3579,4.0549,-1.644,3.7087,2.2,1.0249,1333.0,22.988,35.715,357.15,1.5348419656628043,,,,Sand,,,Sand 3,3,20.76,25.04,-19.28,-23.56
-21.54,23.02,36.221,0.36183,4.0163,-1.6264,3.6743,2.2,1.038,1334.0,23.007,36.221,362.21,1.5356356936157982,,,,Sand,,,Sand 3,3,20.76,25.04,-19.28,-23.56
-21.56,23.04,36.195,0.36473,4.0549,-1.644,3.7087,2.2,1.0525,1335.0,23.027,36.195,361.95,1.540674256910147,,,,Sand,,,Sand 3,3,20.76,25.04,-19.28,-23.56
-21.58,23.06,35.345,0.36576,4.0409,-1.6089,3.7087,2.25,1.0663,1336.0,23.047,35.345,353.45,1.551348549269019,,,,Sand,,,Sand 3,3,20.76,25.04,-19.28,-23.56
-21.599999999999998,23.08,34.009,0.36369,4.0567,-1.6089,3.726,2.25,1.075,1337.0,23.067,34.009,340.09,1.5641704587371126,,,,Sand,,,Sand 3,3,20.76,25.04,-19.28,-23.56
-21.62,23.1,32.837,0.36138,4.0093,-1.6089,3.6743,2.25,1.0832,1338.0,23.087,32.837,328.37,1.5759810993322028,,,,Sand,,,Sand 3,3,20.76,25.04,-19.28,-23.56
-21.64,23.12,32.197,0.35055,4.0692,-1.6791,3.7087,2.25,1.0625,1339.0,23.107,32.197,321.97,1.5745269173196417,,,,Sand,,,Sand 3,3,20.76,25.04,-19.28,-23.56
-21.66,23.14,31.894,0.34139,4.0755,-1.7317,3.6915,2.25,1.0425,1340.0,23.127,31.894,318.94,1.5705255985143225,,,,Sand,,,Sand 3,3,20.76,25.04,-19.28,-23.56
-21.68,23.16,31.953,0.33787,4.0306,-1.6615,3.6743,2.25,1.0357,1341.0,23.147,31.953,319.53,1.5677916795669589,,,,Sand,,,Sand 3,3,20.76,25.04,-19.28,-23.56
-21.7,23.18,32.47,0.33435,4.0306,-1.6615,3.6743,2.2,1.0243,1342.0,23.167,32.47,324.7,1.5597138296425148,,,,Sand,,,Sand 3,3,20.76,25.04,-19.28,-23.56
-21.72,23.2,33.248,0.33365,4.0139,-1.6966,3.6398,2.2,1.0191,1342.0,23.187,33.248,332.48,1.5516652762829917,,,,Sand,,,Sand 3,3,20.76,25.04,-19.28,-23.56
-21.74,23.22,33.377,0.33072,4.0295,-1.6966,3.657,2.2,1.0058,1343.0,23.207,33.377,333.77,1.5461231208761193,,,,Sand,,,Sand 3,3,20.76,25.04,-19.28,-23.56
-21.759999999999998,23.24,32.996,0.33115,4.0911,-1.7317,3.7087,2.2,1.0016,1344.0,23.227,32.996,329.96,1.5477469173063216,,,,Sand,,,Sand 3,3,20.76,25.04,-19.28,-23.56
-21.78,23.26,33.014,0.33339,4.0535,-1.6791,3.6915,2.25,1.0039,1345.0,23.247,33.014,330.14,1.5483871549382708,,,,Sand,,,Sand 3,3,20.76,25.04,-19.28,-23.56
-21.8,23.28,32.97,0.33687,4.1078,-1.6966,3.7432,2.2,1.0133,1346.0,23.267,32.97,329.7,1.5519379137036398,,,,Sand,,,Sand 3,3,20.76,25.04,-19.28,-23.56
-21.82,23.3,33.017,0.34017,4.1297,-1.7492,3.7432,2.25,1.0226,1347.0,23.287,33.017,330.17,1.5546949736655464,,,,Sand,,,Sand 3,3,20.76,25.04,-19.28,-23.56
-21.84,23.32,33.421,0.33939,4.1453,-1.7492,3.7605,2.2,1.0165,1348.0,23.307,33.421,334.21,1.5494101292011424,,,,Sand,,,Sand 3,3,20.76,25.04,-19.28,-23.56
-21.86,23.34,33.632,0.3387,4.1453,-1.7492,3.7605,2.2,1.0077,1349.0,23.327,33.632,336.32,1.5447507396964464,,,,Sand,,,Sand 3,3,20.76,25.04,-19.28,-23.56
-21.88,23.36,33.546,0.34056,4.1235,-1.6966,3.7605,2.2,1.0063,1350.0,23.347,33.546,335.46,1.5449520637960306,,,,Sand,,,Sand 3,3,20.76,25.04,-19.28,-23.56
-21.9,23.38,33.531,0.34364,4.0994,-1.7142,3.726,2.2,1.0071,1351.0,23.367,33.531,335.31,1.5453439354053944,,,,Sand,,,Sand 3,3,20.76,25.04,-19.28,-23.56
-21.919999999999998,23.4,33.979,0.34592,4.106,-1.7668,3.7087,2.2,1.0032,1351.0,23.387,33.979,339.79,1.5404911659471354,,,,Sand,,,Sand 3,3,20.76,25.04,-19.28,-23.56
-21.94,23.42,34.781,0.35014,4.1067,-1.7317,3.726,2.25,1.0031,1352.0,23.406,34.781,347.81,1.5343035196893176,,,,Sand,,,Sand 3,3,20.76,25.04,-19.28,-23.56
-21.96,23.44,34.833,0.35509,4.1215,-1.7668,3.726,2.25,1.0053,1353.0,23.426,34.833,348.33,1.534668584028785,,,,Sand,,,Sand 3,3,20.76,25.04,-19.28,-23.56
-21.98,23.46,35.243,0.35815,4.1464,-1.7142,3.7777,2.25,1.0029,1354.0,23.446,35.243,352.43,1.5307725792998725,,,,Sand,,,Sand 3,3,20.76,25.04,-19.28,-23.56
-22.0,23.48,36.293,0.3674,4.1839,-1.7668,3.795,2.25,1.0206,1355.0,23.466,36.293,362.93,1.5292182340929394,,,,Sand,,,Sand 3,3,20.76,25.04,-19.28,-23.56
-22.02,23.5,37.044,0.37499,4.138,-1.7317,3.7605,2.2,1.0404,1356.0,23.486,37.044,370.44,1.5306776792993215,,,,Sand,,,Sand 3,3,20.76,25.04,-19.28,-23.56
-22.04,23.52,36.853,0.37566,4.185,-1.7317,3.8122,2.25,1.0474,1357.0,23.506,36.853,368.53,1.534353447258996,,,,Sand,,,Sand 3,3,20.76,25.04,-19.28,-23.56
-22.06,23.54,36.657,0.3729,4.2007,-1.7317,3.8294,2.2,1.051,1358.0,23.526,36.657,366.57,1.5369219208836085,,,,Sand,,,Sand 3,3,20.76,25.04,-19.28,-23.56
-22.08,23.56,36.277,0.37118,4.2236,-1.7492,3.8467,2.15,1.0643,1359.0,23.546,36.277,362.77,1.5440012392094267,,,,Sand,,,Sand 3,3,20.76,25.04,-19.28,-23.56
-22.099999999999998,23.58,35.133,0.3722,4.2392,-1.7492,3.8639,2.25,1.0905,1360.0,23.566,35.133,351.33,1.5607449026514124,,,,Sand,,,Sand 3,3,20.76,25.04,-19.28,-23.56
-22.12,23.6,33.437,0.3681,4.1913,-1.7843,3.795,2.25,1.1035,1360.0,23.586,33.437,334.37,1.5776818331306839,,,,Sand,,,Sand 3,3,20.76,25.04,-19.28,-23.56
-22.14,23.62,32.144,0.36092,4.1907,-1.8194,3.7777,2.3,1.1097,1361.0,23.606,32.144,321.44,1.5899439424538713,,,,Sand,,,Sand 3,3,20.76,25.04,-19.28,-23.56
-22.16,23.64,31.47,0.35565,4.2293,-1.837,3.8122,2.25,1.1223,1362.0,23.626,31.47,314.7,1.5994253718517246,,,,Sand,,,Sand 3,3,20.76,25.04,-19.28,-23.56
-22.18,23.66,31.074,0.34944,4.2218,-1.8194,3.8122,2.25,1.1278,1363.0,23.646,31.074,310.74,1.6044568556067798,,,,Sand,,,Sand 3,3,20.76,25.04,-19.28,-23.56
-22.2,23.68,30.66,0.33766,4.2143,-1.8019,3.8122,2.3,1.1087,1364.0,23.666,30.66,306.6,1.6021500897112815,,,,Sand,,,Sand 3,3,20.76,25.04,-19.28,-23.56
-22.22,23.7,29.995,0.3258,4.2374,-1.8194,3.8294,2.3,1.0852,1365.0,23.686,29.995,299.95,1.600705086649138,,,,Sand,,,Sand 3,3,20.76,25.04,-19.28,-23.56
-22.24,23.72,29.613,0.32018,4.2756,-1.8721,3.8467,2.3,1.0812,1366.0,23.706,29.613,296.13,1.6029091471340653,,,,Sand,,,Sand 3,3,20.76,25.04,-19.28,-23.56
-22.259999999999998,23.74,29.495,0.29451,4.2449,-1.837,3.8294,2.25,1.0077,1367.0,23.726,29.495,294.95,1.5802033509853133,,,,Sand,,,Sand 3,3,20.76,25.04,-19.28,-23.56
-22.28,23.76,29.203,0.28794,4.3071,-1.837,3.8984,2.25,0.99943,1367.0,23.746,29.203,292.03,1.5801777885664765,,,,Sand,,,Sand 3,3,20.76,25.04,-19.28,-23.56
-22.3,23.78,28.671,0.28165,4.3301,-1.8545,3.9156,2.3,0.98423,1368.0,23.765,28.671,286.71,1.580150422606269,,,,Sand,,,Sand 3,3,20.76,25.04,-19.28,-23.56
-22.32,23.8,28.201,0.27465,4.2841,-1.8194,3.8812,2.3,0.95912,1369.0,23.785,28.201,282.01,1.576184968107243,,,,Sand,,,Sand 3,3,20.76,25.04,-19.28,-23.56
-22.34,23.82,27.96,0.26998,4.3383,-1.837,3.9329,2.25,0.93793,1370.0,23.805,27.96,279.6,1.5712245217389584,,,,Sand,,,Sand 3,3,20.76,25.04,-19.28,-23.56
-22.36,23.84,27.346,0.2603,4.3146,-1.8545,3.8984,1.9,0.8981,1382.0,23.825,27.346,273.46,1.5633295379032814,,,,Sand,,,Sand 3,3,20.76,25.04,-19.28,-23.56
-22.38,23.86,28.443,0.24674,4.3146,-1.8545,3.8984,2.2,0.8453,1383.0,23.845,28.443,284.43,1.5322988999278648,,,,Sand,,,Sand 3,3,20.76,25.04,-19.28,-23.56
-22.4,23.88,29.762,0.24483,4.308,-1.8019,3.9156,2.2,0.83299,1384.0,23.865,29.762,297.62,1.514512565738221,,,,Sand,,,Sand 3,3,20.76,25.04,-19.28,-23.56
-22.419999999999998,23.9,30.688,0.24343,4.3762,-1.8896,3.9501,2.2,0.82367,1385.0,23.885,30.688,306.88,1.502093939409403,,,,Sand,,,Sand 3,3,20.76,25.04,-19.28,-23.56
-22.44,23.92,30.797,0.24317,4.3999,-1.8721,3.9846,2.25,0.8174,1386.0,23.905,30.797,307.97,1.4985773033654763,,,,Sand,,,Sand 3,3,20.76,25.04,-19.28,-23.56
-22.46,23.94,30.324,0.24523,4.3918,-1.8896,3.9674,2.25,0.82371,1387.0,23.925,30.324,303.24,1.505506324533989,,,,Sand,,,Sand 3,3,20.76,25.04,-19.28,-23.56
-22.48,23.96,29.812,0.24927,4.3769,-1.8545,3.9674,2.25,0.84221,1388.0,23.945,29.812,298.12,1.5176379459883877,,,,Sand,,,Sand 3,3,20.76,25.04,-19.28,-23.56
-22.5,23.98,29.261,0.25398,4.3769,-1.8545,3.9674,2.25,0.8671,1389.0,23.965,29.261,292.61,1.5325011197748513,,,,Sand,,,Sand 3,3,20.76,25.04,-19.28,-23.56
-22.52,24.0,28.906,0.25537,4.4155,-1.8721,4.0018,2.25,0.88155,1389.0,23.985,28.906,289.06,1.5413973119988726,,,,Sand,,,Sand 3,3,20.76,25.04,-19.28,-23.56
-22.54,24.02,28.617,0.25881,4.4073,-1.8896,3.9846,2.25,0.90189,1390.0,24.005,28.617,286.17,1.5517463144366985,,,,Sand,,,Sand 3,3,20.76,25.04,-19.28,-23.56
-22.56,24.04,28.369,0.26149,4.4081,-1.8545,4.0018,2.25,0.91848,1391.0,24.025,28.369,283.69,1.5602115873106936,,,,Sand,,,Sand 3,3,20.76,25.04,-19.28,-23.56
-22.58,24.06,28.246,0.26487,4.4148,-1.9071,3.9846,2.25,0.93621,1392.0,24.045,28.246,282.46,1.5677432857473117,,,,Sand,,,Sand 3,3,20.76,25.04,-19.28,-23.56
-22.599999999999998,24.08,28.215,0.26651,4.3687,-1.8721,3.9501,2.25,0.94737,1393.0,24.065,28.215,282.15,1.5719669650419272,,,,Sand,,,Sand 3,3,20.76,25.04,-19.28,-23.56
-22.62,24.1,28.145,0.26358,4.4229,-1.8896,4.0018,2.2,0.9424,1394.0,24.085,28.145,281.45,1.570929565663307,,,,Sand,,,Sand 3,3,20.76,25.04,-19.28,-23.56
-22.64,24.12,28.001,0.26003,4.4535,-1.9247,4.0191,2.25,0.93512,1395.0,24.105,28.001,280.01,1.5698213270673564,,,,Sand,,,Sand 3,3,20.76,25.04,-19.28,-23.56
-22.66,24.14,27.835,0.25387,4.469,-1.9247,4.0363,2.25,0.91845,1396.0,24.124,27.835,278.35,1.5655936619574704,,,,Sand,,,Sand 3,3,20.76,25.04,-19.28,-23.56
-22.68,24.16,27.621,0.24975,4.5369,-1.8896,4.1276,2.25,0.91037,1397.0,24.144,27.621,276.21,1.5648972238132581,,,,Sand,,,Sand 3,3,20.76,25.04,-19.28,-23.56
-22.7,24.18,27.319,0.24559,4.4535,-1.9247,4.0191,2.25,0.90333,1398.0,24.164,27.319,273.19,1.5655062596057239,,,,Sand,,,Sand 3,3,20.76,25.04,-19.28,-23.56
-22.72,24.2,27.071,0.24368,4.4865,-1.8896,4.0721,2.25,0.90519,1398.0,24.184,27.071,270.71,1.5687937286931097,,,,Sand,,,Sand 3,3,20.76,25.04,-19.28,-23.56
-22.74,24.22,26.918,0.23964,4.5515,-1.9247,4.1276,2.25,0.89966,1399.0,24.204,26.918,269.18,1.568429506805884,,,,Sand,,,Sand 3,3,20.76,25.04,-19.28,-23.56
-22.759999999999998,24.24,26.56,0.23572,4.469,-1.9247,4.0363,2.25,0.89469,1400.0,24.224,26.56,265.6,1.5704953264588337,,,,Sand,,,Sand 3,3,20.76,25.04,-19.28,-23.56
-22.78,24.26,26.168,0.23197,4.5013,-1.9247,4.0721,2.25,0.89021,1401.0,24.244,26.168,261.68,1.5731813274853392,,,,Sand,,,Sand 3,3,20.76,25.04,-19.28,-23.56
-22.8,24.28,25.867,0.22885,4.5149,-1.9949,4.0536,2.3,0.8884,1402.0,24.264,25.867,258.67,1.5758908052195015,,,,Sand,,,Sand 3,3,20.76,25.04,-19.28,-23.56
-22.82,24.3,25.57,0.22766,4.4765,-1.9422,4.0363,2.25,0.8948,1403.0,24.284,25.57,255.7,1.5815681356375928,,,,Sand,,,Sand 3,3,20.76,25.04,-19.28,-23.56
-22.84,24.32,25.301,0.22511,4.4996,-1.9598,4.0536,2.2,0.89542,1404.0,24.304,25.301,253.01,1.584879173112579,,,,Sand,,,Sand 3,3,20.76,25.04,-19.28,-23.56
-22.86,24.34,25.007,0.21949,4.5497,-1.9598,4.1091,2.25,0.88208,1405.0,24.324,25.007,250.07,1.583496380208913,,,,Sand,,,Sand 3,3,20.76,25.04,-19.28,-23.56
-22.88,24.36,24.684,0.2117,4.5088,-1.9422,4.0721,2.3,0.85782,1406.0,24.344,24.684,246.84,1.5784520875341177,,,,Sand,,,Sand 3,3,20.76,25.04,-19.28,-23.56
-22.9,24.38,24.385,0.20512,4.5315,-1.9949,4.0721,2.3,0.83761,1406.0,24.364,24.385,243.85,1.5745373276644552,,,,Sand,,,Sand 3,3,20.76,25.04,-19.28,-23.56
-22.919999999999998,24.4,24.139,0.19989,4.5648,-1.9949,4.1091,2.25,0.82373,1407.0,24.384,24.139,241.39,1.5723188850632663,,,,Sand,,,Sand 3,3,20.76,25.04,-19.28,-23.56
-22.94,24.42,24.111,0.19516,4.5572,-1.9773,4.1091,2.25,0.81326,1408.0,24.404,24.111,241.11,1.5686600157677757,,,,Sand,,,Sand 3,3,20.76,25.04,-19.28,-23.56
-22.96,24.44,24.23,0.19277,4.5405,-1.9773,4.0906,2.25,0.815,1409.0,24.424,24.23,242.3,1.5678475835377723,,,,Sand,,,Sand 3,3,20.76,25.04,-19.28,-23.56
-22.98,24.46,24.052,0.18866,4.589,-2.0124,4.1276,2.25,0.81278,1410.0,24.443,24.052,240.52,1.569213407905026,,,,Sand,,,Sand 3,3,20.76,25.04,-19.28,-23.56
-23.0,24.48,23.522,0.18573,4.5739,-1.9773,4.1276,2.25,0.81898,1411.0,24.463,23.522,235.22,1.5783115018156375,,,,Sand,,,Sand 3,3,20.76,25.04,-19.28,-23.56
-23.02,24.5,22.852,0.18079,4.5906,-1.9773,4.1462,2.3,0.81826,1412.0,24.483,22.852,228.52,1.5867993400524916,,,,Sand,,,Sand 3,3,20.76,25.04,-19.28,-23.56
-23.04,24.52,21.931,0.17999,4.5814,-1.9949,4.1276,2.3,0.83832,1413.0,24.503,21.931,219.31,1.606827648099946,,,,Sand,,,Sand 3,3,20.76,25.04,-19.28,-23.56
-23.06,24.54,20.853,0.17648,4.6299,-2.0299,4.1647,2.3,0.84577,1414.0,24.523,20.853,208.53,1.6249925623084556,,,,Sand,,,Sand 3,3,20.76,25.04,-19.28,-23.56
-23.08,24.56,19.875,0.16743,4.5664,-1.9598,4.1276,2.3,0.82185,1414.0,24.543,19.875,198.75,1.6311401894104838,,,,Sand,,,Sand 3,3,20.76,25.04,-19.28,-23.56
-23.099999999999998,24.58,19.441,0.15868,4.5757,-1.9422,4.1462,2.25,0.79267,1415.0,24.563,19.441,194.41,1.6272042262793731,,,,Sand,,,Sand 3,3,20.76,25.04,-19.28,-23.56
-23.12,24.6,19.24,0.15238,4.6073,-1.9773,4.1647,2.25,0.7682,1416.0,24.583,19.24,192.4,1.6211671893051989,,,,Sand,,,Sand 3,3,20.76,25.04,-19.28,-23.56
-23.14,24.62,19.218,0.14938,4.6482,-1.9949,4.2017,2.25,0.7525,1417.0,24.603,19.218,192.18,1.6154302134819771,,,,Sand,,,Sand 3,3,20.76,25.04,-19.28,-23.56
-23.16,24.64,19.565,0.15678,4.6315,-1.9949,4.1832,2.3,0.7823,1418.0,24.623,19.565,195.65,1.6212679948691882,,,,Sand,,,Sand 3,3,20.76,25.04,-19.28,-23.56
-23.18,24.66,20.024,0.14976,4.6575,-1.9773,4.2202,2.3,0.73628,1419.0,24.643,20.024,200.24,1.5959122592492543,,,,Sand,,,Sand 3,3,20.76,25.04,-19.28,-23.56
-23.2,24.68,20.468,0.14087,4.6501,-1.9598,4.2202,2.25,0.67958,1420.0,24.663,20.468,204.68,1.5653486725474706,,,,Sand,,,Sand 3,3,20.76,25.04,-19.28,-23.56
-23.22,24.7,20.982,0.13472,4.6837,-1.9598,4.2573,2.3,0.63669,1421.0,24.683,20.982,209.82,1.538403129520973,,,,Sand,,,Sand 3,3,20.76,25.04,-19.28,-23.56
-23.24,24.72,21.392,0.13326,4.691,-1.9773,4.2573,2.25,0.62099,1421.0,24.703,21.392,213.92,1.5249155105827863,,,,Sand,,,Sand 3,3,20.76,25.04,-19.28,-23.56
-23.259999999999998,24.74,21.832,0.13784,4.7319,-1.9949,4.2943,2.25,0.63573,1422.0,24.723,21.832,218.32,1.5251349093591173,,,,Sand,,,Sand 3,3,20.76,25.04,-19.28,-23.56
-23.28,24.76,22.35,0.14509,4.7487,-1.9949,4.3128,2.25,0.6642,1423.0,24.742,22.35,223.5,1.5304920115678955,,,,Sand,,,Sand 3,3,20.76,25.04,-19.28,-23.56
-23.3,24.78,22.656,0.1523,4.7876,-2.0475,4.3313,2.25,0.69395,1424.0,24.762,22.656,226.56,1.5392316015297862,,,,Sand,,,Sand 3,3,20.76,25.04,-19.28,-23.56
-23.32,24.8,21.97,0.15281,4.7655,-1.9949,4.3313,2.2,0.69323,1431.0,24.782,21.97,219.7,1.5486213771432686,,,,Sand,,,Sand 3,3,20.76,25.04,-19.28,-23.56
-23.34,24.82,21.804,0.14775,4.7246,-1.9773,4.2943,2.25,0.66706,1431.0,24.802,21.804,218.04,1.5396398044927837,,,,Sand,,,Sand 3,3,20.76,25.04,-19.28,-23.56
-23.36,24.84,21.774,0.14563,4.7969,-2.0299,4.3499,2.3,0.65422,1432.0,24.822,21.774,217.74,1.5343688283549084,,,,Sand,,,Sand 3,3,20.76,25.04,-19.28,-23.56
-23.38,24.86,21.8,0.14217,4.8211,-2.0475,4.3684,2.3,0.63529,1433.0,24.842,21.8,218.0,1.5254056703017782,,,,Sand,,,Sand 3,3,20.76,25.04,-19.28,-23.56
-23.4,24.88,22.162,0.14128,4.7876,-2.0475,4.3313,2.25,0.62516,1434.0,24.862,22.162,221.62,1.5154185280073897,,,,Sand,,,Sand 3,3,20.76,25.04,-19.28,-23.56
-23.419999999999998,24.9,22.684,0.14113,4.8568,-2.0124,4.4239,2.3,0.61771,1435.0,24.882,22.684,226.84,1.5044288937286552,,,,Sand,,,Sand 3,3,20.76,25.04,-19.28,-23.56
-23.44,24.92,23.23,0.14588,4.8737,-2.0124,4.4425,2.25,0.63001,1436.0,24.902,23.23,232.3,1.502589949605683,,,,Sand,,,Sand 3,3,20.76,25.04,-19.28,-23.56
-23.46,24.94,23.612,0.14439,4.8809,-2.0299,4.4425,2.25,0.61348,1437.0,24.922,23.612,236.12,1.4895567711413795,,,,Sand,,,Sand 3,3,20.76,25.04,-19.28,-23.56
-23.48,24.96,23.73,,4.8568,-2.0124,4.4239,2.2,0.0,1438.0,24.942,23.73,237.3,,,,,Unknown material,,,Sand 3,3,20.76,25.04,-19.28,-23.56
-23.5,24.98,23.78,,4.8568,-2.0124,4.4239,2.25,0.0,1439.0,24.962,23.78,237.8,,,,,Unknown material,,,Sand 3,3,20.76,25.04,-19.28,-23.56
-23.52,25.0,24.249,,4.8665,-1.9949,4.4425,2.25,0.0,1439.0,24.982,24.249,242.49,,,,,Unknown material,,,Sand 3,3,20.76,25.04,-19.28,-23.56
-23.54,25.02,24.838,,4.9146,-2.0299,4.4795,2.2,0.0,1440.0,25.002,24.838,248.38,,,,,Unknown material,,,Sand 3,3,20.76,25.04,-19.28,-23.56
-23.56,25.04,24.944,,4.8641,-2.0299,4.4239,2.25,0.0,1441.0,25.021,24.944,249.44,,,,,Unknown material,,,Sand 3,3,20.76,25.04,-19.28,-23.56
