elevation_m_nap,depth_m,qc_mpa,fs_mpa,col_4,col_5,col_6,col_7,rf_percent,col_9,corrected_depth,qt_mpa,qt_over_pa,Isbt,Bqt,peat_boundary_qt_over_pa,organic_clay_boundary_qt_over_pa,soil_type,used_organic_boundary_qt_over_pa,distance_to_used_organic_boundary,layer_id,soil_layer_number,layer_top_depth_m,layer_bottom_depth_m,layer_top_elevation_m_nap,layer_bottom_elevation_m_nap
1.44,0.02,0.2,0.018,1.5,-0.6,-1.4,0.0,2.4523,36.0,0.02,0.2,2.0,3.5543069727021135,,,,Clay & silt,,,Clay & silt 1,1,0.02,0.26,1.44,1.2
1.42,0.04,0.31,0.019,1.9,-0.8,-1.8,2.3,1.9965,37.0,0.039989,0.31,3.1,3.3441747782764635,,,,Clay & silt,,,Clay & silt 1,1,0.02,0.26,1.44,1.2
1.4,0.06,0.52,0.02,1.8,-1.8,-0.2,2.4,1.7348,38.0,0.059979,0.52,5.2,3.11671404431059,,,,Clay & silt,,,Clay & silt 1,1,0.02,0.26,1.44,1.2
1.38,0.08,1.02,0.022,0.8,-0.2,-0.8,2.3,1.6495,38.0,0.079977,1.02,10.2,2.8503457344537697,,,,Silty clay / clayey silt,,,Clay & silt 1,1,0.02,0.26,1.44,1.2
1.3599999999999999,0.1,1.62,0.024,0.8,0.0,-0.8,2.4,1.4414,39.0,0.099975,1.62,16.2,2.6477989190631557,,,,Silty clay / clayey silt,,,Clay & silt 1,1,0.02,0.26,1.44,1.2
1.3399999999999999,0.12,2.04,0.021,0.8,-0.8,0.0,2.4,1.0422,40.0,0.11997,2.04,20.4,2.4899238266090444,,,,Sand mixtures,,,Clay & silt 1,1,0.02,0.26,1.44,1.2
1.3199999999999998,0.14,2.36,0.018,1.2,1.2,-0.2,2.4,0.7615,41.0,0.13997,2.36,23.6,2.3688509139996587,,,,Sand mixtures,,,Clay & silt 1,1,0.02,0.26,1.44,1.2
1.3,0.16,2.6,0.0177,1.7,-1.2,-1.2,2.3,0.6586,42.0,0.15996,2.6,26.0,2.302578908756506,,,,Sand mixtures,,,Clay & silt 1,1,0.02,0.26,1.44,1.2
1.28,0.18,2.85,0.0173,1.9,-0.8,-1.8,2.4,0.58078,43.0,0.17995,2.85,28.5,2.24257199890532,,,,Sand mixtures,,,Clay & silt 1,1,0.02,0.26,1.44,1.2
1.26,0.2,3.11,0.017,1.1,-1.0,-0.4,2.4,0.52008,43.0,0.19995,3.11,31.1,2.1876251531278337,,,,Sand mixtures,,,Clay & silt 1,1,0.02,0.26,1.44,1.2
1.24,0.22,3.31,0.019,1.0,-0.8,-0.6,2.3,0.53446,44.0,0.21994,3.31,33.1,2.16834362917048,,,,Sand mixtures,,,Clay & silt 1,1,0.02,0.26,1.44,1.2
1.22,0.24,3.61,0.021,0.6,-0.2,-0.6,2.4,0.54316,45.0,0.23994,3.61,36.1,2.137642572345612,,,,Sand mixtures,,,Clay & silt 1,1,0.02,0.26,1.44,1.2
1.2,0.26,3.95,0.022,0.4,-0.2,-0.4,2.4,0.52303,46.0,0.25994,3.95,39.5,2.095344988492735,,,,Sand mixtures,,,Sand 1,1,0.26,0.88,1.2,0.58
1.18,0.28,4.36,0.023,0.8,-0.2,-0.8,2.4,0.50232,47.0,0.27994,4.36,43.6,2.0491424399451357,,,,Sand,,,Sand 1,1,0.26,0.88,1.2,0.58
1.16,0.3,4.65,0.025,1.6,0.2,-1.6,2.3,0.5,48.0,0.29993,4.65,46.5,2.023284885011127,,,,Sand,,,Sand 1,1,0.26,0.88,1.2,0.58
1.14,0.32,5.09,0.028,1.4815,-0.8,-0.6,2.4,0.51435,48.0,0.31992,5.09,50.9,1.9940930338681917,,,,Sand,,,Sand 1,1,0.26,0.88,1.2,0.58
1.1199999999999999,0.34,5.57,0.029,1.3629,-1.2,0.0,2.4,0.49153,49.0,0.33992,5.57,55.7,1.9502817141632782,,,,Sand,,,Sand 1,1,0.26,0.88,1.2,0.58
1.1,0.36,6.09,0.033,1.353,0.2,-0.4,2.3,0.5202,50.0,0.35991,6.09,60.9,1.9279340731737118,,,,Sand,,,Sand 1,1,0.26,0.88,1.2,0.58
1.08,0.38,6.68,0.038,1.3432,0.2,-1.6,2.4,0.56037,51.0,0.37991,6.68,66.8,1.9091108075384606,,,,Sand,,,Sand 1,1,0.26,0.88,1.2,0.58
1.06,0.4,7.16,0.042,1.3333,-0.2,-0.2,2.4,0.58445,52.0,0.3999,7.16,71.6,1.8926638116257426,,,,Sand,,,Sand 1,1,0.26,0.88,1.2,0.58
1.04,0.42,7.6,0.045,1.2889,0.0,-1.0,2.4,0.59672,53.0,0.4199,7.6,76.0,1.8753859641794075,,,,Sand,,,Sand 1,1,0.26,0.88,1.2,0.58
1.02,0.44,7.91,0.048,1.2444,0.0,-0.8,2.3,0.61156,53.0,0.43989,7.91,79.1,1.8664267391598568,,,,Sand,,,Sand 1,1,0.26,0.88,1.2,0.58
1.0,0.46,8.15,0.05,1.2,-0.2,-1.2,2.4,0.61814,54.0,0.45989,8.15,81.5,1.858032888461194,,,,Sand,,,Sand 1,1,0.26,0.88,1.2,0.58
0.98,0.48,8.33,0.053,1.2667,0.2,-0.6,2.4,0.64106,55.0,0.47988,8.33,83.3,1.8587688960762896,,,,Sand,,,Sand 1,1,0.26,0.88,1.2,0.58
0.96,0.5,8.41,0.065,1.3333,-1.0,-1.4,2.4,0.77635,56.0,0.49988,8.41,84.1,1.902599063179386,,,,Sand,,,Sand 1,1,0.26,0.88,1.2,0.58
0.94,0.52,8.55,0.061,1.4,0.0,-1.4,2.4,0.72543,57.0,0.51987,8.55,85.5,1.8796901053900354,,,,Sand,,,Sand 1,1,0.26,0.88,1.2,0.58
0.9199999999999999,0.54,8.6,0.061,1.2,-0.4,-1.2,2.4,0.72619,58.0,0.53987,8.6,86.0,1.877880368896207,,,,Sand,,,Sand 1,1,0.26,0.88,1.2,0.58
0.8999999999999999,0.56,8.59,0.061,1.0,-0.2,-1.0,2.3,0.7312,58.0,0.55986,8.59,85.9,1.8800136824544194,,,,Sand,,,Sand 1,1,0.26,0.88,1.2,0.58
0.88,0.58,8.44,0.062,0.8,-0.2,-0.8,2.4,0.75106,59.0,0.57986,8.44,84.4,1.8929821825099724,,,,Sand,,,Sand 1,1,0.26,0.88,1.2,0.58
0.86,0.6,8.2,0.062,0.8,-0.2,-0.8,2.4,0.76319,60.0,0.59986,8.2,82.0,1.9072268175728082,,,,Sand,,,Sand 1,1,0.26,0.88,1.2,0.58
0.84,0.62,8.08,0.061,1.1,-0.4,-1.0,2.3,0.76609,61.0,0.61986,8.08,80.8,1.913404588045159,,,,Sand,,,Sand 1,1,0.26,0.88,1.2,0.58
0.82,0.64,7.87,0.06,0.8,-0.2,-0.8,2.4,0.77208,62.0,0.63985,7.87,78.7,1.9247003194791983,,,,Sand,,,Sand 1,1,0.26,0.88,1.2,0.58
0.7999999999999999,0.66,7.71,0.055,0.7,-0.4,-0.6,2.4,0.72763,63.0,0.65985,7.71,77.1,1.917354265937402,,,,Sand,,,Sand 1,1,0.26,0.88,1.2,0.58
0.7799999999999999,0.68,7.5,0.049,0.4,-0.2,-0.4,2.4,0.66689,63.0,0.67985,7.5,75.0,1.9062735262800004,,,,Sand,,,Sand 1,1,0.26,0.88,1.2,0.58
0.76,0.7,7.31,0.047,1.0,-0.2,-1.0,2.4,0.66058,64.0,0.69985,7.31,73.1,1.9133599432921664,,,,Sand,,,Sand 1,1,0.26,0.88,1.2,0.58
0.74,0.72,7.06,0.046,0.6,0.0,-0.6,2.4,0.66921,65.0,0.71985,7.06,70.6,1.929112483922621,,,,Sand,,,Sand 1,1,0.26,0.88,1.2,0.58
0.72,0.74,6.74,0.044,0.6,0.0,-0.6,2.4,0.66428,66.0,0.73985,6.74,67.4,1.944349071391345,,,,Sand,,,Sand 1,1,0.26,0.88,1.2,0.58
0.7,0.76,6.51,0.042,0.8,0.0,-0.8,2.0,0.65882,67.0,0.75985,6.51,65.1,1.9551880609471266,,,,Sand,,,Sand 1,1,0.26,0.88,1.2,0.58
0.6799999999999999,0.78,6.22,0.04,0.8,0.0,-0.8,2.2,0.65507,68.0,0.77984,6.22,62.2,1.970677775214735,,,,Sand,,,Sand 1,1,0.26,0.88,1.2,0.58
0.6599999999999999,0.8,5.94,0.038,0.6,-0.2,-0.6,2.3,0.65082,69.0,0.79984,5.94,59.4,1.986248180995061,,,,Sand,,,Sand 1,1,0.26,0.88,1.2,0.58
0.64,0.82,5.71,0.036,0.8,0.0,-0.8,2.4,0.64473,69.0,0.81984,5.71,57.1,1.9988083057417947,,,,Sand,,,Sand 1,1,0.26,0.88,1.2,0.58
0.62,0.84,5.51,0.034,1.0,-0.8,-0.6,2.2,0.6382,70.0,0.83984,5.51,55.1,2.00983910692544,,,,Sand,,,Sand 1,1,0.26,0.88,1.2,0.58
0.6,0.86,5.16,0.031,0.6,0.0,-0.6,2.8,0.60949,71.0,0.85984,5.16,51.6,2.024410508543116,,,,Sand,,,Sand 1,1,0.26,0.88,1.2,0.58
0.58,0.88,4.92,0.028,0.8,-0.2,-0.8,2.5,0.57658,72.0,0.87983,4.92,49.2,2.030638717083328,,,,Sand,,,Sand mixtures 1,1,0.88,1.68,0.58,-0.21999999999999997
0.5599999999999999,0.9,4.7,0.027,1.4,-0.4,-1.4,2.3,0.58331,73.0,0.89983,4.7,47.0,2.0504755015419245,,,,Sand mixtures,,,Sand mixtures 1,1,0.88,1.68,0.58,-0.21999999999999997
0.5399999999999999,0.92,4.46,0.025,1.2,0.0,-0.6,2.4,0.56818,73.0,0.91982,4.46,44.6,2.06505312491384,,,,Sand mixtures,,,Sand mixtures 1,1,0.88,1.68,0.58,-0.21999999999999997
0.52,0.94,4.29,0.023,1.0,-0.4,-1.0,2.4,0.54778,74.0,0.93982,4.29,42.9,2.0725561501258256,,,,Sand mixtures,,,Sand mixtures 1,1,0.88,1.68,0.58,-0.21999999999999997
0.5,0.96,4.1,0.022,0.8,-0.2,-0.8,2.4,0.54897,75.0,0.95982,4.1,41.0,2.0904509899513446,,,,Sand mixtures,,,Sand mixtures 1,1,0.88,1.68,0.58,-0.21999999999999997
0.48,0.98,3.89,0.021,0.8,0.0,-0.8,2.3,0.54866,76.0,0.97982,3.89,38.9,2.11065210807646,,,,Sand mixtures,,,Sand mixtures 1,1,0.88,1.68,0.58,-0.21999999999999997
0.45999999999999996,1.0,3.68,0.02,1.1,-0.4,-1.0,2.4,0.5457,77.0,0.99981,3.68,36.8,2.131092771164971,,,,Sand mixtures,,,Sand mixtures 1,1,0.88,1.68,0.58,-0.21999999999999997
0.43999999999999995,1.02,3.55,0.018,1.1,-0.4,-1.0,2.4,0.51319,78.0,1.0198,3.55,35.5,2.133293387736776,,,,Sand mixtures,,,Sand mixtures 1,1,0.88,1.68,0.58,-0.21999999999999997
0.41999999999999993,1.04,3.39,0.017,1.0,-0.2,-0.6,2.4,0.50539,78.0,1.0398,3.39,33.9,2.1484672185360205,,,,Sand mixtures,,,Sand mixtures 1,1,0.88,1.68,0.58,-0.21999999999999997
0.3999999999999999,1.06,3.26,0.017,0.9,-0.2,-0.8,2.3,0.5251,79.0,1.0598,3.26,32.6,2.1709565665015953,,,,Sand mixtures,,,Sand mixtures 1,1,0.88,1.68,0.58,-0.21999999999999997
0.3799999999999999,1.08,3.16,0.015,0.8,-0.2,-0.8,2.4,0.47942,80.0,1.0798,3.16,31.6,2.166430836859512,,,,Sand mixtures,,,Sand mixtures 1,1,0.88,1.68,0.58,-0.21999999999999997
0.3599999999999999,1.1,3.03,0.015,0.8,-0.2,-0.8,2.4,0.49525,81.0,1.0998,3.03,30.3,2.1888956705720317,,,,Sand mixtures,,,Sand mixtures 1,1,0.88,1.68,0.58,-0.21999999999999997
0.33999999999999986,1.12,2.95,0.014,0.9,-0.4,-0.8,2.4,0.47579,82.0,1.1198,2.95,29.5,2.1922742087325937,,,,Sand mixtures,,,Sand mixtures 1,1,0.88,1.68,0.58,-0.21999999999999997
0.32000000000000006,1.14,2.88,0.013,0.6,-0.2,-0.6,2.3,0.45534,83.0,1.1398,2.88,28.8,2.194086678205696,,,,Sand mixtures,,,Sand mixtures 1,1,0.88,1.68,0.58,-0.21999999999999997
0.30000000000000004,1.16,2.81,0.012,0.8,-0.2,-0.8,2.4,0.43302,83.0,1.1598,2.81,28.1,2.195275385763077,,,,Sand mixtures,,,Sand mixtures 1,1,0.88,1.68,0.58,-0.21999999999999997
0.28,1.18,2.75,0.011,0.8,-0.2,-0.8,2.4,0.40797,84.0,1.1798,2.75,27.5,2.1939810761090004,,,,Sand mixtures,,,Sand mixtures 1,1,0.88,1.68,0.58,-0.21999999999999997
0.26,1.2,2.7,0.01,0.8,-0.2,-0.8,2.4,0.38041,85.0,1.1998,2.7,27.0,2.1900778171996205,,,,Sand mixtures,,,Sand mixtures 1,1,0.88,1.68,0.58,-0.21999999999999997
0.24,1.22,2.56,0.009,0.8,0.0,-0.8,2.4,0.35036,86.0,1.2198,2.56,25.6,2.198939946511989,,,,Sand mixtures,,,Sand mixtures 1,1,0.88,1.68,0.58,-0.21999999999999997
0.21999999999999997,1.24,2.49,0.009,0.8,-0.2,-0.8,2.3,0.35732,87.0,1.2398,2.49,24.9,2.2132028321444164,,,,Sand mixtures,,,Sand mixtures 1,1,0.88,1.68,0.58,-0.21999999999999997
0.19999999999999996,1.26,2.43,0.009,0.4,0.0,-0.4,2.1,0.36272,88.0,1.2598,2.43,24.3,2.2254053416429986,,,,Sand mixtures,,,Sand mixtures 1,1,0.88,1.68,0.58,-0.21999999999999997
0.17999999999999994,1.28,2.41,0.009,0.8,-0.2,-0.8,2.2,0.36567,89.0,1.2798,2.41,24.1,2.2300003883459545,,,,Sand mixtures,,,Sand mixtures 1,1,0.88,1.68,0.58,-0.21999999999999997
0.15999999999999992,1.3,2.4,0.009,0.8,-0.2,-0.8,2.4,0.3629,89.0,1.2998,2.4,24.0,2.2305346377144573,,,,Sand mixtures,,,Sand mixtures 1,1,0.88,1.68,0.58,-0.21999999999999997
0.1399999999999999,1.32,2.41,0.009,0.6,0.0,-0.6,2.4,0.35644,90.0,1.3198,2.41,24.1,2.226125757075606,,,,Sand mixtures,,,Sand mixtures 1,1,0.88,1.68,0.58,-0.21999999999999997
0.11999999999999988,1.34,2.45,0.009,0.8,-0.2,-0.8,2.3,0.34599,91.0,1.3398,2.45,24.5,2.214959876038414,,,,Sand mixtures,,,Sand mixtures 1,1,0.88,1.68,0.58,-0.21999999999999997
0.09999999999999987,1.36,2.54,0.01,0.4,-0.2,-0.4,2.7,0.37054,92.0,1.3598,2.54,25.4,2.210695046484153,,,,Sand mixtures,,,Sand mixtures 1,1,0.88,1.68,0.58,-0.21999999999999997
0.08000000000000007,1.38,2.71,0.011,0.6,-0.2,-0.6,2.5,0.39251,93.0,1.3798,2.71,27.1,2.1935922852147423,,,,Sand mixtures,,,Sand mixtures 1,1,0.88,1.68,0.58,-0.21999999999999997
0.06000000000000005,1.4,2.85,0.012,0.8,-0.2,-0.8,2.3,0.41344,93.0,1.3998,2.85,28.5,2.1818423625396486,,,,Sand mixtures,,,Sand mixtures 1,1,0.88,1.68,0.58,-0.21999999999999997
0.040000000000000036,1.42,3.04,0.015,0.6,-0.2,-0.6,2.4,0.50021,94.0,1.4198,3.04,30.4,2.1894091608216675,,,,Sand mixtures,,,Sand mixtures 1,1,0.88,1.68,0.58,-0.21999999999999997
0.020000000000000018,1.44,3.19,0.018,0.6,-0.2,-0.6,2.3,0.58041,95.0,1.4398,3.19,31.9,2.1985707640890846,,,,Sand mixtures,,,Sand mixtures 1,1,0.88,1.68,0.58,-0.21999999999999997
0.0,1.46,3.23,0.019,0.4,-0.2,-0.4,2.4,0.59282,96.0,1.4598,3.23,32.3,2.1978677231798844,,,,Sand mixtures,,,Sand mixtures 1,1,0.88,1.68,0.58,-0.21999999999999997
-0.020000000000000018,1.48,3.21,0.023,0.8,-0.2,-0.8,2.4,0.70113,97.0,1.4798,3.21,32.1,2.2341081077772,,,,Sand mixtures,,,Sand mixtures 1,1,0.88,1.68,0.58,-0.21999999999999997
-0.040000000000000036,1.5,3.22,0.022,0.4,-0.2,-0.4,2.4,0.6624,98.0,1.4998,3.22,32.2,2.2212476468911984,,,,Sand mixtures,,,Sand mixtures 1,1,0.88,1.68,0.58,-0.21999999999999997
-0.06000000000000005,1.52,3.36,0.022,0.6,0.0,-0.6,2.3,0.66017,98.0,1.5198,3.36,33.6,2.2042461649340783,,,,Sand mixtures,,,Sand mixtures 1,1,0.88,1.68,0.58,-0.21999999999999997
-0.08000000000000007,1.54,3.54,0.021,0.6,-0.2,-0.6,2.4,0.62733,99.0,1.5398,3.54,35.4,2.173827659405361,,,,Sand mixtures,,,Sand mixtures 1,1,0.88,1.68,0.58,-0.21999999999999997
-0.10000000000000009,1.56,3.4533,0.02,0.6,-0.2,-0.6,2.4,0.59062,100.0,1.5598,3.4533,34.533,2.171269336847748,,,,Sand mixtures,,,Sand mixtures 1,1,0.88,1.68,0.58,-0.21999999999999997
-0.1200000000000001,1.58,3.3667,0.022,0.4,-0.2,-0.4,2.4,0.63745,101.0,1.5798,3.3667,33.667,2.1963479991952535,,,,Sand mixtures,,,Sand mixtures 1,1,0.88,1.68,0.58,-0.21999999999999997
-0.14000000000000012,1.6,3.28,0.026,1.1,-0.4,-1.0,2.3,0.73136,102.0,1.5998,3.28,32.8,2.234714635486589,,,,Sand mixtures,,,Sand mixtures 1,1,0.88,1.68,0.58,-0.21999999999999997
-0.16000000000000014,1.62,3.35,0.027,0.6,-0.2,-0.6,2.4,0.72072,103.0,1.6198,3.35,33.5,2.2236077645289214,,,,Sand mixtures,,,Sand mixtures 1,1,0.88,1.68,0.58,-0.21999999999999997
-0.17999999999999994,1.64,3.52,0.0267,0.3,-0.2,-0.2,2.3,0.66075,103.0,1.6398,3.52,35.2,2.186633358419592,,,,Sand mixtures,,,Sand mixtures 1,1,0.88,1.68,0.58,-0.21999999999999997
-0.19999999999999996,1.66,3.74,0.0263,0.4,0.0,-0.4,2.4,0.59824,104.0,1.6598,3.74,37.4,2.143095148653939,,,,Sand mixtures,,,Sand mixtures 1,1,0.88,1.68,0.58,-0.21999999999999997
-0.21999999999999997,1.68,4.19,0.026,0.6,-0.2,-0.6,2.3,0.54096,105.0,1.6798,4.19,41.9,2.079143291507299,,,,Sand mixtures,,,Sand 2,2,1.68,3.86,-0.21999999999999997,-2.4
-0.24,1.7,5.07,0.027,0.8,0.0,-0.8,2.4,0.51576,106.0,1.6998,5.07,50.7,1.996160198240645,,,,Sand,,,Sand 2,2,1.68,3.86,-0.21999999999999997,-2.4
-0.26,1.72,5.81,0.029,0.6,0.0,-0.6,2.4,0.51225,107.0,1.7198,5.81,58.1,1.9426198275579134,,,,Sand,,,Sand 2,2,1.68,3.86,-0.21999999999999997,-2.4
-0.28,1.74,6.21,0.031,0.8,-0.2,-0.8,2.4,0.50987,108.0,1.7398,6.21,62.1,1.9162992538644175,,,,Sand,,,Sand 2,2,1.68,3.86,-0.21999999999999997,-2.4
-0.30000000000000004,1.76,6.56,0.034,0.8,0.2,-0.8,2.2,0.52744,108.0,1.7598,6.56,65.6,1.9027393401135115,,,,Sand,,,Sand 2,2,1.68,3.86,-0.21999999999999997,-2.4
-0.32000000000000006,1.78,6.78,0.036,0.8,-0.2,-0.8,2.1,0.53721,109.0,1.7798,6.78,67.8,1.8942919270411793,,,,Sand,,,Sand 2,2,1.68,3.86,-0.21999999999999997,-2.4
-0.3400000000000001,1.8,6.93,0.039,1.0,-0.6,-0.8,2.3,0.56851,110.0,1.7997,6.93,69.3,1.8985848868290274,,,,Sand,,,Sand 2,2,1.68,3.86,-0.21999999999999997,-2.4
-0.3600000000000001,1.82,7.09,0.043,0.9,-0.4,-0.8,2.4,0.61859,111.0,1.8197,7.09,70.9,1.9092517989141184,,,,Sand,,,Sand 2,2,1.68,3.86,-0.21999999999999997,-2.4
-0.3800000000000001,1.84,7.12,0.043,0.8,0.0,-0.8,2.3,0.61638,112.0,1.8397,7.12,71.2,1.9068731058177784,,,,Sand,,,Sand 2,2,1.68,3.86,-0.21999999999999997,-2.4
-0.40000000000000013,1.86,7.11,0.045,0.6,-0.2,-0.6,2.5,0.64644,113.0,1.8597,7.11,71.1,1.9184197675543464,,,,Sand,,,Sand 2,2,1.68,3.86,-0.21999999999999997,-2.4
-0.41999999999999993,1.88,7.08,0.044,0.9,-0.4,-0.8,2.7,0.6363,113.0,1.8797,7.08,70.8,1.9162922478773714,,,,Sand,,,Sand 2,2,1.68,3.86,-0.21999999999999997,-2.4
-0.43999999999999995,1.9,6.94,0.046,1.1,-0.4,-1.0,2.4,0.67387,114.0,1.8997,6.94,69.4,1.9370033193224194,,,,Sand,,,Sand 2,2,1.68,3.86,-0.21999999999999997,-2.4
-0.45999999999999996,1.92,6.76,0.046,0.6,-0.2,-0.6,2.4,0.68427,115.0,1.9197,6.76,67.6,1.9501999684014455,,,,Sand,,,Sand 2,2,1.68,3.86,-0.21999999999999997,-2.4
-0.48,1.94,6.66,0.046,0.6,0.0,-0.6,2.4,0.69552,116.0,1.9397,6.66,66.6,1.9594766772786973,,,,Sand,,,Sand 2,2,1.68,3.86,-0.21999999999999997,-2.4
-0.5,1.96,6.56,0.046,0.6,0.0,-0.6,2.3,0.70661,117.0,1.9597,6.56,65.6,1.968723524713454,,,,Sand,,,Sand 2,2,1.68,3.86,-0.21999999999999997,-2.4
-0.52,1.98,6.38,0.045,0.8,0.0,-0.8,2.3,0.69971,118.0,1.9797,6.38,63.8,1.9765810609966015,,,,Sand,,,Sand 2,2,1.68,3.86,-0.21999999999999997,-2.4
-0.54,2.0,6.29,0.044,1.0,0.0,-1.0,2.3,0.68912,118.0,1.9997,6.29,62.9,1.9782306902530968,,,,Sand,,,Sand 2,2,1.68,3.86,-0.21999999999999997,-2.4
-0.56,2.02,6.24,0.045,0.6,0.0,-0.6,2.4,0.70727,119.0,2.0197,6.24,62.4,1.9872139387119483,,,,Sand,,,Sand 2,2,1.68,3.86,-0.21999999999999997,-2.4
-0.5800000000000001,2.04,6.25,0.046,1.1,-0.4,-1.0,2.4,0.72341,120.0,2.0397,6.25,62.5,1.9919208398494759,,,,Sand,,,Sand 2,2,1.68,3.86,-0.21999999999999997,-2.4
-0.6000000000000001,2.06,6.31,0.047,1.2,0.0,-1.2,2.3,0.73596,121.0,2.0597,6.31,63.1,1.9924994394928228,,,,Sand,,,Sand 2,2,1.68,3.86,-0.21999999999999997,-2.4
-0.6200000000000001,2.08,6.39,0.047,1.0,-0.2,-1.0,2.4,0.72896,122.0,2.0797,6.39,63.9,1.9856496898976648,,,,Sand,,,Sand 2,2,1.68,3.86,-0.21999999999999997,-2.4
-0.6400000000000001,2.1,6.48,0.048,0.6,-0.2,-0.6,2.4,0.73296,123.0,2.0997,6.48,64.8,1.9818609091241912,,,,Sand,,,Sand 2,2,1.68,3.86,-0.21999999999999997,-2.4
-0.6600000000000001,2.12,6.53,0.048,0.6,0.0,-0.6,2.4,0.71816,123.0,2.1197,6.53,65.3,1.974225031513191,,,,Sand,,,Sand 2,2,1.68,3.86,-0.21999999999999997,-2.4
-0.6800000000000002,2.14,6.6,0.049,0.6,-0.2,-0.6,2.3,0.71351,124.0,2.1397,6.6,66.0,1.968804946811024,,,,Sand,,,Sand 2,2,1.68,3.86,-0.21999999999999997,-2.4
-0.7000000000000002,2.16,6.78,0.049,0.8,-0.2,-0.8,2.3,0.69026,125.0,2.1597,6.78,67.8,1.951172988251264,,,,Sand,,,Sand 2,2,1.68,3.86,-0.21999999999999997,-2.4
-0.7200000000000002,2.18,7.05,0.052,0.6,-0.2,-0.6,2.4,0.70712,126.0,2.1797,7.05,70.5,1.9427007170118373,,,,Sand,,,Sand 2,2,1.68,3.86,-0.21999999999999997,-2.4
-0.7400000000000002,2.2,7.33,0.056,0.6,0.0,-0.6,2.4,0.73,127.0,2.1997,7.33,73.3,1.9363056761452389,,,,Sand,,,Sand 2,2,1.68,3.86,-0.21999999999999997,-2.4
-0.7600000000000002,2.22,7.78,0.058,0.8,-0.2,-0.8,2.4,0.71949,128.0,2.2197,7.78,77.8,1.9113575728922885,,,,Sand,,,Sand 2,2,1.68,3.86,-0.21999999999999997,-2.4
-0.7800000000000002,2.24,8.24,0.059,1.0,-0.2,-1.0,2.4,0.69453,128.0,2.2397,8.24,82.4,1.882107869224966,,,,Sand,,,Sand 2,2,1.68,3.86,-0.21999999999999997,-2.4
-0.7999999999999998,2.26,8.52,0.061,0.6,0.2,-0.6,2.1,0.68252,129.0,2.2597,8.52,85.2,1.8658524808117998,,,,Sand,,,Sand 2,2,1.68,3.86,-0.21999999999999997,-2.4
-0.8199999999999998,2.28,9.07,0.063,1.1,-0.4,-1.0,2.2,0.67057,130.0,2.2797,9.07,90.7,1.8391239801901291,,,,Sand,,,Sand 2,2,1.68,3.86,-0.21999999999999997,-2.4
-0.8399999999999999,2.3,9.72,0.066,1.0333,-0.2,-0.6,2.3,0.67235,131.0,2.2997,9.72,97.2,1.8151499782496254,,,,Sand,,,Sand 2,2,1.68,3.86,-0.21999999999999997,-2.4
-0.8599999999999999,2.32,10.25,0.07,0.9667,0.0,-1.2,2.4,0.68577,132.0,2.3197,10.25,102.5,1.8013883045101333,,,,Sand,,,Sand 2,2,1.68,3.86,-0.21999999999999997,-2.4
-0.8799999999999999,2.34,10.59,0.072,0.9,-0.4,-0.8,2.2,0.68021,133.0,2.3397,10.59,105.9,1.7878431132441155,,,,Sand,,,Sand 2,2,1.68,3.86,-0.21999999999999997,-2.4
-0.8999999999999999,2.36,10.99,0.075,0.8,0.0,-0.8,2.5,0.68799,134.0,2.3597,10.99,109.9,1.777787261684267,,,,Sand,,,Sand 2,2,1.68,3.86,-0.21999999999999997,-2.4
-0.9199999999999999,2.38,11.15,0.077,0.8,0.0,-0.8,2.8,0.69136,134.0,2.3797,11.15,111.5,1.77401237263322,,,,Sand,,,Sand 2,2,1.68,3.86,-0.21999999999999997,-2.4
-0.94,2.4,11.37,0.078,0.6,0.0,-0.6,2.5,0.68958,135.0,2.3997,11.37,113.7,1.7665432175463325,,,,Sand,,,Sand 2,2,1.68,3.86,-0.21999999999999997,-2.4
-0.96,2.42,11.54,0.08,0.6,0.0,-0.6,2.3,0.69884,136.0,2.4197,11.54,115.4,1.764875205262874,,,,Sand,,,Sand 2,2,1.68,3.86,-0.21999999999999997,-2.4
-0.98,2.44,11.6,0.082,0.9,-0.4,-0.8,2.4,0.71111,137.0,2.4397,11.6,116.0,1.7676529119541378,,,,Sand,,,Sand 2,2,1.68,3.86,-0.21999999999999997,-2.4
-1.0,2.46,11.61,0.084,1.2,-0.4,-1.2,2.4,0.72453,138.0,2.4597,11.61,116.1,1.7722918097119613,,,,Sand,,,Sand 2,2,1.68,3.86,-0.21999999999999997,-2.4
-1.02,2.48,11.64,0.085,1.2,-0.4,-0.8,2.4,0.73126,138.0,2.4797,11.64,116.4,1.7738544867971413,,,,Sand,,,Sand 2,2,1.68,3.86,-0.21999999999999997,-2.4
-1.04,2.5,11.68,0.086,1.2,0.0,-1.0,2.3,0.73971,139.0,2.4997,11.68,116.8,1.775731260082351,,,,Sand,,,Sand 2,2,1.68,3.86,-0.21999999999999997,-2.4
-1.06,2.52,11.66,0.085,1.2,-0.4,-1.2,2.3,0.73181,140.0,2.5197,11.66,116.6,1.7734640446212233,,,,Sand,,,Sand 2,2,1.68,3.86,-0.21999999999999997,-2.4
-1.08,2.54,11.65,0.083,1.0,-0.2,-1.0,2.4,0.71505,141.0,2.5397,11.65,116.5,1.767625421794442,,,,Sand,,,Sand 2,2,1.68,3.86,-0.21999999999999997,-2.4
-1.1,2.56,11.61,0.083,0.8,0.0,-0.8,2.4,0.71575,142.0,2.5597,11.61,116.1,1.7690699433676356,,,,Sand,,,Sand 2,2,1.68,3.86,-0.21999999999999997,-2.4
-1.12,2.58,11.56,0.083,0.8,-0.2,-0.8,2.4,0.71644,143.0,2.5797,11.56,115.6,1.7708131785180468,,,,Sand,,,Sand 2,2,1.68,3.86,-0.21999999999999997,-2.4
-1.1400000000000001,2.6,11.51,0.083,1.0,-0.2,-1.0,2.3,0.71699,143.0,2.5997,11.51,115.1,1.7725115426345162,,,,Sand,,,Sand 2,2,1.68,3.86,-0.21999999999999997,-2.4
-1.1600000000000001,2.62,11.55,0.082,0.8,-0.2,-0.8,2.4,0.7085,144.0,2.6197,11.55,115.5,1.768177840441656,,,,Sand,,,Sand 2,2,1.68,3.86,-0.21999999999999997,-2.4
-1.1800000000000002,2.64,11.55,0.082,1.2,-0.2,-1.2,2.3,0.70766,145.0,2.6396,11.55,115.5,1.7678660155111094,,,,Sand,,,Sand 2,2,1.68,3.86,-0.21999999999999997,-2.4
-1.2000000000000002,2.66,11.59,0.082,1.1333,0.2,-0.6,2.4,0.70545,146.0,2.6596,11.59,115.9,1.7658486589609477,,,,Sand,,,Sand 2,2,1.68,3.86,-0.21999999999999997,-2.4
-1.2200000000000002,2.68,11.59,0.083,1.0667,-0.2,-1.0,2.3,0.70925,147.0,2.6796,11.59,115.9,1.767261333573728,,,,Sand,,,Sand 2,2,1.68,3.86,-0.21999999999999997,-2.4
-1.2400000000000002,2.7,11.63,0.084,1.0,-0.2,-1.0,2.3,0.71141,148.0,2.6996,11.63,116.3,1.7668722529671543,,,,Sand,,,Sand 2,2,1.68,3.86,-0.21999999999999997,-2.4
-1.2600000000000002,2.72,11.72,0.082,0.8,0.0,-0.8,2.4,0.6839,148.0,2.7196,11.72,117.2,1.7538566735164822,,,,Sand,,,Sand 2,2,1.68,3.86,-0.21999999999999997,-2.4
-1.2800000000000002,2.74,11.85,0.082,1.0,0.0,-1.0,2.4,0.67076,149.0,2.7396,11.85,118.5,1.7449656894315393,,,,Sand,,,Sand 2,2,1.68,3.86,-0.21999999999999997,-2.4
-1.2999999999999998,2.76,12.14,0.082,1.0,-0.2,-1.0,2.2,0.65646,150.0,2.7596,12.14,121.4,1.7309508485960812,,,,Sand,,,Sand 2,2,1.68,3.86,-0.21999999999999997,-2.4
-1.3199999999999998,2.78,12.39,0.083,1.0,-0.2,-1.0,2.0,0.64964,151.0,2.7796,12.39,123.9,1.7211466096126482,,,,Sand,,,Sand 2,2,1.68,3.86,-0.21999999999999997,-2.4
-1.3399999999999999,2.8,13.01,0.085,1.0,0.0,-1.0,2.3,0.64954,152.0,2.7996,13.01,130.1,1.7041886618988153,,,,Sand,,,Sand 2,2,1.68,3.86,-0.21999999999999997,-2.4
-1.3599999999999999,2.82,13.47,0.088,0.8,0.0,-0.8,2.4,0.65666,153.0,2.8196,13.47,134.7,1.6951019691069782,,,,Sand,,,Sand 2,2,1.68,3.86,-0.21999999999999997,-2.4
-1.38,2.84,13.72,0.097,1.0,-0.2,-1.0,2.3,0.7079,154.0,2.8396,13.72,137.2,1.7090304144903758,,,,Sand,,,Sand 2,2,1.68,3.86,-0.21999999999999997,-2.4
-1.4,2.86,13.91,0.105,1.4,-0.4,-1.4,2.3,0.7502,154.0,2.8596,13.91,139.1,1.7203120927202487,,,,Sand,,,Sand 2,2,1.68,3.86,-0.21999999999999997,-2.4
-1.42,2.88,14.2,0.108,1.0,-0.2,-1.0,2.8,0.75909,155.0,2.8796,14.2,142.0,1.7166855529835319,,,,Sand,,,Sand 2,2,1.68,3.86,-0.21999999999999997,-2.4
-1.44,2.9,14.37,0.109,1.0,-0.2,-1.0,2.5,0.7574,156.0,2.8996,14.37,143.7,1.712099837177219,,,,Sand,,,Sand 2,2,1.68,3.86,-0.21999999999999997,-2.4
-1.46,2.92,14.55,0.123,1.0,-0.2,-1.0,2.3,0.85217,157.0,2.9196,14.55,145.5,1.7413551578424258,,,,Sand,,,Sand 2,2,1.68,3.86,-0.21999999999999997,-2.4
-1.48,2.94,14.74,0.118,1.0,0.0,-1.0,2.4,0.8203,158.0,2.9396,14.74,147.4,1.7262105639052674,,,,Sand,,,Sand 2,2,1.68,3.86,-0.21999999999999997,-2.4
-1.5,2.96,14.86,0.115,1.0,-0.2,-1.0,2.3,0.80448,158.0,2.9596,14.86,148.6,1.7180045846356409,,,,Sand,,,Sand 2,2,1.68,3.86,-0.21999999999999997,-2.4
-1.52,2.98,14.78,0.117,0.8,0.0,-0.8,2.4,0.82547,159.0,2.9796,14.78,147.8,1.7271179490756106,,,,Sand,,,Sand 2,2,1.68,3.86,-0.21999999999999997,-2.4
-1.54,3.0,14.06,0.114,0.8,0.0,-0.8,2.4,0.81327,160.0,2.9996,14.06,140.6,1.7392968141206189,,,,Sand,,,Sand 2,2,1.68,3.86,-0.21999999999999997,-2.4
-1.56,3.02,13.52,0.108,0.8,-0.2,-0.8,2.4,0.78091,161.0,3.0196,13.52,135.2,1.7409377848122074,,,,Sand,,,Sand 2,2,1.68,3.86,-0.21999999999999997,-2.4
-1.58,3.04,13.48,0.102,1.0,-0.2,-1.0,2.3,0.7489,162.0,3.0396,13.48,134.8,1.73037415203428,,,,Sand,,,Sand 2,2,1.68,3.86,-0.21999999999999997,-2.4
-1.6,3.06,13.4,0.094,0.8,0.0,-0.8,2.3,0.70169,163.0,3.0596,13.4,134.0,1.714652529297217,,,,Sand,,,Sand 2,2,1.68,3.86,-0.21999999999999997,-2.4
-1.62,3.08,13.3,0.091,0.8,-0.2,-0.8,2.4,0.68738,163.0,3.0796,13.3,133.0,1.7116602094078412,,,,Sand,,,Sand 2,2,1.68,3.86,-0.21999999999999997,-2.4
-1.6400000000000001,3.1,13.24,0.088,1.0,0.0,-1.0,2.4,0.67086,164.0,3.0996,13.24,132.4,1.7067056964573195,,,,Sand,,,Sand 2,2,1.68,3.86,-0.21999999999999997,-2.4
-1.6600000000000001,3.12,13.18,0.085,0.8,0.0,-0.8,2.4,0.65422,165.0,3.1196,13.18,131.8,1.7016028396614027,,,,Sand,,,Sand 2,2,1.68,3.86,-0.21999999999999997,-2.4
-1.6800000000000002,3.14,12.99,0.086,0.8,0.0,-0.8,2.4,0.66848,166.0,3.1396,12.99,129.9,1.712310117098558,,,,Sand,,,Sand 2,2,1.68,3.86,-0.21999999999999997,-2.4
-1.7000000000000002,3.16,12.8,0.083,1.0,-0.2,-1.0,2.3,0.65213,167.0,3.1596,12.8,128.0,1.7108605617729282,,,,Sand,,,Sand 2,2,1.68,3.86,-0.21999999999999997,-2.4
-1.7200000000000002,3.18,12.55,0.084,0.8,0.0,-0.8,2.4,0.66839,168.0,3.1796,12.55,125.5,1.7241535934666972,,,,Sand,,,Sand 2,2,1.68,3.86,-0.21999999999999997,-2.4
-1.7400000000000002,3.2,12.48,0.083,1.0,-0.2,-1.0,2.4,0.6705,168.0,3.1996,12.48,124.8,1.726915393665445,,,,Sand,,,Sand 2,2,1.68,3.86,-0.21999999999999997,-2.4
-1.7600000000000002,3.22,12.38,0.08,1.0,-0.2,-1.0,2.3,0.65614,169.0,3.2196,12.38,123.8,1.7240244178138522,,,,Sand,,,Sand 2,2,1.68,3.86,-0.21999999999999997,-2.4
-1.7800000000000002,3.24,12.2,0.078,1.0,-0.2,-1.0,2.4,0.65,170.0,3.2396,12.2,122.0,1.7266644493072827,,,,Sand,,,Sand 2,2,1.68,3.86,-0.21999999999999997,-2.4
-1.7999999999999998,3.26,11.96,0.077,1.0,0.0,-1.0,2.3,0.65247,171.0,3.2596,11.96,119.6,1.7345685329692802,,,,Sand,,,Sand 2,2,1.68,3.86,-0.21999999999999997,-2.4
-1.8199999999999998,3.28,11.67,0.076,1.0,0.0,-1.0,2.0,0.65637,172.0,3.2796,11.67,116.7,1.7446740831979537,,,,Sand,,,Sand 2,2,1.68,3.86,-0.21999999999999997,-2.4
-1.8399999999999999,3.3,11.5,0.074,1.0,0.0,-1.0,2.3,0.65249,173.0,3.2996,11.5,115.0,1.7482779096004504,,,,Sand,,,Sand 2,2,1.68,3.86,-0.21999999999999997,-2.4
-1.8599999999999999,3.32,11.26,0.073,1.2,-0.2,-1.2,2.3,0.65892,174.0,3.3196,11.26,112.6,1.7581827819910005,,,,Sand,,,Sand 2,2,1.68,3.86,-0.21999999999999997,-2.4
-1.88,3.34,10.96,0.072,0.8,0.0,-0.8,2.4,0.6649,174.0,3.3395,10.96,109.6,1.7699668417616417,,,,Sand,,,Sand 2,2,1.68,3.86,-0.21999999999999997,-2.4
-1.9,3.36,10.7,0.072,1.0,-0.2,-1.0,2.2,0.67941,175.0,3.3595,10.7,107.0,1.783916115809618,,,,Sand,,,Sand 2,2,1.68,3.86,-0.21999999999999997,-2.4
-1.92,3.38,10.48,0.071,0.8,0.0,-0.8,2.8,0.68442,176.0,3.3795,10.48,104.8,1.7930862764939954,,,,Sand,,,Sand 2,2,1.68,3.86,-0.21999999999999997,-2.4
-1.94,3.4,10.1,0.071,1.0,-0.2,-1.0,2.5,0.69899,177.0,3.3995,10.1,101.0,1.811439280132901,,,,Sand,,,Sand 2,2,1.68,3.86,-0.21999999999999997,-2.4
-1.96,3.42,9.96,0.072,1.0,-0.2,-1.0,2.3,0.72353,178.0,3.4195,9.96,99.6,1.8251704039561898,,,,Sand,,,Sand 2,2,1.68,3.86,-0.21999999999999997,-2.4
-1.98,3.44,9.82,0.072,1.0,0.0,-1.0,2.4,0.73969,178.0,3.4395,9.82,98.2,1.8358060373921048,,,,Sand,,,Sand 2,2,1.68,3.86,-0.21999999999999997,-2.4
-2.0,3.46,9.71,0.073,0.8,0.0,-0.8,2.4,0.76893,179.0,3.4595,9.71,97.1,1.8497633465904344,,,,Sand,,,Sand 2,2,1.68,3.86,-0.21999999999999997,-2.4
-2.02,3.48,9.53,0.075,0.8,0.0,-0.8,2.4,0.80983,180.0,3.4795,9.53,95.3,1.8697798492516762,,,,Sand,,,Sand 2,2,1.68,3.86,-0.21999999999999997,-2.4
-2.04,3.5,9.31,0.078,0.8,0.0,-0.8,2.3,0.86619,181.0,3.4995,9.31,93.1,1.8955791466827556,,,,Sand,,,Sand 2,2,1.68,3.86,-0.21999999999999997,-2.4
-2.06,3.52,8.96,0.08,1.0,0.0,-1.0,2.4,0.91796,182.0,3.5195,8.96,89.6,1.9241780110807638,,,,Sand,,,Sand 2,2,1.68,3.86,-0.21999999999999997,-2.4
-2.08,3.54,8.56,0.083,1.0,0.0,-1.0,2.4,0.98795,183.0,3.5395,8.56,85.6,1.9594815541040873,,,,Sand,,,Sand 2,2,1.68,3.86,-0.21999999999999997,-2.4
-2.1,3.56,8.24,0.086,0.8,0.0,-0.8,2.4,1.066,183.0,3.5595,8.24,82.4,1.9929978106361999,,,,Sand,,,Sand 2,2,1.68,3.86,-0.21999999999999997,-2.4
-2.12,3.58,7.91,0.087,0.8,0.0,-0.8,2.3,1.1258,184.0,3.5795,7.91,79.1,2.0216930684077967,,,,Sand,,,Sand 2,2,1.68,3.86,-0.21999999999999997,-2.4
-2.14,3.6,7.5,0.084,0.8,0.0,-0.8,2.3,1.1342,185.0,3.5995,7.5,75.0,2.041730457082332,,,,Sand,,,Sand 2,2,1.68,3.86,-0.21999999999999997,-2.4
-2.16,3.62,7.2,0.08,0.8,0.0,-0.8,2.4,1.1268,186.0,3.6195,7.2,72.0,2.053847817438101,,,,Sand mixtures,,,Sand 2,2,1.68,3.86,-0.21999999999999997,-2.4
-2.18,3.64,6.86,0.075,1.0,0.0,-1.0,2.4,1.104,187.0,3.6395,6.86,68.6,2.0649425597989297,,,,Sand mixtures,,,Sand 2,2,1.68,3.86,-0.21999999999999997,-2.4
-2.2,3.66,6.59,0.073,1.0,0.0,-1.0,2.4,1.1235,188.0,3.6595,6.59,65.9,2.0833951419534986,,,,Sand mixtures,,,Sand 2,2,1.68,3.86,-0.21999999999999997,-2.4
-2.22,3.68,6.39,0.074,1.0,0.0,-1.0,2.4,1.1878,188.0,3.6795,6.39,63.9,2.1087715998449807,,,,Sand mixtures,,,Sand 2,2,1.68,3.86,-0.21999999999999997,-2.4
-2.24,3.7,6.11,0.073,0.8,0.0,-0.8,2.4,1.2187,189.0,3.6995,6.11,61.1,2.130981859830114,,,,Sand mixtures,,,Sand 2,2,1.68,3.86,-0.21999999999999997,-2.4
-2.2600000000000002,3.72,5.79,0.079,0.8,0.0,-0.8,2.4,1.3565,190.0,3.7195,5.79,57.9,2.178069281965614,,,,Sand mixtures,,,Sand 2,2,1.68,3.86,-0.21999999999999997,-2.4
-2.2800000000000002,3.74,5.54,0.079,0.8,0.0,-0.8,2.4,1.3487,191.0,3.7395,5.54,55.4,2.191583903234,,,,Sand mixtures,,,Sand 2,2,1.68,3.86,-0.21999999999999997,-2.4
-2.3,3.76,5.36,0.079,1.0,0.0,-1.0,2.3,1.3382,192.0,3.7595,5.36,53.6,2.2008239597196093,,,,Sand mixtures,,,Sand 2,2,1.68,3.86,-0.21999999999999997,-2.4
-2.32,3.78,5.28,0.079,0.8,0.0,-0.8,2.0,1.3228,193.0,3.7795,5.28,52.8,2.202928700707256,,,,Sand mixtures,,,Sand 2,2,1.68,3.86,-0.21999999999999997,-2.4
-2.34,3.8,5.53,0.089,0.8,0.0,-0.8,2.2,1.4667,194.0,3.7995,5.53,55.3,2.2148184236828192,,,,Sand mixtures,,,Sand 2,2,1.68,3.86,-0.21999999999999997,-2.4
-2.36,3.82,6.86,0.088,1.0,0.0,-1.0,2.4,1.417,194.0,3.8195,6.86,68.6,2.132967923127085,,,,Sand mixtures,,,Sand 2,2,1.68,3.86,-0.21999999999999997,-2.4
-2.38,3.84,6.7589,0.085,0.8,0.0,-0.8,2.4,1.2849,195.0,3.8395,6.7589,67.589,2.11090036724905,,,,Sand mixtures,,,Sand 2,2,1.68,3.86,-0.21999999999999997,-2.4
-2.4,3.86,6.6578,0.082,0.8,0.0,-0.8,2.2,1.1236,196.0,3.8595,6.6578,66.578,2.079897546918849,,,,Sand mixtures,,,Sand 3,3,3.86,6.18,-2.4,-4.72
-2.42,3.88,6.5567,0.079,1.0,-0.2,-1.0,2.8,0.97843,197.0,3.8795,6.5567,65.567,2.0491051106489766,,,,Sand,,,Sand 3,3,3.86,6.18,-2.4,-4.72
-2.44,3.9,6.68,0.078,1.0,0.0,-1.0,2.5,0.88368,198.0,3.8995,6.68,66.8,2.016681575216073,,,,Sand,,,Sand 3,3,3.86,6.18,-2.4,-4.72
-2.46,3.92,8.6,0.078,0.8,0.0,-0.8,2.3,0.80346,198.0,3.9195,8.6,86.0,1.9034993021977737,,,,Sand,,,Sand 3,3,3.86,6.18,-2.4,-4.72
-2.48,3.94,10.74,0.078,0.8,0.0,-0.8,2.4,0.73045,199.0,3.9395,10.74,107.4,1.8013542227099635,,,,Sand,,,Sand 3,3,3.86,6.18,-2.4,-4.72
-2.5,3.96,11.74,0.085,0.8,0.2,-0.8,2.3,0.72387,200.0,3.9595,11.74,117.4,1.768218426213465,,,,Sand,,,Sand 3,3,3.86,6.18,-2.4,-4.72
-2.52,3.98,12.88,0.089,0.8,0.0,-0.8,2.4,0.6914,201.0,3.9795,12.88,128.8,1.7241969749218433,,,,Sand,,,Sand 3,3,3.86,6.18,-2.4,-4.72
-2.54,4.0,13.81,0.095,0.8,0.2,-0.8,2.3,0.68816,202.0,3.9995,13.81,138.1,1.6991444237301692,,,,Sand,,,Sand 3,3,3.86,6.18,-2.4,-4.72
-2.5599999999999996,4.02,14.42,0.1,0.8,0.0,-0.8,2.4,0.68888,203.0,4.0195,14.42,144.2,1.684778892431751,,,,Sand,,,Sand 3,3,3.86,6.18,-2.4,-4.72
-2.58,4.04,15.07,0.104,0.8,0.2,-0.8,2.3,0.68687,203.0,4.0395,15.07,150.7,1.6691180844540776,,,,Sand,,,Sand 3,3,3.86,6.18,-2.4,-4.72
-2.5999999999999996,4.06,15.72,0.108,0.8,0.0,-0.8,2.4,0.68977,204.0,4.0595,15.72,157.2,1.6561334267308108,,,,Sand,,,Sand 3,3,3.86,6.18,-2.4,-4.72
-2.62,4.08,16.06,0.113,0.8,0.0,-0.8,2.4,0.7023,205.0,4.0795,16.06,160.6,1.6540283974261625,,,,Sand,,,Sand 3,3,3.86,6.18,-2.4,-4.72
-2.6399999999999997,4.1,16.43,0.115,0.8,0.0,-0.8,2.4,0.69771,206.0,4.0995,16.43,164.3,1.644636590984147,,,,Sand,,,Sand 3,3,3.86,6.18,-2.4,-4.72
-2.66,4.12,16.74,0.117,0.8,0.0,-0.8,2.4,0.6957,207.0,4.1195,16.74,167.4,1.6376403703217477,,,,Sand,,,Sand 3,3,3.86,6.18,-2.4,-4.72
-2.6799999999999997,4.14,17.01,0.119,0.8,0.0,-0.8,2.3,0.69652,208.0,4.1395,17.01,170.1,1.6326915256457988,,,,Sand,,,Sand 3,3,3.86,6.18,-2.4,-4.72
-2.7,4.16,17.27,0.12,0.8,0.0,-0.8,2.4,0.69289,208.0,4.1595,17.27,172.7,1.6262155221688583,,,,Sand,,,Sand 3,3,3.86,6.18,-2.4,-4.72
-2.7199999999999998,4.18,17.56,0.121,0.8,0.0,-0.8,2.4,0.69084,209.0,4.1795,17.56,175.6,1.6198983944510659,,,,Sand,,,Sand 3,3,3.86,6.18,-2.4,-4.72
-2.74,4.2,17.75,0.122,0.8,0.0,-0.8,2.4,0.69019,210.0,4.1995,17.75,177.5,1.6160975462478406,,,,Sand,,,Sand 3,3,3.86,6.18,-2.4,-4.72
-2.76,4.22,17.86,0.122,0.8,0.0,-0.8,2.3,0.68491,211.0,4.2194,17.86,178.6,1.611885508400289,,,,Sand,,,Sand 3,3,3.86,6.18,-2.4,-4.72
-2.7800000000000002,4.24,17.93,0.122,0.8,0.2,-0.8,2.3,0.68076,212.0,4.2394,17.93,179.3,1.6088733133285633,,,,Sand,,,Sand 3,3,3.86,6.18,-2.4,-4.72
-2.8,4.26,18.0,0.122,0.8,0.2,-0.8,2.4,0.67872,213.0,4.2594,18.0,180.0,1.6067408327111459,,,,Sand,,,Sand 3,3,3.86,6.18,-2.4,-4.72
-2.8200000000000003,4.28,18.03,0.122,0.8,0.2,-0.8,2.1,0.67811,214.0,4.2794,18.03,180.3,1.6059384728660315,,,,Sand,,,Sand 3,3,3.86,6.18,-2.4,-4.72
-2.84,4.3,18.1,0.121,0.8,0.0,-0.8,2.1,0.6732,215.0,4.2994,18.1,181.0,1.6026007948041405,,,,Sand,,,Sand 3,3,3.86,6.18,-2.4,-4.72
-2.8600000000000003,4.32,18.14,0.121,0.8,0.2,-0.8,2.4,0.67414,215.0,4.3194,18.14,181.4,1.6022722609290547,,,,Sand,,,Sand 3,3,3.86,6.18,-2.4,-4.72
-2.88,4.34,17.99,0.12,0.8,0.2,-0.8,2.4,0.67025,216.0,4.3394,17.99,179.9,1.603359212129497,,,,Sand,,,Sand 3,3,3.86,6.18,-2.4,-4.72
-2.9000000000000004,4.36,17.88,0.119,0.8,0.2,-0.8,2.4,0.66699,217.0,4.3594,17.88,178.8,1.6039993858760646,,,,Sand,,,Sand 3,3,3.86,6.18,-2.4,-4.72
-2.92,4.38,17.72,0.118,0.6,0.2,-0.6,2.1,0.66474,218.0,4.3794,17.72,177.2,1.6060117346953109,,,,Sand,,,Sand 3,3,3.86,6.18,-2.4,-4.72
-2.9400000000000004,4.4,17.73,0.117,0.6,0.2,-0.6,2.7,0.66312,219.0,4.3994,17.73,177.3,1.6051375363971754,,,,Sand,,,Sand 3,3,3.86,6.18,-2.4,-4.72
-2.96,4.42,17.64,0.117,0.8,0.0,-0.8,2.8,0.66733,219.0,4.4194,17.64,176.4,1.6086028453875323,,,,Sand,,,Sand 3,3,3.86,6.18,-2.4,-4.72
-2.9800000000000004,4.44,17.53,0.116,0.8,0.2,-0.8,2.6,0.66619,220.0,4.4394,17.53,175.3,1.610188747658738,,,,Sand,,,Sand 3,3,3.86,6.18,-2.4,-4.72
-3.0,4.46,17.38,0.114,0.6,0.2,-0.6,2.4,0.6592,221.0,4.4594,17.38,173.8,1.6100727630302336,,,,Sand,,,Sand 3,3,3.86,6.18,-2.4,-4.72
-3.0200000000000005,4.48,17.28,0.114,0.6,0.2,-0.6,2.3,0.66521,222.0,4.4794,17.28,172.8,1.6145313350340122,,,,Sand,,,Sand 3,3,3.86,6.18,-2.4,-4.72
-3.04,4.5,17.1,0.113,0.8,0.2,-0.8,2.4,0.66681,223.0,4.4994,17.1,171.0,1.6186781695335093,,,,Sand,,,Sand 3,3,3.86,6.18,-2.4,-4.72
-3.0599999999999996,4.52,16.92,0.111,0.8,0.2,-0.8,2.4,0.66378,223.0,4.5194,16.92,169.2,1.6209207337423719,,,,Sand,,,Sand 3,3,3.86,6.18,-2.4,-4.72
-3.08,4.54,16.77,0.11,0.6,0.2,-0.6,2.4,0.66763,224.0,4.5394,16.77,167.7,1.6254977762192386,,,,Sand,,,Sand 3,3,3.86,6.18,-2.4,-4.72
-3.0999999999999996,4.56,16.48,0.109,0.8,0.0,-0.8,2.4,0.67263,225.0,4.5594,16.48,164.8,1.6333864440044366,,,,Sand,,,Sand 3,3,3.86,6.18,-2.4,-4.72
-3.12,4.58,16.11,0.108,0.8,0.2,-0.8,2.3,0.67807,226.0,4.5794,16.11,161.1,1.6431998697388022,,,,Sand,,,Sand 3,3,3.86,6.18,-2.4,-4.72
-3.1399999999999997,4.6,15.74,0.106,0.6,0.2,-0.6,2.4,0.6777,227.0,4.5994,15.74,157.4,1.6508169973368298,,,,Sand,,,Sand 3,3,3.86,6.18,-2.4,-4.72
-3.16,4.62,15.41,0.103,0.8,0.0,-0.8,2.4,0.6709,228.0,4.6194,15.41,154.1,1.6551503274844612,,,,Sand,,,Sand 3,3,3.86,6.18,-2.4,-4.72
-3.1799999999999997,4.64,15.11,0.103,0.8,0.2,-0.8,2.4,0.68302,228.0,4.6394,15.11,151.1,1.6666817518131938,,,,Sand,,,Sand 3,3,3.86,6.18,-2.4,-4.72
-3.2,4.66,14.88,0.101,0.8,0.0,-0.8,2.3,0.68036,229.0,4.6594,14.88,148.8,1.6707776863413735,,,,Sand,,,Sand 3,3,3.86,6.18,-2.4,-4.72
-3.2199999999999998,4.68,14.63,0.101,0.8,0.0,-0.8,2.4,0.68948,230.0,4.6794,14.63,146.3,1.6801355601924437,,,,Sand,,,Sand 3,3,3.86,6.18,-2.4,-4.72
-3.24,4.7,14.46,0.1,0.6,0.2,-0.6,2.4,0.69031,231.0,4.6994,14.46,144.6,1.6844089894145269,,,,Sand,,,Sand 3,3,3.86,6.18,-2.4,-4.72
-3.26,4.72,14.3,0.1,0.6,0.2,-0.6,2.4,0.69662,232.0,4.7194,14.3,143.0,1.6906512652080992,,,,Sand,,,Sand 3,3,3.86,6.18,-2.4,-4.72
-3.2800000000000002,4.74,14.23,0.1,0.6,0.2,-0.6,2.3,0.702,233.0,4.7394,14.23,142.3,1.6944096824166737,,,,Sand,,,Sand 3,3,3.86,6.18,-2.4,-4.72
-3.3,4.76,14.17,0.102,0.8,0.2,-0.8,2.4,0.72078,233.0,4.7594,14.17,141.7,1.7030690506116324,,,,Sand,,,Sand 3,3,3.86,6.18,-2.4,-4.72
-3.3200000000000003,4.78,14.11,0.103,0.8,0.2,-0.8,2.2,0.73244,234.0,4.7794,14.11,141.1,1.7089117345423175,,,,Sand,,,Sand 3,3,3.86,6.18,-2.4,-4.72
-3.34,4.8,14.06,0.104,0.8,0.2,-0.8,2.0,0.74339,235.0,4.7994,14.06,140.6,1.714198568079786,,,,Sand,,,Sand 3,3,3.86,6.18,-2.4,-4.72
-3.3600000000000003,4.82,14.0,0.105,0.6,0.2,-0.6,2.3,0.75411,236.0,4.8194,14.0,140.0,1.7195929455466932,,,,Sand,,,Sand 3,3,3.86,6.18,-2.4,-4.72
-3.38,4.84,13.88,0.106,0.8,0.2,-0.8,2.4,0.76458,237.0,4.8394,13.88,138.8,1.7262942680275781,,,,Sand,,,Sand 3,3,3.86,6.18,-2.4,-4.72
-3.4000000000000004,4.86,13.75,0.106,0.8,0.2,-0.8,2.3,0.76756,238.0,4.8594,13.75,137.5,1.7305175453814894,,,,Sand,,,Sand 3,3,3.86,6.18,-2.4,-4.72
-3.42,4.88,13.72,0.109,0.7,0.4,-0.6,2.1,0.79338,239.0,4.8794,13.72,137.2,1.7404549203642132,,,,Sand,,,Sand 3,3,3.86,6.18,-2.4,-4.72
-3.4400000000000004,4.9,13.7,0.107,0.6,0.2,-0.6,2.9,0.78309,239.0,4.8994,13.7,137.0,1.7372997727234751,,,,Sand,,,Sand 3,3,3.86,6.18,-2.4,-4.72
-3.46,4.92,13.69,0.105,0.8,0.2,-0.8,2.7,0.77199,240.0,4.9194,13.69,136.9,1.7335753185632994,,,,Sand,,,Sand 3,3,3.86,6.18,-2.4,-4.72
-3.4800000000000004,4.94,13.68,0.1,0.8,0.2,-0.8,2.4,0.7378,241.0,4.9394,13.68,136.8,1.7213183342119054,,,,Sand,,,Sand 3,3,3.86,6.18,-2.4,-4.72
-3.5,4.96,13.49,0.096,0.8,0.2,-0.8,2.3,0.71124,242.0,4.9594,13.49,134.9,1.716038067995646,,,,Sand,,,Sand 3,3,3.86,6.18,-2.4,-4.72
-3.5200000000000005,4.98,13.4,0.09,0.7,0.4,-0.6,2.4,0.67014,243.0,4.9794,13.4,134.0,1.7023013430129657,,,,Sand,,,Sand 3,3,3.86,6.18,-2.4,-4.72
-3.54,5.0,13.38,0.09,0.6,0.2,-0.6,2.3,0.6746,243.0,4.9994,13.38,133.8,1.7045845218116507,,,,Sand,,,Sand 3,3,3.86,6.18,-2.4,-4.72
-3.5599999999999996,5.02,13.37,0.087,0.7,0.4,-0.6,2.3,0.65791,244.0,5.0194,13.37,133.7,1.6981673799899042,,,,Sand,,,Sand 3,3,3.86,6.18,-2.4,-4.72
-3.58,5.04,13.27,0.079,1.0,0.0,-1.0,2.3,0.60248,245.0,5.0394,13.27,132.7,1.6776894894292813,,,,Sand,,,Sand 3,3,3.86,6.18,-2.4,-4.72
-3.5999999999999996,5.06,13.16,0.074,0.7,0.4,-0.6,2.4,0.57049,246.0,5.0594,13.16,131.6,1.6666042963954817,,,,Sand,,,Sand 3,3,3.86,6.18,-2.4,-4.72
-3.62,5.08,12.98,0.071,0.6,0.2,-0.6,2.4,0.55485,247.0,5.0794,12.98,129.8,1.6644332756752716,,,,Sand,,,Sand 3,3,3.86,6.18,-2.4,-4.72
-3.6399999999999997,5.1,12.74,0.064,0.8,0.2,-0.8,2.3,0.50915,248.0,5.0994,12.74,127.4,1.6497895414401806,,,,Sand,,,Sand 3,3,3.86,6.18,-2.4,-4.72
-3.66,5.12,12.6,0.06,0.8,0.2,-0.8,2.4,0.48795,248.0,5.1194,12.6,126.0,1.6434812350353691,,,,Sand,,,Sand 3,3,3.86,6.18,-2.4,-4.72
-3.6799999999999997,5.14,12.27,0.059,0.6,0.2,-0.6,2.4,0.49162,249.0,5.1394,12.27,122.7,1.6548893511674134,,,,Sand,,,Sand 3,3,3.86,6.18,-2.4,-4.72
-3.7,5.16,11.98,0.054,0.9,0.4,-0.8,2.4,0.46144,250.0,5.1594,11.98,119.8,1.6486516255806711,,,,Sand,,,Sand 3,3,3.86,6.18,-2.4,-4.72
-3.7199999999999998,5.18,11.56,0.055,0.7,0.4,-0.6,2.4,0.48219,251.0,5.1794,11.56,115.6,1.6719960443849478,,,,Sand,,,Sand 3,3,3.86,6.18,-2.4,-4.72
-3.74,5.2,11.08,0.054,0.8,0.2,-0.8,2.3,0.48736,252.0,5.1994,11.08,110.8,1.690008373448145,,,,Sand,,,Sand 3,3,3.86,6.18,-2.4,-4.72
-3.76,5.22,10.8,0.059,0.7,0.4,-0.6,2.4,0.5482,253.0,5.2194,10.8,108.0,1.7272276549038599,,,,Sand,,,Sand 3,3,3.86,6.18,-2.4,-4.72
-3.7800000000000002,5.24,10.59,0.061,0.6,0.2,-0.6,2.4,0.58436,253.0,5.2394,10.59,105.9,1.7498182924324415,,,,Sand,,,Sand 3,3,3.86,6.18,-2.4,-4.72
-3.8,5.26,10.37,0.058,0.7,0.4,-0.6,2.3,0.57192,254.0,5.2594,10.37,103.7,1.7521254757677198,,,,Sand,,,Sand 3,3,3.86,6.18,-2.4,-4.72
-3.8200000000000003,5.28,9.99,0.059,0.8,0.0,-0.8,2.0,0.59724,255.0,5.2794,9.99,99.9,1.7760884713528022,,,,Sand,,,Sand 3,3,3.86,6.18,-2.4,-4.72
-3.84,5.3,9.73,0.063,0.8,0.2,-0.8,2.2,0.65455,256.0,5.2994,9.73,97.3,1.8080838186868866,,,,Sand,,,Sand 3,3,3.86,6.18,-2.4,-4.72
-3.8600000000000003,5.32,9.39,0.068,0.8,0.0,-0.8,2.4,0.72456,257.0,5.3194,9.39,93.9,1.8462315511168648,,,,Sand,,,Sand 3,3,3.86,6.18,-2.4,-4.72
-3.88,5.34,9.18,0.071,0.9,0.4,-0.8,2.4,0.77596,258.0,5.3394,9.18,91.8,1.8717015071101488,,,,Sand,,,Sand 3,3,3.86,6.18,-2.4,-4.72
-3.9000000000000004,5.36,8.98,0.07,0.7,0.4,-0.6,2.2,0.78322,259.0,5.3594,8.98,89.8,1.881804379194762,,,,Sand,,,Sand 3,3,3.86,6.18,-2.4,-4.72
-3.92,5.38,8.77,0.065,0.8,0.2,-0.8,2.7,0.74318,259.0,5.3793,8.77,87.7,1.876756880511078,,,,Sand,,,Sand 3,3,3.86,6.18,-2.4,-4.72
-3.9400000000000004,5.4,8.67,0.059,0.8,0.2,-0.8,2.4,0.68785,260.0,5.3993,8.67,86.7,1.8615204804817143,,,,Sand,,,Sand 3,3,3.86,6.18,-2.4,-4.72
-3.96,5.42,8.49,0.058,0.8,0.2,-0.8,2.3,0.68894,261.0,5.4193,8.49,84.9,1.869415251891006,,,,Sand,,,Sand 3,3,3.86,6.18,-2.4,-4.72
-3.9800000000000004,5.44,8.29,0.057,1.0,0.2,-1.0,2.4,0.68913,262.0,5.4393,8.29,82.9,1.8780267257405379,,,,Sand,,,Sand 3,3,3.86,6.18,-2.4,-4.72
-4.0,5.46,8.2,0.057,0.8,0.2,-0.8,2.4,0.70078,263.0,5.4593,8.2,82.0,1.8860486957420208,,,,Sand,,,Sand 3,3,3.86,6.18,-2.4,-4.72
-4.0200000000000005,5.48,8.04,0.057,1.0,0.0,-1.0,2.3,0.71272,264.0,5.4793,8.04,80.39999999999999,1.8972555698977318,,,,Sand,,,Sand 3,3,3.86,6.18,-2.4,-4.72
-4.04,5.5,7.91,0.055,0.8,0.2,-0.8,2.4,0.69852,264.0,5.4993,7.91,79.1,1.898184865044223,,,,Sand,,,Sand 3,3,3.86,6.18,-2.4,-4.72
-4.06,5.52,7.8,0.054,0.6,0.2,-0.6,2.4,0.69588,265.0,5.5193,7.8,78.0,1.9023051011811767,,,,Sand,,,Sand 3,3,3.86,6.18,-2.4,-4.72
-4.08,5.54,7.67,0.053,1.0,0.6,-0.8,2.4,0.69315,266.0,5.5393,7.67,76.7,1.9074139941084638,,,,Sand,,,Sand 3,3,3.86,6.18,-2.4,-4.72
-4.1,5.56,7.58,0.052,0.6,0.2,-0.6,2.3,0.68954,267.0,5.5593,7.58,75.8,1.9104188481745867,,,,Sand,,,Sand 3,3,3.86,6.18,-2.4,-4.72
-4.12,5.58,7.5,0.052,0.6,0.2,-0.6,2.3,0.69857,268.0,5.5793,7.5,75.0,1.9173868547404787,,,,Sand,,,Sand 3,3,3.86,6.18,-2.4,-4.72
-4.14,5.6,7.38,0.051,0.8,0.2,-0.8,2.4,0.69364,269.0,5.5993,7.38,73.8,1.9215173849905376,,,,Sand,,,Sand 3,3,3.86,6.18,-2.4,-4.72
-4.16,5.62,7.29,0.05,0.7,0.4,-0.6,2.4,0.68811,269.0,5.6193,7.29,72.9,1.9240491071501573,,,,Sand,,,Sand 3,3,3.86,6.18,-2.4,-4.72
-4.18,5.64,7.2,0.049,0.7,0.4,-0.6,2.3,0.68305,270.0,5.6393,7.2,72.0,1.926802154528312,,,,Sand,,,Sand 3,3,3.86,6.18,-2.4,-4.72
-4.2,5.66,7.13,0.048,0.9,0.4,-0.8,2.3,0.67821,271.0,5.6593,7.13,71.3,1.9286695223515389,,,,Sand,,,Sand 3,3,3.86,6.18,-2.4,-4.72
-4.22,5.68,7.07,0.048,0.8,0.0,-0.8,2.4,0.68694,272.0,5.6793,7.07,70.7,1.9347761623337671,,,,Sand,,,Sand 3,3,3.86,6.18,-2.4,-4.72
-4.24,5.7,6.98,0.047,0.9,0.4,-0.8,2.4,0.68091,273.0,5.6993,6.98,69.8,1.937354931043489,,,,Sand,,,Sand 3,3,3.86,6.18,-2.4,-4.72
-4.26,5.72,6.84,0.047,0.6,0.2,-0.6,2.4,0.68852,274.0,5.7193,6.84,68.4,1.947364629086218,,,,Sand,,,Sand 3,3,3.86,6.18,-2.4,-4.72
-4.28,5.74,6.73,0.045,0.8,0.2,-0.8,2.4,0.66654,274.0,5.7393,6.73,67.3,1.9456843785493085,,,,Sand,,,Sand 3,3,3.86,6.18,-2.4,-4.72
-4.3,5.76,6.66,0.044,0.8,0.2,-0.8,2.3,0.65942,275.0,5.7593,6.66,66.6,1.9470246570861776,,,,Sand,,,Sand 3,3,3.86,6.18,-2.4,-4.72
-4.32,5.78,6.61,0.042,0.6,0.2,-0.6,2.0,0.63697,276.0,5.7793,6.61,66.1,1.9418174235113794,,,,Sand,,,Sand 3,3,3.86,6.18,-2.4,-4.72
-4.34,5.8,6.59,0.042,0.8,0.2,-0.8,2.2,0.64417,277.0,5.7993,6.59,65.9,1.945513143936577,,,,Sand,,,Sand 3,3,3.86,6.18,-2.4,-4.72
-4.36,5.82,6.53,0.042,0.8,0.2,-0.8,2.4,0.65129,278.0,5.8193,6.53,65.3,1.951410235778048,,,,Sand,,,Sand 3,3,3.86,6.18,-2.4,-4.72
-4.38,5.84,6.44,0.043,0.8,0.2,-0.8,2.3,0.67504,279.0,5.8393,6.44,64.4,1.9647881763935338,,,,Sand,,,Sand 3,3,3.86,6.18,-2.4,-4.72
-4.4,5.86,6.35,0.043,1.0,0.2,-1.0,2.1,0.68403,280.0,5.8593,6.35,63.5,1.9730248406342679,,,,Sand,,,Sand 3,3,3.86,6.18,-2.4,-4.72
-4.42,5.88,6.25,0.043,0.8,0.2,-0.8,2.8,0.69439,280.0,5.8793,6.25,62.5,1.9823419528719428,,,,Sand,,,Sand 3,3,3.86,6.18,-2.4,-4.72
-4.44,5.9,6.16,0.045,0.8,0.2,-0.8,2.6,0.73755,281.0,5.8993,6.16,61.6,2.0017740280461833,,,,Sand,,,Sand 3,3,3.86,6.18,-2.4,-4.72
-4.46,5.92,6.03,0.044,0.8,0.2,-0.8,2.3,0.73181,282.0,5.9193,6.03,60.3,2.0077219291606667,,,,Sand,,,Sand 3,3,3.86,6.18,-2.4,-4.72
-4.48,5.94,5.94,0.043,0.8,0.2,-0.8,2.3,0.72513,283.0,5.9393,5.94,59.4,2.011079034508601,,,,Sand,,,Sand 3,3,3.86,6.18,-2.4,-4.72
-4.5,5.96,5.84,0.042,0.8,0.2,-0.8,2.4,0.71764,284.0,5.9593,5.84,58.4,2.014890637269721,,,,Sand,,,Sand 3,3,3.86,6.18,-2.4,-4.72
-4.5200000000000005,5.98,5.8,0.042,0.8,0.2,-0.8,2.4,0.72617,284.0,5.9793,5.8,58.0,2.0201563864995187,,,,Sand,,,Sand 3,3,3.86,6.18,-2.4,-4.72
-4.54,6.0,5.73,0.042,0.8,0.2,-0.8,2.4,0.7333,285.0,5.9993,5.73,57.3,2.0268820720699368,,,,Sand,,,Sand 3,3,3.86,6.18,-2.4,-4.72
-4.56,6.02,5.69,0.04,0.8,0.2,-0.8,2.3,0.70392,286.0,6.0193,5.69,56.9,2.020011372475293,,,,Sand,,,Sand 3,3,3.86,6.18,-2.4,-4.72
-4.58,6.04,5.63,0.04,0.8,0.6,-0.6,2.4,0.70781,287.0,6.0393,5.63,56.3,2.0251847107062484,,,,Sand,,,Sand 3,3,3.86,6.18,-2.4,-4.72
-4.6,6.06,5.61,0.038,0.8,0.2,-0.8,2.4,0.67586,288.0,6.0593,5.61,56.1,2.015978178409004,,,,Sand,,,Sand 3,3,3.86,6.18,-2.4,-4.72
-4.62,6.08,5.58,0.037,0.9,0.4,-0.8,2.4,0.66071,289.0,6.0793,5.58,55.8,2.012861722722936,,,,Sand,,,Sand 3,3,3.86,6.18,-2.4,-4.72
-4.64,6.1,5.58,0.037,0.7,0.4,-0.6,2.4,0.66338,289.0,6.0993,5.58,55.8,2.0137672477586084,,,,Sand,,,Sand 3,3,3.86,6.18,-2.4,-4.72
-4.66,6.12,5.59,0.038,0.8,0.2,-0.8,2.3,0.68422,290.0,6.1193,5.59,55.9,2.020086181647295,,,,Sand,,,Sand 3,3,3.86,6.18,-2.4,-4.72
-4.68,6.14,5.57,0.038,0.7,0.4,-0.6,2.4,0.68856,291.0,6.1393,5.57,55.7,2.022848521008956,,,,Sand,,,Sand 3,3,3.86,6.18,-2.4,-4.72
-4.7,6.16,5.55,0.039,0.8,0.2,-0.8,2.4,0.712,292.0,6.1593,5.55,55.5,2.0318164397530953,,,,Sand,,,Sand 3,3,3.86,6.18,-2.4,-4.72
-4.72,6.18,5.51,0.04,0.7,0.4,-0.6,2.3,0.73801,293.0,6.1793,5.51,55.1,2.042742334823838,,,,Sand,,,Sand mixtures 2,2,6.18,7.22,-4.72,-5.76
-4.74,6.2,5.44,0.04,0.8,0.2,-0.8,2.4,0.74906,294.0,6.1993,5.44,54.4,2.050881219887655,,,,Sand mixtures,,,Sand mixtures 2,2,6.18,7.22,-4.72,-5.76
-4.76,6.22,5.33,0.04,0.8,0.2,-0.8,2.4,0.76281,294.0,6.2193,5.33,53.3,2.0626007596493467,,,,Sand mixtures,,,Sand mixtures 2,2,6.18,7.22,-4.72,-5.76
-4.78,6.24,5.25,0.04,0.8,0.2,-0.8,2.4,0.77992,295.0,6.2393,5.25,52.5,2.0733060057745125,,,,Sand mixtures,,,Sand mixtures 2,2,6.18,7.22,-4.72,-5.76
-4.8,6.26,5.12,0.04,0.8,0.2,-0.8,2.4,0.7998,296.0,6.2593,5.12,51.2,2.088362395422119,,,,Sand mixtures,,,Sand mixtures 2,2,6.18,7.22,-4.72,-5.76
-4.82,6.28,4.95,0.039,0.8,0.2,-0.8,2.1,0.80144,297.0,6.2793,4.95,49.5,2.1012169703625467,,,,Sand mixtures,,,Sand mixtures 2,2,6.18,7.22,-4.72,-5.76
-4.84,6.3,4.8,0.038,0.8,0.2,-0.8,2.1,0.80317,298.0,6.2993,4.8,48.0,2.1130191135420975,,,,Sand mixtures,,,Sand mixtures 2,2,6.18,7.22,-4.72,-5.76
-4.86,6.32,4.63,0.037,0.8,0.2,-0.8,2.4,0.80522,299.0,6.3193,4.63,46.3,2.126878356035119,,,,Sand mixtures,,,Sand mixtures 2,2,6.18,7.22,-4.72,-5.76
-4.88,6.34,4.49,0.036,0.6,0.2,-0.6,2.4,0.80447,300.0,6.3393,4.49,44.9,2.1379898957703003,,,,Sand mixtures,,,Sand mixtures 2,2,6.18,7.22,-4.72,-5.76
-4.9,6.36,4.36,0.041,0.7,0.4,-0.6,2.3,0.93741,300.0,6.3593,4.36,43.6,2.1843708114059757,,,,Sand mixtures,,,Sand mixtures 2,2,6.18,7.22,-4.72,-5.76
-4.92,6.38,4.25,0.037,0.8,0.2,-0.8,2.6,0.86398,301.0,6.3793,4.25,42.5,2.1746337889881615,,,,Sand mixtures,,,Sand mixtures 2,2,6.18,7.22,-4.72,-5.76
-4.94,6.4,4.16,0.035,0.8,0.2,-0.8,2.7,0.82914,302.0,6.3993,4.16,41.6,2.173092018007107,,,,Sand mixtures,,,Sand mixtures 2,2,6.18,7.22,-4.72,-5.76
-4.96,6.42,4.16,0.034,0.8,0.2,-0.8,2.4,0.81194,303.0,6.4192,4.16,41.6,2.1683357267112493,,,,Sand mixtures,,,Sand mixtures 2,2,6.18,7.22,-4.72,-5.76
-4.98,6.44,4.14,0.035,0.8,0.2,-0.8,2.4,0.83657,304.0,6.4392,4.14,41.4,2.176905879973575,,,,Sand mixtures,,,Sand mixtures 2,2,6.18,7.22,-4.72,-5.76
-5.0,6.46,4.07,0.035,0.8,0.2,-0.8,2.3,0.83234,304.0,6.4592,4.07,40.7,2.1820620521569554,,,,Sand mixtures,,,Sand mixtures 2,2,6.18,7.22,-4.72,-5.76
-5.0200000000000005,6.48,4.14,0.037,0.7,0.4,-0.6,2.3,0.87161,305.0,6.4792,4.14,41.4,2.1863109004746053,,,,Sand mixtures,,,Sand mixtures 2,2,6.18,7.22,-4.72,-5.76
-5.04,6.5,4.22,0.039,0.8,0.2,-0.8,2.4,0.90856,306.0,6.4992,4.22,42.2,2.188924254130229,,,,Sand mixtures,,,Sand mixtures 2,2,6.18,7.22,-4.72,-5.76
-5.06,6.52,4.33,0.038,0.8,0.2,-0.8,2.3,0.87356,307.0,6.5192,4.33,43.3,2.1703380983913347,,,,Sand mixtures,,,Sand mixtures 2,2,6.18,7.22,-4.72,-5.76
-5.08,6.54,4.42,0.038,0.8,0.2,-0.8,2.4,0.859,308.0,6.5392,4.42,44.2,2.1588849245285076,,,,Sand mixtures,,,Sand mixtures 2,2,6.18,7.22,-4.72,-5.76
-5.1,6.56,4.48,0.039,0.8,0.2,-0.8,2.4,0.86763,309.0,6.5592,4.48,44.8,2.156267287623633,,,,Sand mixtures,,,Sand mixtures 2,2,6.18,7.22,-4.72,-5.76
-5.12,6.58,4.54,0.039,0.8,0.2,-0.8,2.4,0.85456,309.0,6.5792,4.54,45.4,2.1478541399766553,,,,Sand mixtures,,,Sand mixtures 2,2,6.18,7.22,-4.72,-5.76
-5.14,6.6,4.6,0.04,0.6,0.2,-0.6,2.4,0.86393,310.0,6.5992,4.6,46.0,2.1455924364819325,,,,Sand mixtures,,,Sand mixtures 2,2,6.18,7.22,-4.72,-5.76
-5.16,6.62,4.66,0.04,0.8,0.2,-0.8,2.4,0.85174,311.0,6.6192,4.66,46.6,2.1375265142651036,,,,Sand mixtures,,,Sand mixtures 2,2,6.18,7.22,-4.72,-5.76
-5.18,6.64,4.71,0.041,0.8,0.2,-0.8,2.4,0.85954,312.0,6.6392,4.71,47.1,2.1357584300349344,,,,Sand mixtures,,,Sand mixtures 2,2,6.18,7.22,-4.72,-5.76
-5.2,6.66,4.77,0.041,0.8,0.2,-0.8,2.3,0.84601,313.0,6.6592,4.77,47.7,2.127410850831585,,,,Sand mixtures,,,Sand mixtures 2,2,6.18,7.22,-4.72,-5.76
-5.22,6.68,4.86,0.042,0.6,0.2,-0.6,2.4,0.85409,314.0,6.6792,4.86,48.6,2.1228157767864815,,,,Sand mixtures,,,Sand mixtures 2,2,6.18,7.22,-4.72,-5.76
-5.24,6.7,4.95,0.043,0.8,0.2,-0.8,2.4,0.86367,314.0,6.6992,4.95,49.5,2.118765445687898,,,,Sand mixtures,,,Sand mixtures 2,2,6.18,7.22,-4.72,-5.76
-5.26,6.72,5.07,0.045,0.8,0.2,-0.8,2.3,0.89508,315.0,6.7192,5.07,50.7,2.118597910553338,,,,Sand mixtures,,,Sand mixtures 2,2,6.18,7.22,-4.72,-5.76
-5.28,6.74,5.15,0.046,0.8,0.2,-0.8,2.4,0.91044,316.0,6.7392,5.15,51.5,2.117044052310204,,,,Sand mixtures,,,Sand mixtures 2,2,6.18,7.22,-4.72,-5.76
-5.3,6.76,5.17,0.047,0.8,0.2,-0.8,2.4,0.93,317.0,6.7592,5.17,51.7,2.120805788186148,,,,Sand mixtures,,,Sand mixtures 2,2,6.18,7.22,-4.72,-5.76
-5.32,6.78,5.15,0.047,0.4,0.4,0.0,2.1,0.93439,318.0,6.7792,5.15,51.5,2.1233462204148905,,,,Sand mixtures,,,Sand mixtures 2,2,6.18,7.22,-4.72,-5.76
-5.34,6.8,5.1,0.047,0.8,0.2,-0.8,2.1,0.94283,319.0,6.7992,5.1,51.0,2.129044389938245,,,,Sand mixtures,,,Sand mixtures 2,2,6.18,7.22,-4.72,-5.76
-5.36,6.82,4.97,0.047,0.6,0.2,-0.6,2.3,0.95407,320.0,6.8192,4.97,49.7,2.141215638837209,,,,Sand mixtures,,,Sand mixtures 2,2,6.18,7.22,-4.72,-5.76
-5.38,6.84,4.87,0.046,0.7,0.4,-0.6,2.4,0.94529,320.0,6.8392,4.87,48.7,2.1462942075715072,,,,Sand mixtures,,,Sand mixtures 2,2,6.18,7.22,-4.72,-5.76
-5.4,6.86,4.76,0.046,0.8,0.2,-0.8,2.3,0.95609,321.0,6.8592,4.76,47.6,2.1572830474164415,,,,Sand mixtures,,,Sand mixtures 2,2,6.18,7.22,-4.72,-5.76
-5.42,6.88,4.71,0.045,0.8,0.0,-0.8,2.5,0.94488,322.0,6.8792,4.71,47.1,2.158253741135496,,,,Sand mixtures,,,Sand mixtures 2,2,6.18,7.22,-4.72,-5.76
-5.44,6.9,4.68,0.045,0.6,0.2,-0.6,2.7,0.95062,323.0,6.8992,4.68,46.8,2.162021192023072,,,,Sand mixtures,,,Sand mixtures 2,2,6.18,7.22,-4.72,-5.76
-5.46,6.92,4.69,0.045,0.8,0.2,-0.8,2.4,0.95289,324.0,6.9192,4.69,46.9,2.1618239300263205,,,,Sand mixtures,,,Sand mixtures 2,2,6.18,7.22,-4.72,-5.76
-5.48,6.94,4.71,0.044,0.8,0.2,-0.8,2.4,0.92974,324.0,6.9392,4.71,47.1,2.1543762328638425,,,,Sand mixtures,,,Sand mixtures 2,2,6.18,7.22,-4.72,-5.76
-5.5,6.96,4.71,0.044,0.8,0.2,-0.8,2.4,0.92486,325.0,6.9592,4.71,47.1,2.1531163763674517,,,,Sand mixtures,,,Sand mixtures 2,2,6.18,7.22,-4.72,-5.76
-5.5200000000000005,6.98,4.74,0.045,0.8,0.2,-0.8,2.4,0.93872,326.0,6.9792,4.74,47.4,2.1543847473321094,,,,Sand mixtures,,,Sand mixtures 2,2,6.18,7.22,-4.72,-5.76
-5.54,7.0,4.78,0.045,0.8,0.2,-0.8,2.3,0.92975,327.0,6.9992,4.78,47.8,2.1490376106316806,,,,Sand mixtures,,,Sand mixtures 2,2,6.18,7.22,-4.72,-5.76
-5.56,7.02,4.84,0.046,0.8,0.0,-0.8,2.3,0.94045,328.0,7.0192,4.84,48.4,2.147283679785579,,,,Sand mixtures,,,Sand mixtures 2,2,6.18,7.22,-4.72,-5.76
-5.58,7.04,4.91,0.047,0.8,0.2,-0.8,2.4,0.94854,329.0,7.0392,4.91,49.1,2.144176598716209,,,,Sand mixtures,,,Sand mixtures 2,2,6.18,7.22,-4.72,-5.76
-5.6,7.06,4.97,0.048,0.8,0.2,-0.8,2.4,0.9557,329.0,7.0592,4.97,49.7,2.1416310535724037,,,,Sand mixtures,,,Sand mixtures 2,2,6.18,7.22,-4.72,-5.76
-5.62,7.08,5.06,0.049,0.8,0.2,-0.8,2.4,0.95914,330.0,7.0792,5.06,50.6,2.1360582264506456,,,,Sand mixtures,,,Sand mixtures 2,2,6.18,7.22,-4.72,-5.76
-5.64,7.1,5.12,0.049,0.8,0.2,-0.8,2.3,0.94095,331.0,7.0992,5.12,51.2,2.1271509987464525,,,,Sand mixtures,,,Sand mixtures 2,2,6.18,7.22,-4.72,-5.76
-5.66,7.12,5.22,0.05,0.8,0.2,-0.8,2.4,0.93897,332.0,7.1192,5.22,52.2,2.1196878977069624,,,,Sand mixtures,,,Sand mixtures 2,2,6.18,7.22,-4.72,-5.76
-5.68,7.14,5.28,0.049,0.8,0.2,-0.8,2.4,0.89682,333.0,7.1392,5.28,52.8,2.10440630438194,,,,Sand mixtures,,,Sand mixtures 2,2,6.18,7.22,-4.72,-5.76
-5.7,7.16,5.47,0.053,0.6,0.2,-0.6,2.4,0.94432,334.0,7.1592,5.47,54.7,2.104323590809368,,,,Sand mixtures,,,Sand mixtures 2,2,6.18,7.22,-4.72,-5.76
-5.72,7.18,5.63,0.053,0.8,0.2,-0.8,2.3,0.91775,334.0,7.1792,5.63,56.3,2.0869806828023805,,,,Sand mixtures,,,Sand mixtures 2,2,6.18,7.22,-4.72,-5.76
-5.74,7.2,5.85,0.054,0.6,0.2,-0.6,2.4,0.90737,335.0,7.1992,5.85,58.5,2.070471993440683,,,,Sand mixtures,,,Sand mixtures 2,2,6.18,7.22,-4.72,-5.76
-5.76,7.22,6.08,0.055,0.8,0.2,-0.8,2.4,0.89577,336.0,7.2192,6.08,60.8,2.053525214423069,,,,Sand mixtures,,,Sand 4,4,7.22,35.2,-5.76,-33.74
-5.78,7.24,6.25,0.057,0.6,0.2,-0.6,2.4,0.90154,337.0,7.2392,6.25,62.5,2.045303759275821,,,,Sand,,,Sand 4,4,7.22,35.2,-5.76,-33.74
-5.8,7.26,6.42,0.058,0.8,0.0,-0.8,2.3,0.89282,338.0,7.2592,6.42,64.2,2.0333415641665677,,,,Sand,,,Sand 4,4,7.22,35.2,-5.76,-33.74
-5.82,7.28,6.63,0.058,0.6,0.2,-0.6,2.3,0.87202,339.0,7.2792,6.63,66.3,2.016018174075761,,,,Sand,,,Sand 4,4,7.22,35.2,-5.76,-33.74
-5.84,7.3,6.79,0.058,0.8,0.2,-0.8,2.0,0.85467,340.0,7.2992,6.79,67.9,2.0025259870313987,,,,Sand,,,Sand 4,4,7.22,35.2,-5.76,-33.74
-5.86,7.32,6.93,0.056,0.8,0.2,-0.8,2.3,0.80983,340.0,7.3192,6.93,69.3,1.9818634913987108,,,,Sand,,,Sand 4,4,7.22,35.2,-5.76,-33.74
-5.88,7.34,7.02,0.054,0.8,0.2,-0.8,2.4,0.76882,341.0,7.3392,7.02,70.2,1.9644666909240116,,,,Sand,,,Sand 4,4,7.22,35.2,-5.76,-33.74
-5.9,7.36,7.09,0.053,0.6,0.2,-0.6,2.3,0.74556,342.0,7.3592,7.09,70.9,1.9534136392961592,,,,Sand,,,Sand 4,4,7.22,35.2,-5.76,-33.74
-5.92,7.38,7.16,0.052,0.8,0.2,-0.8,2.3,0.72474,343.0,7.3792,7.16,71.6,1.9430130208221807,,,,Sand,,,Sand 4,4,7.22,35.2,-5.76,-33.74
-5.94,7.4,7.28,0.051,0.6,0.2,-0.6,2.8,0.706,344.0,7.3992,7.28,72.8,1.930695468058138,,,,Sand,,,Sand 4,4,7.22,35.2,-5.76,-33.74
-5.96,7.42,7.29,0.051,0.6,0.2,-0.6,2.6,0.70333,344.0,7.4192,7.29,72.9,1.9292883229919227,,,,Sand,,,Sand 4,4,7.22,35.2,-5.76,-33.74
-5.98,7.44,7.31,0.051,0.8,0.2,-0.8,2.3,0.70272,345.0,7.4392,7.31,73.1,1.9280886643798616,,,,Sand,,,Sand 4,4,7.22,35.2,-5.76,-33.74
-6.0,7.46,7.32,0.053,0.8,0.2,-0.8,2.4,0.73129,346.0,7.4592,7.32,73.2,1.937226110951262,,,,Sand,,,Sand 4,4,7.22,35.2,-5.76,-33.74
-6.0200000000000005,7.48,7.32,0.053,0.8,0.2,-0.8,2.4,0.73382,347.0,7.4792,7.32,73.2,1.9380658727579956,,,,Sand,,,Sand 4,4,7.22,35.2,-5.76,-33.74
-6.04,7.5,7.24,0.054,0.8,0.2,-0.8,2.4,0.75013,348.0,7.4992,7.24,72.4,1.9473741075000477,,,,Sand,,,Sand 4,4,7.22,35.2,-5.76,-33.74
-6.06,7.52,7.14,0.055,0.8,0.2,-0.8,2.4,0.76655,349.0,7.5192,7.14,71.4,1.9576621670244185,,,,Sand,,,Sand 4,4,7.22,35.2,-5.76,-33.74
-6.08,7.54,7.08,0.056,0.8,0.2,-0.8,2.3,0.78294,349.0,7.5392,7.08,70.8,1.9658797971195034,,,,Sand,,,Sand 4,4,7.22,35.2,-5.76,-33.74
-6.1,7.56,7.08,0.058,1.0,0.0,-1.0,2.4,0.81346,350.0,7.5591,7.08,70.8,1.9753359655003562,,,,Sand,,,Sand 4,4,7.22,35.2,-5.76,-33.74
-6.12,7.58,7.1,0.059,0.8,0.2,-0.8,2.4,0.82982,351.0,7.5791,7.1,71.0,1.979295039421019,,,,Sand,,,Sand 4,4,7.22,35.2,-5.76,-33.74
-6.14,7.6,7.12,0.06,0.8,0.2,-0.8,2.4,0.84552,352.0,7.5991,7.12,71.2,1.9829937413609469,,,,Sand,,,Sand 4,4,7.22,35.2,-5.76,-33.74
-6.16,7.62,7.14,0.061,0.8,0.2,-0.8,2.3,0.86128,353.0,7.6191,7.14,71.4,1.9866529562974722,,,,Sand,,,Sand 4,4,7.22,35.2,-5.76,-33.74
-6.18,7.64,7.14,0.061,0.8,0.2,-0.8,2.4,0.86295,354.0,7.6391,7.14,71.4,1.9871422330838913,,,,Sand,,,Sand 4,4,7.22,35.2,-5.76,-33.74
-6.2,7.66,7.08,0.062,0.6,0.2,-0.6,2.4,0.87881,354.0,7.6591,7.08,70.8,1.994729002703549,,,,Sand,,,Sand 4,4,7.22,35.2,-5.76,-33.74
-6.22,7.68,7.03,0.061,0.6,0.2,-0.6,2.4,0.86663,355.0,7.6791,7.03,70.3,1.9937033223432759,,,,Sand,,,Sand 4,4,7.22,35.2,-5.76,-33.74
-6.24,7.7,6.97,0.062,0.8,0.2,-0.8,2.4,0.88351,356.0,7.6991,6.97,69.7,2.001604552773097,,,,Sand,,,Sand 4,4,7.22,35.2,-5.76,-33.74
-6.26,7.72,6.97,0.061,0.8,0.2,-0.8,2.4,0.8733,357.0,7.7191,6.97,69.7,1.9986676000430685,,,,Sand,,,Sand 4,4,7.22,35.2,-5.76,-33.74
-6.28,7.74,6.99,0.061,0.8,0.0,-0.8,2.4,0.87691,358.0,7.7391,6.99,69.9,1.9986967846329642,,,,Sand,,,Sand 4,4,7.22,35.2,-5.76,-33.74
-6.3,7.76,6.99,0.061,0.8,0.2,-0.8,2.4,0.88007,358.0,7.7591,6.99,69.9,1.9996061613962823,,,,Sand,,,Sand 4,4,7.22,35.2,-5.76,-33.74
-6.32,7.78,6.97,0.06,0.6,0.2,-0.6,2.3,0.86831,359.0,7.7791,6.97,69.7,1.99722279492522,,,,Sand,,,Sand 4,4,7.22,35.2,-5.76,-33.74
-6.34,7.8,6.88,0.059,0.6,0.2,-0.6,2.0,0.85771,360.0,7.7991,6.88,68.8,1.9987400418401493,,,,Sand,,,Sand 4,4,7.22,35.2,-5.76,-33.74
-6.36,7.82,6.85,0.059,0.6,0.2,-0.6,2.2,0.86273,361.0,7.8191,6.85,68.5,2.00175275519927,,,,Sand,,,Sand 4,4,7.22,35.2,-5.76,-33.74
-6.38,7.84,6.83,0.059,0.6,0.2,-0.6,2.4,0.86941,362.0,7.8391,6.83,68.3,2.004724764160332,,,,Sand,,,Sand 4,4,7.22,35.2,-5.76,-33.74
-6.4,7.86,6.8,0.058,0.7,0.4,-0.6,2.4,0.86165,363.0,7.8591,6.8,68.0,2.0040375574779823,,,,Sand,,,Sand 4,4,7.22,35.2,-5.76,-33.74
-6.42,7.88,6.72,0.057,1.0,0.0,-1.0,2.2,0.85281,364.0,7.8791,6.72,67.2,2.0056661450030053,,,,Sand,,,Sand 4,4,7.22,35.2,-5.76,-33.74
-6.44,7.9,6.67,0.057,0.8,0.2,-0.8,2.8,0.85892,364.0,7.8991,6.67,66.7,2.010101649178364,,,,Sand,,,Sand 4,4,7.22,35.2,-5.76,-33.74
-6.46,7.92,6.57,0.056,0.6,0.2,-0.6,2.6,0.85042,365.0,7.9191,6.57,65.7,2.013007032370994,,,,Sand,,,Sand 4,4,7.22,35.2,-5.76,-33.74
-6.48,7.94,6.53,0.056,0.6,0.2,-0.6,2.4,0.85725,366.0,7.9391,6.53,65.3,2.0171686269979245,,,,Sand,,,Sand 4,4,7.22,35.2,-5.76,-33.74
-6.5,7.96,6.5,0.055,0.8,0.2,-0.8,2.4,0.84778,367.0,7.9591,6.5,65.0,2.016058127877277,,,,Sand,,,Sand 4,4,7.22,35.2,-5.76,-33.74
-6.5200000000000005,7.98,6.47,0.054,0.8,0.0,-0.8,2.3,0.83753,368.0,7.9791,6.47,64.7,2.0147080326591786,,,,Sand,,,Sand 4,4,7.22,35.2,-5.76,-33.74
-6.54,8.0,6.42,0.054,0.7,0.4,-0.6,2.3,0.84178,369.0,7.9991,6.42,64.2,2.01872970536856,,,,Sand,,,Sand 4,4,7.22,35.2,-5.76,-33.74
-6.56,8.02,6.38,0.054,0.8,0.2,-0.8,2.4,0.84623,369.0,8.0191,6.38,63.8,2.0222640382827266,,,,Sand,,,Sand 4,4,7.22,35.2,-5.76,-33.74
-6.579999999999999,8.04,6.36,0.054,0.6,0.2,-0.6,2.3,0.85123,370.0,8.0391,6.36,63.6,2.0248390321563137,,,,Sand,,,Sand 4,4,7.22,35.2,-5.76,-33.74
-6.6000000000000005,8.06,6.35,0.054,0.8,0.2,-0.8,2.4,0.85595,371.0,8.0591,6.35,63.5,2.026766083478129,,,,Sand,,,Sand 4,4,7.22,35.2,-5.76,-33.74
-6.62,8.08,6.31,0.054,0.8,0.2,-0.8,2.3,0.86004,372.0,8.0791,6.31,63.1,2.0302007918869833,,,,Sand,,,Sand 4,4,7.22,35.2,-5.76,-33.74
-6.64,8.1,6.26,0.054,0.8,0.0,-0.8,2.4,0.86331,373.0,8.0991,6.26,62.6,2.0339801045791592,,,,Sand,,,Sand 4,4,7.22,35.2,-5.76,-33.74
-6.659999999999999,8.12,6.2,0.053,0.8,0.2,-0.8,2.4,0.85021,374.0,8.1191,6.2,62.0,2.0336617585179844,,,,Sand,,,Sand 4,4,7.22,35.2,-5.76,-33.74
-6.680000000000001,8.14,6.19,0.053,0.8,0.2,-0.8,2.4,0.85312,374.0,8.1391,6.19,61.9,2.035079011181288,,,,Sand,,,Sand 4,4,7.22,35.2,-5.76,-33.74
-6.7,8.16,6.18,0.053,0.8,0.2,-0.8,2.3,0.85553,375.0,8.1591,6.18,61.8,2.0363510886490186,,,,Sand,,,Sand 4,4,7.22,35.2,-5.76,-33.74
-6.72,8.18,6.19,0.052,0.8,0.2,-0.8,2.3,0.84142,376.0,8.1791,6.19,61.9,2.0316930526162778,,,,Sand,,,Sand 4,4,7.22,35.2,-5.76,-33.74
-6.739999999999999,8.2,6.19,0.052,1.0,0.0,-1.0,2.4,0.84279,377.0,8.1991,6.19,61.9,2.0320913270172287,,,,Sand,,,Sand 4,4,7.22,35.2,-5.76,-33.74
-6.760000000000001,8.22,6.18,0.051,0.8,0.2,-0.8,2.4,0.82775,378.0,8.2191,6.18,61.8,2.0282737157683175,,,,Sand,,,Sand 4,4,7.22,35.2,-5.76,-33.74
-6.78,8.24,6.17,0.051,0.6,0.2,-0.6,2.4,0.82876,379.0,8.2391,6.17,61.7,2.0291530305164067,,,,Sand,,,Sand 4,4,7.22,35.2,-5.76,-33.74
-6.8,8.26,6.14,0.051,0.8,0.2,-0.8,2.3,0.83028,379.0,8.2591,6.14,61.4,2.0313518316322936,,,,Sand,,,Sand 4,4,7.22,35.2,-5.76,-33.74
-6.819999999999999,8.28,6.12,0.051,0.8,0.2,-0.8,2.1,0.83231,380.0,8.2791,6.12,61.2,2.0331197487799892,,,,Sand,,,Sand 4,4,7.22,35.2,-5.76,-33.74
-6.840000000000001,8.3,6.12,0.051,0.7,0.4,-0.6,2.1,0.83419,381.0,8.2991,6.12,61.2,2.0336694736266074,,,,Sand,,,Sand 4,4,7.22,35.2,-5.76,-33.74
-6.86,8.32,6.12,0.052,0.7,0.4,-0.6,2.3,0.85228,382.0,8.3191,6.12,61.2,2.038912797912459,,,,Sand,,,Sand 4,4,7.22,35.2,-5.76,-33.74
-6.88,8.34,6.1,0.052,0.8,0.0,-0.8,2.4,0.85403,383.0,8.3391,6.1,61.0,2.040589112546236,,,,Sand,,,Sand 4,4,7.22,35.2,-5.76,-33.74
-6.8999999999999995,8.36,6.07,0.052,0.8,0.2,-0.8,2.3,0.85561,384.0,8.3591,6.07,60.7,2.0428098370874266,,,,Sand,,,Sand 4,4,7.22,35.2,-5.76,-33.74
-6.920000000000001,8.38,6.07,0.051,0.7,0.4,-0.6,2.5,0.84141,385.0,8.3791,6.07,60.7,2.0387189493623765,,,,Sand,,,Sand 4,4,7.22,35.2,-5.76,-33.74
-6.94,8.4,6.07,0.051,0.8,0.2,-0.8,2.8,0.84332,385.0,8.3991,6.07,60.7,2.03927216745857,,,,Sand,,,Sand 4,4,7.22,35.2,-5.76,-33.74
-6.96,8.42,6.04,0.051,0.8,0.2,-0.8,2.4,0.84472,386.0,8.4191,6.04,60.4,2.041456934481197,,,,Sand,,,Sand 4,4,7.22,35.2,-5.76,-33.74
-6.9799999999999995,8.44,6.03,0.051,0.6,0.2,-0.6,2.3,0.84542,387.0,8.4391,6.03,60.3,2.042254378484896,,,,Sand,,,Sand 4,4,7.22,35.2,-5.76,-33.74
-7.000000000000001,8.46,5.99,0.05,0.8,0.2,-0.8,2.4,0.82936,388.0,8.4591,5.99,59.9,2.039985239261213,,,,Sand,,,Sand 4,4,7.22,35.2,-5.76,-33.74
-7.0200000000000005,8.48,6.01,0.05,0.8,0.2,-0.8,2.4,0.82953,389.0,8.4791,6.01,60.1,2.03883400414066,,,,Sand,,,Sand 4,4,7.22,35.2,-5.76,-33.74
-7.04,8.5,6.02,0.05,0.8,0.2,-0.8,2.4,0.82884,389.0,8.4991,6.02,60.2,2.038033258267064,,,,Sand,,,Sand 4,4,7.22,35.2,-5.76,-33.74
-7.06,8.52,6.03,0.05,0.8,0.2,-0.8,2.3,0.82747,390.0,8.5191,6.03,60.3,2.0370340656827857,,,,Sand,,,Sand 4,4,7.22,35.2,-5.76,-33.74
-7.079999999999999,8.54,6.04,0.051,0.6,0.2,-0.6,2.3,0.84089,391.0,8.5391,6.04,60.4,2.0403489973068436,,,,Sand,,,Sand 4,4,7.22,35.2,-5.76,-33.74
-7.1000000000000005,8.56,6.06,0.051,0.8,0.0,-0.8,2.4,0.83692,392.0,8.5591,6.06,60.6,2.038007665713311,,,,Sand,,,Sand 4,4,7.22,35.2,-5.76,-33.74
-7.12,8.58,6.08,0.051,0.8,0.2,-0.8,2.4,0.83197,393.0,8.5791,6.08,60.8,2.0353787438368736,,,,Sand,,,Sand 4,4,7.22,35.2,-5.76,-33.74
-7.14,8.6,6.11,0.051,0.8,0.2,-0.8,2.4,0.82558,394.0,8.5991,6.11,61.1,2.031732905994941,,,,Sand,,,Sand 4,4,7.22,35.2,-5.76,-33.74
-7.159999999999999,8.62,6.17,0.051,0.8,0.2,-0.8,2.3,0.81796,394.0,8.6191,6.17,61.7,2.025962453772564,,,,Sand,,,Sand 4,4,7.22,35.2,-5.76,-33.74
-7.180000000000001,8.64,6.24,0.051,0.8,0.0,-0.8,2.4,0.8092,395.0,8.6391,6.24,62.4,2.0192861891584277,,,,Sand,,,Sand 4,4,7.22,35.2,-5.76,-33.74
-7.2,8.66,6.31,0.052,0.8,0.2,-0.8,2.4,0.81505,396.0,8.6591,6.31,63.1,2.0170224967528867,,,,Sand,,,Sand 4,4,7.22,35.2,-5.76,-33.74
-7.22,8.68,6.41,0.052,0.8,0.2,-0.8,2.4,0.80355,397.0,8.6791,6.41,64.1,2.0079081780193033,,,,Sand,,,Sand 4,4,7.22,35.2,-5.76,-33.74
-7.239999999999999,8.7,6.5,0.053,0.6,0.2,-0.6,2.4,0.80654,398.0,8.699,6.5,65.0,2.00380190805245,,,,Sand,,,Sand 4,4,7.22,35.2,-5.76,-33.74
-7.260000000000001,8.72,6.6,0.053,0.8,0.2,-0.8,2.3,0.79371,399.0,8.719,6.6,66.0,1.9944041425011165,,,,Sand,,,Sand 4,4,7.22,35.2,-5.76,-33.74
-7.28,8.74,6.7,0.054,0.8,0.2,-0.8,2.4,0.79573,399.0,8.739,6.7,67.0,1.9896245575248162,,,,Sand,,,Sand 4,4,7.22,35.2,-5.76,-33.74
-7.3,8.76,6.84,0.054,0.8,0.2,-0.8,2.4,0.78346,400.0,8.759,6.84,68.4,1.97840214417401,,,,Sand,,,Sand 4,4,7.22,35.2,-5.76,-33.74
-7.319999999999999,8.78,6.97,0.056,0.8,0.2,-0.8,2.3,0.80029,401.0,8.779,6.97,69.7,1.9768804450136417,,,,Sand,,,Sand 4,4,7.22,35.2,-5.76,-33.74
-7.340000000000001,8.8,7.09,0.055,0.8,0.2,-0.8,2.0,0.77615,402.0,8.799,7.09,70.9,1.9632335540690566,,,,Sand,,,Sand 4,4,7.22,35.2,-5.76,-33.74
-7.36,8.82,7.18,0.056,0.6,0.2,-0.6,2.3,0.77981,403.0,8.819,7.18,71.8,1.959875863688709,,,,Sand,,,Sand 4,4,7.22,35.2,-5.76,-33.74
-7.38,8.84,7.26,0.056,0.8,0.2,-0.8,2.4,0.77108,404.0,8.839,7.26,72.6,1.9531395561407465,,,,Sand,,,Sand 4,4,7.22,35.2,-5.76,-33.74
-7.3999999999999995,8.86,7.34,0.057,0.8,0.2,-0.8,2.4,0.7771,405.0,8.859,7.34,73.4,1.9511407169916155,,,,Sand,,,Sand 4,4,7.22,35.2,-5.76,-33.74
-7.420000000000001,8.88,7.31,0.057,0.8,0.2,-0.8,2.2,0.7704,405.0,8.879,7.31,73.1,1.9504672013218214,,,,Sand,,,Sand 4,4,7.22,35.2,-5.76,-33.74
-7.44,8.9,7.46,0.057,0.6,0.2,-0.6,2.8,0.76472,406.0,8.899,7.46,74.6,1.941381185477754,,,,Sand,,,Sand 4,4,7.22,35.2,-5.76,-33.74
-7.46,8.92,7.49,0.057,0.8,0.2,-0.8,2.5,0.75962,407.0,8.919,7.49,74.9,1.9382958198764055,,,,Sand,,,Sand 4,4,7.22,35.2,-5.76,-33.74
-7.4799999999999995,8.94,7.55,0.057,0.8,0.2,-0.8,2.3,0.75534,408.0,8.939,7.55,75.5,1.9340501089255866,,,,Sand,,,Sand 4,4,7.22,35.2,-5.76,-33.74
-7.500000000000001,8.96,7.6,0.057,0.7,0.4,-0.6,2.4,0.75074,409.0,8.959,7.6,76.0,1.9301841378059241,,,,Sand,,,Sand 4,4,7.22,35.2,-5.76,-33.74
-7.5200000000000005,8.98,7.62,0.057,0.6,0.2,-0.6,2.4,0.7484,409.0,8.979,7.62,76.2,1.9284749775471257,,,,Sand,,,Sand 4,4,7.22,35.2,-5.76,-33.74
-7.54,9.0,7.66,0.058,0.8,0.2,-0.8,2.3,0.75941,410.0,8.999,7.66,76.6,1.9302120369623756,,,,Sand,,,Sand 4,4,7.22,35.2,-5.76,-33.74
-7.56,9.02,7.68,0.058,0.8,0.2,-0.8,2.4,0.75681,411.0,9.019,7.68,76.8,1.92843257223352,,,,Sand,,,Sand 4,4,7.22,35.2,-5.76,-33.74
-7.579999999999999,9.04,7.68,0.058,0.6,0.2,-0.6,2.4,0.75349,412.0,9.039,7.68,76.8,1.9273450880535385,,,,Sand,,,Sand 4,4,7.22,35.2,-5.76,-33.74
-7.6000000000000005,9.06,7.65,0.058,0.8,0.2,-0.8,2.4,0.74899,413.0,9.059,7.65,76.5,1.9272643303972863,,,,Sand,,,Sand 4,4,7.22,35.2,-5.76,-33.74
-7.62,9.08,7.66,0.058,0.8,0.2,-0.8,2.3,0.74419,414.0,9.079,7.66,76.6,1.9252127102161054,,,,Sand,,,Sand 4,4,7.22,35.2,-5.76,-33.74
-7.64,9.1,7.76,0.058,0.8,0.2,-0.8,2.4,0.73874,414.0,9.099,7.76,77.6,1.9187628764475575,,,,Sand,,,Sand 4,4,7.22,35.2,-5.76,-33.74
-7.659999999999999,9.12,7.87,0.057,0.6,0.2,-0.6,2.4,0.72049,415.0,9.119,7.87,78.7,1.9075737358746634,,,,Sand,,,Sand 4,4,7.22,35.2,-5.76,-33.74
-7.680000000000001,9.14,7.99,0.056,0.6,0.2,-0.6,2.4,0.70197,416.0,9.139,7.99,79.9,1.8957702534001424,,,,Sand,,,Sand 4,4,7.22,35.2,-5.76,-33.74
-7.7,9.16,8.06,0.056,0.8,0.2,-0.8,2.3,0.69608,417.0,9.159,8.06,80.60000000000001,1.8905799593164208,,,,Sand,,,Sand 4,4,7.22,35.2,-5.76,-33.74
-7.72,9.18,8.14,0.056,0.8,0.2,-0.8,2.3,0.69093,418.0,9.179,8.14,81.4,1.8852195503506735,,,,Sand,,,Sand 4,4,7.22,35.2,-5.76,-33.74
-7.739999999999999,9.2,8.16,0.057,0.6,0.2,-0.6,2.4,0.69906,419.0,9.199,8.16,81.6,1.8871991366065635,,,,Sand,,,Sand 4,4,7.22,35.2,-5.76,-33.74
-7.760000000000001,9.22,8.18,0.058,0.8,0.0,-0.8,2.4,0.70883,419.0,9.219,8.18,81.8,1.8897295149700881,,,,Sand,,,Sand 4,4,7.22,35.2,-5.76,-33.74
-7.78,9.24,8.2,0.058,0.6,0.2,-0.6,2.3,0.70646,420.0,9.239,8.2,82.0,1.888031666390089,,,,Sand,,,Sand 4,4,7.22,35.2,-5.76,-33.74
-7.8,9.26,8.24,0.058,0.8,0.0,-0.8,2.4,0.70431,421.0,9.259,8.24,82.4,1.8855402092496634,,,,Sand,,,Sand 4,4,7.22,35.2,-5.76,-33.74
-7.819999999999999,9.28,8.26,0.06,0.6,0.2,-0.6,2.3,0.72617,422.0,9.279,8.26,82.6,1.8922248244278939,,,,Sand,,,Sand 4,4,7.22,35.2,-5.76,-33.74
-7.840000000000001,9.3,8.22,0.059,0.8,0.2,-0.8,2.0,0.71245,423.0,9.299,8.22,82.2,1.8892394360888793,,,,Sand,,,Sand 4,4,7.22,35.2,-5.76,-33.74
-7.86,9.32,8.28,0.062,0.8,0.2,-0.8,2.2,0.74643,424.0,9.319,8.28,82.8,1.8982188961112598,,,,Sand,,,Sand 4,4,7.22,35.2,-5.76,-33.74
-7.88,9.34,8.34,0.063,0.6,0.2,-0.6,2.3,0.7563,425.0,9.339,8.34,83.4,1.8989511128363241,,,,Sand,,,Sand 4,4,7.22,35.2,-5.76,-33.74
-7.8999999999999995,9.36,8.38,0.064,0.8,0.2,-0.8,2.4,0.76566,425.0,9.359,8.38,83.8,1.9003550891306664,,,,Sand,,,Sand 4,4,7.22,35.2,-5.76,-33.74
-7.920000000000001,9.38,8.33,0.064,0.6,0.2,-0.6,2.1,0.76145,426.0,9.379,8.33,83.3,1.9010824984875119,,,,Sand,,,Sand 4,4,7.22,35.2,-5.76,-33.74
-7.94,9.4,8.4,0.064,0.6,0.2,-0.6,2.9,0.75628,427.0,9.399,8.4,84.0,1.8964060786562786,,,,Sand,,,Sand 4,4,7.22,35.2,-5.76,-33.74
-7.96,9.42,8.43,0.064,0.7,0.4,-0.6,2.7,0.74985,428.0,9.419,8.43,84.3,1.892996937864664,,,,Sand,,,Sand 4,4,7.22,35.2,-5.76,-33.74
-7.9799999999999995,9.44,8.49,0.064,0.6,0.2,-0.6,2.4,0.7401,429.0,9.439,8.49,84.9,1.8871987420226584,,,,Sand,,,Sand 4,4,7.22,35.2,-5.76,-33.74
-8.0,9.46,8.59,0.065,0.6,0.2,-0.6,2.4,0.73853,429.0,9.459,8.59,85.9,1.8825148637852436,,,,Sand,,,Sand 4,4,7.22,35.2,-5.76,-33.74
-8.02,9.48,8.74,0.066,0.8,0.2,-0.8,2.3,0.73558,430.0,9.479,8.74,87.4,1.875377793225625,,,,Sand,,,Sand 4,4,7.22,35.2,-5.76,-33.74
-8.04,9.5,8.92,0.066,0.6,0.2,-0.6,2.4,0.72082,431.0,9.499,8.92,89.2,1.8630624378414014,,,,Sand,,,Sand 4,4,7.22,35.2,-5.76,-33.74
-8.059999999999999,9.52,9.28,0.066,0.7,0.4,-0.6,2.3,0.70569,432.0,9.519,9.28,92.8,1.8437184943245233,,,,Sand,,,Sand 4,4,7.22,35.2,-5.76,-33.74
-8.079999999999998,9.54,9.56,0.066,0.6,0.4,-0.4,2.3,0.69119,433.0,9.539,9.56,95.6,1.8279722204506224,,,,Sand,,,Sand 4,4,7.22,35.2,-5.76,-33.74
-8.100000000000001,9.56,9.77,0.068,0.7,0.4,-0.6,2.4,0.69905,434.0,9.559,9.77,97.7,1.823153832138108,,,,Sand,,,Sand 4,4,7.22,35.2,-5.76,-33.74
-8.120000000000001,9.58,9.9,0.07,0.7,0.4,-0.6,2.4,0.70886,434.0,9.579,9.9,99.0,1.8220459105611089,,,,Sand,,,Sand 4,4,7.22,35.2,-5.76,-33.74
-8.14,9.6,10.06,0.072,0.6,0.2,-0.6,2.3,0.72217,435.0,9.599,10.06,100.6,1.821189648194983,,,,Sand,,,Sand 4,4,7.22,35.2,-5.76,-33.74
-8.16,9.62,10.16,0.074,0.7,0.4,-0.6,2.4,0.73825,436.0,9.619,10.16,101.6,1.8234217237663384,,,,Sand,,,Sand 4,4,7.22,35.2,-5.76,-33.74
-8.18,9.64,10.17,0.074,0.7,0.4,-0.6,2.4,0.73742,437.0,9.639,10.17,101.7,1.8227873504466865,,,,Sand,,,Sand 4,4,7.22,35.2,-5.76,-33.74
-8.2,9.66,10.1,0.074,0.6,0.2,-0.6,2.4,0.73797,438.0,9.659,10.1,101.0,1.825388195358123,,,,Sand,,,Sand 4,4,7.22,35.2,-5.76,-33.74
-8.219999999999999,9.68,10.04,0.074,0.6,0.2,-0.6,2.4,0.74046,439.0,9.679,10.04,100.4,1.8283379426083843,,,,Sand,,,Sand 4,4,7.22,35.2,-5.76,-33.74
-8.239999999999998,9.7,9.99,0.075,0.6,0.2,-0.6,2.4,0.75481,439.0,9.699,9.99,99.9,1.835054535616455,,,,Sand,,,Sand 4,4,7.22,35.2,-5.76,-33.74
-8.260000000000002,9.72,9.86,0.075,0.6,0.2,-0.6,2.4,0.76026,440.0,9.719,9.86,98.6,1.8414822830591089,,,,Sand,,,Sand 4,4,7.22,35.2,-5.76,-33.74
-8.280000000000001,9.74,9.84,0.074,0.7,0.4,-0.6,2.3,0.75539,441.0,9.739,9.84,98.4,1.840522624803365,,,,Sand,,,Sand 4,4,7.22,35.2,-5.76,-33.74
-8.3,9.76,9.79,0.073,0.6,0.2,-0.6,2.4,0.75045,442.0,9.759,9.79,97.9,1.8406014253625156,,,,Sand,,,Sand 4,4,7.22,35.2,-5.76,-33.74
-8.32,9.78,9.7,0.072,0.6,0.2,-0.6,2.3,0.74563,443.0,9.779,9.7,97.0,1.8421654131634029,,,,Sand,,,Sand 4,4,7.22,35.2,-5.76,-33.74
-8.34,9.8,9.6,0.071,0.6,0.2,-0.6,2.0,0.73891,444.0,9.799,9.6,96.0,1.843466417900868,,,,Sand,,,Sand 4,4,7.22,35.2,-5.76,-33.74
-8.36,9.82,9.55,0.072,0.6,0.2,-0.6,2.3,0.75274,445.0,9.819,9.55,95.5,1.8500595117752,,,,Sand,,,Sand 4,4,7.22,35.2,-5.76,-33.74
-8.379999999999999,9.84,9.49,0.071,0.6,0.2,-0.6,2.4,0.74384,445.0,9.839,9.49,94.9,1.8492111081311924,,,,Sand,,,Sand 4,4,7.22,35.2,-5.76,-33.74
-8.399999999999999,9.86,9.42,0.07,0.6,0.2,-0.6,2.4,0.73327,446.0,9.859,9.42,94.2,1.8481508248735514,,,,Sand,,,Sand 4,4,7.22,35.2,-5.76,-33.74
-8.420000000000002,9.88,9.48,0.068,0.7,0.4,-0.6,2.2,0.71037,447.0,9.879,9.48,94.8,1.837852174610424,,,,Sand,,,Sand 4,4,7.22,35.2,-5.76,-33.74
-8.440000000000001,9.9,9.49,0.067,0.6,0.2,-0.6,2.8,0.69619,448.0,9.899,9.49,94.9,1.8323876491383881,,,,Sand,,,Sand 4,4,7.22,35.2,-5.76,-33.74
-8.46,9.92,9.63,0.067,0.6,0.2,-0.6,2.6,0.69001,449.0,9.919,9.63,96.3,1.824960695543335,,,,Sand,,,Sand 4,4,7.22,35.2,-5.76,-33.74
-8.48,9.94,9.71,0.069,0.7,0.4,-0.6,2.4,0.70229,449.0,9.939,9.71,97.1,1.8264983503497711,,,,Sand,,,Sand 4,4,7.22,35.2,-5.76,-33.74
-8.5,9.96,9.81,0.063,0.6,0.2,-0.6,2.4,0.63484,450.0,9.959,9.81,98.1,1.7975830326882467,,,,Sand,,,Sand 4,4,7.22,35.2,-5.76,-33.74
-8.52,9.98,9.96,0.063,0.6,0.2,-0.6,2.3,0.62843,451.0,9.979,9.96,99.6,1.7896557512853752,,,,Sand,,,Sand 4,4,7.22,35.2,-5.76,-33.74
-8.54,10.0,10.18,0.061,0.6,0.2,-0.6,2.4,0.60329,452.0,9.999,10.18,101.8,1.7717883876938787,,,,Sand,,,Sand 4,4,7.22,35.2,-5.76,-33.74
-8.559999999999999,10.02,10.34,0.058,0.6,0.4,-0.4,2.4,0.57009,453.0,10.019,10.34,103.4,1.7523943697511988,,,,Sand,,,Sand 4,4,7.22,35.2,-5.76,-33.74
-8.579999999999998,10.04,10.27,0.054,0.6,0.2,-0.6,2.4,0.5287,454.0,10.039,10.27,102.7,1.7368536421425744,,,,Sand,,,Sand 4,4,7.22,35.2,-5.76,-33.74
-8.600000000000001,10.06,10.3,0.053,0.6,0.2,-0.6,2.3,0.51796,454.0,10.059,10.3,103.0,1.7309629645132005,,,,Sand,,,Sand 4,4,7.22,35.2,-5.76,-33.74
-8.620000000000001,10.08,10.32,0.054,0.6,0.2,-0.6,2.4,0.5276,455.0,10.079,10.32,103.2,1.7345913453745079,,,,Sand,,,Sand 4,4,7.22,35.2,-5.76,-33.74
-8.64,10.1,10.21,0.059,0.6,0.4,-0.4,2.4,0.57603,456.0,10.099,10.21,102.1,1.7594653679411125,,,,Sand,,,Sand 4,4,7.22,35.2,-5.76,-33.74
-8.66,10.12,10.13,0.062,0.6,0.2,-0.6,2.4,0.60201,457.0,10.119,10.13,101.3,1.7730333511672471,,,,Sand,,,Sand 4,4,7.22,35.2,-5.76,-33.74
-8.68,10.14,10.11,0.062,0.7,0.4,-0.6,2.3,0.59766,458.0,10.139,10.11,101.1,1.7719692801432574,,,,Sand,,,Sand 4,4,7.22,35.2,-5.76,-33.74
-8.7,10.16,10.2,0.063,0.6,0.4,-0.4,2.4,0.59979,459.0,10.159,10.2,102.0,1.7696586966159706,,,,Sand,,,Sand 4,4,7.22,35.2,-5.76,-33.74
-8.719999999999999,10.18,10.4,0.063,0.6,0.2,-0.6,2.4,0.58605,459.0,10.179,10.4,104.0,1.7570222052812614,,,,Sand,,,Sand 4,4,7.22,35.2,-5.76,-33.74
-8.739999999999998,10.2,10.72,0.064,0.7,0.4,-0.6,2.4,0.57716,460.0,10.199,10.72,107.2,1.7424067655988282,,,,Sand,,,Sand 4,4,7.22,35.2,-5.76,-33.74
-8.760000000000002,10.22,10.9,0.07,0.6,0.2,-0.6,2.4,0.61552,461.0,10.219,10.9,109.0,1.7523802653577454,,,,Sand,,,Sand 4,4,7.22,35.2,-5.76,-33.74
-8.780000000000001,10.24,11.36,0.066,0.7,0.4,-0.6,2.3,0.56033,462.0,10.239,11.36,113.6,1.7143622734665966,,,,Sand,,,Sand 4,4,7.22,35.2,-5.76,-33.74
-8.8,10.26,12.18,0.066,0.7,0.4,-0.6,2.4,0.54126,463.0,10.259,12.18,121.8,1.6808971723065338,,,,Sand,,,Sand 4,4,7.22,35.2,-5.76,-33.74
-8.82,10.28,12.84,0.066,0.6,0.2,-0.6,2.4,0.5235,464.0,10.279,12.84,128.4,1.6538046250632834,,,,Sand,,,Sand 4,4,7.22,35.2,-5.76,-33.74
-8.84,10.3,12.38,0.07,0.7,0.4,-0.6,2.0,0.53553,465.0,10.299,12.38,123.8,1.6724500383145489,,,,Sand,,,Sand 4,4,7.22,35.2,-5.76,-33.74
-8.86,10.32,13.45,0.073,0.6,0.4,-0.4,2.2,0.5387,465.0,10.319,13.45,134.5,1.644410830179236,,,,Sand,,,Sand 4,4,7.22,35.2,-5.76,-33.74
-8.879999999999999,10.34,13.72,0.078,0.6,0.4,-0.4,2.4,0.55794,466.0,10.339,13.72,137.2,1.646279580130518,,,,Sand,,,Sand 4,4,7.22,35.2,-5.76,-33.74
-8.899999999999999,10.36,14.03,0.082,0.7,0.4,-0.6,2.4,0.56989,467.0,10.359,14.03,140.3,1.6438809422954603,,,,Sand,,,Sand 4,4,7.22,35.2,-5.76,-33.74
-8.920000000000002,10.38,14.61,0.085,0.7,0.4,-0.6,2.2,0.56966,468.0,10.379,14.61,146.1,1.6296515279852866,,,,Sand,,,Sand 4,4,7.22,35.2,-5.76,-33.74
-8.940000000000001,10.4,15.2,0.085,0.6,0.4,-0.4,2.6,0.55357,469.0,10.399,15.2,152.0,1.6084303825206592,,,,Sand,,,Sand 4,4,7.22,35.2,-5.76,-33.74
-8.96,10.42,15.61,0.085,0.7,0.4,-0.6,2.6,0.53883,469.0,10.419,15.61,156.1,1.5921559640783007,,,,Sand,,,Sand 4,4,7.22,35.2,-5.76,-33.74
-8.98,10.44,16.11,0.087,0.7,0.4,-0.6,2.4,0.53941,470.0,10.439,16.11,161.1,1.5814795111459719,,,,Sand,,,Sand 4,4,7.22,35.2,-5.76,-33.74
-9.0,10.46,16.64,0.089,0.6,0.4,-0.4,2.4,0.54364,471.0,10.459,16.64,166.4,1.572335175303165,,,,Sand,,,Sand 4,4,7.22,35.2,-5.76,-33.74
-9.02,10.48,16.92,0.091,0.4,0.4,-0.2,2.4,0.55177,472.0,10.479,16.92,169.2,1.5705248426497878,,,,Sand,,,Sand 4,4,7.22,35.2,-5.76,-33.74
-9.04,10.5,17.08,0.093,0.6,0.4,-0.4,2.3,0.56398,473.0,10.499,17.08,170.8,1.5731463574858568,,,,Sand,,,Sand 4,4,7.22,35.2,-5.76,-33.74
-9.059999999999999,10.52,16.86,0.095,0.7,0.4,-0.6,2.4,0.58033,474.0,10.519,16.86,168.6,1.5852506581663293,,,,Sand,,,Sand 4,4,7.22,35.2,-5.76,-33.74
-9.079999999999998,10.54,16.55,0.096,0.6,0.4,-0.4,2.4,0.59466,474.0,10.539,16.55,165.5,1.5981479124495177,,,,Sand,,,Sand 4,4,7.22,35.2,-5.76,-33.74
-9.100000000000001,10.56,16.17,0.098,0.4,0.2,-0.4,2.4,0.61903,475.0,10.559,16.17,161.70000000000002,1.616914645595157,,,,Sand,,,Sand 4,4,7.22,35.2,-5.76,-33.74
-9.120000000000001,10.58,15.59,0.1,0.4,0.2,-0.4,2.4,0.64777,476.0,10.579,15.59,155.9,1.6416305844021595,,,,Sand,,,Sand 4,4,7.22,35.2,-5.76,-33.74
-9.14,10.6,15.15,0.099,0.6,0.4,-0.4,2.3,0.65923,477.0,10.599,15.15,151.5,1.6560897885444872,,,,Sand,,,Sand 4,4,7.22,35.2,-5.76,-33.74
-9.16,10.62,14.83,0.098,0.6,0.4,-0.4,2.3,0.67244,478.0,10.619,14.83,148.3,1.6687157482155657,,,,Sand,,,Sand 4,4,7.22,35.2,-5.76,-33.74
-9.18,10.64,14.42,0.096,0.6,0.4,-0.4,2.4,0.67827,479.0,10.639,14.42,144.2,1.6805533415479734,,,,Sand,,,Sand 4,4,7.22,35.2,-5.76,-33.74
-9.2,10.66,13.93,0.094,0.6,0.4,-0.4,2.4,0.68085,479.0,10.659,13.93,139.3,1.6933171530186593,,,,Sand,,,Sand 4,4,7.22,35.2,-5.76,-33.74
-9.219999999999999,10.68,13.5,0.092,0.6,0.4,-0.4,2.4,0.6801,480.0,10.679,13.5,135.0,1.7037062710990352,,,,Sand,,,Sand 4,4,7.22,35.2,-5.76,-33.74
-9.239999999999998,10.7,13.0,0.089,0.4,0.4,-0.2,2.4,0.66842,481.0,10.699,13.0,130.0,1.712021599043649,,,,Sand,,,Sand 4,4,7.22,35.2,-5.76,-33.74
-9.260000000000002,10.72,12.81,0.088,0.6,0.4,-0.4,2.4,0.66749,482.0,10.719,12.81,128.1,1.7167228192946957,,,,Sand,,,Sand 4,4,7.22,35.2,-5.76,-33.74
-9.280000000000001,10.74,12.81,0.086,0.7,0.6,-0.4,2.4,0.6543,483.0,10.739,12.81,128.1,1.7114631759059915,,,,Sand,,,Sand 4,4,7.22,35.2,-5.76,-33.74
-9.3,10.76,12.92,0.085,0.6,0.4,-0.4,2.4,0.6429,484.0,10.759,12.92,129.2,1.7038915636637963,,,,Sand,,,Sand 4,4,7.22,35.2,-5.76,-33.74
-9.32,10.78,13.13,0.085,0.6,0.4,-0.4,2.3,0.63338,484.0,10.779,13.13,131.3,1.6943985027168633,,,,Sand,,,Sand 4,4,7.22,35.2,-5.76,-33.74
-9.34,10.8,13.37,0.085,0.6,0.6,-0.2,2.1,0.62152,485.0,10.799,13.37,133.7,1.6831738030788517,,,,Sand,,,Sand 4,4,7.22,35.2,-5.76,-33.74
-9.36,10.82,13.61,0.086,0.4,0.4,-0.2,2.1,0.61671,486.0,10.819,13.61,136.1,1.6749742437303914,,,,Sand,,,Sand 4,4,7.22,35.2,-5.76,-33.74
-9.379999999999999,10.84,14.12,0.089,0.7,0.6,-0.4,2.3,0.62676,487.0,10.839,14.12,141.2,1.6665327555331197,,,,Sand,,,Sand 4,4,7.22,35.2,-5.76,-33.74
-9.399999999999999,10.86,14.59,0.091,0.6,0.6,-0.2,2.3,0.63189,488.0,10.859,14.59,145.9,1.6574681343477535,,,,Sand,,,Sand 4,4,7.22,35.2,-5.76,-33.74
-9.420000000000002,10.88,14.86,0.093,0.6,0.6,-0.2,2.3,0.63852,489.0,10.879,14.86,148.6,1.6540066314053714,,,,Sand,,,Sand 4,4,7.22,35.2,-5.76,-33.74
-9.440000000000001,10.9,14.96,0.095,0.4,0.4,-0.2,2.4,0.64686,490.0,10.899,14.96,149.6,1.6552256778619716,,,,Sand,,,Sand 4,4,7.22,35.2,-5.76,-33.74
-9.46,10.92,14.96,0.096,0.4,0.4,-0.2,2.8,0.65168,490.0,10.919,14.96,149.6,1.6572354397652544,,,,Sand,,,Sand 4,4,7.22,35.2,-5.76,-33.74
-9.48,10.94,14.74,0.097,0.6,0.6,-0.2,2.5,0.65891,491.0,10.939,14.74,147.4,1.6652532731512306,,,,Sand,,,Sand 4,4,7.22,35.2,-5.76,-33.74
-9.5,10.96,14.68,0.097,0.6,0.4,-0.4,2.3,0.65936,492.0,10.959,14.68,146.8,1.666822949858534,,,,Sand,,,Sand 4,4,7.22,35.2,-5.76,-33.74
-9.52,10.98,14.58,0.096,0.6,0.6,-0.2,2.3,0.65223,493.0,10.979,14.58,145.8,1.6662095788638578,,,,Sand,,,Sand 4,4,7.22,35.2,-5.76,-33.74
-9.54,11.0,14.48,0.095,0.6,0.6,-0.2,2.4,0.64483,494.0,10.999,14.48,144.8,1.6654862500506589,,,,Sand,,,Sand 4,4,7.22,35.2,-5.76,-33.74
-9.559999999999999,11.02,14.51,0.094,0.6,0.6,-0.2,2.4,0.63707,494.0,11.019,14.51,145.1,1.6615334744981063,,,,Sand,,,Sand 4,4,7.22,35.2,-5.76,-33.74
-9.579999999999998,11.04,14.78,0.094,0.6,0.4,-0.4,2.3,0.63745,495.0,11.039,14.78,147.8,1.6553961584484438,,,,Sand,,,Sand 4,4,7.22,35.2,-5.76,-33.74
-9.600000000000001,11.06,15.02,0.092,0.4,0.4,-0.2,2.4,0.62532,496.0,11.059,15.02,150.2,1.6447390632490806,,,,Sand,,,Sand 4,4,7.22,35.2,-5.76,-33.74
-9.620000000000001,11.08,15.07,0.092,0.4,0.4,-0.2,2.4,0.62815,497.0,11.079,15.07,150.7,1.6448174312628907,,,,Sand,,,Sand 4,4,7.22,35.2,-5.76,-33.74
-9.64,11.1,14.92,0.092,0.6,0.6,-0.2,2.4,0.63225,498.0,11.099,14.92,149.2,1.6499785706060268,,,,Sand,,,Sand 4,4,7.22,35.2,-5.76,-33.74
-9.66,11.12,14.61,0.093,0.6,0.6,-0.2,2.4,0.64432,499.0,11.119,14.61,146.1,1.6622238679321801,,,,Sand,,,Sand 4,4,7.22,35.2,-5.76,-33.74
-9.68,11.14,14.31,0.091,1.1,0.4,-1.0,2.3,0.63614,499.0,11.139,14.31,143.1,1.6658941476933402,,,,Sand,,,Sand 4,4,7.22,35.2,-5.76,-33.74
-9.7,11.16,13.95,0.089,0.9333,0.4,-0.2,2.4,0.62759,500.0,11.159,13.95,139.5,1.6710529622090222,,,,Sand,,,Sand 4,4,7.22,35.2,-5.76,-33.74
-9.719999999999999,11.18,13.75,0.088,0.7667,0.6,-0.2,2.4,0.62617,501.0,11.179,13.75,137.5,1.6754345252297749,,,,Sand,,,Sand 4,4,7.22,35.2,-5.76,-33.74
-9.739999999999998,11.2,13.84,0.086,0.6,0.6,-0.2,2.4,0.61771,502.0,11.199,13.84,138.4,1.6696002106775802,,,,Sand,,,Sand 4,4,7.22,35.2,-5.76,-33.74
-9.760000000000002,11.22,13.99,0.085,0.6,0.6,-0.2,2.4,0.61617,503.0,11.219,13.99,139.9,1.6652188820597411,,,,Sand,,,Sand 4,4,7.22,35.2,-5.76,-33.74
-9.780000000000001,11.24,14.08,0.083,0.6,0.6,-0.2,2.4,0.60678,504.0,11.239,14.08,140.8,1.6589643298325754,,,,Sand,,,Sand 4,4,7.22,35.2,-5.76,-33.74
-9.8,11.26,13.9,0.082,0.6,0.6,-0.2,2.4,0.605,504.0,11.259,13.9,139.0,1.6626495574804054,,,,Sand,,,Sand 4,4,7.22,35.2,-5.76,-33.74
-9.82,11.28,13.56,0.082,0.6,0.6,-0.2,2.3,0.60904,505.0,11.279,13.56,135.6,1.6729800821999319,,,,Sand,,,Sand 4,4,7.22,35.2,-5.76,-33.74
-9.84,11.3,13.29,0.08,0.6,0.6,-0.2,2.0,0.59402,506.0,11.299,13.29,132.9,1.6735099457725973,,,,Sand,,,Sand 4,4,7.22,35.2,-5.76,-33.74
-9.86,11.32,13.02,0.079,0.4,0.4,-0.2,2.2,0.58329,507.0,11.319,13.02,130.2,1.6760213877863124,,,,Sand,,,Sand 4,4,7.22,35.2,-5.76,-33.74
-9.879999999999999,11.34,12.75,0.08,0.6,0.6,-0.2,2.4,0.58447,508.0,11.339,12.75,127.5,1.6839038402755047,,,,Sand,,,Sand 4,4,7.22,35.2,-5.76,-33.74
-9.899999999999999,11.36,13.12,0.08,0.4,0.4,-0.2,2.4,0.57482,509.0,11.359,13.12,131.2,1.6696004310800583,,,,Sand,,,Sand 4,4,7.22,35.2,-5.76,-33.74
-9.920000000000002,11.38,14.02,0.08,0.6,0.6,-0.2,2.1,0.56254,510.0,11.379,14.02,140.2,1.640790497330754,,,,Sand,,,Sand 4,4,7.22,35.2,-5.76,-33.74
-9.940000000000001,11.4,14.69,0.083,0.6,0.6,-0.2,2.7,0.56854,510.0,11.399,14.69,146.9,1.6272403807774545,,,,Sand,,,Sand 4,4,7.22,35.2,-5.76,-33.74
-9.96,11.42,15.05,0.086,0.6,0.6,-0.2,2.8,0.5711,511.0,11.419,15.05,150.5,1.6200088094906417,,,,Sand,,,Sand 4,4,7.22,35.2,-5.76,-33.74
-9.98,11.44,15.4,0.09,0.6,0.6,-0.2,2.5,0.57994,512.0,11.439,15.4,154.0,1.616104994264177,,,,Sand,,,Sand 4,4,7.22,35.2,-5.76,-33.74
-10.0,11.46,15.72,0.095,0.6,0.6,-0.2,2.3,0.59772,513.0,11.459,15.72,157.2,1.6170748187960287,,,,Sand,,,Sand 4,4,7.22,35.2,-5.76,-33.74
-10.02,11.48,16.04,0.1,0.6,0.6,0.0,2.4,0.61676,514.0,11.479,16.04,160.4,1.6186546073842292,,,,Sand,,,Sand 4,4,7.22,35.2,-5.76,-33.74
-10.04,11.5,16.43,0.1,0.6,0.6,-0.2,2.3,0.60597,514.0,11.499,16.43,164.3,1.605718959870649,,,,Sand,,,Sand 4,4,7.22,35.2,-5.76,-33.74
-10.059999999999999,11.52,16.8,0.102,0.6,0.6,-0.2,2.3,0.60886,515.0,11.519,16.8,168.0,1.5994718747571957,,,,Sand,,,Sand 4,4,7.22,35.2,-5.76,-33.74
-10.079999999999998,11.54,17.02,0.102,0.6,0.6,0.0,2.4,0.6015,516.0,11.539,17.02,170.2,1.5917578553603706,,,,Sand,,,Sand 4,4,7.22,35.2,-5.76,-33.74
-10.100000000000001,11.56,17.25,0.103,0.6,0.6,-0.2,2.4,0.60269,517.0,11.559,17.25,172.5,1.5877648142451402,,,,Sand,,,Sand 4,4,7.22,35.2,-5.76,-33.74
-10.120000000000001,11.58,17.36,0.104,0.6,0.6,0.0,2.3,0.60757,518.0,11.579,17.36,173.6,1.5878329465382888,,,,Sand,,,Sand 4,4,7.22,35.2,-5.76,-33.74
-10.14,11.6,17.4,0.105,0.6,0.6,0.0,2.3,0.61724,519.0,11.599,17.4,174.0,1.5914039598737602,,,,Sand,,,Sand 4,4,7.22,35.2,-5.76,-33.74
-10.16,11.62,17.36,0.105,0.6,0.6,-0.2,2.4,0.62602,519.0,11.619,17.36,173.6,1.5960762746683308,,,,Sand,,,Sand 4,4,7.22,35.2,-5.76,-33.74
-10.18,11.64,17.1,0.104,0.6,0.6,0.0,2.4,0.63318,520.0,11.639,17.1,171.0,1.6042744215990814,,,,Sand,,,Sand 4,4,7.22,35.2,-5.76,-33.74
-10.2,11.66,16.65,0.103,0.6,0.6,-0.2,2.4,0.6434,521.0,11.659,16.65,166.5,1.6176339787411254,,,,Sand,,,Sand 4,4,7.22,35.2,-5.76,-33.74
-10.219999999999999,11.68,15.95,0.102,0.4,0.4,-0.2,2.4,0.65743,522.0,11.679,15.95,159.5,1.6379948404930533,,,,Sand,,,Sand 4,4,7.22,35.2,-5.76,-33.74
-10.239999999999998,11.7,15.11,0.101,0.6,0.6,0.0,2.3,0.67496,523.0,11.699,15.11,151.1,1.6634249667652918,,,,Sand,,,Sand 4,4,7.22,35.2,-5.76,-33.74
-10.260000000000002,11.72,14.47,0.099,0.6,0.6,0.0,2.4,0.6875,524.0,11.719,14.47,144.7,1.683062160303668,,,,Sand,,,Sand 4,4,7.22,35.2,-5.76,-33.74
-10.280000000000001,11.74,14.03,0.096,0.6,0.6,-0.2,2.4,0.69252,524.0,11.739,14.03,140.3,1.6954919969852786,,,,Sand,,,Sand 4,4,7.22,35.2,-5.76,-33.74
-10.3,11.76,13.45,0.092,0.6,0.6,0.0,2.3,0.68606,525.0,11.759,13.45,134.5,1.7073156693195402,,,,Sand,,,Sand 4,4,7.22,35.2,-5.76,-33.74
-10.32,11.78,12.95,0.088,0.6,0.6,0.0,2.4,0.6733,526.0,11.779,12.95,129.5,1.7152762696424453,,,,Sand,,,Sand 4,4,7.22,35.2,-5.76,-33.74
-10.34,11.8,12.59,0.085,0.6,0.6,-0.2,2.0,0.66186,527.0,11.799,12.59,125.9,1.7204719259178283,,,,Sand,,,Sand 4,4,7.22,35.2,-5.76,-33.74
-10.36,11.82,12.35,0.082,0.6,0.6,0.0,2.1,0.64592,528.0,11.819,12.35,123.5,1.7207760446336826,,,,Sand,,,Sand 4,4,7.22,35.2,-5.76,-33.74
-10.379999999999999,11.84,12.33,0.081,0.6,0.6,0.0,2.4,0.64114,529.0,11.839,12.33,123.3,1.7194112478433046,,,,Sand,,,Sand 4,4,7.22,35.2,-5.76,-33.74
-10.399999999999999,11.86,12.39,0.081,0.6,0.6,0.0,2.3,0.64273,530.0,11.859,12.39,123.9,1.7183641555504092,,,,Sand,,,Sand 4,4,7.22,35.2,-5.76,-33.74
-10.420000000000002,11.88,12.65,0.081,0.6,0.6,-0.2,2.3,0.6433,530.0,11.879,12.65,126.5,1.7113768617982426,,,,Sand,,,Sand 4,4,7.22,35.2,-5.76,-33.74
-10.440000000000001,11.9,12.85,0.081,0.4,0.4,-0.2,2.4,0.64254,531.0,11.899,12.85,128.5,1.7056269970899993,,,,Sand,,,Sand 4,4,7.22,35.2,-5.76,-33.74
-10.46,11.92,12.96,0.082,0.6,0.6,0.0,2.8,0.64886,532.0,11.919,12.96,129.6,1.705243933644407,,,,Sand,,,Sand 4,4,7.22,35.2,-5.76,-33.74
-10.48,11.94,12.7,0.083,0.6,0.6,-0.2,2.5,0.65399,533.0,11.939,12.7,127.0,1.714321962743846,,,,Sand,,,Sand 4,4,7.22,35.2,-5.76,-33.74
-10.5,11.96,12.5,0.083,0.6,0.6,0.0,2.3,0.65162,534.0,11.959,12.5,125.0,1.7188718809258672,,,,Sand,,,Sand 4,4,7.22,35.2,-5.76,-33.74
-10.52,11.98,12.47,0.083,0.6,0.6,0.0,2.4,0.65041,534.0,11.979,12.47,124.7,1.7192204088869536,,,,Sand,,,Sand 4,4,7.22,35.2,-5.76,-33.74
-10.54,12.0,12.58,0.082,0.6,0.6,0.0,2.4,0.64251,535.0,11.999,12.58,125.8,1.7129834256322958,,,,Sand,,,Sand 4,4,7.22,35.2,-5.76,-33.74
-10.559999999999999,12.02,12.82,0.081,0.6,0.6,0.0,2.4,0.63393,536.0,12.019,12.82,128.2,1.702914401998586,,,,Sand,,,Sand 4,4,7.22,35.2,-5.76,-33.74
-10.579999999999998,12.04,13.02,0.082,0.4,0.4,-0.2,2.4,0.64106,537.0,12.039,13.02,130.2,1.7004706058673797,,,,Sand,,,Sand 4,4,7.22,35.2,-5.76,-33.74
-10.600000000000001,12.06,13.04,0.083,0.6,0.6,0.0,2.3,0.65015,538.0,12.059,13.04,130.4,1.7036401714389966,,,,Sand,,,Sand 4,4,7.22,35.2,-5.76,-33.74
-10.620000000000001,12.08,12.97,0.084,0.6,0.6,0.0,2.4,0.66292,539.0,12.079,12.97,129.7,1.710629467913243,,,,Sand,,,Sand 4,4,7.22,35.2,-5.76,-33.74
-10.64,12.1,12.82,0.084,0.6,0.6,0.0,2.4,0.6714,539.0,12.099,12.82,128.2,1.71799853078588,,,,Sand,,,Sand 4,4,7.22,35.2,-5.76,-33.74
-10.66,12.12,12.61,0.083,0.4,0.4,0.0,2.3,0.67521,540.0,12.119,12.61,126.1,1.7251849486037556,,,,Sand,,,Sand 4,4,7.22,35.2,-5.76,-33.74
-10.68,12.14,12.27,0.082,0.8,0.8,0.0,2.3,0.68085,541.0,12.139,12.27,122.7,1.7368096271562763,,,,Sand,,,Sand 4,4,7.22,35.2,-5.76,-33.74
-10.7,12.16,11.82,0.081,0.6,0.6,-0.2,2.4,0.68739,542.0,12.159,11.82,118.2,1.7522432889648698,,,,Sand,,,Sand 4,4,7.22,35.2,-5.76,-33.74
-10.719999999999999,12.18,11.54,0.079,0.6,0.6,0.0,2.4,0.68569,543.0,12.179,11.54,115.4,1.7599120569171791,,,,Sand,,,Sand 4,4,7.22,35.2,-5.76,-33.74
-10.739999999999998,12.2,11.27,0.078,0.4,0.4,0.0,2.4,0.6921,544.0,12.199,11.27,112.7,1.7705642515261848,,,,Sand,,,Sand 4,4,7.22,35.2,-5.76,-33.74
-10.760000000000002,12.22,11.05,0.076,0.6,0.6,0.2,2.4,0.68701,544.0,12.219,11.05,110.5,1.7755185431484646,,,,Sand,,,Sand 4,4,7.22,35.2,-5.76,-33.74
-10.780000000000001,12.24,10.89,0.074,0.6,0.6,0.0,2.3,0.67843,545.0,12.239,10.89,108.9,1.7773778312694817,,,,Sand,,,Sand 4,4,7.22,35.2,-5.76,-33.74
-10.8,12.26,10.72,0.073,0.6,0.6,0.0,2.4,0.67687,546.0,12.259,10.72,107.2,1.7823019861236282,,,,Sand,,,Sand 4,4,7.22,35.2,-5.76,-33.74
-10.82,12.28,10.6,0.072,0.6,0.6,0.0,2.4,0.67353,547.0,12.279,10.6,106.0,1.7849911557811018,,,,Sand,,,Sand 4,4,7.22,35.2,-5.76,-33.74
-10.84,12.3,10.61,0.072,0.6,0.6,0.0,2.2,0.67909,548.0,12.299,10.61,106.1,1.786759404898032,,,,Sand,,,Sand 4,4,7.22,35.2,-5.76,-33.74
-10.86,12.32,10.58,0.071,0.6,0.6,0.0,2.0,0.6745,549.0,12.319,10.58,105.8,1.7860220672548826,,,,Sand,,,Sand 4,4,7.22,35.2,-5.76,-33.74
-10.879999999999999,12.34,10.56,0.071,0.6,0.6,0.0,2.3,0.67983,550.0,12.339,10.56,105.6,1.788696314822696,,,,Sand,,,Sand 4,4,7.22,35.2,-5.76,-33.74
-10.899999999999999,12.36,10.51,0.071,0.6,0.6,0.0,2.4,0.68458,550.0,12.359,10.51,105.1,1.7921425582527297,,,,Sand,,,Sand 4,4,7.22,35.2,-5.76,-33.74
-10.920000000000002,12.38,10.35,0.07,0.6,0.6,0.0,2.3,0.67945,551.0,12.379,10.35,103.5,1.7956152139954396,,,,Sand,,,Sand 4,4,7.22,35.2,-5.76,-33.74
-10.940000000000001,12.4,10.28,0.07,0.6,0.6,0.0,2.3,0.68393,552.0,12.399,10.28,102.8,1.7996759897260017,,,,Sand,,,Sand 4,4,7.22,35.2,-5.76,-33.74
-10.96,12.42,10.06,0.069,0.6,0.6,0.0,2.8,0.68031,553.0,12.419,10.06,100.6,1.8059513859154022,,,,Sand,,,Sand 4,4,7.22,35.2,-5.76,-33.74
-10.98,12.44,10.02,0.067,0.6,0.6,0.0,2.5,0.66775,554.0,12.439,10.02,100.2,1.802655775461261,,,,Sand,,,Sand 4,4,7.22,35.2,-5.76,-33.74
-11.0,12.46,10.06,0.066,0.6,0.6,0.0,2.3,0.66515,555.0,12.459,10.06,100.6,1.800263860853129,,,,Sand,,,Sand 4,4,7.22,35.2,-5.76,-33.74
-11.02,12.48,10.04,0.065,0.6,0.6,0.0,2.4,0.66327,555.0,12.479,10.04,100.4,1.8002568385007103,,,,Sand,,,Sand 4,4,7.22,35.2,-5.76,-33.74
-11.04,12.5,9.82,0.063,0.6,0.6,0.0,2.3,0.65024,556.0,12.499,9.82,98.2,1.803162690061938,,,,Sand,,,Sand 4,4,7.22,35.2,-5.76,-33.74
-11.059999999999999,12.52,9.64,0.063,0.6,0.6,0.0,2.4,0.65908,557.0,12.519,9.64,96.4,1.8131076927310672,,,,Sand,,,Sand 4,4,7.22,35.2,-5.76,-33.74
-11.079999999999998,12.54,9.46,0.062,0.6,0.6,0.2,2.3,0.65966,558.0,12.539,9.46,94.6,1.8200405686090635,,,,Sand,,,Sand 4,4,7.22,35.2,-5.76,-33.74
-11.100000000000001,12.56,9.3,0.061,0.6,0.6,0.2,2.5,0.66116,559.0,12.559,9.3,93.0,1.8266885934502608,,,,Sand,,,Sand 4,4,7.22,35.2,-5.76,-33.74
-11.120000000000001,12.58,9.17,0.06,0.6,0.6,0.0,2.3,0.66189,559.0,12.579,9.17,91.7,1.8319894493509208,,,,Sand,,,Sand 4,4,7.22,35.2,-5.76,-33.74
-11.14,12.6,8.98,0.06,0.6,0.6,0.0,2.4,0.67331,560.0,12.599,8.98,89.8,1.8436934378274759,,,,Sand,,,Sand 4,4,7.22,35.2,-5.76,-33.74
-11.16,12.62,8.78,0.059,0.6,0.6,0.0,2.4,0.67304,561.0,12.619,8.78,87.8,1.8516502559991772,,,,Sand,,,Sand 4,4,7.22,35.2,-5.76,-33.74
-11.18,12.64,8.66,0.059,0.6,0.6,0.2,2.3,0.68455,562.0,12.639,8.66,86.6,1.8607475632846489,,,,Sand,,,Sand 4,4,7.22,35.2,-5.76,-33.74
-11.2,12.66,8.53,0.059,0.6,0.6,0.0,2.4,0.6974,563.0,12.659,8.53,85.3,1.870740956903502,,,,Sand,,,Sand 4,4,7.22,35.2,-5.76,-33.74
-11.219999999999999,12.68,8.41,0.059,0.6,0.6,0.0,2.3,0.70988,564.0,12.679,8.41,84.1,1.8801841908805355,,,,Sand,,,Sand 4,4,7.22,35.2,-5.76,-33.74
-11.239999999999998,12.7,8.3,0.059,0.4,0.4,0.0,2.4,0.72094,564.0,12.699,8.3,83.0,1.888709951579979,,,,Sand,,,Sand 4,4,7.22,35.2,-5.76,-33.74
-11.260000000000002,12.72,8.12,0.059,0.4,0.4,0.0,2.4,0.7302,565.0,12.719,8.12,81.19999999999999,1.8996924966602844,,,,Sand,,,Sand 4,4,7.22,35.2,-5.76,-33.74
-11.280000000000001,12.74,7.9,0.058,0.8,0.8,0.2,2.4,0.72409,566.0,12.739,7.9,79.0,1.9074350616693,,,,Sand,,,Sand 4,4,7.22,35.2,-5.76,-33.74
-11.3,12.76,7.79,0.058,0.6,0.6,0.0,2.4,0.72727,567.0,12.759,7.79,77.9,1.9135332573559873,,,,Sand,,,Sand 4,4,7.22,35.2,-5.76,-33.74
-11.32,12.78,7.76,0.058,0.8,0.8,0.2,2.3,0.72636,568.0,12.779,7.76,77.6,1.914608694741229,,,,Sand,,,Sand 4,4,7.22,35.2,-5.76,-33.74
-11.34,12.8,7.83,0.058,0.6,0.6,0.2,2.1,0.72072,569.0,12.799,7.83,78.3,1.9094784027554867,,,,Sand,,,Sand 4,4,7.22,35.2,-5.76,-33.74
-11.36,12.82,7.97,0.058,0.6,0.6,0.2,2.1,0.70937,570.0,12.819,7.97,79.7,1.899234474551804,,,,Sand,,,Sand 4,4,7.22,35.2,-5.76,-33.74
-11.379999999999999,12.84,8.13,0.06,0.6,0.6,0.0,2.3,0.71899,570.0,12.839,8.13,81.30000000000001,1.8954286063678718,,,,Sand,,,Sand 4,4,7.22,35.2,-5.76,-33.74
-11.399999999999999,12.86,8.38,0.061,0.6,0.6,0.2,2.3,0.71241,571.0,12.859,8.38,83.8,1.8823399623199124,,,,Sand,,,Sand 4,4,7.22,35.2,-5.76,-33.74
-11.420000000000002,12.88,8.62,0.063,0.6,0.6,0.0,2.3,0.71439,572.0,12.879,8.62,86.2,1.872966930583596,,,,Sand,,,Sand 4,4,7.22,35.2,-5.76,-33.74
-11.440000000000001,12.9,8.93,0.064,0.6,0.6,0.0,2.5,0.69859,573.0,12.899,8.93,89.3,1.8548265501959993,,,,Sand,,,Sand 4,4,7.22,35.2,-5.76,-33.74
-11.46,12.92,9.14,0.065,0.6,0.6,0.0,2.8,0.67726,574.0,12.919,9.14,91.4,1.8388394029974802,,,,Sand,,,Sand 4,4,7.22,35.2,-5.76,-33.74
-11.48,12.94,9.5,0.067,0.6,0.6,0.2,2.5,0.66543,574.0,12.939,9.5,95.0,1.8207008008368535,,,,Sand,,,Sand 4,4,7.22,35.2,-5.76,-33.74
-11.5,12.96,9.88,0.069,0.4,0.4,0.0,2.3,0.65675,575.0,12.959,9.88,98.8,1.8034802470644697,,,,Sand,,,Sand 4,4,7.22,35.2,-5.76,-33.74
-11.52,12.98,10.71,0.073,0.4,0.4,0.0,2.3,0.67242,576.0,12.979,10.71,107.1,1.7809427957842883,,,,Sand,,,Sand 4,4,7.22,35.2,-5.76,-33.74
-11.54,13.0,11.62,0.076,0.6,0.6,0.2,2.4,0.68284,577.0,12.999,11.62,116.2,1.7564265651388224,,,,Sand,,,Sand 4,4,7.22,35.2,-5.76,-33.74
-11.559999999999999,13.02,12.15,0.078,0.6,0.6,0.2,2.3,0.68844,578.0,13.019,12.15,121.5,1.7431235086994301,,,,Sand,,,Sand 4,4,7.22,35.2,-5.76,-33.74
-11.579999999999998,13.04,12.12,0.08,0.6,0.6,0.2,2.4,0.69869,579.0,13.039,12.12,121.2,1.7478777247299362,,,,Sand,,,Sand 4,4,7.22,35.2,-5.76,-33.74
-11.600000000000001,13.06,11.73,0.081,0.4,0.4,0.2,2.4,0.70843,579.0,13.059,11.73,117.3,1.762810712271244,,,,Sand,,,Sand 4,4,7.22,35.2,-5.76,-33.74
-11.620000000000001,13.08,11.33,0.08,0.6,0.6,0.0,2.4,0.70875,580.0,13.079,11.33,113.3,1.7749254533961039,,,,Sand,,,Sand 4,4,7.22,35.2,-5.76,-33.74
-11.64,13.1,11.1,0.079,0.6,0.6,0.2,2.4,0.7138,581.0,13.099,11.1,111.0,1.7838921519485473,,,,Sand,,,Sand 4,4,7.22,35.2,-5.76,-33.74
-11.66,13.12,10.84,0.078,0.6,0.6,0.2,2.3,0.71865,582.0,13.119,10.84,108.4,1.793887047125577,,,,Sand,,,Sand 4,4,7.22,35.2,-5.76,-33.74
-11.68,13.14,10.58,0.077,0.6,0.6,0.0,2.4,0.71812,583.0,13.139,10.58,105.8,1.8021408700510009,,,,Sand,,,Sand 4,4,7.22,35.2,-5.76,-33.74
-11.7,13.16,10.45,0.075,0.6,0.6,0.2,2.3,0.70225,584.0,13.159,10.45,104.5,1.8006854769583116,,,,Sand,,,Sand 4,4,7.22,35.2,-5.76,-33.74
-11.719999999999999,13.18,10.39,0.073,0.4,0.4,0.0,2.4,0.68121,584.0,13.179,10.39,103.9,1.7949170628417934,,,,Sand,,,Sand 4,4,7.22,35.2,-5.76,-33.74
-11.739999999999998,13.2,10.41,0.072,0.6,0.6,0.2,2.3,0.6639,585.0,13.199,10.41,104.1,1.787701696368974,,,,Sand,,,Sand 4,4,7.22,35.2,-5.76,-33.74
-11.760000000000002,13.22,10.68,0.07,0.6,0.6,0.2,2.3,0.63377,586.0,13.219,10.68,106.8,1.766935535720433,,,,Sand,,,Sand 4,4,7.22,35.2,-5.76,-33.74
-11.780000000000001,13.24,10.99,0.072,0.6,0.6,0.2,2.4,0.63802,587.0,13.239,10.99,109.9,1.758503034590882,,,,Sand,,,Sand 4,4,7.22,35.2,-5.76,-33.74
-11.8,13.26,11.39,0.072,0.6,0.6,0.2,2.3,0.6221,588.0,13.259,11.39,113.9,1.739490641095207,,,,Sand,,,Sand 4,4,7.22,35.2,-5.76,-33.74
-11.82,13.28,11.87,0.072,0.6,0.6,0.2,2.4,0.60485,589.0,13.279,11.87,118.7,1.7178055421555802,,,,Sand,,,Sand 4,4,7.22,35.2,-5.76,-33.74
-11.84,13.3,12.18,0.069,0.6,0.6,0.2,2.3,0.56304,589.0,13.299,12.18,121.8,1.6906740860386507,,,,Sand,,,Sand 4,4,7.22,35.2,-5.76,-33.74
-11.86,13.32,12.37,0.073,0.6,0.6,0.2,2.0,0.5781,590.0,13.319,12.37,123.7,1.6918023159818358,,,,Sand,,,Sand 4,4,7.22,35.2,-5.76,-33.74
-11.879999999999999,13.34,12.7,0.075,0.6,0.6,0.2,2.3,0.57687,591.0,13.339,12.7,127.0,1.6819649892318604,,,,Sand,,,Sand 4,4,7.22,35.2,-5.76,-33.74
-11.899999999999999,13.36,13.05,0.078,0.6,0.6,0.2,2.4,0.58432,592.0,13.359,13.05,130.5,1.675664223989566,,,,Sand,,,Sand 4,4,7.22,35.2,-5.76,-33.74
-11.920000000000002,13.38,13.49,0.081,0.6,0.6,0.2,2.3,0.59314,593.0,13.379,13.49,134.9,1.6679116356827248,,,,Sand,,,Sand 4,4,7.22,35.2,-5.76,-33.74
-11.940000000000001,13.4,13.97,0.079,0.6,0.6,0.2,2.2,0.56773,594.0,13.399,13.97,139.7,1.6444016827625285,,,,Sand,,,Sand 4,4,7.22,35.2,-5.76,-33.74
-11.96,13.42,14.38,0.081,0.6,0.6,0.2,2.9,0.57432,595.0,13.419,14.38,143.8,1.6372901941937559,,,,Sand,,,Sand 4,4,7.22,35.2,-5.76,-33.74
-11.98,13.44,14.65,0.081,0.6,0.6,0.2,2.6,0.57062,595.0,13.439,14.65,146.5,1.6291387126177883,,,,Sand,,,Sand 4,4,7.22,35.2,-5.76,-33.74
-12.0,13.46,14.64,0.081,0.6,0.6,0.2,2.4,0.57032,596.0,13.459,14.64,146.4,1.629239272517398,,,,Sand,,,Sand 4,4,7.22,35.2,-5.76,-33.74
-12.02,13.48,14.44,0.082,0.6,0.6,0.2,2.4,0.57951,597.0,13.479,14.44,144.4,1.6381828170419377,,,,Sand,,,Sand 4,4,7.22,35.2,-5.76,-33.74
-12.04,13.5,14.21,0.083,0.6,0.6,0.2,2.4,0.58991,598.0,13.499,14.21,142.1,1.6483976408373902,,,,Sand,,,Sand 4,4,7.22,35.2,-5.76,-33.74
-12.059999999999999,13.52,13.78,0.084,0.6,0.6,0.2,2.3,0.60016,599.0,13.519,13.78,137.8,1.6635608620287525,,,,Sand,,,Sand 4,4,7.22,35.2,-5.76,-33.74
-12.079999999999998,13.54,13.55,0.086,0.9,0.8,0.4,2.4,0.61671,599.0,13.539,13.55,135.5,1.676505310840686,,,,Sand,,,Sand 4,4,7.22,35.2,-5.76,-33.74
-12.100000000000001,13.56,13.55,0.086,0.6,0.6,0.2,2.3,0.61776,600.0,13.559,13.55,135.5,1.676950531767049,,,,Sand,,,Sand 4,4,7.22,35.2,-5.76,-33.74
-12.120000000000001,13.58,13.74,0.088,0.7,0.6,0.4,2.4,0.63298,601.0,13.579,13.74,137.4,1.6785400953864207,,,,Sand,,,Sand 4,4,7.22,35.2,-5.76,-33.74
-12.14,13.6,14.06,0.09,0.6,0.6,0.2,2.4,0.64737,602.0,13.599,14.06,140.6,1.6766032429913575,,,,Sand,,,Sand 4,4,7.22,35.2,-5.76,-33.74
-12.16,13.62,14.23,0.093,0.4,0.4,0.2,2.4,0.66858,603.0,13.619,14.23,142.3,1.6811588041506467,,,,Sand,,,Sand 4,4,7.22,35.2,-5.76,-33.74
-12.18,13.64,14.25,0.096,0.6,0.6,0.2,2.4,0.68879,604.0,13.639,14.25,142.5,1.6887542918221221,,,,Sand,,,Sand 4,4,7.22,35.2,-5.76,-33.74
-12.2,13.66,14.06,0.098,0.7,0.6,0.4,2.4,0.69981,604.0,13.659,14.06,140.6,1.697617601115643,,,,Sand,,,Sand 4,4,7.22,35.2,-5.76,-33.74
-12.219999999999999,13.68,13.78,0.099,0.6,0.6,0.2,2.3,0.70238,605.0,13.679,13.78,137.8,1.705424805651472,,,,Sand,,,Sand 4,4,7.22,35.2,-5.76,-33.74
-12.239999999999998,13.7,13.61,0.099,0.4,0.4,0.2,2.3,0.69504,606.0,13.699,13.61,136.1,1.7067922906024493,,,,Sand,,,Sand 4,4,7.22,35.2,-5.76,-33.74
-12.260000000000002,13.72,13.77,0.099,0.9,0.8,0.4,2.3,0.68554,607.0,13.719,13.77,137.7,1.6991003885565992,,,,Sand,,,Sand 4,4,7.22,35.2,-5.76,-33.74
-12.280000000000001,13.74,14.27,0.1,0.9,0.8,0.4,2.4,0.68004,608.0,13.739,14.27,142.7,1.684805350550458,,,,Sand,,,Sand 4,4,7.22,35.2,-5.76,-33.74
-12.3,13.76,14.79,0.097,0.7,0.6,0.4,2.3,0.64297,609.0,13.759,14.79,147.9,1.6574857117035457,,,,Sand,,,Sand 4,4,7.22,35.2,-5.76,-33.74
-12.32,13.78,15.42,0.096,0.9,0.8,0.4,2.4,0.61548,609.0,13.779,15.42,154.2,1.631508645372476,,,,Sand,,,Sand 4,4,7.22,35.2,-5.76,-33.74
-12.34,13.8,15.83,0.092,0.6,0.6,0.2,2.4,0.56703,610.0,13.799,15.83,158.3,1.6006646933848945,,,,Sand,,,Sand 4,4,7.22,35.2,-5.76,-33.74
-12.36,13.82,16.17,0.093,0.6,0.6,0.2,2.0,0.54936,611.0,13.819,16.17,161.70000000000002,1.5849851546134694,,,,Sand,,,Sand 4,4,7.22,35.2,-5.76,-33.74
-12.379999999999999,13.84,16.83,0.091,0.6,0.6,0.2,2.1,0.51232,612.0,13.839,16.83,168.3,1.5528598693922344,,,,Sand,,,Sand 4,4,7.22,35.2,-5.76,-33.74
-12.399999999999999,13.86,17.7,0.086,0.7,0.6,0.4,2.4,0.45946,613.0,13.859,17.7,177.0,1.507219412173011,,,,Sand,,,Sand 4,4,7.22,35.2,-5.76,-33.74
-12.420000000000002,13.88,18.79,0.083,0.7,0.6,0.4,2.3,0.41972,614.0,13.879,18.79,187.9,1.463274459154145,,,,Sand,,,Sand 4,4,7.22,35.2,-5.76,-33.74
-12.440000000000001,13.9,19.9,0.084,0.6,0.6,0.2,2.3,0.40079,615.0,13.899,19.9,199.0,1.431355058376964,,,,Sand,,,Sand 4,4,7.22,35.2,-5.76,-33.74
-12.46,13.92,21.46,0.101,0.6,0.6,0.2,2.2,0.45529,616.0,13.919,21.46,214.6,1.4378028052167502,,,,Sand,,,Sand 4,4,7.22,35.2,-5.76,-33.74
-12.48,13.94,23.06,0.107,0.6,0.6,0.2,2.8,0.45712,616.0,13.939,23.06,230.6,1.414289120550189,,,,Sand,,,Sand 4,4,7.22,35.2,-5.76,-33.74
-12.5,13.96,24.29,0.117,0.6,0.6,0.2,2.6,0.47508,617.0,13.959,24.29,242.9,1.4072981473736328,,,,Sand,,,Sand 4,4,7.22,35.2,-5.76,-33.74
-12.52,13.98,25.64,0.124,0.8,0.6,0.6,2.4,0.48055,618.0,13.979,25.64,256.4,1.3924896538237925,,,,Sand,,,Sand 4,4,7.22,35.2,-5.76,-33.74
-12.54,14.0,26.63,0.139,0.7,0.6,0.4,2.4,0.51863,619.0,13.999,26.63,266.3,1.4018588364185451,,,,Sand,,,Sand 4,4,7.22,35.2,-5.76,-33.74
-12.559999999999999,14.02,27.49,0.153,0.6,0.6,0.2,2.3,0.55523,620.0,14.019,27.49,274.9,1.4116687775792656,,,,Sand,,,Sand 4,4,7.22,35.2,-5.76,-33.74
-12.579999999999998,14.04,28.55,0.164,0.7,0.6,0.4,2.3,0.58556,620.0,14.039,28.55,285.5,1.415730282611673,,,,Sand,,,Sand 4,4,7.22,35.2,-5.76,-33.74
-12.600000000000001,14.06,29.31,0.173,0.6,0.4,0.4,2.3,0.61361,621.0,14.059,29.31,293.1,1.4219087229080078,,,,Sand,,,Sand 4,4,7.22,35.2,-5.76,-33.74
-12.620000000000001,14.08,29.44,0.178,0.7,0.6,0.4,2.4,0.63101,622.0,14.079,29.44,294.4,1.429195386071628,,,,Sand,,,Sand 4,4,7.22,35.2,-5.76,-33.74
-12.64,14.1,29.1,0.183,0.4,0.4,0.2,2.4,0.65188,623.0,14.099,29.1,291.0,1.4428284929745894,,,,Sand,,,Sand 4,4,7.22,35.2,-5.76,-33.74
-12.66,14.12,27.9,0.188,0.7,0.6,0.4,2.3,0.67672,624.0,14.119,27.9,279.0,1.4672238550200367,,,,Sand,,,Sand 4,4,7.22,35.2,-5.76,-33.74
-12.68,14.14,27.13,0.194,0.7,0.6,0.4,2.3,0.70748,625.0,14.139,27.13,271.3,1.489538428321958,,,,Sand,,,Sand 4,4,7.22,35.2,-5.76,-33.74
-12.7,14.16,26.75,0.2,0.7,0.6,0.4,2.4,0.73794,625.0,14.159,26.75,267.5,1.5069716307413235,,,,Sand,,,Sand 4,4,7.22,35.2,-5.76,-33.74
-12.719999999999999,14.18,26.4,0.202,0.7,0.6,0.4,2.4,0.75114,626.0,14.179,26.4,264.0,1.5164889035307072,,,,Sand,,,Sand 4,4,7.22,35.2,-5.76,-33.74
-12.739999999999998,14.2,26.22,0.208,0.7,0.6,0.4,2.3,0.77558,627.0,14.199,26.22,262.2,1.528608655112843,,,,Sand,,,Sand 4,4,7.22,35.2,-5.76,-33.74
-12.760000000000002,14.22,26.43,0.212,0.7,0.6,0.4,2.3,0.7923,628.0,14.219,26.43,264.3,1.5329756741892953,,,,Sand,,,Sand 4,4,7.22,35.2,-5.76,-33.74
-12.780000000000001,14.24,26.89,0.212,0.7,0.6,0.4,2.4,0.79475,629.0,14.239,26.89,268.9,1.528845235437494,,,,Sand,,,Sand 4,4,7.22,35.2,-5.76,-33.74
-12.8,14.26,27.42,0.215,0.7,0.6,0.4,2.4,0.80804,630.0,14.259,27.42,274.2,1.5283944649703545,,,,Sand,,,Sand 4,4,7.22,35.2,-5.76,-33.74
-12.82,14.28,27.31,0.216,0.6,0.4,0.4,2.3,0.81356,630.0,14.279,27.31,273.1,1.531754369165977,,,,Sand,,,Sand 4,4,7.22,35.2,-5.76,-33.74
-12.84,14.3,26.64,0.219,0.7,0.6,0.4,2.2,0.82759,631.0,14.299,26.64,266.4,1.54451684096063,,,,Sand,,,Sand 4,4,7.22,35.2,-5.76,-33.74
-12.86,14.32,26.09,0.223,0.7,0.6,0.4,2.0,0.8465,632.0,14.319,26.09,260.9,1.5578717889923934,,,,Sand,,,Sand 4,4,7.22,35.2,-5.76,-33.74
-12.879999999999999,14.34,25.86,0.221,0.7,0.6,0.4,2.3,0.84311,633.0,14.339,25.86,258.6,1.559193746151886,,,,Sand,,,Sand 4,4,7.22,35.2,-5.76,-33.74
-12.899999999999999,14.36,25.76,0.221,0.8,0.6,0.6,2.4,0.84472,634.0,14.359,25.76,257.6,1.5609439025377119,,,,Sand,,,Sand 4,4,7.22,35.2,-5.76,-33.74
-12.920000000000002,14.38,25.73,0.221,0.7,0.6,0.4,2.4,0.83935,635.0,14.379,25.73,257.3,1.5592541969499911,,,,Sand,,,Sand 4,4,7.22,35.2,-5.76,-33.74
-12.940000000000001,14.4,25.94,0.221,0.8,0.6,0.6,2.4,0.82903,636.0,14.399,25.94,259.4,1.5529139148693034,,,,Sand,,,Sand 4,4,7.22,35.2,-5.76,-33.74
-12.96,14.42,26.37,0.221,0.8,0.6,0.6,2.0,0.81437,637.0,14.419,26.37,263.7,1.5423773298659118,,,,Sand,,,Sand 4,4,7.22,35.2,-5.76,-33.74
-12.98,14.44,26.91,0.223,0.7,0.6,0.4,2.7,0.80651,637.0,14.439,26.91,269.1,1.533306577241164,,,,Sand,,,Sand 4,4,7.22,35.2,-5.76,-33.74
-13.0,14.46,27.98,0.226,0.8,0.6,0.6,2.8,0.80213,638.0,14.459,27.98,279.8,1.5201206818350768,,,,Sand,,,Sand 4,4,7.22,35.2,-5.76,-33.74
-13.02,14.48,28.71,0.226,0.8,0.6,0.6,2.6,0.78852,639.0,14.479,28.71,287.1,1.5070990199516254,,,,Sand,,,Sand 4,4,7.22,35.2,-5.76,-33.74
-13.04,14.5,29.7,0.226,0.8,0.6,0.6,2.4,0.7779,640.0,14.499,29.7,297.0,1.4928651397355988,,,,Sand,,,Sand 4,4,7.22,35.2,-5.76,-33.74
-13.059999999999999,14.52,29.86,0.224,0.8,0.6,0.6,2.4,0.76477,640.0,14.519,29.86,298.6,1.4858084067227255,,,,Sand,,,Sand 4,4,7.22,35.2,-5.76,-33.74
-13.079999999999998,14.54,29.93,0.227,0.7,0.6,0.4,2.4,0.77687,641.0,14.539,29.93,299.3,1.4902004289764759,,,,Sand,,,Sand 4,4,7.22,35.2,-5.76,-33.74
-13.100000000000001,14.56,29.83,0.228,0.8,0.6,0.6,2.4,0.79167,642.0,14.559,29.83,298.3,1.4972829546235285,,,,Sand,,,Sand 4,4,7.22,35.2,-5.76,-33.74
-13.120000000000001,14.58,29.5,0.226,0.7,0.6,0.4,2.4,0.8047,643.0,14.579,29.5,295.0,1.5057914545730817,,,,Sand,,,Sand 4,4,7.22,35.2,-5.76,-33.74
-13.14,14.6,28.81,0.221,0.8,0.6,0.6,2.4,0.81112,644.0,14.599,28.81,288.1,1.5152082406770317,,,,Sand,,,Sand 4,4,7.22,35.2,-5.76,-33.74
-13.16,14.62,27.42,0.214,1.1,0.8,0.8,2.4,0.81473,645.0,14.619,27.42,274.2,1.5310378163051073,,,,Sand,,,Sand 4,4,7.22,35.2,-5.76,-33.74
-13.18,14.64,25.35,0.207,1.1,0.6,0.6,2.3,0.82257,645.0,14.639,25.35,253.5,1.5572477061421344,,,,Sand,,,Sand 4,4,7.22,35.2,-5.76,-33.74
-13.2,14.66,23.98,0.197,1.1,0.8,0.8,2.3,0.82105,646.0,14.659,23.98,239.8,1.5732842129657576,,,,Sand,,,Sand 4,4,7.22,35.2,-5.76,-33.74
-13.219999999999999,14.68,23.15,0.188,1.1,0.6,0.6,2.4,0.82615,647.0,14.679,23.15,231.5,1.5858500749782813,,,,Sand,,,Sand 4,4,7.22,35.2,-5.76,-33.74
-13.239999999999998,14.7,22.09,0.179,1.1,0.6,0.6,2.4,0.82918,648.0,14.699,22.09,220.9,1.6012359031429513,,,,Sand,,,Sand 4,4,7.22,35.2,-5.76,-33.74
-13.260000000000002,14.72,21.02,0.172,1.1,0.8,0.8,2.4,0.83485,649.0,14.719,21.02,210.2,1.6185553900996312,,,,Sand,,,Sand 4,4,7.22,35.2,-5.76,-33.74
-13.280000000000001,14.74,20.13,0.166,0.8,0.6,0.6,2.3,0.84216,650.0,14.739,20.13,201.3,1.6345791977802102,,,,Sand,,,Sand 4,4,7.22,35.2,-5.76,-33.74
-13.3,14.76,18.91,0.156,0.8,0.6,0.6,2.4,0.82616,650.0,14.759,18.91,189.1,1.6483021629581307,,,,Sand,,,Sand 4,4,7.22,35.2,-5.76,-33.74
-13.32,14.78,18.07,0.153,0.8,0.6,0.6,2.4,0.84327,651.0,14.779,18.07,180.7,1.6687450635371466,,,,Sand,,,Sand 4,4,7.22,35.2,-5.76,-33.74
-13.34,14.8,17.47,0.15,0.7,0.6,0.4,2.3,0.85623,652.0,14.799,17.47,174.7,1.683962420653716,,,,Sand,,,Sand 4,4,7.22,35.2,-5.76,-33.74
-13.36,14.82,16.85,0.146,0.8,0.6,0.6,2.0,0.85876,653.0,14.819,16.85,168.5,1.6963089174643675,,,,Sand,,,Sand 4,4,7.22,35.2,-5.76,-33.74
-13.379999999999999,14.84,16.52,0.141,1.0,0.6,0.8,2.2,0.84799,654.0,14.839,16.52,165.2,1.69890556627575,,,,Sand,,,Sand 4,4,7.22,35.2,-5.76,-33.74
-13.399999999999999,14.86,16.18,0.135,1.1,0.8,0.8,2.4,0.82367,655.0,14.859,16.18,161.8,1.6970888664972272,,,,Sand,,,Sand 4,4,7.22,35.2,-5.76,-33.74
-13.420000000000002,14.88,16.02,0.132,0.8,0.6,0.6,2.4,0.81356,656.0,14.879,16.02,160.2,1.696720241829034,,,,Sand,,,Sand 4,4,7.22,35.2,-5.76,-33.74
-13.440000000000001,14.9,15.99,0.129,0.8,0.6,0.6,2.4,0.79975,656.0,14.899,15.99,159.9,1.6923846954984105,,,,Sand,,,Sand 4,4,7.22,35.2,-5.76,-33.74
-13.46,14.92,15.92,0.128,0.8,0.6,0.6,2.1,0.7959,657.0,14.919,15.92,159.2,1.6924219869813724,,,,Sand,,,Sand 4,4,7.22,35.2,-5.76,-33.74
-13.48,14.94,16.17,0.125,1.1,0.8,0.8,2.8,0.77634,658.0,14.939,16.17,161.70000000000002,1.6801987308047945,,,,Sand,,,Sand 4,4,7.22,35.2,-5.76,-33.74
-13.5,14.96,16.15,0.122,1.0,0.8,0.6,2.8,0.75425,659.0,14.959,16.15,161.49999999999997,1.6723481837110132,,,,Sand,,,Sand 4,4,7.22,35.2,-5.76,-33.74
-13.52,14.98,16.09,0.121,1.0,0.6,0.8,2.5,0.74165,660.0,14.979,16.09,160.9,1.6687793417996426,,,,Sand,,,Sand 4,4,7.22,35.2,-5.76,-33.74
-13.54,15.0,16.14,0.124,0.8,0.6,0.6,2.3,0.75032,660.0,14.999,16.14,161.4,1.671063267632365,,,,Sand,,,Sand 4,4,7.22,35.2,-5.76,-33.74
-13.559999999999999,15.02,16.33,0.127,0.7,0.6,0.4,2.3,0.75714,661.0,15.019,16.33,163.29999999999998,1.6698119744583597,,,,Sand,,,Sand 4,4,7.22,35.2,-5.76,-33.74
-13.579999999999998,15.04,16.61,0.129,1.1,0.8,0.8,2.4,0.75544,662.0,15.039,16.61,166.1,1.6636163152227896,,,,Sand,,,Sand 4,4,7.22,35.2,-5.76,-33.74
-13.600000000000001,15.06,17.11,0.133,1.1,0.6,0.8,2.4,0.76327,663.0,15.059,17.11,171.1,1.656939871005205,,,,Sand,,,Sand 4,4,7.22,35.2,-5.76,-33.74
-13.620000000000001,15.08,17.61,0.134,1.1,0.6,0.6,2.4,0.75165,664.0,15.079,17.61,176.1,1.6431723845684942,,,,Sand,,,Sand 4,4,7.22,35.2,-5.76,-33.74
-13.64,15.1,18.15,0.138,1.1,0.8,0.8,2.4,0.75606,665.0,15.099,18.15,181.5,1.6351286431194154,,,,Sand,,,Sand 4,4,7.22,35.2,-5.76,-33.74
-13.66,15.12,18.57,0.142,1.1,0.8,0.8,2.3,0.76043,665.0,15.119,18.57,185.7,1.6294736257701137,,,,Sand,,,Sand 4,4,7.22,35.2,-5.76,-33.74
-13.68,15.14,18.88,0.145,1.1,0.6,0.6,2.4,0.76105,666.0,15.139,18.88,188.8,1.6244205932351885,,,,Sand,,,Sand 4,4,7.22,35.2,-5.76,-33.74
-13.7,15.16,19.36,0.148,1.1,0.8,0.8,2.3,0.76353,667.0,15.159,19.36,193.6,1.6173862751922083,,,,Sand,,,Sand 4,4,7.22,35.2,-5.76,-33.74
-13.719999999999999,15.18,19.73,0.15,1.1,0.8,0.8,2.3,0.76253,668.0,15.179,19.73,197.3,1.6109924630038794,,,,Sand,,,Sand 4,4,7.22,35.2,-5.76,-33.74
-13.739999999999998,15.2,19.98,0.151,1.1,0.8,0.8,2.4,0.75703,669.0,15.199,19.98,199.8,1.6048540455659972,,,,Sand,,,Sand 4,4,7.22,35.2,-5.76,-33.74
-13.760000000000002,15.22,20.14,0.154,1.0,0.8,0.6,2.4,0.76261,670.0,15.219,20.14,201.4,1.6045211499400969,,,,Sand,,,Sand 4,4,7.22,35.2,-5.76,-33.74
-13.780000000000001,15.24,20.26,0.156,1.0,0.6,0.8,2.4,0.76616,670.0,15.239,20.26,202.6,1.60403531499335,,,,Sand,,,Sand 4,4,7.22,35.2,-5.76,-33.74
-13.8,15.26,20.45,0.158,0.8,0.6,0.6,2.4,0.77092,671.0,15.259,20.45,204.5,1.6029540275753322,,,,Sand,,,Sand 4,4,7.22,35.2,-5.76,-33.74
-13.82,15.28,20.77,0.162,1.1,0.8,0.8,2.3,0.78555,672.0,15.279,20.77,207.7,1.603750388069062,,,,Sand,,,Sand 4,4,7.22,35.2,-5.76,-33.74
-13.84,15.3,20.86,0.163,1.1,0.8,0.8,2.4,0.78441,673.0,15.299,20.86,208.6,1.6019625278670224,,,,Sand,,,Sand 4,4,7.22,35.2,-5.76,-33.74
-13.86,15.32,20.7,0.166,1.1,0.8,0.8,2.0,0.79156,674.0,15.319,20.7,207.0,1.607106263919588,,,,Sand,,,Sand 4,4,7.22,35.2,-5.76,-33.74
-13.879999999999999,15.34,20.8,0.165,1.1,0.6,0.8,2.1,0.78005,675.0,15.339,20.8,208.0,1.6011790669538761,,,,Sand,,,Sand 4,4,7.22,35.2,-5.76,-33.74
-13.899999999999999,15.36,21.0,0.165,1.1,0.8,0.8,2.3,0.77465,676.0,15.359,21.0,210.0,1.5960938610994082,,,,Sand,,,Sand 4,4,7.22,35.2,-5.76,-33.74
-13.920000000000002,15.38,21.4,0.163,1.1,0.8,0.8,2.3,0.76133,676.0,15.379,21.4,214.0,1.5849667875294067,,,,Sand,,,Sand 4,4,7.22,35.2,-5.76,-33.74
-13.940000000000001,15.4,21.79,0.162,1.1,0.8,0.8,2.4,0.75301,677.0,15.399,21.79,217.9,1.5760119188123969,,,,Sand,,,Sand 4,4,7.22,35.2,-5.76,-33.74
-13.96,15.42,21.9,0.161,1.1,0.6,0.6,2.2,0.74567,678.0,15.419,21.9,219.0,1.5714816974905974,,,,Sand,,,Sand 4,4,7.22,35.2,-5.76,-33.74
-13.98,15.44,21.95,0.16,1.1,0.8,1.0,2.4,0.74186,679.0,15.439,21.95,219.5,1.569223374248903,,,,Sand,,,Sand 4,4,7.22,35.2,-5.76,-33.74
-14.0,15.46,21.74,0.159,1.1,0.8,0.8,2.8,0.74199,680.0,15.459,21.74,217.4,1.5722814196445019,,,,Sand,,,Sand 4,4,7.22,35.2,-5.76,-33.74
-14.02,15.48,21.53,0.153,1.1,0.8,0.8,2.5,0.72405,680.0,15.479,21.53,215.3,1.5679824669600484,,,,Sand,,,Sand 4,4,7.22,35.2,-5.76,-33.74
-14.04,15.5,21.42,0.155,1.1,0.8,0.8,2.3,0.74811,681.0,15.499,21.42,214.2,1.5793963136583167,,,,Sand,,,Sand 4,4,7.22,35.2,-5.76,-33.74
-14.059999999999999,15.52,20.81,0.152,1.1,0.8,0.8,2.4,0.74918,682.0,15.519,20.81,208.1,1.5888977612521247,,,,Sand,,,Sand 4,4,7.22,35.2,-5.76,-33.74
-14.079999999999998,15.54,20.29,0.16,1.1667,0.2,0.4,2.3,0.8063,683.0,15.539,20.29,202.9,1.6189217901708735,,,,Sand,,,Sand 4,4,7.22,35.2,-5.76,-33.74
-14.100000000000001,15.56,19.41,0.141,1.2333,0.8,0.8,2.4,0.72972,684.0,15.559,19.41,194.1,1.6032127418838906,,,,Sand,,,Sand 4,4,7.22,35.2,-5.76,-33.74
-14.120000000000001,15.58,18.6,0.135,1.3,0.8,1.0,2.4,0.71823,685.0,15.579,18.6,186.0,1.6123003385151713,,,,Sand,,,Sand 4,4,7.22,35.2,-5.76,-33.74
-14.14,15.6,18.51,0.119,1.3,0.8,0.8,2.4,0.64961,685.0,15.599,18.51,185.1,1.5851192144716117,,,,Sand,,,Sand 4,4,7.22,35.2,-5.76,-33.74
-14.16,15.62,18.18,0.114,1.3,0.8,0.8,2.4,0.63723,686.0,15.619,18.18,181.8,1.5856436268414817,,,,Sand,,,Sand 4,4,7.22,35.2,-5.76,-33.74
-14.18,15.64,17.36,0.116,1.3,0.8,1.0,2.3,0.66177,687.0,15.639,17.36,173.6,1.611545564448741,,,,Sand,,,Sand 4,4,7.22,35.2,-5.76,-33.74
-14.2,15.66,17.21,0.128,1.1,0.8,0.8,2.4,0.74338,688.0,15.659,17.21,172.1,1.647433770603093,,,,Sand,,,Sand 4,4,7.22,35.2,-5.76,-33.74
-14.219999999999999,15.68,16.99,0.131,1.1,0.6,0.8,2.4,0.77814,689.0,15.678,16.99,169.9,1.6648032198519604,,,,Sand,,,Sand 4,4,7.22,35.2,-5.76,-33.74
-14.239999999999998,15.7,16.86,0.125,1.1,0.8,0.8,2.3,0.76121,690.0,15.698,16.86,168.6,1.660938057531838,,,,Sand,,,Sand 4,4,7.22,35.2,-5.76,-33.74
-14.260000000000002,15.72,16.52,0.117,1.1,0.6,0.8,2.3,0.72892,690.0,15.718,16.52,165.2,1.6551962257669628,,,,Sand,,,Sand 4,4,7.22,35.2,-5.76,-33.74
-14.280000000000001,15.74,16.12,0.113,1.1,0.8,0.8,2.4,0.7232,691.0,15.738,16.12,161.20000000000002,1.6610375613692525,,,,Sand,,,Sand 4,4,7.22,35.2,-5.76,-33.74
-14.3,15.76,15.44,0.113,1.1,0.8,0.8,2.4,0.74489,692.0,15.758,15.44,154.4,1.6836062494025852,,,,Sand,,,Sand 4,4,7.22,35.2,-5.76,-33.74
-14.32,15.78,14.87,0.113,1.1,0.6,0.8,2.4,0.76982,693.0,15.778,14.87,148.7,1.7053134204561313,,,,Sand,,,Sand 4,4,7.22,35.2,-5.76,-33.74
-14.34,15.8,14.4,0.112,1.1,0.8,0.8,2.4,0.79159,694.0,15.798,14.4,144.0,1.7237853321923269,,,,Sand,,,Sand 4,4,7.22,35.2,-5.76,-33.74
-14.36,15.82,13.8,0.107,1.1,0.6,0.6,1.9,0.78648,695.0,15.818,13.8,138.0,1.7360819827993226,,,,Sand,,,Sand 4,4,7.22,35.2,-5.76,-33.74
-14.379999999999999,15.84,13.35,0.105,1.1,0.8,1.0,2.2,0.80137,696.0,15.838,13.35,133.5,1.7523502558090667,,,,Sand,,,Sand 4,4,7.22,35.2,-5.76,-33.74
-14.399999999999999,15.86,12.93,0.101,1.1,0.8,0.8,2.4,0.79905,697.0,15.858,12.93,129.3,1.7622221352424712,,,,Sand,,,Sand 4,4,7.22,35.2,-5.76,-33.74
-14.420000000000002,15.88,12.28,0.095,1.1,0.8,0.8,2.3,0.77726,697.0,15.878,12.28,122.8,1.77199624646346,,,,Sand,,,Sand 4,4,7.22,35.2,-5.76,-33.74
-14.440000000000001,15.9,11.77,0.093,1.1,0.8,0.8,2.3,0.78159,698.0,15.898,11.77,117.7,1.7878894676272579,,,,Sand,,,Sand 4,4,7.22,35.2,-5.76,-33.74
-14.46,15.92,11.42,0.093,1.1667,0.6,0.8,2.5,0.79888,699.0,15.918,11.42,114.2,1.8040653705567224,,,,Sand,,,Sand 4,4,7.22,35.2,-5.76,-33.74
-14.48,15.94,11.17,0.091,1.2333,0.8,0.8,2.8,0.79624,700.0,15.938,11.17,111.7,1.810710470611285,,,,Sand,,,Sand 4,4,7.22,35.2,-5.76,-33.74
-14.5,15.96,11.06,0.088,1.3,0.8,1.0,2.5,0.78066,700.0,15.958,11.06,110.6,1.8087968314416945,,,,Sand,,,Sand 4,4,7.22,35.2,-5.76,-33.74
-14.52,15.98,11.21,0.085,1.1,0.8,0.8,2.4,0.76182,701.0,15.978,11.21,112.1,1.797664835553938,,,,Sand,,,Sand 4,4,7.22,35.2,-5.76,-33.74
-14.54,16.0,11.29,0.085,1.1,0.8,0.8,2.3,0.76775,702.0,15.998,11.29,112.9,1.7972944455719138,,,,Sand,,,Sand 4,4,7.22,35.2,-5.76,-33.74
-14.559999999999999,16.02,11.23,0.085,1.1,0.6,0.6,2.4,0.77229,703.0,16.018,11.23,112.3,1.8006940540631182,,,,Sand,,,Sand 4,4,7.22,35.2,-5.76,-33.74
-14.579999999999998,16.04,11.03,0.087,1.1,0.8,0.8,2.3,0.79407,704.0,16.038,11.03,110.3,1.8142834327188222,,,,Sand,,,Sand 4,4,7.22,35.2,-5.76,-33.74
-14.599999999999998,16.06,10.85,0.089,1.1,0.8,0.8,2.4,0.81736,705.0,16.058,10.85,108.5,1.8276629613068602,,,,Sand,,,Sand 4,4,7.22,35.2,-5.76,-33.74
-14.619999999999997,16.08,10.73,0.088,1.1,0.8,0.8,2.3,0.81331,706.0,16.078,10.73,107.3,1.8301235038946455,,,,Sand,,,Sand 4,4,7.22,35.2,-5.76,-33.74
-14.64,16.1,10.65,0.088,1.1,0.8,0.8,2.4,0.81727,706.0,16.098,10.65,106.5,1.8339825270647354,,,,Sand,,,Sand 4,4,7.22,35.2,-5.76,-33.74
-14.66,16.12,10.66,0.092,1.3,0.8,1.0,2.3,0.85561,707.0,16.118,10.66,106.6,1.846023813282689,,,,Sand,,,Sand 4,4,7.22,35.2,-5.76,-33.74
-14.68,16.14,10.67,0.096,1.3,0.6,0.8,2.4,0.89147,708.0,16.138,10.67,106.7,1.8568897671796323,,,,Sand,,,Sand 4,4,7.22,35.2,-5.76,-33.74
-14.7,16.16,10.74,0.098,1.3,1.0,1.0,2.4,0.90667,709.0,16.158,10.74,107.4,1.8593265999062154,,,,Sand,,,Sand 4,4,7.22,35.2,-5.76,-33.74
-14.719999999999999,16.18,10.81,0.1,1.3,0.8,1.0,2.4,0.92039,710.0,16.178,10.81,108.1,1.8612861351887233,,,,Sand,,,Sand 4,4,7.22,35.2,-5.76,-33.74
-14.739999999999998,16.2,10.91,0.101,1.3,0.8,0.8,2.3,0.92417,710.0,16.198,10.91,109.1,1.8593368264031018,,,,Sand,,,Sand 4,4,7.22,35.2,-5.76,-33.74
-14.759999999999998,16.22,10.98,0.101,1.3,0.8,1.0,2.4,0.91818,711.0,16.218,10.98,109.8,1.8553964314521252,,,,Sand,,,Sand 4,4,7.22,35.2,-5.76,-33.74
-14.779999999999998,16.24,11.05,0.105,1.3,0.8,1.0,2.3,0.95238,712.0,16.238,11.05,110.5,1.8634487503452868,,,,Sand,,,Sand 4,4,7.22,35.2,-5.76,-33.74
-14.8,16.26,11.1,0.106,1.3,0.8,1.0,2.3,0.95636,713.0,16.258,11.1,111.0,1.863114695596365,,,,Sand,,,Sand 4,4,7.22,35.2,-5.76,-33.74
-14.82,16.28,11.17,0.108,1.3,0.8,1.0,2.4,0.97013,714.0,16.278,11.17,111.7,1.86503921405719,,,,Sand,,,Sand 4,4,7.22,35.2,-5.76,-33.74
-14.84,16.3,11.24,0.108,1.1,0.8,0.8,2.4,0.9659,715.0,16.298,11.24,112.4,1.8617426750641377,,,,Sand,,,Sand 4,4,7.22,35.2,-5.76,-33.74
-14.86,16.32,10.94,0.108,1.1,0.8,0.8,2.0,0.96246,716.0,16.318,10.94,109.4,1.869716909432671,,,,Sand,,,Sand 4,4,7.22,35.2,-5.76,-33.74
-14.879999999999999,16.34,11.28,0.109,1.1,0.8,0.8,2.2,0.96738,717.0,16.338,11.28,112.8,1.8609975462109123,,,,Sand,,,Sand 4,4,7.22,35.2,-5.76,-33.74
-14.899999999999999,16.36,11.3,0.11,1.3,0.8,1.0,2.4,0.9727,717.0,16.358,11.3,113.0,1.861955895965604,,,,Sand,,,Sand 4,4,7.22,35.2,-5.76,-33.74
-14.919999999999998,16.38,11.37,0.112,1.3,0.8,0.8,2.4,0.98765,718.0,16.378,11.37,113.7,1.8642247922949642,,,,Sand,,,Sand 4,4,7.22,35.2,-5.76,-33.74
-14.939999999999998,16.4,11.37,0.111,1.3,0.8,0.8,2.1,0.97294,719.0,16.398,11.37,113.7,1.8599853194178042,,,,Sand,,,Sand 4,4,7.22,35.2,-5.76,-33.74
-14.96,16.42,11.47,0.112,1.3,0.8,1.0,2.8,0.97913,720.0,16.418,11.47,114.7,1.8588883029975236,,,,Sand,,,Sand 4,4,7.22,35.2,-5.76,-33.74
-14.98,16.44,11.5,0.113,1.3,0.8,1.0,2.7,0.98529,721.0,16.438,11.5,115.0,1.859803844867636,,,,Sand,,,Sand 4,4,7.22,35.2,-5.76,-33.74
-15.0,16.46,11.49,0.114,1.2827,0.6,0.6,2.5,0.99141,721.0,16.458,11.49,114.9,1.8618457775867319,,,,Sand,,,Sand 4,4,7.22,35.2,-5.76,-33.74
-15.02,16.48,11.49,0.114,1.2655,0.8,1.0,2.3,0.9883,722.0,16.478,11.49,114.9,1.8609547030007478,,,,Sand,,,Sand 4,4,7.22,35.2,-5.76,-33.74
-15.04,16.5,11.52,0.114,1.2482,0.8,0.8,2.4,0.98552,723.0,16.498,11.52,115.2,1.8592982343600692,,,,Sand,,,Sand 4,4,7.22,35.2,-5.76,-33.74
-15.059999999999999,16.52,11.54,0.115,1.2556,0.8,0.8,2.4,0.99074,724.0,16.518,11.54,115.4,1.8602264568180285,,,,Sand,,,Sand 4,4,7.22,35.2,-5.76,-33.74
-15.079999999999998,16.54,11.61,0.115,1.3,0.8,1.0,2.3,0.98649,725.0,16.538,11.61,116.1,1.857018455420033,,,,Sand,,,Sand 4,4,7.22,35.2,-5.76,-33.74
-15.099999999999998,16.56,11.66,0.117,1.3,0.8,1.0,2.4,0.99851,725.0,16.558,11.66,116.6,1.859052252967139,,,,Sand,,,Sand 4,4,7.22,35.2,-5.76,-33.74
-15.119999999999997,16.58,11.73,0.118,1.3,0.8,0.8,2.3,1.0015,726.0,16.578,11.73,117.3,1.8579437045993477,,,,Sand,,,Sand 4,4,7.22,35.2,-5.76,-33.74
-15.14,16.6,11.82,0.118,1.3,0.8,1.0,2.4,0.99515,727.0,16.598,11.82,118.2,1.8536262920560491,,,,Sand,,,Sand 4,4,7.22,35.2,-5.76,-33.74
-15.16,16.62,11.89,0.12,1.3,0.8,1.0,2.4,1.0051,728.0,16.618,11.89,118.9,1.85453853172773,,,,Sand,,,Sand 4,4,7.22,35.2,-5.76,-33.74
-15.18,16.64,11.97,0.121,1.3,0.6,0.8,2.3,1.0046,729.0,16.638,11.97,119.7,1.8522065789225988,,,,Sand,,,Sand 4,4,7.22,35.2,-5.76,-33.74
-15.2,16.66,12.04,0.122,1.3,0.8,1.0,2.4,1.002,730.0,16.658,12.04,120.4,1.8495612323792077,,,,Sand,,,Sand 4,4,7.22,35.2,-5.76,-33.74
-15.219999999999999,16.68,12.14,0.123,1.3,0.8,1.0,2.4,0.99736,730.0,16.678,12.14,121.4,1.845532420629633,,,,Sand,,,Sand 4,4,7.22,35.2,-5.76,-33.74
-15.239999999999998,16.7,12.26,0.124,1.3333,0.6,0.6,2.4,0.98913,731.0,16.698,12.26,122.6,1.839948190624388,,,,Sand,,,Sand 4,4,7.22,35.2,-5.76,-33.74
-15.259999999999998,16.72,12.51,0.125,1.3667,0.8,0.8,2.3,0.97628,732.0,16.718,12.51,125.1,1.8296154526914457,,,,Sand,,,Sand 4,4,7.22,35.2,-5.76,-33.74
-15.279999999999998,16.74,12.78,0.127,1.4,1.0,1.0,2.4,0.96395,733.0,16.738,12.78,127.8,1.8190094474800704,,,,Sand,,,Sand 4,4,7.22,35.2,-5.76,-33.74
-15.3,16.76,13.07,0.127,1.3,0.8,1.0,2.3,0.92972,734.0,16.758,13.07,130.7,1.8013191480506947,,,,Sand,,,Sand 4,4,7.22,35.2,-5.76,-33.74
-15.32,16.78,13.52,0.13,1.3,0.8,0.8,2.4,0.9079,735.0,16.778,13.52,135.2,1.7834676862215204,,,,Sand,,,Sand 4,4,7.22,35.2,-5.76,-33.74
-15.34,16.8,14.11,0.132,1.3,0.8,1.0,2.3,0.87021,735.0,16.798,14.11,141.1,1.757377845076462,,,,Sand,,,Sand 4,4,7.22,35.2,-5.76,-33.74
-15.36,16.82,15.01,0.139,1.3,0.8,1.0,2.2,0.86289,736.0,16.818,15.01,150.1,1.7348440516107548,,,,Sand,,,Sand 4,4,7.22,35.2,-5.76,-33.74
-15.379999999999999,16.84,16.02,0.142,1.3,0.8,1.0,2.0,0.8295,737.0,16.838,16.02,160.2,1.7023459490152908,,,,Sand,,,Sand 4,4,7.22,35.2,-5.76,-33.74
-15.399999999999999,16.86,17.53,0.149,1.3,0.8,1.0,2.3,0.82241,738.0,16.858,17.53,175.3,1.6709387856060227,,,,Sand,,,Sand 4,4,7.22,35.2,-5.76,-33.74
-15.419999999999998,16.88,19.31,0.161,1.3,0.8,1.0,2.4,0.84288,739.0,16.878,19.31,193.1,1.6477714570146356,,,,Sand,,,Sand 4,4,7.22,35.2,-5.76,-33.74
-15.439999999999998,16.9,20.3,0.174,1.3,0.8,0.8,2.3,0.86897,740.0,16.898,20.3,203.0,1.6415564411693684,,,,Sand,,,Sand 4,4,7.22,35.2,-5.76,-33.74
-15.46,16.92,21.15,0.185,1.3,0.8,1.0,2.1,0.88681,741.0,16.918,21.15,211.5,1.6352805914433162,,,,Sand,,,Sand 4,4,7.22,35.2,-5.76,-33.74
-15.48,16.94,21.51,0.198,1.3,0.8,1.0,2.5,0.91922,741.0,16.938,21.51,215.1,1.641361771875429,,,,Sand,,,Sand 4,4,7.22,35.2,-5.76,-33.74
-15.5,16.96,21.98,0.206,1.3,0.6,0.8,2.9,0.93429,742.0,16.958,21.98,219.8,1.6399903096127495,,,,Sand,,,Sand 4,4,7.22,35.2,-5.76,-33.74
-15.52,16.98,22.39,0.21,1.3,0.8,0.8,2.5,0.93085,743.0,16.978,22.39,223.9,1.633313742585429,,,,Sand,,,Sand 4,4,7.22,35.2,-5.76,-33.74
-15.54,17.0,22.72,0.21,1.3,0.8,1.0,2.3,0.9084,744.0,16.998,22.72,227.2,1.6212413141408237,,,,Sand,,,Sand 4,4,7.22,35.2,-5.76,-33.74
-15.559999999999999,17.02,22.96,0.205,1.3,0.8,0.8,2.4,0.8623,745.0,17.018,22.96,229.6,1.601714602559121,,,,Sand,,,Sand 4,4,7.22,35.2,-5.76,-33.74
-15.579999999999998,17.04,23.38,0.204,1.3,0.6,0.8,2.4,0.83821,745.0,17.038,23.38,233.8,1.5873875178167673,,,,Sand,,,Sand 4,4,7.22,35.2,-5.76,-33.74
-15.599999999999998,17.06,24.39,0.2,1.3,0.8,1.0,2.3,0.80609,746.0,17.058,24.39,243.9,1.5624244461612307,,,,Sand,,,Sand 4,4,7.22,35.2,-5.76,-33.74
-15.619999999999997,17.08,25.61,0.195,1.3,0.8,1.0,2.4,0.77258,747.0,17.078,25.61,256.1,1.53444222322346,,,,Sand,,,Sand 4,4,7.22,35.2,-5.76,-33.74
-15.64,17.1,26.76,0.19,1.3,0.8,1.0,2.4,0.7411,748.0,17.098,26.76,267.6,1.508199814621646,,,,Sand,,,Sand 4,4,7.22,35.2,-5.76,-33.74
-15.66,17.12,26.49,0.189,1.3,0.8,1.0,2.3,0.72661,749.0,17.118,26.49,264.9,1.5050747622710445,,,,Sand,,,Sand 4,4,7.22,35.2,-5.76,-33.74
-15.68,17.14,26.18,0.192,1.4,1.0,1.0,2.4,0.73011,750.0,17.138,26.18,261.8,1.5101318072931453,,,,Sand,,,Sand 4,4,7.22,35.2,-5.76,-33.74
-15.7,17.16,26.15,0.197,1.4,0.8,1.0,2.3,0.7441,750.0,17.158,26.15,261.5,1.516401906374001,,,,Sand,,,Sand 4,4,7.22,35.2,-5.76,-33.74
-15.719999999999999,17.18,26.14,0.2,1.4,1.0,1.2,2.3,0.75209,751.0,17.178,26.14,261.4,1.5198595463485016,,,,Sand,,,Sand 4,4,7.22,35.2,-5.76,-33.74
-15.739999999999998,17.2,26.37,0.204,1.4,1.0,1.0,2.4,0.76059,752.0,17.198,26.37,263.7,1.520757254872199,,,,Sand,,,Sand 4,4,7.22,35.2,-5.76,-33.74
-15.759999999999998,17.22,26.68,0.211,1.3,0.8,1.0,2.4,0.7752,753.0,17.218,26.68,266.8,1.523268502683586,,,,Sand,,,Sand 4,4,7.22,35.2,-5.76,-33.74
-15.779999999999998,17.24,27.03,0.211,1.3,0.8,1.0,2.4,0.75858,754.0,17.238,27.03,270.3,1.5125365077052495,,,,Sand,,,Sand 4,4,7.22,35.2,-5.76,-33.74
-15.8,17.26,27.7,0.213,1.3,0.8,1.0,2.4,0.74688,755.0,17.258,27.7,277.0,1.5003316974394394,,,,Sand,,,Sand 4,4,7.22,35.2,-5.76,-33.74
-15.82,17.28,28.32,0.218,1.3333,0.8,0.8,2.3,0.74674,755.0,17.278,28.32,283.2,1.49370463096084,,,,Sand,,,Sand 4,4,7.22,35.2,-5.76,-33.74
-15.84,17.3,29.36,0.224,1.3667,0.8,1.0,2.3,0.75168,756.0,17.298,29.36,293.6,1.4851872808371258,,,,Sand,,,Sand 4,4,7.22,35.2,-5.76,-33.74
-15.86,17.32,30.92,0.228,1.4,1.0,1.0,2.2,0.75266,757.0,17.318,30.92,309.2,1.4705304055615682,,,,Sand,,,Sand 4,4,7.22,35.2,-5.76,-33.74
-15.879999999999999,17.34,31.77,0.238,1.3,0.8,1.0,2.0,0.77724,758.0,17.338,31.77,317.7,1.473201750698195,,,,Sand,,,Sand 4,4,7.22,35.2,-5.76,-33.74
-15.899999999999999,17.36,31.77,0.244,1.3,0.8,1.0,2.2,0.79285,759.0,17.358,31.77,317.7,1.479722688616041,,,,Sand,,,Sand 4,4,7.22,35.2,-5.76,-33.74
-15.919999999999998,17.38,31.53,0.246,1.3,0.8,1.0,2.4,0.79987,760.0,17.378,31.53,315.3,1.484772614460449,,,,Sand,,,Sand 4,4,7.22,35.2,-5.76,-33.74
-15.939999999999998,17.4,30.97,0.257,1.3,0.8,1.0,2.4,0.84238,761.0,17.398,30.97,309.7,1.5068990707738876,,,,Sand,,,Sand 4,4,7.22,35.2,-5.76,-33.74
-15.96,17.42,30.33,0.26,1.3,0.8,1.0,2.4,0.86397,761.0,17.418,30.33,303.3,1.5211460449212602,,,,Sand,,,Sand 4,4,7.22,35.2,-5.76,-33.74
-15.98,17.44,29.55,0.262,1.3,0.8,1.0,2.2,0.88361,762.0,17.438,29.55,295.5,1.5359196526242587,,,,Sand,,,Sand 4,4,7.22,35.2,-5.76,-33.74
-16.0,17.46,29.2,0.258,1.3,0.8,0.8,2.2,0.88239,763.0,17.458,29.2,292.0,1.5388372875260856,,,,Sand,,,Sand 4,4,7.22,35.2,-5.76,-33.74
-16.02,17.48,28.95,0.257,1.3,1.0,1.0,2.8,0.88962,764.0,17.478,28.95,289.5,1.5439597992936964,,,,Sand,,,Sand 4,4,7.22,35.2,-5.76,-33.74
-16.04,17.5,28.45,0.255,1.3,0.8,1.0,2.7,0.89161,765.0,17.498,28.45,284.5,1.5496445402637182,,,,Sand,,,Sand 4,4,7.22,35.2,-5.76,-33.74
-16.06,17.52,28.23,0.255,1.5,1.0,1.2,2.3,0.89816,765.0,17.518,28.23,282.3,1.5542552048645901,,,,Sand,,,Sand 4,4,7.22,35.2,-5.76,-33.74
-16.08,17.54,28.23,0.252,1.3,0.8,1.0,2.4,0.8933,766.0,17.538,28.23,282.3,1.5524770755592217,,,,Sand,,,Sand 4,4,7.22,35.2,-5.76,-33.74
-16.099999999999998,17.56,28.17,0.249,1.3,0.8,1.0,2.4,0.88802,767.0,17.558,28.17,281.7,1.5511436405011494,,,,Sand,,,Sand 4,4,7.22,35.2,-5.76,-33.74
-16.119999999999997,17.58,28.02,0.244,1.3,0.8,1.0,2.4,0.87353,768.0,17.578,28.02,280.2,1.5473001032220068,,,,Sand,,,Sand 4,4,7.22,35.2,-5.76,-33.74
-16.14,17.6,27.88,0.242,1.3,0.8,1.0,2.4,0.86917,769.0,17.598,27.88,278.8,1.5471097823719735,,,,Sand,,,Sand 4,4,7.22,35.2,-5.76,-33.74
-16.16,17.62,27.75,0.242,1.5,1.0,1.2,2.3,0.8725,770.0,17.618,27.75,277.5,1.5496984511440846,,,,Sand,,,Sand 4,4,7.22,35.2,-5.76,-33.74
-16.18,17.64,27.59,0.24,1.5,1.0,1.2,2.4,0.86894,770.0,17.638,27.59,275.9,1.5500352881374797,,,,Sand,,,Sand 4,4,7.22,35.2,-5.76,-33.74
-16.2,17.66,27.59,0.24,1.4667,0.8,1.0,2.4,0.87308,771.0,17.658,27.59,275.9,1.5515793712663684,,,,Sand,,,Sand 4,4,7.22,35.2,-5.76,-33.74
-16.22,17.68,27.51,0.238,1.4333,0.8,1.2,2.3,0.8702,772.0,17.678,27.51,275.1,1.5513433055180867,,,,Sand,,,Sand 4,4,7.22,35.2,-5.76,-33.74
-16.24,17.7,27.38,0.238,1.4,0.8,1.0,2.4,0.87416,773.0,17.698,27.38,273.8,1.5541837670637906,,,,Sand,,,Sand 4,4,7.22,35.2,-5.76,-33.74
-16.259999999999998,17.72,27.24,0.238,1.4,1.0,1.2,2.3,0.87697,774.0,17.718,27.24,272.4,1.5567048010505882,,,,Sand,,,Sand 4,4,7.22,35.2,-5.76,-33.74
-16.279999999999998,17.74,26.97,0.239,1.4,0.8,1.2,2.4,0.88159,775.0,17.738,26.97,269.7,1.5612862598938433,,,,Sand,,,Sand 4,4,7.22,35.2,-5.76,-33.74
-16.3,17.76,26.77,0.239,1.5,1.0,1.2,2.4,0.88001,775.0,17.758,26.77,267.7,1.5628590165506124,,,,Sand,,,Sand 4,4,7.22,35.2,-5.76,-33.74
-16.32,17.78,26.76,0.24,1.5,1.0,1.2,2.4,0.87868,776.0,17.778,26.76,267.6,1.5624779061655796,,,,Sand,,,Sand 4,4,7.22,35.2,-5.76,-33.74
-16.34,17.8,26.89,0.246,1.5,0.8,1.0,2.3,0.89163,777.0,17.798,26.89,268.9,1.5658171880563991,,,,Sand,,,Sand 4,4,7.22,35.2,-5.76,-33.74
-16.36,17.82,27.36,0.254,1.5,0.8,1.0,2.3,0.90545,778.0,17.818,27.36,273.6,1.5658413563343851,,,,Sand,,,Sand 4,4,7.22,35.2,-5.76,-33.74
-16.38,17.84,27.9,0.258,1.5,1.0,1.2,2.0,0.89739,779.0,17.838,27.9,279.0,1.5573283867521328,,,,Sand,,,Sand 4,4,7.22,35.2,-5.76,-33.74
-16.4,17.86,28.62,0.263,1.4778,1.0,1.0,2.1,0.889,780.0,17.858,28.62,286.2,1.546987319512171,,,,Sand,,,Sand 4,4,7.22,35.2,-5.76,-33.74
-16.419999999999998,17.88,29.45,0.272,1.4555,1.0,1.0,2.4,0.89279,781.0,17.878,29.45,294.5,1.5402870518362577,,,,Sand,,,Sand 4,4,7.22,35.2,-5.76,-33.74
-16.439999999999998,17.9,30.67,0.286,1.4333,0.8,1.0,2.3,0.91079,782.0,17.898,30.67,306.7,1.535538737826738,,,,Sand,,,Sand 4,4,7.22,35.2,-5.76,-33.74
-16.46,17.92,32.35,0.287,1.4667,1.0,1.2,2.4,0.88584,782.0,17.918,32.35,323.5,1.5114760184883975,,,,Sand,,,Sand 4,4,7.22,35.2,-5.76,-33.74
-16.48,17.94,33.43,0.291,1.5,1.0,1.2,2.3,0.87509,783.0,17.938,33.43,334.3,1.4983405889527,,,,Sand,,,Sand 4,4,7.22,35.2,-5.76,-33.74
-16.5,17.96,33.95,0.297,1.5,1.0,1.2,2.0,0.87633,784.0,17.958,33.95,339.5,1.4945962847058563,,,,Sand,,,Sand 4,4,7.22,35.2,-5.76,-33.74
-16.52,17.98,34.84,0.306,1.5,1.0,1.2,2.8,0.89115,785.0,17.978,34.84,348.4,1.4932594776793437,,,,Sand,,,Sand 4,4,7.22,35.2,-5.76,-33.74
-16.54,18.0,35.88,0.312,1.5,1.0,1.2,2.8,0.90271,786.0,17.998,35.88,358.8,1.4897680232733932,,,,Sand,,,Sand 4,4,7.22,35.2,-5.76,-33.74
-16.56,18.02,35.46,0.307,1.5,1.0,1.2,2.5,0.88536,786.0,18.018,35.46,354.6,1.4862872052747618,,,,Sand,,,Sand 4,4,7.22,35.2,-5.76,-33.74
-16.58,18.04,34.55,0.307,1.5,1.0,1.2,2.3,0.88108,787.0,18.038,34.55,345.5,1.4916600759143184,,,,Sand,,,Sand 4,4,7.22,35.2,-5.76,-33.74
-16.599999999999998,18.06,34.24,0.302,1.5,1.0,1.2,2.3,0.86206,788.0,18.058,34.24,342.4,1.4867292940864256,,,,Sand,,,Sand 4,4,7.22,35.2,-5.76,-33.74
-16.619999999999997,18.08,34.15,0.296,1.5,1.0,1.2,2.4,0.8413,789.0,18.078,34.15,341.5,1.4792395018577993,,,,Sand,,,Sand 4,4,7.22,35.2,-5.76,-33.74
-16.64,18.1,34.33,0.288,1.5,1.0,1.2,2.3,0.81261,790.0,18.098,34.33,343.3,1.4661511322697989,,,,Sand,,,Sand 4,4,7.22,35.2,-5.76,-33.74
-16.66,18.12,35.3,0.273,1.5,1.0,1.2,2.4,0.76196,791.0,18.118,35.3,353.0,1.4369251922779018,,,,Sand,,,Sand 4,4,7.22,35.2,-5.76,-33.74
-16.68,18.14,36.35,0.264,1.4889,0.8,1.2,2.4,0.72838,791.0,18.138,36.35,363.5,1.4137471788354148,,,,Sand,,,Sand 4,4,7.22,35.2,-5.76,-33.74
-16.7,18.16,37.09,0.2603,1.4778,1.0,1.2,2.4,0.71215,792.0,18.158,37.09,370.9,1.4006240855646455,,,,Sand,,,Sand 4,4,7.22,35.2,-5.76,-33.74
-16.72,18.18,37.52,0.2567,1.4667,0.8,1.0,2.4,0.69981,793.0,18.178,37.52,375.2,1.3915918171412878,,,,Sand,,,Sand 4,4,7.22,35.2,-5.76,-33.74
-16.74,18.2,37.65,0.253,1.4333,1.0,1.2,2.3,0.69377,794.0,18.198,37.65,376.5,1.3877444439648403,,,,Sand,,,Sand 4,4,7.22,35.2,-5.76,-33.74
-16.759999999999998,18.22,37.57,0.255,1.4,1.0,1.0,2.4,0.71326,795.0,18.218,37.57,375.7,1.3975586838769212,,,,Sand,,,Sand 4,4,7.22,35.2,-5.76,-33.74
-16.779999999999998,18.24,36.6,0.257,1.5,1.0,1.2,2.3,0.74431,796.0,18.238,36.6,366.0,1.4190500414094642,,,,Sand,,,Sand 4,4,7.22,35.2,-5.76,-33.74
-16.8,18.26,35.37,0.26,1.5,1.0,1.2,2.4,0.78925,796.0,18.258,35.37,353.7,1.448130447981888,,,,Sand,,,Sand 4,4,7.22,35.2,-5.76,-33.74
-16.82,18.28,33.59,0.257,1.5,1.0,1.2,2.4,0.8258,797.0,18.278,33.59,335.9,1.4775737024936855,,,,Sand,,,Sand 4,4,7.22,35.2,-5.76,-33.74
-16.84,18.3,30.62,0.241,1.7,1.0,1.4,2.4,0.82633,798.0,18.298,30.62,306.2,1.5037832030107725,,,,Sand,,,Sand 4,4,7.22,35.2,-5.76,-33.74
-16.86,18.32,27.31,0.235,1.5,1.0,1.2,2.4,0.8633,799.0,18.318,27.31,273.1,1.5508709806907635,,,,Sand,,,Sand 4,4,7.22,35.2,-5.76,-33.74
-16.88,18.34,24.83,0.219,1.5,1.0,1.2,2.0,0.86335,800.0,18.338,24.83,248.3,1.578747347057205,,,,Sand,,,Sand 4,4,7.22,35.2,-5.76,-33.74
-16.9,18.36,23.08,0.195,1.5,1.0,1.2,2.1,0.82365,801.0,18.358,23.08,230.8,1.585824224610324,,,,Sand,,,Sand 4,4,7.22,35.2,-5.76,-33.74
-16.919999999999998,18.38,21.92,0.178,1.7,1.2,1.2,2.3,0.79906,802.0,18.378,21.92,219.2,1.592226602250843,,,,Sand,,,Sand 4,4,7.22,35.2,-5.76,-33.74
-16.939999999999998,18.4,21.05,0.153,1.7,1.2,1.2,2.3,0.71928,802.0,18.398,21.05,210.5,1.5731306414660848,,,,Sand,,,Sand 4,4,7.22,35.2,-5.76,-33.74
-16.96,18.42,20.53,0.133,1.7,1.0,1.2,2.3,0.64886,803.0,18.418,20.53,205.3,1.5509348909323757,,,,Sand,,,Sand 4,4,7.22,35.2,-5.76,-33.74
-16.98,18.44,20.06,0.123,1.7,1.2,1.2,2.3,0.61735,804.0,18.438,20.06,200.6,1.5442230656742504,,,,Sand,,,Sand 4,4,7.22,35.2,-5.76,-33.74
-17.0,18.46,19.43,0.11,1.7,1.0,1.4,2.2,0.56389,805.0,18.458,19.43,194.3,1.5294525398712322,,,,Sand,,,Sand 4,4,7.22,35.2,-5.76,-33.74
-17.02,18.48,19.27,0.108,1.8,1.2,1.4,2.9,0.56082,806.0,18.478,19.27,192.7,1.5307267264240447,,,,Sand,,,Sand 4,4,7.22,35.2,-5.76,-33.74
-17.04,18.5,18.64,0.106,1.8,1.2,1.4,2.8,0.5532,806.0,18.498,18.64,186.4,1.5382041787950675,,,,Sand,,,Sand 4,4,7.22,35.2,-5.76,-33.74
-17.06,18.52,18.49,0.104,1.8667,1.0,1.2,2.5,0.54198,807.0,18.518,18.49,184.9,1.5353972962288593,,,,Sand,,,Sand 4,4,7.22,35.2,-5.76,-33.74
-17.08,18.54,18.59,0.11,1.9333,1.0,1.2,2.3,0.57017,808.0,18.538,18.59,185.9,1.5473572632080501,,,,Sand,,,Sand 4,4,7.22,35.2,-5.76,-33.74
-17.099999999999998,18.56,19.05,0.114,2.0,1.2,1.6,2.3,0.58797,809.0,18.558,19.05,190.5,1.5476348426925448,,,,Sand,,,Sand 4,4,7.22,35.2,-5.76,-33.74
-17.119999999999997,18.58,19.76,0.126,1.8,1.2,1.4,2.4,0.64434,810.0,18.578,19.76,197.6,1.5613629250863015,,,,Sand,,,Sand 4,4,7.22,35.2,-5.76,-33.74
-17.14,18.6,20.28,0.137,1.8,1.0,1.2,2.3,0.69521,811.0,18.598,20.28,202.8,1.57496075221286,,,,Sand,,,Sand 4,4,7.22,35.2,-5.76,-33.74
-17.16,18.62,20.26,0.143,1.8,1.0,1.2,2.3,0.72181,811.0,18.618,20.26,202.6,1.5863176635145884,,,,Sand,,,Sand 4,4,7.22,35.2,-5.76,-33.74
-17.18,18.64,20.04,0.149,1.8,1.2,1.4,2.4,0.75196,812.0,18.638,20.04,200.4,1.6019069415414564,,,,Sand,,,Sand 4,4,7.22,35.2,-5.76,-33.74
-17.2,18.66,19.97,0.152,1.8,1.0,1.2,2.4,0.77309,813.0,18.658,19.97,199.7,1.6112694769680815,,,,Sand,,,Sand 4,4,7.22,35.2,-5.76,-33.74
-17.22,18.68,19.7,0.152,1.8,1.0,1.2,2.4,0.78391,814.0,18.678,19.7,197.0,1.6197125757749,,,,Sand,,,Sand 4,4,7.22,35.2,-5.76,-33.74
-17.24,18.7,19.43,0.148,1.8,1.2,1.4,2.4,0.77736,815.0,18.698,19.43,194.3,1.6215696627727498,,,,Sand,,,Sand 4,4,7.22,35.2,-5.76,-33.74
-17.259999999999998,18.72,19.08,0.14,1.8,1.2,1.4,2.3,0.75249,816.0,18.718,19.08,190.8,1.617726080096916,,,,Sand,,,Sand 4,4,7.22,35.2,-5.76,-33.74
-17.279999999999998,18.74,18.53,0.135,1.8,1.2,1.4,2.4,0.74979,816.0,18.738,18.53,185.3,1.6260370018181693,,,,Sand,,,Sand 4,4,7.22,35.2,-5.76,-33.74
-17.3,18.76,18.11,0.125,1.9,1.4,1.4,2.3,0.72218,817.0,18.758,18.11,181.1,1.6225343462810287,,,,Sand,,,Sand 4,4,7.22,35.2,-5.76,-33.74
-17.32,18.78,17.45,0.117,1.8667,1.0,1.4,2.4,0.70674,818.0,18.778,17.45,174.5,1.6284356631774215,,,,Sand,,,Sand 4,4,7.22,35.2,-5.76,-33.74
-17.34,18.8,16.57,0.109,1.8333,1.0,1.2,2.4,0.68998,819.0,18.798,16.57,165.7,1.6386973261003313,,,,Sand,,,Sand 4,4,7.22,35.2,-5.76,-33.74
-17.36,18.82,15.17,0.103,1.8,1.2,1.4,2.2,0.68348,820.0,18.818,15.17,151.7,1.665534361345275,,,,Sand,,,Sand 4,4,7.22,35.2,-5.76,-33.74
-17.38,18.84,14.13,0.099,1.8,1.2,1.4,2.0,0.68834,821.0,18.838,14.13,141.3,1.6914407809893537,,,,Sand,,,Sand 4,4,7.22,35.2,-5.76,-33.74
-17.4,18.86,13.4,0.091,1.8333,1.0,1.4,2.3,0.66008,822.0,18.858,13.4,134.0,1.6982722277273574,,,,Sand,,,Sand 4,4,7.22,35.2,-5.76,-33.74
-17.419999999999998,18.88,13.02,0.088,1.8667,1.2,1.4,2.4,0.66072,822.0,18.878,13.02,130.2,1.7084249140149408,,,,Sand,,,Sand 4,4,7.22,35.2,-5.76,-33.74
-17.439999999999998,18.9,12.71,0.085,1.9,1.4,1.4,2.4,0.65203,823.0,18.898,12.71,127.1,1.7132623267549438,,,,Sand,,,Sand 4,4,7.22,35.2,-5.76,-33.74
-17.46,18.92,12.61,0.085,2.0,1.2,1.6,2.2,0.65898,824.0,18.917,12.61,126.1,1.7187776740123226,,,,Sand,,,Sand 4,4,7.22,35.2,-5.76,-33.74
-17.48,18.94,12.68,0.085,2.1,1.4,1.6,2.5,0.66019,825.0,18.937,12.68,126.8,1.7173451846968308,,,,Sand,,,Sand 4,4,7.22,35.2,-5.76,-33.74
-17.5,18.96,12.83,0.088,1.8,1.2,1.4,2.8,0.68013,826.0,18.957,12.83,128.3,1.7211555461367904,,,,Sand,,,Sand 4,4,7.22,35.2,-5.76,-33.74
-17.52,18.98,12.91,0.091,1.8,1.2,1.4,2.5,0.69505,826.0,18.977,12.91,129.1,1.7248071093534898,,,,Sand,,,Sand 4,4,7.22,35.2,-5.76,-33.74
-17.54,19.0,13.03,0.098,1.8,1.2,1.4,2.4,0.73333,827.0,18.997,13.03,130.3,1.7361021102141336,,,,Sand,,,Sand 4,4,7.22,35.2,-5.76,-33.74
-17.56,19.02,13.21,0.103,1.8,1.0,1.2,2.4,0.74719,828.0,19.017,13.21,132.1,1.7365640415984196,,,,Sand,,,Sand 4,4,7.22,35.2,-5.76,-33.74
-17.58,19.04,13.53,0.109,1.8,1.2,1.6,2.4,0.76397,829.0,19.037,13.53,135.3,1.7346183798142232,,,,Sand,,,Sand 4,4,7.22,35.2,-5.76,-33.74
-17.599999999999998,19.06,13.94,0.113,1.8,1.2,1.4,2.3,0.76448,830.0,19.057,13.94,139.4,1.7248176731483702,,,,Sand,,,Sand 4,4,7.22,35.2,-5.76,-33.74
-17.619999999999997,19.08,14.78,0.116,2.1,1.4,1.6,2.4,0.76241,831.0,19.077,14.78,147.8,1.7046014936494496,,,,Sand,,,Sand 4,4,7.22,35.2,-5.76,-33.74
-17.64,19.1,16.05,0.118,2.0667,1.0,1.4,2.3,0.75994,831.0,19.097,16.05,160.5,1.6765257110962666,,,,Sand,,,Sand 4,4,7.22,35.2,-5.76,-33.74
-17.66,19.12,16.69,0.118,2.0333,1.4,1.2,2.4,0.75267,832.0,19.117,16.69,166.9,1.6609957418017998,,,,Sand,,,Sand 4,4,7.22,35.2,-5.76,-33.74
-17.68,19.14,17.02,0.113,2.0,1.2,1.6,2.3,0.72147,833.0,19.137,17.02,170.2,1.6424907535513662,,,,Sand,,,Sand 4,4,7.22,35.2,-5.76,-33.74
-17.7,19.16,16.5,0.108,2.1,1.4,1.6,2.4,0.69677,834.0,19.157,16.5,165.0,1.6428498515938212,,,,Sand,,,Sand 4,4,7.22,35.2,-5.76,-33.74
-17.72,19.18,15.71,0.109,2.1,1.4,1.6,2.4,0.71876,835.0,19.177,15.71,157.1,1.6678309282801853,,,,Sand,,,Sand 4,4,7.22,35.2,-5.76,-33.74
-17.74,19.2,14.73,0.103,2.0,1.2,1.6,2.4,0.69836,836.0,19.197,14.73,147.3,1.6813509344688793,,,,Sand,,,Sand 4,4,7.22,35.2,-5.76,-33.74
-17.759999999999998,19.22,13.82,0.097,2.1,1.4,1.6,2.4,0.67726,836.0,19.217,13.82,138.2,1.694590165636548,,,,Sand,,,Sand 4,4,7.22,35.2,-5.76,-33.74
-17.779999999999998,19.24,13.48,0.094,2.1,1.4,1.6,2.4,0.66981,837.0,19.237,13.48,134.8,1.7001311688519734,,,,Sand,,,Sand 4,4,7.22,35.2,-5.76,-33.74
-17.8,19.26,13.37,0.092,2.1,1.4,1.6,2.3,0.65879,838.0,19.257,13.37,133.7,1.698522334532379,,,,Sand,,,Sand 4,4,7.22,35.2,-5.76,-33.74
-17.82,19.28,13.36,0.092,2.0667,1.2,1.4,2.4,0.6442,839.0,19.277,13.36,133.6,1.6928496451735282,,,,Sand,,,Sand 4,4,7.22,35.2,-5.76,-33.74
-17.84,19.3,13.61,0.097,2.0333,1.2,1.6,2.4,0.6464,840.0,19.297,13.61,136.1,1.6873672206528672,,,,Sand,,,Sand 4,4,7.22,35.2,-5.76,-33.74
-17.86,19.32,14.19,0.108,2.0,1.2,1.6,2.3,0.67754,841.0,19.317,14.19,141.9,1.685714879082456,,,,Sand,,,Sand 4,4,7.22,35.2,-5.76,-33.74
-17.88,19.34,15.16,0.121,2.0,1.2,1.4,2.0,0.71051,842.0,19.337,15.16,151.6,1.6764722579848692,,,,Sand,,,Sand 4,4,7.22,35.2,-5.76,-33.74
-17.9,19.36,17.26,0.127,2.0,1.4,1.6,2.2,0.69756,842.0,19.357,17.26,172.6,1.6283102173873043,,,,Sand,,,Sand 4,4,7.22,35.2,-5.76,-33.74
-17.919999999999998,19.38,19.62,0.147,2.0,1.2,1.6,2.4,0.75847,843.0,19.377,19.62,196.2,1.6111803555524642,,,,Sand,,,Sand 4,4,7.22,35.2,-5.76,-33.74
-17.939999999999998,19.4,20.95,0.166,2.1,1.4,1.6,2.4,0.81089,844.0,19.397,20.95,209.5,1.6106933946756223,,,,Sand,,,Sand 4,4,7.22,35.2,-5.76,-33.74
-17.96,19.42,22.09,0.181,2.0,1.2,1.6,2.3,0.84678,845.0,19.417,22.09,220.9,1.607735244942794,,,,Sand,,,Sand 4,4,7.22,35.2,-5.76,-33.74
-17.98,19.44,22.77,0.192,2.1,1.4,1.6,2.1,0.87417,846.0,19.437,22.77,227.7,1.6084980746955155,,,,Sand,,,Sand 4,4,7.22,35.2,-5.76,-33.74
-18.0,19.46,23.01,0.199,2.1,1.4,1.6,2.9,0.89609,847.0,19.457,23.01,230.1,1.613151302954733,,,,Sand,,,Sand 4,4,7.22,35.2,-5.76,-33.74
-18.02,19.48,22.91,0.2,2.2,1.4,1.8,2.7,0.89792,847.0,19.477,22.91,229.1,1.6150946951503768,,,,Sand,,,Sand 4,4,7.22,35.2,-5.76,-33.74
-18.04,19.5,22.39,0.201,2.1667,1.2,1.6,2.3,0.90352,848.0,19.497,22.39,223.9,1.6239176312687436,,,,Sand,,,Sand 4,4,7.22,35.2,-5.76,-33.74
-18.06,19.52,21.97,0.196,2.1333,1.2,1.6,2.4,0.8805,849.0,19.517,21.97,219.7,1.6215307284231477,,,,Sand,,,Sand 4,4,7.22,35.2,-5.76,-33.74
-18.08,19.54,21.57,0.189,2.1,1.4,1.6,2.4,0.84644,850.0,19.537,21.57,215.7,1.6148725899393115,,,,Sand,,,Sand 4,4,7.22,35.2,-5.76,-33.74
-18.099999999999998,19.56,21.48,0.182,2.0,1.2,1.6,2.4,0.81205,851.0,19.557,21.48,214.8,1.6034098735187874,,,,Sand,,,Sand 4,4,7.22,35.2,-5.76,-33.74
-18.119999999999997,19.58,21.87,0.179,2.0,1.0,1.6,2.4,0.79445,851.0,19.577,21.87,218.7,1.5911602348707943,,,,Sand,,,Sand 4,4,7.22,35.2,-5.76,-33.74
-18.14,19.6,22.88,0.179,2.0,1.4,1.6,2.4,0.78933,852.0,19.597,22.88,228.8,1.5753014731570043,,,,Sand,,,Sand 4,4,7.22,35.2,-5.76,-33.74
-18.16,19.62,23.56,0.179,2.0,1.2,1.6,2.4,0.78273,853.0,19.617,23.56,235.6,1.5637617284399812,,,,Sand,,,Sand 4,4,7.22,35.2,-5.76,-33.74
-18.18,19.64,23.58,0.179,2.1,1.4,1.6,2.4,0.77666,854.0,19.637,23.58,235.8,1.5610966805176816,,,,Sand,,,Sand 4,4,7.22,35.2,-5.76,-33.74
-18.2,19.66,23.34,0.181,2.2,1.4,1.8,2.3,0.78064,855.0,19.657,23.34,233.4,1.5657996414399407,,,,Sand,,,Sand 4,4,7.22,35.2,-5.76,-33.74
-18.22,19.68,23.14,0.184,2.2,1.4,1.8,2.3,0.79042,856.0,19.677,23.14,231.4,1.572271834775653,,,,Sand,,,Sand 4,4,7.22,35.2,-5.76,-33.74
-18.24,19.7,23.1,0.187,2.1,1.4,1.6,2.4,0.80133,856.0,19.697,23.1,231.0,1.5770372596845728,,,,Sand,,,Sand 4,4,7.22,35.2,-5.76,-33.74
-18.259999999999998,19.72,22.91,0.188,2.2,1.4,1.8,2.4,0.8026,857.0,19.717,22.91,229.1,1.5800451427473254,,,,Sand,,,Sand 4,4,7.22,35.2,-5.76,-33.74
-18.279999999999998,19.74,22.98,0.189,2.2,1.2,1.6,2.4,0.80157,858.0,19.737,22.98,229.8,1.5787175688066246,,,,Sand,,,Sand 4,4,7.22,35.2,-5.76,-33.74
-18.3,19.76,23.62,0.188,2.2,1.4,1.8,2.4,0.79021,859.0,19.757,23.62,236.2,1.5659320982888145,,,,Sand,,,Sand 4,4,7.22,35.2,-5.76,-33.74
-18.32,19.78,24.02,0.187,2.2,1.2,1.6,2.3,0.77872,860.0,19.777,24.02,240.2,1.5562839200714524,,,,Sand,,,Sand 4,4,7.22,35.2,-5.76,-33.74
-18.34,19.8,24.28,0.188,2.2,1.4,1.6,2.4,0.77414,861.0,19.797,24.28,242.8,1.5511821693961823,,,,Sand,,,Sand 4,4,7.22,35.2,-5.76,-33.74
-18.36,19.82,24.58,0.192,2.2,1.4,1.8,2.4,0.781,861.0,19.817,24.58,245.8,1.5502050845297641,,,,Sand,,,Sand 4,4,7.22,35.2,-5.76,-33.74
-18.38,19.84,24.84,0.196,2.2,1.4,1.8,2.0,0.78826,862.0,19.837,24.84,248.4,1.549919303990581,,,,Sand,,,Sand 4,4,7.22,35.2,-5.76,-33.74
-18.4,19.86,24.88,0.201,2.1,1.2,1.8,2.1,0.79774,863.0,19.857,24.88,248.8,1.5531807189096511,,,,Sand,,,Sand 4,4,7.22,35.2,-5.76,-33.74
-18.419999999999998,19.88,25.08,0.2,2.2,1.4,1.8,2.3,0.78079,864.0,19.877,25.08,250.8,1.5440440324086802,,,,Sand,,,Sand 4,4,7.22,35.2,-5.76,-33.74
-18.439999999999998,19.9,25.37,0.205,2.2,1.4,1.8,2.4,0.78631,865.0,19.897,25.37,253.7,1.5427969376176605,,,,Sand,,,Sand 4,4,7.22,35.2,-5.76,-33.74
-18.46,19.92,25.87,0.211,2.2,1.4,1.8,2.4,0.79476,866.0,19.917,25.87,258.7,1.5403272669412564,,,,Sand,,,Sand 4,4,7.22,35.2,-5.76,-33.74
-18.48,19.94,26.67,0.216,2.2,1.4,1.8,2.3,0.79848,867.0,19.937,26.67,266.7,1.53276368858289,,,,Sand,,,Sand 4,4,7.22,35.2,-5.76,-33.74
-18.5,19.96,27.63,0.224,2.4,1.4,2.0,2.0,0.81314,868.0,19.957,27.63,276.3,1.528178964219071,,,,Sand,,,Sand 4,4,7.22,35.2,-5.76,-33.74
-18.52,19.98,28.23,0.232,2.2,1.4,1.8,2.9,0.82802,868.0,19.977,28.23,282.3,1.5277719847985152,,,,Sand,,,Sand 4,4,7.22,35.2,-5.76,-33.74
-18.54,20.0,28.66,0.238,2.2,1.2,1.6,2.7,0.83593,869.0,19.997,28.66,286.6,1.5264866950483076,,,,Sand,,,Sand 4,4,7.22,35.2,-5.76,-33.74
-18.56,20.02,28.9,0.243,2.2,1.4,1.8,2.4,0.84287,870.0,20.017,28.9,289.0,1.526779128766048,,,,Sand,,,Sand 4,4,7.22,35.2,-5.76,-33.74
-18.58,20.04,29.05,0.249,2.2,1.4,1.8,2.3,0.85626,871.0,20.037,29.05,290.5,1.5304425835157522,,,,Sand,,,Sand 4,4,7.22,35.2,-5.76,-33.74
-18.599999999999998,20.06,29.14,0.253,2.1,1.2,1.8,2.3,0.86529,871.0,20.057,29.14,291.4,1.5329952494101005,,,,Sand,,,Sand 4,4,7.22,35.2,-5.76,-33.74
-18.619999999999997,20.08,29.49,0.256,2.2,1.4,1.8,2.4,0.87372,872.0,20.077,29.49,294.9,1.532787045444973,,,,Sand,,,Sand 4,4,7.22,35.2,-5.76,-33.74
-18.64,20.1,29.54,0.258,2.2,1.4,1.8,2.4,0.88141,873.0,20.097,29.54,295.4,1.5351934394122253,,,,Sand,,,Sand 4,4,7.22,35.2,-5.76,-33.74
-18.66,20.12,29.63,0.26,2.2,1.4,1.8,2.4,0.89228,874.0,20.117,29.63,296.3,1.5383798808992182,,,,Sand,,,Sand 4,4,7.22,35.2,-5.76,-33.74
-18.68,20.14,29.5,0.261,2.2,1.4,1.8,2.3,0.90074,875.0,20.137,29.5,295.0,1.5427377826441768,,,,Sand,,,Sand 4,4,7.22,35.2,-5.76,-33.74
-18.7,20.16,29.15,0.262,2.2,1.4,1.8,2.4,0.90956,876.0,20.157,29.15,291.5,1.5493208143146389,,,,Sand,,,Sand 4,4,7.22,35.2,-5.76,-33.74
-18.72,20.18,28.67,0.261,2.1,1.2,1.8,2.3,0.91064,876.0,20.177,28.67,286.7,1.5544006464518854,,,,Sand,,,Sand 4,4,7.22,35.2,-5.76,-33.74
-18.74,20.2,27.99,0.258,2.4,1.4,2.0,2.4,0.9036,877.0,20.197,27.99,279.9,1.5586671052665724,,,,Sand,,,Sand 4,4,7.22,35.2,-5.76,-33.74
-18.759999999999998,20.22,27.84,0.252,2.4,1.4,2.0,2.3,0.886,878.0,20.217,27.84,278.4,1.5537711160216774,,,,Sand,,,Sand 4,4,7.22,35.2,-5.76,-33.74
-18.779999999999998,20.24,28.12,0.251,2.4,1.4,2.0,2.4,0.88669,879.0,20.237,28.12,281.2,1.5511610895707857,,,,Sand,,,Sand 4,4,7.22,35.2,-5.76,-33.74
-18.8,20.26,28.39,0.245,2.2,1.4,1.8,2.4,0.8691,880.0,20.257,28.39,283.9,1.5418804441799772,,,,Sand,,,Sand 4,4,7.22,35.2,-5.76,-33.74
-18.82,20.28,28.76,0.242,2.1,1.2,1.8,2.4,0.86129,881.0,20.277,28.76,287.6,1.5352257401862521,,,,Sand,,,Sand 4,4,7.22,35.2,-5.76,-33.74
-18.84,20.3,28.62,0.241,2.2,1.4,1.8,2.4,0.86121,881.0,20.297,28.62,286.2,1.536592135121285,,,,Sand,,,Sand 4,4,7.22,35.2,-5.76,-33.74
-18.86,20.32,28.07,0.241,2.2,1.4,1.8,2.3,0.86609,882.0,20.317,28.07,280.7,1.544001529254501,,,,Sand,,,Sand 4,4,7.22,35.2,-5.76,-33.74
-18.88,20.34,27.73,0.24,2.4,1.4,2.0,2.0,0.86572,883.0,20.337,27.73,277.3,1.5473701993891136,,,,Sand,,,Sand 4,4,7.22,35.2,-5.76,-33.74
-18.9,20.36,27.25,0.24,2.4,1.4,2.0,2.1,0.86674,884.0,20.357,27.25,272.5,1.5527952314198386,,,,Sand,,,Sand 4,4,7.22,35.2,-5.76,-33.74
-18.919999999999998,20.38,26.93,0.235,2.4,1.4,2.0,2.3,0.84696,885.0,20.376,26.93,269.3,1.5487729588702537,,,,Sand,,,Sand 4,4,7.22,35.2,-5.76,-33.74
-18.939999999999998,20.4,26.86,0.236,2.4,1.4,2.0,2.3,0.84297,886.0,20.396,26.86,268.6,1.5480134734572941,,,,Sand,,,Sand 4,4,7.22,35.2,-5.76,-33.74
-18.96,20.42,27.56,0.225,2.4,1.4,2.0,2.4,0.79295,887.0,20.416,27.56,275.6,1.5208668801806382,,,,Sand,,,Sand 4,4,7.22,35.2,-5.76,-33.74
-18.98,20.44,28.5,0.218,2.4,1.4,2.0,2.3,0.75622,888.0,20.436,28.5,285.0,1.4958501715621197,,,,Sand,,,Sand 4,4,7.22,35.2,-5.76,-33.74
-19.0,20.46,29.07,0.217,2.4,1.4,2.0,2.0,0.74325,889.0,20.456,29.07,290.7,1.4844959794751986,,,,Sand,,,Sand 4,4,7.22,35.2,-5.76,-33.74
-19.02,20.48,30.07,0.218,2.4,1.4,2.0,2.9,0.7393,889.0,20.476,30.07,300.7,1.4728644970587388,,,,Sand,,,Sand 4,4,7.22,35.2,-5.76,-33.74
-19.04,20.5,30.76,0.217,2.4,1.4,2.0,2.7,0.7315,890.0,20.496,30.76,307.6,1.4628299833632132,,,,Sand,,,Sand 4,4,7.22,35.2,-5.76,-33.74
-19.06,20.52,30.87,0.221,2.4,1.4,2.0,2.5,0.74386,891.0,20.516,30.87,308.7,1.4671951040041853,,,,Sand,,,Sand 4,4,7.22,35.2,-5.76,-33.74
-19.08,20.54,29.88,0.223,2.5,1.6,2.0,2.4,0.75258,892.0,20.536,29.88,298.8,1.480437613815547,,,,Sand,,,Sand 4,4,7.22,35.2,-5.76,-33.74
-19.099999999999998,20.56,29.19,0.225,2.4,1.4,2.0,2.3,0.76381,892.0,20.556,29.19,291.9,1.492022514597604,,,,Sand,,,Sand 4,4,7.22,35.2,-5.76,-33.74
-19.119999999999997,20.58,28.98,0.225,2.4,1.4,2.0,2.3,0.76949,893.0,20.576,28.98,289.8,1.4965128488877404,,,,Sand,,,Sand 4,4,7.22,35.2,-5.76,-33.74
-19.14,20.6,28.86,0.224,2.5,1.6,2.0,2.3,0.77072,894.0,20.596,28.86,288.6,1.4982395185635011,,,,Sand,,,Sand 4,4,7.22,35.2,-5.76,-33.74
-19.16,20.62,28.44,0.223,2.4,1.4,2.0,2.4,0.76576,895.0,20.616,28.44,284.4,1.5004731630901667,,,,Sand,,,Sand 4,4,7.22,35.2,-5.76,-33.74
-19.18,20.64,28.68,0.224,2.4,1.4,2.0,2.4,0.76366,896.0,20.636,28.68,286.8,1.4971254084960897,,,,Sand,,,Sand 4,4,7.22,35.2,-5.76,-33.74
-19.2,20.66,29.02,0.225,2.4,1.4,2.0,2.4,0.76142,897.0,20.656,29.02,290.2,1.4927272243068488,,,,Sand,,,Sand 4,4,7.22,35.2,-5.76,-33.74
-19.22,20.68,29.46,0.228,2.4,1.4,2.0,2.3,0.76516,897.0,20.676,29.46,294.6,1.4899007187696047,,,,Sand,,,Sand 4,4,7.22,35.2,-5.76,-33.74
-19.24,20.7,30.34,0.23,2.4,1.4,2.0,2.4,0.76213,898.0,20.696,30.34,303.4,1.480061236641713,,,,Sand,,,Sand 4,4,7.22,35.2,-5.76,-33.74
-19.259999999999998,20.72,30.88,0.224,2.4,1.4,2.0,2.4,0.73331,899.0,20.716,30.88,308.8,1.462491642131127,,,,Sand,,,Sand 4,4,7.22,35.2,-5.76,-33.74
-19.279999999999998,20.74,30.72,0.225,2.4,1.4,2.0,2.4,0.73138,900.0,20.736,30.72,307.2,1.4631566198097514,,,,Sand,,,Sand 4,4,7.22,35.2,-5.76,-33.74
-19.3,20.76,30.84,0.225,2.5,1.6,2.0,2.3,0.7299,901.0,20.756,30.84,308.4,1.4613678987121175,,,,Sand,,,Sand 4,4,7.22,35.2,-5.76,-33.74
-19.32,20.78,31.49,0.223,2.4,1.4,2.0,2.3,0.72843,902.0,20.776,31.49,314.9,1.4546517722049173,,,,Sand,,,Sand 4,4,7.22,35.2,-5.76,-33.74
-19.34,20.8,31.62,0.221,2.5,1.6,2.0,2.4,0.73318,902.0,20.796,31.62,316.2,1.4555603901391452,,,,Sand,,,Sand 4,4,7.22,35.2,-5.76,-33.74
-19.36,20.82,30.76,0.222,2.5,1.6,2.0,2.4,0.75283,903.0,20.816,30.76,307.6,1.4721056260108822,,,,Sand,,,Sand 4,4,7.22,35.2,-5.76,-33.74
-19.38,20.84,29.96,0.223,2.5,1.4,1.8,2.1,0.77612,904.0,20.836,29.96,299.6,1.4895976922591345,,,,Sand,,,Sand 4,4,7.22,35.2,-5.76,-33.74
-19.4,20.86,28.64,0.216,2.5,1.4,2.0,2.1,0.77736,905.0,20.856,28.64,286.4,1.5032316266645354,,,,Sand,,,Sand 4,4,7.22,35.2,-5.76,-33.74
-19.419999999999998,20.88,27.11,0.207,2.5,1.6,2.0,2.3,0.77728,906.0,20.876,27.11,271.1,1.5193691998815717,,,,Sand,,,Sand 4,4,7.22,35.2,-5.76,-33.74
-19.439999999999998,20.9,25.49,0.2,2.7,1.6,2.1,2.4,0.78443,907.0,20.896,25.49,254.9,1.5406297996707334,,,,Sand,,,Sand 4,4,7.22,35.2,-5.76,-33.74
-19.46,20.92,24.79,0.195,2.5,1.6,2.0,2.4,0.79836,908.0,20.916,24.79,247.9,1.554513129283834,,,,Sand,,,Sand 4,4,7.22,35.2,-5.76,-33.74
-19.48,20.94,23.92,0.183,2.7,1.6,2.1,2.3,0.7793,908.0,20.936,23.92,239.2,1.5577835086009124,,,,Sand,,,Sand 4,4,7.22,35.2,-5.76,-33.74
-19.5,20.96,22.38,0.171,2.5,1.6,2.0,2.1,0.75347,909.0,20.956,22.38,223.8,1.5678862099998934,,,,Sand,,,Sand 4,4,7.22,35.2,-5.76,-33.74
-19.52,20.98,21.68,0.169,2.4,1.4,2.0,2.7,0.75717,910.0,20.976,21.68,216.8,1.5792554221214685,,,,Sand,,,Sand 4,4,7.22,35.2,-5.76,-33.74
-19.54,21.0,21.39,0.168,2.5,1.6,2.0,2.8,0.75506,911.0,20.996,21.39,213.9,1.5826189529682484,,,,Sand,,,Sand 4,4,7.22,35.2,-5.76,-33.74
-19.56,21.02,21.1,0.164,2.5,1.6,2.0,2.5,0.73108,912.0,21.016,21.1,211.0,1.5772281393421013,,,,Sand,,,Sand 4,4,7.22,35.2,-5.76,-33.74
-19.58,21.04,20.81,0.152,2.5,1.6,2.0,2.3,0.66148,912.0,21.036,20.81,208.1,1.5521444008507763,,,,Sand,,,Sand 4,4,7.22,35.2,-5.76,-33.74
-19.599999999999998,21.06,22.49,0.15,2.5,1.6,2.0,2.4,0.63125,913.0,21.056,22.49,224.9,1.5135251752825274,,,,Sand,,,Sand 4,4,7.22,35.2,-5.76,-33.74
-19.619999999999997,21.08,24.23,0.148,2.5,1.6,2.0,2.3,0.59877,914.0,21.076,24.23,242.3,1.4741628412714205,,,,Sand,,,Sand 4,4,7.22,35.2,-5.76,-33.74
-19.64,21.1,25.38,0.146,2.7,1.6,2.1,2.4,0.56474,915.0,21.096,25.38,253.8,1.4421503790449224,,,,Sand,,,Sand 4,4,7.22,35.2,-5.76,-33.74
-19.66,21.12,26.75,0.152,2.7333,1.6,2.0,2.4,0.56135,916.0,21.116,26.75,267.5,1.4235827000969936,,,,Sand,,,Sand 4,4,7.22,35.2,-5.76,-33.74
-19.68,21.14,27.95,0.159,2.7667,1.8,2.1,2.3,0.56538,917.0,21.136,27.95,279.5,1.4118215639835472,,,,Sand,,,Sand 4,4,7.22,35.2,-5.76,-33.74
-19.7,21.16,29.03,0.17,2.8,1.6,2.0,2.4,0.58449,917.0,21.156,29.03,290.3,1.4099950741759533,,,,Sand,,,Sand 4,4,7.22,35.2,-5.76,-33.74
-19.72,21.18,30.18,0.183,2.8,1.6,2.0,2.4,0.61074,918.0,21.176,30.18,301.8,1.411525068556454,,,,Sand,,,Sand 4,4,7.22,35.2,-5.76,-33.74
-19.74,21.2,30.61,0.188,2.8,1.8,2.1,2.4,0.6118,919.0,21.196,30.61,306.1,1.407759786489605,,,,Sand,,,Sand 4,4,7.22,35.2,-5.76,-33.74
-19.759999999999998,21.22,30.85,0.202,2.7778,1.6,2.0,2.4,0.64211,920.0,21.216,30.85,308.5,1.4205075053069989,,,,Sand,,,Sand 4,4,7.22,35.2,-5.76,-33.74
-19.779999999999998,21.24,31.93,0.231,2.7555,1.6,2.1,2.3,0.71536,921.0,21.236,31.93,319.3,1.4447750544053932,,,,Sand,,,Sand 4,4,7.22,35.2,-5.76,-33.74
-19.8,21.26,32.41,0.239,2.7333,1.6,2.0,2.3,0.71772,922.0,21.256,32.41,324.09999999999997,1.441518639424161,,,,Sand,,,Sand 4,4,7.22,35.2,-5.76,-33.74
-19.82,21.28,32.87,0.252,2.7667,1.8,2.1,2.4,0.73157,922.0,21.276,32.87,328.7,1.4436764299063327,,,,Sand,,,Sand 4,4,7.22,35.2,-5.76,-33.74
-19.84,21.3,33.79,0.268,2.8,1.6,2.0,2.3,0.75054,923.0,21.296,33.79,337.9,1.4442034218418294,,,,Sand,,,Sand 4,4,7.22,35.2,-5.76,-33.74
-19.86,21.32,35.69,0.281,2.8,1.8,2.1,2.3,0.76242,924.0,21.316,35.69,356.9,1.434068711117627,,,,Sand,,,Sand 4,4,7.22,35.2,-5.76,-33.74
-19.88,21.34,38.25,0.298,2.8,1.8,2.1,2.3,0.78437,925.0,21.336,38.25,382.5,1.424633273976311,,,,Sand,,,Sand 4,4,7.22,35.2,-5.76,-33.74
-19.9,21.36,39.78,0.326,2.7667,1.8,2.0,2.1,0.83371,926.0,21.356,39.78,397.8,1.435060504627339,,,,Sand,,,Sand 4,4,7.22,35.2,-5.76,-33.74
-19.919999999999998,21.38,40.94,0.349,2.7333,1.8,2.1,2.2,0.87005,927.0,21.375,40.94,409.4,1.4423775890429749,,,,Sand,,,Sand 4,4,7.22,35.2,-5.76,-33.74
-19.939999999999998,21.4,41.12,0.359,2.7,1.6,2.1,2.4,0.87711,928.0,21.395,41.12,411.2,1.4440705791545627,,,,Sand,,,Sand 4,4,7.22,35.2,-5.76,-33.74
-19.96,21.42,41.5,0.374,2.8333,1.6,1.8,2.3,0.90401,928.0,21.415,41.5,415.0,1.4523104087228833,,,,Sand,,,Sand 4,4,7.22,35.2,-5.76,-33.74
-19.98,21.44,41.75,0.388,2.9667,1.8,2.3,2.3,0.9366,929.0,21.435,41.75,417.5,1.463279097051194,,,,Sand,,,Sand 4,4,7.22,35.2,-5.76,-33.74
-20.0,21.46,41.87,0.395,3.1,1.8,2.5,2.3,0.96002,930.0,21.455,41.87,418.7,1.4713077384484237,,,,Sand,,,Sand 4,4,7.22,35.2,-5.76,-33.74
-20.02,21.48,42.23,0.398,3.0556,1.8,2.3,1.9,0.97786,931.0,21.475,42.23,422.3,1.4757186058521528,,,,Sand,,,Sand 4,4,7.22,35.2,-5.76,-33.74
-20.04,21.5,41.78,0.401,3.0111,1.8,1.6,2.9,0.9991,932.0,21.495,41.78,417.8,1.486035198128109,,,,Sand,,,Sand 4,4,7.22,35.2,-5.76,-33.74
-20.06,21.52,40.22,0.402,2.9667,1.8,2.0,2.8,1.0182,933.0,21.515,40.22,402.2,1.5022531877787757,,,,Sand,,,Sand 4,4,7.22,35.2,-5.76,-33.74
-20.08,21.54,38.69,0.406,3.0,2.0,2.3,2.5,1.0468,933.0,21.535,38.69,386.9,1.5218061739274469,,,,Sand,,,Sand 4,4,7.22,35.2,-5.76,-33.74
-20.099999999999998,21.56,37.57,0.41,2.8,1.8,2.1,2.4,1.0777,934.0,21.555,37.57,375.7,1.5394999943543661,,,,Sand,,,Sand 4,4,7.22,35.2,-5.76,-33.74
-20.119999999999997,21.58,36.98,0.406,2.8,1.8,2.0,2.3,1.0879,935.0,21.575,36.98,369.8,1.5468288714946405,,,,Sand,,,Sand 4,4,7.22,35.2,-5.76,-33.74
-20.14,21.6,36.5,0.403,2.8,1.8,2.1,2.4,1.0956,936.0,21.595,36.5,365.0,1.5526285661518235,,,,Sand,,,Sand 4,4,7.22,35.2,-5.76,-33.74
-20.16,21.62,36.31,0.394,2.8,1.6,2.3,2.3,1.0809,937.0,21.615,36.31,363.1,1.5492031338436165,,,,Sand,,,Sand 4,4,7.22,35.2,-5.76,-33.74
-20.18,21.64,36.29,0.383,2.9,2.0,2.1,2.4,1.0548,937.0,21.635,36.29,362.9,1.5407659502035094,,,,Sand,,,Sand 4,4,7.22,35.2,-5.76,-33.74
-20.2,21.66,36.01,0.378,2.8,1.8,2.1,2.4,1.041,938.0,21.655,36.01,360.1,1.5381505196602652,,,,Sand,,,Sand 4,4,7.22,35.2,-5.76,-33.74
-20.22,21.68,35.93,0.366,2.8,1.8,2.1,2.3,1.0056,939.0,21.675,35.93,359.3,1.5266669673789044,,,,Sand,,,Sand 4,4,7.22,35.2,-5.76,-33.74
-20.24,21.7,36.03,0.359,2.8333,1.8,2.0,2.4,0.98322,940.0,21.695,36.03,360.3,1.5181251266694253,,,,Sand,,,Sand 4,4,7.22,35.2,-5.76,-33.74
-20.259999999999998,21.72,36.44,0.356,2.8667,2.0,2.3,2.4,0.97138,941.0,21.715,36.44,364.4,1.5109660613019051,,,,Sand,,,Sand 4,4,7.22,35.2,-5.76,-33.74
-20.279999999999998,21.74,36.98,0.352,2.9,1.8,2.3,2.4,0.95474,942.0,21.735,36.98,369.8,1.5011289079126222,,,,Sand,,,Sand 4,4,7.22,35.2,-5.76,-33.74
-20.3,21.76,37.18,0.338,2.9,1.8,2.3,2.3,0.91068,942.0,21.755,37.18,371.8,1.4833566292327043,,,,Sand,,,Sand 4,4,7.22,35.2,-5.76,-33.74
-20.32,21.78,37.24,0.333,2.9111,1.8,2.0,2.4,0.89207,943.0,21.775,37.24,372.4,1.4758107178869941,,,,Sand,,,Sand 4,4,7.22,35.2,-5.76,-33.74
-20.34,21.8,37.38,0.333,2.9222,2.0,2.3,2.3,0.88788,944.0,21.795,37.38,373.8,1.4731965039709198,,,,Sand,,,Sand 4,4,7.22,35.2,-5.76,-33.74
-20.36,21.82,37.77,0.338,2.9333,1.8,2.0,2.4,0.89819,945.0,21.815,37.77,377.7,1.4744420897176185,,,,Sand,,,Sand 4,4,7.22,35.2,-5.76,-33.74
-20.38,21.84,37.9,0.338,2.8667,2.0,2.1,2.1,0.89519,946.0,21.835,37.9,379.0,1.4723822010112073,,,,Sand,,,Sand 4,4,7.22,35.2,-5.76,-33.74
-20.4,21.86,37.74,0.342,2.8,1.8,2.1,2.2,0.90282,947.0,21.855,37.74,377.4,1.4764284498028255,,,,Sand,,,Sand 4,4,7.22,35.2,-5.76,-33.74
-20.419999999999998,21.88,37.85,0.346,2.8,2.0,2.0,2.4,0.91056,948.0,21.875,37.85,378.5,1.4786193447803149,,,,Sand,,,Sand 4,4,7.22,35.2,-5.76,-33.74
-20.439999999999998,21.9,37.99,0.349,2.8778,1.8,2.0,2.4,0.91526,948.0,21.895,37.99,379.9,1.4794377753885568,,,,Sand,,,Sand 4,4,7.22,35.2,-5.76,-33.74
-20.46,21.92,38.19,0.352,2.9555,2.0,2.1,2.4,0.91966,949.0,21.915,38.19,381.9,1.4797320665442462,,,,Sand,,,Sand 4,4,7.22,35.2,-5.76,-33.74
-20.48,21.94,38.23,0.357,3.0333,1.8,1.8,2.4,0.92788,950.0,21.935,38.23,382.3,1.482552844947109,,,,Sand,,,Sand 4,4,7.22,35.2,-5.76,-33.74
-20.5,21.96,38.32,0.359,3.1667,2.0,2.0,2.1,0.92798,951.0,21.955,38.32,383.2,1.4819791862870786,,,,Sand,,,Sand 4,4,7.22,35.2,-5.76,-33.74
-20.52,21.98,38.83,0.363,3.3,2.1,2.5,2.1,0.93274,952.0,21.975,38.83,388.3,1.4803365749217565,,,,Sand,,,Sand 4,4,7.22,35.2,-5.76,-33.74
-20.54,22.0,39.05,0.361,3.2,2.0,2.5,2.9,0.92107,953.0,21.995,39.05,390.5,1.4744825027980821,,,,Sand,,,Sand 4,4,7.22,35.2,-5.76,-33.74
-20.56,22.02,39.34,0.36,2.8,1.8,2.1,2.7,0.9124,953.0,22.015,39.34,393.4,1.4692692715365585,,,,Sand,,,Sand 4,4,7.22,35.2,-5.76,-33.74
-20.58,22.04,39.54,0.361,2.8,2.0,2.0,2.4,0.91127,954.0,22.035,39.54,395.4,1.46752587754931,,,,Sand,,,Sand 4,4,7.22,35.2,-5.76,-33.74
-20.599999999999998,22.06,39.84,0.362,2.7333,2.0,1.6,2.3,0.91233,955.0,22.055,39.84,398.4,1.465981960086198,,,,Sand,,,Sand 4,4,7.22,35.2,-5.76,-33.74
-20.619999999999997,22.08,40.4,0.367,2.6667,2.1,2.5,2.4,0.92481,956.0,22.075,40.4,404.0,1.4671597458855308,,,,Sand,,,Sand 4,4,7.22,35.2,-5.76,-33.74
-20.64,22.1,40.33,0.37,2.6,1.8,2.0,2.4,0.9334,957.0,22.095,40.33,403.3,1.4708500708682135,,,,Sand,,,Sand 4,4,7.22,35.2,-5.76,-33.74
-20.66,22.12,39.59,0.371,2.6,2.0,1.8,2.3,0.93719,958.0,22.115,39.59,395.9,1.4770105600118972,,,,Sand,,,Sand 4,4,7.22,35.2,-5.76,-33.74
-20.68,22.14,39.34,0.373,2.8,2.0,2.0,2.3,0.94511,958.0,22.135,39.34,393.4,1.4815846159862278,,,,Sand,,,Sand 4,4,7.22,35.2,-5.76,-33.74
-20.7,22.16,39.09,0.378,3.2,2.0,2.5,2.4,0.96199,959.0,22.154,39.09,390.9,1.4894254185804092,,,,Sand,,,Sand 4,4,7.22,35.2,-5.76,-33.74
-20.72,22.18,38.99,0.376,3.0,2.1,1.2,2.3,0.95757,960.0,22.174,38.99,389.9,1.488466949715206,,,,Sand,,,Sand 4,4,7.22,35.2,-5.76,-33.74
-20.74,22.2,39.11,0.367,2.8,2.1,1.8,2.4,0.93171,961.0,22.194,39.11,391.1,1.4780958684959082,,,,Sand,,,Sand 4,4,7.22,35.2,-5.76,-33.74
-20.759999999999998,22.22,38.88,0.366,2.8,2.0,1.8,2.4,0.92605,962.0,22.214,38.88,388.8,1.4774921823166862,,,,Sand,,,Sand 4,4,7.22,35.2,-5.76,-33.74
-20.779999999999998,22.24,39.02,0.374,2.8,2.1,1.8,2.3,0.94394,963.0,22.234,39.02,390.2,1.4832491920241853,,,,Sand,,,Sand 4,4,7.22,35.2,-5.76,-33.74
-20.8,22.26,40.11,0.374,2.8,2.1,1.4,2.4,0.94358,963.0,22.254,40.11,401.1,1.4760579780618621,,,,Sand,,,Sand 4,4,7.22,35.2,-5.76,-33.74
-20.82,22.28,40.58,0.379,2.8,2.0,1.8,2.4,0.95728,964.0,22.274,40.58,405.8,1.4781748138993742,,,,Sand,,,Sand 4,4,7.22,35.2,-5.76,-33.74
-20.84,22.3,40.4,0.381,2.8,2.1,1.8,2.4,0.96593,965.0,22.294,40.4,404.0,1.4824746801256359,,,,Sand,,,Sand 4,4,7.22,35.2,-5.76,-33.74
-20.86,22.32,39.88,0.386,2.9,2.1,2.0,2.4,0.98469,966.0,22.314,39.88,398.8,1.4925422450449055,,,,Sand,,,Sand 4,4,7.22,35.2,-5.76,-33.74
-20.88,22.34,39.11,0.392,2.8667,2.0,1.6,2.2,1.0117,967.0,22.334,39.11,391.1,1.5070270296810981,,,,Sand,,,Sand 4,4,7.22,35.2,-5.76,-33.74
-20.9,22.36,38.75,0.399,2.8333,2.1,2.3,2.0,1.0449,968.0,22.354,38.75,387.5,1.5207731479224715,,,,Sand,,,Sand 4,4,7.22,35.2,-5.76,-33.74
-20.919999999999998,22.38,37.7,0.393,2.8,2.1,1.8,2.2,1.0439,969.0,22.374,37.7,377.0,1.5273839225681851,,,,Sand,,,Sand 4,4,7.22,35.2,-5.76,-33.74
-20.939999999999998,22.4,37.07,0.387,2.8,1.8,1.6,2.4,1.0391,969.0,22.394,37.07,370.7,1.5300593743340662,,,,Sand,,,Sand 4,4,7.22,35.2,-5.76,-33.74
-20.96,22.42,36.48,0.38,2.8,2.0,2.1,2.4,1.0282,970.0,22.414,36.48,364.8,1.5304834672796752,,,,Sand,,,Sand 4,4,7.22,35.2,-5.76,-33.74
-20.98,22.44,36.09,0.376,2.8,2.1,1.8,2.4,1.0244,971.0,22.434,36.09,360.9,1.5319654255994115,,,,Sand,,,Sand 4,4,7.22,35.2,-5.76,-33.74
-21.0,22.46,36.11,0.374,3.0,2.3,2.0,2.3,1.0227,972.0,22.454,36.11,361.1,1.531242754393584,,,,Sand,,,Sand 4,4,7.22,35.2,-5.76,-33.74
-21.02,22.48,36.65,0.372,2.9,2.1,2.0,1.9,1.0182,973.0,22.474,36.65,366.5,1.5258689521380222,,,,Sand,,,Sand 4,4,7.22,35.2,-5.76,-33.74
-21.04,22.5,36.8,0.373,2.8,2.0,2.0,2.9,1.0184,974.0,22.494,36.8,368.0,1.5248851566865993,,,,Sand,,,Sand 4,4,7.22,35.2,-5.76,-33.74
-21.06,22.52,36.74,0.374,3.5,2.3,2.5,2.8,1.0164,974.0,22.514,36.74,367.4,1.5246182555744323,,,,Sand,,,Sand 4,4,7.22,35.2,-5.76,-33.74
-21.08,22.54,36.62,0.372,2.8,2.1,1.8,2.5,1.0063,975.0,22.534,36.62,366.2,1.5219753348149325,,,,Sand,,,Sand 4,4,7.22,35.2,-5.76,-33.74
-21.099999999999998,22.56,36.78,0.371,3.2,2.0,2.5,2.3,1.0013,976.0,22.554,36.78,367.8,1.5191099887493427,,,,Sand,,,Sand 4,4,7.22,35.2,-5.76,-33.74
-21.119999999999997,22.58,37.22,0.369,2.8,2.3,1.6,2.4,0.99468,977.0,22.574,37.22,372.2,1.5137225527448277,,,,Sand,,,Sand 4,4,7.22,35.2,-5.76,-33.74
-21.14,22.6,37.44,0.368,3.2,2.0,2.5,2.4,0.99141,978.0,22.594,37.44,374.4,1.5110521810017579,,,,Sand,,,Sand 4,4,7.22,35.2,-5.76,-33.74
-21.16,22.62,37.48,0.368,2.8,2.1,1.8,2.4,0.99191,978.0,22.614,37.48,374.8,1.5109533312548578,,,,Sand,,,Sand 4,4,7.22,35.2,-5.76,-33.74
-21.18,22.64,37.32,0.371,2.8,2.3,1.6,2.4,1.0028,979.0,22.634,37.32,373.2,1.5158737596175047,,,,Sand,,,Sand 4,4,7.22,35.2,-5.76,-33.74
-21.2,22.66,37.18,0.372,2.8,2.3,1.6,2.4,1.0103,980.0,22.654,37.18,371.8,1.5194478829068805,,,,Sand,,,Sand 4,4,7.22,35.2,-5.76,-33.74
-21.22,22.68,36.91,0.366,2.8,2.3,1.6,2.3,0.99819,981.0,22.674,36.91,369.1,1.5171123024031639,,,,Sand,,,Sand 4,4,7.22,35.2,-5.76,-33.74
-21.24,22.7,36.47,0.365,2.8,2.3,1.6,2.3,0.99734,982.0,22.694,36.47,364.7,1.519920884635296,,,,Sand,,,Sand 4,4,7.22,35.2,-5.76,-33.74
-21.259999999999998,22.72,35.95,0.364,3.0,2.1,2.1,2.4,0.99362,983.0,22.714,35.95,359.5,1.5223573265477324,,,,Sand,,,Sand 4,4,7.22,35.2,-5.76,-33.74
-21.279999999999998,22.74,35.82,0.363,3.0,2.1,2.1,2.3,0.98816,983.0,22.734,35.82,358.2,1.521391220670967,,,,Sand,,,Sand 4,4,7.22,35.2,-5.76,-33.74
-21.3,22.76,36.2,0.361,3.0,2.0,2.3,2.4,0.97908,984.0,22.754,36.2,362.0,1.5154315334073571,,,,Sand,,,Sand 4,4,7.22,35.2,-5.76,-33.74
-21.32,22.78,36.93,0.359,2.9,2.0,2.1,2.4,0.97099,985.0,22.774,36.93,369.3,1.5073458741570804,,,,Sand,,,Sand 4,4,7.22,35.2,-5.76,-33.74
-21.34,22.8,37.61,0.36,2.8667,2.1,1.6,2.4,0.97205,986.0,22.794,37.61,376.1,1.5029949736684394,,,,Sand,,,Sand 4,4,7.22,35.2,-5.76,-33.74
-21.36,22.82,37.99,0.37,2.8333,2.0,2.0,2.4,1.0006,987.0,22.814,37.99,379.9,1.5105378019614326,,,,Sand,,,Sand 4,4,7.22,35.2,-5.76,-33.74
-21.38,22.84,38.0,0.371,2.8,2.1,1.8,2.4,1.0121,988.0,22.834,38.0,380.0,1.5144826462107788,,,,Sand,,,Sand 4,4,7.22,35.2,-5.76,-33.74
-21.4,22.86,37.28,0.371,2.9,2.3,1.8,2.0,1.0284,989.0,22.854,37.28,372.8,1.524981610843329,,,,Sand,,,Sand 4,4,7.22,35.2,-5.76,-33.74
-21.419999999999998,22.88,36.45,0.371,2.8,2.3,1.6,2.2,1.0511,989.0,22.874,36.45,364.5,1.5384060857063582,,,,Sand,,,Sand 4,4,7.22,35.2,-5.76,-33.74
-21.439999999999998,22.9,35.35,0.357,2.9,2.1,2.0,2.4,1.0386,990.0,22.894,35.35,353.5,1.5421318064079295,,,,Sand,,,Sand 4,4,7.22,35.2,-5.76,-33.74
-21.46,22.92,33.65,0.348,3.3,2.3,2.3,2.3,1.0423,991.0,22.914,33.65,336.5,1.5562465035081123,,,,Sand,,,Sand 4,4,7.22,35.2,-5.76,-33.74
-21.48,22.94,32.27,0.333,3.2,2.3,2.1,2.4,1.0261,992.0,22.933,32.27,322.70000000000005,1.5619652607487122,,,,Sand,,,Sand 4,4,7.22,35.2,-5.76,-33.74
-21.5,22.96,31.39,0.319,3.1333,2.1,2.0,2.3,1.0095,993.0,22.953,31.39,313.9,1.5638322908451843,,,,Sand,,,Sand 4,4,7.22,35.2,-5.76,-33.74
-21.52,22.98,30.6,0.31,3.0667,2.1,2.0,1.9,1.0029,994.0,22.973,30.6,306.0,1.5685262230277877,,,,Sand,,,Sand 4,4,7.22,35.2,-5.76,-33.74
-21.54,23.0,30.12,0.293,3.0,2.3,2.0,2.8,0.96089,995.0,22.993,30.12,301.2,1.5584583538852608,,,,Sand,,,Sand 4,4,7.22,35.2,-5.76,-33.74
-21.56,23.02,29.8,0.284,3.2,2.3,2.1,2.8,0.93625,995.0,23.013,29.8,298.0,1.5527394317807715,,,,Sand,,,Sand 4,4,7.22,35.2,-5.76,-33.74
-21.58,23.04,29.62,0.277,3.1333,2.1,2.0,2.5,0.91438,996.0,23.033,29.62,296.2,1.5465745144217056,,,,Sand,,,Sand 4,4,7.22,35.2,-5.76,-33.74
-21.599999999999998,23.06,29.83,0.273,3.0667,2.3,2.1,2.3,0.89965,997.0,23.053,29.83,298.3,1.5392088641166521,,,,Sand,,,Sand 4,4,7.22,35.2,-5.76,-33.74
-21.619999999999997,23.08,30.31,0.27,3.0,2.3,2.0,2.3,0.8863,998.0,23.073,30.31,303.1,1.5297735673400534,,,,Sand,,,Sand 4,4,7.22,35.2,-5.76,-33.74
-21.64,23.1,31.0,0.27,3.0,2.3,2.0,2.4,0.88138,999.0,23.093,31.0,310.0,1.521623539813167,,,,Sand,,,Sand 4,4,7.22,35.2,-5.76,-33.74
-21.66,23.12,31.07,0.273,3.3,2.3,2.3,2.3,0.88489,999.0,23.113,31.07,310.7,1.5223164039572368,,,,Sand,,,Sand 4,4,7.22,35.2,-5.76,-33.74
-21.68,23.14,31.01,0.279,3.2,2.1,2.0,2.4,0.89776,1000.0,23.133,31.01,310.1,1.5276661182491023,,,,Sand,,,Sand 4,4,7.22,35.2,-5.76,-33.74
-21.7,23.16,31.07,0.286,3.1,2.1,2.1,2.4,0.91469,1001.0,23.153,31.07,310.7,1.5333703810293222,,,,Sand,,,Sand 4,4,7.22,35.2,-5.76,-33.74
-21.72,23.18,31.16,0.289,3.0,2.3,2.0,2.4,0.92082,1002.0,23.173,31.16,311.6,1.5348067515958324,,,,Sand,,,Sand 4,4,7.22,35.2,-5.76,-33.74
-21.74,23.2,31.36,0.291,3.2,2.3,2.1,2.3,0.92363,1003.0,23.193,31.36,313.6,1.5340629611395649,,,,Sand,,,Sand 4,4,7.22,35.2,-5.76,-33.74
-21.759999999999998,23.22,31.64,0.294,3.0,2.1,2.1,2.4,0.92906,1004.0,23.213,31.64,316.4,1.5335870616867113,,,,Sand,,,Sand 4,4,7.22,35.2,-5.76,-33.74
-21.779999999999998,23.24,31.83,0.295,3.0,2.3,2.0,2.3,0.928,1004.0,23.233,31.83,318.3,1.5315597159155878,,,,Sand,,,Sand 4,4,7.22,35.2,-5.76,-33.74
-21.8,23.26,31.94,0.298,2.9,2.1,2.0,2.4,0.933,1005.0,23.253,31.94,319.4,1.5324253289111438,,,,Sand,,,Sand 4,4,7.22,35.2,-5.76,-33.74
-21.82,23.28,32.04,0.299,2.8,2.1,1.8,2.3,0.9319,1006.0,23.273,32.04,320.4,1.5311721980085893,,,,Sand,,,Sand 4,4,7.22,35.2,-5.76,-33.74
-21.84,23.3,32.12,0.302,3.0,2.3,2.0,2.4,0.93658,1007.0,23.293,32.12,321.2,1.5321816363377574,,,,Sand,,,Sand 4,4,7.22,35.2,-5.76,-33.74
-21.86,23.32,32.22,0.305,3.2,2.3,2.1,2.4,0.94012,1008.0,23.313,32.22,322.2,1.5326085124480444,,,,Sand,,,Sand 4,4,7.22,35.2,-5.76,-33.74
-21.88,23.34,32.37,0.307,3.2,2.3,2.1,2.4,0.93934,1009.0,23.333,32.37,323.7,1.5310624770632681,,,,Sand,,,Sand 4,4,7.22,35.2,-5.76,-33.74
-21.9,23.36,32.52,0.308,3.1333,2.1,2.0,2.0,0.93464,1010.0,23.353,32.52,325.20000000000005,1.5281065390523916,,,,Sand,,,Sand 4,4,7.22,35.2,-5.76,-33.74
-21.919999999999998,23.38,32.92,0.312,3.0667,2.3,2.3,2.2,0.94153,1010.0,23.373,32.92,329.2,1.527276265000937,,,,Sand,,,Sand 4,4,7.22,35.2,-5.76,-33.74
-21.939999999999998,23.4,33.41,0.311,3.0,2.1,2.1,2.4,0.93488,1011.0,23.393,33.41,334.1,1.5208712183575424,,,,Sand,,,Sand 4,4,7.22,35.2,-5.76,-33.74
-21.96,23.42,33.86,0.313,2.9,2.1,2.0,2.3,0.93737,1012.0,23.413,33.86,338.6,1.5181701407121668,,,,Sand,,,Sand 4,4,7.22,35.2,-5.76,-33.74
-21.98,23.44,34.21,0.314,2.9,2.1,2.0,2.4,0.9364,1013.0,23.433,34.21,342.1,1.5150543713743185,,,,Sand,,,Sand 4,4,7.22,35.2,-5.76,-33.74
-22.0,23.46,33.59,0.312,3.2,2.3,2.1,2.3,0.92643,1014.0,23.453,33.59,335.9,1.5163323278001175,,,,Sand,,,Sand 4,4,7.22,35.2,-5.76,-33.74
-22.02,23.48,33.25,0.312,3.0,2.1,2.1,1.9,0.9227,1015.0,23.473,33.25,332.5,1.517717863506054,,,,Sand,,,Sand 4,4,7.22,35.2,-5.76,-33.74
-22.04,23.5,33.37,0.317,2.9,2.1,2.0,2.9,0.93452,1015.0,23.493,33.37,333.7,1.5210639982133638,,,,Sand,,,Sand 4,4,7.22,35.2,-5.76,-33.74
-22.06,23.52,33.65,0.319,3.0,2.1,2.1,2.8,0.94024,1016.0,23.513,33.65,336.5,1.5208865215162222,,,,Sand,,,Sand 4,4,7.22,35.2,-5.76,-33.74
-22.08,23.54,34.08,0.318,3.3,2.3,2.3,2.5,0.9376,1017.0,23.533,34.08,340.8,1.5165134294233087,,,,Sand,,,Sand 4,4,7.22,35.2,-5.76,-33.74
-22.099999999999998,23.56,34.5,0.32,3.0,2.1,2.1,2.3,0.94319,1018.0,23.553,34.5,345.0,1.5152651446149255,,,,Sand,,,Sand 4,4,7.22,35.2,-5.76,-33.74
-22.119999999999997,23.58,34.72,0.321,3.0,2.3,2.0,2.4,0.94701,1019.0,23.573,34.72,347.2,1.5149542265449145,,,,Sand,,,Sand 4,4,7.22,35.2,-5.76,-33.74
-22.14,23.6,34.26,0.321,3.0,2.3,2.0,2.3,0.94988,1019.0,23.593,34.26,342.6,1.519550296604913,,,,Sand,,,Sand 4,4,7.22,35.2,-5.76,-33.74
-22.16,23.62,33.5,0.322,3.3,2.3,2.3,2.4,0.95926,1020.0,23.613,33.5,335.0,1.5289183335893304,,,,Sand,,,Sand 4,4,7.22,35.2,-5.76,-33.74
-22.18,23.64,33.34,0.321,3.3667,2.1,2.1,2.3,0.96632,1021.0,23.632,33.34,333.4,1.5327069881289284,,,,Sand,,,Sand 4,4,7.22,35.2,-5.76,-33.74
-22.2,23.66,33.12,0.318,3.4333,2.3,2.3,2.3,0.969,1022.0,23.652,33.12,331.2,1.535430050449317,,,,Sand,,,Sand 4,4,7.22,35.2,-5.76,-33.74
-22.22,23.68,32.83,0.313,3.5,2.3,2.5,2.4,0.96304,1023.0,23.672,32.83,328.3,1.5356949217196236,,,,Sand,,,Sand 4,4,7.22,35.2,-5.76,-33.74
-22.24,23.7,32.27,0.307,3.4,2.1,2.0,2.4,0.94819,1024.0,23.692,32.27,322.70000000000005,1.5350784857636717,,,,Sand,,,Sand 4,4,7.22,35.2,-5.76,-33.74
-22.259999999999998,23.72,31.71,0.305,3.3,2.3,2.3,2.4,0.9442,1024.0,23.712,31.71,317.1,1.5384273386239435,,,,Sand,,,Sand 4,4,7.22,35.2,-5.76,-33.74
-22.279999999999998,23.74,31.51,0.302,3.2,2.3,2.1,2.3,0.93473,1025.0,23.732,31.51,315.1,1.536764812246703,,,,Sand,,,Sand 4,4,7.22,35.2,-5.76,-33.74
-22.3,23.76,31.73,0.3,3.2,2.1,2.3,2.3,0.92379,1026.0,23.752,31.73,317.3,1.5308932582858257,,,,Sand,,,Sand 4,4,7.22,35.2,-5.76,-33.74
-22.32,23.78,32.51,0.297,3.2222,2.1,2.1,2.4,0.90607,1027.0,23.772,32.51,325.09999999999997,1.517709219542687,,,,Sand,,,Sand 4,4,7.22,35.2,-5.76,-33.74
-22.34,23.8,32.74,0.3,3.2445,2.3,2.3,2.4,0.90563,1028.0,23.792,32.74,327.40000000000003,1.515614701616648,,,,Sand,,,Sand 4,4,7.22,35.2,-5.76,-33.74
-22.36,23.82,33.17,0.308,3.2667,2.1,2.1,2.3,0.9214,1029.0,23.812,33.17,331.7,1.5178938424928665,,,,Sand,,,Sand 4,4,7.22,35.2,-5.76,-33.74
-22.38,23.84,34.16,0.312,3.2333,2.5,2.5,2.4,0.92592,1029.0,23.832,34.16,341.6,1.5116068876032511,,,,Sand,,,Sand 4,4,7.22,35.2,-5.76,-33.74
-22.4,23.86,34.7,0.315,3.2,2.3,2.1,2.0,0.92968,1030.0,23.852,34.7,347.0,1.508782212437857,,,,Sand,,,Sand 4,4,7.22,35.2,-5.76,-33.74
-22.419999999999998,23.88,34.49,0.321,3.5,2.5,2.3,2.2,0.94318,1031.0,23.872,34.49,344.9,1.515338971199411,,,,Sand,,,Sand 4,4,7.22,35.2,-5.76,-33.74
-22.439999999999998,23.9,33.92,0.321,3.5111,2.1,2.1,2.4,0.94107,1032.0,23.892,33.92,339.2,1.5190380281906617,,,,Sand,,,Sand 4,4,7.22,35.2,-5.76,-33.74
-22.46,23.92,33.88,0.325,3.5222,2.5,2.7,2.4,0.95479,1033.0,23.912,33.88,338.8,1.5242982926014284,,,,Sand,,,Sand 4,4,7.22,35.2,-5.76,-33.74
-22.48,23.94,34.0,0.326,3.5333,2.1,2.1,2.3,0.96318,1034.0,23.932,34.0,340.0,1.5263464426442943,,,,Sand,,,Sand 4,4,7.22,35.2,-5.76,-33.74
-22.5,23.96,33.95,0.324,3.3667,2.1,2.0,2.4,0.9635,1035.0,23.952,33.95,339.5,1.5268532616947144,,,,Sand,,,Sand 4,4,7.22,35.2,-5.76,-33.74
-22.52,23.98,33.78,0.32,3.2,2.1,2.3,2.0,0.95697,1036.0,23.972,33.78,337.8,1.5258697344312124,,,,Sand,,,Sand 4,4,7.22,35.2,-5.76,-33.74
-22.54,24.0,33.59,0.318,3.3,2.3,2.3,2.3,0.95679,1036.0,23.992,33.59,335.9,1.5273179531271,,,,Sand,,,Sand 4,4,7.22,35.2,-5.76,-33.74
-22.56,24.02,33.16,0.316,3.2,2.3,2.1,2.9,0.95779,1037.0,24.012,33.16,331.6,1.5311378500529742,,,,Sand,,,Sand 4,4,7.22,35.2,-5.76,-33.74
-22.58,24.04,32.74,0.316,3.2,2.3,2.1,2.7,0.96903,1038.0,24.032,32.74,327.40000000000003,1.5385461420331261,,,,Sand,,,Sand 4,4,7.22,35.2,-5.76,-33.74
-22.599999999999998,24.06,32.41,0.314,3.2333,2.1,2.1,2.4,0.97728,1039.0,24.052,32.41,324.09999999999997,1.54416408732371,,,,Sand,,,Sand 4,4,7.22,35.2,-5.76,-33.74
-22.619999999999997,24.08,32.26,0.311,3.2667,2.3,2.5,2.4,0.98562,1039.0,24.072,32.26,322.59999999999997,1.5483077780339771,,,,Sand,,,Sand 4,4,7.22,35.2,-5.76,-33.74
-22.64,24.1,32.05,0.309,3.3,2.3,2.3,2.4,0.9983,1040.0,24.092,32.05,320.49999999999994,1.5544211590917363,,,,Sand,,,Sand 4,4,7.22,35.2,-5.76,-33.74
-22.66,24.12,30.89,0.302,3.3,2.3,2.3,2.4,0.9944,1041.0,24.112,30.89,308.9,1.5630777342120425,,,,Sand,,,Sand 4,4,7.22,35.2,-5.76,-33.74
-22.68,24.14,29.94,0.289,3.5,2.3,2.5,2.3,0.97,1042.0,24.132,29.94,299.4,1.5632765307402292,,,,Sand,,,Sand 4,4,7.22,35.2,-5.76,-33.74
-22.7,24.16,28.98,0.281,3.4926,2.3,2.3,2.4,0.96406,1043.0,24.152,28.98,289.8,1.570265031726448,,,,Sand,,,Sand 4,4,7.22,35.2,-5.76,-33.74
-22.72,24.18,28.35,0.272,3.4852,2.3,2.5,2.3,0.95514,1044.0,24.172,28.35,283.5,1.5733274144744,,,,Sand,,,Sand 4,4,7.22,35.2,-5.76,-33.74
-22.74,24.2,28.08,0.261,3.4778,2.3,2.3,2.3,0.93544,1044.0,24.192,28.08,280.8,1.5691371640598064,,,,Sand,,,Sand 4,4,7.22,35.2,-5.76,-33.74
-22.759999999999998,24.22,27.8,0.255,3.4555,2.3,2.5,2.4,0.93125,1045.0,24.211,27.8,278.0,1.5704976003500235,,,,Sand,,,Sand 4,4,7.22,35.2,-5.76,-33.74
-22.779999999999998,24.24,27.09,0.245,3.4333,2.1,2.1,2.4,0.91044,1046.0,24.231,27.09,270.9,1.5704772712810846,,,,Sand,,,Sand 4,4,7.22,35.2,-5.76,-33.74
-22.8,24.26,26.69,0.234,3.3667,2.1,2.1,2.4,0.88481,1047.0,24.251,26.69,266.9,1.56548627398449,,,,Sand,,,Sand 4,4,7.22,35.2,-5.76,-33.74
-22.82,24.28,26.28,0.224,3.3,2.3,2.3,2.3,0.86059,1048.0,24.271,26.28,262.8,1.5610385536987041,,,,Sand,,,Sand 4,4,7.22,35.2,-5.76,-33.74
-22.84,24.3,25.79,0.218,3.2,2.1,2.3,2.4,0.84751,1049.0,24.291,25.79,257.9,1.5616535514059406,,,,Sand,,,Sand 4,4,7.22,35.2,-5.76,-33.74
-22.86,24.32,25.2,0.207,3.3,2.1,2.5,2.4,0.81049,1049.0,24.311,25.2,252.0,1.554341045588391,,,,Sand,,,Sand 4,4,7.22,35.2,-5.76,-33.74
-22.88,24.34,24.64,0.2,3.3,2.3,2.3,2.3,0.78729,1050.0,24.331,24.64,246.4,1.5519714943854364,,,,Sand,,,Sand 4,4,7.22,35.2,-5.76,-33.74
-22.9,24.36,24.74,0.198,3.5,2.3,2.5,2.1,0.78393,1051.0,24.351,24.74,247.4,1.5494134642517947,,,,Sand,,,Sand 4,4,7.22,35.2,-5.76,-33.74
-22.919999999999998,24.38,25.35,0.193,3.5,2.3,2.5,2.1,0.76839,1052.0,24.371,25.35,253.5,1.5358104982873702,,,,Sand,,,Sand 4,4,7.22,35.2,-5.76,-33.74
-22.939999999999998,24.4,25.63,0.184,3.5,2.3,2.3,2.3,0.73552,1053.0,24.391,25.63,256.3,1.518862106566726,,,,Sand,,,Sand 4,4,7.22,35.2,-5.76,-33.74
-22.96,24.42,25.6,0.182,3.5,2.1,2.3,2.4,0.72866,1054.0,24.411,25.6,256.0,1.516309531118493,,,,Sand,,,Sand 4,4,7.22,35.2,-5.76,-33.74
-22.98,24.44,25.11,0.184,3.5,2.3,2.5,2.4,0.73851,1055.0,24.431,25.11,251.1,1.526351096238967,,,,Sand,,,Sand 4,4,7.22,35.2,-5.76,-33.74
-23.0,24.46,24.67,0.182,3.5,2.3,2.5,2.4,0.73643,1056.0,24.451,24.67,246.7,1.5308736655555588,,,,Sand,,,Sand 4,4,7.22,35.2,-5.76,-33.74
-23.02,24.48,24.39,0.181,3.3,2.3,2.3,2.0,0.74116,1056.0,24.471,24.39,243.9,1.5363392833263183,,,,Sand,,,Sand 4,4,7.22,35.2,-5.76,-33.74
-23.04,24.5,24.33,0.179,3.3,2.3,2.3,2.7,0.74116,1057.0,24.491,24.33,243.3,1.5370933726175278,,,,Sand,,,Sand 4,4,7.22,35.2,-5.76,-33.74
-23.06,24.52,24.24,0.174,3.3,2.3,2.3,2.9,0.72542,1058.0,24.511,24.24,242.4,1.5316374128324646,,,,Sand,,,Sand 4,4,7.22,35.2,-5.76,-33.74
-23.08,24.54,23.74,0.174,3.5,2.3,2.5,2.5,0.72861,1059.0,24.531,23.74,237.4,1.5394051342030868,,,,Sand,,,Sand 4,4,7.22,35.2,-5.76,-33.74
-23.099999999999998,24.56,23.29,0.176,3.5,2.3,2.5,2.3,0.73942,1060.0,24.551,23.29,232.9,1.5498126234635736,,,,Sand,,,Sand 4,4,7.22,35.2,-5.76,-33.74
-23.119999999999997,24.58,23.44,0.175,3.6,2.3,2.7,2.4,0.73758,1060.0,24.571,23.44,234.4,1.547068832763969,,,,Sand,,,Sand 4,4,7.22,35.2,-5.76,-33.74
-23.14,24.6,23.79,0.18,3.5,2.3,2.5,2.4,0.76058,1061.0,24.591,23.79,237.9,1.5519320892716753,,,,Sand,,,Sand 4,4,7.22,35.2,-5.76,-33.74
-23.16,24.62,23.83,0.182,3.5,2.3,2.5,2.4,0.76919,1062.0,24.611,23.83,238.3,1.5548917159558717,,,,Sand,,,Sand 4,4,7.22,35.2,-5.76,-33.74
-23.18,24.64,23.76,0.181,3.6,2.5,2.5,2.4,0.76351,1063.0,24.631,23.76,237.6,1.553503250293722,,,,Sand,,,Sand 4,4,7.22,35.2,-5.76,-33.74
-23.2,24.66,23.72,0.184,3.5667,2.1,2.5,2.3,0.77543,1064.0,24.651,23.72,237.2,1.5588003826130037,,,,Sand,,,Sand 4,4,7.22,35.2,-5.76,-33.74
-23.22,24.68,23.76,0.182,3.5333,2.3,2.5,2.4,0.76809,1065.0,24.671,23.76,237.6,1.5553481783631449,,,,Sand,,,Sand 4,4,7.22,35.2,-5.76,-33.74
-23.24,24.7,23.7,0.1787,3.5,2.3,2.5,2.3,0.75592,1065.0,24.691,23.7,237.0,1.5512012596058136,,,,Sand,,,Sand 4,4,7.22,35.2,-5.76,-33.74
-23.259999999999998,24.72,23.65,0.1753,3.5333,2.3,2.3,2.4,0.7424,1066.0,24.711,23.65,236.5,1.5463108760229183,,,,Sand,,,Sand 4,4,7.22,35.2,-5.76,-33.74
-23.279999999999998,24.74,23.62,0.172,3.5667,2.1,2.3,2.4,0.73048,1067.0,24.731,23.62,236.2,1.5417529000595707,,,,Sand,,,Sand 4,4,7.22,35.2,-5.76,-33.74
-23.3,24.76,23.52,0.172,3.6,2.3,2.7,2.4,0.73402,1068.0,24.751,23.52,235.2,1.5445392832058071,,,,Sand,,,Sand 4,4,7.22,35.2,-5.76,-33.74
-23.32,24.78,23.39,0.168,3.5,2.3,2.5,2.4,0.72115,1069.0,24.77,23.39,233.9,1.5408678280984713,,,,Sand,,,Sand 4,4,7.22,35.2,-5.76,-33.74
-23.34,24.8,23.54,0.165,3.5,2.3,2.5,2.4,0.7122,1069.0,24.79,23.54,235.4,1.535090889558102,,,,Sand,,,Sand 4,4,7.22,35.2,-5.76,-33.74
-23.36,24.82,23.19,0.159,3.5,2.3,2.5,2.4,0.69018,1070.0,24.81,23.19,231.9,1.530281587619227,,,,Sand,,,Sand 4,4,7.22,35.2,-5.76,-33.74
-23.38,24.84,22.85,0.157,3.6,2.3,2.7,2.3,0.6848,1071.0,24.83,22.85,228.5,1.5325758384488954,,,,Sand,,,Sand 4,4,7.22,35.2,-5.76,-33.74
-23.4,24.86,22.61,0.159,3.5667,2.3,2.3,2.0,0.69607,1072.0,24.85,22.61,226.1,1.5407843638995338,,,,Sand,,,Sand 4,4,7.22,35.2,-5.76,-33.74
-23.419999999999998,24.88,22.62,0.159,3.5333,2.3,2.5,2.2,0.69722,1073.0,24.87,22.62,226.2,1.5411398922001107,,,,Sand,,,Sand 4,4,7.22,35.2,-5.76,-33.74
-23.439999999999998,24.9,22.58,0.169,3.5,2.3,2.5,2.4,0.7355,1074.0,24.89,22.58,225.8,1.557797856464859,,,,Sand,,,Sand 4,4,7.22,35.2,-5.76,-33.74
-23.46,24.92,22.63,0.171,3.5,2.3,2.5,2.3,0.72991,1075.0,24.91,22.63,226.3,1.5547993279242933,,,,Sand,,,Sand 4,4,7.22,35.2,-5.76,-33.74
-23.48,24.94,22.72,0.165,3.5,2.3,2.5,2.4,0.68097,1076.0,24.93,22.72,227.2,1.5326985859762705,,,,Sand,,,Sand 4,4,7.22,35.2,-5.76,-33.74
-23.5,24.96,23.24,0.173,3.5,2.3,2.5,2.1,0.686,1076.0,24.95,23.24,232.4,1.5277811793604705,,,,Sand,,,Sand 4,4,7.22,35.2,-5.76,-33.74
-23.52,24.98,24.57,0.185,3.5,2.3,2.5,2.5,0.70262,1077.0,24.97,24.57,245.7,1.5177014422687523,,,,Sand,,,Sand 4,4,7.22,35.2,-5.76,-33.74
-23.54,25.0,26.45,0.191,3.5,2.1,2.5,2.8,0.69391,1078.0,24.99,26.45,264.5,1.4912331580422293,,,,Sand,,,Sand 4,4,7.22,35.2,-5.76,-33.74
-23.56,25.02,29.03,0.206,3.5,2.3,2.7,2.5,0.71802,1079.0,25.01,29.03,290.3,1.4739155162347988,,,,Sand,,,Sand 4,4,7.22,35.2,-5.76,-33.74
-23.58,25.04,30.53,0.222,3.5,2.3,2.5,2.4,0.7477,1080.0,25.03,30.53,305.3,1.4720743368946334,,,,Sand,,,Sand 4,4,7.22,35.2,-5.76,-33.74
-23.599999999999998,25.06,31.47,0.241,3.6,2.3,2.7,2.3,0.79325,1080.0,25.05,31.47,314.7,1.482586817482777,,,,Sand,,,Sand 4,4,7.22,35.2,-5.76,-33.74
-23.619999999999997,25.08,32.19,0.252,3.5,2.3,2.5,2.3,0.82061,1081.0,25.07,32.19,321.9,1.4873625016004806,,,,Sand,,,Sand 4,4,7.22,35.2,-5.76,-33.74
-23.64,25.1,32.04,0.254,3.5333,2.1,2.5,2.4,0.82993,1082.0,25.09,32.04,320.4,1.4924156244254192,,,,Sand,,,Sand 4,4,7.22,35.2,-5.76,-33.74
-23.66,25.12,31.25,0.257,3.5667,2.3,2.5,2.4,0.85142,1083.0,25.11,31.25,312.5,1.5078953380181117,,,,Sand,,,Sand 4,4,7.22,35.2,-5.76,-33.74
-23.68,25.14,30.09,0.257,3.6,2.3,2.7,2.4,0.87041,1084.0,25.13,30.09,300.9,1.525839446623352,,,,Sand,,,Sand 4,4,7.22,35.2,-5.76,-33.74
-23.7,25.16,29.07,0.256,3.5778,2.1,2.5,2.4,0.89245,1085.0,25.15,29.07,290.7,1.5438327489329884,,,,Sand,,,Sand 4,4,7.22,35.2,-5.76,-33.74
-23.72,25.18,28.2,0.244,3.5555,2.3,2.5,2.3,0.88099,1085.0,25.17,28.2,282.0,1.5482406991741524,,,,Sand,,,Sand 4,4,7.22,35.2,-5.76,-33.74
-23.74,25.2,27.17,0.23,3.5333,2.1,2.5,2.4,0.86235,1086.0,25.19,27.17,271.7,1.552003474831421,,,,Sand,,,Sand 4,4,7.22,35.2,-5.76,-33.74
-23.759999999999998,25.22,26.2,0.218,3.5667,2.3,2.7,2.3,0.84879,1087.0,25.21,26.2,262.0,1.557501909502251,,,,Sand,,,Sand 4,4,7.22,35.2,-5.76,-33.74
-23.779999999999998,25.24,25.46,0.2,3.6,2.1,2.3,2.4,0.80739,1088.0,25.23,25.46,254.6,1.5500691147416628,,,,Sand,,,Sand 4,4,7.22,35.2,-5.76,-33.74
-23.8,25.26,24.13,0.187,3.6,2.3,2.5,2.4,0.78108,1089.0,25.25,24.13,241.3,1.5558351111213475,,,,Sand,,,Sand 4,4,7.22,35.2,-5.76,-33.74
-23.82,25.28,23.05,0.172,3.6,2.3,2.7,2.3,0.74102,1090.0,25.27,23.05,230.5,1.5536753024612506,,,,Sand,,,Sand 4,4,7.22,35.2,-5.76,-33.74
-23.84,25.3,22.19,0.163,3.6,2.3,2.7,2.4,0.722,1090.0,25.289,22.19,221.9,1.5576472308798963,,,,Sand,,,Sand 4,4,7.22,35.2,-5.76,-33.74
-23.86,25.32,21.77,0.151,3.5667,2.1,2.5,2.4,0.68609,1091.0,25.309,21.77,217.7,1.5484461704212538,,,,Sand,,,Sand 4,4,7.22,35.2,-5.76,-33.74
-23.88,25.34,21.56,0.141,3.5333,2.3,2.7,2.4,0.65319,1092.0,25.329,21.56,215.6,1.5370754606160775,,,,Sand,,,Sand 4,4,7.22,35.2,-5.76,-33.74
-23.9,25.36,21.33,0.138,3.5,2.3,2.5,2.0,0.64789,1093.0,25.349,21.33,213.3,1.5381471814994474,,,,Sand,,,Sand 4,4,7.22,35.2,-5.76,-33.74
-23.919999999999998,25.38,21.12,0.135,3.6,2.3,2.7,2.1,0.63875,1094.0,25.369,21.12,211.2,1.5372148556371181,,,,Sand,,,Sand 4,4,7.22,35.2,-5.76,-33.74
-23.939999999999998,25.4,20.92,0.137,3.6,2.3,2.7,2.3,0.65153,1095.0,25.389,20.92,209.2,1.5460364909488078,,,,Sand,,,Sand 4,4,7.22,35.2,-5.76,-33.74
-23.96,25.42,20.75,0.139,3.5,2.3,2.5,2.4,0.6642,1096.0,25.409,20.75,207.5,1.5542696665461582,,,,Sand,,,Sand 4,4,7.22,35.2,-5.76,-33.74
-23.98,25.44,20.76,0.144,3.5,2.3,2.5,2.3,0.69152,1096.0,25.429,20.76,207.6,1.565908963650803,,,,Sand,,,Sand 4,4,7.22,35.2,-5.76,-33.74
-24.0,25.46,20.87,0.142,3.6,2.3,2.7,2.3,0.6852,1097.0,25.449,20.87,208.7,1.5615213353750952,,,,Sand,,,Sand 4,4,7.22,35.2,-5.76,-33.74
-24.02,25.48,20.91,0.143,3.6,2.3,2.7,2.1,0.69191,1098.0,25.469,20.91,209.1,1.5637746065213973,,,,Sand,,,Sand 4,4,7.22,35.2,-5.76,-33.74
-24.04,25.5,20.76,0.144,3.6,2.3,2.7,2.9,0.69603,1099.0,25.489,20.76,207.6,1.567821087785092,,,,Sand,,,Sand 4,4,7.22,35.2,-5.76,-33.74
-24.06,25.52,20.5,0.144,3.6,2.3,2.7,2.6,0.69402,1100.0,25.509,20.5,205.0,1.5710011492586171,,,,Sand,,,Sand 4,4,7.22,35.2,-5.76,-33.74
-24.08,25.54,20.32,0.144,3.6,2.3,2.7,2.4,0.69177,1100.0,25.529,20.32,203.2,1.5728764017044428,,,,Sand,,,Sand 4,4,7.22,35.2,-5.76,-33.74
-24.099999999999998,25.56,20.47,0.141,3.6,2.3,2.7,2.3,0.67404,1101.0,25.549,20.47,204.7,1.5629297773408326,,,,Sand,,,Sand 4,4,7.22,35.2,-5.76,-33.74
-24.119999999999997,25.58,20.92,0.14,3.5,2.3,2.5,2.3,0.66374,1102.0,25.569,20.92,209.2,1.5514407060141833,,,,Sand,,,Sand 4,4,7.22,35.2,-5.76,-33.74
-24.14,25.6,21.24,0.142,3.6,2.3,2.7,2.4,0.66761,1103.0,25.589,21.24,212.4,1.5482647569860026,,,,Sand,,,Sand 4,4,7.22,35.2,-5.76,-33.74
-24.16,25.62,21.41,0.143,3.3,2.1,2.5,2.4,0.66842,1104.0,25.609,21.41,214.1,1.5460668493588452,,,,Sand,,,Sand 4,4,7.22,35.2,-5.76,-33.74
-24.18,25.64,21.73,0.142,3.3,2.1,2.5,2.3,0.66177,1105.0,25.629,21.73,217.3,1.5383838534434693,,,,Sand,,,Sand 4,4,7.22,35.2,-5.76,-33.74
-24.2,25.66,22.15,0.142,3.3,2.1,2.5,2.4,0.66185,1105.0,25.649,22.15,221.5,1.5323069976719017,,,,Sand,,,Sand 4,4,7.22,35.2,-5.76,-33.74
-24.22,25.68,21.92,0.14,3.7,2.3,2.9,2.4,0.65367,1106.0,25.669,21.92,219.2,1.5319818531765619,,,,Sand,,,Sand 4,4,7.22,35.2,-5.76,-33.74
-24.24,25.7,21.31,0.14,3.6667,2.1,2.7,2.4,0.65543,1107.0,25.689,21.31,213.1,1.54182312364806,,,,Sand,,,Sand 4,4,7.22,35.2,-5.76,-33.74
-24.259999999999998,25.72,20.98,0.141,3.6333,2.3,2.7,2.4,0.66419,1108.0,25.709,20.98,209.8,1.5507172384102603,,,,Sand,,,Sand 4,4,7.22,35.2,-5.76,-33.74
-24.279999999999998,25.74,20.9,0.14,3.6,2.3,2.7,2.3,0.66647,1109.0,25.729,20.9,209.0,1.5529460760360487,,,,Sand,,,Sand 4,4,7.22,35.2,-5.76,-33.74
-24.3,25.76,20.94,0.139,3.6,2.3,2.7,2.4,0.66851,1110.0,25.749,20.94,209.4,1.5532241099035409,,,,Sand,,,Sand 4,4,7.22,35.2,-5.76,-33.74
-24.32,25.78,20.95,0.135,3.6,2.3,2.7,2.4,0.65375,1110.0,25.769,20.95,209.5,1.5465624887167342,,,,Sand,,,Sand 4,4,7.22,35.2,-5.76,-33.74
-24.34,25.8,20.68,0.134,3.5,2.1,2.7,2.4,0.65239,1111.0,25.789,20.68,206.8,1.5501480293501302,,,,Sand,,,Sand 4,4,7.22,35.2,-5.76,-33.74
-24.36,25.82,20.37,0.134,3.5333,2.1,2.5,2.3,0.6547,1112.0,25.808,20.37,203.7,1.5560609123441242,,,,Sand,,,Sand 4,4,7.22,35.2,-5.76,-33.74
-24.38,25.84,20.21,0.131,3.5667,2.1,2.5,2.4,0.64125,1113.0,25.828,20.21,202.1,1.5526400244834986,,,,Sand,,,Sand 4,4,7.22,35.2,-5.76,-33.74
-24.4,25.86,20.17,0.133,3.6,2.3,2.7,2.2,0.64775,1114.0,25.848,20.17,201.7,1.5561849546602866,,,,Sand,,,Sand 4,4,7.22,35.2,-5.76,-33.74
-24.419999999999998,25.88,20.1,0.133,3.6,2.3,2.7,2.0,0.63804,1115.0,25.868,20.1,201.0,1.5529792888487801,,,,Sand,,,Sand 4,4,7.22,35.2,-5.76,-33.74
-24.439999999999998,25.9,20.32,0.14,3.7,2.3,2.9,2.3,0.65836,1116.0,25.888,20.32,203.2,1.5584696428557012,,,,Sand,,,Sand 4,4,7.22,35.2,-5.76,-33.74
-24.46,25.92,20.63,0.147,3.7,2.3,2.9,2.4,0.6768,1117.0,25.908,20.63,206.3,1.5616174247048555,,,,Sand,,,Sand 4,4,7.22,35.2,-5.76,-33.74
-24.48,25.94,21.78,0.154,3.6889,2.1,2.7,2.3,0.69405,1117.0,25.928,21.78,217.8,1.5517226929275805,,,,Sand,,,Sand 4,4,7.22,35.2,-5.76,-33.74
-24.5,25.96,23.18,0.163,3.6778,2.3,2.9,2.3,0.71862,1118.0,25.948,23.18,231.8,1.5426033423206849,,,,Sand,,,Sand 4,4,7.22,35.2,-5.76,-33.74
-24.52,25.98,23.73,0.173,3.6667,2.1,2.5,2.1,0.74661,1119.0,25.968,23.73,237.3,1.5470058510063958,,,,Sand,,,Sand 4,4,7.22,35.2,-5.76,-33.74
-24.54,26.0,23.85,0.182,3.6333,2.1,2.7,2.9,0.76996,1120.0,25.988,23.85,238.5,1.554944831830582,,,,Sand,,,Sand 4,4,7.22,35.2,-5.76,-33.74
-24.56,26.02,23.92,0.192,3.6,2.3,2.7,2.7,0.80079,1121.0,26.008,23.92,239.2,1.566236351760179,,,,Sand,,,Sand 4,4,7.22,35.2,-5.76,-33.74
-24.58,26.04,24.05,0.2,3.6,2.3,2.7,2.4,0.82829,1121.0,26.028,24.05,240.5,1.5751601773741482,,,,Sand,,,Sand 4,4,7.22,35.2,-5.76,-33.74
-24.599999999999998,26.06,24.23,0.207,3.7,2.3,2.9,2.4,0.85392,1122.0,26.048,24.23,242.3,1.5825264750917738,,,,Sand,,,Sand 4,4,7.22,35.2,-5.76,-33.74
-24.619999999999997,26.08,24.36,0.211,3.6,2.3,2.7,2.4,0.86782,1123.0,26.068,24.36,243.6,1.586047720636302,,,,Sand,,,Sand 4,4,7.22,35.2,-5.76,-33.74
-24.64,26.1,24.49,0.215,3.6,2.3,2.7,2.3,0.88232,1124.0,26.088,24.49,244.9,1.5897388172183726,,,,Sand,,,Sand 4,4,7.22,35.2,-5.76,-33.74
-24.66,26.12,24.54,0.219,3.6,2.1,2.9,2.4,0.89786,1125.0,26.108,24.54,245.4,1.5947066956212759,,,,Sand,,,Sand 4,4,7.22,35.2,-5.76,-33.74
-24.68,26.14,24.49,0.221,3.5,2.1,2.7,2.3,0.90616,1126.0,26.128,24.49,244.9,1.5982479763309525,,,,Sand,,,Sand 4,4,7.22,35.2,-5.76,-33.74
-24.7,26.16,24.43,0.223,3.6,2.3,2.7,2.4,0.9152,1126.0,26.148,24.43,244.3,1.6021453456653116,,,,Sand,,,Sand 4,4,7.22,35.2,-5.76,-33.74
-24.72,26.18,24.35,0.225,3.6333,2.1,2.5,2.3,0.9254,1127.0,26.168,24.35,243.5,1.606658695164778,,,,Sand,,,Sand 4,4,7.22,35.2,-5.76,-33.74
-24.74,26.2,24.24,0.227,3.6667,2.3,2.7,2.4,0.93618,1128.0,26.188,24.24,242.4,1.6116998991165463,,,,Sand,,,Sand 4,4,7.22,35.2,-5.76,-33.74
-24.759999999999998,26.22,24.21,0.228,3.7,2.3,2.9,2.4,0.94234,1129.0,26.208,24.21,242.1,1.614168260101004,,,,Sand,,,Sand 4,4,7.22,35.2,-5.76,-33.74
-24.779999999999998,26.24,24.18,0.229,3.6667,2.1,2.7,2.4,0.9478,1130.0,26.228,24.18,241.8,1.6163873576788643,,,,Sand,,,Sand 4,4,7.22,35.2,-5.76,-33.74
-24.8,26.26,24.07,0.228,3.6333,2.3,2.7,2.3,0.94464,1131.0,26.248,24.07,240.7,1.6166464997614236,,,,Sand,,,Sand 4,4,7.22,35.2,-5.76,-33.74
-24.82,26.28,24.01,0.227,3.6,2.3,2.7,2.4,0.94045,1131.0,26.268,24.01,240.1,1.6159502973471118,,,,Sand,,,Sand 4,4,7.22,35.2,-5.76,-33.74
-24.84,26.3,24.07,0.227,3.7,2.3,2.9,2.3,0.93923,1132.0,26.288,24.07,240.7,1.614803158575246,,,,Sand,,,Sand 4,4,7.22,35.2,-5.76,-33.74
-24.86,26.32,24.16,0.229,3.6667,2.1,2.7,2.4,0.9456,1133.0,26.307,24.16,241.6,1.615881995086461,,,,Sand,,,Sand 4,4,7.22,35.2,-5.76,-33.74
-24.88,26.34,24.15,0.229,3.6333,2.3,2.7,2.3,0.94321,1134.0,26.327,24.15,241.5,1.6151898886120557,,,,Sand,,,Sand 4,4,7.22,35.2,-5.76,-33.74
-24.9,26.36,24.25,0.228,3.6,2.3,2.7,2.0,0.93625,1135.0,26.347,24.25,242.5,1.6116032685474067,,,,Sand,,,Sand 4,4,7.22,35.2,-5.76,-33.74
-24.919999999999998,26.38,24.46,0.227,3.5,2.1,2.7,2.1,0.92942,1136.0,26.367,24.46,244.6,1.6067309153362086,,,,Sand,,,Sand 4,4,7.22,35.2,-5.76,-33.74
-24.939999999999998,26.4,24.57,0.227,3.6,2.3,2.7,2.4,0.92658,1137.0,26.387,24.57,245.7,1.6044363796315084,,,,Sand,,,Sand 4,4,7.22,35.2,-5.76,-33.74
-24.96,26.42,24.56,0.229,3.6,2.3,2.7,2.4,0.9317,1137.0,26.407,24.56,245.6,1.606326374220848,,,,Sand,,,Sand 4,4,7.22,35.2,-5.76,-33.74
-24.98,26.44,24.6,0.231,3.5,2.1,2.7,2.4,0.93717,1138.0,26.427,24.6,246.0,1.6077350804209878,,,,Sand,,,Sand 4,4,7.22,35.2,-5.76,-33.74
-25.0,26.46,24.64,0.233,3.5,2.1,2.7,2.3,0.94332,1139.0,26.447,24.64,246.4,1.6093691309855895,,,,Sand,,,Sand 4,4,7.22,35.2,-5.76,-33.74
-25.02,26.48,24.76,0.233,3.5,2.1,2.7,2.1,0.94156,1140.0,26.467,24.76,247.6,1.6073536424212087,,,,Sand,,,Sand 4,4,7.22,35.2,-5.76,-33.74
-25.04,26.5,24.79,0.234,3.6,2.1,2.9,2.9,0.94307,1141.0,26.487,24.79,247.9,1.6075186440352554,,,,Sand,,,Sand 4,4,7.22,35.2,-5.76,-33.74
-25.06,26.52,24.81,0.234,3.6,2.3,2.7,2.7,0.93957,1141.0,26.507,24.81,248.1,1.6060845347648154,,,,Sand,,,Sand 4,4,7.22,35.2,-5.76,-33.74
-25.08,26.54,24.87,0.235,3.6,2.3,2.7,2.4,0.93873,1142.0,26.527,24.87,248.7,1.6050937147331261,,,,Sand,,,Sand 4,4,7.22,35.2,-5.76,-33.74
-25.099999999999998,26.56,24.94,0.237,3.6333,2.0,2.7,2.4,0.94099,1143.0,26.547,24.94,249.4,1.6050533955490898,,,,Sand,,,Sand 4,4,7.22,35.2,-5.76,-33.74
-25.119999999999997,26.58,25.09,0.24,3.6667,2.1,2.7,2.3,0.94539,1144.0,26.567,25.09,250.9,1.6048222666195695,,,,Sand,,,Sand 4,4,7.22,35.2,-5.76,-33.74
-25.14,26.6,25.34,0.243,3.7,2.3,2.9,2.4,0.94709,1145.0,26.587,25.34,253.4,1.6025356062648364,,,,Sand,,,Sand 4,4,7.22,35.2,-5.76,-33.74
-25.16,26.62,25.67,0.247,3.6,2.1,2.9,2.3,0.95234,1146.0,26.607,25.67,256.7,1.6005998279778764,,,,Sand,,,Sand 4,4,7.22,35.2,-5.76,-33.74
-25.18,26.64,25.98,0.249,3.5667,2.0,2.7,2.4,0.94952,1146.0,26.627,25.98,259.8,1.5961837740160632,,,,Sand,,,Sand 4,4,7.22,35.2,-5.76,-33.74
-25.2,26.66,26.39,0.253,3.5333,2.3,2.9,2.3,0.95395,1147.0,26.647,26.39,263.9,1.5932172002107103,,,,Sand,,,Sand 4,4,7.22,35.2,-5.76,-33.74
-25.22,26.68,26.98,0.258,3.5,2.1,2.7,2.4,0.96224,1148.0,26.667,26.98,269.8,1.5897562063153519,,,,Sand,,,Sand 4,4,7.22,35.2,-5.76,-33.74
-25.24,26.7,27.1,0.262,3.6,2.1,2.9,2.4,0.9671,1149.0,26.687,27.1,271.0,1.5901553218474116,,,,Sand,,,Sand 4,4,7.22,35.2,-5.76,-33.74
-25.259999999999998,26.72,27.24,0.266,3.6,2.3,2.7,2.3,0.972,1150.0,26.707,27.24,272.4,1.5903628977766,,,,Sand,,,Sand 4,4,7.22,35.2,-5.76,-33.74
-25.279999999999998,26.74,27.47,0.271,3.7,2.3,2.9,2.4,0.98086,1151.0,26.727,27.47,274.7,1.590988386248488,,,,Sand,,,Sand 4,4,7.22,35.2,-5.76,-33.74
-25.3,26.76,27.67,0.276,3.7,2.3,2.9,2.4,0.99045,1151.0,26.747,27.67,276.7,1.5921727211326206,,,,Sand,,,Sand 4,4,7.22,35.2,-5.76,-33.74
-25.32,26.78,27.9,0.28,3.6,2.1,2.9,2.4,0.99529,1152.0,26.767,27.9,279.0,1.5914735547205403,,,,Sand,,,Sand 4,4,7.22,35.2,-5.76,-33.74
-25.34,26.8,28.18,0.283,3.7,2.3,2.9,2.3,0.99468,1153.0,26.787,28.18,281.8,1.588481417629767,,,,Sand,,,Sand 4,4,7.22,35.2,-5.76,-33.74
-25.36,26.82,28.49,0.287,3.7,2.3,2.9,2.4,0.99558,1154.0,26.806,28.49,284.9,1.5857360949712798,,,,Sand,,,Sand 4,4,7.22,35.2,-5.76,-33.74
-25.38,26.84,28.88,0.293,3.6,2.1,2.9,2.3,1.0009,1155.0,26.826,28.88,288.8,1.5837447614654627,,,,Sand,,,Sand 4,4,7.22,35.2,-5.76,-33.74
-25.4,26.86,29.23,0.297,3.7,2.3,2.9,2.1,0.99731,1156.0,26.846,29.23,292.3,1.5792108030402838,,,,Sand,,,Sand 4,4,7.22,35.2,-5.76,-33.74
-25.419999999999998,26.88,29.79,0.305,3.6,2.1,2.9,2.1,1.0061,1157.0,26.866,29.79,297.9,1.576935934587856,,,,Sand,,,Sand 4,4,7.22,35.2,-5.76,-33.74
-25.439999999999998,26.9,30.48,0.31,3.5,2.1,2.7,2.3,1.0031,1157.0,26.886,30.48,304.8,1.569665003433266,,,,Sand,,,Sand 4,4,7.22,35.2,-5.76,-33.74
-25.46,26.92,31.25,0.321,3.6,2.1,2.9,2.4,1.0182,1158.0,26.906,31.25,312.5,1.5679577748618743,,,,Sand,,,Sand 4,4,7.22,35.2,-5.76,-33.74
-25.48,26.94,31.94,0.329,3.6,2.1,2.9,2.4,1.0223,1159.0,26.926,31.94,319.4,1.5634487544840565,,,,Sand,,,Sand 4,4,7.22,35.2,-5.76,-33.74
-25.5,26.96,32.45,0.336,3.7,2.3,2.9,2.4,1.0243,1160.0,26.946,32.45,324.50000000000006,1.5598782890589438,,,,Sand,,,Sand 4,4,7.22,35.2,-5.76,-33.74
-25.52,26.98,33.21,0.346,3.6,2.3,2.7,2.0,1.0377,1161.0,26.966,33.21,332.1,1.5581926333199314,,,,Sand,,,Sand 4,4,7.22,35.2,-5.76,-33.74
-25.54,27.0,33.87,0.352,3.6,2.1,2.9,2.4,1.0432,1162.0,26.986,33.87,338.7,1.5548317348390308,,,,Sand,,,Sand 4,4,7.22,35.2,-5.76,-33.74
-25.56,27.02,34.48,0.358,3.5,2.1,2.7,2.8,1.0526,1162.0,27.006,34.48,344.8,1.5532704496151062,,,,Sand,,,Sand 4,4,7.22,35.2,-5.76,-33.74
-25.58,27.04,34.75,0.362,3.7,2.3,2.9,2.7,1.0594,1163.0,27.026,34.75,347.5,1.5534797367415716,,,,Sand,,,Sand 4,4,7.22,35.2,-5.76,-33.74
-25.599999999999998,27.06,34.8,0.365,4.2,2.5,3.3,2.4,1.0673,1164.0,27.046,34.8,348.0,1.5556941569236682,,,,Sand,,,Sand 4,4,7.22,35.2,-5.76,-33.74
-25.619999999999997,27.08,34.45,0.37,3.5,2.0,2.9,2.3,1.0837,1165.0,27.066,34.45,344.5,1.5636280638491469,,,,Sand,,,Sand 4,4,7.22,35.2,-5.76,-33.74
-25.64,27.1,34.07,0.37,3.4,2.0,2.7,2.4,1.0877,1166.0,27.086,34.07,340.7,1.5677886356253943,,,,Sand,,,Sand 4,4,7.22,35.2,-5.76,-33.74
-25.66,27.12,33.72,0.369,3.5,2.1,2.7,2.4,1.0895,1166.0,27.106,33.72,337.2,1.5710493810704718,,,,Sand,,,Sand 4,4,7.22,35.2,-5.76,-33.74
-25.68,27.14,33.46,0.365,3.9,2.3,3.1,2.4,1.0826,1167.0,27.126,33.46,334.6,1.5708632100304527,,,,Sand,,,Sand 4,4,7.22,35.2,-5.76,-33.74
-25.7,27.16,33.41,0.362,3.9,2.3,2.7,2.3,1.078,1168.0,27.146,33.41,334.1,1.5697781637499346,,,,Sand,,,Sand 4,4,7.22,35.2,-5.76,-33.74
-25.72,27.18,33.48,0.358,3.9,2.3,3.1,2.4,1.0695,1169.0,27.166,33.48,334.8,1.5664875327274599,,,,Sand,,,Sand 4,4,7.22,35.2,-5.76,-33.74
-25.74,27.2,33.56,0.354,3.9,2.3,3.1,2.4,1.0603,1170.0,27.186,33.56,335.6,1.5628707514601552,,,,Sand,,,Sand 4,4,7.22,35.2,-5.76,-33.74
-25.759999999999998,27.22,33.56,0.35,3.7,2.3,2.9,2.4,1.0517,1171.0,27.206,33.56,335.6,1.5600537210415455,,,,Sand,,,Sand 4,4,7.22,35.2,-5.76,-33.74
-25.779999999999998,27.24,33.39,0.346,3.7,2.0,2.7,2.3,1.0445,1171.0,27.226,33.39,333.9,1.5590176444420938,,,,Sand,,,Sand 4,4,7.22,35.2,-5.76,-33.74
-25.8,27.26,33.22,0.343,3.7,2.1,2.9,2.3,1.0423,1172.0,27.246,33.22,332.2,1.5596373566640662,,,,Sand,,,Sand 4,4,7.22,35.2,-5.76,-33.74
-25.82,27.28,33.02,0.338,3.7,2.3,2.9,2.4,1.0357,1173.0,27.266,33.02,330.2,1.5590471579377552,,,,Sand,,,Sand 4,4,7.22,35.2,-5.76,-33.74
-25.84,27.3,32.6,0.332,3.7,2.0,2.7,2.4,1.0279,1174.0,27.285,32.6,326.0,1.5598511137939597,,,,Sand,,,Sand 4,4,7.22,35.2,-5.76,-33.74
-25.86,27.32,32.17,0.321,3.7,2.1,2.9,2.4,1.0055,1175.0,27.305,32.17,321.7,1.5558658031063173,,,,Sand,,,Sand 4,4,7.22,35.2,-5.76,-33.74
-25.88,27.34,31.74,0.317,3.7,2.3,2.9,2.3,1.0076,1176.0,27.325,31.74,317.4,1.5601984079697109,,,,Sand,,,Sand 4,4,7.22,35.2,-5.76,-33.74
-25.9,27.36,31.37,0.309,3.6667,2.0,2.7,2.3,0.99818,1176.0,27.345,31.37,313.7,1.5601744248946785,,,,Sand,,,Sand 4,4,7.22,35.2,-5.76,-33.74
-25.919999999999998,27.38,30.88,0.307,3.6333,2.1,2.9,2.0,1.009,1177.0,27.365,30.88,308.8,1.56810146332199,,,,Sand,,,Sand 4,4,7.22,35.2,-5.76,-33.74
-25.939999999999998,27.4,30.39,0.301,3.6,2.1,2.9,2.2,1.0076,1178.0,27.385,30.39,303.9,1.5719842843008098,,,,Sand,,,Sand 4,4,7.22,35.2,-5.76,-33.74
-25.96,27.42,29.51,0.297,3.6,2.1,2.9,2.4,1.0114,1179.0,27.405,29.51,295.1,1.581296244750311,,,,Sand,,,Sand 4,4,7.22,35.2,-5.76,-33.74
-25.98,27.44,28.99,0.291,3.5,2.1,2.7,2.3,1.0065,1180.0,27.425,28.99,289.9,1.584562147129899,,,,Sand,,,Sand 4,4,7.22,35.2,-5.76,-33.74
-26.0,27.46,28.37,0.288,3.7,2.3,2.9,2.4,1.0068,1181.0,27.445,28.37,283.7,1.5906493070512449,,,,Sand,,,Sand 4,4,7.22,35.2,-5.76,-33.74
-26.02,27.48,27.73,0.286,3.6,2.1,2.9,2.3,1.0051,1182.0,27.465,27.73,277.3,1.5964421309205112,,,,Sand,,,Sand 4,4,7.22,35.2,-5.76,-33.74
-26.04,27.5,27.69,0.287,3.7,2.3,2.9,2.0,1.0055,1183.0,27.485,27.69,276.9,1.5969777845682243,,,,Sand,,,Sand 4,4,7.22,35.2,-5.76,-33.74
-26.06,27.52,27.73,0.286,3.8,2.1,3.1,2.9,0.99146,1183.0,27.505,27.73,277.3,1.5919036800043918,,,,Sand,,,Sand 4,4,7.22,35.2,-5.76,-33.74
-26.08,27.54,28.43,0.287,3.9,2.3,3.1,2.7,0.98036,1184.0,27.525,28.43,284.3,1.5811908493136664,,,,Sand,,,Sand 4,4,7.22,35.2,-5.76,-33.74
-26.099999999999998,27.56,29.19,0.291,3.8778,2.3,2.9,2.4,0.97745,1185.0,27.545,29.19,291.9,1.572858336312957,,,,Sand,,,Sand 4,4,7.22,35.2,-5.76,-33.74
-26.119999999999997,27.58,30.21,0.294,3.8555,2.3,3.1,2.4,0.97311,1186.0,27.565,30.21,302.1,1.5618760671540644,,,,Sand,,,Sand 4,4,7.22,35.2,-5.76,-33.74
-26.14,27.6,31.42,0.3,3.8333,2.1,2.9,2.3,0.98003,1187.0,27.585,31.42,314.2,1.5535213634922425,,,,Sand,,,Sand 4,4,7.22,35.2,-5.76,-33.74
-26.16,27.62,31.8,0.306,3.7667,2.0,2.7,2.3,0.99037,1187.0,27.605,31.8,318.0,1.553821348047555,,,,Sand,,,Sand 4,4,7.22,35.2,-5.76,-33.74
-26.18,27.64,31.7,0.313,3.7,2.3,2.9,2.4,1.0068,1188.0,27.625,31.7,317.0,1.5602680028055944,,,,Sand,,,Sand 4,4,7.22,35.2,-5.76,-33.74
-26.2,27.66,31.22,0.315,3.6,2.1,2.9,2.4,1.0114,1189.0,27.645,31.22,312.2,1.5659397819841847,,,,Sand,,,Sand 4,4,7.22,35.2,-5.76,-33.74
-26.22,27.68,30.92,0.317,3.7,2.3,2.9,2.4,1.0214,1190.0,27.665,30.92,309.2,1.5718947523864455,,,,Sand,,,Sand 4,4,7.22,35.2,-5.76,-33.74
-26.24,27.7,30.72,0.315,3.6,2.1,2.9,2.3,1.0207,1191.0,27.685,30.72,307.2,1.573420367344294,,,,Sand,,,Sand 4,4,7.22,35.2,-5.76,-33.74
-26.259999999999998,27.72,30.72,0.312,3.6,2.1,2.9,2.4,1.0164,1192.0,27.705,30.72,307.2,1.5719887871162301,,,,Sand,,,Sand 4,4,7.22,35.2,-5.76,-33.74
-26.279999999999998,27.74,30.66,0.308,3.6,2.1,2.9,2.3,1.0066,1192.0,27.725,30.66,306.6,1.569238476698728,,,,Sand,,,Sand 4,4,7.22,35.2,-5.76,-33.74
-26.3,27.76,30.55,0.307,3.7,2.3,2.9,2.4,1.0048,1193.0,27.745,30.55,305.5,1.5696119012836032,,,,Sand,,,Sand 4,4,7.22,35.2,-5.76,-33.74
-26.32,27.78,30.4,0.304,3.7,2.3,2.9,2.3,0.99472,1194.0,27.764,30.4,304.0,1.567550293319737,,,,Sand,,,Sand 4,4,7.22,35.2,-5.76,-33.74
-26.34,27.8,30.38,0.303,3.7,2.3,2.9,2.3,0.99016,1195.0,27.784,30.38,303.8,1.5661808576357181,,,,Sand,,,Sand 4,4,7.22,35.2,-5.76,-33.74
-26.36,27.82,30.43,0.301,3.9,2.3,3.1,2.4,0.98182,1196.0,27.804,30.43,304.3,1.5628801304677502,,,,Sand,,,Sand 4,4,7.22,35.2,-5.76,-33.74
-26.38,27.84,30.57,0.299,3.9,2.3,3.1,2.4,0.97287,1197.0,27.824,30.57,305.7,1.558537615980285,,,,Sand,,,Sand 4,4,7.22,35.2,-5.76,-33.74
-26.4,27.86,30.78,0.301,3.9,2.3,2.9,2.2,0.97573,1197.0,27.844,30.78,307.8,1.5576503886601392,,,,Sand,,,Sand 4,4,7.22,35.2,-5.76,-33.74
-26.419999999999998,27.88,31.04,0.304,3.9,2.3,3.1,2.0,0.98124,1198.0,27.864,31.04,310.4,1.5572528304024063,,,,Sand,,,Sand 4,4,7.22,35.2,-5.76,-33.74
-26.439999999999998,27.9,31.11,0.301,3.9,2.3,2.9,2.2,0.96722,1199.0,27.884,31.11,311.1,1.5517781930997259,,,,Sand,,,Sand 4,4,7.22,35.2,-5.76,-33.74
-26.46,27.92,31.16,0.302,3.9,2.3,2.9,2.4,0.96463,1200.0,27.904,31.16,311.6,1.5504343882673337,,,,Sand,,,Sand 4,4,7.22,35.2,-5.76,-33.74
-26.48,27.94,31.32,0.308,3.9,2.3,3.1,2.3,0.9784,1201.0,27.924,31.32,313.2,1.553825381900701,,,,Sand,,,Sand 4,4,7.22,35.2,-5.76,-33.74
-26.5,27.96,31.44,0.311,3.9,2.3,3.1,2.3,0.98355,1202.0,27.944,31.44,314.4,1.5545627766690617,,,,Sand,,,Sand 4,4,7.22,35.2,-5.76,-33.74
-26.52,27.98,31.54,0.313,3.9,2.3,3.1,2.2,0.98486,1203.0,27.964,31.54,315.4,1.5541516315569224,,,,Sand,,,Sand 4,4,7.22,35.2,-5.76,-33.74
-26.54,28.0,32.07,0.319,3.7,2.3,2.9,2.1,0.99719,1204.0,27.984,32.07,320.7,1.553874132721203,,,,Sand,,,Sand 4,4,7.22,35.2,-5.76,-33.74
-26.56,28.02,32.16,0.325,3.6,2.1,2.9,2.9,1.0074,1204.0,28.004,32.16,321.59999999999997,1.5565935271189504,,,,Sand,,,Sand 4,4,7.22,35.2,-5.76,-33.74
-26.58,28.04,32.16,0.332,3.7,2.3,2.9,2.7,1.019,1205.0,28.024,32.16,321.59999999999997,1.560503839455068,,,,Sand,,,Sand 4,4,7.22,35.2,-5.76,-33.74
-26.599999999999998,28.06,32.4,0.337,3.7,2.3,2.9,2.4,1.0235,1206.0,28.044,32.4,324.0,1.560022432137723,,,,Sand,,,Sand 4,4,7.22,35.2,-5.76,-33.74
-26.619999999999997,28.08,32.83,0.346,3.6,2.1,2.9,2.3,1.0387,1207.0,28.064,32.83,328.3,1.5615719883263675,,,,Sand,,,Sand 4,4,7.22,35.2,-5.76,-33.74
-26.64,28.1,33.48,0.352,3.6,2.1,2.9,2.3,1.0426,1207.0,28.084,33.48,334.8,1.5576796964897304,,,,Sand,,,Sand 4,4,7.22,35.2,-5.76,-33.74
-26.66,28.12,34.01,0.358,3.7,2.3,2.9,2.3,1.0443,1208.0,28.104,34.01,340.1,1.5541139542048439,,,,Sand,,,Sand 4,4,7.22,35.2,-5.76,-33.74
-26.68,28.14,34.31,0.369,3.7,2.3,2.9,2.4,1.0589,1209.0,28.124,34.31,343.1,1.556631708708944,,,,Sand,,,Sand 4,4,7.22,35.2,-5.76,-33.74
-26.7,28.16,35.13,0.376,3.6,2.1,2.9,2.3,1.0601,1210.0,28.144,35.13,351.3,1.5508899448366864,,,,Sand,,,Sand 4,4,7.22,35.2,-5.76,-33.74
-26.72,28.18,35.78,0.383,3.9,2.3,3.1,2.4,1.0637,1211.0,28.164,35.78,357.8,1.5473438690973593,,,,Sand,,,Sand 4,4,7.22,35.2,-5.76,-33.74
-26.74,28.2,36.32,0.387,4.1,2.3,3.3,2.4,1.0616,1212.0,28.184,36.32,363.2,1.5428069165109843,,,,Sand,,,Sand 4,4,7.22,35.2,-5.76,-33.74
-26.759999999999998,28.22,36.91,0.391,3.9333,2.1,2.7,2.4,1.0632,1212.0,28.204,36.91,369.1,1.5392198521992997,,,,Sand,,,Sand 4,4,7.22,35.2,-5.76,-33.74
-26.779999999999998,28.24,37.82,0.395,3.7667,2.1,2.9,2.3,1.0706,1213.0,28.223,37.82,378.2,1.5354898613777186,,,,Sand,,,Sand 4,4,7.22,35.2,-5.76,-33.74
-26.8,28.26,37.77,0.402,3.6,2.3,2.7,2.4,1.0901,1214.0,28.243,37.77,377.7,1.5422088386593444,,,,Sand,,,Sand 4,4,7.22,35.2,-5.76,-33.74
-26.82,28.28,37.6,0.405,3.5,2.1,2.7,2.3,1.102,1215.0,28.263,37.6,376.0,1.5471881496442397,,,,Sand,,,Sand 4,4,7.22,35.2,-5.76,-33.74
-26.84,28.3,36.89,0.41,4.1,2.3,3.3,2.4,1.1229,1216.0,28.283,36.89,368.9,1.558634158871046,,,,Sand,,,Sand 4,4,7.22,35.2,-5.76,-33.74
-26.86,28.32,36.08,0.407,4.0333,2.3,2.5,2.3,1.127,1217.0,28.303,36.08,360.8,1.565526377143246,,,,Sand,,,Sand 4,4,7.22,35.2,-5.76,-33.74
-26.88,28.34,35.63,0.403,3.9667,2.3,3.1,2.4,1.1272,1217.0,28.323,35.63,356.3,1.5687729846805782,,,,Sand,,,Sand 4,4,7.22,35.2,-5.76,-33.74
-26.9,28.36,35.3,0.393,3.9,2.3,3.1,2.3,1.1094,1218.0,28.343,35.3,353.0,1.565550238893119,,,,Sand,,,Sand 4,4,7.22,35.2,-5.76,-33.74
-26.919999999999998,28.38,35.0,0.385,3.9,2.5,2.9,2.0,1.0942,1219.0,28.363,35.0,350.0,1.5629057913827709,,,,Sand,,,Sand 4,4,7.22,35.2,-5.76,-33.74
-26.939999999999998,28.4,34.63,0.381,4.1,2.3,3.3,2.2,1.0871,1220.0,28.383,34.63,346.3,1.5633719043840508,,,,Sand,,,Sand 4,4,7.22,35.2,-5.76,-33.74
-26.96,28.42,34.89,0.37,4.4,2.3,3.7,2.4,1.0584,1221.0,28.403,34.89,348.9,1.552107178746846,,,,Sand,,,Sand 4,4,7.22,35.2,-5.76,-33.74
-26.98,28.44,34.98,0.365,3.9,2.3,3.1,2.3,1.0461,1222.0,28.423,34.98,349.8,1.5473692115004811,,,,Sand,,,Sand 4,4,7.22,35.2,-5.76,-33.74
-27.0,28.46,34.97,0.364,3.7,2.3,2.9,2.3,1.0442,1223.0,28.443,34.97,349.7,1.5468111744569768,,,,Sand,,,Sand 4,4,7.22,35.2,-5.76,-33.74
-27.02,28.48,34.97,0.362,3.7,2.3,2.9,2.3,1.0362,1223.0,28.463,34.97,349.7,1.5441375070285883,,,,Sand,,,Sand 4,4,7.22,35.2,-5.76,-33.74
-27.04,28.5,34.93,0.366,3.7,2.3,2.9,1.8,1.0438,1225.0,28.483,34.93,349.3,1.5469756491271123,,,,Sand,,,Sand 4,4,7.22,35.2,-5.76,-33.74
-27.06,28.52,34.77,0.368,3.9,2.5,2.9,2.7,1.0401,1225.0,28.503,34.77,347.7,1.5469374650200367,,,,Sand,,,Sand 4,4,7.22,35.2,-5.76,-33.74
-27.08,28.54,34.74,0.373,4.1,2.1,2.9,2.8,1.042,1226.0,28.523,34.74,347.4,1.5477964090915715,,,,Sand,,,Sand 4,4,7.22,35.2,-5.76,-33.74
-27.099999999999998,28.56,35.24,0.376,4.3,2.5,2.7,2.6,1.036,1227.0,28.543,35.24,352.4,1.542068888102424,,,,Sand,,,Sand 4,4,7.22,35.2,-5.76,-33.74
-27.119999999999997,28.58,35.91,0.378,4.5,2.5,3.7,2.4,1.0263,1228.0,28.563,35.91,359.1,1.5339059058620368,,,,Sand,,,Sand 4,4,7.22,35.2,-5.76,-33.74
-27.14,28.6,37.51,0.379,3.9,2.5,2.9,2.3,1.014,1228.0,28.583,37.51,375.1,1.5184602562345095,,,,Sand,,,Sand 4,4,7.22,35.2,-5.76,-33.74
-27.16,28.62,38.3,0.386,3.9,2.5,2.9,2.4,1.0201,1229.0,28.603,38.3,383.0,1.5152489616018638,,,,Sand,,,Sand 4,4,7.22,35.2,-5.76,-33.74
-27.18,28.64,38.96,0.393,3.8333,2.5,2.3,2.3,1.0312,1230.0,28.623,38.96,389.6,1.514742801254497,,,,Sand,,,Sand 4,4,7.22,35.2,-5.76,-33.74
-27.2,28.66,39.22,0.401,3.7667,2.5,2.9,2.3,1.0491,1231.0,28.642,39.22,392.2,1.519166051850528,,,,Sand,,,Sand 4,4,7.22,35.2,-5.76,-33.74
-27.22,28.68,39.13,0.408,3.7,2.3,2.9,2.4,1.0714,1232.0,28.662,39.13,391.3,1.5272092438372291,,,,Sand,,,Sand 4,4,7.22,35.2,-5.76,-33.74
-27.24,28.7,38.44,0.41,3.7,2.5,2.7,2.4,1.0842,1233.0,28.682,38.44,384.4,1.5358737185917108,,,,Sand,,,Sand 4,4,7.22,35.2,-5.76,-33.74
-27.259999999999998,28.72,37.41,0.411,3.9,2.5,2.9,2.4,1.0976,1233.0,28.702,37.41,374.1,1.5470456931651404,,,,Sand,,,Sand 4,4,7.22,35.2,-5.76,-33.74
-27.279999999999998,28.74,36.82,0.406,4.1,2.5,2.7,2.4,1.0961,1234.0,28.722,36.82,368.2,1.5505763430479367,,,,Sand,,,Sand 4,4,7.22,35.2,-5.76,-33.74
-27.3,28.76,36.37,0.4,4.3,2.3,3.9,2.4,1.0922,1235.0,28.742,36.37,363.7,1.5524406916655222,,,,Sand,,,Sand 4,4,7.22,35.2,-5.76,-33.74
-27.32,28.78,36.18,0.395,4.5,2.5,3.7,2.4,1.0889,1236.0,28.762,36.18,361.8,1.552710014181029,,,,Sand,,,Sand 4,4,7.22,35.2,-5.76,-33.74
-27.34,28.8,35.98,0.385,4.3667,2.5,2.9,2.4,1.0681,1237.0,28.782,35.98,359.8,1.547357721897673,,,,Sand,,,Sand 4,4,7.22,35.2,-5.76,-33.74
-27.36,28.82,35.98,0.382,4.2333,2.5,3.7,2.3,1.0649,1237.0,28.802,35.98,359.8,1.5463064104736126,,,,Sand,,,Sand 4,4,7.22,35.2,-5.76,-33.74
-27.38,28.84,35.81,0.379,4.1,2.7,3.1,2.4,1.0604,1238.0,28.822,35.81,358.1,1.5460410424768454,,,,Sand,,,Sand 4,4,7.22,35.2,-5.76,-33.74
-27.4,28.86,35.65,0.376,4.1,2.7,3.1,2.3,1.0546,1239.0,28.842,35.65,356.5,1.545277287488911,,,,Sand,,,Sand 4,4,7.22,35.2,-5.76,-33.74
-27.419999999999998,28.88,35.57,0.377,4.5,2.5,3.7,2.0,1.0579,1240.0,28.862,35.57,355.7,1.5469483727419917,,,,Sand,,,Sand 4,4,7.22,35.2,-5.76,-33.74
-27.439999999999998,28.9,35.44,0.382,4.5111,2.5,3.1,2.2,1.0691,1241.0,28.882,35.44,354.4,1.551572947545093,,,,Sand,,,Sand 4,4,7.22,35.2,-5.76,-33.74
-27.46,28.92,35.33,0.384,4.5222,2.5,3.7,2.3,1.0661,1242.0,28.902,35.33,353.3,1.5513925552970451,,,,Sand,,,Sand 4,4,7.22,35.2,-5.76,-33.74
-27.48,28.94,35.47,0.385,4.5333,2.5,3.1,2.4,1.0541,1243.0,28.922,35.47,354.7,1.5464186478414514,,,,Sand,,,Sand 4,4,7.22,35.2,-5.76,-33.74
-27.5,28.96,35.85,0.381,4.5667,2.5,3.3,2.3,1.0255,1244.0,28.942,35.85,358.5,1.5340673742674211,,,,Sand,,,Sand 4,4,7.22,35.2,-5.76,-33.74
-27.52,28.98,36.72,0.382,4.6,2.7,3.7,2.4,1.0136,1244.0,28.962,36.72,367.2,1.5237946376688296,,,,Sand,,,Sand 4,4,7.22,35.2,-5.76,-33.74
-27.54,29.0,38.11,0.385,3.9,2.7,2.7,2.0,1.0097,1245.0,28.982,38.11,381.1,1.5129106634976186,,,,Sand,,,Sand 4,4,7.22,35.2,-5.76,-33.74
-27.56,29.02,39.69,0.39,3.9,2.7,2.5,2.2,1.0145,1246.0,29.002,39.69,396.9,1.504290770060497,,,,Sand,,,Sand 4,4,7.22,35.2,-5.76,-33.74
-27.58,29.04,40.61,0.394,3.9,2.7,2.3,2.8,1.0204,1247.0,29.021,40.61,406.1,1.5006098578361722,,,,Sand,,,Sand 4,4,7.22,35.2,-5.76,-33.74
-27.599999999999998,29.06,39.72,0.403,3.9,2.7,2.7,2.7,1.0434,1248.0,29.041,39.72,397.2,1.5140625378601666,,,,Sand,,,Sand 4,4,7.22,35.2,-5.76,-33.74
-27.619999999999997,29.08,38.86,0.411,4.4,2.7,3.5,2.4,1.0703,1248.0,29.061,38.86,388.6,1.528574297788262,,,,Sand,,,Sand 4,4,7.22,35.2,-5.76,-33.74
-27.64,29.1,37.99,0.413,4.3,2.5,3.5,2.4,1.0881,1249.0,29.081,37.99,379.9,1.5400991090252636,,,,Sand,,,Sand 4,4,7.22,35.2,-5.76,-33.74
-27.66,29.12,37.2,0.409,4.3,2.5,3.5,2.4,1.0944,1250.0,29.101,37.2,372.0,1.5474325233950845,,,,Sand,,,Sand 4,4,7.22,35.2,-5.76,-33.74
-27.68,29.14,36.81,0.401,4.3667,2.7,2.9,2.3,1.0868,1251.0,29.121,36.81,368.1,1.5476400406863084,,,,Sand,,,Sand 4,4,7.22,35.2,-5.76,-33.74
-27.7,29.16,36.31,0.392,4.4333,2.5,2.7,2.4,1.0728,1252.0,29.141,36.31,363.1,1.5465605092893588,,,,Sand,,,Sand 4,4,7.22,35.2,-5.76,-33.74
-27.72,29.18,36.14,0.389,4.5,2.5,3.7,2.4,1.072,1253.0,29.161,36.14,361.4,1.547498826853008,,,,Sand,,,Sand 4,4,7.22,35.2,-5.76,-33.74
-27.74,29.2,35.96,0.386,4.4667,2.3,2.7,2.3,1.0676,1253.0,29.181,35.96,359.6,1.5473362909632826,,,,Sand,,,Sand 4,4,7.22,35.2,-5.76,-33.74
-27.759999999999998,29.22,35.91,0.382,4.4333,2.7,2.7,2.3,1.0566,1254.0,29.201,35.91,359.1,1.5440675022844597,,,,Sand,,,Sand 4,4,7.22,35.2,-5.76,-33.74
-27.779999999999998,29.24,35.99,0.379,4.4,2.7,3.5,2.4,1.0441,1255.0,29.221,35.99,359.9,1.5393328415909477,,,,Sand,,,Sand 4,4,7.22,35.2,-5.76,-33.74
-27.8,29.26,35.99,0.377,4.8,3.1,3.7,2.3,1.0343,1256.0,29.241,35.99,359.9,1.536038950776002,,,,Sand,,,Sand 4,4,7.22,35.2,-5.76,-33.74
-27.82,29.28,36.15,0.373,4.5,2.5,2.3,2.4,1.0229,1257.0,29.261,36.15,361.5,1.5310245317308153,,,,Sand,,,Sand 4,4,7.22,35.2,-5.76,-33.74
-27.84,29.3,36.78,0.371,4.4667,2.7,2.7,2.4,1.0186,1258.0,29.281,36.78,367.8,1.5250938234048237,,,,Sand,,,Sand 4,4,7.22,35.2,-5.76,-33.74
-27.86,29.32,37.48,0.367,4.4333,2.5,2.9,2.3,1.0123,1258.0,29.301,37.48,374.8,1.5180770450616052,,,,Sand,,,Sand 4,4,7.22,35.2,-5.76,-33.74
-27.88,29.34,37.34,0.361,4.4,2.7,3.5,2.4,1.0018,1259.0,29.321,37.34,373.4,1.515386841662035,,,,Sand,,,Sand 4,4,7.22,35.2,-5.76,-33.74
-27.9,29.36,36.08,0.359,4.4667,2.5,2.7,2.3,1.0036,1260.0,29.341,36.08,360.8,1.5248910837845904,,,,Sand,,,Sand 4,4,7.22,35.2,-5.76,-33.74
-27.919999999999998,29.38,35.57,0.361,4.5333,2.5,2.9,2.0,1.0184,1261.0,29.36,35.57,355.7,1.5336852470137359,,,,Sand,,,Sand 4,4,7.22,35.2,-5.76,-33.74
-27.939999999999998,29.4,34.64,0.362,4.6,2.7,3.7,2.2,1.0324,1262.0,29.38,34.64,346.4,1.5453369186287922,,,,Sand,,,Sand 4,4,7.22,35.2,-5.76,-33.74
-27.96,29.42,34.25,0.355,3.9,2.7,2.7,2.4,1.0204,1263.0,29.4,34.25,342.5,1.5442592583662254,,,,Sand,,,Sand 4,4,7.22,35.2,-5.76,-33.74
-27.98,29.44,34.04,0.342,4.0,2.5,3.1,2.3,0.98389,1264.0,29.42,34.04,340.4,1.5333306644089493,,,,Sand,,,Sand 4,4,7.22,35.2,-5.76,-33.74
-28.0,29.46,34.19,0.337,3.9,2.7,2.7,2.4,0.9685,1264.0,29.44,34.19,341.9,1.5267485709990198,,,,Sand,,,Sand 4,4,7.22,35.2,-5.76,-33.74
-28.02,29.48,34.39,0.335,3.9,2.5,2.9,2.3,0.95889,1265.0,29.46,34.39,343.9,1.5217743281412104,,,,Sand,,,Sand 4,4,7.22,35.2,-5.76,-33.74
-28.04,29.5,35.17,0.339,4.5,2.5,3.7,1.9,0.96561,1266.0,29.48,35.17,351.7,1.518224213106474,,,,Sand,,,Sand 4,4,7.22,35.2,-5.76,-33.74
-28.06,29.52,35.83,0.344,4.3,2.5,3.5,2.7,0.97468,1267.0,29.5,35.83,358.3,1.5165590576927028,,,,Sand,,,Sand 4,4,7.22,35.2,-5.76,-33.74
-28.08,29.54,35.86,0.345,4.6,2.7,3.7,2.8,0.97368,1268.0,29.52,35.86,358.6,1.515984222136297,,,,Sand,,,Sand 4,4,7.22,35.2,-5.76,-33.74
-28.099999999999998,29.56,35.76,0.345,4.0,2.7,2.9,2.5,0.97149,1269.0,29.54,35.76,357.6,1.5159378141003634,,,,Sand,,,Sand 4,4,7.22,35.2,-5.76,-33.74
-28.119999999999997,29.58,35.62,0.346,3.9,2.7,2.7,2.3,0.97623,1269.0,29.56,35.62,356.2,1.518651529517873,,,,Sand,,,Sand 4,4,7.22,35.2,-5.76,-33.74
-28.14,29.6,35.53,0.346,3.9,2.5,2.9,2.4,0.98495,1270.0,29.58,35.53,355.3,1.5223925760845052,,,,Sand,,,Sand 4,4,7.22,35.2,-5.76,-33.74
-28.16,29.62,35.3,0.343,3.9,2.7,2.7,2.4,0.98805,1271.0,29.6,35.3,353.0,1.52518435756664,,,,Sand,,,Sand 4,4,7.22,35.2,-5.76,-33.74
-28.18,29.64,35.03,0.339,4.0,2.9,2.7,2.4,0.98964,1272.0,29.62,35.03,350.3,1.527758482827449,,,,Sand,,,Sand 4,4,7.22,35.2,-5.76,-33.74
-28.2,29.66,34.61,0.334,4.0333,2.7,2.5,2.4,0.98795,1273.0,29.64,34.61,346.1,1.5303485548477942,,,,Sand,,,Sand 4,4,7.22,35.2,-5.76,-33.74
-28.22,29.68,33.32,0.326,4.0667,2.7,3.5,2.4,0.97546,1274.0,29.66,33.32,333.2,1.5360844253270631,,,,Sand,,,Sand 4,4,7.22,35.2,-5.76,-33.74
-28.24,29.7,32.55,0.324,4.1,2.7,3.1,2.3,0.97664,1274.0,29.68,32.55,325.49999999999994,1.5427787203852594,,,,Sand,,,Sand 4,4,7.22,35.2,-5.76,-33.74
-28.259999999999998,29.72,32.08,0.323,4.6,2.9,3.5,2.4,0.97749,1275.0,29.7,32.08,320.8,1.547002276725907,,,,Sand,,,Sand 4,4,7.22,35.2,-5.76,-33.74
-28.279999999999998,29.74,32.04,0.322,4.4333,2.7,2.9,2.3,0.97358,1276.0,29.719,32.04,320.4,1.5459789680317064,,,,Sand,,,Sand 4,4,7.22,35.2,-5.76,-33.74
-28.3,29.76,32.43,0.318,4.2667,2.7,3.3,2.3,0.95299,1277.0,29.739,32.43,324.3,1.5354463881034932,,,,Sand,,,Sand 4,4,7.22,35.2,-5.76,-33.74
-28.32,29.78,33.34,0.318,4.1,2.7,3.1,2.3,0.94083,1278.0,29.759,33.34,333.4,1.523595433720031,,,,Sand,,,Sand 4,4,7.22,35.2,-5.76,-33.74
-28.34,29.8,33.98,0.321,4.3,2.7,3.3,2.4,0.93688,1279.0,29.779,33.98,339.8,1.5170406164755552,,,,Sand,,,Sand 4,4,7.22,35.2,-5.76,-33.74
-28.36,29.82,34.85,0.328,4.6,2.9,3.5,2.4,0.9449,1279.0,29.799,34.85,348.5,1.5131936442132674,,,,Sand,,,Sand 4,4,7.22,35.2,-5.76,-33.74
-28.38,29.84,35.68,0.334,4.4333,2.7,2.9,2.4,0.95177,1280.0,29.819,35.68,356.8,1.5094446484256678,,,,Sand,,,Sand 4,4,7.22,35.2,-5.76,-33.74
-28.4,29.86,36.0,0.341,4.2667,2.7,3.1,2.3,0.96416,1281.0,29.839,36.0,360.0,1.5115615102276456,,,,Sand,,,Sand 4,4,7.22,35.2,-5.76,-33.74
-28.419999999999998,29.88,35.78,0.349,4.1,2.7,3.1,2.0,0.98103,1282.0,29.859,35.78,357.8,1.519173789035418,,,,Sand,,,Sand 4,4,7.22,35.2,-5.76,-33.74
-28.439999999999998,29.9,35.64,0.359,4.7,2.9,3.7,2.2,1.0058,1283.0,29.879,35.64,356.4,1.5288469785491663,,,,Sand,,,Sand 4,4,7.22,35.2,-5.76,-33.74
-28.46,29.92,35.47,0.363,4.5889,2.9,2.9,2.4,1.0159,1284.0,29.899,35.47,354.7,1.5335640551763248,,,,Sand,,,Sand 4,4,7.22,35.2,-5.76,-33.74
-28.48,29.94,35.54,0.364,4.4778,3.1,3.1,2.3,1.0175,1285.0,29.919,35.54,355.4,1.533597470862323,,,,Sand,,,Sand 4,4,7.22,35.2,-5.76,-33.74
-28.5,29.96,35.64,0.367,4.3667,2.7,2.7,2.3,1.0235,1285.0,29.939,35.64,356.4,1.5349118888475304,,,,Sand,,,Sand 4,4,7.22,35.2,-5.76,-33.74
-28.52,29.98,35.79,0.374,4.3333,2.7,2.9,2.4,1.0411,1286.0,29.959,35.79,357.9,1.5397662746097154,,,,Sand,,,Sand 4,4,7.22,35.2,-5.76,-33.74
-28.54,30.0,36.0,0.368,4.3,2.7,3.3,2.0,1.0251,1287.0,29.979,36.0,360.0,1.5328498431592195,,,,Sand,,,Sand 4,4,7.22,35.2,-5.76,-33.74
-28.56,30.02,36.32,0.368,4.2333,2.9,2.5,2.4,1.0296,1288.0,29.999,36.32,363.2,1.532092134044857,,,,Sand,,,Sand 4,4,7.22,35.2,-5.76,-33.74
-28.58,30.04,36.45,0.37,4.1667,2.9,2.5,2.9,1.0424,1289.0,30.019,36.45,364.5,1.5354942378487786,,,,Sand,,,Sand 4,4,7.22,35.2,-5.76,-33.74
-28.599999999999998,30.06,36.19,0.363,4.1,2.7,3.1,2.7,1.0322,1289.0,30.039,36.19,361.9,1.5338983082618787,,,,Sand,,,Sand 4,4,7.22,35.2,-5.76,-33.74
-28.619999999999997,30.08,35.26,0.356,4.0,2.7,2.9,2.4,1.0234,1290.0,30.059,35.26,352.6,1.537666952348472,,,,Sand,,,Sand 4,4,7.22,35.2,-5.76,-33.74
-28.64,30.1,34.29,0.352,4.6,2.7,3.7,2.3,1.0255,1291.0,30.078,34.29,342.9,1.5456760467599753,,,,Sand,,,Sand 4,4,7.22,35.2,-5.76,-33.74
-28.66,30.12,33.67,0.344,4.5333,2.7,2.9,2.4,1.0169,1292.0,30.098,33.67,336.7,1.5475795417287792,,,,Sand,,,Sand 4,4,7.22,35.2,-5.76,-33.74
-28.68,30.14,33.16,0.337,4.4667,2.9,3.7,2.3,1.0107,1293.0,30.118,33.16,331.6,1.5495265340479358,,,,Sand,,,Sand 4,4,7.22,35.2,-5.76,-33.74
-28.7,30.16,32.94,0.332,4.4,2.7,3.5,2.4,1.007,1294.0,30.138,32.94,329.4,1.5500423986714194,,,,Sand,,,Sand 4,4,7.22,35.2,-5.76,-33.74
-28.72,30.18,32.65,0.327,4.3667,2.7,3.1,2.4,0.99935,1294.0,30.158,32.65,326.5,1.5497968987886839,,,,Sand,,,Sand 4,4,7.22,35.2,-5.76,-33.74
-28.74,30.2,32.47,0.323,4.3333,2.7,3.1,2.4,0.99167,1295.0,30.178,32.47,324.7,1.5486462823428206,,,,Sand,,,Sand 4,4,7.22,35.2,-5.76,-33.74
-28.759999999999998,30.22,32.31,0.322,4.3,2.7,3.3,2.3,0.99027,1296.0,30.198,32.31,323.1,1.5494935787560493,,,,Sand,,,Sand 4,4,7.22,35.2,-5.76,-33.74
-28.779999999999998,30.24,32.26,0.319,4.3,2.7,3.3,2.4,0.98116,1297.0,30.218,32.26,322.59999999999997,1.5467642462550357,,,,Sand,,,Sand 4,4,7.22,35.2,-5.76,-33.74
-28.8,30.26,32.31,0.318,4.1,2.7,3.1,2.3,0.97524,1298.0,30.238,32.31,323.1,1.5442875748026463,,,,Sand,,,Sand 4,4,7.22,35.2,-5.76,-33.74
-28.82,30.28,32.47,0.319,3.9,2.5,2.9,2.4,0.97308,1299.0,30.258,32.47,324.7,1.542199440197534,,,,Sand,,,Sand 4,4,7.22,35.2,-5.76,-33.74
-28.84,30.3,32.72,0.318,4.4,2.9,3.3,2.3,0.96302,1299.0,30.278,32.72,327.2,1.5365935027897304,,,,Sand,,,Sand 4,4,7.22,35.2,-5.76,-33.74
-28.86,30.32,32.91,0.318,4.4,2.7,3.5,2.3,0.95463,1300.0,30.298,32.91,329.1,1.5320536475434827,,,,Sand,,,Sand 4,4,7.22,35.2,-5.76,-33.74
-28.88,30.34,33.41,0.323,4.3667,2.7,3.1,2.4,0.9601,1301.0,30.318,33.41,334.1,1.5299394160043442,,,,Sand,,,Sand 4,4,7.22,35.2,-5.76,-33.74
-28.9,30.36,33.87,0.328,4.3333,2.9,3.3,2.4,0.96481,1302.0,30.338,33.87,338.7,1.5279487899839699,,,,Sand,,,Sand 4,4,7.22,35.2,-5.76,-33.74
-28.919999999999998,30.38,34.22,0.335,4.3,2.7,3.3,2.1,0.97472,1303.0,30.358,34.22,342.2,1.5287126827654864,,,,Sand,,,Sand 4,4,7.22,35.2,-5.76,-33.74
-28.939999999999998,30.4,34.58,0.345,4.3,2.7,3.3,2.1,0.99241,1304.0,30.378,34.58,345.8,1.5321306117246285,,,,Sand,,,Sand 4,4,7.22,35.2,-5.76,-33.74
-28.96,30.42,34.96,0.354,4.7,2.9,3.7,2.2,1.0073,1305.0,30.398,34.96,349.6,1.534401329369586,,,,Sand,,,Sand 4,4,7.22,35.2,-5.76,-33.74
-28.98,30.44,35.3,0.36,4.6222,2.7,3.3,2.4,1.0126,1305.0,30.417,35.3,353.0,1.5336875813781732,,,,Sand,,,Sand 4,4,7.22,35.2,-5.76,-33.74
-29.0,30.46,35.7,0.37,4.5445,2.9,3.1,2.3,1.0288,1306.0,30.437,35.7,357.0,1.5362737991034878,,,,Sand,,,Sand 4,4,7.22,35.2,-5.76,-33.74
-29.02,30.48,36.07,0.379,4.4667,2.7,2.9,2.3,1.0418,1307.0,30.457,36.07,360.7,1.5379896847037722,,,,Sand,,,Sand 4,4,7.22,35.2,-5.76,-33.74
-29.04,30.5,36.44,0.387,4.6333,2.9,3.7,2.1,1.0522,1308.0,30.477,36.44,364.4,1.5388430854036446,,,,Sand,,,Sand 4,4,7.22,35.2,-5.76,-33.74
-29.06,30.52,37.16,0.397,4.8,2.7,3.9,2.1,1.0673,1309.0,30.497,37.16,371.6,1.538857675604878,,,,Sand,,,Sand 4,4,7.22,35.2,-5.76,-33.74
-29.08,30.54,37.5,0.402,4.8,2.7,2.9,2.9,1.0679,1310.0,30.517,37.5,375.0,1.5367461061164014,,,,Sand,,,Sand 4,4,7.22,35.2,-5.76,-33.74
-29.099999999999998,30.56,37.9,0.409,4.8,2.9,2.9,2.8,1.073,1310.0,30.537,37.9,379.0,1.5357485870374934,,,,Sand,,,Sand 4,4,7.22,35.2,-5.76,-33.74
-29.119999999999997,30.58,38.18,0.415,4.8,2.5,4.1,2.5,1.0778,1311.0,30.557,38.18,381.8,1.5354762506461976,,,,Sand,,,Sand 4,4,7.22,35.2,-5.76,-33.74
-29.14,30.6,38.61,0.422,5.2,2.9,4.3,2.3,1.0883,1312.0,30.577,38.61,386.1,1.5361107894215196,,,,Sand,,,Sand 4,4,7.22,35.2,-5.76,-33.74
-29.16,30.62,39.3,0.426,5.1333,3.1,3.5,2.3,1.0926,1313.0,30.597,39.3,393.0,1.5331056676319579,,,,Sand,,,Sand 4,4,7.22,35.2,-5.76,-33.74
-29.18,30.64,39.85,0.432,5.0667,3.1,3.1,2.4,1.1036,1314.0,30.617,39.85,398.5,1.5332476204624796,,,,Sand,,,Sand 4,4,7.22,35.2,-5.76,-33.74
-29.2,30.66,39.54,0.434,5.0,3.1,3.9,2.4,1.1062,1315.0,30.637,39.54,395.4,1.5360144822275865,,,,Sand,,,Sand 4,4,7.22,35.2,-5.76,-33.74
-29.22,30.68,39.32,0.436,4.9,2.7,3.3,2.3,1.1108,1315.0,30.657,39.32,393.2,1.538874805338278,,,,Sand,,,Sand 4,4,7.22,35.2,-5.76,-33.74
-29.24,30.7,39.23,0.437,4.8,3.1,4.1,2.4,1.1155,1316.0,30.677,39.23,392.3,1.540949055755179,,,,Sand,,,Sand 4,4,7.22,35.2,-5.76,-33.74
-29.259999999999998,30.72,39.13,0.434,4.7,2.5,3.9,2.4,1.1126,1317.0,30.696,39.13,391.3,1.5406503726612886,,,,Sand,,,Sand 4,4,7.22,35.2,-5.76,-33.74
-29.279999999999998,30.74,38.89,0.428,4.8,2.7,3.9,2.4,1.1015,1318.0,30.716,38.89,388.9,1.5386000546976941,,,,Sand,,,Sand 4,4,7.22,35.2,-5.76,-33.74
-29.3,30.76,38.76,0.429,4.9,2.7,4.1,2.4,1.1081,1319.0,30.736,38.76,387.6,1.5415599608756447,,,,Sand,,,Sand 4,4,7.22,35.2,-5.76,-33.74
-29.32,30.78,38.67,0.43,4.8222,2.5,2.7,2.4,1.1146,1320.0,30.756,38.67,386.7,1.5442211662876737,,,,Sand,,,Sand 4,4,7.22,35.2,-5.76,-33.74
-29.34,30.8,38.51,0.429,4.7445,2.7,3.1,2.4,1.1156,1320.0,30.776,38.51,385.1,1.5455704489652171,,,,Sand,,,Sand 4,4,7.22,35.2,-5.76,-33.74
-29.36,30.82,38.33,0.429,4.6667,2.9,2.7,2.4,1.118,1321.0,30.796,38.33,383.3,1.5475005764015635,,,,Sand,,,Sand 4,4,7.22,35.2,-5.76,-33.74
-29.38,30.84,38.21,0.428,4.7,3.1,3.5,2.3,1.1176,1322.0,30.816,38.21,382.1,1.5481537350489047,,,,Sand,,,Sand 4,4,7.22,35.2,-5.76,-33.74
-29.4,30.86,38.12,0.427,4.6667,2.7,3.5,2.3,1.1164,1323.0,30.836,38.12,381.2,1.548359227461376,,,,Sand,,,Sand 4,4,7.22,35.2,-5.76,-33.74
-29.419999999999998,30.88,38.16,0.426,4.6333,2.9,2.9,2.1,1.1146,1324.0,30.856,38.16,381.6,1.547523942816843,,,,Sand,,,Sand 4,4,7.22,35.2,-5.76,-33.74
-29.439999999999998,30.9,38.22,0.426,4.6,3.1,2.7,2.1,1.115,1325.0,30.876,38.22,382.2,1.5472599721737452,,,,Sand,,,Sand 4,4,7.22,35.2,-5.76,-33.74
-29.46,30.92,38.16,0.424,4.7,2.5,3.9,2.3,1.1098,1326.0,30.896,38.16,381.6,1.5459896176889596,,,,Sand,,,Sand 4,4,7.22,35.2,-5.76,-33.74
-29.48,30.94,38.28,0.428,5.0,2.5,4.3,2.4,1.1191,1326.0,30.916,38.28,382.8,1.5481754012812374,,,,Sand,,,Sand 4,4,7.22,35.2,-5.76,-33.74
-29.5,30.96,38.27,0.429,4.8667,2.5,3.7,2.3,1.1209,1327.0,30.936,38.27,382.7,1.548812494567117,,,,Sand,,,Sand 4,4,7.22,35.2,-5.76,-33.74
-29.52,30.98,38.24,0.427,4.7333,3.1,2.7,2.4,1.1151,1328.0,30.956,38.24,382.4,1.5471615347723624,,,,Sand,,,Sand 4,4,7.22,35.2,-5.76,-33.74
-29.54,31.0,38.19,0.425,4.6,2.9,3.5,2.1,1.1089,1329.0,30.976,38.19,381.9,1.545505144292543,,,,Sand,,,Sand 4,4,7.22,35.2,-5.76,-33.74
-29.56,31.02,38.45,0.422,5.1,3.1,4.1,2.0,1.1009,1330.0,30.995,38.45,384.5,1.5412385193147244,,,,Sand,,,Sand 4,4,7.22,35.2,-5.76,-33.74
-29.58,31.04,38.37,0.426,4.4,2.9,3.3,2.8,1.1118,1331.0,31.015,38.37,383.7,1.5452618096251338,,,,Sand,,,Sand 4,4,7.22,35.2,-5.76,-33.74
-29.599999999999998,31.06,38.39,0.427,4.3,2.9,3.1,2.7,1.115,1331.0,31.035,38.39,383.9,1.5461549542023412,,,,Sand,,,Sand 4,4,7.22,35.2,-5.76,-33.74
-29.619999999999997,31.08,38.41,0.425,4.4,3.1,3.1,2.4,1.1106,1332.0,31.055,38.41,384.1,1.5446181078255223,,,,Sand,,,Sand 4,4,7.22,35.2,-5.76,-33.74
-29.64,31.1,38.33,0.424,4.3,3.1,2.9,2.4,1.1101,1333.0,31.075,38.33,383.3,1.5449772411916851,,,,Sand,,,Sand 4,4,7.22,35.2,-5.76,-33.74
-29.66,31.12,38.14,0.423,5.1,3.3,3.9,2.4,1.1113,1334.0,31.095,38.14,381.4,1.5466005291544749,,,,Sand,,,Sand 4,4,7.22,35.2,-5.76,-33.74
-29.68,31.14,38.08,0.42,5.1667,2.5,3.5,2.4,1.1089,1335.0,31.115,38.08,380.8,1.5462252988514553,,,,Sand,,,Sand 4,4,7.22,35.2,-5.76,-33.74
-29.7,31.16,37.97,0.418,5.2333,3.3,2.9,2.3,1.1115,1335.0,31.135,37.97,379.7,1.5477799678092434,,,,Sand,,,Sand 4,4,7.22,35.2,-5.76,-33.74
-29.72,31.18,37.88,0.413,5.3,2.7,4.5,2.4,1.1079,1336.0,31.155,37.88,378.8,1.5472215268798504,,,,Sand,,,Sand 4,4,7.22,35.2,-5.76,-33.74
-29.74,31.2,37.31,0.415,5.0,2.5,3.5,2.3,1.1263,1337.0,31.175,37.31,373.1,1.5568628690101676,,,,Sand,,,Sand 4,4,7.22,35.2,-5.76,-33.74
-29.759999999999998,31.22,36.88,0.421,4.7,2.7,4.7,2.4,1.1609,1338.0,31.195,36.88,368.8,1.5705044930948329,,,,Sand,,,Sand 4,4,7.22,35.2,-5.76,-33.74
-29.779999999999998,31.24,36.27,0.406,4.4,3.1,3.1,2.4,1.1409,1339.0,31.215,36.27,362.7,1.5685295771838934,,,,Sand,,,Sand 4,4,7.22,35.2,-5.76,-33.74
-29.8,31.26,35.7,0.396,4.4,2.7,3.5,2.4,1.137,1340.0,31.235,35.7,357.0,1.5713250348005823,,,,Sand,,,Sand 4,4,7.22,35.2,-5.76,-33.74
-29.82,31.28,34.69,0.388,4.4,3.1,3.1,2.4,1.1397,1340.0,31.255,34.69,346.9,1.5794664124934703,,,,Sand,,,Sand 4,4,7.22,35.2,-5.76,-33.74
-29.84,31.3,33.43,0.374,5.0,3.1,3.9,2.4,1.1243,1341.0,31.274,33.43,334.3,1.584234700878543,,,,Sand,,,Sand 4,4,7.22,35.2,-5.76,-33.74
-29.86,31.32,32.52,0.368,4.6,2.9,3.5,2.4,1.1329,1342.0,31.294,32.52,325.20000000000005,1.5940639160014043,,,,Sand,,,Sand 4,4,7.22,35.2,-5.76,-33.74
-29.88,31.34,31.82,0.3633,4.6,2.7,3.1,2.3,1.1489,1343.0,31.314,31.82,318.2,1.6046156978728077,,,,Sand,,,Sand 4,4,7.22,35.2,-5.76,-33.74
-29.9,31.36,31.05,0.3587,4.6,2.9,3.5,2.4,1.1619,1344.0,31.334,31.05,310.5,1.6149372203678307,,,,Sand,,,Sand 4,4,7.22,35.2,-5.76,-33.74
-29.919999999999998,31.38,30.64,0.354,4.6,2.9,3.5,2.1,1.1688,1345.0,31.354,30.64,306.4,1.6204822220700272,,,,Sand,,,Sand 4,4,7.22,35.2,-5.76,-33.74
-29.939999999999998,31.4,30.01,0.329,4.6,2.9,3.5,2.0,1.111,1346.0,31.374,30.01,300.1,1.6085872319648613,,,,Sand,,,Sand 4,4,7.22,35.2,-5.76,-33.74
-29.96,31.42,28.81,0.286,4.7,3.1,3.5,2.2,0.98842,1347.0,31.394,28.81,288.1,1.5802233180050962,,,,Sand,,,Sand 4,4,7.22,35.2,-5.76,-33.74
-29.98,31.44,28.7,0.272,4.8,3.1,3.7,2.5,0.96194,1347.0,31.414,28.7,287.0,1.5722430241185288,,,,Sand,,,Sand 4,4,7.22,35.2,-5.76,-33.74
-30.0,31.46,28.74,0.253,4.6,2.9,3.5,2.3,0.91704,1348.0,31.434,28.74,287.4,1.5560209093305761,,,,Sand,,,Sand 4,4,7.22,35.2,-5.76,-33.74
-30.02,31.48,27.14,0.236,4.7,2.9,3.7,2.4,0.8792,1349.0,31.454,27.14,271.4,1.5585906076395746,,,,Sand,,,Sand 4,4,7.22,35.2,-5.76,-33.74
-30.04,31.5,26.39,0.225,4.8,3.1,3.7,2.3,0.85976,1350.0,31.474,26.39,263.9,1.5595083055484251,,,,Sand,,,Sand 4,4,7.22,35.2,-5.76,-33.74
-30.06,31.52,25.78,0.223,4.7,3.1,3.5,2.0,0.87735,1351.0,31.494,25.78,257.8,1.5728486958417827,,,,Sand,,,Sand 4,4,7.22,35.2,-5.76,-33.74
-30.08,31.54,25.14,0.204,4.6,2.9,3.5,3.0,0.83104,1352.0,31.514,25.14,251.4,1.5629640389716015,,,,Sand,,,Sand 4,4,7.22,35.2,-5.76,-33.74
-30.099999999999998,31.56,24.04,0.184,4.7,2.9,3.7,2.7,0.77482,1352.0,31.534,24.04,240.4,1.5544742543903451,,,,Sand,,,Sand 4,4,7.22,35.2,-5.76,-33.74
-30.119999999999997,31.58,23.43,0.169,4.8,3.1,3.7,2.4,0.73602,1353.0,31.554,23.43,234.3,1.5465542517362854,,,,Sand,,,Sand 4,4,7.22,35.2,-5.76,-33.74
-30.14,31.6,22.68,0.155,4.7,2.9,3.7,2.4,0.69914,1354.0,31.573,22.68,226.8,1.541132129766808,,,,Sand,,,Sand 4,4,7.22,35.2,-5.76,-33.74
-30.16,31.62,21.78,0.148,4.8,3.1,3.7,2.4,0.69179,1355.0,31.593,21.78,217.8,1.5507541544102723,,,,Sand,,,Sand 4,4,7.22,35.2,-5.76,-33.74
-30.18,31.64,20.74,0.138,4.8,3.1,3.7,2.4,0.66707,1356.0,31.613,20.74,207.4,1.5556811971241884,,,,Sand,,,Sand 4,4,7.22,35.2,-5.76,-33.74
-30.2,31.66,20.1,0.127,4.8,3.1,3.7,2.4,0.63599,1356.0,31.633,20.1,201.0,1.5520573219159173,,,,Sand,,,Sand 4,4,7.22,35.2,-5.76,-33.74
-30.22,31.68,19.45,0.121,4.8,3.1,3.7,2.4,0.62706,1357.0,31.653,19.45,194.5,1.5588036114321562,,,,Sand,,,Sand 4,4,7.22,35.2,-5.76,-33.74
-30.24,31.7,18.93,0.115,4.8,3.1,3.7,2.3,0.61301,1358.0,31.673,18.93,189.3,1.5613713653727563,,,,Sand,,,Sand 4,4,7.22,35.2,-5.76,-33.74
-30.259999999999998,31.72,18.39,0.117,4.6,2.9,3.5,2.4,0.63346,1359.0,31.693,18.39,183.9,1.5801719285794515,,,,Sand,,,Sand 4,4,7.22,35.2,-5.76,-33.74
-30.279999999999998,31.74,17.68,0.111,4.8,3.1,3.7,2.3,0.59943,1360.0,31.713,17.68,176.8,1.5779834240286694,,,,Sand,,,Sand 4,4,7.22,35.2,-5.76,-33.74
-30.3,31.76,17.3,0.097,4.8,3.1,3.7,2.3,0.51404,1361.0,31.733,17.3,173.0,1.5441715123650193,,,,Sand,,,Sand 4,4,7.22,35.2,-5.76,-33.74
-30.32,31.78,17.49,0.093,4.7,2.9,3.7,2.4,0.47729,1361.0,31.753,17.49,174.9,1.5211359367078676,,,,Sand,,,Sand 4,4,7.22,35.2,-5.76,-33.74
-30.34,31.8,18.42,0.09,4.8,3.1,3.7,2.4,0.44297,1362.0,31.773,18.42,184.2,1.483890676176719,,,,Sand,,,Sand 4,4,7.22,35.2,-5.76,-33.74
-30.36,31.82,20.48,0.096,4.6,2.9,3.5,2.4,0.44991,1363.0,31.793,20.48,204.8,1.450815175501821,,,,Sand,,,Sand 4,4,7.22,35.2,-5.76,-33.74
-30.38,31.84,22.27,0.105,4.6,2.9,3.5,2.4,0.46768,1364.0,31.813,22.27,222.7,1.4323130853062656,,,,Sand,,,Sand 4,4,7.22,35.2,-5.76,-33.74
-30.4,31.86,23.85,0.12,4.7,3.1,3.5,2.4,0.50847,1365.0,31.833,23.85,238.5,1.4323229741182713,,,,Sand,,,Sand 4,4,7.22,35.2,-5.76,-33.74
-30.419999999999998,31.88,25.05,0.132,4.8,3.1,3.7,2.3,0.53612,1366.0,31.853,25.05,250.5,1.4312760881283242,,,,Sand,,,Sand 4,4,7.22,35.2,-5.76,-33.74
-30.439999999999998,31.9,25.84,0.151,4.7,2.9,3.7,2.0,0.59504,1367.0,31.872,25.84,258.4,1.4518495797511561,,,,Sand,,,Sand 4,4,7.22,35.2,-5.76,-33.74
-30.46,31.92,26.21,0.161,4.7,2.9,3.7,2.2,0.62316,1367.0,31.892,26.21,262.1,1.4612097353654718,,,,Sand,,,Sand 4,4,7.22,35.2,-5.76,-33.74
-30.48,31.94,26.68,0.173,4.7,2.9,3.7,2.4,0.665,1368.0,31.912,26.68,266.8,1.4754745051450928,,,,Sand,,,Sand 4,4,7.22,35.2,-5.76,-33.74
-30.5,31.96,26.59,0.184,4.8,3.1,3.7,2.4,0.70858,1369.0,31.932,26.59,265.9,1.496110333551679,,,,Sand,,,Sand 4,4,7.22,35.2,-5.76,-33.74
-30.52,31.98,26.52,0.191,4.7,2.9,3.7,2.4,0.74287,1370.0,31.952,26.52,265.2,1.511654444594098,,,,Sand,,,Sand 4,4,7.22,35.2,-5.76,-33.74
-30.54,32.0,25.95,0.192,4.8,3.1,3.7,2.2,0.75818,1371.0,31.972,25.95,259.5,1.5245802945668114,,,,Sand,,,Sand 4,4,7.22,35.2,-5.76,-33.74
-30.560000000000002,32.02,25.28,0.188,4.8,3.1,3.7,2.3,0.75776,1372.0,31.992,25.28,252.8,1.5322971939190626,,,,Sand,,,Sand 4,4,7.22,35.2,-5.76,-33.74
-30.58,32.04,24.67,0.178,5.0,3.1,3.9,2.9,0.73554,1372.0,32.012,24.67,246.7,1.5305007623568911,,,,Sand,,,Sand 4,4,7.22,35.2,-5.76,-33.74
-30.6,32.06,23.79,0.172,4.7,2.9,3.7,2.7,0.73156,1373.0,32.032,23.79,237.9,1.5399906081444212,,,,Sand,,,Sand 4,4,7.22,35.2,-5.76,-33.74
-30.619999999999997,32.08,23.11,0.164,4.8,3.1,3.7,2.4,0.71863,1374.0,32.052,23.11,231.1,1.543548611116248,,,,Sand,,,Sand 4,4,7.22,35.2,-5.76,-33.74
-30.64,32.1,22.57,0.155,4.7,2.9,3.7,2.3,0.69966,1375.0,32.072,22.57,225.7,1.54288243225096,,,,Sand,,,Sand 4,4,7.22,35.2,-5.76,-33.74
-30.659999999999997,32.12,21.71,0.145,4.8,3.1,3.7,2.3,0.67497,1376.0,32.092,21.71,217.1,1.5444927502735846,,,,Sand,,,Sand 4,4,7.22,35.2,-5.76,-33.74
-30.68,32.14,21.01,0.137,5.0,3.1,3.9,2.3,0.65802,1376.0,32.112,21.01,210.1,1.547535583178097,,,,Sand,,,Sand 4,4,7.22,35.2,-5.76,-33.74
-30.699999999999996,32.16,20.43,0.123,4.9333,2.9,3.5,2.4,0.61031,1377.0,32.132,20.43,204.3,1.5349622931161835,,,,Sand,,,Sand 4,4,7.22,35.2,-5.76,-33.74
-30.72,32.18,19.94,0.115,4.8667,3.1,3.7,2.4,0.59153,1378.0,32.151,19.94,199.4,1.5341320470300823,,,,Sand,,,Sand 4,4,7.22,35.2,-5.76,-33.74
-30.740000000000002,32.2,19.3,0.109,4.8,3.1,3.7,2.3,0.58137,1379.0,32.171,19.3,193.0,1.5401465658273714,,,,Sand,,,Sand 4,4,7.22,35.2,-5.76,-33.74
-30.759999999999998,32.22,18.49,0.099,4.8,3.1,3.7,2.4,0.54711,1380.0,32.191,18.49,184.9,1.537942728489787,,,,Sand,,,Sand 4,4,7.22,35.2,-5.76,-33.74
-30.78,32.24,17.78,0.093,4.8,3.1,3.7,2.4,0.53299,1380.0,32.211,17.78,177.8,1.5442938511241868,,,,Sand,,,Sand 4,4,7.22,35.2,-5.76,-33.74
-30.799999999999997,32.26,16.87,0.088,4.8,3.1,3.7,2.4,0.52288,1381.0,32.231,16.87,168.7,1.557357148763429,,,,Sand,,,Sand 4,4,7.22,35.2,-5.76,-33.74
-30.82,32.28,16.17,0.083,4.7,2.9,3.7,2.3,0.50979,1382.0,32.251,16.17,161.70000000000002,1.5655373070292262,,,,Sand,,,Sand 4,4,7.22,35.2,-5.76,-33.74
-30.839999999999996,32.3,15.78,0.081,4.8,3.1,3.7,2.3,0.5106,1383.0,32.271,15.78,157.8,1.5744985859232126,,,,Sand,,,Sand 4,4,7.22,35.2,-5.76,-33.74
-30.86,32.32,15.26,0.078,5.0,3.1,3.9,2.4,0.49936,1384.0,32.291,15.26,152.6,1.5806409322134392,,,,Sand,,,Sand 4,4,7.22,35.2,-5.76,-33.74
-30.880000000000003,32.34,14.99,0.077,4.8,3.1,3.7,2.4,0.49221,1385.0,32.311,14.99,149.9,1.583340716845519,,,,Sand,,,Sand 4,4,7.22,35.2,-5.76,-33.74
-30.9,32.36,14.91,0.08,5.0,3.1,3.9,2.4,0.50224,1385.0,32.331,14.91,149.1,1.5902980351072167,,,,Sand,,,Sand 4,4,7.22,35.2,-5.76,-33.74
-30.92,32.38,15.15,0.09,4.9667,2.9,3.7,2.1,0.54295,1386.0,32.351,15.15,151.5,1.6045566131417237,,,,Sand,,,Sand 4,4,7.22,35.2,-5.76,-33.74
-30.939999999999998,32.4,15.83,0.091,4.9333,3.1,3.9,2.0,0.51174,1387.0,32.371,15.83,158.3,1.5739604403931706,,,,Sand,,,Sand 4,4,7.22,35.2,-5.76,-33.74
-30.96,32.42,17.06,0.094,4.9,2.9,3.9,2.3,0.48295,1388.0,32.391,17.06,170.6,1.5328845565355218,,,,Sand,,,Sand 4,4,7.22,35.2,-5.76,-33.74
-30.979999999999997,32.44,18.45,0.103,4.7,2.9,3.7,2.4,0.48232,1389.0,32.411,18.45,184.5,1.5052040896289938,,,,Sand,,,Sand 4,4,7.22,35.2,-5.76,-33.74
-31.0,32.46,20.96,0.12,4.7,2.9,3.7,2.3,0.51288,1390.0,32.43,20.96,209.6,1.4779145159973606,,,,Sand,,,Sand 4,4,7.22,35.2,-5.76,-33.74
-31.019999999999996,32.48,24.91,0.135,5.0,3.1,3.9,2.3,0.52673,1391.0,32.45,24.91,249.1,1.4280271135648144,,,,Sand,,,Sand 4,4,7.22,35.2,-5.76,-33.74
-31.04,32.5,28.44,0.153,5.0,2.9,3.7,2.1,0.55051,1392.0,32.47,28.44,284.4,1.3983808018972248,,,,Sand,,,Sand 4,4,7.22,35.2,-5.76,-33.74
-31.060000000000002,32.52,30.04,0.178,5.0,3.1,3.9,2.8,0.59671,1392.0,32.49,30.04,300.4,1.4057752358868938,,,,Sand,,,Sand 4,4,7.22,35.2,-5.76,-33.74
-31.08,32.54,31.49,0.204,5.0,3.1,3.9,2.7,0.6457,1393.0,32.51,31.49,314.9,1.4161256294828106,,,,Sand,,,Sand 4,4,7.22,35.2,-5.76,-33.74
-31.1,32.56,33.69,0.233,4.8,3.1,3.7,2.4,0.70794,1394.0,32.53,33.69,336.9,1.4259020830871016,,,,Sand,,,Sand 4,4,7.22,35.2,-5.76,-33.74
-31.119999999999997,32.58,34.36,0.268,5.0,3.1,3.9,2.3,0.7919,1395.0,32.55,34.36,343.6,1.457285162629021,,,,Sand,,,Sand 4,4,7.22,35.2,-5.76,-33.74
-31.14,32.6,34.75,0.285,5.1,3.1,4.1,2.3,0.82177,1396.0,32.57,34.75,347.5,1.4665548646243567,,,,Sand,,,Sand 4,4,7.22,35.2,-5.76,-33.74
-31.159999999999997,32.62,35.07,0.31,5.0333,3.1,3.7,2.4,0.87691,1396.0,32.59,35.07,350.7,1.4860041123683527,,,,Sand,,,Sand 4,4,7.22,35.2,-5.76,-33.74
-31.18,32.64,35.46,0.328,4.9667,3.1,3.7,2.3,0.91861,1397.0,32.61,35.46,354.6,1.498892979975997,,,,Sand,,,Sand 4,4,7.22,35.2,-5.76,-33.74
-31.199999999999996,32.66,35.88,0.335,4.9,2.9,3.9,2.4,0.92965,1398.0,32.63,35.88,358.8,1.4998660734494902,,,,Sand,,,Sand 4,4,7.22,35.2,-5.76,-33.74
-31.22,32.68,36.75,0.363,5.0,3.1,3.9,2.4,0.99629,1399.0,32.65,36.75,367.5,1.51757146854874,,,,Sand,,,Sand 4,4,7.22,35.2,-5.76,-33.74
-31.240000000000002,32.7,36.85,0.381,5.0,3.1,3.9,2.4,1.0299,1400.0,32.67,36.85,368.5,1.5284661791804506,,,,Sand,,,Sand 4,4,7.22,35.2,-5.76,-33.74
-31.259999999999998,32.72,36.53,0.388,5.0,3.1,3.9,2.4,1.0289,1401.0,32.689,36.53,365.3,1.530368661671799,,,,Sand,,,Sand 4,4,7.22,35.2,-5.76,-33.74
-31.28,32.74,36.99,0.39,4.8,3.1,3.7,2.3,1.0137,1401.0,32.709,36.99,369.9,1.5219414720755184,,,,Sand,,,Sand 4,4,7.22,35.2,-5.76,-33.74
-31.299999999999997,32.76,37.95,0.38,4.8,3.1,3.7,2.3,0.97001,1402.0,32.729,37.95,379.5,1.499937491075807,,,,Sand,,,Sand 4,4,7.22,35.2,-5.76,-33.74
-31.32,32.78,39.55,0.373,4.9,2.9,3.9,2.3,0.93531,1403.0,32.749,39.55,395.5,1.4765664366142126,,,,Sand,,,Sand 4,4,7.22,35.2,-5.76,-33.74
-31.339999999999996,32.8,41.18,0.354,4.8,3.1,3.7,2.4,0.87187,1404.0,32.769,41.18,411.8,1.4415996950882914,,,,Sand,,,Sand 4,4,7.22,35.2,-5.76,-33.74
-31.36,32.82,41.97,0.344,4.7,3.1,3.5,2.3,0.83409,1405.0,32.789,41.97,419.7,1.4212245796916994,,,,Sand,,,Sand 4,4,7.22,35.2,-5.76,-33.74
-31.380000000000003,32.84,42.38,0.336,5.3,3.1,4.3,2.3,0.80554,1406.0,32.809,42.38,423.8,1.4065737950882722,,,,Sand,,,Sand 4,4,7.22,35.2,-5.76,-33.74
-31.4,32.86,42.49,0.309,5.0,3.1,3.9,2.4,0.73721,1406.0,32.829,42.49,424.9,1.3752584788876763,,,,Sand,,,Sand 4,4,7.22,35.2,-5.76,-33.74
-31.42,32.88,42.31,0.295,5.1,3.3,3.9,2.3,0.70547,1407.0,32.849,42.31,423.1,1.3613356609245242,,,,Sand,,,Sand 4,4,7.22,35.2,-5.76,-33.74
-31.439999999999998,32.9,42.11,0.293,5.0,3.1,3.9,2.0,0.70619,1408.0,32.869,42.11,421.1,1.3629591441885514,,,,Sand,,,Sand 4,4,7.22,35.2,-5.76,-33.74
-31.46,32.92,41.7,0.284,5.0,2.9,4.1,2.2,0.6944,1409.0,32.889,41.7,417.0,1.3598837840146183,,,,Sand,,,Sand 4,4,7.22,35.2,-5.76,-33.74
-31.479999999999997,32.94,41.18,0.28,5.3,3.1,4.3,2.4,0.69889,1410.0,32.909,41.18,411.8,1.36547706056159,,,,Sand,,,Sand 4,4,7.22,35.2,-5.76,-33.74
-31.5,32.96,40.39,0.275,5.2,2.9,3.7,2.3,0.70265,1411.0,32.929,40.39,403.9,1.3725724238759238,,,,Sand,,,Sand 4,4,7.22,35.2,-5.76,-33.74
-31.519999999999996,32.98,39.36,0.274,5.1,3.1,4.1,2.4,0.71921,1412.0,32.949,39.36,393.6,1.3874966060328877,,,,Sand,,,Sand 4,4,7.22,35.2,-5.76,-33.74
-31.54,33.0,37.65,0.268,5.0,3.1,3.9,2.3,0.72459,1413.0,32.968,37.65,376.5,1.4022324074477797,,,,Sand,,,Sand 4,4,7.22,35.2,-5.76,-33.74
-31.560000000000002,33.02,35.81,0.262,5.0,3.1,3.9,1.8,0.73151,1414.0,32.988,35.81,358.1,1.4193595993608168,,,,Sand,,,Sand 4,4,7.22,35.2,-5.76,-33.74
-31.58,33.04,34.9,0.244,5.0,3.1,3.9,2.9,0.70485,1414.0,33.008,34.9,349.0,1.4143844096132658,,,,Sand,,,Sand 4,4,7.22,35.2,-5.76,-33.74
-31.6,33.06,33.79,0.224,5.0,3.1,3.9,2.8,0.67197,1415.0,33.028,33.79,337.9,1.4081269290980754,,,,Sand,,,Sand 4,4,7.22,35.2,-5.76,-33.74
-31.619999999999997,33.08,32.81,0.204,5.0,3.1,3.9,2.6,0.63455,1416.0,33.048,32.81,328.1,1.3984064229329745,,,,Sand,,,Sand 4,4,7.22,35.2,-5.76,-33.74
-31.64,33.1,31.82,0.181,5.0,3.1,3.9,2.3,0.58239,1417.0,33.068,31.82,318.2,1.3806938103166129,,,,Sand,,,Sand 4,4,7.22,35.2,-5.76,-33.74
-31.659999999999997,33.12,30.8,0.162,5.0,3.1,3.9,2.4,0.53989,1417.0,33.088,30.8,308.0,1.367526251632919,,,,Sand,,,Sand 4,4,7.22,35.2,-5.76,-33.74
-31.68,33.14,29.1,0.138,5.0,3.1,3.9,2.4,0.47631,1418.0,33.108,29.1,291.0,1.3485018465263594,,,,Sand,,,Sand 4,4,7.22,35.2,-5.76,-33.74
-31.699999999999996,33.16,28.16,0.127,5.0,3.1,3.9,2.4,0.45634,1419.0,33.128,28.16,281.6,1.3469587451583167,,,,Sand,,,Sand 4,4,7.22,35.2,-5.76,-33.74
-31.72,33.18,27.25,0.124,5.0,3.1,3.9,2.3,0.46595,1420.0,33.148,27.25,272.5,1.3636763568067747,,,,Sand,,,Sand 4,4,7.22,35.2,-5.76,-33.74
-31.740000000000002,33.2,26.32,0.119,5.0,3.1,3.9,2.4,0.46971,1421.0,33.168,26.32,263.2,1.3774106601692784,,,,Sand,,,Sand 4,4,7.22,35.2,-5.76,-33.74
-31.759999999999998,33.22,25.52,0.12,5.1,3.3,3.9,2.4,0.49648,1422.0,33.188,25.52,255.2,1.4032457876161566,,,,Sand,,,Sand 4,4,7.22,35.2,-5.76,-33.74
-31.78,33.24,23.67,0.118,5.1,3.3,3.9,2.4,0.5114,1422.0,33.208,23.67,236.7,1.4364462885174016,,,,Sand,,,Sand 4,4,7.22,35.2,-5.76,-33.74
-31.799999999999997,33.26,22.08,0.122,5.0,3.1,3.9,2.4,0.55135,1423.0,33.227,22.08,220.8,1.480614974057248,,,,Sand,,,Sand 4,4,7.22,35.2,-5.76,-33.74
-31.82,33.28,20.58,0.123,5.0,3.1,3.9,2.4,0.57554,1424.0,33.247,20.58,205.8,1.5159705212533185,,,,Sand,,,Sand 4,4,7.22,35.2,-5.76,-33.74
-31.839999999999996,33.3,19.78,0.123,5.0,3.1,3.9,2.4,0.5927,1425.0,33.267,19.78,197.8,1.5373567970586486,,,,Sand,,,Sand 4,4,7.22,35.2,-5.76,-33.74
-31.86,33.32,19.39,0.129,5.1,3.3,3.9,2.3,0.6327,1426.0,33.287,19.39,193.9,1.5623595151843797,,,,Sand,,,Sand 4,4,7.22,35.2,-5.76,-33.74
-31.880000000000003,33.34,19.68,0.127,5.0,3.1,3.9,2.4,0.62631,1427.0,33.307,19.68,196.8,1.5545988399979904,,,,Sand,,,Sand 4,4,7.22,35.2,-5.76,-33.74
-31.9,33.36,20.27,0.13,5.0,3.1,3.9,2.3,0.63698,1427.0,33.327,20.27,202.7,1.5497557384923184,,,,Sand,,,Sand 4,4,7.22,35.2,-5.76,-33.74
-31.92,33.38,20.57,0.118,5.0,3.1,3.9,2.3,0.57019,1428.0,33.347,20.57,205.7,1.5135128530753414,,,,Sand,,,Sand 4,4,7.22,35.2,-5.76,-33.74
-31.939999999999998,33.4,20.76,0.115,5.0,3.1,3.9,2.0,0.54428,1429.0,33.367,20.76,207.6,1.4974916357594579,,,,Sand,,,Sand 4,4,7.22,35.2,-5.76,-33.74
-31.96,33.42,21.19,0.1123,5.1,3.1,4.1,2.2,0.51952,1430.0,33.387,21.19,211.9,1.4777645273260762,,,,Sand,,,Sand 4,4,7.22,35.2,-5.76,-33.74
-31.979999999999997,33.44,21.63,0.1097,5.0,3.1,3.9,2.4,0.49442,1431.0,33.407,21.63,216.3,1.4572811179135987,,,,Sand,,,Sand 4,4,7.22,35.2,-5.76,-33.74
-32.0,33.46,22.07,0.107,5.1,3.1,4.1,2.3,0.46927,1432.0,33.427,22.07,220.7,1.4362993341223314,,,,Sand,,,Sand 4,4,7.22,35.2,-5.76,-33.74
-32.019999999999996,33.48,22.86,0.116,5.1,3.1,4.1,2.4,0.49676,1433.0,33.447,22.86,228.6,1.4399570333634701,,,,Sand,,,Sand 4,4,7.22,35.2,-5.76,-33.74
-32.04,33.5,23.58,0.123,5.3,3.3,4.1,2.2,0.51667,1433.0,33.467,23.58,235.8,1.440589140085789,,,,Sand,,,Sand 4,4,7.22,35.2,-5.76,-33.74
-32.06,33.52,24.84,0.125,5.0,3.1,3.9,2.4,0.51554,1434.0,33.486,24.84,248.4,1.422818408143493,,,,Sand,,,Sand 4,4,7.22,35.2,-5.76,-33.74
-32.08,33.54,25.48,0.132,5.1,3.1,4.1,2.9,0.53379,1435.0,33.506,25.48,254.8,1.4244937361857521,,,,Sand,,,Sand 4,4,7.22,35.2,-5.76,-33.74
-32.1,33.56,25.16,0.139,5.0,3.1,3.9,2.7,0.55069,1436.0,33.526,25.16,251.6,1.4376099507363054,,,,Sand,,,Sand 4,4,7.22,35.2,-5.76,-33.74
-32.12,33.58,24.83,0.143,5.0,3.1,3.9,2.5,0.55835,1436.0,33.546,24.83,248.3,1.4458849445356963,,,,Sand,,,Sand 4,4,7.22,35.2,-5.76,-33.74
-32.14,33.6,25.15,0.146,5.0,3.1,3.9,2.4,0.56768,1437.0,33.566,25.15,251.5,1.446591443227256,,,,Sand,,,Sand 4,4,7.22,35.2,-5.76,-33.74
-32.16,33.62,25.93,0.151,5.1,3.1,4.1,2.4,0.58861,1438.0,33.586,25.93,259.3,1.447519213286777,,,,Sand,,,Sand 4,4,7.22,35.2,-5.76,-33.74
-32.18,33.64,26.96,0.156,5.0,3.1,3.9,2.4,0.60938,1439.0,33.606,26.96,269.6,1.4456498327352405,,,,Sand,,,Sand 4,4,7.22,35.2,-5.76,-33.74
-32.199999999999996,33.66,26.54,0.17,5.0,3.1,3.9,2.4,0.66364,1440.0,33.626,26.54,265.4,1.4764642686832272,,,,Sand,,,Sand 4,4,7.22,35.2,-5.76,-33.74
-32.22,33.68,25.7,0.176,5.0,3.1,3.9,2.4,0.68489,1441.0,33.646,25.7,257.0,1.4960204241747443,,,,Sand,,,Sand 4,4,7.22,35.2,-5.76,-33.74
-32.24,33.7,24.96,0.172,5.1,3.1,4.1,2.4,0.66835,1441.0,33.666,24.96,249.6,1.497610580050025,,,,Sand,,,Sand 4,4,7.22,35.2,-5.76,-33.74
-32.26,33.72,24.73,0.178,5.1,3.1,4.1,2.3,0.69552,1442.0,33.686,24.73,247.3,1.5125964558925615,,,,Sand,,,Sand 4,4,7.22,35.2,-5.76,-33.74
-32.28,33.74,24.96,0.173,5.1,3.1,4.1,2.3,0.68043,1443.0,33.706,24.96,249.6,1.5030492967712454,,,,Sand,,,Sand 4,4,7.22,35.2,-5.76,-33.74
-32.3,33.76,25.8,0.167,5.0,3.1,3.9,2.4,0.6606,1444.0,33.725,25.8,258.0,1.4837928005076404,,,,Sand,,,Sand 4,4,7.22,35.2,-5.76,-33.74
-32.32,33.78,26.23,0.165,5.1,3.1,4.1,2.4,0.65392,1445.0,33.745,26.23,262.3,1.4755799786026698,,,,Sand,,,Sand 4,4,7.22,35.2,-5.76,-33.74
-32.339999999999996,33.8,25.82,0.157,5.1,3.1,4.1,2.4,0.62295,1446.0,33.765,25.82,258.2,1.465800763231985,,,,Sand,,,Sand 4,4,7.22,35.2,-5.76,-33.74
-32.36,33.82,25.2,0.146,5.0,3.1,3.9,2.4,0.58118,1446.0,33.785,25.2,252.0,1.452849710344019,,,,Sand,,,Sand 4,4,7.22,35.2,-5.76,-33.74
-32.38,33.84,24.54,0.141,5.1,3.1,4.1,2.4,0.56553,1447.0,33.805,24.54,245.4,1.4533894719657967,,,,Sand,,,Sand 4,4,7.22,35.2,-5.76,-33.74
-32.4,33.86,24.58,0.14,5.1,3.1,4.1,2.4,0.56879,1448.0,33.825,24.58,245.8,1.4545359364282195,,,,Sand,,,Sand 4,4,7.22,35.2,-5.76,-33.74
-32.42,33.88,24.49,0.135,5.0,3.1,3.9,2.2,0.5561,1449.0,33.845,24.49,244.9,1.4491740259753016,,,,Sand,,,Sand 4,4,7.22,35.2,-5.76,-33.74
-32.44,33.9,24.31,0.133,5.1,3.1,4.1,2.1,0.55477,1450.0,33.865,24.31,243.1,1.4508742434800868,,,,Sand,,,Sand 4,4,7.22,35.2,-5.76,-33.74
-32.46,33.92,24.29,0.132,5.4,3.3,4.3,2.3,0.55723,1451.0,33.885,24.29,242.9,1.4524187106849071,,,,Sand,,,Sand 4,4,7.22,35.2,-5.76,-33.74
-32.48,33.94,23.68,0.129,5.1,3.1,4.1,2.4,0.55553,1452.0,33.905,23.68,236.8,1.4598082260050198,,,,Sand,,,Sand 4,4,7.22,35.2,-5.76,-33.74
-32.5,33.96,23.12,0.128,5.1,3.1,4.1,2.4,0.56603,1452.0,33.925,23.12,231.2,1.472983202781598,,,,Sand,,,Sand 4,4,7.22,35.2,-5.76,-33.74
-32.519999999999996,33.98,22.78,0.129,5.1,3.1,4.1,2.4,0.58911,1453.0,33.945,22.78,227.8,1.4893037389386328,,,,Sand,,,Sand 4,4,7.22,35.2,-5.76,-33.74
-32.54,34.0,22.26,0.127,5.0,3.1,3.9,2.1,0.60147,1454.0,33.965,22.26,222.6,1.5027901800997636,,,,Sand,,,Sand 4,4,7.22,35.2,-5.76,-33.74
-32.56,34.02,20.84,0.124,5.1,3.1,4.1,2.7,0.60893,1455.0,33.984,20.84,208.4,1.5278062946532032,,,,Sand,,,Sand 4,4,7.22,35.2,-5.76,-33.74
-32.58,34.04,19.63,0.122,5.1,3.1,4.1,2.9,0.61882,1456.0,34.004,19.63,196.3,1.5520241744324197,,,,Sand,,,Sand 4,4,7.22,35.2,-5.76,-33.74
-32.6,34.06,18.58,0.122,5.1,3.1,4.1,2.7,0.6355,1456.0,34.024,18.58,185.8,1.5776744423833742,,,,Sand,,,Sand 4,4,7.22,35.2,-5.76,-33.74
-32.62,34.08,18.03,0.116,5.1,3.1,4.1,2.4,0.61004,1457.0,34.044,18.03,180.3,1.57624608226496,,,,Sand,,,Sand 4,4,7.22,35.2,-5.76,-33.74
-32.64,34.1,17.67,0.112,5.1,3.1,4.1,2.3,0.58467,1458.0,34.064,17.67,176.7,1.571350821236804,,,,Sand,,,Sand 4,4,7.22,35.2,-5.76,-33.74
-32.66,34.12,17.93,0.106,5.1,3.1,4.1,2.4,0.54161,1459.0,34.084,17.93,179.3,1.545702165601242,,,,Sand,,,Sand 4,4,7.22,35.2,-5.76,-33.74
-32.68,34.14,18.64,0.105,5.1,3.1,4.1,2.4,0.51881,1460.0,34.104,18.64,186.4,1.5209111126533383,,,,Sand,,,Sand 4,4,7.22,35.2,-5.76,-33.74
-32.699999999999996,34.16,20.8,0.104,5.1,3.1,4.1,2.3,0.49321,1461.0,34.124,20.8,208.0,1.4698929492480308,,,,Sand,,,Sand 4,4,7.22,35.2,-5.76,-33.74
-32.72,34.18,21.97,0.107,5.3,3.1,4.3,2.4,0.48543,1461.0,34.144,21.97,219.7,1.447008244116027,,,,Sand,,,Sand 4,4,7.22,35.2,-5.76,-33.74
-32.74,34.2,22.95,0.113,5.1,3.1,4.1,2.3,0.49187,1462.0,34.164,22.95,229.5,1.435908797423918,,,,Sand,,,Sand 4,4,7.22,35.2,-5.76,-33.74
-32.76,34.22,23.92,0.121,5.1,3.1,4.1,2.4,0.50934,1463.0,34.184,23.92,239.2,1.431832952557536,,,,Sand,,,Sand 4,4,7.22,35.2,-5.76,-33.74
-32.78,34.24,24.81,0.128,5.3,3.1,4.3,2.3,0.52849,1464.0,34.204,24.81,248.1,1.4302957573082327,,,,Sand,,,Sand 4,4,7.22,35.2,-5.76,-33.74
-32.8,34.26,25.32,0.145,5.1,3.1,4.1,2.4,0.59178,1465.0,34.224,25.32,253.2,1.456668014517114,,,,Sand,,,Sand 4,4,7.22,35.2,-5.76,-33.74
-32.82,34.28,25.38,0.157,5.1,3.1,4.1,2.3,0.63676,1466.0,34.243,25.38,253.8,1.4777802605617698,,,,Sand,,,Sand 4,4,7.22,35.2,-5.76,-33.74
-32.839999999999996,34.3,24.9,0.165,5.1,3.1,4.1,2.4,0.66633,1466.0,34.263,24.9,249.0,1.49744293267579,,,,Sand,,,Sand 4,4,7.22,35.2,-5.76,-33.74
-32.86,34.32,24.51,0.175,5.1,3.1,4.1,2.4,0.70274,1467.0,34.283,24.51,245.1,1.5185090569585746,,,,Sand,,,Sand 4,4,7.22,35.2,-5.76,-33.74
-32.88,34.34,24.23,0.183,5.3,3.1,4.3,2.4,0.7276,1468.0,34.303,24.23,242.3,1.532684019267289,,,,Sand,,,Sand 4,4,7.22,35.2,-5.76,-33.74
-32.9,34.36,24.18,0.188,5.1,3.1,4.1,2.4,0.73954,1469.0,34.323,24.18,241.8,1.5383155515038425,,,,Sand,,,Sand 4,4,7.22,35.2,-5.76,-33.74
-32.92,34.38,24.77,0.193,5.3,3.1,4.3,2.3,0.74901,1470.0,34.343,24.77,247.7,1.5348740602559956,,,,Sand,,,Sand 4,4,7.22,35.2,-5.76,-33.74
-32.94,34.4,25.93,0.2,5.1,3.1,4.1,2.0,0.76376,1471.0,34.363,25.93,259.3,1.527110692753458,,,,Sand,,,Sand 4,4,7.22,35.2,-5.76,-33.74
-32.96,34.42,27.31,0.201,5.1,3.1,4.1,2.2,0.75249,1472.0,34.383,27.31,273.1,1.5069189376975407,,,,Sand,,,Sand 4,4,7.22,35.2,-5.76,-33.74
-32.98,34.44,27.54,0.202,5.1,3.1,4.1,2.4,0.74013,1472.0,34.403,27.54,275.4,1.4991885237057863,,,,Sand,,,Sand 4,4,7.22,35.2,-5.76,-33.74
-33.0,34.46,27.67,0.203,5.1,3.1,4.1,2.3,0.73015,1473.0,34.423,27.67,276.7,1.4935015650020307,,,,Sand,,,Sand 4,4,7.22,35.2,-5.76,-33.74
-33.019999999999996,34.48,27.86,0.208,5.1,3.1,4.1,2.4,0.73893,1474.0,34.443,27.86,278.6,1.4952327120049806,,,,Sand,,,Sand 4,4,7.22,35.2,-5.76,-33.74
-33.04,34.5,28.43,0.213,5.1,3.1,4.1,2.3,0.75262,1475.0,34.463,28.43,284.3,1.495054466355785,,,,Sand,,,Sand 4,4,7.22,35.2,-5.76,-33.74
-33.06,34.52,28.83,0.216,5.1,3.1,4.1,2.1,0.75906,1476.0,34.482,28.83,288.3,1.4936603885108453,,,,Sand,,,Sand 4,4,7.22,35.2,-5.76,-33.74
-33.08,34.54,28.85,0.217,5.1,3.1,4.1,2.9,0.75715,1477.0,34.502,28.85,288.5,1.492650788992612,,,,Sand,,,Sand 4,4,7.22,35.2,-5.76,-33.74
-33.1,34.56,28.7,0.209,5.3,3.1,4.3,2.7,0.72535,1477.0,34.522,28.7,287.0,1.4805290284465051,,,,Sand,,,Sand 4,4,7.22,35.2,-5.76,-33.74
-33.12,34.58,28.53,0.203,5.3,3.1,4.3,2.4,0.70379,1478.0,34.542,28.53,285.3,1.4727685659056455,,,,Sand,,,Sand 4,4,7.22,35.2,-5.76,-33.74
-33.14,34.6,28.78,0.194,5.1,3.1,4.1,2.4,0.67678,1479.0,34.562,28.78,287.8,1.457867420484154,,,,Sand,,,Sand 4,4,7.22,35.2,-5.76,-33.74
-33.16,34.62,29.3,0.185,5.1,3.1,4.1,2.3,0.65331,1480.0,34.582,29.3,293.0,1.4414390547026745,,,,Sand,,,Sand 4,4,7.22,35.2,-5.76,-33.74
-33.18,34.64,29.09,0.18,5.3,3.1,4.3,2.4,0.64617,1481.0,34.602,29.09,290.9,1.440196586655912,,,,Sand,,,Sand 4,4,7.22,35.2,-5.76,-33.74
-33.199999999999996,34.66,28.67,0.177,5.1,3.1,4.1,2.4,0.65097,1481.0,34.622,28.67,286.7,1.4469108352266895,,,,Sand,,,Sand 4,4,7.22,35.2,-5.76,-33.74
-33.22,34.68,27.4,0.176,5.1,3.1,4.1,2.4,0.67035,1482.0,34.642,27.4,274.0,1.4697911305428457,,,,Sand,,,Sand 4,4,7.22,35.2,-5.76,-33.74
-33.24,34.7,26.07,0.171,5.3,3.1,4.3,2.4,0.67801,1483.0,34.662,26.07,260.7,1.4885281531597478,,,,Sand,,,Sand 4,4,7.22,35.2,-5.76,-33.74
-33.26,34.72,25.01,0.17,5.1,3.1,4.1,2.4,0.7031,1484.0,34.682,25.01,250.1,1.5124370218762824,,,,Sand,,,Sand 4,4,7.22,35.2,-5.76,-33.74
-33.28,34.74,23.2,0.166,5.3,3.1,4.3,2.4,0.71691,1485.0,34.702,23.2,232.0,1.5416131096167223,,,,Sand,,,Sand 4,4,7.22,35.2,-5.76,-33.74
-33.3,34.76,21.3,0.162,5.1,3.1,4.1,0.3,0.71729,1490.0,34.721,21.3,213.0,1.5685714460723084,,,,Sand,,,Sand 4,4,7.22,35.2,-5.76,-33.74
-33.32,34.78,21.027,0.162,5.1,3.1,4.1,2.4,0.71972,1491.0,34.741,21.027,210.27,1.5736585553928226,,,,Sand,,,Sand 4,4,7.22,35.2,-5.76,-33.74
-33.339999999999996,34.8,20.753,0.16,5.3,3.1,4.3,2.4,0.70656,1492.0,34.761,20.753,207.53,1.5723556114203507,,,,Sand,,,Sand 4,4,7.22,35.2,-5.76,-33.74
-33.36,34.82,20.48,0.152,5.3,3.1,4.3,2.4,0.66083,1493.0,34.781,20.48,204.8,1.5570173309187343,,,,Sand,,,Sand 4,4,7.22,35.2,-5.76,-33.74
-33.38,34.84,22.84,0.148,5.1,3.1,4.1,2.3,0.62609,1494.0,34.801,22.84,228.4,1.5061695374620738,,,,Sand,,,Sand 4,4,7.22,35.2,-5.76,-33.74
-33.4,34.86,25.46,0.151,5.1,3.1,4.1,2.3,0.61834,1495.0,34.821,25.46,254.6,1.4679843605283132,,,,Sand,,,Sand 4,4,7.22,35.2,-5.76,-33.74
-33.42,34.88,26.1,0.164,5.1,3.1,4.1,2.4,0.64586,1495.0,34.841,26.1,261.0,1.4733469787263958,,,,Sand,,,Sand 4,4,7.22,35.2,-5.76,-33.74
-33.44,34.9,26.05,0.1653,5.3,3.1,4.3,2.3,0.62876,1496.0,34.861,26.05,260.5,1.4658215612380512,,,,Sand,,,Sand 4,4,7.22,35.2,-5.76,-33.74
-33.46,34.92,26.4,0.1667,5.1,3.1,4.1,2.4,0.60953,1497.0,34.881,26.4,264.0,1.4522911031971595,,,,Sand,,,Sand 4,4,7.22,35.2,-5.76,-33.74
-33.48,34.94,27.28,0.168,5.1,3.1,4.1,2.3,0.59928,1498.0,34.901,27.28,272.8,1.4369213831715424,,,,Sand,,,Sand 4,4,7.22,35.2,-5.76,-33.74
-33.5,34.96,28.53,0.179,5.3,3.1,4.3,2.3,0.62757,1499.0,34.921,28.53,285.3,1.437097351018336,,,,Sand,,,Sand 4,4,7.22,35.2,-5.76,-33.74
-33.519999999999996,34.98,27.66,0.191,5.3,3.1,4.3,2.3,0.66159,1500.0,34.941,27.66,276.6,1.4628442412834677,,,,Sand,,,Sand 4,4,7.22,35.2,-5.76,-33.74
-33.54,35.0,31.31,0.206,5.3,3.1,4.3,0.1,0.7086,1517.0,34.96,31.31,313.1,1.4474294809634145,,,,Sand,,,Sand 4,4,7.22,35.2,-5.76,-33.74
-33.56,35.02,30.94,0.219,5.3,3.1,4.3,2.4,0.75332,1518.0,34.98,30.94,309.4,1.4706272412863153,,,,Sand,,,Sand 4,4,7.22,35.2,-5.76,-33.74
-33.58,35.04,30.01,0.22,5.3,2.9,4.1,2.4,0.7626,1518.0,35.0,30.01,300.1,1.4834348793247345,,,,Sand,,,Sand 4,4,7.22,35.2,-5.76,-33.74
-33.6,35.06,28.83,0.225,5.3,3.1,4.1,2.4,0.78271,1519.0,35.02,28.83,288.3,1.503502834023739,,,,Sand,,,Sand 4,4,7.22,35.2,-5.76,-33.74
-33.62,35.08,28.01,0.225,5.3,3.1,4.3,2.4,0.79823,1520.0,35.04,28.01,280.1,1.5182423485080354,,,,Sand,,,Sand 4,4,7.22,35.2,-5.76,-33.74
-33.64,35.1,27.28,0.233,5.2,2.9,4.3,2.4,0.84562,1521.0,35.06,27.28,272.8,1.544502806893311,,,,Sand,,,Sand 4,4,7.22,35.2,-5.76,-33.74
-33.66,35.12,26.75,,5.2,2.9,4.3,2.4,0.0,1522.0,35.08,26.75,267.5,,,,,Unknown material,,,Sand 4,4,7.22,35.2,-5.76,-33.74
-33.68,35.14,26.84,,5.3,3.1,4.3,2.4,0.0,1523.0,35.1,26.84,268.4,,,,,Unknown material,,,Sand 4,4,7.22,35.2,-5.76,-33.74
-33.699999999999996,35.16,26.84,,5.3,2.9,4.1,2.3,0.0,1523.0,35.12,26.84,268.4,,,,,Unknown material,,,Sand 4,4,7.22,35.2,-5.76,-33.74
-33.72,35.18,25.87,,5.3,2.9,4.1,2.4,0.0,1524.0,35.14,25.87,258.7,,,,,Unknown material,,,Sand 4,4,7.22,35.2,-5.76,-33.74
-33.74,35.2,23.54,,5.3,3.1,4.3,2.4,0.0,1525.0,35.16,23.54,235.4,,,,,Unknown material,,,Sand 4,4,7.22,35.2,-5.76,-33.74
