elevation_m_nap,depth_m,qc_mpa,fs_mpa,rf_percent,u2_mpa,inclination_x_deg,inclination_y_deg,corrected_depth,col_9,qt_mpa,qt_over_pa,Isbt,Bqt,peat_boundary_qt_over_pa,organic_clay_boundary_qt_over_pa,soil_type,used_organic_boundary_qt_over_pa,distance_to_used_organic_boundary,layer_id,soil_layer_number,layer_top_depth_m,layer_bottom_depth_m,layer_top_elevation_m_nap,layer_bottom_elevation_m_nap
-1.5699999999999998,0.12,0.259,0.005,1.86,0.001,-0.028,-0.058,0.12,543.3,0.25942,2.5941999999999994,3.3996711155731183,0.0038547529103384478,,,Clay & silt,,,Clay & silt 1,1,0.12,0.3,-1.5699999999999998,-1.7499999999999998
-1.5899999999999999,0.14,0.263,0.005,1.956,0.001,-0.014,-0.116,0.14,544.2,0.26342,2.6341999999999994,3.403348186116866,0.003036975172727963,,,Clay & silt,,,Clay & silt 1,1,0.12,0.3,-1.5699999999999998,-1.7499999999999998
-1.6099999999999999,0.16,0.289,0.007,2.374,0.001,-0.056,-0.105,0.16,545.9,0.28941999999999996,2.8941999999999997,3.405357432230888,0.002073111740722824,,,Clay & silt,,,Clay & silt 1,1,0.12,0.3,-1.5699999999999998,-1.7499999999999998
-1.63,0.18,0.293,0.008,3.033,0.001,-0.05,-0.126,0.18,556.1,0.29341999999999996,2.9341999999999997,3.4512950795279562,0.0013632335900756578,,8.733812411607595,Organic clay,8.733812411607595,-5.799612411607595,Clay & silt 1,1,0.12,0.3,-1.5699999999999998,-1.7499999999999998
-1.65,0.2,0.298,0.009,3.251,0.001,-0.045,-0.144,0.2,566.0,0.29841999999999996,2.9841999999999995,3.459904411293135,0.0006701963675356857,,9.419112076599234,Organic clay,9.419112076599234,-6.434912076599234,Clay & silt 1,1,0.12,0.3,-1.5699999999999998,-1.7499999999999998
-1.67,0.22,0.296,0.009,2.554,0.001,-0.042,-0.094,0.22,566.8,0.29641999999999996,2.9641999999999995,3.411217737892076,-2.996351189866154e-18,,,Clay & silt,,,Clay & silt 1,1,0.12,0.3,-1.5699999999999998,-1.7499999999999998
-1.69,0.24,0.294,0.009,1.728,0.0,-0.016,-0.069,0.24,567.6,0.294,2.94,3.336817720140453,-0.004081632653061228,,,Clay & silt,,,Clay & silt 1,1,0.12,0.3,-1.5699999999999998,-1.7499999999999998
-1.71,0.26,0.343,0.009,1.366,0.003,-0.025,-0.068,0.26,568.4,0.34426,3.4426,3.2311609406456396,0.0046476500319525904,,,Clay & silt,,,Clay & silt 1,1,0.12,0.3,-1.5699999999999998,-1.7499999999999998
-1.73,0.28,0.722,0.01,1.123,0.002,0.009,-0.058,0.28,569.1,0.7228399999999999,7.228399999999999,2.9036124874723246,0.0005533728072602493,,,Silty clay / clayey silt,,,Clay & silt 1,1,0.12,0.3,-1.5699999999999998,-1.7499999999999998
-1.75,0.3,1.339,0.013,1.157,0.0,0.007,-0.049,0.3,569.9,1.339,13.39,2.671632791845944,-0.0013442867811799862,,,Silty clay / clayey silt,,,Sand mixtures 1,1,0.3,0.88,-1.7499999999999998,-2.3299999999999996
-1.77,0.32,1.679,0.015,1.079,0.001,0.005,-0.036,0.32,570.7,1.6794200000000001,16.7942,2.5708699725293833,-0.0005954436650748484,,,Sand mixtures,,,Sand mixtures 1,1,0.3,0.88,-1.7499999999999998,-2.3299999999999996
-1.79,0.34,1.919,0.016,0.982,0.001,0.012,-0.058,0.34,571.5,1.9194200000000001,19.194200000000002,2.500287911181383,-0.0006251888591345312,,,Sand mixtures,,,Sand mixtures 1,1,0.3,0.88,-1.7499999999999998,-2.3299999999999996
-1.81,0.36,2.096,0.017,0.886,0.001,0.011,-0.049,0.36,572.3,2.09642,20.9642,2.445208992105147,-0.0006678051153871849,,,Sand mixtures,,,Sand mixtures 1,1,0.3,0.88,-1.7499999999999998,-2.3299999999999996
-1.83,0.38,2.315,0.018,0.804,0.001,0.004,-0.069,0.38,573.1,2.31542,23.1542,2.3872127968127224,-0.0006910193399037765,,,Sand mixtures,,,Sand mixtures 1,1,0.3,0.88,-1.7499999999999998,-2.3299999999999996
-1.85,0.4,2.545,0.019,0.767,0.001,0.027,-0.081,0.4,573.8,2.54542,25.4542,2.341294905730955,-0.0007071524542118795,,,Sand mixtures,,,Sand mixtures 1,1,0.3,0.88,-1.7499999999999998,-2.3299999999999996
-1.8699999999999999,0.42,2.792,0.02,0.741,0.001,0.026,-0.068,0.42,574.6,2.79242,27.9242,2.298773084021607,-0.0007162246366950531,,,Sand mixtures,,,Sand mixtures 1,1,0.3,0.88,-1.7499999999999998,-2.3299999999999996
-1.89,0.44,3.042,0.019,0.667,0.001,-0.008,-0.12,0.44,575.4,3.04242,30.4242,2.2444368634635303,-0.00072310857803985,,,Sand mixtures,,,Sand mixtures 1,1,0.3,0.88,-1.7499999999999998,-2.3299999999999996
-1.91,0.46,3.265,0.021,0.677,0.001,-0.009,-0.084,0.46,576.2,3.26542,32.6542,2.220340288606456,-0.0007349743677689243,,,Sand mixtures,,,Sand mixtures 1,1,0.3,0.88,-1.7499999999999998,-2.3299999999999996
-1.93,0.48,3.447,0.022,0.688,0.001,0.009,-0.086,0.48,577.1,3.44742,34.4742,2.2029689021794105,-0.0007541871892603746,,,Sand mixtures,,,Sand mixtures 1,1,0.3,0.88,-1.7499999999999998,-2.3299999999999996
-1.95,0.5,3.536,0.025,0.729,0.001,0.004,-0.099,0.5,577.9,3.53642,35.364200000000004,2.2054967297879684,-0.0007917611595907729,,,Sand mixtures,,,Sand mixtures 1,1,0.3,0.88,-1.7499999999999998,-2.3299999999999996
-1.97,0.52,3.539,0.027,0.755,0.001,-0.016,-0.059,0.52,578.6,3.5394200000000002,35.3942,2.212688270562679,-0.0008475964988613958,,,Sand mixtures,,,Sand mixtures 1,1,0.3,0.88,-1.7499999999999998,-2.3299999999999996
-1.99,0.54,3.586,0.027,0.755,0.001,-0.045,-0.064,0.54,579.4,3.58642,35.864200000000004,2.2077161111745744,-0.0008922546717896959,,,Sand mixtures,,,Sand mixtures 1,1,0.3,0.88,-1.7499999999999998,-2.3299999999999996
-2.01,0.56,3.751,0.028,0.755,0.001,-0.09,-0.021,0.56,580.2,3.75142,37.5142,2.190790152551901,-0.0009063234721785349,,,Sand mixtures,,,Sand mixtures 1,1,0.3,0.88,-1.7499999999999998,-2.3299999999999996
-2.03,0.58,3.873,0.031,0.84,0.001,-0.034,-0.066,0.58,581.0,3.8734200000000003,38.73420000000001,2.202485653578575,-0.000929411217993401,,,Sand mixtures,,,Sand mixtures 1,1,0.3,0.88,-1.7499999999999998,-2.3299999999999996
-2.05,0.6,3.844,0.036,0.959,0.001,-0.038,-0.06,0.6,581.8,3.84442,38.4442,2.2356723310554947,-0.0009884455912725456,,,Sand mixtures,,,Sand mixtures 1,1,0.3,0.88,-1.7499999999999998,-2.3299999999999996
-2.07,0.62,3.714,0.038,1.0,0.001,-0.066,-0.041,0.62,582.5,3.71442,37.1442,2.258055397314749,-0.0010768841434194302,,,Sand mixtures,,,Sand mixtures 1,1,0.3,0.88,-1.7499999999999998,-2.3299999999999996
-2.09,0.64,3.676,0.037,0.973,0.001,-0.095,-0.072,0.64,583.3,3.6764200000000002,36.7642,2.255425039371524,-0.0011424157196403024,,,Sand mixtures,,,Sand mixtures 1,1,0.3,0.88,-1.7499999999999998,-2.3299999999999996
-2.11,0.66,3.698,0.036,0.915,0.001,-0.122,-0.064,0.66,584.1,3.69842,36.9842,2.23903954112919,-0.0011896972220569865,,,Sand mixtures,,,Sand mixtures 1,1,0.3,0.88,-1.7499999999999998,-2.3299999999999996
-2.13,0.68,3.926,0.036,0.875,0.001,-0.139,-0.077,0.68,584.9,3.9264200000000002,39.2642,2.2067285508703414,-0.0011715506746603778,,,Sand mixtures,,,Sand mixtures 1,1,0.3,0.88,-1.7499999999999998,-2.3299999999999996
-2.15,0.7,4.345,0.036,0.823,0.001,-0.131,-0.075,0.7,585.7,4.34542,43.4542,2.1552819820701186,-0.0011046112918889316,,,Sand mixtures,,,Sand mixtures 1,1,0.3,0.88,-1.7499999999999998,-2.3299999999999996
-2.17,0.72,4.752,0.035,0.776,0.001,-0.091,-0.073,0.72,586.5,4.75242,47.5242,2.1087786800359747,-0.0010520955639442644,,,Sand mixtures,,,Sand mixtures 1,1,0.3,0.88,-1.7499999999999998,-2.3299999999999996
-2.19,0.74,5.074,0.034,0.718,0.001,-0.074,-0.09,0.74,587.2,5.07442,50.7442,2.0668587134048666,-0.0010247476558897374,,,Sand mixtures,,,Sand mixtures 1,1,0.3,0.88,-1.7499999999999998,-2.3299999999999996
-2.21,0.76,5.304,0.034,0.666,0.001,-0.059,-0.08,0.76,588.0,5.30442,53.044200000000004,2.033501245033002,-0.001018018935152194,,,Sand,,,Sand mixtures 1,1,0.3,0.88,-1.7499999999999998,-2.3299999999999996
-2.23,0.78,5.437,0.033,0.632,0.001,-0.059,-0.07,0.78,588.9,5.43742,54.3742,2.0126413524585267,-0.0010299002100260788,,,Sand,,,Sand mixtures 1,1,0.3,0.88,-1.7499999999999998,-2.3299999999999996
-2.25,0.8,5.476,0.032,0.605,0.001,-0.061,-0.075,0.8,589.6,5.47642,54.7642,2.0004042948563505,-0.0010590860452631466,,,Sand,,,Sand mixtures 1,1,0.3,0.88,-1.7499999999999998,-2.3299999999999996
-2.27,0.82,5.492,0.034,0.623,0.001,-0.054,-0.076,0.82,590.4,5.49242,54.9242,2.0057177050982737,-0.001092414636899582,,,Sand,,,Sand mixtures 1,1,0.3,0.88,-1.7499999999999998,-2.3299999999999996
-2.29,0.84,5.466,0.034,0.637,0.001,-0.036,-0.057,0.84,591.2,5.46642,54.6642,2.012390241629373,-0.0011341975186685256,,,Sand,,,Sand mixtures 1,1,0.3,0.88,-1.7499999999999998,-2.3299999999999996
-2.31,0.86,5.417,0.036,0.668,0.001,-0.038,-0.071,0.86,592.0,5.41742,54.1742,2.026320388341866,-0.0011813741596553345,,,Sand,,,Sand mixtures 1,1,0.3,0.88,-1.7499999999999998,-2.3299999999999996
-2.33,0.88,5.371,0.038,0.701,0.001,-0.033,-0.047,0.88,592.8,5.3714200000000005,53.7142,2.0403540850507813,-0.001228725364987285,,,Sand,,,Sand mixtures 2,2,0.88,1.26,-2.3299999999999996,-2.71
-2.35,0.9,5.315,0.039,0.735,0.001,-0.037,-0.093,0.9,593.6,5.3154200000000005,53.1542,2.0550351082986844,-0.0012792968382554911,,,Sand mixtures,,,Sand mixtures 2,2,0.88,1.26,-2.3299999999999996,-2.71
-2.37,0.92,5.222,0.039,0.754,0.001,-0.051,-0.078,0.92,594.4,5.2224200000000005,52.2242,2.0674083085403487,-0.001340374768785353,,,Sand mixtures,,,Sand mixtures 2,2,0.88,1.26,-2.3299999999999996,-2.71
-2.3899999999999997,0.94,5.06,0.039,0.779,0.001,-0.028,-0.079,0.94,595.1,5.06042,50.6042,2.0865312392400672,-0.0014228068025974128,,,Sand mixtures,,,Sand mixtures 2,2,0.88,1.26,-2.3299999999999996,-2.71
-2.41,0.96,4.847,0.039,0.806,0.001,-0.021,-0.077,0.96,595.9,4.8474200000000005,48.4742,2.110221046553358,-0.0015265852762913058,,,Sand mixtures,,,Sand mixtures 2,2,0.88,1.26,-2.3299999999999996,-2.71
-2.4299999999999997,0.98,4.579,0.039,0.828,0.001,-0.015,-0.043,0.98,596.7,4.57942,45.794200000000004,2.137353452116957,-0.0016595988138235842,,,Sand mixtures,,,Sand mixtures 2,2,0.88,1.26,-2.3299999999999996,-2.71
-2.45,1.0,4.353,0.038,0.843,0.001,-0.032,-0.011,1.0,597.5,4.35342,43.5342,2.1601162744231894,-0.001791694805463292,,,Sand mixtures,,,Sand mixtures 2,2,0.88,1.26,-2.3299999999999996,-2.71
-2.4699999999999998,1.02,4.184,0.037,0.862,0.001,-0.038,-0.06,1.02,598.2,4.18442,41.8442,2.1798277958242003,-0.0019118539725935732,,,Sand mixtures,,,Sand mixtures 2,2,0.88,1.26,-2.3299999999999996,-2.71
-2.49,1.04,4.006,0.036,0.873,0.001,-0.036,-0.105,1.04,599.0,4.00642,40.06420000000001,2.1987615730275802,-0.002046715022389066,,,Sand mixtures,,,Sand mixtures 2,2,0.88,1.26,-2.3299999999999996,-2.71
-2.51,1.06,3.852,0.034,0.863,0.001,-0.018,-0.065,1.06,599.8,3.85242,38.5242,2.210615461189317,-0.002180447614746055,,,Sand mixtures,,,Sand mixtures 2,2,0.88,1.26,-2.3299999999999996,-2.71
-2.5300000000000002,1.08,3.709,0.032,0.811,0.001,-0.024,-0.102,1.08,600.6,3.70942,37.0942,2.210729684031278,-0.002318421747874332,,,Sand mixtures,,,Sand mixtures 2,2,0.88,1.26,-2.3299999999999996,-2.71
-2.55,1.1,3.605,0.029,0.759,0.001,-0.033,-0.11,1.1,601.4,3.60542,36.0542,2.2068687848470496,-0.0024407697300175848,,,Sand mixtures,,,Sand mixtures 2,2,0.88,1.26,-2.3299999999999996,-2.71
-2.5700000000000003,1.12,3.552,0.028,0.755,0.001,-0.026,-0.117,1.12,602.1,3.55242,35.5242,2.2113060499820434,-0.002533484216393333,,,Sand mixtures,,,Sand mixtures 2,2,0.88,1.26,-2.3299999999999996,-2.71
-2.59,1.14,3.576,0.031,0.861,0.001,-0.041,-0.161,1.14,602.9,3.57642,35.7642,2.237677786237874,-0.002572404807041678,,,Sand mixtures,,,Sand mixtures 2,2,0.88,1.26,-2.3299999999999996,-2.71
-2.61,1.16,3.629,0.033,0.905,0.001,-0.052,-0.184,1.16,608.3,3.62942,36.294200000000004,2.2434847211754865,-0.0025899455009340336,,,Sand mixtures,,,Sand mixtures 2,2,0.88,1.26,-2.3299999999999996,-2.71
-2.63,1.18,3.684,0.035,0.908,0.001,-0.062,-0.2,1.18,614.2,3.6844200000000003,36.8442,2.2386819228071837,-0.0026055661406680026,,,Sand mixtures,,,Sand mixtures 2,2,0.88,1.26,-2.3299999999999996,-2.71
-2.65,1.2,3.738,0.035,0.849,0.001,-0.072,-0.216,1.2,620.1,3.73842,37.3842,2.2180580152661733,-0.0026214283039358876,,,Sand mixtures,,,Sand mixtures 2,2,0.88,1.26,-2.3299999999999996,-2.71
-2.67,1.22,4.083,0.035,0.788,0.001,-0.1,-0.273,1.22,621.8,4.08342,40.8342,2.1685069451613432,-0.0024489276145975678,,,Sand mixtures,,,Sand mixtures 2,2,0.88,1.26,-2.3299999999999996,-2.71
-2.69,1.24,4.402,0.037,0.776,0.002,-0.106,-0.356,1.24,622.5,4.40284,44.028400000000005,2.1370644698778767,-0.00208956037466726,,,Sand mixtures,,,Sand mixtures 2,2,0.88,1.26,-2.3299999999999996,-2.71
-2.71,1.26,4.868,0.039,0.776,0.002,-0.123,-0.42,1.26,623.2,4.8688400000000005,48.6884,2.0998487749701376,-0.001930644671009933,,,Sand mixtures,,,Sand 1,1,1.26,3.1,-2.71,-4.55
-2.73,1.28,5.587,0.041,0.749,0.002,-0.114,-0.462,1.28,624.1,5.58784,55.8784,2.041023962387024,-0.0017180162638872982,,,Sand,,,Sand 1,1,1.26,3.1,-2.71,-4.55
-2.75,1.3,6.327,0.042,0.699,0.002,-0.104,-0.474,1.3,624.9,6.32784,63.278400000000005,1.9793483521507942,-0.0015487117246959468,,,Sand,,,Sand 1,1,1.26,3.1,-2.71,-4.55
-2.77,1.32,6.981,0.044,0.665,0.002,-0.103,-0.513,1.32,625.7,6.98184,69.8184,1.9316963777727747,-0.0014322871907691958,,,Sand,,,Sand 1,1,1.26,3.1,-2.71,-4.55
-2.79,1.34,7.494,0.046,0.651,0.002,-0.088,-0.502,1.34,626.5,7.49484,74.9484,1.900808451422987,-0.001360936324191044,,,Sand,,,Sand 1,1,1.26,3.1,-2.71,-4.55
-2.81,1.36,7.854,0.048,0.644,0.002,-0.069,-0.477,1.36,627.2,7.85484,78.5484,1.8811694544303974,-0.001324024423158206,,,Sand,,,Sand 1,1,1.26,3.1,-2.71,-4.55
-2.83,1.38,8.153,0.05,0.64,0.002,-0.069,-0.448,1.38,628.1,8.15384,81.53840000000001,1.8661182108232812,-0.001300000981132816,,,Sand,,,Sand 1,1,1.26,3.1,-2.71,-4.55
-2.8499999999999996,1.4,8.369,0.052,0.642,0.002,-0.057,-0.416,1.4,628.9,8.36984,83.6984,1.8573939897828093,-0.0012903472467813,,,Sand,,,Sand 1,1,1.26,3.1,-2.71,-4.55
-2.87,1.42,8.513,0.053,0.638,0.002,-0.057,-0.425,1.42,629.7,8.51384,85.1384,1.8497218568705796,-0.0012920139443541344,,,Sand,,,Sand 1,1,1.26,3.1,-2.71,-4.55
-2.8899999999999997,1.44,8.597,0.054,0.639,0.002,-0.007,-0.408,1.44,630.4,8.59784,85.97840000000001,1.846551394100418,-0.001302652759297684,,,Sand,,,Sand 1,1,1.26,3.1,-2.71,-4.55
-2.91,1.46,8.618,0.055,0.642,0.003,-0.007,-0.417,1.46,631.2,8.61926,86.1926,1.846783856297931,-0.001206600102561009,,,Sand,,,Sand 1,1,1.26,3.1,-2.71,-4.55
-2.9299999999999997,1.48,8.629,0.055,0.646,0.003,-0.021,-0.388,1.48,632.0,8.63026,86.3026,1.8478262306716615,-0.0012282364610104444,,,Sand,,,Sand 1,1,1.26,3.1,-2.71,-4.55
-2.95,1.5,8.626,0.056,0.651,0.003,0.001,-0.316,1.5,632.8,8.62726,86.2726,1.8498204399498068,-0.0012518458931340894,,,Sand,,,Sand 1,1,1.26,3.1,-2.71,-4.55
-2.9699999999999998,1.52,8.605,0.056,0.653,0.003,-0.001,-0.318,1.52,633.6,8.60626,86.0626,1.8514426613218586,-0.0012781394008547266,,,Sand,,,Sand 1,1,1.26,3.1,-2.71,-4.55
-2.99,1.54,8.565,0.056,0.657,0.004,-0.003,-0.286,1.54,634.4,8.56668,85.66680000000001,1.8545854440506813,-0.0011906596254324898,,,Sand,,,Sand 1,1,1.26,3.1,-2.71,-4.55
-3.01,1.56,8.555,0.057,0.656,0.004,-0.001,-0.266,1.56,635.2,8.55668,85.5668,1.8546359726815533,-0.0012154246740558252,,,Sand,,,Sand 1,1,1.26,3.1,-2.71,-4.55
-3.0300000000000002,1.58,8.577,0.056,0.645,0.004,-0.01,-0.29,1.58,635.9,8.57868,85.7868,1.8496134362698005,-0.0012356213310206238,,,Sand,,,Sand 1,1,1.26,3.1,-2.71,-4.55
-3.05,1.6,8.643,0.054,0.619,0.004,-0.008,-0.283,1.6,636.7,8.644680000000001,86.4468,1.8369476962132734,-0.0012493232832215884,,,Sand,,,Sand 1,1,1.26,3.1,-2.71,-4.55
-3.0700000000000003,1.62,8.775,0.053,0.586,0.005,-0.01,-0.241,1.62,637.5,8.7771,87.771,1.8184055453018046,-0.0011393284797940099,,,Sand,,,Sand 1,1,1.26,3.1,-2.71,-4.55
-3.09,1.64,9.013,0.051,0.54,0.005,0.007,-0.293,1.64,638.3,9.0151,90.15100000000001,1.789516167200427,-0.0011314350367716385,,,Sand,,,Sand 1,1,1.26,3.1,-2.71,-4.55
-3.11,1.66,9.519,0.051,0.505,0.006,0.001,-0.305,1.66,639.1,9.52152,95.21520000000001,1.7539737501837107,-0.0009872373318545779,,,Sand,,,Sand 1,1,1.26,3.1,-2.71,-4.55
-3.13,1.68,10.413,0.054,0.502,0.006,0.033,-0.302,1.68,639.9,10.41552,104.15520000000001,1.7195714398844673,-0.0009217014608968156,,,Sand,,,Sand 1,1,1.26,3.1,-2.71,-4.55
-3.15,1.7,11.638,0.058,0.5,0.006,0.031,-0.314,1.7,640.7,11.64052,116.40520000000001,1.6780343926139025,-0.0008418867885627103,,,Sand,,,Sand 1,1,1.26,3.1,-2.71,-4.55
-3.17,1.72,12.988,0.064,0.503,0.005,0.064,-0.349,1.72,641.5,12.9901,129.901,1.6398398142927986,-0.0008467987159452198,,,Sand,,,Sand 1,1,1.26,3.1,-2.71,-4.55
-3.19,1.74,14.329,0.07,0.51,-0.001,0.076,-0.344,1.74,642.4,14.32858,143.2858,1.6082439452054946,-0.001200398085504635,,,Sand,,,Sand 1,1,1.26,3.1,-2.71,-4.55
-3.21,1.76,15.204,0.076,0.529,-0.006,0.08,-0.385,1.76,643.3,15.20148,152.0148,1.5966673450279054,-0.001473540734191671,,,Sand,,,Sand 1,1,1.26,3.1,-2.71,-4.55
-3.23,1.78,15.873,0.082,0.537,-0.008,0.108,-0.432,1.78,644.2,15.869639999999999,158.69639999999998,1.5855318018363453,-0.0015501296815806787,,,Sand,,,Sand 1,1,1.26,3.1,-2.71,-4.55
-3.25,1.8,16.318,0.088,0.548,-0.009,0.109,-0.423,1.8,645.1,16.314220000000002,163.14220000000003,1.581265199972849,-0.0015814424471412053,,,Sand,,,Sand 1,1,1.26,3.1,-2.71,-4.55
-3.27,1.82,16.661,0.093,0.563,-0.009,0.119,-0.508,1.82,646.0,16.657220000000002,166.5722,1.5812598800518864,-0.001560884709453318,,,Sand,,,Sand 1,1,1.26,3.1,-2.71,-4.55
-3.29,1.84,17.049,0.098,0.574,-0.008,0.141,-0.508,1.84,646.9,17.04564,170.4564,1.5785658307731265,-0.001478383915183003,,,Sand,,,Sand 1,1,1.26,3.1,-2.71,-4.55
-3.31,1.86,17.469,0.101,0.582,-0.008,0.131,-0.493,1.86,647.9,17.46564,174.6564,1.574040716506273,-0.0014542839540950118,,,Sand,,,Sand 1,1,1.26,3.1,-2.71,-4.55
-3.33,1.88,17.9,0.104,0.586,-0.008,0.15,-0.513,1.88,648.9,17.896639999999998,178.9664,1.567669262237303,-0.0014304361042072704,,,Sand,,,Sand 1,1,1.26,3.1,-2.71,-4.55
-3.3499999999999996,1.9,18.293,0.107,0.594,-0.008,0.091,-0.476,1.9,649.9,18.28964,182.8964,1.5640907519919376,-0.0014106346543726392,,,Sand,,,Sand 1,1,1.26,3.1,-2.71,-4.55
-3.37,1.92,18.586,0.11,0.604,-0.008,0.19,-0.53,1.92,650.9,18.582639999999998,185.8264,1.5633994873276635,-0.001399155340683563,,,Sand,,,Sand 1,1,1.26,3.1,-2.71,-4.55
-3.3899999999999997,1.94,18.761,0.113,0.612,-0.008,0.187,-0.564,1.94,651.9,18.75764,187.5764,1.5639472034617412,-0.0013967641984812588,,,Sand,,,Sand 1,1,1.26,3.1,-2.71,-4.55
-3.41,1.96,18.789,0.113,0.614,-0.008,0.216,-0.576,1.96,653.0,18.78564,187.8564,1.5643643161809824,-0.0014053287511098904,,,Sand,,,Sand 1,1,1.26,3.1,-2.71,-4.55
-3.4299999999999997,1.98,18.651,0.115,0.63,-0.008,0.205,-0.599,1.98,654.0,18.64764,186.47639999999998,1.5740261248461822,-0.001426453964147742,,,Sand,,,Sand 1,1,1.26,3.1,-2.71,-4.55
-3.45,2.0,18.342,0.119,0.658,-0.008,0.192,-0.61,2.0,655.0,18.338639999999998,183.38639999999998,1.591815284814289,-0.0014613951743422634,,,Sand,,,Sand 1,1,1.26,3.1,-2.71,-4.55
-3.4699999999999998,2.02,17.887,0.124,0.699,-0.007,0.21,-0.601,2.02,656.1,17.88406,178.84060000000002,1.6172508806420454,-0.0014538085870881667,,,Sand,,,Sand 1,1,1.26,3.1,-2.71,-4.55
-3.49,2.04,17.315,0.125,0.73,-0.006,0.21,-0.619,2.04,657.1,17.31248,173.1248,1.6402826801663266,-0.001455597349426541,,,Sand,,,Sand 1,1,1.26,3.1,-2.71,-4.55
-3.51,2.06,16.546,0.113,0.68,-0.006,0.247,-0.595,2.06,658.0,16.54348,165.4348,1.6351482256816008,-0.0015353480646151836,,,Sand,,,Sand 1,1,1.26,3.1,-2.71,-4.55
-3.5300000000000002,2.08,15.461,0.101,0.629,-0.005,0.248,-0.647,2.08,658.9,15.4589,154.589,1.6365062258702152,-0.0015913163291049173,,,Sand,,,Sand 1,1,1.26,3.1,-2.71,-4.55
-3.55,2.1,14.057,0.09,0.579,-0.004,0.21,-0.697,2.1,659.8,14.05532,140.5532,1.6473500764716262,-0.0016933090103960636,,,Sand,,,Sand 1,1,1.26,3.1,-2.71,-4.55
-3.5700000000000003,2.12,13.1,0.102,0.698,-0.004,0.221,-0.714,2.12,660.7,13.09832,130.9832,1.7209921566148698,-0.0018322960501804815,,,Sand,,,Sand 1,1,1.26,3.1,-2.71,-4.55
-3.59,2.14,11.661,0.117,0.903,-0.001,0.2,-0.774,2.14,664.7,11.66058,116.6058,1.8306927693083193,-0.001818091381389262,,,Sand,,,Sand 1,1,1.26,3.1,-2.71,-4.55
-3.6100000000000003,2.16,9.99,0.115,0.997,0.001,0.178,-0.795,2.16,670.8,9.99042,99.9042,1.9098015204571082,-0.001941860302169479,,,Sand,,,Sand 1,1,1.26,3.1,-2.71,-4.55
-3.63,2.18,8.318,0.108,1.093,0.004,0.155,-0.816,2.18,676.8,8.31968,83.1968,1.9965706083668429,-0.0019952690488095697,,,Sand,,,Sand 1,1,1.26,3.1,-2.71,-4.55
-3.6500000000000004,2.2,7.71,0.096,1.037,0.007,0.125,-0.83,2.2,679.9,7.71294,77.12939999999999,2.008069175131328,-0.0017892010050642173,,,Sand,,,Sand 1,1,1.26,3.1,-2.71,-4.55
-3.67,2.22,7.99,0.087,0.999,0.009,0.111,-0.802,2.22,680.7,7.99378,79.9378,1.9858513722586175,-0.001501167157464929,,,Sand,,,Sand 1,1,1.26,3.1,-2.71,-4.55
-3.6900000000000004,2.24,8.446,0.088,1.021,0.01,0.125,-0.756,2.24,681.5,8.4502,84.50200000000001,1.9727553744637,-0.0013254124162741716,,,Sand,,,Sand 1,1,1.26,3.1,-2.71,-4.55
-3.71,2.26,8.759,0.084,1.016,0.001,0.107,-0.767,2.26,682.3,8.75942,87.5942,1.9592344742917083,-0.0023289213212746964,,,Sand,,,Sand 1,1,1.26,3.1,-2.71,-4.55
-3.7299999999999995,2.28,8.42,0.075,0.946,0.004,0.137,-0.835,2.28,683.2,8.42168,84.2168,1.9534453349440053,-0.002089844306599158,,,Sand,,,Sand 1,1,1.26,3.1,-2.71,-4.55
-3.75,2.3,7.948,0.058,0.742,0.008,0.142,-0.793,2.3,683.9,7.95136,79.51360000000001,1.9111501309537873,-0.0017355521571152607,,,Sand,,,Sand 1,1,1.26,3.1,-2.71,-4.55
-3.7699999999999996,2.32,7.349,0.038,0.521,0.009,0.111,-0.77,2.32,684.7,7.35278,73.5278,1.8571570965888995,-0.0017680387554095181,,,Sand,,,Sand 1,1,1.26,3.1,-2.71,-4.55
-3.79,2.34,6.821,0.04,0.579,0.011,0.112,-0.747,2.34,685.5,6.82562,68.25619999999999,1.9083207822444606,-0.0016408765797099754,,,Sand,,,Sand 1,1,1.26,3.1,-2.71,-4.55
-3.8099999999999996,2.36,6.18,0.04,0.635,0.012,0.132,-0.733,2.36,686.3,6.18504,61.8504,1.9656950559483817,-0.001681476595139239,,,Sand,,,Sand 1,1,1.26,3.1,-2.71,-4.55
-3.83,2.38,5.535,0.038,0.68,0.012,0.117,-0.775,2.38,687.1,5.54004,55.4004,2.0220120465396367,-0.0019133435859668886,,,Sand,,,Sand 1,1,1.26,3.1,-2.71,-4.55
-3.8499999999999996,2.4,4.747,0.038,0.771,0.013,0.104,-0.756,2.4,687.9,4.75246,47.5246,2.107299401690898,-0.002062089949205253,,,Sand mixtures,,,Sand 1,1,1.26,3.1,-2.71,-4.55
-3.87,2.42,4.013,0.044,1.016,0.014,0.11,-0.729,2.42,688.7,4.01888,40.1888,2.23312162162947,-0.0022394298909148825,,,Sand mixtures,,,Sand 1,1,1.26,3.1,-2.71,-4.55
-3.8899999999999997,2.44,3.362,0.051,1.384,0.014,0.115,-0.757,2.44,689.4,3.36788,33.6788,2.372036003289947,-0.002731688777509887,,,Sand mixtures,,,Sand 1,1,1.26,3.1,-2.71,-4.55
-3.91,2.46,2.613,0.055,1.767,0.015,0.128,-0.733,2.46,690.3,2.6193,26.193,2.5224446256557327,-0.003206963692589624,,,Sand mixtures,,,Sand 1,1,1.26,3.1,-2.71,-4.55
-3.9299999999999997,2.48,2.087,0.055,2.102,0.015,0.155,-0.75,2.48,691.1,2.0933,20.933000000000003,2.645494479056125,-0.004108345674294175,,,Silty clay / clayey silt,,,Sand 1,1,1.26,3.1,-2.71,-4.55
-3.95,2.5,1.79,0.053,2.421,0.015,0.16,-0.727,2.5,691.9,1.7963,17.963,2.7352835825055615,-0.004898958971218619,,,Silty clay / clayey silt,,,Sand 1,1,1.26,3.1,-2.71,-4.55
-3.9699999999999998,2.52,1.606,0.048,2.539,0.019,0.133,-0.764,2.52,692.6,1.6139800000000002,16.1398,2.785073370127069,-0.003097931820716489,,,Silty clay / clayey silt,,,Sand 1,1,1.26,3.1,-2.71,-4.55
-3.99,2.54,1.427,0.04,2.384,0.021,0.16,-0.76,2.54,693.4,1.43582,14.358200000000002,2.8108528379821207,-0.002228691618726583,,,Silty clay / clayey silt,,,Sand 1,1,1.26,3.1,-2.71,-4.55
-4.01,2.56,1.383,0.033,2.203,0.029,0.165,-0.762,2.56,694.2,1.39518,13.9518,2.8018491804093504,0.003297065611605672,,,Silty clay / clayey silt,,,Sand 1,1,1.26,3.1,-2.71,-4.55
-4.03,2.58,1.38,0.032,2.207,0.04,0.183,-0.739,2.58,695.0,1.3967999999999998,13.967999999999996,2.8018705542258027,0.011025200458190148,,,Silty clay / clayey silt,,,Sand 1,1,1.26,3.1,-2.71,-4.55
-4.05,2.6,1.317,0.03,2.216,0.049,0.195,-0.766,2.6,695.8,1.33758,13.3758,2.818482871760009,0.018092375783130728,,,Silty clay / clayey silt,,,Sand 1,1,1.26,3.1,-2.71,-4.55
-4.07,2.62,1.323,0.032,2.402,0.051,0.205,-0.767,2.62,696.6,1.34442,13.444199999999999,2.8362461900227802,0.019339194596926554,,,Silty clay / clayey silt,,,Sand 1,1,1.26,3.1,-2.71,-4.55
-4.09,2.64,1.33,0.033,2.521,0.049,0.198,-0.747,2.64,697.4,1.3505800000000001,13.5058,2.8465178190368596,0.017622058671089458,,,Silty clay / clayey silt,,,Sand 1,1,1.26,3.1,-2.71,-4.55
-4.11,2.66,1.313,0.038,2.929,0.046,0.225,-0.784,2.66,698.1,1.33232,13.3232,2.8889242470403182,0.015461750930707334,,8.256814867635322,Silty clay / clayey silt,,,Sand 1,1,1.26,3.1,-2.71,-4.55
-4.13,2.68,1.278,0.042,3.282,0.043,0.2,-0.77,2.68,698.9,1.29606,12.9606,2.927694236480348,0.013425304384056293,,9.496764584512087,Silty clay / clayey silt,,,Sand 1,1,1.26,3.1,-2.71,-4.55
-4.15,2.7,1.243,0.043,3.462,0.04,0.222,-0.76,2.7,699.7,1.2598,12.597999999999999,2.9513898767261155,0.01127163041752659,,9.888501196126123,Clay & silt,,,Sand 1,1,1.26,3.1,-2.71,-4.55
-4.17,2.72,1.228,0.043,3.513,0.039,0.254,-0.787,2.72,700.5,1.24438,12.443800000000001,2.9594708098690212,0.010446969575210144,,9.985062935180673,Clay & silt,,,Sand 1,1,1.26,3.1,-2.71,-4.55
-4.19,2.74,1.185,0.042,3.531,0.038,0.235,-0.785,2.74,701.4,1.20096,12.0096,2.973182827841752,0.009825472954969352,,10.017915825923508,Clay & silt,,,Sand 1,1,1.26,3.1,-2.71,-4.55
-4.21,2.76,1.137,0.041,3.527,0.039,0.226,-0.747,2.76,702.1,1.15338,11.533800000000001,2.9870250923944224,0.010924413463039065,,10.010667832566837,Clay & silt,,,Sand 1,1,1.26,3.1,-2.71,-4.55
-4.2299999999999995,2.78,1.12,0.041,3.542,0.041,0.237,-0.764,2.78,702.9,1.1372200000000001,11.3722,2.9930565126044497,0.012662457571973762,,10.037695996665358,Clay & silt,,,Sand 1,1,1.26,3.1,-2.71,-4.55
-4.25,2.8,1.12,0.04,3.582,0.041,0.245,-0.775,2.8,703.7,1.1372200000000001,11.3722,2.9959419905419793,0.012486590105696346,,10.107820304235142,Clay & silt,,,Sand 1,1,1.26,3.1,-2.71,-4.55
-4.27,2.82,1.117,0.042,3.771,0.041,0.252,-0.772,2.82,704.4,1.13422,11.3422,3.010140063252033,0.012343284371638662,,10.406522925953341,Clay & silt,,,Sand 1,1,1.26,3.1,-2.71,-4.55
-4.29,2.84,1.1,0.045,4.1,0.042,0.249,-0.773,2.84,705.3,1.1176400000000002,11.176400000000001,3.0370574863622943,0.013242188898035141,,10.833191743254845,Clay & silt,,,Sand 1,1,1.26,3.1,-2.71,-4.55
-4.31,2.86,1.072,0.05,4.56,0.042,0.25,-0.779,2.86,706.1,1.0896400000000002,10.896400000000002,3.0738608783441226,0.013398920744466062,,11.304833395648961,Organic clay,11.304833395648961,-0.4084333956489594,Sand 1,1,1.26,3.1,-2.71,-4.55
-4.33,2.88,1.065,0.054,4.976,0.042,0.252,-0.769,2.88,706.9,1.08264,10.826400000000001,3.099381907804565,0.013300820217246727,,11.652337721545193,Organic clay,11.652337721545193,-0.8259377215451913,Sand 1,1,1.26,3.1,-2.71,-4.55
-4.35,2.9,1.064,0.056,5.298,0.042,0.238,-0.793,2.9,707.7,1.0816400000000002,10.816400000000002,3.116611010312299,0.01312821271402685,11.139937870740871,11.885928042711166,Peat,11.139937870740871,-0.3235378707408696,Sand 1,1,1.26,3.1,-2.71,-4.55
-4.37,2.92,1.063,0.058,5.513,0.042,0.245,-0.805,2.92,708.5,1.08064,10.806400000000002,3.127729677735546,0.012955285756588684,13.38763872391573,12.028533568326914,Peat,13.38763872391573,-2.581238723915728,Sand 1,1,1.26,3.1,-2.71,-4.55
-4.39,2.94,1.041,0.059,5.711,0.042,0.25,-0.817,2.94,709.2,1.05864,10.586400000000001,3.144303872559117,0.013035592836091589,14.764772979153697,12.151890235940218,Peat,14.764772979153697,-4.178372979153696,Sand 1,1,1.26,3.1,-2.71,-4.55
-4.41,2.96,1.01,0.058,5.731,0.043,0.256,-0.819,2.96,710.0,1.02806,10.2806,3.1551654141819987,0.014201505748691709,14.884142214740896,12.163963692117667,Peat,14.884142214740896,-4.603542214740896,Sand 1,1,1.26,3.1,-2.71,-4.55
-4.43,2.98,0.993,0.057,5.676,0.043,0.259,-0.819,2.98,710.8,1.01106,10.1106,3.1581906425543003,0.014242478191205271,14.548629763474164,12.130596687255734,Peat,14.548629763474164,-4.438029763474164,Sand 1,1,1.26,3.1,-2.71,-4.55
-4.45,3.0,0.976,0.054,5.507,0.043,0.259,-0.8,3.0,711.6,0.9940599999999999,9.9406,3.1557687486423323,0.014284852021004765,13.33874817378101,12.024681628519637,Peat,13.33874817378101,-3.39814817378101,Sand 1,1,1.26,3.1,-2.71,-4.55
-4.47,3.02,0.943,0.051,5.384,0.043,0.257,-0.834,3.02,712.4,0.9610599999999999,9.6106,3.1612056222697236,0.014567248662934677,12.191188774640349,11.944132195312507,Peat,12.191188774640349,-2.580588774640349,Sand 1,1,1.26,3.1,-2.71,-4.55
-4.49,3.04,0.911,0.049,5.381,0.043,0.256,-0.846,3.04,713.2,0.92906,9.2906,3.172641081081687,0.014853723117990224,12.158865409081603,11.942128687671786,Peat,12.158865409081603,-2.8682654090816033,Sand 1,1,1.26,3.1,-2.71,-4.55
-4.51,3.06,0.869,0.048,5.334,0.042,0.257,-0.818,3.06,714.0,0.88664,8.8664,3.1863417910897702,0.014210953712893623,11.61503266484339,11.910488943721628,Peat,11.61503266484339,-2.74863266484339,Sand 1,1,1.26,3.1,-2.71,-4.55
-4.53,3.08,0.847,0.046,5.27,0.041,0.254,-0.854,3.08,714.7,0.86422,8.6422,3.1919619105859938,0.013191085603202882,10.723306057035344,11.866624313206088,Peat,10.723306057035344,-2.0811060570353437,Sand 1,1,1.26,3.1,-2.71,-4.55
-4.55,3.1,0.815,0.044,5.206,0.041,0.243,-0.793,3.1,715.5,0.83222,8.322199999999999,3.2017704282470985,0.013457979861094423,9.528903689350905,11.821821149914616,Peat,9.528903689350905,-1.2067036893509062,Organic clay 1,1,3.1,4.68,-4.55,-6.129999999999999
-4.57,3.12,0.773,0.041,5.01,0.041,0.227,-0.836,3.12,716.3,0.79022,7.902200000000001,3.20971293990225,0.013920174128723642,,11.678283709412321,Organic clay,11.678283709412321,-3.7760837094123207,Organic clay 1,1,3.1,4.68,-4.55,-6.129999999999999
-4.59,3.14,0.736,0.039,4.969,0.037,0.242,-0.852,3.14,718.5,0.75154,7.5154,3.225084707888945,0.009048087926125025,,11.646955042488932,Organic clay,11.646955042488932,-4.131555042488932,Organic clay 1,1,3.1,4.68,-4.55,-6.129999999999999
-4.61,3.16,0.688,0.036,4.875,0.03,0.241,-0.822,3.16,724.7,0.7005999999999999,7.005999999999999,3.2447687396126157,-0.0005709391949757432,,11.5732707656627,Organic clay,11.5732707656627,-4.567270765662701,Organic clay 1,1,3.1,4.68,-4.55,-6.129999999999999
-4.63,3.18,0.641,0.033,4.831,0.023,0.241,-0.792,3.18,730.9,0.65066,6.5066,3.268504922909919,-0.011680447545569118,,11.537846111432446,Organic clay,11.537846111432446,-5.031246111432446,Organic clay 1,1,3.1,4.68,-4.55,-6.129999999999999
-4.65,3.2,0.609,0.032,4.919,0.022,0.236,-0.771,3.2,735.3,0.61824,6.1824,3.291120214361703,-0.014233954451345763,,11.608091427826778,Organic clay,11.608091427826778,-5.425691427826778,Organic clay 1,1,3.1,4.68,-4.55,-6.129999999999999
-4.67,3.22,0.603,0.03,4.96,0.022,0.232,-0.798,3.22,736.1,0.61224,6.1224,3.2966618290591967,-0.014700117600940808,,11.640013676134192,Organic clay,11.640013676134192,-5.517613676134192,Organic clay 1,1,3.1,4.68,-4.55,-6.129999999999999
-4.69,3.24,0.599,0.029,4.807,0.022,0.248,-0.808,3.24,736.8,0.60824,6.0824,3.291096838901687,-0.015125608312508232,,11.518260728711503,Organic clay,11.518260728711503,-5.4358607287115035,Organic clay 1,1,3.1,4.68,-4.55,-6.129999999999999
-4.71,3.26,0.594,0.028,4.711,0.022,0.249,-0.769,3.26,737.6,0.60324,6.0324,3.288972568964953,-0.015582521052980575,,11.43797216407148,Organic clay,11.43797216407148,-5.40557216407148,Organic clay 1,1,3.1,4.68,-4.55,-6.129999999999999
-4.7299999999999995,3.28,0.576,0.028,4.785,0.022,0.231,-0.803,3.28,738.4,0.58524,5.8524,3.3036275354013758,-0.01640352675825302,,11.500140164625178,Organic clay,11.500140164625178,-5.647740164625177,Organic clay 1,1,3.1,4.68,-4.55,-6.129999999999999
-4.75,3.3,0.565,0.028,4.84,0.022,0.241,-0.761,3.3,739.2,0.57424,5.7424,3.3132235396160943,-0.017066035107272223,,11.54514231360067,Organic clay,11.54514231360067,-5.802742313600669,Organic clay 1,1,3.1,4.68,-4.55,-6.129999999999999
-4.77,3.32,0.554,0.027,4.85,0.022,0.235,-0.828,3.32,740.0,0.5632400000000001,5.632400000000001,3.3206143212623673,-0.017754420850791836,,11.553218677896426,Organic clay,11.553218677896426,-5.920818677896425,Organic clay 1,1,3.1,4.68,-4.55,-6.129999999999999
-4.79,3.34,0.541,0.026,4.762,0.022,0.234,-0.801,3.34,740.8,0.5502400000000001,5.5024,3.324378151240163,-0.018537365513230594,,11.481021331294517,Organic clay,11.481021331294517,-5.978621331294518,Organic clay 1,1,3.1,4.68,-4.55,-6.129999999999999
-4.81,3.36,0.523,0.025,4.761,0.022,0.229,-0.837,3.36,741.6,0.53224,5.3224,3.3361960946932445,-0.01954005711709003,,11.480185973263545,Organic clay,11.480185973263545,-6.157785973263545,Organic clay 1,1,3.1,4.68,-4.55,-6.129999999999999
-4.83,3.38,0.505,0.024,4.725,0.022,0.254,-0.809,3.38,742.4,0.51424,5.1424,3.3466287615554284,-0.020612943372744247,,11.449881153270685,Organic clay,11.449881153270685,-6.307481153270684,Organic clay 1,1,3.1,4.68,-4.55,-6.129999999999999
-4.85,3.4,0.497,0.023,4.614,0.022,0.232,-0.803,3.4,743.1,0.50624,5.0624,3.3464208596815084,-0.02133375474083438,,11.353467333246,Organic clay,11.353467333246,-6.291067333246,Organic clay 1,1,3.1,4.68,-4.55,-6.129999999999999
-4.87,3.42,0.487,0.022,4.508,0.022,0.244,-0.796,3.42,743.9,0.49624,4.9624,3.347925006682395,-0.022166693535386105,,11.256852839984246,Organic clay,11.256852839984246,-6.294452839984246,Organic clay 1,1,3.1,4.68,-4.55,-6.129999999999999
-4.89,3.44,0.471,0.021,4.478,0.022,0.239,-0.798,3.44,744.7,0.48024,4.8024000000000004,3.358112611632453,-0.02332167249708478,,11.228635604750918,Organic clay,11.228635604750918,-6.426235604750918,Organic clay 1,1,3.1,4.68,-4.55,-6.129999999999999
-4.91,3.46,0.456,0.021,4.467,0.022,0.253,-0.806,3.46,745.5,0.46524000000000004,4.652400000000001,3.368972186751097,-0.024503482073768387,,11.21818782622998,Organic clay,11.21818782622998,-6.56578782622998,Organic clay 1,1,3.1,4.68,-4.55,-6.129999999999999
-4.93,3.48,0.443,0.02,4.462,0.022,0.229,-0.839,3.48,746.3,0.45224000000000003,4.5224,3.378947856831857,-0.025650097293472496,,11.213420550149962,Organic clay,11.213420550149962,-6.691020550149962,Organic clay 1,1,3.1,4.68,-4.55,-6.129999999999999
-4.95,3.5,0.438,0.019,4.371,0.022,0.235,-0.844,3.5,747.1,0.44724,4.4724,3.3780337515968872,-0.02638404436096951,,11.124581759318188,Organic clay,11.124581759318188,-6.652181759318188,Organic clay 1,1,3.1,4.68,-4.55,-6.129999999999999
-4.97,3.52,0.431,0.019,4.335,0.022,0.241,-0.849,3.52,747.9,0.44024,4.4024,3.3817805321712764,-0.027257859349445756,,11.088297976711246,Organic clay,11.088297976711246,-6.685897976711246,Organic clay 1,1,3.1,4.68,-4.55,-6.129999999999999
-4.99,3.54,0.424,0.019,4.332,0.022,0.253,-0.84,3.54,748.7,0.43324,4.3324,3.3874354780908775,-0.028159911365524887,,11.08524376902007,Organic clay,11.08524376902007,-6.752843769020069,Organic clay 1,1,3.1,4.68,-4.55,-6.129999999999999
-5.01,3.56,0.42,0.018,4.272,0.022,0.242,-0.864,3.56,749.4,0.42924,4.2924,3.3874926176677795,-0.028888267635821446,,11.023134485338662,Organic clay,11.023134485338662,-6.730734485338663,Organic clay 1,1,3.1,4.68,-4.55,-6.129999999999999
-5.03,3.58,0.42,0.018,4.203,0.022,0.234,-0.855,3.58,750.2,0.42924,4.2924,3.383634356411174,-0.02935420743639922,,10.949166797897744,Organic clay,10.949166797897744,-6.6567667978977445,Organic clay 1,1,3.1,4.68,-4.55,-6.129999999999999
-5.05,3.6,0.426,0.018,4.11,0.023,0.25,-0.819,3.6,751.0,0.43566,4.356599999999999,3.372936501756563,-0.027085341780287375,,10.844763653317946,Organic clay,10.844763653317946,-6.4881636533179465,Organic clay 1,1,3.1,4.68,-4.55,-6.129999999999999
-5.07,3.62,0.434,0.017,4.03,0.023,0.242,-0.867,3.62,751.8,0.44366,4.4366,3.3616638234790805,-0.02704773925979355,,10.750161057673882,Organic clay,10.750161057673882,-6.313561057673882,Organic clay 1,1,3.1,4.68,-4.55,-6.129999999999999
-5.09,3.64,0.439,0.017,3.914,0.023,0.254,-0.835,3.64,752.7,0.44866,4.4866,3.350699039425252,-0.027192083091873584,,10.60400753631221,Organic clay,10.60400753631221,-6.11740753631221,Organic clay 1,1,3.1,4.68,-4.55,-6.129999999999999
-5.11,3.66,0.443,0.017,3.874,0.023,0.262,-0.859,3.66,753.5,0.45266,4.5266,3.3450440601014892,-0.027393628772146877,,10.550849768403635,Organic clay,10.550849768403635,-6.024249768403635,Organic clay 1,1,3.1,4.68,-4.55,-6.129999999999999
-5.13,3.68,0.439,0.017,3.833,0.024,0.242,-0.874,3.68,754.3,0.44908,4.4908,3.3454524246194293,-0.025830586977821327,,10.494740664091532,Organic clay,10.494740664091532,-6.003940664091532,Organic clay 1,1,3.1,4.68,-4.55,-6.129999999999999
-5.15,3.7,0.429,0.016,3.741,0.024,0.237,-0.854,3.7,755.1,0.43907999999999997,4.3908,3.3480314069031034,-0.026874373690443664,,10.362268330447643,Organic clay,10.362268330447643,-5.971468330447643,Organic clay 1,1,3.1,4.68,-4.55,-6.129999999999999
-5.17,3.72,0.426,0.016,3.702,0.024,0.246,-0.885,3.72,755.8,0.43607999999999997,4.3608,3.3481129729999375,-0.027517886626307102,,10.30308737673474,Organic clay,10.30308737673474,-5.942287376734741,Organic clay 1,1,3.1,4.68,-4.55,-6.129999999999999
-5.19,3.74,0.428,0.016,3.647,0.024,0.281,-0.87,3.74,756.6,0.43807999999999997,4.3808,3.342963518194802,-0.02784879474068664,,10.216207883779862,Organic clay,10.216207883779862,-5.835407883779863,Organic clay 1,1,3.1,4.68,-4.55,-6.129999999999999
-5.21,3.76,0.428,0.016,3.65,0.025,0.263,-0.872,3.76,757.4,0.4385,4.385,3.3428017905663983,-0.02599771949828962,,10.221055947152747,Organic clay,10.221055947152747,-5.836055947152747,Organic clay 1,1,3.1,4.68,-4.55,-6.129999999999999
-5.2299999999999995,3.78,0.431,0.016,3.652,0.025,0.256,-0.882,3.78,758.2,0.4415,4.415,3.340423992104941,-0.0262740656851642,,10.224280764830656,Organic clay,10.224280764830656,-5.809280764830656,Organic clay 1,1,3.1,4.68,-4.55,-6.129999999999999
-5.25,3.8,0.432,0.016,3.629,0.025,0.245,-0.879,3.8,759.0,0.4425,4.425,3.3381293387624447,-0.026666666666666675,,10.1868422718499,Organic clay,10.1868422718499,-5.7618422718499,Organic clay 1,1,3.1,4.68,-4.55,-6.129999999999999
-5.27,3.82,0.431,0.016,3.623,0.025,0.258,-0.863,3.82,759.8,0.4415,4.415,3.3385776375956944,-0.027180067950169876,,10.176946228475725,Organic clay,10.176946228475725,-5.761946228475725,Organic clay 1,1,3.1,4.68,-4.55,-6.129999999999999
-5.29,3.84,0.433,0.015,3.572,0.025,0.264,-0.875,3.84,760.6,0.4435,4.435,3.33363834564782,-0.027508455467869227,,10.090546717336961,Organic clay,10.090546717336961,-5.655546717336962,Organic clay 1,1,3.1,4.68,-4.55,-6.129999999999999
-5.31,3.86,0.434,0.015,3.47,0.026,0.246,-0.895,3.86,761.3,0.44492,4.449199999999999,3.3257860325894817,-0.025622583835296232,,9.904004602124331,Organic clay,9.904004602124331,-5.454804602124332,Organic clay 1,1,3.1,4.68,-4.55,-6.129999999999999
-5.33,3.88,0.434,0.015,3.377,0.026,0.257,-0.886,3.88,762.1,0.44492,4.449199999999999,3.31955625720616,-0.026072102849950558,,9.714613462370725,Organic clay,9.714613462370725,-5.265413462370725,Organic clay 1,1,3.1,4.68,-4.55,-6.129999999999999
-5.35,3.9,0.434,0.015,3.341,0.026,0.274,-0.9,3.9,762.9,0.44492,4.449199999999999,3.317106877541609,-0.02652162186460487,,9.635315262936173,Organic clay,9.635315262936173,-5.186115262936173,Organic clay 1,1,3.1,4.68,-4.55,-6.129999999999999
-5.37,3.92,0.438,0.014,3.326,0.026,0.266,-0.899,3.92,763.7,0.44892,4.489199999999999,3.3127729939789132,-0.026730820636193534,,9.601152650755715,Organic clay,9.601152650755715,-5.111952650755716,Organic clay 1,1,3.1,4.68,-4.55,-6.129999999999999
-5.39,3.94,0.439,0.014,3.247,0.027,0.271,-0.917,3.94,764.5,0.45034,4.5034,3.3061268727437407,-0.024870098148065893,,9.40882354269943,Organic clay,9.40882354269943,-4.90542354269943,Organic clay 1,1,3.1,4.68,-4.55,-6.129999999999999
-5.41,3.96,0.44,0.014,3.194,0.027,0.274,-0.923,3.96,765.3,0.45134,4.513400000000001,3.301567749106233,-0.02525812026410246,,9.266084728431942,Organic clay,9.266084728431942,-4.752684728431941,Organic clay 1,1,3.1,4.68,-4.55,-6.129999999999999
-5.43,3.98,0.434,0.014,3.195,0.028,0.268,-0.909,3.98,766.1,0.44576,4.4576,3.306247176069491,-0.02377961234745155,,9.268895899332168,Organic clay,9.268895899332168,-4.811295899332168,Organic clay 1,1,3.1,4.68,-4.55,-6.129999999999999
-5.45,4.0,0.427,0.014,3.257,0.028,0.294,-0.903,4.0,766.9,0.43876,4.3876,3.3164676037376695,-0.024614823593764254,,9.434426469036358,Organic clay,9.434426469036358,-5.0468264690363585,Organic clay 1,1,3.1,4.68,-4.55,-6.129999999999999
-5.47,4.02,0.42,0.014,3.232,0.028,0.281,-0.906,4.02,767.7,0.43176,4.3176,3.3206809211108417,-0.025477116916805632,,9.369662972213558,Organic clay,9.369662972213558,-5.052062972213558,Organic clay 1,1,3.1,4.68,-4.55,-6.129999999999999
-5.49,4.04,0.421,0.013,3.124,0.028,0.295,-0.936,4.04,768.5,0.43276,4.3276,3.312157805648865,-0.025880395600332756,,9.05611863629909,Organic clay,9.05611863629909,-4.728518636299089,Organic clay 1,1,3.1,4.68,-4.55,-6.129999999999999
-5.51,4.06,0.425,0.013,3.028,0.029,0.299,-0.923,4.06,769.3,0.43718,4.3718,3.3013776693302637,-0.023788828400201287,,8.714014961520729,Organic clay,8.714014961520729,-4.342214961520728,Organic clay 1,1,3.1,4.68,-4.55,-6.129999999999999
-5.53,4.08,0.428,0.012,2.933,0.029,0.3,-0.928,4.08,770.1,0.44018,4.4018,3.2917150005112106,-0.024081057749102644,,8.278289553747511,Organic clay,8.278289553747511,-3.8764895537475113,Organic clay 1,1,3.1,4.68,-4.55,-6.129999999999999
-5.55,4.1,0.411,0.012,2.819,0.029,0.3,-0.941,4.1,770.9,0.42318,4.2318,3.2976608186298164,-0.025521054870267963,,7.48461160956028,Organic clay,7.48461160956028,-3.25281160956028,Organic clay 1,1,3.1,4.68,-4.55,-6.129999999999999
-5.57,4.12,0.413,0.011,2.703,0.031,0.279,-0.889,4.12,773.1,0.42601999999999995,4.2602,3.2859448187024345,-0.02112576874325149,,4.309286937481196,Organic clay,4.309286937481196,-0.04908693748119575,Organic clay 1,1,3.1,4.68,-4.55,-6.129999999999999
-5.59,4.14,0.416,0.011,2.643,0.033,0.29,-0.905,4.14,781.2,0.42985999999999996,4.2985999999999995,3.2776815902705554,-0.016749639417484755,,,Clay & silt,,,Organic clay 1,1,3.1,4.68,-4.55,-6.129999999999999
-5.61,4.16,0.42,0.011,2.63,0.035,0.301,-0.92,4.16,789.3,0.4347,4.3469999999999995,3.2724004600487246,-0.012422360248447218,,,Clay & silt,,,Organic clay 1,1,3.1,4.68,-4.55,-6.129999999999999
-5.63,4.18,0.423,0.011,2.621,0.037,0.313,-0.936,4.18,797.4,0.43854,4.3854,3.268349135913857,-0.008209057326583684,,,Clay & silt,,,Organic clay 1,1,3.1,4.68,-4.55,-6.129999999999999
-5.65,4.2,0.434,0.011,2.604,0.038,0.307,-0.921,4.2,799.2,0.44996,4.4996,3.2572734989701027,-0.006222775357809576,,,Clay & silt,,,Organic clay 1,1,3.1,4.68,-4.55,-6.129999999999999
-5.67,4.22,0.446,0.012,2.692,0.039,0.306,-0.927,4.22,800.0,0.46238,4.6238,3.2543475645587447,-0.004325446602361694,,,Clay & silt,,,Organic clay 1,1,3.1,4.68,-4.55,-6.129999999999999
-5.69,4.24,0.45,0.012,2.713,0.039,0.3,-0.948,4.24,800.8,0.46638,4.6638,3.252837878990829,-0.004717183412667803,,5.369436708419303,Organic clay,5.369436708419303,-0.7056367084193029,Organic clay 1,1,3.1,4.68,-4.55,-6.129999999999999
-5.71,4.26,0.456,0.012,2.727,0.039,0.307,-0.917,4.26,801.6,0.47238,4.7238,3.2491967134608823,-0.005080655404547199,,5.991585889657755,Organic clay,5.991585889657755,-1.2677858896577554,Organic clay 1,1,3.1,4.68,-4.55,-6.129999999999999
-5.73,4.28,0.445,0.012,2.698,0.04,0.304,-0.938,4.28,802.4,0.4618,4.618,3.255307706517497,-0.0034647033347769626,,,Clay & silt,,,Organic clay 1,1,3.1,4.68,-4.55,-6.129999999999999
-5.75,4.3,0.443,0.012,2.617,0.04,0.309,-0.937,4.3,803.2,0.4598,4.598,3.250241535535357,-0.003914745541539794,,,Clay & silt,,,Organic clay 1,1,3.1,4.68,-4.55,-6.129999999999999
-5.7700000000000005,4.32,0.446,0.012,2.629,0.041,0.292,-0.945,4.32,804.0,0.46322,4.6322,3.2484645635420484,-0.002158801433444182,,,Clay & silt,,,Organic clay 1,1,3.1,4.68,-4.55,-6.129999999999999
-5.79,4.34,0.446,0.011,2.525,0.042,0.297,-0.943,4.34,804.9,0.46364,4.6364,3.2393106603825172,-0.0004313691657320396,,,Clay & silt,,,Organic clay 1,1,3.1,4.68,-4.55,-6.129999999999999
-5.8100000000000005,4.36,0.447,0.011,2.491,0.042,0.312,-0.962,4.36,805.6,0.46464,4.6464,3.235555502671247,-0.0008608815426997368,,,Clay & silt,,,Organic clay 1,1,3.1,4.68,-4.55,-6.129999999999999
-5.83,4.38,0.453,0.012,2.553,0.043,0.304,-0.961,4.38,806.5,0.47106000000000003,4.7106,3.2357498268207414,0.0008491487283997912,,,Clay & silt,,,Organic clay 1,1,3.1,4.68,-4.55,-6.129999999999999
-5.8500000000000005,4.4,0.454,0.012,2.541,0.044,0.312,-0.95,4.4,807.3,0.47248,4.7248,3.233591218755563,0.0025397900440230032,,,Clay & silt,,,Organic clay 1,1,3.1,4.68,-4.55,-6.129999999999999
-5.87,4.42,0.458,0.012,2.579,0.045,0.328,-0.954,4.42,808.0,0.4769,4.769,3.2333437020980966,0.00419375131054727,,,Clay & silt,,,Organic clay 1,1,3.1,4.68,-4.55,-6.129999999999999
-5.890000000000001,4.44,0.462,0.012,2.664,0.045,0.331,-0.93,4.44,808.9,0.4809,4.809,3.237347901734969,0.003742981908920768,,,Clay & silt,,,Organic clay 1,1,3.1,4.68,-4.55,-6.129999999999999
-5.91,4.46,0.458,0.012,2.709,0.046,0.352,-0.973,4.46,809.6,0.47732,4.7732,3.243843596384214,0.0054470795273611015,,5.081285546896494,Organic clay,5.081285546896494,-0.3080855468964936,Organic clay 1,1,3.1,4.68,-4.55,-6.129999999999999
-5.930000000000001,4.48,0.457,0.012,2.716,0.046,0.343,-0.974,4.48,810.5,0.47632,4.7632,3.245198404410062,0.005038629492777946,,5.539304280434635,Organic clay,5.539304280434635,-0.7761042804346348,Organic clay 1,1,3.1,4.68,-4.55,-6.129999999999999
-5.95,4.5,0.451,0.012,2.754,0.047,0.342,-0.968,4.5,811.3,0.47074,4.7074,3.252677946902835,0.006797807707014464,,6.648080792436713,Organic clay,6.648080792436713,-1.940680792436713,Organic clay 1,1,3.1,4.68,-4.55,-6.129999999999999
-5.97,4.52,0.444,0.013,2.792,0.047,0.34,-0.947,4.52,812.1,0.46374,4.6374,3.2613111661329897,0.0064691421917453746,,7.201208721697576,Organic clay,7.201208721697576,-2.5638087216975753,Organic clay 1,1,3.1,4.68,-4.55,-6.129999999999999
-5.99,4.54,0.447,0.013,2.852,0.047,0.359,-1.003,4.54,812.9,0.46674,4.6674,3.2636339640662313,0.005999057290997123,,7.764504802252368,Organic clay,7.764504802252368,-3.0971048022523684,Organic clay 1,1,3.1,4.68,-4.55,-6.129999999999999
-6.01,4.56,0.451,0.013,2.914,0.047,0.353,-0.999,4.56,813.7,0.47074,4.7074,3.265262408004038,0.005523218761949289,,8.173334831028527,Organic clay,8.173334831028527,-3.4659348310285267,Organic clay 1,1,3.1,4.68,-4.55,-6.129999999999999
-6.03,4.58,0.455,0.013,2.968,0.048,0.328,-1.002,4.58,814.5,0.47516,4.7516,3.265911439811923,0.007155484468389576,,8.453906569616096,Organic clay,8.453906569616096,-3.7023065696160966,Organic clay 1,1,3.1,4.68,-4.55,-6.129999999999999
-6.05,4.6,0.456,0.014,3.133,0.048,0.372,-0.99,4.6,815.3,0.47616,4.7616000000000005,3.277371491155994,0.006720430107526872,,9.084696209406815,Organic clay,9.084696209406815,-4.323096209406814,Organic clay 1,1,3.1,4.68,-4.55,-6.129999999999999
-6.07,4.62,0.461,0.016,3.461,0.048,0.359,-0.97,4.62,816.1,0.48116000000000003,4.8116,3.2963798337533734,0.006234932247069581,,9.886553554215924,Organic clay,9.886553554215924,-5.074953554215924,Organic clay 1,1,3.1,4.68,-4.55,-6.129999999999999
-6.09,4.64,0.474,0.018,3.744,0.048,0.353,-1.015,4.64,816.9,0.49416,4.941599999999999,3.3049908626790745,0.005666180994010046,,10.366742220634887,Organic clay,10.366742220634887,-5.425142220634887,Organic clay 1,1,3.1,4.68,-4.55,-6.129999999999999
-6.11,4.66,0.489,0.021,4.29,0.049,0.375,-1.005,4.66,817.7,0.50958,5.0958000000000006,3.326348370685014,0.007064641469445414,,11.04197586010049,Organic clay,11.04197586010049,-5.946175860100489,Organic clay 1,1,3.1,4.68,-4.55,-6.129999999999999
-6.13,4.68,0.505,0.025,5.039,0.049,0.374,-1.007,4.68,818.5,0.52558,5.255800000000001,3.3547570213147018,0.006469043723124912,,11.700158846972872,Organic clay,11.700158846972872,-6.444358846972872,Peat 1,1,4.68,6.12,-6.129999999999999,-7.57
-6.15,4.7,0.505,0.03,5.959,0.05,0.399,-1.011,4.7,819.3,0.526,5.26,3.396733168318256,0.00798479087452472,16.077360948656885,12.297019982931367,Peat,16.077360948656885,-10.817360948656885,Peat 1,1,4.68,6.12,-6.129999999999999,-7.57
-6.17,4.72,0.507,0.036,6.96,0.051,0.389,-1.037,4.72,820.1,0.52842,5.284199999999999,3.4351826580605858,0.00946217024336702,19.502698514493797,12.801140509716308,Peat,19.502698514493797,-14.218498514493799,Peat 1,1,4.68,6.12,-6.129999999999999,-7.57
-6.19,4.74,0.527,0.041,7.755,0.052,0.416,-1.038,4.74,820.9,0.54884,5.4884,3.45054515420875,0.010567742875883664,21.317319899054482,13.133951211715631,Peat,21.317319899054482,-15.828919899054481,Peat 1,1,4.68,6.12,-6.129999999999999,-7.57
-6.21,4.76,0.548,0.045,8.456,0.052,0.401,-1.054,4.76,821.7,0.56984,5.6984,3.4608459336708917,0.009827319949459486,22.603305724425248,13.39230533896809,Peat,22.603305724425248,-16.904905724425248,Peat 1,1,4.68,6.12,-6.129999999999999,-7.57
-6.23,4.78,0.56,0.05,9.182,0.052,0.368,-1.025,4.78,822.5,0.58184,5.8184000000000005,3.4761045590449675,0.009280901966176265,23.73748598019081,13.633067302735743,Peat,23.73748598019081,-17.91908598019081,Peat 1,1,4.68,6.12,-6.129999999999999,-7.57
-6.25,4.8,0.565,0.053,9.609,0.052,0.383,-1.03,4.8,823.3,0.5868399999999999,5.868399999999999,3.48565445639617,0.008861018335491792,24.335290220868274,13.764153383104176,Peat,24.335290220868274,-18.466890220868272,Peat 1,1,4.68,6.12,-6.129999999999999,-7.57
-6.2700000000000005,4.82,0.568,0.055,9.817,0.052,0.394,-1.064,4.82,824.2,0.5898399999999999,5.898399999999999,3.4898260584242533,0.008476875084768729,24.61120853067761,13.825529384243863,Peat,24.61120853067761,-18.712808530677613,Peat 1,1,4.68,6.12,-6.129999999999999,-7.57
-6.29,4.84,0.565,0.057,9.983,0.053,0.385,-1.056,4.84,824.9,0.5872599999999999,5.8725999999999985,3.4959171611267887,0.009876375029799404,24.82493683935596,13.873427571371842,Peat,24.82493683935596,-18.95233683935596,Peat 1,1,4.68,6.12,-6.129999999999999,-7.57
-6.3100000000000005,4.86,0.569,0.057,10.005,0.053,0.391,-1.076,4.86,825.8,0.5912599999999999,5.9125999999999985,3.4942471589946367,0.009471298582687812,24.852851455925013,13.87970570461015,Peat,24.852851455925013,-18.940251455925015,Peat 1,1,4.68,6.12,-6.129999999999999,-7.57
-6.33,4.88,0.572,0.057,9.975,0.054,0.379,-1.085,4.88,826.6,0.59468,5.9468,3.4914843300791967,0.010762090536086646,24.814762682777026,13.871140616769445,Peat,24.814762682777026,-18.867962682777026,Peat 1,1,4.68,6.12,-6.129999999999999,-7.57
-6.3500000000000005,4.9,0.571,0.056,9.905,0.055,0.409,-1.096,4.9,827.4,0.5941,5.940999999999999,3.489868821215294,0.012119171856589783,24.72520033560619,13.851038055125604,Peat,24.72520033560619,-18.78420033560619,Peat 1,1,4.68,6.12,-6.129999999999999,-7.57
-6.37,4.92,0.568,0.055,9.8,0.056,0.383,-1.081,4.92,828.2,0.5915199999999999,5.9152,3.4883935696897654,0.013524479307546649,24.589003888463296,13.820570701816969,Peat,24.589003888463296,-18.673803888463297,Peat 1,1,4.68,6.12,-6.129999999999999,-7.57
-6.390000000000001,4.94,0.559,0.053,9.686,0.056,0.398,-1.109,4.94,829.0,0.58252,5.8252,3.4903319106995094,0.013390098194053419,24.438524631751793,13.787055120588496,Peat,24.438524631751793,-18.613324631751794,Peat 1,1,4.68,6.12,-6.129999999999999,-7.57
-6.41,4.96,0.54,0.052,9.543,0.057,0.4,-1.068,4.96,829.9,0.56394,5.639399999999999,3.497185769763428,0.015249849274745545,24.245745905355044,13.744349992519604,Peat,24.245745905355044,-18.606345905355045,Peat 1,1,4.68,6.12,-6.129999999999999,-7.57
-6.430000000000001,4.98,0.525,0.05,9.392,0.058,0.421,-1.12,4.98,830.7,0.5493600000000001,5.493600000000002,3.5016951076892906,0.01711081986311342,24.03706287482407,13.6984243148412,Peat,24.03706287482407,-18.54346287482407,Peat 1,1,4.68,6.12,-6.129999999999999,-7.57
-6.45,5.0,0.513,0.048,9.178,0.058,0.402,-1.174,5.0,831.4,0.5373600000000001,5.3736,3.502932356961959,0.01712073842489204,23.731668681388594,13.631805040088102,Peat,23.731668681388594,-18.358068681388595,Peat 1,1,4.68,6.12,-6.129999999999999,-7.57
-6.47,5.02,0.504,0.047,8.986,0.059,0.418,-1.133,5.02,832.2,0.52878,5.2878,3.502697399171627,0.01891145656038428,23.44726383235522,13.570422876898103,Peat,23.44726383235522,-18.159463832355218,Peat 1,1,4.68,6.12,-6.129999999999999,-7.57
-6.49,5.04,0.506,0.047,9.144,0.059,0.414,-1.114,5.04,833.0,0.53078,5.307799999999999,3.506115988665934,0.018463393496363837,23.68204804617324,13.621048975314256,Peat,23.68204804617324,-18.37424804617324,Peat 1,1,4.68,6.12,-6.129999999999999,-7.57
-6.51,5.06,0.51,0.048,9.416,0.06,0.4,-1.141,5.06,833.8,0.5352,5.352,3.511236811662644,0.01980568011958148,24.07059524586422,13.70578225388066,Peat,24.07059524586422,-18.71859524586422,Peat 1,1,4.68,6.12,-6.129999999999999,-7.57
-6.53,5.08,0.513,0.05,9.688,0.061,0.424,-1.148,5.08,834.6,0.53862,5.3862,3.5168228154981676,0.02116519995544167,24.441188666743315,13.78764710647109,Peat,24.441188666743315,-19.054988666743316,Peat 1,1,4.68,6.12,-6.129999999999999,-7.57
-6.55,5.1,0.527,0.051,9.786,0.062,0.419,-1.127,5.1,835.5,0.55304,5.530399999999999,3.510645563105826,0.022059887169101688,24.570672438775404,13.816479497542566,Peat,24.570672438775404,-19.040272438775403,Peat 1,1,4.68,6.12,-6.129999999999999,-7.57
-6.57,5.12,0.542,0.052,9.613,0.063,0.436,-1.16,5.12,838.0,0.5684600000000001,5.6846000000000005,3.4964899677416845,0.02286880343383879,24.340685474546557,13.765348412877605,Peat,24.340685474546557,-18.656085474546558,Peat 1,1,4.68,6.12,-6.129999999999999,-7.57
-6.59,5.14,0.569,0.052,9.393,0.063,0.438,-1.165,5.14,844.5,0.59546,5.9546,3.4745086474286504,0.021495986296308743,24.03846286101917,13.698731343108378,Peat,24.03846286101917,-18.08386286101917,Peat 1,1,4.68,6.12,-6.129999999999999,-7.57
-6.61,5.16,0.595,0.053,9.243,0.064,0.439,-1.17,5.16,851.0,0.62188,6.2188,3.4554774898206317,0.021869170901138473,23.82567451093327,13.652235233826532,Peat,23.82567451093327,-17.606874510933267,Peat 1,1,4.68,6.12,-6.129999999999999,-7.57
-6.63,5.18,0.606,0.053,9.058,0.064,0.451,-1.148,5.18,854.4,0.63288,6.3288,3.444026034832585,0.021173050183289077,23.5551252909281,13.593625567730978,Peat,23.5551252909281,-17.2263252909281,Peat 1,1,4.68,6.12,-6.129999999999999,-7.57
-6.65,5.2,0.609,0.053,8.886,0.065,0.448,-1.16,5.2,855.3,0.6363,6.3629999999999995,3.436952981040628,0.02231651736602232,23.29494146790884,13.537819272813476,Peat,23.29494146790884,-16.93194146790884,Peat 1,1,4.68,6.12,-6.129999999999999,-7.57
-6.67,5.22,0.608,0.053,8.891,0.066,0.439,-1.167,5.22,856.1,0.63572,6.357199999999999,3.43741438360561,0.02359529352545146,23.302628807326858,13.539460054955814,Peat,23.302628807326858,-16.94542880732686,Peat 1,1,4.68,6.12,-6.129999999999999,-7.57
-6.69,5.24,0.604,0.053,8.755,0.067,0.428,-1.144,5.24,856.9,0.63214,6.3214,3.4350996271450938,0.024994463251811292,23.090764738610904,13.494423847543965,Peat,23.090764738610904,-16.769364738610903,Peat 1,1,4.68,6.12,-6.129999999999999,-7.57
-6.71,5.26,0.603,0.054,8.707,0.067,0.452,-1.168,5.26,857.7,0.63114,6.3114,3.4341317502115634,0.02471717843901511,23.0145775090961,13.478323301900376,Peat,23.0145775090961,-16.7031775090961,Peat 1,1,4.68,6.12,-6.129999999999999,-7.57
-6.73,5.28,0.605,0.055,8.74,0.068,0.446,-1.176,5.28,858.4,0.63356,6.3356,3.4338736557623633,0.025885472567712602,23.067037255927428,13.489404116800161,Peat,23.067037255927428,-16.73143725592743,Peat 1,1,4.68,6.12,-6.129999999999999,-7.57
-6.75,5.3,0.628,0.056,8.668,0.069,0.447,-1.18,5.3,859.3,0.65698,6.5698,3.419370350459302,0.026180401229870014,22.952113484679238,13.465160886264744,Peat,22.952113484679238,-16.382313484679237,Peat 1,1,4.68,6.12,-6.129999999999999,-7.57
-6.7700000000000005,5.32,0.666,0.055,8.52,0.071,0.467,-1.207,5.32,860.1,0.69582,6.958200000000001,3.395314853087513,0.02730591244862175,22.710306611457394,13.414536528067035,Peat,22.710306611457394,-15.752106611457393,Peat 1,1,4.68,6.12,-6.129999999999999,-7.57
-6.79,5.34,0.696,0.055,8.4,0.072,0.445,-1.163,5.34,860.9,0.72624,7.2624,3.377039585200289,0.027263714474553863,22.508417188966213,13.372680022320205,Peat,22.508417188966213,-15.246017188966213,Peat 1,1,4.68,6.12,-6.129999999999999,-7.57
-6.8100000000000005,5.36,0.703,0.055,8.295,0.074,0.455,-1.159,5.36,861.7,0.73408,7.340799999999999,3.3699685506817483,0.029424585876198773,22.327196098093566,13.335436579927247,Peat,22.327196098093566,-14.986396098093568,Peat 1,1,4.68,6.12,-6.129999999999999,-7.57
-6.83,5.38,0.681,0.055,8.137,0.075,0.47,-1.187,5.38,862.5,0.7125,7.125,3.37471380198946,0.03143859649122808,22.04589167498517,13.278258666765328,Peat,22.04589167498517,-14.920891674985171,Peat 1,1,4.68,6.12,-6.129999999999999,-7.57
-6.8500000000000005,5.4,0.666,0.052,7.808,0.075,0.453,-1.19,5.4,863.3,0.6975,6.975,3.370622261967576,0.03182795698924729,21.422918527417643,13.154515529594311,Peat,21.422918527417643,-14.447918527417643,Peat 1,1,4.68,6.12,-6.129999999999999,-7.57
-6.87,5.42,0.656,0.048,7.424,0.076,0.46,-1.187,5.42,864.1,0.6879200000000001,6.879200000000001,3.3616400181947577,0.03343412024654028,20.6193752354517,13.001208048942779,Peat,20.6193752354517,-13.740175235451698,Peat 1,1,4.68,6.12,-6.129999999999999,-7.57
-6.890000000000001,5.44,0.64,0.043,6.846,0.077,0.444,-1.17,5.44,864.9,0.67234,6.723400000000001,3.3477092147713177,0.035398756581491504,19.196742127502436,12.749161405677478,Peat,19.196742127502436,-12.473342127502434,Peat 1,1,4.68,6.12,-6.129999999999999,-7.57
-6.91,5.46,0.608,0.039,6.338,0.079,0.459,-1.198,5.46,865.7,0.64118,6.4117999999999995,3.3436456952402893,0.039926385726317105,17.6155672331846,12.501629642991773,Peat,17.6155672331846,-11.2037672331846,Peat 1,1,4.68,6.12,-6.129999999999999,-7.57
-6.930000000000001,5.48,0.581,0.034,5.687,0.081,0.451,-1.18,5.48,866.5,0.61502,6.1502,3.3299427439949105,0.04455139670254624,14.617597405008006,12.13731177921753,Peat,14.617597405008006,-8.467397405008006,Peat 1,1,4.68,6.12,-6.129999999999999,-7.57
-6.95,5.5,0.552,0.029,5.037,0.082,0.454,-1.207,5.5,867.3,0.5864400000000001,5.864400000000001,3.315771524834729,0.04808676079394309,,11.698657639666537,Organic clay,11.698657639666537,-5.834257639666537,Peat 1,1,4.68,6.12,-6.129999999999999,-7.57
-6.97,5.52,0.537,0.024,4.326,0.081,0.452,-1.203,5.52,868.1,0.5710200000000001,5.710200000000001,3.287448587044335,0.0472838079226647,,11.079121009552628,Organic clay,11.079121009552628,-5.3689210095526265,Peat 1,1,4.68,6.12,-6.129999999999999,-7.57
-6.99,5.54,0.535,0.021,3.821,0.081,0.482,-1.207,5.54,868.9,0.5690200000000001,5.690200000000001,3.258584753603707,0.047098520262908145,,10.47799209815618,Organic clay,10.47799209815618,-4.78779209815618,Peat 1,1,4.68,6.12,-6.129999999999999,-7.57
-7.01,5.56,0.539,0.021,3.869,0.081,0.464,-1.179,5.56,869.7,0.5730200000000001,5.730200000000001,3.2590545113637654,0.0464207182995358,,10.544097214535253,Organic clay,10.544097214535253,-4.813897214535252,Peat 1,1,4.68,6.12,-6.129999999999999,-7.57
-7.03,5.58,0.547,0.024,4.308,0.082,0.458,-1.2,5.58,870.5,0.5814400000000001,5.814400000000001,3.2799454351180612,0.04712438084755089,,11.060636795120873,Organic clay,11.060636795120873,-5.246236795120872,Peat 1,1,4.68,6.12,-6.129999999999999,-7.57
-7.05,5.6,0.571,0.026,4.671,0.083,0.477,-1.215,5.6,871.3,0.60586,6.058599999999999,3.285302483050946,0.04654540652956129,,11.403553866123007,Organic clay,11.403553866123007,-5.344953866123007,Peat 1,1,4.68,6.12,-6.129999999999999,-7.57
-7.07,5.62,0.585,0.028,5.006,0.083,0.467,-1.219,5.62,872.1,0.61986,6.1986,3.2946254120615777,0.0451714903365276,,11.675248154267917,Organic clay,11.675248154267917,-5.4766481542679175,Peat 1,1,4.68,6.12,-6.129999999999999,-7.57
-7.09,5.64,0.588,0.029,5.206,0.084,0.476,-1.217,5.64,872.9,0.62328,6.2328,3.302630527777043,0.04620716211012708,9.528903689350905,11.821821149914616,Peat,9.528903689350905,-3.296103689350905,Peat 1,1,4.68,6.12,-6.129999999999999,-7.57
-7.11,5.66,0.574,0.03,5.331,0.084,0.488,-1.217,5.66,873.7,0.6092799999999999,6.0927999999999995,3.3166658268137152,0.046940651260504195,11.577624666436975,11.90845313649086,Peat,11.577624666436975,-5.4848246664369755,Peat 1,1,4.68,6.12,-6.129999999999999,-7.57
-7.13,5.68,0.561,0.03,5.341,0.084,0.467,-1.213,5.68,874.5,0.59628,5.9628000000000005,3.324730380087775,0.04762863084456964,11.700939445293821,11.915231506911672,Peat,11.700939445293821,-5.738139445293821,Peat 1,1,4.68,6.12,-6.129999999999999,-7.57
-7.15,5.7,0.538,0.028,5.16,0.085,0.481,-1.199,5.7,875.3,0.5737,5.736999999999999,3.3296193044335793,0.050897681715182164,8.265217446412425,11.7890141988834,Peat,8.265217446412425,-2.528217446412426,Peat 1,1,4.68,6.12,-6.129999999999999,-7.57
-7.17,5.72,0.514,0.024,4.632,0.085,0.46,-1.2,5.72,876.1,0.5497,5.496999999999999,3.317881329833719,0.052756048753865754,,11.369419551776758,Organic clay,11.369419551776758,-5.872419551776759,Peat 1,1,4.68,6.12,-6.129999999999999,-7.57
-7.19,5.74,0.497,0.02,3.938,0.086,0.447,-1.202,5.74,877.0,0.53312,5.3312,3.289412580613595,0.05589735894357741,,10.635191673383682,Organic clay,10.635191673383682,-5.303991673383682,Peat 1,1,4.68,6.12,-6.129999999999999,-7.57
-7.21,5.76,0.486,0.017,3.406,0.086,0.478,-1.205,5.76,877.8,0.52212,5.2212,3.2626874583964396,0.05669194821113919,,9.775926549111503,Organic clay,9.775926549111503,-4.554726549111503,Peat 1,1,4.68,6.12,-6.129999999999999,-7.57
-7.23,5.78,0.473,0.015,2.975,0.087,0.474,-1.2,5.78,878.6,0.50954,5.095400000000001,3.24053729482041,0.0596616556109432,,8.486666357557699,Organic clay,8.486666357557699,-3.391266357557698,Peat 1,1,4.68,6.12,-6.129999999999999,-7.57
-7.25,5.8,0.468,0.013,2.618,0.088,0.472,-1.188,5.8,879.4,0.5049600000000001,5.049600000000001,3.2152467250689467,0.061787072243346,,,Clay & silt,,,Peat 1,1,4.68,6.12,-6.129999999999999,-7.57
-7.2700000000000005,5.82,0.473,0.012,2.419,0.089,0.49,-1.21,5.82,880.2,0.51038,5.1038,3.19388157269902,0.06269838159802497,,,Clay & silt,,,Peat 1,1,4.68,6.12,-6.129999999999999,-7.57
-7.29,5.84,0.478,0.011,2.295,0.09,0.461,-1.213,5.84,881.0,0.5158,5.158,3.1784875467702713,0.06359053896859246,,,Clay & silt,,,Peat 1,1,4.68,6.12,-6.129999999999999,-7.57
-7.3100000000000005,5.86,0.475,0.011,2.234,0.091,0.457,-1.187,5.86,881.8,0.51322,5.1322,3.174578139441999,0.0654689996492732,,,Clay & silt,,,Peat 1,1,4.68,6.12,-6.129999999999999,-7.57
-7.33,5.88,0.479,0.011,2.2,0.091,0.486,-1.191,5.88,882.6,0.51722,5.1722,3.1683576866481813,0.06457600247476897,,,Clay & silt,,,Peat 1,1,4.68,6.12,-6.129999999999999,-7.57
-7.3500000000000005,5.9,0.487,0.011,2.178,0.091,0.475,-1.247,5.9,883.4,0.52522,5.2522,3.16040623261725,0.06321160656486803,,,Clay & silt,,,Peat 1,1,4.68,6.12,-6.129999999999999,-7.57
-7.37,5.92,0.5,0.01,2.097,0.092,0.467,-1.199,5.92,884.2,0.53864,5.3864,3.1427712406694144,0.06312193672954106,,,Clay & silt,,,Peat 1,1,4.68,6.12,-6.129999999999999,-7.57
-7.390000000000001,5.94,0.51,0.011,2.205,0.094,0.489,-1.201,5.94,885.0,0.54948,5.494800000000001,3.1460147991408287,0.06515250782558055,,,Clay & silt,,,Peat 1,1,4.68,6.12,-6.129999999999999,-7.57
-7.41,5.96,0.521,0.012,2.264,0.095,0.479,-1.193,5.96,885.8,0.5609000000000001,5.609000000000001,3.143994305782015,0.06525227313246568,,,Clay & silt,,,Peat 1,1,4.68,6.12,-6.129999999999999,-7.57
-7.430000000000001,5.98,0.545,0.013,2.385,0.096,0.462,-1.192,5.98,886.6,0.5853200000000001,5.8532,3.139434943485629,0.06389667190596594,,,Clay & silt,,,Peat 1,1,4.68,6.12,-6.129999999999999,-7.57
-7.45,6.0,0.574,0.014,2.557,0.097,0.468,-1.233,6.0,887.4,0.61474,6.1474,3.136705714773024,0.06214009174610403,,,Clay & silt,,,Peat 1,1,4.68,6.12,-6.129999999999999,-7.57
-7.47,6.02,0.586,0.015,2.789,0.098,0.496,-1.22,6.02,888.2,0.6271599999999999,6.271599999999999,3.1490673587615348,0.06218508833471523,,7.165487219139071,Organic clay,7.165487219139071,-0.8938872191390717,Peat 1,1,4.68,6.12,-6.129999999999999,-7.57
-7.49,6.04,0.567,0.016,3.029,0.097,0.485,-1.192,6.04,889.0,0.60774,6.077399999999999,3.179706143636328,0.062197650310988256,,8.717994875446678,Organic clay,8.717994875446678,-2.640594875446679,Peat 1,1,4.68,6.12,-6.129999999999999,-7.57
-7.51,6.06,0.533,0.018,3.27,0.097,0.479,-1.221,6.06,889.8,0.57374,5.7374,3.218652133666649,0.06553491128385681,,9.467132447719568,Organic clay,9.467132447719568,-3.7297324477195675,Peat 1,1,4.68,6.12,-6.129999999999999,-7.57
-7.53,6.08,0.502,0.019,3.51,0.095,0.477,-1.232,6.08,890.6,0.5419,5.4190000000000005,3.256139988950358,0.06532570584978775,,9.979527460331813,Organic clay,9.979527460331813,-4.560527460331812,Peat 1,1,4.68,6.12,-6.129999999999999,-7.57
-7.55,6.1,0.493,0.018,3.44,0.094,0.468,-1.217,6.1,891.4,0.53248,5.324799999999999,3.257816621949939,0.06422776442307693,,9.845141958312421,Organic clay,9.845141958312421,-4.5203419583124225,Peat 1,1,4.68,6.12,-6.129999999999999,-7.57
-7.57,6.12,0.502,0.016,3.16,0.097,0.471,-1.215,6.12,902.0,0.54274,5.4274000000000004,3.2310650746960774,0.06817260566753879,,9.167499595231018,Organic clay,9.167499595231018,-3.740099595231017,Clay & silt 2,2,6.12,7.36,-7.57,-8.81
-7.59,6.14,0.513,0.013,2.67,0.1,0.466,-1.229,6.14,914.8,0.555,5.55,3.1844117314905502,0.07171171171171171,,,Clay & silt,,,Clay & silt 2,2,6.12,7.36,-7.57,-8.81
-7.61,6.16,0.524,0.011,2.187,0.102,0.46,-1.244,6.16,927.7,0.56684,5.6684,3.132525361236962,0.07338931620915953,,,Clay & silt,,,Clay & silt 2,2,6.12,7.36,-7.57,-8.81
-7.63,6.18,0.502,0.009,1.87,0.102,0.478,-1.232,6.18,933.9,0.54484,5.4484,3.114301951547409,0.07598561045444532,,,Clay & silt,,,Clay & silt 2,2,6.12,7.36,-7.57,-8.81
-7.65,6.2,0.476,0.008,1.704,0.102,0.493,-1.234,6.2,934.7,0.51884,5.188399999999999,3.113937163772128,0.07940790995297203,,,Clay & silt,,,Clay & silt 2,2,6.12,7.36,-7.57,-8.81
-7.67,6.22,0.477,0.008,1.657,0.101,0.491,-1.253,6.22,935.5,0.51942,5.1941999999999995,3.1078636862199702,0.07700897154518502,,,Clay & silt,,,Clay & silt 2,2,6.12,7.36,-7.57,-8.81
-7.69,6.24,0.503,0.009,1.691,0.101,0.482,-1.221,6.24,936.3,0.54542,5.454200000000001,3.0931988316075234,0.07297128818158481,,,Clay & silt,,,Clay & silt 2,2,6.12,7.36,-7.57,-8.81
-7.71,6.26,0.531,0.008,1.55,0.101,0.483,-1.24,6.26,937.1,0.57342,5.7342,3.056372859754807,0.06905932824107981,,,Clay & silt,,,Clay & silt 2,2,6.12,7.36,-7.57,-8.81
-7.73,6.28,0.518,0.008,1.511,0.101,0.488,-1.239,6.28,937.9,0.56042,5.6042000000000005,3.0601354751397696,0.07030441454623317,,,Clay & silt,,,Clay & silt 2,2,6.12,7.36,-7.57,-8.81
-7.75,6.3,0.516,0.008,1.499,0.102,0.499,-1.24,6.3,938.6,0.55884,5.5884,3.059644692305292,0.0719347219239854,,,Clay & silt,,,Clay & silt 2,2,6.12,7.36,-7.57,-8.81
-7.7700000000000005,6.32,0.507,0.008,1.644,0.102,0.488,-1.24,6.32,939.4,0.54984,5.4984,3.084383845486071,0.07274843590862794,,,Clay & silt,,,Clay & silt 2,2,6.12,7.36,-7.57,-8.81
-7.79,6.34,0.505,0.008,1.649,0.104,0.503,-1.274,6.34,940.2,0.5486800000000001,5.486800000000001,3.0858096550156557,0.07618283881315155,,,Clay & silt,,,Clay & silt 2,2,6.12,7.36,-7.57,-8.81
-7.8100000000000005,6.36,0.511,0.009,1.655,0.105,0.537,-1.251,6.36,941.0,0.5551,5.551,3.082075905257165,0.07674292920194559,,,Clay & silt,,,Clay & silt 2,2,6.12,7.36,-7.57,-8.81
-7.83,6.38,0.52,0.008,1.65,0.107,0.531,-1.23,6.38,941.8,0.56494,5.649400000000001,3.0747148563571423,0.07859241689382944,,,Clay & silt,,,Clay & silt 2,2,6.12,7.36,-7.57,-8.81
-7.8500000000000005,6.4,0.522,0.008,1.63,0.11,0.496,-1.241,6.4,942.6,0.5682,5.682,3.070031743713656,0.08306934178106298,,,Clay & silt,,,Clay & silt 2,2,6.12,7.36,-7.57,-8.81
-7.87,6.42,0.513,0.008,1.672,0.111,0.512,-1.251,6.42,943.4,0.55962,5.5962,3.0810381728915885,0.08577248847432185,,,Clay & silt,,,Clay & silt 2,2,6.12,7.36,-7.57,-8.81
-7.890000000000001,6.44,0.505,0.008,1.709,0.113,0.515,-1.261,6.44,944.2,0.5524600000000001,5.5246,3.090437220403827,0.09014227274372805,,,Clay & silt,,,Clay & silt 2,2,6.12,7.36,-7.57,-8.81
-7.91,6.46,0.483,0.008,1.716,0.114,0.518,-1.253,6.46,945.0,0.53088,5.3088,3.1065520256065757,0.09531344183242918,,,Clay & silt,,,Clay & silt 2,2,6.12,7.36,-7.57,-8.81
-7.930000000000001,6.48,0.465,0.008,1.705,0.114,0.518,-1.289,6.48,945.8,0.51288,5.1288,3.1184958984749898,0.09826860084230228,,,Clay & silt,,,Clay & silt 2,2,6.12,7.36,-7.57,-8.81
-7.95,6.5,0.458,0.008,1.717,0.114,0.474,-1.295,6.5,946.6,0.50588,5.0588,3.1251959601357755,0.09923301968846364,,,Clay & silt,,,Clay & silt 2,2,6.12,7.36,-7.57,-8.81
-7.97,6.52,0.464,0.008,1.714,0.114,0.497,-1.274,6.52,947.4,0.51188,5.1188,3.1203108658224794,0.09767914354926936,,,Clay & silt,,,Clay & silt 2,2,6.12,7.36,-7.57,-8.81
-7.99,6.54,0.478,0.008,1.673,0.114,0.505,-1.267,6.54,948.2,0.52588,5.2588,3.10504504303783,0.09469841028371491,,,Clay & silt,,,Clay & silt 2,2,6.12,7.36,-7.57,-8.81
-8.01,6.56,0.489,0.008,1.635,0.114,0.51,-1.25,6.56,949.0,0.53688,5.3688,3.092449834236295,0.09238563552376697,,,Clay & silt,,,Clay & silt 2,2,6.12,7.36,-7.57,-8.81
-8.03,6.58,0.501,0.008,1.541,0.114,0.515,-1.317,6.58,949.7,0.54888,5.4888,3.072077782900115,0.09000145751348201,,,Clay & silt,,,Clay & silt 2,2,6.12,7.36,-7.57,-8.81
-8.049999999999999,6.6,0.507,0.007,1.47,0.114,0.518,-1.336,6.6,950.5,0.55488,5.5488,3.0585356119100164,0.08866782006920418,,,Clay & silt,,,Clay & silt 2,2,6.12,7.36,-7.57,-8.81
-8.07,6.62,0.509,0.007,1.415,0.114,0.507,-1.291,6.62,951.3,0.55688,5.5687999999999995,3.049663582164808,0.08799023128860796,,,Clay & silt,,,Clay & silt 2,2,6.12,7.36,-7.57,-8.81
-8.09,6.64,0.52,0.007,1.451,0.115,0.514,-1.313,6.64,952.1,0.5683,5.683000000000001,3.046723378425406,0.08762977300721451,,,Clay & silt,,,Clay & silt 2,2,6.12,7.36,-7.57,-8.81
-8.11,6.66,0.525,0.007,1.398,0.115,0.521,-1.29,6.66,952.9,0.5733,5.7330000000000005,3.036030686416871,0.08651665794522938,,,Clay & silt,,,Clay & silt 2,2,6.12,7.36,-7.57,-8.81
-8.129999999999999,6.68,0.512,0.007,1.419,0.115,0.504,-1.308,6.68,953.7,0.5603,5.603000000000001,3.0478402191806326,0.08816705336426914,,,Clay & silt,,,Clay & silt 2,2,6.12,7.36,-7.57,-8.81
-8.15,6.7,0.481,0.007,1.484,0.116,0.527,-1.309,6.7,954.4,0.52972,5.297199999999999,3.0783680151540227,0.09476704674167487,,,Clay & silt,,,Clay & silt 2,2,6.12,7.36,-7.57,-8.81
-8.17,6.72,0.479,0.007,1.483,0.117,0.504,-1.302,6.72,955.2,0.5281399999999999,5.2814,3.0793930283933633,0.096565304654069,,,Clay & silt,,,Clay & silt 2,2,6.12,7.36,-7.57,-8.81
-8.19,6.74,0.482,0.007,1.473,0.118,0.53,-1.316,6.74,956.1,0.53156,5.315600000000001,3.0755650024292835,0.09744901798479946,,,Clay & silt,,,Clay & silt 2,2,6.12,7.36,-7.57,-8.81
-8.209999999999999,6.76,0.483,0.007,1.492,0.119,0.519,-1.316,6.76,956.9,0.53298,5.3298000000000005,3.0770483502839014,0.09869038237832566,,,Clay & silt,,,Clay & silt 2,2,6.12,7.36,-7.57,-8.81
-8.23,6.78,0.5,0.008,1.519,0.12,0.526,-1.303,6.78,957.7,0.5504,5.504,3.0681526122398304,0.09702034883720932,,,Clay & silt,,,Clay & silt 2,2,6.12,7.36,-7.57,-8.81
-8.25,6.8,0.513,0.008,1.516,0.121,0.527,-1.337,6.8,958.5,0.56382,5.638199999999999,3.0584563683367407,0.09612997055797952,,,Clay & silt,,,Clay & silt 2,2,6.12,7.36,-7.57,-8.81
-8.27,6.82,0.542,0.008,1.587,0.12,0.504,-1.35,6.82,959.3,0.5924,5.924000000000001,3.0485938355458964,0.08946657663740715,,,Clay & silt,,,Clay & silt 2,2,6.12,7.36,-7.57,-8.81
-8.29,6.84,0.529,0.008,1.573,0.121,0.493,-1.345,6.84,960.0,0.57982,5.7982000000000005,3.055058431545044,0.09278741678451935,,,Clay & silt,,,Clay & silt 2,2,6.12,7.36,-7.57,-8.81
-8.31,6.86,0.516,0.008,1.621,0.122,0.482,-1.353,6.86,960.8,0.56724,5.6724,3.069560555465371,0.09625555320499259,,,Clay & silt,,,Clay & silt 2,2,6.12,7.36,-7.57,-8.81
-8.33,6.88,0.506,0.008,1.626,0.123,0.494,-1.318,6.88,961.6,0.55766,5.576600000000001,3.0767302667944,0.09934368611698884,,,Clay & silt,,,Clay & silt 2,2,6.12,7.36,-7.57,-8.81
-8.35,6.9,0.503,0.008,1.644,0.124,0.506,-1.35,6.9,962.4,0.55508,5.550800000000001,3.0807387950820577,0.10124666714707789,,,Clay & silt,,,Clay & silt 2,2,6.12,7.36,-7.57,-8.81
-8.37,6.92,0.508,0.008,1.593,0.126,0.504,-1.358,6.92,963.2,0.56092,5.6091999999999995,3.070354684222621,0.10340155458888971,,,Clay & silt,,,Clay & silt 2,2,6.12,7.36,-7.57,-8.81
-8.39,6.94,0.513,0.008,1.604,0.128,0.492,-1.332,6.94,964.0,0.56676,5.6676,3.0677560905463475,0.10551203331216034,,,Clay & silt,,,Clay & silt 2,2,6.12,7.36,-7.57,-8.81
-8.41,6.96,0.519,0.008,1.642,0.129,0.496,-1.354,6.96,964.7,0.57318,5.731800000000001,3.0681691015742496,0.10572594996336228,,,Clay & silt,,,Clay & silt 2,2,6.12,7.36,-7.57,-8.81
-8.43,6.98,0.521,0.008,1.613,0.13,0.513,-1.378,6.98,965.5,0.5756,5.756,3.0629373557755315,0.10667129951355109,,,Clay & silt,,,Clay & silt 2,2,6.12,7.36,-7.57,-8.81
-8.45,7.0,0.512,0.008,1.637,0.132,0.506,-1.386,7.0,966.3,0.56744,5.6744,3.071414408720221,0.11137741435217823,,,Clay & silt,,,Clay & silt 2,2,6.12,7.36,-7.57,-8.81
-8.469999999999999,7.02,0.498,0.009,1.766,0.133,0.511,-1.378,7.02,967.1,0.55386,5.5386,3.096192704644726,0.1155526667388871,,,Clay & silt,,,Clay & silt 2,2,6.12,7.36,-7.57,-8.81
-8.49,7.04,0.494,0.01,1.918,0.134,0.523,-1.429,7.04,967.9,0.55028,5.5028,3.1158092216286692,0.11775823217271207,,,Clay & silt,,,Clay & silt 2,2,6.12,7.36,-7.57,-8.81
-8.51,7.06,0.504,0.01,2.071,0.133,0.517,-1.4,7.06,968.7,0.55986,5.5986,3.125492094408777,0.11359982852856072,,,Clay & silt,,,Clay & silt 2,2,6.12,7.36,-7.57,-8.81
-8.53,7.08,0.515,0.01,1.965,0.134,0.49,-1.412,7.08,969.4,0.57128,5.7128,3.106679008509845,0.11272930962050134,,,Clay & silt,,,Clay & silt 2,2,6.12,7.36,-7.57,-8.81
-8.549999999999999,7.1,0.509,0.009,1.86,0.137,0.513,-1.402,7.1,971.7,0.56654,5.665400000000001,3.0983035522891336,0.11861474917922832,,,Clay & silt,,,Clay & silt 2,2,6.12,7.36,-7.57,-8.81
-8.57,7.12,0.507,0.009,1.855,0.141,0.515,-1.404,7.12,977.9,0.5662200000000001,5.6622,3.0979569073980953,0.12539295680124332,,,Clay & silt,,,Clay & silt 2,2,6.12,7.36,-7.57,-8.81
-8.59,7.14,0.504,0.01,1.893,0.145,0.518,-1.406,7.14,984.1,0.5649,5.649,3.103085316492844,0.13241281642768635,,,Clay & silt,,,Clay & silt 2,2,6.12,7.36,-7.57,-8.81
-8.61,7.16,0.505,0.01,1.842,0.147,0.524,-1.401,7.16,988.7,0.56674,5.6674,3.0961409032990392,0.13515897942619193,,,Clay & silt,,,Clay & silt 2,2,6.12,7.36,-7.57,-8.81
-8.629999999999999,7.18,0.515,0.01,1.893,0.147,0.509,-1.384,7.18,989.5,0.57674,5.7674,3.095197719895331,0.13246870340187955,,,Clay & silt,,,Clay & silt 2,2,6.12,7.36,-7.57,-8.81
-8.65,7.2,0.525,0.01,1.957,0.147,0.539,-1.412,7.2,990.3,0.58674,5.8674,3.0956909533911046,0.12987012987012989,,,Clay & silt,,,Clay & silt 2,2,6.12,7.36,-7.57,-8.81
-8.67,7.22,0.534,0.011,2.018,0.148,0.531,-1.397,7.22,991.1,0.59616,5.9616,3.0961999306611436,0.1291599570585078,,,Clay & silt,,,Clay & silt 2,2,6.12,7.36,-7.57,-8.81
-8.69,7.24,0.539,0.012,2.159,0.149,0.514,-1.404,7.24,991.9,0.60158,6.0158000000000005,3.1073466721196743,0.1293261079158217,,,Clay & silt,,,Clay & silt 2,2,6.12,7.36,-7.57,-8.81
-8.709999999999999,7.26,0.552,0.012,2.238,0.152,0.513,-1.401,7.26,992.7,0.61584,6.1584,3.1063987268693,0.13087815016887505,,,Clay & silt,,,Clay & silt 2,2,6.12,7.36,-7.57,-8.81
-8.73,7.28,0.568,0.013,2.238,0.153,0.526,-1.423,7.28,993.5,0.6322599999999999,6.322599999999999,3.096542976386558,0.12874450384335562,,,Clay & silt,,,Clay & silt 2,2,6.12,7.36,-7.57,-8.81
-8.75,7.3,0.583,0.014,2.407,0.155,0.521,-1.417,7.3,994.3,0.6481,6.481,3.1034807571219587,0.1283752507329116,,,Clay & silt,,,Clay & silt 2,2,6.12,7.36,-7.57,-8.81
-8.77,7.32,0.591,0.018,2.997,0.157,0.548,-1.434,7.32,995.1,0.65694,6.569399999999999,3.1487085897572866,0.129387767528237,,8.585205440299605,Organic clay,8.585205440299605,-2.015805440299606,Clay & silt 2,2,6.12,7.36,-7.57,-8.81
-8.79,7.34,0.591,0.024,3.916,0.158,0.546,-1.445,7.34,995.9,0.6573599999999999,6.573599999999999,3.2125606713912394,0.1305220883534137,,10.606626133639566,Organic clay,10.606626133639566,-4.0330261336395665,Clay & silt 2,2,6.12,7.36,-7.57,-8.81
-8.81,7.36,0.607,0.03,4.824,0.157,0.517,-1.46,7.36,996.7,0.67294,6.729399999999999,3.2562629418082327,0.1257170030017535,,11.532153157121423,Organic clay,11.532153157121423,-4.8027531571214235,Peat 2,2,7.36,8.08,-8.81,-9.53
-8.83,7.38,0.645,0.036,5.73,0.146,0.502,-1.444,7.38,997.5,0.7063200000000001,7.0632,3.2837065681078768,0.10391890361309322,14.878241661662887,12.163361629944648,Peat,14.878241661662887,-7.815041661662887,Peat 2,2,7.36,8.08,-8.81,-9.53
-8.85,7.4,0.66,0.042,6.635,0.131,0.534,-1.439,7.4,998.2,0.71502,7.1502,3.318268479881579,0.08139632457833348,18.588466628967137,12.649662405637017,Peat,18.588466628967137,-11.438266628967137,Peat 2,2,7.36,8.08,-8.81,-9.53
-8.87,7.42,0.648,0.048,7.481,0.125,0.523,-1.463,7.42,999.0,0.7005,7.005,3.357551111935072,0.07423269093504642,20.74465994066638,13.024619246297183,Peat,20.74465994066638,-13.739659940666382,Peat 2,2,7.36,8.08,-8.81,-9.53
-8.89,7.44,0.643,0.053,8.167,0.125,0.542,-1.457,7.44,999.8,0.6955,6.955,3.383860678456351,0.07447879223580157,22.100134416631654,13.289222896580576,Peat,22.100134416631654,-15.145134416631654,Peat 2,2,7.36,8.08,-8.81,-9.53
-8.91,7.46,0.648,0.056,8.531,0.126,0.538,-1.439,7.46,1000.6,0.70092,7.0092,3.3932162946996773,0.07504422758660047,22.728545838563626,13.418336566987799,Peat,22.728545838563626,-15.719345838563626,Peat 2,2,7.36,8.08,-8.81,-9.53
-8.93,7.48,0.663,0.057,8.718,0.128,0.551,-1.464,7.48,1001.4,0.7167600000000001,7.167600000000001,3.3917062667545115,0.0758970924716781,23.03210394033647,13.48202264351691,Peat,23.03210394033647,-15.86450394033647,Peat 2,2,7.36,8.08,-8.81,-9.53
-8.95,7.5,0.665,0.058,8.744,0.131,0.554,-1.457,7.5,1002.2,0.72002,7.2002,3.391011532891391,0.07944223771561904,23.073371744305856,13.490743746831287,Peat,23.073371744305856,-15.873171744305857,Peat 2,2,7.36,8.08,-8.81,-9.53
-8.969999999999999,7.52,0.668,0.057,8.622,0.133,0.561,-1.462,7.52,1003.1,0.7238600000000001,7.2386,3.3853432837964816,0.08150747382090462,22.877776296297323,13.44954168076229,Peat,22.877776296297323,-15.639176296297324,Peat 2,2,7.36,8.08,-8.81,-9.53
-8.99,7.54,0.671,0.056,8.457,0.129,0.548,-1.467,7.54,1003.8,0.72518,7.2518,3.3793950640641777,0.07556744532391957,22.604989334412302,13.392654313514928,Peat,22.604989334412302,-15.353189334412303,Peat 2,2,7.36,8.08,-8.81,-9.53
-9.01,7.56,0.662,0.054,8.12,0.126,0.548,-1.444,7.56,1004.7,0.71492,7.1491999999999996,3.3729983674557733,0.07217590779387906,22.014975520691642,13.27202275705578,Peat,22.014975520691642,-14.865775520691642,Peat 2,2,7.36,8.08,-8.81,-9.53
-9.03,7.58,0.654,0.05,7.729,0.131,0.542,-1.455,7.58,1005.5,0.70902,7.090199999999999,3.3623107896497526,0.07954641618007956,21.264937845771676,13.123795972144347,Peat,21.264937845771676,-14.174737845771677,Peat 2,2,7.36,8.08,-8.81,-9.53
-9.049999999999999,7.6,0.656,0.048,7.377,0.133,0.55,-1.474,7.6,1006.3,0.71186,7.1186,3.3482980857871545,0.08175764897592225,20.514324868592425,12.981722765026802,Peat,20.514324868592425,-13.395724868592424,Peat 2,2,7.36,8.08,-8.81,-9.53
-9.07,7.62,0.634,0.046,7.183,0.133,0.543,-1.483,7.62,1007.1,0.68986,6.8986,3.3517853324993374,0.0840750297161743,20.06267272085604,12.899489862094185,Peat,20.06267272085604,-13.164072720856039,Peat 2,2,7.36,8.08,-8.81,-9.53
-9.09,7.64,0.618,0.044,6.916,0.137,0.555,-1.463,7.64,1007.9,0.67554,6.755400000000001,3.3487975502104006,0.0914823696598277,19.38632245771735,12.781220138924104,Peat,19.38632245771735,-12.630922457717347,Peat 2,2,7.36,8.08,-8.81,-9.53
-9.11,7.66,0.617,0.042,6.741,0.141,0.552,-1.489,7.66,1008.7,0.67622,6.7622,3.3416173743001116,0.09700984886575376,18.901384482965845,12.700199768576931,Peat,18.901384482965845,-12.139184482965845,Peat 2,2,7.36,8.08,-8.81,-9.53
-9.129999999999999,7.68,0.619,0.041,6.591,0.143,0.552,-1.488,7.68,1009.5,0.67906,6.7905999999999995,3.334194215234874,0.0992548522958207,18.453803082328808,12.628344163658376,Peat,18.453803082328808,-11.663203082328808,Peat 2,2,7.36,8.08,-8.81,-9.53
-9.15,7.7,0.612,0.041,6.65,0.144,0.568,-1.496,7.7,1010.3,0.67248,6.7248,3.339906970587376,0.10141565548417797,18.63371272420791,12.656883686023537,Peat,18.63371272420791,-11.90891272420791,Peat 2,2,7.36,8.08,-8.81,-9.53
-9.17,7.72,0.607,0.041,6.642,0.146,0.567,-1.519,7.72,1011.0,0.66832,6.6832,3.341719901098648,0.10474024419439788,18.609622547504706,12.653035242931338,Peat,18.609622547504706,-11.926422547504707,Peat 2,2,7.36,8.08,-8.81,-9.53
-9.19,7.74,0.617,0.038,6.254,0.143,0.572,-1.486,7.74,1011.8,0.67706,6.770599999999999,3.3213222652376717,0.09866186157799903,17.308838403929023,12.457899936045413,Peat,17.308838403929023,-10.538238403929025,Peat 2,2,7.36,8.08,-8.81,-9.53
-9.209999999999999,7.76,0.616,0.035,5.85,0.14,0.574,-1.486,7.76,1012.6,0.6748,6.747999999999999,3.3049575982644077,0.09425014819205692,15.541101147005062,12.234431896461372,Peat,15.541101147005062,-8.793101147005062,Peat 2,2,7.36,8.08,-8.81,-9.53
-9.23,7.78,0.599,0.034,5.714,0.142,0.568,-1.475,7.78,1013.4,0.65864,6.5864,3.3072586203363703,0.0992955180371675,14.782863402680702,12.153705591791844,Peat,14.782863402680702,-8.196463402680703,Peat 2,2,7.36,8.08,-8.81,-9.53
-9.25,7.8,0.588,0.033,5.573,0.146,0.578,-1.489,7.8,1014.2,0.64932,6.493200000000001,3.305757320392702,0.10657303024702766,13.84942543312861,12.066673690332047,Peat,13.84942543312861,-7.35622543312861,Peat 2,2,7.36,8.08,-8.81,-9.53
-9.27,7.82,0.598,0.032,5.424,0.149,0.583,-1.501,7.82,1015.0,0.66058,6.6057999999999995,3.292758826728788,0.10899512549577645,12.59948296542302,11.97066535787974,Peat,12.59948296542302,-5.99368296542302,Peat 2,2,7.36,8.08,-8.81,-9.53
-9.29,7.84,0.593,0.03,5.08,0.151,0.571,-1.461,7.84,1015.8,0.65642,6.5642,3.278169522019298,0.11242801864659824,,11.730695676756032,Organic clay,11.730695676756032,-5.166495676756032,Peat 2,2,7.36,8.08,-8.81,-9.53
-9.31,7.86,0.585,0.029,4.92,0.152,0.554,-1.503,7.86,1016.6,0.64884,6.4883999999999995,3.27411713420352,0.11497441588064855,,11.608875961542928,Organic clay,11.608875961542928,-5.120475961542929,Peat 2,2,7.36,8.08,-8.81,-9.53
-9.33,7.88,0.582,0.029,4.878,0.152,0.559,-1.523,7.88,1017.4,0.64584,6.458399999999999,3.2735794002157945,0.11519881085098478,,11.57566383301431,Organic clay,11.57566383301431,-5.117263833014311,Peat 2,2,7.36,8.08,-8.81,-9.53
-9.35,7.9,0.569,0.027,4.613,0.153,0.567,-1.509,7.9,1018.2,0.6332599999999999,6.3326,3.266473324234997,0.11875059217383066,,11.352577365443391,Organic clay,11.352577365443391,-5.019977365443391,Peat 2,2,7.36,8.08,-8.81,-9.53
-9.37,7.92,0.578,0.024,4.081,0.153,0.565,-1.502,7.92,1019.1,0.6422599999999999,6.4226,3.231019917893141,0.11677513779466261,,10.811010184929293,Organic clay,10.811010184929293,-4.388410184929293,Peat 2,2,7.36,8.08,-8.81,-9.53
-9.39,7.94,0.596,0.023,4.013,0.154,0.585,-1.505,7.94,1019.9,0.6606799999999999,6.6068,3.216766486392156,0.11473027789550161,,10.729436989042624,Organic clay,10.729436989042624,-4.122636989042624,Peat 2,2,7.36,8.08,-8.81,-9.53
-9.41,7.96,0.579,0.023,4.014,0.157,0.574,-1.528,7.96,1020.7,0.64494,6.4494,3.2254599520224505,0.12187180202809564,,10.730662346885172,Organic clay,10.730662346885172,-4.281262346885172,Peat 2,2,7.36,8.08,-8.81,-9.53
-9.43,7.98,0.549,0.022,3.975,0.155,0.571,-1.531,7.98,1021.4,0.6141000000000001,6.141000000000002,3.2406525796967096,0.12440970525972966,,10.682274959389154,Organic clay,10.682274959389154,-4.541274959389153,Peat 2,2,7.36,8.08,-8.81,-9.53
-9.45,8.0,0.555,0.021,3.821,0.149,0.557,-1.528,8.0,1022.2,0.61758,6.175800000000001,3.229013298144637,0.11366948411541826,,10.47799209815618,Organic clay,10.47799209815618,-4.30219209815618,Peat 2,2,7.36,8.08,-8.81,-9.53
-9.469999999999999,8.02,0.547,0.02,3.641,0.146,0.556,-1.511,8.02,1023.0,0.6083200000000001,6.083200000000001,3.222830046585662,0.11013940031562337,,10.206472463865422,Organic clay,10.206472463865422,-4.123272463865422,Peat 2,2,7.36,8.08,-8.81,-9.53
-9.489999999999998,8.04,0.527,0.019,3.461,0.152,0.566,-1.529,8.04,1023.8,0.59084,5.9084,3.2213126244441543,0.12321440660754182,,9.886553554215924,Organic clay,9.886553554215924,-3.9781535542159236,Peat 2,2,7.36,8.08,-8.81,-9.53
-9.51,8.06,0.513,0.017,3.221,0.156,0.564,-1.544,8.06,1024.6,0.57852,5.7852,3.2120852594103466,0.13240683122450392,,9.340344254558415,Organic clay,9.340344254558415,-3.5551442545584155,Peat 2,2,7.36,8.08,-8.81,-9.53
-9.53,8.08,0.508,0.015,2.806,0.159,0.555,-1.554,8.08,1025.4,0.5747800000000001,5.747800000000001,3.1826589166457113,0.1381398100142663,,7.355854064020297,Organic clay,7.355854064020297,-1.6080540640202967,Clay & silt 3,3,8.08,9.5,-9.53,-10.95
-9.549999999999999,8.1,0.51,0.013,2.47,0.166,0.554,-1.543,8.1,1031.3,0.57972,5.7972,3.150787000678855,0.14869247222797213,,,Clay & silt,,,Clay & silt 3,3,8.08,9.5,-9.53,-10.95
-9.569999999999999,8.12,0.514,0.012,2.307,0.172,0.555,-1.528,8.12,1038.0,0.58624,5.8624,3.1315229478803728,0.15693231441048036,,,Clay & silt,,,Clay & silt 3,3,8.08,9.5,-9.53,-10.95
-9.59,8.14,0.518,0.011,2.198,0.175,0.554,-1.53,8.14,1043.6,0.5915,5.915,3.1175918069866166,0.16027049873203722,,,Clay & silt,,,Clay & silt 3,3,8.08,9.5,-9.53,-10.95
-9.61,8.16,0.516,0.011,2.052,0.176,0.541,-1.547,8.16,1044.4,0.58992,5.8991999999999996,3.1037534101812145,0.16205587198264174,,,Clay & silt,,,Clay & silt 3,3,8.08,9.5,-9.53,-10.95
-9.629999999999999,8.18,0.514,0.01,2.008,0.176,0.542,-1.547,8.18,1045.2,0.58792,5.8792,3.100401798322303,0.1622669750986529,,,Clay & silt,,,Clay & silt 3,3,8.08,9.5,-9.53,-10.95
-9.649999999999999,8.2,0.519,0.01,1.979,0.177,0.55,-1.588,8.2,1046.1,0.59334,5.933400000000001,3.0938292088339194,0.1621330097414636,,,Clay & silt,,,Clay & silt 3,3,8.08,9.5,-9.53,-10.95
-9.67,8.22,0.517,0.01,1.873,0.179,0.563,-1.564,8.22,1046.9,0.59218,5.921800000000001,3.082924725840979,0.16549022256746257,,,Clay & silt,,,Clay & silt 3,3,8.08,9.5,-9.53,-10.95
-9.69,8.24,0.527,0.01,1.905,0.179,0.541,-1.543,8.24,1047.7,0.60218,6.021800000000001,3.0801391827101265,0.1624099106579428,,,Clay & silt,,,Clay & silt 3,3,8.08,9.5,-9.53,-10.95
-9.709999999999999,8.26,0.546,0.01,1.9,0.18,0.552,-1.58,8.26,1048.6,0.6216,6.216,3.067548808492056,0.15862290862290862,,,Clay & silt,,,Clay & silt 3,3,8.08,9.5,-9.53,-10.95
-9.729999999999999,8.28,0.551,0.01,1.813,0.181,0.524,-1.581,8.28,1049.4,0.62702,6.2702,3.0543550572255014,0.15852763867181274,,,Clay & silt,,,Clay & silt 3,3,8.08,9.5,-9.53,-10.95
-9.75,8.3,0.562,0.01,1.814,0.182,0.553,-1.567,8.3,1050.2,0.6384400000000001,6.384400000000002,3.0476143381862606,0.15694505356807215,,,Clay & silt,,,Clay & silt 3,3,8.08,9.5,-9.53,-10.95
-9.77,8.32,0.568,0.011,1.914,0.183,0.548,-1.589,8.32,1050.9,0.64486,6.4486,3.0552043666589688,0.15662314300778463,,,Clay & silt,,,Clay & silt 3,3,8.08,9.5,-9.53,-10.95
-9.79,8.34,0.575,0.011,1.851,0.184,0.558,-1.572,8.34,1051.8,0.65228,6.5228,3.043749053848819,0.15606794628073836,,,Clay & silt,,,Clay & silt 3,3,8.08,9.5,-9.53,-10.95
-9.809999999999999,8.36,0.577,0.01,1.825,0.184,0.569,-1.562,8.36,1052.6,0.65428,6.5428,3.039590484690962,0.1552851989973712,,,Clay & silt,,,Clay & silt 3,3,8.08,9.5,-9.53,-10.95
-9.83,8.38,0.579,0.01,1.803,0.185,0.553,-1.582,8.38,1053.4,0.6567,6.566999999999999,3.035625986774684,0.1559311710065479,,,Clay & silt,,,Clay & silt 3,3,8.08,9.5,-9.53,-10.95
-9.85,8.4,0.583,0.01,1.726,0.186,0.561,-1.607,8.4,1054.2,0.6611199999999999,6.611199999999999,3.0239018469751757,0.1560987415295257,,,Clay & silt,,,Clay & silt 3,3,8.08,9.5,-9.53,-10.95
-9.87,8.42,0.575,0.009,1.638,0.187,0.565,-1.596,8.42,1055.0,0.65354,6.535399999999999,3.0174221096247784,0.15913333537350433,,,Clay & silt,,,Clay & silt 3,3,8.08,9.5,-9.53,-10.95
-9.889999999999999,8.44,0.569,0.009,1.627,0.189,0.573,-1.574,8.44,1055.8,0.64838,6.4838,3.019062793071071,0.16317591535827758,,,Clay & silt,,,Clay & silt 3,3,8.08,9.5,-9.53,-10.95
-9.91,8.46,0.568,0.009,1.628,0.19,0.551,-1.582,8.46,1056.6,0.6477999999999999,6.478,3.0195315164103596,0.16455696202531647,,,Clay & silt,,,Clay & silt 3,3,8.08,9.5,-9.53,-10.95
-9.93,8.48,0.561,0.009,1.654,0.191,0.583,-1.584,8.48,1057.4,0.6412200000000001,6.412200000000001,3.026700480632601,0.16749321605689152,,,Clay & silt,,,Clay & silt 3,3,8.08,9.5,-9.53,-10.95
-9.95,8.5,0.559,0.01,1.714,0.192,0.561,-1.61,8.5,1058.2,0.6396400000000001,6.396400000000001,3.0350266073280143,0.16915765117878806,,,Clay & silt,,,Clay & silt 3,3,8.08,9.5,-9.53,-10.95
-9.969999999999999,8.52,0.561,0.01,1.738,0.193,0.566,-1.614,8.52,1059.1,0.6420600000000001,6.4206,3.0364862828377635,0.16976606547674672,,,Clay & silt,,,Clay & silt 3,3,8.08,9.5,-9.53,-10.95
-9.989999999999998,8.54,0.56,0.01,1.75,0.194,0.55,-1.605,8.54,1059.9,0.64148,6.4148000000000005,3.038268267530953,0.1711666770593004,,,Clay & silt,,,Clay & silt 3,3,8.08,9.5,-9.53,-10.95
-10.01,8.56,0.555,0.01,1.801,0.196,0.579,-1.607,8.56,1060.7,0.6373200000000001,6.3732000000000015,3.046767205000392,0.17510826586330255,,,Clay & silt,,,Clay & silt 3,3,8.08,9.5,-9.53,-10.95
-10.03,8.58,0.554,0.01,1.863,0.197,0.568,-1.589,8.58,1061.5,0.6367400000000001,6.367400000000001,3.0542580540397264,0.17652416999089107,,,Clay & silt,,,Clay & silt 3,3,8.08,9.5,-9.53,-10.95
-10.049999999999999,8.6,0.555,0.01,1.834,0.198,0.566,-1.582,8.6,1062.3,0.6381600000000001,6.381600000000001,3.050094084591681,0.17738498182274037,,,Clay & silt,,,Clay & silt 3,3,8.08,9.5,-9.53,-10.95
-10.069999999999999,8.62,0.558,0.01,1.795,0.199,0.577,-1.625,8.62,1063.1,0.64158,6.415800000000001,3.043534002078742,0.17768633685588703,,,Clay & silt,,,Clay & silt 3,3,8.08,9.5,-9.53,-10.95
-10.09,8.64,0.563,0.01,1.773,0.2,0.567,-1.586,8.64,1063.9,0.647,6.47,3.0377451167924687,0.17743431221020095,,,Clay & silt,,,Clay & silt 3,3,8.08,9.5,-9.53,-10.95
-10.11,8.66,0.56,0.01,1.815,0.202,0.582,-1.613,8.66,1064.7,0.6448400000000001,6.4484,3.0439434798514906,0.1808200483840953,,,Clay & silt,,,Clay & silt 3,3,8.08,9.5,-9.53,-10.95
-10.129999999999999,8.68,0.561,0.01,1.797,0.202,0.566,-1.617,8.68,1065.5,0.6458400000000001,6.4584,3.04125424279305,0.18023039762170198,,,Clay & silt,,,Clay & silt 3,3,8.08,9.5,-9.53,-10.95
-10.149999999999999,8.7,0.56,0.01,1.773,0.203,0.586,-1.613,8.7,1066.4,0.6452600000000001,6.452600000000001,3.038768925627716,0.1816322102718284,,,Clay & silt,,,Clay & silt 3,3,8.08,9.5,-9.53,-10.95
-10.17,8.72,0.555,0.01,1.732,0.204,0.591,-1.644,8.72,1067.1,0.64068,6.4068000000000005,3.0365839712548675,0.1841793094836736,,,Clay & silt,,,Clay & silt 3,3,8.08,9.5,-9.53,-10.95
-10.19,8.74,0.546,0.01,1.708,0.206,0.595,-1.604,8.74,1068.0,0.6325200000000001,6.325200000000001,3.038566371738467,0.18940112565610573,,,Clay & silt,,,Clay & silt 3,3,8.08,9.5,-9.53,-10.95
-10.209999999999999,8.76,0.553,0.01,1.705,0.207,0.603,-1.64,8.76,1068.8,0.6399400000000001,6.399400000000001,3.0337530788480227,0.18845516767196924,,,Clay & silt,,,Clay & silt 3,3,8.08,9.5,-9.53,-10.95
-10.229999999999999,8.78,0.562,0.01,1.758,0.208,0.563,-1.651,8.78,1069.6,0.64936,6.4936,3.0345779663982393,0.18695330787236666,,,Clay & silt,,,Clay & silt 3,3,8.08,9.5,-9.53,-10.95
-10.25,8.8,0.574,0.01,1.764,0.21,0.596,-1.628,8.8,1070.4,0.6621999999999999,6.621999999999999,3.0278501335008343,0.186046511627907,,,Clay & silt,,,Clay & silt 3,3,8.08,9.5,-9.53,-10.95
-10.27,8.82,0.575,0.01,1.761,0.211,0.583,-1.626,8.82,1071.2,0.66362,6.6362,3.0266782126781555,0.18685392242548446,,,Clay & silt,,,Clay & silt 3,3,8.08,9.5,-9.53,-10.95
-10.29,8.84,0.573,0.01,1.704,0.211,0.588,-1.626,8.84,1072.0,0.66162,6.6162,3.0209334037830327,0.18711647169069862,,,Clay & silt,,,Clay & silt 3,3,8.08,9.5,-9.53,-10.95
-10.309999999999999,8.86,0.563,0.01,1.682,0.212,0.609,-1.617,8.86,1072.8,0.65204,6.5203999999999995,3.0237877102344326,0.19109257100791366,,,Clay & silt,,,Clay & silt 3,3,8.08,9.5,-9.53,-10.95
-10.33,8.88,0.562,0.011,1.804,0.214,0.585,-1.632,8.88,1073.6,0.65188,6.5188,3.038539079353328,0.1939007179235442,,,Clay & silt,,,Clay & silt 3,3,8.08,9.5,-9.53,-10.95
-10.35,8.9,0.583,0.012,1.945,0.213,0.59,-1.609,8.9,1074.4,0.67246,6.724599999999999,3.042821870024935,0.18618207774440118,,,Clay & silt,,,Clay & silt 3,3,8.08,9.5,-9.53,-10.95
-10.37,8.92,0.626,0.012,1.903,0.212,0.604,-1.634,8.92,1075.3,0.71504,7.150399999999999,3.0149700602333676,0.17341687178339676,,,Clay & silt,,,Clay & silt 3,3,8.08,9.5,-9.53,-10.95
-10.389999999999999,8.94,0.681,0.012,1.837,0.208,0.605,-1.6,8.94,1076.1,0.76836,7.6836,2.98024924465618,0.15591649747514189,,,Clay & silt,,,Clay & silt 3,3,8.08,9.5,-9.53,-10.95
-10.41,8.96,0.721,0.012,1.737,0.197,0.614,-1.626,8.96,1076.9,0.80374,8.0374,2.9512112064095413,0.13511832184537287,,,Clay & silt,,,Clay & silt 3,3,8.08,9.5,-9.53,-10.95
-10.43,8.98,0.731,0.012,1.847,0.19,0.606,-1.623,8.98,1077.7,0.8108,8.107999999999999,2.9612069603952236,0.12506166748889985,,,Clay & silt,,,Clay & silt 3,3,8.08,9.5,-9.53,-10.95
-10.45,9.0,0.707,0.013,1.916,0.193,0.621,-1.64,9.0,1078.5,0.78806,7.880599999999999,2.9798975434895794,0.1322234347638505,,,Clay & silt,,,Clay & silt 3,3,8.08,9.5,-9.53,-10.95
-10.469999999999999,9.02,0.67,0.013,1.963,0.198,0.622,-1.683,9.02,1079.3,0.75316,7.531600000000001,3.00219279592871,0.144723564714005,,,Clay & silt,,,Clay & silt 3,3,8.08,9.5,-9.53,-10.95
-10.489999999999998,9.04,0.657,0.014,2.01,0.195,0.623,-1.659,9.04,1080.1,0.7389,7.388999999999999,3.014545200121376,0.1431858167546353,,,Clay & silt,,,Clay & silt 3,3,8.08,9.5,-9.53,-10.95
-10.51,9.06,0.666,0.014,2.11,0.186,0.623,-1.633,9.06,1081.0,0.74412,7.4412,3.0226259309850425,0.1298177713272053,,,Clay & silt,,,Clay & silt 3,3,8.08,9.5,-9.53,-10.95
-10.53,9.08,0.676,0.013,1.898,0.183,0.624,-1.655,9.08,1083.1,0.7528600000000001,7.528600000000001,2.9949996070857905,0.1240602502457296,,,Clay & silt,,,Clay & silt 3,3,8.08,9.5,-9.53,-10.95
-10.549999999999999,9.1,0.715,0.012,1.751,0.18,0.622,-1.663,9.1,1090.2,0.7906,7.906000000000001,2.959157399752396,0.11409056412851001,,,Clay & silt,,,Clay & silt 3,3,8.08,9.5,-9.53,-10.95
-10.569999999999999,9.12,0.754,0.013,1.757,0.176,0.621,-1.671,9.12,1097.3,0.82792,8.2792,2.9425022774551737,0.10387477050922797,,,Silty clay / clayey silt,,,Clay & silt 3,3,8.08,9.5,-9.53,-10.95
-10.59,9.14,0.793,0.013,1.673,0.176,0.619,-1.68,9.14,1104.4,0.86692,8.6692,2.9145858647487475,0.09897106999492457,,,Silty clay / clayey silt,,,Clay & silt 3,3,8.08,9.5,-9.53,-10.95
-10.61,9.16,0.818,0.015,1.859,0.18,0.628,-1.702,9.16,1105.7,0.8936,8.936,2.926190848299599,0.10026857654431515,,,Silty clay / clayey silt,,,Clay & silt 3,3,8.08,9.5,-9.53,-10.95
-10.629999999999999,9.18,0.838,0.016,2.018,0.172,0.619,-1.654,9.18,1106.5,0.9102399999999999,9.1024,2.9376389434447683,0.0894269643171032,,,Silty clay / clayey silt,,,Clay & silt 3,3,8.08,9.5,-9.53,-10.95
-10.649999999999999,9.2,0.845,0.016,2.073,0.173,0.622,-1.68,9.2,1107.3,0.9176599999999999,9.1766,2.9407111322313386,0.08957565983043832,,,Silty clay / clayey silt,,,Clay & silt 3,3,8.08,9.5,-9.53,-10.95
-10.67,9.22,0.838,0.017,2.097,0.171,0.625,-1.709,9.22,1108.1,0.90982,9.098199999999999,2.946501366899978,0.08792948055659362,,,Silty clay / clayey silt,,,Clay & silt 3,3,8.08,9.5,-9.53,-10.95
-10.69,9.24,0.776,0.017,2.141,0.163,0.61,-1.694,9.24,1108.9,0.84446,8.444600000000001,2.978825609243368,0.08502474954408736,,,Clay & silt,,,Clay & silt 3,3,8.08,9.5,-9.53,-10.95
-10.709999999999999,9.26,0.73,0.016,2.112,0.157,0.644,-1.707,9.26,1109.7,0.79594,7.9594,2.997741677080595,0.0824182727341257,,,Clay & silt,,,Clay & silt 3,3,8.08,9.5,-9.53,-10.95
-10.729999999999999,9.28,0.673,0.017,2.213,0.164,0.645,-1.689,9.28,1110.4,0.7418800000000001,7.418800000000001,3.0343750407846994,0.09758990672345934,,,Clay & silt,,,Clay & silt 3,3,8.08,9.5,-9.53,-10.95
-10.75,9.3,0.705,0.016,2.069,0.168,0.652,-1.725,9.3,1111.2,0.77556,7.7556,3.002822831676682,0.09825158595079685,,,Clay & silt,,,Clay & silt 3,3,8.08,9.5,-9.53,-10.95
-10.77,9.32,0.771,0.016,1.97,0.17,0.62,-1.705,9.32,1112.0,0.8424,8.424000000000001,2.961080001579866,0.09259259259259259,,,Clay & silt,,,Clay & silt 3,3,8.08,9.5,-9.53,-10.95
-10.79,9.34,0.849,0.015,1.879,0.172,0.629,-1.734,9.34,1112.9,0.92124,9.212399999999999,2.9171878507492788,0.08662237853328125,,,Silty clay / clayey silt,,,Clay & silt 3,3,8.08,9.5,-9.53,-10.95
-10.809999999999999,9.36,0.905,0.015,1.827,0.162,0.649,-1.733,9.36,1113.6,0.97304,9.7304,2.8905404989543055,0.07152840582093237,,,Silty clay / clayey silt,,,Clay & silt 3,3,8.08,9.5,-9.53,-10.95
-10.83,9.38,0.898,0.015,1.794,0.152,0.647,-1.712,9.38,1114.4,0.96184,9.618400000000001,2.890814780403875,0.06175663311985362,,,Silty clay / clayey silt,,,Clay & silt 3,3,8.08,9.5,-9.53,-10.95
-10.85,9.4,0.858,0.016,1.922,0.153,0.658,-1.723,9.4,1115.3,0.92226,9.2226,2.921820299215936,0.06527443454123566,,,Silty clay / clayey silt,,,Clay & silt 3,3,8.08,9.5,-9.53,-10.95
-10.87,9.42,0.81,0.016,1.955,0.154,0.681,-1.743,9.42,1116.0,0.87468,8.7468,2.945354142011109,0.06973979055197331,,,Silty clay / clayey silt,,,Clay & silt 3,3,8.08,9.5,-9.53,-10.95
-10.889999999999999,9.44,0.74,0.015,1.741,0.153,0.656,-1.761,9.44,1116.8,0.80426,8.0426,2.951461386868649,0.07435406460597321,,,Clay & silt,,,Clay & silt 3,3,8.08,9.5,-9.53,-10.95
-10.91,9.46,0.689,0.014,1.381,0.161,0.67,-1.753,9.46,1117.6,0.75662,7.5662,2.9264382806847946,0.0893447172953398,,,Silty clay / clayey silt,,,Clay & silt 3,3,8.08,9.5,-9.53,-10.95
-10.93,9.48,0.855,0.013,1.178,0.168,0.655,-1.755,9.48,1118.4,0.9255599999999999,9.2556,2.816921404843747,0.08038376766498122,,,Silty clay / clayey silt,,,Clay & silt 3,3,8.08,9.5,-9.53,-10.95
-10.95,9.5,1.287,0.013,0.999,0.171,0.666,-1.78,9.5,1119.2,1.35882,13.588199999999999,2.635934775986346,0.05681400038268499,,,Silty clay / clayey silt,,,Sand mixtures 3,3,9.5,10.0,-10.95,-11.45
-10.969999999999999,9.52,1.822,0.014,0.915,0.149,0.685,-1.786,9.52,1120.0,1.8845800000000001,18.8458,2.4925566895564666,0.029184221418034794,,,Sand mixtures,,,Sand mixtures 3,3,9.5,10.0,-10.95,-11.45
-10.989999999999998,9.54,2.083,0.018,1.036,0.124,0.673,-1.746,9.54,1120.8,2.1350800000000003,21.350800000000003,2.471481639885549,0.013957322442250411,,,Sand mixtures,,,Sand mixtures 3,3,9.5,10.0,-10.95,-11.45
-11.01,9.56,2.23,0.022,1.158,0.111,0.708,-1.755,9.56,1121.6,2.27662,22.766199999999998,2.4721344824155596,0.007291511099788287,,,Sand mixtures,,,Sand mixtures 3,3,9.5,10.0,-10.95,-11.45
-11.03,9.58,2.37,0.024,1.16,0.12,0.696,-1.792,9.58,1122.4,2.4204,24.204,2.4498365604609074,0.010494133201123784,,,Sand mixtures,,,Sand mixtures 3,3,9.5,10.0,-10.95,-11.45
-11.049999999999999,9.6,2.317,0.025,1.139,0.127,0.689,-1.805,9.6,1123.1,2.37034,23.703400000000002,2.4534325443759,0.013584549052034735,,,Sand mixtures,,,Sand mixtures 3,3,9.5,10.0,-10.95,-11.45
-11.069999999999999,9.62,2.226,0.025,1.154,0.128,0.681,-1.807,9.62,1123.9,2.27976,22.797600000000003,2.47084278454509,0.014475207916622808,,,Sand mixtures,,,Sand mixtures 3,3,9.5,10.0,-10.95,-11.45
-11.09,9.64,2.121,0.028,1.272,0.129,0.692,-1.782,9.64,1124.7,2.17518,21.751800000000003,2.5103471520921796,0.015538943903493047,,,Sand mixtures,,,Sand mixtures 3,3,9.5,10.0,-10.95,-11.45
-11.11,9.66,2.108,0.03,1.412,0.12,0.699,-1.812,9.66,1125.5,2.1584000000000003,21.584000000000007,2.537396204542775,0.011397331356560417,,,Sand mixtures,,,Sand mixtures 3,3,9.5,10.0,-10.95,-11.45
-11.129999999999999,9.68,2.066,0.029,1.392,0.11,0.703,-1.794,9.68,1126.3,2.1121999999999996,21.122,2.541982242254621,0.006817536218161163,,,Sand mixtures,,,Sand mixtures 3,3,9.5,10.0,-10.95,-11.45
-11.149999999999999,9.7,1.966,0.025,1.201,0.107,0.707,-1.81,9.7,1127.1,2.01094,20.109400000000004,2.5264543202582033,0.005569534645489182,,,Sand mixtures,,,Sand mixtures 3,3,9.5,10.0,-10.95,-11.45
-11.17,9.72,1.992,0.021,1.036,0.11,0.672,-1.814,9.72,1127.9,2.0382,20.381999999999998,2.4889692903817098,0.006868805809047199,,,Sand mixtures,,,Sand mixtures 3,3,9.5,10.0,-10.95,-11.45
-11.19,9.74,2.091,0.021,1.009,0.103,0.695,-1.828,9.74,1128.6,2.1342600000000003,21.3426,2.4659139487096864,0.003186116030849105,,,Sand mixtures,,,Sand mixtures 3,3,9.5,10.0,-10.95,-11.45
-11.209999999999999,9.76,2.156,0.021,1.056,0.099,0.706,-1.824,9.76,1129.4,2.1975800000000003,21.975800000000003,2.4648162866692362,0.0011831196133929177,,,Sand mixtures,,,Sand mixtures 3,3,9.5,10.0,-10.95,-11.45
-11.229999999999999,9.78,2.024,0.02,0.987,0.106,0.699,-1.852,9.78,1130.3,2.06852,20.6852,2.473003875980712,0.004544311875157127,,,Sand mixtures,,,Sand mixtures 3,3,9.5,10.0,-10.95,-11.45
-11.25,9.8,1.897,0.018,0.863,0.11,0.717,-1.864,9.8,1131.1,1.9432,19.432000000000002,2.4688513219260066,0.006792918896665296,,,Sand mixtures,,,Sand mixtures 3,3,9.5,10.0,-10.95,-11.45
-11.27,9.82,1.97,0.016,0.749,0.114,0.68,-1.87,9.82,1131.9,2.01788,20.1788,2.4260190963428294,0.008424683331020675,,,Sand mixtures,,,Sand mixtures 3,3,9.5,10.0,-10.95,-11.45
-11.29,9.84,2.301,0.016,0.775,0.117,0.679,-1.833,9.84,1132.7,2.35014,23.501400000000004,2.374017223844456,0.008425029998212876,,,Sand mixtures,,,Sand mixtures 3,3,9.5,10.0,-10.95,-11.45
-11.309999999999999,9.86,2.462,0.019,0.948,0.105,0.682,-1.839,9.86,1133.5,2.5061,25.061,2.3919443634885855,0.0030326004548900773,,,Sand mixtures,,,Sand mixtures 3,3,9.5,10.0,-10.95,-11.45
-11.33,9.88,2.187,0.022,1.139,0.078,0.711,-1.84,9.88,1134.2,2.21976,22.197599999999998,2.477819390897466,-0.008829783400007207,,,Sand mixtures,,,Sand mixtures 3,3,9.5,10.0,-10.95,-11.45
-11.35,9.9,1.856,0.025,1.302,0.089,0.7,-1.831,9.9,1135.0,1.89338,18.9338,2.566981224988859,-0.0046477727661642125,,,Sand mixtures,,,Sand mixtures 3,3,9.5,10.0,-10.95,-11.45
-11.37,9.92,1.603,0.023,1.283,0.096,0.707,-1.849,9.92,1135.8,1.64332,16.4332,2.6164775399251403,-0.0012170484141859077,,,Silty clay / clayey silt,,,Sand mixtures 3,3,9.5,10.0,-10.95,-11.45
-11.389999999999999,9.94,1.406,0.023,1.383,0.1,0.72,-1.87,9.94,1136.6,1.448,14.48,2.6803706536160967,0.0012430939226519416,,,Silty clay / clayey silt,,,Sand mixtures 3,3,9.5,10.0,-10.95,-11.45
-11.41,9.96,1.28,0.024,1.539,0.104,0.713,-1.883,9.96,1137.4,1.32368,13.2368,2.73759814060384,0.004230629759458475,,,Silty clay / clayey silt,,,Sand mixtures 3,3,9.5,10.0,-10.95,-11.45
-11.43,9.98,1.301,0.024,1.585,0.107,0.74,-1.885,9.98,1138.2,1.34594,13.459399999999999,2.737999961755842,0.006240991426066546,,,Silty clay / clayey silt,,,Sand mixtures 3,3,9.5,10.0,-10.95,-11.45
-11.45,10.0,1.498,0.023,1.452,0.109,0.753,-1.885,10.0,1138.9,1.54378,15.4378,2.6673365477676896,0.00660715905116015,,,Silty clay / clayey silt,,,Sand mixtures 4,4,10.0,11.22,-11.45,-12.67
-11.469999999999999,10.02,1.69,0.02,1.254,0.108,0.734,-1.901,10.02,1139.7,1.73536,17.3536,2.5910482875176784,0.005186243776507476,,,Sand mixtures,,,Sand mixtures 4,4,10.0,11.22,-11.45,-12.67
-11.489999999999998,10.04,1.792,0.018,1.056,0.104,0.712,-1.91,10.04,1140.5,1.83568,18.3568,2.5325938725883095,0.0026148348295999364,,,Sand mixtures,,,Sand mixtures 4,4,10.0,11.22,-11.45,-12.67
-11.51,10.06,2.048,0.016,0.846,0.093,0.749,-1.919,10.06,1141.3,2.08706,20.8706,2.4374082028908517,-0.0030665146186501548,,,Sand mixtures,,,Sand mixtures 4,4,10.0,11.22,-11.45,-12.67
-11.53,10.08,2.643,0.016,0.638,0.08,0.755,-1.945,10.08,1144.4,2.6765999999999996,26.765999999999995,2.2851089012874555,-0.007322722857356347,,,Sand mixtures,,,Sand mixtures 4,4,10.0,11.22,-11.45,-12.67
-11.549999999999999,10.1,3.287,0.017,0.58,0.059,0.754,-1.949,10.1,1153.8,3.3117799999999997,33.117799999999995,2.1838935078998127,-0.01231965891454142,,,Sand mixtures,,,Sand mixtures 4,4,10.0,11.22,-11.45,-12.67
-11.569999999999999,10.12,3.932,0.02,0.58,0.039,0.754,-1.952,10.12,1163.2,3.94838,39.483799999999995,2.1159954145150865,-0.015449374173711748,,,Sand mixtures,,,Sand mixtures 4,4,10.0,11.22,-11.45,-12.67
-11.59,10.14,4.272,0.022,0.58,0.046,0.763,-1.97,10.14,1167.5,4.29132,42.913199999999996,2.0840352244399325,-0.012630146435129516,,,Sand mixtures,,,Sand mixtures 4,4,10.0,11.22,-11.45,-12.67
-11.61,10.16,4.311,0.024,0.592,0.048,0.762,-1.954,10.16,1168.3,4.33116,43.3116,2.0847163903106716,-0.012098375492939534,,,Sand mixtures,,,Sand mixtures 4,4,10.0,11.22,-11.45,-12.67
-11.629999999999999,10.18,4.328,0.027,0.654,0.05,0.75,-1.984,10.18,1169.1,4.349,43.49,2.104095680993832,-0.01163485858818119,,,Sand mixtures,,,Sand mixtures 4,4,10.0,11.22,-11.45,-12.67
-11.649999999999999,10.2,4.302,0.029,0.684,0.051,0.752,-1.972,10.2,1169.9,4.32342,43.234199999999994,2.1159707947837134,-0.011518658839529815,,,Sand mixtures,,,Sand mixtures 4,4,10.0,11.22,-11.45,-12.67
-11.67,10.22,4.27,0.031,0.709,0.054,0.767,-2.021,10.22,1170.6,4.29268,42.92679999999999,2.1264641710038186,-0.010948871101503025,,,Sand mixtures,,,Sand mixtures 4,4,10.0,11.22,-11.45,-12.67
-11.69,10.24,4.273,0.031,0.711,0.056,0.77,-1.997,10.24,1171.4,4.29652,42.9652,2.126744975954934,-0.010520141882267506,,,Sand mixtures,,,Sand mixtures 4,4,10.0,11.22,-11.45,-12.67
-11.709999999999999,10.26,4.316,0.031,0.732,0.058,0.757,-1.988,10.26,1172.3,4.3403599999999996,43.4036,2.1293487626240664,-0.009999170575712613,,,Sand mixtures,,,Sand mixtures 4,4,10.0,11.22,-11.45,-12.67
-11.729999999999999,10.28,4.342,0.032,0.75,0.06,0.771,-2.023,10.28,1173.0,4.3671999999999995,43.672,2.132443653246835,-0.009525554130793182,,,Sand mixtures,,,Sand mixtures 4,4,10.0,11.22,-11.45,-12.67
-11.75,10.3,4.322,0.032,0.762,0.062,0.768,-2.008,10.3,1173.9,4.34804,43.4804,2.1376279723959413,-0.009153549645357448,,,Sand mixtures,,,Sand mixtures 4,4,10.0,11.22,-11.45,-12.67
-11.77,10.32,4.231,0.033,0.781,0.063,0.775,-2.015,10.32,1174.7,4.25746,42.574600000000004,2.1509809212968776,-0.009160391407083097,,,Sand mixtures,,,Sand mixtures 4,4,10.0,11.22,-11.45,-12.67
-11.79,10.34,4.115,0.033,0.782,0.065,0.756,-2.044,10.34,1175.5,4.1423000000000005,41.423,2.1614678238210026,-0.008980518069671435,,,Sand mixtures,,,Sand mixtures 4,4,10.0,11.22,-11.45,-12.67
-11.809999999999999,10.36,4.056,0.032,0.779,0.066,0.765,-2.063,10.36,1176.3,4.0837200000000005,40.8372,2.1659151586760124,-0.008913441665932036,,,Sand mixtures,,,Sand mixtures 4,4,10.0,11.22,-11.45,-12.67
-11.83,10.38,4.016,0.032,0.776,0.068,0.773,-2.081,10.38,1177.1,4.04456,40.44559999999999,2.168649731627426,-0.008554700634926913,,,Sand mixtures,,,Sand mixtures 4,4,10.0,11.22,-11.45,-12.67
-11.85,10.4,3.968,0.032,0.777,0.069,0.78,-2.062,10.4,1177.9,3.9969799999999998,39.96979999999999,2.1733523073037873,-0.008456384570350615,,,Sand mixtures,,,Sand mixtures 4,4,10.0,11.22,-11.45,-12.67
-11.87,10.42,3.995,0.031,0.753,0.071,0.791,-2.04,10.42,1178.7,4.02482,40.248200000000004,2.163823000924838,-0.00795066611674559,,,Sand mixtures,,,Sand mixtures 4,4,10.0,11.22,-11.45,-12.67
-11.889999999999999,10.44,4.111,0.03,0.708,0.071,0.797,-2.07,10.44,1179.5,4.14082,41.408199999999994,2.1396869300104435,-0.007776237556812417,,,Sand mixtures,,,Sand mixtures 4,4,10.0,11.22,-11.45,-12.67
-11.91,10.46,4.375,0.029,0.672,0.072,0.81,-2.086,10.46,1180.2,4.40524,44.0524,2.1050818299527365,-0.007127874985244847,,,Sand mixtures,,,Sand mixtures 4,4,10.0,11.22,-11.45,-12.67
-11.93,10.48,4.612,0.029,0.658,0.074,0.794,-2.075,10.48,1181.0,4.64308,46.4308,2.080726076874186,-0.006375078611611257,,,Sand mixtures,,,Sand mixtures 4,4,10.0,11.22,-11.45,-12.67
-11.95,10.5,4.771,0.031,0.678,0.075,0.782,-2.126,10.5,1181.8,4.8025,48.025,2.0745922069655447,-0.005996876626756894,,,Sand mixtures,,,Sand mixtures 4,4,10.0,11.22,-11.45,-12.67
-11.969999999999999,10.52,4.867,0.033,0.706,0.075,0.78,-2.109,10.52,1182.6,4.8985,48.985,2.076178897128892,-0.00592017964683066,,,Sand mixtures,,,Sand mixtures 4,4,10.0,11.22,-11.45,-12.67
-11.989999999999998,10.54,4.879,0.035,0.741,0.076,0.8,-2.134,10.54,1183.4,4.91092,49.1092,2.0861364526563126,-0.0057423049041727394,,,Sand mixtures,,,Sand mixtures 4,4,10.0,11.22,-11.45,-12.67
-12.01,10.56,4.807,0.035,0.751,0.077,0.797,-2.083,10.56,1184.2,4.83934,48.3934,2.0946158151538063,-0.005661929106035119,,,Sand mixtures,,,Sand mixtures 4,4,10.0,11.22,-11.45,-12.67
-12.03,10.58,4.644,0.037,0.798,0.078,0.797,-2.092,10.58,1185.0,4.67676,46.7676,2.1211054171055994,-0.005687698321059877,,,Sand mixtures,,,Sand mixtures 4,4,10.0,11.22,-11.45,-12.67
-12.049999999999999,10.6,4.482,0.038,0.818,0.079,0.782,-2.111,10.6,1185.8,4.51518,45.1518,2.1397510729931417,-0.005714057911312502,,,Sand mixtures,,,Sand mixtures 4,4,10.0,11.22,-11.45,-12.67
-12.069999999999999,10.62,4.392,0.037,0.802,0.08,0.809,-2.107,10.62,1186.6,4.4256,44.256,2.1426258602781005,-0.005648951554591464,,,Sand mixtures,,,Sand mixtures 4,4,10.0,11.22,-11.45,-12.67
-12.09,10.64,4.495,0.037,0.811,0.08,0.836,-2.136,10.64,1187.4,4.5286,45.286,2.136683138791735,-0.005564633661617274,,,Sand mixtures,,,Sand mixtures 4,4,10.0,11.22,-11.45,-12.67
-12.11,10.66,4.594,0.037,0.834,0.082,0.831,-2.168,10.66,1188.2,4.62844,46.284400000000005,2.1351150086450557,-0.005055699112443931,,,Sand mixtures,,,Sand mixtures 4,4,10.0,11.22,-11.45,-12.67
-12.129999999999999,10.68,4.482,0.038,0.885,0.083,0.842,-2.179,10.68,1188.9,4.51686,45.168600000000005,2.157909789002041,-0.005003475865977691,,,Sand mixtures,,,Sand mixtures 4,4,10.0,11.22,-11.45,-12.67
-12.149999999999999,10.7,4.283,0.04,0.942,0.083,0.863,-2.217,10.7,1189.7,4.3178600000000005,43.1786,2.18906304769568,-0.0052803935282755765,,,Sand mixtures,,,Sand mixtures 4,4,10.0,11.22,-11.45,-12.67
-12.17,10.72,4.13,0.041,0.964,0.084,0.873,-2.18,10.72,1190.5,4.16528,41.6528,2.20762725258529,-0.005281757768985519,,,Sand mixtures,,,Sand mixtures 4,4,10.0,11.22,-11.45,-12.67
-12.19,10.74,3.945,0.039,0.912,0.085,0.851,-2.168,10.74,1191.3,3.9806999999999997,39.806999999999995,2.211207697522038,-0.005325696485542741,,,Sand mixtures,,,Sand mixtures 4,4,10.0,11.22,-11.45,-12.67
-12.209999999999999,10.76,3.931,0.037,0.873,0.086,0.85,-2.188,10.76,1192.1,3.96712,39.6712,2.2023983827779854,-0.005142269454919436,,,Sand mixtures,,,Sand mixtures 4,4,10.0,11.22,-11.45,-12.67
-12.229999999999999,10.78,4.248,0.037,0.846,0.089,0.829,-2.159,10.78,1193.0,4.28538,42.8538,2.1667353188799527,-0.004106987011653571,,,Sand mixtures,,,Sand mixtures 4,4,10.0,11.22,-11.45,-12.67
-12.25,10.8,4.635,0.036,0.812,0.088,0.827,-2.189,10.8,1193.8,4.6719599999999994,46.71959999999999,2.1254882397111854,-0.004024007054854922,,,Sand mixtures,,,Sand mixtures 4,4,10.0,11.22,-11.45,-12.67
-12.27,10.82,4.789,0.035,0.761,0.085,0.863,-2.215,10.82,1194.6,4.8247,48.247,2.0987464069921233,-0.004559869007399424,,,Sand mixtures,,,Sand mixtures 4,4,10.0,11.22,-11.45,-12.67
-12.29,10.84,4.902,0.034,0.725,0.084,0.847,-2.214,10.84,1195.4,4.93728,49.372800000000005,2.079212821403632,-0.004698943547864408,,,Sand mixtures,,,Sand mixtures 4,4,10.0,11.22,-11.45,-12.67
-12.309999999999999,10.86,4.955,0.033,0.7,0.085,0.846,-2.194,10.86,1196.2,4.9907,49.90700000000001,2.0673281381999953,-0.00448834832788987,,,Sand mixtures,,,Sand mixtures 4,4,10.0,11.22,-11.45,-12.67
-12.33,10.88,4.879,0.034,0.732,0.085,0.863,-2.22,10.88,1196.9,4.9147,49.147,2.0830835699828065,-0.0045984495493112485,,,Sand mixtures,,,Sand mixtures 4,4,10.0,11.22,-11.45,-12.67
-12.35,10.9,4.636,0.037,0.81,0.086,0.851,-2.247,10.9,1197.7,4.6721200000000005,46.72120000000001,2.1249066601651108,-0.004665976045135825,,,Sand mixtures,,,Sand mixtures 4,4,10.0,11.22,-11.45,-12.67
-12.37,10.92,4.296,0.038,0.863,0.087,0.858,-2.209,10.92,1198.5,4.33254,43.3254,2.1673010229521714,-0.0048470412275478094,,,Sand mixtures,,,Sand mixtures 4,4,10.0,11.22,-11.45,-12.67
-12.389999999999999,10.94,4.029,0.036,0.839,0.088,0.874,-2.226,10.94,1199.3,4.06596,40.6596,2.184240230520376,-0.004968076419836888,,,Sand mixtures,,,Sand mixtures 4,4,10.0,11.22,-11.45,-12.67
-12.41,10.96,3.908,0.035,0.815,0.09,0.874,-2.198,10.96,1200.1,3.9457999999999998,39.458,2.188809566274342,-0.004663186172639264,,,Sand mixtures,,,Sand mixtures 4,4,10.0,11.22,-11.45,-12.67
-12.43,10.98,3.954,0.033,0.789,0.091,0.874,-2.23,10.98,1200.9,3.99222,39.922200000000004,2.177204722370048,-0.004408574677748219,,,Sand mixtures,,,Sand mixtures 4,4,10.0,11.22,-11.45,-12.67
-12.45,11.0,4.193,0.031,0.743,0.091,0.862,-2.196,11.0,1201.7,4.2312199999999995,42.31219999999999,2.1421661118055013,-0.004206824509243193,,,Sand mixtures,,,Sand mixtures 4,4,10.0,11.22,-11.45,-12.67
-12.469999999999999,11.02,4.222,0.028,0.697,0.086,0.866,-2.207,11.02,1202.5,4.258120000000001,42.58120000000001,2.125780490464153,-0.005401444769053005,,,Sand mixtures,,,Sand mixtures 4,4,10.0,11.22,-11.45,-12.67
-12.489999999999998,11.04,4.072,0.029,0.732,0.078,0.878,-2.221,11.04,1203.2,4.10476,41.047599999999996,2.150242914555598,-0.00760093160136037,,,Sand mixtures,,,Sand mixtures 4,4,10.0,11.22,-11.45,-12.67
-12.51,11.06,3.74,0.03,0.76,0.08,0.887,-2.24,11.06,1204.9,3.7736,37.736,2.1900145950050596,-0.007790968836124654,,,Sand mixtures,,,Sand mixtures 4,4,10.0,11.22,-11.45,-12.67
-12.53,11.08,3.644,0.03,0.764,0.083,0.884,-2.247,11.08,1211.0,3.6788600000000002,36.7886,2.200709645147167,-0.00723050075295064,,,Sand mixtures,,,Sand mixtures 4,4,10.0,11.22,-11.45,-12.67
-12.549999999999999,11.1,3.547,0.03,0.782,0.086,0.882,-2.254,11.1,1217.1,3.58312,35.831199999999995,2.2156903751019836,-0.0066422559110495836,,,Sand mixtures,,,Sand mixtures 4,4,10.0,11.22,-11.45,-12.67
-12.569999999999999,11.12,3.465,0.028,0.747,0.088,0.88,-2.265,11.12,1222.2,3.50196,35.0196,2.2144135488320273,-0.006282196255811027,,,Sand mixtures,,,Sand mixtures 4,4,10.0,11.22,-11.45,-12.67
-12.59,11.14,3.606,0.028,0.747,0.089,0.89,-2.346,11.14,1223.0,3.64338,36.4338,2.199478375994394,-0.005818772678117569,,,Sand mixtures,,,Sand mixtures 4,4,10.0,11.22,-11.45,-12.67
-12.61,11.16,3.9,0.031,0.847,0.09,0.898,-2.317,11.16,1223.8,3.9377999999999997,39.378,2.19825161961751,-0.005180557671796432,,,Sand mixtures,,,Sand mixtures 4,4,10.0,11.22,-11.45,-12.67
-12.629999999999999,11.18,4.042,0.035,1.004,0.085,0.937,-2.319,11.18,1224.6,4.0777,40.777,2.225014298526113,-0.006278048900115259,,,Sand mixtures,,,Sand mixtures 4,4,10.0,11.22,-11.45,-12.67
-12.649999999999999,11.2,3.708,0.039,1.221,0.082,0.907,-2.283,11.2,1225.4,3.74244,37.4244,2.303373040440806,-0.0076955141565395796,,,Sand mixtures,,,Sand mixtures 4,4,10.0,11.22,-11.45,-12.67
-12.67,11.22,3.06,0.049,1.656,0.081,0.909,-2.272,11.22,1226.1,3.09402,30.9402,2.4472889841609584,-0.009696123489828767,,,Sand mixtures,,,Silty clay / clayey silt 1,1,11.22,12.6,-12.67,-14.049999999999999
-12.69,11.24,2.242,0.054,2.054,0.083,0.933,-2.292,11.24,1227.0,2.27686,22.768600000000003,2.6100214366393817,-0.012385478246356819,,,Silty clay / clayey silt,,,Silty clay / clayey silt 1,1,11.22,12.6,-12.67,-14.049999999999999
-12.709999999999999,11.26,1.735,0.051,2.274,0.085,0.936,-2.291,11.26,1227.8,1.7707000000000002,17.707000000000004,2.7245013953695465,-0.014909357881063979,,,Silty clay / clayey silt,,,Silty clay / clayey silt 1,1,11.22,12.6,-12.67,-14.049999999999999
-12.729999999999999,11.28,1.461,0.043,2.337,0.089,0.938,-2.28,11.28,1228.5,1.49838,14.9838,2.7907001021677136,-0.015082956259426834,,,Silty clay / clayey silt,,,Silty clay / clayey silt 1,1,11.22,12.6,-12.67,-14.049999999999999
-12.75,11.3,1.226,0.036,2.338,0.098,0.949,-2.317,11.3,1229.4,1.26716,12.671600000000002,2.850949628839215,-0.010890495280785376,,,Silty clay / clayey silt,,,Silty clay / clayey silt 1,1,11.22,12.6,-12.67,-14.049999999999999
-12.77,11.32,1.032,0.03,2.257,0.102,0.936,-2.301,11.32,1230.1,1.07484,10.748399999999998,2.9022483578059965,-0.009303710319675487,,,Silty clay / clayey silt,,,Silty clay / clayey silt 1,1,11.22,12.6,-12.67,-14.049999999999999
-12.79,11.34,1.031,0.029,2.399,0.133,0.94,-2.303,11.34,1230.9,1.08686,10.868599999999999,2.9126633366266015,0.019137699427709192,,,Silty clay / clayey silt,,,Silty clay / clayey silt 1,1,11.22,12.6,-12.67,-14.049999999999999
-12.809999999999999,11.36,1.08,0.026,2.205,0.171,0.946,-2.303,11.36,1231.7,1.15182,11.518200000000002,2.8715282521205068,0.05087600493132609,,,Silty clay / clayey silt,,,Silty clay / clayey silt 1,1,11.22,12.6,-12.67,-14.049999999999999
-12.83,11.38,1.16,0.019,1.559,0.181,0.941,-2.322,11.38,1232.5,1.23602,12.360199999999999,2.766025465685492,0.05533891037361856,,,Silty clay / clayey silt,,,Silty clay / clayey silt 1,1,11.22,12.6,-12.67,-14.049999999999999
-12.85,11.4,1.241,0.02,1.611,0.172,0.962,-2.309,11.4,1233.3,1.3132400000000002,13.132400000000002,2.7507975465315533,0.04507934574030641,,,Silty clay / clayey silt,,,Silty clay / clayey silt 1,1,11.22,12.6,-12.67,-14.049999999999999
-12.87,11.42,1.387,0.025,1.893,0.157,0.926,-2.324,11.42,1234.1,1.4529400000000001,14.5294,2.750850910230393,0.03028342533070878,,,Silty clay / clayey silt,,,Silty clay / clayey silt 1,1,11.22,12.6,-12.67,-14.049999999999999
-12.889999999999999,11.44,1.526,0.028,2.054,0.154,0.938,-2.368,11.44,1234.9,1.59068,15.9068,2.7376231672990516,0.025649407800437556,,,Silty clay / clayey silt,,,Silty clay / clayey silt 1,1,11.22,12.6,-12.67,-14.049999999999999
-12.91,11.46,1.502,0.028,2.031,0.134,0.955,-2.348,11.46,1235.7,1.55828,15.582800000000002,2.742305807867011,0.013219703775958103,,,Silty clay / clayey silt,,,Silty clay / clayey silt 1,1,11.22,12.6,-12.67,-14.049999999999999
-12.93,11.48,1.414,0.027,1.89,0.126,0.963,-2.314,11.48,1236.5,1.46692,14.6692,2.7469876716253268,0.008453085376162304,,,Silty clay / clayey silt,,,Silty clay / clayey silt 1,1,11.22,12.6,-12.67,-14.049999999999999
-12.95,11.5,1.36,0.025,1.789,0.126,0.941,-2.312,11.5,1237.3,1.4129200000000002,14.1292,2.747805613919638,0.008634600685106034,,,Silty clay / clayey silt,,,Silty clay / clayey silt 1,1,11.22,12.6,-12.67,-14.049999999999999
-12.969999999999999,11.52,1.371,0.027,1.863,0.128,0.953,-2.349,11.52,1238.1,1.42476,14.2476,2.7542307094820755,0.009826216345209028,,,Silty clay / clayey silt,,,Silty clay / clayey silt 1,1,11.22,12.6,-12.67,-14.049999999999999
-12.989999999999998,11.54,1.366,0.026,1.751,0.124,0.935,-2.342,11.54,1238.8,1.41808,14.1808,2.7414809577148986,0.006910752566850962,,,Silty clay / clayey silt,,,Silty clay / clayey silt 1,1,11.22,12.6,-12.67,-14.049999999999999
-13.01,11.56,1.358,0.022,1.462,0.122,0.968,-2.306,11.56,1239.6,1.40924,14.0924,2.702811505222699,0.005392977775254753,,,Silty clay / clayey silt,,,Silty clay / clayey silt 1,1,11.22,12.6,-12.67,-14.049999999999999
-13.03,11.58,1.528,0.027,1.727,0.123,0.952,-2.343,11.58,1240.4,1.57966,15.796600000000002,2.6987263996964517,0.0053175999898712415,,,Silty clay / clayey silt,,,Silty clay / clayey silt 1,1,11.22,12.6,-12.67,-14.049999999999999
-13.049999999999999,11.6,1.852,0.033,2.034,0.114,0.958,-2.347,11.6,1241.3,1.89988,18.998800000000003,2.6716170413955798,-0.00042107922605637353,,,Silty clay / clayey silt,,,Silty clay / clayey silt 1,1,11.22,12.6,-12.67,-14.049999999999999
-13.069999999999999,11.62,1.955,0.033,2.056,0.094,0.981,-2.327,11.62,1242.0,1.99448,19.9448,2.657028236553072,-0.01052906020616902,,,Silty clay / clayey silt,,,Silty clay / clayey silt 1,1,11.22,12.6,-12.67,-14.049999999999999
-13.09,11.64,1.714,0.032,1.986,0.095,0.973,-2.343,11.64,1242.9,1.7539,17.539,2.694311691519523,-0.011517190261702484,,,Silty clay / clayey silt,,,Silty clay / clayey silt 1,1,11.22,12.6,-12.67,-14.049999999999999
-13.11,11.66,1.569,0.036,2.252,0.1,0.975,-2.363,11.66,1243.7,1.611,16.11,2.7556683259059294,-0.009559279950341398,,,Silty clay / clayey silt,,,Silty clay / clayey silt 1,1,11.22,12.6,-12.67,-14.049999999999999
-13.129999999999999,11.68,1.493,0.036,2.343,0.102,0.967,-2.341,11.68,1244.5,1.53584,15.358400000000001,2.782526125402398,-0.008855089071778306,,,Silty clay / clayey silt,,,Silty clay / clayey silt 1,1,11.22,12.6,-12.67,-14.049999999999999
-13.149999999999999,11.7,1.375,0.036,2.495,0.106,0.99,-2.381,11.7,1245.2,1.41952,14.1952,2.8261962275004406,-0.006903742110009005,,,Silty clay / clayey silt,,,Silty clay / clayey silt 1,1,11.22,12.6,-12.67,-14.049999999999999
-13.17,11.72,1.272,0.037,2.761,0.11,0.968,-2.356,11.72,1246.0,1.3182,13.182,2.8777994133165996,-0.004551661356395084,,6.770748776934996,Silty clay / clayey silt,,,Silty clay / clayey silt 1,1,11.22,12.6,-12.67,-14.049999999999999
-13.19,11.74,1.198,0.032,2.607,0.111,0.986,-2.346,11.74,1246.8,1.24462,12.446200000000001,2.8839916421210994,-0.004177982034677241,,,Silty clay / clayey silt,,,Silty clay / clayey silt 1,1,11.22,12.6,-12.67,-14.049999999999999
-13.209999999999999,11.76,1.13,0.027,2.411,0.116,0.976,-2.368,11.76,1247.6,1.17872,11.7872,2.88448726099283,-0.00033935116058096194,,,Silty clay / clayey silt,,,Silty clay / clayey silt 1,1,11.22,12.6,-12.67,-14.049999999999999
-13.229999999999999,11.78,0.993,0.024,2.288,0.12,0.976,-2.406,11.78,1248.4,1.0434,10.434000000000001,2.9162946765928126,0.0032585777266628518,,,Silty clay / clayey silt,,,Silty clay / clayey silt 1,1,11.22,12.6,-12.67,-14.049999999999999
-13.25,11.8,0.89,0.021,2.115,0.125,0.99,-2.366,11.8,1249.2,0.9425,9.425,2.935403836027075,0.008700265251989393,,,Silty clay / clayey silt,,,Silty clay / clayey silt 1,1,11.22,12.6,-12.67,-14.049999999999999
-13.27,11.82,0.822,0.018,1.931,0.132,0.968,-2.37,11.82,1250.0,0.87744,8.7744,2.941429995475458,0.01709518599562363,,,Silty clay / clayey silt,,,Silty clay / clayey silt 1,1,11.22,12.6,-12.67,-14.049999999999999
-13.29,11.84,0.817,0.016,1.787,0.138,0.976,-2.393,11.84,1250.7,0.87496,8.7496,2.9254049913724534,0.023772515314985844,,,Silty clay / clayey silt,,,Silty clay / clayey silt 1,1,11.22,12.6,-12.67,-14.049999999999999
-13.309999999999999,11.86,0.812,0.014,1.634,0.144,0.984,-2.395,11.86,1251.5,0.87248,8.7248,2.9071101261117436,0.030487804878048808,,,Silty clay / clayey silt,,,Silty clay / clayey silt 1,1,11.22,12.6,-12.67,-14.049999999999999
-13.33,11.88,0.803,0.014,1.727,0.149,0.976,-2.402,11.88,1252.3,0.86558,8.655800000000001,2.9220256175925208,0.036276254072413874,,,Silty clay / clayey silt,,,Silty clay / clayey silt 1,1,11.22,12.6,-12.67,-14.049999999999999
-13.35,11.9,0.796,0.015,1.788,0.154,0.981,-2.402,11.9,1253.1,0.86068,8.6068,2.9317049044803984,0.042059766696100766,,,Silty clay / clayey silt,,,Silty clay / clayey silt 1,1,11.22,12.6,-12.67,-14.049999999999999
-13.37,11.92,0.78,0.014,1.409,0.158,0.983,-2.375,11.92,1253.9,0.84636,8.4636,2.8875496921426267,0.04726121272271848,,,Silty clay / clayey silt,,,Silty clay / clayey silt 1,1,11.22,12.6,-12.67,-14.049999999999999
-13.389999999999999,11.94,0.783,0.012,0.858,0.163,0.991,-2.393,11.94,1254.7,0.85146,8.5146,2.7894979042830665,0.05261550748126748,,,Silty clay / clayey silt,,,Silty clay / clayey silt 1,1,11.22,12.6,-12.67,-14.049999999999999
-13.41,11.96,0.887,0.013,0.656,0.171,0.999,-2.439,11.96,1255.5,0.95882,9.5882,2.6956672475100287,0.0548590976408502,,,Silty clay / clayey silt,,,Silty clay / clayey silt 1,1,11.22,12.6,-12.67,-14.049999999999999
-13.43,11.98,2.225,0.015,0.671,0.177,1.007,-2.458,11.98,1256.3,2.29934,22.9934,2.3539254711383375,0.025398592639627023,,,Sand mixtures,,,Silty clay / clayey silt 1,1,11.22,12.6,-12.67,-14.049999999999999
-13.45,12.0,3.882,0.018,0.686,0.175,1.035,-2.461,12.0,1257.1,3.9555000000000002,39.55500000000001,2.1501616858627943,0.014208064720010115,,,Sand mixtures,,,Silty clay / clayey silt 1,1,11.22,12.6,-12.67,-14.049999999999999
-13.469999999999999,12.02,4.706,0.021,0.701,0.114,1.038,-2.447,12.02,1257.9,4.7538800000000005,47.5388,2.0857686827029185,-0.0010517724469275593,,,Sand mixtures,,,Silty clay / clayey silt 1,1,11.22,12.6,-12.67,-14.049999999999999
-13.489999999999998,12.04,4.656,0.024,0.705,0.098,1.031,-2.44,12.04,1258.7,4.697159999999999,46.97159999999999,2.091512391610599,-0.004513365522996873,,,Sand mixtures,,,Silty clay / clayey silt 1,1,11.22,12.6,-12.67,-14.049999999999999
-13.51,12.06,4.177,0.026,0.71,0.1,1.041,-2.426,12.06,1264.7,4.218999999999999,42.18999999999999,2.133271277859913,-0.0045982460298648956,,,Sand mixtures,,,Silty clay / clayey silt 1,1,11.22,12.6,-12.67,-14.049999999999999
-13.53,12.08,3.67,0.027,0.734,0.102,1.03,-2.434,12.08,1273.1,3.71284,37.1284,2.1885731266218307,-0.004740306611650379,,,Sand mixtures,,,Silty clay / clayey silt 1,1,11.22,12.6,-12.67,-14.049999999999999
-13.549999999999999,12.1,3.162,0.031,0.944,0.104,1.02,-2.442,12.1,1281.5,3.20568,32.0568,2.299036244791746,-0.004928751466147583,,,Sand mixtures,,,Silty clay / clayey silt 1,1,11.22,12.6,-12.67,-14.049999999999999
-13.569999999999999,12.12,2.657,0.039,1.6,0.105,1.013,-2.448,12.12,1289.5,2.7011,27.011,2.486651200700894,-0.005553293102809961,,,Sand mixtures,,,Silty clay / clayey silt 1,1,11.22,12.6,-12.67,-14.049999999999999
-13.59,12.14,2.196,0.041,1.822,0.106,1.035,-2.437,12.14,1290.3,2.24052,22.4052,2.585525978870656,-0.0063378144359345105,,,Sand mixtures,,,Silty clay / clayey silt 1,1,11.22,12.6,-12.67,-14.049999999999999
-13.61,12.16,1.834,0.041,1.956,0.108,1.056,-2.44,12.16,1291.1,1.8793600000000001,18.7936,2.665822194695593,-0.00659799080538055,,,Silty clay / clayey silt,,,Silty clay / clayey silt 1,1,11.22,12.6,-12.67,-14.049999999999999
-13.629999999999999,12.18,1.602,0.042,2.094,0.112,1.065,-2.444,12.18,1291.9,1.64904,16.4904,2.7293912197201835,-0.005215155484403044,,,Silty clay / clayey silt,,,Silty clay / clayey silt 1,1,11.22,12.6,-12.67,-14.049999999999999
-13.649999999999999,12.2,1.445,0.038,2.184,0.113,1.056,-2.455,12.2,1292.7,1.4924600000000001,14.9246,2.7754876304174942,-0.005226270720823327,,,Silty clay / clayey silt,,,Silty clay / clayey silt 1,1,11.22,12.6,-12.67,-14.049999999999999
-13.67,12.22,1.386,0.033,1.833,0.124,1.053,-2.447,12.22,1293.5,1.4380799999999998,14.380799999999997,2.747019864867037,0.00208611481975968,,,Silty clay / clayey silt,,,Silty clay / clayey silt 1,1,11.22,12.6,-12.67,-14.049999999999999
-13.69,12.24,1.41,0.031,1.46,0.14,1.066,-2.441,12.24,1294.3,1.4687999999999999,14.687999999999999,2.6870827677960354,0.012799564270152514,,,Silty clay / clayey silt,,,Silty clay / clayey silt 1,1,11.22,12.6,-12.67,-14.049999999999999
-13.709999999999999,12.26,1.842,0.029,1.096,0.137,1.087,-2.461,12.26,1295.0,1.89954,18.9954,2.5276756670200946,0.00821251460880003,,,Sand mixtures,,,Silty clay / clayey silt 1,1,11.22,12.6,-12.67,-14.049999999999999
-13.729999999999999,12.28,3.064,0.028,0.843,0.13,1.096,-2.486,12.28,1295.8,3.1186000000000003,31.186000000000003,2.284218947158621,0.002693516321426287,,,Sand mixtures,,,Silty clay / clayey silt 1,1,11.22,12.6,-12.67,-14.049999999999999
-13.75,12.3,4.72,0.029,0.731,0.104,1.104,-2.474,12.3,1296.6,4.76368,47.6368,2.0943606844025355,-0.0037366069929130412,,,Sand mixtures,,,Silty clay / clayey silt 1,1,11.22,12.6,-12.67,-14.049999999999999
-13.77,12.32,5.787,0.033,0.699,0.087,1.087,-2.474,12.32,1297.4,5.8235399999999995,58.23539999999999,2.0098504442806036,-0.006010090082664497,,,Sand,,,Silty clay / clayey silt 1,1,11.22,12.6,-12.67,-14.049999999999999
-13.79,12.34,6.349,0.04,0.719,0.083,1.105,-2.475,12.34,1298.2,6.38386,63.83860000000001,1.982748733633619,-0.006140485536963528,,,Sand,,,Silty clay / clayey silt 1,1,11.22,12.6,-12.67,-14.049999999999999
-13.809999999999999,12.36,6.816,0.042,0.681,0.085,1.095,-2.474,12.36,1299.0,6.8517,68.517,1.9441537766815284,-0.005458499350526144,,,Sand,,,Silty clay / clayey silt 1,1,11.22,12.6,-12.67,-14.049999999999999
-13.83,12.38,7.137,0.043,0.635,0.088,1.118,-2.51,12.38,1299.8,7.173959999999999,71.7396,1.910978874277523,-0.004822998734311314,,,Sand,,,Silty clay / clayey silt 1,1,11.22,12.6,-12.67,-14.049999999999999
-13.85,12.4,7.314,0.044,0.605,0.091,1.134,-2.534,12.4,1300.6,7.35222,73.5222,1.8907637285576613,-0.0043252242179913,,,Sand,,,Silty clay / clayey silt 1,1,11.22,12.6,-12.67,-14.049999999999999
-13.87,12.42,7.444,0.046,0.607,0.094,1.143,-2.587,12.42,1301.4,7.48348,74.8348,1.8850126954547048,-0.0038752024459208795,,,Sand,,,Silty clay / clayey silt 1,1,11.22,12.6,-12.67,-14.049999999999999
-13.889999999999999,12.44,7.924,0.049,0.633,0.097,1.158,-2.585,12.44,1302.2,7.964740000000001,79.6474,1.8720277981617344,-0.0032894984644822036,,,Sand,,,Silty clay / clayey silt 1,1,11.22,12.6,-12.67,-14.049999999999999
-13.91,12.46,8.348,0.051,0.652,0.099,1.153,-2.587,12.46,1303.0,8.38958,83.8958,1.860265410503667,-0.0029083696680882723,,,Sand,,,Silty clay / clayey silt 1,1,11.22,12.6,-12.67,-14.049999999999999
-13.93,12.48,8.372,0.053,0.673,0.1,1.18,-2.578,12.48,1303.8,8.414,84.14,1.8669099673290233,-0.002804849061088661,,,Sand,,,Silty clay / clayey silt 1,1,11.22,12.6,-12.67,-14.049999999999999
-13.95,12.5,8.175,0.055,0.692,0.102,1.182,-2.579,12.5,1304.6,8.21784,82.1784,1.8821805442559003,-0.0026527652035084623,,,Sand,,,Silty clay / clayey silt 1,1,11.22,12.6,-12.67,-14.049999999999999
-13.969999999999999,12.52,7.911,0.056,0.715,0.103,1.159,-2.6,12.52,1305.4,7.95426,79.5426,1.9018807832703135,-0.0026400947416855857,,,Sand,,,Silty clay / clayey silt 1,1,11.22,12.6,-12.67,-14.049999999999999
-13.989999999999998,12.54,7.544,0.055,0.74,0.104,1.16,-2.602,12.54,1306.3,7.58768,75.87679999999999,1.927220565850155,-0.0026622103198869736,,,Sand,,,Silty clay / clayey silt 1,1,11.22,12.6,-12.67,-14.049999999999999
-14.01,12.56,7.189,0.055,0.767,0.105,1.158,-2.616,12.56,1307.0,7.2331,72.331,1.9531637056492532,-0.0026821141695815057,,,Sand,,,Silty clay / clayey silt 1,1,11.22,12.6,-12.67,-14.049999999999999
-14.03,12.58,6.667,0.054,0.797,0.106,1.145,-2.6,12.58,1307.8,6.71152,67.1152,1.9893984916138057,-0.002771354328080672,,,Sand,,,Silty clay / clayey silt 1,1,11.22,12.6,-12.67,-14.049999999999999
-14.049999999999999,12.6,6.133,0.053,0.833,0.107,1.163,-2.606,12.6,1308.6,6.17794,61.7794,2.0299352072537213,-0.002881219306111743,,,Sand,,,Sand mixtures 5,5,12.6,13.32,-14.049999999999999,-14.77
-14.069999999999999,12.62,5.691,0.053,0.881,0.108,1.161,-2.608,12.62,1309.4,5.7363599999999995,57.3636,2.0702498020191147,-0.0029635517993989195,,,Sand mixtures,,,Sand mixtures 5,5,12.6,13.32,-14.049999999999999,-14.77
-14.09,12.64,5.331,0.053,0.947,0.109,1.174,-2.596,12.64,1310.2,5.37678,53.767799999999994,2.1111693574968364,-0.0030129557095510675,,,Sand mixtures,,,Sand mixtures 5,5,12.6,13.32,-14.049999999999999,-14.77
-14.11,12.66,5.039,0.054,1.017,0.109,1.173,-2.62,12.66,1311.0,5.084779999999999,50.8478,2.1487327868451245,-0.0032253116162351157,,,Sand mixtures,,,Sand mixtures 5,5,12.6,13.32,-14.049999999999999,-14.77
-14.129999999999999,12.68,4.809,0.054,1.074,0.111,1.185,-2.614,12.68,1311.8,4.85562,48.5562,2.178714004244441,-0.0030068250810401133,,,Sand mixtures,,,Sand mixtures 5,5,12.6,13.32,-14.049999999999999,-14.77
-14.149999999999999,12.7,4.635,0.052,1.083,0.113,1.166,-2.608,12.7,1312.6,4.68246,46.824600000000004,2.1937151398897887,-0.0027336058396654713,,,Sand mixtures,,,Sand mixtures 5,5,12.6,13.32,-14.049999999999999,-14.77
-14.17,12.72,4.478,0.05,1.061,0.113,1.187,-2.654,12.72,1313.3,4.52546,45.2546,2.200824060421214,-0.002872636151905,,,Sand mixtures,,,Sand mixtures 5,5,12.6,13.32,-14.049999999999999,-14.77
-14.19,12.74,4.423,0.047,1.007,0.107,1.196,-2.689,12.74,1314.1,4.4679400000000005,44.67940000000001,2.1926719790359583,-0.004297282416505142,,,Sand mixtures,,,Sand mixtures 5,5,12.6,13.32,-14.049999999999999,-14.77
-14.209999999999999,12.76,4.593,0.044,0.96,0.094,1.193,-2.635,12.76,1314.9,4.63248,46.3248,2.168073996279417,-0.006994093876282248,,,Sand mixtures,,,Sand mixtures 5,5,12.6,13.32,-14.049999999999999,-14.77
-14.229999999999999,12.78,4.705,0.043,0.962,0.093,1.176,-2.664,12.78,1315.7,4.74406,47.4406,2.159983207225725,-0.007082541114572745,,,Sand mixtures,,,Sand mixtures 5,5,12.6,13.32,-14.049999999999999,-14.77
-14.25,12.8,4.537,0.04,0.934,0.093,1.196,-2.664,12.8,1316.5,4.57606,45.760600000000004,2.1659284237297456,-0.00738626678845994,,,Sand mixtures,,,Sand mixtures 5,5,12.6,13.32,-14.049999999999999,-14.77
-14.27,12.82,4.233,0.039,0.952,0.09,1.191,-2.672,12.82,1317.2,4.2707999999999995,42.70799999999999,2.195553873636981,-0.008663482251568794,,,Sand mixtures,,,Sand mixtures 5,5,12.6,13.32,-14.049999999999999,-14.77
-14.29,12.84,3.765,0.038,0.984,0.094,1.204,-2.712,12.83,1318.0,3.8044800000000003,38.0448,2.2455157406954243,-0.008726553957439646,,,Sand mixtures,,,Sand mixtures 5,5,12.6,13.32,-14.049999999999999,-14.77
-14.309999999999999,12.86,3.386,0.036,0.985,0.101,1.199,-2.73,12.85,1318.8,3.42842,34.2842,2.2839195776513046,-0.007700340098354337,,,Sand mixtures,,,Sand mixtures 5,5,12.6,13.32,-14.049999999999999,-14.77
-14.33,12.88,3.186,0.035,1.015,0.107,1.212,-2.701,12.87,1319.6,3.23094,32.309400000000004,2.312671646044792,-0.006375853466792944,,,Sand mixtures,,,Sand mixtures 5,5,12.6,13.32,-14.049999999999999,-14.77
-14.35,12.9,3.08,0.034,1.035,0.111,1.196,-2.716,12.89,1320.4,3.12662,31.266199999999998,2.3292500986050855,-0.005373214525589934,,,Sand mixtures,,,Sand mixtures 5,5,12.6,13.32,-14.049999999999999,-14.77
-14.37,12.92,3.068,0.03,0.997,0.112,1.201,-2.675,12.91,1321.2,3.11504,31.1504,2.3220495084348176,-0.005136370640505415,,,Sand mixtures,,,Sand mixtures 5,5,12.6,13.32,-14.049999999999999,-14.77
-14.389999999999999,12.94,3.001,0.031,1.083,0.112,1.18,-2.702,12.93,1322.0,3.04804,30.4804,2.349086310676262,-0.0053148908806971,,,Sand mixtures,,,Sand mixtures 5,5,12.6,13.32,-14.049999999999999,-14.77
-14.41,12.96,2.724,0.032,1.159,0.114,1.198,-2.702,12.95,1322.8,2.7718800000000003,27.718800000000005,2.3996903556150113,-0.005195030087882593,,,Sand mixtures,,,Sand mixtures 5,5,12.6,13.32,-14.049999999999999,-14.77
-14.43,12.98,2.437,0.03,1.148,0.115,1.202,-2.693,12.97,1323.6,2.4852999999999996,24.852999999999998,2.437684203923494,-0.005472176397215626,,,Sand mixtures,,,Sand mixtures 5,5,12.6,13.32,-14.049999999999999,-14.77
-14.45,13.0,2.226,0.028,1.137,0.119,1.209,-2.716,12.99,1324.3,2.27598,22.7598,2.4681211392946016,-0.004305837485390901,,,Sand mixtures,,,Sand mixtures 5,5,12.6,13.32,-14.049999999999999,-14.77
-14.469999999999999,13.02,2.032,0.027,1.129,0.125,1.192,-2.74,13.01,1325.1,2.0845000000000002,20.845000000000006,2.4993084440159117,-0.0019189254017750056,,,Sand mixtures,,,Sand mixtures 5,5,12.6,13.32,-14.049999999999999,-14.77
-14.489999999999998,13.04,1.859,0.026,1.189,0.128,1.194,-2.76,13.03,1325.9,1.91276,19.1276,2.5428971442581587,-0.000627365691461547,,,Sand mixtures,,,Sand mixtures 5,5,12.6,13.32,-14.049999999999999,-14.77
-14.51,13.06,1.888,0.029,1.386,0.114,1.203,-2.761,13.05,1333.6,1.9358799999999998,19.3588,2.5730174642578234,-0.007955038535446416,,,Sand mixtures,,,Sand mixtures 5,5,12.6,13.32,-14.049999999999999,-14.77
-14.53,13.08,1.943,0.028,1.439,0.101,1.214,-2.755,13.07,1342.4,1.98542,19.854200000000002,2.5724068070534503,-0.014405012541426999,,,Sand mixtures,,,Sand mixtures 5,5,12.6,13.32,-14.049999999999999,-14.77
-14.549999999999999,13.1,1.999,0.026,1.324,0.088,1.225,-2.749,13.09,1351.2,2.03596,20.359600000000004,2.5439303758228347,-0.02053085522308885,,,Sand mixtures,,,Sand mixtures 5,5,12.6,13.32,-14.049999999999999,-14.77
-14.569999999999999,13.12,1.918,0.026,1.258,0.098,1.2,-2.701,13.11,1354.6,1.95916,19.5916,2.5465538463023467,-0.01633353069682924,,,Sand mixtures,,,Sand mixtures 5,5,12.6,13.32,-14.049999999999999,-14.77
-14.59,13.14,1.913,0.025,1.186,0.102,1.227,-2.765,13.13,1355.4,1.95584,19.5584,2.5340172982796005,-0.014418357329842927,,,Sand mixtures,,,Sand mixtures 5,5,12.6,13.32,-14.049999999999999,-14.77
-14.61,13.16,2.125,0.025,1.141,0.109,1.241,-2.744,13.15,1356.2,2.17078,21.707800000000002,2.4865210058510767,-0.009858207648863531,,,Sand mixtures,,,Sand mixtures 5,5,12.6,13.32,-14.049999999999999,-14.77
-14.629999999999999,13.18,2.413,0.025,1.082,0.103,1.227,-2.739,13.17,1357.0,2.45626,24.562599999999996,2.4286508311905766,-0.01123659547442046,,,Sand mixtures,,,Sand mixtures 5,5,12.6,13.32,-14.049999999999999,-14.77
-14.649999999999999,13.2,2.486,0.025,1.054,0.102,1.23,-2.728,13.19,1357.8,2.52884,25.288400000000003,2.4119425614240213,-0.011388620869647736,,,Sand mixtures,,,Sand mixtures 5,5,12.6,13.32,-14.049999999999999,-14.77
-14.67,13.22,2.667,0.024,0.987,0.101,1.233,-2.712,13.21,1358.6,2.7094199999999997,27.094199999999997,2.3715899697890426,-0.011072480457071994,,,Sand mixtures,,,Sand mixtures 5,5,12.6,13.32,-14.049999999999999,-14.77
-14.69,13.24,2.788,0.026,1.044,0.103,1.22,-2.668,13.23,1359.4,2.83126,28.312599999999996,2.3678649964774294,-0.009960229721042924,,,Sand mixtures,,,Sand mixtures 5,5,12.6,13.32,-14.049999999999999,-14.77
-14.709999999999999,13.26,2.623,0.029,1.191,0.103,1.245,-2.713,13.25,1360.3,2.6662600000000003,26.6626,2.4202731031930296,-0.01065162437271683,,,Sand mixtures,,,Sand mixtures 5,5,12.6,13.32,-14.049999999999999,-14.77
-14.729999999999999,13.28,2.449,0.032,1.374,0.102,1.249,-2.7,13.27,1361.1,2.49184,24.9184,2.478597716875754,-0.011878772312829073,,,Sand mixtures,,,Sand mixtures 5,5,12.6,13.32,-14.049999999999999,-14.77
-14.75,13.3,2.189,0.033,1.449,0.107,1.235,-2.707,13.29,1361.9,2.23394,22.3394,2.530945982909648,-0.011101461990921874,,,Sand mixtures,,,Sand mixtures 5,5,12.6,13.32,-14.049999999999999,-14.77
-14.77,13.32,1.936,0.033,1.556,0.113,1.223,-2.734,13.31,1362.7,1.98346,19.834600000000002,2.591111724767391,-0.00957922015064584,,,Sand mixtures,,,Silty clay / clayey silt 2,2,13.32,14.28,-14.77,-15.729999999999999
-14.79,13.34,1.778,0.035,1.765,0.121,1.266,-2.729,13.33,1363.5,1.8288200000000001,18.288200000000003,2.650631830754673,-0.006124167495981009,,,Silty clay / clayey silt,,,Silty clay / clayey silt 2,2,13.32,14.28,-14.77,-15.729999999999999
-14.809999999999999,13.36,1.749,0.036,2.002,0.128,1.249,-2.725,13.35,1364.3,1.8027600000000001,18.027600000000003,2.686433295218713,-0.002440702034657956,,,Silty clay / clayey silt,,,Silty clay / clayey silt 2,2,13.32,14.28,-14.77,-15.729999999999999
-14.83,13.38,1.612,0.035,2.141,0.135,1.252,-2.755,13.37,1365.1,1.6687,16.687,2.730607168431211,0.0014382453406843684,,,Silty clay / clayey silt,,,Silty clay / clayey silt 2,2,13.32,14.28,-14.77,-15.729999999999999
-14.85,13.4,1.483,0.033,2.162,0.139,1.245,-2.752,13.39,1365.9,1.5413800000000002,15.413800000000002,2.7614330090857004,0.004022369564935328,,,Silty clay / clayey silt,,,Silty clay / clayey silt 2,2,13.32,14.28,-14.77,-15.729999999999999
-14.87,13.42,1.299,0.032,2.232,0.141,1.233,-2.758,13.41,1366.8,1.35822,13.5822,2.8146953861528607,0.005890061992902475,,,Silty clay / clayey silt,,,Silty clay / clayey silt 2,2,13.32,14.28,-14.77,-15.729999999999999
-14.889999999999999,13.44,1.18,0.029,2.066,0.148,1.243,-2.744,13.43,1367.7,1.24216,12.421599999999998,2.8286317279195856,0.011914729181425913,,,Silty clay / clayey silt,,,Silty clay / clayey silt 2,2,13.32,14.28,-14.77,-15.729999999999999
-14.91,13.46,1.224,0.029,2.071,0.158,1.247,-2.727,13.45,1368.5,1.29036,12.903599999999999,2.8153320216391133,0.019064447131033196,,,Silty clay / clayey silt,,,Silty clay / clayey silt 2,2,13.32,14.28,-14.77,-15.729999999999999
-14.93,13.48,1.295,0.029,2.083,0.158,1.264,-2.741,13.47,1369.3,1.36136,13.613599999999998,2.7972463031154517,0.01792325321737087,,,Silty clay / clayey silt,,,Silty clay / clayey silt 2,2,13.32,14.28,-14.77,-15.729999999999999
-14.95,13.5,1.415,0.026,1.869,0.146,1.244,-2.766,13.49,1370.1,1.47632,14.763200000000001,2.742019085365012,0.008263791048011282,,,Silty clay / clayey silt,,,Silty clay / clayey silt 2,2,13.32,14.28,-14.77,-15.729999999999999
-14.969999999999999,13.52,1.547,0.026,1.884,0.139,1.248,-2.755,13.51,1370.9,1.60538,16.053800000000003,2.7134617326499395,0.0031145274016120793,,,Silty clay / clayey silt,,,Silty clay / clayey silt 2,2,13.32,14.28,-14.77,-15.729999999999999
-14.989999999999998,13.54,1.541,0.027,1.891,0.137,1.254,-2.765,13.53,1371.7,1.5985399999999998,15.9854,2.7158966605171306,0.001751598333479307,,,Silty clay / clayey silt,,,Silty clay / clayey silt 2,2,13.32,14.28,-14.77,-15.729999999999999
-15.01,13.56,1.436,0.028,1.967,0.136,1.232,-2.744,13.55,1372.5,1.49312,14.931199999999999,2.7500517682411694,0.001071581654522071,,,Silty clay / clayey silt,,,Silty clay / clayey silt 2,2,13.32,14.28,-14.77,-15.729999999999999
-15.03,13.58,1.305,0.028,1.974,0.142,1.244,-2.752,13.57,1373.4,1.3646399999999999,13.646399999999998,2.783597935584803,0.005422675577441674,,,Silty clay / clayey silt,,,Silty clay / clayey silt 2,2,13.32,14.28,-14.77,-15.729999999999999
-15.049999999999999,13.6,1.351,0.03,2.213,0.147,1.241,-2.791,13.59,1374.2,1.4127399999999999,14.127399999999998,2.798442071513859,0.008635700836672013,,,Silty clay / clayey silt,,,Silty clay / clayey silt 2,2,13.32,14.28,-14.77,-15.729999999999999
-15.069999999999999,13.62,1.352,0.029,2.212,0.147,1.258,-2.756,13.61,1375.0,1.41374,14.1374,2.798077540595199,0.008488123700256079,,,Silty clay / clayey silt,,,Silty clay / clayey silt 2,2,13.32,14.28,-14.77,-15.729999999999999
-15.09,13.64,1.265,0.032,2.546,0.148,1.279,-2.74,13.63,1375.8,1.32716,13.2716,2.85520308322845,0.009644654751499452,,,Silty clay / clayey silt,,,Silty clay / clayey silt 2,2,13.32,14.28,-14.77,-15.729999999999999
-15.11,13.66,1.173,0.031,2.644,0.153,1.274,-2.741,13.65,1376.6,1.23726,12.3726,2.8895872541771537,0.014224981006417425,,,Silty clay / clayey silt,,,Silty clay / clayey silt 2,2,13.32,14.28,-14.77,-15.729999999999999
-15.129999999999999,13.68,1.131,0.03,2.659,0.159,1.289,-2.78,13.67,1377.4,1.19778,11.9778,2.902577942090891,0.019536141862445528,,,Silty clay / clayey silt,,,Silty clay / clayey silt 2,2,13.32,14.28,-14.77,-15.729999999999999
-15.149999999999999,13.7,1.042,0.028,2.545,0.17,1.285,-2.755,13.69,1378.2,1.1134,11.133999999999999,2.918129555716394,0.030716723549488074,,,Silty clay / clayey silt,,,Silty clay / clayey silt 2,2,13.32,14.28,-14.77,-15.729999999999999
-15.17,13.72,0.94,0.026,2.429,0.173,1.294,-2.781,13.71,1379.0,1.01266,10.126599999999998,2.9413155045981094,0.0365374360594869,,,Silty clay / clayey silt,,,Silty clay / clayey silt 2,2,13.32,14.28,-14.77,-15.729999999999999
-15.19,13.74,0.926,0.025,2.383,0.184,1.275,-2.778,13.73,1379.8,1.00328,10.0328,2.940183971158558,0.047643728570289465,,,Silty clay / clayey silt,,,Silty clay / clayey silt 2,2,13.32,14.28,-14.77,-15.729999999999999
-15.209999999999999,13.76,0.974,0.02,1.868,0.189,1.277,-2.783,13.75,1380.7,1.05338,10.5338,2.866015495701175,0.04993449657293667,,,Silty clay / clayey silt,,,Silty clay / clayey silt 2,2,13.32,14.28,-14.77,-15.729999999999999
-15.229999999999999,13.78,1.151,0.024,2.176,0.2,1.29,-2.815,13.77,1381.6,1.235,12.35,2.8430211538757426,0.05133603238866397,,,Silty clay / clayey silt,,,Silty clay / clayey silt 2,2,13.32,14.28,-14.77,-15.729999999999999
-15.25,13.8,1.271,0.028,2.532,0.2,1.301,-2.822,13.79,1382.4,1.355,13.55,2.846429737208872,0.0466420664206642,,,Silty clay / clayey silt,,,Silty clay / clayey silt 2,2,13.32,14.28,-14.77,-15.729999999999999
-15.27,13.82,1.369,0.028,2.461,0.199,1.295,-2.788,13.81,1383.1,1.45258,14.525799999999998,2.81458667185235,0.04268267496454584,,,Silty clay / clayey silt,,,Silty clay / clayey silt 2,2,13.32,14.28,-14.77,-15.729999999999999
-15.29,13.84,1.232,0.028,2.479,0.172,1.295,-2.811,13.83,1384.0,1.30424,13.0424,2.8548607557100563,0.02668220572900694,,,Silty clay / clayey silt,,,Silty clay / clayey silt 2,2,13.32,14.28,-14.77,-15.729999999999999
-15.309999999999999,13.86,1.049,0.027,2.453,0.169,1.283,-2.787,13.85,1384.8,1.11998,11.1998,2.9071204182906554,0.02821478954981341,,,Silty clay / clayey silt,,,Silty clay / clayey silt 2,2,13.32,14.28,-14.77,-15.729999999999999
-15.33,13.88,0.918,0.029,2.644,0.191,1.27,-2.798,13.87,1385.6,0.9982200000000001,9.9822,2.9667735863280944,0.05349522149425978,,,Clay & silt,,,Silty clay / clayey silt 2,2,13.32,14.28,-14.77,-15.729999999999999
-15.35,13.9,0.94,0.028,2.592,0.207,1.28,-2.808,13.89,1386.4,1.02694,10.269400000000001,2.9517391391679273,0.06738465733148968,,,Clay & silt,,,Silty clay / clayey silt 2,2,13.32,14.28,-14.77,-15.729999999999999
-15.37,13.92,0.999,0.025,2.526,0.22,1.289,-2.83,13.91,1387.2,1.0914,10.913999999999998,2.9235239067042342,0.0751328568810702,,,Silty clay / clayey silt,,,Silty clay / clayey silt 2,2,13.32,14.28,-14.77,-15.729999999999999
-15.389999999999999,13.94,1.001,0.024,2.454,0.218,1.304,-2.818,13.93,1388.0,1.09256,10.9256,2.9161883290264985,0.07303946694003077,,,Silty clay / clayey silt,,,Silty clay / clayey silt 2,2,13.32,14.28,-14.77,-15.729999999999999
-15.41,13.96,0.982,0.025,2.553,0.211,1.3,-2.831,13.95,1388.8,1.07062,10.706199999999999,2.933031532185076,0.06781117483327417,,,Silty clay / clayey silt,,,Silty clay / clayey silt 2,2,13.32,14.28,-14.77,-15.729999999999999
-15.43,13.98,1.001,0.025,2.632,0.225,1.293,-2.829,13.97,1389.7,1.0955,10.955,2.932118987791833,0.07886809675947057,,,Silty clay / clayey silt,,,Silty clay / clayey silt 2,2,13.32,14.28,-14.77,-15.729999999999999
-15.45,14.0,0.946,0.026,2.711,0.222,1.324,-2.806,13.99,1390.5,1.03924,10.3924,2.9582833369629733,0.08005850429159772,,5.236560524219758,Clay & silt,,,Silty clay / clayey silt 2,2,13.32,14.28,-14.77,-15.729999999999999
-15.469999999999999,14.02,0.855,0.025,2.621,0.222,1.307,-2.814,14.01,1391.3,0.94824,9.4824,2.9832919207217103,0.08753058297477431,,,Clay & silt,,,Silty clay / clayey silt 2,2,13.32,14.28,-14.77,-15.729999999999999
-15.489999999999998,14.04,0.811,0.022,2.374,0.235,1.33,-2.834,14.03,1392.7,0.9097000000000001,9.097000000000001,2.975095122386276,0.10530944267340882,,,Clay & silt,,,Silty clay / clayey silt 2,2,13.32,14.28,-14.77,-15.729999999999999
-15.51,14.06,0.894,0.023,2.427,0.25,1.328,-2.829,14.05,1399.4,0.999,9.99,2.946064436474256,0.1107107107107107,,,Silty clay / clayey silt,,,Silty clay / clayey silt 2,2,13.32,14.28,-14.77,-15.729999999999999
-15.53,14.08,0.977,0.022,2.369,0.264,1.326,-2.824,14.07,1406.2,1.08788,10.878799999999998,2.9093239418263286,0.11435084751994708,,,Silty clay / clayey silt,,,Silty clay / clayey silt 2,2,13.32,14.28,-14.77,-15.729999999999999
-15.549999999999999,14.1,1.024,0.022,2.424,0.27,1.329,-2.818,14.09,1411.2,1.1374,11.373999999999999,2.8986789882026844,0.11447160189906808,,,Silty clay / clayey silt,,,Silty clay / clayey silt 2,2,13.32,14.28,-14.77,-15.729999999999999
-15.569999999999999,14.12,0.952,0.022,2.421,0.25,1.329,-2.801,14.11,1412.0,1.057,10.57,2.9249527265019855,0.10406811731315045,,,Silty clay / clayey silt,,,Silty clay / clayey silt 2,2,13.32,14.28,-14.77,-15.729999999999999
-15.59,14.14,0.873,0.021,2.404,0.247,1.334,-2.826,14.13,1412.9,0.97674,9.7674,2.9520310797675293,0.1093433257571104,,,Clay & silt,,,Silty clay / clayey silt 2,2,13.32,14.28,-14.77,-15.729999999999999
-15.61,14.16,0.836,0.021,2.425,0.265,1.335,-2.821,14.15,1413.7,0.9473,9.473,2.965249429565472,0.13153172173545868,,,Clay & silt,,,Silty clay / clayey silt 2,2,13.32,14.28,-14.77,-15.729999999999999
-15.629999999999999,14.18,0.808,0.019,2.288,0.272,1.342,-2.858,14.17,1414.5,0.9222400000000001,9.2224,2.9615009927921974,0.14247918112421928,,,Clay & silt,,,Silty clay / clayey silt 2,2,13.32,14.28,-14.77,-15.729999999999999
-15.649999999999999,14.2,0.765,0.018,2.179,0.286,1.335,-2.832,14.19,1415.3,0.88512,8.8512,2.9654145959823386,0.16404555314533625,,,Clay & silt,,,Silty clay / clayey silt 2,2,13.32,14.28,-14.77,-15.729999999999999
-15.67,14.22,0.758,0.016,2.052,0.302,1.321,-2.859,14.21,1416.1,0.8848400000000001,8.8484,2.9519110684605114,0.18195379955698204,,,Clay & silt,,,Silty clay / clayey silt 2,2,13.32,14.28,-14.77,-15.729999999999999
-15.69,14.24,0.777,0.016,2.004,0.315,1.345,-2.828,14.23,1416.9,0.9093,9.093,2.9364543643143346,0.19113603871109647,,,Silty clay / clayey silt,,,Silty clay / clayey silt 2,2,13.32,14.28,-14.77,-15.729999999999999
-15.709999999999999,14.26,0.789,0.016,2.006,0.323,1.343,-2.817,14.25,1417.6,0.92466,9.2466,2.930460244747525,0.19639651331300154,,,Silty clay / clayey silt,,,Silty clay / clayey silt 2,2,13.32,14.28,-14.77,-15.729999999999999
-15.729999999999999,14.28,0.79,0.016,2.083,0.323,1.354,-2.832,14.27,1418.4,0.92566,9.2566,2.9385914610928636,0.19596828209061642,,,Silty clay / clayey silt,,,Clay & silt 4,4,14.28,16.26,-15.729999999999999,-17.71
-15.75,14.3,0.787,0.017,2.181,0.313,1.358,-2.838,14.29,1419.2,0.91846,9.1846,2.9519746626435737,0.18639897219258322,,,Clay & silt,,,Clay & silt 4,4,14.28,16.26,-15.729999999999999,-17.71
-15.77,14.32,0.772,0.018,2.249,0.321,1.368,-2.842,14.31,1420.0,0.9068200000000001,9.068200000000001,2.963730946183987,0.19739308793365826,,,Clay & silt,,,Clay & silt 4,4,14.28,16.26,-15.729999999999999,-17.71
-15.79,14.34,0.782,0.018,2.294,0.329,1.35,-2.838,14.33,1420.8,0.92018,9.201799999999999,2.9629291475232757,0.20300376013388688,,,Clay & silt,,,Clay & silt 4,4,14.28,16.26,-15.729999999999999,-17.71
-15.809999999999999,14.36,0.77,0.018,2.295,0.334,1.336,-2.833,14.35,1421.6,0.91028,9.1028,2.967004565048413,0.2104846860306719,,,Clay & silt,,,Clay & silt 4,4,14.28,16.26,-15.729999999999999,-17.71
-15.83,14.38,0.769,0.018,2.306,0.343,1.335,-2.845,14.37,1422.4,0.91306,9.1306,2.966991278955514,0.2194817427113224,,,Clay & silt,,,Clay & silt 4,4,14.28,16.26,-15.729999999999999,-17.71
-15.85,14.4,0.776,0.018,2.354,0.345,1.356,-2.851,14.39,1423.2,0.9209,9.209000000000001,2.9686392391070275,0.21956781409490717,,,Clay & silt,,,Clay & silt 4,4,14.28,16.26,-15.729999999999999,-17.71
-15.87,14.42,0.761,0.018,2.359,0.346,1.355,-2.854,14.41,1424.0,0.90632,9.0632,2.9749850811988052,0.2239826992673669,,,Clay & silt,,,Clay & silt 4,4,14.28,16.26,-15.729999999999999,-17.71
-15.889999999999999,14.44,0.76,0.018,2.324,0.341,1.363,-2.867,14.43,1424.7,0.90322,9.0322,2.9727729707305124,0.2189942649631319,,,Clay & silt,,,Clay & silt 4,4,14.28,16.26,-15.729999999999999,-17.71
-15.91,14.46,0.761,0.018,2.328,0.345,1.36,-2.881,14.45,1425.5,0.9059,9.059000000000001,2.9720835431468817,0.2225411193288442,,,Clay & silt,,,Clay & silt 4,4,14.28,16.26,-15.729999999999999,-17.71
-15.93,14.48,0.758,0.017,2.287,0.341,1.353,-2.846,14.47,1426.3,0.90122,9.0122,2.9698750171090236,0.219036417300992,,,Clay & silt,,,Clay & silt 4,4,14.28,16.26,-15.729999999999999,-17.71
-15.95,14.5,0.742,0.018,2.345,0.353,1.335,-2.875,14.49,1427.1,0.89026,8.902600000000001,2.9801660238509657,0.2349875317323029,,,Clay & silt,,,Clay & silt 4,4,14.28,16.26,-15.729999999999999,-17.71
-15.969999999999999,14.52,0.749,0.018,2.403,0.36,1.352,-2.847,14.51,1427.9,0.9002,9.002,2.981771764971652,0.23994667851588536,,,Clay & silt,,,Clay & silt 4,4,14.28,16.26,-15.729999999999999,-17.71
-15.989999999999998,14.54,0.75,0.019,2.455,0.363,1.383,-2.876,14.53,1428.7,0.90246,9.0246,2.985856385920223,0.24244841876648274,,,Clay & silt,,,Clay & silt 4,4,14.28,16.26,-15.729999999999999,-17.71
-16.01,14.56,0.756,0.019,2.451,0.347,1.373,-2.876,14.55,1429.5,0.90174,9.0174,2.985766532378476,0.22467673608800762,,,Clay & silt,,,Clay & silt 4,4,14.28,16.26,-15.729999999999999,-17.71
-16.03,14.58,0.763,0.019,2.483,0.35,1.379,-2.888,14.57,1430.3,0.91,9.1,2.985475328013952,0.2257142857142857,,,Clay & silt,,,Clay & silt 4,4,14.28,16.26,-15.729999999999999,-17.71
-16.05,14.6,0.775,0.021,2.702,0.342,1.388,-2.875,14.59,1431.0,0.91864,9.186399999999999,3.0020634078860367,0.2146651571888879,,4.055008081237295,Clay & silt,,,Clay & silt 4,4,14.28,16.26,-15.729999999999999,-17.71
-16.07,14.62,0.775,0.022,2.755,0.348,1.368,-2.876,14.61,1431.8,0.92116,9.211599999999999,3.0057212900125596,0.2203743106517869,,6.666403980423828,Clay & silt,,,Clay & silt 4,4,14.28,16.26,-15.729999999999999,-17.71
-16.09,14.64,0.796,0.022,2.768,0.349,1.377,-2.875,14.63,1432.6,0.9425800000000001,9.4258,2.998536916770173,0.21621506927793926,,6.881982463236968,Clay & silt,,,Clay & silt 4,4,14.28,16.26,-15.729999999999999,-17.71
-16.11,14.66,0.832,0.022,2.841,0.306,1.379,-2.875,14.65,1433.5,0.96052,9.605200000000002,2.9980210672154275,0.16720109940448924,,7.677504711008761,Clay & silt,,,Clay & silt 4,4,14.28,16.26,-15.729999999999999,-17.71
-16.13,14.68,0.812,0.023,2.852,0.308,1.369,-2.868,14.67,1434.2,0.9413600000000001,9.4136,3.006220437969735,0.17251635930993456,,7.764504802252368,Clay & silt,,,Clay & silt 4,4,14.28,16.26,-15.729999999999999,-17.71
-16.15,14.7,0.788,0.024,2.995,0.323,1.364,-2.871,14.69,1435.1,0.92366,9.236600000000001,3.0249333302123405,0.19184548426910336,,8.576508593412873,Clay & silt,,,Clay & silt 4,4,14.28,16.26,-15.729999999999999,-17.71
-16.17,14.72,0.783,0.027,3.217,0.333,1.377,-2.888,14.71,1435.9,0.92286,9.2286,3.042767114866851,0.20263095160696096,,9.329552354589442,Organic clay,9.329552354589442,-0.10095235458944174,Clay & silt 4,4,14.28,16.26,-15.729999999999999,-17.71
-16.19,14.74,0.806,0.03,3.522,0.336,1.371,-2.892,14.73,1436.7,0.9471200000000001,9.471200000000001,3.056069469006962,0.2003969929892727,,10.001565819103186,Organic clay,10.001565819103186,-0.530365819103185,Clay & silt 4,4,14.28,16.26,-15.729999999999999,-17.71
-16.21,14.76,0.871,0.031,3.501,0.32,1.386,-2.893,14.75,1437.5,1.0054,10.054,3.033434555490303,0.1726675949870698,,9.962815829528024,Clay & silt,,,Clay & silt 4,4,14.28,16.26,-15.729999999999999,-17.71
-16.23,14.78,0.947,0.031,3.492,0.29,1.377,-2.891,14.77,1438.2,1.0688,10.687999999999999,3.011215256973644,0.13416916167664672,,9.945943823836645,Clay & silt,,,Clay & silt 4,4,14.28,16.26,-15.729999999999999,-17.71
-16.25,14.8,0.999,0.033,3.603,0.252,1.389,-2.914,14.79,1439.0,1.10484,11.0484,3.007559102455834,0.09521740704536401,,10.143559645391381,Clay & silt,,,Clay & silt 4,4,14.28,16.26,-15.729999999999999,-17.71
-16.27,14.82,0.959,0.033,3.561,0.238,1.383,-2.899,14.81,1439.8,1.05896,10.589599999999997,3.019450487142043,0.08593336858804866,,10.07135019879224,Clay & silt,,,Clay & silt 4,4,14.28,16.26,-15.729999999999999,-17.71
-16.29,14.84,0.909,0.034,3.556,0.266,1.39,-2.91,14.83,1440.6,1.02072,10.2072,3.032043227165318,0.11638843169527394,,10.062555515618186,Clay & silt,,,Clay & silt 4,4,14.28,16.26,-15.729999999999999,-17.71
-16.31,14.86,0.935,0.035,3.672,0.281,1.397,-2.895,14.85,1441.4,1.05302,10.5302,3.0292646055475654,0.1268731837951796,,10.256216135980646,Clay & silt,,,Clay & silt 4,4,14.28,16.26,-15.729999999999999,-17.71
-16.330000000000002,14.88,0.962,0.035,3.609,0.293,1.394,-2.901,14.87,1442.2,1.08506,10.8506,3.014319086191475,0.13400180635172246,,10.153641072493205,Clay & silt,,,Clay & silt 4,4,14.28,16.26,-15.729999999999999,-17.71
-16.35,14.9,0.973,0.036,3.661,0.328,1.367,-2.913,14.89,1443.0,1.11076,11.1076,3.0097915630894416,0.1622312650797652,,10.238721565864935,Clay & silt,,,Clay & silt 4,4,14.28,16.26,-15.729999999999999,-17.71
-16.37,14.92,1.039,0.041,3.963,0.364,1.379,-2.929,14.91,1443.8,1.1918799999999998,11.9188,3.00588326737582,0.18122629794945802,,10.66713342471045,Clay & silt,,,Clay & silt 4,4,14.28,16.26,-15.729999999999999,-17.71
-16.39,14.94,1.075,0.046,4.35,0.407,1.382,-2.889,14.93,1444.5,1.24594,12.4594,3.01533517270137,0.20771465720660706,,11.103497940193085,Clay & silt,,,Clay & silt 4,4,14.28,16.26,-15.729999999999999,-17.71
-16.41,14.96,1.106,0.048,4.472,0.419,1.376,-2.917,14.95,1445.3,1.2819800000000001,12.8198,3.0130353390530336,0.21107973603332347,,11.222943649782865,Clay & silt,,,Clay & silt 4,4,14.28,16.26,-15.729999999999999,-17.71
-16.43,14.98,1.135,0.05,4.592,0.406,1.413,-2.915,14.97,1446.1,1.30552,13.0552,3.014011656316285,0.19716281634904098,,11.333796081442815,Clay & silt,,,Clay & silt 4,4,14.28,16.26,-15.729999999999999,-17.71
-16.45,15.0,1.124,0.052,4.712,0.374,1.393,-2.928,14.99,1446.9,1.2810800000000002,12.810800000000002,3.027420058111868,0.17578917788116277,,11.438825139379608,Clay & silt,,,Clay & silt 4,4,14.28,16.26,-15.729999999999999,-17.71
-16.47,15.02,1.062,0.051,4.692,0.353,1.394,-2.932,15.01,1447.7,1.2102600000000001,12.102600000000002,3.045584228797386,0.16855882207129044,,11.421696736988078,Clay & silt,,,Clay & silt 4,4,14.28,16.26,-15.729999999999999,-17.71
-16.49,15.04,0.991,0.049,4.735,0.338,1.387,-2.927,15.03,1454.1,1.13296,11.329600000000001,3.070546701976473,0.16664312950148286,,11.458344800279312,Organic clay,11.458344800279312,-0.12874480027931057,Clay & silt 4,4,14.28,16.26,-15.729999999999999,-17.71
-16.51,15.06,0.929,0.045,4.643,0.323,1.396,-2.932,15.05,1464.1,1.0646600000000002,10.646600000000001,3.086620753493265,0.1630567505119005,,11.379106046174483,Organic clay,11.379106046174483,-0.7325060461744819,Clay & silt 4,4,14.28,16.26,-15.729999999999999,-17.71
-16.53,15.08,0.867,0.04,4.493,0.309,1.405,-2.937,15.07,1474.2,0.99678,9.9678,3.100679600108954,0.15991492606191937,,11.242794386089486,Organic clay,11.242794386089486,-1.2749943860894852,Clay & silt 4,4,14.28,16.26,-15.729999999999999,-17.71
-16.55,15.1,0.814,0.035,4.346,0.295,1.403,-2.961,15.09,1478.9,0.9379,9.379,3.1131526442328368,0.15481394604968546,,11.099456138360527,Organic clay,11.099456138360527,-1.720456138360527,Clay & silt 4,4,14.28,16.26,-15.729999999999999,-17.71
-16.57,15.12,0.775,0.031,3.938,0.303,1.406,-2.951,15.11,1479.7,0.9022600000000001,9.0226,3.101416216494329,0.1695741803914614,,10.635191673383682,Organic clay,10.635191673383682,-1.6125916733836814,Clay & silt 4,4,14.28,16.26,-15.729999999999999,-17.71
-16.59,15.14,0.743,0.027,3.404,0.313,1.43,-2.987,15.13,1480.5,0.87446,8.7446,3.0759659094391454,0.18617203760034765,,9.77176746255267,Organic clay,9.77176746255267,-1.0271674625526703,Clay & silt 4,4,14.28,16.26,-15.729999999999999,-17.71
-16.61,15.16,0.733,0.023,3.02,0.32,1.413,-2.977,15.15,1481.3,0.8674,8.674,3.0495797288221476,0.19552686188609641,,8.681798891438843,Organic clay,8.681798891438843,-0.007798891438843825,Clay & silt 4,4,14.28,16.26,-15.729999999999999,-17.71
-16.63,15.18,0.717,0.021,2.823,0.322,1.402,-2.975,15.17,1482.1,0.85224,8.5224,3.0397402242492113,0.2011170562282925,,7.521820953302082,Clay & silt,,,Clay & silt 4,4,14.28,16.26,-15.729999999999999,-17.71
-16.65,15.2,0.703,0.019,2.605,0.315,1.421,-2.987,15.19,1482.9,0.8352999999999999,8.353,3.028031317764071,0.19657608045013772,,,Clay & silt,,,Clay & silt 4,4,14.28,16.26,-15.729999999999999,-17.71
-16.67,15.22,0.704,0.018,2.495,0.298,1.411,-3.004,15.21,1483.7,0.8291599999999999,8.291599999999999,3.020656132204324,0.17728785759081483,,,Clay & silt,,,Clay & silt 4,4,14.28,16.26,-15.729999999999999,-17.71
-16.69,15.24,0.706,0.017,2.367,0.286,1.42,-3.029,15.23,1484.5,0.82612,8.2612,3.0098267114826607,0.16317242047160216,,,Clay & silt,,,Clay & silt 4,4,14.28,16.26,-15.729999999999999,-17.71
-16.71,15.26,0.71,0.015,2.12,0.288,1.415,-2.989,15.25,1485.3,0.8309599999999999,8.3096,2.9825821306662297,0.16438817752960433,,,Clay & silt,,,Clay & silt 4,4,14.28,16.26,-15.729999999999999,-17.71
-16.73,15.28,0.704,0.014,1.962,0.288,1.412,-3.011,15.27,1486.0,0.8249599999999999,8.2496,2.9679897661976753,0.16534134988363075,,,Clay & silt,,,Clay & silt 4,4,14.28,16.26,-15.729999999999999,-17.71
-16.75,15.3,0.722,0.014,1.879,0.287,1.408,-2.974,15.29,1486.8,0.84254,8.4254,2.950565502338311,0.16046715882925439,,,Clay & silt,,,Clay & silt 4,4,14.28,16.26,-15.729999999999999,-17.71
-16.77,15.32,0.742,0.012,1.586,0.291,1.4,-2.974,15.31,1487.6,0.86422,8.6422,2.904350788879897,0.16083867533729837,,,Silty clay / clayey silt,,,Clay & silt 4,4,14.28,16.26,-15.729999999999999,-17.71
-16.79,15.34,0.769,0.013,1.734,0.289,1.403,-2.994,15.33,1488.4,0.8903800000000001,8.9038,2.912278221557914,0.15364226510029425,,,Silty clay / clayey silt,,,Clay & silt 4,4,14.28,16.26,-15.729999999999999,-17.71
-16.81,15.36,0.812,0.014,1.809,0.284,1.415,-3.018,15.35,1489.2,0.9312800000000001,9.312800000000001,2.9047244591540875,0.1413108839446783,,,Silty clay / clayey silt,,,Clay & silt 4,4,14.28,16.26,-15.729999999999999,-17.71
-16.830000000000002,15.38,0.808,0.014,1.793,0.266,1.413,-2.995,15.37,1490.0,0.9197200000000001,9.197200000000002,2.9074389017789657,0.12329839516374544,,,Silty clay / clayey silt,,,Clay & silt 4,4,14.28,16.26,-15.729999999999999,-17.71
-16.85,15.4,0.775,0.014,1.786,0.256,1.409,-2.983,15.39,1490.8,0.8825200000000001,8.8252,2.9220543341698377,0.11693785976521776,,,Silty clay / clayey silt,,,Clay & silt 4,4,14.28,16.26,-15.729999999999999,-17.71
-16.87,15.42,0.714,0.014,1.706,0.261,1.406,-3.01,15.41,1491.6,0.82362,8.2362,2.9381208697300663,0.13112843301522548,,,Silty clay / clayey silt,,,Clay & silt 4,4,14.28,16.26,-15.729999999999999,-17.71
-16.89,15.44,0.693,0.013,1.46,0.281,1.43,-3.005,15.43,1492.4,0.81102,8.110199999999999,2.9111839788303864,0.15757934452911151,,,Silty clay / clayey silt,,,Clay & silt 4,4,14.28,16.26,-15.729999999999999,-17.71
-16.91,15.46,0.81,0.015,1.545,0.297,1.43,-3.011,15.45,1493.2,0.93474,9.3474,2.869081004625655,0.15362560712069664,,,Silty clay / clayey silt,,,Clay & silt 4,4,14.28,16.26,-15.729999999999999,-17.71
-16.93,15.48,1.075,0.016,1.523,0.275,1.425,-3.03,15.47,1494.0,1.1905,11.905,2.774905174250829,0.1019739605207896,,,Silty clay / clayey silt,,,Clay & silt 4,4,14.28,16.26,-15.729999999999999,-17.71
-16.95,15.5,1.355,0.016,1.427,0.211,1.411,-3.01,15.49,1494.8,1.44362,14.4362,2.6884324809466476,0.03962261536969564,,,Silty clay / clayey silt,,,Clay & silt 4,4,14.28,16.26,-15.729999999999999,-17.71
-16.97,15.52,1.544,0.02,1.608,0.151,1.409,-2.992,15.51,1495.6,1.60742,16.0742,2.675705910692568,-0.0018663448258700276,,,Silty clay / clayey silt,,,Clay & silt 4,4,14.28,16.26,-15.729999999999999,-17.71
-16.99,15.54,1.571,0.024,1.904,0.127,1.419,-2.981,15.53,1496.4,1.62434,16.243399999999998,2.711741439839009,-0.016745262691308462,,,Silty clay / clayey silt,,,Clay & silt 4,4,14.28,16.26,-15.729999999999999,-17.71
-17.01,15.56,1.355,0.024,1.968,0.133,1.413,-2.974,15.55,1497.2,1.41086,14.1086,2.7707520386453077,-0.015168053527635632,,,Silty clay / clayey silt,,,Clay & silt 4,4,14.28,16.26,-15.729999999999999,-17.71
-17.03,15.58,1.116,0.024,2.057,0.155,1.411,-3.006,15.57,1498.0,1.1811,11.811000000000002,2.8460211890354206,0.00033866734400133535,,,Silty clay / clayey silt,,,Clay & silt 4,4,14.28,16.26,-15.729999999999999,-17.71
-17.05,15.6,0.911,0.023,2.111,0.175,1.404,-3.01,15.59,1498.8,0.9845,9.845,2.918887505563079,0.020518029456576933,,,Silty clay / clayey silt,,,Clay & silt 4,4,14.28,16.26,-15.729999999999999,-17.71
-17.07,15.62,0.82,0.021,2.117,0.197,1.405,-3.02,15.61,1499.5,0.90274,9.0274,2.951550097077069,0.04652502381638124,,,Clay & silt,,,Clay & silt 4,4,14.28,16.26,-15.729999999999999,-17.71
-17.09,15.64,0.788,0.019,2.072,0.225,1.428,-3.019,15.63,1500.3,0.8825000000000001,8.825000000000001,2.9550820076635183,0.07909348441926346,,,Clay & silt,,,Clay & silt 4,4,14.28,16.26,-15.729999999999999,-17.71
-17.11,15.66,0.8,0.016,1.887,0.253,1.414,-3.021,15.65,1501.1,0.9062600000000001,9.062600000000002,2.92424896499818,0.10769536336150774,,,Silty clay / clayey silt,,,Clay & silt 4,4,14.28,16.26,-15.729999999999999,-17.71
-17.13,15.68,0.826,0.016,1.853,0.281,1.44,-3.035,15.67,1501.9,0.94402,9.440199999999999,2.904977125373995,0.13283616872523887,,,Silty clay / clayey silt,,,Clay & silt 4,4,14.28,16.26,-15.729999999999999,-17.71
-17.15,15.7,0.86,0.016,1.833,0.306,1.428,-3.013,15.69,1502.7,0.9885200000000001,9.885200000000001,2.885388685811323,0.15194432080281634,,,Silty clay / clayey silt,,,Clay & silt 4,4,14.28,16.26,-15.729999999999999,-17.71
-17.17,15.72,0.908,0.018,2.028,0.324,1.419,-2.995,15.71,1503.5,1.0440800000000001,10.440800000000001,2.8880170746751492,0.16090721017546547,,,Silty clay / clayey silt,,,Clay & silt 4,4,14.28,16.26,-15.729999999999999,-17.71
-17.19,15.74,0.928,0.021,2.268,0.338,1.444,-3.042,15.73,1504.3,1.06996,10.6996,2.905053840532257,0.16991289393996034,,,Silty clay / clayey silt,,,Clay & silt 4,4,14.28,16.26,-15.729999999999999,-17.71
-17.21,15.76,0.936,0.023,2.412,0.353,1.408,-3.025,15.75,1505.1,1.08426,10.8426,2.9148221567989347,0.18132182317894233,,,Silty clay / clayey silt,,,Clay & silt 4,4,14.28,16.26,-15.729999999999999,-17.71
-17.23,15.78,0.984,0.025,2.56,0.349,1.425,-3.041,15.77,1505.9,1.13058,11.3058,2.914034659786128,0.17017813865449594,,,Silty clay / clayey silt,,,Clay & silt 4,4,14.28,16.26,-15.729999999999999,-17.71
-17.25,15.8,1.008,0.028,2.828,0.353,1.425,-3.066,15.79,1506.6,1.15626,11.5626,2.9303967682233796,0.16968501894037671,,7.566912641485648,Silty clay / clayey silt,,,Clay & silt 4,4,14.28,16.26,-15.729999999999999,-17.71
-17.27,15.82,1.015,0.032,2.987,0.374,1.447,-3.098,15.81,1507.5,1.17208,11.720799999999999,2.939188446088244,0.18514094601051123,,8.54121215072481,Silty clay / clayey silt,,,Clay & silt 4,4,14.28,16.26,-15.729999999999999,-17.71
-17.29,15.84,1.044,0.032,2.609,0.4,1.474,-3.069,15.83,1508.3,1.2120000000000002,12.120000000000003,2.8936857391783084,0.2003300330033003,,,Silty clay / clayey silt,,,Clay & silt 4,4,14.28,16.26,-15.729999999999999,-17.71
-17.31,15.86,1.119,0.03,2.018,0.436,1.48,-3.052,15.85,1509.1,1.30212,13.021199999999999,2.805896187838453,0.21395877492089826,,,Silty clay / clayey silt,,,Clay & silt 4,4,14.28,16.26,-15.729999999999999,-17.71
-17.330000000000002,15.88,1.385,0.044,2.388,0.481,1.517,-3.069,15.87,1509.9,1.58702,15.870200000000002,2.775602626372902,0.2037781502438532,,,Silty clay / clayey silt,,,Clay & silt 4,4,14.28,16.26,-15.729999999999999,-17.71
-17.35,15.9,2.274,0.058,2.754,0.542,1.61,-3.068,15.89,1510.7,2.50164,25.016399999999997,2.654756617153327,0.15357925201068098,,6.648080792436713,Silty clay / clayey silt,,,Clay & silt 4,4,14.28,16.26,-15.729999999999999,-17.71
-17.37,15.92,3.139,0.068,2.886,0.429,1.695,-3.115,15.91,1511.5,3.31918,33.1918,2.573300734264458,0.08164667176832832,,8.0032091456147,Sand mixtures,,,Clay & silt 4,4,14.28,16.26,-15.729999999999999,-17.71
-17.39,15.94,3.419,0.078,3.088,0.216,1.71,-3.084,15.93,1512.3,3.50972,35.0972,2.574407214177224,0.016468550197736572,,8.936387317553205,Sand mixtures,,,Clay & silt 4,4,14.28,16.26,-15.729999999999999,-17.71
-17.41,15.96,3.308,0.088,3.307,0.265,1.724,-3.092,15.95,1513.1,3.4193,34.193,2.6026852402246825,0.031175971690112013,,9.55686669763011,Silty clay / clayey silt,,,Clay & silt 4,4,14.28,16.26,-15.729999999999999,-17.71
-17.43,15.98,2.794,0.098,3.527,0.232,1.696,-3.05,15.97,1513.8,2.8914400000000002,28.9144,2.6756951017743242,0.02538527515701519,,10.010667832566837,Silty clay / clayey silt,,,Clay & silt 4,4,14.28,16.26,-15.729999999999999,-17.71
-17.45,16.0,2.337,0.107,3.759,0.171,1.697,-3.063,15.99,1514.6,2.4088200000000004,24.088200000000008,2.753696739648645,0.0050647204855489465,,10.388949105869015,Silty clay / clayey silt,,,Clay & silt 4,4,14.28,16.26,-15.729999999999999,-17.71
-17.47,16.02,1.999,0.103,4.163,0.153,1.701,-3.091,16.01,1515.4,2.06326,20.632600000000004,2.833613167221099,-0.0029080193480220617,,10.9049548957886,Silty clay / clayey silt,,,Clay & silt 4,4,14.28,16.26,-15.729999999999999,-17.71
-17.49,16.04,1.708,0.097,4.715,0.138,1.685,-3.093,16.03,1535.8,1.76596,17.6596,2.920117638653314,-0.0120048019207683,,11.441381904969829,Silty clay / clayey silt,,,Clay & silt 4,4,14.28,16.26,-15.729999999999999,-17.71
-17.509999999999998,16.06,1.415,0.092,5.576,0.123,1.67,-3.097,16.05,1559.0,1.46666,14.6666,3.0287494498658423,-0.02481829462861193,13.871333372044754,12.068562863651398,Clay & silt,,,Clay & silt 4,4,14.28,16.26,-15.729999999999999,-17.71
-17.529999999999998,16.08,1.149,0.084,6.281,0.157,1.644,-3.092,16.07,1577.2,1.2149400000000001,12.1494,3.1245461856789336,-0.002140023375639921,17.40920525070745,12.472050850100937,Peat,17.40920525070745,-5.259805250707451,Clay & silt 4,4,14.28,16.26,-15.729999999999999,-17.71
-17.55,16.1,1.014,0.074,6.689,0.216,1.616,-3.082,16.09,1578.0,1.10472,11.0472,3.173737107278818,0.050872619306249534,18.74983479250785,12.675550508712044,Peat,18.74983479250785,-7.702634792507851,Clay & silt 4,4,14.28,16.26,-15.729999999999999,-17.71
-17.57,16.12,0.953,0.057,5.398,0.259,1.611,-3.086,16.11,1578.8,1.06178,10.617799999999999,3.1279674527452745,0.09323965416564636,12.338732165010697,11.953456804667184,Peat,12.338732165010697,-1.720932165010698,Clay & silt 4,4,14.28,16.26,-15.729999999999999,-17.71
-17.59,16.14,0.893,0.045,4.363,0.312,1.626,-3.147,16.13,1579.6,1.02404,10.2404,3.0836410115113675,0.1482363970157416,,11.116576528359579,Organic clay,11.116576528359579,-0.8761765283595793,Clay & silt 4,4,14.28,16.26,-15.729999999999999,-17.71
-17.61,16.16,0.864,0.039,4.319,0.357,1.612,-3.096,16.15,1580.3,1.01394,10.1394,3.0844257868807414,0.19389707477760026,,11.071953470733032,Organic clay,11.071953470733032,-0.9325534707330316,Clay & silt 4,4,14.28,16.26,-15.729999999999999,-17.71
-17.63,16.18,0.847,0.038,4.269,0.389,1.598,-3.116,16.17,1581.1,1.01038,10.103800000000001,3.082608047032851,0.22605356400562163,,11.019976445584659,Organic clay,11.019976445584659,-0.9161764455846573,Clay & silt 4,4,14.28,16.26,-15.729999999999999,-17.71
-17.65,16.2,0.839,0.036,4.116,0.413,1.6,-3.114,16.19,1581.9,1.01246,10.1246,3.07240330874761,0.24909626059301113,,10.851673356782038,Organic clay,10.851673356782038,-0.7270733567820393,Clay & silt 4,4,14.28,16.26,-15.729999999999999,-17.71
-17.669999999999998,16.22,0.838,0.033,3.887,0.43,1.623,-3.077,16.21,1582.7,1.0186,10.186,3.0555082564995053,0.2640879638719812,,10.568292688614303,Organic clay,10.568292688614303,-0.382292688614303,Clay & silt 4,4,14.28,16.26,-15.729999999999999,-17.71
-17.689999999999998,16.24,0.849,0.033,3.834,0.442,1.612,-3.09,16.23,1583.5,1.03464,10.346400000000001,3.046509590341217,0.27139874739039666,,10.496129561636078,Organic clay,10.496129561636078,-0.14972956163607698,Clay & silt 4,4,14.28,16.26,-15.729999999999999,-17.71
-17.71,16.26,0.857,0.033,3.84,0.454,1.612,-3.115,16.25,1584.3,1.04768,10.476799999999999,3.0425303314626873,0.279283750763592,,10.504441152012566,Organic clay,10.504441152012566,-0.027641152012567005,Clay & silt 5,5,16.26,16.7,-17.71,-18.15
-17.73,16.28,0.867,0.033,3.843,0.46,1.619,-3.087,16.27,1585.1,1.0602,10.602,3.0385792741818274,0.2814563289945293,,10.508583011931083,Clay & silt,,,Clay & silt 5,5,16.26,16.7,-17.71,-18.15
-17.75,16.3,0.873,0.034,3.867,0.462,1.623,-3.097,16.29,1585.9,1.06704,10.670399999999999,3.0379405674510944,0.2813390313390313,,10.541389317501674,Clay & silt,,,Clay & silt 5,5,16.26,16.7,-17.71,-18.15
-17.77,16.32,0.879,0.034,3.894,0.461,1.625,-3.1,16.31,1586.7,1.0726200000000001,10.7262,3.0379199690942436,0.2787566892282448,,10.577617874931839,Clay & silt,,,Clay & silt 5,5,16.26,16.7,-17.71,-18.15
-17.79,16.34,0.886,0.035,3.9,0.464,1.628,-3.129,16.33,1587.5,1.08088,10.808800000000002,3.035644111722182,0.27921693434978906,,10.585573978378353,Clay & silt,,,Clay & silt 5,5,16.26,16.7,-17.71,-18.15
-17.81,16.36,0.902,0.035,3.902,0.463,1.621,-3.111,16.35,1588.3,1.09646,10.9646,3.0307914121005455,0.274155007934626,,10.588218499268537,Clay & silt,,,Clay & silt 5,5,16.26,16.7,-17.71,-18.15
-17.83,16.38,0.913,0.035,3.901,0.465,1.612,-3.096,16.37,1589.1,1.1083,11.083,3.0269861866581476,0.27285031128755755,,10.586896706734152,Clay & silt,,,Clay & silt 5,5,16.26,16.7,-17.71,-18.15
-17.849999999999998,16.4,0.919,0.035,3.818,0.469,1.634,-3.079,16.39,1589.8,1.11598,11.1598,3.0190000261817094,0.27437767701930144,,10.473781154217459,Clay & silt,,,Clay & silt 5,5,16.26,16.7,-17.71,-18.15
-17.87,16.42,0.92,0.035,3.766,0.459,1.648,-3.098,16.41,1590.6,1.11278,11.127800000000002,3.0164512152101004,0.26600046729811816,,10.399220943858747,Clay & silt,,,Clay & silt 5,5,16.26,16.7,-17.71,-18.15
-17.89,16.44,0.927,0.034,3.678,0.454,1.641,-3.086,16.43,1591.4,1.11768,11.1768,3.0088129655237563,0.26018180516784767,,10.265687813175601,Clay & silt,,,Clay & silt 5,5,16.26,16.7,-17.71,-18.15
-17.91,16.46,0.931,0.033,3.562,0.458,1.628,-3.079,16.45,1592.3,1.1233600000000001,11.233600000000001,2.9987977345381833,0.26224896738356357,,10.073103923951878,Clay & silt,,,Clay & silt 5,5,16.26,16.7,-17.71,-18.15
-17.93,16.48,0.937,0.033,3.505,0.459,1.638,-3.106,16.47,1593.0,1.12978,11.2978,2.992664763859663,0.2614668342509161,,9.970262822906378,Clay & silt,,,Clay & silt 5,5,16.26,16.7,-17.71,-18.15
-17.95,16.5,0.942,0.033,3.49,0.464,1.648,-3.074,16.49,1593.8,1.13688,11.368799999999998,2.989369055657343,0.26405601294771663,,9.942172371266702,Clay & silt,,,Clay & silt 5,5,16.26,16.7,-17.71,-18.15
-17.97,16.52,0.951,0.033,3.474,0.459,1.656,-3.048,16.51,1594.6,1.14378,11.4378,2.9860699154543595,0.25791673223871725,,9.91170502425933,Clay & silt,,,Clay & silt 5,5,16.26,16.7,-17.71,-18.15
-17.99,16.54,0.965,0.033,3.43,0.453,1.66,-3.038,16.53,1595.5,1.15526,11.5526,2.9793033244336007,0.2499870159098385,,9.825070010785536,Clay & silt,,,Clay & silt 5,5,16.26,16.7,-17.71,-18.15
-18.009999999999998,16.56,0.973,0.032,3.37,0.448,1.642,-3.065,16.55,1596.2,1.16116,11.611600000000001,2.973004278707342,0.24423852010058908,,9.699479848892581,Clay & silt,,,Clay & silt 5,5,16.26,16.7,-17.71,-18.15
-18.029999999999998,16.58,0.966,0.032,3.384,0.437,1.642,-3.078,16.57,1598.6,1.14954,11.4954,2.9775964696738124,0.23696435095777446,,9.729614649363263,Clay & silt,,,Clay & silt 5,5,16.26,16.7,-17.71,-18.15
-18.05,16.6,0.956,0.031,3.307,0.426,1.641,-3.082,16.59,1601.5,1.13492,11.349199999999998,2.9762432973651207,0.2301483805025905,,9.55686669763011,Clay & silt,,,Clay & silt 5,5,16.26,16.7,-17.71,-18.15
-18.07,16.62,0.941,0.03,3.191,0.43,1.646,-3.062,16.61,1603.8,1.1216,11.216,2.9713814513534516,0.23626961483594866,,9.257622095675087,Clay & silt,,,Clay & silt 5,5,16.26,16.7,-17.71,-18.15
-18.09,16.64,0.925,0.03,3.17,0.431,1.658,-3.094,16.63,1604.6,1.10602,11.0602,2.9746715885474253,0.24032115151624747,,9.19712106710041,Clay & silt,,,Clay & silt 5,5,16.26,16.7,-17.71,-18.15
-18.11,16.66,0.913,0.03,3.189,0.437,1.664,-3.071,16.65,1605.4,1.09654,10.965399999999999,2.9792223710249788,0.24768818282962776,,9.251955890642872,Clay & silt,,,Clay & silt 5,5,16.26,16.7,-17.71,-18.15
-18.13,16.68,0.919,0.029,3.11,0.443,1.645,-3.057,16.67,1606.2,1.1050600000000002,11.050600000000001,2.9701859099405006,0.2510270935514813,,9.01062266407679,Clay & silt,,,Clay & silt 5,5,16.26,16.7,-17.71,-18.15
-18.15,16.7,0.937,0.029,3.011,0.435,1.678,-3.08,16.69,1607.0,1.1197000000000001,11.197000000000001,2.957425724400759,0.24042154148432618,,8.644727004546217,Clay & silt,,,Silty clay / clayey silt 3,3,16.7,17.06,-18.15,-18.509999999999998
-18.169999999999998,16.72,0.975,0.029,3.003,0.418,1.661,-3.064,16.71,1607.8,1.15056,11.5056,2.9471023471299986,0.21902377972465586,,8.61100058985909,Silty clay / clayey silt,,,Silty clay / clayey silt 3,3,16.7,17.06,-18.15,-18.509999999999998
-18.189999999999998,16.74,0.999,0.029,2.932,0.404,1.651,-3.071,16.73,1608.6,1.16868,11.686799999999998,2.935572963024247,0.20347742752507106,,8.272950436027768,Silty clay / clayey silt,,,Silty clay / clayey silt 3,3,16.7,17.06,-18.15,-18.509999999999998
-18.21,16.76,1.032,0.027,2.666,0.387,1.655,-3.072,16.75,1609.4,1.19454,11.9454,2.9041942293316034,0.18467359820516685,,,Silty clay / clayey silt,,,Silty clay / clayey silt 3,3,16.7,17.06,-18.15,-18.509999999999998
-18.23,16.78,1.045,0.026,2.484,0.388,1.687,-3.072,16.77,1610.2,1.20796,12.079600000000001,2.882881834396928,0.18328421470909634,,,Silty clay / clayey silt,,,Silty clay / clayey silt 3,3,16.7,17.06,-18.15,-18.509999999999998
-18.25,16.8,1.077,0.024,2.261,0.398,1.68,-3.091,16.79,1611.0,1.24416,12.4416,2.8494973524626444,0.18582818930041153,,,Silty clay / clayey silt,,,Silty clay / clayey silt 3,3,16.7,17.06,-18.15,-18.509999999999998
-18.27,16.82,1.116,0.025,2.233,0.392,1.678,-3.105,16.81,1611.7,1.28064,12.806400000000002,2.8360470217929437,0.17569340329835081,,,Silty clay / clayey silt,,,Silty clay / clayey silt 3,3,16.7,17.06,-18.15,-18.509999999999998
-18.29,16.84,1.136,0.025,2.243,0.368,1.696,-3.099,16.83,1612.5,1.29056,12.9056,2.8343309804599444,0.15559137118770147,,,Silty clay / clayey silt,,,Silty clay / clayey silt 3,3,16.7,17.06,-18.15,-18.509999999999998
-18.31,16.86,1.166,0.026,2.252,0.362,1.656,-3.107,16.85,1613.3,1.3180399999999999,13.180399999999999,2.8276857956842205,0.1476434706078723,,,Silty clay / clayey silt,,,Silty clay / clayey silt 3,3,16.7,17.06,-18.15,-18.509999999999998
-18.33,16.88,1.205,0.028,2.326,0.337,1.665,-3.08,16.87,1614.1,1.34654,13.465399999999999,2.8278233414767806,0.12580391224917198,,,Silty clay / clayey silt,,,Silty clay / clayey silt 3,3,16.7,17.06,-18.15,-18.509999999999998
-18.349999999999998,16.9,1.255,0.029,2.368,0.315,1.666,-3.079,16.89,1614.9,1.3873,13.873,2.8214967144424605,0.10610538455993658,,,Silty clay / clayey silt,,,Silty clay / clayey silt 3,3,16.7,17.06,-18.15,-18.509999999999998
-18.37,16.92,1.286,0.03,2.416,0.309,1.66,-3.115,16.91,1615.7,1.41578,14.1578,2.819166609434117,0.09959174448007459,,,Silty clay / clayey silt,,,Silty clay / clayey silt 3,3,16.7,17.06,-18.15,-18.509999999999998
-18.39,16.94,1.309,0.026,2.074,0.283,1.649,-3.129,16.93,1616.5,1.42786,14.278599999999999,2.7789317703149092,0.08040003921953134,,,Silty clay / clayey silt,,,Silty clay / clayey silt 3,3,16.7,17.06,-18.15,-18.509999999999998
-18.41,16.96,1.28,0.021,1.685,0.268,1.615,-3.146,16.95,1617.3,1.39256,13.9256,2.739305200538137,0.07152295053714022,,,Silty clay / clayey silt,,,Silty clay / clayey silt 3,3,16.7,17.06,-18.15,-18.509999999999998
-18.43,16.98,1.283,0.017,1.296,0.242,1.609,-3.083,16.97,1618.0,1.3846399999999999,13.8464,2.6830035495222426,0.053010168708111864,,,Silty clay / clayey silt,,,Silty clay / clayey silt 3,3,16.7,17.06,-18.15,-18.509999999999998
-18.45,17.0,1.274,0.02,1.313,0.217,1.595,-3.104,16.99,1618.8,1.36514,13.6514,2.6911614632549523,0.035307734005303494,,,Silty clay / clayey silt,,,Silty clay / clayey silt 3,3,16.7,17.06,-18.15,-18.509999999999998
-18.47,17.02,1.707,0.023,1.062,0.21,1.572,-3.09,17.01,1624.2,1.7952000000000001,17.952,2.542239606914683,0.02283868092691622,,,Sand mixtures,,,Silty clay / clayey silt 3,3,16.7,17.06,-18.15,-18.509999999999998
-18.49,17.04,2.651,0.023,0.781,0.195,1.525,-3.046,17.03,1641.0,2.7329,27.329,2.317889413952029,0.00944052105821655,,,Sand mixtures,,,Silty clay / clayey silt 3,3,16.7,17.06,-18.15,-18.509999999999998
-18.509999999999998,17.06,3.594,0.022,0.596,0.18,1.478,-3.002,17.05,1657.9,3.6696,36.696,2.1496494859752784,0.0028885982123392257,,,Sand mixtures,,,Sand 2,2,17.06,20.96,-18.509999999999998,-22.41
-18.529999999999998,17.08,4.726,0.024,0.515,0.152,1.448,-2.99,17.07,1666.0,4.78984,47.8984,2.0177253559357,-0.003674444240308646,,,Sand,,,Sand 2,2,17.06,20.96,-18.509999999999998,-22.41
-18.55,17.1,5.609,0.027,0.484,0.13,1.449,-2.973,17.09,1666.9,5.6636,56.635999999999996,1.9407514629872984,-0.007027332438731552,,,Sand,,,Sand 2,2,17.06,20.96,-18.509999999999998,-22.41
-18.57,17.12,6.162,0.029,0.498,0.133,1.455,-2.956,17.11,1667.8,6.21786,62.178599999999996,1.9108870629866417,-0.005950600367328952,,,Sand,,,Sand 2,2,17.06,20.96,-18.509999999999998,-22.41
-18.59,17.14,6.559,0.031,0.5,0.142,1.447,-2.94,17.13,1668.7,6.61864,66.1864,1.8879802840598612,-0.004260694039863172,,,Sand,,,Sand 2,2,17.06,20.96,-18.509999999999998,-22.41
-18.61,17.16,6.895,0.035,0.528,0.148,1.416,-2.96,17.15,1669.6,6.95716,69.5716,1.880833946620519,-0.003219704592103671,,,Sand,,,Sand 2,2,17.06,20.96,-18.509999999999998,-22.41
-18.63,17.18,7.207,0.037,0.523,0.152,1.433,-2.93,17.17,1670.5,7.27084,72.7084,1.862199118848506,-0.002558163843517392,,,Sand,,,Sand 2,2,17.06,20.96,-18.509999999999998,-22.41
-18.65,17.2,7.548,0.04,0.523,0.155,1.425,-2.92,17.19,1671.6,7.6131,76.131,1.8449721350220025,-0.0020753700857732045,,,Sand,,,Sand 2,2,17.06,20.96,-18.509999999999998,-22.41
-18.669999999999998,17.22,7.937,0.047,0.577,0.157,1.393,-2.891,17.21,1672.5,8.00294,80.02940000000001,1.8486246008209006,-0.0017493571112616078,,,Sand,,,Sand 2,2,17.06,20.96,-18.509999999999998,-22.41
-18.689999999999998,17.24,8.446,0.048,0.551,0.157,1.403,-2.843,17.23,1673.5,8.51194,85.11939999999998,1.8153028539438447,-0.0016682448419514224,,,Sand,,,Sand 2,2,17.06,20.96,-18.509999999999998,-22.41
-18.71,17.26,9.111,0.048,0.526,0.155,1.412,-2.834,17.25,1674.5,9.1761,91.76100000000001,1.776945035790864,-0.0017872516646505602,,,Sand,,,Sand 2,2,17.06,20.96,-18.509999999999998,-22.41
-18.73,17.28,9.827,0.054,0.559,0.149,1.362,-2.837,17.27,1675.6,9.88958,98.8958,1.763798737436097,-0.002285233548846361,,,Sand,,,Sand 2,2,17.06,20.96,-18.509999999999998,-22.41
-18.75,17.3,10.483,0.059,0.58,0.097,1.374,-2.848,17.29,1676.7,10.52374,105.2374,1.7502405575645386,-0.0071077392637978526,,,Sand,,,Sand 2,2,17.06,20.96,-18.509999999999998,-22.41
-18.77,17.32,10.918,0.063,0.598,0.064,1.346,-2.836,17.31,1677.8,10.94488,109.44879999999999,1.7437231432614748,-0.009867627603043615,,,Sand,,,Sand 2,2,17.06,20.96,-18.509999999999998,-22.41
-18.79,17.34,11.278,0.067,0.602,0.081,1.323,-2.856,17.33,1678.9,11.31202,113.12020000000001,1.7336526790241324,-0.008062220540628462,,,Sand,,,Sand 2,2,17.06,20.96,-18.509999999999998,-22.41
-18.81,17.36,11.66,0.071,0.609,0.101,1.328,-2.866,17.35,1680.1,11.70242,117.02420000000001,1.7245541370002815,-0.006101302123834213,,,Sand,,,Sand 2,2,17.06,20.96,-18.509999999999998,-22.41
-18.83,17.38,12.197,0.076,0.62,0.12,1.31,-2.874,17.37,1681.3,12.247399999999999,122.47399999999999,1.7131081662894407,-0.004294789098094286,,,Sand,,,Sand 2,2,17.06,20.96,-18.509999999999998,-22.41
-18.849999999999998,17.4,12.791,0.082,0.645,0.135,1.332,-2.871,17.39,1682.5,12.8477,128.47699999999998,1.7066896416434019,-0.0029421608536936562,,,Sand,,,Sand 2,2,17.06,20.96,-18.509999999999998,-22.41
-18.87,17.42,13.34,0.087,0.658,0.148,1.297,-2.897,17.41,1683.8,13.40216,134.0216,1.697378133540169,-0.0018653709551296209,,,Sand,,,Sand 2,2,17.06,20.96,-18.509999999999998,-22.41
-18.89,17.44,13.754,0.091,0.673,0.154,1.306,-2.888,17.43,1685.2,13.818679999999999,138.18679999999998,1.6929249076720188,-0.0013894235918336622,,,Sand,,,Sand 2,2,17.06,20.96,-18.509999999999998,-22.41
-18.91,17.46,14.108,0.095,0.682,0.156,1.283,-2.924,17.45,1686.7,14.17352,141.7352,1.687886995278525,-0.0012276414045346536,,,Sand,,,Sand 2,2,17.06,20.96,-18.509999999999998,-22.41
-18.93,17.48,14.422,0.098,0.687,0.156,1.302,-2.895,17.47,1688.0,14.48752,144.8752,1.68245479138039,-0.0012148387025522653,,,Sand,,,Sand 2,2,17.06,20.96,-18.509999999999998,-22.41
-18.95,17.5,14.652,0.101,0.696,0.156,1.276,-2.928,17.49,1689.6,14.717519999999999,147.1752,1.6807061119665854,-0.0012094428952703978,,,Sand,,,Sand 2,2,17.06,20.96,-18.509999999999998,-22.41
-18.97,17.52,14.852,0.103,0.698,0.156,1.287,-2.893,17.51,1691.1,14.91752,149.17520000000002,1.676958792125656,-0.0012066348830100445,,,Sand,,,Sand 2,2,17.06,20.96,-18.509999999999998,-22.41
-18.99,17.54,15.032,0.105,0.7,0.157,1.277,-2.92,17.53,1692.7,15.09794,150.9794,1.6737166285816245,-0.0011392282655779524,,,Sand,,,Sand 2,2,17.06,20.96,-18.509999999999998,-22.41
-19.009999999999998,17.56,15.264,0.107,0.698,0.157,1.282,-2.894,17.55,1694.3,15.329939999999999,153.2994,1.6678203388886796,-0.00113503379660977,,,Sand,,,Sand 2,2,17.06,20.96,-18.509999999999998,-22.41
-19.029999999999998,17.58,15.521,0.109,0.697,0.157,1.271,-2.885,17.57,1696.0,15.58694,155.8694,1.6618675494324036,-0.00112915042978288,,,Sand,,,Sand 2,2,17.06,20.96,-18.509999999999998,-22.41
-19.05,17.6,15.803,0.11,0.686,0.157,1.286,-2.907,17.59,1697.8,15.86894,158.6894,1.6514627533467399,-0.001121688027051587,,,Sand,,,Sand 2,2,17.06,20.96,-18.509999999999998,-22.41
-19.07,17.62,16.159,0.112,0.687,0.157,1.275,-2.923,17.61,1699.6,16.22494,162.2494,1.6444744348659033,-0.001109403178070304,,,Sand,,,Sand 2,2,17.06,20.96,-18.509999999999998,-22.41
-19.09,17.64,16.543,0.115,0.695,0.157,1.274,-2.911,17.63,1701.6,16.60894,166.08939999999998,1.6399564175833101,-0.0010957953969368299,,,Sand,,,Sand 2,2,17.06,20.96,-18.509999999999998,-22.41
-19.11,17.66,16.952,0.118,0.703,0.158,1.268,-2.911,17.65,1703.8,17.01836,170.1836,1.6351509398518695,-0.0010224251925567433,,,Sand,,,Sand 2,2,17.06,20.96,-18.509999999999998,-22.41
-19.13,17.68,17.285,0.119,0.7,0.158,1.255,-2.922,17.67,1706.1,17.35136,173.5136,1.6275668400021672,-0.001014329712483632,,,Sand,,,Sand 2,2,17.06,20.96,-18.509999999999998,-22.41
-19.15,17.7,17.341,0.121,0.698,0.158,1.215,-2.95,17.69,1708.8,17.40736,174.0736,1.6256955238619226,-0.001022555976322658,,,Sand,,,Sand 2,2,17.06,20.96,-18.509999999999998,-22.41
-19.169999999999998,17.72,17.273,0.121,0.687,0.158,1.224,-2.932,17.71,1711.4,17.33936,173.3936,1.6224787033179295,-0.0010381005988686993,,,Sand,,,Sand 2,2,17.06,20.96,-18.509999999999998,-22.41
-19.189999999999998,17.74,17.43,0.113,0.637,0.158,1.223,-2.968,17.73,1714.0,17.49636,174.9636,1.5982862412538443,-0.0010402163650039202,,,Sand,,,Sand 2,2,17.06,20.96,-18.509999999999998,-22.41
-19.21,17.76,17.916,0.111,0.618,0.158,1.239,-2.951,17.75,1717.4,17.98236,179.8236,1.5807261840207139,-0.0010232249827052736,,,Sand,,,Sand 2,2,17.06,20.96,-18.509999999999998,-22.41
-19.23,17.78,18.352,0.107,0.591,0.158,1.244,-2.924,17.77,1721.1,18.41836,184.1836,1.5603416254451201,-0.0010098618986706738,,,Sand,,,Sand 2,2,17.06,20.96,-18.509999999999998,-22.41
-19.25,17.8,18.632,0.104,0.568,0.158,1.235,-2.962,17.79,1726.1,18.69836,186.9836,1.5443540692332804,-0.001005435770837657,,,Sand,,,Sand 2,2,17.06,20.96,-18.509999999999998,-22.41
-19.27,17.82,19.364,0.101,0.545,0.158,1.228,-2.977,17.81,1727.1,19.43036,194.30360000000002,1.520092687340775,-0.0009778511566435207,,,Sand,,,Sand 2,2,17.06,20.96,-18.509999999999998,-22.41
-19.29,17.84,19.803,0.1,0.527,0.16,1.235,-2.943,17.83,1727.9,19.8702,198.702,1.5033686270868196,-0.0008656178599108207,,,Sand,,,Sand 2,2,17.06,20.96,-18.509999999999998,-22.41
-19.31,17.86,20.123,0.1,0.513,0.159,1.208,-2.944,17.85,1728.8,20.189780000000003,201.89780000000002,1.4906497688382339,-0.0009113521791718372,,,Sand,,,Sand 2,2,17.06,20.96,-18.509999999999998,-22.41
-19.33,17.88,20.381,0.1,0.497,0.158,1.219,-2.923,17.87,1729.6,20.44736,204.4736,1.4777790879355595,-0.000958558953331871,,,Sand,,,Sand 2,2,17.06,20.96,-18.509999999999998,-22.41
-19.349999999999998,17.9,20.595,0.102,0.499,0.157,1.221,-2.923,17.89,1730.4,20.66094,206.6094,1.4753260513108284,-0.0010067305746979558,,,Sand,,,Sand 2,2,17.06,20.96,-18.509999999999998,-22.41
-19.37,17.92,20.882,0.099,0.481,0.156,1.215,-2.92,17.91,1731.2,20.94752,209.4752,1.460740226744889,-0.0010502436565283145,,,Sand,,,Sand 2,2,17.06,20.96,-18.509999999999998,-22.41
-19.39,17.94,21.225,0.095,0.455,0.155,1.217,-2.943,17.93,1732.1,21.290100000000002,212.901,1.4403687633360416,-0.0010897083621025727,,,Sand,,,Sand 2,2,17.06,20.96,-18.509999999999998,-22.41
-19.41,17.96,21.309,0.09,0.429,0.155,1.229,-2.924,17.95,1732.9,21.374100000000002,213.741,1.4235656568542974,-0.0010947829382289783,,,Sand,,,Sand 2,2,17.06,20.96,-18.509999999999998,-22.41
-19.43,17.98,21.354,0.09,0.425,0.156,1.209,-2.936,17.97,1733.7,21.41952,214.19519999999997,1.4203936912360264,-0.0010551123461216684,,,Sand,,,Sand 2,2,17.06,20.96,-18.509999999999998,-22.41
-19.45,18.0,21.634,0.098,0.458,0.158,1.193,-2.948,17.99,1734.5,21.70036,217.0036,1.4355560565361667,-0.0009585094440829545,,,Sand,,,Sand 2,2,17.06,20.96,-18.509999999999998,-22.41
-19.47,18.02,21.898,0.102,0.469,0.16,1.195,-2.949,18.01,1740.9,21.9652,219.65200000000002,1.4377658294194666,-0.0008650046437091399,,,Sand,,,Sand 2,2,17.06,20.96,-18.509999999999998,-22.41
-19.49,18.04,22.158,0.104,0.465,0.162,1.198,-2.95,18.03,1747.5,22.22604,222.2604,1.4314368672280808,-0.0007738670496408712,,,Sand,,,Sand 2,2,17.06,20.96,-18.509999999999998,-22.41
-19.509999999999998,18.06,22.418,0.104,0.456,0.162,1.201,-2.951,18.05,1754.1,22.48604,224.8604,1.4222157998775078,-0.0007738134415841997,,,Sand,,,Sand 2,2,17.06,20.96,-18.509999999999998,-22.41
-19.529999999999998,18.08,22.993,0.103,0.443,0.16,1.183,-2.931,18.07,1755.3,23.0602,230.60199999999998,1.405847644480281,-0.0008499492632327546,,,Sand,,,Sand 2,2,17.06,20.96,-18.509999999999998,-22.41
-19.55,18.1,23.514,0.106,0.453,0.162,1.197,-2.921,18.09,1756.0,23.58204,235.8204,1.4042349181472529,-0.0007548117126423334,,,Sand,,,Sand 2,2,17.06,20.96,-18.509999999999998,-22.41
-19.57,18.12,23.818,0.112,0.477,0.162,1.199,-2.943,18.11,1756.8,23.88604,238.8604,1.4140312808409465,-0.0007535782406794931,,,Sand,,,Sand 2,2,17.06,20.96,-18.509999999999998,-22.41
-19.59,18.14,23.991,0.11,0.462,0.161,1.214,-2.96,18.13,1757.7,24.05862,240.58620000000002,1.4028267484230335,-0.0007980507610162173,,,Sand,,,Sand 2,2,17.06,20.96,-18.509999999999998,-22.41
-19.61,18.16,24.281,0.112,0.466,0.161,1.179,-2.968,18.15,1758.5,24.34862,243.4862,1.4011628624647634,-0.0007967597342272366,,,Sand,,,Sand 2,2,17.06,20.96,-18.509999999999998,-22.41
-19.63,18.18,24.481,0.118,0.486,0.161,1.193,-2.99,18.17,1759.3,24.548620000000003,245.48620000000003,1.4100818506607833,-0.0007984155524831943,,,Sand,,,Sand 2,2,17.06,20.96,-18.509999999999998,-22.41
-19.65,18.2,24.529,0.12,0.491,0.161,1.196,-2.94,18.19,1760.1,24.59662,245.96620000000001,1.412295761981156,-0.0008049886529124725,,,Sand,,,Sand 2,2,17.06,20.96,-18.509999999999998,-22.41
-19.669999999999998,18.22,24.559,0.124,0.506,0.16,1.178,-3.002,18.21,1760.9,24.6262,246.262,1.4203653549926791,-0.0008527503228269068,,,Sand,,,Sand 2,2,17.06,20.96,-18.509999999999998,-22.41
-19.689999999999998,18.24,24.614,0.13,0.525,0.159,1.2,-2.99,18.23,1761.7,24.680780000000002,246.80780000000001,1.4301083516735924,-0.0008994853485181581,,,Sand,,,Sand 2,2,17.06,20.96,-18.509999999999998,-22.41
-19.71,18.26,24.742,0.134,0.542,0.16,1.183,-3.002,18.25,1762.5,24.8092,248.092,1.437557774231669,-0.0008625832352514392,,,Sand,,,Sand 2,2,17.06,20.96,-18.509999999999998,-22.41
-19.73,18.28,24.988,0.138,0.554,0.161,1.186,-3.0,18.27,1763.3,25.05562,250.55620000000002,1.440692623799839,-0.0008221708343277872,,,Sand,,,Sand 2,2,17.06,20.96,-18.509999999999998,-22.41
-19.75,18.3,25.257,0.139,0.554,0.161,1.196,-2.972,18.29,1764.1,25.324620000000003,253.24620000000002,1.4372479720104896,-0.0008213351276346895,,,Sand,,,Sand 2,2,17.06,20.96,-18.509999999999998,-22.41
-19.77,18.32,25.384,0.14,0.555,0.161,1.197,-3.024,18.31,1764.9,25.451620000000002,254.51620000000003,1.436162456770392,-0.0008250948269697566,,,Sand,,,Sand 2,2,17.06,20.96,-18.509999999999998,-22.41
-19.79,18.34,25.454,0.142,0.562,0.161,1.201,-3.034,18.33,1765.8,25.521620000000002,255.21620000000001,1.4389414915533192,-0.0008306682726253265,,,Sand,,,Sand 2,2,17.06,20.96,-18.509999999999998,-22.41
-19.81,18.36,25.425,0.143,0.564,0.161,1.203,-2.996,18.35,1766.5,25.492620000000002,254.92620000000002,1.44034623356552,-0.0008394586354796005,,,Sand,,,Sand 2,2,17.06,20.96,-18.509999999999998,-22.41
-19.83,18.38,25.441,0.145,0.57,0.162,1.221,-2.99,18.37,1767.4,25.50904,255.09039999999996,1.443243271050111,-0.0008075568504341977,,,Sand,,,Sand 2,2,17.06,20.96,-18.509999999999998,-22.41
-19.849999999999998,18.4,25.452,0.144,0.569,0.162,1.219,-3.014,18.39,1768.2,25.52004,255.2004,1.4425897526441829,-0.0008150457444424062,,,Sand,,,Sand 2,2,17.06,20.96,-18.509999999999998,-22.41
-19.87,18.42,25.432,0.144,0.568,0.161,1.21,-3.004,18.41,1769.0,25.49962,254.9962,1.442329793202968,-0.0008627579548244248,,,Sand,,,Sand 2,2,17.06,20.96,-18.509999999999998,-22.41
-19.89,18.44,25.309,0.145,0.572,0.161,1.223,-3.016,18.43,1769.8,25.376620000000003,253.76620000000003,1.4459371957069187,-0.0008748209966496714,,,Sand,,,Sand 2,2,17.06,20.96,-18.509999999999998,-22.41
-19.91,18.46,25.173,0.146,0.578,0.162,1.225,-3.004,18.45,1770.6,25.241039999999998,252.41039999999998,1.4507161045193044,-0.0008478256046502049,,,Sand,,,Sand 2,2,17.06,20.96,-18.509999999999998,-22.41
-19.93,18.48,25.105,0.145,0.577,0.161,1.217,-3.029,18.47,1771.4,25.172620000000002,251.72620000000003,1.4510754700571786,-0.0008978008645901774,,,Sand,,,Sand 2,2,17.06,20.96,-18.509999999999998,-22.41
-19.95,18.5,24.927,0.144,0.581,0.162,1.219,-3.066,18.49,1772.2,24.99504,249.9504,1.4553693882777938,-0.0008721730391309629,,,Sand,,,Sand 2,2,17.06,20.96,-18.509999999999998,-22.41
-19.97,18.52,24.67,0.143,0.581,0.162,1.228,-3.058,18.51,1773.0,24.73804,247.3804,1.4586791847112288,-0.00088931863639965,,,Sand,,,Sand 2,2,17.06,20.96,-18.509999999999998,-22.41
-19.99,18.54,24.428,0.142,0.583,0.162,1.227,-3.042,18.53,1773.8,24.49604,244.96040000000002,1.4628384090604376,-0.0009062689316313979,,,Sand,,,Sand 2,2,17.06,20.96,-18.509999999999998,-22.41
-20.009999999999998,18.56,24.12,0.141,0.585,0.163,1.228,-3.049,18.55,1774.7,24.188460000000003,241.88460000000003,1.467897750346035,-0.0008847194075191217,,,Sand,,,Sand 2,2,17.06,20.96,-18.509999999999998,-22.41
-20.029999999999998,18.58,23.646,0.139,0.587,0.163,1.244,-3.059,18.57,1775.5,23.714460000000003,237.14460000000003,1.4752631291450338,-0.0009108366793930776,,,Sand,,,Sand 2,2,17.06,20.96,-18.509999999999998,-22.41
-20.05,18.6,23.316,0.138,0.59,0.163,1.236,-3.064,18.59,1776.3,23.38446,233.84459999999999,1.481265911110963,-0.0009322430366149149,,,Sand,,,Sand 2,2,17.06,20.96,-18.509999999999998,-22.41
-20.07,18.62,22.943,0.137,0.592,0.163,1.234,-3.047,18.61,1777.1,23.011460000000003,230.11460000000002,1.4874441444998026,-0.0009560453791284863,,,Sand,,,Sand 2,2,17.06,20.96,-18.509999999999998,-22.41
-20.09,18.64,22.53,0.134,0.592,0.164,1.248,-3.061,18.63,1777.9,22.59888,225.9888,1.4933065259857399,-0.0009380995872361811,,,Sand,,,Sand 2,2,17.06,20.96,-18.509999999999998,-22.41
-20.11,18.66,22.209,0.131,0.588,0.164,1.228,-3.047,18.65,1778.7,22.27788,222.77880000000002,1.496006205463494,-0.0009605940960270894,,,Sand,,,Sand 2,2,17.06,20.96,-18.509999999999998,-22.41
-20.13,18.68,21.859,0.128,0.586,0.165,1.263,-3.065,18.67,1779.5,21.9283,219.283,1.5001904848202035,-0.0009394253088474708,,,Sand,,,Sand 2,2,17.06,20.96,-18.509999999999998,-22.41
-20.15,18.7,21.467,0.128,0.592,0.165,1.244,-3.081,18.69,1780.3,21.536299999999997,215.36299999999994,1.509000442354986,-0.0009658112117680376,,,Sand,,,Sand 2,2,17.06,20.96,-18.509999999999998,-22.41
-20.169999999999998,18.72,21.067,0.126,0.594,0.165,1.254,-3.092,18.71,1781.1,21.1363,211.363,1.516103614643035,-0.0009935513784342564,,,Sand,,,Sand 2,2,17.06,20.96,-18.509999999999998,-22.41
-20.189999999999998,18.74,20.657,0.124,0.593,0.166,1.264,-3.103,18.73,1781.9,20.72672,207.2672,1.5220543110318716,-0.0009745873925059048,,,Sand,,,Sand 2,2,17.06,20.96,-18.509999999999998,-22.41
-20.21,18.76,20.335,0.122,0.595,0.167,1.259,-3.104,18.75,1782.7,20.40514,204.0514,1.5281584473071592,-0.0009507408427484451,,,Sand,,,Sand 2,2,17.06,20.96,-18.509999999999998,-22.41
-20.23,18.78,20.121,0.121,0.597,0.166,1.253,-3.14,18.77,1783.5,20.19072,201.9072,1.5325913294197022,-0.0010202706986179788,,,Sand,,,Sand 2,2,17.06,20.96,-18.509999999999998,-22.41
-20.25,18.8,19.958,0.12,0.6,0.166,1.283,-3.117,18.79,1784.3,20.02772,200.27719999999997,1.5366817642523791,-0.0010385605550706728,,,Sand,,,Sand 2,2,17.06,20.96,-18.509999999999998,-22.41
-20.27,18.82,19.741,0.119,0.603,0.167,1.269,-3.095,18.81,1785.1,19.811139999999998,198.1114,1.5416796436059355,-0.0010095330203107949,,,Sand,,,Sand 2,2,17.06,20.96,-18.509999999999998,-22.41
-20.29,18.84,19.523,0.115,0.588,0.167,1.262,-3.108,18.83,1785.9,19.59314,195.9314,1.5382803327019603,-0.001030973085477876,,,Sand,,,Sand 2,2,17.06,20.96,-18.509999999999998,-22.41
-20.31,18.86,19.282,0.114,0.59,0.167,1.275,-3.096,18.85,1786.8,19.35214,193.5214,1.5433463561503495,-0.0010541469832276937,,,Sand,,,Sand 2,2,17.06,20.96,-18.509999999999998,-22.41
-20.33,18.88,19.077,0.114,0.597,0.168,1.279,-3.158,18.87,1787.6,19.147560000000002,191.47560000000001,1.5501739740656333,-0.0010236291203683376,,,Sand,,,Sand 2,2,17.06,20.96,-18.509999999999998,-22.41
-20.349999999999998,18.9,18.808,0.113,0.601,0.168,1.265,-3.116,18.89,1788.4,18.87856,188.78560000000002,1.556746788420835,-0.0010488088074514148,,,Sand,,,Sand 2,2,17.06,20.96,-18.509999999999998,-22.41
-20.37,18.92,18.479,0.108,0.58,0.168,1.268,-3.126,18.91,1789.1,18.54956,185.49560000000002,1.5527822530413928,-0.0010781926902848368,,,Sand,,,Sand 2,2,17.06,20.96,-18.509999999999998,-22.41
-20.39,18.94,18.163,0.102,0.552,0.168,1.278,-3.107,18.93,1789.9,18.23356,182.3356,1.5450950100698417,-0.001107847288187276,,,Sand,,,Sand 2,2,17.06,20.96,-18.509999999999998,-22.41
-20.41,18.96,17.876,0.096,0.525,0.168,1.279,-3.123,18.95,1790.7,17.94656,179.46560000000002,1.5370755351190102,-0.001136708093361625,,,Sand,,,Sand 2,2,17.06,20.96,-18.509999999999998,-22.41
-20.43,18.98,17.575,0.1,0.557,0.168,1.301,-3.134,18.97,1791.5,17.64556,176.4556,1.5586844102541624,-0.001167432487265918,,,Sand,,,Sand 2,2,17.06,20.96,-18.509999999999998,-22.41
-20.45,19.0,17.086,0.104,0.6,0.169,1.28,-3.14,18.99,1799.3,17.156979999999997,171.56979999999996,1.5883678239406396,-0.0011540492557548,,,Sand,,,Sand 2,2,17.06,20.96,-18.509999999999998,-22.41
-20.47,19.02,16.384,0.107,0.642,0.169,1.287,-3.104,19.01,1817.5,16.45498,164.5498,1.6209869051069623,-0.0012154375149650745,,,Sand,,,Sand 2,2,17.06,20.96,-18.509999999999998,-22.41
-20.49,19.04,15.681,0.108,0.667,0.17,1.294,-3.068,19.03,1835.7,15.7524,157.524,1.6461607149389368,-0.001218861887712348,,,Sand,,,Sand 2,2,17.06,20.96,-18.509999999999998,-22.41
-20.509999999999998,19.06,15.285,0.107,0.69,0.17,1.304,-3.046,19.04,1844.4,15.3564,153.56400000000002,1.6640535629716202,-0.0012633169232372154,,,Sand,,,Sand 2,2,17.06,20.96,-18.509999999999998,-22.41
-20.529999999999998,19.08,15.006,0.107,0.707,0.17,1.312,-3.012,19.06,1845.2,15.0774,150.774,1.6769252890387547,-0.001299958878851789,,,Sand,,,Sand 2,2,17.06,20.96,-18.509999999999998,-22.41
-20.55,19.1,14.834,0.109,0.721,0.171,1.311,-3.022,19.08,1846.0,14.90582,149.0582,1.6861881355292585,-0.001261252316209374,,,Sand,,,Sand 2,2,17.06,20.96,-18.509999999999998,-22.41
-20.57,19.12,14.706,0.106,0.718,0.171,1.318,-3.054,19.1,1846.8,14.77782,147.7782,1.6879149869440533,-0.0012857106122553935,,,Sand,,,Sand 2,2,17.06,20.96,-18.509999999999998,-22.41
-20.59,19.14,14.55,0.104,0.711,0.171,1.327,-3.063,19.12,1847.7,14.621820000000001,146.21820000000002,1.6887645484555998,-0.0013131060292084014,,,Sand,,,Sand 2,2,17.06,20.96,-18.509999999999998,-22.41
-20.61,19.16,14.402,0.103,0.711,0.171,1.347,-3.086,19.14,1848.5,14.47382,144.7382,1.6921811022014261,-0.0013403510614336765,,,Sand,,,Sand 2,2,17.06,20.96,-18.509999999999998,-22.41
-20.63,19.18,14.276,0.101,0.708,0.171,1.329,-3.08,19.16,1849.3,14.34782,143.4782,1.69396056432431,-0.0013660611856017148,,,Sand,,,Sand 2,2,17.06,20.96,-18.509999999999998,-22.41
-20.65,19.2,14.133,0.1,0.707,0.171,1.324,-3.077,19.18,1850.1,14.20482,142.0482,1.69694828309046,-0.0013938930588349577,,,Sand,,,Sand 2,2,17.06,20.96,-18.509999999999998,-22.41
-20.669999999999998,19.22,13.983,0.098,0.701,0.172,1.338,-3.086,19.2,1850.9,14.055240000000001,140.5524,1.6981950845577771,-0.001351809005040111,,,Sand,,,Sand 2,2,17.06,20.96,-18.509999999999998,-22.41
-20.689999999999998,19.24,13.825,0.097,0.694,0.172,1.355,-3.095,19.22,1851.7,13.89724,138.9724,1.699294717977779,-0.0013815692900172975,,,Sand,,,Sand 2,2,17.06,20.96,-18.509999999999998,-22.41
-20.71,19.26,13.706,0.096,0.696,0.172,1.379,-3.074,19.24,1852.5,13.77824,137.7824,1.702992567071343,-0.0014080172794203039,,,Sand,,,Sand 2,2,17.06,20.96,-18.509999999999998,-22.41
-20.73,19.28,13.657,0.097,0.702,0.173,1.371,-3.095,19.26,1853.3,13.72966,137.2966,1.7065184709694876,-0.0013547312897770223,,,Sand,,,Sand 2,2,17.06,20.96,-18.509999999999998,-22.41
-20.75,19.3,13.636,0.096,0.704,0.173,1.37,-3.133,19.28,1854.1,13.70866,137.0866,1.7078096201125923,-0.0013713958913562675,,,Sand,,,Sand 2,2,17.06,20.96,-18.509999999999998,-22.41
-20.77,19.32,13.611,0.096,0.702,0.173,1.378,-3.13,19.3,1854.9,13.683660000000001,136.8366,1.7076566425405808,-0.0013885173995846138,,,Sand,,,Sand 2,2,17.06,20.96,-18.509999999999998,-22.41
-20.79,19.34,13.598,0.095,0.697,0.173,1.372,-3.129,19.32,1855.8,13.670660000000002,136.7066,1.7060426859396933,-0.0014044676701783225,,,Sand,,,Sand 2,2,17.06,20.96,-18.509999999999998,-22.41
-20.81,19.36,13.572,0.094,0.689,0.174,1.369,-3.081,19.34,1856.6,13.645079999999998,136.4508,1.7035600288536141,-0.001348471390420575,,,Sand,,,Sand 2,2,17.06,20.96,-18.509999999999998,-22.41
-20.83,19.38,13.584,0.094,0.692,0.174,1.37,-3.125,19.36,1857.4,13.657079999999999,136.5708,1.7044338036287763,-0.0013619309544939304,,,Sand,,,Sand 2,2,17.06,20.96,-18.509999999999998,-22.41
-20.849999999999998,19.4,13.643,0.095,0.697,0.174,1.395,-3.143,19.38,1858.2,13.71608,137.1608,1.704916358062886,-0.0013706540061008672,,,Sand,,,Sand 2,2,17.06,20.96,-18.509999999999998,-22.41
-20.87,19.42,13.716,0.095,0.699,0.174,1.393,-3.137,19.4,1859.0,13.789079999999998,137.89079999999998,1.7038920150401118,-0.0013779019339941463,,,Sand,,,Sand 2,2,17.06,20.96,-18.509999999999998,-22.41
-20.89,19.44,13.728,0.095,0.694,0.174,1.399,-3.147,19.42,1859.8,13.801079999999999,138.0108,1.7016507156314442,-0.0013911954716587392,,,Sand,,,Sand 2,2,17.06,20.96,-18.509999999999998,-22.41
-20.91,19.46,13.717,0.095,0.691,0.175,1.396,-3.13,19.44,1860.6,13.7905,137.905,1.7007383913227236,-0.001334251840034807,,,Sand,,,Sand 2,2,17.06,20.96,-18.509999999999998,-22.41
-20.93,19.48,13.682,0.095,0.691,0.175,1.418,-3.12,19.46,1861.4,13.7555,137.555,1.7016018571405567,-0.001352186398168005,,,Sand,,,Sand 2,2,17.06,20.96,-18.509999999999998,-22.41
-20.95,19.5,13.68,0.095,0.691,0.175,1.416,-3.183,19.48,1862.2,13.753499999999999,137.53499999999997,1.701651272779592,-0.0013669247827825634,,,Sand,,,Sand 2,2,17.06,20.96,-18.509999999999998,-22.41
-20.97,19.52,13.702,0.095,0.696,0.176,1.417,-3.139,19.5,1863.0,13.77592,137.7592,1.703049717809442,-0.0013066277969093897,,,Sand,,,Sand 2,2,17.06,20.96,-18.509999999999998,-22.41
-20.99,19.54,13.721,0.096,0.699,0.176,1.423,-3.165,19.52,1863.8,13.79492,137.9492,1.703748426595004,-0.0013193262447335678,,,Sand,,,Sand 2,2,17.06,20.96,-18.509999999999998,-22.41
-21.009999999999998,19.56,13.755,0.096,0.698,0.176,1.409,-3.17,19.54,1864.6,13.82892,138.2892,1.702525241723091,-0.0013305449738663596,,,Sand,,,Sand 2,2,17.06,20.96,-18.509999999999998,-22.41
-21.029999999999998,19.58,13.815,0.097,0.702,0.176,1.429,-3.232,19.56,1865.5,13.888919999999999,138.8892,1.702610880466055,-0.0013391970001987172,,,Sand,,,Sand 2,2,17.06,20.96,-18.509999999999998,-22.41
-21.05,19.6,13.877,0.097,0.701,0.176,1.433,-3.174,19.58,1866.3,13.95092,139.5092,1.7007152917319375,-0.0013475813781456715,,,Sand,,,Sand 2,2,17.06,20.96,-18.509999999999998,-22.41
-21.07,19.62,13.939,0.096,0.693,0.176,1.442,-3.217,19.6,1867.1,14.01292,140.1292,1.696092989436476,-0.0013558915629290683,,,Sand,,,Sand 2,2,17.06,20.96,-18.509999999999998,-22.41
-21.09,19.64,14.017,0.096,0.689,0.176,1.452,-3.198,19.62,1867.9,14.090919999999999,140.90919999999997,1.692639703126871,-0.0013625795902609617,,,Sand,,,Sand 2,2,17.06,20.96,-18.509999999999998,-22.41
-21.11,19.66,14.1,0.097,0.693,0.177,1.449,-3.235,19.64,1868.7,14.174339999999999,141.74339999999998,1.6922144486384971,-0.0012981204063116857,,,Sand,,,Sand 2,2,17.06,20.96,-18.509999999999998,-22.41
-21.13,19.68,14.162,0.098,0.696,0.177,1.453,-3.223,19.66,1869.5,14.23634,142.3634,1.6919155702653816,-0.0013065155791446392,,,Sand,,,Sand 2,2,17.06,20.96,-18.509999999999998,-22.41
-21.15,19.7,14.149,0.098,0.691,0.177,1.481,-3.221,19.68,1870.3,14.223339999999999,142.2334,1.690259903190804,-0.0013217711170512682,,,Sand,,,Sand 2,2,17.06,20.96,-18.509999999999998,-22.41
-21.169999999999998,19.72,14.137,0.099,0.695,0.178,1.487,-3.227,19.7,1871.1,14.21176,142.1176,1.6921076719255688,-0.0012665567107803658,,,Sand,,,Sand 2,2,17.06,20.96,-18.509999999999998,-22.41
-21.189999999999998,19.74,14.226,0.1,0.697,0.178,1.507,-3.243,19.72,1871.9,14.30076,143.0076,1.6907822415749394,-0.0012726596348725514,,,Sand,,,Sand 2,2,17.06,20.96,-18.509999999999998,-22.41
-21.21,19.76,14.386,0.101,0.7,0.178,1.5,-3.218,19.74,1872.7,14.460759999999999,144.6076,1.6882041171897881,-0.0012724089190333018,,,Sand,,,Sand 2,2,17.06,20.96,-18.509999999999998,-22.41
-21.23,19.78,14.593,0.101,0.695,0.178,1.509,-3.231,19.76,1873.5,14.66776,146.6776,1.6814514799847144,-0.0012680872880385277,,,Sand,,,Sand 2,2,17.06,20.96,-18.509999999999998,-22.41
-21.25,19.8,14.699,0.101,0.693,0.178,1.522,-3.245,19.78,1874.4,14.77376,147.73760000000001,1.678236738674661,-0.001272526425229597,,,Sand,,,Sand 2,2,17.06,20.96,-18.509999999999998,-22.41
-21.27,19.82,14.773,0.102,0.691,0.179,1.528,-3.259,19.8,1875.2,14.84818,148.4818,1.6757524133516914,-0.0012122697866001086,,,Sand,,,Sand 2,2,17.06,20.96,-18.509999999999998,-22.41
-21.29,19.84,14.986,0.102,0.676,0.179,1.536,-3.257,19.82,1876.0,15.06118,150.61180000000002,1.6649373654878648,-0.0012084046535530408,,,Sand,,,Sand 2,2,17.06,20.96,-18.509999999999998,-22.41
-21.31,19.86,15.29,0.1,0.647,0.179,1.547,-3.28,19.84,1876.8,15.365179999999999,153.65179999999998,1.6462196797140278,-0.0011975128179429059,,,Sand,,,Sand 2,2,17.06,20.96,-18.509999999999998,-22.41
-21.33,19.88,15.65,0.1,0.633,0.179,1.543,-3.274,19.86,1877.6,15.72518,157.2518,1.6324289387985882,-0.0011828163493200056,,,Sand,,,Sand 2,2,17.06,20.96,-18.509999999999998,-22.41
-21.349999999999998,19.9,16.171,0.098,0.614,0.18,1.576,-3.287,19.88,1878.5,16.2466,162.466,1.6130971998300256,-0.0010956138515135464,,,Sand,,,Sand 2,2,17.06,20.96,-18.509999999999998,-22.41
-21.37,19.92,16.82,0.096,0.59,0.18,1.576,-3.286,19.9,1879.3,16.8956,168.95600000000002,1.5889978257637407,-0.0010653661308269607,,,Sand,,,Sand 2,2,17.06,20.96,-18.509999999999998,-22.41
-21.39,19.94,17.364,0.094,0.566,0.18,1.596,-3.277,19.92,1880.1,17.439600000000002,174.39600000000002,1.5670017011691766,-0.0010436019174751706,,,Sand,,,Sand 2,2,17.06,20.96,-18.509999999999998,-22.41
-21.41,19.96,17.772,0.093,0.551,0.18,1.586,-3.283,19.94,1880.9,17.8476,178.476,1.5518892103790995,-0.001030950940182434,,,Sand,,,Sand 2,2,17.06,20.96,-18.509999999999998,-22.41
-21.43,19.98,18.174,0.1,0.572,0.181,1.57,-3.288,19.96,1883.4,18.25002,182.5002,1.5544604526620542,-0.0009643825047862958,,,Sand,,,Sand 2,2,17.06,20.96,-18.509999999999998,-22.41
-21.45,20.0,18.68,0.106,0.579,0.181,1.581,-3.287,19.98,1891.7,18.75602,187.5602,1.548589478954097,-0.0009490286318739255,,,Sand,,,Sand 2,2,17.06,20.96,-18.509999999999998,-22.41
-21.47,20.02,19.187,0.111,0.579,0.181,1.592,-3.286,20.0,1900.0,19.26302,192.6302,1.5396543331323271,-0.0009344329186181606,,,Sand,,,Sand 2,2,17.06,20.96,-18.509999999999998,-22.41
-21.49,20.04,19.693,0.115,0.578,0.181,1.603,-3.285,20.02,1908.3,19.76902,197.6902,1.530520555085167,-0.000920632383395838,,,Sand,,,Sand 2,2,17.06,20.96,-18.509999999999998,-22.41
-21.509999999999998,20.06,20.266,0.117,0.576,0.181,1.609,-3.303,20.04,1910.6,20.342019999999998,203.42019999999997,1.5200515012401883,-0.0009045316050225091,,,Sand,,,Sand 2,2,17.06,20.96,-18.509999999999998,-22.41
-21.529999999999998,20.08,20.932,0.123,0.604,0.182,1.624,-3.326,20.06,1911.5,21.00844,210.0844,1.5228509224482485,-0.0008377585389491065,,,Sand,,,Sand 2,2,17.06,20.96,-18.509999999999998,-22.41
-21.55,20.1,21.094,0.127,0.624,0.182,1.628,-3.365,20.08,1912.3,21.170440000000003,211.70440000000002,1.5296907689726729,-0.0008407949952858801,,,Sand,,,Sand 2,2,17.06,20.96,-18.509999999999998,-22.41
-21.57,20.12,20.635,0.128,0.628,0.182,1.643,-3.353,20.1,1913.1,20.711440000000003,207.11440000000002,1.538659325366112,-0.000869084911527156,,,Sand,,,Sand 2,2,17.06,20.96,-18.509999999999998,-22.41
-21.59,20.14,20.145,0.13,0.634,0.182,1.639,-3.365,20.12,1913.9,20.22144,202.2144,1.549193327560894,-0.0009000348145334846,,,Sand,,,Sand 2,2,17.06,20.96,-18.509999999999998,-22.41
-21.61,20.16,20.062,0.135,0.659,0.182,1.655,-3.367,20.14,1914.8,20.138440000000003,201.38440000000003,1.5616589513847152,-0.0009136755379264717,,,Sand,,,Sand 2,2,17.06,20.96,-18.509999999999998,-22.41
-21.63,20.18,20.26,0.135,0.664,0.182,1.634,-3.388,20.16,1915.6,20.336440000000003,203.36440000000002,1.5606791613147146,-0.0009146143572818051,,,Sand,,,Sand 2,2,17.06,20.96,-18.509999999999998,-22.41
-21.65,20.2,20.393,0.135,0.674,0.182,1.646,-3.345,20.18,1916.4,20.469440000000002,204.69440000000003,1.562921293977222,-0.0009184423218221886,,,Sand,,,Sand 2,2,17.06,20.96,-18.509999999999998,-22.41
-21.669999999999998,20.22,20.185,0.135,0.686,0.182,1.656,-3.358,20.2,1917.2,20.26144,202.6144,1.5713550235603293,-0.000937741838684712,,,Sand,,,Sand 2,2,17.06,20.96,-18.509999999999998,-22.41
-21.689999999999998,20.24,19.63,0.135,0.693,0.182,1.665,-3.347,20.22,1918.1,19.70644,197.06440000000003,1.5832564341938793,-0.0009743007869508641,,,Sand,,,Sand 2,2,17.06,20.96,-18.509999999999998,-22.41
-21.71,20.26,18.91,0.133,0.693,0.182,1.641,-3.375,20.24,1918.9,18.98644,189.86440000000002,1.5952936374094089,-0.0010217818611598596,,,Sand,,,Sand 2,2,17.06,20.96,-18.509999999999998,-22.41
-21.73,20.28,18.266,0.129,0.681,0.182,1.658,-3.378,20.26,1919.8,18.34244,183.4244,1.6015194634070544,-0.0010685601261337092,,,Sand,,,Sand 2,2,17.06,20.96,-18.509999999999998,-22.41
-21.75,20.3,17.936,0.126,0.673,0.183,1.658,-3.415,20.28,1920.6,18.01286,180.1286,1.6041025582884514,-0.0010436987796496509,,,Sand,,,Sand 2,2,17.06,20.96,-18.509999999999998,-22.41
-21.77,20.32,17.905,0.125,0.671,0.183,1.644,-3.449,20.3,1921.4,17.98186,179.8186,1.6038251008778956,-0.0010566203941082847,,,Sand,,,Sand 2,2,17.06,20.96,-18.509999999999998,-22.41
-21.79,20.34,18.215,0.123,0.66,0.184,1.65,-3.448,20.32,1922.2,18.292279999999998,182.9228,1.5935082563312737,-0.000994955248880948,,,Sand,,,Sand 2,2,17.06,20.96,-18.509999999999998,-22.41
-21.81,20.36,18.84,0.124,0.655,0.184,1.655,-3.446,20.34,1923.1,18.917279999999998,189.1728,1.5803107962194707,-0.0009726556883442005,,,Sand,,,Sand 2,2,17.06,20.96,-18.509999999999998,-22.41
-21.83,20.38,19.467,0.126,0.653,0.185,1.67,-3.484,20.36,1923.9,19.5447,195.44699999999997,1.5687631724480577,-0.0009004998797627986,,,Sand,,,Sand 2,2,17.06,20.96,-18.509999999999998,-22.41
-21.849999999999998,20.4,20.064,0.129,0.649,0.185,1.638,-3.487,20.38,1924.7,20.1417,201.417,1.5571965079142485,-0.000883738711230928,,,Sand,,,Sand 2,2,17.06,20.96,-18.509999999999998,-22.41
-21.87,20.42,20.806,0.13,0.634,0.185,1.644,-3.515,20.4,1925.6,20.8837,208.83700000000002,1.5387037930527991,-0.0008619162313191627,,,Sand,,,Sand 2,2,17.06,20.96,-18.509999999999998,-22.41
-21.89,20.44,21.64,0.129,0.611,0.185,1.638,-3.515,20.42,1926.4,21.7177,217.17700000000002,1.5153315852864402,-0.0008380261261551632,,,Sand,,,Sand 2,2,17.06,20.96,-18.509999999999998,-22.41
-21.91,20.46,22.127,0.128,0.59,0.185,1.637,-3.496,20.44,1927.2,22.2047,222.047,1.4980533199318342,-0.0008286533932005388,,,Sand,,,Sand 2,2,17.06,20.96,-18.509999999999998,-22.41
-21.93,20.48,22.411,0.131,0.583,0.185,1.647,-3.505,20.46,1928.0,22.4887,224.887,1.4904852271371456,-0.0008270820456495926,,,Sand,,,Sand 2,2,17.06,20.96,-18.509999999999998,-22.41
-21.95,20.5,22.81,0.133,0.575,0.186,1.663,-3.474,20.48,1928.9,22.888119999999997,228.88119999999995,1.480781809588846,-0.0007776960274587859,,,Sand,,,Sand 2,2,17.06,20.96,-18.509999999999998,-22.41
-21.97,20.52,23.604,0.133,0.559,0.186,1.638,-3.519,20.5,1929.7,23.682119999999998,236.82119999999998,1.4615676095388452,-0.0007600670885883528,,,Sand,,,Sand 2,2,17.06,20.96,-18.509999999999998,-22.41
-21.99,20.54,24.84,0.133,0.539,0.186,1.635,-3.475,20.52,1930.5,24.91812,249.1812,1.434534989888153,-0.0007303921804694732,,,Sand,,,Sand 2,2,17.06,20.96,-18.509999999999998,-22.41
-22.009999999999998,20.56,25.897,0.136,0.533,0.185,1.613,-3.55,20.54,1931.5,25.9747,259.74699999999996,1.417838485272402,-0.0007468806184479505,,,Sand,,,Sand 2,2,17.06,20.96,-18.509999999999998,-22.41
-22.029999999999998,20.58,26.612,0.144,0.54,0.186,1.627,-3.586,20.56,1932.3,26.690119999999997,266.90119999999996,1.4128899806764204,-0.0006968870878062732,,,Sand,,,Sand 2,2,17.06,20.96,-18.509999999999998,-22.41
-22.05,20.6,27.812,0.153,0.554,0.187,1.62,-3.573,20.58,1933.1,27.89054,278.9054,1.4064279517857696,-0.0006382092279317651,,,Sand,,,Sand 2,2,17.06,20.96,-18.509999999999998,-22.41
-22.07,20.62,29.328,0.159,0.554,0.189,1.624,-3.573,20.6,1934.0,29.40738,294.0738,1.3897628512136844,-0.0005440811116121191,,,Sand,,,Sand 2,2,17.06,20.96,-18.509999999999998,-22.41
-22.09,20.64,30.8,0.163,0.548,0.189,1.646,-3.593,20.62,1934.8,30.87938,308.79380000000003,1.3712439127242648,-0.000524621932176099,,,Sand,,,Sand 2,2,17.06,20.96,-18.509999999999998,-22.41
-22.11,20.66,31.563,0.166,0.543,0.189,1.646,-3.62,20.64,1935.6,31.64238,316.4238,1.3608896545988203,-0.0005182922397114243,,,Sand,,,Sand 2,2,17.06,20.96,-18.509999999999998,-22.41
-22.13,20.68,31.914,0.173,0.55,0.189,1.646,-3.628,20.66,1936.5,31.993380000000002,319.9338,1.3613983469152653,-0.0005188573386119251,,,Sand,,,Sand 2,2,17.06,20.96,-18.509999999999998,-22.41
-22.15,20.7,32.396,0.176,0.548,0.189,1.671,-3.665,20.68,1937.3,32.47538,324.7538,1.3556837504589316,-0.0005173149629042056,,,Sand,,,Sand 2,2,17.06,20.96,-18.509999999999998,-22.41
-22.169999999999998,20.72,32.912,0.184,0.564,0.191,1.679,-3.706,20.7,1938.1,32.992219999999996,329.9221999999999,1.3597439817170152,-0.000454652642350226,,,Sand,,,Sand 2,2,17.06,20.96,-18.509999999999998,-22.41
-22.189999999999998,20.74,33.324,0.191,0.578,0.192,1.665,-3.709,20.72,1939.0,33.40464,334.0464,1.363621596939632,-0.00042509064608988416,,,Sand,,,Sand 2,2,17.06,20.96,-18.509999999999998,-22.41
-22.21,20.76,33.689,0.196,0.59,0.181,1.715,-3.717,20.74,1939.9,33.76502,337.6502,1.366847496168771,-0.0007522578100057399,,,Sand,,,Sand 2,2,17.06,20.96,-18.509999999999998,-22.41
-22.23,20.78,33.766,0.204,0.607,0.17,1.725,-3.717,20.76,1940.7,33.837399999999995,338.37399999999997,1.3751805631091722,-0.001081643388676435,,,Sand,,,Sand 2,2,17.06,20.96,-18.509999999999998,-22.41
-22.25,20.8,33.885,0.207,0.612,0.152,1.721,-3.703,20.78,1941.6,33.94884,339.48839999999996,1.376807256074358,-0.0016141935924762088,,,Sand,,,Sand 2,2,17.06,20.96,-18.509999999999998,-22.41
-22.27,20.82,34.056,0.207,0.607,0.142,1.758,-3.71,20.8,1942.4,34.11564,341.1564,1.3727503961308165,-0.0019052844970811043,,,Sand,,,Sand 2,2,17.06,20.96,-18.509999999999998,-22.41
-22.29,20.84,34.303,0.21,0.612,0.137,1.767,-3.737,20.82,1943.2,34.36054,343.60540000000003,1.3732415614519795,-0.0020430412327629307,,,Sand,,,Sand 2,2,17.06,20.96,-18.509999999999998,-22.41
-22.31,20.86,34.572,0.214,0.619,0.131,1.772,-3.743,20.84,1944.1,34.62702,346.27020000000005,1.3745931006338041,-0.0022063694767843135,,,Sand,,,Sand 2,2,17.06,20.96,-18.509999999999998,-22.41
-22.33,20.88,34.901,0.214,0.613,0.129,1.774,-3.744,20.86,1944.9,34.955180000000006,349.55180000000007,1.368706494815713,-0.0022485937706514443,,,Sand,,,Sand 2,2,17.06,20.96,-18.509999999999998,-22.41
-22.349999999999998,20.9,35.276,0.2,0.572,0.126,1.798,-3.779,20.88,1945.8,35.328920000000004,353.28920000000005,1.3435574523719227,-0.0023153835441332474,,,Sand,,,Sand 2,2,17.06,20.96,-18.509999999999998,-22.41
-22.37,20.92,35.618,0.186,0.531,0.124,1.805,-3.838,20.9,1946.6,35.67008,356.7008,1.317334220760747,-0.0023549148193668192,,,Sand,,,Sand 2,2,17.06,20.96,-18.509999999999998,-22.41
-22.39,20.94,35.783,0.174,0.492,0.123,1.809,-3.797,20.92,1947.4,35.83466,358.34659999999997,1.2923547564859394,-0.0023775863926154177,,,Dense sand / gravelly sand,,,Sand 2,2,17.06,20.96,-18.509999999999998,-22.41
-22.41,20.96,35.697,0.183,0.519,0.123,1.821,-3.83,20.94,1948.3,35.74866,357.4866,1.3095612399909684,-0.002388900730824596,,,Dense sand / gravelly sand,,,Sand 3,3,20.96,21.96,-22.41,-23.41
-22.43,20.98,35.19,0.19,0.54,0.128,1.83,-3.832,20.96,1957.0,35.243759999999995,352.4376,1.32620928755985,-0.0022869296579025623,,,Sand,,,Sand 3,3,20.96,21.96,-22.41,-23.41
-22.45,21.0,34.645,0.194,0.56,0.133,1.841,-3.83,20.98,1967.5,34.700860000000006,347.00860000000006,1.3422575492198583,-0.002184383902877334,,,Sand,,,Sand 3,3,20.96,21.96,-22.41,-23.41
-22.47,21.02,34.099,0.196,0.576,0.138,1.852,-3.828,21.0,1977.9,34.15696,341.5696,1.3558390147689663,-0.0020786393168478693,,,Sand,,,Sand 3,3,20.96,21.96,-22.41,-23.41
-22.49,21.04,33.634,0.196,0.585,0.131,1.851,-3.827,21.02,1982.1,33.68902,336.8902,1.3648460946514784,-0.00232123107172604,,,Sand,,,Sand 3,3,20.96,21.96,-22.41,-23.41
-22.509999999999998,21.06,33.175,0.203,0.613,0.124,1.862,-3.8,21.04,1982.9,33.227079999999994,332.27079999999995,1.3837065071092436,-0.0025701927463984194,,,Sand,,,Sand 3,3,20.96,21.96,-22.41,-23.41
-22.529999999999998,21.08,32.704,0.209,0.635,0.119,1.885,-3.847,21.06,1983.8,32.75398,327.5398,1.399137867057119,-0.0027660760615961775,,,Sand,,,Sand 3,3,20.96,21.96,-22.41,-23.41
-22.55,21.1,32.33,0.207,0.635,0.119,1.894,-3.867,21.08,1984.6,32.379979999999996,323.79979999999995,1.4025459505478426,-0.002804201855591017,,,Sand,,,Sand 3,3,20.96,21.96,-22.41,-23.41
-22.57,21.12,32.023,0.206,0.64,0.12,1.916,-3.854,21.1,1985.5,32.07340000000001,320.73400000000004,1.4078571656798367,-0.002806063591636683,,,Sand,,,Sand 3,3,20.96,21.96,-22.41,-23.41
-22.59,21.14,31.749,0.205,0.644,0.119,1.931,-3.874,21.12,1986.3,31.79898,317.9898,1.4123846373381919,-0.0028680165212846445,,,Sand,,,Sand 3,3,20.96,21.96,-22.41,-23.41
-22.61,21.16,31.524,0.206,0.656,0.12,1.942,-3.894,21.14,1987.2,31.5744,315.744,1.4203379553973092,-0.002863078950035471,,,Sand,,,Sand 3,3,20.96,21.96,-22.41,-23.41
-22.63,21.18,31.163,0.207,0.665,0.124,1.954,-3.883,21.16,1988.1,31.21508,312.1508,1.4280552180627124,-0.0027743001139192975,,,Sand,,,Sand 3,3,20.96,21.96,-22.41,-23.41
-22.65,21.2,30.697,0.206,0.671,0.124,1.955,-3.936,21.18,1989.0,30.74908,307.4908,1.4353681639838487,-0.002822848683602891,,,Sand,,,Sand 3,3,20.96,21.96,-22.41,-23.41
-22.669999999999998,21.22,30.215,0.203,0.671,0.127,1.994,-3.947,21.2,1989.8,30.26834,302.6834,1.4400595738568143,-0.0027751769670883823,,,Sand,,,Sand 3,3,20.96,21.96,-22.41,-23.41
-22.689999999999998,21.24,29.672,0.199,0.668,0.13,1.992,-3.93,21.22,1990.7,29.7266,297.266,1.4440489155265048,-0.0027315602860737516,,,Sand,,,Sand 3,3,20.96,21.96,-22.41,-23.41
-22.71,21.26,29.163,0.195,0.664,0.132,1.983,-3.982,21.24,1991.5,29.21844,292.18440000000004,1.4473489964187667,-0.002717461986334657,,,Sand,,,Sand 3,3,20.96,21.96,-22.41,-23.41
-22.73,21.28,28.688,0.192,0.665,0.135,2.028,-3.979,21.26,1992.4,28.744699999999998,287.44699999999995,1.4527533677465303,-0.002664839083378849,,,Sand,,,Sand 3,3,20.96,21.96,-22.41,-23.41
-22.75,21.3,28.219,0.19,0.667,0.138,2.017,-3.984,21.28,1993.2,28.276960000000003,282.7696,1.4586562535576761,-0.002609898659544732,,,Sand,,,Sand 3,3,20.96,21.96,-22.41,-23.41
-22.77,21.32,27.773,0.186,0.665,0.14,2.016,-3.993,21.3,1994.1,27.8318,278.31800000000004,1.4625465940537534,-0.002586968862955324,,,Sand,,,Sand 3,3,20.96,21.96,-22.41,-23.41
-22.79,21.34,27.339,0.183,0.669,0.142,2.026,-4.001,21.32,1994.9,27.39864,273.9864,1.4691831651073701,-0.0025621709690699973,,,Sand,,,Sand 3,3,20.96,21.96,-22.41,-23.41
-22.81,21.36,26.828,0.182,0.677,0.144,2.041,-4.026,21.34,1995.7,26.888479999999998,268.8848,1.4785935662082343,-0.0025438403360844492,,,Sand,,,Sand 3,3,20.96,21.96,-22.41,-23.41
-22.83,21.38,26.263,0.181,0.684,0.147,2.079,-4.066,21.36,1996.6,26.324740000000002,263.2474,1.488246928527549,-0.0024919524371370795,,,Sand,,,Sand 3,3,20.96,21.96,-22.41,-23.41
-22.849999999999998,21.4,25.751,0.178,0.687,0.149,2.051,-4.03,21.38,1997.4,25.81358,258.1358,1.4956078002215936,-0.002471567291324953,,,Sand,,,Sand 3,3,20.96,21.96,-22.41,-23.41
-22.87,21.42,25.264,0.177,0.691,0.152,2.048,-4.085,21.4,1998.3,25.32784,253.2784,1.503232061252825,-0.0024084169830510616,,,Sand,,,Sand 3,3,20.96,21.96,-22.41,-23.41
-22.89,21.44,24.808,0.172,0.679,0.154,2.065,-4.084,21.42,1999.2,24.87268,248.7268,1.5034965885720692,-0.002380121482687028,,,Sand,,,Sand 3,3,20.96,21.96,-22.41,-23.41
-22.91,21.46,24.619,0.165,0.651,0.157,2.091,-4.083,21.44,2000.0,24.68494,246.84940000000003,1.4931317058042137,-0.0022847938864749115,,,Sand,,,Sand 3,3,20.96,21.96,-22.41,-23.41
-22.93,21.48,24.771,0.159,0.62,0.158,2.091,-4.13,21.46,2000.9,24.83736,248.3736,1.4765958366994985,-0.002238563196732664,,,Sand,,,Sand 3,3,20.96,21.96,-22.41,-23.41
-22.95,21.5,25.347,0.154,0.588,0.159,2.098,-4.154,21.48,2001.8,25.413780000000003,254.13780000000003,1.4535972487227502,-0.0021563104740813833,,,Sand,,,Sand 3,3,20.96,21.96,-22.41,-23.41
-22.97,21.52,26.404,0.151,0.561,0.158,2.136,-4.187,21.5,2002.6,26.47036,264.7036,1.426744883600101,-0.0021155737965029564,,,Sand,,,Sand 3,3,20.96,21.96,-22.41,-23.41
-22.99,21.54,27.969,0.152,0.548,0.154,2.163,-4.176,21.52,2003.5,28.03368,280.3368,1.4015698746344532,-0.00214741696416596,,,Sand,,,Sand 3,3,20.96,21.96,-22.41,-23.41
-23.009999999999998,21.56,29.636,0.155,0.547,0.148,2.179,-4.188,21.54,2004.4,29.698159999999998,296.98159999999996,1.3828550475098673,-0.0022358287516802385,,,Sand,,,Sand 3,3,20.96,21.96,-22.41,-23.41
-23.029999999999998,21.58,30.668,0.164,0.569,0.14,2.198,-4.225,21.56,2005.2,30.7268,307.268,1.3842384627737236,-0.002427848002395302,,,Sand,,,Sand 3,3,20.96,21.96,-22.41,-23.41
-23.05,21.6,30.804,0.173,0.594,0.134,2.205,-4.185,21.58,2006.1,30.86028,308.6028,1.396133277502896,-0.0026182523295316834,,,Sand,,,Sand 3,3,20.96,21.96,-22.41,-23.41
-23.07,21.62,29.973,0.179,0.618,0.126,2.216,-4.186,21.6,2006.9,30.02592,300.25919999999996,1.416743182560459,-0.0029641056793597,,,Sand,,,Sand 3,3,20.96,21.96,-22.41,-23.41
-23.09,21.64,28.699,0.18,0.631,0.123,2.227,-4.191,21.62,2007.7,28.75066,287.5066,1.4364167668661123,-0.003206882902862056,,,Sand,,,Sand 3,3,20.96,21.96,-22.41,-23.41
-23.11,21.66,27.314,0.181,0.649,0.124,2.25,-4.207,21.64,2008.7,27.36608,273.6608,1.4601982549501855,-0.0033399010746149966,,,Sand,,,Sand 3,3,20.96,21.96,-22.41,-23.41
-23.13,21.68,26.25,0.177,0.652,0.128,2.211,-4.223,21.66,2009.5,26.30376,263.0376,1.4738149950598327,-0.003330322356955811,,,Sand,,,Sand 3,3,20.96,21.96,-22.41,-23.41
-23.15,21.7,25.489,0.178,0.668,0.132,2.232,-4.236,21.68,2010.3,25.54444,255.44440000000003,1.490267367683657,-0.003280557334590227,,,Sand,,,Sand 3,3,20.96,21.96,-22.41,-23.41
-23.169999999999998,21.72,25.179,0.18,0.682,0.136,2.23,-4.252,21.7,2011.2,25.23612,252.3612,1.5003457167203889,-0.003170059422763879,,,Sand,,,Sand 3,3,20.96,21.96,-22.41,-23.41
-23.189999999999998,21.74,25.463,0.182,0.686,0.14,2.248,-4.254,21.72,2012.1,25.521800000000002,255.21800000000002,1.498658806837761,-0.0029856828280136975,,,Sand,,,Sand 3,3,20.96,21.96,-22.41,-23.41
-23.21,21.76,26.419,0.184,0.679,0.146,2.234,-4.267,21.74,2012.9,26.48032,264.8032,1.4841832051322743,-0.0026585781440707666,,,Sand,,,Sand 3,3,20.96,21.96,-22.41,-23.41
-23.23,21.78,27.705,0.188,0.675,0.151,2.268,-4.32,21.76,2013.8,27.76842,277.6842,1.4678677084115865,-0.002362395843911897,,,Sand,,,Sand 3,3,20.96,21.96,-22.41,-23.41
-23.25,21.8,28.966,0.193,0.669,0.158,2.27,-4.307,21.78,2014.6,29.03236,290.3236,1.4516203869715174,-0.0020253262221879313,,,Sand,,,Sand 3,3,20.96,21.96,-22.41,-23.41
-23.27,21.82,30.163,0.2,0.667,0.16,2.289,-4.33,21.8,2015.5,30.2302,302.302,1.4385498709070692,-0.0018855316868561902,,,Sand,,,Sand 3,3,20.96,21.96,-22.41,-23.41
-23.29,21.84,31.565,0.205,0.659,0.165,2.309,-4.36,21.82,2016.5,31.6343,316.343,1.421223404555103,-0.00165010763633145,,,Sand,,,Sand 3,3,20.96,21.96,-22.41,-23.41
-23.31,21.86,32.807,0.207,0.643,0.167,2.328,-4.375,21.84,2017.3,32.877140000000004,328.7714000000001,1.4020088419770365,-0.0015329800584844048,,,Sand,,,Sand 3,3,20.96,21.96,-22.41,-23.41
-23.33,21.88,33.904,0.192,0.586,0.166,2.341,-4.365,21.86,2018.2,33.97372,339.73720000000003,1.3628624187666905,-0.0015188210181281286,,,Sand,,,Sand 3,3,20.96,21.96,-22.41,-23.41
-23.349999999999998,21.9,34.669,0.177,0.529,0.163,2.366,-4.358,21.88,2019.1,34.73746,347.3746,1.3242072537773253,-0.0015775476963485523,,,Sand,,,Sand 3,3,20.96,21.96,-22.41,-23.41
-23.37,21.92,35.326,0.168,0.49,0.161,2.376,-4.399,21.9,2019.9,35.39362,353.93619999999993,1.2949270595410158,-0.0016104597382240078,,,Dense sand / gravelly sand,,,Sand 3,3,20.96,21.96,-22.41,-23.41
-23.39,21.94,35.887,0.178,0.509,0.16,2.39,-4.421,21.92,2020.8,35.9542,359.542,1.3017909153549254,-0.0016187260459139682,,,Dense sand / gravelly sand,,,Sand 3,3,20.96,21.96,-22.41,-23.41
-23.41,21.96,35.935,0.185,0.522,0.16,2.404,-4.433,21.94,2064.3,36.0022,360.02200000000005,1.3092060934125636,-0.0016221230924776818,,,Dense sand / gravelly sand,,,Sand 4,4,21.96,23.74,-23.41,-25.189999999999998
-23.43,21.98,35.827,0.189,0.53,0.159,2.417,-4.441,21.96,2122.8,35.89378,358.9378,1.3148561854763237,-0.001660454819748714,,,Sand,,,Sand 4,4,21.96,23.74,-23.41,-25.189999999999998
-23.45,22.0,35.718,0.194,0.542,0.156,2.429,-4.45,21.98,2181.3,35.78352,357.83520000000004,1.322781680406092,-0.001754997831403953,,,Sand,,,Sand 4,4,21.96,23.74,-23.41,-25.189999999999998
-23.47,22.02,35.941,0.198,0.555,0.147,2.436,-4.442,22.0,2190.2,36.00274,360.02740000000006,1.328398914829105,-0.0019998477893626984,,,Sand,,,Sand 4,4,21.96,23.74,-23.41,-25.189999999999998
-23.49,22.04,35.955,0.204,0.576,0.141,2.425,-4.45,22.02,2191.0,36.01422,360.1422,1.3400589444241353,-0.0021713645332315954,,,Sand,,,Sand 4,4,21.96,23.74,-23.41,-25.189999999999998
-23.509999999999998,22.06,35.733,0.213,0.606,0.139,2.472,-4.486,22.04,2191.9,35.79138,357.9138,1.3580917871860159,-0.0022463509370133253,,,Sand,,,Sand 4,4,21.96,23.74,-23.41,-25.189999999999998
-23.529999999999998,22.08,35.023,0.213,0.614,0.14,2.485,-4.503,22.06,2192.8,35.0818,350.81800000000004,1.3681655655870428,-0.002268982777394545,,,Sand,,,Sand 4,4,21.96,23.74,-23.41,-25.189999999999998
-23.55,22.1,34.104,0.213,0.626,0.139,2.472,-4.501,22.08,2193.7,34.16238,341.62379999999996,1.3821597230508882,-0.00236517479168606,,,Sand,,,Sand 4,4,21.96,23.74,-23.41,-25.189999999999998
-23.57,22.12,33.205,0.213,0.642,0.137,2.508,-4.49,22.1,2194.6,33.26254,332.6254,1.398076099099626,-0.0024952995171144475,,,Sand,,,Sand 4,4,21.96,23.74,-23.41,-25.189999999999998
-23.59,22.14,32.187,0.212,0.658,0.137,2.504,-4.53,22.12,2195.4,32.24454,322.4454,1.4150899310737406,-0.0025802818089512205,,,Sand,,,Sand 4,4,21.96,23.74,-23.41,-25.189999999999998
-23.61,22.16,31.066,0.208,0.667,0.14,2.517,-4.502,22.14,2196.3,31.1248,311.248,1.4298669629404186,-0.002583149128669099,,,Sand,,,Sand 4,4,21.96,23.74,-23.41,-25.189999999999998
-23.63,22.18,29.876,0.206,0.688,0.144,2.516,-4.559,22.16,2197.2,29.93648,299.3648,1.4512512830149662,-0.0025587510622491353,,,Sand,,,Sand 4,4,21.96,23.74,-23.41,-25.189999999999998
-23.65,22.2,28.667,0.201,0.698,0.149,2.527,-4.57,22.18,2198.0,28.729580000000002,287.29580000000004,1.4680824268115162,-0.0024991663644230084,,,Sand,,,Sand 4,4,21.96,23.74,-23.41,-25.189999999999998
-23.669999999999998,22.22,27.343,0.195,0.709,0.155,2.547,-4.61,22.2,2198.9,27.4081,274.081,1.4871305469574743,-0.0024080472561031217,,,Sand,,,Sand 4,4,21.96,23.74,-23.41,-25.189999999999998
-23.689999999999998,22.24,25.999,0.188,0.717,0.159,2.526,-4.603,22.22,2199.7,26.06578,260.6578,1.505824813861687,-0.002386270428124537,,,Sand,,,Sand 4,4,21.96,23.74,-23.41,-25.189999999999998
-23.71,22.26,24.534,0.181,0.731,0.164,2.546,-4.604,22.24,2200.6,24.60288,246.02879999999996,1.529427410408579,-0.0023330601945788466,,,Sand,,,Sand 4,4,21.96,23.74,-23.41,-25.189999999999998
-23.73,22.28,22.876,0.172,0.74,0.167,2.566,-4.63,22.26,2201.5,22.94614,229.4614,1.55465457394566,-0.002379485177027596,,,Sand,,,Sand 4,4,21.96,23.74,-23.41,-25.189999999999998
-23.75,22.3,21.261,0.165,0.756,0.171,2.558,-4.654,22.28,2202.4,21.332819999999998,213.3282,1.583831110891713,-0.002381307300206912,,,Sand,,,Sand 4,4,21.96,23.74,-23.41,-25.189999999999998
-23.77,22.32,19.862,0.156,0.767,0.173,2.58,-4.67,22.3,2203.1,19.934659999999997,199.34659999999997,1.6094683222517134,-0.0024580303852686732,,,Sand,,,Sand 4,4,21.96,23.74,-23.41,-25.189999999999998
-23.79,22.34,18.112,0.149,0.782,0.177,2.57,-4.682,22.32,2204.0,18.186339999999998,181.86339999999996,1.6443678722017867,-0.0024853818855250696,,,Sand,,,Sand 4,4,21.96,23.74,-23.41,-25.189999999999998
-23.81,22.36,16.774,0.14,0.786,0.178,2.569,-4.669,22.34,2204.9,16.848760000000002,168.48760000000001,1.6704163354981854,-0.002635208763137464,,,Sand,,,Sand 4,4,21.96,23.74,-23.41,-25.189999999999998
-23.83,22.38,15.718,0.132,0.785,0.179,2.55,-4.672,22.36,2205.7,15.79318,157.9318,1.6910718338688635,-0.0027606853084685898,,,Sand,,,Sand 4,4,21.96,23.74,-23.41,-25.189999999999998
-23.849999999999998,22.4,15.022,0.123,0.767,0.18,2.574,-4.676,22.38,2206.6,15.0976,150.976,1.6992620658656008,-0.002834887664264518,,,Sand,,,Sand 4,4,21.96,23.74,-23.41,-25.189999999999998
-23.87,22.42,14.677,0.116,0.747,0.182,2.581,-4.704,22.4,2207.4,14.75344,147.53439999999998,1.6994789191516912,-0.0027790128946198313,,,Sand,,,Sand 4,4,21.96,23.74,-23.41,-25.189999999999998
-23.89,22.44,14.688,0.11,0.718,0.183,2.57,-4.692,22.42,2208.3,14.76486,147.64860000000002,1.6882085613771798,-0.0027226807433324792,,,Sand,,,Sand 4,4,21.96,23.74,-23.41,-25.189999999999998
-23.91,22.46,15.013,0.104,0.669,0.185,2.581,-4.737,22.44,2209.1,15.0907,150.907,1.6614292698724535,-0.002544613569947054,,,Sand,,,Sand 4,4,21.96,23.74,-23.41,-25.189999999999998
-23.93,22.48,15.584,0.101,0.638,0.187,2.598,-4.728,22.46,2210.0,15.66254,156.62539999999998,1.6359198788561533,-0.002336785732071554,,,Sand,,,Sand 4,4,21.96,23.74,-23.41,-25.189999999999998
-23.95,22.5,16.27,0.1,0.617,0.189,2.598,-4.768,22.48,2210.8,16.34938,163.4938,1.6122856836990846,-0.002128521081533366,,,Sand,,,Sand 4,4,21.96,23.74,-23.41,-25.189999999999998
-23.97,22.52,17.093,0.1,0.597,0.191,2.593,-4.79,22.5,2211.7,17.17322,171.7322,1.5866808464168178,-0.0019215965322752517,,,Sand,,,Sand 4,4,21.96,23.74,-23.41,-25.189999999999998
-23.99,22.54,17.796,0.101,0.594,0.194,2.61,-4.78,22.52,2212.7,17.87748,178.7748,1.5717472580417227,-0.001689276117215625,,,Sand,,,Sand 4,4,21.96,23.74,-23.41,-25.189999999999998
-24.009999999999998,22.56,18.059,0.102,0.592,0.195,2.606,-4.838,22.54,2213.5,18.140900000000002,181.40900000000002,1.5659022323906941,-0.0016206472666736476,,,Sand,,,Sand 4,4,21.96,23.74,-23.41,-25.189999999999998
-24.029999999999998,22.58,17.957,0.105,0.608,0.196,2.606,-4.781,22.56,2214.4,18.03932,180.3932,1.5751456726812705,-0.0015854256147127478,,,Sand,,,Sand 4,4,21.96,23.74,-23.41,-25.189999999999998
-24.05,22.6,17.534,0.106,0.621,0.197,2.599,-4.829,22.58,2215.2,17.61674,176.16740000000001,1.588934505352226,-0.001578044519019978,,,Sand,,,Sand 4,4,21.96,23.74,-23.41,-25.189999999999998
-24.07,22.62,16.886,0.105,0.631,0.198,2.622,-4.808,22.59,2216.0,16.96916,169.6916,1.6058961219506251,-0.00159112177621049,,,Sand,,,Sand 4,4,21.96,23.74,-23.41,-25.189999999999998
-24.09,22.64,16.029,0.103,0.639,0.198,2.625,-4.793,22.61,2216.9,16.11216,161.1216,1.6267859788410697,-0.0016881659566439255,,,Sand,,,Sand 4,4,21.96,23.74,-23.41,-25.189999999999998
-24.11,22.66,15.059,0.102,0.662,0.199,2.592,-4.801,22.63,2217.7,15.142579999999999,151.42579999999998,1.6573984771521588,-0.0017434281344394403,,,Sand,,,Sand 4,4,21.96,23.74,-23.41,-25.189999999999998
-24.13,22.68,14.332,0.103,0.691,0.199,2.606,-4.772,22.65,2218.6,14.41558,144.1558,1.6857208964927093,-0.001845225790429521,,,Sand,,,Sand 4,4,21.96,23.74,-23.41,-25.189999999999998
-24.15,22.7,13.818,0.102,0.713,0.2,2.641,-4.799,22.67,2219.4,13.902,139.02,1.7065301148393943,-0.0018558480794130328,,,Sand,,,Sand 4,4,21.96,23.74,-23.41,-25.189999999999998
-24.169999999999998,22.72,13.414,0.098,0.714,0.2,2.63,-4.795,22.69,2220.3,13.498,134.98,1.716888425833825,-0.0019262112905615626,,,Sand,,,Sand 4,4,21.96,23.74,-23.41,-25.189999999999998
-24.189999999999998,22.74,13.123,0.096,0.72,0.201,2.624,-4.808,22.71,2221.2,13.207419999999999,132.0742,1.726539141556344,-0.0019080183714911764,,,Sand,,,Sand 4,4,21.96,23.74,-23.41,-25.189999999999998
-24.21,22.76,12.887,0.095,0.721,0.201,2.633,-4.818,22.73,2222.0,12.97142,129.7142,1.7330399019221872,-0.0019581510736681107,,,Sand,,,Sand 4,4,21.96,23.74,-23.41,-25.189999999999998
-24.23,22.78,12.724,0.092,0.71,0.202,2.677,-4.819,22.75,2222.9,12.80884,128.0884,1.733197620800964,-0.0019205486211085465,,,Sand,,,Sand 4,4,21.96,23.74,-23.41,-25.189999999999998
-24.25,22.8,12.683,0.089,0.688,0.202,2.662,-4.843,22.77,2223.8,12.76784,127.6784,1.725882083121767,-0.0019423802303287017,,,Sand,,,Sand 4,4,21.96,23.74,-23.41,-25.189999999999998
-24.27,22.82,12.713,0.086,0.667,0.204,2.646,-4.82,22.79,2224.6,12.79868,127.98679999999999,1.716833568431724,-0.0017970603218456906,,,Sand,,,Sand 4,4,21.96,23.74,-23.41,-25.189999999999998
-24.29,22.84,12.781,0.082,0.641,0.204,2.676,-4.9,22.81,2225.5,12.86668,128.6668,1.704549447043143,-0.0018031069397855537,,,Sand,,,Sand 4,4,21.96,23.74,-23.41,-25.189999999999998
-24.31,22.86,12.882,0.079,0.608,0.205,2.662,-4.924,22.83,2226.3,12.9681,129.681,1.6880778997724304,-0.0017273154895474261,,,Sand,,,Sand 4,4,21.96,23.74,-23.41,-25.189999999999998
-24.33,22.88,12.987,0.075,0.573,0.205,2.677,-4.903,22.85,2227.2,13.0731,130.731,1.670053114242189,-0.0017287406965448106,,,Sand,,,Sand 4,4,21.96,23.74,-23.41,-25.189999999999998
-24.349999999999998,22.9,13.166,0.073,0.554,0.206,2.674,-4.918,22.87,2228.0,13.25252,132.5252,1.6566986706212217,-0.0016449701641650027,,,Sand,,,Sand 4,4,21.96,23.74,-23.41,-25.189999999999998
-24.37,22.92,13.593,0.075,0.572,0.207,2.678,-4.974,22.89,2229.0,13.67994,136.7994,1.6536729962076833,-0.0015350944521686498,,,Sand,,,Sand 4,4,21.96,23.74,-23.41,-25.189999999999998
-24.39,22.94,13.678,0.078,0.596,0.207,2.682,-4.95,22.91,2232.4,13.764940000000001,137.6494,1.6621302360115933,-0.0015401447445466518,,,Sand,,,Sand 4,4,21.96,23.74,-23.41,-25.189999999999998
-24.41,22.96,13.243,0.078,0.604,0.207,2.685,-4.967,22.93,2240.1,13.32994,133.2994,1.6767713435465597,-0.0016054085764827153,,,Sand,,,Sand 4,4,21.96,23.74,-23.41,-25.189999999999998
-24.43,22.98,12.808,0.079,0.625,0.207,2.687,-4.984,22.95,2247.7,12.89494,128.9494,1.697195280319056,-0.001675075649828537,,,Sand,,,Sand 4,4,21.96,23.74,-23.41,-25.189999999999998
-24.45,23.0,12.368,0.079,0.648,0.206,2.705,-4.959,22.97,2249.3,12.45452,124.54520000000001,1.7186834685581083,-0.0018306606758028397,,,Sand,,,Sand 4,4,21.96,23.74,-23.41,-25.189999999999998
-24.47,23.02,11.834,0.08,0.675,0.209,2.686,-4.955,22.99,2250.1,11.92178,119.21780000000001,1.7445124041216888,-0.0016776018346253664,,,Sand,,,Sand 4,4,21.96,23.74,-23.41,-25.189999999999998
-24.49,23.04,11.424,0.082,0.696,0.21,2.703,-4.929,23.01,2251.0,11.5122,115.12200000000001,1.7646453634317716,-0.001667795903476311,,,Sand,,,Sand 4,4,21.96,23.74,-23.41,-25.189999999999998
-24.509999999999998,23.06,11.135,0.084,0.73,0.21,2.723,-4.974,23.03,2251.9,11.2232,112.23200000000001,1.7859610854077188,-0.0017285622638819568,,,Sand,,,Sand 4,4,21.96,23.74,-23.41,-25.189999999999998
-24.529999999999998,23.08,10.949,0.083,0.731,0.21,2.745,-4.949,23.05,2252.7,11.0372,110.37200000000001,1.7920961370288135,-0.0017758127061211144,,,Sand,,,Sand 4,4,21.96,23.74,-23.41,-25.189999999999998
-24.55,23.1,10.868,0.083,0.746,0.21,2.716,-4.943,23.07,2253.6,10.9562,109.56200000000001,1.7999863331294745,-0.0018071959255946415,,,Sand,,,Sand 4,4,21.96,23.74,-23.41,-25.189999999999998
-24.57,23.12,10.911,0.082,0.74,0.21,2.731,-4.957,23.09,2254.5,10.9992,109.992,1.796506289675376,-0.0018183140592043056,,,Sand,,,Sand 4,4,21.96,23.74,-23.41,-25.189999999999998
-24.59,23.14,11.043,0.082,0.745,0.211,2.726,-4.957,23.11,2255.3,11.13162,111.3162,1.7941547846446388,-0.0017248163340106823,,,Sand,,,Sand 4,4,21.96,23.74,-23.41,-25.189999999999998
-24.61,23.16,11.136,0.083,0.747,0.211,2.75,-4.985,23.13,2256.3,11.22462,112.24619999999999,1.7919995785768652,-0.0017283435875780186,,,Sand,,,Sand 4,4,21.96,23.74,-23.41,-25.189999999999998
-24.63,23.18,11.159,0.084,0.757,0.211,2.765,-4.99,23.15,2257.1,11.247620000000001,112.4762,1.794826084327101,-0.001742590877003312,,,Sand,,,Sand 4,4,21.96,23.74,-23.41,-25.189999999999998
-24.65,23.2,11.144,0.084,0.756,0.211,2.758,-4.984,23.17,2258.0,11.23262,112.32620000000001,1.7949329058573644,-0.0017627232115036368,,,Sand,,,Sand 4,4,21.96,23.74,-23.41,-25.189999999999998
-24.669999999999998,23.22,11.151,0.083,0.747,0.211,2.788,-5.001,23.19,2258.9,11.23962,112.39620000000001,1.7915400856678363,-0.0017794195889184838,,,Sand,,,Sand 4,4,21.96,23.74,-23.41,-25.189999999999998
-24.689999999999998,23.24,11.177,0.082,0.73,0.212,2.777,-5.013,23.21,2259.8,11.26604,112.66040000000001,1.7846459302496023,-0.0017042368037038735,,,Sand,,,Sand 4,4,21.96,23.74,-23.41,-25.189999999999998
-24.71,23.26,11.224,0.083,0.735,0.212,2.787,-5.062,23.23,2260.6,11.31304,113.13040000000001,1.7850119658393748,-0.0017148352697418205,,,Sand,,,Sand 4,4,21.96,23.74,-23.41,-25.189999999999998
-24.73,23.28,11.31,0.085,0.745,0.212,2.797,-5.031,23.25,2261.5,11.399040000000001,113.99040000000001,1.7859861670441217,-0.0017194430408174718,,,Sand,,,Sand 4,4,21.96,23.74,-23.41,-25.189999999999998
-24.75,23.3,11.426,0.086,0.752,0.212,2.762,-5.028,23.27,2262.4,11.51504,115.1504,1.785000443642753,-0.00171949033611694,,,Sand,,,Sand 4,4,21.96,23.74,-23.41,-25.189999999999998
-24.77,23.32,11.539,0.089,0.77,0.212,2.816,-5.028,23.29,2263.2,11.62804,116.28040000000001,1.7879943144547197,-0.0017199803234251,,,Sand,,,Sand 4,4,21.96,23.74,-23.41,-25.189999999999998
-24.79,23.34,11.713,0.085,0.733,0.212,2.829,-5.05,23.31,2264.1,11.80204,118.0204,1.769738578347921,-0.0017115685084951406,,,Sand,,,Sand 4,4,21.96,23.74,-23.41,-25.189999999999998
-24.81,23.36,12.023,0.085,0.727,0.212,2.855,-5.06,23.33,2265.0,12.11204,121.1204,1.7586594180890902,-0.0016842744905069646,,,Sand,,,Sand 4,4,21.96,23.74,-23.41,-25.189999999999998
-24.83,23.38,12.044,0.084,0.716,0.217,2.86,-5.059,23.35,2265.8,12.13514,121.3514,1.7539412324156232,-0.0012855228699462855,,,Sand,,,Sand 4,4,21.96,23.74,-23.41,-25.189999999999998
-24.849999999999998,23.4,11.678,0.083,0.71,0.21,2.868,-5.047,23.37,2266.8,11.766200000000001,117.662,1.7623318135845276,-0.0019377539052540312,,,Sand,,,Sand 4,4,21.96,23.74,-23.41,-25.189999999999998
-24.87,23.42,11.591,0.084,0.723,0.212,2.862,-5.04,23.39,2267.7,11.68004,116.80040000000001,1.7696615133697435,-0.0017979390481539445,,,Sand,,,Sand 4,4,21.96,23.74,-23.41,-25.189999999999998
-24.89,23.44,11.474,0.084,0.729,0.214,2.847,-5.134,23.41,2268.5,11.563880000000001,115.6388,1.7752905248529822,-0.001660342376434206,,,Sand,,,Sand 4,4,21.96,23.74,-23.41,-25.189999999999998
-24.91,23.46,11.43,0.078,0.687,0.215,2.863,-5.094,23.43,2269.4,11.520299999999999,115.20299999999999,1.761003067169754,-0.0015971806289766766,,,Sand,,,Sand 4,4,21.96,23.74,-23.41,-25.189999999999998
-24.93,23.48,11.238,0.078,0.698,0.215,2.854,-5.138,23.45,2270.3,11.328299999999999,113.28299999999999,1.7709821679143642,-0.0016419056698710305,,,Sand,,,Sand 4,4,21.96,23.74,-23.41,-25.189999999999998
-24.95,23.5,10.996,0.08,0.729,0.215,2.857,-5.166,23.47,2271.1,11.0863,110.863,1.7898413505866313,-0.0016957866916825256,,,Sand,,,Sand 4,4,21.96,23.74,-23.41,-25.189999999999998
-24.97,23.52,10.813,0.081,0.755,0.215,2.866,-5.216,23.49,2272.0,10.9033,109.03299999999999,1.8048206840860526,-0.0017425916924233948,,,Sand,,,Sand 4,4,21.96,23.74,-23.41,-25.189999999999998
-24.99,23.54,10.594,0.082,0.784,0.215,2.869,-5.193,23.51,2272.8,10.684299999999999,106.84299999999999,1.8217884528870125,-0.0017970292859616438,,,Sand,,,Sand 4,4,21.96,23.74,-23.41,-25.189999999999998
-25.009999999999998,23.56,10.223,0.083,0.819,0.214,2.851,-5.204,23.53,2273.7,10.312880000000002,103.12880000000001,1.8455552904821282,-0.0019781089278649586,,,Sand,,,Sand 4,4,21.96,23.74,-23.41,-25.189999999999998
-25.029999999999998,23.58,9.815,0.083,0.839,0.214,2.85,-5.25,23.55,2274.6,9.90488,99.04880000000001,1.8658274170333216,-0.0020797828948962496,,,Sand,,,Sand 4,4,21.96,23.74,-23.41,-25.189999999999998
-25.05,23.6,9.426,0.081,0.852,0.213,2.824,-5.239,23.57,2275.5,9.515460000000001,95.15460000000002,1.883691311932907,-0.002291008527175776,,,Sand,,,Sand 4,4,21.96,23.74,-23.41,-25.189999999999998
-25.07,23.62,9.098,0.078,0.851,0.213,2.846,-5.256,23.59,2276.4,9.187460000000002,91.87460000000002,1.895467728835501,-0.0023945682484604013,,,Sand,,,Sand 4,4,21.96,23.74,-23.41,-25.189999999999998
-25.09,23.64,8.711,0.075,0.848,0.213,2.845,-5.229,23.61,2277.2,8.800460000000001,88.00460000000001,1.9094362753254481,-0.002522595409785396,,,Sand,,,Sand 4,4,21.96,23.74,-23.41,-25.189999999999998
-25.11,23.66,8.36,0.072,0.847,0.213,2.856,-5.224,23.63,2278.1,8.44946,84.4946,1.9232818825898959,-0.00265105699062425,,,Sand,,,Sand 4,4,21.96,23.74,-23.41,-25.189999999999998
-25.13,23.68,8.127,0.07,0.856,0.214,2.884,-5.22,23.65,2279.0,8.216880000000002,82.1688,1.935751085911876,-0.0026287349943044064,,,Sand,,,Sand 4,4,21.96,23.74,-23.41,-25.189999999999998
-25.15,23.7,7.861,0.069,0.883,0.214,2.885,-5.21,23.67,2279.8,7.95088,79.50880000000001,1.9552648951755731,-0.002741834866077715,,,Sand,,,Sand 4,4,21.96,23.74,-23.41,-25.189999999999998
-25.169999999999998,23.72,7.469,0.068,0.918,0.215,2.905,-5.222,23.69,2280.7,7.5593,75.593,1.9829391533506973,-0.002778035003241037,,,Sand,,,Sand 4,4,21.96,23.74,-23.41,-25.189999999999998
-25.189999999999998,23.74,6.995,0.067,0.958,0.215,2.879,-5.241,23.71,2281.5,7.0853,70.85300000000001,2.0165610592665995,-0.002992110425811185,,,Sand,,,Sand mixtures 6,6,23.74,24.22,-25.189999999999998,-25.669999999999998
-25.21,23.76,6.487,0.066,1.002,0.214,2.884,-5.28,23.73,2282.4,6.57688,65.7688,2.054155832720204,-0.003405870260670714,,,Sand mixtures,,,Sand mixtures 6,6,23.74,24.22,-25.189999999999998,-25.669999999999998
-25.23,23.78,6.016,0.065,1.043,0.214,2.883,-5.269,23.75,2283.2,6.10588,61.0588,2.090466918202867,-0.003701350173930702,,,Sand mixtures,,,Sand mixtures 6,6,23.74,24.22,-25.189999999999998,-25.669999999999998
-25.25,23.8,5.646,0.063,1.074,0.214,2.871,-5.285,23.77,2284.1,5.73588,57.3588,2.119882420610103,-0.003974978556036739,,,Sand mixtures,,,Sand mixtures 6,6,23.74,24.22,-25.189999999999998,-25.669999999999998
-25.27,23.82,5.363,0.06,1.086,0.213,2.87,-5.37,23.79,2285.1,5.45246,54.5246,2.14051632834148,-0.004401682910099294,,,Sand mixtures,,,Sand mixtures 6,6,23.74,24.22,-25.189999999999998,-25.669999999999998
-25.29,23.84,5.153,0.056,1.069,0.214,2.882,-5.355,23.81,2285.9,5.2428799999999995,52.428799999999995,2.1503373645604293,-0.004425048828124998,,,Sand mixtures,,,Sand mixtures 6,6,23.74,24.22,-25.189999999999998,-25.669999999999998
-25.31,23.86,4.942,0.05,0.983,0.214,2.888,-5.351,23.83,2286.8,5.03188,50.3188,2.144076456679148,-0.004650349372401563,,,Sand mixtures,,,Sand mixtures 6,6,23.74,24.22,-25.189999999999998,-25.669999999999998
-25.33,23.88,4.709,0.044,0.898,0.215,2.892,-5.343,23.85,2287.6,4.7993,47.992999999999995,2.1392666674045637,-0.004709020065426201,,,Sand mixtures,,,Sand mixtures 6,6,23.74,24.22,-25.189999999999998,-25.669999999999998
-25.349999999999998,23.9,4.449,0.044,0.946,0.215,2.901,-5.323,23.87,2288.5,4.5393,45.393,2.171903522177701,-0.0050228008723812,,,Sand mixtures,,,Sand mixtures 6,6,23.74,24.22,-25.189999999999998,-25.669999999999998
-25.37,23.92,4.199,0.045,1.04,0.215,2.912,-5.321,23.89,2289.3,4.2893,42.893,2.215191897498882,-0.005362180309141352,,,Sand mixtures,,,Sand mixtures 6,6,23.74,24.22,-25.189999999999998,-25.669999999999998
-25.39,23.94,3.873,0.046,1.147,0.216,2.905,-5.313,23.91,2296.8,3.9637200000000004,39.6372,2.2674393131339676,-0.005600799249190151,,,Sand mixtures,,,Sand mixtures 6,6,23.74,24.22,-25.189999999999998,-25.669999999999998
-25.41,23.96,3.53,0.047,1.26,0.218,2.888,-5.324,23.93,2305.8,3.6215599999999997,36.215599999999995,2.3228641975358046,-0.005632931664807434,,,Sand mixtures,,,Sand mixtures 6,6,23.74,24.22,-25.189999999999998,-25.669999999999998
-25.43,23.98,3.329,0.051,1.439,0.219,2.88,-5.369,23.95,2311.0,3.42098,34.2098,2.376250134603883,-0.005729352407789579,,,Sand mixtures,,,Sand mixtures 6,6,23.74,24.22,-25.189999999999998,-25.669999999999998
-25.45,24.0,3.312,0.053,1.536,0.22,2.895,-5.396,23.97,2311.9,3.4044,34.044000000000004,2.3944984773448943,-0.0055222653037245864,,,Sand mixtures,,,Sand mixtures 6,6,23.74,24.22,-25.189999999999998,-25.669999999999998
-25.47,24.02,3.334,0.056,1.631,0.22,2.871,-5.351,23.99,2312.7,3.4264,34.264,2.4076494925861915,-0.005545178613121643,,,Sand mixtures,,,Sand mixtures 6,6,23.74,24.22,-25.189999999999998,-25.669999999999998
-25.49,24.04,3.383,0.059,1.739,0.219,2.878,-5.394,24.01,2313.6,3.47498,34.7498,2.419442055903504,-0.005812983096305587,,,Sand mixtures,,,Sand mixtures 6,6,23.74,24.22,-25.189999999999998,-25.669999999999998
-25.509999999999998,24.06,3.338,0.058,1.697,0.217,2.884,-5.383,24.03,2314.5,3.4291400000000003,34.2914,2.4176612027843527,-0.006532250068530295,,,Sand mixtures,,,Sand mixtures 6,6,23.74,24.22,-25.189999999999998,-25.669999999999998
-25.529999999999998,24.08,3.335,0.058,1.672,0.21,2.9,-5.422,24.05,2315.3,3.4232,34.232,2.4144053851749905,-0.008646880112175733,,,Sand mixtures,,,Sand mixtures 6,6,23.74,24.22,-25.189999999999998,-25.669999999999998
-25.55,24.1,3.45,0.061,1.746,0.211,2.865,-5.431,24.07,2316.2,3.5386200000000003,35.3862,2.414218804277347,-0.008138765959611376,,,Sand mixtures,,,Sand mixtures 6,6,23.74,24.22,-25.189999999999998,-25.669999999999998
-25.57,24.12,3.581,0.064,1.787,0.218,2.862,-5.435,24.09,2317.0,3.67256,36.7256,2.4075494161070226,-0.005990371838717407,,,Sand mixtures,,,Sand mixtures 6,6,23.74,24.22,-25.189999999999998,-25.669999999999998
-25.59,24.14,3.76,0.062,1.638,0.209,2.856,-5.482,24.11,2317.9,3.8477799999999998,38.477799999999995,2.3684781659109873,-0.008108571695886977,,,Sand mixtures,,,Sand mixtures 6,6,23.74,24.22,-25.189999999999998,-25.669999999999998
-25.61,24.16,3.733,0.061,1.458,0.21,2.844,-5.478,24.13,2318.8,3.8212,38.212,2.340635511364809,-0.007955616036847057,,,Sand mixtures,,,Sand mixtures 6,6,23.74,24.22,-25.189999999999998,-25.669999999999998
-25.63,24.18,4.021,0.06,1.283,0.216,2.888,-5.475,24.15,2319.6,4.11172,41.117200000000004,2.28228716400765,-0.005982897668129151,,,Sand mixtures,,,Sand mixtures 6,6,23.74,24.22,-25.189999999999998,-25.669999999999998
-25.65,24.2,4.944,0.058,1.107,0.198,2.918,-5.471,24.17,2320.6,5.02716,50.2716,2.174002891294743,-0.008513753292117216,,,Sand mixtures,,,Sand mixtures 6,6,23.74,24.22,-25.189999999999998,-25.669999999999998
-25.669999999999998,24.22,6.023,0.06,1.024,0.192,2.938,-5.464,24.19,2321.4,6.1036399999999995,61.03639999999999,2.085876003448185,-0.008027996408700378,,,Sand mixtures,,,Sand 5,5,24.22,26.72,-25.669999999999998,-28.169999999999998
-25.689999999999998,24.24,7.297,0.061,0.936,0.2,2.915,-5.483,24.21,2322.2,7.380999999999999,73.80999999999999,1.9962898194376881,-0.0055818994716163115,,,Sand,,,Sand 5,5,24.22,26.72,-25.669999999999998,-28.169999999999998
-25.71,24.26,8.196,0.059,0.828,0.205,2.916,-5.496,24.23,2323.1,8.2821,82.821,1.9244170671624299,-0.004395020586566209,,,Sand,,,Sand 5,5,24.22,26.72,-25.669999999999998,-28.169999999999998
-25.73,24.28,8.566,0.054,0.682,0.208,2.925,-5.513,24.25,2324.1,8.653360000000001,86.5336,1.8601032315992225,-0.003882884798506013,,,Sand,,,Sand 5,5,24.22,26.72,-25.669999999999998,-28.169999999999998
-25.75,24.3,8.827,0.059,0.703,0.213,2.951,-5.506,24.27,2324.9,8.91646,89.16460000000001,1.8569352727318105,-0.0032299814051764946,,,Sand,,,Sand 5,5,24.22,26.72,-25.669999999999998,-28.169999999999998
-25.77,24.32,9.071,0.062,0.708,0.217,2.946,-5.57,24.29,2325.8,9.162139999999999,91.6214,1.8490658319558582,-0.0027286201695237143,,,Sand,,,Sand 5,5,24.22,26.72,-25.669999999999998,-28.169999999999998
-25.79,24.34,9.237,0.067,0.743,0.219,2.948,-5.541,24.31,2326.7,9.32898,93.2898,1.8549269886490096,-0.0024868742349109965,,,Sand,,,Sand 5,5,24.22,26.72,-25.669999999999998,-28.169999999999998
-25.81,24.36,9.325,0.071,0.766,0.221,2.976,-5.563,24.33,2327.5,9.417819999999999,94.1782,1.8594315325652122,-0.002272288066665107,,,Sand,,,Sand 5,5,24.22,26.72,-25.669999999999998,-28.169999999999998
-25.83,24.38,9.431,0.073,0.76,0.222,2.962,-5.543,24.35,2328.4,9.524239999999999,95.2424,1.853477150627313,-0.002162902236818892,,,Sand,,,Sand 5,5,24.22,26.72,-25.669999999999998,-28.169999999999998
-25.849999999999998,24.4,9.633,0.076,0.771,0.223,2.988,-5.588,24.37,2329.3,9.726659999999999,97.2666,1.8498650994674377,-0.0020356422451283363,,,Sand,,,Sand 5,5,24.22,26.72,-25.669999999999998,-28.169999999999998
-25.87,24.42,10.022,0.081,0.798,0.224,3.015,-5.58,24.39,2330.1,10.11608,101.1608,1.8452857720930376,-0.001878197879020332,,,Sand,,,Sand 5,5,24.22,26.72,-25.669999999999998,-28.169999999999998
-25.89,24.44,10.592,0.086,0.829,0.224,2.986,-5.616,24.41,2331.0,10.68608,106.8608,1.8366574972629508,-0.0017967299514882902,,,Sand,,,Sand 5,5,24.22,26.72,-25.669999999999998,-28.169999999999998
-25.91,24.46,11.054,0.091,0.865,0.225,3.001,-5.581,24.43,2331.9,11.1485,111.485,1.8338482316423024,-0.0016504462483742212,,,Sand,,,Sand 5,5,24.22,26.72,-25.669999999999998,-28.169999999999998
-25.93,24.48,11.165,0.095,0.886,0.225,3.021,-5.626,24.45,2332.7,11.2595,112.595,1.8371144612580466,-0.0016519383631599977,,,Sand,,,Sand 5,5,24.22,26.72,-25.669999999999998,-28.169999999999998
-25.95,24.5,11.141,0.097,0.89,0.225,3.012,-5.626,24.47,2333.6,11.2355,112.355,1.8390733838044642,-0.0016732677673445759,,,Sand,,,Sand 5,5,24.22,26.72,-25.669999999999998,-28.169999999999998
-25.97,24.52,11.02,0.098,0.896,0.224,3.007,-5.632,24.48,2334.5,11.11408,111.1408,1.8445710354165514,-0.0017995191684781827,,,Sand,,,Sand 5,5,24.22,26.72,-25.669999999999998,-28.169999999999998
-25.99,24.54,10.838,0.098,0.9,0.225,3.013,-5.62,24.5,2335.4,10.9325,109.325,1.8513263841586944,-0.0017562314200777489,,,Sand,,,Sand 5,5,24.22,26.72,-25.669999999999998,-28.169999999999998
-26.009999999999998,24.56,10.735,0.098,0.901,0.225,3.017,-5.65,24.52,2336.3,10.8295,108.295,1.8548119483446492,-0.001791403111870352,,,Sand,,,Sand 5,5,24.22,26.72,-25.669999999999998,-28.169999999999998
-26.029999999999998,24.58,10.713,0.099,0.907,0.225,3.022,-5.687,24.54,2337.1,10.8075,108.075,1.8573217536735644,-0.0018135554013416577,,,Sand,,,Sand 5,5,24.22,26.72,-25.669999999999998,-28.169999999999998
-26.05,24.6,10.777,0.099,0.906,0.225,2.997,-5.681,24.56,2338.0,10.8715,108.715,1.8550354921255507,-0.0018212758129053039,,,Sand,,,Sand 5,5,24.22,26.72,-25.669999999999998,-28.169999999999998
-26.07,24.62,10.898,0.099,0.891,0.226,3.014,-5.693,24.58,2338.9,10.99292,109.9292,1.8467083441732877,-0.0017283851788241886,,,Sand,,,Sand 5,5,24.22,26.72,-25.669999999999998,-28.169999999999998
-26.09,24.64,11.1,0.098,0.853,0.226,3.012,-5.696,24.6,2339.8,11.19492,111.9492,1.8286238012939418,-0.0017150636181410843,,,Sand,,,Sand 5,5,24.22,26.72,-25.669999999999998,-28.169999999999998
-26.11,24.66,11.484,0.097,0.815,0.227,3.016,-5.697,24.62,2340.7,11.57934,115.7934,1.8047833035832666,-0.0015890370262899246,,,Sand,,,Sand 5,5,24.22,26.72,-25.669999999999998,-28.169999999999998
-26.13,24.68,12.119,0.1,0.798,0.227,3.042,-5.728,24.64,2341.5,12.21434,122.1434,1.7809938437637745,-0.0015228002495427501,,,Sand,,,Sand 5,5,24.22,26.72,-25.669999999999998,-28.169999999999998
-26.15,24.7,13.247,0.105,0.794,0.227,3.048,-5.772,24.66,2342.4,13.34234,133.42340000000002,1.7499711203590416,-0.0014090481879490391,,,Sand,,,Sand 5,5,24.22,26.72,-25.669999999999998,-28.169999999999998
-26.169999999999998,24.72,14.715,0.11,0.792,0.228,3.051,-5.756,24.68,2343.3,14.81076,148.1076,1.7146560207664294,-0.0012153326365426198,,,Sand,,,Sand 5,5,24.22,26.72,-25.669999999999998,-28.169999999999998
-26.189999999999998,24.74,15.717,0.114,0.777,0.227,3.067,-5.773,24.7,2344.2,15.81234,158.1234,1.687745727537392,-0.0012142415354084207,,,Sand,,,Sand 5,5,24.22,26.72,-25.669999999999998,-28.169999999999998
-26.21,24.76,16.078,0.118,0.792,0.228,3.06,-5.794,24.72,2345.1,16.173759999999998,161.7376,1.6858658724197777,-0.0011376451734166951,,,Sand,,,Sand 5,5,24.22,26.72,-25.669999999999998,-28.169999999999998
-26.23,24.78,15.911,0.122,0.802,0.228,3.054,-5.8,24.74,2346.0,16.00676,160.0676,1.69285433785789,-0.0011620090511758779,,,Sand,,,Sand 5,5,24.22,26.72,-25.669999999999998,-28.169999999999998
-26.25,24.8,15.614,0.126,0.814,0.228,3.075,-5.811,24.76,2346.8,15.709760000000001,157.0976,1.7032191754047465,-0.001196708288350682,,,Sand,,,Sand 5,5,24.22,26.72,-25.669999999999998,-28.169999999999998
-26.27,24.82,15.284,0.128,0.829,0.229,3.091,-5.794,24.78,2347.7,15.380180000000001,153.80180000000001,1.7153700537810113,-0.0011703374082748057,,,Sand,,,Sand 5,5,24.22,26.72,-25.669999999999998,-28.169999999999998
-26.29,24.84,15.027,0.116,0.75,0.228,3.048,-5.807,24.8,2348.5,15.12276,151.2276,1.6923980536908807,-0.0012696095157233196,,,Sand,,,Sand 5,5,24.22,26.72,-25.669999999999998,-28.169999999999998
-26.31,24.86,14.905,0.103,0.671,0.228,3.065,-5.834,24.82,2349.4,15.00076,150.0076,1.664262876788153,-0.0012932678077644051,,,Sand,,,Sand 5,5,24.22,26.72,-25.669999999999998,-28.169999999999998
-26.33,24.88,15.11,0.095,0.622,0.228,3.07,-5.837,24.84,2350.3,15.20576,152.0576,1.6391137841404801,-0.0012889852266509511,,,Sand,,,Sand 5,5,24.22,26.72,-25.669999999999998,-28.169999999999998
-26.349999999999998,24.9,15.607,0.102,0.671,0.228,3.085,-5.829,24.86,2351.2,15.70276,157.0276,1.648867855413899,-0.0012609248310488082,,,Sand,,,Sand 5,5,24.22,26.72,-25.669999999999998,-28.169999999999998
-26.37,24.92,15.82,0.109,0.704,0.229,3.078,-5.86,24.88,2356.2,15.91618,159.1618,1.6576924036420424,-0.0011937537776024146,,,Sand,,,Sand 5,5,24.22,26.72,-25.669999999999998,-28.169999999999998
-26.39,24.94,15.887,0.112,0.715,0.23,3.075,-5.88,24.9,2364.0,15.983600000000001,159.836,1.660636469479167,-0.0011386671338121568,,,Sand,,,Sand 5,5,24.22,26.72,-25.669999999999998,-28.169999999999998
-26.41,24.96,15.953,0.114,0.727,0.23,3.073,-5.899,24.92,2371.7,16.049599999999998,160.49599999999998,1.663961369234616,-0.001146446017346227,,,Sand,,,Sand 5,5,24.22,26.72,-25.669999999999998,-28.169999999999998
-26.43,24.98,15.995,0.114,0.735,0.229,3.059,-5.88,24.94,2373.7,16.091179999999998,160.91179999999997,1.6662023692179242,-0.0012180585886181123,,,Sand,,,Sand 5,5,24.22,26.72,-25.669999999999998,-28.169999999999998
-26.45,25.0,15.766,0.117,0.762,0.228,3.076,-5.912,24.96,2374.6,15.86176,158.6176,1.681163998945529,-0.0013113298902517742,,,Sand,,,Sand 5,5,24.22,26.72,-25.669999999999998,-28.169999999999998
-26.47,25.02,15.249,0.119,0.78,0.229,3.075,-5.929,24.98,2375.4,15.345180000000001,153.4518,1.6986707577519722,-0.0013033408536100586,,,Sand,,,Sand 5,5,24.22,26.72,-25.669999999999998,-28.169999999999998
-26.49,25.04,14.763,0.116,0.767,0.229,3.078,-5.924,25.0,2376.3,14.85918,148.5918,1.7045205138382353,-0.001359428985987113,,,Sand,,,Sand 5,5,24.22,26.72,-25.669999999999998,-28.169999999999998
-26.509999999999998,25.06,14.51,0.114,0.757,0.229,3.085,-5.931,25.02,2377.1,14.60618,146.0618,1.7065304904204943,-0.0013966690811697499,,,Sand,,,Sand 5,5,24.22,26.72,-25.669999999999998,-28.169999999999998
-26.529999999999998,25.08,14.533,0.112,0.748,0.229,3.087,-5.939,25.04,2378.0,14.62918,146.2918,1.7026660262842424,-0.001408144543986742,,,Sand,,,Sand 5,5,24.22,26.72,-25.669999999999998,-28.169999999999998
-26.55,25.1,14.86,0.11,0.73,0.23,3.061,-5.947,25.06,2378.9,14.9566,149.566,1.6885041576879434,-0.0013238302822834074,,,Sand,,,Sand 5,5,24.22,26.72,-25.669999999999998,-28.169999999999998
-26.57,25.12,15.332,0.112,0.727,0.231,3.081,-5.948,25.08,2379.8,15.429020000000001,154.2902,1.6770132043194765,-0.0012314456783386113,,,Sand,,,Sand 5,5,24.22,26.72,-25.669999999999998,-28.169999999999998
-26.59,25.14,15.704,0.114,0.727,0.231,3.102,-5.953,25.1,2380.7,15.801020000000001,158.0102,1.6691189888406381,-0.001215111429515309,,,Sand,,,Sand 5,5,24.22,26.72,-25.669999999999998,-28.169999999999998
-26.61,25.16,16.069,0.116,0.726,0.231,3.118,-5.948,25.12,2381.5,16.16602,161.6602,1.6611881554003711,-0.0012000480019200754,,,Sand,,,Sand 5,5,24.22,26.72,-25.669999999999998,-28.169999999999998
-26.63,25.18,16.546,0.116,0.714,0.231,3.086,-5.958,25.14,2382.4,16.64302,166.4302,1.6468907159976591,-0.0011776708794437544,,,Sand,,,Sand 5,5,24.22,26.72,-25.669999999999998,-28.169999999999998
-26.65,25.2,16.922,0.116,0.7,0.231,3.106,-5.972,25.16,2383.3,17.01902,170.1902,1.63392687338678,-0.0011634042383168938,,,Sand,,,Sand 5,5,24.22,26.72,-25.669999999999998,-28.169999999999998
-26.669999999999998,25.22,17.091,0.116,0.689,0.231,3.132,-6.003,25.18,2384.1,17.18802,171.8802,1.626190370848257,-0.0011636011594121935,,,Sand,,,Sand 5,5,24.22,26.72,-25.669999999999998,-28.169999999999998
-26.689999999999998,25.24,17.127,0.115,0.678,0.232,3.126,-6.019,25.2,2385.0,17.224439999999998,172.24439999999998,1.620950880270167,-0.0011146951657064026,,,Sand,,,Sand 5,5,24.22,26.72,-25.669999999999998,-28.169999999999998
-26.71,25.26,17.221,0.118,0.693,0.232,3.136,-6.0,25.22,2385.8,17.31844,173.18439999999998,1.6253386250980457,-0.0011201932737590688,,,Sand,,,Sand 5,5,24.22,26.72,-25.669999999999998,-28.169999999999998
-26.73,25.28,17.22,0.115,0.681,0.232,3.156,-5.996,25.24,2386.7,17.317439999999998,173.1744,1.6204170010135521,-0.0011318070107359977,,,Sand,,,Sand 5,5,24.22,26.72,-25.669999999999998,-28.169999999999998
-26.75,25.3,17.003,0.117,0.7,0.233,3.144,-6.013,25.26,2387.6,17.10086,171.0086,1.632347519072015,-0.001099359915232334,,,Sand,,,Sand 5,5,24.22,26.72,-25.669999999999998,-28.169999999999998
-26.77,25.32,16.771,0.117,0.713,0.233,3.147,-6.077,25.28,2388.4,16.86886,168.6886,1.642058772383125,-0.0011263357452726502,,,Sand,,,Sand 5,5,24.22,26.72,-25.669999999999998,-28.169999999999998
-26.79,25.34,16.127,0.116,0.72,0.231,3.168,-6.066,25.3,2389.3,16.22402,162.2402,1.6576628067720915,-0.0013067045035693983,,,Sand,,,Sand 5,5,24.22,26.72,-25.669999999999998,-28.169999999999998
-26.81,25.36,15.431,0.115,0.736,0.234,3.143,-6.043,25.32,2390.2,15.52928,155.2928,1.6783197931926663,-0.0011848585381936559,,,Sand,,,Sand 5,5,24.22,26.72,-25.669999999999998,-28.169999999999998
-26.83,25.38,14.882,0.112,0.73,0.234,3.134,-6.087,25.34,2391.0,14.98028,149.80280000000002,1.687977212064604,-0.001241632332639975,,,Sand,,,Sand 5,5,24.22,26.72,-25.669999999999998,-28.169999999999998
-26.849999999999998,25.4,14.518,0.109,0.72,0.233,3.163,-6.101,25.36,2391.9,14.615860000000001,146.1586,1.6923736943967562,-0.0013546927789401364,,,Sand,,,Sand 5,5,24.22,26.72,-25.669999999999998,-28.169999999999998
-26.87,25.42,14.462,0.105,0.697,0.233,3.157,-6.077,25.38,2392.8,14.55986,145.5986,1.6847261043923052,-0.0013736395816992745,,,Sand,,,Sand 5,5,24.22,26.72,-25.669999999999998,-28.169999999999998
-26.89,25.44,14.694,0.102,0.68,0.234,3.166,-6.131,25.4,2393.6,14.792280000000002,147.92280000000002,1.672627783884318,-0.0012979743487819312,,,Sand,,,Sand 5,5,24.22,26.72,-25.669999999999998,-28.169999999999998
-26.91,25.46,15.104,0.103,0.681,0.234,3.173,-6.129,25.42,2394.5,15.20228,152.02280000000002,1.6638202926734642,-0.0012761243708180618,,,Sand,,,Sand 5,5,24.22,26.72,-25.669999999999998,-28.169999999999998
-26.93,25.48,15.454,0.106,0.694,0.235,3.174,-6.12,25.44,2395.4,15.552700000000002,155.52700000000002,1.661404331152568,-0.0011959338249950165,,,Sand,,,Sand 5,5,24.22,26.72,-25.669999999999998,-28.169999999999998
-26.95,25.5,15.704,0.11,0.713,0.235,3.197,-6.124,25.46,2396.2,15.802700000000002,158.02700000000002,1.663624133671582,-0.0011896701196630944,,,Sand,,,Sand 5,5,24.22,26.72,-25.669999999999998,-28.169999999999998
-26.97,25.52,15.986,0.115,0.735,0.234,3.19,-6.134,25.48,2397.1,16.08428,160.84279999999998,1.666343613063283,-0.001243450126458878,,,Sand,,,Sand 5,5,24.22,26.72,-25.669999999999998,-28.169999999999998
-26.99,25.54,16.146,0.115,0.737,0.234,3.188,-6.129,25.5,2397.9,16.24428,162.4428,1.6638572209193274,-0.0012435146402302833,,,Sand,,,Sand 5,5,24.22,26.72,-25.669999999999998,-28.169999999999998
-27.009999999999998,25.56,15.964,0.115,0.747,0.235,3.153,-6.133,25.52,2398.8,16.0627,160.62699999999998,1.6713780785419314,-0.0012077670628225627,,,Sand,,,Sand 5,5,24.22,26.72,-25.669999999999998,-28.169999999999998
-27.029999999999998,25.58,15.391,0.112,0.741,0.233,3.158,-6.132,25.54,2399.6,15.48886,154.8886,1.6810871255841453,-0.0013945506641547516,,,Sand,,,Sand 5,5,24.22,26.72,-25.669999999999998,-28.169999999999998
-27.05,25.6,14.592,0.109,0.736,0.232,3.182,-6.167,25.56,2400.5,14.689440000000001,146.89440000000002,1.6967907144875467,-0.0015521354115609588,,,Sand,,,Sand 5,5,24.22,26.72,-25.669999999999998,-28.169999999999998
-27.07,25.62,14.023,0.106,0.731,0.234,3.173,-6.168,25.58,2401.4,14.12128,141.21280000000002,1.7081010994397723,-0.001487117315144236,,,Sand,,,Sand 5,5,24.22,26.72,-25.669999999999998,-28.169999999999998
-27.09,25.64,13.594,0.104,0.729,0.235,3.161,-6.173,25.6,2402.3,13.692699999999999,136.927,1.7177165771507175,-0.001475238630803274,,,Sand,,,Sand 5,5,24.22,26.72,-25.669999999999998,-28.169999999999998
-27.11,25.66,13.517,0.1,0.718,0.236,3.167,-6.193,25.62,2403.1,13.616119999999999,136.16119999999998,1.7154583110898969,-0.0014247818027455677,,,Sand,,,Sand 5,5,24.22,26.72,-25.669999999999998,-28.169999999999998
-27.13,25.68,13.681,0.099,0.717,0.235,3.194,-6.207,25.64,2404.0,13.779699999999998,137.797,1.7110418649765282,-0.001494952720305957,,,Sand,,,Sand 5,5,24.22,26.72,-25.669999999999998,-28.169999999999998
-27.15,25.7,13.918,0.1,0.725,0.235,3.18,-6.168,25.66,2404.9,14.0167,140.167,1.7083315265925565,-0.0014839441523325735,,,Sand,,,Sand 5,5,24.22,26.72,-25.669999999999998,-28.169999999999998
-27.169999999999998,25.72,14.044,0.099,0.712,0.236,3.19,-6.205,25.68,2405.7,14.14312,141.4312,1.7003453286725378,-0.0014141151315975522,,,Sand,,,Sand 5,5,24.22,26.72,-25.669999999999998,-28.169999999999998
-27.189999999999998,25.74,13.924,0.098,0.696,0.236,3.213,-6.231,25.7,2406.6,14.023119999999999,140.2312,1.697020469876817,-0.0014404782958428646,,,Sand,,,Sand 5,5,24.22,26.72,-25.669999999999998,-28.169999999999998
-27.21,25.76,13.831,0.098,0.688,0.237,3.206,-6.241,25.72,2407.4,13.930539999999999,139.3054,1.6961292102853955,-0.0013926236886725122,,,Sand,,,Sand 5,5,24.22,26.72,-25.669999999999998,-28.169999999999998
-27.23,25.78,14.106,0.1,0.692,0.237,3.196,-6.239,25.74,2408.3,14.20554,142.0554,1.6910773249638578,-0.0013797433958863954,,,Sand,,,Sand 5,5,24.22,26.72,-25.669999999999998,-28.169999999999998
-27.25,25.8,14.863,0.103,0.706,0.237,3.224,-6.28,25.76,2409.2,14.962539999999999,149.62539999999998,1.6790934157260287,-0.0013233047330199292,,,Sand,,,Sand 5,5,24.22,26.72,-25.669999999999998,-28.169999999999998
-27.27,25.82,15.408,0.101,0.683,0.238,3.236,-6.262,25.78,2410.0,15.507959999999999,155.0796,1.657945526036518,-0.0012251772638051685,,,Sand,,,Sand 5,5,24.22,26.72,-25.669999999999998,-28.169999999999998
-27.29,25.84,15.355,0.098,0.66,0.237,3.217,-6.28,25.8,2410.9,15.45454,154.5454,1.6496875196763405,-0.0013070592848444529,,,Sand,,,Sand 5,5,24.22,26.72,-25.669999999999998,-28.169999999999998
-27.31,25.86,15.109,0.096,0.637,0.237,3.25,-6.291,25.82,2411.8,15.20854,152.0854,1.645472613505989,-0.0013413516353312006,,,Sand,,,Sand 5,5,24.22,26.72,-25.669999999999998,-28.169999999999998
-27.33,25.88,15.027,0.099,0.656,0.237,3.258,-6.285,25.84,2412.7,15.126539999999999,151.2654,1.65527685646183,-0.0013618448105118532,,,Sand,,,Sand 5,5,24.22,26.72,-25.669999999999998,-28.169999999999998
-27.349999999999998,25.9,14.875,0.099,0.666,0.237,3.247,-6.292,25.86,2417.7,14.97454,149.7454,1.6628132944289575,-0.0013890243039185147,,,Sand,,,Sand 5,5,24.22,26.72,-25.669999999999998,-28.169999999999998
-27.37,25.92,14.545,0.1,0.673,0.238,3.232,-6.304,25.88,2425.5,14.64496,146.4496,1.673190028958017,-0.0013656575367908142,,,Sand,,,Sand 5,5,24.22,26.72,-25.669999999999998,-28.169999999999998
-27.39,25.94,14.214,0.098,0.666,0.239,3.217,-6.316,25.9,2433.3,14.31438,143.1438,1.678103774491405,-0.0013413085303030931,,,Sand,,,Sand 5,5,24.22,26.72,-25.669999999999998,-28.169999999999998
-27.41,25.96,14.222,0.097,0.655,0.238,3.251,-6.33,25.91,2437.5,14.321959999999999,143.21959999999999,1.6734352620514337,-0.001424386047719724,,,Sand,,,Sand 5,5,24.22,26.72,-25.669999999999998,-28.169999999999998
-27.43,25.98,14.671,0.1,0.663,0.239,3.241,-6.39,25.93,2438.3,14.771379999999999,147.7138,1.6662100651495548,-0.0013268902431594085,,,Sand,,,Sand 5,5,24.22,26.72,-25.669999999999998,-28.169999999999998
-27.45,26.0,15.091,0.106,0.699,0.241,3.244,-6.348,25.95,2439.2,15.192219999999999,151.9222,1.671236513708293,-0.0011716523325754902,,,Sand,,,Sand 5,5,24.22,26.72,-25.669999999999998,-28.169999999999998
-27.47,26.02,15.556,0.11,0.715,0.239,3.25,-6.361,25.97,2440.0,15.656379999999999,156.5638,1.66749681106286,-0.0012774345027394584,,,Sand,,,Sand 5,5,24.22,26.72,-25.669999999999998,-28.169999999999998
-27.49,26.04,15.995,0.113,0.721,0.238,3.262,-6.366,25.99,2440.9,16.09496,160.9496,1.6606916749990686,-0.0013171825217335109,,,Sand,,,Sand 5,5,24.22,26.72,-25.669999999999998,-28.169999999999998
-27.509999999999998,26.06,16.332,0.113,0.715,0.239,3.247,-6.383,26.01,2441.7,16.432380000000002,164.3238,1.651484418261338,-0.001241451329630886,,,Sand,,,Sand 5,5,24.22,26.72,-25.669999999999998,-28.169999999999998
-27.529999999999998,26.08,16.339,0.111,0.693,0.24,3.234,-6.36,26.03,2442.6,16.439799999999998,164.398,1.6425378257494558,-0.0011922286159198998,,,Sand,,,Sand 5,5,24.22,26.72,-25.669999999999998,-28.169999999999998
-27.55,26.1,16.195,0.108,0.674,0.239,3.262,-6.406,26.05,2443.5,16.29538,162.9538,1.637708557639497,-0.0012764354068453764,,,Sand,,,Sand 5,5,24.22,26.72,-25.669999999999998,-28.169999999999998
-27.57,26.12,16.208,0.106,0.662,0.239,3.26,-6.394,26.07,2444.3,16.30838,163.0838,1.632457011353589,-0.0012876815477686932,,,Sand,,,Sand 5,5,24.22,26.72,-25.669999999999998,-28.169999999999998
-27.59,26.14,16.195,0.105,0.667,0.238,3.29,-6.38,26.09,2445.2,16.29496,162.9496,1.6348176229519933,-0.001362384442797036,,,Sand,,,Sand 5,5,24.22,26.72,-25.669999999999998,-28.169999999999998
-27.61,26.16,15.773,0.106,0.686,0.24,3.277,-6.393,26.11,2446.0,15.8738,158.738,1.6513605313430995,-0.0012851365142561944,,,Sand,,,Sand 5,5,24.22,26.72,-25.669999999999998,-28.169999999999998
-27.63,26.18,15.067,0.104,0.686,0.24,3.277,-6.387,26.13,2446.9,15.1678,151.678,1.6665956910342135,-0.0013581402708369023,,,Sand,,,Sand 5,5,24.22,26.72,-25.669999999999998,-28.169999999999998
-27.65,26.2,14.524,0.1,0.671,0.24,3.267,-6.39,26.15,2447.8,14.624799999999999,146.248,1.6728473661057979,-0.0014222416716809772,,,Sand,,,Sand 5,5,24.22,26.72,-25.669999999999998,-28.169999999999998
-27.669999999999998,26.22,14.179,0.101,0.691,0.24,3.271,-6.428,26.17,2448.7,14.2798,142.798,1.6889196611291306,-0.0014706088320564715,,,Sand,,,Sand 5,5,24.22,26.72,-25.669999999999998,-28.169999999999998
-27.689999999999998,26.24,13.952,0.103,0.729,0.24,3.282,-6.408,26.19,2449.5,14.0528,140.528,1.708979210134363,-0.0015085961516566086,,,Sand,,,Sand 5,5,24.22,26.72,-25.669999999999998,-28.169999999999998
-27.71,26.26,13.888,0.111,0.805,0.241,3.315,-6.456,26.21,2450.4,13.98922,139.8922,1.7380849284751354,-0.0014582657217486021,,,Sand,,,Sand 5,5,24.22,26.72,-25.669999999999998,-28.169999999999998
-27.73,26.28,13.656,0.121,0.908,0.242,3.273,-6.468,26.23,2451.2,13.75764,137.5764,1.7778249361640097,-0.0014246629509130943,,,Sand,,,Sand 5,5,24.22,26.72,-25.669999999999998,-28.169999999999998
-27.75,26.3,13.192,0.119,0.924,0.242,3.243,-6.51,26.25,2452.1,13.29364,132.9364,1.794015812258029,-0.0014894340451524198,,,Sand,,,Sand 5,5,24.22,26.72,-25.669999999999998,-28.169999999999998
-27.77,26.32,12.403,0.113,0.917,0.244,3.22,-6.504,26.27,2452.9,12.50548,125.0548,1.8118638610576956,-0.001439368980638888,,,Sand,,,Sand 5,5,24.22,26.72,-25.669999999999998,-28.169999999999998
-27.79,26.34,11.615,0.105,0.898,0.244,3.209,-6.451,26.29,2453.8,11.71748,117.17479999999999,1.8275237078237196,-0.0015532349959206237,,,Sand,,,Sand 5,5,24.22,26.72,-25.669999999999998,-28.169999999999998
-27.81,26.36,10.72,0.1,0.911,0.242,3.256,-6.466,26.31,2454.6,10.82164,108.21640000000001,1.8580952492110978,-0.001885111683626509,,,Sand,,,Sand 5,5,24.22,26.72,-25.669999999999998,-28.169999999999998
-27.83,26.38,9.889,0.094,0.924,0.236,3.243,-6.435,26.33,2455.4,9.988119999999999,99.88119999999999,1.8889775172316965,-0.0026631638386403014,,,Sand,,,Sand 5,5,24.22,26.72,-25.669999999999998,-28.169999999999998
-27.849999999999998,26.4,9.015,0.091,0.965,0.238,3.26,-6.437,26.35,2456.3,9.11496,91.14959999999999,1.9317677686416634,-0.002720801846634539,,,Sand,,,Sand 5,5,24.22,26.72,-25.669999999999998,-28.169999999999998
-27.87,26.42,8.312,0.082,0.939,0.237,3.29,-6.402,26.37,2457.1,8.411539999999999,84.1154,1.9518864953349035,-0.003090991661455572,,,Sand,,,Sand 5,5,24.22,26.72,-25.669999999999998,-28.169999999999998
-27.89,26.44,7.813,0.075,0.936,0.236,3.273,-6.378,26.39,2458.0,7.91212,79.1212,1.972156551773086,-0.0034377638357355536,,,Sand,,,Sand 5,5,24.22,26.72,-25.669999999999998,-28.169999999999998
-27.91,26.46,7.363,0.074,0.996,0.236,3.297,-6.374,26.41,2458.8,7.4621200000000005,74.6212,2.008732156366616,-0.0036718787690361416,,,Sand,,,Sand 5,5,24.22,26.72,-25.669999999999998,-28.169999999999998
-27.93,26.48,6.663,0.07,1.035,0.237,3.304,-6.372,26.43,2459.8,6.76254,67.62540000000001,2.0528802648053763,-0.003933433295773485,,,Sand mixtures,,,Sand 5,5,24.22,26.72,-25.669999999999998,-28.169999999999998
-27.95,26.5,5.851,0.064,1.048,0.237,3.311,-6.404,26.45,2460.6,5.95054,59.5054,2.100720158377881,-0.004503792933078344,,,Sand mixtures,,,Sand 5,5,24.22,26.72,-25.669999999999998,-28.169999999999998
-27.97,26.52,5.319,0.059,1.057,0.238,3.305,-6.43,26.47,2461.4,5.41896,54.1896,2.135816101419763,-0.004797968613903775,,,Sand mixtures,,,Sand 5,5,24.22,26.72,-25.669999999999998,-28.169999999999998
-27.99,26.54,4.635,0.054,1.081,0.239,3.299,-6.478,26.49,2462.3,4.73538,47.3538,2.189253328660954,-0.005321642613686756,,,Sand mixtures,,,Sand 5,5,24.22,26.72,-25.669999999999998,-28.169999999999998
-28.009999999999998,26.56,4.02,0.051,1.145,0.238,3.268,-6.484,26.51,2463.1,4.11996,41.199600000000004,2.2531678712046195,-0.0064078292022252585,,,Sand mixtures,,,Sand 5,5,24.22,26.72,-25.669999999999998,-28.169999999999998
-28.029999999999998,26.58,3.539,0.047,1.192,0.238,3.278,-6.493,26.53,2464.0,3.63896,36.3896,2.3075311198331474,-0.007309780816497012,,,Sand mixtures,,,Sand 5,5,24.22,26.72,-25.669999999999998,-28.169999999999998
-28.05,26.6,3.205,0.044,1.24,0.238,3.277,-6.516,26.55,2464.8,3.30496,33.0496,2.351771461836578,-0.008109024012393497,,,Sand mixtures,,,Sand 5,5,24.22,26.72,-25.669999999999998,-28.169999999999998
-28.07,26.62,2.98,0.042,1.325,0.24,3.283,-6.541,26.57,2465.7,3.0808,30.808000000000003,2.3931648016529965,-0.008114775383017398,,,Sand mixtures,,,Sand 5,5,24.22,26.72,-25.669999999999998,-28.169999999999998
-28.09,26.64,2.822,0.042,1.461,0.24,3.306,-6.543,26.59,2466.5,2.9228,29.228,2.435996197321772,-0.008621869440262758,,,Sand mixtures,,,Sand 5,5,24.22,26.72,-25.669999999999998,-28.169999999999998
-28.11,26.66,2.62,0.043,1.63,0.243,3.311,-6.526,26.61,2467.4,2.72206,27.2206,2.488534253555655,-0.00822906181347949,,,Sand mixtures,,,Sand 5,5,24.22,26.72,-25.669999999999998,-28.169999999999998
-28.13,26.68,2.308,0.045,1.83,0.245,3.293,-6.529,26.63,2468.3,2.4109,24.108999999999995,2.5605969887993827,-0.00854452694014682,,,Sand mixtures,,,Sand 5,5,24.22,26.72,-25.669999999999998,-28.169999999999998
-28.15,26.7,2.066,0.042,1.741,0.247,3.292,-6.48,26.65,2469.1,2.16974,21.6974,2.5857589160136185,-0.008664632628794213,,,Sand mixtures,,,Sand 5,5,24.22,26.72,-25.669999999999998,-28.169999999999998
-28.169999999999998,26.72,2.008,0.045,1.89,0.247,3.281,-6.453,26.67,2470.0,2.11174,21.117400000000004,2.6157151117913484,-0.008997319745802038,,,Silty clay / clayey silt,,,Sand mixtures 7,7,26.72,27.02,-28.169999999999998,-28.47
-28.189999999999998,26.74,2.11,0.043,1.802,0.245,3.267,-6.432,26.69,2470.8,2.2129,22.129,2.5872069088891605,-0.009580188892403628,,,Sand mixtures,,,Sand mixtures 7,7,26.72,27.02,-28.169999999999998,-28.47
-28.21,26.76,2.401,0.042,1.711,0.225,3.254,-6.328,26.71,2471.7,2.4955,24.955,2.5315235160706604,-0.016589861751152065,,,Sand mixtures,,,Sand mixtures 7,7,26.72,27.02,-28.169999999999998,-28.47
-28.23,26.78,2.722,0.035,1.388,0.185,3.23,-6.28,26.73,2472.5,2.7997,27.997000000000003,2.438889696512931,-0.029145979926420693,,,Sand mixtures,,,Sand mixtures 7,7,26.72,27.02,-28.169999999999998,-28.47
-28.25,26.8,2.925,0.033,1.256,0.168,3.202,-6.224,26.75,2473.4,2.99556,29.9556,2.3903689134770625,-0.03298214691076126,,,Sand mixtures,,,Sand mixtures 7,7,26.72,27.02,-28.169999999999998,-28.47
-28.27,26.82,3.035,0.033,1.188,0.159,3.195,-6.193,26.77,2474.2,3.10178,31.0178,2.364439190268946,-0.034818716994757845,,,Sand mixtures,,,Sand mixtures 7,7,26.72,27.02,-28.169999999999998,-28.47
-28.29,26.84,3.051,0.032,1.119,0.161,3.2,-6.167,26.79,2475.0,3.11862,31.1862,2.3483300766757726,-0.0340535236739327,,,Sand mixtures,,,Sand mixtures 7,7,26.72,27.02,-28.169999999999998,-28.47
-28.31,26.86,2.957,0.033,1.114,0.173,3.214,-6.23,26.81,2475.9,3.02966,30.296599999999998,2.3578702965489216,-0.031158611857436142,,,Sand mixtures,,,Sand mixtures 7,7,26.72,27.02,-28.169999999999998,-28.47
-28.33,26.88,2.97,0.035,1.142,0.19,3.21,-6.264,26.83,2478.1,3.0498000000000003,30.498,2.3612600247438755,-0.025444291428946147,,,Sand mixtures,,,Sand mixtures 7,7,26.72,27.02,-28.169999999999998,-28.47
-28.349999999999998,26.9,3.034,0.038,1.206,0.208,3.196,-6.309,26.85,2484.3,3.1213599999999997,31.213599999999996,2.365739207222683,-0.019158315606017877,,,Sand mixtures,,,Sand mixtures 7,7,26.72,27.02,-28.169999999999998,-28.47
-28.37,26.92,3.098,0.041,1.202,0.227,3.181,-6.355,26.87,2490.4,3.19334,31.933400000000002,2.356680655499524,-0.012839221630017474,,,Sand mixtures,,,Sand mixtures 7,7,26.72,27.02,-28.169999999999998,-28.47
-28.39,26.94,3.202,0.045,1.187,0.239,3.17,-6.395,26.89,2496.1,3.30238,33.023799999999994,2.3415120248366077,-0.008842107813152936,,,Sand mixtures,,,Sand mixtures 7,7,26.72,27.02,-28.169999999999998,-28.47
-28.41,26.96,3.706,0.048,1.135,0.247,3.166,-6.386,26.91,2497.0,3.80974,38.0974,2.2791074726246316,-0.0056171812249654765,,,Sand mixtures,,,Sand mixtures 7,7,26.72,27.02,-28.169999999999998,-28.47
-28.43,26.98,4.279,0.051,1.097,0.246,3.172,-6.401,26.93,2497.9,4.38232,43.8232,2.2205374777695575,-0.005157085744537146,,,Sand mixtures,,,Sand mixtures 7,7,26.72,27.02,-28.169999999999998,-28.47
-28.45,27.0,4.953,0.054,1.038,0.225,3.183,-6.406,26.95,2498.7,5.0475,50.475,2.156432971567459,-0.008677563150074296,,,Sand mixtures,,,Sand mixtures 7,7,26.72,27.02,-28.169999999999998,-28.47
-28.47,27.02,5.848,0.058,0.958,0.208,3.198,-6.463,26.97,2499.6,5.93536,59.35360000000001,2.0788388455616094,-0.010277388397670907,,,Sand mixtures,,,Sand 6,6,27.02,32.46,-28.47,-33.910000000000004
-28.49,27.04,7.005,0.061,0.866,0.213,3.194,-6.481,26.99,2500.4,7.09446,70.9446,1.990293907855259,-0.007921674094998067,,,Sand,,,Sand 6,6,27.02,32.46,-28.47,-33.910000000000004
-28.509999999999998,27.06,8.502,0.064,0.791,0.224,3.202,-6.474,27.01,2501.3,8.59608,85.9608,1.8996556952057777,-0.005281477138416578,,,Sand,,,Sand 6,6,27.02,32.46,-28.47,-33.910000000000004
-28.529999999999998,27.08,9.697,0.069,0.762,0.228,3.228,-6.469,27.03,2502.2,9.79276,97.9276,1.8444583078930044,-0.004248036304371798,,,Sand,,,Sand 6,6,27.02,32.46,-28.47,-33.910000000000004
-28.55,27.1,10.602,0.071,0.709,0.211,3.203,-6.457,27.05,2503.0,10.690620000000001,106.90620000000001,1.7952036163139433,-0.0055001487285115365,,,Sand,,,Sand 6,6,27.02,32.46,-28.47,-33.910000000000004
-28.57,27.12,11.447,0.074,0.672,0.206,3.223,-6.468,27.07,2503.9,11.53352,115.33519999999999,1.7548657387544977,-0.005549043136874086,,,Sand,,,Sand 6,6,27.02,32.46,-28.47,-33.910000000000004
-28.59,27.14,12.132,0.077,0.663,0.212,3.23,-6.468,27.09,2504.8,12.22104,122.2104,1.7312250736381853,-0.004762278824060799,,,Sand,,,Sand 6,6,27.02,32.46,-28.47,-33.910000000000004
-28.61,27.16,12.711,0.078,0.641,0.22,3.206,-6.49,27.11,2505.7,12.8034,128.034,1.7062589818648242,-0.003936454379305496,,,Sand,,,Sand 6,6,27.02,32.46,-28.47,-33.910000000000004
-28.63,27.18,13.074,0.082,0.658,0.229,3.196,-6.534,27.13,2506.5,13.17018,131.7018,1.7033835605132186,-0.00315865083089221,,,Sand,,,Sand 6,6,27.02,32.46,-28.47,-33.910000000000004
-28.65,27.2,13.156,0.085,0.667,0.236,3.238,-6.495,27.15,2507.4,13.25512,132.5512,1.7047781517379936,-0.002625400599919122,,,Sand,,,Sand 6,6,27.02,32.46,-28.47,-33.910000000000004
-28.669999999999998,27.22,13.069,0.088,0.688,0.242,3.234,-6.492,27.16,2508.2,13.17064,131.7064,1.7152419320957069,-0.0022018671833714987,,,Sand,,,Sand 6,6,27.02,32.46,-28.47,-33.910000000000004
-28.689999999999998,27.24,12.855,0.091,0.722,0.245,3.243,-6.503,27.18,2509.1,12.9579,129.579,1.7337689388922468,-0.0020219325662337254,,,Sand,,,Sand 6,6,27.02,32.46,-28.47,-33.910000000000004
-28.71,27.26,12.525,0.094,0.759,0.247,3.225,-6.49,27.2,2509.9,12.62874,126.28739999999999,1.7560487904730122,-0.0019321009063453661,,,Sand,,,Sand 6,6,27.02,32.46,-28.47,-33.910000000000004
-28.73,27.28,12.11,0.095,0.781,0.248,3.228,-6.485,27.22,2510.8,12.21416,122.1416,1.7751221397490877,-0.0019321836294923288,,,Sand,,,Sand 6,6,27.02,32.46,-28.47,-33.910000000000004
-28.75,27.3,11.68,0.096,0.824,0.249,3.219,-6.515,27.24,2511.6,11.78458,117.8458,1.8018470667732054,-0.0019347316578104618,,,Sand,,,Sand 6,6,27.02,32.46,-28.47,-33.910000000000004
-28.77,27.32,11.186,0.096,0.853,0.249,3.237,-6.516,27.26,2512.5,11.29058,112.9058,1.8257537878342058,-0.0020370964113446783,,,Sand,,,Sand 6,6,27.02,32.46,-28.47,-33.910000000000004
-28.79,27.34,10.542,0.095,0.879,0.249,3.222,-6.503,27.28,2513.4,10.64658,106.4658,1.8537833567977153,-0.002179103524324242,,,Sand,,,Sand 6,6,27.02,32.46,-28.47,-33.910000000000004
-28.81,27.36,10.094,0.095,0.906,0.25,3.251,-6.485,27.3,2514.2,10.199,101.99,1.876551279954087,-0.002196293754289634,,,Sand,,,Sand 6,6,27.02,32.46,-28.47,-33.910000000000004
-28.83,27.38,9.736,0.096,0.943,0.25,3.259,-6.505,27.32,2515.0,9.841000000000001,98.41000000000003,1.8995450231220428,-0.002296514581851434,,,Sand,,,Sand 6,6,27.02,32.46,-28.47,-33.910000000000004
-28.849999999999998,27.4,9.528,0.096,0.968,0.25,3.245,-6.518,27.34,2516.0,9.633000000000001,96.33,1.9139070189135785,-0.002366863905325439,,,Sand,,,Sand 6,6,27.02,32.46,-28.47,-33.910000000000004
-28.87,27.42,9.511,0.101,1.028,0.252,3.273,-6.535,27.36,2516.8,9.61684,96.1684,1.931030736718585,-0.002183669479787539,,,Sand,,,Sand 6,6,27.02,32.46,-28.47,-33.910000000000004
-28.89,27.44,9.573,0.099,1.014,0.254,3.27,-6.543,27.38,2517.7,9.679680000000001,96.7968,1.9250552297885206,-0.0019835366458395304,,,Sand,,,Sand 6,6,27.02,32.46,-28.47,-33.910000000000004
-28.91,27.46,9.717,0.094,0.957,0.254,3.287,-6.545,27.4,2518.5,9.823680000000001,98.23680000000002,1.904169898170841,-0.001974820026710965,,,Sand,,,Sand 6,6,27.02,32.46,-28.47,-33.910000000000004
-28.93,27.48,9.971,0.091,0.914,0.255,3.271,-6.552,27.42,2519.4,10.078100000000001,100.781,1.882979570359895,-0.0018455859735466032,,,Sand,,,Sand 6,6,27.02,32.46,-28.47,-33.910000000000004
-28.95,27.5,10.216,0.092,0.913,0.248,3.289,-6.533,27.44,2520.2,10.32016,103.2016,1.8746627615015912,-0.002499961240910995,,,Sand,,,Sand 6,6,27.02,32.46,-28.47,-33.910000000000004
-28.97,27.52,10.311,0.092,0.901,0.203,3.276,-6.532,27.46,2521.1,10.39626,103.96260000000001,1.8685674735928088,-0.006829379026688444,,,Sand,,,Sand 6,6,27.02,32.46,-28.47,-33.910000000000004
-28.99,27.54,10.391,0.092,0.874,0.205,3.277,-6.503,27.48,2521.9,10.4771,104.771,1.8576624310806387,-0.006604881121684434,,,Sand,,,Sand 6,6,27.02,32.46,-28.47,-33.910000000000004
-29.009999999999998,27.56,10.58,0.093,0.867,0.221,3.291,-6.506,27.5,2522.8,10.67282,106.7282,1.8492071648523452,-0.005003363684574459,,,Sand,,,Sand 6,6,27.02,32.46,-28.47,-33.910000000000004
-29.029999999999998,27.58,11.041,0.09,0.814,0.235,3.298,-6.498,27.52,2523.7,11.139700000000001,111.397,1.817580973099371,-0.003554853362298802,,,Sand,,,Sand 6,6,27.02,32.46,-28.47,-33.910000000000004
-29.05,27.6,11.384,0.09,0.784,0.228,3.298,-6.542,27.54,2524.6,11.47976,114.7976,1.7972172299715778,-0.004076740280284606,,,Sand,,,Sand 6,6,27.02,32.46,-28.47,-33.910000000000004
-29.07,27.62,11.841,0.089,0.741,0.232,3.291,-6.5,27.56,2525.4,11.93844,119.3844,1.768699739431229,-0.0036018106218232864,,,Sand,,,Sand 6,6,27.02,32.46,-28.47,-33.910000000000004
-29.09,27.64,12.514,0.09,0.726,0.246,3.308,-6.544,27.58,2526.3,12.61732,126.1732,1.7443265206451064,-0.0023142791020597077,,,Sand,,,Sand 6,6,27.02,32.46,-28.47,-33.910000000000004
-29.11,27.66,13.293,0.09,0.7,0.253,3.302,-6.576,27.6,2527.1,13.39926,133.9926,1.714020354088008,-0.0016717341106896931,,,Sand,,,Sand 6,6,27.02,32.46,-28.47,-33.910000000000004
-29.13,27.68,13.807,0.092,0.687,0.242,3.322,-6.578,27.62,2528.0,13.90864,139.0864,1.6962697664518576,-0.002415764589492572,,,Sand,,,Sand 6,6,27.02,32.46,-28.47,-33.910000000000004
-29.15,27.7,14.075,0.092,0.669,0.243,3.315,-6.59,27.64,2528.8,14.177059999999999,141.7706,1.6825964386584409,-0.002313596754193038,,,Sand,,,Sand 6,6,27.02,32.46,-28.47,-33.910000000000004
-29.169999999999998,27.72,14.316,0.095,0.673,0.246,3.322,-6.533,27.66,2529.7,14.41932,144.19320000000002,1.6784520740088473,-0.0020805419395644176,,,Sand,,,Sand 6,6,27.02,32.46,-28.47,-33.910000000000004
-29.189999999999998,27.74,14.537,0.096,0.664,0.248,3.314,-6.561,27.68,2530.6,14.641160000000001,146.41160000000002,1.6696219981266305,-0.0019260768955465268,,,Sand,,,Sand 6,6,27.02,32.46,-28.47,-33.910000000000004
-29.21,27.76,14.723,0.095,0.641,0.249,3.326,-6.53,27.7,2531.4,14.827580000000001,148.2758,1.655794625242572,-0.0018479077502869634,,,Sand,,,Sand 6,6,27.02,32.46,-28.47,-33.910000000000004
-29.23,27.78,15.018,0.092,0.604,0.25,3.327,-6.567,27.72,2532.3,15.123000000000001,151.23000000000002,1.6331286437373667,-0.0017589102691264974,,,Sand,,,Sand 6,6,27.02,32.46,-28.47,-33.910000000000004
-29.25,27.8,15.544,0.086,0.562,0.252,3.333,-6.579,27.74,2533.2,15.649840000000001,156.49840000000003,1.602268239830435,-0.001584680737950037,,,Sand,,,Sand 6,6,27.02,32.46,-28.47,-33.910000000000004
-29.27,27.82,16.014,0.081,0.521,0.254,3.331,-6.541,27.76,2534.1,16.12068,161.20680000000002,1.5722168128090346,-0.001426738822431808,,,Sand,,,Sand 6,6,27.02,32.46,-28.47,-33.910000000000004
-29.29,27.84,16.428,0.085,0.533,0.256,3.335,-6.577,27.78,2534.9,16.53552,165.3552,1.5693152230153546,-0.001282088497972848,,,Sand,,,Sand 6,6,27.02,32.46,-28.47,-33.910000000000004
-29.31,27.86,16.835,0.092,0.562,0.257,3.339,-6.604,27.8,2535.8,16.94294,169.4294,1.5749594875990174,-0.0012040413293088435,,,Sand,,,Sand 6,6,27.02,32.46,-28.47,-33.910000000000004
-29.33,27.88,17.027,0.097,0.58,0.257,3.339,-6.611,27.82,2543.0,17.13494,171.34939999999997,1.579593895494962,-0.001202221892810828,,,Sand,,,Sand 6,6,27.02,32.46,-28.47,-33.910000000000004
-29.349999999999998,27.9,17.168,0.1,0.581,0.257,3.341,-6.611,27.84,2552.4,17.27594,172.7594,1.5772769745267685,-0.001203986584811012,,,Sand,,,Sand 6,6,27.02,32.46,-28.47,-33.910000000000004
-29.37,27.92,17.4,0.1,0.572,0.258,3.332,-6.633,27.86,2558.8,17.50836,175.08360000000002,1.5685119315174192,-0.0011423114443614363,,,Sand,,,Sand 6,6,27.02,32.46,-28.47,-33.910000000000004
-29.39,27.94,17.692,0.099,0.558,0.258,3.328,-6.66,27.88,2559.6,17.80036,178.0036,1.5561926684363894,-0.0011348085094908186,,,Sand,,,Sand 6,6,27.02,32.46,-28.47,-33.910000000000004
-29.41,27.96,17.984,0.1,0.56,0.257,3.309,-6.624,27.9,2560.5,18.09194,180.91940000000002,1.5516379552931001,-0.001182847168407588,,,Sand,,,Sand 6,6,27.02,32.46,-28.47,-33.910000000000004
-29.43,27.98,18.236,0.102,0.571,0.259,3.324,-6.651,27.92,2561.3,18.34478,183.4478,1.5522339245954664,-0.0010684238241069136,,,Sand,,,Sand 6,6,27.02,32.46,-28.47,-33.910000000000004
-29.45,28.0,18.382,0.102,0.567,0.258,3.342,-6.642,27.94,2562.2,18.490360000000003,184.90360000000004,1.5476447987400919,-0.0011249104939006058,,,Sand,,,Sand 6,6,27.02,32.46,-28.47,-33.910000000000004
-29.47,28.02,18.336,0.101,0.558,0.259,3.361,-6.614,27.96,2563.0,18.444779999999998,184.4478,1.5441186326863752,-0.0010843176226552989,,,Sand,,,Sand 6,6,27.02,32.46,-28.47,-33.910000000000004
-29.49,28.04,18.2,0.103,0.568,0.259,3.357,-6.639,27.98,2563.9,18.30878,183.0878,1.5514593094170637,-0.0011032957957875943,,,Sand,,,Sand 6,6,27.02,32.46,-28.47,-33.910000000000004
-29.509999999999998,28.06,18.057,0.104,0.581,0.258,3.361,-6.648,28.0,2564.7,18.16536,181.6536,1.5602989229802522,-0.0011780663856923274,,,Sand,,,Sand 6,6,27.02,32.46,-28.47,-33.910000000000004
-29.529999999999998,28.08,17.832,0.104,0.588,0.258,3.357,-6.637,28.02,2565.6,17.940360000000002,179.4036,1.5677800089312914,-0.0012039892176076714,,,Sand,,,Sand 6,6,27.02,32.46,-28.47,-33.910000000000004
-29.55,28.1,17.393,0.102,0.587,0.255,3.338,-6.639,28.04,2566.4,17.5001,175.00099999999998,1.5757013788700431,-0.001417134759229948,,,Sand,,,Sand 6,6,27.02,32.46,-28.47,-33.910000000000004
-29.57,28.12,16.861,0.101,0.587,0.266,3.373,-6.631,28.06,2567.3,16.97272,169.72719999999998,1.586071174067102,-0.000824853058319468,,,Sand,,,Sand 6,6,27.02,32.46,-28.47,-33.910000000000004
-29.59,28.14,16.448,0.098,0.579,0.257,3.382,-6.685,28.08,2568.2,16.55594,165.55939999999998,1.59084054653971,-0.001401309741397951,,,Sand,,,Sand 6,6,27.02,32.46,-28.47,-33.910000000000004
-29.61,28.16,16.352,0.098,0.582,0.261,3.351,-6.7,28.1,2569.0,16.46162,164.6162,1.5941782516080716,-0.0011784988354730567,,,Sand,,,Sand 6,6,27.02,32.46,-28.47,-33.910000000000004
-29.63,28.18,16.564,0.101,0.606,0.261,3.375,-6.71,28.12,2569.8,16.67362,166.7362,1.6007438064763364,-0.0011755095774043049,,,Sand,,,Sand 6,6,27.02,32.46,-28.47,-33.910000000000004
-29.65,28.2,16.641,0.096,0.576,0.261,3.411,-6.732,28.14,2570.7,16.750619999999998,167.50619999999998,1.5854549119777428,-0.0011820457989017694,,,Sand,,,Sand 6,6,27.02,32.46,-28.47,-33.910000000000004
-29.669999999999998,28.22,16.571,0.097,0.584,0.261,3.421,-6.743,28.16,2571.6,16.68062,166.80620000000002,1.5905925709063435,-0.0011989962003810409,,,Sand,,,Sand 6,6,27.02,32.46,-28.47,-33.910000000000004
-29.689999999999998,28.24,16.521,0.096,0.573,0.259,3.433,-6.732,28.18,2572.5,16.62978,166.2978,1.586527967206586,-0.0013349545213466438,,,Sand,,,Sand 6,6,27.02,32.46,-28.47,-33.910000000000004
-29.71,28.26,16.831,0.104,0.616,0.261,3.423,-6.74,28.2,2573.3,16.94062,169.40619999999998,1.599846772299951,-0.0012042062214960242,,,Sand,,,Sand 6,6,27.02,32.46,-28.47,-33.910000000000004
-29.73,28.28,17.118,0.103,0.612,0.261,3.471,-6.774,28.22,2574.2,17.227619999999998,172.2762,1.592403364908139,-0.001195754259729436,,,Sand,,,Sand 6,6,27.02,32.46,-28.47,-33.910000000000004
-29.75,28.3,17.159,0.104,0.617,0.26,3.467,-6.718,28.24,2575.0,17.2682,172.68200000000002,1.593849396611137,-0.001262436154318343,,,Sand,,,Sand 6,6,27.02,32.46,-28.47,-33.910000000000004
-29.77,28.32,17.136,0.096,0.578,0.263,3.438,-6.744,28.26,2575.9,17.24646,172.4646,1.5764552816386044,-0.0011016753583054145,,,Sand,,,Sand 6,6,27.02,32.46,-28.47,-33.910000000000004
-29.79,28.34,16.611,0.101,0.61,0.267,3.46,-6.734,28.28,2576.7,16.72314,167.2314,1.6015319295271693,-0.0009089202147443596,,,Sand,,,Sand 6,6,27.02,32.46,-28.47,-33.910000000000004
-29.81,28.36,16.288,0.094,0.577,0.265,3.487,-6.677,28.3,2577.6,16.3993,163.993,1.5931633554033378,-0.001061020897233417,,,Sand,,,Sand 6,6,27.02,32.46,-28.47,-33.910000000000004
-29.83,28.38,15.922,0.093,0.579,0.264,3.472,-6.642,28.32,2578.4,16.032880000000002,160.32880000000003,1.601828005233423,-0.0011601159616987068,,,Sand,,,Sand 6,6,27.02,32.46,-28.47,-33.910000000000004
-29.849999999999998,28.4,15.625,0.096,0.616,0.262,3.475,-6.685,28.34,2579.3,15.73504,157.35039999999998,1.6248442025332241,-0.0013218905067924806,,,Sand,,,Sand 6,6,27.02,32.46,-28.47,-33.910000000000004
-29.87,28.42,15.146,0.089,0.58,0.26,3.49,-6.703,28.36,2580.2,15.2552,152.55200000000002,1.619390040661808,-0.001507682626252032,,,Sand,,,Sand 6,6,27.02,32.46,-28.47,-33.910000000000004
-29.89,28.44,14.646,0.089,0.594,0.262,3.474,-6.736,28.37,2580.9,14.75604,147.56040000000002,1.6371594355938712,-0.0014366998191926823,,,Sand,,,Sand 6,6,27.02,32.46,-28.47,-33.910000000000004
-29.91,28.46,14.393,0.09,0.604,0.262,3.494,-6.741,28.39,2581.8,14.50304,145.03040000000001,1.6475297824265431,-0.001475552711707337,,,Sand,,,Sand 6,6,27.02,32.46,-28.47,-33.910000000000004
-29.93,28.48,14.313,0.086,0.583,0.263,3.486,-6.738,28.41,2582.7,14.42346,144.2346,1.6401467602190352,-0.001428228732911522,,,Sand,,,Sand 6,6,27.02,32.46,-28.47,-33.910000000000004
-29.95,28.5,14.415,0.087,0.583,0.264,3.487,-6.771,28.43,2583.6,14.525879999999999,145.25879999999998,1.637691627103684,-0.0013630843707919942,,,Sand,,,Sand 6,6,27.02,32.46,-28.47,-33.910000000000004
-29.97,28.52,14.768,0.088,0.582,0.264,3.485,-6.788,28.45,2584.4,14.87888,148.7888,1.6289251870013661,-0.001344187196885787,,,Sand,,,Sand 6,6,27.02,32.46,-28.47,-33.910000000000004
-29.99,28.54,15.304,0.089,0.573,0.264,3.529,-6.775,28.47,2585.3,15.41488,154.14880000000002,1.6125954012082178,-0.0013104221375709695,,,Sand,,,Sand 6,6,27.02,32.46,-28.47,-33.910000000000004
-30.009999999999998,28.56,16.011,0.087,0.543,0.264,3.51,-6.805,28.49,2586.1,16.12188,161.21880000000002,1.5829598443974588,-0.0012653611117313848,,,Sand,,,Sand 6,6,27.02,32.46,-28.47,-33.910000000000004
-30.029999999999998,28.58,16.836,0.086,0.512,0.264,3.53,-6.83,28.51,2587.0,16.94688,169.46880000000002,1.550290585142118,-0.0012155629826847163,,,Sand,,,Sand 6,6,27.02,32.46,-28.47,-33.910000000000004
-30.05,28.6,17.659,0.087,0.504,0.265,3.519,-6.852,28.53,2587.9,17.7703,177.703,1.5297133633928903,-0.0011142186682273239,,,Sand,,,Sand 6,6,27.02,32.46,-28.47,-33.910000000000004
-30.07,28.62,18.338,0.087,0.491,0.264,3.537,-6.862,28.55,2588.7,18.448880000000003,184.4888,1.5098866552476529,-0.0011382804809831274,,,Sand,,,Sand 6,6,27.02,32.46,-28.47,-33.910000000000004
-30.09,28.64,18.891,0.088,0.483,0.264,3.545,-6.863,28.57,2589.7,19.00188,190.0188,1.495354815474252,-0.0011156790801752242,,,Sand,,,Sand 6,6,27.02,32.46,-28.47,-33.910000000000004
-30.11,28.66,19.019,0.09,0.487,0.266,3.55,-6.848,28.59,2590.5,19.130719999999997,191.30719999999997,1.4951893800948184,-0.001014075790142764,,,Sand,,,Sand 6,6,27.02,32.46,-28.47,-33.910000000000004
-30.13,28.68,18.985,0.091,0.494,0.265,3.548,-6.916,28.61,2591.3,19.0963,190.963,1.4995794989902262,-0.001078743002571177,,,Sand,,,Sand 6,6,27.02,32.46,-28.47,-33.910000000000004
-30.15,28.7,18.776,0.094,0.511,0.268,3.553,-6.889,28.63,2592.2,18.88856,188.88559999999998,1.5123248835661223,-0.0009423693494898476,,,Sand,,,Sand 6,6,27.02,32.46,-28.47,-33.910000000000004
-30.169999999999998,28.72,18.164,0.092,0.507,0.266,3.537,-6.9,28.65,2593.0,18.27572,182.7572,1.5215804149166439,-0.0010943481296496116,,,Sand,,,Sand 6,6,27.02,32.46,-28.47,-33.910000000000004
-30.189999999999998,28.74,17.657,0.089,0.497,0.267,3.561,-6.947,28.67,2593.9,17.76914,177.6914,1.5260809625434222,-0.0010805250000844155,,,Sand,,,Sand 6,6,27.02,32.46,-28.47,-33.910000000000004
-30.21,28.76,17.236,0.09,0.507,0.265,3.546,-6.948,28.69,2594.7,17.3473,173.47299999999998,1.5396200399939264,-0.0012336213704726372,,,Sand,,,Sand 6,6,27.02,32.46,-28.47,-33.910000000000004
-30.23,28.78,16.996,0.085,0.49,0.265,3.555,-6.948,28.71,2595.6,17.1073,171.07299999999998,1.535635691429684,-0.001262618881997745,,,Sand,,,Sand 6,6,27.02,32.46,-28.47,-33.910000000000004
-30.25,28.8,17.032,0.081,0.473,0.264,3.541,-6.942,28.73,2596.4,17.14288,171.42880000000002,1.5258654434367322,-0.0013299982266690316,,,Sand,,,Sand 6,6,27.02,32.46,-28.47,-33.910000000000004
-30.27,28.82,16.93,0.078,0.459,0.265,3.552,-6.925,28.75,2597.2,17.0413,170.41299999999998,1.5203516435622133,-0.0012909813218475116,,,Sand,,,Sand 6,6,27.02,32.46,-28.47,-33.910000000000004
-30.29,28.84,16.512,0.081,0.487,0.265,3.563,-6.912,28.77,2598.1,16.6233,166.233,1.544123124387661,-0.001335474905704643,,,Sand,,,Sand 6,6,27.02,32.46,-28.47,-33.910000000000004
-30.31,28.86,16.055,0.081,0.496,0.265,3.555,-6.888,28.79,2605.0,16.1663,161.66299999999998,1.5585922600762216,-0.001385598436253192,,,Sand,,,Sand 6,6,27.02,32.46,-28.47,-33.910000000000004
-30.33,28.88,15.67,0.085,0.53,0.266,3.545,-6.894,28.81,2615.2,15.78172,157.81719999999999,1.584060704782392,-0.001368672109250447,,,Sand,,,Sand 6,6,27.02,32.46,-28.47,-33.910000000000004
-30.349999999999998,28.9,15.285,0.087,0.543,0.266,3.535,-6.9,28.83,2625.5,15.39672,153.9672,1.5989474995173487,-0.001415885980910217,,,Sand,,,Sand 6,6,27.02,32.46,-28.47,-33.910000000000004
-30.37,28.92,15.306,0.085,0.534,0.268,3.505,-6.904,28.85,2629.1,15.41856,154.1856,1.5941286314715077,-0.0012971379947284312,,,Sand,,,Sand 6,6,27.02,32.46,-28.47,-33.910000000000004
-30.39,28.94,15.768,0.086,0.539,0.263,3.397,-6.839,28.87,2630.0,15.87846,158.7846,1.5863065744079463,-0.0015870556716457381,,,Sand,,,Sand 6,6,27.02,32.46,-28.47,-33.910000000000004
-30.41,28.96,16.053,0.095,0.594,0.268,3.28,-6.829,28.89,2630.8,16.16556,161.6556,1.6058532886053258,-0.0012619420545901272,,,Sand,,,Sand 6,6,27.02,32.46,-28.47,-33.910000000000004
-30.43,28.98,16.302,0.099,0.63,0.257,3.334,-6.8,28.91,2631.7,16.40994,164.09939999999997,1.6167286768150215,-0.0019256621291729296,,,Sand,,,Sand 6,6,27.02,32.46,-28.47,-33.910000000000004
-30.45,29.0,16.388,0.098,0.627,0.259,3.412,-6.88,28.93,2632.5,16.49678,164.9678,1.6136424811854397,-0.001806413130319978,,,Sand,,,Sand 6,6,27.02,32.46,-28.47,-33.910000000000004
-30.47,29.02,15.839,0.103,0.671,0.27,3.449,-6.906,28.95,2633.4,15.9524,159.524,1.6435808170841062,-0.0011910433539780846,,,Sand,,,Sand 6,6,27.02,32.46,-28.47,-33.910000000000004
-30.49,29.04,14.893,0.092,0.614,0.26,3.475,-6.915,28.97,2634.3,15.0022,150.02200000000002,1.640255612892863,-0.0019463811974243768,,,Sand,,,Sand 6,6,27.02,32.46,-28.47,-33.910000000000004
-30.509999999999998,29.06,14.119,0.097,0.665,0.269,3.486,-6.91,28.99,2635.2,14.23198,142.3198,1.6796628199939159,-0.001433391559010059,,,Sand,,,Sand 6,6,27.02,32.46,-28.47,-33.910000000000004
-30.529999999999998,29.08,13.538,0.101,0.714,0.27,3.493,-6.883,29.01,2636.0,13.6514,136.514,1.7130615220760337,-0.0014357501794687699,,,Sand,,,Sand 6,6,27.02,32.46,-28.47,-33.910000000000004
-30.55,29.1,13.337,0.095,0.702,0.272,3.535,-6.899,29.03,2636.9,13.45124,134.51239999999999,1.713474057822687,-0.0013232980751216998,,,Sand,,,Sand 6,6,27.02,32.46,-28.47,-33.910000000000004
-30.57,29.12,12.895,0.091,0.692,0.269,3.542,-6.906,29.05,2637.7,13.00798,130.0798,1.7210438210077679,-0.0016143936260664608,,,Sand,,,Sand 6,6,27.02,32.46,-28.47,-33.910000000000004
-30.59,29.14,12.642,0.077,0.603,0.267,3.586,-6.9,29.07,2638.6,12.75414,127.5414,1.6917690232426175,-0.0018190171975531074,,,Sand,,,Sand 6,6,27.02,32.46,-28.47,-33.910000000000004
-30.61,29.16,12.453,0.073,0.584,0.268,3.569,-6.894,29.09,2639.4,12.56556,125.65559999999999,1.6888317589809005,-0.0017826503554159128,,,Sand,,,Sand 6,6,27.02,32.46,-28.47,-33.910000000000004
-30.63,29.18,12.267,0.069,0.565,0.271,3.598,-6.875,29.11,2640.3,12.38082,123.8082,1.6857334823928278,-0.0015830938500034704,,,Sand,,,Sand 6,6,27.02,32.46,-28.47,-33.910000000000004
-30.65,29.2,12.072,0.068,0.567,0.271,3.599,-6.896,29.13,2641.1,12.18582,121.8582,1.6922535334344482,-0.0016248393624721156,,,Sand,,,Sand 6,6,27.02,32.46,-28.47,-33.910000000000004
-30.669999999999998,29.22,11.784,0.072,0.607,0.271,3.601,-6.848,29.15,2641.9,11.897820000000001,118.97820000000002,1.717879139617246,-0.0016809802131819104,,,Sand,,,Sand 6,6,27.02,32.46,-28.47,-33.910000000000004
-30.689999999999998,29.24,11.435,0.075,0.645,0.271,3.59,-6.882,29.17,2642.9,11.548820000000001,115.48820000000002,1.7438301460514383,-0.0017490964444852363,,,Sand,,,Sand 6,6,27.02,32.46,-28.47,-33.910000000000004
-30.71,29.26,11.177,0.071,0.622,0.271,3.586,-6.869,29.19,2643.7,11.29082,112.9082,1.7425378039420478,-0.0018067775414008884,,,Sand,,,Sand 6,6,27.02,32.46,-28.47,-33.910000000000004
-30.73,29.28,10.967,0.07,0.625,0.271,3.583,-6.875,29.21,2644.6,11.080820000000001,110.80820000000001,1.7503878077547763,-0.0018590681917042258,,,Sand,,,Sand 6,6,27.02,32.46,-28.47,-33.910000000000004
-30.75,29.3,10.822,0.068,0.616,0.271,3.592,-6.894,29.23,2645.3,10.93582,109.3582,1.751410763755691,-0.0019020064339025343,,,Sand,,,Sand 6,6,27.02,32.46,-28.47,-33.910000000000004
-30.77,29.32,10.646,0.067,0.615,0.27,3.579,-6.872,29.25,2646.3,10.759400000000001,107.59400000000001,1.7567818880876627,-0.0020447236834767735,,,Sand,,,Sand 6,6,27.02,32.46,-28.47,-33.910000000000004
-30.79,29.34,10.644,0.066,0.603,0.27,3.57,-6.86,29.27,2647.1,10.7574,107.574,1.7519476491042356,-0.0020636956885492766,,,Sand,,,Sand 6,6,27.02,32.46,-28.47,-33.910000000000004
-30.81,29.36,10.784,0.063,0.577,0.27,3.599,-6.878,29.29,2648.0,10.897400000000001,108.97400000000002,1.736453187088693,-0.002055536182942718,,,Sand,,,Sand 6,6,27.02,32.46,-28.47,-33.910000000000004
-30.83,29.38,10.984,0.061,0.55,0.271,3.614,-6.859,29.31,2648.8,11.09782,110.9782,1.718209583760853,-0.0019463281977901937,,,Sand,,,Sand 6,6,27.02,32.46,-28.47,-33.910000000000004
-30.849999999999998,29.4,11.197,0.055,0.496,0.271,3.6,-6.848,29.33,2649.7,11.31082,113.1082,1.6865929236051538,-0.0019273580518476957,,,Sand,,,Sand 6,6,27.02,32.46,-28.47,-33.910000000000004
-30.87,29.42,11.438,0.053,0.469,0.272,3.639,-6.852,29.35,2650.5,11.552240000000001,115.52240000000002,1.6657663257900703,-0.0018178292694750106,,,Sand,,,Sand 6,6,27.02,32.46,-28.47,-33.910000000000004
-30.89,29.44,11.611,0.053,0.459,0.272,3.622,-6.829,29.37,2651.4,11.725240000000001,117.25240000000002,1.6553106986836816,-0.001808065335976064,,,Sand,,,Sand 6,6,27.02,32.46,-28.47,-33.910000000000004
-30.91,29.46,11.854,0.053,0.448,0.271,3.646,-6.849,29.39,2652.2,11.96782,119.6782,1.6421776647186865,-0.0018716859043668753,,,Sand,,,Sand 6,6,27.02,32.46,-28.47,-33.910000000000004
-30.93,29.48,12.033,0.053,0.441,0.274,3.631,-6.878,29.41,2653.1,12.14808,121.4808,1.6330471963623174,-0.0016134236850596985,,,Sand,,,Sand 6,6,27.02,32.46,-28.47,-33.910000000000004
-30.95,29.5,12.11,0.05,0.418,0.272,3.608,-6.857,29.43,2653.9,12.22424,122.2424,1.6185341824355104,-0.001783341950092604,,,Sand,,,Sand 6,6,27.02,32.46,-28.47,-33.910000000000004
-30.97,29.52,12.174,0.052,0.428,0.273,3.596,-6.883,29.45,2654.8,12.28866,122.8866,1.6219507510497997,-0.00170889258877697,,,Sand,,,Sand 6,6,27.02,32.46,-28.47,-33.910000000000004
-30.99,29.54,12.319,0.055,0.451,0.275,3.621,-6.892,29.46,2655.7,12.434500000000002,124.34500000000001,1.6296723186480948,-0.0015440910370340573,,,Sand,,,Sand 6,6,27.02,32.46,-28.47,-33.910000000000004
-31.009999999999998,29.56,12.354,0.054,0.438,0.274,3.63,-6.87,29.48,2656.6,12.46908,124.6908,1.621871976504051,-0.0016360469256753488,,,Sand,,,Sand 6,6,27.02,32.46,-28.47,-33.910000000000004
-31.029999999999998,29.58,12.437,0.059,0.475,0.274,3.646,-6.859,29.5,2657.4,12.55208,125.5208,1.6384383006304337,-0.001641162261553461,,,Sand,,,Sand 6,6,27.02,32.46,-28.47,-33.910000000000004
-31.05,29.6,12.629,0.062,0.497,0.275,3.649,-6.895,29.52,2658.3,12.7445,127.445,1.6437922274162482,-0.001553611361763899,,,Sand,,,Sand 6,6,27.02,32.46,-28.47,-33.910000000000004
-31.07,29.62,12.687,0.066,0.519,0.275,3.633,-6.868,29.54,2659.1,12.8025,128.025,1.6527260787918345,-0.0015621948838117556,,,Sand,,,Sand 6,6,27.02,32.46,-28.47,-33.910000000000004
-31.09,29.64,12.866,0.072,0.57,0.277,3.638,-6.885,29.56,2660.0,12.982339999999999,129.8234,1.6711741004111942,-0.0014019044332531725,,,Sand,,,Sand 6,6,27.02,32.46,-28.47,-33.910000000000004
-31.11,29.66,12.856,0.078,0.613,0.276,3.674,-6.886,29.58,2660.8,12.97192,129.7192,1.690092909173132,-0.0014955380545054223,,,Sand,,,Sand 6,6,27.02,32.46,-28.47,-33.910000000000004
-31.13,29.68,12.823,0.084,0.653,0.276,3.672,-6.878,29.6,2661.7,12.93892,129.3892,1.7074795050034182,-0.001514809582252612,,,Sand,,,Sand 6,6,27.02,32.46,-28.47,-33.910000000000004
-31.15,29.7,12.81,0.087,0.677,0.276,3.674,-6.869,29.62,2662.5,12.925920000000001,129.25920000000002,1.7173711029916763,-0.0015318058598536857,,,Sand,,,Sand 6,6,27.02,32.46,-28.47,-33.910000000000004
-31.169999999999998,29.72,12.933,0.091,0.701,0.275,3.642,-6.873,29.64,2663.5,13.0485,130.485,1.723444518820654,-0.001609380388550408,,,Sand,,,Sand 6,6,27.02,32.46,-28.47,-33.910000000000004
-31.189999999999998,29.74,13.027,0.091,0.702,0.277,3.666,-6.847,29.66,2664.3,13.143339999999998,131.43339999999998,1.7213573152253772,-0.0014608158961116422,,,Sand,,,Sand 6,6,27.02,32.46,-28.47,-33.910000000000004
-31.21,29.76,13.08,0.095,0.726,0.276,3.685,-6.843,29.68,2665.1,13.195920000000001,131.9592,1.7290856113965334,-0.0015459323790989923,,,Sand,,,Sand 6,6,27.02,32.46,-28.47,-33.910000000000004
-31.23,29.78,13.144,0.089,0.684,0.276,3.685,-6.848,29.7,2666.0,13.259920000000001,132.59920000000002,1.7113706183890571,-0.0015535538675949794,,,Sand,,,Sand 6,6,27.02,32.46,-28.47,-33.910000000000004
-31.25,29.8,13.123,0.082,0.627,0.276,3.703,-6.87,29.72,2666.9,13.23892,132.3892,1.6888856608637297,-0.001571125137095776,,,Sand,,,Sand 6,6,27.02,32.46,-28.47,-33.910000000000004
-31.27,29.82,13.172,0.082,0.624,0.276,3.709,-6.849,29.74,2667.7,13.28792,132.8792,1.6863504348468341,-0.0015803827837614917,,,Sand,,,Sand 6,6,27.02,32.46,-28.47,-33.910000000000004
-31.29,29.84,13.319,0.084,0.636,0.276,3.694,-6.873,29.76,2668.6,13.434920000000002,134.34920000000002,1.6875418677668197,-0.0015779773902635807,,,Sand,,,Sand 6,6,27.02,32.46,-28.47,-33.910000000000004
-31.31,29.86,13.398,0.085,0.635,0.276,3.696,-6.854,29.78,2672.7,13.513919999999999,135.1392,1.68510317270546,-0.0015835523667448068,,,Sand,,,Sand 6,6,27.02,32.46,-28.47,-33.910000000000004
-31.33,29.88,13.407,0.086,0.637,0.277,3.707,-6.853,29.8,2680.6,13.52334,135.2334,1.6856920596810627,-0.0015232923227545831,,,Sand,,,Sand 6,6,27.02,32.46,-28.47,-33.910000000000004
-31.349999999999998,29.9,13.443,0.086,0.634,0.279,3.718,-6.856,29.82,2688.1,13.560179999999999,135.6018,1.683508290861149,-0.0013864122747633111,,,Sand,,,Sand 6,6,27.02,32.46,-28.47,-33.910000000000004
-31.37,29.92,13.697,0.084,0.616,0.277,3.735,-6.885,29.84,2688.9,13.813339999999998,138.1334,1.6695384863160299,-0.0015202695365494517,,,Sand,,,Sand 6,6,27.02,32.46,-28.47,-33.910000000000004
-31.39,29.94,13.798,0.087,0.644,0.277,3.707,-6.868,29.86,2689.8,13.91434,139.1434,1.678781573596597,-0.0015236080187777494,,,Sand,,,Sand 6,6,27.02,32.46,-28.47,-33.910000000000004
-31.41,29.96,13.691,0.087,0.645,0.277,3.739,-6.895,29.88,2690.7,13.80734,138.0734,1.6818443943353718,-0.001549900270435868,,,Sand,,,Sand 6,6,27.02,32.46,-28.47,-33.910000000000004
-31.43,29.98,13.523,0.087,0.646,0.277,3.769,-6.88,29.9,2691.6,13.639339999999999,136.39339999999999,1.6864625179598405,-0.0015836543410458297,,,Sand,,,Sand 6,6,27.02,32.46,-28.47,-33.910000000000004
-31.45,30.0,13.343,0.087,0.647,0.277,3.749,-6.899,29.92,2692.4,13.45934,134.59339999999997,1.6914434371759188,-0.0016196930904487155,,,Sand,,,Sand 6,6,27.02,32.46,-28.47,-33.910000000000004
-31.47,30.02,13.19,0.091,0.679,0.279,3.77,-6.877,29.94,2693.2,13.307179999999999,133.0718,1.7081903971365997,-0.0015029480325658782,,,Sand,,,Sand 6,6,27.02,32.46,-28.47,-33.910000000000004
-31.49,30.04,13.17,0.091,0.675,0.279,3.747,-6.92,29.96,2694.1,13.28718,132.87179999999998,1.7071267036398006,-0.0015202623882569508,,,Sand,,,Sand 6,6,27.02,32.46,-28.47,-33.910000000000004
-31.509999999999998,30.06,13.242,0.093,0.685,0.279,3.766,-6.882,29.98,2694.9,13.35918,133.5918,1.7092134228156228,-0.0015270398332831788,,,Sand,,,Sand 6,6,27.02,32.46,-28.47,-33.910000000000004
-31.529999999999998,30.08,13.443,0.092,0.668,0.284,3.761,-6.862,30.0,2695.8,13.56228,135.62279999999998,1.6973248495855993,-0.0011502490731646867,,,Sand,,,Sand 6,6,27.02,32.46,-28.47,-33.910000000000004
-31.55,30.1,13.78,0.093,0.659,0.279,3.781,-6.87,30.02,2696.6,13.897179999999999,138.97179999999997,1.6853505553080013,-0.0014967065260721969,,,Sand,,,Sand 6,6,27.02,32.46,-28.47,-33.910000000000004
-31.57,30.12,14.41,0.098,0.678,0.28,3.76,-6.858,30.04,2697.5,14.5276,145.276,1.6779275114283758,-0.0013766898868360913,,,Sand,,,Sand 6,6,27.02,32.46,-28.47,-33.910000000000004
-31.59,30.14,15.182,0.104,0.693,0.281,3.761,-6.839,30.06,2698.4,15.30002,153.0002,1.6664848195145028,-0.0012549003203917372,,,Sand,,,Sand 6,6,27.02,32.46,-28.47,-33.910000000000004
-31.61,30.16,15.88,0.103,0.671,0.28,3.805,-6.818,30.08,2699.3,15.9976,159.976,1.642633616655641,-0.0012751912786918022,,,Sand,,,Sand 6,6,27.02,32.46,-28.47,-33.910000000000004
-31.63,30.18,16.211,0.102,0.649,0.28,3.784,-6.799,30.1,2700.1,16.328599999999998,163.28599999999997,1.6265627733421684,-0.0012615900934556524,,,Sand,,,Sand 6,6,27.02,32.46,-28.47,-33.910000000000004
-31.65,30.2,16.474,0.103,0.643,0.282,3.801,-6.839,30.12,2701.0,16.59244,165.9244,1.6186235427792535,-0.0011330461342635536,,,Sand,,,Sand 6,6,27.02,32.46,-28.47,-33.910000000000004
-31.669999999999998,30.22,16.566,0.11,0.685,0.28,3.791,-6.825,30.14,2701.9,16.6836,166.83599999999998,1.634400013385299,-0.0012587211393224485,,,Sand,,,Sand 6,6,27.02,32.46,-28.47,-33.910000000000004
-31.689999999999998,30.24,16.355,0.11,0.687,0.28,3.778,-6.827,30.16,2702.7,16.4726,164.726,1.639439735378236,-0.0012869856610371157,,,Sand,,,Sand 6,6,27.02,32.46,-28.47,-33.910000000000004
-31.71,30.26,15.999,0.106,0.665,0.278,3.81,-6.816,30.18,2703.6,16.11576,161.15760000000003,1.6376851188149368,-0.001451994817495419,,,Sand,,,Sand 6,6,27.02,32.46,-28.47,-33.910000000000004
-31.73,30.28,15.689,0.104,0.663,0.281,3.806,-6.865,30.2,2704.4,15.80702,158.0702,1.6433419441068688,-0.0013032184434510756,,,Sand,,,Sand 6,6,27.02,32.46,-28.47,-33.910000000000004
-31.75,30.3,15.176,0.101,0.651,0.277,3.773,-6.85,30.22,2705.2,15.29234,152.92340000000002,1.6495050461581422,-0.0016217269561100533,,,Sand,,,Sand 6,6,27.02,32.46,-28.47,-33.910000000000004
-31.77,30.32,14.727,0.102,0.666,0.281,3.762,-6.855,30.24,2706.1,14.84502,148.4502,1.6657523584056049,-0.0014146158105546507,,,Sand,,,Sand 6,6,27.02,32.46,-28.47,-33.910000000000004
-31.79,30.34,14.633,0.104,0.69,0.282,3.782,-6.849,30.26,2706.9,14.751439999999999,147.5144,1.6775557430121777,-0.0013693578389635174,,,Sand,,,Sand 6,6,27.02,32.46,-28.47,-33.910000000000004
-31.81,30.36,14.875,0.099,0.662,0.283,3.79,-6.828,30.28,2707.8,14.99386,149.9386,1.6607363876630745,-0.0012938629545694023,,,Sand,,,Sand 6,6,27.02,32.46,-28.47,-33.910000000000004
-31.83,30.38,15.172,0.099,0.664,0.282,3.792,-6.815,30.3,2708.6,15.29044,152.9044,1.654941172966815,-0.0013472470380185243,,,Sand,,,Sand 6,6,27.02,32.46,-28.47,-33.910000000000004
-31.849999999999998,30.4,15.123,0.09,0.613,0.282,3.777,-6.843,30.32,2709.6,15.241439999999999,152.4144,1.634404687470686,-0.001364700448251606,,,Sand,,,Sand 6,6,27.02,32.46,-28.47,-33.910000000000004
-31.87,30.42,14.766,0.089,0.611,0.282,3.806,-6.832,30.34,2710.4,14.88444,148.8444,1.6416521811614495,-0.001410869337375138,,,Sand,,,Sand 6,6,27.02,32.46,-28.47,-33.910000000000004
-31.89,30.44,14.369,0.088,0.611,0.281,3.828,-6.818,30.36,2711.3,14.48702,144.87019999999998,1.6509557047032093,-0.0015324062505608462,,,Sand,,,Sand 6,6,27.02,32.46,-28.47,-33.910000000000004
-31.91,30.46,14.015,0.086,0.608,0.282,3.812,-6.811,30.38,2712.1,14.13344,141.33440000000002,1.6581821540156358,-0.00151413951592818,,,Sand,,,Sand 6,6,27.02,32.46,-28.47,-33.910000000000004
-31.93,30.48,13.687,0.087,0.621,0.283,3.856,-6.802,30.4,2713.0,13.80586,138.05859999999998,1.6718510033253775,-0.001492120012806158,,,Sand,,,Sand 6,6,27.02,32.46,-28.47,-33.910000000000004
-31.95,30.5,13.457,0.09,0.647,0.283,3.849,-6.834,30.42,2713.8,13.57586,135.7586,1.6884770635819997,-0.001532131297759406,,,Sand,,,Sand 6,6,27.02,32.46,-28.47,-33.910000000000004
-31.97,30.52,13.456,0.091,0.657,0.282,3.836,-6.844,30.44,2714.7,13.57444,135.74439999999998,1.6925881227741,-0.0016206930083303623,,,Sand,,,Sand 6,6,27.02,32.46,-28.47,-33.910000000000004
-31.99,30.54,13.708,0.09,0.651,0.283,3.836,-6.825,30.46,2715.5,13.82686,138.2686,1.683824664014125,-0.001533247606470304,,,Sand,,,Sand 6,6,27.02,32.46,-28.47,-33.910000000000004
-32.01,30.56,14.091,0.089,0.643,0.284,3.837,-6.817,30.48,2716.4,14.21028,142.1028,1.6711533805058458,-0.0014355804389498293,,,Sand,,,Sand 6,6,27.02,32.46,-28.47,-33.910000000000004
-32.03,30.58,14.305,0.09,0.641,0.283,3.864,-6.842,30.5,2717.2,14.42386,144.2386,1.6652161212867445,-0.0014975186947183364,,,Sand,,,Sand 6,6,27.02,32.46,-28.47,-33.910000000000004
-32.050000000000004,30.6,14.274,0.089,0.628,0.284,3.852,-6.838,30.52,2718.1,14.393279999999999,143.9328,1.6604718048627347,-0.0014451188332332914,,,Sand,,,Sand 6,6,27.02,32.46,-28.47,-33.910000000000004
-32.07,30.62,14.131,0.088,0.618,0.282,3.851,-6.82,30.53,2718.9,14.24944,142.4944,1.659664404616144,-0.0016140985189593414,,,Sand,,,Sand 6,6,27.02,32.46,-28.47,-33.910000000000004
-32.09,30.64,14.151,0.085,0.593,0.284,3.873,-6.891,30.55,2719.8,14.27028,142.7028,1.6482947204122094,-0.0014856050476935315,,,Sand,,,Sand 6,6,27.02,32.46,-28.47,-33.910000000000004
-32.11,30.66,14.285,0.086,0.594,0.287,3.868,-6.863,30.57,2720.6,14.40554,144.05540000000002,1.6454684009713578,-0.0012772863773242778,,,Sand,,,Sand 6,6,27.02,32.46,-28.47,-33.910000000000004
-32.13,30.68,14.474,0.088,0.608,0.285,3.912,-6.861,30.59,2721.5,14.5937,145.937,1.6471266987378943,-0.0014115680053721827,,,Sand,,,Sand 6,6,27.02,32.46,-28.47,-33.910000000000004
-32.15,30.7,14.682,0.091,0.624,0.286,3.889,-6.875,30.61,2722.4,14.80212,148.02120000000002,1.6491687791913434,-0.001337646229053673,,,Sand,,,Sand 6,6,27.02,32.46,-28.47,-33.910000000000004
-32.17,30.72,14.836,0.092,0.625,0.286,3.893,-6.88,30.63,2723.2,14.95612,149.5612,1.646057770891878,-0.0013372452213542014,,,Sand,,,Sand 6,6,27.02,32.46,-28.47,-33.910000000000004
-32.19,30.74,14.91,0.094,0.635,0.284,3.897,-6.883,30.65,2724.1,15.02928,150.2928,1.6486585380136358,-0.0014771166682635488,,,Sand,,,Sand 6,6,27.02,32.46,-28.47,-33.910000000000004
-32.21,30.76,15.041,0.093,0.626,0.286,3.917,-6.855,30.67,2724.9,15.16112,151.6112,1.6418395761847682,-0.0013455470308262171,,,Sand,,,Sand 6,6,27.02,32.46,-28.47,-33.910000000000004
-32.230000000000004,30.78,15.103,0.089,0.599,0.287,3.918,-6.859,30.69,2725.8,15.22354,152.2354,1.6286424440684553,-0.001287479784596751,,,Sand,,,Sand 6,6,27.02,32.46,-28.47,-33.910000000000004
-32.25,30.8,15.0,0.086,0.572,0.286,3.926,-6.849,30.71,2726.6,15.12012,151.2012,1.618811502629704,-0.0013756504578006001,,,Sand,,,Sand 6,6,27.02,32.46,-28.47,-33.910000000000004
-32.27,30.82,14.929,0.088,0.587,0.286,3.921,-6.837,30.73,2727.6,15.04912,150.49120000000002,1.6272470120903135,-0.001395430430483643,,,Sand,,,Sand 6,6,27.02,32.46,-28.47,-33.910000000000004
-32.29,30.84,15.119,0.094,0.622,0.286,3.932,-6.848,30.75,2728.4,15.23912,152.3912,1.6383660127247461,-0.0013911564447290914,,,Sand,,,Sand 6,6,27.02,32.46,-28.47,-33.910000000000004
-32.31,30.86,15.268,0.096,0.633,0.287,3.94,-6.837,30.77,2733.7,15.38854,153.8854,1.6397707168572138,-0.0013256618236687843,,,Sand,,,Sand 6,6,27.02,32.46,-28.47,-33.910000000000004
-32.33,30.88,15.397,0.097,0.637,0.288,3.951,-6.823,30.79,2740.3,15.51796,155.17960000000002,1.6386352936536024,-0.0012630526177409894,,,Sand,,,Sand 6,6,27.02,32.46,-28.47,-33.910000000000004
-32.35,30.9,15.514,0.096,0.63,0.287,3.961,-6.831,30.81,2745.7,15.63454,156.34539999999998,1.6330994971352317,-0.001330387718474609,,,Sand,,,Sand 6,6,27.02,32.46,-28.47,-33.910000000000004
-32.370000000000005,30.92,15.451,0.096,0.628,0.288,3.94,-6.854,30.83,2746.5,15.57196,155.7196,1.633599868940148,-0.0012843598365266835,,,Sand,,,Sand 6,6,27.02,32.46,-28.47,-33.910000000000004
-32.39,30.94,15.302,0.096,0.634,0.287,3.942,-6.832,30.85,2747.4,15.42254,154.22539999999998,1.6394483017704187,-0.001374611445326126,,,Sand,,,Sand 6,6,27.02,32.46,-28.47,-33.910000000000004
-32.410000000000004,30.96,15.096,0.098,0.645,0.288,3.953,-6.854,30.87,2748.2,15.21696,152.1696,1.6486638971188956,-0.0013406094252728555,,,Sand,,,Sand 6,6,27.02,32.46,-28.47,-33.910000000000004
-32.43,30.98,14.948,0.097,0.644,0.288,3.979,-6.839,30.89,2749.1,15.06896,150.6896,1.6515613640758475,-0.00136704855544112,,,Sand,,,Sand 6,6,27.02,32.46,-28.47,-33.910000000000004
-32.45,31.0,14.968,0.097,0.658,0.288,3.985,-6.827,30.91,2749.9,15.08896,150.8896,1.6569471297917548,-0.0013784912942972883,,,Sand,,,Sand 6,6,27.02,32.46,-28.47,-33.910000000000004
-32.47,31.02,14.662,0.097,0.667,0.289,3.976,-6.837,30.93,2750.8,14.783380000000001,147.8338,1.667569213927775,-0.0013528705884581198,,,Sand,,,Sand 6,6,27.02,32.46,-28.47,-33.910000000000004
-32.49,31.04,14.283,0.096,0.666,0.287,3.981,-6.849,30.95,2751.6,14.40354,144.03539999999998,1.6759926591155396,-0.001541287766757342,,,Sand,,,Sand 6,6,27.02,32.46,-28.47,-33.910000000000004
-32.51,31.06,13.979,0.099,0.684,0.288,3.981,-6.829,30.97,2752.5,14.09996,140.9996,1.6904463270599444,-0.0015177348020845435,,,Sand,,,Sand 6,6,27.02,32.46,-28.47,-33.910000000000004
-32.53,31.08,13.938,0.1,0.688,0.287,3.986,-6.856,30.99,2753.3,14.05854,140.58540000000002,1.693025506064755,-0.001607563801077496,,,Sand,,,Sand 6,6,27.02,32.46,-28.47,-33.910000000000004
-32.550000000000004,31.1,14.159,0.098,0.665,0.289,4.004,-6.854,31.01,2754.2,14.280380000000001,142.80380000000002,1.6785072153377807,-0.001456543873482363,,,Sand,,,Sand 6,6,27.02,32.46,-28.47,-33.910000000000004
-32.57,31.12,14.638,0.099,0.645,0.291,4.021,-6.833,31.03,2755.1,14.76022,147.6022,1.659021599989846,-0.0012872436860697197,,,Sand,,,Sand 6,6,27.02,32.46,-28.47,-33.910000000000004
-32.59,31.14,15.594,0.1,0.623,0.292,4.016,-6.858,31.05,2756.0,15.71664,157.16639999999998,1.6282953038804093,-0.0011580083274796678,,,Sand,,,Sand 6,6,27.02,32.46,-28.47,-33.910000000000004
-32.61,31.16,16.949,0.102,0.614,0.291,4.046,-6.826,31.07,2756.9,17.07122,170.71220000000002,1.5963685307440718,-0.0011364155578804547,,,Sand,,,Sand 6,6,27.02,32.46,-28.47,-33.910000000000004
-32.63,31.18,18.314,0.106,0.608,0.291,4.039,-6.813,31.09,2757.7,18.43622,184.36219999999997,1.5678739147146816,-0.0010631246535352705,,,Sand,,,Sand 6,6,27.02,32.46,-28.47,-33.910000000000004
-32.65,31.2,19.153,0.109,0.604,0.29,4.035,-6.836,31.11,2758.6,19.2748,192.748,1.551233037307691,-0.0010791292257247781,,,Sand,,,Sand 6,6,27.02,32.46,-28.47,-33.910000000000004
-32.67,31.22,19.354,0.111,0.599,0.29,4.055,-6.838,31.13,2759.5,19.4758,194.75799999999998,1.5454616133818868,-0.0010782612267532013,,,Sand,,,Sand 6,6,27.02,32.46,-28.47,-33.910000000000004
-32.69,31.24,19.306,0.112,0.589,0.291,4.065,-6.826,31.15,2760.3,19.42822,194.28220000000002,1.5415670087716902,-0.0010397246891377587,,,Sand,,,Sand 6,6,27.02,32.46,-28.47,-33.910000000000004
-32.71,31.26,19.376,0.115,0.598,0.29,4.081,-6.874,31.17,2761.2,19.4978,194.97800000000004,1.5446187904361892,-0.0010975597246868864,,,Sand,,,Sand 6,6,27.02,32.46,-28.47,-33.910000000000004
-32.730000000000004,31.28,19.572,0.12,0.62,0.291,4.077,-6.905,31.19,2762.0,19.694219999999998,196.94219999999999,1.5514883903420253,-0.0010459921743536948,,,Sand,,,Sand 6,6,27.02,32.46,-28.47,-33.910000000000004
-32.75,31.3,19.505,0.122,0.636,0.29,4.097,-6.893,31.21,2762.9,19.6268,196.268,1.559855049148938,-0.001110726149958221,,,Sand,,,Sand 6,6,27.02,32.46,-28.47,-33.910000000000004
-32.77,31.32,19.202,0.123,0.645,0.293,4.119,-6.906,31.23,2763.7,19.32506,193.25060000000002,1.5689369157121427,-0.0009831793536475436,,,Sand,,,Sand 6,6,27.02,32.46,-28.47,-33.910000000000004
-32.79,31.34,18.89,0.125,0.659,0.293,4.119,-6.893,31.25,2764.6,19.01306,190.1306,1.5803923559616562,-0.0010098321890321701,,,Sand,,,Sand 6,6,27.02,32.46,-28.47,-33.910000000000004
-32.81,31.36,18.684,0.122,0.651,0.292,4.142,-6.888,31.27,2765.4,18.80664,188.06640000000004,1.5804940175019537,-0.0010847232679521716,,,Sand,,,Sand 6,6,27.02,32.46,-28.47,-33.910000000000004
-32.83,31.38,18.428,0.123,0.656,0.293,4.144,-6.934,31.29,2766.4,18.55106,185.5106,1.587163281136061,-0.0010565433996763509,,,Sand,,,Sand 6,6,27.02,32.46,-28.47,-33.910000000000004
-32.85,31.4,18.286,0.121,0.644,0.292,4.141,-6.908,31.31,2767.2,18.408640000000002,184.08640000000003,1.5844806152581576,-0.0011299042188885223,,,Sand,,,Sand 6,6,27.02,32.46,-28.47,-33.910000000000004
-32.870000000000005,31.42,18.33,0.123,0.651,0.293,4.143,-6.888,31.33,2768.0,18.453059999999997,184.53059999999996,1.5867391002346398,-0.0010838310827580933,,,Sand,,,Sand 6,6,27.02,32.46,-28.47,-33.910000000000004
-32.89,31.44,18.87,0.124,0.648,0.293,4.142,-6.898,31.35,2769.0,18.99306,189.93060000000003,1.575941943490408,-0.0010635463690421652,,,Sand,,,Sand 6,6,27.02,32.46,-28.47,-33.910000000000004
-32.910000000000004,31.46,19.635,0.124,0.636,0.293,4.14,-6.871,31.37,2769.8,19.75806,197.5806,1.5576716331456288,-0.0010324900319160905,,,Sand,,,Sand 6,6,27.02,32.46,-28.47,-33.910000000000004
-32.93,31.48,20.279,0.127,0.638,0.294,4.146,-6.867,31.39,2770.7,20.40248,204.0248,1.5480933611995014,-0.0009606675266928345,,,Sand,,,Sand 6,6,27.02,32.46,-28.47,-33.910000000000004
-32.95,31.5,20.601,0.129,0.634,0.294,4.147,-6.901,31.41,2771.5,20.72448,207.2448,1.5411899423018758,-0.0009553918843802118,,,Sand,,,Sand 6,6,27.02,32.46,-28.47,-33.910000000000004
-32.97,31.52,20.855,0.132,0.638,0.293,4.172,-6.873,31.43,2772.4,20.97806,209.78059999999996,1.5390582498732355,-0.0010010458545737786,,,Sand,,,Sand 6,6,27.02,32.46,-28.47,-33.910000000000004
-32.99,31.54,21.278,0.133,0.635,0.293,4.163,-6.867,31.45,2773.3,21.401059999999998,214.01059999999998,1.531232782347008,-0.0009906051382501636,,,Sand,,,Sand 6,6,27.02,32.46,-28.47,-33.910000000000004
-33.01,31.56,21.455,0.135,0.64,0.297,4.164,-6.876,31.47,2774.1,21.579739999999997,215.79739999999998,1.5308286504052633,-0.0008063118462038921,,,Sand,,,Sand 6,6,27.02,32.46,-28.47,-33.910000000000004
-33.03,31.58,21.416,0.136,0.642,0.294,4.189,-6.849,31.49,2775.0,21.53948,215.3948,1.5323388696756794,-0.0009563833481588238,,,Sand,,,Sand 6,6,27.02,32.46,-28.47,-33.910000000000004
-33.050000000000004,31.6,21.343,0.138,0.65,0.295,4.178,-6.866,31.51,2775.9,21.4669,214.66899999999998,1.5370358008712603,-0.0009223502229013072,,,Sand,,,Sand 6,6,27.02,32.46,-28.47,-33.910000000000004
-33.07,31.62,21.37,0.139,0.653,0.296,4.196,-6.864,31.53,2776.8,21.494320000000002,214.94320000000005,1.5379702965647983,-0.0008839544586662894,,,Sand,,,Sand 6,6,27.02,32.46,-28.47,-33.910000000000004
-33.09,31.64,21.177,0.137,0.651,0.294,4.185,-6.856,31.55,2777.6,21.30048,213.0048,1.539988455876103,-0.0009952827354125374,,,Sand,,,Sand 6,6,27.02,32.46,-28.47,-33.910000000000004
-33.11,31.66,20.964,0.136,0.65,0.295,4.162,-6.862,31.56,2778.5,21.087899999999998,210.879,1.542773347944817,-0.0009673793976640623,,,Sand,,,Sand 6,6,27.02,32.46,-28.47,-33.910000000000004
-33.13,31.68,20.763,0.136,0.653,0.294,4.181,-6.879,31.58,2779.3,20.886480000000002,208.86480000000003,1.5472088500459884,-0.0010341618118514953,,,Sand,,,Sand 6,6,27.02,32.46,-28.47,-33.910000000000004
-33.15,31.7,20.556,0.136,0.659,0.294,4.191,-6.928,31.6,2780.2,20.67948,206.79480000000004,1.553081352564345,-0.001054185114906175,,,Sand,,,Sand 6,6,27.02,32.46,-28.47,-33.910000000000004
-33.17,31.72,20.346,0.136,0.67,0.295,4.202,-6.941,31.62,2781.0,20.4699,204.69899999999998,1.5611807278017487,-0.00102589656031539,,,Sand,,,Sand 6,6,27.02,32.46,-28.47,-33.910000000000004
-33.19,31.74,20.054,0.134,0.666,0.296,4.196,-6.945,31.64,2781.9,20.17832,201.7832,1.5640752598205307,-0.0010010744204671147,,,Sand,,,Sand 6,6,27.02,32.46,-28.47,-33.910000000000004
-33.21,31.76,19.635,0.127,0.634,0.297,4.191,-6.929,31.66,2782.7,19.75974,197.59740000000002,1.556745380828413,-0.0009817942948642025,,,Sand,,,Sand 6,6,27.02,32.46,-28.47,-33.910000000000004
-33.230000000000004,31.78,19.342,0.117,0.589,0.297,4.208,-6.91,31.68,2783.6,19.466739999999998,194.6674,1.540907777059157,-0.0010068455221572809,,,Sand,,,Sand 6,6,27.02,32.46,-28.47,-33.910000000000004
-33.25,31.8,19.473,0.108,0.544,0.297,4.207,-6.883,31.7,2784.5,19.597739999999998,195.9774,1.5166964044245335,-0.001010320577780908,,,Sand,,,Sand 6,6,27.02,32.46,-28.47,-33.910000000000004
-33.27,31.82,20.148,0.11,0.554,0.298,4.212,-6.905,31.72,2785.4,20.27316,202.7316,1.510332011514222,-0.0009371997261403748,,,Sand,,,Sand 6,6,27.02,32.46,-28.47,-33.910000000000004
-33.29,31.84,21.209,0.12,0.587,0.298,4.218,-6.912,31.74,2787.8,21.33416,213.3416,1.509673441759428,-0.0008999651263513534,,,Sand,,,Sand 6,6,27.02,32.46,-28.47,-33.910000000000004
-33.31,31.86,22.072,0.13,0.614,0.298,4.215,-6.911,31.76,2793.4,22.19716,221.9716,1.5096724710068552,-0.0008739856810510909,,,Sand,,,Sand 6,6,27.02,32.46,-28.47,-33.910000000000004
-33.33,31.88,22.935,0.136,0.621,0.299,4.211,-6.911,31.78,2799.0,23.060579999999998,230.6058,1.500696813685191,-0.0008065712137335647,,,Sand,,,Sand 6,6,27.02,32.46,-28.47,-33.910000000000004
-33.35,31.9,23.59,0.14,0.615,0.298,4.216,-6.913,31.8,2803.7,23.71516,237.1516,1.4888911748505926,-0.0008349089780545445,,,Sand,,,Sand 6,6,27.02,32.46,-28.47,-33.910000000000004
-33.370000000000005,31.92,23.293,0.142,0.608,0.298,4.211,-6.93,31.82,2804.5,23.41816,234.1816,1.4895658779981766,-0.0008540380627683839,,,Sand,,,Sand 6,6,27.02,32.46,-28.47,-33.910000000000004
-33.39,31.94,23.163,0.145,0.616,0.298,4.198,-6.917,31.84,2805.4,23.28816,232.8816,1.4951802680173247,-0.0008673935596457595,,,Sand,,,Sand 6,6,27.02,32.46,-28.47,-33.910000000000004
-33.410000000000004,31.96,23.53,0.15,0.632,0.299,4.212,-6.928,31.86,2806.2,23.65558,236.5558,1.497739932499642,-0.0008201024874469378,,,Sand,,,Sand 6,6,27.02,32.46,-28.47,-33.910000000000004
-33.43,31.98,24.286,0.155,0.643,0.299,4.224,-6.938,31.88,2807.1,24.41158,244.1158,1.4929221224256632,-0.0008028976412014307,,,Sand,,,Sand 6,6,27.02,32.46,-28.47,-33.910000000000004
-33.45,32.0,25.034,0.16,0.659,0.3,4.239,-6.976,31.9,2808.0,25.16,251.6,1.490859700631175,-0.0007472178060413359,,,Sand,,,Sand 6,6,27.02,32.46,-28.47,-33.910000000000004
-33.470000000000006,32.02,25.266,0.161,0.666,0.3,4.224,-6.963,31.92,2808.8,25.392,253.92,1.4912106295763563,-0.0007482671707624471,,,Sand,,,Sand 6,6,27.02,32.46,-28.47,-33.910000000000004
-33.49,32.04,24.847,0.162,0.672,0.299,4.233,-6.956,31.94,2809.7,24.97258,249.72580000000002,1.499105441400848,-0.0008088871874672158,,,Sand,,,Sand 6,6,27.02,32.46,-28.47,-33.910000000000004
-33.510000000000005,32.06,23.897,0.161,0.669,0.3,4.236,-6.945,31.96,2810.5,24.023,240.23,1.509850580399656,-0.0008075594222203736,,,Sand,,,Sand 6,6,27.02,32.46,-28.47,-33.910000000000004
-33.53,32.08,23.094,0.159,0.666,0.298,4.261,-6.96,31.98,2811.4,23.219160000000002,232.19160000000002,1.5192081520366847,-0.0009302662111807671,,,Sand,,,Sand 6,6,27.02,32.46,-28.47,-33.910000000000004
-33.550000000000004,32.1,22.834,0.158,0.661,0.298,4.249,-6.946,32.0,2812.2,22.95916,229.5916,1.520525462529781,-0.0009495120901635804,,,Sand,,,Sand 6,6,27.02,32.46,-28.47,-33.910000000000004
-33.57,32.12,23.109,0.155,0.643,0.301,4.244,-6.937,32.02,2813.1,23.23542,232.35420000000002,1.50854282789742,-0.0008177170888238731,,,Sand,,,Sand 6,6,27.02,32.46,-28.47,-33.910000000000004
-33.59,32.14,23.899,0.159,0.647,0.302,4.289,-6.947,32.04,2814.0,24.025840000000002,240.25840000000005,1.499794916227319,-0.0007575177392340931,,,Sand,,,Sand 6,6,27.02,32.46,-28.47,-33.910000000000004
-33.61,32.16,25.132,0.164,0.646,0.304,4.287,-6.975,32.06,2814.9,25.259680000000003,252.59680000000003,1.4836068712687358,-0.0006492560475825495,,,Sand,,,Sand 6,6,27.02,32.46,-28.47,-33.910000000000004
-33.63,32.18,26.503,0.168,0.633,0.305,4.282,-6.992,32.08,2815.8,26.6311,266.311,1.4609850991680386,-0.0005857812857899231,,,Sand,,,Sand 6,6,27.02,32.46,-28.47,-33.910000000000004
-33.650000000000006,32.2,27.968,0.166,0.588,0.31,4.307,-6.981,32.1,2816.7,28.0982,280.98199999999997,1.4219581923750138,-0.00038436625833683546,,,Sand,,,Sand 6,6,27.02,32.46,-28.47,-33.910000000000004
-33.67,32.22,29.779,0.164,0.56,0.315,4.324,-6.995,32.12,2817.6,29.9113,299.113,1.3877144983311347,-0.00020059308689358203,,,Sand,,,Sand 6,6,27.02,32.46,-28.47,-33.910000000000004
-33.690000000000005,32.24,31.816,0.167,0.532,0.308,4.297,-7.047,32.14,2818.4,31.945359999999997,319.4536,1.3517089696245246,-0.00041320554847402085,,,Sand,,,Sand 6,6,27.02,32.46,-28.47,-33.910000000000004
-33.71,32.26,33.846,0.172,0.531,0.29,4.342,-7.081,32.16,2819.3,33.9678,339.67799999999994,1.3322154645786846,-0.0009244048775605126,,,Sand,,,Sand 6,6,27.02,32.46,-28.47,-33.910000000000004
-33.730000000000004,32.28,35.357,0.176,0.516,0.278,4.32,-7.1,32.18,2820.2,35.47376,354.73760000000004,1.3101168586820586,-0.0012290774927721229,,,Sand,,,Sand 6,6,27.02,32.46,-28.47,-33.910000000000004
-33.75,32.3,36.336,0.179,0.517,0.276,4.31,-7.077,32.2,2821.1,36.45192,364.51919999999996,1.3024501566041438,-0.0012564495916813165,,,Dense sand / gravelly sand,,,Sand 6,6,27.02,32.46,-28.47,-33.910000000000004
-33.77,32.32,36.643,0.179,0.506,0.274,4.353,-7.12,32.22,2821.9,36.75808,367.5808,1.2932287889419793,-0.0013058353428688331,,,Dense sand / gravelly sand,,,Sand 6,6,27.02,32.46,-28.47,-33.910000000000004
-33.790000000000006,32.34,36.583,0.179,0.5,0.294,4.32,-7.099,32.24,2822.9,36.70648,367.06479999999993,1.2899599128054016,-0.0007682567219738872,,,Dense sand / gravelly sand,,,Sand 6,6,27.02,32.46,-28.47,-33.910000000000004
-33.81,32.36,35.973,0.175,0.49,0.287,4.338,-7.098,32.26,2823.7,36.09354,360.9354,1.2888917176090036,-0.0009807849271642524,,,Dense sand / gravelly sand,,,Sand 6,6,27.02,32.46,-28.47,-33.910000000000004
-33.830000000000005,32.38,35.309,0.173,0.49,0.282,4.347,-7.071,32.28,2824.6,35.42744,354.27439999999996,1.2946320562302602,-0.0011460043401386052,,,Dense sand / gravelly sand,,,Sand 6,6,27.02,32.46,-28.47,-33.910000000000004
-33.85,32.4,34.7,0.164,0.473,0.281,4.37,-7.071,32.3,2825.5,34.818020000000004,348.1802,1.2893115003378128,-0.0012005277726878211,,,Dense sand / gravelly sand,,,Sand 6,6,27.02,32.46,-28.47,-33.910000000000004
-33.870000000000005,32.42,34.179,0.156,0.461,0.283,4.369,-7.052,32.32,2826.3,34.29786,342.97860000000003,1.2863331851874371,-0.0011662535213567277,,,Dense sand / gravelly sand,,,Sand 6,6,27.02,32.46,-28.47,-33.910000000000004
-33.89,32.44,33.285,0.148,0.45,0.284,4.385,-7.033,32.34,2827.2,33.40428,334.0428,1.2875521469531095,-0.0011735023176670772,,,Dense sand / gravelly sand,,,Sand 6,6,27.02,32.46,-28.47,-33.910000000000004
-33.910000000000004,32.46,31.96,0.142,0.447,0.283,4.394,-7.018,32.36,2828.1,32.07886,320.78860000000003,1.2985796637380056,-0.001259396375058217,,,Dense sand / gravelly sand,,,Sand 7,7,32.46,33.46,-33.910000000000004,-34.910000000000004
-33.93,32.48,30.437,0.138,0.452,0.278,4.419,-6.984,32.38,2828.9,30.55376,305.5376,1.3175602067142296,-0.0014924513382313673,,,Sand,,,Sand 7,7,32.46,33.46,-33.910000000000004,-34.910000000000004
-33.95,32.5,28.68,0.126,0.434,0.29,4.425,-7.001,32.4,2829.7,28.8018,288.018,1.3253532811329134,-0.001173537765000799,,,Sand,,,Sand 7,7,32.46,33.46,-33.910000000000004,-34.910000000000004
-33.970000000000006,32.52,26.956,0.117,0.425,0.282,4.424,-6.958,32.42,2830.6,27.07444,270.7444,1.340166632864589,-0.0015512786229373557,,,Sand,,,Sand 7,7,32.46,33.46,-33.910000000000004,-34.910000000000004
-33.99,32.54,25.009,0.13,0.493,0.283,4.416,-6.944,32.44,2831.4,25.127860000000002,251.2786,1.4063629489742466,-0.0016396143563359572,,,Sand,,,Sand 7,7,32.46,33.46,-33.910000000000004,-34.910000000000004
-34.010000000000005,32.56,23.809,0.12,0.48,0.308,4.435,-6.943,32.46,2832.3,23.93836,239.3836,1.4150303210186232,-0.0006850928802140178,,,Sand,,,Sand 7,7,32.46,33.46,-33.910000000000004,-34.910000000000004
-34.03,32.58,23.104,0.122,0.508,0.295,4.424,-6.98,32.48,2833.1,23.227899999999998,232.27899999999997,1.4408392170541655,-0.0012743295777922251,,,Sand,,,Sand 7,7,32.46,33.46,-33.910000000000004,-34.910000000000004
-34.050000000000004,32.6,22.656,0.121,0.516,0.315,4.439,-6.973,32.5,2834.0,22.7883,227.88299999999998,1.4515578599246364,-0.0004300452425148023,,,Sand,,,Sand 7,7,32.46,33.46,-33.910000000000004,-34.910000000000004
-34.07,32.62,22.232,0.121,0.527,0.299,4.434,-6.97,32.52,2834.8,22.35758,223.5758,1.4637950773673938,-0.0011629165589477932,,,Sand,,,Sand 7,7,32.46,33.46,-33.910000000000004,-34.910000000000004
-34.09,32.64,22.473,0.124,0.547,0.305,4.438,-7.012,32.54,2835.7,22.6011,226.011,1.4706823309791097,-0.0008937618080535924,,,Sand,,,Sand 7,7,32.46,33.46,-33.910000000000004,-34.910000000000004
-34.11,32.66,22.911,0.131,0.58,0.304,4.448,-7.004,32.55,2836.6,23.038680000000003,230.38680000000005,1.4811417227087715,-0.0009288726611073192,,,Sand,,,Sand 7,7,32.46,33.46,-33.910000000000004,-34.910000000000004
-34.13,32.68,22.928,0.119,0.53,0.303,4.439,-7.008,32.57,2837.5,23.05526,230.5526,1.4552027821406865,-0.00098025352999706,,,Sand,,,Sand 7,7,32.46,33.46,-33.910000000000004,-34.910000000000004
-34.150000000000006,32.7,22.644,0.117,0.523,0.301,4.431,-7.032,32.59,2838.3,22.770419999999998,227.7042,1.4555853186505538,-0.001089132304103309,,,Sand,,,Sand 7,7,32.46,33.46,-33.910000000000004,-34.910000000000004
-34.17,32.72,22.346,0.109,0.487,0.3,4.429,-7.038,32.61,2839.2,22.472,224.72,1.440254853848693,-0.001156995372018512,,,Sand,,,Sand 7,7,32.46,33.46,-33.910000000000004,-34.910000000000004
-34.190000000000005,32.74,22.101,0.108,0.48,0.301,4.44,-7.003,32.63,2840.0,22.22742,222.27419999999998,1.4400048475161402,-0.0011337348194257384,,,Sand,,,Sand 7,7,32.46,33.46,-33.910000000000004,-34.910000000000004
-34.21,32.76,22.058,0.103,0.461,0.303,4.472,-6.987,32.65,2840.9,22.18526,221.8526,1.4297406346809216,-0.0010547543729485243,,,Sand,,,Sand 7,7,32.46,33.46,-33.910000000000004,-34.910000000000004
-34.230000000000004,32.78,22.251,0.099,0.441,0.302,4.486,-7.0,32.67,2841.7,22.377840000000003,223.77840000000003,1.414942196658757,-0.0010993018092899055,,,Sand,,,Sand 7,7,32.46,33.46,-33.910000000000004,-34.910000000000004
-34.25,32.8,22.594,0.097,0.434,0.307,4.498,-7.028,32.69,2842.6,22.72294,227.22940000000003,1.4054358390213981,-0.0008713661172365904,,,Sand,,,Sand 7,7,32.46,33.46,-33.910000000000004,-34.910000000000004
-34.27,32.82,22.931,0.102,0.453,0.306,4.504,-7.043,32.71,2843.5,23.059520000000003,230.59520000000003,1.4118528959875445,-0.0009106867792564631,,,Sand,,,Sand 7,7,32.46,33.46,-33.910000000000004,-34.910000000000004
-34.290000000000006,32.84,23.262,0.106,0.462,0.308,4.511,-7.013,32.73,2847.1,23.39136,233.9136,1.4123279635545403,-0.0008208158909956516,,,Sand,,,Sand 7,7,32.46,33.46,-33.910000000000004,-34.910000000000004
-34.31,32.86,23.385,0.106,0.45,0.309,4.529,-7.019,32.75,2853.5,23.514780000000002,235.14780000000002,1.4034072354287852,-0.0007824865892855486,,,Sand,,,Sand 7,7,32.46,33.46,-33.910000000000004,-34.910000000000004
-34.330000000000005,32.88,23.507,0.107,0.44,0.309,4.547,-7.024,32.77,2859.9,23.63678,236.36780000000002,1.3955891630062234,-0.0007869092152145944,,,Sand,,,Sand 7,7,32.46,33.46,-33.910000000000004,-34.910000000000004
-34.35,32.9,24.301,0.114,0.45,0.309,4.557,-7.018,32.79,2861.7,24.43078,244.3078,1.3904530591759634,-0.0007695210713698054,,,Sand,,,Sand 7,7,32.46,33.46,-33.910000000000004,-34.910000000000004
-34.370000000000005,32.92,25.625,0.12,0.464,0.315,4.576,-7.021,32.81,2862.6,25.7573,257.573,1.381161188089243,-0.0005047112857325906,,,Sand,,,Sand 7,7,32.46,33.46,-33.910000000000004,-34.910000000000004
-34.39,32.94,26.858,0.127,0.486,0.307,4.571,-7.047,32.83,2863.4,26.98694,269.86940000000004,1.3788368566227516,-0.0007855651659654628,,,Sand,,,Sand 7,7,32.46,33.46,-33.910000000000004,-34.910000000000004
-34.410000000000004,32.96,27.764,0.129,0.485,0.314,4.585,-7.081,32.85,2864.3,27.89588,278.9588,1.3674378424937508,-0.0005162052604183856,,,Sand,,,Sand 7,7,32.46,33.46,-33.910000000000004,-34.910000000000004
-34.43,32.98,27.961,0.133,0.494,0.31,4.606,-7.062,32.87,2865.1,28.091199999999997,280.912,1.3704800567686186,-0.0006621290653300686,,,Sand,,,Sand 7,7,32.46,33.46,-33.910000000000004,-34.910000000000004
-34.45,33.0,27.785,0.14,0.513,0.313,4.636,-7.068,32.89,2866.0,27.91646,279.1646,1.3834667845593642,-0.0005659743391533171,,,Sand,,,Sand 7,7,32.46,33.46,-33.910000000000004,-34.910000000000004
-34.470000000000006,33.02,27.379,0.145,0.53,0.313,4.651,-7.048,32.91,2866.8,27.510460000000002,275.1046,1.3977094098655234,-0.0005815969634822557,,,Sand,,,Sand 7,7,32.46,33.46,-33.910000000000004,-34.910000000000004
-34.49,33.04,27.017,0.142,0.518,0.308,4.648,-7.063,32.93,2867.7,27.146359999999998,271.4636,1.3953013077042968,-0.0007809518476878686,,,Sand,,,Sand 7,7,32.46,33.46,-33.910000000000004,-34.910000000000004
-34.510000000000005,33.06,26.781,0.143,0.521,0.315,4.633,-7.103,32.95,2868.5,26.9133,269.133,1.3997620011162013,-0.0005350514429668616,,,Sand,,,Sand 7,7,32.46,33.46,-33.910000000000004,-34.910000000000004
-34.53,33.08,27.012,0.143,0.516,0.311,4.663,-7.06,32.97,2869.4,27.14262,271.42620000000005,1.3942213335407674,-0.000685269144983057,,,Sand,,,Sand 7,7,32.46,33.46,-33.910000000000004,-34.910000000000004
-34.550000000000004,33.1,27.63,0.143,0.513,0.311,4.686,-7.085,32.99,2870.2,27.76062,277.6062,1.385267483080312,-0.000677218304202142,,,Sand,,,Sand 7,7,32.46,33.46,-33.910000000000004,-34.910000000000004
-34.57,33.12,28.484,0.149,0.53,0.312,4.697,-7.1,33.01,2871.1,28.61504,286.1504,1.385152668302237,-0.000629039833597996,,,Sand,,,Sand 7,7,32.46,33.46,-33.910000000000004,-34.910000000000004
-34.59,33.14,29.166,0.147,0.522,0.312,4.713,-7.066,33.03,2871.9,29.29704,292.9704,1.3731673506035598,-0.0006212231679377864,,,Sand,,,Sand 7,7,32.46,33.46,-33.910000000000004,-34.910000000000004
-34.61,33.16,29.318,0.149,0.527,0.31,4.722,-7.073,33.05,2872.9,29.4482,294.482,1.374369169065091,-0.000692741831419237,,,Sand,,,Sand 7,7,32.46,33.46,-33.910000000000004,-34.910000000000004
-34.63,33.18,28.625,0.149,0.53,0.311,4.724,-7.063,33.07,2873.7,28.75562,287.5562,1.383596264406082,-0.0006816058913005535,,,Sand,,,Sand 7,7,32.46,33.46,-33.910000000000004,-34.910000000000004
-34.650000000000006,33.2,27.718,0.148,0.532,0.309,4.763,-7.098,33.09,2874.6,27.84778,278.4778,1.3949204896173546,-0.0007828272127975756,,,Sand,,,Sand 7,7,32.46,33.46,-33.910000000000004,-34.910000000000004
-34.67,33.22,27.084,0.151,0.554,0.313,4.745,-7.062,33.11,2875.4,27.21546,272.1546,1.4141985874328786,-0.0006613887841689981,,,Sand,,,Sand 7,7,32.46,33.46,-33.910000000000004,-34.910000000000004
-34.690000000000005,33.24,26.574,0.155,0.584,0.312,4.738,-7.079,33.13,2876.3,26.70504,267.0504,1.435864891542233,-0.0007189654087767719,,,Sand,,,Sand 7,7,32.46,33.46,-33.910000000000004,-34.910000000000004
-34.71,33.26,25.809,0.157,0.606,0.312,4.755,-7.083,33.15,2877.1,25.94004,259.4004,1.456073270253591,-0.000747878569192645,,,Sand,,,Sand 7,7,32.46,33.46,-33.910000000000004,-34.910000000000004
-34.730000000000004,33.28,24.655,0.154,0.61,0.312,4.767,-7.063,33.17,2877.9,24.78604,247.8604,1.4724192138738064,-0.0007907677063379233,,,Sand,,,Sand 7,7,32.46,33.46,-33.910000000000004,-34.910000000000004
-34.75,33.3,23.69,0.149,0.601,0.315,4.77,-7.034,33.19,2878.8,23.822300000000002,238.22300000000004,1.480687295075524,-0.0007052215781011913,,,Sand,,,Sand 7,7,32.46,33.46,-33.910000000000004,-34.910000000000004
-34.77,33.32,23.358,0.146,0.588,0.314,4.781,-7.063,33.21,2879.6,23.48988,234.89880000000002,1.4788274115732325,-0.0007662874395271495,,,Sand,,,Sand 7,7,32.46,33.46,-33.910000000000004,-34.910000000000004
-34.790000000000006,33.34,23.714,0.14,0.56,0.311,4.791,-7.053,33.23,2880.5,23.84462,238.44619999999998,1.4598574523639891,-0.0008890894465921473,,,Sand,,,Sand 7,7,32.46,33.46,-33.910000000000004,-34.910000000000004
-34.81,33.36,24.765,0.139,0.537,0.312,4.788,-7.087,33.25,2881.4,24.89604,248.96040000000002,1.4337528845234424,-0.0008194074238312613,,,Sand,,,Sand 7,7,32.46,33.46,-33.910000000000004,-34.910000000000004
-34.830000000000005,33.38,26.472,0.138,0.513,0.314,4.811,-7.083,33.27,2882.3,26.60388,266.03880000000004,1.3990204813479397,-0.0006991461395856552,,,Sand,,,Sand 7,7,32.46,33.46,-33.910000000000004,-34.910000000000004
-34.85,33.4,28.505,0.139,0.492,0.313,4.835,-7.101,33.29,2883.2,28.63646,286.3646,1.3630894293709481,-0.0006914262447243832,,,Sand,,,Sand 7,7,32.46,33.46,-33.910000000000004,-34.910000000000004
-34.870000000000005,33.42,30.811,0.143,0.483,0.315,4.841,-7.109,33.31,2884.1,30.9433,309.433,1.332820372588545,-0.0005817091260466743,,,Sand,,,Sand 7,7,32.46,33.46,-33.910000000000004,-34.910000000000004
-34.89,33.44,32.693,0.145,0.475,0.317,4.837,-7.103,33.33,2884.9,32.826139999999995,328.2613999999999,1.3091050631218946,-0.0004935091363163623,,,Dense sand / gravelly sand,,,Sand 7,7,32.46,33.46,-33.910000000000004,-34.910000000000004
-34.910000000000004,33.46,33.626,0.153,0.49,0.319,4.865,-7.128,33.35,2885.8,33.75998,337.59979999999996,1.3096042751404458,-0.00042654053705008224,,,Dense sand / gravelly sand,,,Sand 8,8,33.46,34.9,-34.910000000000004,-36.35
-34.93,33.48,33.371,0.161,0.512,0.32,4.885,-7.112,33.37,2886.6,33.5054,335.05400000000003,1.3252738163054978,-0.00040590471983620617,,,Sand,,,Sand 8,8,33.46,34.9,-34.910000000000004,-36.35
-34.95,33.5,32.405,0.17,0.541,0.321,4.902,-7.144,33.39,2887.5,32.53982,325.3982,1.3511305556388025,-0.00039336419193468223,,,Sand,,,Sand 8,8,33.46,34.9,-34.910000000000004,-36.35
-34.970000000000006,33.52,30.742,0.18,0.585,0.319,4.903,-7.143,33.41,2888.3,30.875980000000002,308.75980000000004,1.3912656740977802,-0.00048581453932798423,,,Sand,,,Sand 8,8,33.46,34.9,-34.910000000000004,-36.35
-34.99,33.54,29.154,0.181,0.602,0.316,4.905,-7.111,33.43,2889.1,29.28672,292.86719999999997,1.4162848439324704,-0.0006214420734039198,,,Sand,,,Sand 8,8,33.46,34.9,-34.910000000000004,-36.35
-35.010000000000005,33.56,28.004,0.182,0.624,0.317,4.905,-7.135,33.45,2890.0,28.137140000000002,281.37140000000005,1.439607296658776,-0.0006183997378553767,,,Sand,,,Sand 8,8,33.46,34.9,-34.910000000000004,-36.35
-35.03,33.58,27.424,0.179,0.625,0.316,4.928,-7.133,33.46,2890.8,27.55672,275.56719999999996,1.4465281065753883,-0.0006749714770117787,,,Sand,,,Sand 8,8,33.46,34.9,-34.910000000000004,-36.35
-35.050000000000004,33.6,27.336,0.178,0.624,0.317,4.925,-7.128,33.48,2891.7,27.46914,274.6914,1.4470246216411335,-0.000647999900979793,,,Sand,,,Sand 8,8,33.46,34.9,-34.910000000000004,-36.35
-35.07,33.62,27.776,0.176,0.61,0.319,4.922,-7.089,33.5,2892.6,27.90998,279.0998,1.4351852240118068,-0.0005732716397503689,,,Sand,,,Sand 8,8,33.46,34.9,-34.910000000000004,-36.35
-35.09,33.64,28.768,0.172,0.584,0.321,4.951,-7.11,33.52,2893.5,28.902820000000002,289.0282,1.4111030962224138,-0.0004913015408185099,,,Sand,,,Sand 8,8,33.46,34.9,-34.910000000000004,-36.35
-35.11,33.66,30.157,0.173,0.57,0.321,4.966,-7.116,33.54,2894.3,30.29182,302.9182,1.3891757494608357,-0.0004753758605458496,,,Sand,,,Sand 8,8,33.46,34.9,-34.910000000000004,-36.35
-35.13,33.68,32.048,0.179,0.57,0.322,4.976,-7.093,33.56,2895.2,32.183240000000005,321.83240000000006,1.3705795143775552,-0.00042258020012901187,,,Sand,,,Sand 8,8,33.46,34.9,-34.910000000000004,-36.35
-35.150000000000006,33.7,33.56,0.188,0.582,0.321,5.015,-7.123,33.58,2896.1,33.69482,336.9482,1.3631802960320252,-0.00043923665418008073,,,Sand,,,Sand 8,8,33.46,34.9,-34.910000000000004,-36.35
-35.17,33.72,34.299,0.196,0.59,0.321,5.022,-7.14,33.6,2897.0,34.43382,344.3382,1.3609938709838796,-0.0004356182381158988,,,Sand,,,Sand 8,8,33.46,34.9,-34.910000000000004,-36.35
-35.190000000000005,33.74,34.609,0.192,0.571,0.321,5.033,-7.122,33.62,2897.8,34.74382,347.4382,1.347993540263175,-0.0004374878755416084,,,Sand,,,Sand 8,8,33.46,34.9,-34.910000000000004,-36.35
-35.21,33.76,34.646,0.184,0.542,0.32,5.042,-7.156,33.64,2898.7,34.7804,347.80400000000003,1.3313655077163729,-0.0004715299421513259,,,Sand,,,Sand 8,8,33.46,34.9,-34.910000000000004,-36.35
-35.230000000000004,33.78,34.531,0.176,0.513,0.319,5.052,-7.141,33.66,2899.5,34.66498,346.6498,1.3153787098751455,-0.0005077170100776063,,,Sand,,,Sand 8,8,33.46,34.9,-34.910000000000004,-36.35
-35.25,33.8,34.31,0.179,0.52,0.32,5.067,-7.15,33.68,2900.5,34.4444,344.444,1.3215029023637894,-0.0004877425648291162,,,Sand,,,Sand 8,8,33.46,34.9,-34.910000000000004,-36.35
-35.27,33.82,34.202,0.187,0.542,0.322,5.084,-7.159,33.7,2905.3,34.33724,343.37239999999997,1.3352561389035866,-0.0004368434970312116,,,Sand,,,Sand 8,8,33.46,34.9,-34.910000000000004,-36.35
-35.290000000000006,33.84,34.419,0.195,0.564,0.325,5.087,-7.167,33.72,2921.2,34.555499999999995,345.55499999999995,1.3457501028230208,-0.0003530552299923326,,,Sand,,,Sand 8,8,33.46,34.9,-34.910000000000004,-36.35
-35.31,33.86,34.636,0.203,0.59,0.329,5.091,-7.175,33.74,2937.1,34.77418,347.7418,1.358069018437338,-0.00024155853567215773,,,Sand,,,Sand 8,8,33.46,34.9,-34.910000000000004,-36.35
-35.330000000000005,33.88,34.874,0.212,0.62,0.328,5.093,-7.174,33.76,2950.2,35.01176,350.11760000000004,1.37186615844834,-0.0002741935852410739,,,Sand,,,Sand 8,8,33.46,34.9,-34.910000000000004,-36.35
-35.35,33.9,34.743,0.219,0.649,0.326,5.101,-7.197,33.78,2951.1,34.879920000000006,348.79920000000004,1.3876762425192355,-0.0003383035282191017,,,Sand,,,Sand 8,8,33.46,34.9,-34.910000000000004,-36.35
-35.370000000000005,33.92,33.947,0.231,0.689,0.326,5.124,-7.2,33.8,2952.0,34.083920000000006,340.83920000000006,1.4137331048203035,-0.00035207217949109304,,,Sand,,,Sand 8,8,33.46,34.9,-34.910000000000004,-36.35
-35.39,33.94,32.946,0.233,0.7,0.325,5.133,-7.188,33.82,2952.8,33.082499999999996,330.82499999999993,1.427479311921854,-0.0003990024937655858,,,Sand,,,Sand 8,8,33.46,34.9,-34.910000000000004,-36.35
-35.410000000000004,33.96,32.266,0.228,0.692,0.324,5.146,-7.186,33.84,2953.7,32.40208,324.0208,1.4297990456748157,-0.0004444159140400874,,,Sand,,,Sand 8,8,33.46,34.9,-34.910000000000004,-36.35
-35.43,33.98,31.929,0.228,0.706,0.324,5.135,-7.22,33.86,2954.5,32.06508,320.6508,1.4392974543373025,-0.0004553239848458205,,,Sand,,,Sand 8,8,33.46,34.9,-34.910000000000004,-36.35
-35.45,34.0,31.716,0.232,0.733,0.323,5.155,-7.203,33.88,2955.3,31.851660000000003,318.51660000000004,1.4533699554844102,-0.0004960494994609389,,,Sand,,,Sand 8,8,33.46,34.9,-34.910000000000004,-36.35
-35.470000000000006,34.02,31.283,0.232,0.747,0.325,5.181,-7.178,33.9,2956.2,31.419500000000003,314.19500000000005,1.463451809780463,-0.0004455831569566688,,,Sand,,,Sand 8,8,33.46,34.9,-34.910000000000004,-36.35
-35.49,34.04,30.451,0.23,0.753,0.323,5.172,-7.203,33.92,2957.0,30.586660000000002,305.86660000000006,1.4738169335226448,-0.0005296426612124385,,,Sand,,,Sand 8,8,33.46,34.9,-34.910000000000004,-36.35
-35.510000000000005,34.06,29.516,0.223,0.742,0.323,5.181,-7.221,33.94,2957.9,29.65166,296.5166,1.478136276462053,-0.0005530887646762453,,,Sand,,,Sand 8,8,33.46,34.9,-34.910000000000004,-36.35
-35.53,34.08,28.918,0.216,0.723,0.322,5.181,-7.211,33.96,2958.7,29.05324,290.5324,1.475871483281897,-0.0006057844150944963,,,Sand,,,Sand 8,8,33.46,34.9,-34.910000000000004,-36.35
-35.550000000000004,34.1,28.755,0.205,0.687,0.322,5.216,-7.234,33.98,2959.6,28.89024,288.9024,1.461417389350883,-0.0006161250304601162,,,Sand,,,Sand 8,8,33.46,34.9,-34.910000000000004,-36.35
-35.57,34.12,29.179,0.201,0.668,0.321,5.199,-7.212,34.0,2960.4,29.31382,293.1382,1.4482477667048175,-0.0006481584454022028,,,Sand,,,Sand 8,8,33.46,34.9,-34.910000000000004,-36.35
-35.59,34.14,30.274,0.201,0.66,0.323,5.229,-7.218,34.02,2961.3,30.409660000000002,304.0966,1.4334565796651375,-0.0005656097437459032,,,Sand,,,Sand 8,8,33.46,34.9,-34.910000000000004,-36.35
-35.61,34.16,31.458,0.2,0.641,0.324,5.259,-7.25,34.04,2962.2,31.594079999999998,315.94079999999997,1.4128349104061209,-0.0005190845879987637,,,Sand,,,Sand 8,8,33.46,34.9,-34.910000000000004,-36.35
-35.63,34.18,32.303,0.2,0.626,0.323,5.284,-7.182,34.06,2963.1,32.43866,324.3866,1.3974919411799733,-0.000542562485626719,,,Sand,,,Sand 8,8,33.46,34.9,-34.910000000000004,-36.35
-35.650000000000006,34.2,33.034,0.203,0.622,0.325,5.267,-7.189,34.08,2963.9,33.1705,331.705,1.3888278062771873,-0.0004763268566949569,,,Sand,,,Sand 8,8,33.46,34.9,-34.910000000000004,-36.35
-35.67,34.22,33.994,0.206,0.619,0.328,5.295,-7.205,34.1,2964.8,34.13176,341.3176,1.378836329004638,-0.0003808769310460404,,,Sand,,,Sand 8,8,33.46,34.9,-34.910000000000004,-36.35
-35.690000000000005,34.24,34.678,0.212,0.631,0.324,5.298,-7.193,34.12,2965.6,34.81408,348.14079999999996,1.3791659859393735,-0.0004940529808629166,,,Sand,,,Sand 8,8,33.46,34.9,-34.910000000000004,-36.35
-35.71,34.26,34.774,0.226,0.676,0.324,5.285,-7.183,34.14,2966.5,34.91008,349.1008,1.4006456375097394,-0.0004984233780042892,,,Sand,,,Sand 8,8,33.46,34.9,-34.910000000000004,-36.35
-35.730000000000004,34.28,34.133,0.236,0.709,0.331,5.321,-7.226,34.16,2967.3,34.272020000000005,342.72020000000003,1.4214855330608631,-0.0003092902023283139,,,Sand,,,Sand 8,8,33.46,34.9,-34.910000000000004,-36.35
-35.75,34.3,32.921,0.231,0.704,0.325,5.331,-7.225,34.18,2968.2,33.0575,330.575,1.429544998551172,-0.000508205399682372,,,Sand,,,Sand 8,8,33.46,34.9,-34.910000000000004,-36.35
-35.77,34.32,31.685,0.227,0.707,0.325,5.356,-7.247,34.2,2969.0,31.8215,318.215,1.4419733798858536,-0.0005342300017283912,,,Sand,,,Sand 8,8,33.46,34.9,-34.910000000000004,-36.35
-35.790000000000006,34.34,30.783,0.226,0.725,0.323,5.343,-7.243,34.22,2969.8,30.918660000000003,309.18660000000006,1.4584573208014904,-0.0006209842211790564,,,Sand,,,Sand 8,8,33.46,34.9,-34.910000000000004,-36.35
-35.81,34.36,29.892,0.222,0.743,0.322,5.381,-7.283,34.24,2970.8,30.02724,300.2724,1.4748838065560463,-0.000679383120126926,,,Sand,,,Sand 8,8,33.46,34.9,-34.910000000000004,-36.35
-35.830000000000005,34.38,28.831,0.215,0.757,0.316,5.464,-7.279,34.26,2971.6,28.96372,289.63719999999995,1.4914320042589588,-0.0009183903172658769,,,Sand,,,Sand 8,8,33.46,34.9,-34.910000000000004,-36.35
-35.85,34.4,26.99,0.21,0.785,0.324,5.419,-7.337,34.28,2972.4,27.126079999999998,271.26079999999996,1.5223339922716088,-0.0006930599629581573,,,Sand,,,Sand 8,8,33.46,34.9,-34.910000000000004,-36.35
-35.870000000000005,34.42,24.414,0.205,0.833,0.292,5.428,-7.326,34.29,2973.2,24.536640000000002,245.36640000000003,1.570945720523055,-0.0020785241989123224,,,Sand,,,Sand 8,8,33.46,34.9,-34.910000000000004,-36.35
-35.89,34.44,21.604,0.199,0.897,0.302,5.441,-7.31,34.31,2974.0,21.73084,217.3084,1.6306310861658966,-0.0018959230292064175,,,Sand,,,Sand 8,8,33.46,34.9,-34.910000000000004,-36.35
-35.910000000000004,34.46,19.169,0.207,1.065,0.303,5.452,-7.285,34.33,2974.8,19.29626,192.96259999999998,1.720170026708975,-0.002093669965060589,,,Sand,,,Sand 8,8,33.46,34.9,-34.910000000000004,-36.35
-35.93,34.48,16.392,0.203,1.186,0.306,5.436,-7.265,34.35,2975.6,16.52052,165.2052,1.8005831848177636,-0.002275957415384021,,,Sand,,,Sand 8,8,33.46,34.9,-34.910000000000004,-36.35
-35.95,34.5,13.141,0.229,1.596,0.298,5.463,-7.294,34.37,2976.4,13.26616,132.6616,1.9596219049459465,-0.0034523931567235744,,,Sand,,,Sand 8,8,33.46,34.9,-34.910000000000004,-36.35
-35.970000000000006,34.52,9.86,0.271,2.259,0.297,5.464,-7.295,34.39,2977.2,9.984739999999999,99.84739999999998,2.1540804688190263,-0.004707183161504463,,,Sand mixtures,,,Sand 8,8,33.46,34.9,-34.910000000000004,-36.35
-35.99,34.54,7.288,0.28,2.824,0.311,5.473,-7.3,34.41,2978.0,7.418620000000001,74.18620000000001,2.3131698859784255,-0.004475225850629907,,7.5309623685139995,Sand mixtures,,,Sand 8,8,33.46,34.9,-34.910000000000004,-36.35
-36.010000000000005,34.56,5.806,0.258,3.216,0.341,5.42,-7.283,34.43,2979.0,5.94922,59.492200000000004,2.4204289897935634,-0.00057150349121398,,9.326843293406768,Sand mixtures,,,Sand 8,8,33.46,34.9,-34.910000000000004,-36.35
-36.03,34.58,5.104,0.233,3.649,0.369,5.45,-7.278,34.45,2979.8,5.25898,52.589800000000004,2.497096148498123,0.004639682980349797,,10.219441373758768,Sand mixtures,,,Sand 8,8,33.46,34.9,-34.910000000000004,-36.35
-36.050000000000004,34.6,4.38,0.211,4.06,0.336,5.424,-7.282,34.47,2980.5,4.52112,45.2112,2.5762063992606286,-0.001946420356017993,,10.786189870678898,Sand mixtures,,,Sand 8,8,33.46,34.9,-34.910000000000004,-36.35
-36.07,34.62,3.602,0.174,3.965,0.338,5.453,-7.291,34.49,2981.4,3.74396,37.4396,2.6274247544593656,-0.0018696780948514408,,10.669665482059125,Silty clay / clayey silt,,,Sand 8,8,33.46,34.9,-34.910000000000004,-36.35
-36.09,34.64,3.189,0.143,3.685,0.357,5.5,-7.296,34.51,2982.2,3.33894,33.3894,2.641930797223003,0.0035340557182818363,,10.276675877997908,Silty clay / clayey silt,,,Sand 8,8,33.46,34.9,-34.910000000000004,-36.35
-36.11,34.66,3.059,0.116,3.3,0.404,5.537,-7.354,34.53,2983.1,3.22868,32.2868,2.620659011798994,0.018149832129539013,,9.540253445014656,Silty clay / clayey silt,,,Sand 8,8,33.46,34.9,-34.910000000000004,-36.35
-36.13,34.68,3.006,0.086,2.634,0.508,5.549,-7.383,34.55,2983.9,3.21936,32.1936,2.5577272079706916,0.05044480890611798,,,Sand mixtures,,,Sand 8,8,33.46,34.9,-34.910000000000004,-36.35
-36.150000000000006,34.7,2.986,0.072,2.348,0.609,5.596,-7.361,34.57,2984.7,3.2417800000000003,32.4178,2.5236579729532016,0.08118996353854978,,,Sand mixtures,,,Sand 8,8,33.46,34.9,-34.910000000000004,-36.35
-36.17,34.72,2.973,0.07,2.31,0.668,5.619,-7.374,34.59,2985.5,3.25356,32.5356,2.517972575712265,0.09896851448874464,,,Sand mixtures,,,Sand 8,8,33.46,34.9,-34.910000000000004,-36.35
-36.190000000000005,34.74,2.93,0.07,2.355,0.702,5.634,-7.392,34.61,2986.3,3.2248400000000004,32.248400000000004,2.526239349967757,0.11033105518413315,,,Sand mixtures,,,Sand 8,8,33.46,34.9,-34.910000000000004,-36.35
-36.21,34.76,2.878,0.07,2.399,0.728,5.648,-7.429,34.63,2987.2,3.1837600000000004,31.837600000000002,2.5356302117940026,0.11985828077493278,,,Sand mixtures,,,Sand 8,8,33.46,34.9,-34.910000000000004,-36.35
-36.230000000000004,34.78,2.823,0.07,2.43,0.749,5.661,-7.423,34.65,2988.1,3.13758,31.375799999999998,2.544071452939575,0.1282517099165599,,,Sand mixtures,,,Sand 8,8,33.46,34.9,-34.910000000000004,-36.35
-36.25,34.8,2.776,0.067,2.391,0.759,5.689,-7.402,34.67,2990.5,3.0947799999999996,30.947799999999997,2.5442804725082997,0.13319202011128417,,,Sand mixtures,,,Sand 8,8,33.46,34.9,-34.910000000000004,-36.35
-36.27,34.82,2.705,0.062,2.292,0.765,5.707,-7.424,34.69,2996.0,3.0263,30.263,2.5403837080146294,0.1381224597693553,,,Sand mixtures,,,Sand 8,8,33.46,34.9,-34.910000000000004,-36.35
-36.290000000000006,34.84,2.633,0.058,2.239,0.771,5.725,-7.445,34.71,3001.4,2.95682,29.5682,2.542001374643788,0.14332965821389193,,,Sand mixtures,,,Sand 8,8,33.46,34.9,-34.910000000000004,-36.35
-36.31,34.86,2.556,0.057,2.284,0.85,5.74,-7.467,34.73,3005.7,2.9130000000000003,29.130000000000006,2.552440296346448,0.17253690353587364,,,Sand mixtures,,,Sand 8,8,33.46,34.9,-34.910000000000004,-36.35
-36.330000000000005,34.88,2.428,0.057,2.367,0.978,5.732,-7.458,34.75,3006.5,2.8387599999999997,28.3876,2.5708438339780275,0.22206879059871212,,,Sand mixtures,,,Sand 8,8,33.46,34.9,-34.910000000000004,-36.35
-36.35,34.9,2.325,0.06,2.515,1.03,5.735,-7.48,34.77,3007.3,2.7576,27.576,2.5970919697783463,0.24738903394255876,,,Sand mixtures,,,Silty clay / clayey silt 4,4,34.9,36.28,-36.35,-37.730000000000004
-36.370000000000005,34.92,2.258,0.061,2.603,1.077,5.728,-7.481,34.79,3008.2,2.71034,27.1034,2.612287866497368,0.26896994473018143,,,Silty clay / clayey silt,,,Silty clay / clayey silt 4,4,34.9,36.28,-36.35,-37.730000000000004
-36.39,34.94,2.223,0.063,2.761,1.115,5.72,-7.469,34.81,3009.1,2.6913,26.913,2.63075962303817,0.2849180693345223,,6.770748776934996,Silty clay / clayey silt,,,Silty clay / clayey silt 4,4,34.9,36.28,-36.35,-37.730000000000004
-36.410000000000004,34.96,2.208,0.065,2.905,1.131,5.733,-7.439,34.83,3009.9,2.6830200000000004,26.830200000000005,2.6457885891051665,0.2916862341689588,,8.120827844410837,Silty clay / clayey silt,,,Silty clay / clayey silt 4,4,34.9,36.28,-36.35,-37.730000000000004
-36.43,34.98,2.194,0.058,2.659,1.147,5.726,-7.479,34.85,3010.7,2.6757400000000002,26.757400000000004,2.622428985842037,0.2983847459020682,,,Silty clay / clayey silt,,,Silty clay / clayey silt 4,4,34.9,36.28,-36.35,-37.730000000000004
-36.45,35.0,2.157,0.056,2.585,1.156,5.71,-7.451,34.87,3011.6,2.64252,26.4252,2.6189991508644765,0.3054659945809303,,,Silty clay / clayey silt,,,Silty clay / clayey silt 4,4,34.9,36.28,-36.35,-37.730000000000004
-36.470000000000006,35.02,2.14,0.058,2.676,1.179,5.717,-7.483,34.89,3012.4,2.63518,26.351800000000004,2.629332418088908,0.3149689964252916,,,Silty clay / clayey silt,,,Silty clay / clayey silt 4,4,34.9,36.28,-36.35,-37.730000000000004
-36.49,35.04,2.134,0.06,2.759,1.181,5.713,-7.431,34.91,3013.3,2.63002,26.3002,2.6383260038941923,0.31627135915316235,,6.736976407037695,Silty clay / clayey silt,,,Silty clay / clayey silt 4,4,34.9,36.28,-36.35,-37.730000000000004
-36.510000000000005,35.06,2.156,0.061,2.792,1.162,5.719,-7.442,34.93,3014.1,2.6440400000000004,26.440400000000004,2.639787950601898,0.30733271811319035,,7.201208721697576,Silty clay / clayey silt,,,Silty clay / clayey silt 4,4,34.9,36.28,-36.35,-37.730000000000004
-36.53,35.08,2.184,0.061,2.81,1.155,5.73,-7.434,34.95,3014.9,2.6691000000000003,26.691000000000003,2.6383755281737646,0.30174965344123483,,7.3968383451498525,Silty clay / clayey silt,,,Silty clay / clayey silt 4,4,34.9,36.28,-36.35,-37.730000000000004
-36.550000000000004,35.1,2.197,0.061,2.816,1.15,5.734,-7.455,34.97,3015.8,2.68,26.8,2.6375910802987605,0.2985820895522388,,7.456000407626494,Silty clay / clayey silt,,,Silty clay / clayey silt 4,4,34.9,36.28,-36.35,-37.730000000000004
-36.57,35.12,2.183,0.06,2.79,1.149,5.729,-7.469,34.99,3016.6,2.66558,26.6558,2.636858898209595,0.2997471469623872,,7.177506609940273,Silty clay / clayey silt,,,Silty clay / clayey silt 4,4,34.9,36.28,-36.35,-37.730000000000004
-36.59,35.14,2.151,0.06,2.785,1.156,5.731,-7.437,35.01,3017.4,2.63652,26.3652,2.64005996532002,0.30563014883255196,,7.116231430729634,Silty clay / clayey silt,,,Silty clay / clayey silt 4,4,34.9,36.28,-36.35,-37.730000000000004
-36.61,35.16,2.132,0.06,2.774,1.191,5.721,-7.438,35.03,3018.3,2.6322200000000002,26.322200000000002,2.6395268957218825,0.3193502062897478,,6.969826746050672,Silty clay / clayey silt,,,Silty clay / clayey silt 4,4,34.9,36.28,-36.35,-37.730000000000004
-36.63,35.18,2.123,0.059,2.767,1.216,5.728,-7.422,35.04,3019.2,2.6337200000000003,26.337200000000003,2.638643477716357,0.3285846635177619,,6.866705869742393,Silty clay / clayey silt,,,Silty clay / clayey silt 4,4,34.9,36.28,-36.35,-37.730000000000004
-36.650000000000006,35.2,2.122,0.059,2.778,1.225,5.748,-7.43,35.06,3020.1,2.6365,26.365,2.639373438368531,0.3315759529679499,,7.025082278489418,Silty clay / clayey silt,,,Silty clay / clayey silt 4,4,34.9,36.28,-36.35,-37.730000000000004
-36.67,35.22,2.116,0.06,2.821,1.213,5.738,-7.429,35.08,3020.9,2.6254600000000003,26.254600000000003,2.6449962073633633,0.32832341761062817,,7.5033469817383756,Silty clay / clayey silt,,,Silty clay / clayey silt 4,4,34.9,36.28,-36.35,-37.730000000000004
-36.690000000000005,35.24,2.105,0.061,2.88,1.198,5.742,-7.424,35.1,3021.7,2.60816,26.081599999999998,2.6529044880093635,0.32467333292436046,,7.963942219954897,Silty clay / clayey silt,,,Silty clay / clayey silt 4,4,34.9,36.28,-36.35,-37.730000000000004
-36.71,35.26,2.095,0.061,2.905,1.191,5.736,-7.412,35.12,3022.6,2.5952200000000003,25.9522,2.656953278122223,0.3235178520510785,,8.120827844410837,Silty clay / clayey silt,,,Silty clay / clayey silt 4,4,34.9,36.28,-36.35,-37.730000000000004
-36.730000000000004,35.28,2.085,0.062,2.919,1.172,5.738,-7.414,35.14,3023.4,2.5772399999999998,25.772399999999998,2.6606121950213546,0.3183250298769226,,8.201699286489704,Silty clay / clayey silt,,,Silty clay / clayey silt 4,4,34.9,36.28,-36.35,-37.730000000000004
-36.75,35.3,2.088,0.063,2.894,1.158,5.749,-7.409,35.16,3024.2,2.57436,25.7436,2.658623763306493,0.31316521387840085,,8.053923204014383,Silty clay / clayey silt,,,Silty clay / clayey silt 4,4,34.9,36.28,-36.35,-37.730000000000004
-36.77,35.32,2.141,0.066,2.992,1.165,5.749,-7.406,35.18,3025.1,2.6303,26.303,2.660594678584454,0.3090902178458731,,8.563368882157242,Silty clay / clayey silt,,,Silty clay / clayey silt 4,4,34.9,36.28,-36.35,-37.730000000000004
-36.790000000000006,35.34,2.286,0.068,3.001,1.154,5.748,-7.386,35.2,3025.9,2.77068,27.706799999999998,2.6440722167130577,0.2893874427938268,,8.60245083178702,Silty clay / clayey silt,,,Silty clay / clayey silt 4,4,34.9,36.28,-36.35,-37.730000000000004
-36.81,35.36,2.406,0.067,2.908,1.082,5.747,-7.393,35.22,3026.8,2.86044,28.604400000000002,2.6246795630580633,0.25506565423501276,,8.138544171780207,Silty clay / clayey silt,,,Silty clay / clayey silt 4,4,34.9,36.28,-36.35,-37.730000000000004
-36.830000000000005,35.38,2.481,0.063,2.737,0.979,5.745,-7.406,35.24,3027.6,2.8921799999999998,28.921799999999998,2.6041765445016125,0.2165840300396241,,6.281559579195506,Silty clay / clayey silt,,,Silty clay / clayey silt 4,4,34.9,36.28,-36.35,-37.730000000000004
-36.85,35.4,2.475,0.061,2.631,0.945,5.742,-7.421,35.26,3028.4,2.8719,28.719,2.5956615933002403,0.20620495142588532,,,Sand mixtures,,,Silty clay / clayey silt 4,4,34.9,36.28,-36.35,-37.730000000000004
-36.870000000000005,35.42,2.33,0.06,2.6,0.98,5.741,-7.401,35.28,3029.4,2.7416,27.416,2.6080922570057616,0.22869857017799824,,,Silty clay / clayey silt,,,Silty clay / clayey silt 4,4,34.9,36.28,-36.35,-37.730000000000004
-36.89,35.44,2.206,0.058,2.524,1.06,5.754,-7.412,35.3,3030.1,2.6512000000000002,26.512000000000004,2.6114309293135896,0.2665962582981291,,,Silty clay / clayey silt,,,Silty clay / clayey silt 4,4,34.9,36.28,-36.35,-37.730000000000004
-36.910000000000004,35.46,2.148,0.057,2.525,1.122,5.738,-7.422,35.32,3031.0,2.6192400000000005,26.192400000000003,2.615667527637002,0.29344389975718144,,,Silty clay / clayey silt,,,Silty clay / clayey silt 4,4,34.9,36.28,-36.35,-37.730000000000004
-36.93,35.48,2.148,0.056,2.482,1.158,5.746,-7.427,35.34,3031.9,2.63436,26.343600000000002,2.6090835995016026,0.3053493068525182,,,Silty clay / clayey silt,,,Silty clay / clayey silt 4,4,34.9,36.28,-36.35,-37.730000000000004
-36.95,35.5,2.163,0.054,2.349,1.153,5.741,-7.422,35.36,3032.7,2.6472599999999997,26.472599999999996,2.5926724714438403,0.3018970558237574,,,Sand mixtures,,,Silty clay / clayey silt 4,4,34.9,36.28,-36.35,-37.730000000000004
-36.970000000000006,35.52,2.172,0.047,1.911,1.147,5.761,-7.417,35.38,3033.6,2.65374,26.537399999999998,2.53780992548655,0.2988235471447844,,,Sand mixtures,,,Silty clay / clayey silt 4,4,34.9,36.28,-36.35,-37.730000000000004
-36.99,35.54,2.364,0.055,2.038,1.191,5.744,-7.398,35.4,3034.4,2.86422,28.6422,2.5279653410614857,0.29215632877362774,,,Sand mixtures,,,Silty clay / clayey silt 4,4,34.9,36.28,-36.35,-37.730000000000004
-37.010000000000005,35.56,2.911,0.077,2.66,1.198,5.763,-7.401,35.42,3035.2,3.41416,34.1416,2.540965361273518,0.24708859573072145,,,Sand mixtures,,,Silty clay / clayey silt 4,4,34.9,36.28,-36.35,-37.730000000000004
-37.03,35.58,3.585,0.077,2.59,0.982,5.761,-7.43,35.44,3036.1,3.99744,39.9744,2.4815130036337765,0.1569504482869036,,,Sand mixtures,,,Silty clay / clayey silt 4,4,34.9,36.28,-36.35,-37.730000000000004
-37.050000000000004,35.6,3.874,0.078,2.523,0.577,5.751,-7.43,35.46,3036.9,4.11634,41.1634,2.464437888993228,0.053979991934582645,,,Sand mixtures,,,Silty clay / clayey silt 4,4,34.9,36.28,-36.35,-37.730000000000004
-37.07,35.62,3.52,0.083,2.537,0.537,5.752,-7.426,35.48,3037.9,3.74554,37.4554,2.4970131080382445,0.048591124377259355,,,Sand mixtures,,,Silty clay / clayey silt 4,4,34.9,36.28,-36.35,-37.730000000000004
-37.09,35.64,2.976,0.076,2.072,0.58,5.764,-7.43,35.5,3038.7,3.2196,32.196,2.492130569890627,0.06982233817865573,,,Sand mixtures,,,Silty clay / clayey silt 4,4,34.9,36.28,-36.35,-37.730000000000004
-37.11,35.66,2.757,0.071,1.649,0.73,5.766,-7.414,35.52,3039.5,3.0636,30.636,2.44968129547565,0.1222744483614049,,,Sand mixtures,,,Silty clay / clayey silt 4,4,34.9,36.28,-36.35,-37.730000000000004
-37.13,35.68,3.576,0.087,1.64,0.811,5.776,-7.436,35.54,3040.4,3.91662,39.166199999999996,2.362676097258543,0.11627372581460545,,,Sand mixtures,,,Silty clay / clayey silt 4,4,34.9,36.28,-36.35,-37.730000000000004
-37.150000000000006,35.7,5.389,0.089,1.372,0.755,5.78,-7.448,35.56,3041.3,5.7061,57.06100000000001,2.1861022184533487,0.06996021801230261,,,Sand mixtures,,,Silty clay / clayey silt 4,4,34.9,36.28,-36.35,-37.730000000000004
-37.17,35.72,8.121,0.078,1.007,0.483,5.814,-7.464,35.58,3042.1,8.32386,83.2386,1.97415663338837,0.015257344549283625,,,Sand,,,Silty clay / clayey silt 4,4,34.9,36.28,-36.35,-37.730000000000004
-37.190000000000005,35.74,10.946,0.074,0.833,0.292,5.843,-7.484,35.6,3043.0,11.06864,110.68639999999999,1.8260006000404119,-0.005800170571994396,,,Sand,,,Silty clay / clayey silt 4,4,34.9,36.28,-36.35,-37.730000000000004
-37.21,35.76,13.087,0.072,0.678,0.274,5.849,-7.462,35.62,3043.9,13.20208,132.0208,1.7105115929550017,-0.00624144074267085,,,Sand,,,Silty clay / clayey silt 4,4,34.9,36.28,-36.35,-37.730000000000004
-37.230000000000004,35.78,15.046,0.077,0.605,0.269,5.856,-7.429,35.64,3044.7,15.15898,151.5898,1.6327540326671646,-0.005778752924009401,,,Sand,,,Silty clay / clayey silt 4,4,34.9,36.28,-36.35,-37.730000000000004
-37.25,35.8,16.986,0.088,0.567,0.266,5.856,-7.445,35.66,3046.6,17.09772,170.97719999999998,1.574225481974171,-0.005310649607082115,,,Sand,,,Silty clay / clayey silt 4,4,34.9,36.28,-36.35,-37.730000000000004
-37.27,35.82,19.098,0.099,0.548,0.275,5.859,-7.46,35.68,3054.5,19.2135,192.135,1.525381831692162,-0.00426783251359721,,,Sand,,,Silty clay / clayey silt 4,4,34.9,36.28,-36.35,-37.730000000000004
-37.290000000000006,35.84,21.209,0.111,0.548,0.28,5.862,-7.474,35.7,3062.5,21.3266,213.266,1.490409346722946,-0.0036198925285793352,,,Sand,,,Silty clay / clayey silt 4,4,34.9,36.28,-36.35,-37.730000000000004
-37.31,35.86,23.065,0.127,0.579,0.253,5.875,-7.501,35.72,3065.1,23.17126,231.71259999999998,1.4787810638582966,-0.004505581483268499,,,Sand,,,Silty clay / clayey silt 4,4,34.9,36.28,-36.35,-37.730000000000004
-37.330000000000005,35.88,24.314,0.15,0.665,0.244,5.874,-7.478,35.74,3066.0,24.41648,244.16479999999999,1.5029593990910377,-0.004652595296291686,,,Sand,,,Silty clay / clayey silt 4,4,34.9,36.28,-36.35,-37.730000000000004
-37.35,35.9,24.598,0.171,0.773,0.222,5.873,-7.491,35.76,3066.9,24.69124,246.91240000000002,1.5456311303942767,-0.005499926289647665,,,Sand,,,Silty clay / clayey silt 4,4,34.9,36.28,-36.35,-37.730000000000004
-37.370000000000005,35.92,23.618,0.183,0.849,0.211,5.882,-7.48,35.78,3067.7,23.706619999999997,237.06619999999998,1.5872300998123772,-0.006200799607873246,,,Sand,,,Silty clay / clayey silt 4,4,34.9,36.28,-36.35,-37.730000000000004
-37.39,35.94,21.526,0.197,0.961,0.222,5.874,-7.454,35.79,3068.5,21.61924,216.19240000000002,1.6538230900131579,-0.00629994393882486,,,Sand,,,Silty clay / clayey silt 4,4,34.9,36.28,-36.35,-37.730000000000004
-37.410000000000004,35.96,18.705,0.216,1.145,0.228,5.856,-7.46,35.81,3069.4,18.800759999999997,188.0076,1.7508112215705092,-0.006935889825730452,,,Sand,,,Silty clay / clayey silt 4,4,34.9,36.28,-36.35,-37.730000000000004
-37.43,35.98,15.664,0.23,1.401,0.23,5.845,-7.419,35.83,3070.2,15.7606,157.606,1.8671433506866797,-0.008159587832950524,,,Sand,,,Silty clay / clayey silt 4,4,34.9,36.28,-36.35,-37.730000000000004
-37.45,36.0,12.617,0.244,1.741,0.239,5.845,-7.418,35.85,3071.1,12.71738,127.17380000000001,1.999700685727781,-0.009420179313663663,,,Sand,,,Silty clay / clayey silt 4,4,34.9,36.28,-36.35,-37.730000000000004
-37.470000000000006,36.02,10.102,0.271,2.311,0.243,5.846,-7.393,35.87,3071.9,10.20406,102.0406,2.1549029217812308,-0.011368024100211099,,,Sand mixtures,,,Silty clay / clayey silt 4,4,34.9,36.28,-36.35,-37.730000000000004
-37.49,36.04,7.734,0.272,2.827,0.25,5.823,-7.381,35.89,3072.7,7.839,78.39,2.297016415207387,-0.013930348258706473,,7.5580155803021905,Sand mixtures,,,Silty clay / clayey silt 4,4,34.9,36.28,-36.35,-37.730000000000004
-37.510000000000005,36.06,5.877,0.248,3.169,0.272,5.823,-7.412,35.91,3073.6,5.9912399999999995,59.9124,2.4137259612836837,-0.014587965095706404,,9.19418315799155,Sand mixtures,,,Silty clay / clayey silt 4,4,34.9,36.28,-36.35,-37.730000000000004
-37.53,36.08,5.04,0.215,3.386,0.322,5.822,-7.443,35.93,3074.4,5.1752400000000005,51.75240000000001,2.4789482735834425,-0.007265363538695793,,9.733876730727285,Sand mixtures,,,Silty clay / clayey silt 4,4,34.9,36.28,-36.35,-37.730000000000004
-37.550000000000004,36.1,4.355,0.178,3.397,0.397,5.838,-7.433,35.95,3075.3,4.52174,45.217400000000005,2.521795278679397,0.008226921494822773,,9.75713112399943,Sand mixtures,,,Silty clay / clayey silt 4,4,34.9,36.28,-36.35,-37.730000000000004
-37.57,36.12,3.589,0.151,3.311,0.386,5.831,-7.44,35.97,3076.1,3.75112,37.5112,2.5732593388917615,0.006931263196058778,,9.566287003493793,Sand mixtures,,,Silty clay / clayey silt 4,4,34.9,36.28,-36.35,-37.730000000000004
-37.59,36.14,3.401,0.124,2.989,0.456,5.828,-7.434,35.99,3077.0,3.59252,35.9252,2.5574409812682903,0.026666518210058665,,8.55011391802168,Sand mixtures,,,Silty clay / clayey silt 4,4,34.9,36.28,-36.35,-37.730000000000004
-37.61,36.16,3.541,0.102,2.616,0.608,5.814,-7.459,36.01,3077.8,3.79636,37.9636,2.5012694850208406,0.06522036898502777,,,Sand mixtures,,,Silty clay / clayey silt 4,4,34.9,36.28,-36.35,-37.730000000000004
-37.63,36.18,3.894,0.084,2.243,0.677,5.853,-7.463,36.03,3078.6,4.17834,41.7834,2.4261680983072926,0.07572385205607968,,,Sand mixtures,,,Silty clay / clayey silt 4,4,34.9,36.28,-36.35,-37.730000000000004
-37.650000000000006,36.2,3.898,0.073,1.967,0.652,5.829,-7.523,36.05,3079.5,4.17184,41.7184,2.3901655727648885,0.06980133466288255,,,Sand mixtures,,,Silty clay / clayey silt 4,4,34.9,36.28,-36.35,-37.730000000000004
-37.67,36.22,3.721,0.072,1.866,0.676,5.851,-7.524,36.07,3080.3,4.00492,40.0492,2.3895654967350697,0.07865325649451176,,,Sand mixtures,,,Silty clay / clayey silt 4,4,34.9,36.28,-36.35,-37.730000000000004
-37.690000000000005,36.24,3.689,0.08,1.887,0.732,5.856,-7.503,36.09,3081.1,3.99644,39.9644,2.3933195035270254,0.09278257649307883,,,Sand mixtures,,,Silty clay / clayey silt 4,4,34.9,36.28,-36.35,-37.730000000000004
-37.71,36.26,3.811,0.078,1.534,0.825,5.864,-7.525,36.11,3082.1,4.1575,41.575,2.3244713272384727,0.11150932050511125,,,Sand mixtures,,,Silty clay / clayey silt 4,4,34.9,36.28,-36.35,-37.730000000000004
-37.730000000000004,36.28,4.491,0.069,1.069,0.933,5.871,-7.564,36.13,3082.9,4.88286,48.828599999999994,2.175561227727031,0.11702158161405406,,,Sand mixtures,,,Sand 9,9,36.28,38.26,-37.730000000000004,-39.71
-37.75,36.3,6.289,0.074,0.895,0.96,5.92,-7.592,36.15,3083.8,6.6922,66.922,2.019238180741624,0.08938764531843042,,,Sand,,,Sand 9,9,36.28,38.26,-37.730000000000004,-39.71
-37.77,36.32,9.598,0.081,0.759,0.893,5.939,-7.618,36.17,3084.7,9.97306,99.7306,1.8370840341005064,0.0532434378214911,,,Sand,,,Sand 9,9,36.28,38.26,-37.730000000000004,-39.71
-37.790000000000006,36.34,14.062,0.086,0.638,0.517,5.984,-7.659,36.19,3085.5,14.27914,142.79139999999998,1.667413001159196,0.01084098902314845,,,Sand,,,Sand 9,9,36.28,38.26,-37.730000000000004,-39.71
-37.81,36.36,18.926,0.1,0.598,0.342,6.025,-7.639,36.21,3086.4,19.06964,190.69639999999998,1.5519981413352961,-0.0010697632467104798,,,Sand,,,Sand 9,9,36.28,38.26,-37.730000000000004,-39.71
-37.830000000000005,36.38,22.88,0.127,0.638,0.338,6.021,-7.668,36.23,3087.3,23.02196,230.21959999999999,1.509173985345606,-0.0010685449892189902,,,Sand,,,Sand 9,9,36.28,38.26,-37.730000000000004,-39.71
-37.85,36.4,26.069,0.151,0.656,0.364,6.036,-7.662,36.25,3088.2,26.22188,262.2188,1.4766439393944164,4.576330911437276e-05,,,Sand,,,Sand 9,9,36.28,38.26,-37.730000000000004,-39.71
-37.870000000000005,36.42,28.351,0.179,0.699,0.358,6.065,-7.669,36.27,3089.1,28.50136,285.0136,1.4709213237814767,-0.000175430225083998,,,Sand,,,Sand 9,9,36.28,38.26,-37.730000000000004,-39.71
-37.89,36.44,29.836,0.215,0.777,0.343,6.05,-7.66,36.29,3089.9,29.980059999999998,299.8006,1.4897706288753998,-0.0006737811732197998,,,Sand,,,Sand 9,9,36.28,38.26,-37.730000000000004,-39.71
-37.910000000000004,36.46,30.925,0.253,0.87,0.335,6.038,-7.649,36.31,3090.9,31.0657,310.657,1.516713242057142,-0.0009141915360027308,,,Sand,,,Sand 9,9,36.28,38.26,-37.730000000000004,-39.71
-37.93,36.48,31.401,0.283,0.929,0.327,6.059,-7.647,36.33,3091.7,31.538339999999998,315.38339999999994,1.5344495277730428,-0.0011604922770190196,,,Sand,,,Sand 9,9,36.28,38.26,-37.730000000000004,-39.71
-37.95,36.5,31.51,0.307,0.995,0.34,6.055,-7.662,36.35,3092.6,31.652800000000003,316.528,1.5566610699084855,-0.0007519082040135473,,,Sand,,,Sand 9,9,36.28,38.26,-37.730000000000004,-39.71
-37.970000000000006,36.52,31.444,0.319,1.031,0.336,6.078,-7.654,36.37,3093.5,31.58512,315.8512,1.5693409740029551,-0.0008864933867593366,,,Sand,,,Sand 9,9,36.28,38.26,-37.730000000000004,-39.71
-37.99,36.54,31.103,0.327,1.06,0.341,6.05,-7.658,36.39,3094.4,31.24622,312.4622,1.5817100369228416,-0.0007424898115676086,,,Sand,,,Sand 9,9,36.28,38.26,-37.730000000000004,-39.71
-38.010000000000005,36.56,30.566,0.324,1.06,0.34,6.075,-7.669,36.41,3095.2,30.7088,307.08799999999997,1.5863666070600184,-0.0007945605168551045,,,Sand,,,Sand 9,9,36.28,38.26,-37.730000000000004,-39.71
-38.03,36.58,29.987,0.315,1.037,0.344,6.081,-7.649,36.43,3096.1,30.13148,301.3148,1.5840421634879394,-0.0006836703673367529,,,Sand,,,Sand 9,9,36.28,38.26,-37.730000000000004,-39.71
-38.050000000000004,36.6,29.554,0.31,1.022,0.342,6.08,-7.636,36.45,3096.9,29.69764,296.9764,1.5830707619771405,-0.0007677377731025115,,,Sand,,,Sand 9,9,36.28,38.26,-37.730000000000004,-39.71
-38.07,36.62,29.542,0.304,0.997,0.341,6.081,-7.645,36.47,3097.8,29.68522,296.85220000000004,1.5748472300923972,-0.0008084831441370487,,,Sand,,,Sand 9,9,36.28,38.26,-37.730000000000004,-39.71
-38.09,36.64,29.973,0.302,0.984,0.332,6.068,-7.63,36.49,3098.7,30.11244,301.1244,1.5665062097214082,-0.0011025343678559441,,,Sand,,,Sand 9,9,36.28,38.26,-37.730000000000004,-39.71
-38.11,36.66,30.888,0.302,0.969,0.336,6.095,-7.653,36.5,3099.6,31.029120000000002,310.2912,1.5531104424616755,-0.0009474970608254432,,,Sand,,,Sand 9,9,36.28,38.26,-37.730000000000004,-39.71
-38.13,36.68,31.953,0.304,0.96,0.346,6.108,-7.684,36.52,3100.4,32.09832,320.9832,1.5407214126580142,-0.0006106238581956944,,,Sand,,,Sand 9,9,36.28,38.26,-37.730000000000004,-39.71
-38.150000000000006,36.7,33.082,0.304,0.946,0.345,6.097,-7.633,36.54,3101.4,33.2269,332.269,1.5263771366640149,-0.0006259988142137867,,,Sand,,,Sand 9,9,36.28,38.26,-37.730000000000004,-39.71
-38.17,36.72,33.692,0.287,0.879,0.346,6.1,-7.663,36.56,3102.3,33.83732,338.3732,1.4965313441873342,-0.0005910633584456452,,,Sand,,,Sand 9,9,36.28,38.26,-37.730000000000004,-39.71
-38.190000000000005,36.74,34.076,0.269,0.812,0.346,6.099,-7.65,36.58,3103.1,34.22132,342.2132,1.4667778910050588,-0.0005902753020631597,,,Sand,,,Sand 9,9,36.28,38.26,-37.730000000000004,-39.71
-38.21,36.76,34.198,0.268,0.801,0.339,6.102,-7.675,36.6,3104.0,34.34038,343.40380000000005,1.4612563596794756,-0.0007978944903929419,,,Sand,,,Sand 9,9,36.28,38.26,-37.730000000000004,-39.71
-38.230000000000004,36.78,33.852,0.281,0.843,0.34,6.122,-7.682,36.62,3104.9,33.9948,339.948,1.4811709367413397,-0.0007824726134585297,,,Sand,,,Sand 9,9,36.28,38.26,-37.730000000000004,-39.71
-38.25,36.8,32.888,0.291,0.888,0.34,6.12,-7.688,36.64,3110.5,33.0308,330.30800000000005,1.5065668758774036,-0.0008113639391113751,,,Sand,,,Sand 9,9,36.28,38.26,-37.730000000000004,-39.71
-38.27,36.82,31.829,0.3,0.936,0.341,6.117,-7.696,36.66,3117.1,31.97222,319.7222,1.5332324381982416,-0.000813205964427869,,,Sand,,,Sand 9,9,36.28,38.26,-37.730000000000004,-39.71
-38.290000000000006,36.84,30.84,0.311,1.005,0.337,6.111,-7.694,36.68,3122.6,30.98154,309.81539999999995,1.5658637285190853,-0.0009747740105882422,,,Sand,,,Sand 9,9,36.28,38.26,-37.730000000000004,-39.71
-38.31,36.86,30.153,0.316,1.063,0.333,6.089,-7.698,36.7,3123.5,30.292859999999997,302.92859999999996,1.5910038422255375,-0.0011355811237367497,,,Sand,,,Sand 9,9,36.28,38.26,-37.730000000000004,-39.71
-38.330000000000005,36.88,29.222,0.319,1.1,0.332,6.093,-7.683,36.72,3124.3,29.36144,293.61440000000005,1.6110747170137958,-0.0012124745925267977,,,Sand,,,Sand 9,9,36.28,38.26,-37.730000000000004,-39.71
-38.35,36.9,28.244,0.318,1.114,0.338,6.095,-7.695,36.74,3125.2,28.38596,283.8596,1.6245234386303504,-0.001049814767582284,,,Sand,,,Sand 9,9,36.28,38.26,-37.730000000000004,-39.71
-38.370000000000005,36.92,26.889,0.318,1.157,0.342,6.072,-7.681,36.76,3126.1,27.03264,270.3264,1.6506423228313178,-0.000961800253323392,,,Sand,,,Sand 9,9,36.28,38.26,-37.730000000000004,-39.71
-38.39,36.94,26.019,0.327,1.224,0.35,6.063,-7.665,36.78,3127.0,26.165999999999997,261.65999999999997,1.678555613791716,-0.0006955591225254143,,,Sand,,,Sand 9,9,36.28,38.26,-37.730000000000004,-39.71
-38.410000000000004,36.96,25.377,0.332,1.275,0.349,6.067,-7.653,36.8,3127.8,25.52358,255.23579999999998,1.6991381444708291,-0.0007600814619265807,,,Sand,,,Sand 9,9,36.28,38.26,-37.730000000000004,-39.71
-38.43,36.98,24.818,0.323,1.26,0.343,6.052,-7.644,36.82,3128.6,24.96206,249.62060000000002,1.7012071207934831,-0.001025556384368919,,,Sand,,,Sand 9,9,36.28,38.26,-37.730000000000004,-39.71
-38.45,37.0,24.564,0.307,1.202,0.335,6.047,-7.719,36.84,3129.5,24.7047,247.047,1.688240340941537,-0.001368160714357997,,,Sand,,,Sand 9,9,36.28,38.26,-37.730000000000004,-39.71
-38.470000000000006,37.02,24.875,0.283,1.101,0.347,6.039,-7.753,36.86,3130.4,25.02074,250.2074,1.655490201357372,-0.000879270557145794,,,Sand,,,Sand 9,9,36.28,38.26,-37.730000000000004,-39.71
-38.49,37.04,25.656,0.258,0.987,0.349,6.041,-7.888,36.88,3131.2,25.80258,258.0258,1.6107895799299399,-0.0007828674496891414,,,Sand,,,Sand 9,9,36.28,38.26,-37.730000000000004,-39.71
-38.510000000000005,37.06,26.843,0.251,0.939,0.305,6.044,-7.918,36.9,3132.1,26.9711,269.711,1.5818289450253655,-0.0023877409523527047,,,Sand,,,Sand 9,9,36.28,38.26,-37.730000000000004,-39.71
-38.53,37.08,27.779,0.244,0.887,0.261,6.037,-8.026,36.92,3133.0,27.88862,278.8862,1.553639392932405,-0.0038940614487199448,,,Sand,,,Sand 9,9,36.28,38.26,-37.730000000000004,-39.71
-38.550000000000004,37.1,28.866,0.225,0.788,0.265,6.064,-8.12,36.94,3133.8,28.9773,289.77299999999997,1.504186835788936,-0.0036166240470989386,,,Sand,,,Sand 9,9,36.28,38.26,-37.730000000000004,-39.71
-38.57,37.12,29.811,0.218,0.742,0.274,6.097,-8.2,36.96,3134.7,29.92608,299.26079999999996,1.4754381084813932,-0.0032079042761364003,,,Sand,,,Sand 9,9,36.28,38.26,-37.730000000000004,-39.71
-38.59,37.14,30.532,0.228,0.751,0.247,6.119,-8.178,36.98,3135.5,30.63574,306.3574,1.472492268753681,-0.0040214468460693315,,,Sand,,,Sand 9,9,36.28,38.26,-37.730000000000004,-39.71
-38.61,37.16,31.089,0.25,0.802,0.235,6.149,-8.145,37.0,3136.4,31.1877,311.877,1.4887499841351364,-0.004341455124937074,,,Sand,,,Sand 9,9,36.28,38.26,-37.730000000000004,-39.71
-38.63,37.18,31.826,0.268,0.826,0.224,6.138,-8.227,37.02,3137.3,31.920080000000002,319.2008,1.4918967926317057,-0.004592720318996694,,,Sand,,,Sand 9,9,36.28,38.26,-37.730000000000004,-39.71
-38.650000000000006,37.2,33.166,0.277,0.81,0.238,6.159,-8.237,37.04,3138.2,33.26596,332.6596,1.4738325285539031,-0.003992068769396707,,,Sand,,,Sand 9,9,36.28,38.26,-37.730000000000004,-39.71
-38.67,37.22,35.171,0.279,0.78,0.253,6.176,-8.256,37.06,3139.1,35.27726,352.77259999999995,1.4449118189768781,-0.003344930983868929,,,Sand,,,Sand 9,9,36.28,38.26,-37.730000000000004,-39.71
-38.690000000000005,37.24,37.582,0.283,0.753,0.261,6.17,-8.308,37.08,3140.0,37.69162,376.9162,1.4148348208226942,-0.0029237268124851106,,,Sand,,,Sand 9,9,36.28,38.26,-37.730000000000004,-39.71
-38.71,37.26,39.992,0.294,0.742,0.273,6.247,-8.315,37.1,3140.9,40.10666,401.06659999999994,1.3929444780278721,-0.002453457854630627,,,Sand,,,Sand 9,9,36.28,38.26,-37.730000000000004,-39.71
-38.730000000000004,37.28,42.128,0.309,0.743,0.263,6.242,-8.299,37.12,3141.9,42.23846,422.3846000000001,1.3795236298753868,-0.00257111646589388,,,Sand,,,Sand 9,9,36.28,38.26,-37.730000000000004,-39.71
-38.75,37.3,43.835,0.335,0.777,0.248,6.265,-8.321,37.14,3143.1,43.93916,439.39160000000004,1.384633188355519,-0.0028175322423095936,,,Sand,,,Sand 9,9,36.28,38.26,-37.730000000000004,-39.71
-38.77,37.32,45.106,0.364,0.819,0.238,6.299,-8.297,37.15,3144.3,45.205960000000005,452.05960000000005,1.3957931276268036,-0.0029642109137821646,,,Sand,,,Sand 9,9,36.28,38.26,-37.730000000000004,-39.71
-38.790000000000006,37.34,45.965,0.389,0.86,0.239,6.328,-8.315,37.17,3145.6,46.065380000000005,460.65380000000005,1.4083717961407638,-0.0028915424121107878,,,Sand,,,Sand 9,9,36.28,38.26,-37.730000000000004,-39.71
-38.81,37.36,46.676,0.422,0.925,0.258,6.306,-8.347,37.19,3147.1,46.78436,467.8436,1.4306540853075163,-0.0024452616216188495,,,Sand,,,Sand 9,9,36.28,38.26,-37.730000000000004,-39.71
-38.830000000000005,37.38,46.814,0.454,0.99,0.292,6.346,-8.314,37.21,3148.6,46.93664,469.3664,1.4544249782071879,-0.001717208560305979,,,Sand,,,Sand 9,9,36.28,38.26,-37.730000000000004,-39.71
-38.85,37.4,46.512,0.478,1.045,0.311,6.319,-8.339,37.23,3150.1,46.64262,466.42620000000005,1.475587327957554,-0.0013249684516007036,,,Sand,,,Sand 9,9,36.28,38.26,-37.730000000000004,-39.71
-38.870000000000005,37.42,45.81,0.493,1.089,0.32,6.362,-8.329,37.25,3151.6,45.9444,459.444,1.4941911819763583,-0.0011535682259426624,,,Sand,,,Sand 9,9,36.28,38.26,-37.730000000000004,-39.71
-38.89,37.44,44.644,0.504,1.131,0.32,6.346,-8.342,37.27,3152.9,44.7784,447.78399999999993,1.5140527370913963,-0.001188072820824326,,,Sand,,,Sand 9,9,36.28,38.26,-37.730000000000004,-39.71
-38.910000000000004,37.46,43.42,0.501,1.152,0.332,6.354,-8.365,37.29,3154.2,43.55944,435.5944,1.527267069164482,-0.0009504254416493884,,,Sand,,,Sand 9,9,36.28,38.26,-37.730000000000004,-39.71
-38.93,37.48,41.842,0.494,1.169,0.334,6.367,-8.317,37.31,3155.5,41.982279999999996,419.8228,1.5413511540988405,-0.000943255106678342,,,Sand,,,Sand 9,9,36.28,38.26,-37.730000000000004,-39.71
-38.95,37.5,40.119,0.482,1.181,0.342,6.367,-8.351,37.33,3156.6,40.26264,402.6264,1.5550896818163387,-0.0007898140807458232,,,Sand,,,Sand 9,9,36.28,38.26,-37.730000000000004,-39.71
-38.970000000000006,37.52,38.205,0.467,1.192,0.335,6.369,-8.384,37.35,3157.7,38.3457,383.45700000000005,1.5702962366952067,-0.0010170631909184095,,,Sand,,,Sand 9,9,36.28,38.26,-37.730000000000004,-39.71
-38.99,37.54,36.358,0.451,1.2,0.326,6.363,-8.366,37.37,3158.7,36.49492,364.94919999999996,1.5849018571146,-0.0013207317621192222,,,Sand,,,Sand 9,9,36.28,38.26,-37.730000000000004,-39.71
-39.010000000000005,37.56,34.699,0.433,1.204,0.329,6.358,-8.36,37.39,3159.6,34.83718,348.37179999999995,1.5977275945137839,-0.0013032053685172005,,,Sand,,,Sand 9,9,36.28,38.26,-37.730000000000004,-39.71
-39.03,37.58,33.263,0.413,1.19,0.322,6.397,-8.399,37.41,3160.5,33.39824,333.9824,1.6043319450455968,-0.0015749332898979116,,,Sand,,,Sand 9,9,36.28,38.26,-37.730000000000004,-39.71
-39.050000000000004,37.6,32.284,0.388,1.171,0.315,6.39,-8.393,37.43,3161.3,32.4163,324.163,1.6063977229420614,-0.0018447509431983313,,,Sand,,,Sand 9,9,36.28,38.26,-37.730000000000004,-39.71
-39.07,37.62,31.81,0.362,1.136,0.305,6.377,-8.437,37.45,3162.2,31.9381,319.381,1.5997339929323258,-0.0021917396463784636,,,Sand,,,Sand 9,9,36.28,38.26,-37.730000000000004,-39.71
-39.09,37.64,31.306,0.332,1.087,0.301,6.385,-8.466,37.47,3163.0,31.43242,314.3242,1.5887437095489314,-0.002360620022257276,,,Sand,,,Sand 9,9,36.28,38.26,-37.730000000000004,-39.71
-39.11,37.66,29.829,0.3,1.031,0.282,6.4,-8.443,37.49,3163.8,29.94744,299.4744,1.5837449208689314,-0.003118797466494631,,,Sand,,,Sand 9,9,36.28,38.26,-37.730000000000004,-39.71
-39.13,37.68,27.535,0.267,0.97,0.248,6.394,-8.386,37.51,3164.7,27.63916,276.3916,1.5855784980312628,-0.004616638132273196,,,Sand,,,Sand 9,9,36.28,38.26,-37.730000000000004,-39.71
-39.150000000000006,37.7,24.865,0.24,0.915,0.236,6.378,-8.411,37.53,3165.5,24.964119999999998,249.6412,1.5957462844378039,-0.005600037173351197,,,Sand,,,Sand 9,9,36.28,38.26,-37.730000000000004,-39.71
-39.17,37.72,22.544,0.215,0.865,0.216,6.385,-8.455,37.55,3166.3,22.63472,226.34720000000002,1.6069887340782083,-0.007068786360069839,,,Sand,,,Sand 9,9,36.28,38.26,-37.730000000000004,-39.71
-39.190000000000005,37.74,20.731,0.192,0.823,0.205,6.393,-8.519,37.57,3167.2,20.8171,208.171,1.6171792590909133,-0.00822400814714826,,,Sand,,,Sand 9,9,36.28,38.26,-37.730000000000004,-39.71
-39.21,37.76,19.459,0.211,0.964,0.205,6.404,-8.536,37.59,3168.0,19.545099999999998,195.451,1.6851567121152147,-0.008769461399532363,,,Sand,,,Sand 9,9,36.28,38.26,-37.730000000000004,-39.71
-39.230000000000004,37.78,18.702,0.211,1.04,0.224,6.402,-8.554,37.61,3170.8,18.796080000000003,187.9608,1.720612257836671,-0.008118714114857992,,,Sand,,,Sand 9,9,36.28,38.26,-37.730000000000004,-39.71
-39.25,37.8,18.246,0.205,1.082,0.246,6.4,-8.568,37.63,3177.1,18.34932,183.4932,1.7402410141933145,-0.007128329551176829,,,Sand,,,Sand 9,9,36.28,38.26,-37.730000000000004,-39.71
-39.27,37.82,17.79,0.201,1.134,0.267,6.397,-8.583,37.65,3183.4,17.90214,179.0214,1.7623730597500258,-0.006144516800784711,,,Sand,,,Sand 9,9,36.28,38.26,-37.730000000000004,-39.71
-39.290000000000006,37.84,17.633,0.195,1.179,0.252,6.381,-8.565,37.67,3186.0,17.73884,177.3884,1.77736646070392,-0.007057958694029601,,,Sand,,,Sand 9,9,36.28,38.26,-37.730000000000004,-39.71
-39.31,37.86,16.735,0.209,1.319,0.234,6.386,-8.587,37.69,3186.9,16.83328,168.3328,1.8284890748642784,-0.008518838871568705,,,Sand,,,Sand 9,9,36.28,38.26,-37.730000000000004,-39.71
-39.330000000000005,37.88,15.176,0.22,1.425,0.225,6.371,-8.589,37.71,3187.7,15.2705,152.705,1.8818981707723657,-0.0099931239972496,,,Sand,,,Sand 9,9,36.28,38.26,-37.730000000000004,-39.71
-39.35,37.9,14.038,0.201,1.336,0.229,6.39,-8.631,37.73,3188.5,14.13418,141.3418,1.8849086622524491,-0.010527671219695802,,,Sand,,,Sand 9,9,36.28,38.26,-37.730000000000004,-39.71
-39.370000000000005,37.92,13.399,0.202,1.412,0.255,6.388,-8.633,37.74,3189.4,13.5061,135.061,1.9158880661113142,-0.0091069960980594,,,Sand,,,Sand 9,9,36.28,38.26,-37.730000000000004,-39.71
-39.39,37.94,13.065,0.206,1.535,0.298,6.423,-8.705,37.76,3190.3,13.190159999999999,131.90159999999997,1.949093549928812,-0.006080290155691819,,,Sand,,,Sand 9,9,36.28,38.26,-37.730000000000004,-39.71
-39.410000000000004,37.96,13.036,0.217,1.725,0.266,6.42,-8.709,37.78,3191.1,13.14772,131.47719999999998,1.9869171084605526,-0.008549010779055231,,,Sand,,,Sand 9,9,36.28,38.26,-37.730000000000004,-39.71
-39.43,37.98,12.19,0.239,2.023,0.242,6.424,-8.705,37.8,3191.9,12.29164,122.9164,2.0577027117537203,-0.011113244449072706,,,Sand mixtures,,,Sand 9,9,36.28,38.26,-37.730000000000004,-39.71
-39.45,38.0,10.75,0.222,1.998,0.25,6.43,-8.689,37.82,3192.8,10.855,108.55,2.0903656179125787,-0.011865499769691387,,,Sand mixtures,,,Sand 9,9,36.28,38.26,-37.730000000000004,-39.71
-39.470000000000006,38.02,9.561,0.186,1.772,0.255,6.437,-8.684,37.84,3193.6,9.6681,96.681,2.0882044054083715,-0.012825684467475517,,,Sand mixtures,,,Sand 9,9,36.28,38.26,-37.730000000000004,-39.71
-39.49,38.04,8.782,0.175,1.763,0.278,6.441,-8.715,37.86,3194.4,8.89876,88.9876,2.112423875832705,-0.011372370982024467,,,Sand mixtures,,,Sand 9,9,36.28,38.26,-37.730000000000004,-39.71
-39.510000000000005,38.06,8.306,0.177,1.87,0.353,6.45,-8.711,37.88,3195.3,8.45426,84.54260000000001,2.1462076049402627,-0.003122686077788007,,,Sand mixtures,,,Sand 9,9,36.28,38.26,-37.730000000000004,-39.71
-39.53,38.08,8.446,0.178,1.928,0.434,6.447,-8.676,37.9,3196.1,8.62828,86.28280000000001,2.149124388707763,0.006304848706810624,,,Sand mixtures,,,Sand 9,9,36.28,38.26,-37.730000000000004,-39.71
-39.550000000000004,38.1,8.912,0.155,1.691,0.362,6.445,-8.62,37.92,3196.9,9.06404,90.64040000000001,2.0941144200786965,-0.001963804219751906,,,Sand mixtures,,,Sand 9,9,36.28,38.26,-37.730000000000004,-39.71
-39.57,38.12,9.388,0.131,1.406,0.31,6.455,-8.684,37.94,3197.8,9.5182,95.182,2.023806449318514,-0.0073543317013721075,,,Sand,,,Sand 9,9,36.28,38.26,-37.730000000000004,-39.71
-39.59,38.14,9.79,0.135,1.423,0.356,6.447,-8.664,37.96,3198.6,9.93952,99.3952,2.0135402473288844,-0.0024347252181191894,,,Sand,,,Sand 9,9,36.28,38.26,-37.730000000000004,-39.71
-39.61,38.16,10.277,0.153,1.583,0.346,6.478,-8.716,37.98,3199.4,10.42232,104.22319999999999,2.030599281411614,-0.0033006086936497804,,,Sand,,,Sand 9,9,36.28,38.26,-37.730000000000004,-39.71
-39.63,38.18,10.409,0.159,1.634,0.29,6.49,-8.692,38.0,3200.2,10.530800000000001,105.308,2.0370516796645814,-0.00860333497929882,,,Sand,,,Sand 9,9,36.28,38.26,-37.730000000000004,-39.71
-39.650000000000006,38.2,10.053,0.16,1.624,0.296,6.501,-8.664,38.02,3201.1,10.177320000000002,101.77320000000002,2.0457498282168265,-0.008332252498693179,,,Sand,,,Sand 9,9,36.28,38.26,-37.730000000000004,-39.71
-39.67,38.22,9.533,0.165,1.666,0.394,6.492,-8.693,38.04,3201.9,9.69848,96.98479999999999,2.068476440837678,0.0013404162301721507,,,Sand mixtures,,,Sand 9,9,36.28,38.26,-37.730000000000004,-39.71
-39.690000000000005,38.24,9.359,0.178,1.782,0.436,6.453,-8.652,38.06,3202.8,9.54212,95.42120000000001,2.0939741791697166,0.005742958587819054,,,Sand mixtures,,,Sand 9,9,36.28,38.26,-37.730000000000004,-39.71
-39.71,38.26,9.631,0.179,1.771,0.376,6.491,-8.669,38.08,3203.7,9.788920000000001,97.8892,2.0842004070504325,-0.0005516441037417792,,,Sand mixtures,,,Sand 10,10,38.26,38.72,-39.71,-40.17
-39.730000000000004,38.28,10.187,0.162,1.573,0.264,6.482,-8.663,38.1,3204.5,10.29788,102.97879999999999,2.0324133856044164,-0.011419826216658189,,,Sand,,,Sand 10,10,38.26,38.72,-39.71,-40.17
-39.75,38.3,10.67,0.147,1.393,0.212,6.493,-8.69,38.12,3205.3,10.75904,107.5904,1.9821347203496376,-0.01578207721134971,,,Sand,,,Sand 10,10,38.26,38.72,-39.71,-40.17
-39.77,38.32,11.168,0.146,1.33,0.21,6.493,-8.712,38.14,3206.2,11.2562,112.56199999999998,1.9540692042773957,-0.015280467653382137,,,Sand,,,Sand 10,10,38.26,38.72,-39.71,-40.17
-39.790000000000006,38.34,11.911,0.156,1.363,0.206,6.473,-8.691,38.16,3207.0,11.99752,119.9752,1.9414647890981929,-0.014686368516160009,,,Sand,,,Sand 10,10,38.26,38.72,-39.71,-40.17
-39.81,38.36,12.073,0.171,1.447,0.209,6.492,-8.686,38.18,3207.8,12.16078,121.60780000000001,1.9555114934343885,-0.014258953784214502,,,Sand,,,Sand 10,10,38.26,38.72,-39.71,-40.17
-39.830000000000005,38.38,12.489,0.175,1.419,0.216,6.522,-8.679,38.2,3208.7,12.57972,125.79719999999999,1.9391073541987396,-0.013243538011974832,,,Sand,,,Sand 10,10,38.26,38.72,-39.71,-40.17
-39.85,38.4,12.86,0.176,1.367,0.204,6.515,-8.724,38.22,3209.5,12.94568,129.45680000000002,1.9188364026659346,-0.013811557214453008,,,Sand,,,Sand 10,10,38.26,38.72,-39.71,-40.17
-39.870000000000005,38.42,13.077,0.179,1.334,0.19,6.527,-8.701,38.24,3210.4,13.1568,131.568,1.906368062840928,-0.014669220479143867,,,Sand,,,Sand 10,10,38.26,38.72,-39.71,-40.17
-39.89,38.44,13.682,0.193,1.377,0.202,6.532,-8.686,38.26,3211.2,13.76684,137.6684,1.9022890600472422,-0.013162061882029572,,,Sand,,,Sand 10,10,38.26,38.72,-39.71,-40.17
-39.910000000000004,38.46,14.665,0.206,1.4,0.169,6.518,-8.716,38.28,3212.0,14.73598,147.3598,1.8869348098282728,-0.014549422569791763,,,Sand,,,Sand 10,10,38.26,38.72,-39.71,-40.17
-39.93,38.48,15.685,0.202,1.301,0.164,6.558,-8.711,38.29,3213.0,15.75388,157.5388,1.8438650696715784,-0.01393942317702052,,,Sand,,,Sand 10,10,38.26,38.72,-39.71,-40.17
-39.95,38.5,16.596,0.189,1.147,0.183,6.545,-8.692,38.31,3213.8,16.67286,166.7286,1.7873895272930216,-0.012043524626248886,,,Sand,,,Sand 10,10,38.26,38.72,-39.71,-40.17
-39.970000000000006,38.52,17.961,0.162,0.939,0.202,6.544,-8.752,38.33,3214.7,18.04584,180.45839999999995,1.7015674398654062,-0.010085426890629646,,,Sand,,,Sand 10,10,38.26,38.72,-39.71,-40.17
-39.99,38.54,19.022,0.164,0.909,0.14,6.576,-8.746,38.35,3215.5,19.0808,190.808,1.6744232809458928,-0.012798205525973756,,,Sand,,,Sand 10,10,38.26,38.72,-39.71,-40.17
-40.010000000000005,38.56,19.842,0.166,0.898,0.14,6.587,-8.753,38.37,3216.3,19.9008,199.00799999999998,1.6577459351969803,-0.012280913330117384,,,Sand,,,Sand 10,10,38.26,38.72,-39.71,-40.17
-40.03,38.58,19.987,0.154,0.828,0.143,6.599,-8.743,38.39,3217.2,20.04706,200.4706,1.6307110834533622,-0.012051642485232252,,,Sand,,,Sand 10,10,38.26,38.72,-39.71,-40.17
-40.050000000000004,38.6,19.637,0.156,0.847,0.145,6.616,-8.719,38.41,3218.0,19.6979,196.979,1.6430535075247692,-0.012173886556434952,,,Sand,,,Sand 10,10,38.26,38.72,-39.71,-40.17
-40.07,38.62,18.615,0.187,1.036,0.145,6.634,-8.737,38.43,3218.8,18.6759,186.759,1.7213482134706692,-0.012850786307487191,,,Sand,,,Sand 10,10,38.26,38.72,-39.71,-40.17
-40.09,38.64,17.186,0.205,1.183,0.144,6.656,-8.705,38.45,3219.6,17.24648,172.4648,1.7868512200854638,-0.013985462540761944,,,Sand,,,Sand 10,10,38.26,38.72,-39.71,-40.17
-40.11,38.66,15.702,0.216,1.313,0.147,6.644,-8.717,38.47,3220.5,15.76374,157.63739999999999,1.8465653055407376,-0.015123314644874883,,,Sand,,,Sand 10,10,38.26,38.72,-39.71,-40.17
-40.13,38.68,14.581,0.227,1.474,0.153,6.641,-8.725,38.49,3221.4,14.64526,146.4526,1.9050279138918933,-0.015882271806714254,,,Sand,,,Sand 10,10,38.26,38.72,-39.71,-40.17
-40.150000000000006,38.7,13.907,0.233,1.617,0.16,6.643,-8.745,38.51,3222.2,13.9742,139.742,1.9483251777169988,-0.01615834895736429,,,Sand,,,Sand 10,10,38.26,38.72,-39.71,-40.17
-40.17,38.72,12.944,0.239,1.759,0.163,6.645,-8.74,38.53,3223.0,13.01246,130.12460000000002,1.9961877156943446,-0.017137420595337082,,,Sand,,,Sand mixtures 8,8,38.72,39.06,-40.17,-40.510000000000005
-40.190000000000005,38.74,11.435,0.264,2.086,0.165,6.628,-8.757,38.55,3223.8,11.5043,115.043,2.0869028504716596,-0.01922759316081813,,,Sand mixtures,,,Sand mixtures 8,8,38.72,39.06,-40.17,-40.510000000000005
-40.21,38.76,9.863,0.291,2.611,0.174,6.65,-8.762,38.57,3226.0,9.936079999999999,99.36079999999998,2.2018701500183315,-0.021376639479553306,,,Sand mixtures,,,Sand mixtures 8,8,38.72,39.06,-40.17,-40.510000000000005
-40.230000000000004,38.78,8.755,0.294,3.057,0.196,6.654,-8.793,38.59,3234.5,8.83732,88.3732,2.286838757953848,-0.021567624573965865,,8.825462158252428,Sand mixtures,,,Sand mixtures 8,8,38.72,39.06,-40.17,-40.510000000000005
-40.25,38.8,7.647,0.258,3.171,0.218,6.657,-8.823,38.61,3243.1,7.7385600000000005,77.38560000000001,2.3373387027786494,-0.02181284373320101,,9.200053667765319,Sand mixtures,,,Sand mixtures 8,8,38.72,39.06,-40.17,-40.510000000000005
-40.27,38.82,6.702,0.245,3.567,0.231,6.666,-8.822,38.63,3247.4,6.79902,67.9902,2.413014788707274,-0.022944483175516475,,10.08184669674275,Sand mixtures,,,Sand mixtures 8,8,38.72,39.06,-40.17,-40.510000000000005
-40.290000000000006,38.84,5.898,0.244,3.916,0.249,6.672,-8.796,38.65,3248.3,6.00258,60.0258,2.4795400908117005,-0.023023433257032818,,10.606626133639566,Sand mixtures,,,Sand mixtures 8,8,38.72,39.06,-40.17,-40.510000000000005
-40.31,38.86,5.495,0.262,4.307,0.272,6.676,-8.838,38.67,3249.1,5.60924,56.0924,2.529848971638171,-0.020573197081957633,,11.059604746493866,Sand mixtures,,,Sand mixtures 8,8,38.72,39.06,-40.17,-40.510000000000005
-40.330000000000005,38.88,5.302,0.23,3.918,0.276,6.657,-8.835,38.69,3249.9,5.41792,54.1792,2.5102748685597334,-0.020598310790857013,,10.609241072654399,Sand mixtures,,,Sand mixtures 8,8,38.72,39.06,-40.17,-40.510000000000005
-40.35,38.9,5.206,0.189,3.437,0.279,6.697,-8.845,38.71,3250.8,5.323180000000001,53.2318,2.474895068654931,-0.02043891057600908,,9.839144706513917,Sand mixtures,,,Sand mixtures 8,8,38.72,39.06,-40.17,-40.510000000000005
-40.370000000000005,38.92,5.203,0.168,3.166,0.285,6.72,-8.855,38.73,3251.6,5.3227,53.227,2.4497415033113272,-0.019351081218178755,,9.185337369776382,Sand mixtures,,,Sand mixtures 8,8,38.72,39.06,-40.17,-40.510000000000005
-40.39,38.94,5.355,0.192,3.729,0.295,6.71,-8.834,38.75,3252.5,5.4789,54.78900000000001,2.491430493095094,-0.01701071382941831,,10.344262454336802,Sand mixtures,,,Sand mixtures 8,8,38.72,39.06,-40.17,-40.510000000000005
-40.410000000000004,38.96,5.265,0.186,3.713,0.298,6.694,-8.815,38.77,3253.4,5.39016,53.9016,2.4950238863257055,-0.01677130177953902,,10.319974911823138,Sand mixtures,,,Sand mixtures 8,8,38.72,39.06,-40.17,-40.510000000000005
-40.43,38.98,4.986,0.178,3.696,0.287,6.701,-8.793,38.79,3254.2,5.10654,51.0654,2.5100165260059355,-0.019896054862979635,,10.293809468011116,Sand mixtures,,,Sand mixtures 8,8,38.72,39.06,-40.17,-40.510000000000005
-40.45,39.0,4.595,0.181,3.894,0.281,6.719,-8.816,38.81,3255.0,4.71302,47.1302,2.5506208955968974,-0.022872807668968095,,10.577617874931839,Sand mixtures,,,Sand mixtures 8,8,38.72,39.06,-40.17,-40.510000000000005
-40.470000000000006,39.02,4.164,0.169,3.821,0.298,6.715,-8.836,38.83,3255.9,4.28916,42.8916,2.573852721722469,-0.021216275447873256,,10.47799209815618,Sand mixtures,,,Sand mixtures 8,8,38.72,39.06,-40.17,-40.510000000000005
-40.49,39.04,3.846,0.16,3.803,0.302,6.732,-8.843,38.84,3256.7,3.97284,39.7284,2.5962891933491736,-0.021949033940455706,,10.452581237435346,Sand mixtures,,,Sand mixtures 8,8,38.72,39.06,-40.17,-40.510000000000005
-40.510000000000005,39.06,3.742,0.15,3.754,0.308,6.719,-8.858,38.86,3257.5,3.87136,38.7136,2.6005090392775334,-0.021026202678128623,,10.381576686197679,Silty clay / clayey silt,,,Sand mixtures 9,9,39.06,39.72,-40.510000000000005,-41.17
-40.53,39.08,3.632,0.136,3.561,0.316,6.708,-8.84,38.88,3258.3,3.76472,37.647200000000005,2.5935913195713423,-0.019549926687774926,,10.07135019879224,Sand mixtures,,,Sand mixtures 9,9,39.06,39.72,-40.510000000000005,-41.17
-40.550000000000004,39.1,3.601,0.12,3.254,0.321,6.734,-8.837,38.9,3259.2,3.73582,37.3582,2.569476536724354,-0.018416304854088277,,9.42678689551804,Sand mixtures,,,Sand mixtures 9,9,39.06,39.72,-40.510000000000005,-41.17
-40.57,39.12,3.598,0.11,3.045,0.324,6.74,-8.81,38.92,3260.0,3.73408,37.3408,2.550277768707915,-0.01767503642128717,,8.78031484148323,Sand mixtures,,,Sand mixtures 9,9,39.06,39.72,-40.510000000000005,-41.17
-40.59,39.14,3.577,0.104,2.898,0.324,6.711,-8.829,38.94,3260.8,3.71308,37.1308,2.5378070592724065,-0.017828864446766575,,8.078616704935817,Sand mixtures,,,Sand mixtures 9,9,39.06,39.72,-40.510000000000005,-41.17
-40.61,39.16,3.552,0.105,2.95,0.323,6.723,-8.843,38.96,3261.7,3.68766,36.8766,2.5451631945430386,-0.018277173058253736,,8.366199682469228,Sand mixtures,,,Sand mixtures 9,9,39.06,39.72,-40.510000000000005,-41.17
-40.63,39.18,3.541,0.109,3.101,0.324,6.722,-8.837,38.98,3262.5,3.67708,36.7708,2.5605364319322454,-0.01811219772210559,,8.980672943041153,Sand mixtures,,,Sand mixtures 9,9,39.06,39.72,-40.510000000000005,-41.17
-40.650000000000006,39.2,3.498,0.107,3.044,0.326,6.713,-8.874,39.0,3263.3,3.63492,36.3492,2.558893034141106,-0.017827077349707853,,8.776492602115876,Sand mixtures,,,Sand mixtures 9,9,39.06,39.72,-40.510000000000005,-41.17
-40.67,39.22,3.448,0.101,2.883,0.329,6.71,-8.873,39.02,3264.3,3.58618,35.8618,2.547648381452367,-0.01728859120289556,,7.983712479822892,Sand mixtures,,,Sand mixtures 9,9,39.06,39.72,-40.510000000000005,-41.17
-40.690000000000005,39.24,3.436,0.094,2.714,0.333,6.707,-8.842,39.04,3265.1,3.57586,35.7586,2.5313742896057794,-0.016275804981179365,,5.429457401155692,Sand mixtures,,,Sand mixtures 9,9,39.06,39.72,-40.510000000000005,-41.17
-40.71,39.26,3.43,0.09,2.575,0.34,6.704,-8.898,39.06,3265.9,3.5728,35.728,2.5168015430737696,-0.014386475593372137,,,Sand mixtures,,,Sand mixtures 9,9,39.06,39.72,-40.510000000000005,-41.17
-40.730000000000004,39.28,3.458,0.088,2.517,0.344,6.721,-8.86,39.08,3266.7,3.6024800000000003,36.024800000000006,2.5076594502050384,-0.013213119850769475,,,Sand mixtures,,,Sand mixtures 9,9,39.06,39.72,-40.510000000000005,-41.17
-40.75,39.3,3.496,0.087,2.497,0.347,6.683,-8.892,39.1,3267.6,3.64174,36.4174,2.5018281950582066,-0.012301811771296143,,,Sand mixtures,,,Sand mixtures 9,9,39.06,39.72,-40.510000000000005,-41.17
-40.77,39.32,3.527,0.086,2.447,0.349,6.691,-8.884,39.12,3268.4,3.6735800000000003,36.735800000000005,2.4932683876525674,-0.011705203098884466,,,Sand mixtures,,,Sand mixtures 9,9,39.06,39.72,-40.510000000000005,-41.17
-40.790000000000006,39.34,3.547,0.086,2.413,0.353,6.72,-8.875,39.14,3269.2,3.69526,36.952600000000004,2.4873971360524227,-0.01060818453911228,,,Sand mixtures,,,Sand mixtures 9,9,39.06,39.72,-40.510000000000005,-41.17
-40.81,39.36,3.594,0.09,2.52,0.358,6.66,-8.899,39.16,3270.1,3.74436,37.4436,2.4952186783254953,-0.009187150808148798,,,Sand mixtures,,,Sand mixtures 9,9,39.06,39.72,-40.510000000000005,-41.17
-40.830000000000005,39.38,3.619,0.093,2.563,0.364,6.688,-8.88,39.18,3270.9,3.7718800000000003,37.71880000000001,2.4975878625898513,-0.007582425739949314,,,Sand mixtures,,,Sand mixtures 9,9,39.06,39.72,-40.510000000000005,-41.17
-40.85,39.4,3.677,0.092,2.497,0.37,6.682,-8.892,39.2,3271.7,3.8324000000000003,38.324,2.4849617793371515,-0.0059492746059910265,,,Sand mixtures,,,Sand mixtures 9,9,39.06,39.72,-40.510000000000005,-41.17
-40.870000000000005,39.42,3.776,0.094,2.499,0.376,6.674,-8.909,39.22,3272.6,3.9339199999999996,39.3392,2.4765796929121215,-0.0043213893520966514,,,Sand mixtures,,,Sand mixtures 9,9,39.06,39.72,-40.510000000000005,-41.17
-40.89,39.44,3.876,0.099,2.617,0.384,6.67,-8.889,39.24,3273.4,4.03728,40.372800000000005,2.481242779963702,-0.0022787619387310237,,,Sand mixtures,,,Sand mixtures 9,9,39.06,39.72,-40.510000000000005,-41.17
-40.910000000000004,39.46,3.884,0.103,2.704,0.391,6.671,-8.875,39.26,3274.2,4.04822,40.4822,2.489761254621733,-0.0005928531552139049,,4.499313175929386,Sand mixtures,,,Sand mixtures 9,9,39.06,39.72,-40.510000000000005,-41.17
-40.93,39.48,3.907,0.105,2.732,0.383,6.671,-8.9,39.28,3275.2,4.0678600000000005,40.6786,2.4911618139303218,-0.0026057927263966854,,6.146242926065012,Sand mixtures,,,Sand mixtures 9,9,39.06,39.72,-40.510000000000005,-41.17
-40.95,39.5,3.929,0.107,2.761,0.386,6.647,-8.932,39.3,3276.0,4.09112,40.9112,2.4923667364242665,-0.001906568372475022,,6.770748776934996,Sand mixtures,,,Sand mixtures 9,9,39.06,39.72,-40.510000000000005,-41.17
-40.970000000000006,39.52,3.859,0.108,2.799,0.396,6.673,-8.877,39.32,3276.8,4.02532,40.2532,2.501573139038533,0.0004968549084296263,,7.280857042578983,Sand mixtures,,,Sand mixtures 9,9,39.06,39.72,-40.510000000000005,-41.17
-40.99,39.54,3.813,0.114,2.956,0.398,6.654,-8.909,39.34,3277.6,3.98016,39.8016,2.5210619773016423,0.0009547354880205706,,8.396015264796734,Sand mixtures,,,Sand mixtures 9,9,39.06,39.72,-40.510000000000005,-41.17
-41.010000000000005,39.56,3.785,0.116,2.996,0.401,6.662,-8.923,39.36,3278.5,3.9534200000000004,39.534200000000006,2.527149465524829,0.0016694406362086408,,8.580863260382264,Sand mixtures,,,Sand mixtures 9,9,39.06,39.72,-40.510000000000005,-41.17
-41.03,39.58,3.824,0.113,2.872,0.404,6.668,-8.917,39.37,3279.3,3.99368,39.9368,2.511586924748892,0.002353718875823796,,7.909818017757462,Sand mixtures,,,Sand mixtures 9,9,39.06,39.72,-40.510000000000005,-41.17
-41.050000000000004,39.6,3.902,0.112,2.784,0.407,6.676,-8.903,39.39,3280.1,4.07294,40.7294,2.4962102978005527,0.002995379259208319,,7.103610125595603,Sand mixtures,,,Sand mixtures 9,9,39.06,39.72,-40.510000000000005,-41.17
-41.07,39.62,4.062,0.116,2.81,0.418,6.667,-8.916,39.41,3281.0,4.23756,42.375600000000006,2.486122027138325,0.0054276517618629585,,7.3968383451498525,Sand mixtures,,,Sand mixtures 9,9,39.06,39.72,-40.510000000000005,-41.17
-41.09,39.64,4.34,0.116,2.752,0.423,6.677,-8.886,39.43,3281.8,4.51766,45.1766,2.459465746282829,0.006153628205752526,,6.610552006379541,Sand mixtures,,,Sand mixtures 9,9,39.06,39.72,-40.510000000000005,-41.17
-41.11,39.66,4.589,0.139,3.221,0.419,6.691,-8.854,39.45,3282.6,4.76498,47.649800000000006,2.489376835772565,0.004952801480803701,,9.340344254558415,Sand mixtures,,,Sand mixtures 9,9,39.06,39.72,-40.510000000000005,-41.17
-41.13,39.68,4.64,0.163,3.755,0.406,6.688,-8.862,39.47,3283.6,4.8105199999999995,48.105199999999996,2.533156568097062,0.002161928440168626,,10.383053544786023,Sand mixtures,,,Sand mixtures 9,9,39.06,39.72,-40.510000000000005,-41.17
-41.150000000000006,39.7,4.548,0.18,4.152,0.389,6.688,-8.851,39.49,3284.3,4.71138,47.1138,2.570577113057873,-0.0014433138485963918,,10.892616590529398,Sand mixtures,,,Sand mixtures 9,9,39.06,39.72,-40.510000000000005,-41.17
-41.17,39.72,4.367,0.184,4.285,0.366,6.711,-8.824,39.51,3285.1,4.52072,45.2072,2.592912124519535,-0.006636111061954732,,11.036760406374276,Sand mixtures,,,Silty clay / clayey silt 5,5,39.72,40.18,-41.17,-41.63
-41.190000000000005,39.74,4.167,0.187,4.446,0.383,6.686,-8.852,39.53,3286.1,4.32786,43.278600000000004,2.6176065138737643,-0.003050006238649135,,11.198087601417607,Silty clay / clayey silt,,,Silty clay / clayey silt 5,5,39.72,40.18,-41.17,-41.63
-41.21,39.76,3.953,0.188,4.586,0.393,6.693,-8.852,39.55,3286.9,4.11806,41.1806,2.6423397538527666,-0.0008256314866709028,,11.328397460228084,Silty clay / clayey silt,,,Silty clay / clayey silt 5,5,39.72,40.18,-41.17,-41.63
-41.230000000000004,39.78,3.784,0.188,4.733,0.401,6.666,-8.852,39.57,3287.7,3.95242,39.5242,2.6646170945861387,0.0011132420137535933,,11.45665490341291,Silty clay / clayey silt,,,Silty clay / clayey silt 5,5,39.72,40.18,-41.17,-41.63
-41.25,39.8,3.736,0.181,4.644,0.399,6.698,-8.865,39.59,3288.6,3.9035800000000003,39.0358,2.6625670245286375,0.0005635852217707818,,11.379984323413758,Silty clay / clayey silt,,,Silty clay / clayey silt 5,5,39.72,40.18,-41.17,-41.63
-41.27,39.82,3.716,0.172,4.483,0.399,6.704,-8.847,39.61,3289.4,3.8835800000000003,38.835800000000006,2.6533105456620447,0.0005149887474958671,,11.233366442256427,Silty clay / clayey silt,,,Silty clay / clayey silt 5,5,39.72,40.18,-41.17,-41.63
-41.290000000000006,39.84,3.716,0.166,4.368,0.398,6.671,-8.861,39.63,3290.2,3.88316,38.8316,2.645395141191281,0.00020601777933434482,,11.121583623033315,Silty clay / clayey silt,,,Silty clay / clayey silt 5,5,39.72,40.18,-41.17,-41.63
-41.31,39.86,3.779,0.168,4.411,0.393,6.658,-8.833,39.65,3291.1,3.94406,39.440599999999996,2.643593417263225,-0.0011156016896294767,,11.164125917211221,Silty clay / clayey silt,,,Silty clay / clayey silt 5,5,39.72,40.18,-41.17,-41.63
-41.330000000000005,39.88,3.859,0.173,4.494,0.387,6.669,-8.826,39.67,3291.9,4.02154,40.2154,2.6433399993062148,-0.002635806183700777,,11.243734720477944,Silty clay / clayey silt,,,Silty clay / clayey silt 5,5,39.72,40.18,-41.17,-41.63
-41.35,39.9,3.923,0.182,4.688,0.385,6.675,-8.814,39.69,3292.7,4.0847,40.847,2.6516258494669205,-0.0031336450657331043,,11.418253527272308,Silty clay / clayey silt,,,Silty clay / clayey silt 5,5,39.72,40.18,-41.17,-41.63
-41.370000000000005,39.92,3.968,0.191,4.882,0.38,6.67,-8.821,39.71,3293.6,4.1276,41.276,2.661049199783139,-0.004360887682915025,,11.578850234906692,Silty clay / clayey silt,,,Silty clay / clayey silt 5,5,39.72,40.18,-41.17,-41.63
-41.39,39.94,4.029,0.2,5.062,0.376,6.67,-8.814,39.73,3294.5,4.18692,41.8692,2.6680534175412953,-0.005302226935312828,,11.71734476860933,Silty clay / clayey silt,,,Silty clay / clayey silt 5,5,39.72,40.18,-41.17,-41.63
-41.410000000000004,39.96,4.047,0.202,5.073,0.375,6.683,-8.788,39.75,3295.3,4.2044999999999995,42.04499999999999,2.6674736111724764,-0.005565465572600794,,11.725513888948294,Silty clay / clayey silt,,,Silty clay / clayey silt 5,5,39.72,40.18,-41.17,-41.63
-41.43,39.98,4.031,0.198,4.986,0.379,6.687,-8.791,39.77,3304.7,4.19018,41.901799999999994,2.663084274931078,-0.004677603348782158,,11.660002904729494,Silty clay / clayey silt,,,Silty clay / clayey silt 5,5,39.72,40.18,-41.17,-41.63
-41.45,40.0,4.013,0.191,4.884,0.382,6.691,-8.813,39.79,3316.1,4.17344,41.73440000000001,2.6578367711096234,-0.0040254562183714175,,11.58044157435191,Silty clay / clayey silt,,,Silty clay / clayey silt 5,5,39.72,40.18,-41.17,-41.63
-41.470000000000006,40.02,3.988,0.19,4.938,0.387,6.695,-8.835,39.81,3327.0,4.15054,41.5054,2.6629296491332948,-0.0028911900620160404,,11.622946453630423,Silty clay / clayey silt,,,Silty clay / clayey silt 5,5,39.72,40.18,-41.17,-41.63
-41.49,40.04,3.833,0.189,5.011,0.387,6.685,-8.862,39.83,3327.9,3.99554,39.9554,2.6790147234863935,-0.003053404546068878,,11.679041900040948,Silty clay / clayey silt,,,Silty clay / clayey silt 5,5,39.72,40.18,-41.17,-41.63
-41.510000000000005,40.06,3.708,0.184,4.926,0.385,6.68,-8.856,39.85,3328.7,3.8697000000000004,38.697,2.6834257238037034,-0.0037212186991239715,,11.613576865714558,Silty clay / clayey silt,,,Silty clay / clayey silt 5,5,39.72,40.18,-41.17,-41.63
-41.53,40.08,3.642,0.17,4.597,0.387,6.658,-8.844,39.87,3329.6,3.80454,38.0454,2.667333538284693,-0.0033118327051365006,,11.33828382743904,Silty clay / clayey silt,,,Silty clay / clayey silt 5,5,39.72,40.18,-41.17,-41.63
-41.550000000000004,40.1,3.561,0.158,4.354,0.391,6.648,-8.877,39.89,3330.4,3.72522,37.2522,2.6572711912575087,-0.0023622765903758888,,11.107531422027744,Silty clay / clayey silt,,,Silty clay / clayey silt 5,5,39.72,40.18,-41.17,-41.63
-41.57,40.12,3.497,0.149,4.193,0.392,6.666,-8.823,39.9,3331.3,3.66164,36.6164,2.651220552871989,-0.002184813362318524,,10.93820845942479,Silty clay / clayey silt,,,Silty clay / clayey silt 5,5,39.72,40.18,-41.17,-41.63
-41.59,40.14,3.461,0.14,4.01,0.389,6.666,-8.815,39.92,3332.1,3.62438,36.2438,2.641000408982447,-0.00309018370038463,,10.725756149916549,Silty clay / clayey silt,,,Silty clay / clayey silt 5,5,39.72,40.18,-41.17,-41.63
-41.61,40.16,3.455,0.132,3.829,0.387,6.643,-8.82,39.94,3332.9,3.61754,36.175399999999996,2.6277900200940376,-0.003704174660128147,,10.489174633142534,Silty clay / clayey silt,,,Silty clay / clayey silt 5,5,39.72,40.18,-41.17,-41.63
-41.63,40.18,3.409,0.123,3.626,0.39,6.67,-8.829,39.96,3333.8,3.5728,35.728,2.615572388001139,-0.0029668607254814214,,10.181901063056323,Silty clay / clayey silt,,,Silty clay / clayey silt 5,5,39.72,40.18,-41.17,-41.63
