elevation_m_nap,depth_m,qc_mpa,fs_mpa,rf_percent,col_5,col_6,col_7,corrected_depth,qt_mpa,qt_over_pa,Isbt,Bqt,peat_boundary_qt_over_pa,organic_clay_boundary_qt_over_pa,soil_type,used_organic_boundary_qt_over_pa,distance_to_used_organic_boundary,layer_id,soil_layer_number,layer_top_depth_m,layer_bottom_depth_m,layer_top_elevation_m_nap,layer_bottom_elevation_m_nap
3.52,0.01,0.01,0.0045,1.69,0.2,0.2,0.01,0.01,0.01,0.1,4.6986461783578735,,,,"Soil, fine grain",,,"Soil, fine grain 1",1,0.01,0.09,3.52,3.44
3.5,0.03,0.14,0.0061,1.73,0.22,0.2,-0.09,0.03,0.14,1.4,3.629603735127745,,,,"Soil, fine grain",,,"Soil, fine grain 1",1,0.01,0.09,3.52,3.44
3.48,0.05,0.36,0.0079,1.83,0.2,0.2,0.0,0.05,0.36,3.6,3.269142754680178,,,,Clay & silt,,,"Soil, fine grain 1",1,0.01,0.09,3.52,3.44
3.46,0.07,0.546,0.0101,1.95,0.2,0.2,0.0,0.07,0.546,5.46,3.122249282104148,,,,Clay & silt,,,"Soil, fine grain 1",1,0.01,0.09,3.52,3.44
3.44,0.09,0.699,0.012,1.74,0.2,0.2,0.0,0.09,0.699,6.99,3.004425769983216,,,,Clay & silt,,,Silty clay / clayey silt 1,1,0.09,0.69,3.44,2.84
3.42,0.11,0.839,0.014,1.59,0.22,0.2,0.09,0.11,0.839,8.39,2.9161100694502866,,,,Silty clay / clayey silt,,,Silty clay / clayey silt 1,1,0.09,0.69,3.44,2.84
3.4,0.13,1.023,0.0169,1.58,0.2,0.2,0.0,0.13,1.023,10.229999999999999,2.839859121148293,,,,Silty clay / clayey silt,,,Silty clay / clayey silt 1,1,0.09,0.69,3.44,2.84
3.38,0.15,1.246,0.0196,1.57,0.22,0.2,0.09,0.15,1.246,12.46,2.764586116044402,,,,Silty clay / clayey silt,,,Silty clay / clayey silt 1,1,0.09,0.69,3.44,2.84
3.36,0.17,1.452,0.0216,1.53,0.22,0.2,0.09,0.17,1.452,14.52,2.7018838087138928,,,,Silty clay / clayey silt,,,Silty clay / clayey silt 1,1,0.09,0.69,3.44,2.84
3.34,0.19,1.655,0.0236,1.51,0.22,0.2,0.09,0.19,1.655,16.55,2.6504805134849487,,,,Silty clay / clayey silt,,,Silty clay / clayey silt 1,1,0.09,0.69,3.44,2.84
3.32,0.21,1.809,0.0258,1.53,0.22,0.2,0.09,0.21,1.809,18.09,2.6207987544318905,,,,Silty clay / clayey silt,,,Silty clay / clayey silt 1,1,0.09,0.69,3.44,2.84
3.3,0.23,1.885,0.0276,1.56,0.2,0.2,0.01,0.23,1.885,18.85,2.6102833909324015,,,,Silty clay / clayey silt,,,Silty clay / clayey silt 1,1,0.09,0.69,3.44,2.84
3.28,0.25,1.899,0.0281,1.55,0.22,0.2,0.09,0.25,1.899,18.99,2.606069517308544,,,,Silty clay / clayey silt,,,Silty clay / clayey silt 1,1,0.09,0.69,3.44,2.84
3.26,0.27,1.882,0.0281,1.55,0.22,0.2,0.09,0.27,1.882,18.82,2.609354425091195,,,,Silty clay / clayey silt,,,Silty clay / clayey silt 1,1,0.09,0.69,3.44,2.84
3.2399999999999998,0.29,1.825,0.0281,1.57,0.22,0.2,0.09,0.29,1.825,18.25,2.623602778712386,,,,Silty clay / clayey silt,,,Silty clay / clayey silt 1,1,0.09,0.69,3.44,2.84
3.2199999999999998,0.31,1.752,0.0272,1.57,0.22,0.2,0.09,0.31,1.752,17.52,2.638545474574458,,,,Silty clay / clayey silt,,,Silty clay / clayey silt 1,1,0.09,0.69,3.44,2.84
3.1999999999999997,0.33,1.669,0.0265,1.58,0.22,0.2,0.09,0.33,1.669,16.69,2.6578262638666357,,,,Silty clay / clayey silt,,,Silty clay / clayey silt 1,1,0.09,0.69,3.44,2.84
3.1799999999999997,0.35,1.592,0.0261,1.62,0.22,0.2,0.09,0.35,1.592,15.92,2.680969124114396,,,,Silty clay / clayey silt,,,Silty clay / clayey silt 1,1,0.09,0.69,3.44,2.84
3.1599999999999997,0.37,1.535,0.025,1.62,0.22,0.2,0.09,0.37,1.535,15.35,2.6943782417400644,,,,Silty clay / clayey silt,,,Silty clay / clayey silt 1,1,0.09,0.69,3.44,2.84
3.1399999999999997,0.39,1.479,0.0241,1.64,0.22,0.2,0.09,0.39,1.479,14.79,2.710889755948684,,,,Silty clay / clayey silt,,,Silty clay / clayey silt 1,1,0.09,0.69,3.44,2.84
3.1199999999999997,0.41,1.409,0.0225,1.6,0.22,0.2,0.09,0.41,1.409,14.09,2.723154770281797,,,,Silty clay / clayey silt,,,Silty clay / clayey silt 1,1,0.09,0.69,3.44,2.84
3.0999999999999996,0.43,1.346,0.0209,1.56,0.2,0.19,0.06,0.43,1.346,13.46,2.7344087408632665,,,,Silty clay / clayey silt,,,Silty clay / clayey silt 1,1,0.09,0.69,3.44,2.84
3.0799999999999996,0.45,1.262,0.0203,1.6,0.22,0.2,0.09,0.45,1.262,12.62,2.7640545408816135,,,,Silty clay / clayey silt,,,Silty clay / clayey silt 1,1,0.09,0.69,3.44,2.84
3.0599999999999996,0.47,1.196,0.0196,1.63,0.22,0.2,0.09,0.47,1.196,11.96,2.7882093614030645,,,,Silty clay / clayey silt,,,Silty clay / clayey silt 1,1,0.09,0.69,3.44,2.84
3.04,0.49,1.129,0.0187,1.63,0.19,0.19,0.01,0.49,1.129,11.29,2.8097206111310427,,,,Silty clay / clayey silt,,,Silty clay / clayey silt 1,1,0.09,0.69,3.44,2.84
3.0199999999999996,0.51,1.073,0.018,1.64,0.22,0.2,0.09,0.51,1.073,10.73,2.830097274786314,,,,Silty clay / clayey silt,,,Silty clay / clayey silt 1,1,0.09,0.69,3.44,2.84
3.0,0.53,1.033,0.0164,1.57,0.22,0.2,0.09,0.53,1.033,10.33,2.8348218738489765,,,,Silty clay / clayey silt,,,Silty clay / clayey silt 1,1,0.09,0.69,3.44,2.84
2.9799999999999995,0.55,0.999,0.015,1.5,0.2,0.2,0.05,0.55,0.999,9.99,2.837625324206106,,,,Silty clay / clayey silt,,,Silty clay / clayey silt 1,1,0.09,0.69,3.44,2.84
2.96,0.57,0.966,0.0145,1.51,0.2,0.2,0.0,0.57,0.966,9.66,2.851749494835743,,,,Silty clay / clayey silt,,,Silty clay / clayey silt 1,1,0.09,0.69,3.44,2.84
2.94,0.59,0.913,0.0144,1.55,0.22,0.2,0.09,0.59,0.913,9.13,2.8786754623043573,,,,Silty clay / clayey silt,,,Silty clay / clayey silt 1,1,0.09,0.69,3.44,2.84
2.92,0.61,0.883,0.0141,1.58,0.2,0.2,0.04,0.61,0.883,8.83,2.895403650659205,,,,Silty clay / clayey silt,,,Silty clay / clayey silt 1,1,0.09,0.69,3.44,2.84
2.9,0.63,0.856,0.0134,1.56,0.22,0.2,0.09,0.63,0.856,8.56,2.9044725038165193,,,,Silty clay / clayey silt,,,Silty clay / clayey silt 1,1,0.09,0.69,3.44,2.84
2.88,0.65,0.843,0.0127,1.53,0.22,0.2,0.09,0.65,0.843,8.43,2.906195338557306,,,,Silty clay / clayey silt,,,Silty clay / clayey silt 1,1,0.09,0.69,3.44,2.84
2.86,0.67,0.813,0.0121,1.52,0.22,0.2,0.09,0.67,0.813,8.13,2.9186130027495505,,,,Silty clay / clayey silt,,,Silty clay / clayey silt 1,1,0.09,0.69,3.44,2.84
2.84,0.69,0.773,0.0117,1.53,0.2,0.2,0.01,0.69,0.773,7.73,2.9392099519150094,,,,Silty clay / clayey silt,,,Clay & silt 1,1,0.69,1.11,2.84,2.42
2.82,0.71,0.729,0.011,1.52,0.2,0.2,0.0,0.71,0.729,7.29,2.9602424202508772,,,,Clay & silt,,,Clay & silt 1,1,0.69,1.11,2.84,2.42
2.8,0.73,0.693,0.0105,1.56,0.22,0.2,0.09,0.73,0.693,6.93,2.984956424145812,,,,Clay & silt,,,Clay & silt 1,1,0.69,1.11,2.84,2.42
2.78,0.75,0.636,0.0099,1.58,0.22,0.2,0.09,0.75,0.636,6.36,3.0204368698008053,,,,Clay & silt,,,Clay & silt 1,1,0.69,1.11,2.84,2.42
2.76,0.77,0.573,0.0094,1.63,0.22,0.2,0.09,0.77,0.573,5.73,3.06680072527792,,,,Clay & silt,,,Clay & silt 1,1,0.69,1.11,2.84,2.42
2.7399999999999998,0.79,0.506,0.0089,1.69,0.2,0.2,0.01,0.79,0.506,5.06,3.121906352358218,,,,Clay & silt,,,Clay & silt 1,1,0.69,1.11,2.84,2.42
2.7199999999999998,0.81,0.463,0.008,1.67,0.2,0.2,0.01,0.81,0.463,4.63,3.1537591528302196,,,,Clay & silt,,,Clay & silt 1,1,0.69,1.11,2.84,2.42
2.6999999999999997,0.83,0.423,0.0051,1.16,0.2,0.2,0.0,0.83,0.423,4.23,3.1202936452054586,,,,Clay & silt,,,Clay & silt 1,1,0.69,1.11,2.84,2.42
2.6799999999999997,0.85,0.396,0.0046,1.14,0.21,0.19,0.09,0.85,0.396,3.96,3.143345501901135,,,,Clay & silt,,,Clay & silt 1,1,0.69,1.11,2.84,2.42
2.6599999999999997,0.87,0.366,0.0064,1.69,0.22,0.2,0.09,0.87,0.366,3.66,3.247187723301056,,,,Clay & silt,,,Clay & silt 1,1,0.69,1.11,2.84,2.42
2.6399999999999997,0.89,0.34,0.006,1.65,0.22,0.2,0.09,0.89,0.34,3.4,3.271278992207777,,,,Clay & silt,,,Clay & silt 1,1,0.69,1.11,2.84,2.42
2.6199999999999997,0.91,0.326,0.0059,1.66,0.22,0.2,0.09,0.91,0.326,3.26,3.2888407480123423,,,,Clay & silt,,,Clay & silt 1,1,0.69,1.11,2.84,2.42
2.5999999999999996,0.93,0.336,0.0063,1.74,0.2,0.2,0.01,0.93,0.336,3.36,3.2860831633567362,,,,Clay & silt,,,Clay & silt 1,1,0.69,1.11,2.84,2.42
2.58,0.95,0.363,0.0068,1.82,0.21,0.2,0.08,0.95,0.363,3.63,3.264851415384899,,,,Clay & silt,,,Clay & silt 1,1,0.69,1.11,2.84,2.42
2.5599999999999996,0.97,0.37,0.0077,1.93,0.2,0.2,0.01,0.97,0.37,3.7,3.269118542499567,,,,Clay & silt,,,Clay & silt 1,1,0.69,1.11,2.84,2.42
2.54,0.99,0.41,0.0087,1.99,0.19,0.19,0.01,0.99,0.41,4.1,3.235830458652088,,,,Clay & silt,,,Clay & silt 1,1,0.69,1.11,2.84,2.42
2.5199999999999996,1.01,0.46,0.0096,1.99,0.2,0.2,0.0,1.01,0.46,4.6,3.191789977317488,,,,Clay & silt,,,Clay & silt 1,1,0.69,1.11,2.84,2.42
2.5,1.03,0.52,0.0077,1.35,0.2,0.2,0.0,1.03,0.52,5.2,3.067229836449925,,,,Clay & silt,,,Clay & silt 1,1,0.69,1.11,2.84,2.42
2.4799999999999995,1.05,0.583,0.0085,1.21,0.2,0.2,0.01,1.05,0.583,5.83,3.001775855527819,,,,Clay & silt,,,Clay & silt 1,1,0.69,1.11,2.84,2.42
2.46,1.07,0.696,0.0129,1.43,0.2,0.2,0.0,1.07,0.696,6.96,2.9655912435347336,,,,Clay & silt,,,Clay & silt 1,1,0.69,1.11,2.84,2.42
2.4399999999999995,1.09,0.943,0.0142,1.26,0.22,0.2,-0.09,1.09,0.943,9.43,2.8232676578919618,,,,Silty clay / clayey silt,,,Clay & silt 1,1,0.69,1.11,2.84,2.42
2.42,1.11,1.339,0.0156,1.14,0.21,0.2,-0.08,1.11,1.339,13.39,2.6685507796620236,,,,Silty clay / clayey silt,,,Sand mixtures 1,1,1.11,3.29,2.42,0.23999999999999977
2.4,1.13,1.735,0.0169,1.03,0.21,0.2,-0.08,1.13,1.735,17.35,2.5487079935611114,,,,Sand mixtures,,,Sand mixtures 1,1,1.11,3.29,2.42,0.23999999999999977
2.38,1.15,2.035,0.0185,0.96,0.2,0.2,0.0,1.15,2.035,20.35,2.4733095059289196,,,,Sand mixtures,,,Sand mixtures 1,1,1.11,3.29,2.42,0.23999999999999977
2.36,1.17,2.268,0.0185,0.85,0.21,0.2,-0.08,1.17,2.268,22.68,2.4065887014339427,,,,Sand mixtures,,,Sand mixtures 1,1,1.11,3.29,2.42,0.23999999999999977
2.34,1.19,2.458,0.0171,0.71,0.22,0.2,-0.08,1.19,2.458,24.58,2.3391396224922434,,,,Sand mixtures,,,Sand mixtures 1,1,1.11,3.29,2.42,0.23999999999999977
2.32,1.21,2.668,0.0201,0.77,0.2,0.2,0.0,1.21,2.668,26.68,2.3241123264214627,,,,Sand mixtures,,,Sand mixtures 1,1,1.11,3.29,2.42,0.23999999999999977
2.3,1.23,2.791,0.0234,0.84,0.21,0.19,-0.08,1.23,2.791,27.91,2.3252791927170433,,,,Sand mixtures,,,Sand mixtures 1,1,1.11,3.29,2.42,0.23999999999999977
2.28,1.25,2.961,0.0204,0.7,0.2,0.2,-0.0,1.25,2.961,29.61,2.2646594168441383,,,,Sand mixtures,,,Sand mixtures 1,1,1.11,3.29,2.42,0.23999999999999977
2.26,1.27,3.071,0.0212,0.69,0.2,0.2,0.0,1.27,3.071,30.71,2.247741249174189,,,,Sand mixtures,,,Sand mixtures 1,1,1.11,3.29,2.42,0.23999999999999977
2.2399999999999998,1.29,3.168,0.0298,0.93,0.21,0.19,-0.09,1.29,3.168,31.68,2.300064945649403,,,,Sand mixtures,,,Sand mixtures 1,1,1.11,3.29,2.42,0.23999999999999977
2.2199999999999998,1.31,3.314,0.033,0.98,0.19,0.19,0.01,1.31,3.314,33.14,2.2952546622916663,,,,Sand mixtures,,,Sand mixtures 1,1,1.11,3.29,2.42,0.23999999999999977
2.1999999999999997,1.33,3.454,0.0308,0.88,0.2,0.2,0.0,1.33,3.454,34.54,2.2555262139976175,,,,Sand mixtures,,,Sand mixtures 1,1,1.11,3.29,2.42,0.23999999999999977
2.1799999999999997,1.35,3.684,0.0299,0.83,0.21,0.2,-0.08,1.35,3.684,36.84,2.2184449246989555,,,,Sand mixtures,,,Sand mixtures 1,1,1.11,3.29,2.42,0.23999999999999977
2.1599999999999997,1.37,3.98,0.0302,0.82,0.22,0.2,-0.08,1.37,3.98,39.8,2.1869776349962415,,,,Sand mixtures,,,Sand mixtures 1,1,1.11,3.29,2.42,0.23999999999999977
2.1399999999999997,1.39,3.88,0.0283,0.75,0.19,0.19,0.01,1.39,3.88,38.8,2.176684002608531,,,,Sand mixtures,,,Sand mixtures 1,1,1.11,3.29,2.42,0.23999999999999977
2.12,1.41,3.784,0.0264,0.69,0.2,0.2,0.01,1.41,3.784,37.84,2.1681813420501106,,,,Sand mixtures,,,Sand mixtures 1,1,1.11,3.29,2.42,0.23999999999999977
2.0999999999999996,1.43,3.797,0.0273,0.71,0.2,0.19,-0.04,1.43,3.797,37.97,2.1729724585101042,,,,Sand mixtures,,,Sand mixtures 1,1,1.11,3.29,2.42,0.23999999999999977
2.08,1.45,3.82,0.0272,0.72,0.67,0.2,-0.64,1.45,3.82,38.2,2.173695023117796,,,,Sand mixtures,,,Sand mixtures 1,1,1.11,3.29,2.42,0.23999999999999977
2.0599999999999996,1.47,3.81,0.0245,0.65,0.41,0.2,-0.36,1.47,3.81,38.1,2.153024488912602,,,,Sand mixtures,,,Sand mixtures 1,1,1.11,3.29,2.42,0.23999999999999977
2.04,1.49,3.75,0.0238,0.64,0.41,0.2,-0.36,1.49,3.75,37.5,2.1558624197197123,,,,Sand mixtures,,,Sand mixtures 1,1,1.11,3.29,2.42,0.23999999999999977
2.0199999999999996,1.51,3.75,0.0278,0.76,0.67,0.2,-0.64,1.51,3.75,37.5,2.192370406364833,,,,Sand mixtures,,,Sand mixtures 1,1,1.11,3.29,2.42,0.23999999999999977
1.9999999999999998,1.53,3.637,0.0321,0.9,0.51,0.2,-0.47,1.53,3.637,36.37,2.2414518985340335,,,,Sand mixtures,,,Sand mixtures 1,1,1.11,3.29,2.42,0.23999999999999977
1.9799999999999998,1.55,3.497,0.0353,1.05,0.19,0.19,0.01,1.55,3.497,34.97,2.291549561565319,,,,Sand mixtures,,,Sand mixtures 1,1,1.11,3.29,2.42,0.23999999999999977
1.9599999999999997,1.57,3.371,0.0379,1.21,0.2,0.2,0.0,1.57,3.371,33.71,2.3387070753985975,,,,Sand mixtures,,,Sand mixtures 1,1,1.11,3.29,2.42,0.23999999999999977
1.9399999999999997,1.59,3.071,0.0391,1.36,0.2,0.2,0.01,1.59,3.071,30.71,2.4006763427742754,,,,Sand mixtures,,,Sand mixtures 1,1,1.11,3.29,2.42,0.23999999999999977
1.9199999999999997,1.61,2.518,0.038,1.43,0.22,0.2,0.09,1.61,2.518,25.18,2.4843670473204176,,,,Sand mixtures,,,Sand mixtures 1,1,1.11,3.29,2.42,0.23999999999999977
1.9,1.63,2.098,0.0361,1.44,0.2,0.2,0.0,1.63,2.098,20.98,2.552375920353342,,,,Sand mixtures,,,Sand mixtures 1,1,1.11,3.29,2.42,0.23999999999999977
1.88,1.65,1.978,0.0314,1.3,0.22,0.2,0.09,1.65,1.978,19.78,2.550430752119728,,,,Sand mixtures,,,Sand mixtures 1,1,1.11,3.29,2.42,0.23999999999999977
1.8599999999999999,1.67,2.142,0.0245,1.02,0.2,0.2,0.0,1.67,2.142,21.42,2.466891107644715,,,,Sand mixtures,,,Sand mixtures 1,1,1.11,3.29,2.42,0.23999999999999977
1.8399999999999999,1.69,2.438,0.0194,0.79,0.22,0.2,-0.09,1.69,2.438,24.38,2.3638610189221754,,,,Sand mixtures,,,Sand mixtures 1,1,1.11,3.29,2.42,0.23999999999999977
1.8199999999999998,1.71,2.718,0.0169,0.65,0.21,0.19,-0.08,1.71,2.718,27.18,2.282803165934212,,,,Sand mixtures,,,Sand mixtures 1,1,1.11,3.29,2.42,0.23999999999999977
1.7999999999999998,1.73,2.891,0.0162,0.6,0.2,0.2,0.0,1.73,2.891,28.91,2.2432551545962256,,,,Sand mixtures,,,Sand mixtures 1,1,1.11,3.29,2.42,0.23999999999999977
1.7799999999999998,1.75,2.958,0.0168,0.6,0.21,0.19,-0.08,1.75,2.958,29.58,2.234348727558348,,,,Sand mixtures,,,Sand mixtures 1,1,1.11,3.29,2.42,0.23999999999999977
1.7599999999999998,1.77,2.954,0.0162,0.56,0.21,0.2,-0.08,1.77,2.954,29.54,2.2216539470037358,,,,Sand mixtures,,,Sand mixtures 1,1,1.11,3.29,2.42,0.23999999999999977
1.7399999999999998,1.79,2.908,0.0153,0.54,0.2,0.2,0.0,1.79,2.908,29.08,2.2209721512628366,,,,Sand mixtures,,,Sand mixtures 1,1,1.11,3.29,2.42,0.23999999999999977
1.7199999999999998,1.81,2.861,0.0173,0.61,0.2,0.2,0.0,1.81,2.861,28.61,2.250510700729922,,,,Sand mixtures,,,Sand mixtures 1,1,1.11,3.29,2.42,0.23999999999999977
1.6999999999999997,1.83,2.791,0.0184,0.67,0.21,0.2,-0.08,1.83,2.791,27.91,2.2785567213519413,,,,Sand mixtures,,,Sand mixtures 1,1,1.11,3.29,2.42,0.23999999999999977
1.6799999999999997,1.85,2.698,0.0146,0.55,0.19,0.19,0.0,1.85,2.698,26.98,2.253807100009291,,,,Sand mixtures,,,Sand mixtures 1,1,1.11,3.29,2.42,0.23999999999999977
1.6599999999999997,1.87,2.585,0.011,0.43,0.19,0.19,0.0,1.87,2.585,25.85,2.2275271050094134,,,,Sand mixtures,,,Sand mixtures 1,1,1.11,3.29,2.42,0.23999999999999977
1.64,1.89,2.481,0.0116,0.46,0.2,0.2,0.0,1.89,2.481,24.81,2.2553127182212216,,,,Sand mixtures,,,Sand mixtures 1,1,1.11,3.29,2.42,0.23999999999999977
1.6199999999999999,1.91,2.391,0.0128,0.53,0.27,0.2,-0.18,1.91,2.391,23.91,2.294710506218682,,,,Sand mixtures,,,Sand mixtures 1,1,1.11,3.29,2.42,0.23999999999999977
1.5999999999999999,1.93,2.312,0.0137,0.6,0.21,0.19,-0.09,1.93,2.312,23.12,2.3305778639405936,,,,Sand mixtures,,,Sand mixtures 1,1,1.11,3.29,2.42,0.23999999999999977
1.5799999999999998,1.95,2.255,0.0142,0.64,0.27,0.2,-0.18,1.95,2.255,22.55,2.352469741316852,,,,Sand mixtures,,,Sand mixtures 1,1,1.11,3.29,2.42,0.23999999999999977
1.5599999999999998,1.97,2.018,0.0147,0.69,0.21,0.2,-0.08,1.97,2.018,20.179999999999996,2.410130239663346,,,,Sand mixtures,,,Sand mixtures 1,1,1.11,3.29,2.42,0.23999999999999977
1.5399999999999998,1.99,2.058,0.0152,0.74,0.22,0.19,-0.11,1.99,2.058,20.58,2.4160202005784983,,,,Sand mixtures,,,Sand mixtures 1,1,1.11,3.29,2.42,0.23999999999999977
1.52,2.01,1.968,0.0159,0.78,0.33,0.19,-0.27,2.01,1.968,19.68,2.4436900778249617,,,,Sand mixtures,,,Sand mixtures 1,1,1.11,3.29,2.42,0.23999999999999977
1.5,2.03,1.915,0.0165,0.82,0.33,0.2,-0.27,2.03,1.915,19.15,2.46417111956175,,,,Sand mixtures,,,Sand mixtures 1,1,1.11,3.29,2.42,0.23999999999999977
1.48,2.05,1.932,0.017,0.83,0.27,0.2,-0.18,2.05,1.932,19.32,2.463193819279899,,,,Sand mixtures,,,Sand mixtures 1,1,1.11,3.29,2.42,0.23999999999999977
1.46,2.07,2.015,0.0176,0.85,0.27,0.2,-0.18,2.07,2.015,20.150000000000002,2.4518418431407936,,,,Sand mixtures,,,Sand mixtures 1,1,1.11,3.29,2.42,0.23999999999999977
1.44,2.09,2.138,0.0188,0.9,0.2,0.2,0.0,2.09,2.138,21.38,2.4409859711391744,,,,Sand mixtures,,,Sand mixtures 1,1,1.11,3.29,2.42,0.23999999999999977
1.42,2.11,2.248,0.0202,0.95,0.27,0.2,-0.18,2.11,2.248,22.48,2.4333780471067796,,,,Sand mixtures,,,Sand mixtures 1,1,1.11,3.29,2.42,0.23999999999999977
1.4,2.13,2.252,0.0212,0.99,0.22,0.2,-0.08,2.13,2.252,22.52,2.441574403034141,,,,Sand mixtures,,,Sand mixtures 1,1,1.11,3.29,2.42,0.23999999999999977
1.38,2.15,2.175,0.0219,1.02,0.21,0.2,-0.08,2.15,2.175,21.75,2.4611355883633084,,,,Sand mixtures,,,Sand mixtures 1,1,1.11,3.29,2.42,0.23999999999999977
1.3599999999999999,2.17,2.122,0.022,1.03,0.21,0.19,-0.08,2.17,2.122,21.22,2.472534729914496,,,,Sand mixtures,,,Sand mixtures 1,1,1.11,3.29,2.42,0.23999999999999977
1.3399999999999999,2.19,2.078,0.0216,1.03,0.2,0.2,-0.05,2.19,2.078,20.78,2.480426844362577,,,,Sand mixtures,,,Sand mixtures 1,1,1.11,3.29,2.42,0.23999999999999977
1.3199999999999998,2.21,2.045,0.0202,0.97,0.21,0.19,-0.09,2.21,2.045,20.45,2.473641726277807,,,,Sand mixtures,,,Sand mixtures 1,1,1.11,3.29,2.42,0.23999999999999977
1.2999999999999998,2.23,2.028,0.0199,0.96,0.2,0.2,0.0,2.23,2.028,20.28,2.474617378071002,,,,Sand mixtures,,,Sand mixtures 1,1,1.11,3.29,2.42,0.23999999999999977
1.2799999999999998,2.25,2.038,0.0204,0.98,0.21,0.2,-0.08,2.25,2.038,20.38,2.477116707705004,,,,Sand mixtures,,,Sand mixtures 1,1,1.11,3.29,2.42,0.23999999999999977
1.2599999999999998,2.27,2.085,0.0183,0.87,0.19,0.19,0.0,2.27,2.085,20.85,2.4435281134644553,,,,Sand mixtures,,,Sand mixtures 1,1,1.11,3.29,2.42,0.23999999999999977
1.2399999999999998,2.29,2.135,0.0183,0.84,0.22,0.2,-0.09,2.29,2.135,21.35,2.427252051887956,,,,Sand mixtures,,,Sand mixtures 1,1,1.11,3.29,2.42,0.23999999999999977
1.2199999999999998,2.31,2.192,0.0202,0.9,0.26,0.19,-0.18,2.31,2.192,21.92,2.4314944859690346,,,,Sand mixtures,,,Sand mixtures 1,1,1.11,3.29,2.42,0.23999999999999977
1.1999999999999997,2.33,2.278,0.0208,0.89,0.27,0.2,-0.18,2.33,2.278,22.78,2.4145190565850334,,,,Sand mixtures,,,Sand mixtures 1,1,1.11,3.29,2.42,0.23999999999999977
1.1799999999999997,2.35,2.418,0.0209,0.86,0.33,0.2,-0.27,2.35,2.418,24.18,2.3846449002809615,,,,Sand mixtures,,,Sand mixtures 1,1,1.11,3.29,2.42,0.23999999999999977
1.1599999999999997,2.37,2.588,0.0212,0.83,0.27,0.2,-0.18,2.37,2.588,25.88,2.3513602205560376,,,,Sand mixtures,,,Sand mixtures 1,1,1.11,3.29,2.42,0.23999999999999977
1.1399999999999997,2.39,2.718,0.0224,0.85,0.25,0.2,-0.15,2.39,2.718,27.18,2.3378289413167614,,,,Sand mixtures,,,Sand mixtures 1,1,1.11,3.29,2.42,0.23999999999999977
1.1199999999999997,2.41,2.781,0.0228,0.84,0.22,0.2,-0.09,2.41,2.781,27.81,2.3266363527696456,,,,Sand mixtures,,,Sand mixtures 1,1,1.11,3.29,2.42,0.23999999999999977
1.0999999999999996,2.43,2.831,0.0239,0.85,0.27,0.2,-0.18,2.43,2.831,28.31,2.3224406467439245,,,,Sand mixtures,,,Sand mixtures 1,1,1.11,3.29,2.42,0.23999999999999977
1.0799999999999996,2.45,2.874,0.0245,0.86,0.27,0.2,-0.18,2.45,2.874,28.74,2.31927837340385,,,,Sand mixtures,,,Sand mixtures 1,1,1.11,3.29,2.42,0.23999999999999977
1.0599999999999996,2.47,2.908,0.0246,0.85,0.27,0.2,-0.18,2.47,2.908,29.08,2.312320758399565,,,,Sand mixtures,,,Sand mixtures 1,1,1.11,3.29,2.42,0.23999999999999977
1.0399999999999996,2.49,2.928,0.0253,0.86,0.22,0.2,-0.09,2.49,2.928,29.28,2.312270343606681,,,,Sand mixtures,,,Sand mixtures 1,1,1.11,3.29,2.42,0.23999999999999977
1.02,2.51,2.994,0.025,0.84,0.27,0.2,-0.18,2.51,2.994,29.94,2.2987838057189,,,,Sand mixtures,,,Sand mixtures 1,1,1.11,3.29,2.42,0.23999999999999977
1.0,2.53,3.081,0.0247,0.83,0.41,0.19,-0.36,2.53,3.081,30.81,2.2854061973420228,,,,Sand mixtures,,,Sand mixtures 1,1,1.11,3.29,2.42,0.23999999999999977
0.98,2.55,3.028,0.0239,0.8,0.34,0.2,-0.27,2.55,3.028,30.28,2.284038548059852,,,,Sand mixtures,,,Sand mixtures 1,1,1.11,3.29,2.42,0.23999999999999977
0.96,2.57,2.941,0.0232,0.77,0.27,0.2,-0.19,2.57,2.941,29.41,2.2869945106658394,,,,Sand mixtures,,,Sand mixtures 1,1,1.11,3.29,2.42,0.23999999999999977
0.94,2.59,2.898,0.0231,0.76,0.21,0.2,-0.08,2.59,2.898,28.98,2.289860143325396,,,,Sand mixtures,,,Sand mixtures 1,1,1.11,3.29,2.42,0.23999999999999977
0.9199999999999999,2.61,2.961,0.0231,0.75,0.21,0.19,-0.08,2.61,2.961,29.61,2.278904914655205,,,,Sand mixtures,,,Sand mixtures 1,1,1.11,3.29,2.42,0.23999999999999977
0.8999999999999999,2.63,3.094,0.0227,0.72,0.21,0.19,-0.08,2.63,3.094,30.94,2.253660390012169,,,,Sand mixtures,,,Sand mixtures 1,1,1.11,3.29,2.42,0.23999999999999977
0.8799999999999999,2.65,3.237,0.0233,0.72,0.21,0.19,-0.09,2.65,3.237,32.37,2.2364449348400828,,,,Sand mixtures,,,Sand mixtures 1,1,1.11,3.29,2.42,0.23999999999999977
0.8599999999999999,2.67,3.377,0.0247,0.74,0.41,0.2,-0.36,2.67,3.377,33.77,2.226146307362919,,,,Sand mixtures,,,Sand mixtures 1,1,1.11,3.29,2.42,0.23999999999999977
0.8399999999999999,2.69,3.477,0.0247,0.72,0.33,0.2,-0.27,2.69,3.477,34.77,2.20927514201131,,,,Sand mixtures,,,Sand mixtures 1,1,1.11,3.29,2.42,0.23999999999999977
0.8199999999999998,2.71,3.554,0.0226,0.64,0.27,0.2,-0.18,2.71,3.554,35.54,2.1763940239717536,,,,Sand mixtures,,,Sand mixtures 1,1,1.11,3.29,2.42,0.23999999999999977
0.7999999999999998,2.73,3.61,0.022,0.61,0.84,0.2,-0.82,2.73,3.61,36.1,2.160628792718801,,,,Sand mixtures,,,Sand mixtures 1,1,1.11,3.29,2.42,0.23999999999999977
0.7799999999999998,2.75,3.667,0.0221,0.6,0.22,0.2,-0.09,2.75,3.667,36.67,2.1512686551283218,,,,Sand mixtures,,,Sand mixtures 1,1,1.11,3.29,2.42,0.23999999999999977
0.7599999999999998,2.77,3.69,0.0209,0.56,0.32,0.2,-0.25,2.77,3.69,36.9,2.135110467102803,,,,Sand mixtures,,,Sand mixtures 1,1,1.11,3.29,2.42,0.23999999999999977
0.7399999999999998,2.79,3.794,0.023,0.61,0.22,0.2,-0.08,2.79,3.794,37.94,2.141541733801407,,,,Sand mixtures,,,Sand mixtures 1,1,1.11,3.29,2.42,0.23999999999999977
0.7199999999999998,2.81,3.82,0.0234,0.61,0.67,0.2,-0.64,2.81,3.82,38.2,2.1389232858667517,,,,Sand mixtures,,,Sand mixtures 1,1,1.11,3.29,2.42,0.23999999999999977
0.6999999999999997,2.83,3.967,0.0215,0.55,0.41,0.2,-0.36,2.83,3.967,39.67,2.1035565669662124,,,,Sand mixtures,,,Sand mixtures 1,1,1.11,3.29,2.42,0.23999999999999977
0.6799999999999997,2.85,4.0,0.021,0.54,0.33,0.2,-0.27,2.85,4.0,40.0,2.096724528818086,,,,Sand mixtures,,,Sand mixtures 1,1,1.11,3.29,2.42,0.23999999999999977
0.6599999999999997,2.87,4.017,0.0201,0.52,0.22,0.2,-0.09,2.87,4.017,40.17,2.087684035698395,,,,Sand mixtures,,,Sand mixtures 1,1,1.11,3.29,2.42,0.23999999999999977
0.6399999999999997,2.89,3.94,0.0203,0.54,0.21,0.19,-0.08,2.89,3.94,39.4,2.1025742051447147,,,,Sand mixtures,,,Sand mixtures 1,1,1.11,3.29,2.42,0.23999999999999977
0.6199999999999997,2.91,3.784,0.0219,0.61,0.22,0.2,-0.09,2.91,3.784,37.84,2.1425538528172123,,,,Sand mixtures,,,Sand mixtures 1,1,1.11,3.29,2.42,0.23999999999999977
0.5999999999999996,2.93,3.534,0.0245,0.72,0.21,0.19,-0.09,2.93,3.534,35.34,2.2031125207934372,,,,Sand mixtures,,,Sand mixtures 1,1,1.11,3.29,2.42,0.23999999999999977
0.5799999999999996,2.95,3.274,0.0262,0.82,0.22,0.19,-0.09,2.95,3.274,32.74,2.259922839058917,,,,Sand mixtures,,,Sand mixtures 1,1,1.11,3.29,2.42,0.23999999999999977
0.5599999999999996,2.97,2.601,0.0242,0.82,0.21,0.19,-0.08,2.97,2.601,26.01,2.346909036164569,,,,Sand mixtures,,,Sand mixtures 1,1,1.11,3.29,2.42,0.23999999999999977
0.5399999999999996,2.99,2.648,0.022,0.81,0.21,0.2,-0.08,2.99,2.648,26.48,2.3375250226035855,,,,Sand mixtures,,,Sand mixtures 1,1,1.11,3.29,2.42,0.23999999999999977
0.52,3.01,2.501,0.0215,0.86,0.26,0.19,-0.18,3.01,2.501,25.01,2.371830421492735,,,,Sand mixtures,,,Sand mixtures 1,1,1.11,3.29,2.42,0.23999999999999977
0.5,3.03,2.335,0.0216,0.93,0.21,0.19,-0.09,3.03,2.335,23.35,2.414475043809284,,,,Sand mixtures,,,Sand mixtures 1,1,1.11,3.29,2.42,0.23999999999999977
0.48,3.05,2.168,0.0215,0.98,0.26,0.2,-0.17,3.05,2.168,21.68,2.453726067029025,,,,Sand mixtures,,,Sand mixtures 1,1,1.11,3.29,2.42,0.23999999999999977
0.45999999999999996,3.07,2.022,0.0213,1.03,0.25,0.19,-0.15,3.07,2.022,20.22,2.490728979211099,,,,Sand mixtures,,,Sand mixtures 1,1,1.11,3.29,2.42,0.23999999999999977
0.43999999999999995,3.09,1.899,0.0173,0.88,0.21,0.2,-0.08,3.09,1.899,18.99,2.481649194370326,,,,Sand mixtures,,,Sand mixtures 1,1,1.11,3.29,2.42,0.23999999999999977
0.41999999999999993,3.11,1.822,0.0162,0.85,0.21,0.2,-0.08,3.11,1.822,18.22,2.490550212392294,,,,Sand mixtures,,,Sand mixtures 1,1,1.11,3.29,2.42,0.23999999999999977
0.3999999999999999,3.13,1.789,0.019,1.0,0.21,0.2,-0.08,3.13,1.789,17.89,2.5308529988442126,,,,Sand mixtures,,,Sand mixtures 1,1,1.11,3.29,2.42,0.23999999999999977
0.3799999999999999,3.15,1.799,0.0185,0.95,0.21,0.19,-0.08,3.15,1.799,17.99,2.5180605199272867,,,,Sand mixtures,,,Sand mixtures 1,1,1.11,3.29,2.42,0.23999999999999977
0.3599999999999999,3.17,1.872,0.0178,0.87,0.22,0.2,-0.09,3.17,1.872,18.72,2.4848228304534037,,,,Sand mixtures,,,Sand mixtures 1,1,1.11,3.29,2.42,0.23999999999999977
0.33999999999999986,3.19,2.082,0.0176,0.79,0.26,0.19,-0.18,3.19,2.082,20.82,2.4244845854597434,,,,Sand mixtures,,,Sand mixtures 1,1,1.11,3.29,2.42,0.23999999999999977
0.31999999999999984,3.21,2.365,0.0184,0.73,0.21,0.2,-0.08,3.21,2.365,23.65,2.3595576465986277,,,,Sand mixtures,,,Sand mixtures 1,1,1.11,3.29,2.42,0.23999999999999977
0.2999999999999998,3.23,2.611,0.0196,0.68,0.21,0.19,-0.08,3.23,2.611,26.11,2.307244467523879,,,,Sand mixtures,,,Sand mixtures 1,1,1.11,3.29,2.42,0.23999999999999977
0.2799999999999998,3.25,3.058,0.0217,0.65,0.21,0.2,-0.08,3.25,3.058,30.58,2.237274769412105,,,,Sand mixtures,,,Sand mixtures 1,1,1.11,3.29,2.42,0.23999999999999977
0.2599999999999998,3.27,3.817,0.0244,0.63,0.21,0.2,-0.08,3.27,3.817,38.17,2.145844439139899,,,,Sand mixtures,,,Sand mixtures 1,1,1.11,3.29,2.42,0.23999999999999977
0.23999999999999977,3.29,4.456,0.0272,0.61,0.21,0.2,-0.08,3.29,4.456,44.56,2.080127093886427,,,,Sand mixtures,,,Sand 1,1,3.29,11.01,0.23999999999999977,-7.48
0.21999999999999975,3.31,5.093,0.0305,0.61,0.22,0.2,-0.08,3.31,5.093,50.93,2.0295196218954166,,,,Sand,,,Sand 1,1,3.29,11.01,0.23999999999999977,-7.48
0.19999999999999973,3.33,5.679,0.0346,0.61,0.21,0.2,-0.08,3.33,5.679,56.79,1.9885701138641618,,,,Sand,,,Sand 1,1,3.29,11.01,0.23999999999999977,-7.48
0.17999999999999972,3.35,6.258,0.0392,0.63,0.22,0.2,-0.09,3.35,6.258,62.58,1.9595594133823406,,,,Sand,,,Sand 1,1,3.29,11.01,0.23999999999999977,-7.48
0.1599999999999997,3.37,6.871,0.0446,0.65,0.21,0.19,-0.08,3.37,6.871,68.71,1.9322354542846345,,,,Sand,,,Sand 1,1,3.29,11.01,0.23999999999999977,-7.48
0.13999999999999968,3.39,7.504,0.0502,0.68,0.21,0.19,-0.09,3.39,7.504,75.04,1.9107239424205806,,,,Sand,,,Sand 1,1,3.29,11.01,0.23999999999999977,-7.48
0.11999999999999966,3.41,8.037,0.0545,0.69,0.21,0.2,-0.08,3.41,8.037,80.37,1.8894687837905453,,,,Sand,,,Sand 1,1,3.29,11.01,0.23999999999999977,-7.48
0.09999999999999964,3.43,8.467,0.0581,0.69,0.21,0.19,-0.09,3.43,8.467,84.67,1.87076441802736,,,,Sand,,,Sand 1,1,3.29,11.01,0.23999999999999977,-7.48
0.07999999999999963,3.45,8.853,0.0611,0.69,0.22,0.2,-0.09,3.45,8.853,88.53,1.8548355320960184,,,,Sand,,,Sand 1,1,3.29,11.01,0.23999999999999977,-7.48
0.05999999999999961,3.47,9.279,0.0635,0.68,0.22,0.2,-0.09,3.47,9.279,92.79,1.8344693323370946,,,,Sand,,,Sand 1,1,3.29,11.01,0.23999999999999977,-7.48
0.03999999999999959,3.49,9.809,0.0669,0.68,0.22,0.2,-0.09,3.49,9.809,98.09,1.8147640168539032,,,,Sand,,,Sand 1,1,3.29,11.01,0.23999999999999977,-7.48
0.020000000000000018,3.51,10.345,0.0713,0.7,0.21,0.19,-0.09,3.51,10.345,103.45,1.8033976730106016,,,,Sand,,,Sand 1,1,3.29,11.01,0.23999999999999977,-7.48
0.0,3.53,10.761,0.0734,0.69,0.22,0.2,-0.09,3.53,10.761,107.61,1.7858973236943914,,,,Sand,,,Sand 1,1,3.29,11.01,0.23999999999999977,-7.48
-0.020000000000000018,3.55,11.088,0.0766,0.7,0.21,0.19,-0.09,3.55,11.088,110.88,1.7791787957297454,,,,Sand,,,Sand 1,1,3.29,11.01,0.23999999999999977,-7.48
-0.040000000000000036,3.57,11.401,0.0817,0.72,0.22,0.2,-0.08,3.57,11.401,114.01,1.7769005449519326,,,,Sand,,,Sand 1,1,3.29,11.01,0.23999999999999977,-7.48
-0.06000000000000005,3.59,11.661,0.0849,0.74,0.22,0.2,-0.09,3.59,11.661,116.61,1.7763941475127336,,,,Sand,,,Sand 1,1,3.29,11.01,0.23999999999999977,-7.48
-0.08000000000000007,3.61,11.817,0.0877,0.75,0.27,0.2,-0.18,3.61,11.817,118.17,1.775428172957265,,,,Sand,,,Sand 1,1,3.29,11.01,0.23999999999999977,-7.48
-0.10000000000000009,3.63,11.927,0.0908,0.76,0.22,0.2,-0.08,3.63,11.927,119.27,1.7758225721801175,,,,Sand,,,Sand 1,1,3.29,11.01,0.23999999999999977,-7.48
-0.1200000000000001,3.65,12.08,0.0924,0.77,0.21,0.19,-0.08,3.65,12.08,120.8,1.7750154702980618,,,,Sand,,,Sand 1,1,3.29,11.01,0.23999999999999977,-7.48
-0.14000000000000012,3.67,12.187,0.0919,0.75,0.21,0.2,-0.08,3.67,12.187,121.87,1.764908158521778,,,,Sand,,,Sand 1,1,3.29,11.01,0.23999999999999977,-7.48
-0.16000000000000014,3.69,12.34,0.092,0.74,0.21,0.19,-0.09,3.69,12.34,123.4,1.7570422954922842,,,,Sand,,,Sand 1,1,3.29,11.01,0.23999999999999977,-7.48
-0.18000000000000016,3.71,12.477,0.089,0.71,0.22,0.2,-0.09,3.71,12.477,124.77,1.7421732694271255,,,,Sand,,,Sand 1,1,3.29,11.01,0.23999999999999977,-7.48
-0.20000000000000018,3.73,12.66,0.0899,0.71,0.21,0.2,-0.08,3.73,12.66,126.6,1.7371908412885446,,,,Sand,,,Sand 1,1,3.29,11.01,0.23999999999999977,-7.48
-0.2200000000000002,3.75,12.853,0.0954,0.74,0.21,0.19,-0.09,3.75,12.853,128.53,1.7431966239528947,,,,Sand,,,Sand 1,1,3.29,11.01,0.23999999999999977,-7.48
-0.2400000000000002,3.77,13.08,0.0922,0.7,0.22,0.2,-0.09,3.77,13.08,130.8,1.722238204626407,,,,Sand,,,Sand 1,1,3.29,11.01,0.23999999999999977,-7.48
-0.26000000000000023,3.79,13.369,0.0927,0.69,0.22,0.2,-0.08,3.79,13.369,133.69,1.7109153985341188,,,,Sand,,,Sand 1,1,3.29,11.01,0.23999999999999977,-7.48
-0.28000000000000025,3.81,13.672,0.0977,0.71,0.22,0.2,-0.09,3.81,13.672,136.72,1.711022667668137,,,,Sand,,,Sand 1,1,3.29,11.01,0.23999999999999977,-7.48
-0.30000000000000027,3.83,14.105,0.0991,0.7,0.22,0.2,-0.09,3.83,14.105,141.05,1.696611113060529,,,,Sand,,,Sand 1,1,3.29,11.01,0.23999999999999977,-7.48
-0.3200000000000003,3.85,14.372,0.1024,0.7,0.22,0.2,-0.09,3.85,14.372,143.72,1.6902795368637222,,,,Sand,,,Sand 1,1,3.29,11.01,0.23999999999999977,-7.48
-0.3400000000000003,3.87,15.001,0.0951,0.64,0.21,0.19,-0.09,3.87,15.001,150.01,1.6514146200282716,,,,Sand,,,Sand 1,1,3.29,11.01,0.23999999999999977,-7.48
-0.3600000000000003,3.89,15.424,0.0897,0.58,0.22,0.2,-0.08,3.89,15.424,154.24,1.6155957126961251,,,,Sand,,,Sand 1,1,3.29,11.01,0.23999999999999977,-7.48
-0.38000000000000034,3.91,15.861,0.0968,0.62,0.21,0.2,-0.08,3.91,15.861,158.61,1.623883433877415,,,,Sand,,,Sand 1,1,3.29,11.01,0.23999999999999977,-7.48
-0.40000000000000036,3.93,16.264,0.1034,0.64,0.21,0.2,-0.08,3.93,16.264,162.64,1.6240547663316056,,,,Sand,,,Sand 1,1,3.29,11.01,0.23999999999999977,-7.48
-0.4200000000000004,3.95,16.537,0.1128,0.69,0.22,0.2,-0.09,3.95,16.537,165.37,1.639366329606451,,,,Sand,,,Sand 1,1,3.29,11.01,0.23999999999999977,-7.48
-0.4400000000000004,3.97,16.763,0.1204,0.73,0.22,0.2,-0.09,3.97,16.763,167.63,1.6508264579932936,,,,Sand,,,Sand 1,1,3.29,11.01,0.23999999999999977,-7.48
-0.4600000000000004,3.99,16.768,0.1267,0.75,0.21,0.2,-0.08,3.99,16.768,167.68,1.658455935218258,,,,Sand,,,Sand 1,1,3.29,11.01,0.23999999999999977,-7.48
-0.48,4.01,16.773,0.1326,0.78,0.22,0.2,-0.09,4.01,16.773,167.73,1.6696552928299775,,,,Sand,,,Sand 1,1,3.29,11.01,0.23999999999999977,-7.48
-0.5000000000000004,4.03,17.226,0.1353,0.78,0.21,0.2,-0.08,4.03,17.226,172.26,1.6610404071919096,,,,Sand,,,Sand 1,1,3.29,11.01,0.23999999999999977,-7.48
-0.52,4.05,17.673,0.1383,0.79,0.21,0.2,-0.08,4.05,17.673,176.73,1.6565205923265482,,,,Sand,,,Sand 1,1,3.29,11.01,0.23999999999999977,-7.48
-0.5400000000000005,4.07,17.919,0.1418,0.8,0.22,0.2,-0.09,4.07,17.919,179.19,1.6557948249861187,,,,Sand,,,Sand 1,1,3.29,11.01,0.23999999999999977,-7.48
-0.56,4.09,18.039,0.1452,0.81,0.27,0.2,-0.18,4.09,18.039,180.39,1.657334798275827,,,,Sand,,,Sand 1,1,3.29,11.01,0.23999999999999977,-7.48
-0.5800000000000005,4.11,18.189,0.1485,0.82,0.21,0.19,-0.08,4.11,18.189,181.89,1.6583415018794125,,,,Sand,,,Sand 1,1,3.29,11.01,0.23999999999999977,-7.48
-0.6000000000000001,4.13,18.385,0.1492,0.81,0.22,0.2,-0.09,4.13,18.385,183.85,1.6513014161830206,,,,Sand,,,Sand 1,1,3.29,11.01,0.23999999999999977,-7.48
-0.6200000000000006,4.15,18.559,0.1468,0.79,0.21,0.19,-0.09,4.15,18.559,185.59,1.6409026272794052,,,,Sand,,,Sand 1,1,3.29,11.01,0.23999999999999977,-7.48
-0.6400000000000001,4.17,18.805,0.1473,0.78,0.22,0.2,-0.09,4.17,18.805,188.05,1.6329472300502217,,,,Sand,,,Sand 1,1,3.29,11.01,0.23999999999999977,-7.48
-0.6600000000000006,4.19,19.061,0.1498,0.79,0.27,0.2,-0.18,4.19,19.061,190.61,1.6324348730612022,,,,Sand,,,Sand 1,1,3.29,11.01,0.23999999999999977,-7.48
-0.6800000000000002,4.21,19.318,0.1505,0.78,0.22,0.2,-0.09,4.21,19.318,193.18,1.6244075867174141,,,,Sand,,,Sand 1,1,3.29,11.01,0.23999999999999977,-7.48
-0.7000000000000006,4.23,19.504,0.1511,0.78,0.25,0.2,-0.16,4.23,19.504,195.04,1.6213767348474948,,,,Sand,,,Sand 1,1,3.29,11.01,0.23999999999999977,-7.48
-0.7200000000000002,4.25,19.641,0.1487,0.77,0.21,0.2,-0.08,4.25,19.641,196.41,1.6153221497632582,,,,Sand,,,Sand 1,1,3.29,11.01,0.23999999999999977,-7.48
-0.7399999999999998,4.27,19.508,0.1447,0.74,0.21,0.2,-0.08,4.27,19.508,195.08,1.6057159467973356,,,,Sand,,,Sand 1,1,3.29,11.01,0.23999999999999977,-7.48
-0.7600000000000002,4.29,19.474,0.1517,0.78,0.22,0.2,-0.09,4.29,19.474,194.74,1.621863283756024,,,,Sand,,,Sand 1,1,3.29,11.01,0.23999999999999977,-7.48
-0.7799999999999998,4.31,19.481,0.1533,0.79,0.22,0.2,-0.09,4.31,19.481,194.81,1.6255484997174792,,,,Sand,,,Sand 1,1,3.29,11.01,0.23999999999999977,-7.48
-0.8000000000000003,4.33,19.488,0.1476,0.77,0.22,0.2,-0.08,4.33,19.488,194.88,1.6177982011385013,,,,Sand,,,Sand 1,1,3.29,11.01,0.23999999999999977,-7.48
-0.8199999999999998,4.35,19.301,0.1475,0.77,0.22,0.2,-0.09,4.35,19.301,193.01,1.6208556103626468,,,,Sand,,,Sand 1,1,3.29,11.01,0.23999999999999977,-7.48
-0.8400000000000003,4.37,19.125,0.1475,0.79,0.22,0.2,-0.09,4.37,19.125,191.25,1.6313740967367358,,,,Sand,,,Sand 1,1,3.29,11.01,0.23999999999999977,-7.48
-0.8599999999999999,4.39,18.638,0.1473,0.8,0.21,0.19,-0.09,4.39,18.638,186.38,1.643281150799808,,,,Sand,,,Sand 1,1,3.29,11.01,0.23999999999999977,-7.48
-0.8800000000000003,4.41,18.009,0.1459,0.81,0.21,0.19,-0.09,4.41,18.009,180.09,1.6578642749683306,,,,Sand,,,Sand 1,1,3.29,11.01,0.23999999999999977,-7.48
-0.8999999999999999,4.43,17.419,0.1416,0.81,0.22,0.2,-0.09,4.43,17.419,174.19,1.668491044530807,,,,Sand,,,Sand 1,1,3.29,11.01,0.23999999999999977,-7.48
-0.9200000000000004,4.45,16.923,0.1354,0.81,0.21,0.19,-0.09,4.45,16.923,169.23,1.6777535329300586,,,,Sand,,,Sand 1,1,3.29,11.01,0.23999999999999977,-7.48
-0.94,4.47,16.337,0.1293,0.81,0.22,0.2,-0.08,4.47,16.337,163.37,1.689110500405539,,,,Sand,,,Sand 1,1,3.29,11.01,0.23999999999999977,-7.48
-0.9600000000000004,4.49,15.494,0.1234,0.81,0.22,0.2,-0.09,4.49,15.494,154.94,1.7063000241481794,,,,Sand,,,Sand 1,1,3.29,11.01,0.23999999999999977,-7.48
-0.98,4.51,14.422,0.1178,0.82,0.21,0.2,-0.08,4.51,14.422,144.22,1.7332593615830567,,,,Sand,,,Sand 1,1,3.29,11.01,0.23999999999999977,-7.48
-1.0000000000000004,4.53,13.333,0.1112,0.82,0.22,0.2,-0.09,4.53,13.333,133.33,1.759190968101898,,,,Sand,,,Sand 1,1,3.29,11.01,0.23999999999999977,-7.48
-1.02,4.55,12.47,0.1063,0.83,0.22,0.2,-0.09,4.55,12.47,124.7,1.7848646739197775,,,,Sand,,,Sand 1,1,3.29,11.01,0.23999999999999977,-7.48
-1.0400000000000005,4.57,11.891,0.1034,0.85,0.27,0.2,-0.18,4.57,11.891,118.91,1.8073681519708296,,,,Sand,,,Sand 1,1,3.29,11.01,0.23999999999999977,-7.48
-1.06,4.59,11.454,0.1005,0.86,0.22,0.2,-0.08,4.59,11.454,114.54,1.823158939107582,,,,Sand,,,Sand 1,1,3.29,11.01,0.23999999999999977,-7.48
-1.0800000000000005,4.61,11.131,0.0977,0.86,0.21,0.19,-0.08,4.61,11.131,111.31,1.8327906609321885,,,,Sand,,,Sand 1,1,3.29,11.01,0.23999999999999977,-7.48
-1.1,4.63,10.945,0.0974,0.87,0.21,0.19,-0.09,4.63,10.945,109.45,1.8416374294988302,,,,Sand,,,Sand 1,1,3.29,11.01,0.23999999999999977,-7.48
-1.1200000000000006,4.65,11.028,0.0969,0.87,0.27,0.2,-0.18,4.65,11.028,110.28,1.8390895586486369,,,,Sand,,,Sand 1,1,3.29,11.01,0.23999999999999977,-7.48
-1.1400000000000001,4.67,11.011,0.0938,0.85,0.22,0.2,-0.09,4.67,11.011,110.11,1.8332601186707134,,,,Sand,,,Sand 1,1,3.29,11.01,0.23999999999999977,-7.48
-1.1600000000000006,4.69,10.998,0.0924,0.83,0.22,0.2,-0.09,4.69,10.998,109.98,1.8271955014420227,,,,Sand,,,Sand 1,1,3.29,11.01,0.23999999999999977,-7.48
-1.1800000000000002,4.71,11.114,0.0923,0.81,0.22,0.2,-0.09,4.71,11.114,111.14,1.8170370323512632,,,,Sand,,,Sand 1,1,3.29,11.01,0.23999999999999977,-7.48
-1.2000000000000006,4.73,11.198,0.0911,0.78,0.22,0.2,-0.09,4.73,11.198,111.98,1.8043270847508273,,,,Sand,,,Sand 1,1,3.29,11.01,0.23999999999999977,-7.48
-1.2200000000000002,4.75,11.604,0.0886,0.73,0.22,0.2,-0.09,4.75,11.604,116.04,1.7744621381072072,,,,Sand,,,Sand 1,1,3.29,11.01,0.23999999999999977,-7.48
-1.2399999999999998,4.77,12.5,0.0848,0.67,0.21,0.19,-0.08,4.77,12.5,125.0,1.7261658683982573,,,,Sand,,,Sand 1,1,3.29,11.01,0.23999999999999977,-7.48
-1.2600000000000002,4.79,13.533,0.0793,0.6,0.22,0.2,-0.09,4.79,13.533,135.33,1.6697819387081612,,,,Sand,,,Sand 1,1,3.29,11.01,0.23999999999999977,-7.48
-1.2799999999999998,4.81,14.159,0.0747,0.53,0.22,0.2,-0.09,4.81,14.159,141.59,1.622138085459559,,,,Sand,,,Sand 1,1,3.29,11.01,0.23999999999999977,-7.48
-1.3000000000000003,4.83,14.742,0.0839,0.57,0.33,0.19,-0.27,4.83,14.742,147.42,1.6266797964102415,,,,Sand,,,Sand 1,1,3.29,11.01,0.23999999999999977,-7.48
-1.3199999999999998,4.85,15.431,0.0871,0.56,0.21,0.2,-0.08,4.85,15.431,154.31,1.6062072756079824,,,,Sand,,,Sand 1,1,3.29,11.01,0.23999999999999977,-7.48
-1.3400000000000003,4.87,15.997,0.0741,0.46,0.22,0.2,-0.09,4.87,15.997,159.97,1.5433469459046638,,,,Sand,,,Sand 1,1,3.29,11.01,0.23999999999999977,-7.48
-1.3599999999999999,4.89,16.8,0.0688,0.42,0.21,0.19,-0.09,4.89,16.8,168.0,1.503437511143829,,,,Sand,,,Sand 1,1,3.29,11.01,0.23999999999999977,-7.48
-1.3800000000000003,4.91,17.906,0.0755,0.45,0.27,0.2,-0.18,4.91,17.906,179.06,1.497862660631473,,,,Sand,,,Sand 1,1,3.29,11.01,0.23999999999999977,-7.48
-1.4,4.93,17.706,0.0883,0.53,0.22,0.2,-0.09,4.93,17.706,177.06,1.5442300762727632,,,,Sand,,,Sand 1,1,3.29,11.01,0.23999999999999977,-7.48
-1.4200000000000004,4.95,16.547,0.0987,0.6,0.22,0.2,-0.09,4.95,16.547,165.47,1.6006278117252841,,,,Sand,,,Sand 1,1,3.29,11.01,0.23999999999999977,-7.48
-1.44,4.97,16.17,0.1023,0.64,0.27,0.19,-0.18,4.97,16.17,161.70000000000002,1.6260066890668323,,,,Sand,,,Sand 1,1,3.29,11.01,0.23999999999999977,-7.48
-1.4600000000000004,4.99,14.622,0.101,0.66,0.27,0.2,-0.18,4.99,14.622,146.22,1.6684300702440003,,,,Sand,,,Sand 1,1,3.29,11.01,0.23999999999999977,-7.48
-1.48,5.01,14.562,0.0993,0.67,0.27,0.2,-0.18,5.01,14.562,145.62,1.6739007670300712,,,,Sand,,,Sand 1,1,3.29,11.01,0.23999999999999977,-7.48
-1.5000000000000004,5.03,14.169,0.0982,0.68,0.27,0.19,-0.18,5.03,14.169,141.69,1.6871992520153338,,,,Sand,,,Sand 1,1,3.29,11.01,0.23999999999999977,-7.48
-1.52,5.05,13.739,0.0942,0.67,0.27,0.2,-0.18,5.05,13.739,137.39,1.6936989241802283,,,,Sand,,,Sand 1,1,3.29,11.01,0.23999999999999977,-7.48
-1.5400000000000005,5.07,13.692,0.0861,0.61,0.27,0.2,-0.18,5.07,13.692,136.92,1.670029530094191,,,,Sand,,,Sand 1,1,3.29,11.01,0.23999999999999977,-7.48
-1.56,5.09,13.829,0.0782,0.55,0.26,0.19,-0.18,5.09,13.829,138.29,1.6398456192205977,,,,Sand,,,Sand 1,1,3.29,11.01,0.23999999999999977,-7.48
-1.5800000000000005,5.11,13.936,0.0753,0.51,0.27,0.2,-0.18,5.11,13.936,139.36,1.6181149865150302,,,,Sand,,,Sand 1,1,3.29,11.01,0.23999999999999977,-7.48
-1.6,5.13,14.488,0.0803,0.53,0.27,0.2,-0.18,5.13,14.488,144.88,1.6140371213557643,,,,Sand,,,Sand 1,1,3.29,11.01,0.23999999999999977,-7.48
-1.6200000000000006,5.15,15.881,0.0856,0.54,0.27,0.2,-0.18,5.15,15.881,158.81,1.5867340407769555,,,,Sand,,,Sand 1,1,3.29,11.01,0.23999999999999977,-7.48
-1.6400000000000001,5.17,17.003,0.0906,0.56,0.27,0.2,-0.18,5.17,17.003,170.03,1.5727952682704596,,,,Sand,,,Sand 1,1,3.29,11.01,0.23999999999999977,-7.48
-1.6600000000000006,5.19,17.619,0.0938,0.56,0.3,0.2,-0.23,5.19,17.619,176.19,1.5606440793378293,,,,Sand,,,Sand 1,1,3.29,11.01,0.23999999999999977,-7.48
-1.6800000000000002,5.21,17.699,0.0981,0.57,0.21,0.19,-0.09,5.21,17.699,176.99,1.563886518343887,,,,Sand,,,Sand 1,1,3.29,11.01,0.23999999999999977,-7.48
-1.7000000000000006,5.23,17.706,0.1105,0.64,0.27,0.2,-0.18,5.23,17.706,177.06,1.595629953830345,,,,Sand,,,Sand 1,1,3.29,11.01,0.23999999999999977,-7.48
-1.7200000000000002,5.25,17.459,0.1127,0.66,0.21,0.19,-0.08,5.25,17.459,174.59,1.6089089576221907,,,,Sand,,,Sand 1,1,3.29,11.01,0.23999999999999977,-7.48
-1.7399999999999998,5.27,16.827,0.1086,0.65,0.26,0.2,-0.18,5.27,16.827,168.27,1.6169197091661147,,,,Sand,,,Sand 1,1,3.29,11.01,0.23999999999999977,-7.48
-1.7600000000000002,5.29,16.44,0.1121,0.68,0.27,0.19,-0.18,5.29,16.44,164.4,1.6372346421484612,,,,Sand,,,Sand 1,1,3.29,11.01,0.23999999999999977,-7.48
-1.7799999999999998,5.31,16.044,0.1163,0.72,0.26,0.19,-0.18,5.31,16.044,160.44,1.6613486668203068,,,,Sand,,,Sand 1,1,3.29,11.01,0.23999999999999977,-7.48
-1.8000000000000003,5.33,15.678,0.1229,0.79,0.26,0.19,-0.18,5.33,15.678,156.78,1.6952799817100008,,,,Sand,,,Sand 1,1,3.29,11.01,0.23999999999999977,-7.48
-1.8199999999999998,5.35,15.294,0.1222,0.8,0.27,0.2,-0.18,5.35,15.294,152.94,1.706981885550735,,,,Sand,,,Sand 1,1,3.29,11.01,0.23999999999999977,-7.48
-1.8400000000000003,5.37,14.891,0.1151,0.78,0.27,0.2,-0.18,5.37,14.891,148.91,1.7085552109538633,,,,Sand,,,Sand 1,1,3.29,11.01,0.23999999999999977,-7.48
-1.8599999999999999,5.39,14.468,0.1133,0.79,0.27,0.2,-0.18,5.39,14.468,144.68,1.7216620492489088,,,,Sand,,,Sand 1,1,3.29,11.01,0.23999999999999977,-7.48
-1.8800000000000003,5.41,14.049,0.1075,0.77,0.26,0.19,-0.18,5.41,14.049,140.49,1.7242225436324663,,,,Sand,,,Sand 1,1,3.29,11.01,0.23999999999999977,-7.48
-1.9,5.43,13.596,0.108,0.8,0.27,0.2,-0.18,5.43,13.596,135.96,1.7457951933215634,,,,Sand,,,Sand 1,1,3.29,11.01,0.23999999999999977,-7.48
-1.9200000000000004,5.45,12.94,0.1133,0.87,0.29,0.2,-0.21,5.45,12.94,129.4,1.7857288167561385,,,,Sand,,,Sand 1,1,3.29,11.01,0.23999999999999977,-7.48
-1.94,5.47,12.56,0.1107,0.87,0.27,0.2,-0.18,5.47,12.56,125.6,1.7955930235057591,,,,Sand,,,Sand 1,1,3.29,11.01,0.23999999999999977,-7.48
-1.9600000000000004,5.49,12.007,0.1054,0.84,0.34,0.2,-0.27,5.49,12.007,120.07,1.800846319019673,,,,Sand,,,Sand 1,1,3.29,11.01,0.23999999999999977,-7.48
-1.98,5.51,12.017,0.0991,0.81,0.27,0.2,-0.18,5.51,12.017,120.17,1.7905712578295876,,,,Sand,,,Sand 1,1,3.29,11.01,0.23999999999999977,-7.48
-2.0000000000000004,5.53,12.027,0.0932,0.77,0.27,0.19,-0.18,5.53,12.027,120.27,1.7765090557445393,,,,Sand,,,Sand 1,1,3.29,11.01,0.23999999999999977,-7.48
-2.02,5.55,12.393,0.0903,0.75,0.27,0.2,-0.18,5.55,12.393,123.93,1.759205007738454,,,,Sand,,,Sand 1,1,3.29,11.01,0.23999999999999977,-7.48
-2.0400000000000005,5.57,12.267,0.0881,0.74,0.22,0.2,-0.09,5.57,12.267,122.67,1.7590649342289917,,,,Sand,,,Sand 1,1,3.29,11.01,0.23999999999999977,-7.48
-2.06,5.59,11.974,0.0856,0.73,0.27,0.2,-0.18,5.59,11.974,119.74,1.763685457754823,,,,Sand,,,Sand 1,1,3.29,11.01,0.23999999999999977,-7.48
-2.0800000000000005,5.61,11.697,0.0834,0.72,0.27,0.2,-0.18,5.61,11.697,116.97,1.7680612103981386,,,,Sand,,,Sand 1,1,3.29,11.01,0.23999999999999977,-7.48
-2.1,5.63,11.318,0.0805,0.72,0.27,0.2,-0.18,5.63,11.318,113.18,1.7794250756815997,,,,Sand,,,Sand 1,1,3.29,11.01,0.23999999999999977,-7.48
-2.1200000000000006,5.65,10.818,0.0801,0.74,0.26,0.19,-0.18,5.65,10.818,108.18,1.8022484963572052,,,,Sand,,,Sand 1,1,3.29,11.01,0.23999999999999977,-7.48
-2.14,5.67,10.478,0.0834,0.8,0.21,0.2,-0.08,5.67,10.478,104.78,1.8338549161425657,,,,Sand,,,Sand 1,1,3.29,11.01,0.23999999999999977,-7.48
-2.1600000000000006,5.69,10.042,0.0856,0.85,0.27,0.2,-0.18,5.69,10.042,100.42,1.8645953292571504,,,,Sand,,,Sand 1,1,3.29,11.01,0.23999999999999977,-7.48
-2.18,5.71,9.559,0.0844,0.87,0.27,0.2,-0.18,5.71,9.559,95.59,1.8876853370541609,,,,Sand,,,Sand 1,1,3.29,11.01,0.23999999999999977,-7.48
-2.2000000000000006,5.73,9.173,0.0814,0.86,0.22,0.2,-0.08,5.73,9.173,91.73,1.8987860786903312,,,,Sand,,,Sand 1,1,3.29,11.01,0.23999999999999977,-7.48
-2.22,5.75,8.926,0.0755,0.82,0.26,0.19,-0.18,5.75,8.926,89.26,1.8957682771209452,,,,Sand,,,Sand 1,1,3.29,11.01,0.23999999999999977,-7.48
-2.2399999999999998,5.77,8.853,0.0691,0.76,0.26,0.19,-0.18,5.77,8.853,88.53,1.879107239920316,,,,Sand,,,Sand 1,1,3.29,11.01,0.23999999999999977,-7.48
-2.2600000000000002,5.79,8.95,0.0642,0.7,0.21,0.19,-0.09,5.79,8.95,89.5,1.8545336694003702,,,,Sand,,,Sand 1,1,3.29,11.01,0.23999999999999977,-7.48
-2.28,5.81,9.136,0.0635,0.68,0.22,0.2,-0.09,5.81,9.136,91.36,1.8399978773020806,,,,Sand,,,Sand 1,1,3.29,11.01,0.23999999999999977,-7.48
-2.3000000000000003,5.83,9.456,0.0641,0.66,0.27,0.2,-0.18,5.83,9.456,94.56,1.820319141922747,,,,Sand,,,Sand 1,1,3.29,11.01,0.23999999999999977,-7.48
-2.32,5.85,9.822,0.0612,0.61,0.26,0.19,-0.18,5.85,9.822,98.22,1.7873391185387708,,,,Sand,,,Sand 1,1,3.29,11.01,0.23999999999999977,-7.48
-2.3400000000000003,5.87,10.378,0.0572,0.56,0.26,0.19,-0.18,5.87,10.378,103.78,1.7467608670869907,,,,Sand,,,Sand 1,1,3.29,11.01,0.23999999999999977,-7.48
-2.36,5.89,10.918,0.0558,0.53,0.22,0.2,-0.11,5.89,10.918,109.18,1.7151883653730722,,,,Sand,,,Sand 1,1,3.29,11.01,0.23999999999999977,-7.48
-2.3800000000000003,5.91,11.158,0.0573,0.53,0.27,0.2,-0.18,5.91,11.158,111.58,1.7073129442171238,,,,Sand,,,Sand 1,1,3.29,11.01,0.23999999999999977,-7.48
-2.4,5.93,11.251,0.0618,0.56,0.27,0.2,-0.18,5.93,11.251,112.51,1.717674788866854,,,,Sand,,,Sand 1,1,3.29,11.01,0.23999999999999977,-7.48
-2.4200000000000004,5.95,11.324,0.0662,0.59,0.26,0.19,-0.18,5.95,11.324,113.24,1.72824885461919,,,,Sand,,,Sand 1,1,3.29,11.01,0.23999999999999977,-7.48
-2.44,5.97,11.448,0.0656,0.59,0.27,0.2,-0.18,5.97,11.448,114.48,1.724375768885329,,,,Sand,,,Sand 1,1,3.29,11.01,0.23999999999999977,-7.48
-2.4600000000000004,5.99,10.928,0.0642,0.57,0.22,0.2,-0.09,5.99,10.928,109.28,1.7324570703498092,,,,Sand,,,Sand 1,1,3.29,11.01,0.23999999999999977,-7.48
-2.48,6.01,11.191,0.0632,0.57,0.22,0.2,-0.09,6.01,11.191,111.91,1.723933104685112,,,,Sand,,,Sand 1,1,3.29,11.01,0.23999999999999977,-7.48
-2.5000000000000004,6.03,11.121,0.0624,0.57,0.27,0.2,-0.18,6.03,11.121,111.21,1.7261802038518956,,,,Sand,,,Sand 1,1,3.29,11.01,0.23999999999999977,-7.48
-2.52,6.05,10.951,0.0622,0.57,0.3,0.2,-0.22,6.05,10.951,109.51,1.731702695170468,,,,Sand,,,Sand 1,1,3.29,11.01,0.23999999999999977,-7.48
-2.5400000000000005,6.07,10.868,0.0612,0.56,0.34,0.2,-0.27,6.07,10.868,108.68,1.7301199206748976,,,,Sand,,,Sand 1,1,3.29,11.01,0.23999999999999977,-7.48
-2.56,6.09,10.858,0.0597,0.55,0.22,0.2,-0.09,6.09,10.858,108.58,1.7260851730204962,,,,Sand,,,Sand 1,1,3.29,11.01,0.23999999999999977,-7.48
-2.5800000000000005,6.11,10.771,0.0594,0.55,0.27,0.19,-0.18,6.11,10.771,107.71,1.728989366786543,,,,Sand,,,Sand 1,1,3.29,11.01,0.23999999999999977,-7.48
-2.6,6.13,10.675,0.06,0.56,0.27,0.2,-0.18,6.13,10.675,106.75,1.736574563442137,,,,Sand,,,Sand 1,1,3.29,11.01,0.23999999999999977,-7.48
-2.6200000000000006,6.15,10.592,0.0607,0.57,0.22,0.2,-0.09,6.15,10.592,105.92,1.7436801298009563,,,,Sand,,,Sand 1,1,3.29,11.01,0.23999999999999977,-7.48
-2.64,6.17,10.542,0.0616,0.58,0.21,0.2,-0.08,6.17,10.542,105.42,1.74961779485485,,,,Sand,,,Sand 1,1,3.29,11.01,0.23999999999999977,-7.48
-2.6600000000000006,6.19,10.465,0.0626,0.6,0.27,0.19,-0.18,6.19,10.465,104.65,1.7605573583059952,,,,Sand,,,Sand 1,1,3.29,11.01,0.23999999999999977,-7.48
-2.68,6.21,10.382,0.0644,0.62,0.22,0.2,-0.09,6.21,10.382,103.82,1.7715066447996668,,,,Sand,,,Sand 1,1,3.29,11.01,0.23999999999999977,-7.48
-2.7000000000000006,6.23,10.315,0.0669,0.65,0.26,0.19,-0.18,6.23,10.315,103.15,1.7856068659033681,,,,Sand,,,Sand 1,1,3.29,11.01,0.23999999999999977,-7.48
-2.72,6.25,10.302,0.0686,0.67,0.27,0.2,-0.18,6.25,10.302,103.02,1.7936973310131858,,,,Sand,,,Sand 1,1,3.29,11.01,0.23999999999999977,-7.48
-2.7399999999999998,6.27,10.295,0.0699,0.68,0.27,0.2,-0.18,6.27,10.295,102.95,1.797696571799471,,,,Sand,,,Sand 1,1,3.29,11.01,0.23999999999999977,-7.48
-2.7600000000000002,6.29,10.269,0.0709,0.69,0.26,0.19,-0.18,6.29,10.269,102.69,1.802304503391508,,,,Sand,,,Sand 1,1,3.29,11.01,0.23999999999999977,-7.48
-2.78,6.31,10.245,0.0721,0.71,0.27,0.2,-0.18,6.31,10.245,102.45,1.8104418744089799,,,,Sand,,,Sand 1,1,3.29,11.01,0.23999999999999977,-7.48
-2.8000000000000003,6.33,10.175,0.0741,0.73,0.27,0.2,-0.18,6.33,10.175,101.75,1.8199983511241646,,,,Sand,,,Sand 1,1,3.29,11.01,0.23999999999999977,-7.48
-2.82,6.35,10.099,0.0758,0.75,0.27,0.2,-0.18,6.35,10.099,100.99,1.8296171896823752,,,,Sand,,,Sand 1,1,3.29,11.01,0.23999999999999977,-7.48
-2.8400000000000003,6.37,10.035,0.0774,0.77,0.22,0.2,-0.09,6.37,10.035,100.35,1.838685111557726,,,,Sand,,,Sand 1,1,3.29,11.01,0.23999999999999977,-7.48
-2.86,6.39,9.999,0.078,0.78,0.27,0.2,-0.18,6.39,9.999,99.99,1.8433073797340034,,,,Sand,,,Sand 1,1,3.29,11.01,0.23999999999999977,-7.48
-2.8800000000000003,6.41,9.929,0.0789,0.8,0.26,0.19,-0.18,6.41,9.929,99.29,1.8523872417235983,,,,Sand,,,Sand 1,1,3.29,11.01,0.23999999999999977,-7.48
-2.9,6.43,9.836,0.0785,0.8,0.21,0.2,-0.08,6.43,9.836,98.36,1.8556390391289894,,,,Sand,,,Sand 1,1,3.29,11.01,0.23999999999999977,-7.48
-2.9200000000000004,6.45,9.739,0.077,0.79,0.27,0.2,-0.18,6.45,9.739,97.39,1.855772076368097,,,,Sand,,,Sand 1,1,3.29,11.01,0.23999999999999977,-7.48
-2.94,6.47,9.686,0.076,0.79,0.27,0.2,-0.18,6.47,9.686,96.86,1.857664545819713,,,,Sand,,,Sand 1,1,3.29,11.01,0.23999999999999977,-7.48
-2.9600000000000004,6.49,9.619,0.0772,0.81,0.23,0.19,-0.12,6.49,9.619,96.19,1.8666175447994122,,,,Sand,,,Sand 1,1,3.29,11.01,0.23999999999999977,-7.48
-2.98,6.51,9.512,0.0772,0.82,0.21,0.19,-0.09,6.51,9.512,95.12,1.8737093559004636,,,,Sand,,,Sand 1,1,3.29,11.01,0.23999999999999977,-7.48
-3.0000000000000004,6.53,9.359,0.0753,0.81,0.27,0.2,-0.18,6.53,9.359,93.59,1.8761107663316225,,,,Sand,,,Sand 1,1,3.29,11.01,0.23999999999999977,-7.48
-3.02,6.55,9.279,0.0767,0.83,0.21,0.19,-0.09,6.55,9.279,92.79,1.8854711932274006,,,,Sand,,,Sand 1,1,3.29,11.01,0.23999999999999977,-7.48
-3.0400000000000005,6.57,9.103,0.0771,0.85,0.22,0.2,-0.09,6.57,9.103,91.03,1.8983485487951253,,,,Sand,,,Sand 1,1,3.29,11.01,0.23999999999999977,-7.48
-3.06,6.59,8.913,0.0741,0.83,0.21,0.19,-0.09,6.59,8.913,89.13,1.8994278678780423,,,,Sand,,,Sand 1,1,3.29,11.01,0.23999999999999977,-7.48
-3.0800000000000005,6.61,8.693,0.071,0.82,0.27,0.2,-0.18,6.61,8.693,86.93,1.904986961014717,,,,Sand,,,Sand 1,1,3.29,11.01,0.23999999999999977,-7.48
-3.1,6.63,8.547,0.0711,0.83,0.26,0.19,-0.18,6.63,8.547,85.47,1.9140313429667288,,,,Sand,,,Sand 1,1,3.29,11.01,0.23999999999999977,-7.48
-3.1200000000000006,6.65,8.29,0.0703,0.84,0.21,0.19,-0.08,6.65,8.29,82.9,1.9277858099867766,,,,Sand,,,Sand 1,1,3.29,11.01,0.23999999999999977,-7.48
-3.14,6.67,8.147,0.0681,0.83,0.24,0.2,-0.13,6.67,8.147,81.47,1.930799580764339,,,,Sand,,,Sand 1,1,3.29,11.01,0.23999999999999977,-7.48
-3.1600000000000006,6.69,8.044,0.0664,0.82,0.26,0.2,-0.18,6.69,8.044,80.44000000000001,1.9321701583647704,,,,Sand,,,Sand 1,1,3.29,11.01,0.23999999999999977,-7.48
-3.18,6.71,7.934,0.065,0.82,0.22,0.2,-0.09,6.71,7.934,79.34,1.9370153881289207,,,,Sand,,,Sand 1,1,3.29,11.01,0.23999999999999977,-7.48
-3.2000000000000006,6.73,7.797,0.0636,0.81,0.22,0.2,-0.09,6.73,7.797,77.97,1.940049263571517,,,,Sand,,,Sand 1,1,3.29,11.01,0.23999999999999977,-7.48
-3.22,6.75,7.674,0.0618,0.8,0.27,0.19,-0.18,6.75,7.674,76.74,1.9425465321693318,,,,Sand,,,Sand 1,1,3.29,11.01,0.23999999999999977,-7.48
-3.2399999999999998,6.77,7.617,0.0611,0.8,0.22,0.2,-0.09,6.77,7.617,76.17,1.9451892768037153,,,,Sand,,,Sand 1,1,3.29,11.01,0.23999999999999977,-7.48
-3.2600000000000002,6.79,7.541,0.0598,0.79,0.27,0.2,-0.18,6.79,7.541,75.41,1.9456034780564269,,,,Sand,,,Sand 1,1,3.29,11.01,0.23999999999999977,-7.48
-3.28,6.81,7.474,0.0579,0.77,0.27,0.2,-0.18,6.81,7.474,74.74,1.9424120186311302,,,,Sand,,,Sand 1,1,3.29,11.01,0.23999999999999977,-7.48
-3.3000000000000003,6.83,7.427,0.0563,0.76,0.26,0.19,-0.18,6.83,7.427,74.27,1.9414397415523086,,,,Sand,,,Sand 1,1,3.29,11.01,0.23999999999999977,-7.48
-3.32,6.85,7.411,0.0549,0.74,0.27,0.2,-0.18,6.85,7.411,74.11,1.9356704140915673,,,,Sand,,,Sand 1,1,3.29,11.01,0.23999999999999977,-7.48
-3.3400000000000003,6.87,7.391,0.0528,0.72,0.27,0.2,-0.18,6.87,7.391,73.91,1.9299732491047235,,,,Sand,,,Sand 1,1,3.29,11.01,0.23999999999999977,-7.48
-3.36,6.89,7.351,0.0495,0.67,0.22,0.2,-0.09,6.89,7.351,73.51,1.9146741990933007,,,,Sand,,,Sand 1,1,3.29,11.01,0.23999999999999977,-7.48
-3.3800000000000003,6.91,7.314,0.0479,0.65,0.22,0.2,-0.09,6.91,7.314,73.14,1.9093580878567715,,,,Sand,,,Sand 1,1,3.29,11.01,0.23999999999999977,-7.48
-3.4,6.93,7.291,0.0478,0.65,0.21,0.2,-0.08,6.93,7.291,72.91,1.910508653194216,,,,Sand,,,Sand 1,1,3.29,11.01,0.23999999999999977,-7.48
-3.4200000000000004,6.95,7.298,0.0484,0.67,0.26,0.2,-0.18,6.95,7.298,72.98,1.9173070519575266,,,,Sand,,,Sand 1,1,3.29,11.01,0.23999999999999977,-7.48
-3.44,6.97,7.318,0.0489,0.67,0.27,0.2,-0.18,6.97,7.318,73.18,1.9163111024788446,,,,Sand,,,Sand 1,1,3.29,11.01,0.23999999999999977,-7.48
-3.4600000000000004,6.99,7.234,0.0491,0.68,0.21,0.2,-0.08,6.99,7.234,72.34,1.9240261467382345,,,,Sand,,,Sand 1,1,3.29,11.01,0.23999999999999977,-7.48
-3.48,7.01,7.148,0.0503,0.7,0.26,0.19,-0.18,7.01,7.148,71.48,1.9352760586615083,,,,Sand,,,Sand 1,1,3.29,11.01,0.23999999999999977,-7.48
-3.5000000000000004,7.03,7.198,0.0519,0.71,0.21,0.2,-0.08,7.03,7.198,71.98,1.9361508441397826,,,,Sand,,,Sand 1,1,3.29,11.01,0.23999999999999977,-7.48
-3.52,7.05,7.224,0.0527,0.72,0.21,0.2,-0.08,7.05,7.224,72.24,1.9382163160156756,,,,Sand,,,Sand 1,1,3.29,11.01,0.23999999999999977,-7.48
-3.5400000000000005,7.07,7.284,0.0533,0.72,0.21,0.19,-0.09,7.07,7.284,72.84,1.9352311817798706,,,,Sand,,,Sand 1,1,3.29,11.01,0.23999999999999977,-7.48
-3.56,7.09,7.407,0.0545,0.72,0.27,0.2,-0.18,7.09,7.407,74.07,1.9291941148829672,,,,Sand,,,Sand 1,1,3.29,11.01,0.23999999999999977,-7.48
-3.5800000000000005,7.11,7.577,0.0555,0.71,0.26,0.19,-0.18,7.11,7.577,75.77,1.9176270046511255,,,,Sand,,,Sand 1,1,3.29,11.01,0.23999999999999977,-7.48
-3.6,7.13,7.847,0.0565,0.7,0.26,0.2,-0.18,7.13,7.847,78.47,1.9015762979551762,,,,Sand,,,Sand 1,1,3.29,11.01,0.23999999999999977,-7.48
-3.6200000000000006,7.15,8.25,0.0583,0.68,0.21,0.19,-0.09,7.15,8.25,82.5,1.8765074860767765,,,,Sand,,,Sand 1,1,3.29,11.01,0.23999999999999977,-7.48
-3.64,7.17,8.846,0.0611,0.67,0.26,0.19,-0.18,7.17,8.846,88.46,1.8478561612785642,,,,Sand,,,Sand 1,1,3.29,11.01,0.23999999999999977,-7.48
-3.6600000000000006,7.19,9.572,0.0643,0.66,0.22,0.2,-0.09,7.19,9.572,95.72,1.8159748300248064,,,,Sand,,,Sand 1,1,3.29,11.01,0.23999999999999977,-7.48
-3.68,7.21,10.395,0.0686,0.65,0.22,0.2,-0.09,7.21,10.395,103.95,1.782871014553763,,,,Sand,,,Sand 1,1,3.29,11.01,0.23999999999999977,-7.48
-3.7000000000000006,7.23,11.241,0.0747,0.66,0.26,0.2,-0.17,7.23,11.241,112.41,1.7591947561519823,,,,Sand,,,Sand 1,1,3.29,11.01,0.23999999999999977,-7.48
-3.72,7.25,12.087,0.0814,0.67,0.22,0.2,-0.09,7.25,12.087,120.87,1.7377952632372973,,,,Sand,,,Sand 1,1,3.29,11.01,0.23999999999999977,-7.48
-3.7399999999999998,7.27,13.163,0.0885,0.68,0.22,0.2,-0.09,7.27,13.163,131.63,1.7123134199099928,,,,Sand,,,Sand 1,1,3.29,11.01,0.23999999999999977,-7.48
-3.7600000000000002,7.29,13.862,0.097,0.71,0.22,0.2,-0.09,7.29,13.862,138.62,1.706353100677473,,,,Sand,,,Sand 1,1,3.29,11.01,0.23999999999999977,-7.48
-3.78,7.31,14.575,0.1037,0.72,0.21,0.19,-0.09,7.31,14.575,145.75,1.6933115169417323,,,,Sand,,,Sand 1,1,3.29,11.01,0.23999999999999977,-7.48
-3.8000000000000003,7.33,15.284,0.1119,0.74,0.27,0.2,-0.18,7.33,15.284,152.84,1.6851148794134923,,,,Sand,,,Sand 1,1,3.29,11.01,0.23999999999999977,-7.48
-3.82,7.35,15.931,0.1193,0.77,0.22,0.2,-0.09,7.35,15.931,159.31,1.6827149017416778,,,,Sand,,,Sand 1,1,3.29,11.01,0.23999999999999977,-7.48
-3.8400000000000003,7.37,16.194,0.1226,0.78,0.22,0.2,-0.08,7.37,16.194,161.93999999999997,1.6810658530901668,,,,Sand,,,Sand 1,1,3.29,11.01,0.23999999999999977,-7.48
-3.86,7.39,16.177,0.1252,0.78,0.22,0.2,-0.09,7.39,16.177,161.77,1.6814079505955677,,,,Sand,,,Sand 1,1,3.29,11.01,0.23999999999999977,-7.48
-3.8800000000000003,7.41,16.277,0.1266,0.78,0.22,0.2,-0.09,7.41,16.277,162.77,1.6794015267281648,,,,Sand,,,Sand 1,1,3.29,11.01,0.23999999999999977,-7.48
-3.9,7.43,16.214,0.1234,0.76,0.21,0.2,-0.08,7.43,16.214,162.14,1.6732206524951485,,,,Sand,,,Sand 1,1,3.29,11.01,0.23999999999999977,-7.48
-3.9200000000000004,7.45,16.23,0.1208,0.75,0.22,0.2,-0.09,7.45,16.23,162.3,1.6691185104940278,,,,Sand,,,Sand 1,1,3.29,11.01,0.23999999999999977,-7.48
-3.94,7.47,16.3,0.1271,0.79,0.22,0.2,-0.09,7.47,16.3,163.0,1.6826117608353355,,,,Sand,,,Sand 1,1,3.29,11.01,0.23999999999999977,-7.48
-3.9600000000000004,7.49,16.227,0.1391,0.87,0.27,0.2,-0.18,7.49,16.227,162.27,1.7121578778903996,,,,Sand,,,Sand 1,1,3.29,11.01,0.23999999999999977,-7.48
-3.98,7.51,16.081,0.1423,0.89,0.27,0.2,-0.18,7.51,16.081,160.81,1.72173682377662,,,,Sand,,,Sand 1,1,3.29,11.01,0.23999999999999977,-7.48
-4.0,7.53,15.901,0.139,0.88,0.22,0.2,-0.09,7.53,15.901,159.01,1.722005764016904,,,,Sand,,,Sand 1,1,3.29,11.01,0.23999999999999977,-7.48
-4.02,7.55,15.654,0.141,0.91,0.22,0.2,-0.09,7.55,15.654,156.54,1.7368705061116687,,,,Sand,,,Sand 1,1,3.29,11.01,0.23999999999999977,-7.48
-4.040000000000001,7.57,15.324,0.146,0.96,0.27,0.2,-0.18,7.57,15.324,153.24,1.7594672057119325,,,,Sand,,,Sand 1,1,3.29,11.01,0.23999999999999977,-7.48
-4.0600000000000005,7.59,14.945,0.1457,0.98,0.27,0.2,-0.18,7.59,14.945,149.45,1.7735273974068437,,,,Sand,,,Sand 1,1,3.29,11.01,0.23999999999999977,-7.48
-4.08,7.61,14.369,0.1399,0.97,0.22,0.2,-0.09,7.61,14.369,143.69,1.7830162909998741,,,,Sand,,,Sand 1,1,3.29,11.01,0.23999999999999977,-7.48
-4.1,7.63,14.075,0.1433,1.02,0.22,0.2,-0.09,7.63,14.075,140.75,1.8044270570470025,,,,Sand,,,Sand 1,1,3.29,11.01,0.23999999999999977,-7.48
-4.120000000000001,7.65,13.639,0.1393,1.02,0.27,0.2,-0.18,7.65,13.639,136.39,1.8144597201088066,,,,Sand,,,Sand 1,1,3.29,11.01,0.23999999999999977,-7.48
-4.140000000000001,7.67,13.196,0.1288,0.97,0.22,0.2,-0.09,7.67,13.196,131.96,1.8104154179915182,,,,Sand,,,Sand 1,1,3.29,11.01,0.23999999999999977,-7.48
-4.16,7.69,12.91,0.1257,0.97,0.22,0.2,-0.09,7.69,12.91,129.1,1.817520150530396,,,,Sand,,,Sand 1,1,3.29,11.01,0.23999999999999977,-7.48
-4.18,7.71,12.713,0.1225,0.97,0.22,0.2,-0.09,7.71,12.713,127.13,1.8225192497675784,,,,Sand,,,Sand 1,1,3.29,11.01,0.23999999999999977,-7.48
-4.200000000000001,7.73,12.41,0.1191,0.98,0.22,0.2,-0.09,7.73,12.41,124.1,1.833322861864931,,,,Sand,,,Sand 1,1,3.29,11.01,0.23999999999999977,-7.48
-4.220000000000001,7.75,11.891,0.1155,0.99,0.22,0.2,-0.09,7.75,11.891,118.91,1.850185043803045,,,,Sand,,,Sand 1,1,3.29,11.01,0.23999999999999977,-7.48
-4.24,7.77,11.311,0.1126,1.0,0.22,0.2,-0.09,7.77,11.311,113.11,1.8694569827199263,,,,Sand,,,Sand 1,1,3.29,11.01,0.23999999999999977,-7.48
-4.26,7.79,10.725,0.1091,1.02,0.22,0.2,-0.09,7.79,10.725,107.25,1.892594598278752,,,,Sand,,,Sand 1,1,3.29,11.01,0.23999999999999977,-7.48
-4.279999999999999,7.81,10.122,0.104,1.03,0.22,0.2,-0.09,7.81,10.122,101.22,1.9145057685840992,,,,Sand,,,Sand 1,1,3.29,11.01,0.23999999999999977,-7.48
-4.300000000000001,7.83,9.526,0.0985,1.03,0.22,0.2,-0.09,7.83,9.526,95.26,1.9347442439448266,,,,Sand,,,Sand 1,1,3.29,11.01,0.23999999999999977,-7.48
-4.32,7.85,8.98,0.093,1.02,0.22,0.2,-0.09,7.85,8.98,89.8,1.9518988326669922,,,,Sand,,,Sand 1,1,3.29,11.01,0.23999999999999977,-7.48
-4.34,7.87,8.487,0.0877,1.01,0.21,0.19,-0.09,7.87,8.487,84.87,1.968349927124022,,,,Sand,,,Sand 1,1,3.29,11.01,0.23999999999999977,-7.48
-4.359999999999999,7.89,8.1,0.0777,0.94,0.22,0.2,-0.09,7.89,8.1,81.0,1.9651674512116861,,,,Sand,,,Sand 1,1,3.29,11.01,0.23999999999999977,-7.48
-4.380000000000001,7.91,7.814,0.0654,0.83,0.21,0.19,-0.09,7.91,7.814,78.14,1.9454632330706652,,,,Sand,,,Sand 1,1,3.29,11.01,0.23999999999999977,-7.48
-4.4,7.93,7.537,0.06,0.78,0.21,0.19,-0.09,7.93,7.537,75.37,1.9426196166737555,,,,Sand,,,Sand 1,1,3.29,11.01,0.23999999999999977,-7.48
-4.42,7.95,7.314,0.0593,0.79,0.22,0.2,-0.09,7.95,7.314,73.14,1.9564837388844276,,,,Sand,,,Sand 1,1,3.29,11.01,0.23999999999999977,-7.48
-4.4399999999999995,7.97,7.221,0.0586,0.8,0.21,0.19,-0.09,7.97,7.221,72.21,1.9641663970854706,,,,Sand,,,Sand 1,1,3.29,11.01,0.23999999999999977,-7.48
-4.460000000000001,7.99,7.201,0.0573,0.79,0.22,0.2,-0.09,7.99,7.201,72.01,1.96203778288185,,,,Sand,,,Sand 1,1,3.29,11.01,0.23999999999999977,-7.48
-4.48,8.01,7.143,0.0568,0.79,0.22,0.2,-0.09,8.01,7.143,71.43,1.96492546123974,,,,Sand,,,Sand 1,1,3.29,11.01,0.23999999999999977,-7.48
-4.5,8.03,7.084,0.0574,0.79,0.22,0.2,-0.09,8.03,7.084,70.84,1.9678891947006056,,,,Sand,,,Sand 1,1,3.29,11.01,0.23999999999999977,-7.48
-4.520000000000001,8.05,7.148,0.0589,0.8,0.22,0.2,-0.09,8.05,7.148,71.48,1.967788278059348,,,,Sand,,,Sand 1,1,3.29,11.01,0.23999999999999977,-7.48
-4.540000000000001,8.07,7.311,0.0608,0.81,0.21,0.19,-0.09,8.07,7.311,73.11,1.9628522635368264,,,,Sand,,,Sand 1,1,3.29,11.01,0.23999999999999977,-7.48
-4.5600000000000005,8.09,7.601,0.0567,0.74,0.22,0.2,-0.09,8.09,7.601,76.01,1.9265922163213827,,,,Sand,,,Sand 1,1,3.29,11.01,0.23999999999999977,-7.48
-4.58,8.11,7.887,0.0564,0.7,0.22,0.2,-0.09,8.11,7.887,78.87,1.8997474019920586,,,,Sand,,,Sand 1,1,3.29,11.01,0.23999999999999977,-7.48
-4.600000000000001,8.13,8.187,0.0583,0.69,0.22,0.2,-0.09,8.13,8.187,81.86999999999999,1.8828228316160465,,,,Sand,,,Sand 1,1,3.29,11.01,0.23999999999999977,-7.48
-4.620000000000001,8.15,8.776,0.0569,0.64,0.22,0.2,-0.09,8.15,8.776,87.76,1.8395294414874717,,,,Sand,,,Sand 1,1,3.29,11.01,0.23999999999999977,-7.48
-4.640000000000001,8.17,9.243,0.0597,0.64,0.22,0.2,-0.09,8.17,9.243,92.43,1.8208855019627228,,,,Sand,,,Sand 1,1,3.29,11.01,0.23999999999999977,-7.48
-4.66,8.19,10.135,0.0593,0.61,0.2,0.2,0.0,8.19,10.135,101.35,1.7760912587355353,,,,Sand,,,Sand 1,1,3.29,11.01,0.23999999999999977,-7.48
-4.6800000000000015,8.21,10.632,0.0584,0.58,0.2,0.2,0.01,8.21,10.632,106.32,1.746565478106516,,,,Sand,,,Sand 1,1,3.29,11.01,0.23999999999999977,-7.48
-4.700000000000001,8.23,10.955,0.0576,0.56,0.41,0.19,-0.36,8.23,10.955,109.55,1.7272512248255385,,,,Sand,,,Sand 1,1,3.29,11.01,0.23999999999999977,-7.48
-4.720000000000001,8.25,10.678,0.0548,0.54,0.22,0.2,-0.09,8.25,10.678,106.78,1.7277167576077967,,,,Sand,,,Sand 1,1,3.29,11.01,0.23999999999999977,-7.48
-4.74,8.27,10.189,0.0539,0.54,0.22,0.2,-0.09,8.27,10.189,101.89,1.744738720572985,,,,Sand,,,Sand 1,1,3.29,11.01,0.23999999999999977,-7.48
-4.76,8.29,9.706,0.0552,0.57,0.22,0.2,-0.08,8.29,9.706,97.06,1.7752468122422702,,,,Sand,,,Sand 1,1,3.29,11.01,0.23999999999999977,-7.48
-4.780000000000001,8.31,9.339,0.0552,0.59,0.2,0.2,0.0,8.31,9.339,93.39,1.797466737660014,,,,Sand,,,Sand 1,1,3.29,11.01,0.23999999999999977,-7.48
-4.800000000000001,8.33,8.84,0.056,0.62,0.2,0.2,0.0,8.33,8.84,88.4,1.8292442794085553,,,,Sand,,,Sand 1,1,3.29,11.01,0.23999999999999977,-7.48
-4.82,8.35,8.497,0.0582,0.67,0.22,0.2,-0.09,8.35,8.497,84.97,1.862292922164148,,,,Sand,,,Sand 1,1,3.29,11.01,0.23999999999999977,-7.48
-4.84,8.37,8.23,0.0593,0.71,0.22,0.2,-0.08,8.37,8.23,82.3,1.8879555402758716,,,,Sand,,,Sand 1,1,3.29,11.01,0.23999999999999977,-7.48
-4.860000000000001,8.39,8.024,0.058,0.72,0.22,0.2,-0.09,8.39,8.024,80.24,1.9004676001464926,,,,Sand,,,Sand 1,1,3.29,11.01,0.23999999999999977,-7.48
-4.880000000000001,8.41,7.877,0.0556,0.7,0.21,0.19,-0.09,8.41,7.877,78.77,1.9002036794812962,,,,Sand,,,Sand 1,1,3.29,11.01,0.23999999999999977,-7.48
-4.9,8.43,7.737,0.0549,0.71,0.22,0.2,-0.09,8.43,7.737,77.37,1.9101065627629354,,,,Sand,,,Sand 1,1,3.29,11.01,0.23999999999999977,-7.48
-4.92,8.45,7.581,0.0547,0.72,0.22,0.2,-0.09,8.45,7.581,75.81,1.9208370892288242,,,,Sand,,,Sand 1,1,3.29,11.01,0.23999999999999977,-7.48
-4.940000000000001,8.47,7.481,0.055,0.73,0.22,0.2,-0.09,8.47,7.481,74.81,1.9289720586225507,,,,Sand,,,Sand 1,1,3.29,11.01,0.23999999999999977,-7.48
-4.960000000000001,8.49,7.451,0.0505,0.68,0.21,0.19,-0.09,8.49,7.451,74.51,1.9132938385791225,,,,Sand,,,Sand 1,1,3.29,11.01,0.23999999999999977,-7.48
-4.98,8.51,7.391,0.0492,0.66,0.21,0.2,-0.08,8.51,7.391,73.91,1.909136723316298,,,,Sand,,,Sand 1,1,3.29,11.01,0.23999999999999977,-7.48
-5.0,8.53,7.391,0.0519,0.7,0.21,0.2,-0.08,8.53,7.391,73.91,1.9231706292565995,,,,Sand,,,Sand 1,1,3.29,11.01,0.23999999999999977,-7.48
-5.020000000000001,8.55,7.407,0.0518,0.69,0.21,0.19,-0.09,8.55,7.407,74.07,1.918933563724226,,,,Sand,,,Sand 1,1,3.29,11.01,0.23999999999999977,-7.48
-5.040000000000001,8.57,7.491,0.0529,0.69,0.21,0.2,-0.08,8.57,7.491,74.91,1.9148510793493383,,,,Sand,,,Sand 1,1,3.29,11.01,0.23999999999999977,-7.48
-5.0600000000000005,8.59,7.671,0.052,0.66,0.22,0.2,-0.09,8.59,7.671,76.71,1.8956122574319285,,,,Sand,,,Sand 1,1,3.29,11.01,0.23999999999999977,-7.48
-5.08,8.61,8.054,0.0498,0.6,0.22,0.2,-0.09,8.61,8.054,80.54,1.8553613003748353,,,,Sand,,,Sand 1,1,3.29,11.01,0.23999999999999977,-7.48
-5.100000000000001,8.63,8.483,0.0477,0.54,0.2,0.2,0.0,8.63,8.483,84.83,1.811939187564137,,,,Sand,,,Sand 1,1,3.29,11.01,0.23999999999999977,-7.48
-5.120000000000001,8.65,9.129,0.0456,0.48,0.22,0.2,-0.09,8.65,9.129,91.29,1.7581404556165203,,,,Sand,,,Sand 1,1,3.29,11.01,0.23999999999999977,-7.48
-5.140000000000001,8.67,9.995,0.0462,0.45,0.22,0.2,-0.09,8.67,9.995,99.95,1.7099820800041174,,,,Sand,,,Sand 1,1,3.29,11.01,0.23999999999999977,-7.48
-5.16,8.69,11.088,0.0481,0.43,0.2,0.2,0.01,8.69,11.088,110.88,1.6611597626361951,,,,Sand,,,Sand 1,1,3.29,11.01,0.23999999999999977,-7.48
-5.1800000000000015,8.71,12.284,0.0462,0.38,0.2,0.2,0.01,8.71,12.284,122.84,1.5955802605394234,,,,Sand,,,Sand 1,1,3.29,11.01,0.23999999999999977,-7.48
-5.200000000000001,8.73,13.419,0.0483,0.38,0.22,0.2,-0.09,8.73,13.419,134.19,1.5624880765525027,,,,Sand,,,Sand 1,1,3.29,11.01,0.23999999999999977,-7.48
-5.220000000000001,8.75,14.145,0.054,0.41,0.2,0.2,0.0,8.75,14.145,141.45,1.5602363676155986,,,,Sand,,,Sand 1,1,3.29,11.01,0.23999999999999977,-7.48
-5.24,8.77,14.339,0.0589,0.43,0.2,0.2,-0.04,8.77,14.339,143.39,1.5664102583087365,,,,Sand,,,Sand 1,1,3.29,11.01,0.23999999999999977,-7.48
-5.26,8.79,14.139,0.0663,0.47,0.2,0.2,0.0,8.79,14.139,141.39,1.5928381619025882,,,,Sand,,,Sand 1,1,3.29,11.01,0.23999999999999977,-7.48
-5.280000000000001,8.81,13.896,0.0736,0.52,0.22,0.2,-0.08,8.81,13.896,138.96,1.6239839062635897,,,,Sand,,,Sand 1,1,3.29,11.01,0.23999999999999977,-7.48
-5.300000000000001,8.83,14.072,0.0808,0.57,0.2,0.2,0.0,8.83,14.072,140.72,1.6428861967324584,,,,Sand,,,Sand 1,1,3.29,11.01,0.23999999999999977,-7.48
-5.32,8.85,14.325,0.0868,0.62,0.2,0.2,0.01,8.85,14.325,143.25,1.6586995667087125,,,,Sand,,,Sand 1,1,3.29,11.01,0.23999999999999977,-7.48
-5.34,8.87,14.349,0.0896,0.64,0.2,0.2,0.0,8.87,14.349,143.49,1.6665781577099295,,,,Sand,,,Sand 1,1,3.29,11.01,0.23999999999999977,-7.48
-5.360000000000001,8.89,13.956,0.0866,0.63,0.19,0.19,0.0,8.89,13.956,139.56,1.6719191567906289,,,,Sand,,,Sand 1,1,3.29,11.01,0.23999999999999977,-7.48
-5.380000000000001,8.91,13.536,0.0808,0.59,0.2,0.2,0.0,8.91,13.536,135.36,1.6653515555711091,,,,Sand,,,Sand 1,1,3.29,11.01,0.23999999999999977,-7.48
-5.4,8.93,13.296,0.0788,0.57,0.2,0.2,0.01,8.93,13.296,132.96,1.6627684331964678,,,,Sand,,,Sand 1,1,3.29,11.01,0.23999999999999977,-7.48
-5.42,8.95,13.366,0.0804,0.59,0.2,0.2,0.01,8.95,13.366,133.66,1.6697663887898024,,,,Sand,,,Sand 1,1,3.29,11.01,0.23999999999999977,-7.48
-5.440000000000001,8.97,13.712,0.082,0.6,0.21,0.2,-0.06,8.97,13.712,137.12,1.6652105523915146,,,,Sand,,,Sand 1,1,3.29,11.01,0.23999999999999977,-7.48
-5.460000000000001,8.99,14.129,0.0843,0.61,0.2,0.2,0.0,8.99,14.129,141.29,1.6591545820803895,,,,Sand,,,Sand 1,1,3.29,11.01,0.23999999999999977,-7.48
-5.48,9.01,14.035,0.0881,0.64,0.19,0.19,0.0,9.01,14.035,140.35,1.6741601861299622,,,,Sand,,,Sand 1,1,3.29,11.01,0.23999999999999977,-7.48
-5.5,9.03,13.939,0.0913,0.67,0.2,0.2,0.01,9.03,13.939,139.39,1.6887670932714147,,,,Sand,,,Sand 1,1,3.29,11.01,0.23999999999999977,-7.48
-5.520000000000001,9.05,13.732,0.0932,0.69,0.2,0.2,0.0,9.05,13.732,137.32,1.7017915966993302,,,,Sand,,,Sand 1,1,3.29,11.01,0.23999999999999977,-7.48
-5.540000000000001,9.07,13.236,0.0941,0.72,0.19,0.19,0.0,9.07,13.236,132.36,1.725805651326392,,,,Sand,,,Sand 1,1,3.29,11.01,0.23999999999999977,-7.48
-5.5600000000000005,9.09,12.85,0.0938,0.74,0.2,0.2,0.0,9.09,12.85,128.5,1.7432757771339342,,,,Sand,,,Sand 1,1,3.29,11.01,0.23999999999999977,-7.48
-5.58,9.11,12.3,0.0922,0.75,0.2,0.2,0.0,9.11,12.3,123.0,1.7617664635280486,,,,Sand,,,Sand 1,1,3.29,11.01,0.23999999999999977,-7.48
-5.600000000000001,9.13,11.764,0.0899,0.75,0.2,0.2,0.0,9.13,11.764,117.64,1.7769652315916356,,,,Sand,,,Sand 1,1,3.29,11.01,0.23999999999999977,-7.48
-5.620000000000001,9.15,11.394,0.0883,0.75,0.2,0.2,0.0,9.15,11.394,113.94,1.787915907274916,,,,Sand,,,Sand 1,1,3.29,11.01,0.23999999999999977,-7.48
-5.640000000000001,9.17,11.194,0.0877,0.76,0.2,0.2,0.01,9.17,11.194,111.94,1.7975186606152922,,,,Sand,,,Sand 1,1,3.29,11.01,0.23999999999999977,-7.48
-5.66,9.19,11.158,0.0869,0.76,0.19,0.19,0.0,9.19,11.158,111.58,1.7986247903693418,,,,Sand,,,Sand 1,1,3.29,11.01,0.23999999999999977,-7.48
-5.6800000000000015,9.21,11.308,0.0868,0.75,0.2,0.2,0.01,9.21,11.308,113.08,1.7905180710453001,,,,Sand,,,Sand 1,1,3.29,11.01,0.23999999999999977,-7.48
-5.700000000000001,9.23,11.651,0.086,0.74,0.2,0.2,0.0,9.23,11.651,116.51,1.7766884924606585,,,,Sand,,,Sand 1,1,3.29,11.01,0.23999999999999977,-7.48
-5.720000000000001,9.25,12.044,0.0842,0.72,0.2,0.2,0.0,9.25,12.044,120.44,1.7580111563071255,,,,Sand,,,Sand 1,1,3.29,11.01,0.23999999999999977,-7.48
-5.74,9.27,12.087,0.0847,0.72,0.2,0.2,0.0,9.27,12.087,120.87,1.756788317342543,,,,Sand,,,Sand 1,1,3.29,11.01,0.23999999999999977,-7.48
-5.76,9.29,12.08,0.086,0.72,0.2,0.2,0.0,9.29,12.08,120.8,1.7569870525338411,,,,Sand,,,Sand 1,1,3.29,11.01,0.23999999999999977,-7.48
-5.780000000000001,9.31,11.97,0.0868,0.73,0.2,0.2,0.01,9.31,11.97,119.7,1.7637999641094273,,,,Sand,,,Sand 1,1,3.29,11.01,0.23999999999999977,-7.48
-5.800000000000001,9.33,11.871,0.0863,0.73,0.19,0.19,0.0,9.33,11.871,118.71,1.7666477014972928,,,,Sand,,,Sand 1,1,3.29,11.01,0.23999999999999977,-7.48
-5.82,9.35,11.901,0.085,0.72,0.2,0.2,0.0,9.35,11.901,119.01,1.7621131655759386,,,,Sand,,,Sand 1,1,3.29,11.01,0.23999999999999977,-7.48
-5.84,9.37,11.847,0.0831,0.71,0.2,0.2,0.0,9.37,11.847,118.47,1.7599727220869625,,,,Sand,,,Sand 1,1,3.29,11.01,0.23999999999999977,-7.48
-5.860000000000001,9.39,11.554,0.0806,0.7,0.19,0.19,0.0,9.39,11.554,115.54,1.7648898085749398,,,,Sand,,,Sand 1,1,3.29,11.01,0.23999999999999977,-7.48
-5.880000000000001,9.41,11.291,0.0797,0.69,0.2,0.2,0.0,9.41,11.291,112.91,1.7691265714979778,,,,Sand,,,Sand 1,1,3.29,11.01,0.23999999999999977,-7.48
-5.9,9.43,11.218,0.0804,0.69,0.19,0.19,0.0,9.43,11.218,112.18,1.7713840822344271,,,,Sand,,,Sand 1,1,3.29,11.01,0.23999999999999977,-7.48
-5.92,9.45,11.411,0.0817,0.69,0.2,0.2,0.0,9.45,11.411,114.11,1.7654505686556847,,,,Sand,,,Sand 1,1,3.29,11.01,0.23999999999999977,-7.48
-5.940000000000001,9.47,11.887,0.0815,0.69,0.2,0.2,0.0,9.47,11.887,118.87,1.7512808995780604,,,,Sand,,,Sand 1,1,3.29,11.01,0.23999999999999977,-7.48
-5.960000000000001,9.49,12.443,0.0814,0.68,0.2,0.2,0.01,9.49,12.443,124.43,1.7316483444523196,,,,Sand,,,Sand 1,1,3.29,11.01,0.23999999999999977,-7.48
-5.98,9.51,12.623,0.083,0.68,0.2,0.2,0.0,9.51,12.623,126.23,1.7266994201814063,,,,Sand,,,Sand 1,1,3.29,11.01,0.23999999999999977,-7.48
-6.0,9.53,12.354,0.0848,0.69,0.2,0.2,0.0,9.53,12.354,123.54,1.7379803498996789,,,,Sand,,,Sand 1,1,3.29,11.01,0.23999999999999977,-7.48
-6.020000000000001,9.55,12.244,0.0862,0.7,0.22,0.2,0.09,9.55,12.244,122.44,1.744869560077306,,,,Sand,,,Sand 1,1,3.29,11.01,0.23999999999999977,-7.48
-6.040000000000001,9.57,12.134,0.0859,0.71,0.2,0.2,0.0,9.57,12.134,121.34,1.7517361067668804,,,,Sand,,,Sand 1,1,3.29,11.01,0.23999999999999977,-7.48
-6.0600000000000005,9.59,12.02,0.085,0.71,0.2,0.2,0.01,9.59,12.02,120.2,1.754981492413314,,,,Sand,,,Sand 1,1,3.29,11.01,0.23999999999999977,-7.48
-6.08,9.61,11.96,0.0847,0.71,0.21,0.19,0.09,9.61,11.96,119.6,1.7567034234077306,,,,Sand,,,Sand 1,1,3.29,11.01,0.23999999999999977,-7.48
-6.100000000000001,9.63,11.857,0.0842,0.71,0.21,0.19,0.09,9.63,11.857,118.57,1.7596820034502396,,,,Sand,,,Sand 1,1,3.29,11.01,0.23999999999999977,-7.48
-6.120000000000001,9.65,11.771,0.0827,0.7,0.2,0.2,0.01,9.65,11.771,117.71,1.7584530386759307,,,,Sand,,,Sand 1,1,3.29,11.01,0.23999999999999977,-7.48
-6.140000000000001,9.67,11.841,0.0825,0.7,0.19,0.19,0.01,9.67,11.841,118.41,1.7564048077952576,,,,Sand,,,Sand 1,1,3.29,11.01,0.23999999999999977,-7.48
-6.16,9.69,11.821,0.0866,0.74,0.19,0.19,0.0,9.69,11.821,118.21,1.7717226012006664,,,,Sand,,,Sand 1,1,3.29,11.01,0.23999999999999977,-7.48
-6.1800000000000015,9.71,11.687,0.087,0.74,0.2,0.2,0.0,9.71,11.687,116.87,1.775630167563786,,,,Sand,,,Sand 1,1,3.29,11.01,0.23999999999999977,-7.48
-6.200000000000001,9.73,11.627,0.084,0.73,0.2,0.2,0.0,9.73,11.627,116.27,1.773781124701867,,,,Sand,,,Sand 1,1,3.29,11.01,0.23999999999999977,-7.48
-6.220000000000001,9.75,11.637,0.0854,0.75,0.19,0.19,0.01,9.75,11.637,116.37,1.7806800867874453,,,,Sand,,,Sand 1,1,3.29,11.01,0.23999999999999977,-7.48
-6.24,9.77,11.408,0.0857,0.77,0.22,0.2,0.09,9.77,11.408,114.08,1.7945190682857624,,,,Sand,,,Sand 1,1,3.29,11.01,0.23999999999999977,-7.48
-6.26,9.79,11.018,0.0835,0.76,0.2,0.2,0.0,9.79,11.018,110.18,1.802964522667286,,,,Sand,,,Sand 1,1,3.29,11.01,0.23999999999999977,-7.48
-6.280000000000001,9.81,10.572,0.0818,0.76,0.2,0.2,0.0,9.81,10.572,105.72,1.8172099765713075,,,,Sand,,,Sand 1,1,3.29,11.01,0.23999999999999977,-7.48
-6.300000000000001,9.83,10.355,0.0797,0.76,0.19,0.19,0.0,9.83,10.355,103.55,1.824384495407522,,,,Sand,,,Sand 1,1,3.29,11.01,0.23999999999999977,-7.48
-6.32,9.85,10.115,0.0775,0.76,0.2,0.2,0.01,9.85,10.115,101.15,1.8325161709766267,,,,Sand,,,Sand 1,1,3.29,11.01,0.23999999999999977,-7.48
-6.34,9.87,9.942,0.0765,0.76,0.22,0.2,0.09,9.87,9.942,99.42,1.8385113804281887,,,,Sand,,,Sand 1,1,3.29,11.01,0.23999999999999977,-7.48
-6.360000000000001,9.89,9.822,0.0751,0.75,0.22,0.2,0.09,9.89,9.822,98.22,1.8393075376557344,,,,Sand,,,Sand 1,1,3.29,11.01,0.23999999999999977,-7.48
-6.380000000000001,9.91,9.806,0.0697,0.7,0.22,0.2,0.09,9.91,9.806,98.06,1.822201983700122,,,,Sand,,,Sand 1,1,3.29,11.01,0.23999999999999977,-7.48
-6.4,9.93,9.902,0.0643,0.65,0.2,0.2,0.05,9.93,9.902,99.02,1.8001119145933122,,,,Sand,,,Sand 1,1,3.29,11.01,0.23999999999999977,-7.48
-6.42,9.95,10.065,0.0634,0.64,0.22,0.2,0.09,9.95,10.065,100.65,1.79044149455897,,,,Sand,,,Sand 1,1,3.29,11.01,0.23999999999999977,-7.48
-6.440000000000001,9.97,10.065,0.063,0.63,0.2,0.2,0.0,9.97,10.065,100.65,1.7865303138187485,,,,Sand,,,Sand 1,1,3.29,11.01,0.23999999999999977,-7.48
-6.460000000000001,9.99,9.995,0.0632,0.63,0.19,0.19,0.0,9.99,9.995,99.95,1.7890203395941822,,,,Sand,,,Sand 1,1,3.29,11.01,0.23999999999999977,-7.48
-6.48,10.01,10.022,0.0644,0.64,0.22,0.2,0.09,10.01,10.022,100.22,1.7919654903392823,,,,Sand,,,Sand 1,1,3.29,11.01,0.23999999999999977,-7.48
-6.5,10.03,9.829,0.0669,0.65,0.2,0.2,0.0,10.03,9.829,98.29,1.80274475933036,,,,Sand,,,Sand 1,1,3.29,11.01,0.23999999999999977,-7.48
-6.520000000000001,10.05,10.338,0.0689,0.67,0.2,0.2,0.01,10.05,10.338,103.38,1.7924668795702454,,,,Sand,,,Sand 1,1,3.29,11.01,0.23999999999999977,-7.48
-6.540000000000001,10.07,10.615,0.07,0.67,0.21,0.19,0.09,10.07,10.615,106.15,1.7831543801847294,,,,Sand,,,Sand 1,1,3.29,11.01,0.23999999999999977,-7.48
-6.5600000000000005,10.09,10.728,0.0717,0.68,0.21,0.19,0.09,10.09,10.728,107.28,1.7832221504046053,,,,Sand,,,Sand 1,1,3.29,11.01,0.23999999999999977,-7.48
-6.58,10.11,10.751,0.0733,0.69,0.21,0.19,0.09,10.11,10.751,107.51,1.7862224872620924,,,,Sand,,,Sand 1,1,3.29,11.01,0.23999999999999977,-7.48
-6.600000000000001,10.13,10.731,0.0747,0.7,0.22,0.2,0.09,10.13,10.731,107.31,1.7905838387157473,,,,Sand,,,Sand 1,1,3.29,11.01,0.23999999999999977,-7.48
-6.620000000000001,10.15,10.605,0.0759,0.71,0.21,0.19,0.09,10.15,10.605,106.05,1.798372560384284,,,,Sand,,,Sand 1,1,3.29,11.01,0.23999999999999977,-7.48
-6.640000000000001,10.17,10.582,0.0795,0.75,0.22,0.2,0.09,10.17,10.582,105.82,1.8134038543904991,,,,Sand,,,Sand 1,1,3.29,11.01,0.23999999999999977,-7.48
-6.66,10.19,10.582,0.0789,0.75,0.22,0.2,0.09,10.19,10.582,105.82,1.8134038543904991,,,,Sand,,,Sand 1,1,3.29,11.01,0.23999999999999977,-7.48
-6.6800000000000015,10.21,10.575,0.0752,0.71,0.21,0.19,0.09,10.21,10.575,105.75,1.7993609089848799,,,,Sand,,,Sand 1,1,3.29,11.01,0.23999999999999977,-7.48
-6.700000000000001,10.23,10.532,0.0755,0.72,0.22,0.2,0.09,10.23,10.532,105.32,1.8044029887965836,,,,Sand,,,Sand 1,1,3.29,11.01,0.23999999999999977,-7.48
-6.720000000000001,10.25,10.492,0.0756,0.72,0.22,0.2,0.09,10.25,10.492,104.92,1.8057289461465598,,,,Sand,,,Sand 1,1,3.29,11.01,0.23999999999999977,-7.48
-6.74,10.27,10.588,0.0749,0.71,0.22,0.2,0.09,10.27,10.588,105.88,1.7989322441444755,,,,Sand,,,Sand 1,1,3.29,11.01,0.23999999999999977,-7.48
-6.76,10.29,10.578,0.074,0.71,0.21,0.19,0.09,10.29,10.578,105.78,1.7992619345954115,,,,Sand,,,Sand 1,1,3.29,11.01,0.23999999999999977,-7.48
-6.780000000000001,10.31,10.565,0.0746,0.71,0.22,0.2,0.09,10.31,10.565,105.65,1.799691048128859,,,,Sand,,,Sand 1,1,3.29,11.01,0.23999999999999977,-7.48
-6.800000000000001,10.33,10.408,0.0759,0.72,0.22,0.2,0.09,10.33,10.408,104.08,1.8085317571879906,,,,Sand,,,Sand 1,1,3.29,11.01,0.23999999999999977,-7.48
-6.82,10.35,10.375,0.0777,0.74,0.22,0.2,0.09,10.35,10.375,103.75,1.8167488348565222,,,,Sand,,,Sand 1,1,3.29,11.01,0.23999999999999977,-7.48
-6.84,10.37,10.482,0.0787,0.75,0.22,0.19,0.09,10.37,10.482,104.82,1.8166924113046627,,,,Sand,,,Sand 1,1,3.29,11.01,0.23999999999999977,-7.48
-6.860000000000001,10.39,10.595,0.078,0.75,0.22,0.2,0.09,10.39,10.595,105.95,1.8129788755936647,,,,Sand,,,Sand 1,1,3.29,11.01,0.23999999999999977,-7.48
-6.880000000000001,10.41,10.482,0.0775,0.74,0.22,0.2,0.09,10.41,10.482,104.82,1.8131844599982163,,,,Sand,,,Sand 1,1,3.29,11.01,0.23999999999999977,-7.48
-6.9,10.43,10.388,0.0779,0.73,0.22,0.2,0.09,10.43,10.388,103.88,1.8127762735420554,,,,Sand,,,Sand 1,1,3.29,11.01,0.23999999999999977,-7.48
-6.92,10.45,10.482,0.0782,0.73,0.22,0.2,0.09,10.45,10.482,104.82,1.8096410047217897,,,,Sand,,,Sand 1,1,3.29,11.01,0.23999999999999977,-7.48
-6.940000000000001,10.47,10.761,0.0779,0.71,0.22,0.2,0.09,10.47,10.761,107.61,1.79328254982978,,,,Sand,,,Sand 1,1,3.29,11.01,0.23999999999999977,-7.48
-6.960000000000001,10.49,11.118,0.078,0.7,0.22,0.2,0.09,10.49,11.118,111.18,1.778238982881842,,,,Sand,,,Sand 1,1,3.29,11.01,0.23999999999999977,-7.48
-6.98,10.51,11.491,0.0791,0.7,0.22,0.2,0.09,10.51,11.491,114.91,1.7667837721044402,,,,Sand,,,Sand 1,1,3.29,11.01,0.23999999999999977,-7.48
-7.0,10.53,11.637,0.0807,0.7,0.2,0.2,0.0,10.53,11.637,116.37,1.7624120504985572,,,,Sand,,,Sand 1,1,3.29,11.01,0.23999999999999977,-7.48
-7.020000000000001,10.55,11.834,0.0824,0.7,0.22,0.2,0.09,10.55,11.834,118.34,1.75660902300609,,,,Sand,,,Sand 1,1,3.29,11.01,0.23999999999999977,-7.48
-7.040000000000001,10.57,12.027,0.0869,0.74,0.22,0.2,0.09,10.57,12.027,120.27,1.7658109863509543,,,,Sand,,,Sand 1,1,3.29,11.01,0.23999999999999977,-7.48
-7.0600000000000005,10.59,12.09,0.0872,0.74,0.21,0.19,0.09,10.59,12.09,120.9,1.7640256545217878,,,,Sand,,,Sand 1,1,3.29,11.01,0.23999999999999977,-7.48
-7.08,10.61,11.967,0.0836,0.71,0.21,0.19,0.09,10.61,11.967,119.67,1.756502035208198,,,,Sand,,,Sand 1,1,3.29,11.01,0.23999999999999977,-7.48
-7.100000000000001,10.63,11.721,0.0892,0.77,0.21,0.19,0.09,10.63,11.721,117.21,1.7852791748533001,,,,Sand,,,Sand 1,1,3.29,11.01,0.23999999999999977,-7.48
-7.120000000000001,10.65,11.448,0.0948,0.83,0.22,0.2,0.09,10.65,11.448,114.48,1.8136104829523623,,,,Sand,,,Sand 1,1,3.29,11.01,0.23999999999999977,-7.48
-7.140000000000001,10.67,11.231,0.0896,0.8,0.22,0.2,0.09,10.67,11.231,112.31,1.8101223606670185,,,,Sand,,,Sand 1,1,3.29,11.01,0.23999999999999977,-7.48
-7.16,10.69,10.875,0.0842,0.78,0.22,0.2,0.09,10.69,10.875,108.75,1.8143537295094836,,,,Sand,,,Sand 1,1,3.29,11.01,0.23999999999999977,-7.48
-7.1800000000000015,10.71,10.645,0.0837,0.8,0.21,0.19,0.09,10.71,10.645,106.45,1.8284309526682523,,,,Sand,,,Sand 1,1,3.29,11.01,0.23999999999999977,-7.48
-7.200000000000001,10.73,10.252,0.0814,0.81,0.22,0.19,0.09,10.73,10.252,102.52,1.8446457619087306,,,,Sand,,,Sand 1,1,3.29,11.01,0.23999999999999977,-7.48
-7.220000000000001,10.75,9.652,0.0783,0.81,0.22,0.2,0.09,10.75,9.652,96.52,1.8654329695728988,,,,Sand,,,Sand 1,1,3.29,11.01,0.23999999999999977,-7.48
-7.24,10.77,9.183,0.0762,0.81,0.22,0.19,0.09,10.77,9.183,91.83,1.882703880311442,,,,Sand,,,Sand 1,1,3.29,11.01,0.23999999999999977,-7.48
-7.26,10.79,8.89,0.0741,0.82,0.22,0.2,0.09,10.79,8.89,88.9,1.8971751908130998,,,,Sand,,,Sand 1,1,3.29,11.01,0.23999999999999977,-7.48
-7.280000000000001,10.81,8.513,0.072,0.82,0.22,0.2,0.09,10.81,8.513,85.13,1.9122968775367957,,,,Sand,,,Sand 1,1,3.29,11.01,0.23999999999999977,-7.48
-7.300000000000001,10.83,8.423,0.0702,0.82,0.22,0.19,0.09,10.83,8.423,84.23,1.9160158286463185,,,,Sand,,,Sand 1,1,3.29,11.01,0.23999999999999977,-7.48
-7.32,10.85,8.423,0.0687,0.81,0.21,0.19,0.09,10.85,8.423,84.23,1.9128672827981508,,,,Sand,,,Sand 1,1,3.29,11.01,0.23999999999999977,-7.48
-7.34,10.87,8.427,0.0669,0.8,0.22,0.19,0.09,10.87,8.427,84.27,1.9095227206256933,,,,Sand,,,Sand 1,1,3.29,11.01,0.23999999999999977,-7.48
-7.360000000000001,10.89,8.413,0.0653,0.79,0.22,0.2,0.09,10.89,8.413,84.13,1.9068998586315422,,,,Sand,,,Sand 1,1,3.29,11.01,0.23999999999999977,-7.48
-7.380000000000001,10.91,8.347,0.0651,0.8,0.22,0.2,0.09,10.91,8.347,83.47,1.912874585327851,,,,Sand,,,Sand 1,1,3.29,11.01,0.23999999999999977,-7.48
-7.4,10.93,8.187,0.0595,0.75,0.21,0.19,0.09,10.93,8.187,81.86999999999999,1.903423123974431,,,,Sand,,,Sand 1,1,3.29,11.01,0.23999999999999977,-7.48
-7.42,10.95,7.904,0.0528,0.69,0.21,0.19,0.09,10.95,7.904,79.04,1.895475314399763,,,,Sand,,,Sand 1,1,3.29,11.01,0.23999999999999977,-7.48
-7.440000000000001,10.97,7.574,0.0513,0.71,0.22,0.2,0.09,10.97,7.574,75.74,1.9177696546831853,,,,Sand,,,Sand 1,1,3.29,11.01,0.23999999999999977,-7.48
-7.460000000000001,10.99,7.044,0.0501,0.74,0.21,0.19,0.09,10.99,7.044,70.44,1.9539436556046708,,,,Sand,,,Sand 1,1,3.29,11.01,0.23999999999999977,-7.48
-7.48,11.01,6.375,0.0489,0.79,0.22,0.2,0.09,11.01,6.375,63.75,2.0057533636184544,,,,Sand,,,Sand mixtures 2,2,11.01,12.95,-7.48,-9.42
-7.5,11.03,5.096,0.0468,0.82,0.22,0.19,0.09,11.03,5.096,50.96,2.095923178921974,,,,Sand mixtures,,,Sand mixtures 2,2,11.01,12.95,-7.48,-9.42
-7.520000000000001,11.05,4.993,0.0441,0.86,0.22,0.2,0.09,11.05,4.993,49.93,2.114608572420556,,,,Sand mixtures,,,Sand mixtures 2,2,11.01,12.95,-7.48,-9.42
-7.540000000000001,11.07,4.59,0.0411,0.88,0.22,0.2,0.09,11.07,4.59,45.9,2.1507118026183725,,,,Sand mixtures,,,Sand mixtures 2,2,11.01,12.95,-7.48,-9.42
-7.5600000000000005,11.09,4.203,0.0388,0.92,0.22,0.2,0.09,11.09,4.203,42.03,2.1933300131098843,,,,Sand mixtures,,,Sand mixtures 2,2,11.01,12.95,-7.48,-9.42
-7.58,11.11,3.824,0.0366,0.93,0.22,0.2,0.09,11.11,3.824,38.24,2.230488838510057,,,,Sand mixtures,,,Sand mixtures 2,2,11.01,12.95,-7.48,-9.42
-7.600000000000001,11.13,3.504,0.0349,0.96,0.22,0.2,0.09,11.13,3.504,35.04,2.2699690597992106,,,,Sand mixtures,,,Sand mixtures 2,2,11.01,12.95,-7.48,-9.42
-7.620000000000001,11.15,3.277,0.0334,0.97,0.22,0.19,0.09,11.15,3.277,32.77,2.297054714153597,,,,Sand mixtures,,,Sand mixtures 2,2,11.01,12.95,-7.48,-9.42
-7.640000000000001,11.17,3.134,0.0317,0.96,0.21,0.19,0.09,11.17,3.134,31.34,2.311220739491262,,,,Sand mixtures,,,Sand mixtures 2,2,11.01,12.95,-7.48,-9.42
-7.66,11.19,3.068,0.0299,0.93,0.22,0.2,0.09,11.19,3.068,30.68,2.3120022493278842,,,,Sand mixtures,,,Sand mixtures 2,2,11.01,12.95,-7.48,-9.42
-7.6800000000000015,11.21,3.091,0.0282,0.88,0.21,0.19,0.09,11.21,3.091,30.91,2.296960566376644,,,,Sand mixtures,,,Sand mixtures 2,2,11.01,12.95,-7.48,-9.42
-7.700000000000001,11.23,3.191,0.027,0.83,0.22,0.2,0.09,11.23,3.191,31.91,2.2722109743155148,,,,Sand mixtures,,,Sand mixtures 2,2,11.01,12.95,-7.48,-9.42
-7.720000000000001,11.25,3.327,0.026,0.78,0.22,0.2,0.09,11.25,3.327,33.27,2.243045406570339,,,,Sand mixtures,,,Sand mixtures 2,2,11.01,12.95,-7.48,-9.42
-7.74,11.27,3.457,0.0256,0.74,0.22,0.19,0.09,11.27,3.457,34.57,2.217283884812223,,,,Sand mixtures,,,Sand mixtures 2,2,11.01,12.95,-7.48,-9.42
-7.76,11.29,3.574,0.0254,0.72,0.21,0.19,0.09,11.29,3.574,35.74,2.1988501072309643,,,,Sand mixtures,,,Sand mixtures 2,2,11.01,12.95,-7.48,-9.42
-7.780000000000001,11.31,3.674,0.0256,0.71,0.22,0.2,0.09,11.31,3.674,36.74,2.185426571646527,,,,Sand mixtures,,,Sand mixtures 2,2,11.01,12.95,-7.48,-9.42
-7.800000000000001,11.33,3.74,0.0259,0.71,0.22,0.2,0.09,11.33,3.74,37.4,2.178690112759888,,,,Sand mixtures,,,Sand mixtures 2,2,11.01,12.95,-7.48,-9.42
-7.82,11.35,3.764,0.0265,0.73,0.22,0.2,0.09,11.35,3.764,37.64,2.182235505470621,,,,Sand mixtures,,,Sand mixtures 2,2,11.01,12.95,-7.48,-9.42
-7.84,11.37,3.727,0.0272,0.75,0.21,0.19,0.09,11.37,3.727,37.27,2.191801844616683,,,,Sand mixtures,,,Sand mixtures 2,2,11.01,12.95,-7.48,-9.42
-7.860000000000001,11.39,3.64,0.0273,0.77,0.22,0.2,0.09,11.39,3.64,36.4,2.206403329493335,,,,Sand mixtures,,,Sand mixtures 2,2,11.01,12.95,-7.48,-9.42
-7.880000000000001,11.41,3.494,0.027,0.79,0.22,0.2,0.09,11.41,3.494,34.94,2.2273695158994076,,,,Sand mixtures,,,Sand mixtures 2,2,11.01,12.95,-7.48,-9.42
-7.9,11.43,3.321,0.0267,0.82,0.21,0.19,0.09,11.43,3.321,33.21,2.2545702133818732,,,,Sand mixtures,,,Sand mixtures 2,2,11.01,12.95,-7.48,-9.42
-7.92,11.45,3.121,0.0263,0.84,0.21,0.19,0.09,11.45,3.121,31.21,2.2831535640523444,,,,Sand mixtures,,,Sand mixtures 2,2,11.01,12.95,-7.48,-9.42
-7.940000000000001,11.47,2.918,0.0255,0.86,0.22,0.2,0.09,11.47,2.918,29.18,2.31355779657489,,,,Sand mixtures,,,Sand mixtures 2,2,11.01,12.95,-7.48,-9.42
-7.960000000000001,11.49,2.745,0.0248,0.88,0.22,0.2,0.09,11.49,2.745,27.45,2.341546515107793,,,,Sand mixtures,,,Sand mixtures 2,2,11.01,12.95,-7.48,-9.42
-7.98,11.51,2.615,0.0244,0.91,0.22,0.19,0.09,11.51,2.615,26.15,2.367068029231146,,,,Sand mixtures,,,Sand mixtures 2,2,11.01,12.95,-7.48,-9.42
-8.0,11.53,2.518,0.0239,0.93,0.22,0.2,0.09,11.53,2.518,25.18,2.3860054754473907,,,,Sand mixtures,,,Sand mixtures 2,2,11.01,12.95,-7.48,-9.42
-8.020000000000001,11.55,2.451,0.0231,0.93,0.22,0.2,0.09,11.55,2.451,24.51,2.3961686032988005,,,,Sand mixtures,,,Sand mixtures 2,2,11.01,12.95,-7.48,-9.42
-8.040000000000001,11.57,2.398,0.0224,0.92,0.21,0.19,0.09,11.57,2.398,23.98,2.4020999304129558,,,,Sand mixtures,,,Sand mixtures 2,2,11.01,12.95,-7.48,-9.42
-8.06,11.59,2.365,0.0223,0.93,0.22,0.2,0.09,11.59,2.365,23.65,2.4096505114572,,,,Sand mixtures,,,Sand mixtures 2,2,11.01,12.95,-7.48,-9.42
-8.08,11.61,2.335,0.022,0.92,0.22,0.2,0.09,11.61,2.335,23.35,2.412167415074231,,,,Sand mixtures,,,Sand mixtures 2,2,11.01,12.95,-7.48,-9.42
-8.100000000000001,11.63,2.332,0.0218,0.91,0.21,0.19,0.09,11.63,2.332,23.32,2.4103285814892628,,,,Sand mixtures,,,Sand mixtures 2,2,11.01,12.95,-7.48,-9.42
-8.120000000000001,11.65,2.352,0.0221,0.91,0.22,0.19,0.09,11.65,2.352,23.52,2.4070945011757554,,,,Sand mixtures,,,Sand mixtures 2,2,11.01,12.95,-7.48,-9.42
-8.14,11.67,2.415,0.0228,0.91,0.21,0.19,0.09,11.67,2.415,24.15,2.3970927161496496,,,,Sand mixtures,,,Sand mixtures 2,2,11.01,12.95,-7.48,-9.42
-8.16,11.69,2.521,0.0237,0.89,0.22,0.2,0.09,11.69,2.521,25.21,2.3761026662128946,,,,Sand mixtures,,,Sand mixtures 2,2,11.01,12.95,-7.48,-9.42
-8.180000000000001,11.71,2.698,0.0248,0.87,0.21,0.19,0.09,11.71,2.698,26.98,2.345599037745563,,,,Sand mixtures,,,Sand mixtures 2,2,11.01,12.95,-7.48,-9.42
-8.200000000000001,11.73,2.964,0.0251,0.83,0.22,0.2,0.09,11.73,2.964,29.64,2.2999977458542418,,,,Sand mixtures,,,Sand mixtures 2,2,11.01,12.95,-7.48,-9.42
-8.22,11.75,3.297,0.0254,0.79,0.22,0.19,0.09,11.75,3.297,32.97,2.2492065177941947,,,,Sand mixtures,,,Sand mixtures 2,2,11.01,12.95,-7.48,-9.42
-8.24,11.77,3.604,0.0264,0.8,0.22,0.19,0.09,11.77,3.604,36.04,2.2184957940220533,,,,Sand mixtures,,,Sand mixtures 2,2,11.01,12.95,-7.48,-9.42
-8.26,11.79,3.74,0.0265,0.79,0.22,0.2,0.09,11.79,3.74,37.4,2.201859775944805,,,,Sand mixtures,,,Sand mixtures 2,2,11.01,12.95,-7.48,-9.42
-8.280000000000001,11.81,3.64,0.0262,0.79,0.22,0.2,0.09,11.81,3.64,36.4,2.212009096430863,,,,Sand mixtures,,,Sand mixtures 2,2,11.01,12.95,-7.48,-9.42
-8.3,11.83,3.334,0.0256,0.8,0.22,0.19,0.09,11.83,3.334,33.34,2.2477264271301878,,,,Sand mixtures,,,Sand mixtures 2,2,11.01,12.95,-7.48,-9.42
-8.32,11.85,2.978,0.0246,0.82,0.22,0.2,0.09,11.85,2.978,29.78,2.2956154907586304,,,,Sand mixtures,,,Sand mixtures 2,2,11.01,12.95,-7.48,-9.42
-8.34,11.87,2.668,0.0238,0.86,0.22,0.2,0.09,11.87,2.668,26.68,2.3473480898356884,,,,Sand mixtures,,,Sand mixtures 2,2,11.01,12.95,-7.48,-9.42
-8.360000000000001,11.89,2.421,0.0231,0.92,0.21,0.19,0.09,11.89,2.421,24.21,2.3984935602681428,,,,Sand mixtures,,,Sand mixtures 2,2,11.01,12.95,-7.48,-9.42
-8.38,11.91,2.218,0.0222,0.97,0.21,0.19,0.09,11.91,2.218,22.18,2.4429157559115233,,,,Sand mixtures,,,Sand mixtures 2,2,11.01,12.95,-7.48,-9.42
-8.4,11.93,2.062,0.0202,0.95,0.22,0.19,0.09,11.93,2.062,20.62,2.4660967564119725,,,,Sand mixtures,,,Sand mixtures 2,2,11.01,12.95,-7.48,-9.42
-8.42,11.95,1.938,0.0182,0.91,0.22,0.19,0.09,11.95,1.938,19.38,2.480742461096882,,,,Sand mixtures,,,Sand mixtures 2,2,11.01,12.95,-7.48,-9.42
-8.440000000000001,11.97,1.839,0.0176,0.93,0.22,0.2,0.09,11.97,1.839,18.39,2.50526674588036,,,,Sand mixtures,,,Sand mixtures 2,2,11.01,12.95,-7.48,-9.42
-8.46,11.99,1.775,0.0179,0.99,0.22,0.2,0.09,11.99,1.775,17.75,2.531744233163878,,,,Sand mixtures,,,Sand mixtures 2,2,11.01,12.95,-7.48,-9.42
-8.48,12.01,1.729,0.0185,1.05,0.22,0.2,0.09,12.01,1.729,17.29,2.5540732307783767,,,,Sand mixtures,,,Sand mixtures 2,2,11.01,12.95,-7.48,-9.42
-8.5,12.03,1.705,0.0186,1.08,0.21,0.19,0.09,12.03,1.705,17.05,2.5653360105462046,,,,Sand mixtures,,,Sand mixtures 2,2,11.01,12.95,-7.48,-9.42
-8.520000000000001,12.05,1.632,0.0188,1.1,0.22,0.2,0.09,12.05,1.632,16.32,2.585812020902155,,,,Sand mixtures,,,Sand mixtures 2,2,11.01,12.95,-7.48,-9.42
-8.540000000000001,12.07,1.662,0.019,1.11,0.22,0.2,0.09,12.07,1.662,16.62,2.580833789943604,,,,Sand mixtures,,,Sand mixtures 2,2,11.01,12.95,-7.48,-9.42
-8.56,12.09,1.695,0.0198,1.15,0.22,0.2,0.09,12.09,1.695,16.95,2.580989612591478,,,,Sand mixtures,,,Sand mixtures 2,2,11.01,12.95,-7.48,-9.42
-8.58,12.11,1.742,0.0205,1.17,0.21,0.19,0.09,12.11,1.742,17.42,2.5744221023419986,,,,Sand mixtures,,,Sand mixtures 2,2,11.01,12.95,-7.48,-9.42
-8.600000000000001,12.13,1.795,0.0205,1.15,0.22,0.2,0.09,12.13,1.795,17.95,2.55940565505436,,,,Sand mixtures,,,Sand mixtures 2,2,11.01,12.95,-7.48,-9.42
-8.620000000000001,12.15,1.842,0.0207,1.13,0.22,0.2,0.09,12.15,1.842,18.42,2.5458744189568825,,,,Sand mixtures,,,Sand mixtures 2,2,11.01,12.95,-7.48,-9.42
-8.64,12.17,1.885,0.0212,1.14,0.22,0.2,0.09,12.17,1.885,18.85,2.5391227323368435,,,,Sand mixtures,,,Sand mixtures 2,2,11.01,12.95,-7.48,-9.42
-8.66,12.19,1.899,0.0212,1.12,0.21,0.19,0.09,12.19,1.899,18.99,2.532484396645258,,,,Sand mixtures,,,Sand mixtures 2,2,11.01,12.95,-7.48,-9.42
-8.680000000000001,12.21,1.915,0.0213,1.12,0.22,0.2,0.09,12.21,1.915,19.15,2.5293318967062848,,,,Sand mixtures,,,Sand mixtures 2,2,11.01,12.95,-7.48,-9.42
-8.700000000000001,12.23,1.922,0.0213,1.11,0.22,0.19,0.09,12.23,1.922,19.22,2.5260080185018245,,,,Sand mixtures,,,Sand mixtures 2,2,11.01,12.95,-7.48,-9.42
-8.72,12.25,1.935,0.0217,1.12,0.21,0.19,0.09,12.25,1.935,19.35,2.525429939366312,,,,Sand mixtures,,,Sand mixtures 2,2,11.01,12.95,-7.48,-9.42
-8.74,12.27,1.945,0.0221,1.13,0.22,0.2,0.09,12.27,1.945,19.45,2.525438656912689,,,,Sand mixtures,,,Sand mixtures 2,2,11.01,12.95,-7.48,-9.42
-8.76,12.29,1.958,0.0219,1.12,0.22,0.2,0.09,12.29,1.958,19.58,2.520994715890936,,,,Sand mixtures,,,Sand mixtures 2,2,11.01,12.95,-7.48,-9.42
-8.780000000000001,12.31,1.975,0.0223,1.12,0.21,0.19,0.09,12.31,1.975,19.75,2.5177515417205867,,,,Sand mixtures,,,Sand mixtures 2,2,11.01,12.95,-7.48,-9.42
-8.8,12.33,2.002,0.023,1.14,0.21,0.19,0.09,12.33,2.002,20.019999999999996,2.5165520192189286,,,,Sand mixtures,,,Sand mixtures 2,2,11.01,12.95,-7.48,-9.42
-8.82,12.35,2.028,0.0237,1.15,0.22,0.2,0.09,12.35,2.028,20.28,2.5136551092667667,,,,Sand mixtures,,,Sand mixtures 2,2,11.01,12.95,-7.48,-9.42
-8.84,12.37,2.068,0.0246,1.17,0.22,0.2,0.09,12.37,2.068,20.68,2.510194278165027,,,,Sand mixtures,,,Sand mixtures 2,2,11.01,12.95,-7.48,-9.42
-8.860000000000001,12.39,2.128,0.025,1.15,0.22,0.2,0.09,12.39,2.128,21.28,2.495690790841415,,,,Sand mixtures,,,Sand mixtures 2,2,11.01,12.95,-7.48,-9.42
-8.88,12.41,2.208,0.0232,1.02,0.22,0.2,0.09,12.41,2.208,22.08,2.4554711035610315,,,,Sand mixtures,,,Sand mixtures 2,2,11.01,12.95,-7.48,-9.42
-8.9,12.43,2.318,0.0234,0.97,0.22,0.2,0.09,12.43,2.318,23.18,2.4262822350952074,,,,Sand mixtures,,,Sand mixtures 2,2,11.01,12.95,-7.48,-9.42
-8.92,12.45,2.471,0.0263,1.02,0.21,0.19,0.09,12.45,2.471,24.71,2.4132790998653486,,,,Sand mixtures,,,Sand mixtures 2,2,11.01,12.95,-7.48,-9.42
-8.940000000000001,12.47,2.688,0.0281,1.0,0.22,0.2,0.09,12.47,2.688,26.88,2.3774627078171915,,,,Sand mixtures,,,Sand mixtures 2,2,11.01,12.95,-7.48,-9.42
-8.96,12.49,2.984,0.0294,0.98,0.22,0.2,0.09,12.49,2.984,29.84,2.33407291229233,,,,Sand mixtures,,,Sand mixtures 2,2,11.01,12.95,-7.48,-9.42
-8.98,12.51,3.311,0.0305,0.95,0.22,0.2,0.09,12.51,3.311,33.11,2.28849317923372,,,,Sand mixtures,,,Sand mixtures 2,2,11.01,12.95,-7.48,-9.42
-9.0,12.53,3.617,0.0325,0.95,0.22,0.2,0.09,12.53,3.617,36.17,2.255870842628194,,,,Sand mixtures,,,Sand mixtures 2,2,11.01,12.95,-7.48,-9.42
-9.020000000000001,12.55,3.71,0.035,0.98,0.22,0.2,0.09,12.55,3.71,37.1,2.2537631068702493,,,,Sand mixtures,,,Sand mixtures 2,2,11.01,12.95,-7.48,-9.42
-9.040000000000001,12.57,3.787,0.0367,0.99,0.21,0.19,0.09,12.57,3.787,37.87,2.248625264238604,,,,Sand mixtures,,,Sand mixtures 2,2,11.01,12.95,-7.48,-9.42
-9.06,12.59,3.83,0.0376,1.0,0.22,0.2,0.09,12.59,3.83,38.3,2.2468686803090003,,,,Sand mixtures,,,Sand mixtures 2,2,11.01,12.95,-7.48,-9.42
-9.08,12.61,3.84,0.0387,1.02,0.22,0.2,0.09,12.61,3.84,38.4,2.250601056040068,,,,Sand mixtures,,,Sand mixtures 2,2,11.01,12.95,-7.48,-9.42
-9.100000000000001,12.63,3.834,0.0376,0.98,0.22,0.2,0.09,12.63,3.834,38.34,2.2417352595802473,,,,Sand mixtures,,,Sand mixtures 2,2,11.01,12.95,-7.48,-9.42
-9.120000000000001,12.65,3.824,0.0376,0.98,0.22,0.2,0.09,12.65,3.824,38.24,2.2426897569998236,,,,Sand mixtures,,,Sand mixtures 2,2,11.01,12.95,-7.48,-9.42
-9.14,12.67,3.83,0.0398,1.03,0.22,0.2,0.09,12.67,3.83,38.3,2.2538647894610406,,,,Sand mixtures,,,Sand mixtures 2,2,11.01,12.95,-7.48,-9.42
-9.16,12.69,3.837,0.0367,0.94,0.22,0.2,0.09,12.69,3.837,38.37,2.231721534718574,,,,Sand mixtures,,,Sand mixtures 2,2,11.01,12.95,-7.48,-9.42
-9.180000000000001,12.71,3.86,0.037,0.94,0.21,0.19,0.09,12.71,3.86,38.6,2.229528527729356,,,,Sand mixtures,,,Sand mixtures 2,2,11.01,12.95,-7.48,-9.42
-9.200000000000001,12.73,3.92,0.0409,1.01,0.22,0.2,0.09,12.73,3.92,39.2,2.240762819340896,,,,Sand mixtures,,,Sand mixtures 2,2,11.01,12.95,-7.48,-9.42
-9.22,12.75,4.107,0.0415,0.99,0.22,0.2,0.09,12.75,4.107,41.07,2.2190695021244475,,,,Sand mixtures,,,Sand mixtures 2,2,11.01,12.95,-7.48,-9.42
-9.24,12.77,4.253,0.0421,0.96,0.22,0.19,0.09,12.77,4.253,42.53,2.1990586193717396,,,,Sand mixtures,,,Sand mixtures 2,2,11.01,12.95,-7.48,-9.42
-9.26,12.79,4.51,0.0431,0.94,0.21,0.19,0.09,12.79,4.51,45.1,2.1727330498940054,,,,Sand mixtures,,,Sand mixtures 2,2,11.01,12.95,-7.48,-9.42
-9.280000000000001,12.81,4.906,0.0447,0.92,0.22,0.2,0.09,12.81,4.906,49.06,2.137092439112798,,,,Sand mixtures,,,Sand mixtures 2,2,11.01,12.95,-7.48,-9.42
-9.3,12.83,5.119,0.0462,0.9,0.22,0.2,0.09,12.83,5.119,51.19,2.116439103534838,,,,Sand mixtures,,,Sand mixtures 2,2,11.01,12.95,-7.48,-9.42
-9.32,12.85,5.412,0.0475,0.89,0.21,0.19,0.09,12.85,5.412,54.12,2.09365688698022,,,,Sand mixtures,,,Sand mixtures 2,2,11.01,12.95,-7.48,-9.42
-9.34,12.87,5.699,0.0492,0.88,0.21,0.19,0.09,12.87,5.699,56.99,2.072319024226415,,,,Sand mixtures,,,Sand mixtures 2,2,11.01,12.95,-7.48,-9.42
-9.360000000000001,12.89,5.832,0.051,0.88,0.21,0.19,0.09,12.89,5.832,58.32,2.0640392038094766,,,,Sand mixtures,,,Sand mixtures 2,2,11.01,12.95,-7.48,-9.42
-9.38,12.91,5.935,0.0521,0.87,0.22,0.2,0.09,12.91,5.935,59.35,2.0549613474109427,,,,Sand mixtures,,,Sand mixtures 2,2,11.01,12.95,-7.48,-9.42
-9.4,12.93,6.082,0.0629,1.01,0.21,0.19,0.09,12.93,6.082,60.82,2.0836032046314594,,,,Sand mixtures,,,Sand mixtures 2,2,11.01,12.95,-7.48,-9.42
-9.42,12.95,6.352,0.0618,0.96,0.22,0.2,0.09,12.95,6.352,63.52,2.055393771053019,,,,Sand mixtures,,,Sand 2,2,12.95,14.53,-9.42,-11.0
-9.440000000000001,12.97,6.658,0.0514,0.77,0.21,0.19,0.09,12.97,6.658,66.58,1.983884673090056,,,,Sand,,,Sand 2,2,12.95,14.53,-9.42,-11.0
-9.46,12.99,6.925,0.0534,0.76,0.22,0.2,0.09,12.99,6.925,69.25,1.9665508551122048,,,,Sand,,,Sand 2,2,12.95,14.53,-9.42,-11.0
-9.48,13.01,7.258,0.0555,0.75,0.22,0.2,0.09,13.01,7.258,72.58,1.9464401389118473,,,,Sand,,,Sand 2,2,12.95,14.53,-9.42,-11.0
-9.5,13.03,7.747,0.0583,0.75,0.22,0.2,0.09,13.03,7.747,77.47,1.9230959114020918,,,,Sand,,,Sand 2,2,12.95,14.53,-9.42,-11.0
-9.520000000000001,13.05,8.129,0.0621,0.76,0.22,0.19,0.09,13.05,8.129,81.29,1.9092602601119577,,,,Sand,,,Sand 2,2,12.95,14.53,-9.42,-11.0
-9.540000000000001,13.07,8.51,0.0653,0.77,0.21,0.19,0.09,13.07,8.51,85.1,1.8963487772015928,,,,Sand,,,Sand 2,2,12.95,14.53,-9.42,-11.0
-9.56,13.09,9.01,0.0671,0.76,0.22,0.2,0.09,13.09,9.01,90.1,1.8729253920067357,,,,Sand,,,Sand 2,2,12.95,14.53,-9.42,-11.0
-9.58,13.11,9.336,0.071,0.78,0.22,0.2,0.09,13.11,9.336,93.36,1.8671561000869317,,,,Sand,,,Sand 2,2,12.95,14.53,-9.42,-11.0
-9.600000000000001,13.13,9.496,0.0757,0.81,0.21,0.19,0.09,13.13,9.496,94.96,1.871072735689373,,,,Sand,,,Sand 2,2,12.95,14.53,-9.42,-11.0
-9.620000000000001,13.15,9.572,0.0771,0.8,0.22,0.2,0.09,13.15,9.572,95.72,1.8650587412313082,,,,Sand,,,Sand 2,2,12.95,14.53,-9.42,-11.0
-9.64,13.17,9.722,0.0778,0.79,0.22,0.2,0.09,13.17,9.722,97.22,1.856377851326752,,,,Sand,,,Sand 2,2,12.95,14.53,-9.42,-11.0
-9.66,13.19,9.942,0.0792,0.8,0.22,0.19,0.09,13.19,9.942,99.42,1.8519353795139257,,,,Sand,,,Sand 2,2,12.95,14.53,-9.42,-11.0
-9.680000000000001,13.21,10.162,0.0804,0.8,0.22,0.2,0.09,13.21,10.162,101.62,1.844386349899137,,,,Sand,,,Sand 2,2,12.95,14.53,-9.42,-11.0
-9.700000000000001,13.23,10.342,0.0817,0.81,0.22,0.2,0.09,13.23,10.342,103.42,1.8416444830445537,,,,Sand,,,Sand 2,2,12.95,14.53,-9.42,-11.0
-9.72,13.25,10.348,0.0829,0.82,0.22,0.2,0.09,13.25,10.348,103.48,1.8447158833118167,,,,Sand,,,Sand 2,2,12.95,14.53,-9.42,-11.0
-9.74,13.27,10.229,0.084,0.84,0.21,0.19,0.09,13.27,10.229,102.29,1.8551178482249215,,,,Sand,,,Sand 2,2,12.95,14.53,-9.42,-11.0
-9.76,13.29,9.995,0.0859,0.86,0.22,0.2,0.09,13.29,9.995,99.95,1.8693328472064972,,,,Sand,,,Sand 2,2,12.95,14.53,-9.42,-11.0
-9.780000000000001,13.31,9.749,0.0933,0.94,0.21,0.19,0.09,13.31,9.749,97.49,1.9018499804489355,,,,Sand,,,Sand 2,2,12.95,14.53,-9.42,-11.0
-9.8,13.33,9.609,0.0987,1.01,0.22,0.2,0.09,13.33,9.609,96.09,1.9264186935186323,,,,Sand,,,Sand 2,2,12.95,14.53,-9.42,-11.0
-9.82,13.35,9.606,0.0965,0.99,0.21,0.19,0.09,13.35,9.606,96.06,1.9210149650136041,,,,Sand,,,Sand 2,2,12.95,14.53,-9.42,-11.0
-9.84,13.37,9.686,0.0935,0.96,0.22,0.2,0.09,13.37,9.686,96.86,1.9097862098684533,,,,Sand,,,Sand 2,2,12.95,14.53,-9.42,-11.0
-9.860000000000001,13.39,9.696,0.0944,0.92,0.22,0.2,0.09,13.39,9.696,96.96,1.8978543448605412,,,,Sand,,,Sand 2,2,12.95,14.53,-9.42,-11.0
-9.88,13.41,9.736,0.0998,0.92,0.22,0.2,0.09,13.41,9.736,97.36,1.8964571626280846,,,,Sand,,,Sand 2,2,12.95,14.53,-9.42,-11.0
-9.9,13.43,10.368,0.1063,0.88,0.21,0.19,0.09,13.43,10.368,103.68,1.8630681576729504,,,,Sand,,,Sand 2,2,12.95,14.53,-9.42,-11.0
-9.92,13.45,12.853,0.1146,0.85,0.22,0.2,0.09,13.45,12.853,128.53,1.781424317023563,,,,Sand,,,Sand 2,2,12.95,14.53,-9.42,-11.0
-9.940000000000001,13.47,14.275,0.1256,0.83,0.21,0.19,0.09,13.47,14.275,142.75,1.7400686459774926,,,,Sand,,,Sand 2,2,12.95,14.53,-9.42,-11.0
-9.96,13.49,17.523,0.1401,0.82,0.27,0.19,-0.18,13.49,17.523,175.23,1.6702006043848994,,,,Sand,,,Sand 2,2,12.95,14.53,-9.42,-11.0
-9.98,13.51,19.738,0.1478,0.77,0.2,0.2,0.0,13.51,19.738,197.38,1.6137640555211563,,,,Sand,,,Sand 2,2,12.95,14.53,-9.42,-11.0
-10.0,13.53,21.666,0.1653,0.78,0.22,0.2,0.09,13.53,21.666,216.66,1.588462235833029,,,,Sand,,,Sand 2,2,12.95,14.53,-9.42,-11.0
-10.020000000000001,13.55,23.445,0.1886,0.81,0.22,0.2,0.09,13.55,23.445,234.45,1.5758705272935973,,,,Sand,,,Sand 2,2,12.95,14.53,-9.42,-11.0
-10.040000000000001,13.57,25.543,0.2029,0.82,0.22,0.2,0.09,13.57,25.543,255.43,1.5540028504494772,,,,Sand,,,Sand 2,2,12.95,14.53,-9.42,-11.0
-10.06,13.59,26.819,0.2186,0.83,0.22,0.2,0.09,13.59,26.819,268.19,1.543483319995692,,,,Sand,,,Sand 2,2,12.95,14.53,-9.42,-11.0
-10.08,13.61,27.814,0.2319,0.85,0.22,0.2,0.09,13.61,27.814,278.14,1.540551633716142,,,,Sand,,,Sand 2,2,12.95,14.53,-9.42,-11.0
-10.100000000000001,13.63,28.817,0.2463,0.87,0.22,0.2,0.09,13.63,28.817,288.17,1.5379514011199924,,,,Sand,,,Sand 2,2,12.95,14.53,-9.42,-11.0
-10.120000000000001,13.65,29.31,0.2582,0.9,0.22,0.2,0.09,13.65,29.31,293.1,1.544287129855418,,,,Sand,,,Sand 2,2,12.95,14.53,-9.42,-11.0
-10.14,13.67,29.503,0.2684,0.93,0.22,0.2,0.09,13.67,29.503,295.03,1.5533059513068115,,,,Sand,,,Sand 2,2,12.95,14.53,-9.42,-11.0
-10.16,13.69,29.38,0.2786,0.96,0.22,0.2,0.09,13.69,29.38,293.8,1.5650419580326105,,,,Sand,,,Sand 2,2,12.95,14.53,-9.42,-11.0
-10.180000000000001,13.71,29.103,0.2852,0.99,0.22,0.2,0.09,13.71,29.103,291.03,1.5779512535233993,,,,Sand,,,Sand 2,2,12.95,14.53,-9.42,-11.0
-10.200000000000001,13.73,28.757,0.2885,1.02,0.21,0.19,0.09,13.73,28.757,287.57,1.5912567153864947,,,,Sand,,,Sand 2,2,12.95,14.53,-9.42,-11.0
-10.22,13.75,28.048,0.2956,1.07,0.22,0.2,0.09,13.75,28.048,280.48,1.6142008402061974,,,,Sand,,,Sand 2,2,12.95,14.53,-9.42,-11.0
-10.24,13.77,27.215,0.2914,1.08,0.21,0.19,0.09,13.77,27.215,272.15,1.6256361482635588,,,,Sand,,,Sand 2,2,12.95,14.53,-9.42,-11.0
-10.26,13.79,26.199,0.2764,1.06,0.21,0.19,0.09,13.79,26.199,261.99,1.6299974659556384,,,,Sand,,,Sand 2,2,12.95,14.53,-9.42,-11.0
-10.280000000000001,13.81,25.193,0.2672,1.06,0.22,0.2,0.09,13.81,25.193,251.93,1.6410208343299544,,,,Sand,,,Sand 2,2,12.95,14.53,-9.42,-11.0
-10.3,13.83,24.284,0.2571,1.05,0.21,0.19,0.09,13.83,24.284,242.84,1.648357088786676,,,,Sand,,,Sand 2,2,12.95,14.53,-9.42,-11.0
-10.32,13.85,23.241,0.2427,1.03,0.22,0.2,0.09,13.85,23.241,232.41,1.6547329287687775,,,,Sand,,,Sand 2,2,12.95,14.53,-9.42,-11.0
-10.34,13.87,22.599,0.2304,1.0,0.22,0.2,0.09,13.87,22.599,225.99,1.6533774112757125,,,,Sand,,,Sand 2,2,12.95,14.53,-9.42,-11.0
-10.360000000000001,13.89,22.102,0.2232,0.99,0.22,0.2,0.09,13.89,22.102,221.02,1.6567055280460217,,,,Sand,,,Sand 2,2,12.95,14.53,-9.42,-11.0
-10.38,13.91,21.809,0.2152,0.97,0.22,0.2,0.09,13.91,21.809,218.09,1.654171417708917,,,,Sand,,,Sand 2,2,12.95,14.53,-9.42,-11.0
-10.4,13.93,21.716,0.2127,0.96,0.22,0.2,0.09,13.93,21.716,217.16,1.6521634497612718,,,,Sand,,,Sand 2,2,12.95,14.53,-9.42,-11.0
-10.42,13.95,21.763,0.2028,0.92,0.22,0.2,0.09,13.95,21.763,217.63,1.6381130675164726,,,,Sand,,,Sand 2,2,12.95,14.53,-9.42,-11.0
-10.440000000000001,13.97,22.056,0.1799,0.81,0.22,0.2,0.09,13.97,22.056,220.56,1.594496915588148,,,,Sand,,,Sand 2,2,12.95,14.53,-9.42,-11.0
-10.46,13.99,22.369,0.1721,0.76,0.22,0.2,0.09,13.99,22.369,223.69,1.5706630364751917,,,,Sand,,,Sand 2,2,12.95,14.53,-9.42,-11.0
-10.48,14.01,22.808,0.1801,0.79,0.22,0.2,0.09,14.01,22.808,228.08,1.5765279510445103,,,,Sand,,,Sand 2,2,12.95,14.53,-9.42,-11.0
-10.5,14.03,23.358,0.1899,0.82,0.22,0.2,0.09,14.03,23.358,233.58,1.5808155679937246,,,,Sand,,,Sand 2,2,12.95,14.53,-9.42,-11.0
-10.520000000000001,14.05,23.801,0.1992,0.84,0.22,0.2,0.09,14.05,23.801,238.01,1.5826904724808124,,,,Sand,,,Sand 2,2,12.95,14.53,-9.42,-11.0
-10.540000000000001,14.07,23.828,0.2047,0.85,0.21,0.19,0.09,14.07,23.828,238.28,1.5860710575517911,,,,Sand,,,Sand 2,2,12.95,14.53,-9.42,-11.0
-10.56,14.09,24.57,0.2034,0.83,0.22,0.2,0.09,14.09,24.57,245.7,1.5694024106920172,,,,Sand,,,Sand 2,2,12.95,14.53,-9.42,-11.0
-10.58,14.11,24.91,0.2036,0.82,0.22,0.2,0.09,14.11,24.91,249.1,1.561475976370133,,,,Sand,,,Sand 2,2,12.95,14.53,-9.42,-11.0
-10.600000000000001,14.13,25.167,0.1965,0.77,0.21,0.19,0.09,14.13,25.167,251.67,1.5386497701204247,,,,Sand,,,Sand 2,2,12.95,14.53,-9.42,-11.0
-10.620000000000001,14.15,25.866,0.1788,0.69,0.22,0.2,0.09,14.15,25.866,258.66,1.496323088983108,,,,Sand,,,Sand 2,2,12.95,14.53,-9.42,-11.0
-10.64,14.17,26.459,0.1674,0.64,0.22,0.2,0.09,14.17,26.459,264.59,1.4663382168884906,,,,Sand,,,Sand 2,2,12.95,14.53,-9.42,-11.0
-10.66,14.19,26.978,0.1526,0.57,0.2,0.2,0.0,14.19,26.978,269.78,1.425423611715291,,,,Sand,,,Sand 2,2,12.95,14.53,-9.42,-11.0
-10.680000000000001,14.21,27.295,0.1301,0.48,0.22,0.2,-0.09,14.21,27.295,272.95,1.3715757094889256,,,,Sand,,,Sand 2,2,12.95,14.53,-9.42,-11.0
-10.700000000000001,14.23,27.421,0.1057,0.39,0.41,0.2,-0.36,14.23,27.421,274.21,1.3125082459521904,,,,Sand,,,Sand 2,2,12.95,14.53,-9.42,-11.0
-10.72,14.25,27.455,0.0878,0.32,0.21,0.19,-0.09,14.25,27.455,274.55,1.2607871384533302,,,,Dense sand / gravelly sand,,,Sand 2,2,12.95,14.53,-9.42,-11.0
-10.74,14.27,27.535,0.0739,0.26,0.85,0.19,-0.82,14.27,27.535,275.35,1.210094169623194,,,,Dense sand / gravelly sand,,,Sand 2,2,12.95,14.53,-9.42,-11.0
-10.76,14.29,27.831,0.0658,0.23,1.04,0.2,-1.02,14.29,27.831,278.31,1.1789819481299786,,,,Dense sand / gravelly sand,,,Sand 2,2,12.95,14.53,-9.42,-11.0
-10.780000000000001,14.31,28.73,0.0677,0.23,1.21,0.2,-1.2,14.31,28.73,287.3,1.1669927509778355,,,,Dense sand / gravelly sand,,,Sand 2,2,12.95,14.53,-9.42,-11.0
-10.8,14.33,30.622,0.0738,0.25,1.58,0.19,-1.57,14.33,30.622,306.22,1.1619121416014027,,,,Dense sand / gravelly sand,,,Sand 2,2,12.95,14.53,-9.42,-11.0
-10.82,14.35,31.718,0.0844,0.27,0.64,0.19,-0.61,14.35,31.718,317.18,1.1673230985867826,,,,Dense sand / gravelly sand,,,Sand 2,2,12.95,14.53,-9.42,-11.0
-10.84,14.37,32.254,0.0956,0.31,0.27,0.2,-0.18,14.37,32.254,322.53999999999996,1.1959753295943434,,,,Dense sand / gravelly sand,,,Sand 2,2,12.95,14.53,-9.42,-11.0
-10.860000000000001,14.39,32.328,0.102,0.32,0.57,0.2,-0.54,14.39,32.328,323.28000000000003,1.203433130905432,,,,Dense sand / gravelly sand,,,Sand 2,2,12.95,14.53,-9.42,-11.0
-10.88,14.41,32.064,0.1047,0.33,2.01,0.19,-2.0,14.41,32.064,320.64,1.2143577374045347,,,,Dense sand / gravelly sand,,,Sand 2,2,12.95,14.53,-9.42,-11.0
-10.9,14.43,32.008,0.1048,0.32,1.96,0.19,-1.95,14.43,32.008,320.08000000000004,1.20688382988734,,,,Dense sand / gravelly sand,,,Sand 2,2,12.95,14.53,-9.42,-11.0
-10.92,14.45,32.108,0.1211,0.37,1.03,0.2,-1.01,14.45,32.108,321.08,1.2447393219479717,,,,Dense sand / gravelly sand,,,Sand 2,2,12.95,14.53,-9.42,-11.0
-10.940000000000001,14.47,32.607,0.131,0.41,0.7,0.2,-0.67,14.47,32.607,326.07,1.2683781353475356,,,,Dense sand / gravelly sand,,,Sand 2,2,12.95,14.53,-9.42,-11.0
-10.96,14.49,32.8,0.1251,0.39,0.59,0.19,-0.56,14.49,32.8,328.0,1.2522709446779379,,,,Dense sand / gravelly sand,,,Sand 2,2,12.95,14.53,-9.42,-11.0
-10.98,14.51,32.944,0.1332,0.42,0.67,0.2,-0.64,14.51,32.944,329.44,1.2719273897701646,,,,Dense sand / gravelly sand,,,Sand 2,2,12.95,14.53,-9.42,-11.0
-11.0,14.53,32.144,0.1395,0.44,0.22,0.2,0.09,14.53,32.144,321.44,1.2933395106245729,,,,Dense sand / gravelly sand,,,Sand 3,3,14.53,14.93,-11.0,-11.4
-11.020000000000001,14.55,31.095,0.1405,0.45,1.41,0.2,-1.39,14.55,31.095,310.95,1.3105853018709055,,,,Sand,,,Sand 3,3,14.53,14.93,-11.0,-11.4
-11.040000000000001,14.57,30.349,0.1439,0.46,1.12,0.2,-1.11,14.57,30.349,303.49,1.3248094595913948,,,,Sand,,,Sand 3,3,14.53,14.93,-11.0,-11.4
-11.06,14.59,30.226,0.1591,0.52,1.58,0.2,-1.57,14.59,30.226,302.26,1.3621485461382636,,,,Sand,,,Sand 3,3,14.53,14.93,-11.0,-11.4
-11.08,14.61,30.056,0.1707,0.56,2.05,0.2,-2.04,14.61,30.056,300.56,1.3862137624393642,,,,Sand,,,Sand 3,3,14.53,14.93,-11.0,-11.4
-11.100000000000001,14.63,30.512,0.1714,0.57,1.77,0.2,-1.76,14.63,30.512,305.12,1.3869389975717086,,,,Sand,,,Sand 3,3,14.53,14.93,-11.0,-11.4
-11.120000000000001,14.65,30.842,0.1727,0.58,0.85,0.2,-0.83,14.65,30.842,308.42,1.3889607587791397,,,,Sand,,,Sand 3,3,14.53,14.93,-11.0,-11.4
-11.14,14.67,30.466,0.1709,0.58,0.22,0.2,-0.09,14.67,30.466,304.66,1.3927277585178242,,,,Sand,,,Sand 3,3,14.53,14.93,-11.0,-11.4
-11.16,14.69,29.586,0.1722,0.59,0.22,0.2,0.09,14.69,29.586,295.86,1.406988409010933,,,,Sand,,,Sand 3,3,14.53,14.93,-11.0,-11.4
-11.180000000000001,14.71,28.521,0.1759,0.61,0.21,0.19,0.09,14.71,28.521,285.21,1.4284882444692177,,,,Sand,,,Sand 3,3,14.53,14.93,-11.0,-11.4
-11.200000000000001,14.73,28.108,0.1766,0.62,0.42,0.2,-0.37,14.73,28.108,281.08,1.4379586970664973,,,,Sand,,,Sand 3,3,14.53,14.93,-11.0,-11.4
-11.22,14.75,27.941,0.1772,0.62,0.51,0.2,-0.47,14.75,27.941,279.41,1.4397977245002933,,,,Sand,,,Sand 3,3,14.53,14.93,-11.0,-11.4
-11.24,14.77,27.948,0.1768,0.62,0.27,0.2,-0.18,14.77,27.948,279.48,1.4397203726957937,,,,Sand,,,Sand 3,3,14.53,14.93,-11.0,-11.4
-11.26,14.79,28.337,0.1769,0.61,0.76,0.19,-0.73,14.79,28.337,283.37,1.4304865335659172,,,,Sand,,,Sand 3,3,14.53,14.93,-11.0,-11.4
-11.280000000000001,14.81,29.363,0.1794,0.6,0.34,0.2,-0.27,14.81,29.363,293.63,1.4144645299687637,,,,Sand,,,Sand 3,3,14.53,14.93,-11.0,-11.4
-11.3,14.83,30.626,0.1837,0.59,0.27,0.2,0.18,14.83,30.626,306.26,1.3963760416365711,,,,Sand,,,Sand 3,3,14.53,14.93,-11.0,-11.4
-11.32,14.85,31.851,0.1865,0.57,0.21,0.19,-0.09,14.85,31.851,318.51,1.3737476943325273,,,,Sand,,,Sand 3,3,14.53,14.93,-11.0,-11.4
-11.34,14.87,34.013,0.1863,0.55,0.34,0.19,-0.27,14.87,34.013,340.13,1.342686380258596,,,,Sand,,,Sand 3,3,14.53,14.93,-11.0,-11.4
-11.360000000000001,14.89,35.828,0.1907,0.54,0.2,0.2,0.0,14.89,35.828,358.28,1.3212502348955055,,,,Sand,,,Sand 3,3,14.53,14.93,-11.0,-11.4
-11.38,14.91,37.533,0.1996,0.54,0.33,0.19,0.27,14.91,37.533,375.33,1.3073367771614144,,,,Dense sand / gravelly sand,,,Sand 3,3,14.53,14.93,-11.0,-11.4
-11.4,14.93,38.669,0.2084,0.55,0.41,0.19,-0.36,14.93,38.669,386.69,1.3043560376836545,,,,Dense sand / gravelly sand,,,Sand 3,3,14.53,14.93,-11.0,-11.4
