elevation_m_nap,depth_m,qc_mpa,fs_mpa,col_4,col_5,col_6,col_7,rf_percent,col_9,corrected_depth,qt_mpa,qt_over_pa,Isbt,Bqt,peat_boundary_qt_over_pa,organic_clay_boundary_qt_over_pa,soil_type,used_organic_boundary_qt_over_pa,distance_to_used_organic_boundary,layer_id,soil_layer_number,layer_top_depth_m,layer_bottom_depth_m,layer_top_elevation_m_nap,layer_bottom_elevation_m_nap
1.48,0.02,0.21,0.0203,1.0,0.6,-0.8,0.0,3.3279,55.0,0.02,0.21,2.1,3.597732704097591,,,9.605518154603487,Organic clay,9.605518154603487,-7.505518154603488,Organic clay 1,1,0.02,0.4,1.48,1.1
1.46,0.04,0.76,0.0189,1.2,1.2,0.2,2.6,2.8492,56.0,0.039996,0.76,7.6,3.0835990603814762,,,7.742880349500203,Organic clay,7.742880349500203,-0.14288034950020378,Organic clay 1,1,0.02,0.4,1.48,1.1
1.44,0.06,0.7267,0.0174,2.0,2.0,0.6,2.4,2.3289,56.0,0.059983,0.7267,7.267,3.053534950179251,,,,Clay & silt,,,Organic clay 1,1,0.02,0.4,1.48,1.1
1.42,0.08,0.6933,0.0173,1.9556,0.6,-0.8,2.5,2.0,57.0,0.079972,0.6933,6.933000000000001,3.037365237055603,,,,Clay & silt,,,Organic clay 1,1,0.02,0.4,1.48,1.1
1.4,0.1,0.66,0.0171,1.9111,1.2,0.0,2.5,1.5493,58.0,0.099961,0.66,6.6,3.002232425523051,,,,Clay & silt,,,Organic clay 1,1,0.02,0.4,1.48,1.1
1.38,0.12,0.93,0.017,1.8667,1.0,-0.6,2.5,1.3052,59.0,0.11995,0.93,9.3,2.835775164033967,,,,Silty clay / clayey silt,,,Organic clay 1,1,0.02,0.4,1.48,1.1
1.3599999999999999,0.14,1.25,0.018,2.3333,0.2,-1.0,2.6,1.1685,60.0,0.13993,1.25,12.5,2.699915516919863,,,,Silty clay / clayey silt,,,Organic clay 1,1,0.02,0.4,1.48,1.1
1.34,0.16,1.69,0.0157,2.8,2.7,0.6,2.5,0.86561,60.0,0.15991,1.69,16.9,2.5231858541157943,,,,Sand mixtures,,,Organic clay 1,1,0.02,0.4,1.48,1.1
1.32,0.18,2.12,0.0153,2.7111,2.1,-0.2,2.5,0.71958,61.0,0.17989,2.12,21.2,2.399040494545477,,,,Sand mixtures,,,Organic clay 1,1,0.02,0.4,1.48,1.1
1.3,0.2,2.35,0.0148,2.6222,2.9,0.6,2.5,0.60687,62.0,0.19987,2.35,23.5,2.3263097472580356,,,,Sand mixtures,,,Organic clay 1,1,0.02,0.4,1.48,1.1
1.28,0.22,2.63,0.0144,2.5333,1.2,0.0,2.6,0.52555,63.0,0.21985,2.63,26.3,2.2555345721562197,,,,Sand mixtures,,,Organic clay 1,1,0.02,0.4,1.48,1.1
1.26,0.24,2.88,0.015,2.0667,1.0,-0.8,2.5,0.49689,64.0,0.23983,2.88,28.8,2.20954190412087,,,,Sand mixtures,,,Organic clay 1,1,0.02,0.4,1.48,1.1
1.24,0.26,3.16,0.016,1.9383,1.6,-0.4,2.5,0.48892,64.0,0.25982,3.16,31.6,2.169987643966459,,,,Sand mixtures,,,Organic clay 1,1,0.02,0.4,1.48,1.1
1.22,0.28,3.43,0.018,1.8099,1.6,0.0,2.5,0.51064,65.0,0.27981,3.43,34.3,2.145806138085661,,,,Sand mixtures,,,Organic clay 1,1,0.02,0.4,1.48,1.1
1.2,0.3,3.66,0.02,1.8214,-0.4,-0.6,2.5,0.53156,66.0,0.2998,3.66,36.6,2.1281173628526266,,,,Sand mixtures,,,Organic clay 1,1,0.02,0.4,1.48,1.1
1.18,0.32,3.92,0.022,1.8329,2.1,-0.8,2.5,0.55086,67.0,0.31979,3.92,39.2,2.108472301678275,,,,Sand mixtures,,,Organic clay 1,1,0.02,0.4,1.48,1.1
1.16,0.34,4.15,0.024,1.8444,0.0,-0.8,2.5,0.57007,67.0,0.33978,4.15,41.5,2.0933613347670903,,,,Sand mixtures,,,Organic clay 1,1,0.02,0.4,1.48,1.1
1.1400000000000001,0.36,4.37,0.026,2.1,2.0,-0.8,2.5,0.58907,68.0,0.35977,4.37,43.7,2.080280912171489,,,,Sand mixtures,,,Organic clay 1,1,0.02,0.4,1.48,1.1
1.12,0.38,4.53,0.027,2.2,1.2,0.0,2.5,0.58568,69.0,0.37975,4.53,45.3,2.0653602074001234,,,,Sand mixtures,,,Organic clay 1,1,0.02,0.4,1.48,1.1
1.1,0.4,4.73,0.029,2.3,2.5,0.0,2.6,0.60495,70.0,0.39974,4.73,47.3,2.055715311704147,,,,Sand mixtures,,,Sand 1,1,0.4,1.46,1.1,0.040000000000000036
1.08,0.42,4.89,0.031,2.4,1.0,-0.4,2.5,0.62078,71.0,0.41972,4.89,48.9,2.0486346079434274,,,,Sand,,,Sand 1,1,0.4,1.46,1.1,0.040000000000000036
1.06,0.44,5.06,0.033,2.3,2.0,0.2,2.5,0.62932,71.0,0.4397,5.06,50.6,2.0387063545183715,,,,Sand,,,Sand 1,1,0.4,1.46,1.1,0.040000000000000036
1.04,0.46,5.23,0.035,2.2,2.1,-0.6,2.5,0.62978,72.0,0.45969,5.23,52.3,2.026448192177211,,,,Sand,,,Sand 1,1,0.4,1.46,1.1,0.040000000000000036
1.02,0.48,5.39,0.036,1.8,1.8,-0.2,2.5,0.60555,73.0,0.47968,5.39,53.9,2.0065837288270236,,,,Sand,,,Sand 1,1,0.4,1.46,1.1,0.040000000000000036
1.0,0.5,5.75,0.038,1.8,1.8,-0.2,2.5,0.59144,74.0,0.49967,5.75,57.5,1.9771501978231727,,,,Sand,,,Sand 1,1,0.4,1.46,1.1,0.040000000000000036
0.98,0.52,6.37,0.042,1.8,1.4,0.0,2.5,0.60388,74.0,0.51966,6.37,63.7,1.9434489001211896,,,,Sand,,,Sand 1,1,0.4,1.46,1.1,0.040000000000000036
0.96,0.54,7.04,0.044,1.8,1.0,-0.2,2.5,0.58589,75.0,0.53965,7.04,70.4,1.8994870610659318,,,,Sand,,,Sand 1,1,0.4,1.46,1.1,0.040000000000000036
0.94,0.56,7.83,0.048,1.8,1.8,-0.2,2.5,0.59369,76.0,0.55964,7.83,78.3,1.8632466093916151,,,,Sand,,,Sand 1,1,0.4,1.46,1.1,0.040000000000000036
0.92,0.58,8.73,0.053,1.7333,1.2,-0.4,2.6,0.6121,77.0,0.57963,8.73,87.3,1.8307071712351095,,,,Sand,,,Sand 1,1,0.4,1.46,1.1,0.040000000000000036
0.9,0.6,9.3,0.059,1.6667,1.2,-0.2,2.5,0.64026,78.0,0.59962,9.3,93.0,1.8187800456944412,,,,Sand,,,Sand 1,1,0.4,1.46,1.1,0.040000000000000036
0.88,0.62,9.67,0.065,1.6,1.6,-0.4,2.5,0.66598,78.0,0.61961,9.67,96.7,1.8145990749567489,,,,Sand,,,Sand 1,1,0.4,1.46,1.1,0.040000000000000036
0.86,0.64,9.99,0.069,1.6,1.2,-0.2,2.5,0.67039,79.0,0.63961,9.99,99.9,1.8047102116635738,,,,Sand,,,Sand 1,1,0.4,1.46,1.1,0.040000000000000036
0.84,0.66,10.34,0.079,1.6,0.8,-0.8,2.5,0.73789,80.0,0.6596,10.34,103.4,1.8171808489091426,,,,Sand,,,Sand 1,1,0.4,1.46,1.1,0.040000000000000036
0.82,0.68,10.82,0.084,1.6,1.6,-0.4,2.5,0.75821,81.0,0.67959,10.82,108.2,1.8085851709734935,,,,Sand,,,Sand 1,1,0.4,1.46,1.1,0.040000000000000036
0.8,0.7,11.4,0.09,1.8,1.8,-0.4,2.5,0.78895,81.0,0.69958,11.4,114.0,1.8012877174614466,,,,Sand,,,Sand 1,1,0.4,1.46,1.1,0.040000000000000036
0.78,0.72,12.09,0.091,1.7667,1.4,-0.4,2.3,0.77513,82.0,0.71957,12.09,120.9,1.7765338874895082,,,,Sand,,,Sand 1,1,0.4,1.46,1.1,0.040000000000000036
0.76,0.74,12.04,0.087,1.7333,1.4,-0.6,2.0,0.72087,83.0,0.73956,12.04,120.4,1.7584465781222238,,,,Sand,,,Sand 1,1,0.4,1.46,1.1,0.040000000000000036
0.74,0.76,12.28,0.088,1.7,1.6,-0.6,1.6,0.70961,84.0,0.75955,12.28,122.8,1.7474828771603736,,,,Sand,,,Sand 1,1,0.4,1.46,1.1,0.040000000000000036
0.72,0.78,12.3,0.09,1.7,1.6,-0.6,1.1,0.70776,86.0,0.77954,12.3,123.0,1.7462296483989537,,,,Sand,,,Sand 1,1,0.4,1.46,1.1,0.040000000000000036
0.7,0.8,12.65,0.094,1.7,1.2,-0.4,1.0,0.72197,88.0,0.79954,12.65,126.5,1.7419471550584453,,,,Sand,,,Sand 1,1,0.4,1.46,1.1,0.040000000000000036
0.68,0.82,12.97,0.093,1.7,1.4,-0.2,1.3,0.69351,89.0,0.81953,12.97,129.7,1.7226272955912174,,,,Sand,,,Sand 1,1,0.4,1.46,1.1,0.040000000000000036
0.66,0.84,13.48,0.093,1.7,1.6,-0.6,1.7,0.67336,91.0,0.83952,13.48,134.8,1.70154447979852,,,,Sand,,,Sand 1,1,0.4,1.46,1.1,0.040000000000000036
0.64,0.86,13.92,0.094,1.6889,1.2,-0.2,1.8,0.65907,92.0,0.85951,13.92,139.2,1.6848179813975972,,,,Sand,,,Sand 1,1,0.4,1.46,1.1,0.040000000000000036
0.62,0.88,14.52,0.091,1.6778,1.4,-0.6,1.9,0.61926,93.0,0.8795,14.52,145.2,1.6537346698850068,,,,Sand,,,Sand 1,1,0.4,1.46,1.1,0.040000000000000036
0.6,0.9,15.16,0.092,1.6667,1.4,-0.2,2.2,0.60937,94.0,0.89949,15.16,151.6,1.6346505784268293,,,,Sand,,,Sand 1,1,0.4,1.46,1.1,0.040000000000000036
0.58,0.92,15.49,0.096,1.7,1.6,-0.6,2.1,0.62333,95.0,0.91948,15.49,154.9,1.6333771923011358,,,,Sand,,,Sand 1,1,0.4,1.46,1.1,0.040000000000000036
0.56,0.94,15.91,0.096,1.6333,1.2,-0.6,2.6,0.61519,95.0,0.93948,15.91,159.1,1.6207283038070583,,,,Sand,,,Sand 1,1,0.4,1.46,1.1,0.040000000000000036
0.54,0.96,16.11,0.101,1.5667,1.6,-0.4,2.5,0.643,96.0,0.95947,16.11,161.1,1.6285409048810542,,,,Sand,,,Sand 1,1,0.4,1.46,1.1,0.040000000000000036
0.52,0.98,16.19,0.104,1.5,1.0,-0.4,2.5,0.66274,97.0,0.97946,16.19,161.9,1.6352046153541246,,,,Sand,,,Sand 1,1,0.4,1.46,1.1,0.040000000000000036
0.5,1.0,15.91,0.105,1.4,1.6,-0.4,2.5,0.67232,98.0,0.99946,15.91,159.1,1.645015523741062,,,,Sand,,,Sand 1,1,0.4,1.46,1.1,0.040000000000000036
0.48,1.02,15.55,0.113,1.3,1.2,-0.6,2.3,0.73252,98.0,1.0195,15.55,155.5,1.6765460047521132,,,,Sand,,,Sand 1,1,0.4,1.46,1.1,0.040000000000000036
0.45999999999999996,1.04,15.34,0.107,1.3,0.8,-0.4,2.8,0.7092,99.0,1.0394,15.34,153.4,1.6720197886335177,,,,Sand,,,Sand 1,1,0.4,1.46,1.1,0.040000000000000036
0.43999999999999995,1.06,15.04,0.108,1.3,0.8,-0.6,2.9,0.73526,100.0,1.0594,15.04,150.4,1.6886568842582754,,,,Sand,,,Sand 1,1,0.4,1.46,1.1,0.040000000000000036
0.41999999999999993,1.08,14.89,0.107,1.3,1.2,-0.6,2.7,0.74891,101.0,1.0794,14.89,148.9,1.6971323988914309,,,,Sand,,,Sand 1,1,0.4,1.46,1.1,0.040000000000000036
0.3999999999999999,1.1,14.38,0.109,1.3333,1.2,-0.4,2.5,0.78488,101.0,1.0994,14.38,143.8,1.7218487319409783,,,,Sand,,,Sand 1,1,0.4,1.46,1.1,0.040000000000000036
0.3799999999999999,1.12,13.4,0.107,1.3667,1.6,-0.4,2.6,0.79303,102.0,1.1194,13.4,134.0,1.7481924290177675,,,,Sand,,,Sand 1,1,0.4,1.46,1.1,0.040000000000000036
0.3600000000000001,1.14,13.0,0.104,1.4,1.4,-0.4,2.5,0.79367,103.0,1.1394,13.0,130.0,1.7585457862294425,,,,Sand,,,Sand 1,1,0.4,1.46,1.1,0.040000000000000036
0.3400000000000001,1.16,12.7,0.102,1.5,1.4,-0.6,2.5,0.80268,104.0,1.1594,12.7,127.0,1.7694880549847443,,,,Sand,,,Sand 1,1,0.4,1.46,1.1,0.040000000000000036
0.32000000000000006,1.18,12.35,0.099,1.4111,1.2,-0.4,2.5,0.80211,105.0,1.1794,12.35,123.5,1.778680383567529,,,,Sand,,,Sand 1,1,0.4,1.46,1.1,0.040000000000000036
0.30000000000000004,1.2,12.18,0.087,1.3222,1.2,-0.4,2.5,0.72229,105.0,1.1994,12.18,121.8,1.7550074504201043,,,,Sand,,,Sand 1,1,0.4,1.46,1.1,0.040000000000000036
0.28,1.22,11.93,0.086,1.3148,0.8,-0.6,2.5,0.73199,106.0,1.2194,11.93,119.3,1.765673318970858,,,,Sand,,,Sand 1,1,0.4,1.46,1.1,0.040000000000000036
0.26,1.24,11.72,0.084,1.3074,1.2,-0.6,2.5,0.73386,107.0,1.2394,11.72,117.2,1.7724446093649306,,,,Sand,,,Sand 1,1,0.4,1.46,1.1,0.040000000000000036
0.24,1.26,11.46,0.085,1.3,1.2,-0.6,2.5,0.7625,108.0,1.2594,11.46,114.6,1.7903443036713635,,,,Sand,,,Sand 1,1,0.4,1.46,1.1,0.040000000000000036
0.21999999999999997,1.28,11.02,0.083,1.7,1.6,-0.6,2.5,0.76754,108.0,1.2794,11.02,110.2,1.8055230983238872,,,,Sand,,,Sand 1,1,0.4,1.46,1.1,0.040000000000000036
0.19999999999999996,1.3,10.63,0.083,1.6593,1.0,-0.6,2.6,0.79464,109.0,1.2994,10.63,106.3,1.8271228726580535,,,,Sand,,,Sand 1,1,0.4,1.46,1.1,0.040000000000000036
0.17999999999999994,1.32,10.28,0.082,1.6185,1.6,-0.6,2.5,0.81796,110.0,1.3194,10.28,102.8,1.8463114611652953,,,,Sand,,,Sand 1,1,0.4,1.46,1.1,0.040000000000000036
0.15999999999999992,1.34,9.96,0.08,1.5778,1.0,-0.6,2.5,0.83464,111.0,1.3394,9.96,99.6,1.8625361703047725,,,,Sand,,,Sand 1,1,0.4,1.46,1.1,0.040000000000000036
0.1399999999999999,1.36,9.51,0.075,1.5408,1.2,-0.4,2.5,0.81956,112.0,1.3593,9.51,95.1,1.8736410262845207,,,,Sand,,,Sand 1,1,0.4,1.46,1.1,0.040000000000000036
0.1200000000000001,1.38,8.98,0.073,1.5037,1.0,-0.4,2.5,0.83824,112.0,1.3793,8.98,89.8,1.8994056770004242,,,,Sand,,,Sand 1,1,0.4,1.46,1.1,0.040000000000000036
0.10000000000000009,1.4,8.36,0.074,1.4667,0.8,-0.6,2.3,0.89358,113.0,1.3993,8.36,83.6,1.9409324928051028,,,,Sand,,,Sand 1,1,0.4,1.46,1.1,0.040000000000000036
0.08000000000000007,1.42,7.94,0.072,1.6,1.6,-0.4,2.3,0.9172,114.0,1.4193,7.94,79.4,1.9656258226880108,,,,Sand,,,Sand 1,1,0.4,1.46,1.1,0.040000000000000036
0.06000000000000005,1.44,7.55,0.076,1.1,1.0,-0.6,2.5,1.0307,115.0,1.4393,7.55,75.5,2.0137646632745323,,,,Sand,,,Sand 1,1,0.4,1.46,1.1,0.040000000000000036
0.040000000000000036,1.46,7.09,0.069,1.1,1.0,-0.4,2.5,0.99729,116.0,1.4593,7.09,70.9,2.0267788181012802,,,,Sand,,,Sand mixtures 1,1,1.46,2.34,0.040000000000000036,-0.8399999999999999
0.020000000000000018,1.48,6.86,0.069,1.1,1.0,-0.6,2.6,1.0615,116.0,1.4793,6.86,68.6,2.054559207613301,,,,Sand mixtures,,,Sand mixtures 1,1,1.46,2.34,0.040000000000000036,-0.8399999999999999
0.0,1.5,6.51,0.069,1.2,1.2,-0.4,2.3,1.1305,117.0,1.4993,6.51,65.1,2.0892443316687133,,,,Sand mixtures,,,Sand mixtures 1,1,1.46,2.34,0.040000000000000036,-0.8399999999999999
-0.020000000000000018,1.52,5.7,0.069,1.3,1.2,-0.6,2.9,1.2031,118.0,1.5193,5.7,57.0,2.15151332580559,,,,Sand mixtures,,,Sand mixtures 1,1,1.46,2.34,0.040000000000000036,-0.8399999999999999
-0.040000000000000036,1.54,5.34,0.068,1.2556,1.0,-0.4,2.8,1.2619,119.0,1.5393,5.34,53.4,2.1866113884253564,,,,Sand mixtures,,,Sand mixtures 1,1,1.46,2.34,0.040000000000000036,-0.8399999999999999
-0.06000000000000005,1.56,5.01,0.065,1.2111,1.2,-0.4,2.5,1.2894,119.0,1.5593,5.01,50.1,2.2143635244185647,,,,Sand mixtures,,,Sand mixtures 1,1,1.46,2.34,0.040000000000000036,-0.8399999999999999
-0.08000000000000007,1.58,4.77,0.061,1.1667,0.8,-0.4,2.5,1.2979,120.0,1.5793,4.77,47.7,2.233145445799592,,,,Sand mixtures,,,Sand mixtures 1,1,1.46,2.34,0.040000000000000036,-0.8399999999999999
-0.10000000000000009,1.6,4.6,0.053,1.1333,1.2,-0.4,2.5,1.1967,121.0,1.5993,4.6,46.0,2.2250595656470025,,,,Sand mixtures,,,Sand mixtures 1,1,1.46,2.34,0.040000000000000036,-0.8399999999999999
-0.1200000000000001,1.62,4.32,0.039,1.1,1.0,-0.4,2.5,0.93162,122.0,1.6193,4.32,43.2,2.186261378400222,,,,Sand mixtures,,,Sand mixtures 1,1,1.46,2.34,0.040000000000000036,-0.8399999999999999
-0.1399999999999999,1.64,4.08,0.038,1.2,1.2,-0.4,2.5,0.95899,122.0,1.6393,4.08,40.8,2.2139335375008873,,,,Sand mixtures,,,Sand mixtures 1,1,1.46,2.34,0.040000000000000036,-0.8399999999999999
-0.15999999999999992,1.66,3.78,0.034,1.2333,1.0,-0.4,2.6,0.90848,123.0,1.6593,3.78,37.8,2.229352910791545,,,,Sand mixtures,,,Sand mixtures 1,1,1.46,2.34,0.040000000000000036,-0.8399999999999999
-0.17999999999999994,1.68,3.53,0.031,1.2667,1.0,-0.6,2.5,0.87912,124.0,1.6793,3.53,35.3,2.247211205677378,,,,Sand mixtures,,,Sand mixtures 1,1,1.46,2.34,0.040000000000000036,-0.8399999999999999
-0.19999999999999996,1.7,3.4,0.029,1.3,1.2,-0.6,2.5,0.87218,125.0,1.6993,3.4,34.0,2.2593960616206306,,,,Sand mixtures,,,Sand mixtures 1,1,1.46,2.34,0.040000000000000036,-0.8399999999999999
-0.21999999999999997,1.72,3.22,0.027,1.1,1.0,-0.4,2.5,0.86056,126.0,1.7193,3.22,32.2,2.2767365015756367,,,,Sand mixtures,,,Sand mixtures 1,1,1.46,2.34,0.040000000000000036,-0.8399999999999999
-0.24,1.74,3.01,0.026,1.1,0.8,-0.4,2.5,0.87285,126.0,1.7393,3.01,30.1,2.3051221648858387,,,,Sand mixtures,,,Sand mixtures 1,1,1.46,2.34,0.040000000000000036,-0.8399999999999999
-0.26,1.76,2.87,0.025,1.1,1.0,-0.4,2.5,0.88417,127.0,1.7593,2.87,28.7,2.3258170556178435,,,,Sand mixtures,,,Sand mixtures 1,1,1.46,2.34,0.040000000000000036,-0.8399999999999999
-0.28,1.78,2.71,0.023,1.1,1.0,-0.6,2.5,0.85861,128.0,1.7792,2.71,27.1,2.3410978592002123,,,,Sand mixtures,,,Sand mixtures 1,1,1.46,2.34,0.040000000000000036,-0.8399999999999999
-0.30000000000000004,1.8,2.58,0.023,1.3,1.2,-0.6,2.5,0.90418,129.0,1.7992,2.58,25.8,2.370760429959097,,,,Sand mixtures,,,Sand mixtures 1,1,1.46,2.34,0.040000000000000036,-0.8399999999999999
-0.32000000000000006,1.82,2.51,0.021,1.1,1.0,-0.4,2.5,0.86643,129.0,1.8192,2.51,25.1,2.3720450487172076,,,,Sand mixtures,,,Sand mixtures 1,1,1.46,2.34,0.040000000000000036,-0.8399999999999999
-0.3400000000000001,1.84,2.32,0.021,1.1,1.0,-0.4,2.5,0.90811,130.0,1.8392,2.32,23.2,2.4118418373097574,,,,Sand mixtures,,,Sand mixtures 1,1,1.46,2.34,0.040000000000000036,-0.8399999999999999
-0.3600000000000001,1.86,2.21,0.02,1.1,0.8,-0.6,2.5,0.90447,131.0,1.8592,2.21,22.1,2.429426154699211,,,,Sand mixtures,,,Sand mixtures 1,1,1.46,2.34,0.040000000000000036,-0.8399999999999999
-0.3799999999999999,1.88,2.14,0.019,1.1,0.8,-0.6,2.5,0.89781,132.0,1.8792,2.14,21.4,2.4401210928308537,,,,Sand mixtures,,,Sand mixtures 1,1,1.46,2.34,0.040000000000000036,-0.8399999999999999
-0.3999999999999999,1.9,2.05,0.02,1.1,1.0,-0.4,2.5,0.98826,133.0,1.8992,2.05,20.5,2.476678919754696,,,,Sand mixtures,,,Sand mixtures 1,1,1.46,2.34,0.040000000000000036,-0.8399999999999999
-0.41999999999999993,1.92,1.98,0.017,1.1667,0.8,-0.6,2.5,0.87291,133.0,1.9192,1.98,19.8,2.4639874802113555,,,,Sand mixtures,,,Sand mixtures 1,1,1.46,2.34,0.040000000000000036,-0.8399999999999999
-0.43999999999999995,1.94,1.9,0.016,1.2333,1.0,-0.4,2.5,0.85163,134.0,1.9392,1.9,19.0,2.474800604758524,,,,Sand mixtures,,,Sand mixtures 1,1,1.46,2.34,0.040000000000000036,-0.8399999999999999
-0.45999999999999996,1.96,1.82,0.015,1.3,1.2,-0.6,2.2,0.82702,135.0,1.9592,1.82,18.2,2.485503399409344,,,,Sand mixtures,,,Sand mixtures 1,1,1.46,2.34,0.040000000000000036,-0.8399999999999999
-0.48,1.98,1.77,0.016,1.3,1.0,-0.4,2.4,0.91103,136.0,1.9792,1.77,17.7,2.5156907887234325,,,,Sand mixtures,,,Sand mixtures 1,1,1.46,2.34,0.040000000000000036,-0.8399999999999999
-0.5,2.0,1.71,0.015,1.3,1.0,-0.6,2.5,0.8817,137.0,1.9992,1.71,17.1,2.5223320685638217,,,,Sand mixtures,,,Sand mixtures 1,1,1.46,2.34,0.040000000000000036,-0.8399999999999999
-0.52,2.02,1.66,0.015,1.3,1.2,-0.6,2.5,0.90634,137.0,2.0192,1.66,16.6,2.539296765087534,,,,Sand mixtures,,,Sand mixtures 1,1,1.46,2.34,0.040000000000000036,-0.8399999999999999
-0.54,2.04,1.62,0.015,1.1,1.0,-0.6,2.3,0.92593,138.0,2.0392,1.62,16.2,2.5529904207343797,,,,Sand mixtures,,,Sand mixtures 1,1,1.46,2.34,0.040000000000000036,-0.8399999999999999
-0.56,2.06,1.59,0.015,1.1,1.0,-0.6,2.8,0.94563,139.0,2.0592,1.59,15.9,2.5644313785684694,,,,Sand mixtures,,,Sand mixtures 1,1,1.46,2.34,0.040000000000000036,-0.8399999999999999
-0.5800000000000001,2.08,1.54,0.014,1.1,1.0,-0.4,2.6,0.89672,140.0,2.0792,1.54,15.4,2.5660934827285558,,,,Sand mixtures,,,Sand mixtures 1,1,1.46,2.34,0.040000000000000036,-0.8399999999999999
-0.6000000000000001,2.1,1.53,0.014,1.1,1.0,-0.6,2.5,0.90688,140.0,2.0992,1.53,15.3,2.570847884439255,,,,Sand mixtures,,,Sand mixtures 1,1,1.46,2.34,0.040000000000000036,-0.8399999999999999
-0.6200000000000001,2.12,1.54,0.014,1.3,1.2,-0.6,2.5,0.91728,141.0,2.1192,1.54,15.4,2.5706074109231407,,,,Sand mixtures,,,Sand mixtures 1,1,1.46,2.34,0.040000000000000036,-0.8399999999999999
-0.6400000000000001,2.14,1.5,0.014,1.3,1.2,-0.6,2.5,0.93178,142.0,2.1392,1.5,15.0,2.5838892464779843,,,,Sand mixtures,,,Sand mixtures 1,1,1.46,2.34,0.040000000000000036,-0.8399999999999999
-0.6600000000000001,2.16,1.51,0.016,1.3222,1.2,-0.4,2.5,1.094,143.0,2.1592,1.51,15.1,2.614175060152564,,,,Silty clay / clayey silt,,,Sand mixtures 1,1,1.46,2.34,0.040000000000000036,-0.8399999999999999
-0.6800000000000002,2.18,1.52,0.018,1.3445,1.2,-0.6,2.5,1.2938,144.0,2.1792,1.52,15.2,2.647551673294882,,,,Silty clay / clayey silt,,,Sand mixtures 1,1,1.46,2.34,0.040000000000000036,-0.8399999999999999
-0.7000000000000002,2.2,1.48,0.021,1.3667,1.0,-0.4,2.6,1.6185,144.0,2.1992,1.48,14.8,2.707611363852865,,,,Silty clay / clayey silt,,,Sand mixtures 1,1,1.46,2.34,0.040000000000000036,-0.8399999999999999
-0.7200000000000002,2.22,1.4,0.024,1.4333,1.0,-0.6,2.5,2.0168,145.0,2.2191,1.4,14.0,2.77938440304343,,,,Silty clay / clayey silt,,,Sand mixtures 1,1,1.46,2.34,0.040000000000000036,-0.8399999999999999
-0.7400000000000002,2.24,1.22,0.026,1.5,1.4,-0.6,2.5,2.4242,146.0,2.2391,1.22,12.2,2.8733917863022316,,,,Silty clay / clayey silt,,,Sand mixtures 1,1,1.46,2.34,0.040000000000000036,-0.8399999999999999
-0.7599999999999998,2.26,0.96,0.026,1.4852,0.8,-0.4,2.5,2.7261,147.0,2.2591,0.96,9.6,2.9882458085751513,,,5.961194619691956,Clay & silt,,,Sand mixtures 1,1,1.46,2.34,0.040000000000000036,-0.8399999999999999
-0.7799999999999998,2.28,0.79,0.027,1.4704,1.0,-0.6,2.5,3.2287,147.0,2.2791,0.79,7.9,3.0994578795412884,,,9.3609218873198,Organic clay,9.3609218873198,-1.4609218873197989,Sand mixtures 1,1,1.46,2.34,0.040000000000000036,-0.8399999999999999
-0.7999999999999998,2.3,0.64,0.027,1.4556,1.0,-0.6,2.5,3.7241,148.0,2.2991,0.64,6.4,3.209936845258609,,,10.336858697939796,Organic clay,10.336858697939796,-3.9368586979397957,Sand mixtures 1,1,1.46,2.34,0.040000000000000036,-0.8399999999999999
-0.8199999999999998,2.32,0.57,0.026,1.5,1.4,-0.6,2.5,4.1188,149.0,2.3191,0.57,5.7,3.276104216227473,,,10.854889371754538,Organic clay,10.854889371754538,-5.154889371754538,Sand mixtures 1,1,1.46,2.34,0.040000000000000036,-0.8399999999999999
-0.8399999999999999,2.34,0.57,0.027,1.3778,1.0,-0.6,2.6,4.7577,150.0,2.3391,0.57,5.7,3.3115843457413745,,,11.477426845208049,Organic clay,11.477426845208049,-5.777426845208049,Peat 1,1,2.34,3.7,-0.8399999999999999,-2.2
-0.8599999999999999,2.36,0.54,0.027,1.2555,1.0,-0.6,2.5,5.1306,151.0,2.3591,0.54,5.4,3.349632373835944,,6.9846850479175275,11.76777209140554,Peat,6.9846850479175275,-1.5846850479175272,Peat 1,1,2.34,3.7,-0.8399999999999999,-2.2
-0.8799999999999999,2.38,0.51,0.028,1.237,0.8,-0.4,2.6,5.5309,151.0,2.3791,0.51,5.1,3.388744001775908,,13.5303987167083,12.03998383871518,Peat,13.5303987167083,-8.4303987167083,Peat 1,1,2.34,3.7,-0.8399999999999999,-2.2
-0.8999999999999999,2.4,0.47,0.027,1.2185,1.0,-0.6,2.5,5.4408,152.0,2.3991,0.47,4.7,3.4136305064561716,,12.759726562501173,11.98171062455905,Peat,12.759726562501173,-8.059726562501172,Peat 1,1,2.34,3.7,-0.8399999999999999,-2.2
-0.9199999999999999,2.42,0.45,0.028,1.2,1.2,-0.4,2.5,5.7289,153.0,2.4191,0.45,4.5,3.4419554876842278,,14.871742934428084,12.16269916644888,Peat,14.871742934428084,-10.371742934428084,Peat 1,1,2.34,3.7,-0.8399999999999999,-2.2
-0.94,2.44,0.46,0.029,1.3667,1.0,-0.6,2.5,5.9487,154.0,2.4391,0.46,4.6,3.443592306717039,,16.02894806255511,12.291182466790087,Peat,16.02894806255511,-11.42894806255511,Peat 1,1,2.34,3.7,-0.8399999999999999,-2.2
-0.96,2.46,0.48,0.03,1.5333,1.0,-0.4,2.4,6.0606,154.0,2.4591,0.48,4.8,3.433255634296915,,16.533017168134826,12.353776732884102,Peat,16.533017168134826,-11.733017168134825,Peat 1,1,2.34,3.7,-0.8399999999999999,-2.2
-0.98,2.48,0.49,0.032,1.7,1.6,-0.6,2.3,6.3054,155.0,2.4791,0.49,4.9,3.4360659177966966,,17.498437389942442,12.484761285857564,Peat,17.498437389942442,-12.598437389942442,Peat 1,1,2.34,3.7,-0.8399999999999999,-2.2
-1.0,2.5,0.51,0.034,1.5,1.0,-0.2,2.5,6.5072,156.0,2.4991,0.51,5.1,3.43011812068008,,18.18885780396142,12.587169441669525,Peat,18.18885780396142,-13.08885780396142,Peat 1,1,2.34,3.7,-0.8399999999999999,-2.2
-1.02,2.52,0.53,0.036,1.3,0.6,-0.4,2.5,6.729,157.0,2.5191,0.53,5.3,3.425361640269758,,18.866734686530915,12.694535511273777,Peat,18.866734686530915,-13.566734686530914,Peat 1,1,2.34,3.7,-0.8399999999999999,-2.2
-1.04,2.54,0.57,0.04,1.3,1.0,-0.6,2.5,7.3563,158.0,2.539,0.57,5.7,3.423539525759966,,20.46754161116213,12.973088110945675,Peat,20.46754161116213,-14.76754161116213,Peat 1,1,2.34,3.7,-0.8399999999999999,-2.2
-1.06,2.56,0.57,0.044,1.3,1.0,-0.6,2.6,8.0,158.0,2.559,0.57,5.7,3.4458651151686523,,21.792947399544687,13.227525430199435,Peat,21.792947399544687,-16.092947399544688,Peat 1,1,2.34,3.7,-0.8399999999999999,-2.2
-1.08,2.58,0.57,0.046,1.3,1.2,-0.6,2.9,8.3258,159.0,2.579,0.57,5.7,3.456573252515356,,22.380811556353247,13.346422471436359,Peat,22.380811556353247,-16.680811556353248,Peat 1,1,2.34,3.7,-0.8399999999999999,-2.2
-1.1,2.6,0.56,0.048,1.2407,1.0,-0.4,2.6,8.6682,160.0,2.599,0.56,5.6,3.4734590329799326,,22.952435116280178,13.465228572101427,Peat,22.952435116280178,-17.352435116280176,Peat 1,1,2.34,3.7,-0.8399999999999999,-2.2
-1.12,2.62,0.55,0.05,1.1815,0.8,-0.6,2.5,9.0703,161.0,2.619,0.55,5.5,3.4918413343581927,,23.57340415740066,13.59756700260893,Peat,23.57340415740066,-18.07340415740066,Peat 1,1,2.34,3.7,-0.8399999999999999,-2.2
-1.1400000000000001,2.64,0.54,0.049,1.1766,1.0,-0.6,2.5,8.9294,161.0,2.639,0.54,5.4,3.4938456303712733,,23.3614155351235,13.552023855907137,Peat,23.3614155351235,-17.9614155351235,Peat 1,1,2.34,3.7,-0.8399999999999999,-2.2
-1.1600000000000001,2.66,0.53,0.051,1.1716,0.8,-0.6,2.6,9.3578,162.0,2.659,0.53,5.3,3.5128682642943203,,23.989035412942965,13.687900400907873,Peat,23.989035412942965,-18.689035412942964,Peat 1,1,2.34,3.7,-0.8399999999999999,-2.2
-1.1800000000000002,2.68,0.54,0.051,1.1667,0.8,-0.4,2.5,9.4226,163.0,2.679,0.54,5.4,3.508400380417485,,24.079792124253412,13.707801768585702,Peat,24.079792124253412,-18.67979212425341,Peat 1,1,2.34,3.7,-0.8399999999999999,-2.2
-1.2000000000000002,2.7,0.55,0.051,1.2,1.2,-0.4,2.5,9.4884,164.0,2.699,0.55,5.5,3.504080030415649,,24.170911194696735,13.727844098348472,Peat,24.170911194696735,-18.670911194696735,Peat 1,1,2.34,3.7,-0.8399999999999999,-2.2
-1.2200000000000002,2.72,0.55,0.051,1.0,0.8,-0.6,2.5,9.555,165.0,2.719,0.55,5.5,3.505985587854599,,24.262100549328377,13.74796264948632,Peat,24.262100549328377,-18.762100549328377,Peat 1,1,2.34,3.7,-0.8399999999999999,-2.2
-1.2400000000000002,2.74,0.54,0.05,1.0,0.8,-0.6,2.6,9.4118,165.0,2.739,0.54,5.4,3.508088909445821,,24.06473719366037,13.70449622966261,Peat,24.06473719366037,-18.664737193660372,Peat 1,1,2.34,3.7,-0.8399999999999999,-2.2
-1.2599999999999998,2.76,0.53,0.05,0.9,0.8,-0.4,2.5,9.4563,166.0,2.759,0.53,5.3,3.5157065821105253,,24.126588454434483,13.718087337275096,Peat,24.126588454434483,-18.826588454434482,Peat 1,1,2.34,3.7,-0.8399999999999999,-2.2
-1.2799999999999998,2.78,0.52,0.05,1.0,0.8,-0.6,2.5,9.5012,167.0,2.779,0.52,5.2,3.523453950719275,,24.188517260230128,13.731723711098997,Peat,24.188517260230128,-18.98851726023013,Peat 1,1,2.34,3.7,-0.8399999999999999,-2.2
-1.2999999999999998,2.8,0.51,0.051,1.0,0.8,-0.6,2.5,9.6912,168.0,2.799,0.51,5.1,3.5354095170167756,,24.445449311665318,13.788593984400412,Peat,24.445449311665318,-19.34544931166532,Peat 1,1,2.34,3.7,-0.8399999999999999,-2.2
-1.3199999999999998,2.82,0.51,0.05,1.0,0.8,-0.6,2.5,9.4787,168.0,2.819,0.51,5.1,3.529408410213264,,24.157543428013003,13.724899935688619,Peat,24.157543428013003,-19.057543428013005,Peat 1,1,2.34,3.7,-0.8399999999999999,-2.2
-1.3399999999999999,2.84,0.52,0.051,1.0,0.8,-0.6,2.5,9.6226,169.0,2.839,0.52,5.2,3.526895962298334,,24.353619465989627,13.768214088108248,Peat,24.353619465989627,-19.153619465989628,Peat 1,1,2.34,3.7,-0.8399999999999999,-2.2
-1.3599999999999999,2.86,0.53,0.052,1.1,1.0,-0.6,2.5,9.7653,170.0,2.859,0.53,5.3,3.5244448365697654,,24.54349266766135,13.81041775227777,Peat,24.54349266766135,-19.24349266766135,Peat 1,1,2.34,3.7,-0.8399999999999999,-2.2
-1.38,2.88,0.55,0.054,1.1,1.0,-0.4,2.5,10.07,171.0,2.879,0.55,5.5,3.520338034032385,,24.934781581621206,13.89816130492714,Peat,24.934781581621206,-19.434781581621206,Peat 1,1,2.34,3.7,-0.8399999999999999,-2.2
-1.4,2.9,0.55,0.054,1.1,0.8,-0.4,2.5,10.047,172.0,2.899,0.55,5.5,3.5197110136872847,,24.905883295368664,13.891646735786738,Peat,24.905883295368664,-19.405883295368664,Peat 1,1,2.34,3.7,-0.8399999999999999,-2.2
-1.42,2.92,0.55,0.054,1.1,1.0,-0.4,2.6,10.047,172.0,2.919,0.55,5.5,3.5197110136872847,,24.905883295368664,13.891646735786738,Peat,24.905883295368664,-19.405883295368664,Peat 1,1,2.34,3.7,-0.8399999999999999,-2.2
-1.44,2.94,0.54,0.054,1.1,1.0,-0.6,2.5,10.093,173.0,2.939,0.54,5.4,3.52714531910689,,24.963579740352472,13.904658616082534,Peat,24.963579740352472,-19.563579740352473,Peat 1,1,2.34,3.7,-0.8399999999999999,-2.2
-1.46,2.96,0.54,0.053,1.1,0.8,-0.6,2.5,10.024,174.0,2.959,0.54,5.4,3.5252675511961087,,24.876884065505,13.885114808578637,Peat,24.876884065505,-19.476884065504997,Peat 1,1,2.34,3.7,-0.8399999999999999,-2.2
-1.48,2.98,0.52,0.052,1.1,1.0,-0.4,2.5,9.9284,175.0,2.979,0.52,5.2,3.5353997316928765,,24.755247998578245,13.857776455102414,Peat,24.755247998578245,-19.555247998578245,Peat 1,1,2.34,3.7,-0.8399999999999999,-2.2
-1.5,3.0,0.52,0.051,1.1,1.0,-0.6,2.5,9.8313,175.0,2.999,0.52,5.2,3.532724839781268,,24.629840123128247,13.829692720984726,Peat,24.629840123128247,-19.429840123128248,Peat 1,1,2.34,3.7,-0.8399999999999999,-2.2
-1.52,3.02,0.51,0.049,1.0,0.8,-0.6,2.2,9.5377,176.0,3.019,0.51,5.1,3.5310863677520836,,24.238512055664295,13.742752687725298,Peat,24.238512055664295,-19.138512055664293,Peat 1,1,2.34,3.7,-0.8399999999999999,-2.2
-1.54,3.04,0.5,0.048,1.1,1.0,-0.6,2.4,9.4581,177.0,3.039,0.5,5.0,3.5355568176186525,,24.129080312879676,13.71863548704167,Peat,24.129080312879676,-19.129080312879676,Peat 1,1,2.34,3.7,-0.8399999999999999,-2.2
-1.56,3.06,0.51,0.047,1.0,0.8,-0.6,2.5,9.3766,178.0,3.059,0.51,5.1,3.5264828827522665,,24.015472131118194,13.693691148011586,Peat,24.015472131118194,-18.915472131118193,Peat 1,1,2.34,3.7,-0.8399999999999999,-2.2
-1.58,3.08,0.51,0.048,1.0,0.8,-0.6,2.5,9.697,179.0,3.079,0.51,5.1,3.535571683290943,,24.453166057177363,13.790309262075061,Peat,24.453166057177363,-19.35316605717736,Peat 1,1,2.34,3.7,-0.8399999999999999,-2.2
-1.6,3.1,0.5,0.047,1.0,0.8,-0.6,2.5,9.6164,179.0,3.0989,0.5,5.0,3.540038333007791,,24.345268621025266,13.7663637261571,Peat,24.345268621025266,-19.345268621025266,Peat 1,1,2.34,3.7,-0.8399999999999999,-2.2
-1.62,3.12,0.49,0.045,0.9,0.8,-0.4,2.5,9.3023,180.0,3.1189,0.49,4.9,3.537970819003425,,23.91047668801046,13.670723920522484,Peat,23.91047668801046,-19.010476688010456,Peat 1,1,2.34,3.7,-0.8399999999999999,-2.2
-1.6400000000000001,3.14,0.47,0.044,1.0,0.8,-0.6,2.8,9.1192,181.0,3.1389,0.47,4.7,3.5468955140621765,,23.645656460277177,13.613172908075116,Peat,23.645656460277177,-18.945656460277178,Peat 1,1,2.34,3.7,-0.8399999999999999,-2.2
-1.6600000000000001,3.16,0.47,0.043,1.0,0.8,-0.6,2.5,8.665,182.0,3.1589,0.47,4.7,3.5333017965518647,,22.9472873873069,13.464145367278432,Peat,22.9472873873069,-18.2472873873069,Peat 1,1,2.34,3.7,-0.8399999999999999,-2.2
-1.6800000000000002,3.18,0.46,0.045,1.0,0.8,-0.6,2.5,7.1713,183.0,3.1789,0.46,4.6,3.491234050635115,,20.034440684790706,12.89443437342217,Peat,20.034440684790706,-15.434440684790706,Peat 1,1,2.34,3.7,-0.8399999999999999,-2.2
-1.7000000000000002,3.2,0.46,0.044,1.0,0.8,-0.6,2.5,4.319,183.0,3.1989,0.46,4.6,3.3649748030923945,,,11.071953470733032,Organic clay,11.071953470733032,-6.471953470733032,Peat 1,1,2.34,3.7,-0.8399999999999999,-2.2
-1.7200000000000002,3.22,0.5,0.041,0.9,0.8,-0.4,2.5,2.5565,184.0,3.2189,0.5,5.0,3.2136953927783707,,,,Clay & silt,,,Peat 1,1,2.34,3.7,-0.8399999999999999,-2.2
-1.7400000000000002,3.24,0.62,0.039,1.0,0.8,-0.6,2.5,1.6756,185.0,3.2389,0.62,6.2,3.0422383649487545,,,,Clay & silt,,,Peat 1,1,2.34,3.7,-0.8399999999999999,-2.2
-1.7599999999999998,3.26,1.55,0.039,1.0,0.8,-0.6,2.5,1.2221,186.0,3.2589,1.55,15.5,2.62781574826632,,,,Silty clay / clayey silt,,,Peat 1,1,2.34,3.7,-0.8399999999999999,-2.2
-1.7799999999999998,3.28,3.62,0.04,0.9,0.8,-0.4,2.5,0.96415,186.0,3.2789,3.62,36.2,2.258981885611336,,,,Sand mixtures,,,Peat 1,1,2.34,3.7,-0.8399999999999999,-2.2
-1.7999999999999998,3.3,5.15,0.043,1.0,0.8,-0.6,2.5,0.82593,187.0,3.2989,5.15,51.5,2.093772135031432,,,,Sand mixtures,,,Peat 1,1,2.34,3.7,-0.8399999999999999,-2.2
-1.8199999999999998,3.32,6.26,0.047,0.9,0.8,-0.4,2.5,0.74074,188.0,3.3189,6.26,62.6,1.9969288950486108,,,,Sand,,,Peat 1,1,2.34,3.7,-0.8399999999999999,-2.2
-1.8399999999999999,3.34,7.37,0.052,0.9,0.8,-0.4,2.5,0.69904,189.0,3.3389,7.37,73.7,1.9238698029580965,,,,Sand,,,Peat 1,1,2.34,3.7,-0.8399999999999999,-2.2
-1.8599999999999999,3.36,8.12,0.058,0.9,0.8,-0.4,2.5,0.69513,190.0,3.3589,8.12,81.19999999999999,1.887583015939338,,,,Sand,,,Peat 1,1,2.34,3.7,-0.8399999999999999,-2.2
-1.88,3.38,8.96,0.063,1.1,1.0,-0.6,2.5,0.69297,190.0,3.3789,8.96,89.6,1.8516220151900051,,,,Sand,,,Peat 1,1,2.34,3.7,-0.8399999999999999,-2.2
-1.9,3.4,9.73,0.069,0.9,0.8,-0.4,2.5,0.71088,191.0,3.3989,9.73,97.3,1.8288621747074392,,,,Sand,,,Peat 1,1,2.34,3.7,-0.8399999999999999,-2.2
-1.92,3.42,10.3,0.071,0.9,0.8,-0.4,2.5,0.69745,192.0,3.4189,10.3,103.0,1.8039909706195614,,,,Sand,,,Peat 1,1,2.34,3.7,-0.8399999999999999,-2.2
-1.94,3.44,10.86,0.075,0.9,0.8,-0.4,2.5,0.71166,193.0,3.4389,10.86,108.6,1.79070168512427,,,,Sand,,,Peat 1,1,2.34,3.7,-0.8399999999999999,-2.2
-1.96,3.46,11.13,0.08,0.8,0.6,-0.6,2.6,0.74784,193.0,3.4589,11.13,111.3,1.7952112602810457,,,,Sand,,,Peat 1,1,2.34,3.7,-0.8399999999999999,-2.2
-1.98,3.48,11.18,0.083,1.0,0.8,-0.6,2.5,0.78017,194.0,3.4789,11.18,111.8,1.8049356291802572,,,,Sand,,,Peat 1,1,2.34,3.7,-0.8399999999999999,-2.2
-2.0,3.5,11.16,0.086,0.9,0.8,-0.4,2.5,0.82952,195.0,3.4989,11.16,111.6,1.8220773210055219,,,,Sand,,,Peat 1,1,2.34,3.7,-0.8399999999999999,-2.2
-2.02,3.52,10.99,0.092,0.8,0.6,-0.6,2.5,0.9273,196.0,3.5189,10.99,109.9,1.8578319461937687,,,,Sand,,,Peat 1,1,2.34,3.7,-0.8399999999999999,-2.2
-2.04,3.54,10.23,0.095,0.8,0.6,-0.6,2.5,1.0218,197.0,3.5389,10.23,102.3,1.9087440051102023,,,,Sand,,,Peat 1,1,2.34,3.7,-0.8399999999999999,-2.2
-2.06,3.56,9.26,0.102,0.9,0.8,-0.4,2.4,1.189,197.0,3.5589,9.26,92.6,1.9843574682750538,,,,Sand,,,Peat 1,1,2.34,3.7,-0.8399999999999999,-2.2
-2.08,3.58,8.13,0.106,0.9,0.8,-0.4,2.2,1.3498,198.0,3.5789,8.13,81.30000000000001,2.06313960332516,,,,Sand mixtures,,,Peat 1,1,2.34,3.7,-0.8399999999999999,-2.2
-2.1,3.6,7.29,0.109,1.0,0.8,-0.6,2.5,1.5269,199.0,3.5989,7.29,72.9,2.1340124144757513,,,,Sand mixtures,,,Peat 1,1,2.34,3.7,-0.8399999999999999,-2.2
-2.12,3.62,6.14,0.108,0.9,0.8,-0.4,2.5,1.659,200.0,3.6189,6.14,61.4,2.2139817621600604,,,,Sand mixtures,,,Peat 1,1,2.34,3.7,-0.8399999999999999,-2.2
-2.14,3.64,5.43,0.101,0.9,0.8,-0.4,2.6,1.6225,201.0,3.6389,5.43,54.3,2.248632456219133,,,,Sand mixtures,,,Peat 1,1,2.34,3.7,-0.8399999999999999,-2.2
-2.16,3.66,5.3533,0.094,0.7,0.6,-0.4,2.4,1.493,201.0,3.6589,5.3533,53.533,2.230650475116824,,,,Sand mixtures,,,Peat 1,1,2.34,3.7,-0.8399999999999999,-2.2
-2.18,3.68,5.2767,0.082,0.9,0.8,-0.4,2.9,1.25,202.0,3.6789,5.2767,52.766999999999996,2.188261673252844,,,,Sand mixtures,,,Peat 1,1,2.34,3.7,-0.8399999999999999,-2.2
-2.2,3.7,5.2,0.075,0.8,0.6,-0.6,2.7,1.0661,203.0,3.6989,5.2,52.0,2.152557543474632,,,,Sand mixtures,,,Sand 2,2,3.7,5.56,-2.2,-4.06
-2.22,3.72,6.98,0.074,0.9,0.8,-0.4,2.5,0.96527,204.0,3.7189,6.98,69.8,2.023740333901501,,,,Sand,,,Sand 2,2,3.7,5.56,-2.2,-4.06
-2.24,3.74,8.7,0.074,0.9,0.8,-0.4,2.5,0.8864,204.0,3.7389,8.7,87.0,1.9250274141117898,,,,Sand,,,Sand 2,2,3.7,5.56,-2.2,-4.06
-2.26,3.76,9.4,0.076,0.8,0.6,-0.6,2.5,0.83631,205.0,3.7589,9.4,94.0,1.8829841336226607,,,,Sand,,,Sand 2,2,3.7,5.56,-2.2,-4.06
-2.28,3.78,9.94,0.08,0.9,0.8,-0.4,2.5,0.809,206.0,3.7789,9.94,99.4,1.8549551822795418,,,,Sand,,,Sand 2,2,3.7,5.56,-2.2,-4.06
-2.3,3.8,10.48,0.085,0.9,0.8,-0.4,2.5,0.80875,207.0,3.7989,10.48,104.8,1.836686552427605,,,,Sand,,,Sand 2,2,3.7,5.56,-2.2,-4.06
-2.32,3.82,10.81,0.088,0.7,0.6,-0.4,2.6,0.80265,207.0,3.8189,10.81,108.1,1.8240492960424572,,,,Sand,,,Sand 2,2,3.7,5.56,-2.2,-4.06
-2.34,3.84,11.19,0.094,0.7,0.6,-0.4,2.5,0.82765,208.0,3.8389,11.19,111.9,1.8205546077447983,,,,Sand,,,Sand 2,2,3.7,5.56,-2.2,-4.06
-2.36,3.86,11.61,0.098,0.7,0.6,-0.4,2.5,0.83538,209.0,3.8589,11.61,116.1,1.8106340679576278,,,,Sand,,,Sand 2,2,3.7,5.56,-2.2,-4.06
-2.38,3.88,11.95,0.101,0.7,0.6,-0.4,2.5,0.83609,210.0,3.8789,11.95,119.5,1.80115688760053,,,,Sand,,,Sand 2,2,3.7,5.56,-2.2,-4.06
-2.4,3.9,12.33,0.102,0.7,0.6,-0.4,2.5,0.82084,211.0,3.8989,12.33,123.3,1.7855769956731977,,,,Sand,,,Sand 2,2,3.7,5.56,-2.2,-4.06
-2.42,3.92,12.55,0.105,0.7,0.6,-0.4,2.5,0.82111,211.0,3.9188,12.55,125.5,1.779742799909825,,,,Sand,,,Sand 2,2,3.7,5.56,-2.2,-4.06
-2.44,3.94,12.93,0.106,0.8,0.6,-0.6,2.5,0.80555,212.0,3.9388,12.93,129.3,1.7644656105003647,,,,Sand,,,Sand 2,2,3.7,5.56,-2.2,-4.06
-2.46,3.96,13.27,0.108,0.7,0.6,-0.4,2.5,0.79793,213.0,3.9588,13.27,132.7,1.7531576508417177,,,,Sand,,,Sand 2,2,3.7,5.56,-2.2,-4.06
-2.48,3.98,13.58,0.11,0.8,0.6,-0.6,2.5,0.79044,214.0,3.9788,13.58,135.8,1.7428333035654766,,,,Sand,,,Sand 2,2,3.7,5.56,-2.2,-4.06
-2.5,4.0,14.08,0.11,0.8,0.6,-0.6,2.6,0.76943,214.0,3.9988,14.08,140.8,1.723282059255073,,,,Sand,,,Sand 2,2,3.7,5.56,-2.2,-4.06
-2.5199999999999996,4.02,14.58,0.111,1.0,0.8,-0.6,2.5,0.75716,215.0,4.0188,14.58,145.8,1.707185673461761,,,,Sand,,,Sand 2,2,3.7,5.56,-2.2,-4.06
-2.54,4.04,14.96,0.111,0.8,0.6,-0.6,2.5,0.73883,216.0,4.0388,14.96,149.6,1.691783482842028,,,,Sand,,,Sand 2,2,3.7,5.56,-2.2,-4.06
-2.5599999999999996,4.06,15.38,0.111,0.8,0.6,-0.6,2.5,0.72172,217.0,4.0588,15.38,153.8,1.676031081299461,,,,Sand,,,Sand 2,2,3.7,5.56,-2.2,-4.06
-2.58,4.08,15.59,0.112,0.7,0.6,-0.4,2.1,0.7136,218.0,4.0788,15.59,155.9,1.6683606750174778,,,,Sand,,,Sand 2,2,3.7,5.56,-2.2,-4.06
-2.5999999999999996,4.1,15.84,0.112,0.7,0.6,-0.4,2.5,0.70164,219.0,4.0988,15.84,158.4,1.6583490873222642,,,,Sand,,,Sand 2,2,3.7,5.56,-2.2,-4.06
-2.62,4.12,16.18,0.112,0.8,0.6,-0.6,2.5,0.69104,219.0,4.1188,16.18,161.8,1.6470343598496981,,,,Sand,,,Sand 2,2,3.7,5.56,-2.2,-4.06
-2.6399999999999997,4.14,16.43,0.111,0.8,0.6,-0.6,2.5,0.67585,220.0,4.1388,16.43,164.3,1.6357294436251062,,,,Sand,,,Sand 2,2,3.7,5.56,-2.2,-4.06
-2.66,4.16,16.6,0.111,0.8,0.6,-0.6,2.5,0.66687,221.0,4.1588,16.6,166.0,1.6285735409551017,,,,Sand,,,Sand 2,2,3.7,5.56,-2.2,-4.06
-2.6799999999999997,4.18,16.72,0.112,0.8,0.6,-0.6,2.2,0.66429,222.0,4.1788,16.72,167.2,1.62509365768236,,,,Sand,,,Sand 2,2,3.7,5.56,-2.2,-4.06
-2.7,4.2,16.92,0.112,0.7,0.6,-0.4,2.9,0.65704,222.0,4.1988,16.92,169.2,1.61807491577888,,,,Sand,,,Sand 2,2,3.7,5.56,-2.2,-4.06
-2.7199999999999998,4.22,17.11,0.115,0.8,0.6,-0.6,2.8,0.66793,223.0,4.2188,17.11,171.1,1.6189543839111578,,,,Sand,,,Sand 2,2,3.7,5.56,-2.2,-4.06
-2.74,4.24,17.36,0.117,0.8,0.6,-0.6,2.5,0.67362,224.0,4.2388,17.36,173.6,1.616533898548397,,,,Sand,,,Sand 2,2,3.7,5.56,-2.2,-4.06
-2.76,4.26,17.56,0.118,0.8,0.6,-0.6,2.5,0.67404,225.0,4.2588,17.56,175.6,1.6129264729199537,,,,Sand,,,Sand 2,2,3.7,5.56,-2.2,-4.06
-2.7800000000000002,4.28,17.67,0.121,0.8,0.6,-0.6,2.5,0.68638,225.0,4.2788,17.67,176.7,1.616007194574986,,,,Sand,,,Sand 2,2,3.7,5.56,-2.2,-4.06
-2.8,4.3,17.8,0.123,0.8,0.6,-0.6,2.5,0.69345,226.0,4.2988,17.8,178.0,1.616517406212999,,,,Sand,,,Sand 2,2,3.7,5.56,-2.2,-4.06
-2.8200000000000003,4.32,17.81,0.126,0.7,0.6,-0.4,2.5,0.70653,227.0,4.3188,17.81,178.1,1.621672202540145,,,,Sand,,,Sand 2,2,3.7,5.56,-2.2,-4.06
-2.84,4.34,17.82,0.127,0.8,0.6,-0.6,2.5,0.70885,228.0,4.3388,17.82,178.2,1.6224280074797928,,,,Sand,,,Sand 2,2,3.7,5.56,-2.2,-4.06
-2.8600000000000003,4.36,17.9,0.129,0.8,0.6,-0.6,2.6,0.71697,229.0,4.3588,17.9,179.0,1.6242380092573059,,,,Sand,,,Sand 2,2,3.7,5.56,-2.2,-4.06
-2.88,4.38,17.98,0.131,0.8,0.6,-0.6,2.5,0.72556,229.0,4.3788,17.98,179.8,1.6262198358877114,,,,Sand,,,Sand 2,2,3.7,5.56,-2.2,-4.06
-2.9000000000000004,4.4,18.13,0.131,0.8,0.6,-0.6,2.5,0.72296,230.0,4.3988,18.13,181.3,1.6224880545841833,,,,Sand,,,Sand 2,2,3.7,5.56,-2.2,-4.06
-2.92,4.42,18.22,0.131,0.8,0.6,-0.6,2.5,0.72047,231.0,4.4188,18.22,182.2,1.619885573300673,,,,Sand,,,Sand 2,2,3.7,5.56,-2.2,-4.06
-2.9400000000000004,4.44,18.28,0.132,0.8,0.6,-0.6,2.5,0.72403,232.0,4.4388,18.28,182.8,1.6202455845174926,,,,Sand,,,Sand 2,2,3.7,5.56,-2.2,-4.06
-2.96,4.46,18.3,0.131,0.8,0.6,-0.6,2.5,0.71766,232.0,4.4588,18.3,183.0,1.6173359290586724,,,,Sand,,,Sand 2,2,3.7,5.56,-2.2,-4.06
-2.9800000000000004,4.48,18.33,0.131,0.8,0.6,-0.6,2.5,0.71751,233.0,4.4788,18.33,183.3,1.6167444546759568,,,,Sand,,,Sand 2,2,3.7,5.56,-2.2,-4.06
-3.0,4.5,18.32,0.132,0.8,0.6,-0.6,2.5,0.72339,234.0,4.4988,18.32,183.2,1.6192819143725512,,,,Sand,,,Sand 2,2,3.7,5.56,-2.2,-4.06
-3.0199999999999996,4.52,18.29,0.131,0.7,0.6,-0.4,2.5,0.71855,235.0,4.5188,18.29,182.9,1.6178712533973696,,,,Sand,,,Sand 2,2,3.7,5.56,-2.2,-4.06
-3.04,4.54,18.16,0.128,0.7,0.6,-0.4,2.6,0.70252,236.0,4.5388,18.16,181.6,1.6136917938144268,,,,Sand,,,Sand 2,2,3.7,5.56,-2.2,-4.06
-3.0599999999999996,4.56,18.16,0.127,0.8,0.6,-0.6,2.5,0.69737,236.0,4.5588,18.16,181.6,1.6115813803551358,,,,Sand,,,Sand 2,2,3.7,5.56,-2.2,-4.06
-3.08,4.58,18.14,0.127,0.8,0.6,-0.6,2.5,0.69809,237.0,4.5788,18.14,181.4,1.6122366872610807,,,,Sand,,,Sand 2,2,3.7,5.56,-2.2,-4.06
-3.0999999999999996,4.6,18.15,0.127,0.8,0.6,-0.6,2.5,0.69944,238.0,4.5988,18.15,181.5,1.6126107318285627,,,,Sand,,,Sand 2,2,3.7,5.56,-2.2,-4.06
-3.12,4.62,18.21,0.125,0.8,0.6,-0.6,2.3,0.68989,239.0,4.6188,18.21,182.1,1.607595968433726,,,,Sand,,,Sand 2,2,3.7,5.56,-2.2,-4.06
-3.1399999999999997,4.64,18.26,0.124,0.8,0.6,-0.6,2.2,0.68646,240.0,4.6388,18.26,182.6,1.605274474380591,,,,Sand,,,Sand 2,2,3.7,5.56,-2.2,-4.06
-3.16,4.66,18.17,0.12,0.8,0.6,-0.6,2.5,0.6669,240.0,4.6588,18.17,181.7,1.5986632771444047,,,,Sand,,,Sand 2,2,3.7,5.56,-2.2,-4.06
-3.1799999999999997,4.68,18.01,0.121,0.7,0.4,-0.6,2.5,0.67546,241.0,4.6788,18.01,180.1,1.6051904363540233,,,,Sand,,,Sand 2,2,3.7,5.56,-2.2,-4.06
-3.2,4.7,17.85,0.12,0.8,0.6,-0.6,2.5,0.67368,242.0,4.6988,17.85,178.5,1.6073768976765148,,,,Sand,,,Sand 2,2,3.7,5.56,-2.2,-4.06
-3.2199999999999998,4.72,17.72,0.118,0.8,0.6,-0.6,2.5,0.66686,243.0,4.7188,17.72,177.2,1.6069098535710342,,,,Sand,,,Sand 2,2,3.7,5.56,-2.2,-4.06
-3.24,4.74,17.58,0.115,0.7,0.4,-0.6,2.2,0.65355,244.0,4.7388,17.58,175.8,1.6038643957956393,,,,Sand,,,Sand 2,2,3.7,5.56,-2.2,-4.06
-3.26,4.76,17.51,0.11,0.8,0.6,-0.6,3.2,0.6275,244.0,4.7588,17.51,175.1,1.5938521208653147,,,,Sand,,,Sand 2,2,3.7,5.56,-2.2,-4.06
-3.2800000000000002,4.78,17.4,0.107,0.7,0.4,-0.6,3.0,0.6127,245.0,4.7788,17.4,174.0,1.5893701404429665,,,,Sand,,,Sand 2,2,3.7,5.56,-2.2,-4.06
-3.3,4.8,17.32,0.103,0.7,0.4,-0.6,2.7,0.59268,246.0,4.7988,17.32,173.2,1.5818237568843176,,,,Sand,,,Sand 2,2,3.7,5.56,-2.2,-4.06
-3.3200000000000003,4.82,17.38,0.099,0.7,0.4,-0.6,2.5,0.57271,246.0,4.8188,17.38,173.8,1.5713478196353208,,,,Sand,,,Sand 2,2,3.7,5.56,-2.2,-4.06
-3.34,4.84,17.48,0.099,0.7,0.4,-0.6,2.5,0.57579,247.0,4.8388,17.48,174.8,1.5708508160633818,,,,Sand,,,Sand 2,2,3.7,5.56,-2.2,-4.06
-3.3600000000000003,4.86,17.32,0.095,0.7,0.4,-0.6,2.5,0.55617,248.0,4.8588,17.32,173.2,1.564640513730655,,,,Sand,,,Sand 2,2,3.7,5.56,-2.2,-4.06
-3.38,4.88,17.04,0.092,0.8,0.6,-0.6,2.6,0.54277,249.0,4.8788,17.04,170.4,1.5637291864190144,,,,Sand,,,Sand 2,2,3.7,5.56,-2.2,-4.06
-3.4000000000000004,4.9,16.84,0.087,0.7,0.4,-0.6,2.5,0.51878,249.0,4.8988,16.84,168.4,1.5559172969197919,,,,Sand,,,Sand 2,2,3.7,5.56,-2.2,-4.06
-3.42,4.92,16.77,0.0863,0.7,0.4,-0.6,2.5,0.52161,250.0,4.9188,16.77,167.7,1.5587832578534129,,,,Sand,,,Sand 2,2,3.7,5.56,-2.2,-4.06
-3.4400000000000004,4.94,16.5,0.0857,0.7,0.4,-0.6,2.5,0.52561,251.0,4.9388,16.5,165.0,1.5664113491312903,,,,Sand,,,Sand 2,2,3.7,5.56,-2.2,-4.06
-3.46,4.96,16.27,0.085,0.7,0.4,-0.6,2.5,0.53013,252.0,4.9588,16.27,162.7,1.5735194230065932,,,,Sand,,,Sand 2,2,3.7,5.56,-2.2,-4.06
-3.4800000000000004,4.98,15.94,0.084,0.6,0.4,-0.4,2.5,0.53456,253.0,4.9788,15.94,159.4,1.582808627512255,,,,Sand,,,Sand 2,2,3.7,5.56,-2.2,-4.06
-3.5,5.0,15.68,0.083,0.7,0.4,-0.6,2.5,0.54063,253.0,4.9988,15.68,156.8,1.5914651584067638,,,,Sand,,,Sand 2,2,3.7,5.56,-2.2,-4.06
-3.5199999999999996,5.02,15.4,0.079,0.7,0.4,-0.6,2.5,0.52684,254.0,5.0188,15.4,154.0,1.5910725793900324,,,,Sand,,,Sand 2,2,3.7,5.56,-2.2,-4.06
-3.54,5.04,14.87,0.08,0.6,0.4,-0.4,2.5,0.54682,255.0,5.0388,14.87,148.7,1.6129050495714472,,,,Sand,,,Sand 2,2,3.7,5.56,-2.2,-4.06
-3.5599999999999996,5.06,14.28,0.085,0.7,0.4,-0.6,2.5,0.59665,256.0,5.0587,14.28,142.8,1.6496658751586313,,,,Sand,,,Sand 2,2,3.7,5.56,-2.2,-4.06
-3.58,5.08,13.88,0.087,0.7,0.4,-0.6,2.5,0.62867,256.0,5.0787,13.88,138.8,1.6732407476796949,,,,Sand,,,Sand 2,2,3.7,5.56,-2.2,-4.06
-3.5999999999999996,5.1,13.64,0.085,0.6,0.4,-0.4,2.5,0.63285,257.0,5.0987,13.64,136.4,1.681004449130201,,,,Sand,,,Sand 2,2,3.7,5.56,-2.2,-4.06
-3.62,5.12,13.35,0.086,0.7,0.4,-0.6,2.5,0.65945,258.0,5.1187,13.35,133.5,1.6993026779264968,,,,Sand,,,Sand 2,2,3.7,5.56,-2.2,-4.06
-3.6399999999999997,5.14,12.87,0.077,0.6,0.2,-0.6,2.5,0.60815,259.0,5.1387,12.87,128.7,1.6907939076074763,,,,Sand,,,Sand 2,2,3.7,5.56,-2.2,-4.06
-3.66,5.16,12.42,0.071,0.6,0.4,-0.4,2.5,0.57877,260.0,5.1587,12.42,124.2,1.690668343059262,,,,Sand,,,Sand 2,2,3.7,5.56,-2.2,-4.06
-3.6799999999999997,5.18,12.14,0.069,0.7,0.4,-0.6,2.1,0.58339,260.0,5.1787,12.14,121.4,1.7007365932029184,,,,Sand,,,Sand 2,2,3.7,5.56,-2.2,-4.06
-3.7,5.2,11.75,0.068,0.7,0.4,-0.6,2.5,0.59958,261.0,5.1987,11.75,117.5,1.7191837846306044,,,,Sand,,,Sand 2,2,3.7,5.56,-2.2,-4.06
-3.7199999999999998,5.22,11.24,0.066,0.7,0.4,-0.6,2.5,0.60837,262.0,5.2187,11.24,112.4,1.7385560714798338,,,,Sand,,,Sand 2,2,3.7,5.56,-2.2,-4.06
-3.74,5.24,10.73,0.063,0.6,0.2,-0.6,2.5,0.61024,263.0,5.2387,10.73,107.3,1.755820252907967,,,,Sand,,,Sand 2,2,3.7,5.56,-2.2,-4.06
-3.76,5.26,10.12,0.063,0.6,0.2,-0.6,2.5,0.64458,264.0,5.2587,10.12,101.2,1.790281239282389,,,,Sand,,,Sand 2,2,3.7,5.56,-2.2,-4.06
-3.7800000000000002,5.28,9.46,0.059,0.7,0.4,-0.6,2.5,0.63844,264.0,5.2787,9.46,94.6,1.8119692306985016,,,,Sand,,,Sand 2,2,3.7,5.56,-2.2,-4.06
-3.8,5.3,8.93,0.055,0.7,0.4,-0.6,3.1,0.63019,265.0,5.2987,8.93,89.3,1.829517544156783,,,,Sand,,,Sand 2,2,3.7,5.56,-2.2,-4.06
-3.8200000000000003,5.32,8.22,0.055,0.7,0.4,-0.6,2.8,0.66677,266.0,5.3187,8.22,82.2,1.873048226747163,,,,Sand,,,Sand 2,2,3.7,5.56,-2.2,-4.06
-3.84,5.34,7.74,0.053,0.7,0.4,-0.6,2.5,0.67829,267.0,5.3387,7.74,77.4,1.898908771612691,,,,Sand,,,Sand 2,2,3.7,5.56,-2.2,-4.06
-3.8600000000000003,5.36,7.49,0.051,0.6,0.2,-0.6,2.5,0.68571,267.0,5.3587,7.49,74.9,1.9134029868036504,,,,Sand,,,Sand 2,2,3.7,5.56,-2.2,-4.06
-3.88,5.38,7.13,0.05,0.7,0.4,-0.6,2.5,0.70348,268.0,5.3787,7.13,71.3,1.937376002959564,,,,Sand,,,Sand 2,2,3.7,5.56,-2.2,-4.06
-3.9000000000000004,5.4,6.9,0.048,0.6,0.2,-0.6,2.4,0.70188,269.0,5.3987,6.9,69.0,1.948735433866818,,,,Sand,,,Sand 2,2,3.7,5.56,-2.2,-4.06
-3.92,5.42,6.64,0.047,0.6,0.2,-0.6,2.5,0.71131,270.0,5.4187,6.64,66.4,1.9658739416305977,,,,Sand,,,Sand 2,2,3.7,5.56,-2.2,-4.06
-3.9400000000000004,5.44,6.45,0.046,0.7,0.4,-0.6,2.6,0.71959,271.0,5.4387,6.45,64.5,1.9791852605853884,,,,Sand,,,Sand 2,2,3.7,5.56,-2.2,-4.06
-3.96,5.46,6.29,0.045,0.4,0.0,-0.4,2.5,0.72537,271.0,5.4587,6.29,62.9,1.9902305626384862,,,,Sand,,,Sand 2,2,3.7,5.56,-2.2,-4.06
-3.9800000000000004,5.48,6.07,0.044,0.6,0.2,-0.6,2.5,0.72968,272.0,5.4787,6.07,60.7,2.004621729999544,,,,Sand,,,Sand 2,2,3.7,5.56,-2.2,-4.06
-4.0,5.5,5.89,0.043,0.6,0.2,-0.6,2.5,0.73083,273.0,5.4987,5.89,58.9,2.016002462126417,,,,Sand,,,Sand 2,2,3.7,5.56,-2.2,-4.06
-4.02,5.52,5.77,0.042,0.6,0.2,-0.6,2.5,0.73059,274.0,5.5187,5.77,57.7,2.0234695057025824,,,,Sand,,,Sand 2,2,3.7,5.56,-2.2,-4.06
-4.04,5.54,5.62,0.042,0.6,0.0,-0.6,2.5,0.74683,274.0,5.5387,5.62,56.2,2.038244575582151,,,,Sand,,,Sand 2,2,3.7,5.56,-2.2,-4.06
-4.06,5.56,5.51,0.041,0.4,0.2,-0.4,2.5,0.74343,275.0,5.5587,5.51,55.1,2.044436771245362,,,,Sand,,,Sand mixtures 2,2,5.56,6.68,-4.06,-5.18
-4.08,5.58,5.47,0.041,0.6,0.2,-0.6,2.5,0.75681,276.0,5.5787,5.47,54.7,2.0512532813898896,,,,Sand mixtures,,,Sand mixtures 2,2,5.56,6.68,-4.06,-5.18
-4.1,5.6,5.37,0.04,0.6,0.2,-0.6,2.5,0.75153,277.0,5.5987,5.37,53.7,2.0564016695273746,,,,Sand mixtures,,,Sand mixtures 2,2,5.56,6.68,-4.06,-5.18
-4.12,5.62,5.29,0.039,0.4,0.2,-0.4,2.5,0.74427,278.0,5.6187,5.29,52.9,2.059682646515902,,,,Sand mixtures,,,Sand mixtures 2,2,5.56,6.68,-4.06,-5.18
-4.14,5.64,5.2,0.041,0.6,0.2,-0.6,2.4,0.79457,278.0,5.6387,5.2,52.0,2.081153606697645,,,,Sand mixtures,,,Sand mixtures 2,2,5.56,6.68,-4.06,-5.18
-4.16,5.66,5.11,0.041,0.6,0.2,-0.6,2.5,0.80968,279.0,5.6587,5.11,51.1,2.0919493493971033,,,,Sand mixtures,,,Sand mixtures 2,2,5.56,6.68,-4.06,-5.18
-4.18,5.68,5.01,0.04,0.4,0.2,-0.4,2.2,0.80362,280.0,5.6787,5.01,50.1,2.0974302459991825,,,,Sand mixtures,,,Sand mixtures 2,2,5.56,6.68,-4.06,-5.18
-4.2,5.7,4.96,0.039,0.6,0.2,-0.6,2.4,0.79693,281.0,5.6987,4.96,49.6,2.099166141928778,,,,Sand mixtures,,,Sand mixtures 2,2,5.56,6.68,-4.06,-5.18
-4.22,5.72,4.87,0.039,0.6,0.2,-0.6,2.5,0.80934,282.0,5.7187,4.87,48.7,2.1094744768949614,,,,Sand mixtures,,,Sand mixtures 2,2,5.56,6.68,-4.06,-5.18
-4.24,5.74,4.7,0.038,0.6,0.2,-0.6,2.5,0.79853,282.0,5.7387,4.7,47.0,2.1194314644847805,,,,Sand mixtures,,,Sand mixtures 2,2,5.56,6.68,-4.06,-5.18
-4.26,5.76,4.68,0.043,0.6,0.2,-0.6,2.5,0.91929,283.0,5.7587,4.68,46.8,2.153990458222894,,,,Sand mixtures,,,Sand mixtures 2,2,5.56,6.68,-4.06,-5.18
-4.28,5.78,4.62,0.039,0.4,0.0,-0.4,2.5,0.85176,284.0,5.7787,4.62,46.2,2.140688522765967,,,,Sand mixtures,,,Sand mixtures 2,2,5.56,6.68,-4.06,-5.18
-4.3,5.8,4.6,0.039,0.4,0.2,-0.4,2.9,0.86932,285.0,5.7987,4.6,46.0,2.1470495488867813,,,,Sand mixtures,,,Sand mixtures 2,2,5.56,6.68,-4.06,-5.18
-4.32,5.82,4.63,0.036,0.6,0.2,-0.6,2.5,0.81818,285.0,5.8187,4.63,46.3,2.1305573209195408,,,,Sand mixtures,,,Sand mixtures 2,2,5.56,6.68,-4.06,-5.18
-4.34,5.84,4.36,0.032,0.4,0.0,-0.4,2.5,0.74289,286.0,5.8387,4.36,43.6,2.130937822807207,,,,Sand mixtures,,,Sand mixtures 2,2,5.56,6.68,-4.06,-5.18
-4.36,5.86,4.17,0.03,0.4,0.2,-0.4,2.5,0.71217,287.0,5.8587,4.17,41.7,2.1383246608834794,,,,Sand mixtures,,,Sand mixtures 2,2,5.56,6.68,-4.06,-5.18
-4.38,5.88,4.13,0.029,0.6,0.2,-0.6,2.5,0.70517,288.0,5.8787,4.13,41.3,2.1398020734626697,,,,Sand mixtures,,,Sand mixtures 2,2,5.56,6.68,-4.06,-5.18
-4.4,5.9,4.01,0.028,0.4,0.0,-0.4,2.5,0.70066,289.0,5.8987,4.01,40.1,2.149524550354443,,,,Sand mixtures,,,Sand mixtures 2,2,5.56,6.68,-4.06,-5.18
-4.42,5.92,3.94,0.026,0.6,0.2,-0.6,2.5,0.66709,289.0,5.9187,3.94,39.4,2.145713293783197,,,,Sand mixtures,,,Sand mixtures 2,2,5.56,6.68,-4.06,-5.18
-4.44,5.94,3.86,0.025,0.4,0.0,-0.4,2.5,0.65811,290.0,5.9387,3.86,38.6,2.15065272305675,,,,Sand mixtures,,,Sand mixtures 2,2,5.56,6.68,-4.06,-5.18
-4.46,5.96,3.8,0.024,0.4,0.0,-0.4,2.5,0.65019,291.0,5.9587,3.8,38.0,2.154086879287708,,,,Sand mixtures,,,Sand mixtures 2,2,5.56,6.68,-4.06,-5.18
-4.48,5.98,3.7,0.023,0.4,0.2,-0.4,2.6,0.64471,292.0,5.9787,3.7,37.0,2.1625049742816493,,,,Sand mixtures,,,Sand mixtures 2,2,5.56,6.68,-4.06,-5.18
-4.5,6.0,3.57,0.022,0.4,0.0,-0.4,2.5,0.64327,292.0,5.9987,3.57,35.7,2.1757191786798873,,,,Sand mixtures,,,Sand mixtures 2,2,5.56,6.68,-4.06,-5.18
-4.52,6.02,3.38,0.022,0.4,0.2,-0.4,2.5,0.67562,293.0,6.0187,3.38,33.8,2.2067350790763136,,,,Sand mixtures,,,Sand mixtures 2,2,5.56,6.68,-4.06,-5.18
-4.54,6.04,3.27,0.021,0.4,0.0,-0.4,2.5,0.68376,294.0,6.0387,3.27,32.7,2.221849519838856,,,,Sand mixtures,,,Sand mixtures 2,2,5.56,6.68,-4.06,-5.18
-4.56,6.06,3.02,0.02,0.4,0.0,-0.4,2.5,0.69565,295.0,6.0587,3.02,30.2,2.2558250279267766,,,,Sand mixtures,,,Sand mixtures 2,2,5.56,6.68,-4.06,-5.18
-4.58,6.08,2.76,0.021,0.4,0.2,-0.4,2.5,0.78285,296.0,6.0787,2.76,27.6,2.314625213537117,,,,Sand mixtures,,,Sand mixtures 2,2,5.56,6.68,-4.06,-5.18
-4.6,6.1,2.55,0.02,0.4,0.0,-0.4,2.5,0.7992,296.0,6.0987,2.55,25.5,2.3490895561898704,,,,Sand mixtures,,,Sand mixtures 2,2,5.56,6.68,-4.06,-5.18
-4.62,6.12,2.32,0.021,0.4,0.2,-0.4,2.5,0.90032,297.0,6.1187,2.32,23.2,2.4100163682689217,,,,Sand mixtures,,,Sand mixtures 2,2,5.56,6.68,-4.06,-5.18
-4.64,6.14,2.13,0.021,0.4,0.2,-0.4,2.5,0.95618,298.0,6.1387,2.13,21.3,2.4551646355002217,,,,Sand mixtures,,,Sand mixtures 2,2,5.56,6.68,-4.06,-5.18
-4.66,6.16,2.03,0.021,0.4,0.0,-0.4,2.6,0.99881,299.0,6.1587,2.03,20.299999999999997,2.4826521877003733,,,,Sand mixtures,,,Sand mixtures 2,2,5.56,6.68,-4.06,-5.18
-4.68,6.18,1.94,0.022,0.4,0.2,-0.4,2.5,1.0712,299.0,6.1787,1.94,19.4,2.514789398072744,,,,Sand mixtures,,,Sand mixtures 2,2,5.56,6.68,-4.06,-5.18
-4.7,6.2,1.91,0.021,0.4,0.0,-0.4,2.5,1.0238,300.0,6.1987,1.91,19.1,2.51097673697083,,,,Sand mixtures,,,Sand mixtures 2,2,5.56,6.68,-4.06,-5.18
-4.72,6.22,1.93,0.021,0.6,0.0,-0.6,2.5,1.0006,301.0,6.2187,1.93,19.3,2.5021641741789216,,,,Sand mixtures,,,Sand mixtures 2,2,5.56,6.68,-4.06,-5.18
-4.74,6.24,2.01,0.022,0.6,0.0,-0.6,2.2,1.0051,302.0,6.2387,2.01,20.099999999999998,2.487736889736534,,,,Sand mixtures,,,Sand mixtures 2,2,5.56,6.68,-4.06,-5.18
-4.76,6.26,2.16,0.023,0.4,0.0,-0.4,2.5,0.99675,303.0,6.2587,2.16,21.6,2.4587619274452797,,,,Sand mixtures,,,Sand mixtures 2,2,5.56,6.68,-4.06,-5.18
-4.78,6.28,2.3,0.023,0.4,0.0,-0.4,2.5,0.93448,303.0,6.2787,2.3,23.0,2.421212189861366,,,,Sand mixtures,,,Sand mixtures 2,2,5.56,6.68,-4.06,-5.18
-4.8,6.3,2.51,0.025,0.4,0.0,-0.4,2.5,0.94967,304.0,6.2987,2.51,25.1,2.391742318177537,,,,Sand mixtures,,,Sand mixtures 2,2,5.56,6.68,-4.06,-5.18
-4.82,6.32,2.75,0.025,0.4,0.0,-0.4,2.5,0.88771,305.0,6.3187,2.75,27.5,2.3427477670396253,,,,Sand mixtures,,,Sand mixtures 2,2,5.56,6.68,-4.06,-5.18
-4.84,6.34,2.89,0.026,0.4,0.2,-0.4,2.7,0.86595,306.0,6.3387,2.89,28.9,2.318680896245779,,,,Sand mixtures,,,Sand mixtures 2,2,5.56,6.68,-4.06,-5.18
-4.86,6.36,3.14,0.027,0.4,0.0,-0.4,2.6,0.84839,307.0,6.3587,3.14,31.4,2.283041464816426,,,,Sand mixtures,,,Sand mixtures 2,2,5.56,6.68,-4.06,-5.18
-4.88,6.38,3.3,0.028,0.4,0.0,-0.4,2.5,0.83551,307.0,6.3787,3.3,33.0,2.2610509545016013,,,,Sand mixtures,,,Sand mixtures 2,2,5.56,6.68,-4.06,-5.18
-4.9,6.4,3.48,0.03,0.4,0.0,-0.4,2.5,0.85623,308.0,6.3987,3.48,34.8,2.2466133034851175,,,,Sand mixtures,,,Sand mixtures 2,2,5.56,6.68,-4.06,-5.18
-4.92,6.42,3.65,0.03,0.4,0.0,-0.4,2.5,0.82248,309.0,6.4187,3.65,36.5,2.219877489064764,,,,Sand mixtures,,,Sand mixtures 2,2,5.56,6.68,-4.06,-5.18
-4.94,6.44,3.74,0.031,0.4,0.0,-0.4,2.5,0.82092,310.0,6.4387,3.74,37.4,2.2103697757069627,,,,Sand mixtures,,,Sand mixtures 2,2,5.56,6.68,-4.06,-5.18
-4.96,6.46,3.86,0.033,0.4,0.0,-0.4,2.5,0.84643,310.0,6.4587,3.86,38.6,2.20549509035468,,,,Sand mixtures,,,Sand mixtures 2,2,5.56,6.68,-4.06,-5.18
-4.98,6.48,3.97,0.033,0.4,0.0,-0.4,2.5,0.82141,311.0,6.4787,3.97,39.7,2.1882987293341425,,,,Sand mixtures,,,Sand mixtures 2,2,5.56,6.68,-4.06,-5.18
-5.0,6.5,4.04,0.034,0.4,0.0,-0.4,2.5,0.82225,312.0,6.4987,4.04,40.4,2.182042215176699,,,,Sand mixtures,,,Sand mixtures 2,2,5.56,6.68,-4.06,-5.18
-5.02,6.52,4.17,0.035,0.4,0.0,-0.4,2.5,0.82184,313.0,6.5187,4.17,41.7,2.1701932574890073,,,,Sand mixtures,,,Sand mixtures 2,2,5.56,6.68,-4.06,-5.18
-5.04,6.54,4.28,0.037,0.4,0.0,-0.4,2.4,0.84306,314.0,6.5387,4.28,42.8,2.166398089048094,,,,Sand mixtures,,,Sand mixtures 2,2,5.56,6.68,-4.06,-5.18
-5.06,6.56,4.43,0.037,0.4,0.0,-0.4,2.5,0.81678,314.0,6.5587,4.43,44.3,2.146430831784539,,,,Sand mixtures,,,Sand mixtures 2,2,5.56,6.68,-4.06,-5.18
-5.08,6.58,4.59,0.039,0.4,0.0,-0.4,2.5,0.83222,315.0,6.5787,4.59,45.9,2.13768201557025,,,,Sand mixtures,,,Sand mixtures 2,2,5.56,6.68,-4.06,-5.18
-5.1,6.6,4.73,0.039,0.4,0.0,-0.4,2.5,0.80288,316.0,6.5987,4.73,47.3,2.1183395821405684,,,,Sand mixtures,,,Sand mixtures 2,2,5.56,6.68,-4.06,-5.18
-5.12,6.62,4.9,0.04,0.4,0.0,-0.4,2.5,0.79326,317.0,6.6187,4.9,49.0,2.102568234254179,,,,Sand mixtures,,,Sand mixtures 2,2,5.56,6.68,-4.06,-5.18
-5.14,6.64,5.1,0.043,0.4,0.0,-0.4,2.5,0.821,317.0,6.6387,5.1,51.0,2.095923014397991,,,,Sand mixtures,,,Sand mixtures 2,2,5.56,6.68,-4.06,-5.18
-5.16,6.66,5.29,0.043,0.4,0.0,-0.4,2.5,0.78881,318.0,6.6587,5.29,52.9,2.0731725564987866,,,,Sand mixtures,,,Sand mixtures 2,2,5.56,6.68,-4.06,-5.18
-5.18,6.68,5.54,0.045,0.4,0.0,-0.4,2.6,0.79034,319.0,6.6787,5.54,55.4,2.0567636197526316,,,,Sand mixtures,,,Sand 3,3,6.68,33.98,-5.18,-32.48
-5.2,6.7,5.76,0.047,0.4,0.0,-0.4,2.5,0.78843,320.0,6.6987,5.76,57.6,2.0420125362464643,,,,Sand,,,Sand 3,3,6.68,33.98,-5.18,-32.48
-5.22,6.72,5.99,0.048,0.4,0.0,-0.4,2.5,0.768,321.0,6.7187,5.99,59.9,2.021540845077511,,,,Sand,,,Sand 3,3,6.68,33.98,-5.18,-32.48
-5.24,6.74,6.3,0.05,0.4,0.0,-0.4,2.5,0.76249,321.0,6.7387,6.3,63.0,2.00150521513988,,,,Sand,,,Sand 3,3,6.68,33.98,-5.18,-32.48
-5.26,6.76,6.67,0.052,0.4,0.0,-0.4,2.5,0.75871,322.0,6.7587,6.67,66.7,1.9796637478140446,,,,Sand,,,Sand 3,3,6.68,33.98,-5.18,-32.48
-5.28,6.78,7.04,0.054,0.4,0.0,-0.4,2.1,0.75856,323.0,6.7787,7.04,70.4,1.9601653858818089,,,,Sand,,,Sand 3,3,6.68,33.98,-5.18,-32.48
-5.3,6.8,7.41,0.056,0.4,0.0,-0.4,2.5,0.76216,324.0,6.7987,7.41,74.1,1.942958437310055,,,,Sand,,,Sand 3,3,6.68,33.98,-5.18,-32.48
-5.32,6.82,7.75,0.058,0.4,0.0,-0.4,2.5,0.76936,325.0,6.8187,7.75,77.5,1.9292821997874114,,,,Sand,,,Sand 3,3,6.68,33.98,-5.18,-32.48
-5.34,6.84,7.91,0.06,0.4,-0.2,-0.4,2.5,0.78112,325.0,6.8387,7.91,79.1,1.9258167034827585,,,,Sand,,,Sand 3,3,6.68,33.98,-5.18,-32.48
-5.36,6.86,7.88,0.061,0.4,-0.2,-0.4,2.5,0.78406,326.0,6.8587,7.88,78.8,1.9281063515079218,,,,Sand,,,Sand 3,3,6.68,33.98,-5.18,-32.48
-5.38,6.88,7.82,0.062,0.4,0.0,-0.4,2.6,0.79069,327.0,6.8787,7.82,78.2,1.9329291011849719,,,,Sand,,,Sand 3,3,6.68,33.98,-5.18,-32.48
-5.4,6.9,7.83,0.062,0.4,-0.2,-0.4,2.9,0.7878,328.0,6.8987,7.83,78.3,1.9315567854130296,,,,Sand,,,Sand 3,3,6.68,33.98,-5.18,-32.48
-5.42,6.92,7.81,0.063,0.4,0.0,-0.4,2.7,0.79873,328.0,6.9187,7.81,78.1,1.9359265258446863,,,,Sand,,,Sand 3,3,6.68,33.98,-5.18,-32.48
-5.44,6.94,7.83,0.062,0.4,-0.2,-0.4,2.5,0.78283,329.0,6.9387,7.83,78.3,1.9299694804443808,,,,Sand,,,Sand 3,3,6.68,33.98,-5.18,-32.48
-5.46,6.96,7.9,0.062,0.4,-0.2,-0.4,2.5,0.77755,330.0,6.9587,7.9,79.0,1.9251166140186025,,,,Sand,,,Sand 3,3,6.68,33.98,-5.18,-32.48
-5.48,6.98,7.98,0.062,0.4,-0.2,-0.4,2.5,0.77186,331.0,6.9787,7.98,79.8,1.91970220073937,,,,Sand,,,Sand 3,3,6.68,33.98,-5.18,-32.48
-5.5,7.0,8.05,0.062,0.4,-0.2,-0.4,2.5,0.76496,331.0,6.9987,8.05,80.50000000000001,1.9143544515521065,,,,Sand,,,Sand 3,3,6.68,33.98,-5.18,-32.48
-5.52,7.02,8.14,0.063,0.4,-0.2,-0.4,2.5,0.76958,332.0,7.0187,8.14,81.4,1.9119230256775956,,,,Sand,,,Sand 3,3,6.68,33.98,-5.18,-32.48
-5.54,7.04,8.25,0.063,0.4,-0.2,-0.4,2.6,0.76214,333.0,7.0387,8.25,82.5,1.9047272604316612,,,,Sand,,,Sand 3,3,6.68,33.98,-5.18,-32.48
-5.56,7.06,8.3,0.065,0.4,-0.2,-0.4,2.6,0.77786,334.0,7.0587,8.3,83.0,1.907737081293094,,,,Sand,,,Sand 3,3,6.68,33.98,-5.18,-32.48
-5.58,7.08,8.39,0.064,0.4,-0.2,-0.4,2.5,0.7565,335.0,7.0787,8.39,83.9,1.8969009314175274,,,,Sand,,,Sand 3,3,6.68,33.98,-5.18,-32.48
-5.6,7.1,8.48,0.064,0.4,-0.2,-0.4,2.5,0.74625,335.0,7.0987,8.48,84.8,1.8896929745331634,,,,Sand,,,Sand 3,3,6.68,33.98,-5.18,-32.48
-5.62,7.12,8.54,0.066,0.4,-0.2,-0.4,2.5,0.75786,336.0,7.1187,8.54,85.4,1.89108641281862,,,,Sand,,,Sand 3,3,6.68,33.98,-5.18,-32.48
-5.64,7.14,8.7,0.066,0.4,-0.2,-0.4,2.5,0.74471,337.0,7.1387,8.7,87.0,1.8801083297615424,,,,Sand,,,Sand 3,3,6.68,33.98,-5.18,-32.48
-5.66,7.16,8.88,0.067,0.4,-0.2,-0.4,2.5,0.74249,338.0,7.1587,8.88,88.8,1.8721199499441825,,,,Sand,,,Sand 3,3,6.68,33.98,-5.18,-32.48
-5.68,7.18,9.07,0.068,0.4,-0.2,-0.4,2.5,0.73923,338.0,7.1787,9.07,90.7,1.8635376839426026,,,,Sand,,,Sand 3,3,6.68,33.98,-5.18,-32.48
-5.7,7.2,9.31,0.069,0.3,-0.2,-0.2,2.5,0.73522,339.0,7.1987,9.31,93.1,1.8529583474033007,,,,Sand,,,Sand 3,3,6.68,33.98,-5.18,-32.48
-5.72,7.22,9.53,0.07,0.3,-0.2,-0.2,2.5,0.73126,340.0,7.2187,9.53,95.3,1.8433707401843733,,,,Sand,,,Sand 3,3,6.68,33.98,-5.18,-32.48
-5.74,7.24,9.68,0.071,0.4,-0.2,-0.4,2.5,0.72811,341.0,7.2387,9.68,96.8,1.8367842259526797,,,,Sand,,,Sand 3,3,6.68,33.98,-5.18,-32.48
-5.76,7.26,9.88,0.073,0.3,-0.2,-0.2,2.5,0.73561,342.0,7.2587,9.88,98.8,1.832251383494962,,,,Sand,,,Sand 3,3,6.68,33.98,-5.18,-32.48
-5.78,7.28,10.03,0.074,0.4,-0.2,-0.4,2.5,0.73367,342.0,7.2787,10.03,100.3,1.826304698420892,,,,Sand,,,Sand 3,3,6.68,33.98,-5.18,-32.48
-5.8,7.3,10.2,0.074,0.4,-0.2,-0.4,2.1,0.72186,343.0,7.2987,10.2,102.0,1.8162462063160463,,,,Sand,,,Sand 3,3,6.68,33.98,-5.18,-32.48
-5.82,7.32,10.31,0.074,0.3,-0.2,-0.2,2.4,0.70856,344.0,7.3187,10.31,103.1,1.8077061292965246,,,,Sand,,,Sand 3,3,6.68,33.98,-5.18,-32.48
-5.84,7.34,10.45,0.074,0.3,-0.2,-0.2,2.6,0.69484,345.0,7.3387,10.45,104.5,1.797960759245679,,,,Sand,,,Sand 3,3,6.68,33.98,-5.18,-32.48
-5.86,7.36,10.61,0.072,0.4,-0.2,-0.4,2.5,0.66055,346.0,7.3587,10.61,106.1,1.7797083780042167,,,,Sand,,,Sand 3,3,6.68,33.98,-5.18,-32.48
-5.88,7.38,10.85,0.071,0.4,-0.2,-0.4,2.4,0.63577,346.0,7.3787,10.85,108.5,1.7621392651143455,,,,Sand,,,Sand 3,3,6.68,33.98,-5.18,-32.48
-5.9,7.4,11.22,0.07,0.3,-0.2,-0.2,2.5,0.61175,347.0,7.3987,11.22,112.2,1.7405779096703862,,,,Sand,,,Sand 3,3,6.68,33.98,-5.18,-32.48
-5.92,7.42,11.53,0.07,0.6,-0.4,-0.4,3.0,0.59752,348.0,7.4187,11.53,115.3,1.7250109846903903,,,,Sand,,,Sand 3,3,6.68,33.98,-5.18,-32.48
-5.94,7.44,12.03,0.069,0.4,-0.4,-0.2,2.5,0.57692,349.0,7.4387,12.03,120.3,1.701161202530262,,,,Sand,,,Sand 3,3,6.68,33.98,-5.18,-32.48
-5.96,7.46,12.34,0.068,0.6,-0.4,-0.4,2.5,0.56036,349.0,7.4587,12.34,123.4,1.68484434420947,,,,Sand,,,Sand 3,3,6.68,33.98,-5.18,-32.48
-5.98,7.48,12.51,0.068,0.6,-0.4,-0.4,2.5,0.55652,350.0,7.4787,12.51,125.1,1.6782656593936183,,,,Sand,,,Sand 3,3,6.68,33.98,-5.18,-32.48
-6.0,7.5,12.63,0.068,0.4,-0.2,-0.4,2.5,0.55544,351.0,7.4987,12.63,126.3,1.6743899260235846,,,,Sand,,,Sand 3,3,6.68,33.98,-5.18,-32.48
-6.02,7.52,12.57,0.067,0.6,-0.4,-0.4,2.5,0.54946,352.0,7.5187,12.57,125.7,1.6733795332105779,,,,Sand,,,Sand 3,3,6.68,33.98,-5.18,-32.48
-6.04,7.54,12.25,0.068,0.3,-0.2,-0.2,2.5,0.56175,353.0,7.5387,12.25,122.5,1.6880644701679979,,,,Sand,,,Sand 3,3,6.68,33.98,-5.18,-32.48
-6.06,7.56,11.89,0.066,0.4,-0.4,-0.2,2.5,0.55023,353.0,7.5587,11.89,118.9,1.6935651581315418,,,,Sand,,,Sand 3,3,6.68,33.98,-5.18,-32.48
-6.08,7.58,11.72,0.068,0.6,-0.4,-0.4,2.5,0.57245,354.0,7.5787,11.72,117.2,1.7085006798264972,,,,Sand,,,Sand 3,3,6.68,33.98,-5.18,-32.48
-6.1,7.6,11.64,0.069,0.4,-0.4,-0.2,2.5,0.58574,355.0,7.5987,11.64,116.4,1.7166563340233771,,,,Sand,,,Sand 3,3,6.68,33.98,-5.18,-32.48
-6.12,7.62,11.63,0.071,0.4,-0.4,-0.2,2.5,0.60548,356.0,7.6187,11.63,116.3,1.7252826873767715,,,,Sand,,,Sand 3,3,6.68,33.98,-5.18,-32.48
-6.14,7.64,11.63,0.073,0.4,-0.4,-0.2,2.5,0.623,356.0,7.6387,11.63,116.3,1.7325075279768811,,,,Sand,,,Sand 3,3,6.68,33.98,-5.18,-32.48
-6.16,7.66,11.7,0.074,0.4,-0.4,-0.2,2.5,0.63093,357.0,7.6587,11.7,117.0,1.7336217816734358,,,,Sand,,,Sand 3,3,6.68,33.98,-5.18,-32.48
-6.18,7.68,11.78,0.077,0.4,-0.4,-0.2,2.5,0.65553,358.0,7.6787,11.78,117.8,1.741068252031574,,,,Sand,,,Sand 3,3,6.68,33.98,-5.18,-32.48
-6.2,7.7,11.82,0.079,0.6,-0.4,-0.4,2.5,0.6722,359.0,7.6987,11.82,118.2,1.7464051767555615,,,,Sand,,,Sand 3,3,6.68,33.98,-5.18,-32.48
-6.22,7.72,11.82,0.084,0.4,-0.4,-0.2,2.5,0.71588,360.0,7.7187,11.82,118.2,1.762940564977444,,,,Sand,,,Sand 3,3,6.68,33.98,-5.18,-32.48
-6.24,7.74,11.81,0.087,0.4,-0.4,-0.2,2.5,0.74782,360.0,7.7387,11.81,118.1,1.7748513718093784,,,,Sand,,,Sand 3,3,6.68,33.98,-5.18,-32.48
-6.26,7.76,11.78,0.088,0.6,-0.6,-0.2,2.5,0.77092,361.0,7.7587,11.78,117.8,1.7838901639119364,,,,Sand,,,Sand 3,3,6.68,33.98,-5.18,-32.48
-6.28,7.78,11.68,0.087,0.4,-0.4,-0.2,2.5,0.78106,362.0,7.7787,11.68,116.8,1.7903164934736089,,,,Sand,,,Sand 3,3,6.68,33.98,-5.18,-32.48
-6.3,7.8,11.48,0.086,0.6,-0.6,-0.2,2.5,0.79372,363.0,7.7987,11.48,114.8,1.8005329196731317,,,,Sand,,,Sand 3,3,6.68,33.98,-5.18,-32.48
-6.32,7.82,10.9,0.084,0.6,-0.4,-0.4,2.5,0.79857,363.0,7.8187,10.9,109.0,1.81984979832852,,,,Sand,,,Sand 3,3,6.68,33.98,-5.18,-32.48
-6.34,7.84,10.03,0.082,0.4,-0.4,-0.2,2.2,0.80343,364.0,7.8387,10.03,100.3,1.8500229867560478,,,,Sand,,,Sand 3,3,6.68,33.98,-5.18,-32.48
-6.36,7.86,9.61,0.078,0.4,-0.4,-0.2,2.4,0.78649,365.0,7.8587,9.61,96.1,1.8592372224676135,,,,Sand,,,Sand 3,3,6.68,33.98,-5.18,-32.48
-6.38,7.88,9.39,0.077,0.4,-0.4,-0.2,2.5,0.79566,366.0,7.8786,9.39,93.9,1.8703049256376685,,,,Sand,,,Sand 3,3,6.68,33.98,-5.18,-32.48
-6.4,7.9,9.28,0.074,0.4,-0.4,-0.2,2.5,0.77792,367.0,7.8986,9.28,92.8,1.868565898857713,,,,Sand,,,Sand 3,3,6.68,33.98,-5.18,-32.48
-6.42,7.92,9.28,0.072,0.6,-0.6,-0.2,2.5,0.76312,368.0,7.9186,9.28,92.8,1.863618267048264,,,,Sand,,,Sand 3,3,6.68,33.98,-5.18,-32.48
-6.44,7.94,9.37,0.07,0.6,-0.6,-0.2,2.4,0.74736,368.0,7.9386,9.37,93.7,1.8548832271145888,,,,Sand,,,Sand 3,3,6.68,33.98,-5.18,-32.48
-6.46,7.96,9.56,0.068,0.4,-0.4,-0.2,3.0,0.73158,369.0,7.9586,9.56,95.6,1.8423787325269099,,,,Sand,,,Sand 3,3,6.68,33.98,-5.18,-32.48
-6.48,7.98,9.58,0.068,0.7,-0.6,-0.4,2.7,0.73833,370.0,7.9786,9.58,95.8,1.8439961581462572,,,,Sand,,,Sand 3,3,6.68,33.98,-5.18,-32.48
-6.5,8.0,9.41,0.068,0.6,-0.6,-0.2,2.5,0.74694,371.0,7.9986,9.41,94.1,1.8532451739632552,,,,Sand,,,Sand 3,3,6.68,33.98,-5.18,-32.48
-6.52,8.02,9.06,0.066,0.6,-0.6,-0.2,2.5,0.73538,371.0,8.0186,9.06,90.6,1.8626027522791744,,,,Sand,,,Sand 3,3,6.68,33.98,-5.18,-32.48
-6.539999999999999,8.04,8.82,0.066,0.6,-0.6,-0.2,2.5,0.74957,372.0,8.0386,8.82,88.2,1.8769149635738247,,,,Sand,,,Sand 3,3,6.68,33.98,-5.18,-32.48
-6.5600000000000005,8.06,8.6,0.066,0.6,-0.6,-0.2,2.5,0.76522,373.0,8.0586,8.6,86.0,1.8910603452957422,,,,Sand,,,Sand 3,3,6.68,33.98,-5.18,-32.48
-6.58,8.08,8.43,0.064,0.6,-0.6,-0.2,2.5,0.75728,374.0,8.0786,8.43,84.3,1.8954770649557657,,,,Sand,,,Sand 3,3,6.68,33.98,-5.18,-32.48
-6.6,8.1,8.34,0.063,0.6,-0.6,-0.2,2.5,0.75767,374.0,8.0986,8.34,83.4,1.8994059794236657,,,,Sand,,,Sand 3,3,6.68,33.98,-5.18,-32.48
-6.619999999999999,8.12,8.2,0.062,0.4,-0.4,-0.2,2.5,0.75587,375.0,8.1186,8.2,82.0,1.9048100632055531,,,,Sand,,,Sand 3,3,6.68,33.98,-5.18,-32.48
-6.640000000000001,8.14,8.14,0.062,0.6,-0.6,-0.2,2.6,0.76402,376.0,8.1386,8.14,81.4,1.910102689967891,,,,Sand,,,Sand 3,3,6.68,33.98,-5.18,-32.48
-6.66,8.16,8.02,0.061,0.7,-0.6,-0.4,2.5,0.75753,377.0,8.1586,8.02,80.2,1.9132406826345396,,,,Sand,,,Sand 3,3,6.68,33.98,-5.18,-32.48
-6.68,8.18,7.97,0.06,0.6,-0.6,-0.2,2.5,0.74895,378.0,8.1786,7.97,79.7,1.91262907640517,,,,Sand,,,Sand 3,3,6.68,33.98,-5.18,-32.48
-6.699999999999999,8.2,7.92,0.059,0.6,-0.6,-0.2,2.5,0.73692,378.0,8.1986,7.92,79.2,1.9108604235464033,,,,Sand,,,Sand 3,3,6.68,33.98,-5.18,-32.48
-6.720000000000001,8.22,7.9,0.058,0.6,-0.6,-0.2,2.5,0.72184,379.0,8.2186,7.9,79.0,1.9066702479755098,,,,Sand,,,Sand 3,3,6.68,33.98,-5.18,-32.48
-6.74,8.24,7.93,0.057,0.6,-0.6,-0.2,2.5,0.70316,380.0,8.2386,7.93,79.3,1.898891069821636,,,,Sand,,,Sand 3,3,6.68,33.98,-5.18,-32.48
-6.76,8.26,8.01,0.057,0.6,-0.6,-0.2,2.5,0.69227,381.0,8.2586,8.01,80.1,1.8914785896481279,,,,Sand,,,Sand 3,3,6.68,33.98,-5.18,-32.48
-6.779999999999999,8.28,8.16,0.057,0.6,-0.6,-0.2,2.5,0.67696,381.0,8.2786,8.16,81.6,1.8793648382035144,,,,Sand,,,Sand 3,3,6.68,33.98,-5.18,-32.48
-6.800000000000001,8.3,8.37,0.057,0.6,-0.6,-0.2,2.5,0.65725,382.0,8.2986,8.37,83.7,1.8630467776417479,,,,Sand,,,Sand 3,3,6.68,33.98,-5.18,-32.48
-6.82,8.32,8.59,0.058,0.8,-0.8,-0.2,2.6,0.64284,383.0,8.3186,8.59,85.9,1.8483269619200287,,,,Sand,,,Sand 3,3,6.68,33.98,-5.18,-32.48
-6.84,8.34,8.99,0.059,0.6,-0.6,-0.2,2.5,0.62228,384.0,8.3386,8.99,89.9,1.8240482346410782,,,,Sand,,,Sand 3,3,6.68,33.98,-5.18,-32.48
-6.859999999999999,8.36,9.41,0.06,0.6,-0.6,-0.2,2.5,0.59858,385.0,8.3586,9.41,94.1,1.798192620571974,,,,Sand,,,Sand 3,3,6.68,33.98,-5.18,-32.48
-6.880000000000001,8.38,9.92,0.061,0.6,-0.6,-0.2,2.5,0.57358,385.0,8.3786,9.92,99.2,1.7688454054587182,,,,Sand,,,Sand 3,3,6.68,33.98,-5.18,-32.48
-6.9,8.4,10.73,0.062,0.6,-0.6,-0.2,2.1,0.55068,386.0,8.3986,10.73,107.3,1.7306647949088536,,,,Sand,,,Sand 3,3,6.68,33.98,-5.18,-32.48
-6.92,8.42,11.68,0.063,0.6,-0.6,-0.2,2.5,0.53204,387.0,8.4186,11.68,116.8,1.691737913863204,,,,Sand,,,Sand 3,3,6.68,33.98,-5.18,-32.48
-6.9399999999999995,8.44,12.5,0.064,0.6,-0.6,-0.2,2.5,0.51754,388.0,8.4386,12.5,125.0,1.6606105385853096,,,,Sand,,,Sand 3,3,6.68,33.98,-5.18,-32.48
-6.960000000000001,8.46,13.26,0.068,0.6,-0.6,-0.2,2.5,0.53203,389.0,8.4586,13.26,132.6,1.6463396068960374,,,,Sand,,,Sand 3,3,6.68,33.98,-5.18,-32.48
-6.98,8.48,13.58,0.071,0.6,-0.6,-0.2,2.3,0.54375,390.0,8.4786,13.58,135.8,1.6433577791399427,,,,Sand,,,Sand 3,3,6.68,33.98,-5.18,-32.48
-7.0,8.5,13.65,0.072,0.6,-0.6,-0.2,2.9,0.54633,390.0,8.4986,13.65,136.5,1.6427388743949136,,,,Sand,,,Sand 3,3,6.68,33.98,-5.18,-32.48
-7.02,8.52,13.61,0.073,0.6,-0.6,-0.2,2.7,0.5535,391.0,8.5186,13.61,136.1,1.647079436330996,,,,Sand,,,Sand 3,3,6.68,33.98,-5.18,-32.48
-7.039999999999999,8.54,13.24,0.075,0.6,-0.6,-0.2,2.5,0.57279,392.0,8.5386,13.24,132.4,1.6654972412112536,,,,Sand,,,Sand 3,3,6.68,33.98,-5.18,-32.48
-7.0600000000000005,8.56,12.94,0.076,0.6,-0.6,-0.2,2.5,0.58846,392.0,8.5586,12.94,129.4,1.680441056937097,,,,Sand,,,Sand 3,3,6.68,33.98,-5.18,-32.48
-7.08,8.58,12.65,0.08,0.6,-0.6,-0.2,2.5,0.63029,393.0,8.5786,12.65,126.5,1.7060594924739407,,,,Sand,,,Sand 3,3,6.68,33.98,-5.18,-32.48
-7.1,8.6,12.58,0.082,0.6,-0.6,-0.2,2.5,0.65976,394.0,8.5986,12.58,125.8,1.7199123128822478,,,,Sand,,,Sand 3,3,6.68,33.98,-5.18,-32.48
-7.119999999999999,8.62,12.5,0.082,0.6,-0.6,-0.2,2.5,0.67462,395.0,8.6186,12.5,125.0,1.7279760829481137,,,,Sand,,,Sand 3,3,6.68,33.98,-5.18,-32.48
-7.140000000000001,8.64,12.15,0.08,0.6,-0.6,-0.2,2.5,0.6739,396.0,8.6386,12.15,121.5,1.7375129699618566,,,,Sand,,,Sand 3,3,6.68,33.98,-5.18,-32.48
-7.16,8.66,11.87,0.079,0.6,-0.6,-0.2,2.5,0.68155,396.0,8.6586,11.87,118.7,1.748546609720922,,,,Sand,,,Sand 3,3,6.68,33.98,-5.18,-32.48
-7.18,8.68,11.5,0.076,0.8,-0.8,-0.2,2.5,0.6719,397.0,8.6786,11.5,115.0,1.7558415613124303,,,,Sand,,,Sand 3,3,6.68,33.98,-5.18,-32.48
-7.199999999999999,8.7,11.05,0.073,0.6,-0.6,-0.2,2.4,0.66056,398.0,8.6986,11.05,110.5,1.7654214007913451,,,,Sand,,,Sand 3,3,6.68,33.98,-5.18,-32.48
-7.220000000000001,8.72,10.67,0.069,0.8,-0.8,-0.2,2.5,0.63551,399.0,8.7186,10.67,106.7,1.7679562392071173,,,,Sand,,,Sand 3,3,6.68,33.98,-5.18,-32.48
-7.24,8.74,10.41,0.066,0.8,-0.8,-0.2,2.5,0.61495,399.0,8.7386,10.41,104.1,1.7685183451290527,,,,Sand,,,Sand 3,3,6.68,33.98,-5.18,-32.48
-7.26,8.76,10.34,0.064,0.8,-0.8,-0.2,2.5,0.5996,400.0,8.7586,10.34,103.4,1.7646949546879689,,,,Sand,,,Sand 3,3,6.68,33.98,-5.18,-32.48
-7.279999999999999,8.78,10.42,0.065,0.8,-0.8,-0.2,2.5,0.60926,401.0,8.7786,10.42,104.2,1.7658755787197837,,,,Sand,,,Sand 3,3,6.68,33.98,-5.18,-32.48
-7.300000000000001,8.8,10.6,0.066,0.8,-0.8,-0.2,2.5,0.6187,402.0,8.7986,10.6,106.0,1.763585316349115,,,,Sand,,,Sand 3,3,6.68,33.98,-5.18,-32.48
-7.32,8.82,10.87,0.067,0.8,-0.8,-0.2,2.5,0.62977,403.0,8.8186,10.87,108.7,1.759099089099327,,,,Sand,,,Sand 3,3,6.68,33.98,-5.18,-32.48
-7.34,8.84,11.03,0.069,0.8,-0.8,-0.2,2.5,0.6538,403.0,8.8386,11.03,110.3,1.763430418888609,,,,Sand,,,Sand 3,3,6.68,33.98,-5.18,-32.48
-7.359999999999999,8.86,11.01,0.069,0.8,-0.8,-0.2,2.6,0.66386,404.0,8.8586,11.01,110.1,1.7679691449333192,,,,Sand,,,Sand 3,3,6.68,33.98,-5.18,-32.48
-7.380000000000001,8.88,10.66,0.07,0.8,-0.8,-0.2,2.4,0.68779,405.0,8.8786,10.66,106.6,1.7883727716883742,,,,Sand,,,Sand 3,3,6.68,33.98,-5.18,-32.48
-7.4,8.9,10.18,0.07,0.6,-0.6,-0.2,2.1,0.7077,406.0,8.8986,10.18,101.8,1.8118385309069323,,,,Sand,,,Sand 3,3,6.68,33.98,-5.18,-32.48
-7.42,8.92,9.66,0.069,0.8,-0.8,-0.2,2.5,0.7211,407.0,8.9186,9.66,96.6,1.8350387525932057,,,,Sand,,,Sand 3,3,6.68,33.98,-5.18,-32.48
-7.4399999999999995,8.94,9.14,0.067,0.8,-0.8,-0.2,2.5,0.72668,407.0,8.9386,9.14,91.4,1.8564876828612014,,,,Sand,,,Sand 3,3,6.68,33.98,-5.18,-32.48
-7.460000000000001,8.96,8.87,0.065,0.8,-0.8,-0.2,2.5,0.73064,408.0,8.9586,8.87,88.7,1.8684564921320583,,,,Sand,,,Sand 3,3,6.68,33.98,-5.18,-32.48
-7.48,8.98,8.58,0.063,0.8,-0.8,-0.2,2.5,0.73054,409.0,8.9786,8.58,85.8,1.880200955739829,,,,Sand,,,Sand 3,3,6.68,33.98,-5.18,-32.48
-7.5,9.0,8.45,0.061,0.8,-0.8,-0.2,2.7,0.72543,410.0,8.9986,8.45,84.5,1.8838731052728641,,,,Sand,,,Sand 3,3,6.68,33.98,-5.18,-32.48
-7.52,9.02,8.22,0.061,0.8,-0.8,-0.2,3.1,0.73861,410.0,9.0186,8.22,82.2,1.8981757755794793,,,,Sand,,,Sand 3,3,6.68,33.98,-5.18,-32.48
-7.539999999999999,9.04,8.07,0.06,0.8,-0.8,-0.2,2.7,0.73608,411.0,9.0386,8.07,80.7,1.9038829639821813,,,,Sand,,,Sand 3,3,6.68,33.98,-5.18,-32.48
-7.5600000000000005,9.06,8.0,0.06,0.8,-0.8,-0.2,2.4,0.7412,412.0,9.0586,8.0,80.0,1.9087079892552572,,,,Sand,,,Sand 3,3,6.68,33.98,-5.18,-32.48
-7.58,9.08,7.94,0.06,0.8,-0.8,-0.2,2.5,0.74246,413.0,9.0786,7.94,79.4,1.911813636482444,,,,Sand,,,Sand 3,3,6.68,33.98,-5.18,-32.48
-7.6,9.1,7.94,0.061,0.8,-0.8,-0.2,2.5,0.751,414.0,9.0986,7.94,79.4,1.9146515417059038,,,,Sand,,,Sand 3,3,6.68,33.98,-5.18,-32.48
-7.619999999999999,9.12,8.01,0.061,0.8,-0.8,-0.2,2.5,0.74175,414.0,9.1186,8.01,80.1,1.9084466539253662,,,,Sand,,,Sand 3,3,6.68,33.98,-5.18,-32.48
-7.640000000000001,9.14,8.13,0.061,0.8,-0.8,-0.2,2.5,0.72825,415.0,9.1386,8.13,81.30000000000001,1.8985912072170945,,,,Sand,,,Sand 3,3,6.68,33.98,-5.18,-32.48
-7.66,9.16,8.34,0.062,0.6,-0.6,-0.2,2.5,0.72198,416.0,9.1586,8.34,83.4,1.8873534747716776,,,,Sand,,,Sand 3,3,6.68,33.98,-5.18,-32.48
-7.68,9.18,8.55,0.061,0.8,-0.8,-0.2,2.5,0.68713,417.0,9.1786,8.55,85.5,1.8662474353372651,,,,Sand,,,Sand 3,3,6.68,33.98,-5.18,-32.48
-7.699999999999999,9.2,8.88,0.063,0.8,-0.8,-0.2,2.5,0.68025,417.0,9.1986,8.88,88.8,1.8502265212186744,,,,Sand,,,Sand 3,3,6.68,33.98,-5.18,-32.48
-7.720000000000001,9.22,9.22,0.064,0.8,-0.8,-0.2,2.6,0.65886,418.0,9.2186,9.22,92.2,1.8289139377644523,,,,Sand,,,Sand 3,3,6.68,33.98,-5.18,-32.48
-7.74,9.24,9.63,0.065,0.8,-0.8,-0.2,2.5,0.63492,419.0,9.2386,9.63,96.3,1.804234181804559,,,,Sand,,,Sand 3,3,6.68,33.98,-5.18,-32.48
-7.76,9.26,10.26,0.067,0.8,-0.8,-0.2,2.5,0.62016,420.0,9.2586,10.26,102.6,1.775785704647569,,,,Sand,,,Sand 3,3,6.68,33.98,-5.18,-32.48
-7.779999999999999,9.28,11.08,0.07,0.8,-0.8,-0.2,2.5,0.61626,421.0,9.2785,11.08,110.8,1.7468715434186766,,,,Sand,,,Sand 3,3,6.68,33.98,-5.18,-32.48
-7.800000000000001,9.3,11.75,0.073,0.8,-0.8,-0.2,2.5,0.61351,421.0,9.2985,11.75,117.5,1.7249923028865455,,,,Sand,,,Sand 3,3,6.68,33.98,-5.18,-32.48
-7.82,9.32,12.53,0.074,0.8,-0.8,-0.2,2.5,0.59701,422.0,9.3185,12.53,125.3,1.6954343462501726,,,,Sand,,,Sand 3,3,6.68,33.98,-5.18,-32.48
-7.84,9.34,13.08,0.076,0.8,-0.8,-0.2,2.5,0.59416,423.0,9.3385,13.08,130.8,1.6791410270868325,,,,Sand,,,Sand 3,3,6.68,33.98,-5.18,-32.48
-7.859999999999999,9.36,13.32,0.078,0.8,-0.8,-0.2,2.5,0.6,424.0,9.3585,13.32,133.2,1.6753103591965364,,,,Sand,,,Sand 3,3,6.68,33.98,-5.18,-32.48
-7.880000000000001,9.38,13.54,0.078,0.8,-0.8,-0.2,2.5,0.5977,424.0,9.3785,13.54,135.4,1.6686052495349264,,,,Sand,,,Sand 3,3,6.68,33.98,-5.18,-32.48
-7.9,9.4,13.6,0.076,0.8,-0.8,-0.2,2.6,0.58721,425.0,9.3985,13.6,136.0,1.6624802922439352,,,,Sand,,,Sand 3,3,6.68,33.98,-5.18,-32.48
-7.92,9.42,13.43,0.074,1.0,-1.0,-0.2,2.5,0.5821,426.0,9.4185,13.43,134.3,1.6646261617468565,,,,Sand,,,Sand 3,3,6.68,33.98,-5.18,-32.48
-7.9399999999999995,9.44,12.75,0.073,0.8,-0.8,-0.2,2.3,0.58847,427.0,9.4385,12.75,127.5,1.6856413320836863,,,,Sand,,,Sand 3,3,6.68,33.98,-5.18,-32.48
-7.960000000000001,9.46,12.15,0.067,0.8,-0.8,-0.2,2.2,0.55613,428.0,9.4585,12.15,121.5,1.6884798562282015,,,,Sand,,,Sand 3,3,6.68,33.98,-5.18,-32.48
-7.98,9.48,11.67,0.064,0.8,-0.8,-0.2,2.5,0.54824,428.0,9.4785,11.67,116.7,1.6993631226112238,,,,Sand,,,Sand 3,3,6.68,33.98,-5.18,-32.48
-8.0,9.5,11.24,0.063,0.8,-0.8,-0.2,2.5,0.5566,429.0,9.4985,11.24,112.4,1.7165366113939031,,,,Sand,,,Sand 3,3,6.68,33.98,-5.18,-32.48
-8.02,9.52,10.86,0.063,0.8,-0.8,-0.2,2.5,0.5693,430.0,9.5185,10.86,108.6,1.7343974501172577,,,,Sand,,,Sand 3,3,6.68,33.98,-5.18,-32.48
-8.04,9.54,10.68,0.064,1.0,-1.0,-0.2,2.2,0.58581,431.0,9.5385,10.68,106.8,1.7473924264282248,,,,Sand,,,Sand 3,3,6.68,33.98,-5.18,-32.48
-8.06,9.56,10.61,0.063,0.8,-0.8,-0.2,3.1,0.57884,432.0,9.5585,10.61,106.1,1.7468197751074488,,,,Sand,,,Sand 3,3,6.68,33.98,-5.18,-32.48
-8.08,9.58,10.59,0.064,1.0,-1.0,-0.2,2.8,0.58441,432.0,9.5785,10.59,105.9,1.7498392453458282,,,,Sand,,,Sand 3,3,6.68,33.98,-5.18,-32.48
-8.1,9.6,10.73,0.063,1.0,-1.0,-0.2,2.4,0.56528,433.0,9.5985,10.73,107.3,1.7370002036144117,,,,Sand,,,Sand 3,3,6.68,33.98,-5.18,-32.48
-8.12,9.62,11.02,0.065,1.0,-1.0,-0.2,2.5,0.5688,434.0,9.6185,11.02,110.2,1.7289336588573974,,,,Sand,,,Sand 3,3,6.68,33.98,-5.18,-32.48
-8.14,9.64,11.34,0.064,1.0,-1.0,-0.2,2.5,0.54318,435.0,9.6385,11.34,113.4,1.7074067502012862,,,,Sand,,,Sand 3,3,6.68,33.98,-5.18,-32.48
-8.16,9.66,11.78,0.064,1.0,-1.0,-0.2,2.5,0.52561,435.0,9.6585,11.78,117.8,1.6857172192015308,,,,Sand,,,Sand 3,3,6.68,33.98,-5.18,-32.48
-8.18,9.68,12.41,0.065,1.0,-1.0,-0.2,2.5,0.5168,436.0,9.6785,12.41,124.1,1.6628574826828788,,,,Sand,,,Sand 3,3,6.68,33.98,-5.18,-32.48
-8.2,9.7,12.94,0.063,1.0,-1.0,-0.2,2.5,0.48639,437.0,9.6985,12.94,129.4,1.6330840891754843,,,,Sand,,,Sand 3,3,6.68,33.98,-5.18,-32.48
-8.22,9.72,13.45,0.061,1.0,-1.0,-0.2,2.5,0.45934,438.0,9.7185,13.45,134.5,1.6053618825346216,,,,Sand,,,Sand 3,3,6.68,33.98,-5.18,-32.48
-8.24,9.74,13.74,0.063,1.0,-1.0,-0.2,2.5,0.46585,438.0,9.7385,13.74,137.4,1.601012329138901,,,,Sand,,,Sand 3,3,6.68,33.98,-5.18,-32.48
-8.26,9.76,13.94,0.064,1.0,-1.0,-0.2,2.6,0.46904,439.0,9.7585,13.94,139.4,1.5974461635186057,,,,Sand,,,Sand 3,3,6.68,33.98,-5.18,-32.48
-8.28,9.78,14.02,0.067,0.8,-0.8,-0.2,2.5,0.49134,440.0,9.7785,14.02,140.2,1.6067399263151465,,,,Sand,,,Sand 3,3,6.68,33.98,-5.18,-32.48
-8.3,9.8,13.96,0.068,1.0,-1.0,-0.2,2.5,0.50459,441.0,9.7985,13.96,139.6,1.614851196471073,,,,Sand,,,Sand 3,3,6.68,33.98,-5.18,-32.48
-8.32,9.82,13.73,0.066,1.0,-1.0,-0.2,2.5,0.5,442.0,9.8185,13.73,137.3,1.6185202087760102,,,,Sand,,,Sand 3,3,6.68,33.98,-5.18,-32.48
-8.34,9.84,13.38,0.068,1.0,-1.0,-0.2,2.5,0.5279,442.0,9.8385,13.38,133.8,1.641192801189288,,,,Sand,,,Sand 3,3,6.68,33.98,-5.18,-32.48
-8.36,9.86,12.87,0.07,1.0,-1.0,-0.2,2.5,0.55972,443.0,9.8585,12.87,128.7,1.6696448870898102,,,,Sand,,,Sand 3,3,6.68,33.98,-5.18,-32.48
-8.38,9.88,12.17,0.071,1.0,-1.0,-0.2,2.5,0.58611,444.0,9.8785,12.17,121.7,1.7010358451454497,,,,Sand,,,Sand 3,3,6.68,33.98,-5.18,-32.48
-8.4,9.9,11.53,0.072,1.0,-1.0,-0.2,2.5,0.61348,445.0,9.8985,11.53,115.3,1.7316484527695075,,,,Sand,,,Sand 3,3,6.68,33.98,-5.18,-32.48
-8.42,9.92,11.39,0.068,1.0,-1.0,-0.2,2.5,0.59564,446.0,9.9185,11.39,113.9,1.7285566389954732,,,,Sand,,,Sand 3,3,6.68,33.98,-5.18,-32.48
-8.44,9.94,11.02,0.0667,1.0,-1.0,-0.2,2.6,0.5956,446.0,9.9385,11.02,110.2,1.7402873993573866,,,,Sand,,,Sand 3,3,6.68,33.98,-5.18,-32.48
-8.46,9.96,10.82,0.0653,1.0,-1.0,-0.2,2.5,0.58703,447.0,9.9585,10.82,108.2,1.7432419626127418,,,,Sand,,,Sand 3,3,6.68,33.98,-5.18,-32.48
-8.48,9.98,10.71,0.064,1.0,-1.0,-0.2,2.5,0.57245,448.0,9.9785,10.71,107.1,1.7407403896007834,,,,Sand,,,Sand 3,3,6.68,33.98,-5.18,-32.48
-8.5,10.0,10.82,0.062,1.0,-1.0,-0.2,2.1,0.54752,449.0,9.9985,10.82,108.2,1.7262600891657127,,,,Sand,,,Sand 3,3,6.68,33.98,-5.18,-32.48
-8.52,10.02,11.13,0.06,1.0,-1.0,-0.2,2.5,0.51808,450.0,10.018,11.13,111.3,1.7027810920981834,,,,Sand,,,Sand 3,3,6.68,33.98,-5.18,-32.48
-8.54,10.04,11.57,0.056,1.0,-1.0,-0.2,2.5,0.46985,450.0,10.038,11.57,115.7,1.665623699742971,,,,Sand,,,Sand 3,3,6.68,33.98,-5.18,-32.48
-8.56,10.06,11.98,0.0551,1.0,-1.0,-0.2,2.5,0.44661,451.0,10.058,11.98,119.8,1.6410874209856048,,,,Sand,,,Sand 3,3,6.68,33.98,-5.18,-32.48
-8.58,10.08,12.54,0.0542,1.0,-1.0,-0.2,2.3,0.42435,452.0,10.078,12.54,125.4,1.6125147995271407,,,,Sand,,,Sand 3,3,6.68,33.98,-5.18,-32.48
-8.6,10.1,13.08,0.0533,1.0,-1.0,-0.2,2.9,0.40386,453.0,10.098,13.08,130.8,1.585663268526342,,,,Sand,,,Sand 3,3,6.68,33.98,-5.18,-32.48
-8.62,10.12,13.52,0.054,1.0,-1.0,-0.2,2.9,0.39863,453.0,10.118,13.52,135.2,1.5704516904007206,,,,Sand,,,Sand 3,3,6.68,33.98,-5.18,-32.48
-8.64,10.14,14.06,0.056,1.0,-1.0,-0.2,2.5,0.40628,454.0,10.138,14.06,140.6,1.560344330135032,,,,Sand,,,Sand 3,3,6.68,33.98,-5.18,-32.48
-8.66,10.16,14.3,0.059,1.0,-1.0,-0.2,2.5,0.42358,455.0,10.158,14.3,143.0,1.5638545277967262,,,,Sand,,,Sand 3,3,6.68,33.98,-5.18,-32.48
-8.68,10.18,14.53,0.059,1.2,-1.2,-0.2,2.5,0.42004,456.0,10.178,14.53,145.3,1.556055379348809,,,,Sand,,,Sand 3,3,6.68,33.98,-5.18,-32.48
-8.7,10.2,14.36,0.066,1.2,-1.2,-0.2,2.5,0.46722,456.0,10.198,14.36,143.6,1.5858158248465595,,,,Sand,,,Sand 3,3,6.68,33.98,-5.18,-32.48
-8.72,10.22,13.88,0.064,1.2,-1.2,-0.2,2.5,0.44995,457.0,10.218,13.88,138.8,1.5890140175258045,,,,Sand,,,Sand 3,3,6.68,33.98,-5.18,-32.48
-8.74,10.24,13.7,0.07,1.0,-1.0,-0.2,2.5,0.48759,458.0,10.238,13.7,137.0,1.613132836385781,,,,Sand,,,Sand 3,3,6.68,33.98,-5.18,-32.48
-8.76,10.26,14.02,0.075,1.0,-1.0,-0.2,2.5,0.51782,459.0,10.258,14.02,140.2,1.6197795800274326,,,,Sand,,,Sand 3,3,6.68,33.98,-5.18,-32.48
-8.78,10.28,14.16,0.072,1.0,-1.0,-0.2,2.5,0.48988,460.0,10.278,14.16,141.6,1.6024535626320533,,,,Sand,,,Sand 3,3,6.68,33.98,-5.18,-32.48
-8.8,10.3,14.84,0.066,1.2,-1.2,-0.2,2.6,0.43883,460.0,10.298,14.84,148.4,1.5587908261234305,,,,Sand,,,Sand 3,3,6.68,33.98,-5.18,-32.48
-8.82,10.32,15.36,0.068,1.2,-1.2,-0.2,2.5,0.44102,461.0,10.318,15.36,153.6,1.5475592516940302,,,,Sand,,,Sand 3,3,6.68,33.98,-5.18,-32.48
-8.84,10.34,15.55,0.065,1.2,-1.2,-0.2,2.5,0.41306,462.0,10.338,15.55,155.5,1.5273804891645526,,,,Sand,,,Sand 3,3,6.68,33.98,-5.18,-32.48
-8.86,10.36,16.07,0.065,1.2,-1.2,-0.2,2.5,0.40527,463.0,10.358,16.07,160.7,1.5108993179226093,,,,Sand,,,Sand 3,3,6.68,33.98,-5.18,-32.48
-8.88,10.38,16.62,0.067,1.2,-1.0,-0.2,2.5,0.41215,463.0,10.378,16.62,166.2,1.5027442266081084,,,,Sand,,,Sand 3,3,6.68,33.98,-5.18,-32.48
-8.9,10.4,16.73,0.076,1.2,-1.0,0.0,2.5,0.46508,464.0,10.398,16.73,167.3,1.5301887867829174,,,,Sand,,,Sand 3,3,6.68,33.98,-5.18,-32.48
-8.92,10.42,16.56,0.076,1.2,-1.2,-0.2,2.5,0.46544,465.0,10.418,16.56,165.6,1.533998699008992,,,,Sand,,,Sand 3,3,6.68,33.98,-5.18,-32.48
-8.94,10.44,16.58,0.079,1.2,-1.2,-0.2,2.5,0.48852,466.0,10.438,16.58,165.8,1.5458350430641212,,,,Sand,,,Sand 3,3,6.68,33.98,-5.18,-32.48
-8.96,10.46,16.58,0.078,1.2,-1.0,-0.2,2.5,0.49153,467.0,10.458,16.58,165.8,1.5474050257360108,,,,Sand,,,Sand 3,3,6.68,33.98,-5.18,-32.48
-8.98,10.48,16.04,0.08,1.2,-1.0,-0.2,2.6,0.51517,467.0,10.478,16.04,160.4,1.5710632883731757,,,,Sand,,,Sand 3,3,6.68,33.98,-5.18,-32.48
-9.0,10.5,15.45,0.083,1.2,-1.2,-0.2,2.2,0.54867,468.0,10.498,15.45,154.5,1.6004443871123017,,,,Sand,,,Sand 3,3,6.68,33.98,-5.18,-32.48
-9.02,10.52,14.81,0.085,1.2,-1.0,-0.2,2.3,0.57951,469.0,10.518,14.81,148.1,1.6294066272532053,,,,Sand,,,Sand 3,3,6.68,33.98,-5.18,-32.48
-9.04,10.54,14.2,0.088,1.2,-1.0,-0.2,2.5,0.61966,470.0,10.538,14.2,142.0,1.6615711358132725,,,,Sand,,,Sand 3,3,6.68,33.98,-5.18,-32.48
-9.06,10.56,14.01,0.088,1.2,-1.2,-0.2,2.5,0.63983,471.0,10.558,14.01,140.1,1.6747013379803333,,,,Sand,,,Sand 3,3,6.68,33.98,-5.18,-32.48
-9.08,10.58,13.35,0.083,1.2,-1.2,-0.2,2.5,0.62149,471.0,10.578,13.35,133.5,1.6836803120817412,,,,Sand,,,Sand 3,3,6.68,33.98,-5.18,-32.48
-9.1,10.6,12.9,0.078,1.2,-1.2,0.0,2.5,0.59827,472.0,10.598,12.9,129.0,1.6857640447867503,,,,Sand,,,Sand 3,3,6.68,33.98,-5.18,-32.48
-9.12,10.62,12.85,0.078,1.2,-1.0,-0.2,2.6,0.60973,473.0,10.618,12.85,128.5,1.69200656557133,,,,Sand,,,Sand 3,3,6.68,33.98,-5.18,-32.48
-9.14,10.64,12.46,0.077,1.2,-1.2,0.0,2.9,0.61233,474.0,10.638,12.46,124.6,1.7038839527885685,,,,Sand,,,Sand 3,3,6.68,33.98,-5.18,-32.48
-9.16,10.66,12.26,0.068,1.2,-1.0,0.0,2.7,0.54624,474.0,10.658,12.26,122.6,1.680818772493505,,,,Sand,,,Sand 3,3,6.68,33.98,-5.18,-32.48
-9.18,10.68,12.27,0.063,1.2,-1.2,-0.2,2.4,0.50868,475.0,10.678,12.27,122.7,1.663096526001467,,,,Sand,,,Sand 3,3,6.68,33.98,-5.18,-32.48
-9.2,10.7,12.24,0.062,1.2,-1.2,0.0,2.6,0.50284,476.0,10.698,12.24,122.4,1.661192679351814,,,,Sand,,,Sand 3,3,6.68,33.98,-5.18,-32.48
-9.22,10.72,12.27,0.061,1.2,-1.2,-0.2,2.5,0.49493,477.0,10.718,12.27,122.7,1.6564965034672823,,,,Sand,,,Sand 3,3,6.68,33.98,-5.18,-32.48
-9.24,10.74,12.34,0.062,1.2,-1.2,-0.2,2.5,0.50243,478.0,10.738,12.34,123.4,1.6580567185421144,,,,Sand,,,Sand 3,3,6.68,33.98,-5.18,-32.48
-9.26,10.76,12.39,0.06,1.2,-1.2,0.0,2.5,0.48588,478.0,10.758,12.39,123.9,1.6485531524742303,,,,Sand,,,Sand 3,3,6.68,33.98,-5.18,-32.48
-9.28,10.78,12.41,0.058,1.2,-1.2,-0.2,2.5,0.46897,479.0,10.778,12.41,124.1,1.6395559248046712,,,,Sand,,,Sand 3,3,6.68,33.98,-5.18,-32.48
-9.3,10.8,12.42,0.058,1.4,-1.4,-0.2,2.5,0.46826,480.0,10.798,12.42,124.2,1.638904691697282,,,,Sand,,,Sand 3,3,6.68,33.98,-5.18,-32.48
-9.32,10.82,12.38,0.058,1.2,-1.2,-0.2,2.5,0.46803,481.0,10.818,12.38,123.8,1.639965142460094,,,,Sand,,,Sand 3,3,6.68,33.98,-5.18,-32.48
-9.34,10.84,12.34,0.058,1.4,-1.4,-0.2,2.5,0.46722,481.0,10.838,12.34,123.4,1.6407377165643138,,,,Sand,,,Sand 3,3,6.68,33.98,-5.18,-32.48
-9.36,10.86,12.39,0.057,1.2,-1.2,-0.2,2.5,0.45852,482.0,10.858,12.39,123.9,1.634847103442719,,,,Sand,,,Sand 3,3,6.68,33.98,-5.18,-32.48
-9.38,10.88,12.42,0.057,1.4,-1.4,-0.2,2.5,0.45857,483.0,10.878,12.42,124.2,1.6339881530414726,,,,Sand,,,Sand 3,3,6.68,33.98,-5.18,-32.48
-9.4,10.9,12.39,0.053,1.2,-1.2,-0.2,2.5,0.42742,484.0,10.898,12.39,123.9,1.6186063715545658,,,,Sand,,,Sand 3,3,6.68,33.98,-5.18,-32.48
-9.42,10.92,12.56,0.053,1.2,-1.2,-0.2,2.5,0.42841,485.0,10.918,12.56,125.6,1.6141047631299146,,,,Sand,,,Sand 3,3,6.68,33.98,-5.18,-32.48
-9.44,10.94,12.55,0.051,1.2,-1.2,-0.2,2.5,0.4135,485.0,10.938,12.55,125.5,1.6063341234239106,,,,Sand,,,Sand 3,3,6.68,33.98,-5.18,-32.48
-9.46,10.96,12.41,0.052,1.2,-1.2,-0.2,2.5,0.42268,486.0,10.958,12.41,124.1,1.6154689423889665,,,,Sand,,,Sand 3,3,6.68,33.98,-5.18,-32.48
-9.48,10.98,12.14,0.052,1.2,-1.2,0.0,2.5,0.42332,487.0,10.978,12.14,121.4,1.6239574759926532,,,,Sand,,,Sand 3,3,6.68,33.98,-5.18,-32.48
-9.5,11.0,12.11,0.054,1.2,-1.2,0.0,2.5,0.44208,488.0,10.998,12.11,121.1,1.6347663195292035,,,,Sand,,,Sand 3,3,6.68,33.98,-5.18,-32.48
-9.52,11.02,12.09,0.052,1.4,-1.4,0.0,2.5,0.42772,488.0,11.018,12.09,120.9,1.6278308769573047,,,,Sand,,,Sand 3,3,6.68,33.98,-5.18,-32.48
-9.54,11.04,12.17,0.052,1.4,-1.2,-0.2,2.3,0.42856,489.0,11.038,12.17,121.7,1.62583640201817,,,,Sand,,,Sand 3,3,6.68,33.98,-5.18,-32.48
-9.56,11.06,12.24,0.054,1.4,-1.2,0.0,2.1,0.44376,490.0,11.058,12.24,122.4,1.6317089593367449,,,,Sand,,,Sand 3,3,6.68,33.98,-5.18,-32.48
-9.58,11.08,12.01,0.059,1.4,-1.4,-0.2,2.5,0.48262,491.0,11.078,12.01,120.1,1.6582741673574084,,,,Sand,,,Sand 3,3,6.68,33.98,-5.18,-32.48
-9.6,11.1,12.09,0.064,1.4,-1.4,-0.2,2.5,0.52107,492.0,11.098,12.09,120.9,1.6742565562992713,,,,Sand,,,Sand 3,3,6.68,33.98,-5.18,-32.48
-9.62,11.12,12.22,0.065,1.4,-1.4,-0.2,2.5,0.52733,493.0,11.118,12.22,122.2,1.673323473559564,,,,Sand,,,Sand 3,3,6.68,33.98,-5.18,-32.48
-9.64,11.14,12.42,0.067,1.4,-1.2,-0.2,2.5,0.54147,493.0,11.138,12.42,124.2,1.6740207641235432,,,,Sand,,,Sand 3,3,6.68,33.98,-5.18,-32.48
-9.66,11.16,12.56,0.055,1.4,-1.2,0.0,2.6,0.44221,494.0,11.158,12.56,125.6,1.621413646063135,,,,Sand,,,Sand 3,3,6.68,33.98,-5.18,-32.48
-9.68,11.18,12.55,0.0543,1.4,-1.4,0.0,3.0,0.43488,495.0,11.178,12.55,125.5,1.6178430448511067,,,,Sand,,,Sand 3,3,6.68,33.98,-5.18,-32.48
-9.7,11.2,12.52,0.0537,1.4,-1.4,-0.2,2.7,0.42879,495.0,11.198,12.52,125.2,1.6154847009187274,,,,Sand,,,Sand 3,3,6.68,33.98,-5.18,-32.48
-9.72,11.22,12.62,0.053,1.4,-1.2,0.0,2.4,0.42218,496.0,11.218,12.62,126.2,1.6089949581456477,,,,Sand,,,Sand 3,3,6.68,33.98,-5.18,-32.48
-9.74,11.24,12.52,0.058,1.4,-1.4,-0.2,2.5,0.46082,497.0,11.238,12.52,125.2,1.6322063199320094,,,,Sand,,,Sand 3,3,6.68,33.98,-5.18,-32.48
-9.76,11.26,12.48,0.061,1.4,-1.4,0.0,2.5,0.4825,498.0,11.258,12.48,124.8,1.6442608578232236,,,,Sand,,,Sand 3,3,6.68,33.98,-5.18,-32.48
-9.78,11.28,12.52,0.065,1.4,-1.4,0.0,2.5,0.51091,499.0,11.278,12.52,125.2,1.6568926365436907,,,,Sand,,,Sand 3,3,6.68,33.98,-5.18,-32.48
-9.8,11.3,12.66,0.065,1.4,-1.2,0.0,2.5,0.50579,499.0,11.298,12.66,126.6,1.6504419321016304,,,,Sand,,,Sand 3,3,6.68,33.98,-5.18,-32.48
-9.82,11.32,12.82,0.066,1.4,-1.4,0.0,2.5,0.50536,500.0,11.318,12.82,128.2,1.6457179550919283,,,,Sand,,,Sand 3,3,6.68,33.98,-5.18,-32.48
-9.84,11.34,13.0,0.062,1.4,-1.4,0.0,2.5,0.46433,501.0,11.338,13.0,130.0,1.6202935862455932,,,,Sand,,,Sand 3,3,6.68,33.98,-5.18,-32.48
-9.86,11.36,13.16,0.06,1.4,-1.4,0.0,2.5,0.43756,502.0,11.358,13.16,131.6,1.6018412607960792,,,,Sand,,,Sand 3,3,6.68,33.98,-5.18,-32.48
-9.88,11.38,13.65,0.059,1.4,-1.4,0.0,2.5,0.41844,503.0,11.378,13.65,136.5,1.5780422271576922,,,,Sand,,,Sand 3,3,6.68,33.98,-5.18,-32.48
-9.9,11.4,14.19,0.06,1.6,-1.6,-0.2,2.4,0.41315,503.0,11.398,14.19,141.9,1.560848034676729,,,,Sand,,,Sand 3,3,6.68,33.98,-5.18,-32.48
-9.92,11.42,14.82,0.058,1.6,-1.4,-0.2,2.5,0.38728,504.0,11.418,14.82,148.2,1.5299346074692088,,,,Sand,,,Sand 3,3,6.68,33.98,-5.18,-32.48
-9.94,11.44,15.4,0.0573,1.6,-1.4,0.0,2.5,0.37072,505.0,11.438,15.4,154.0,1.505771137176221,,,,Sand,,,Sand 3,3,6.68,33.98,-5.18,-32.48
-9.96,11.46,15.76,0.0567,1.6,-1.6,0.0,2.5,0.35571,506.0,11.458,15.76,157.6,1.4878515876681389,,,,Sand,,,Sand 3,3,6.68,33.98,-5.18,-32.48
-9.98,11.48,16.2,0.056,1.6,-1.4,0.0,2.5,0.34149,506.0,11.478,16.2,162.0,1.468468860833779,,,,Sand,,,Sand 3,3,6.68,33.98,-5.18,-32.48
-10.0,11.5,16.63,0.056,1.6,-1.6,0.0,2.5,0.33366,507.0,11.498,16.63,166.3,1.4535374868639273,,,,Sand,,,Sand 3,3,6.68,33.98,-5.18,-32.48
-10.02,11.52,17.0,0.055,1.6,-1.6,-0.2,2.5,0.32225,508.0,11.518,17.0,170.0,1.4376201911582132,,,,Sand,,,Sand 3,3,6.68,33.98,-5.18,-32.48
-10.04,11.54,17.52,0.056,1.6,-1.6,0.0,2.5,0.32375,509.0,11.538,17.52,175.2,1.4273839420161993,,,,Sand,,,Sand 3,3,6.68,33.98,-5.18,-32.48
-10.06,11.56,17.86,0.061,1.6,-1.6,0.0,2.6,0.34932,510.0,11.558,17.86,178.6,1.4374709832417256,,,,Sand,,,Sand 3,3,6.68,33.98,-5.18,-32.48
-10.08,11.58,17.9,0.063,1.6,-1.4,0.0,2.5,0.359,510.0,11.578,17.9,179.0,1.4429893098743878,,,,Sand,,,Sand 3,3,6.68,33.98,-5.18,-32.48
-10.1,11.6,17.67,0.066,1.6,-1.4,0.0,2.2,0.37519,511.0,11.598,17.67,176.7,1.458075962081666,,,,Sand,,,Sand 3,3,6.68,33.98,-5.18,-32.48
-10.12,11.62,17.6,0.068,1.6,-1.6,0.0,2.3,0.387,512.0,11.618,17.6,176.0,1.4668899855460877,,,,Sand,,,Sand 3,3,6.68,33.98,-5.18,-32.48
-10.14,11.64,17.52,0.072,1.6,-1.4,-0.2,2.5,0.41014,513.0,11.638,17.52,175.2,1.4825634987064409,,,,Sand,,,Sand 3,3,6.68,33.98,-5.18,-32.48
-10.16,11.66,17.32,0.075,1.6,-1.6,0.0,2.5,0.42614,514.0,11.658,17.32,173.2,1.496065980492929,,,,Sand,,,Sand 3,3,6.68,33.98,-5.18,-32.48
-10.18,11.68,17.34,0.079,1.6,-1.4,0.0,2.5,0.44419,514.0,11.678,17.34,173.4,1.5059600652395795,,,,Sand,,,Sand 3,3,6.68,33.98,-5.18,-32.48
-10.2,11.7,17.36,0.08,1.6,-1.6,0.0,2.2,0.43998,515.0,11.698,17.36,173.6,1.5031714218216743,,,,Sand,,,Sand 3,3,6.68,33.98,-5.18,-32.48
-10.22,11.72,17.73,0.081,1.6,-1.4,0.0,2.9,0.43307,516.0,11.718,17.73,177.3,1.4917252196985933,,,,Sand,,,Sand 3,3,6.68,33.98,-5.18,-32.48
-10.24,11.74,18.26,0.077,1.6,-1.4,0.0,2.9,0.39627,517.0,11.738,18.26,182.6,1.4593080470251665,,,,Sand,,,Sand 3,3,6.68,33.98,-5.18,-32.48
-10.26,11.76,19.15,0.077,1.6,-1.6,0.0,2.5,0.38036,517.0,11.758,19.15,191.5,1.432220231374498,,,,Sand,,,Sand 3,3,6.68,33.98,-5.18,-32.48
-10.28,11.78,20.78,0.082,1.6,-1.6,0.0,2.5,0.38906,518.0,11.778,20.78,207.8,1.408562266252765,,,,Sand,,,Sand 3,3,6.68,33.98,-5.18,-32.48
-10.3,11.8,21.69,0.086,1.6,-1.6,0.0,2.5,0.39355,519.0,11.798,21.69,216.9,1.3962780051524935,,,,Sand,,,Sand 3,3,6.68,33.98,-5.18,-32.48
-10.32,11.82,23.14,0.088,1.6,-1.6,0.0,2.5,0.39129,520.0,11.818,23.14,231.4,1.3720738350180586,,,,Sand,,,Sand 3,3,6.68,33.98,-5.18,-32.48
-10.34,11.84,23.84,0.088,1.6,-1.6,0.0,2.5,0.38483,521.0,11.838,23.84,238.4,1.357364233985142,,,,Sand,,,Sand 3,3,6.68,33.98,-5.18,-32.48
-10.36,11.86,24.02,0.108,1.6,-1.6,0.0,2.5,0.46972,521.0,11.858,24.02,240.2,1.4079162179237081,,,,Sand,,,Sand 3,3,6.68,33.98,-5.18,-32.48
-10.38,11.88,23.94,0.11,1.6,-1.6,0.0,2.5,0.4798,522.0,11.878,23.94,239.4,1.4148921129685021,,,,Sand,,,Sand 3,3,6.68,33.98,-5.18,-32.48
-10.4,11.9,23.36,0.109,1.6,-1.6,0.0,2.5,0.48108,523.0,11.898,23.36,233.6,1.423853274821454,,,,Sand,,,Sand 3,3,6.68,33.98,-5.18,-32.48
-10.42,11.92,22.17,0.109,1.8,-1.8,0.0,2.5,0.48923,524.0,11.918,22.17,221.7,1.446069438290315,,,,Sand,,,Sand 3,3,6.68,33.98,-5.18,-32.48
-10.44,11.94,21.78,0.107,1.8,-1.6,0.0,2.4,0.48984,524.0,11.938,21.78,217.8,1.4524089316856608,,,,Sand,,,Sand 3,3,6.68,33.98,-5.18,-32.48
-10.46,11.96,21.16,0.107,1.8,-1.6,0.0,2.6,0.50099,525.0,11.958,21.16,211.6,1.4683085136742935,,,,Sand,,,Sand 3,3,6.68,33.98,-5.18,-32.48
-10.48,11.98,20.99,0.112,1.8,-1.8,0.0,2.5,0.53817,526.0,11.978,20.99,209.9,1.4906788075700503,,,,Sand,,,Sand 3,3,6.68,33.98,-5.18,-32.48
-10.5,12.0,20.82,0.112,1.8,-1.8,0.0,2.5,0.55329,527.0,11.998,20.82,208.2,1.5010911950038774,,,,Sand,,,Sand 3,3,6.68,33.98,-5.18,-32.48
-10.52,12.02,20.53,0.109,1.6,-1.6,0.0,2.5,0.55676,528.0,12.018,20.53,205.3,1.5075072408774055,,,,Sand,,,Sand 3,3,6.68,33.98,-5.18,-32.48
-10.54,12.04,20.05,0.107,1.6,-1.6,0.0,2.5,0.56949,528.0,12.038,20.05,200.5,1.5216865526775996,,,,Sand,,,Sand 3,3,6.68,33.98,-5.18,-32.48
-10.56,12.06,18.99,0.108,1.6,-1.6,0.0,2.5,0.60407,529.0,12.058,18.99,189.9,1.5562096508824577,,,,Sand,,,Sand 3,3,6.68,33.98,-5.18,-32.48
-10.58,12.08,17.62,0.107,1.6,-1.6,0.0,2.6,0.63271,530.0,12.078,17.62,176.2,1.5940578983205211,,,,Sand,,,Sand 3,3,6.68,33.98,-5.18,-32.48
-10.6,12.1,16.46,0.104,1.8,-1.8,0.0,2.5,0.65404,531.0,12.098,16.46,164.6,1.6260118251504847,,,,Sand,,,Sand 3,3,6.68,33.98,-5.18,-32.48
-10.62,12.12,14.85,0.101,1.8,-1.8,0.0,2.1,0.67728,532.0,12.118,14.85,148.5,1.6702179853918706,,,,Sand,,,Sand 3,3,6.68,33.98,-5.18,-32.48
-10.64,12.14,13.71,0.093,1.8,-1.8,0.0,2.5,0.66263,532.0,12.138,13.71,137.1,1.6914593222287635,,,,Sand,,,Sand 3,3,6.68,33.98,-5.18,-32.48
-10.66,12.16,13.08,0.088,1.8,-1.8,0.0,2.5,0.66091,533.0,12.158,13.08,130.8,1.7069172946846158,,,,Sand,,,Sand 3,3,6.68,33.98,-5.18,-32.48
-10.68,12.18,12.45,0.079,1.8,-1.8,0.2,2.5,0.62107,534.0,12.178,12.45,124.5,1.707809441874584,,,,Sand,,,Sand 3,3,6.68,33.98,-5.18,-32.48
-10.7,12.2,12.14,0.068,1.8,-1.8,0.0,2.5,0.5524,535.0,12.198,12.14,121.4,1.6871046124741134,,,,Sand,,,Sand 3,3,6.68,33.98,-5.18,-32.48
-10.72,12.22,11.97,0.062,1.8,-1.8,0.0,2.4,0.51554,536.0,12.218,11.97,119.7,1.6752656551841614,,,,Sand,,,Sand 3,3,6.68,33.98,-5.18,-32.48
-10.74,12.24,11.86,0.054,1.8,-1.8,0.0,2.9,0.45797,536.0,12.238,11.86,118.6,1.6505918418962717,,,,Sand,,,Sand 3,3,6.68,33.98,-5.18,-32.48
-10.76,12.26,11.7,0.047,1.8,-1.6,0.0,2.8,0.40587,537.0,12.258,11.7,117.0,1.6282837036657059,,,,Sand,,,Sand 3,3,6.68,33.98,-5.18,-32.48
-10.78,12.28,11.57,0.043,1.8,-1.8,0.0,2.4,0.37865,538.0,12.278,11.57,115.7,1.6173728332316732,,,,Sand,,,Sand 3,3,6.68,33.98,-5.18,-32.48
-10.8,12.3,11.44,0.037,1.8,-1.8,0.0,2.4,0.33277,539.0,12.298,11.44,114.4,1.594778684524901,,,,Sand,,,Sand 3,3,6.68,33.98,-5.18,-32.48
-10.82,12.32,11.2,0.035,2.0,-2.0,0.0,2.5,0.32251,539.0,12.318,11.2,112.0,1.5966829991865026,,,,Sand,,,Sand 3,3,6.68,33.98,-5.18,-32.48
-10.84,12.34,10.76,0.035,1.8,-1.8,0.0,2.5,0.33062,540.0,12.338,10.76,107.6,1.6170935325040885,,,,Sand,,,Sand 3,3,6.68,33.98,-5.18,-32.48
-10.86,12.36,10.35,0.035,1.8,-1.8,0.0,2.5,0.33874,541.0,12.358,10.35,103.5,1.636917324813722,,,,Sand,,,Sand 3,3,6.68,33.98,-5.18,-32.48
-10.88,12.38,10.07,0.033,1.8,-1.8,0.0,2.5,0.32702,542.0,12.378,10.07,100.7,1.6406102393161577,,,,Sand,,,Sand 3,3,6.68,33.98,-5.18,-32.48
-10.9,12.4,9.73,0.034,1.8,-1.8,0.0,2.5,0.3447,542.0,12.398,9.73,97.3,1.6642436275942927,,,,Sand,,,Sand 3,3,6.68,33.98,-5.18,-32.48
-10.92,12.42,9.57,0.031,1.8,-1.8,0.0,2.5,0.32004,543.0,12.418,9.57,95.7,1.6562923891323504,,,,Sand,,,Sand 3,3,6.68,33.98,-5.18,-32.48
-10.94,12.44,9.54,0.03,1.8,-1.8,0.0,2.5,0.31422,544.0,12.438,9.54,95.4,1.6540466758969885,,,,Sand,,,Sand 3,3,6.68,33.98,-5.18,-32.48
-10.96,12.46,9.51,0.029,1.8,-1.8,0.0,2.6,0.30765,545.0,12.458,9.51,95.1,1.6513237027274195,,,,Sand,,,Sand 3,3,6.68,33.98,-5.18,-32.48
-10.98,12.48,9.38,0.031,1.8,-1.8,0.0,2.4,0.33222,546.0,12.478,9.38,93.8,1.6712595596005986,,,,Sand,,,Sand 3,3,6.68,33.98,-5.18,-32.48
-11.0,12.5,9.34,0.031,1.8,-1.8,0.0,2.5,0.33532,546.0,12.498,9.34,93.4,1.6747146904440688,,,,Sand,,,Sand 3,3,6.68,33.98,-5.18,-32.48
-11.02,12.52,9.24,0.03,1.8,-1.8,0.0,2.5,0.32742,547.0,12.518,9.24,92.4,1.6743304570382447,,,,Sand,,,Sand 3,3,6.68,33.98,-5.18,-32.48
-11.04,12.54,9.1,0.032,1.8,-1.8,0.0,2.5,0.35218,548.0,12.538,9.1,91.0,1.6943801234083038,,,,Sand,,,Sand 3,3,6.68,33.98,-5.18,-32.48
-11.06,12.56,8.97,0.032,2.0,-2.0,0.0,2.5,0.35452,549.0,12.558,8.97,89.7,1.7012541375482757,,,,Sand,,,Sand 3,3,6.68,33.98,-5.18,-32.48
-11.08,12.58,8.88,0.033,1.8,-1.8,0.0,2.5,0.36743,549.0,12.578,8.88,88.8,1.7122284530017196,,,,Sand,,,Sand 3,3,6.68,33.98,-5.18,-32.48
-11.1,12.6,8.88,0.034,1.8,-1.8,0.2,2.5,0.37994,550.0,12.598,8.88,88.8,1.718944796480869,,,,Sand,,,Sand 3,3,6.68,33.98,-5.18,-32.48
-11.12,12.62,8.9,0.035,1.8,-1.8,0.0,2.5,0.39139,551.0,12.618,8.9,89.0,1.724119867489405,,,,Sand,,,Sand 3,3,6.68,33.98,-5.18,-32.48
-11.14,12.64,8.9,0.037,1.8,-1.8,0.0,2.6,0.41347,552.0,12.638,8.9,89.0,1.7354807183739067,,,,Sand,,,Sand 3,3,6.68,33.98,-5.18,-32.48
-11.16,12.66,8.98,0.036,1.8,-1.8,0.0,2.1,0.40067,553.0,12.658,8.98,89.8,1.7255227706417908,,,,Sand,,,Sand 3,3,6.68,33.98,-5.18,-32.48
-11.18,12.68,8.98,0.035,1.8,-1.8,0.0,2.5,0.38663,553.0,12.678,8.98,89.8,1.718189970604687,,,,Sand,,,Sand 3,3,6.68,33.98,-5.18,-32.48
-11.2,12.7,9.05,0.04,1.8,-1.8,0.2,2.5,0.4374,554.0,12.698,9.05,90.5,1.7410757578119398,,,,Sand,,,Sand 3,3,6.68,33.98,-5.18,-32.48
-11.22,12.72,9.02,0.041,1.8,-1.8,0.0,2.5,0.44003,555.0,12.718,9.02,90.2,1.7436171864669907,,,,Sand,,,Sand 3,3,6.68,33.98,-5.18,-32.48
-11.24,12.74,9.17,0.045,2.0,-2.0,0.0,2.5,0.4712,556.0,12.738,9.17,91.7,1.7523600929677774,,,,Sand,,,Sand 3,3,6.68,33.98,-5.18,-32.48
-11.26,12.76,9.42,0.046,2.0,-1.8,0.2,2.5,0.46718,557.0,12.758,9.42,94.2,1.7404154443102289,,,,Sand,,,Sand 3,3,6.68,33.98,-5.18,-32.48
-11.28,12.78,9.64,0.048,2.0,-2.0,0.0,3.0,0.46961,557.0,12.777,9.64,96.4,1.7329635132229735,,,,Sand,,,Sand 3,3,6.68,33.98,-5.18,-32.48
-11.3,12.8,10.28,0.05,2.0,-2.0,0.0,2.7,0.46773,558.0,12.797,10.28,102.8,1.7081790247133033,,,,Sand,,,Sand 3,3,6.68,33.98,-5.18,-32.48
-11.32,12.82,10.84,0.0517,2.0,-2.0,0.0,2.5,0.46089,559.0,12.817,10.84,108.4,1.685195870953801,,,,Sand,,,Sand 3,3,6.68,33.98,-5.18,-32.48
-11.34,12.84,11.35,0.0533,2.0,-2.0,0.0,2.5,0.45169,560.0,12.837,11.35,113.5,1.6636052927204805,,,,Sand,,,Sand 3,3,6.68,33.98,-5.18,-32.48
-11.36,12.86,12.05,0.055,2.0,-2.0,0.2,2.5,0.44132,560.0,12.857,12.05,120.5,1.6362016345805432,,,,Sand,,,Sand 3,3,6.68,33.98,-5.18,-32.48
-11.38,12.88,12.77,0.062,2.0,-1.8,0.0,2.5,0.47297,561.0,12.877,12.77,127.7,1.6311659728604317,,,,Sand,,,Sand 3,3,6.68,33.98,-5.18,-32.48
-11.4,12.9,13.39,0.072,2.0,-2.0,0.0,2.5,0.52288,562.0,12.897,13.39,133.9,1.6385471580547544,,,,Sand,,,Sand 3,3,6.68,33.98,-5.18,-32.48
-11.42,12.92,14.08,0.077,2.0,-2.0,0.2,2.5,0.53495,563.0,12.917,14.08,140.8,1.62646514064457,,,,Sand,,,Sand 3,3,6.68,33.98,-5.18,-32.48
-11.44,12.94,14.94,0.087,2.0,-2.0,0.2,2.5,0.58448,563.0,12.937,14.94,149.4,1.6286257169835057,,,,Sand,,,Sand 3,3,6.68,33.98,-5.18,-32.48
-11.46,12.96,15.45,0.085,2.0,-2.0,0.0,2.5,0.5577,564.0,12.957,15.45,154.5,1.6047038466312002,,,,Sand,,,Sand 3,3,6.68,33.98,-5.18,-32.48
-11.48,12.98,16.13,0.081,2.0,-1.8,0.0,2.5,0.52342,565.0,12.977,16.13,161.29999999999998,1.573215465482067,,,,Sand,,,Sand 3,3,6.68,33.98,-5.18,-32.48
-11.5,13.0,16.34,0.08,2.0,-2.1,0.0,2.7,0.51167,566.0,12.997,16.34,163.4,1.5628300418210632,,,,Sand,,,Sand 3,3,6.68,33.98,-5.18,-32.48
-11.52,13.02,15.98,0.081,2.0,-2.0,0.2,2.4,0.51584,567.0,13.017,15.98,159.8,1.5727085043157587,,,,Sand,,,Sand 3,3,6.68,33.98,-5.18,-32.48
-11.54,13.04,15.62,0.083,2.0,-2.0,0.0,2.6,0.52959,567.0,13.037,15.62,156.2,1.5874546969709222,,,,Sand,,,Sand 3,3,6.68,33.98,-5.18,-32.48
-11.56,13.06,15.26,0.08,2.0,-2.0,0.0,2.5,0.51596,568.0,13.057,15.26,152.6,1.5889350537394313,,,,Sand,,,Sand 3,3,6.68,33.98,-5.18,-32.48
-11.58,13.08,15.36,0.079,2.0,-2.0,0.2,2.5,0.51748,569.0,13.077,15.36,153.6,1.5873905348885733,,,,Sand,,,Sand 3,3,6.68,33.98,-5.18,-32.48
-11.6,13.1,15.48,0.075,2.2,-2.1,0.2,2.5,0.49821,570.0,13.097,15.48,154.8,1.5750022190415558,,,,Sand,,,Sand 3,3,6.68,33.98,-5.18,-32.48
-11.62,13.12,15.21,0.071,2.2,-2.0,0.2,2.5,0.47715,570.0,13.117,15.21,152.1,1.5704113605063723,,,,Sand,,,Sand 3,3,6.68,33.98,-5.18,-32.48
-11.64,13.14,14.79,0.067,2.2,-2.0,0.2,2.5,0.45343,571.0,13.137,14.79,147.9,1.5679135716568178,,,,Sand,,,Sand 3,3,6.68,33.98,-5.18,-32.48
-11.66,13.16,14.43,0.063,2.2,-2.1,0.2,2.6,0.42941,572.0,13.157,14.43,144.3,1.5637818459800779,,,,Sand,,,Sand 3,3,6.68,33.98,-5.18,-32.48
-11.68,13.18,14.28,0.064,2.2,-2.1,0.2,2.5,0.43866,573.0,13.177,14.28,142.8,1.5726425645419018,,,,Sand,,,Sand 3,3,6.68,33.98,-5.18,-32.48
-11.7,13.2,14.23,0.057,2.2,-2.1,0.2,2.2,0.39263,574.0,13.197,14.23,142.3,1.5480692623114938,,,,Sand,,,Sand 3,3,6.68,33.98,-5.18,-32.48
-11.72,13.22,14.43,0.0567,2.2,-2.0,0.0,2.2,0.39246,575.0,13.217,14.43,144.3,1.5428174561748647,,,,Sand,,,Sand 3,3,6.68,33.98,-5.18,-32.48
-11.74,13.24,14.52,0.0563,2.2,-2.1,0.2,2.5,0.39124,575.0,13.237,14.52,145.2,1.539810172572305,,,,Sand,,,Sand 3,3,6.68,33.98,-5.18,-32.48
-11.76,13.26,14.83,0.056,2.2,-2.1,0.2,2.5,0.39267,576.0,13.257,14.83,148.3,1.5328651090132404,,,,Sand,,,Sand 3,3,6.68,33.98,-5.18,-32.48
-11.78,13.28,14.63,0.055,2.2,-2.1,0.2,2.5,0.39038,577.0,13.277,14.63,146.3,1.5365218606020623,,,,Sand,,,Sand 3,3,6.68,33.98,-5.18,-32.48
-11.8,13.3,14.23,0.053,2.2,-2.0,0.2,2.4,0.38326,578.0,13.297,14.23,142.3,1.5425793762696518,,,,Sand,,,Sand 3,3,6.68,33.98,-5.18,-32.48
-11.82,13.32,13.97,0.054,2.2,-2.1,0.2,2.8,0.39981,578.0,13.317,13.97,139.7,1.5590214842654486,,,,Sand,,,Sand 3,3,6.68,33.98,-5.18,-32.48
-11.84,13.34,13.25,0.053,2.2,-2.1,0.2,3.0,0.40373,579.0,13.337,13.25,132.5,1.5808062547396085,,,,Sand,,,Sand 3,3,6.68,33.98,-5.18,-32.48
-11.86,13.36,12.85,0.056,2.2,-2.1,0.2,2.7,0.43883,580.0,13.357,12.85,128.5,1.6112540525504646,,,,Sand,,,Sand 3,3,6.68,33.98,-5.18,-32.48
-11.88,13.38,12.35,0.055,2.2,-2.1,0.2,2.5,0.44217,581.0,13.377,12.35,123.5,1.627589249875458,,,,Sand,,,Sand 3,3,6.68,33.98,-5.18,-32.48
-11.9,13.4,11.94,0.057,2.2,-2.1,0.2,2.5,0.46894,581.0,13.397,11.94,119.4,1.6536405143445099,,,,Sand,,,Sand 3,3,6.68,33.98,-5.18,-32.48
-11.92,13.42,11.8,0.057,2.2,-2.1,0.2,2.5,0.47609,582.0,13.417,11.8,118.0,1.661499193190021,,,,Sand,,,Sand 3,3,6.68,33.98,-5.18,-32.48
-11.94,13.44,11.7,0.057,2.4,-2.3,0.2,2.5,0.48015,583.0,13.437,11.7,117.0,1.6666023082646482,,,,Sand,,,Sand 3,3,6.68,33.98,-5.18,-32.48
-11.96,13.46,11.65,0.057,2.4,-2.3,0.2,2.5,0.4799,584.0,13.457,11.65,116.5,1.6680448381007347,,,,Sand,,,Sand 3,3,6.68,33.98,-5.18,-32.48
-11.98,13.48,11.7,0.056,2.3778,-2.1,0.2,2.5,0.46691,584.0,13.477,11.7,117.0,1.6600658175511036,,,,Sand,,,Sand 3,3,6.68,33.98,-5.18,-32.48
-12.0,13.5,11.79,0.055,2.3555,-2.0,0.2,2.5,0.45114,585.0,13.497,11.79,117.9,1.64929801679837,,,,Sand,,,Sand 3,3,6.68,33.98,-5.18,-32.48
-12.02,13.52,12.04,0.054,2.3333,-2.1,0.2,2.5,0.43235,586.0,13.517,12.04,120.4,1.6318128260021416,,,,Sand,,,Sand 3,3,6.68,33.98,-5.18,-32.48
-12.04,13.54,12.4,0.053,2.4,-2.3,0.2,2.5,0.41161,587.0,13.537,12.4,124.0,1.6097622815531305,,,,Sand,,,Sand 3,3,6.68,33.98,-5.18,-32.48
-12.06,13.56,12.87,0.054,2.4,-2.3,0.4,2.5,0.40582,588.0,13.557,12.87,128.7,1.592759501206722,,,,Sand,,,Sand 3,3,6.68,33.98,-5.18,-32.48
-12.08,13.58,13.38,0.055,2.4,-2.3,0.2,2.5,0.39985,588.0,13.577,13.38,133.8,1.5750000059377476,,,,Sand,,,Sand 3,3,6.68,33.98,-5.18,-32.48
-12.1,13.6,14.09,0.055,2.4,-2.3,0.2,2.5,0.38739,589.0,13.597,14.09,140.9,1.5486704006459366,,,,Sand,,,Sand 3,3,6.68,33.98,-5.18,-32.48
-12.12,13.62,14.74,0.058,2.2,-2.1,0.2,2.5,0.39808,590.0,13.617,14.74,147.4,1.5382653183053323,,,,Sand,,,Sand 3,3,6.68,33.98,-5.18,-32.48
-12.14,13.64,15.14,0.053,2.2,-2.1,0.2,2.5,0.35762,591.0,13.637,15.14,151.4,1.503980231535735,,,,Sand,,,Sand 3,3,6.68,33.98,-5.18,-32.48
-12.16,13.66,15.38,0.053,2.2,-2.1,0.2,2.5,0.35529,592.0,13.657,15.38,153.8,1.4966626808776633,,,,Sand,,,Sand 3,3,6.68,33.98,-5.18,-32.48
-12.18,13.68,15.58,0.052,2.4,-2.3,0.4,2.5,0.35103,592.0,13.677,15.58,155.8,1.4891560387996023,,,,Sand,,,Sand 3,3,6.68,33.98,-5.18,-32.48
-12.2,13.7,15.38,0.058,2.3,-2.3,0.0,2.5,0.40028,593.0,13.697,15.38,153.8,1.5239696238798488,,,,Sand,,,Sand 3,3,6.68,33.98,-5.18,-32.48
-12.22,13.72,14.87,0.058,2.4,-2.3,0.6,2.3,0.41384,594.0,13.717,14.87,148.7,1.5441131427352042,,,,Sand,,,Sand 3,3,6.68,33.98,-5.18,-32.48
-12.24,13.74,14.16,0.052,2.4,-2.1,0.2,2.3,0.38658,595.0,13.737,14.16,141.6,1.546360100710572,,,,Sand,,,Sand 3,3,6.68,33.98,-5.18,-32.48
-12.26,13.76,13.26,0.05,2.4,-2.3,0.2,2.5,0.3904,596.0,13.757,13.26,132.6,1.5729549022853746,,,,Sand,,,Sand 3,3,6.68,33.98,-5.18,-32.48
-12.28,13.78,12.15,0.048,2.4,-2.3,0.2,2.5,0.39474,596.0,13.777,12.15,121.5,1.6080307091889452,,,,Sand,,,Sand 3,3,6.68,33.98,-5.18,-32.48
-12.3,13.8,11.34,0.046,2.4,-2.3,0.2,2.5,0.39844,597.0,13.797,11.34,113.4,1.6359448476612746,,,,Sand,,,Sand 3,3,6.68,33.98,-5.18,-32.48
-12.32,13.82,10.87,0.045,2.4,-2.3,0.4,2.2,0.4103,598.0,13.817,10.87,108.7,1.6582387819079512,,,,Sand,,,Sand 3,3,6.68,33.98,-5.18,-32.48
-12.34,13.84,10.43,0.044,2.4,-2.3,0.2,3.1,0.41985,599.0,13.837,10.43,104.3,1.6787752105651619,,,,Sand,,,Sand 3,3,6.68,33.98,-5.18,-32.48
-12.36,13.86,10.2,0.044,2.4,-2.3,0.2,2.8,0.43554,599.0,13.857,10.2,102.0,1.6951751069257963,,,,Sand,,,Sand 3,3,6.68,33.98,-5.18,-32.48
-12.38,13.88,9.95,0.041,2.4,-2.3,0.2,2.5,0.41842,600.0,13.877,9.95,99.5,1.6957642443934047,,,,Sand,,,Sand 3,3,6.68,33.98,-5.18,-32.48
-12.4,13.9,9.54,0.041,2.4,-2.3,0.4,2.6,0.42926,601.0,13.897,9.54,95.4,1.7171424414229686,,,,Sand,,,Sand 3,3,6.68,33.98,-5.18,-32.48
-12.42,13.92,9.36,0.039,2.4667,-2.1,0.4,2.5,0.41706,602.0,13.917,9.36,93.6,1.718169859569796,,,,Sand,,,Sand 3,3,6.68,33.98,-5.18,-32.48
-12.44,13.94,9.13,0.038,2.5333,-2.3,0.4,2.5,0.41299,602.0,13.937,9.13,91.3,1.725535679491756,,,,Sand,,,Sand 3,3,6.68,33.98,-5.18,-32.48
-12.46,13.96,8.91,0.038,2.6,-2.5,0.4,2.5,0.41775,603.0,13.957,8.91,89.1,1.7372139433502216,,,,Sand,,,Sand 3,3,6.68,33.98,-5.18,-32.48
-12.48,13.98,8.89,0.038,2.4,-2.3,0.4,2.5,0.41821,604.0,13.977,8.89,88.9,1.7382992870499916,,,,Sand,,,Sand 3,3,6.68,33.98,-5.18,-32.48
-12.5,14.0,8.83,0.043,2.4,-2.3,0.2,2.5,0.46822,605.0,13.997,8.83,88.3,1.7651053536333103,,,,Sand,,,Sand 3,3,6.68,33.98,-5.18,-32.48
-12.52,14.02,9.0,0.045,2.4,-2.3,0.2,2.5,0.47809,606.0,14.017,9.0,90.0,1.7625658564549689,,,,Sand,,,Sand 3,3,6.68,33.98,-5.18,-32.48
-12.54,14.04,9.11,0.043,2.5,-2.5,0.2,2.5,0.43855,606.0,14.037,9.11,91.1,1.7391468278214672,,,,Sand,,,Sand 3,3,6.68,33.98,-5.18,-32.48
-12.56,14.06,9.46,0.041,2.4,-2.3,0.4,2.5,0.39733,607.0,14.057,9.46,94.6,1.7039278864970486,,,,Sand,,,Sand 3,3,6.68,33.98,-5.18,-32.48
-12.58,14.08,10.14,0.04,2.4,-2.3,0.4,2.6,0.36693,608.0,14.076,10.14,101.4,1.6609502399870049,,,,Sand,,,Sand 3,3,6.68,33.98,-5.18,-32.48
-12.6,14.1,10.96,0.04,2.4,-2.3,0.2,2.5,0.34767,609.0,14.096,10.96,109.6,1.6201288171470312,,,,Sand,,,Sand 3,3,6.68,33.98,-5.18,-32.48
-12.62,14.12,12.05,0.04,2.4,-2.3,0.4,2.5,0.3302,609.0,14.116,12.05,120.5,1.5732604811096524,,,,Sand,,,Sand 3,3,6.68,33.98,-5.18,-32.48
-12.64,14.14,13.0,0.046,2.4,-2.3,0.4,2.5,0.36281,610.0,14.136,13.0,130.0,1.564221647608173,,,,Sand,,,Sand 3,3,6.68,33.98,-5.18,-32.48
-12.66,14.16,13.49,0.045,2.4,-2.3,0.2,2.5,0.34211,611.0,14.156,13.49,134.9,1.5376390935743023,,,,Sand,,,Sand 3,3,6.68,33.98,-5.18,-32.48
-12.68,14.18,13.83,0.047,2.6,-2.5,0.4,2.5,0.34828,612.0,14.176,13.83,138.3,1.5320733567739528,,,,Sand,,,Sand 3,3,6.68,33.98,-5.18,-32.48
-12.7,14.2,13.98,0.049,2.5,-2.5,0.2,2.5,0.35796,613.0,14.196,13.98,139.8,1.53398210076385,,,,Sand,,,Sand 3,3,6.68,33.98,-5.18,-32.48
-12.72,14.22,13.98,0.075,2.6,-2.5,0.4,2.5,0.54825,613.0,14.216,13.98,139.8,1.6352129175229522,,,,Sand,,,Sand 3,3,6.68,33.98,-5.18,-32.48
-12.74,14.24,13.94,0.089,2.6,-2.3,0.4,2.5,0.6558,614.0,14.236,13.94,139.4,1.6829955895559954,,,,Sand,,,Sand 3,3,6.68,33.98,-5.18,-32.48
-12.76,14.26,13.69,0.092,2.6,-2.5,0.2,2.6,0.68966,615.0,14.256,13.69,136.9,1.7027001810183977,,,,Sand,,,Sand 3,3,6.68,33.98,-5.18,-32.48
-12.78,14.28,13.6,0.093,2.6,-2.5,0.4,2.1,0.71326,616.0,14.276,13.6,136.0,1.7140563696286402,,,,Sand,,,Sand 3,3,6.68,33.98,-5.18,-32.48
-12.8,14.3,12.93,0.081,2.6,-2.5,0.4,2.5,0.63542,617.0,14.296,12.93,129.3,1.7005611227670947,,,,Sand,,,Sand 3,3,6.68,33.98,-5.18,-32.48
-12.82,14.32,12.62,0.076,2.6,-2.3,0.4,2.5,0.60812,617.0,14.316,12.62,126.2,1.6976433600307215,,,,Sand,,,Sand 3,3,6.68,33.98,-5.18,-32.48
-12.84,14.34,11.98,0.072,2.6,-2.5,0.4,2.5,0.58537,618.0,14.336,11.98,119.8,1.7062858327356176,,,,Sand,,,Sand 3,3,6.68,33.98,-5.18,-32.48
-12.86,14.36,11.57,0.072,2.6,-2.3,0.4,2.5,0.59229,619.0,14.356,11.57,115.7,1.7215793837916378,,,,Sand,,,Sand 3,3,6.68,33.98,-5.18,-32.48
-12.88,14.38,11.65,0.0708,2.6,-2.5,0.4,2.5,0.59111,620.0,14.376,11.65,116.5,1.7186351962970527,,,,Sand,,,Sand 3,3,6.68,33.98,-5.18,-32.48
-12.9,14.4,11.94,0.0696,2.6,-2.5,0.4,2.9,0.59027,620.0,14.396,11.94,119.4,1.7095667455732115,,,,Sand,,,Sand 3,3,6.68,33.98,-5.18,-32.48
-12.92,14.42,12.11,0.0684,2.8,-2.7,0.4,2.6,0.58738,621.0,14.416,12.11,121.1,1.7033291703825757,,,,Sand,,,Sand 3,3,6.68,33.98,-5.18,-32.48
-12.94,14.44,12.45,0.0669,2.8,-2.7,0.6,2.5,0.57985,622.0,14.436,12.45,124.5,1.6902866627853999,,,,Sand,,,Sand 3,3,6.68,33.98,-5.18,-32.48
-12.96,14.46,11.5,0.0653,2.6,-2.5,0.6,2.5,0.57174,623.0,14.456,11.5,115.0,1.714948872918051,,,,Sand,,,Sand 3,3,6.68,33.98,-5.18,-32.48
-12.98,14.48,11.13,0.07,2.6,-2.5,0.6,2.5,0.62132,623.0,14.476,11.13,111.3,1.7473333918915182,,,,Sand,,,Sand 3,3,6.68,33.98,-5.18,-32.48
-13.0,14.5,10.81,0.073,2.6,-2.3,0.4,2.5,0.65922,624.0,14.496,10.81,108.1,1.772619744139262,,,,Sand,,,Sand 3,3,6.68,33.98,-5.18,-32.48
-13.02,14.52,10.71,0.067,2.6,-2.3,0.4,2.5,0.61901,625.0,14.516,10.71,107.1,1.7600393557397247,,,,Sand,,,Sand 3,3,6.68,33.98,-5.18,-32.48
-13.04,14.54,10.72,0.068,2.6,-2.5,0.4,2.6,0.63656,626.0,14.536,10.72,107.2,1.7667161799769922,,,,Sand,,,Sand 3,3,6.68,33.98,-5.18,-32.48
-13.06,14.56,10.7,0.058,2.6,-2.3,0.4,2.5,0.54853,627.0,14.556,10.7,107.0,1.7307340865255318,,,,Sand,,,Sand 3,3,6.68,33.98,-5.18,-32.48
-13.08,14.58,10.57,0.0563,2.6,-2.3,0.6,2.5,0.53587,627.0,14.576,10.57,105.7,1.7295701694772538,,,,Sand,,,Sand 3,3,6.68,33.98,-5.18,-32.48
-13.1,14.6,10.45,0.0547,2.6,-2.5,0.6,2.5,0.5242,628.0,14.596,10.45,104.5,1.7285017161884006,,,,Sand,,,Sand 3,3,6.68,33.98,-5.18,-32.48
-13.12,14.62,10.37,0.053,2.6,-2.5,0.4,2.5,0.51208,629.0,14.616,10.37,103.7,1.7258123299619343,,,,Sand,,,Sand 3,3,6.68,33.98,-5.18,-32.48
-13.14,14.64,10.26,0.053,2.6,-2.5,0.4,2.5,0.51638,630.0,14.636,10.26,102.6,1.7316705659321663,,,,Sand,,,Sand 3,3,6.68,33.98,-5.18,-32.48
-13.16,14.66,10.27,0.051,2.6,-2.5,0.6,2.5,0.50043,630.0,14.656,10.27,102.7,1.7240095540405571,,,,Sand,,,Sand 3,3,6.68,33.98,-5.18,-32.48
-13.18,14.68,10.14,0.049,2.6,-2.5,0.4,2.5,0.48341,631.0,14.676,10.14,101.4,1.7207474039290653,,,,Sand,,,Sand 3,3,6.68,33.98,-5.18,-32.48
-13.2,14.7,10.04,0.051,2.6,-2.5,0.6,2.5,0.50564,632.0,14.696,10.04,100.4,1.7347301992864987,,,,Sand,,,Sand 3,3,6.68,33.98,-5.18,-32.48
-13.22,14.72,10.01,0.052,2.6,-2.5,0.4,2.5,0.51716,633.0,14.716,10.01,100.1,1.7410570078385188,,,,Sand,,,Sand 3,3,6.68,33.98,-5.18,-32.48
-13.24,14.74,9.99,0.053,2.6,-2.5,0.4,2.5,0.52828,634.0,14.736,9.99,99.9,1.7467599992324045,,,,Sand,,,Sand 3,3,6.68,33.98,-5.18,-32.48
-13.26,14.76,10.01,0.052,2.6,-2.5,0.6,2.5,0.51761,634.0,14.756,10.01,100.1,1.7412595917936164,,,,Sand,,,Sand 3,3,6.68,33.98,-5.18,-32.48
-13.28,14.78,9.97,0.054,2.6,-2.5,0.4,2.5,0.53605,635.0,14.776,9.97,99.7,1.7509222253957488,,,,Sand,,,Sand 3,3,6.68,33.98,-5.18,-32.48
-13.3,14.8,10.01,0.052,2.6,-2.5,0.6,2.6,0.51352,636.0,14.796,10.01,100.1,1.7394139834625297,,,,Sand,,,Sand 3,3,6.68,33.98,-5.18,-32.48
-13.32,14.82,10.09,0.054,2.6,-2.5,0.6,2.1,0.52967,637.0,14.816,10.09,100.9,1.7437377273026358,,,,Sand,,,Sand 3,3,6.68,33.98,-5.18,-32.48
-13.34,14.84,10.25,0.053,2.6,-2.5,0.4,2.4,0.51544,638.0,14.836,10.25,102.5,1.7316012477894105,,,,Sand,,,Sand 3,3,6.68,33.98,-5.18,-32.48
-13.36,14.86,10.26,0.055,2.6,-2.5,0.6,2.5,0.53102,638.0,14.856,10.26,102.6,1.7382420991926242,,,,Sand,,,Sand 3,3,6.68,33.98,-5.18,-32.48
-13.38,14.88,10.43,0.055,2.6,-2.5,0.4,2.5,0.52688,639.0,14.876,10.43,104.3,1.7304044036741282,,,,Sand,,,Sand 3,3,6.68,33.98,-5.18,-32.48
-13.4,14.9,10.54,0.05,2.6,-2.5,0.4,2.5,0.47664,640.0,14.896,10.54,105.4,1.7032370493966327,,,,Sand,,,Sand 3,3,6.68,33.98,-5.18,-32.48
-13.42,14.92,10.71,0.048,2.8,-2.7,0.6,2.5,0.45481,641.0,14.916,10.71,107.1,1.6866510860514343,,,,Sand,,,Sand 3,3,6.68,33.98,-5.18,-32.48
-13.44,14.94,10.57,0.05,2.6,-2.5,0.6,2.9,0.4702,641.0,14.936,10.57,105.7,1.6990784045564895,,,,Sand,,,Sand 3,3,6.68,33.98,-5.18,-32.48
-13.46,14.96,10.66,0.048,2.6,-2.5,0.6,2.6,0.44708,642.0,14.956,10.66,106.6,1.6845280498004733,,,,Sand,,,Sand 3,3,6.68,33.98,-5.18,-32.48
-13.48,14.98,10.5,0.048,2.6,-2.5,0.6,2.5,0.44082,643.0,14.976,10.5,105.0,1.6870091952671922,,,,Sand,,,Sand 3,3,6.68,33.98,-5.18,-32.48
-13.5,15.0,10.76,0.046,2.6,-2.5,0.6,2.5,0.41372,644.0,14.996,10.76,107.6,1.6638695071527807,,,,Sand,,,Sand 3,3,6.68,33.98,-5.18,-32.48
-13.52,15.02,10.9,0.045,2.6,-2.5,0.4,2.5,0.39258,645.0,15.016,10.9,109.0,1.6476485990138865,,,,Sand,,,Sand 3,3,6.68,33.98,-5.18,-32.48
-13.54,15.04,11.25,0.045,2.8,-2.7,0.6,2.5,0.37823,645.0,15.035,11.25,112.5,1.6277416123532034,,,,Sand,,,Sand 3,3,6.68,33.98,-5.18,-32.48
-13.56,15.06,11.76,0.045,2.8,-2.5,0.6,2.5,0.36032,646.0,15.055,11.76,117.6,1.6006575171855473,,,,Sand,,,Sand 3,3,6.68,33.98,-5.18,-32.48
-13.58,15.08,12.55,0.046,2.8,-2.5,0.6,2.5,0.34984,647.0,15.075,12.55,125.5,1.5697498492712505,,,,Sand,,,Sand 3,3,6.68,33.98,-5.18,-32.48
-13.6,15.1,13.32,0.048,2.8,-2.7,0.6,2.5,0.34514,648.0,15.095,13.32,133.2,1.5443172432753731,,,,Sand,,,Sand 3,3,6.68,33.98,-5.18,-32.48
-13.62,15.12,14.14,0.047,2.8,-2.7,0.4,2.5,0.31873,648.0,15.115,14.14,141.4,1.504843684596755,,,,Sand,,,Sand 3,3,6.68,33.98,-5.18,-32.48
-13.64,15.14,15.23,0.0477,2.8,-2.5,0.6,2.6,0.3045,649.0,15.135,15.23,152.3,1.4670298644973214,,,,Sand,,,Sand 3,3,6.68,33.98,-5.18,-32.48
-13.66,15.16,16.04,0.0483,2.8,-2.5,0.6,2.4,0.2918,650.0,15.155,16.04,160.4,1.4384192199089487,,,,Sand,,,Sand 3,3,6.68,33.98,-5.18,-32.48
-13.68,15.18,16.97,0.049,2.8,-2.7,0.4,2.5,0.28133,651.0,15.175,16.97,169.7,1.4093400046746904,,,,Sand,,,Sand 3,3,6.68,33.98,-5.18,-32.48
-13.7,15.2,17.96,0.051,2.6,-2.5,0.6,2.5,0.27999,652.0,15.195,17.96,179.6,1.3867192348608233,,,,Sand,,,Sand 3,3,6.68,33.98,-5.18,-32.48
-13.72,15.22,19.11,0.059,2.6,-2.5,0.6,2.5,0.31262,652.0,15.215,19.11,191.1,1.3872094720819248,,,,Sand,,,Sand 3,3,6.68,33.98,-5.18,-32.48
-13.74,15.24,19.65,0.062,2.6,-2.5,0.6,2.5,0.31899,653.0,15.235,19.65,196.5,1.3814227892580957,,,,Sand,,,Sand 3,3,6.68,33.98,-5.18,-32.48
-13.76,15.26,20.24,0.066,2.6,-2.5,0.6,2.5,0.33203,654.0,15.255,20.24,202.4,1.3797644034394614,,,,Sand,,,Sand 3,3,6.68,33.98,-5.18,-32.48
-13.78,15.28,20.52,0.068,2.6,-2.5,0.6,2.5,0.33657,655.0,15.275,20.52,205.2,1.3779241384497427,,,,Sand,,,Sand 3,3,6.68,33.98,-5.18,-32.48
-13.8,15.3,20.49,0.076,2.8,-2.7,0.6,2.5,0.37262,655.0,15.295,20.49,204.9,1.4028995589426405,,,,Sand,,,Sand 3,3,6.68,33.98,-5.18,-32.48
-13.82,15.32,20.55,0.085,2.8,-2.7,0.6,2.5,0.41418,656.0,15.315,20.55,205.5,1.4282752180573068,,,,Sand,,,Sand 3,3,6.68,33.98,-5.18,-32.48
-13.84,15.34,20.5,0.09,2.6,-2.5,0.6,2.3,0.43724,657.0,15.335,20.5,205.0,1.4430429099299031,,,,Sand,,,Sand 3,3,6.68,33.98,-5.18,-32.48
-13.86,15.36,20.57,0.098,2.8,-2.7,0.6,2.3,0.47486,658.0,15.355,20.57,205.7,1.4635357043160466,,,,Sand,,,Sand 3,3,6.68,33.98,-5.18,-32.48
-13.88,15.38,20.65,0.1,2.6,-2.5,0.6,2.5,0.48242,659.0,15.375,20.65,206.5,1.4664197753577386,,,,Sand,,,Sand 3,3,6.68,33.98,-5.18,-32.48
-13.9,15.4,20.66,0.103,2.6,-2.5,0.6,2.5,0.4946,660.0,15.395,20.66,206.6,1.472950971907612,,,,Sand,,,Sand 3,3,6.68,33.98,-5.18,-32.48
-13.92,15.42,20.73,0.105,2.6,-2.5,0.6,2.5,0.50242,660.0,15.415,20.73,207.3,1.476041137480455,,,,Sand,,,Sand 3,3,6.68,33.98,-5.18,-32.48
-13.94,15.44,20.95,0.109,2.8,-2.7,0.6,2.4,0.52194,661.0,15.435,20.95,209.5,1.482872379359098,,,,Sand,,,Sand 3,3,6.68,33.98,-5.18,-32.48
-13.96,15.46,21.22,0.112,2.8,-2.7,0.6,2.6,0.54038,662.0,15.455,21.22,212.2,1.488175735739949,,,,Sand,,,Sand 3,3,6.68,33.98,-5.18,-32.48
-13.98,15.48,21.32,0.115,2.8,-2.7,0.6,3.0,0.5619,663.0,15.475,21.32,213.2,1.4975330689496842,,,,Sand,,,Sand 3,3,6.68,33.98,-5.18,-32.48
-14.0,15.5,21.09,0.116,2.8,-2.7,0.6,2.8,0.57647,663.0,15.495,21.09,210.9,1.5083313436537213,,,,Sand,,,Sand 3,3,6.68,33.98,-5.18,-32.48
-14.02,15.52,20.45,0.116,2.8,-2.5,0.4,2.6,0.58894,664.0,15.515,20.45,204.5,1.5245434346294933,,,,Sand,,,Sand 3,3,6.68,33.98,-5.18,-32.48
-14.04,15.54,19.39,0.114,2.8,-2.7,0.8,2.5,0.59302,665.0,15.535,19.39,193.9,1.5441207700812583,,,,Sand,,,Sand 3,3,6.68,33.98,-5.18,-32.48
-14.06,15.56,18.58,0.114,2.8,-2.7,0.6,2.5,0.60828,666.0,15.555,18.58,185.8,1.565412124985606,,,,Sand,,,Sand 3,3,6.68,33.98,-5.18,-32.48
-14.08,15.58,17.98,0.111,3.0,-2.9,0.6,2.5,0.60635,666.0,15.575,17.98,179.8,1.5754968373428226,,,,Sand,,,Sand 3,3,6.68,33.98,-5.18,-32.48
-14.1,15.6,17.54,0.107,3.0,-2.7,0.8,2.5,0.59519,667.0,15.595,17.54,175.4,1.5787157003822174,,,,Sand,,,Sand 3,3,6.68,33.98,-5.18,-32.48
-14.12,15.62,17.44,0.107,3.0,-2.7,0.6,2.5,0.60176,668.0,15.615,17.44,174.4,1.5836492711631955,,,,Sand,,,Sand 3,3,6.68,33.98,-5.18,-32.48
-14.14,15.64,17.46,0.104,3.0,-2.9,0.6,2.5,0.58848,669.0,15.635,17.46,174.6,1.5771633406249168,,,,Sand,,,Sand 3,3,6.68,33.98,-5.18,-32.48
-14.16,15.66,17.61,0.106,3.0,-2.7,0.6,2.5,0.60142,669.0,15.655,17.61,176.1,1.5802283262300971,,,,Sand,,,Sand 3,3,6.68,33.98,-5.18,-32.48
-14.18,15.68,17.82,0.106,3.0,-2.7,0.6,2.5,0.60262,670.0,15.675,17.82,178.2,1.5767920347289675,,,,Sand,,,Sand 3,3,6.68,33.98,-5.18,-32.48
-14.2,15.7,17.82,0.11,3.0,-2.9,0.8,2.6,0.62754,671.0,15.695,17.82,178.2,1.5880113610667417,,,,Sand,,,Sand 3,3,6.68,33.98,-5.18,-32.48
-14.22,15.72,17.71,0.11,3.0,-2.9,0.6,2.5,0.63128,672.0,15.715,17.71,177.1,1.5917295233427617,,,,Sand,,,Sand 3,3,6.68,33.98,-5.18,-32.48
-14.24,15.74,17.6,0.11,3.0,-2.7,0.6,2.5,0.63731,673.0,15.735,17.6,176.0,1.5964534603101075,,,,Sand,,,Sand 3,3,6.68,33.98,-5.18,-32.48
-14.26,15.76,17.26,0.111,3.0,-2.9,0.6,2.5,0.65198,673.0,15.755,17.26,172.6,1.609294548190126,,,,Sand,,,Sand 3,3,6.68,33.98,-5.18,-32.48
-14.28,15.78,16.95,0.115,3.0,-2.9,0.6,2.5,0.68631,674.0,15.775,16.95,169.5,1.6296916973007338,,,,Sand,,,Sand 3,3,6.68,33.98,-5.18,-32.48
-14.3,15.8,16.63,0.116,3.0,-2.9,0.6,2.5,0.70452,675.0,15.795,16.63,166.3,1.643370417673246,,,,Sand,,,Sand 3,3,6.68,33.98,-5.18,-32.48
-14.32,15.82,16.29,0.119,3.0,-2.9,0.6,2.5,0.73593,676.0,15.815,16.29,162.9,1.6625210228660405,,,,Sand,,,Sand 3,3,6.68,33.98,-5.18,-32.48
-14.34,15.84,15.94,0.121,3.0,-2.9,0.8,2.5,0.76095,676.0,15.835,15.94,159.4,1.6791578759828156,,,,Sand,,,Sand 3,3,6.68,33.98,-5.18,-32.48
-14.36,15.86,15.67,0.118,3.0,-2.9,0.6,2.5,0.75315,677.0,15.854,15.67,156.7,1.681843644895678,,,,Sand,,,Sand 3,3,6.68,33.98,-5.18,-32.48
-14.38,15.88,15.38,0.116,3.0,-2.7,0.6,2.5,0.74899,678.0,15.874,15.38,153.8,1.6864396822908208,,,,Sand,,,Sand 3,3,6.68,33.98,-5.18,-32.48
-14.4,15.9,15.24,0.112,3.0,-2.9,0.8,2.1,0.72911,679.0,15.894,15.24,152.4,1.6819180998590892,,,,Sand,,,Sand 3,3,6.68,33.98,-5.18,-32.48
-14.42,15.92,15.11,0.105,3.0,-2.9,0.6,2.5,0.68655,680.0,15.914,15.11,151.1,1.6680990081540668,,,,Sand,,,Sand 3,3,6.68,33.98,-5.18,-32.48
-14.44,15.94,15.08,0.103,3.0,-2.9,0.6,2.5,0.67315,680.0,15.934,15.08,150.8,1.6633597160359455,,,,Sand,,,Sand 3,3,6.68,33.98,-5.18,-32.48
-14.46,15.96,15.19,0.101,3.0,-2.7,0.8,2.5,0.65675,681.0,15.954,15.19,151.9,1.6541711819224478,,,,Sand,,,Sand 3,3,6.68,33.98,-5.18,-32.48
-14.48,15.98,15.28,0.099,3.0,-2.9,0.6,2.5,0.63845,682.0,15.974,15.28,152.8,1.6444950262570261,,,,Sand,,,Sand 3,3,6.68,33.98,-5.18,-32.48
-14.5,16.0,15.4,0.097,3.0,-2.9,0.6,2.4,0.61798,683.0,15.994,15.4,154.0,1.6330408382604071,,,,Sand,,,Sand 3,3,6.68,33.98,-5.18,-32.48
-14.52,16.02,15.73,0.097,3.0,-2.9,0.6,3.1,0.60782,684.0,16.014,15.73,157.3,1.6213525121756258,,,,Sand,,,Sand 3,3,6.68,33.98,-5.18,-32.48
-14.54,16.04,16.0,0.099,3.0,-2.9,0.6,2.9,0.60801,684.0,16.034,16.0,160.0,1.6156388694538035,,,,Sand,,,Sand 3,3,6.68,33.98,-5.18,-32.48
-14.559999999999999,16.06,16.26,0.099,3.0,-2.9,0.6,2.7,0.59455,685.0,16.054,16.26,162.60000000000002,1.6041159663267768,,,,Sand,,,Sand 3,3,6.68,33.98,-5.18,-32.48
-14.579999999999998,16.08,16.63,0.099,3.0,-2.9,0.6,2.5,0.57933,686.0,16.074,16.63,166.3,1.589469638287687,,,,Sand,,,Sand 3,3,6.68,33.98,-5.18,-32.48
-14.600000000000001,16.1,17.18,0.099,3.0,-2.9,0.6,2.5,0.56318,686.0,16.094,17.18,171.8,1.5707717303971986,,,,Sand,,,Sand 3,3,6.68,33.98,-5.18,-32.48
-14.620000000000001,16.12,17.78,0.102,3.0,-2.9,0.6,2.5,0.56299,687.0,16.114,17.78,177.8,1.5589862379116304,,,,Sand,,,Sand 3,3,6.68,33.98,-5.18,-32.48
-14.64,16.14,18.23,0.106,3.0,-2.9,0.6,2.5,0.56707,688.0,16.134,18.23,182.3,1.5524706921962748,,,,Sand,,,Sand 3,3,6.68,33.98,-5.18,-32.48
-14.66,16.16,18.9,0.111,3.0,-2.9,0.6,2.5,0.57532,689.0,16.154,18.9,189.0,1.5442655204929103,,,,Sand,,,Sand 3,3,6.68,33.98,-5.18,-32.48
-14.68,16.18,19.65,0.118,3.0,-2.9,0.6,2.5,0.59423,690.0,16.174,19.65,196.5,1.540266656143642,,,,Sand,,,Sand 3,3,6.68,33.98,-5.18,-32.48
-14.7,16.2,20.31,0.124,3.0,-2.9,0.6,2.5,0.60878,690.0,16.194,20.31,203.1,1.536183214888334,,,,Sand,,,Sand 3,3,6.68,33.98,-5.18,-32.48
-14.719999999999999,16.22,20.86,0.13,3.0,-2.9,0.6,2.5,0.62309,691.0,16.214,20.86,208.6,1.5340765491344794,,,,Sand,,,Sand 3,3,6.68,33.98,-5.18,-32.48
-14.739999999999998,16.24,21.44,0.137,3.0,-2.9,0.6,2.6,0.64263,692.0,16.234,21.44,214.4,1.534116295627825,,,,Sand,,,Sand 3,3,6.68,33.98,-5.18,-32.48
-14.760000000000002,16.26,21.69,0.142,3.0,-2.9,0.6,2.4,0.65272,693.0,16.254,21.69,216.9,1.5349355695347433,,,,Sand,,,Sand 3,3,6.68,33.98,-5.18,-32.48
-14.780000000000001,16.28,21.87,0.145,3.0,-2.9,0.6,2.5,0.65312,693.0,16.274,21.87,218.7,1.5324660675314217,,,,Sand,,,Sand 3,3,6.68,33.98,-5.18,-32.48
-14.8,16.3,22.19,0.148,3.0,-2.9,0.6,2.5,0.65339,694.0,16.294,22.19,221.9,1.5279412553235356,,,,Sand,,,Sand 3,3,6.68,33.98,-5.18,-32.48
-14.82,16.32,22.54,0.151,3.2,-3.1,0.6,2.5,0.65357,695.0,16.314,22.54,225.4,1.5230304378273052,,,,Sand,,,Sand 3,3,6.68,33.98,-5.18,-32.48
-14.84,16.34,23.14,0.153,3.2,-3.1,0.6,2.5,0.64848,696.0,16.334,23.14,231.4,1.5123633679230786,,,,Sand,,,Sand 3,3,6.68,33.98,-5.18,-32.48
-14.86,16.36,23.88,0.153,3.2,-2.9,0.6,2.5,0.634,697.0,16.354,23.88,238.8,1.4956789401500747,,,,Sand,,,Sand 3,3,6.68,33.98,-5.18,-32.48
-14.879999999999999,16.38,24.46,0.154,3.2,-3.1,0.6,2.5,0.62361,697.0,16.374,24.46,244.6,1.4831672144202188,,,,Sand,,,Sand 3,3,6.68,33.98,-5.18,-32.48
-14.899999999999999,16.4,25.06,0.154,3.2,-3.1,0.6,2.5,0.60876,698.0,16.394,25.06,250.6,1.4683301877256376,,,,Sand,,,Sand 3,3,6.68,33.98,-5.18,-32.48
-14.920000000000002,16.42,25.61,0.154,3.2,-3.1,0.6,2.6,0.59537,699.0,16.414,25.61,256.1,1.4548454534916906,,,,Sand,,,Sand 3,3,6.68,33.98,-5.18,-32.48
-14.940000000000001,16.44,26.18,0.155,3.2,-3.1,0.6,2.1,0.58773,700.0,16.434,26.18,261.8,1.4440362568552394,,,,Sand,,,Sand 3,3,6.68,33.98,-5.18,-32.48
-14.96,16.46,26.69,0.158,3.2,-3.1,0.6,2.3,0.58782,701.0,16.454,26.69,266.9,1.4379891168315426,,,,Sand,,,Sand 3,3,6.68,33.98,-5.18,-32.48
-14.98,16.48,27.36,0.157,3.2,-3.1,0.6,2.6,0.57433,701.0,16.474,27.36,273.6,1.4232380027711073,,,,Sand,,,Sand 3,3,6.68,33.98,-5.18,-32.48
-15.0,16.5,27.69,0.158,3.2,-3.1,0.6,2.5,0.5686,702.0,16.494,27.69,276.9,1.416463381995275,,,,Sand,,,Sand 3,3,6.68,33.98,-5.18,-32.48
-15.02,16.52,27.93,0.16,3.2,-3.1,0.6,2.5,0.56773,703.0,16.514,27.93,279.3,1.4132880317244856,,,,Sand,,,Sand 3,3,6.68,33.98,-5.18,-32.48
-15.04,16.54,28.51,0.165,3.2,-3.1,0.6,2.4,0.57811,704.0,16.534,28.51,285.1,1.4122943160502142,,,,Sand,,,Sand 3,3,6.68,33.98,-5.18,-32.48
-15.059999999999999,16.56,28.72,0.169,3.2,-3.1,0.6,2.2,0.58653,705.0,16.553,28.72,287.2,1.4143861976120187,,,,Sand,,,Sand 3,3,6.68,33.98,-5.18,-32.48
-15.079999999999998,16.58,29.22,0.175,3.2,-3.1,0.6,3.1,0.60327,705.0,16.573,29.22,292.2,1.417632518288072,,,,Sand,,,Sand 3,3,6.68,33.98,-5.18,-32.48
-15.100000000000001,16.6,29.34,0.182,3.4,-3.3,0.6,3.0,0.62511,706.0,16.593,29.34,293.4,1.427323976225113,,,,Sand,,,Sand 3,3,6.68,33.98,-5.18,-32.48
-15.120000000000001,16.62,29.56,0.186,3.4,-3.1,0.6,2.5,0.63918,707.0,16.613,29.56,295.6,1.4319547963556063,,,,Sand,,,Sand 3,3,6.68,33.98,-5.18,-32.48
-15.14,16.64,29.54,0.188,3.4,-3.1,0.6,2.5,0.64772,708.0,16.633,29.54,295.4,1.4362934811579005,,,,Sand,,,Sand 3,3,6.68,33.98,-5.18,-32.48
-15.16,16.66,29.25,0.193,3.4,-3.3,0.6,2.5,0.66904,708.0,16.653,29.25,292.5,1.4493906745652576,,,,Sand,,,Sand 3,3,6.68,33.98,-5.18,-32.48
-15.18,16.68,28.78,0.197,3.2,-3.1,0.6,2.5,0.68887,709.0,16.673,28.78,287.8,1.4634178889461162,,,,Sand,,,Sand 3,3,6.68,33.98,-5.18,-32.48
-15.2,16.7,28.39,0.201,3.2,-3.1,0.6,2.5,0.71113,710.0,16.693,28.39,283.9,1.4775071161533762,,,,Sand,,,Sand 3,3,6.68,33.98,-5.18,-32.48
-15.219999999999999,16.72,28.12,0.204,3.2,-3.1,0.6,2.5,0.73401,711.0,16.713,28.12,281.2,1.4903551611781554,,,,Sand,,,Sand 3,3,6.68,33.98,-5.18,-32.48
-15.239999999999998,16.74,27.8,0.207,3.4,-3.3,0.6,2.5,0.76082,711.0,16.733,27.8,278.0,1.5051265559226044,,,,Sand,,,Sand 3,3,6.68,33.98,-5.18,-32.48
-15.260000000000002,16.76,27.34,0.205,3.4,-3.3,0.6,2.5,0.77337,712.0,16.753,27.34,273.4,1.5152649181996627,,,,Sand,,,Sand 3,3,6.68,33.98,-5.18,-32.48
-15.280000000000001,16.78,26.9,0.202,3.4,-3.3,0.6,2.6,0.78481,713.0,16.773,26.9,269.0,1.5247344923640531,,,,Sand,,,Sand 3,3,6.68,33.98,-5.18,-32.48
-15.3,16.8,25.76,0.198,3.4,-3.1,0.6,2.4,0.79414,714.0,16.793,25.76,257.6,1.5413517200990416,,,,Sand,,,Sand 3,3,6.68,33.98,-5.18,-32.48
-15.32,16.82,24.57,0.194,3.4,-3.3,0.6,2.5,0.80444,715.0,16.813,24.57,245.7,1.5595707739164124,,,,Sand,,,Sand 3,3,6.68,33.98,-5.18,-32.48
-15.34,16.84,23.18,0.19,3.4,-3.3,0.6,2.5,0.8141,715.0,16.833,23.18,231.8,1.580887887878136,,,,Sand,,,Sand 3,3,6.68,33.98,-5.18,-32.48
-15.36,16.86,22.24,0.181,3.4,-3.3,0.6,2.5,0.8008,716.0,16.853,22.24,222.4,1.5884371624954363,,,,Sand,,,Sand 3,3,6.68,33.98,-5.18,-32.48
-15.379999999999999,16.88,21.67,0.169,3.4,-3.3,0.6,2.5,0.76748,717.0,16.873,21.67,216.7,1.5834927316976328,,,,Sand,,,Sand 3,3,6.68,33.98,-5.18,-32.48
-15.399999999999999,16.9,21.27,0.161,3.4,-3.3,0.6,2.5,0.74477,718.0,16.893,21.27,212.7,1.5802555289718527,,,,Sand,,,Sand 3,3,6.68,33.98,-5.18,-32.48
-15.420000000000002,16.92,21.12,0.15,3.4,-3.3,0.6,2.5,0.70061,718.0,16.913,21.12,211.2,1.5642780586063538,,,,Sand,,,Sand 3,3,6.68,33.98,-5.18,-32.48
-15.440000000000001,16.94,21.01,0.145,3.4,-3.3,0.6,2.4,0.6784,719.0,16.933,21.01,210.1,1.5564538012215587,,,,Sand,,,Sand 3,3,6.68,33.98,-5.18,-32.48
-15.46,16.96,21.1,0.146,3.4,-3.3,0.6,2.2,0.68125,720.0,16.953,21.1,211.0,1.5563172258186566,,,,Sand,,,Sand 3,3,6.68,33.98,-5.18,-32.48
-15.48,16.98,21.35,0.142,3.4,-3.3,0.6,2.3,0.66073,721.0,16.973,21.35,213.5,1.5435748030075187,,,,Sand,,,Sand 3,3,6.68,33.98,-5.18,-32.48
-15.5,17.0,21.52,0.142,3.4,-3.3,0.6,2.5,0.6579,722.0,16.993,21.52,215.2,1.5397738988107192,,,,Sand,,,Sand 3,3,6.68,33.98,-5.18,-32.48
-15.52,17.02,21.95,0.142,3.3,-3.3,0.4,2.5,0.65521,723.0,17.013,21.95,219.5,1.5322351675237522,,,,Sand,,,Sand 3,3,6.68,33.98,-5.18,-32.48
-15.54,17.04,22.13,0.141,3.4,-3.3,0.6,2.5,0.64876,723.0,17.033,22.13,221.3,1.5267168488324574,,,,Sand,,,Sand 3,3,6.68,33.98,-5.18,-32.48
-15.559999999999999,17.06,21.75,0.142,3.4,-3.3,0.6,2.2,0.65153,724.0,17.053,21.75,217.5,1.533515211905644,,,,Sand,,,Sand 3,3,6.68,33.98,-5.18,-32.48
-15.579999999999998,17.08,21.86,0.142,3.4,-3.3,0.6,2.9,0.64689,725.0,17.073,21.86,218.6,1.5298046140930193,,,,Sand,,,Sand 3,3,6.68,33.98,-5.18,-32.48
-15.600000000000001,17.1,21.72,0.142,3.4,-3.3,0.6,2.9,0.64079,726.0,17.093,21.72,217.2,1.5291016469603465,,,,Sand,,,Sand 3,3,6.68,33.98,-5.18,-32.48
-15.620000000000001,17.12,21.59,0.145,3.4,-3.3,0.6,2.7,0.64574,726.0,17.113,21.59,215.9,1.5332778299663474,,,,Sand,,,Sand 3,3,6.68,33.98,-5.18,-32.48
-15.64,17.14,21.84,0.146,3.4,-3.3,0.6,2.5,0.63843,727.0,17.132,21.84,218.4,1.5262525530444195,,,,Sand,,,Sand 3,3,6.68,33.98,-5.18,-32.48
-15.66,17.16,22.77,0.147,3.4,-3.3,0.6,2.4,0.6305,728.0,17.152,22.77,227.7,1.5092112874823793,,,,Sand,,,Sand 3,3,6.68,33.98,-5.18,-32.48
-15.68,17.18,23.62,0.151,3.6,-3.5,0.6,2.5,0.63425,729.0,17.172,23.62,236.2,1.4992703135405483,,,,Sand,,,Sand 3,3,6.68,33.98,-5.18,-32.48
-15.7,17.2,24.49,0.156,3.6,-3.3,0.6,2.5,0.64151,729.0,17.192,24.49,244.9,1.4912183390132625,,,,Sand,,,Sand 3,3,6.68,33.98,-5.18,-32.48
-15.719999999999999,17.22,25.06,0.162,3.6,-3.5,0.6,2.5,0.65356,730.0,17.212,25.06,250.6,1.4895964378838753,,,,Sand,,,Sand 3,3,6.68,33.98,-5.18,-32.48
-15.739999999999998,17.24,25.43,0.168,3.6,-3.5,0.6,2.5,0.66902,731.0,17.232,25.43,254.3,1.4921227451588617,,,,Sand,,,Sand 3,3,6.68,33.98,-5.18,-32.48
-15.760000000000002,17.26,25.66,0.176,3.6,-3.5,0.6,2.5,0.69517,732.0,17.252,25.66,256.6,1.5010708807564122,,,,Sand,,,Sand 3,3,6.68,33.98,-5.18,-32.48
-15.780000000000001,17.28,25.67,0.178,3.6,-3.5,0.6,2.5,0.69903,733.0,17.272,25.67,256.7,1.5026539279991142,,,,Sand,,,Sand 3,3,6.68,33.98,-5.18,-32.48
-15.8,17.3,25.6,0.183,3.5667,-3.3,0.6,2.5,0.71241,733.0,17.292,25.6,256.0,1.509332315662954,,,,Sand,,,Sand 3,3,6.68,33.98,-5.18,-32.48
-15.82,17.32,25.36,0.182,3.5333,-3.3,0.6,2.6,0.70427,734.0,17.312,25.36,253.6,1.5086765056555913,,,,Sand,,,Sand 3,3,6.68,33.98,-5.18,-32.48
-15.84,17.34,25.27,0.187,3.5,-3.5,0.4,2.5,0.71806,735.0,17.332,25.27,252.7,1.5157352989825013,,,,Sand,,,Sand 3,3,6.68,33.98,-5.18,-32.48
-15.86,17.36,25.66,0.186,3.5,-3.5,0.4,2.5,0.70915,736.0,17.352,25.66,256.6,1.5072015606815004,,,,Sand,,,Sand 3,3,6.68,33.98,-5.18,-32.48
-15.879999999999999,17.38,26.85,0.182,3.6,-3.5,0.6,2.5,0.69119,736.0,17.372,26.85,268.5,1.4854439536065152,,,,Sand,,,Sand 3,3,6.68,33.98,-5.18,-32.48
-15.899999999999999,17.4,26.67,0.176,3.5,-3.5,0.4,2.5,0.66917,737.0,17.392,26.67,266.7,1.4775095391790252,,,,Sand,,,Sand 3,3,6.68,33.98,-5.18,-32.48
-15.920000000000002,17.42,27.26,0.173,3.5,-3.5,0.4,2.5,0.66078,738.0,17.412,27.26,272.6,1.4669202764762577,,,,Sand,,,Sand 3,3,6.68,33.98,-5.18,-32.48
-15.940000000000001,17.44,27.16,0.171,3.5,-3.3,0.4,2.5,0.65776,739.0,17.432,27.16,271.6,1.4666375083614267,,,,Sand,,,Sand 3,3,6.68,33.98,-5.18,-32.48
-15.96,17.46,26.42,0.168,3.5,-3.5,0.4,2.5,0.65465,740.0,17.452,26.42,264.2,1.4736891913810093,,,,Sand,,,Sand 3,3,6.68,33.98,-5.18,-32.48
-15.98,17.48,25.12,0.165,3.5,-3.3,0.4,2.5,0.64932,740.0,17.472,25.12,251.2,1.4868857096980632,,,,Sand,,,Sand 3,3,6.68,33.98,-5.18,-32.48
-16.0,17.5,24.31,0.164,3.5,-3.3,0.4,2.2,0.65209,741.0,17.492,24.31,243.1,1.4984373003984364,,,,Sand,,,Sand 3,3,6.68,33.98,-5.18,-32.48
-16.02,17.52,24.19,0.162,3.5,-3.5,0.4,2.3,0.64716,742.0,17.512,24.19,241.9,1.4977222982350045,,,,Sand,,,Sand 3,3,6.68,33.98,-5.18,-32.48
-16.04,17.54,24.17,0.151,3.5,-3.5,0.4,2.6,0.60025,743.0,17.532,24.17,241.7,1.475681116525008,,,,Sand,,,Sand 3,3,6.68,33.98,-5.18,-32.48
-16.06,17.56,24.66,0.145,3.3,-3.3,0.4,2.5,0.5696,744.0,17.552,24.66,246.6,1.4539036155674594,,,,Sand,,,Sand 3,3,6.68,33.98,-5.18,-32.48
-16.08,17.58,25.17,0.144,3.3,-3.3,0.4,2.5,0.55811,744.0,17.572,25.17,251.7,1.4413736082119974,,,,Sand,,,Sand 3,3,6.68,33.98,-5.18,-32.48
-16.1,17.6,26.22,0.143,3.3,-3.3,0.4,2.5,0.54729,745.0,17.592,26.22,262.2,1.4225167935868455,,,,Sand,,,Sand 3,3,6.68,33.98,-5.18,-32.48
-16.12,17.62,27.41,0.146,3.3,-3.3,0.4,2.2,0.55306,746.0,17.612,27.41,274.1,1.4114326632741323,,,,Sand,,,Sand 3,3,6.68,33.98,-5.18,-32.48
-16.14,17.64,27.52,0.14,3.5,-3.5,0.4,3.1,0.52639,747.0,17.632,27.52,275.2,1.3955946451145635,,,,Sand,,,Sand 3,3,6.68,33.98,-5.18,-32.48
-16.16,17.66,27.07,0.1393,3.5,-3.3,0.4,2.9,0.52148,747.0,17.652,27.07,270.7,1.398157732460719,,,,Sand,,,Sand 3,3,6.68,33.98,-5.18,-32.48
-16.18,17.68,26.81,0.1387,3.5,-3.3,0.2,2.7,0.51855,748.0,17.671,26.81,268.1,1.3996353331381859,,,,Sand,,,Sand 3,3,6.68,33.98,-5.18,-32.48
-16.2,17.7,26.33,0.138,3.5,-3.5,0.4,2.4,0.51671,749.0,17.691,26.33,263.3,1.4044582988506384,,,,Sand,,,Sand 3,3,6.68,33.98,-5.18,-32.48
-16.22,17.72,26.24,0.141,3.5,-3.5,0.4,2.6,0.52802,750.0,17.711,26.24,262.4,1.4118309935874611,,,,Sand,,,Sand 3,3,6.68,33.98,-5.18,-32.48
-16.24,17.74,26.1,0.147,3.5,-3.5,0.4,2.5,0.54782,750.0,17.731,26.1,261.0,1.4242727311204206,,,,Sand,,,Sand 3,3,6.68,33.98,-5.18,-32.48
-16.26,17.76,26.5,0.156,3.5,-3.3,0.4,2.5,0.57666,751.0,17.751,26.5,265.0,1.4345375243182452,,,,Sand,,,Sand 3,3,6.68,33.98,-5.18,-32.48
-16.28,17.78,27.09,0.158,3.5,-3.3,0.4,2.5,0.5778,752.0,17.771,27.09,270.9,1.4281639587932153,,,,Sand,,,Sand 3,3,6.68,33.98,-5.18,-32.48
-16.3,17.8,27.49,0.154,3.5,-3.5,0.4,2.5,0.55797,753.0,17.791,27.49,274.9,1.4131303020811798,,,,Sand,,,Sand 3,3,6.68,33.98,-5.18,-32.48
-16.32,17.82,28.11,0.161,3.5,-3.5,0.4,2.5,0.57758,754.0,17.811,28.11,281.1,1.4164348126902053,,,,Sand,,,Sand 3,3,6.68,33.98,-5.18,-32.48
-16.34,17.84,28.56,0.173,3.5,-3.3,0.4,2.5,0.61519,754.0,17.831,28.56,285.6,1.4306593319634546,,,,Sand,,,Sand 3,3,6.68,33.98,-5.18,-32.48
-16.36,17.86,28.67,0.17,3.5,-3.5,0.4,2.5,0.59941,755.0,17.851,28.67,286.7,1.4215329139110444,,,,Sand,,,Sand 3,3,6.68,33.98,-5.18,-32.48
-16.38,17.88,28.28,0.163,3.5,-3.3,0.4,2.4,0.56988,756.0,17.871,28.28,282.8,1.410509651297239,,,,Sand,,,Sand 3,3,6.68,33.98,-5.18,-32.48
-16.4,17.9,28.3,0.16,3.5,-3.5,0.4,2.5,0.55556,757.0,17.891,28.3,283.0,1.402663432862809,,,,Sand,,,Sand 3,3,6.68,33.98,-5.18,-32.48
-16.42,17.92,28.47,0.177,3.5,-3.5,0.4,2.5,0.61373,757.0,17.911,28.47,284.7,1.43090431564136,,,,Sand,,,Sand 3,3,6.68,33.98,-5.18,-32.48
-16.44,17.94,29.01,0.179,3.5,-3.5,0.4,2.5,0.62091,758.0,17.931,29.01,290.1,1.4287012050627022,,,,Sand,,,Sand 3,3,6.68,33.98,-5.18,-32.48
-16.46,17.96,29.42,0.182,3.5,-3.5,0.4,2.5,0.63326,759.0,17.951,29.42,294.2,1.4305056462373928,,,,Sand,,,Sand 3,3,6.68,33.98,-5.18,-32.48
-16.48,17.98,29.69,0.175,3.5,-3.5,0.4,2.5,0.61183,760.0,17.971,29.69,296.9,1.417071600550394,,,,Sand,,,Sand 3,3,6.68,33.98,-5.18,-32.48
-16.5,18.0,28.88,0.161,3.5,-3.3,0.4,2.5,0.56541,761.0,17.991,28.88,288.8,1.401565118914802,,,,Sand,,,Sand 3,3,6.68,33.98,-5.18,-32.48
-16.52,18.02,28.58,0.155,3.5,-3.5,0.4,2.5,0.54758,761.0,18.011,28.58,285.8,1.3952388940107032,,,,Sand,,,Sand 3,3,6.68,33.98,-5.18,-32.48
-16.54,18.04,27.57,0.159,3.5,-3.5,0.4,2.3,0.56511,762.0,18.031,27.57,275.7,1.4159954123122083,,,,Sand,,,Sand 3,3,6.68,33.98,-5.18,-32.48
-16.56,18.06,27.2,0.165,3.5,-3.5,0.4,2.2,0.58921,763.0,18.051,27.2,272.0,1.4327429788078425,,,,Sand,,,Sand 3,3,6.68,33.98,-5.18,-32.48
-16.58,18.08,27.45,0.163,3.5,-3.5,0.4,2.5,0.58222,764.0,18.071,27.45,274.5,1.4262894236784898,,,,Sand,,,Sand 3,3,6.68,33.98,-5.18,-32.48
-16.6,18.1,27.66,0.161,3.5,-3.5,0.4,2.5,0.57474,765.0,18.091,27.66,276.6,1.4200183865692977,,,,Sand,,,Sand 3,3,6.68,33.98,-5.18,-32.48
-16.62,18.12,28.06,0.159,3.5,-3.5,0.4,2.5,0.56594,765.0,18.111,28.06,280.6,1.4108816568121585,,,,Sand,,,Sand 3,3,6.68,33.98,-5.18,-32.48
-16.64,18.14,28.63,0.16,3.5,-3.5,0.4,2.5,0.5676,766.0,18.131,28.63,286.3,1.4054499464866903,,,,Sand,,,Sand 3,3,6.68,33.98,-5.18,-32.48
-16.66,18.16,28.82,0.16,3.5,-3.5,0.4,2.1,0.5663,767.0,18.151,28.82,288.2,1.402689513847632,,,,Sand,,,Sand 3,3,6.68,33.98,-5.18,-32.48
-16.68,18.18,28.71,0.159,3.5,-3.5,0.4,3.0,0.55998,768.0,18.171,28.71,287.1,1.400512349334024,,,,Sand,,,Sand 3,3,6.68,33.98,-5.18,-32.48
-16.7,18.2,28.23,0.157,3.5,-3.5,0.4,3.0,0.54912,768.0,18.191,28.23,282.3,1.3999684165584916,,,,Sand,,,Sand 3,3,6.68,33.98,-5.18,-32.48
-16.72,18.22,27.95,0.159,3.5,-3.5,0.4,2.8,0.55206,769.0,18.21,27.95,279.5,1.4047105749392947,,,,Sand,,,Sand 3,3,6.68,33.98,-5.18,-32.48
-16.74,18.24,27.97,0.162,3.5,-3.5,0.4,2.5,0.558,770.0,18.23,27.97,279.7,1.4076718306965168,,,,Sand,,,Sand 3,3,6.68,33.98,-5.18,-32.48
-16.76,18.26,28.78,0.163,3.5,-3.5,0.4,2.5,0.55565,771.0,18.25,28.78,287.8,1.3974186975292389,,,,Sand,,,Sand 3,3,6.68,33.98,-5.18,-32.48
-16.78,18.28,29.64,0.168,3.5,-3.5,0.4,2.5,0.56466,772.0,18.27,29.64,296.4,1.3930603535547776,,,,Sand,,,Sand 3,3,6.68,33.98,-5.18,-32.48
-16.8,18.3,30.31,0.171,3.5,-3.5,0.4,2.5,0.5659,772.0,18.29,30.31,303.1,1.3867894120390687,,,,Sand,,,Sand 3,3,6.68,33.98,-5.18,-32.48
-16.82,18.32,30.67,0.168,3.5,-3.5,0.4,2.5,0.54777,773.0,18.31,30.67,306.7,1.3732306399433214,,,,Sand,,,Sand 3,3,6.68,33.98,-5.18,-32.48
-16.84,18.34,31.13,0.172,3.5,-3.5,0.4,2.5,0.55571,774.0,18.33,31.13,311.3,1.3729934823002088,,,,Sand,,,Sand 3,3,6.68,33.98,-5.18,-32.48
-16.86,18.36,31.57,0.179,3.5,-3.5,0.4,2.5,0.57828,775.0,18.35,31.57,315.7,1.3809066684411502,,,,Sand,,,Sand 3,3,6.68,33.98,-5.18,-32.48
-16.88,18.38,31.67,0.18,3.5,-3.5,0.4,2.5,0.58649,775.0,18.37,31.67,316.7,1.3843056791626354,,,,Sand,,,Sand 3,3,6.68,33.98,-5.18,-32.48
-16.9,18.4,31.59,0.184,3.5,-3.5,0.4,2.6,0.60721,776.0,18.39,31.59,315.9,1.3958735284465105,,,,Sand,,,Sand 3,3,6.68,33.98,-5.18,-32.48
-16.92,18.42,31.03,0.189,3.7,-3.7,0.4,2.5,0.63556,777.0,18.41,31.03,310.3,1.4155423813566743,,,,Sand,,,Sand 3,3,6.68,33.98,-5.18,-32.48
-16.94,18.44,29.66,0.186,3.7,-3.7,0.4,2.5,0.63997,778.0,18.43,29.66,296.6,1.431316169791232,,,,Sand,,,Sand 3,3,6.68,33.98,-5.18,-32.48
-16.96,18.46,28.21,0.184,3.7,-3.7,0.4,2.5,0.64874,779.0,18.45,28.21,282.1,1.4507748784585863,,,,Sand,,,Sand 3,3,6.68,33.98,-5.18,-32.48
-16.98,18.48,27.56,0.179,3.7,-3.7,0.4,2.5,0.64758,779.0,18.47,27.56,275.6,1.4573575512496808,,,,Sand,,,Sand 3,3,6.68,33.98,-5.18,-32.48
-17.0,18.5,26.61,0.173,3.7,-3.7,0.2,2.5,0.64178,780.0,18.49,26.61,266.1,1.4654192488211026,,,,Sand,,,Sand 3,3,6.68,33.98,-5.18,-32.48
-17.02,18.52,26.18,0.163,3.7,-3.5,0.4,2.5,0.6171,781.0,18.51,26.18,261.8,1.4586247645889265,,,,Sand,,,Sand 3,3,6.68,33.98,-5.18,-32.48
-17.04,18.54,26.06,0.157,3.7,-3.7,0.4,2.5,0.60228,782.0,18.53,26.06,260.6,1.4527790147018498,,,,Sand,,,Sand 3,3,6.68,33.98,-5.18,-32.48
-17.06,18.56,25.82,0.159,3.7,-3.7,0.2,2.2,0.61643,783.0,18.55,25.82,258.2,1.4626420697897595,,,,Sand,,,Sand 3,3,6.68,33.98,-5.18,-32.48
-17.08,18.58,25.55,0.163,3.7,-3.7,0.4,2.4,0.63594,783.0,18.57,25.55,255.5,1.4753029148989032,,,,Sand,,,Sand 3,3,6.68,33.98,-5.18,-32.48
-17.1,18.6,25.32,0.157,3.7,-3.7,0.2,2.5,0.61514,784.0,18.59,25.32,253.2,1.4681717014957436,,,,Sand,,,Sand 3,3,6.68,33.98,-5.18,-32.48
-17.12,18.62,25.44,0.157,3.7,-3.7,0.4,2.5,0.61638,785.0,18.61,25.44,254.4,1.4672824882230615,,,,Sand,,,Sand 3,3,6.68,33.98,-5.18,-32.48
-17.14,18.64,25.37,0.163,3.7,-3.7,0.4,2.5,0.63909,786.0,18.63,25.37,253.7,1.479003153388079,,,,Sand,,,Sand 3,3,6.68,33.98,-5.18,-32.48
-17.16,18.66,25.31,0.162,3.7,-3.7,0.4,2.5,0.63173,786.0,18.65,25.31,253.1,1.4762622372096423,,,,Sand,,,Sand 3,3,6.68,33.98,-5.18,-32.48
-17.18,18.68,25.31,0.16,3.7,-3.7,0.4,2.2,0.61881,787.0,18.67,25.31,253.1,1.4700727417075112,,,,Sand,,,Sand 3,3,6.68,33.98,-5.18,-32.48
-17.2,18.7,25.65,0.158,3.7,-3.7,0.4,3.1,0.606,788.0,18.69,25.65,256.5,1.4596187762110884,,,,Sand,,,Sand 3,3,6.68,33.98,-5.18,-32.48
-17.22,18.72,26.09,0.157,3.7,-3.7,0.2,3.0,0.5975,789.0,18.709,26.09,260.9,1.4500365844191758,,,,Sand,,,Sand 3,3,6.68,33.98,-5.18,-32.48
-17.24,18.74,26.66,0.151,3.7,-3.7,0.4,2.7,0.5707,789.0,18.729,26.66,266.6,1.429545511766747,,,,Sand,,,Sand 3,3,6.68,33.98,-5.18,-32.48
-17.26,18.76,27.02,0.148,3.7,-3.7,0.4,2.6,0.55566,790.0,18.749,27.02,270.2,1.417375740451077,,,,Sand,,,Sand 3,3,6.68,33.98,-5.18,-32.48
-17.28,18.78,27.17,0.149,3.7,-3.7,0.2,2.5,0.55672,791.0,18.769,27.17,271.7,1.4161796327115992,,,,Sand,,,Sand 3,3,6.68,33.98,-5.18,-32.48
-17.3,18.8,27.0,0.155,3.7,-3.7,0.4,2.5,0.57768,792.0,18.789,27.0,270.0,1.4291519332055034,,,,Sand,,,Sand 3,3,6.68,33.98,-5.18,-32.48
-17.32,18.82,26.77,0.156,3.9,-3.9,0.4,2.5,0.58163,792.0,18.809,26.77,267.7,1.4338850152076106,,,,Sand,,,Sand 3,3,6.68,33.98,-5.18,-32.48
-17.34,18.84,26.72,0.157,3.9,-3.9,0.2,2.5,0.58582,793.0,18.829,26.72,267.2,1.4366169593981133,,,,Sand,,,Sand 3,3,6.68,33.98,-5.18,-32.48
-17.36,18.86,26.68,0.161,3.7,-3.7,0.4,2.5,0.60119,794.0,18.849,26.68,266.8,1.4448434185697792,,,,Sand,,,Sand 3,3,6.68,33.98,-5.18,-32.48
-17.38,18.88,26.63,0.162,3.7,-3.7,0.2,2.5,0.60422,795.0,18.869,26.63,266.3,1.4469419550435012,,,,Sand,,,Sand 3,3,6.68,33.98,-5.18,-32.48
-17.4,18.9,26.58,0.167,3.7,-3.7,0.4,2.5,0.62067,796.0,18.889,26.58,265.8,1.4556243349833355,,,,Sand,,,Sand 3,3,6.68,33.98,-5.18,-32.48
-17.42,18.92,26.85,0.176,3.7,-3.7,0.4,2.5,0.65128,796.0,18.909,26.85,268.5,1.4671307832298695,,,,Sand,,,Sand 3,3,6.68,33.98,-5.18,-32.48
-17.44,18.94,27.01,0.183,3.9,-3.9,0.4,2.5,0.67249,797.0,18.929,27.01,270.1,1.4751531409077343,,,,Sand,,,Sand 3,3,6.68,33.98,-5.18,-32.48
-17.46,18.96,27.25,0.189,3.9,-3.7,0.4,2.5,0.68718,798.0,18.949,27.25,272.5,1.4791431746391048,,,,Sand,,,Sand 3,3,6.68,33.98,-5.18,-32.48
-17.48,18.98,27.53,0.192,3.9,-3.9,0.4,2.5,0.68941,799.0,18.969,27.53,275.3,1.4770490941536136,,,,Sand,,,Sand 3,3,6.68,33.98,-5.18,-32.48
-17.5,19.0,27.66,0.201,3.9,-3.9,0.4,2.5,0.71213,800.0,18.989,27.66,276.6,1.485756158091782,,,,Sand,,,Sand 3,3,6.68,33.98,-5.18,-32.48
-17.52,19.02,28.19,0.199,3.9,-3.9,0.4,2.5,0.69432,800.0,19.009,28.19,281.9,1.4721124272999357,,,,Sand,,,Sand 3,3,6.68,33.98,-5.18,-32.48
-17.54,19.04,28.96,0.202,3.9,-3.9,0.4,2.5,0.69297,801.0,19.029,28.96,289.6,1.4634156136275867,,,,Sand,,,Sand 3,3,6.68,33.98,-5.18,-32.48
-17.56,19.06,29.35,0.208,3.9,-3.9,0.4,2.5,0.70107,802.0,19.049,29.35,293.5,1.463091533745224,,,,Sand,,,Sand 3,3,6.68,33.98,-5.18,-32.48
-17.58,19.08,29.85,0.211,3.9,-3.9,0.4,2.5,0.6992,803.0,19.069,29.85,298.5,1.4572274901994033,,,,Sand,,,Sand 3,3,6.68,33.98,-5.18,-32.48
-17.6,19.1,30.5,0.219,3.9,-3.9,0.4,2.3,0.71569,803.0,19.089,30.5,305.0,1.4582998741176831,,,,Sand,,,Sand 3,3,6.68,33.98,-5.18,-32.48
-17.62,19.12,31.16,0.229,3.9,-3.9,0.4,2.3,0.74188,804.0,19.109,31.16,311.6,1.4636220273389076,,,,Sand,,,Sand 3,3,6.68,33.98,-5.18,-32.48
-17.64,19.14,31.68,0.231,3.9,-3.9,0.4,2.5,0.74399,805.0,19.129,31.68,316.8,1.4597589222000509,,,,Sand,,,Sand 3,3,6.68,33.98,-5.18,-32.48
-17.66,19.16,31.73,0.236,3.9,-3.9,0.4,2.5,0.75696,806.0,19.148,31.73,317.3,1.4649271409338207,,,,Sand,,,Sand 3,3,6.68,33.98,-5.18,-32.48
-17.68,19.18,31.57,0.239,3.9,-3.9,0.4,2.5,0.76692,807.0,19.168,31.57,315.7,1.4706395004814385,,,,Sand,,,Sand 3,3,6.68,33.98,-5.18,-32.48
-17.7,19.2,31.1,0.247,3.9,-3.9,0.4,2.5,0.79671,807.0,19.188,31.1,311.0,1.4873841295849375,,,,Sand,,,Sand 3,3,6.68,33.98,-5.18,-32.48
-17.72,19.22,30.8,0.251,3.9,-3.9,0.4,2.3,0.81829,808.0,19.208,30.8,308.0,1.4989067747152334,,,,Sand,,,Sand 3,3,6.68,33.98,-5.18,-32.48
-17.74,19.24,30.88,0.252,3.9,-3.9,0.4,2.4,0.83196,809.0,19.228,30.88,308.8,1.503617704211027,,,,Sand,,,Sand 3,3,6.68,33.98,-5.18,-32.48
-17.76,19.26,30.39,0.252,3.9,-3.9,0.4,3.0,0.84232,810.0,19.248,30.39,303.9,1.5122230279408664,,,,Sand,,,Sand 3,3,6.68,33.98,-5.18,-32.48
-17.78,19.28,29.87,0.246,3.9,-3.9,0.4,2.8,0.83108,810.0,19.268,29.87,298.7,1.5127269234213043,,,,Sand,,,Sand 3,3,6.68,33.98,-5.18,-32.48
-17.8,19.3,29.05,0.239,4.1,-4.1,0.4,2.6,0.81466,811.0,19.288,29.05,290.5,1.5142200313105232,,,,Sand,,,Sand 3,3,6.68,33.98,-5.18,-32.48
-17.82,19.32,28.66,0.231,4.1,-4.1,0.4,2.5,0.79576,812.0,19.308,28.66,286.6,1.5105502474456265,,,,Sand,,,Sand 3,3,6.68,33.98,-5.18,-32.48
-17.84,19.34,28.59,0.225,4.1,-4.1,0.4,2.5,0.78411,813.0,19.328,28.59,285.9,1.5065184434314203,,,,Sand,,,Sand 3,3,6.68,33.98,-5.18,-32.48
-17.86,19.36,28.56,0.216,3.9,-3.9,0.4,2.5,0.7608,814.0,19.348,28.56,285.6,1.4971583568198024,,,,Sand,,,Sand 3,3,6.68,33.98,-5.18,-32.48
-17.88,19.38,28.7,0.208,4.1,-4.1,0.4,2.5,0.73756,814.0,19.368,28.7,287.0,1.4858284362294396,,,,Sand,,,Sand 3,3,6.68,33.98,-5.18,-32.48
-17.9,19.4,28.41,0.196,3.9,-3.9,0.2,2.5,0.69969,815.0,19.388,28.41,284.1,1.4721938772726992,,,,Sand,,,Sand 3,3,6.68,33.98,-5.18,-32.48
-17.92,19.42,27.72,0.187,4.1,-4.1,0.4,2.5,0.67427,816.0,19.408,27.72,277.2,1.468062047325799,,,,Sand,,,Sand 3,3,6.68,33.98,-5.18,-32.48
-17.94,19.44,27.44,0.178,3.9,-3.9,0.4,2.5,0.65187,817.0,19.428,27.44,274.4,1.4607259542615931,,,,Sand,,,Sand 3,3,6.68,33.98,-5.18,-32.48
-17.96,19.46,27.53,0.175,4.1,-4.1,0.4,2.5,0.65537,817.0,19.448,27.53,275.3,1.4613704614899492,,,,Sand,,,Sand 3,3,6.68,33.98,-5.18,-32.48
-17.98,19.48,27.15,0.161,4.1,-4.1,0.4,2.6,0.61867,818.0,19.468,27.15,271.5,1.4480408769385755,,,,Sand,,,Sand 3,3,6.68,33.98,-5.18,-32.48
-18.0,19.5,26.36,0.151,4.1,-4.1,0.4,2.5,0.59534,819.0,19.488,26.36,263.6,1.4457085017982347,,,,Sand,,,Sand 3,3,6.68,33.98,-5.18,-32.48
-18.02,19.52,25.14,0.143,4.1,-4.1,0.4,2.5,0.57953,820.0,19.508,25.14,251.4,1.4527755222558232,,,,Sand,,,Sand 3,3,6.68,33.98,-5.18,-32.48
-18.04,19.54,23.87,0.138,4.1,-4.1,0.4,2.5,0.57605,821.0,19.528,23.87,238.7,1.4676813363667025,,,,Sand,,,Sand 3,3,6.68,33.98,-5.18,-32.48
-18.06,19.56,22.98,0.131,4.3,-4.3,0.4,2.5,0.56268,821.0,19.547,22.98,229.8,1.4732657960193865,,,,Sand,,,Sand 3,3,6.68,33.98,-5.18,-32.48
-18.08,19.58,22.44,0.126,4.1,-4.1,0.4,2.5,0.55525,822.0,19.567,22.44,224.4,1.477277243017724,,,,Sand,,,Sand 3,3,6.68,33.98,-5.18,-32.48
-18.1,19.6,21.93,0.121,4.1,-4.1,0.4,2.5,0.54425,823.0,19.587,21.93,219.3,1.4792242645046842,,,,Sand,,,Sand 3,3,6.68,33.98,-5.18,-32.48
-18.12,19.62,21.78,0.11,4.1,-4.1,0.4,2.5,0.50205,824.0,19.607,21.78,217.8,1.4591326049287954,,,,Sand,,,Sand 3,3,6.68,33.98,-5.18,-32.48
-18.14,19.64,21.75,0.109,4.1,-4.1,0.4,2.5,0.50451,825.0,19.627,21.75,217.5,1.4609370806595539,,,,Sand,,,Sand 3,3,6.68,33.98,-5.18,-32.48
-18.16,19.66,21.65,0.108,4.1,-4.1,0.4,2.2,0.50761,825.0,19.647,21.65,216.5,1.4641693444301813,,,,Sand,,,Sand 3,3,6.68,33.98,-5.18,-32.48
-18.18,19.68,21.46,0.103,4.1,-4.1,0.4,2.4,0.4943,826.0,19.667,21.46,214.6,1.459885521468643,,,,Sand,,,Sand 3,3,6.68,33.98,-5.18,-32.48
-18.2,19.7,21.29,0.101,4.1,-4.1,0.4,2.5,0.49784,827.0,19.687,21.29,212.9,1.4645192041562434,,,,Sand,,,Sand 3,3,6.68,33.98,-5.18,-32.48
-18.22,19.72,20.54,0.086,4.1,-4.1,0.4,2.5,0.4371,828.0,19.707,20.54,205.4,1.4422805093658482,,,,Sand,,,Sand 3,3,6.68,33.98,-5.18,-32.48
-18.24,19.74,19.81,0.08,4.1,-4.1,0.4,2.5,0.42438,829.0,19.727,19.81,198.1,1.4473729369311905,,,,Sand,,,Sand 3,3,6.68,33.98,-5.18,-32.48
-18.26,19.76,18.42,0.077,4.3,-4.3,0.4,2.2,0.42993,829.0,19.747,18.42,184.2,1.4763518572810028,,,,Sand,,,Sand 3,3,6.68,33.98,-5.18,-32.48
-18.28,19.78,17.38,0.073,4.1,-4.1,0.4,2.9,0.43218,830.0,19.767,17.38,173.8,1.498312244588589,,,,Sand,,,Sand 3,3,6.68,33.98,-5.18,-32.48
-18.3,19.8,16.85,0.0703,4.3,-4.3,0.4,2.9,0.44217,831.0,19.787,16.85,168.5,1.5150209854180146,,,,Sand,,,Sand 3,3,6.68,33.98,-5.18,-32.48
-18.32,19.82,15.06,0.0677,4.1,-4.1,0.4,2.6,0.45296,832.0,19.807,15.06,150.6,1.5611525126199604,,,,Sand,,,Sand 3,3,6.68,33.98,-5.18,-32.48
-18.34,19.84,13.93,0.065,4.1,-4.1,0.4,2.6,0.46026,832.0,19.827,13.93,139.3,1.5931416607918625,,,,Sand,,,Sand 3,3,6.68,33.98,-5.18,-32.48
-18.36,19.86,13.14,0.0667,4.3,-4.3,0.4,2.4,0.49813,833.0,19.847,13.14,131.4,1.6333438439250425,,,,Sand,,,Sand 3,3,6.68,33.98,-5.18,-32.48
-18.38,19.88,12.6,0.0683,4.3,-4.3,0.4,2.5,0.53663,834.0,19.867,12.6,126.0,1.6666635384951833,,,,Sand,,,Sand 3,3,6.68,33.98,-5.18,-32.48
-18.4,19.9,12.19,0.07,4.3,-4.3,0.4,2.5,0.56657,835.0,19.887,12.19,121.9,1.6919421573273872,,,,Sand,,,Sand 3,3,6.68,33.98,-5.18,-32.48
-18.42,19.92,11.83,0.074,4.3,-4.3,0.4,2.5,0.60587,835.0,19.907,11.83,118.3,1.719423212270975,,,,Sand,,,Sand 3,3,6.68,33.98,-5.18,-32.48
-18.44,19.94,11.52,0.074,4.3,-4.3,0.4,2.5,0.60458,836.0,19.926,11.52,115.2,1.7282695925872857,,,,Sand,,,Sand 3,3,6.68,33.98,-5.18,-32.48
-18.46,19.96,11.55,0.0753,4.3,-4.3,0.4,2.5,0.60512,837.0,19.946,11.55,115.5,1.7275739858534755,,,,Sand,,,Sand 3,3,6.68,33.98,-5.18,-32.48
-18.48,19.98,12.08,0.0767,4.1,-4.1,0.4,2.5,0.59665,838.0,19.966,12.08,120.8,1.708161528153597,,,,Sand,,,Sand 3,3,6.68,33.98,-5.18,-32.48
-18.5,20.0,12.8,0.078,4.1,-4.1,0.4,2.5,0.58111,839.0,19.986,12.8,128.0,1.6810595362671081,,,,Sand,,,Sand 3,3,6.68,33.98,-5.18,-32.48
-18.52,20.02,13.35,0.087,4.3,-4.3,0.2,2.6,0.61386,839.0,20.006,13.35,133.5,1.6804566079340781,,,,Sand,,,Sand 3,3,6.68,33.98,-5.18,-32.48
-18.54,20.04,14.23,0.09,4.3,-4.3,0.4,2.5,0.59771,840.0,20.026,14.23,142.3,1.6513457225348223,,,,Sand,,,Sand 3,3,6.68,33.98,-5.18,-32.48
-18.56,20.06,15.48,0.099,4.3,-4.3,0.4,2.5,0.6204,841.0,20.046,15.48,154.8,1.6323267309997045,,,,Sand,,,Sand 3,3,6.68,33.98,-5.18,-32.48
-18.58,20.08,16.37,0.104,4.3,-4.3,0.2,2.5,0.6163,842.0,20.066,16.37,163.70000000000002,1.6115501672914514,,,,Sand,,,Sand 3,3,6.68,33.98,-5.18,-32.48
-18.6,20.1,17.52,0.105,4.3,-4.3,0.2,2.5,0.59026,842.0,20.086,17.52,175.2,1.5768276785602824,,,,Sand,,,Sand 3,3,6.68,33.98,-5.18,-32.48
-18.62,20.12,18.63,0.111,4.3,-4.3,0.2,2.5,0.59402,843.0,20.106,18.63,186.3,1.5579248233502014,,,,Sand,,,Sand 3,3,6.68,33.98,-5.18,-32.48
-18.64,20.14,19.28,0.124,4.5,-4.5,0.2,2.5,0.63573,844.0,20.126,19.28,192.8,1.5655856356783622,,,,Sand,,,Sand 3,3,6.68,33.98,-5.18,-32.48
-18.66,20.16,20.14,0.132,4.3,-4.3,0.2,2.4,0.65057,845.0,20.146,20.14,201.4,1.5579197303268904,,,,Sand,,,Sand 3,3,6.68,33.98,-5.18,-32.48
-18.68,20.18,20.66,0.139,4.3,-4.3,0.4,2.2,0.66293,846.0,20.166,20.66,206.6,1.5551137893814622,,,,Sand,,,Sand 3,3,6.68,33.98,-5.18,-32.48
-18.7,20.2,21.41,0.14,4.5,-4.5,0.2,2.6,0.64995,846.0,20.186,21.41,214.1,1.5378671483628714,,,,Sand,,,Sand 3,3,6.68,33.98,-5.18,-32.48
-18.72,20.22,22.03,0.145,4.3,-4.3,0.2,2.5,0.65737,847.0,20.206,22.03,220.3,1.5320397096103762,,,,Sand,,,Sand 3,3,6.68,33.98,-5.18,-32.48
-18.74,20.24,22.65,0.148,4.5,-4.5,0.2,2.5,0.65851,848.0,20.226,22.65,226.5,1.5237075540045049,,,,Sand,,,Sand 3,3,6.68,33.98,-5.18,-32.48
-18.76,20.26,22.94,0.153,4.3,-4.3,0.2,2.5,0.67024,849.0,20.246,22.94,229.4,1.5249199666456528,,,,Sand,,,Sand 3,3,6.68,33.98,-5.18,-32.48
-18.78,20.28,23.21,0.157,4.3,-4.3,0.2,2.2,0.68043,850.0,20.266,23.21,232.1,1.5257412608171845,,,,Sand,,,Sand 3,3,6.68,33.98,-5.18,-32.48
-18.8,20.3,23.42,0.161,4.5,-4.5,0.2,2.9,0.69359,850.0,20.285,23.42,234.2,1.5286753127957318,,,,Sand,,,Sand 3,3,6.68,33.98,-5.18,-32.48
-18.82,20.32,23.48,0.165,4.5,-4.5,0.2,2.9,0.70987,851.0,20.305,23.48,234.8,1.5348904696860148,,,,Sand,,,Sand 3,3,6.68,33.98,-5.18,-32.48
-18.84,20.34,23.48,0.168,4.3,-4.3,0.2,2.7,0.72348,852.0,20.325,23.48,234.8,1.5406577547096394,,,,Sand,,,Sand 3,3,6.68,33.98,-5.18,-32.48
-18.86,20.36,23.38,0.172,4.5,-4.5,0.2,2.5,0.74182,853.0,20.345,23.38,233.8,1.5496110228709978,,,,Sand,,,Sand 3,3,6.68,33.98,-5.18,-32.48
-18.88,20.38,23.14,0.172,4.5,-4.5,0.2,2.6,0.74218,853.0,20.365,23.14,231.4,1.5529464927418397,,,,Sand,,,Sand 3,3,6.68,33.98,-5.18,-32.48
-18.9,20.4,22.9,0.172,4.5,-4.5,0.2,2.5,0.74146,854.0,20.385,22.9,229.0,1.5558780506477705,,,,Sand,,,Sand 3,3,6.68,33.98,-5.18,-32.48
-18.92,20.42,22.76,0.169,4.3,-4.3,0.2,2.5,0.72704,855.0,20.405,22.76,227.6,1.5518227836554146,,,,Sand,,,Sand 3,3,6.68,33.98,-5.18,-32.48
-18.94,20.44,22.93,0.169,4.5,-4.5,0.2,2.5,0.72431,856.0,20.425,22.93,229.3,1.5483668967309707,,,,Sand,,,Sand 3,3,6.68,33.98,-5.18,-32.48
-18.96,20.46,23.33,0.166,4.5,-4.5,0.2,2.5,0.70759,856.0,20.445,23.33,233.3,1.5359117097033739,,,,Sand,,,Sand 3,3,6.68,33.98,-5.18,-32.48
-18.98,20.48,23.66,0.168,4.5,-4.5,0.2,2.5,0.70976,857.0,20.465,23.66,236.6,1.5324697641582146,,,,Sand,,,Sand 3,3,6.68,33.98,-5.18,-32.48
-19.0,20.5,23.86,0.17,4.5,-4.5,0.2,2.5,0.70959,858.0,20.485,23.86,238.6,1.5297845943994868,,,,Sand,,,Sand 3,3,6.68,33.98,-5.18,-32.48
-19.02,20.52,24.08,0.172,4.5,-4.5,0.2,2.5,0.70895,859.0,20.505,24.08,240.8,1.5266661028277588,,,,Sand,,,Sand 3,3,6.68,33.98,-5.18,-32.48
-19.04,20.54,24.16,0.174,4.7,-4.7,0.2,2.5,0.70818,860.0,20.525,24.16,241.6,1.52530840533654,,,,Sand,,,Sand 3,3,6.68,33.98,-5.18,-32.48
-19.06,20.56,24.58,0.179,4.5,-4.5,0.2,2.6,0.71916,860.0,20.545,24.58,245.8,1.5246956055227825,,,,Sand,,,Sand 3,3,6.68,33.98,-5.18,-32.48
-19.08,20.58,25.06,0.183,4.5,-4.5,0.2,2.5,0.72569,861.0,20.565,25.06,250.6,1.5215467718914446,,,,Sand,,,Sand 3,3,6.68,33.98,-5.18,-32.48
-19.1,20.6,25.36,0.19,4.5,-4.5,0.0,2.5,0.74379,862.0,20.585,25.36,253.6,1.525549624561488,,,,Sand,,,Sand 3,3,6.68,33.98,-5.18,-32.48
-19.12,20.62,25.8,0.199,4.5,-4.5,0.2,2.5,0.76838,863.0,20.604,25.8,258.0,1.5305120887972432,,,,Sand,,,Sand 3,3,6.68,33.98,-5.18,-32.48
-19.14,20.64,26.22,0.206,4.7,-4.7,0.2,2.5,0.78461,863.0,20.624,26.22,262.2,1.5322618597619382,,,,Sand,,,Sand 3,3,6.68,33.98,-5.18,-32.48
-19.16,20.66,26.48,0.209,4.5,-4.5,0.2,2.5,0.78668,864.0,20.644,26.48,264.8,1.5301588725673025,,,,Sand,,,Sand 3,3,6.68,33.98,-5.18,-32.48
-19.18,20.68,26.7,0.21,4.7,-4.7,0.2,2.5,0.7815,865.0,20.664,26.7,267.0,1.5256079664924223,,,,Sand,,,Sand 3,3,6.68,33.98,-5.18,-32.48
-19.2,20.7,26.99,0.213,4.7,-4.7,0.2,2.5,0.78446,866.0,20.684,26.99,269.9,1.5236034665518967,,,,Sand,,,Sand 3,3,6.68,33.98,-5.18,-32.48
-19.22,20.72,27.43,0.218,4.7,-4.7,0.2,2.2,0.7949,867.0,20.704,27.43,274.3,1.52304237465385,,,,Sand,,,Sand 3,3,6.68,33.98,-5.18,-32.48
-19.24,20.74,27.56,0.222,4.5,-4.5,0.2,2.4,0.80162,868.0,20.724,27.56,275.6,1.5243458225655455,,,,Sand,,,Sand 3,3,6.68,33.98,-5.18,-32.48
-19.26,20.76,27.79,0.223,4.5,-4.5,0.2,2.5,0.7981,868.0,20.744,27.79,277.9,1.520499037544379,,,,Sand,,,Sand 3,3,6.68,33.98,-5.18,-32.48
-19.28,20.78,28.05,0.226,4.7,-4.7,0.0,2.5,0.80273,869.0,20.764,28.05,280.5,1.5196308018489708,,,,Sand,,,Sand 3,3,6.68,33.98,-5.18,-32.48
-19.3,20.8,28.4,0.229,4.7,-4.7,0.2,2.5,0.80962,870.0,20.784,28.4,284.0,1.518769280404665,,,,Sand,,,Sand 3,3,6.68,33.98,-5.18,-32.48
-19.32,20.82,28.63,0.231,4.7,-4.7,0.2,2.5,0.8132,871.0,20.804,28.63,286.3,1.5178527846608962,,,,Sand,,,Sand 3,3,6.68,33.98,-5.18,-32.48
-19.34,20.84,28.68,0.232,4.7,-4.7,0.0,2.1,0.81329,872.0,20.824,28.68,286.8,1.5173828524711501,,,,Sand,,,Sand 3,3,6.68,33.98,-5.18,-32.48
-19.36,20.86,28.69,0.234,4.7,-4.7,0.2,3.1,0.81718,872.0,20.844,28.69,286.9,1.518826152769233,,,,Sand,,,Sand 3,3,6.68,33.98,-5.18,-32.48
-19.38,20.88,28.48,0.238,4.7,-4.7,0.2,2.9,0.8292,873.0,20.864,28.48,284.8,1.525681496456956,,,,Sand,,,Sand 3,3,6.68,33.98,-5.18,-32.48
-19.4,20.9,28.53,0.24,4.7,-4.7,0.0,2.5,0.83576,874.0,20.884,28.53,285.3,1.5277312701699397,,,,Sand,,,Sand 3,3,6.68,33.98,-5.18,-32.48
-19.42,20.92,28.75,0.239,4.7,-4.7,0.2,2.5,0.8329,874.0,20.903,28.75,287.5,1.5244033185027774,,,,Sand,,,Sand 3,3,6.68,33.98,-5.18,-32.48
-19.44,20.94,28.92,0.237,4.7,-4.7,0.0,2.5,0.82744,875.0,20.923,28.92,289.2,1.5205674147760777,,,,Sand,,,Sand 3,3,6.68,33.98,-5.18,-32.48
-19.46,20.96,28.94,0.236,4.7,-4.7,0.0,2.5,0.82481,876.0,20.943,28.94,289.4,1.5193338829048906,,,,Sand,,,Sand 3,3,6.68,33.98,-5.18,-32.48
-19.48,20.98,28.74,0.235,4.7,-4.7,0.2,2.5,0.82243,877.0,20.963,28.74,287.4,1.5203975267228604,,,,Sand,,,Sand 3,3,6.68,33.98,-5.18,-32.48
-19.5,21.0,28.51,0.236,4.9,-4.9,0.0,2.5,0.82883,878.0,20.983,28.51,285.1,1.5252325257391137,,,,Sand,,,Sand 3,3,6.68,33.98,-5.18,-32.48
-19.52,21.02,28.27,0.234,4.7,-4.7,0.2,2.5,0.82693,878.0,21.003,28.27,282.7,1.5269355784907532,,,,Sand,,,Sand 3,3,6.68,33.98,-5.18,-32.48
-19.54,21.04,28.24,0.236,4.9,-4.9,0.2,2.5,0.84079,879.0,21.023,28.24,282.4,1.5326272652824322,,,,Sand,,,Sand 3,3,6.68,33.98,-5.18,-32.48
-19.56,21.06,28.22,0.234,4.9,-4.9,0.0,2.5,0.84207,880.0,21.043,28.22,282.2,1.5333253077503326,,,,Sand,,,Sand 3,3,6.68,33.98,-5.18,-32.48
-19.58,21.08,27.95,0.232,4.9,-4.9,0.2,2.5,0.84433,881.0,21.063,27.95,279.5,1.5369725001295031,,,,Sand,,,Sand 3,3,6.68,33.98,-5.18,-32.48
-19.6,21.1,27.51,0.229,4.7,-4.7,0.0,2.6,0.8428,881.0,21.083,27.51,275.1,1.5409848587569794,,,,Sand,,,Sand 3,3,6.68,33.98,-5.18,-32.48
-19.62,21.12,27.11,0.225,4.9,-4.9,0.2,2.5,0.83733,882.0,21.103,27.11,271.1,1.5431503987744157,,,,Sand,,,Sand 3,3,6.68,33.98,-5.18,-32.48
-19.64,21.14,26.5,0.224,4.9,-4.9,0.2,2.5,0.84234,883.0,21.123,26.5,265.0,1.5517202196064714,,,,Sand,,,Sand 3,3,6.68,33.98,-5.18,-32.48
-19.66,21.16,26.02,0.224,4.9,-4.9,0.2,2.5,0.84929,884.0,21.143,26.02,260.2,1.5597135708491607,,,,Sand,,,Sand 3,3,6.68,33.98,-5.18,-32.48
-19.68,21.18,25.82,0.221,4.9,-4.9,0.2,2.5,0.84303,885.0,21.163,25.82,258.2,1.5596194571421267,,,,Sand,,,Sand 3,3,6.68,33.98,-5.18,-32.48
-19.7,21.2,25.84,0.217,4.9,-4.9,0.2,2.5,0.82943,885.0,21.182,25.84,258.4,1.554208618850211,,,,Sand,,,Sand 3,3,6.68,33.98,-5.18,-32.48
-19.72,21.22,25.99,0.214,4.9,-4.9,0.0,2.5,0.81602,886.0,21.202,25.99,259.9,1.5473139615180411,,,,Sand,,,Sand 3,3,6.68,33.98,-5.18,-32.48
-19.74,21.24,26.21,0.214,4.9,-4.9,0.0,2.5,0.81018,887.0,21.222,26.21,262.1,1.5425361742605639,,,,Sand,,,Sand 3,3,6.68,33.98,-5.18,-32.48
-19.76,21.26,26.23,0.212,4.9,-4.9,0.2,2.3,0.7949,888.0,21.242,26.23,262.3,1.5362698736757403,,,,Sand,,,Sand 3,3,6.68,33.98,-5.18,-32.48
-19.78,21.28,26.69,0.214,4.9,-4.9,0.2,2.4,0.79406,889.0,21.262,26.69,266.9,1.5307775006280115,,,,Sand,,,Sand 3,3,6.68,33.98,-5.18,-32.48
-19.8,21.3,27.0,0.215,5.1,-5.1,0.0,2.5,0.78932,889.0,21.282,27.0,270.0,1.5254572219439415,,,,Sand,,,Sand 3,3,6.68,33.98,-5.18,-32.48
-19.82,21.32,27.53,0.224,5.1,-5.1,0.2,2.5,0.81366,890.0,21.302,27.53,275.3,1.5294445208162868,,,,Sand,,,Sand 3,3,6.68,33.98,-5.18,-32.48
-19.84,21.34,27.87,0.227,5.1,-5.1,0.0,2.5,0.81472,891.0,21.322,27.87,278.7,1.5262778853093764,,,,Sand,,,Sand 3,3,6.68,33.98,-5.18,-32.48
-19.86,21.36,28.08,0.227,5.1,-5.1,0.0,2.5,0.80493,892.0,21.342,28.08,280.8,1.5201986085488663,,,,Sand,,,Sand 3,3,6.68,33.98,-5.18,-32.48
-19.88,21.38,28.3,0.233,5.1,-5.1,0.2,2.2,0.81508,893.0,21.362,28.3,283.0,1.5219634813541978,,,,Sand,,,Sand 3,3,6.68,33.98,-5.18,-32.48
-19.9,21.4,28.54,0.243,5.1,-5.1,0.0,2.8,0.83746,893.0,21.382,28.54,285.4,1.5282900644697346,,,,Sand,,,Sand 3,3,6.68,33.98,-5.18,-32.48
-19.92,21.42,28.89,0.247,5.1,-5.1,0.0,3.0,0.83654,894.0,21.402,28.89,288.9,1.524423304544855,,,,Sand,,,Sand 3,3,6.68,33.98,-5.18,-32.48
-19.94,21.44,29.4,0.252,5.1,-5.1,0.2,2.7,0.83679,895.0,21.422,29.4,294.0,1.519500080420823,,,,Sand,,,Sand 3,3,6.68,33.98,-5.18,-32.48
-19.96,21.46,30.08,0.254,5.1,-5.1,0.0,2.6,0.82341,896.0,21.441,30.08,300.8,1.5076925646014148,,,,Sand,,,Sand 3,3,6.68,33.98,-5.18,-32.48
-19.98,21.48,30.97,0.257,5.1,-5.1,0.2,2.5,0.81085,896.0,21.461,30.97,309.7,1.4943436095578542,,,,Sand,,,Sand 3,3,6.68,33.98,-5.18,-32.48
-20.0,21.5,31.95,0.262,5.1,-5.1,0.2,2.5,0.8039,897.0,21.481,31.95,319.5,1.4826753254431897,,,,Sand,,,Sand 3,3,6.68,33.98,-5.18,-32.48
-20.02,21.52,32.79,0.269,5.1,-5.1,0.2,2.5,0.80316,898.0,21.501,32.79,327.9,1.4750556406119366,,,,Sand,,,Sand 3,3,6.68,33.98,-5.18,-32.48
-20.04,21.54,34.16,0.282,5.1,-5.1,0.2,2.5,0.82138,899.0,21.521,34.16,341.6,1.4711183378046,,,,Sand,,,Sand 3,3,6.68,33.98,-5.18,-32.48
-20.06,21.56,35.32,0.295,5.1,-5.1,0.2,2.5,0.84147,899.0,21.541,35.32,353.2,1.4700882013086387,,,,Sand,,,Sand 3,3,6.68,33.98,-5.18,-32.48
-20.08,21.58,36.06,0.306,5.1,-5.1,0.0,2.5,0.85774,900.0,21.561,36.06,360.6,1.4709695163900955,,,,Sand,,,Sand 3,3,6.68,33.98,-5.18,-32.48
-20.1,21.6,36.61,0.318,5.1,-5.1,0.2,2.5,0.87854,901.0,21.581,36.61,366.1,1.475094021706735,,,,Sand,,,Sand 3,3,6.68,33.98,-5.18,-32.48
-20.12,21.62,36.8,0.329,5.1,-5.1,0.0,2.5,0.90044,902.0,21.601,36.8,368.0,1.4821724581245308,,,,Sand,,,Sand 3,3,6.68,33.98,-5.18,-32.48
-20.14,21.64,36.77,0.338,5.1,-5.1,0.0,2.6,0.91979,903.0,21.621,36.77,367.7,1.489714963768451,,,,Sand,,,Sand 3,3,6.68,33.98,-5.18,-32.48
-20.16,21.66,36.89,0.346,5.1,-5.1,0.2,2.5,0.93952,903.0,21.641,36.89,368.9,1.4961947641848845,,,,Sand,,,Sand 3,3,6.68,33.98,-5.18,-32.48
-20.18,21.68,36.96,0.354,5.3,-5.3,0.2,2.5,0.96258,904.0,21.661,36.96,369.6,1.5041103099694888,,,,Sand,,,Sand 3,3,6.68,33.98,-5.18,-32.48
-20.2,21.7,36.89,0.356,5.1,-5.1,0.2,2.5,0.97152,905.0,21.681,36.89,368.9,1.5078175270303569,,,,Sand,,,Sand 3,3,6.68,33.98,-5.18,-32.48
-20.22,21.72,37.0,0.354,5.3,-5.3,0.2,2.5,0.9697,906.0,21.7,37.0,370.0,1.5063910298991414,,,,Sand,,,Sand 3,3,6.68,33.98,-5.18,-32.48
-20.24,21.74,36.7,0.349,5.3,-5.3,0.2,2.5,0.96041,906.0,21.72,36.7,367.0,1.5051682917761702,,,,Sand,,,Sand 3,3,6.68,33.98,-5.18,-32.48
-20.26,21.76,36.2,0.344,5.3,-5.3,0.2,2.5,0.95172,907.0,21.74,36.2,362.0,1.5056149448438552,,,,Sand,,,Sand 3,3,6.68,33.98,-5.18,-32.48
-20.28,21.78,35.74,0.343,5.2333,-4.9,0.0,2.2,0.955,908.0,21.76,35.74,357.4,1.5101700812671408,,,,Sand,,,Sand 3,3,6.68,33.98,-5.18,-32.48
-20.3,21.8,35.67,0.347,5.1667,-4.9,0.0,2.3,0.97506,909.0,21.78,35.67,356.7,1.5178683625077445,,,,Sand,,,Sand 3,3,6.68,33.98,-5.18,-32.48
-20.32,21.82,35.55,0.341,5.1,-5.1,0.2,2.7,0.96796,910.0,21.8,35.55,355.5,1.5162281909399378,,,,Sand,,,Sand 3,3,6.68,33.98,-5.18,-32.48
-20.34,21.84,35.41,0.336,5.3,-5.3,0.2,2.4,0.96223,911.0,21.82,35.41,354.1,1.5152191766124614,,,,Sand,,,Sand 3,3,6.68,33.98,-5.18,-32.48
-20.36,21.86,35.06,0.33,5.1,-5.1,0.2,2.6,0.95438,911.0,21.84,35.06,350.6,1.5150261606673716,,,,Sand,,,Sand 3,3,6.68,33.98,-5.18,-32.48
-20.38,21.88,34.37,0.327,5.5,-5.5,0.2,2.5,0.95656,912.0,21.86,34.37,343.7,1.5210951621837903,,,,Sand,,,Sand 3,3,6.68,33.98,-5.18,-32.48
-20.4,21.9,33.83,0.32,5.4333,-5.1,0.2,2.4,0.94759,913.0,21.88,33.83,338.3,1.5221081689622258,,,,Sand,,,Sand 3,3,6.68,33.98,-5.18,-32.48
-20.42,21.92,33.72,0.311,5.3667,-5.3,0.2,2.2,0.93334,914.0,21.9,33.72,337.2,1.517817759587211,,,,Sand,,,Sand 3,3,6.68,33.98,-5.18,-32.48
-20.44,21.94,33.01,0.305,5.3,-5.3,0.0,3.0,0.92751,914.0,21.92,33.01,330.1,1.5214469421910588,,,,Sand,,,Sand 3,3,6.68,33.98,-5.18,-32.48
-20.46,21.96,32.53,0.295,5.1,-5.1,0.2,2.8,0.90675,915.0,21.939,32.53,325.3,1.5177933915435051,,,,Sand,,,Sand 3,3,6.68,33.98,-5.18,-32.48
-20.48,21.98,32.23,0.286,5.3,-5.3,0.0,2.6,0.88569,916.0,21.959,32.23,322.29999999999995,1.5124450083887577,,,,Sand,,,Sand 3,3,6.68,33.98,-5.18,-32.48
-20.5,22.0,31.82,0.269,5.1,-5.1,0.2,2.5,0.83771,917.0,21.979,31.82,318.2,1.4974418710985096,,,,Sand,,,Sand 3,3,6.68,33.98,-5.18,-32.48
-20.52,22.02,31.56,0.259,5.1,-5.1,0.2,2.5,0.80761,917.0,21.999,31.56,315.6,1.4876688544254886,,,,Sand,,,Sand 3,3,6.68,33.98,-5.18,-32.48
-20.54,22.04,31.57,0.254,5.3,-5.3,0.0,2.5,0.79082,918.0,22.019,31.57,315.7,1.4806773638335338,,,,Sand,,,Sand 3,3,6.68,33.98,-5.18,-32.48
-20.56,22.06,31.89,0.246,5.1,-5.1,0.2,2.5,0.76368,919.0,22.039,31.89,318.9,1.466368706014079,,,,Sand,,,Sand 3,3,6.68,33.98,-5.18,-32.48
-20.58,22.08,32.28,0.249,5.3,-5.3,0.0,2.5,0.76953,920.0,22.059,32.28,322.8,1.465395423345612,,,,Sand,,,Sand 3,3,6.68,33.98,-5.18,-32.48
-20.6,22.1,32.68,0.248,5.3,-5.3,0.0,2.5,0.76223,921.0,22.079,32.68,326.8,1.458763325149869,,,,Sand,,,Sand 3,3,6.68,33.98,-5.18,-32.48
-20.62,22.12,32.92,0.256,5.3,-5.3,0.2,2.5,0.78219,921.0,22.099,32.92,329.2,1.46519519822519,,,,Sand,,,Sand 3,3,6.68,33.98,-5.18,-32.48
-20.64,22.14,32.98,0.258,5.3,-5.3,0.0,2.5,0.78488,922.0,22.119,32.98,329.8,1.4658148373080693,,,,Sand,,,Sand 3,3,6.68,33.98,-5.18,-32.48
-20.66,22.16,32.98,0.253,5.3,-5.3,0.0,2.5,0.76786,923.0,22.139,32.98,329.8,1.4585867203354708,,,,Sand,,,Sand 3,3,6.68,33.98,-5.18,-32.48
-20.68,22.18,32.99,0.249,5.3,-5.3,0.2,2.5,0.75492,924.0,22.159,32.99,329.9,1.4529152322721104,,,,Sand,,,Sand 3,3,6.68,33.98,-5.18,-32.48
-20.7,22.2,33.11,0.253,5.3,-5.3,0.0,2.5,0.76652,924.0,22.178,33.11,331.1,1.4568972854142672,,,,Sand,,,Sand 3,3,6.68,33.98,-5.18,-32.48
-20.72,22.22,33.03,0.256,5.3,-5.3,0.2,2.5,0.77502,925.0,22.198,33.03,330.3,1.461215259092361,,,,Sand,,,Sand 3,3,6.68,33.98,-5.18,-32.48
-20.74,22.24,32.9,0.26,5.3,-5.3,0.2,2.5,0.7863,926.0,22.218,32.9,329.0,1.467096744488032,,,,Sand,,,Sand 3,3,6.68,33.98,-5.18,-32.48
-20.76,22.26,32.96,0.259,5.3,-5.3,0.2,2.5,0.78248,927.0,22.238,32.96,329.6,1.464974755733025,,,,Sand,,,Sand 3,3,6.68,33.98,-5.18,-32.48
-20.78,22.28,33.1,0.259,5.3,-5.3,0.2,2.5,0.7823,928.0,22.258,33.1,331.0,1.463703185046545,,,,Sand,,,Sand 3,3,6.68,33.98,-5.18,-32.48
-20.8,22.3,33.18,0.259,5.3,-5.3,0.2,2.5,0.78254,928.0,22.278,33.18,331.8,1.4631242157929212,,,,Sand,,,Sand 3,3,6.68,33.98,-5.18,-32.48
-20.82,22.32,33.26,0.262,5.3,-5.3,0.2,2.4,0.79223,929.0,22.298,33.26,332.6,1.4665195620229543,,,,Sand,,,Sand 3,3,6.68,33.98,-5.18,-32.48
-20.84,22.34,33.26,0.262,5.3,-5.3,0.2,2.2,0.7931,930.0,22.318,33.26,332.6,1.4668832568149563,,,,Sand,,,Sand 3,3,6.68,33.98,-5.18,-32.48
-20.86,22.36,33.17,0.264,5.3,-5.3,0.2,2.5,0.80021,931.0,22.338,33.17,331.7,1.470602369030731,,,,Sand,,,Sand 3,3,6.68,33.98,-5.18,-32.48
-20.88,22.38,32.95,0.267,5.3,-5.3,0.2,2.5,0.81004,932.0,22.358,32.95,329.5,1.476518250745853,,,,Sand,,,Sand 3,3,6.68,33.98,-5.18,-32.48
-20.9,22.4,32.69,0.269,5.3,-5.3,0.2,2.5,0.81723,932.0,22.378,32.69,326.9,1.4816701589286463,,,,Sand,,,Sand 3,3,6.68,33.98,-5.18,-32.48
-20.92,22.42,32.67,0.266,5.5,-5.5,0.2,2.5,0.80934,933.0,22.397,32.67,326.7,1.478624510038551,,,,Sand,,,Sand 3,3,6.68,33.98,-5.18,-32.48
-20.94,22.44,32.75,0.265,5.5,-5.5,0.2,2.4,0.80664,934.0,22.417,32.75,327.5,1.476830634116507,,,,Sand,,,Sand 3,3,6.68,33.98,-5.18,-32.48
-20.96,22.46,32.94,0.267,5.3,-5.3,0.2,2.1,0.81155,935.0,22.437,32.94,329.4,1.4772214993661084,,,,Sand,,,Sand 3,3,6.68,33.98,-5.18,-32.48
-20.98,22.48,32.9,0.268,5.3,-5.3,0.2,3.1,0.81148,936.0,22.457,32.9,329.0,1.477533097032631,,,,Sand,,,Sand 3,3,6.68,33.98,-5.18,-32.48
-21.0,22.5,32.86,0.267,5.5,-5.5,0.2,2.9,0.80491,936.0,22.477,32.86,328.6,1.4751778801538677,,,,Sand,,,Sand 3,3,6.68,33.98,-5.18,-32.48
-21.02,22.52,33.06,0.267,5.5,-5.5,0.2,2.6,0.80192,937.0,22.497,33.06,330.6,1.4722417188611685,,,,Sand,,,Sand 3,3,6.68,33.98,-5.18,-32.48
-21.04,22.54,33.33,0.264,5.5,-5.5,0.2,2.5,0.79116,938.0,22.517,33.33,333.3,1.465481503274594,,,,Sand,,,Sand 3,3,6.68,33.98,-5.18,-32.48
-21.06,22.56,33.7,0.265,5.5,-5.5,0.2,2.5,0.79264,939.0,22.537,33.7,337.0,1.4630080190226307,,,,Sand,,,Sand 3,3,6.68,33.98,-5.18,-32.48
-21.08,22.58,33.83,0.265,5.5,-5.5,0.2,2.5,0.79119,939.0,22.557,33.83,338.3,1.4613229128144245,,,,Sand,,,Sand 3,3,6.68,33.98,-5.18,-32.48
-21.1,22.6,33.74,0.269,5.5,-5.5,0.2,2.5,0.80272,940.0,22.577,33.74,337.4,1.466879365159301,,,,Sand,,,Sand 3,3,6.68,33.98,-5.18,-32.48
-21.12,22.62,33.53,0.273,5.5,-5.5,0.2,2.5,0.81596,941.0,22.597,33.53,335.3,1.4740692662494246,,,,Sand,,,Sand 3,3,6.68,33.98,-5.18,-32.48
-21.14,22.64,33.41,0.273,5.5,-5.5,0.2,2.5,0.8192,942.0,22.616,33.41,334.1,1.476388325501295,,,,Sand,,,Sand 3,3,6.68,33.98,-5.18,-32.48
-21.16,22.66,33.35,0.277,5.5,-5.5,0.2,2.5,0.83468,942.0,22.636,33.35,333.5,1.483137019554055,,,,Sand,,,Sand 3,3,6.68,33.98,-5.18,-32.48
-21.18,22.68,33.2,0.277,5.5,-5.5,0.2,2.5,0.83623,943.0,22.656,33.2,332.0,1.4850074213482747,,,,Sand,,,Sand 3,3,6.68,33.98,-5.18,-32.48
-21.2,22.7,32.9,0.272,5.5,-5.5,0.2,2.5,0.82002,944.0,22.676,32.9,329.0,1.4810109819025368,,,,Sand,,,Sand 3,3,6.68,33.98,-5.18,-32.48
-21.22,22.72,32.64,0.269,5.5,-5.5,0.2,2.6,0.80772,945.0,22.696,32.64,326.4,1.4782187825929294,,,,Sand,,,Sand 3,3,6.68,33.98,-5.18,-32.48
-21.24,22.74,32.72,0.265,5.5,-5.5,0.2,2.5,0.79196,946.0,22.716,32.72,327.2,1.4710127790720335,,,,Sand,,,Sand 3,3,6.68,33.98,-5.18,-32.48
-21.26,22.76,33.25,0.266,5.5,-5.5,0.2,2.5,0.79102,946.0,22.736,33.25,332.5,1.4660976368964487,,,,Sand,,,Sand 3,3,6.68,33.98,-5.18,-32.48
-21.28,22.78,33.89,0.265,5.5,-5.5,0.2,2.5,0.78382,947.0,22.756,33.89,338.9,1.4577185975844171,,,,Sand,,,Sand 3,3,6.68,33.98,-5.18,-32.48
-21.3,22.8,34.48,0.267,5.5,-5.5,0.2,2.5,0.78527,948.0,22.776,34.48,344.8,1.4535123680925595,,,,Sand,,,Sand 3,3,6.68,33.98,-5.18,-32.48
-21.32,22.82,34.61,0.276,5.7,-5.7,0.2,2.6,0.80767,949.0,22.796,34.61,346.1,1.4618625259721145,,,,Sand,,,Sand 3,3,6.68,33.98,-5.18,-32.48
-21.34,22.84,34.53,0.279,5.7,-5.7,0.2,2.5,0.81439,949.0,22.816,34.53,345.3,1.4652779963090403,,,,Sand,,,Sand 3,3,6.68,33.98,-5.18,-32.48
-21.36,22.86,34.35,0.284,5.7,-5.7,0.2,2.5,0.8276,950.0,22.835,34.35,343.5,1.4721169456548855,,,,Sand,,,Sand 3,3,6.68,33.98,-5.18,-32.48
-21.38,22.88,34.18,0.292,5.7,-5.7,0.2,2.1,0.84952,951.0,22.855,34.18,341.8,1.482269455770107,,,,Sand,,,Sand 3,3,6.68,33.98,-5.18,-32.48
-21.4,22.9,34.09,0.293,5.7,-5.7,0.2,2.4,0.84888,952.0,22.875,34.09,340.9,1.482739344374436,,,,Sand,,,Sand 3,3,6.68,33.98,-5.18,-32.48
-21.42,22.92,33.94,0.295,5.7,-5.7,0.2,2.5,0.84807,953.0,22.895,33.94,339.4,1.4836298804463228,,,,Sand,,,Sand 3,3,6.68,33.98,-5.18,-32.48
-21.44,22.94,34.35,0.295,5.7,-5.7,0.2,2.5,0.83917,954.0,22.915,34.35,343.5,1.4767821639127268,,,,Sand,,,Sand 3,3,6.68,33.98,-5.18,-32.48
-21.46,22.96,34.93,0.296,5.7,-5.7,0.2,2.5,0.82951,954.0,22.935,34.93,349.3,1.4682900113354183,,,,Sand,,,Sand 3,3,6.68,33.98,-5.18,-32.48
-21.48,22.98,35.76,0.299,5.7,-5.7,0.2,2.5,0.82276,955.0,22.955,35.76,357.6,1.459111131424624,,,,Sand,,,Sand 3,3,6.68,33.98,-5.18,-32.48
-21.5,23.0,36.68,0.301,5.7,-5.7,0.2,2.0,0.80966,956.0,22.975,36.68,366.8,1.4467636955915515,,,,Sand,,,Sand 3,3,6.68,33.98,-5.18,-32.48
-21.52,23.02,37.3,0.307,5.7,-5.7,0.2,2.9,0.80673,957.0,22.995,37.3,373.0,1.4409869799040649,,,,Sand,,,Sand 3,3,6.68,33.98,-5.18,-32.48
-21.54,23.04,38.42,0.318,5.9,-5.9,0.4,2.9,0.81761,957.0,23.015,38.42,384.2,1.4375915799193097,,,,Sand,,,Sand 3,3,6.68,33.98,-5.18,-32.48
-21.56,23.06,39.35,0.329,5.7,-5.7,0.2,2.6,0.82874,958.0,23.034,39.35,393.5,1.4358683581538259,,,,Sand,,,Sand 3,3,6.68,33.98,-5.18,-32.48
-21.58,23.08,40.62,0.338,5.9,-5.9,0.2,2.5,0.83413,959.0,23.054,40.62,406.2,1.429749411237146,,,,Sand,,,Sand 3,3,6.68,33.98,-5.18,-32.48
-21.6,23.1,41.38,0.35,5.9,-5.5,0.2,2.4,0.84718,960.0,23.074,41.38,413.8,1.4303197787234623,,,,Sand,,,Sand 3,3,6.68,33.98,-5.18,-32.48
-21.62,23.12,41.64,0.369,5.9,-5.7,0.2,2.6,0.87993,960.0,23.094,41.64,416.4,1.4419679084186676,,,,Sand,,,Sand 3,3,6.68,33.98,-5.18,-32.48
-21.64,23.14,42.2,0.386,5.9,-5.9,0.2,2.5,0.91239,961.0,23.114,42.2,422.0,1.4513177141538554,,,,Sand,,,Sand 3,3,6.68,33.98,-5.18,-32.48
-21.66,23.16,43.26,0.401,5.7,-5.7,0.4,2.5,0.94408,962.0,23.134,43.26,432.6,1.457208882092946,,,,Sand,,,Sand 3,3,6.68,33.98,-5.18,-32.48
-21.68,23.18,43.64,0.412,5.9,-5.9,0.2,2.5,0.96847,963.0,23.154,43.64,436.4,1.4641499911586109,,,,Sand,,,Sand 3,3,6.68,33.98,-5.18,-32.48
-21.7,23.2,43.39,0.417,5.7,-5.7,0.2,2.5,0.98077,964.0,23.174,43.39,433.9,1.4700799330689012,,,,Sand,,,Sand 3,3,6.68,33.98,-5.18,-32.48
-21.72,23.22,42.32,0.419,5.7,-5.7,0.2,2.5,0.98914,964.0,23.194,42.32,423.2,1.4792791014656177,,,,Sand,,,Sand 3,3,6.68,33.98,-5.18,-32.48
-21.74,23.24,41.97,0.423,5.5,-5.5,0.2,2.5,1.007,965.0,23.214,41.97,419.7,1.4877208998072038,,,,Sand,,,Sand 3,3,6.68,33.98,-5.18,-32.48
-21.76,23.26,41.91,0.422,5.7,-5.7,0.2,2.6,1.0152,966.0,23.233,41.91,419.1,1.49097089102613,,,,Sand,,,Sand 3,3,6.68,33.98,-5.18,-32.48
-21.78,23.28,41.45,0.424,5.7,-5.7,0.2,2.4,1.0304,967.0,23.253,41.45,414.5,1.499005618666542,,,,Sand,,,Sand 3,3,6.68,33.98,-5.18,-32.48
-21.8,23.3,40.94,0.414,5.7,-5.7,0.2,2.6,1.0137,967.0,23.273,40.94,409.4,1.4962500801311642,,,,Sand,,,Sand 3,3,6.68,33.98,-5.18,-32.48
-21.82,23.32,40.42,0.404,5.7,-5.7,0.2,2.5,0.99612,968.0,23.293,40.42,404.2,1.4932344872762624,,,,Sand,,,Sand 3,3,6.68,33.98,-5.18,-32.48
-21.84,23.34,40.15,0.392,5.9,-5.9,0.2,2.5,0.9731,969.0,23.313,40.15,401.5,1.4866557118045545,,,,Sand,,,Sand 3,3,6.68,33.98,-5.18,-32.48
-21.86,23.36,40.04,0.385,5.9667,-5.5,0.2,2.5,0.96103,970.0,23.333,40.04,400.4,1.4829506733575175,,,,Sand,,,Sand 3,3,6.68,33.98,-5.18,-32.48
-21.88,23.38,39.85,0.377,6.0333,-5.7,0.2,2.3,0.94418,971.0,23.353,39.85,398.5,1.4779414278061966,,,,Sand,,,Sand 3,3,6.68,33.98,-5.18,-32.48
-21.9,23.4,39.7,0.37,6.1,-6.1,0.4,2.2,0.92799,972.0,23.373,39.7,397.0,1.4728425108218952,,,,Sand,,,Sand 3,3,6.68,33.98,-5.18,-32.48
-21.92,23.42,39.72,0.362,6.3,-6.2,0.4,2.4,0.90798,972.0,23.393,39.72,397.2,1.4650899738934553,,,,Sand,,,Sand 3,3,6.68,33.98,-5.18,-32.48
-21.94,23.44,39.67,0.352,5.5,-5.5,0.2,2.7,0.88276,973.0,23.412,39.67,396.7,1.455598574892402,,,,Sand,,,Sand 3,3,6.68,33.98,-5.18,-32.48
-21.96,23.46,39.88,0.34,5.7,-5.7,0.2,2.4,0.85176,974.0,23.432,39.88,398.8,1.4418101001713401,,,,Sand,,,Sand 3,3,6.68,33.98,-5.18,-32.48
-21.98,23.48,39.96,0.333,5.5,-5.5,0.2,2.5,0.83255,975.0,23.452,39.96,399.6,1.4333910901995783,,,,Sand,,,Sand 3,3,6.68,33.98,-5.18,-32.48
-22.0,23.5,40.13,0.32,5.9,-5.9,0.2,2.5,0.79803,975.0,23.472,40.13,401.3,1.417675147020087,,,,Sand,,,Sand 3,3,6.68,33.98,-5.18,-32.48
-22.02,23.52,40.09,0.315,6.3,-6.2,0.4,2.0,0.78278,976.0,23.492,40.09,400.9,1.411318499762531,,,,Sand,,,Sand 3,3,6.68,33.98,-5.18,-32.48
-22.04,23.54,40.19,0.311,6.1,-6.1,0.2,2.8,0.77011,977.0,23.512,40.19,401.9,1.4050660639570223,,,,Sand,,,Sand 3,3,6.68,33.98,-5.18,-32.48
-22.06,23.56,40.34,0.321,5.9,-5.9,0.2,3.0,0.79205,978.0,23.532,40.34,403.4,1.4137042906305493,,,,Sand,,,Sand 3,3,6.68,33.98,-5.18,-32.48
-22.08,23.58,40.53,0.322,6.1,-6.1,0.2,2.8,0.79154,978.0,23.552,40.53,405.3,1.4122360773951164,,,,Sand,,,Sand 3,3,6.68,33.98,-5.18,-32.48
-22.1,23.6,40.81,0.323,6.1,-6.1,0.2,2.5,0.79024,979.0,23.572,40.81,408.1,1.409846532942554,,,,Sand,,,Sand 3,3,6.68,33.98,-5.18,-32.48
-22.12,23.62,41.02,0.317,6.1,-5.7,0.4,2.6,0.77197,980.0,23.592,41.02,410.2,1.4004410531071203,,,,Sand,,,Sand 3,3,6.68,33.98,-5.18,-32.48
-22.14,23.64,41.11,0.327,6.1,-6.2,0.4,2.5,0.7933,981.0,23.611,41.11,411.1,1.4092431076891765,,,,Sand,,,Sand 3,3,6.68,33.98,-5.18,-32.48
-22.16,23.66,41.35,0.33,6.1,-6.1,0.4,2.5,0.79852,982.0,23.631,41.35,413.5,1.4099749859483444,,,,Sand,,,Sand 3,3,6.68,33.98,-5.18,-32.48
-22.18,23.68,41.64,0.331,6.1667,-5.7,0.2,2.5,0.79925,982.0,23.651,41.64,416.4,1.408456011108082,,,,Sand,,,Sand 3,3,6.68,33.98,-5.18,-32.48
-22.2,23.7,41.71,0.327,6.2333,-6.2,0.2,2.5,0.78741,983.0,23.671,41.71,417.1,1.4028528939592502,,,,Sand,,,Sand 3,3,6.68,33.98,-5.18,-32.48
-22.22,23.72,41.59,0.336,6.3,-6.2,0.4,2.5,0.80583,984.0,23.691,41.59,415.9,1.41161047205572,,,,Sand,,,Sand 3,3,6.68,33.98,-5.18,-32.48
-22.24,23.74,41.38,0.329,6.3,-6.2,0.2,2.5,0.78605,985.0,23.711,41.38,413.8,1.4043488030090663,,,,Sand,,,Sand 3,3,6.68,33.98,-5.18,-32.48
-22.26,23.76,41.51,0.325,6.3,-6.2,0.2,2.5,0.77383,985.0,23.731,41.51,415.1,1.3981197191105892,,,,Sand,,,Sand 3,3,6.68,33.98,-5.18,-32.48
-22.28,23.78,41.94,0.325,6.5,-6.4,0.4,2.5,0.77126,986.0,23.751,41.94,419.4,1.3942496955545987,,,,Sand,,,Sand 3,3,6.68,33.98,-5.18,-32.48
-22.3,23.8,42.45,0.328,6.5,-6.1,0.4,2.6,0.77555,987.0,23.77,42.45,424.5,1.3929838083701627,,,,Sand,,,Sand 3,3,6.68,33.98,-5.18,-32.48
-22.32,23.82,42.62,0.323,6.5,-6.1,0.2,2.5,0.76031,988.0,23.79,42.62,426.2,1.3850740371513715,,,,Sand,,,Sand 3,3,6.68,33.98,-5.18,-32.48
-22.34,23.84,42.79,0.314,6.5,-6.4,0.4,2.5,0.73692,989.0,23.81,42.79,427.9,1.373255170660197,,,,Sand,,,Sand 3,3,6.68,33.98,-5.18,-32.48
-22.36,23.86,42.83,0.314,6.3,-6.2,0.4,2.5,0.73661,989.0,23.83,42.83,428.3,1.3728626705805889,,,,Sand,,,Sand 3,3,6.68,33.98,-5.18,-32.48
-22.38,23.88,42.82,0.32,6.3,-5.7,0.4,2.5,0.75199,990.0,23.85,42.82,428.2,1.3800424667274003,,,,Sand,,,Sand 3,3,6.68,33.98,-5.18,-32.48
-22.4,23.9,42.9,0.323,6.3,-6.1,0.4,2.5,0.76186,991.0,23.87,42.9,429.0,1.3840544363946221,,,,Sand,,,Sand 3,3,6.68,33.98,-5.18,-32.48
-22.42,23.92,42.53,0.316,6.3,-6.2,0.4,2.4,0.74884,992.0,23.89,42.53,425.3,1.380391545223224,,,,Sand,,,Sand 3,3,6.68,33.98,-5.18,-32.48
-22.44,23.94,42.08,0.315,6.3,-6.2,0.2,2.2,0.75038,993.0,23.91,42.08,420.8,1.3839179475983945,,,,Sand,,,Sand 3,3,6.68,33.98,-5.18,-32.48
-22.46,23.96,41.86,0.311,6.5,-6.4,0.4,2.4,0.74529,993.0,23.929,41.86,418.6,1.3829747302437376,,,,Sand,,,Sand 3,3,6.68,33.98,-5.18,-32.48
-22.48,23.98,41.36,0.297,6.4333,-6.1,0.2,2.7,0.71532,994.0,23.949,41.36,413.6,1.3721792274322315,,,,Sand,,,Sand 3,3,6.68,33.98,-5.18,-32.48
-22.5,24.0,41.21,0.295,6.3667,-6.2,0.2,2.4,0.71235,995.0,23.969,41.21,412.1,1.3717476885390745,,,,Sand,,,Sand 3,3,6.68,33.98,-5.18,-32.48
-22.52,24.02,41.07,0.288,6.3,-6.2,0.4,2.5,0.69654,996.0,23.989,41.07,410.7,1.3650656630537188,,,,Sand,,,Sand 3,3,6.68,33.98,-5.18,-32.48
-22.54,24.04,40.82,0.291,6.3,-6.2,0.2,2.5,0.70597,997.0,24.009,40.82,408.2,1.371277959271908,,,,Sand,,,Sand 3,3,6.68,33.98,-5.18,-32.48
-22.56,24.06,41.23,0.285,6.3,-6.2,0.2,2.2,0.69309,997.0,24.029,41.23,412.3,1.3623270121824402,,,,Sand,,,Sand 3,3,6.68,33.98,-5.18,-32.48
-22.58,24.08,41.67,0.286,6.3,-6.2,0.2,2.3,0.69591,998.0,24.049,41.67,416.7,1.360815609207703,,,,Sand,,,Sand 3,3,6.68,33.98,-5.18,-32.48
-22.6,24.1,41.56,0.286,6.3,-6.2,0.2,3.1,0.69407,999.0,24.069,41.56,415.6,1.36063597129333,,,,Sand,,,Sand 3,3,6.68,33.98,-5.18,-32.48
-22.62,24.12,40.84,0.286,6.4,-6.4,0.2,2.9,0.68974,1000.0,24.088,40.84,408.4,1.3632859276065645,,,,Sand,,,Sand 3,3,6.68,33.98,-5.18,-32.48
-22.64,24.14,40.56,0.292,6.3,-6.2,0.4,2.6,0.70007,1000.0,24.108,40.56,405.6,1.3701830153201358,,,,Sand,,,Sand 3,3,6.68,33.98,-5.18,-32.48
-22.66,24.16,41.03,0.295,6.2333,-5.9,0.2,2.6,0.7049,1001.0,24.128,41.03,410.3,1.3693689747676963,,,,Sand,,,Sand 3,3,6.68,33.98,-5.18,-32.48
-22.68,24.18,41.94,0.298,6.1667,-6.2,0.2,2.5,0.71081,1002.0,24.148,41.94,419.4,1.3662701823546206,,,,Sand,,,Sand 3,3,6.68,33.98,-5.18,-32.48
-22.7,24.2,42.89,0.299,6.1,-6.1,0.2,2.5,0.71009,1003.0,24.168,42.89,428.9,1.3599116835661962,,,,Sand,,,Sand 3,3,6.68,33.98,-5.18,-32.48
-22.72,24.22,43.19,0.302,6.3,-6.2,0.4,2.5,0.71193,1003.0,24.188,43.19,431.9,1.3589359608708833,,,,Sand,,,Sand 3,3,6.68,33.98,-5.18,-32.48
-22.74,24.24,42.79,0.303,6.3,-6.2,0.4,2.5,0.70792,1004.0,24.208,42.79,427.9,1.3594899449322688,,,,Sand,,,Sand 3,3,6.68,33.98,-5.18,-32.48
-22.76,24.26,42.15,0.312,6.3,-6.2,0.2,2.5,0.72419,1005.0,24.228,42.15,421.5,1.3712944997905123,,,,Sand,,,Sand 3,3,6.68,33.98,-5.18,-32.48
-22.78,24.28,42.31,0.323,6.4,-6.4,0.2,2.5,0.74968,1006.0,24.248,42.31,423.1,1.3821510989665617,,,,Sand,,,Sand 3,3,6.68,33.98,-5.18,-32.48
-22.8,24.3,43.06,0.335,6.8,-6.8,0.4,2.5,0.78073,1007.0,24.267,43.06,430.6,1.3915568315739502,,,,Sand,,,Sand 3,3,6.68,33.98,-5.18,-32.48
-22.82,24.32,44.08,0.338,6.7,-6.4,0.2,2.5,0.79138,1007.0,24.287,44.08,440.8,1.390202188295851,,,,Sand,,,Sand 3,3,6.68,33.98,-5.18,-32.48
-22.84,24.34,44.19,0.341,6.6,-6.4,0.2,2.6,0.80082,1008.0,24.307,44.19,441.9,1.3937077162378706,,,,Sand,,,Sand 3,3,6.68,33.98,-5.18,-32.48
-22.86,24.36,42.91,0.341,6.5,-6.4,0.4,2.5,0.80358,1009.0,24.327,42.91,429.1,1.402497330005374,,,,Sand,,,Sand 3,3,6.68,33.98,-5.18,-32.48
-22.88,24.38,41.78,0.347,6.4,-6.4,0.2,2.5,0.8213,1010.0,24.347,41.78,417.8,1.417021165427956,,,,Sand,,,Sand 3,3,6.68,33.98,-5.18,-32.48
-22.9,24.4,41.2,0.353,6.4,-6.4,0.2,2.5,0.8415,1010.0,24.367,41.2,412.0,1.429108011869996,,,,Sand,,,Sand 3,3,6.68,33.98,-5.18,-32.48
-22.92,24.42,41.12,0.362,6.6,-6.6,0.2,2.5,0.87069,1011.0,24.387,41.12,411.2,1.441502187022646,,,,Sand,,,Sand 3,3,6.68,33.98,-5.18,-32.48
-22.94,24.44,41.14,0.365,6.4,-6.4,0.2,2.5,0.88404,1012.0,24.406,41.14,411.4,1.4466998100777422,,,,Sand,,,Sand 3,3,6.68,33.98,-5.18,-32.48
-22.96,24.46,41.58,0.362,6.8,-6.8,0.4,2.5,0.88193,1013.0,24.426,41.58,415.8,1.443133499887258,,,,Sand,,,Sand 3,3,6.68,33.98,-5.18,-32.48
-22.98,24.48,41.67,0.358,6.5,-6.4,0.4,2.2,0.87694,1014.0,24.446,41.67,416.7,1.4405898175141851,,,,Sand,,,Sand 3,3,6.68,33.98,-5.18,-32.48
-23.0,24.5,41.21,0.364,6.7,-6.6,0.4,2.3,0.89793,1015.0,24.466,41.21,412.1,1.4517294685773863,,,,Sand,,,Sand 3,3,6.68,33.98,-5.18,-32.48
-23.02,24.52,40.6,0.36,6.5,-6.4,0.4,2.5,0.89717,1015.0,24.486,40.6,406.0,1.455256869974427,,,,Sand,,,Sand 3,3,6.68,33.98,-5.18,-32.48
-23.04,24.54,39.85,0.361,6.4,-6.4,0.2,2.5,0.91147,1016.0,24.506,39.85,398.5,1.465587587727418,,,,Sand,,,Sand 3,3,6.68,33.98,-5.18,-32.48
-23.06,24.56,39.42,0.36,6.7,-6.6,0.4,2.5,0.92243,1017.0,24.526,39.42,394.2,1.4725619294524581,,,,Sand,,,Sand 3,3,6.68,33.98,-5.18,-32.48
-23.08,24.58,38.83,0.357,6.4,-6.4,0.2,2.5,0.92691,1018.0,24.546,38.83,388.3,1.4781489345579994,,,,Sand,,,Sand 3,3,6.68,33.98,-5.18,-32.48
-23.1,24.6,37.85,0.349,6.7,-6.6,0.4,2.4,0.91643,1018.0,24.565,37.85,378.5,1.4808461152959487,,,,Sand,,,Sand 3,3,6.68,33.98,-5.18,-32.48
-23.12,24.62,37.42,0.343,6.8,-6.8,0.4,2.0,0.90876,1019.0,24.585,37.42,374.2,1.4809339443489562,,,,Sand,,,Sand 3,3,6.68,33.98,-5.18,-32.48
-23.14,24.64,37.04,0.34,6.7,-6.6,0.4,3.1,0.9077,1020.0,24.605,37.04,370.4,1.4832201965710319,,,,Sand,,,Sand 3,3,6.68,33.98,-5.18,-32.48
-23.16,24.66,37.11,0.335,6.8,-6.8,0.4,2.9,0.9002,1021.0,24.625,37.11,371.1,1.4798610233481637,,,,Sand,,,Sand 3,3,6.68,33.98,-5.18,-32.48
-23.18,24.68,37.14,0.328,7.0,-7.0,0.4,2.7,0.88505,1021.0,24.645,37.14,371.4,1.4738040803582833,,,,Sand,,,Sand 3,3,6.68,33.98,-5.18,-32.48
-23.2,24.7,37.14,0.325,6.9333,-6.4,0.4,2.5,0.87957,1022.0,24.665,37.14,371.4,1.4716691848039838,,,,Sand,,,Sand 3,3,6.68,33.98,-5.18,-32.48
-23.22,24.72,37.13,0.325,6.8667,-6.6,0.2,2.4,0.88154,1023.0,24.685,37.13,371.3,1.4725094701919674,,,,Sand,,,Sand 3,3,6.68,33.98,-5.18,-32.48
-23.24,24.74,36.88,0.33,6.8,-6.8,0.2,2.5,0.89906,1024.0,24.704,36.88,368.8,1.4810693811280264,,,,Sand,,,Sand 3,3,6.68,33.98,-5.18,-32.48
-23.26,24.76,36.62,0.332,6.5,-6.4,0.4,2.5,0.91034,1025.0,24.724,36.62,366.2,1.4872348969217686,,,,Sand,,,Sand 3,3,6.68,33.98,-5.18,-32.48
-23.28,24.78,36.54,0.336,6.8,-6.8,0.4,2.5,0.92757,1025.0,24.744,36.54,365.4,1.4942761084467753,,,,Sand,,,Sand 3,3,6.68,33.98,-5.18,-32.48
-23.3,24.8,36.38,0.335,6.8,-6.8,0.2,2.5,0.93052,1026.0,24.764,36.38,363.8,1.4965291371175105,,,,Sand,,,Sand 3,3,6.68,33.98,-5.18,-32.48
-23.32,24.82,35.81,0.333,6.8,-6.8,0.4,2.5,0.92877,1027.0,24.784,35.81,358.1,1.5000579740239677,,,,Sand,,,Sand 3,3,6.68,33.98,-5.18,-32.48
-23.34,24.84,35.26,0.33,6.6,-6.6,0.2,2.5,0.92234,1028.0,24.804,35.26,352.6,1.5017905060918322,,,,Sand,,,Sand 3,3,6.68,33.98,-5.18,-32.48
-23.36,24.86,35.17,0.329,6.6,-6.6,0.2,2.5,0.92257,1029.0,24.824,35.17,351.7,1.5025581189551205,,,,Sand,,,Sand 3,3,6.68,33.98,-5.18,-32.48
-23.38,24.88,35.35,0.327,6.6,-6.6,0.2,2.6,0.92239,1029.0,24.843,35.35,353.5,1.5011291218978904,,,,Sand,,,Sand 3,3,6.68,33.98,-5.18,-32.48
-23.4,24.9,35.7,0.321,6.8,-6.8,0.2,2.4,0.91177,1030.0,24.863,35.7,357.0,1.4945323413477734,,,,Sand,,,Sand 3,3,6.68,33.98,-5.18,-32.48
-23.42,24.92,36.02,0.315,6.8,-6.8,0.2,2.5,0.90213,1031.0,24.883,36.02,360.2,1.488509292393706,,,,Sand,,,Sand 3,3,6.68,33.98,-5.18,-32.48
-23.44,24.94,35.6,0.308,6.6,-6.6,0.2,2.5,0.89059,1032.0,24.903,35.6,356.0,1.4872391521164199,,,,Sand,,,Sand 3,3,6.68,33.98,-5.18,-32.48
-23.46,24.96,34.7,0.303,6.8,-6.8,0.2,2.5,0.88716,1032.0,24.923,34.7,347.0,1.492821438046452,,,,Sand,,,Sand 3,3,6.68,33.98,-5.18,-32.48
-23.48,24.98,33.85,0.299,6.8,-6.8,0.4,2.5,0.89028,1033.0,24.943,33.85,338.5,1.5007406163831065,,,,Sand,,,Sand 3,3,6.68,33.98,-5.18,-32.48
-23.5,25.0,32.95,0.297,6.8,-6.8,0.2,2.2,0.90205,1034.0,24.963,32.95,329.5,1.5125297656362353,,,,Sand,,,Sand 3,3,6.68,33.98,-5.18,-32.48
-23.52,25.02,32.5,0.299,6.8,-6.8,0.2,2.3,0.92872,1035.0,24.982,32.5,325.0,1.526125089150193,,,,Sand,,,Sand 3,3,6.68,33.98,-5.18,-32.48
-23.54,25.04,31.91,0.289,6.8,-6.8,0.2,2.5,0.92068,1036.0,25.002,31.91,319.1,1.528205108775154,,,,Sand,,,Sand 3,3,6.68,33.98,-5.18,-32.48
-23.56,25.06,31.15,0.281,6.8,-6.8,0.2,2.6,0.9215,1036.0,25.022,31.15,311.5,1.53514279062042,,,,Sand,,,Sand 3,3,6.68,33.98,-5.18,-32.48
-23.58,25.08,30.74,0.274,6.8,-6.8,0.2,2.4,0.92705,1037.0,25.042,30.74,307.4,1.5408178376277604,,,,Sand,,,Sand 3,3,6.68,33.98,-5.18,-32.48
-23.6,25.1,29.76,0.261,6.8,-6.8,0.2,2.5,0.91155,1038.0,25.062,29.76,297.6,1.5442245179193765,,,,Sand,,,Sand 3,3,6.68,33.98,-5.18,-32.48
-23.62,25.12,28.26,0.248,6.8,-6.8,0.2,2.2,0.89112,1039.0,25.082,28.26,282.6,1.5513738632236973,,,,Sand,,,Sand 3,3,6.68,33.98,-5.18,-32.48
-23.64,25.14,26.68,0.243,6.8,-6.8,0.2,2.5,0.89142,1040.0,25.102,26.68,266.8,1.5680053548239574,,,,Sand,,,Sand 3,3,6.68,33.98,-5.18,-32.48
-23.66,25.16,25.45,0.24,6.8,-6.8,0.2,3.1,0.89494,1040.0,25.122,25.45,254.5,1.5829913068334132,,,,Sand,,,Sand 3,3,6.68,33.98,-5.18,-32.48
-23.68,25.18,25.11,0.233,6.8,-6.8,0.2,2.9,0.87846,1041.0,25.141,25.11,251.1,1.5809734123845496,,,,Sand,,,Sand 3,3,6.68,33.98,-5.18,-32.48
-23.7,25.2,25.49,0.221,6.8,-6.8,0.2,2.5,0.8318,1042.0,25.161,25.49,254.9,1.5591511330860182,,,,Sand,,,Sand 3,3,6.68,33.98,-5.18,-32.48
-23.72,25.22,26.59,0.207,6.8,-6.8,0.2,2.5,0.7677,1043.0,25.181,26.59,265.9,1.521204159782579,,,,Sand,,,Sand 3,3,6.68,33.98,-5.18,-32.48
-23.74,25.24,27.2,0.198,7.0,-7.0,0.2,2.5,0.71622,1043.0,25.201,27.2,272.0,1.4925958635165957,,,,Sand,,,Sand 3,3,6.68,33.98,-5.18,-32.48
-23.76,25.26,27.41,0.194,6.8,-6.8,0.2,2.4,0.68322,1044.0,25.221,27.41,274.1,1.4755709935139145,,,,Sand,,,Sand 3,3,6.68,33.98,-5.18,-32.48
-23.78,25.28,28.62,0.199,6.8,-6.8,0.2,2.5,0.68447,1045.0,25.241,28.62,286.2,1.4630828368368027,,,,Sand,,,Sand 3,3,6.68,33.98,-5.18,-32.48
-23.8,25.3,29.84,0.204,6.8,-6.8,0.2,2.5,0.68893,1046.0,25.261,29.84,298.4,1.4526389526218486,,,,Sand,,,Sand 3,3,6.68,33.98,-5.18,-32.48
-23.82,25.32,30.9,0.208,6.8,-6.8,0.2,2.5,0.69043,1046.0,25.28,30.9,309.0,1.4429885040983208,,,,Sand,,,Sand 3,3,6.68,33.98,-5.18,-32.48
-23.84,25.34,31.11,0.211,6.8,-6.8,0.2,2.5,0.68805,1047.0,25.3,31.11,311.1,1.439890430197064,,,,Sand,,,Sand 3,3,6.68,33.98,-5.18,-32.48
-23.86,25.36,30.92,0.219,7.0,-7.0,0.2,2.5,0.70588,1048.0,25.32,30.92,309.2,1.4498677021589057,,,,Sand,,,Sand 3,3,6.68,33.98,-5.18,-32.48
-23.88,25.38,30.89,0.223,6.8,-6.8,0.2,2.5,0.71532,1049.0,25.34,30.89,308.9,1.4544098368254295,,,,Sand,,,Sand 3,3,6.68,33.98,-5.18,-32.48
-23.9,25.4,31.32,0.232,6.8,-6.8,0.2,2.5,0.74419,1050.0,25.36,31.32,313.2,1.4631462130261716,,,,Sand,,,Sand 3,3,6.68,33.98,-5.18,-32.48
-23.92,25.42,31.73,0.236,7.0,-7.0,0.2,2.5,0.75814,1050.0,25.38,31.73,317.3,1.4654347437093855,,,,Sand,,,Sand 3,3,6.68,33.98,-5.18,-32.48
-23.94,25.44,31.49,0.241,7.0,-7.0,0.2,2.5,0.77355,1051.0,25.399,31.49,314.9,1.4741760035098141,,,,Sand,,,Sand 3,3,6.68,33.98,-5.18,-32.48
-23.96,25.46,31.04,0.241,6.8,-6.8,0.2,2.5,0.77129,1052.0,25.419,31.04,310.4,1.4773517431304024,,,,Sand,,,Sand 3,3,6.68,33.98,-5.18,-32.48
-23.98,25.48,30.9,0.24,6.8,-6.8,0.2,2.5,0.76512,1053.0,25.439,30.9,309.0,1.4760421103024361,,,,Sand,,,Sand 3,3,6.68,33.98,-5.18,-32.48
-24.0,25.5,30.74,0.245,7.0,-7.0,0.2,2.5,0.78035,1053.0,25.459,30.74,307.4,1.4839452439399714,,,,Sand,,,Sand 3,3,6.68,33.98,-5.18,-32.48
-24.02,25.52,31.13,0.252,7.0,-7.0,0.2,2.5,0.80434,1054.0,25.479,31.13,311.3,1.490232691183016,,,,Sand,,,Sand 3,3,6.68,33.98,-5.18,-32.48
-24.04,25.54,31.62,0.255,7.0,-7.0,0.2,2.2,0.81852,1055.0,25.499,31.62,316.2,1.4915526698167096,,,,Sand,,,Sand 3,3,6.68,33.98,-5.18,-32.48
-24.06,25.56,32.29,0.258,7.0,-7.0,0.2,2.2,0.83488,1056.0,25.519,32.29,322.9,1.4922116842417275,,,,Sand,,,Sand 3,3,6.68,33.98,-5.18,-32.48
-24.08,25.58,31.96,0.258,7.0,-7.0,0.4,2.5,0.8419,1057.0,25.538,31.96,319.6,1.497867057503794,,,,Sand,,,Sand 3,3,6.68,33.98,-5.18,-32.48
-24.1,25.6,30.96,0.26,7.0,-7.0,0.2,2.6,0.85516,1058.0,25.558,30.96,309.6,1.5119669103977005,,,,Sand,,,Sand 3,3,6.68,33.98,-5.18,-32.48
-24.12,25.62,29.63,0.262,7.0,-7.0,0.2,2.5,0.86715,1058.0,25.578,29.63,296.3,1.5289610647696263,,,,Sand,,,Sand 3,3,6.68,33.98,-5.18,-32.48
-24.14,25.64,28.89,0.266,6.8,-6.8,0.2,2.5,0.88556,1059.0,25.598,28.89,288.9,1.5430451594824435,,,,Sand,,,Sand 3,3,6.68,33.98,-5.18,-32.48
-24.16,25.66,28.68,0.267,7.0,-7.0,0.2,2.4,0.88808,1060.0,25.618,28.68,286.8,1.5460518326997565,,,,Sand,,,Sand 3,3,6.68,33.98,-5.18,-32.48
-24.18,25.68,29.2,0.268,7.0,-7.0,0.2,2.2,0.88358,1061.0,25.638,29.2,292.0,1.539280695883862,,,,Sand,,,Sand 3,3,6.68,33.98,-5.18,-32.48
-24.2,25.7,30.1,0.272,7.0,-7.0,0.2,3.1,0.88262,1061.0,25.658,30.1,301.0,1.5303492617955654,,,,Sand,,,Sand 3,3,6.68,33.98,-5.18,-32.48
-24.22,25.72,30.88,0.278,7.0,-7.0,0.2,2.8,0.88793,1062.0,25.677,30.88,308.8,1.5251693243822955,,,,Sand,,,Sand 3,3,6.68,33.98,-5.18,-32.48
-24.24,25.74,32.18,0.282,7.0,-7.0,0.4,2.5,0.88833,1063.0,25.697,32.18,321.8,1.5138713925881198,,,,Sand,,,Sand 3,3,6.68,33.98,-5.18,-32.48
-24.26,25.76,33.09,0.29,7.0,-7.0,0.2,2.5,0.90406,1064.0,25.717,33.09,330.9,1.5121230821407867,,,,Sand,,,Sand 3,3,6.68,33.98,-5.18,-32.48
-24.28,25.78,33.52,0.295,7.0,-7.0,0.2,2.6,0.91088,1064.0,25.737,33.52,335.2,1.5111515995444647,,,,Sand,,,Sand 3,3,6.68,33.98,-5.18,-32.48
-24.3,25.8,32.82,0.302,7.0,-7.0,0.2,2.4,0.92348,1065.0,25.757,32.82,328.2,1.5215419675454287,,,,Sand,,,Sand 3,3,6.68,33.98,-5.18,-32.48
-24.32,25.82,32.17,0.306,7.0,-7.0,0.2,2.6,0.92479,1066.0,25.777,32.17,321.7,1.5274811797282906,,,,Sand,,,Sand 3,3,6.68,33.98,-5.18,-32.48
-24.34,25.84,31.86,0.307,7.0,-7.0,0.4,2.5,0.9158,1067.0,25.797,31.86,318.6,1.5268485482142442,,,,Sand,,,Sand 3,3,6.68,33.98,-5.18,-32.48
-24.36,25.86,32.57,0.307,7.0,-7.0,0.4,2.5,0.90367,1068.0,25.816,32.57,325.7,1.516310339440721,,,,Sand,,,Sand 3,3,6.68,33.98,-5.18,-32.48
-24.38,25.88,33.41,0.303,7.0,-7.0,0.2,2.5,0.87874,1068.0,25.836,33.41,334.1,1.499906911877425,,,,Sand,,,Sand 3,3,6.68,33.98,-5.18,-32.48
-24.4,25.9,35.27,0.298,7.0,-7.0,0.4,2.5,0.84985,1069.0,25.856,35.27,352.7,1.4738277916941338,,,,Sand,,,Sand 3,3,6.68,33.98,-5.18,-32.48
-24.42,25.92,36.56,0.296,7.0,-7.0,0.4,2.5,0.82951,1070.0,25.876,36.56,365.6,1.4558682881467988,,,,Sand,,,Sand 3,3,6.68,33.98,-5.18,-32.48
-24.44,25.94,37.12,0.301,7.0,-7.0,0.2,2.5,0.83115,1071.0,25.896,37.12,371.2,1.452437595180993,,,,Sand,,,Sand 3,3,6.68,33.98,-5.18,-32.48
-24.46,25.96,36.89,0.303,7.0,-7.0,0.4,2.6,0.82595,1071.0,25.916,36.89,368.9,1.4519772118480212,,,,Sand,,,Sand 3,3,6.68,33.98,-5.18,-32.48
-24.48,25.98,36.84,0.314,7.0,-7.0,0.4,2.5,0.84985,1072.0,25.935,36.84,368.4,1.462062208033472,,,,Sand,,,Sand 3,3,6.68,33.98,-5.18,-32.48
-24.5,26.0,36.81,0.322,7.0,-7.0,0.2,2.6,0.86795,1073.0,25.955,36.81,368.1,1.4694855530128355,,,,Sand,,,Sand 3,3,6.68,33.98,-5.18,-32.48
-24.52,26.02,36.82,0.327,6.8,-6.8,0.2,2.5,0.87847,1074.0,25.975,36.82,368.2,1.473541619376215,,,,Sand,,,Sand 3,3,6.68,33.98,-5.18,-32.48
-24.54,26.04,37.17,0.332,7.0,-7.0,0.4,2.5,0.88868,1075.0,25.995,37.17,371.7,1.4749980515189287,,,,Sand,,,Sand 3,3,6.68,33.98,-5.18,-32.48
-24.56,26.06,37.37,0.328,7.4,-7.4,0.4,2.5,0.8766,1075.0,26.015,37.37,373.7,1.4688676046412639,,,,Sand,,,Sand 3,3,6.68,33.98,-5.18,-32.48
-24.58,26.08,37.77,0.327,7.2,-7.2,0.4,2.4,0.87497,1076.0,26.035,37.77,377.7,1.4654059563123225,,,,Sand,,,Sand 3,3,6.68,33.98,-5.18,-32.48
-24.6,26.1,38.12,0.324,7.0,-7.0,0.4,2.2,0.8705,1077.0,26.055,38.12,381.2,1.461202516414633,,,,Sand,,,Sand 3,3,6.68,33.98,-5.18,-32.48
-24.62,26.12,37.97,0.32,7.2,-7.2,0.4,2.4,0.86786,1078.0,26.074,37.97,379.7,1.461198717713884,,,,Sand,,,Sand 3,3,6.68,33.98,-5.18,-32.48
-24.64,26.14,37.31,0.318,7.0,-7.0,0.4,2.7,0.87354,1079.0,26.094,37.31,373.1,1.4680925095232769,,,,Sand,,,Sand 3,3,6.68,33.98,-5.18,-32.48
-24.66,26.16,36.45,0.314,7.0,-7.0,0.4,2.5,0.87854,1079.0,26.114,36.45,364.5,1.4762636260431803,,,,Sand,,,Sand 3,3,6.68,33.98,-5.18,-32.48
-24.68,26.18,35.6,0.311,7.2,-7.2,0.4,2.5,0.89163,1080.0,26.134,35.6,356.0,1.487637816747923,,,,Sand,,,Sand 3,3,6.68,33.98,-5.18,-32.48
-24.7,26.2,34.39,0.299,7.0,-7.0,0.4,2.5,0.88113,1081.0,26.154,34.39,343.9,1.4929390663992361,,,,Sand,,,Sand 3,3,6.68,33.98,-5.18,-32.48
-24.72,26.22,33.62,0.284,7.2,-7.2,0.4,2.0,0.86237,1082.0,26.174,33.62,336.2,1.4918564514895603,,,,Sand,,,Sand 3,3,6.68,33.98,-5.18,-32.48
-24.74,26.24,32.47,0.271,7.4,-7.4,0.4,3.0,0.84893,1083.0,26.193,32.47,324.7,1.496216161675886,,,,Sand,,,Sand 3,3,6.68,33.98,-5.18,-32.48
-24.76,26.26,31.23,0.256,7.4,-7.4,0.4,3.0,0.82717,1083.0,26.213,31.23,312.3,1.498526504909808,,,,Sand,,,Sand 3,3,6.68,33.98,-5.18,-32.48
-24.78,26.28,30.4,0.243,7.2,-7.2,0.4,2.8,0.80845,1084.0,26.233,30.4,304.0,1.4986728206363633,,,,Sand,,,Sand 3,3,6.68,33.98,-5.18,-32.48
-24.8,26.3,29.3,0.235,7.2,-7.2,0.4,2.5,0.80356,1085.0,26.253,29.3,293.0,1.5072958465867314,,,,Sand,,,Sand 3,3,6.68,33.98,-5.18,-32.48
-24.82,26.32,28.37,0.226,7.2,-7.2,0.4,2.5,0.791,1086.0,26.273,28.37,283.7,1.511586510599008,,,,Sand,,,Sand 3,3,6.68,33.98,-5.18,-32.48
-24.84,26.34,27.81,0.216,7.2,-7.2,0.4,2.4,0.76978,1086.0,26.293,27.81,278.1,1.5087447485942829,,,,Sand,,,Sand 3,3,6.68,33.98,-5.18,-32.48
-24.86,26.36,27.26,0.209,7.2,-7.2,0.4,2.5,0.75523,1087.0,26.313,27.26,272.6,1.5086135244351342,,,,Sand,,,Sand 3,3,6.68,33.98,-5.18,-32.48
-24.88,26.38,27.12,0.204,7.2,-7.2,0.4,2.5,0.74324,1088.0,26.332,27.12,271.2,1.5051016358979066,,,,Sand,,,Sand 3,3,6.68,33.98,-5.18,-32.48
-24.9,26.4,27.08,0.199,7.2,-7.2,0.2,2.5,0.72707,1089.0,26.352,27.08,270.8,1.4986343562926012,,,,Sand,,,Sand 3,3,6.68,33.98,-5.18,-32.48
-24.92,26.42,27.14,0.196,7.2,-7.2,0.4,2.5,0.7151,1089.0,26.372,27.14,271.4,1.4927720960057524,,,,Sand,,,Sand 3,3,6.68,33.98,-5.18,-32.48
-24.94,26.44,27.31,0.196,7.2,-7.2,0.4,2.5,0.71105,1090.0,26.392,27.31,273.1,1.4891140786926393,,,,Sand,,,Sand 3,3,6.68,33.98,-5.18,-32.48
-24.96,26.46,27.49,0.197,7.2,-7.2,0.4,2.5,0.7087,1091.0,26.412,27.49,274.9,1.486099100642513,,,,Sand,,,Sand 3,3,6.68,33.98,-5.18,-32.48
-24.98,26.48,27.75,0.199,7.2,-7.2,0.4,2.6,0.70945,1092.0,26.432,27.75,277.5,1.4835977823309414,,,,Sand,,,Sand 3,3,6.68,33.98,-5.18,-32.48
-25.0,26.5,28.12,0.201,7.2,-7.2,0.4,2.5,0.70975,1093.0,26.451,28.12,281.2,1.479755555734701,,,,Sand,,,Sand 3,3,6.68,33.98,-5.18,-32.48
-25.02,26.52,28.51,0.203,7.4,-7.4,0.4,2.5,0.71038,1093.0,26.471,28.51,285.1,1.4759143011805649,,,,Sand,,,Sand 3,3,6.68,33.98,-5.18,-32.48
-25.04,26.54,28.98,0.207,7.2,-7.2,0.4,2.5,0.71841,1094.0,26.491,28.98,289.8,1.47459931841929,,,,Sand,,,Sand 3,3,6.68,33.98,-5.18,-32.48
-25.06,26.56,29.1,0.211,7.4,-7.4,0.4,2.5,0.72859,1095.0,26.511,29.1,291.0,1.477843431931796,,,,Sand,,,Sand 3,3,6.68,33.98,-5.18,-32.48
-25.08,26.58,29.3,0.213,7.2,-7.2,0.4,2.5,0.73442,1096.0,26.531,29.3,293.0,1.4783605844993142,,,,Sand,,,Sand 3,3,6.68,33.98,-5.18,-32.48
-25.1,26.6,29.36,0.216,7.2,-7.2,0.4,2.5,0.74634,1097.0,26.551,29.36,293.6,1.482903773956604,,,,Sand,,,Sand 3,3,6.68,33.98,-5.18,-32.48
-25.12,26.62,29.39,0.218,7.4,-7.4,0.4,2.2,0.75869,1097.0,26.57,29.39,293.9,1.4878661448940285,,,,Sand,,,Sand 3,3,6.68,33.98,-5.18,-32.48
-25.14,26.64,28.92,0.215,7.2,-7.2,0.4,2.4,0.75614,1098.0,26.59,28.92,289.2,1.4915118890567205,,,,Sand,,,Sand 3,3,6.68,33.98,-5.18,-32.48
-25.16,26.66,28.46,0.214,7.4,-7.4,0.4,2.6,0.76248,1099.0,26.61,28.46,284.6,1.4988950321551342,,,,Sand,,,Sand 3,3,6.68,33.98,-5.18,-32.48
-25.18,26.68,28.02,0.213,7.2,-7.2,0.4,2.5,0.77007,1100.0,26.63,28.02,280.2,1.5066454516988022,,,,Sand,,,Sand 3,3,6.68,33.98,-5.18,-32.48
-25.2,26.7,27.32,0.211,7.2,-7.2,0.4,2.5,0.77591,1101.0,26.65,27.32,273.2,1.5165234533133882,,,,Sand,,,Sand 3,3,6.68,33.98,-5.18,-32.48
-25.22,26.72,26.7,0.208,7.2,-7.2,0.4,2.5,0.77761,1101.0,26.67,26.7,267.0,1.5240277576450425,,,,Sand,,,Sand 3,3,6.68,33.98,-5.18,-32.48
-25.24,26.74,26.36,0.205,7.2,-7.2,0.4,2.1,0.77832,1102.0,26.69,26.36,263.6,1.5281322146381668,,,,Sand,,,Sand 3,3,6.68,33.98,-5.18,-32.48
-25.26,26.76,26.11,0.203,7.2,-7.2,0.4,3.1,0.78148,1103.0,26.709,26.11,261.1,1.5322538777162675,,,,Sand,,,Sand 3,3,6.68,33.98,-5.18,-32.48
-25.28,26.78,25.66,0.202,7.2,-7.2,0.4,3.0,0.78634,1104.0,26.729,25.66,256.6,1.5394034376397394,,,,Sand,,,Sand 3,3,6.68,33.98,-5.18,-32.48
-25.3,26.8,25.36,0.2,7.4,-7.4,0.4,2.6,0.78566,1104.0,26.749,25.36,253.6,1.5426555451917605,,,,Sand,,,Sand 3,3,6.68,33.98,-5.18,-32.48
-25.32,26.82,25.18,0.199,7.2,-7.2,0.4,2.5,0.78785,1105.0,26.769,25.18,251.8,1.545667505630914,,,,Sand,,,Sand 3,3,6.68,33.98,-5.18,-32.48
-25.34,26.84,25.12,0.198,7.4,-7.4,0.4,2.5,0.78873,1106.0,26.789,25.12,251.2,1.5467342830865474,,,,Sand,,,Sand 3,3,6.68,33.98,-5.18,-32.48
-25.36,26.86,25.02,0.195,7.4,-7.4,0.4,2.6,0.7791,1107.0,26.809,25.02,250.2,1.5440879352591617,,,,Sand,,,Sand 3,3,6.68,33.98,-5.18,-32.48
-25.38,26.88,24.84,0.193,7.4,-7.4,0.4,2.5,0.77154,1107.0,26.828,24.84,248.4,1.543224491359332,,,,Sand,,,Sand 3,3,6.68,33.98,-5.18,-32.48
-25.4,26.9,24.78,0.194,7.4,-7.4,0.4,2.5,0.77468,1108.0,26.848,24.78,247.8,1.5452217905436814,,,,Sand,,,Sand 3,3,6.68,33.98,-5.18,-32.48
-25.42,26.92,24.87,0.195,7.4,-7.4,0.4,2.5,0.77612,1109.0,26.868,24.87,248.7,1.5447053524632501,,,,Sand,,,Sand 3,3,6.68,33.98,-5.18,-32.48
-25.44,26.94,25.06,0.197,7.4,-7.4,0.4,2.5,0.77939,1110.0,26.888,25.06,250.6,1.5437228883294716,,,,Sand,,,Sand 3,3,6.68,33.98,-5.18,-32.48
-25.46,26.96,25.25,0.198,7.4,-7.4,0.4,2.5,0.77594,1111.0,26.908,25.25,252.5,1.5400598224810644,,,,Sand,,,Sand 3,3,6.68,33.98,-5.18,-32.48
-25.48,26.98,25.4,0.2,7.4,-7.4,0.4,2.5,0.77553,1111.0,26.928,25.4,254.0,1.5381119171452426,,,,Sand,,,Sand 3,3,6.68,33.98,-5.18,-32.48
-25.5,27.0,25.78,0.204,7.4,-7.4,0.6,2.5,0.78333,1112.0,26.947,25.78,257.8,1.5368001813692076,,,,Sand,,,Sand 3,3,6.68,33.98,-5.18,-32.48
-25.52,27.02,26.23,0.206,7.4,-7.4,0.4,2.5,0.78439,1113.0,26.967,26.23,262.3,1.5320596334955887,,,,Sand,,,Sand 3,3,6.68,33.98,-5.18,-32.48
-25.54,27.04,26.77,0.208,7.4,-7.4,0.4,2.6,0.78565,1114.0,26.987,26.77,267.7,1.5265100381848706,,,,Sand,,,Sand 3,3,6.68,33.98,-5.18,-32.48
-25.56,27.06,26.95,0.212,7.4,-7.4,0.4,2.5,0.7946,1114.0,27.007,26.95,269.5,1.5281265882438084,,,,Sand,,,Sand 3,3,6.68,33.98,-5.18,-32.48
-25.58,27.08,26.9,0.212,7.4,-7.4,0.4,2.6,0.78998,1115.0,27.027,26.9,269.0,1.526820571576867,,,,Sand,,,Sand 3,3,6.68,33.98,-5.18,-32.48
-25.6,27.1,26.82,0.213,7.4,-7.4,0.4,2.5,0.79237,1116.0,27.047,26.82,268.2,1.5286621765631783,,,,Sand,,,Sand 3,3,6.68,33.98,-5.18,-32.48
-25.62,27.12,26.95,0.211,7.4,-7.4,0.4,2.5,0.78805,1117.0,27.066,26.95,269.5,1.525493494068998,,,,Sand,,,Sand 3,3,6.68,33.98,-5.18,-32.48
-25.64,27.14,27.04,0.208,7.4,-7.4,0.4,2.5,0.78218,1118.0,27.086,27.04,270.4,1.522130724087036,,,,Sand,,,Sand 3,3,6.68,33.98,-5.18,-32.48
-25.66,27.16,27.03,0.206,7.6,-7.6,0.4,2.2,0.78075,1118.0,27.106,27.03,270.3,1.521659149475558,,,,Sand,,,Sand 3,3,6.68,33.98,-5.18,-32.48
-25.68,27.18,26.59,0.202,7.4,-7.4,0.6,2.3,0.7718,1119.0,27.126,26.59,265.9,1.5228856093827399,,,,Sand,,,Sand 3,3,6.68,33.98,-5.18,-32.48
-25.7,27.2,25.92,0.2,7.6,-7.6,0.4,2.6,0.77168,1120.0,27.146,25.92,259.2,1.530465376877825,,,,Sand,,,Sand 3,3,6.68,33.98,-5.18,-32.48
-25.72,27.22,25.49,0.197,7.4,-7.4,0.6,2.6,0.77191,1121.0,27.166,25.49,254.9,1.5355823159925288,,,,Sand,,,Sand 3,3,6.68,33.98,-5.18,-32.48
-25.74,27.24,25.24,0.193,7.6,-7.6,0.6,2.5,0.77173,1122.0,27.185,25.24,252.4,1.5384774064550688,,,,Sand,,,Sand 3,3,6.68,33.98,-5.18,-32.48
-25.76,27.26,25.12,0.187,7.6,-7.6,0.4,2.5,0.76455,1122.0,27.205,25.12,251.2,1.5369979002160212,,,,Sand,,,Sand 3,3,6.68,33.98,-5.18,-32.48
-25.78,27.28,24.91,0.177,7.6,-7.6,0.4,2.1,0.73954,1123.0,27.225,24.91,249.1,1.5292190455787296,,,,Sand,,,Sand 3,3,6.68,33.98,-5.18,-32.48
-25.8,27.3,23.87,0.166,7.6,-7.6,0.6,2.9,0.70849,1124.0,27.245,23.87,238.7,1.5291829913524115,,,,Sand,,,Sand 3,3,6.68,33.98,-5.18,-32.48
-25.82,27.32,22.93,0.158,7.6,-7.6,0.6,3.0,0.68752,1125.0,27.265,22.93,229.3,1.5326628605792547,,,,Sand,,,Sand 3,3,6.68,33.98,-5.18,-32.48
-25.84,27.34,22.19,0.153,7.6,-7.6,0.6,2.7,0.67752,1125.0,27.284,22.19,221.9,1.538655163230012,,,,Sand,,,Sand 3,3,6.68,33.98,-5.18,-32.48
-25.86,27.36,21.72,0.143,7.6,-7.6,0.6,2.5,0.64201,1126.0,27.304,21.72,217.2,1.5296564324235666,,,,Sand,,,Sand 3,3,6.68,33.98,-5.18,-32.48
-25.88,27.38,21.46,0.136,7.6,-7.6,0.6,2.5,0.61375,1127.0,27.324,21.46,214.6,1.5205044472804468,,,,Sand,,,Sand 3,3,6.68,33.98,-5.18,-32.48
-25.9,27.4,21.65,0.129,7.6,-7.6,0.6,2.5,0.58033,1128.0,27.344,21.65,216.5,1.5015999213427202,,,,Sand,,,Sand 3,3,6.68,33.98,-5.18,-32.48
-25.92,27.42,21.93,0.125,7.6,-7.6,0.6,2.4,0.55732,1129.0,27.364,21.93,219.3,1.4859044128932548,,,,Sand,,,Sand 3,3,6.68,33.98,-5.18,-32.48
-25.94,27.44,22.44,0.122,7.6,-7.6,0.6,2.6,0.537,1129.0,27.384,22.44,224.4,1.467842293957138,,,,Sand,,,Sand 3,3,6.68,33.98,-5.18,-32.48
-25.96,27.46,22.95,0.128,7.6,-7.6,0.6,2.5,0.5548,1130.0,27.403,22.95,229.5,1.4696673568987026,,,,Sand,,,Sand 3,3,6.68,33.98,-5.18,-32.48
-25.98,27.48,23.49,0.134,7.8,-7.8,0.6,2.5,0.57149,1131.0,27.423,23.49,234.9,1.470579483256112,,,,Sand,,,Sand 3,3,6.68,33.98,-5.18,-32.48
-26.0,27.5,23.79,0.154,7.8,-7.8,0.4,2.5,0.64658,1132.0,27.443,23.79,237.9,1.5027159989254115,,,,Sand,,,Sand 3,3,6.68,33.98,-5.18,-32.48
-26.02,27.52,24.04,0.152,7.6,-7.6,0.6,2.5,0.62995,1132.0,27.463,24.04,240.4,1.4916596892172143,,,,Sand,,,Sand 3,3,6.68,33.98,-5.18,-32.48
-26.04,27.54,24.28,0.151,7.8,-7.8,0.6,2.5,0.61882,1133.0,27.483,24.28,242.8,1.4832221134937427,,,,Sand,,,Sand 3,3,6.68,33.98,-5.18,-32.48
-26.06,27.56,24.66,0.153,7.6,-7.6,0.6,2.5,0.62094,1134.0,27.503,24.66,246.6,1.4793135245613733,,,,Sand,,,Sand 3,3,6.68,33.98,-5.18,-32.48
-26.08,27.58,24.89,0.158,7.8,-7.8,0.6,2.5,0.63546,1135.0,27.522,24.89,248.9,1.4832842024968167,,,,Sand,,,Sand 3,3,6.68,33.98,-5.18,-32.48
-26.1,27.6,24.93,0.169,7.8,-7.8,0.6,2.5,0.67458,1136.0,27.542,24.93,249.3,1.5007985440617246,,,,Sand,,,Sand 3,3,6.68,33.98,-5.18,-32.48
-26.12,27.62,25.13,0.173,7.8,-7.8,0.6,2.5,0.6863,1136.0,27.562,25.13,251.3,1.5035657422659323,,,,Sand,,,Sand 3,3,6.68,33.98,-5.18,-32.48
-26.14,27.64,25.4,0.179,7.8,-7.8,0.6,2.5,0.70667,1137.0,27.582,25.4,254.0,1.5092393667250277,,,,Sand,,,Sand 3,3,6.68,33.98,-5.18,-32.48
-26.16,27.66,25.58,0.19,7.8,-7.8,0.6,2.5,0.74755,1138.0,27.602,25.58,255.8,1.524501311876524,,,,Sand,,,Sand 3,3,6.68,33.98,-5.18,-32.48
-26.18,27.68,25.55,0.1877,7.8,-7.8,0.6,2.5,0.73611,1139.0,27.621,25.55,255.5,1.5200600518765115,,,,Sand,,,Sand 3,3,6.68,33.98,-5.18,-32.48
-26.2,27.7,25.52,0.1853,7.8,-7.8,0.6,2.3,0.72468,1139.0,27.641,25.52,255.2,1.5155654675825125,,,,Sand,,,Sand 3,3,6.68,33.98,-5.18,-32.48
-26.22,27.72,25.64,0.183,7.8,-7.8,0.6,2.2,0.71415,1140.0,27.661,25.64,256.4,1.5096088000133867,,,,Sand,,,Sand 3,3,6.68,33.98,-5.18,-32.48
-26.24,27.74,25.58,0.186,7.8,-7.8,0.6,2.5,0.72448,1141.0,27.681,25.58,255.8,1.5147647636291162,,,,Sand,,,Sand 3,3,6.68,33.98,-5.18,-32.48
-26.26,27.76,25.59,0.185,7.8,-7.8,0.6,2.5,0.71914,1142.0,27.701,25.59,255.9,1.512356411254698,,,,Sand,,,Sand 3,3,6.68,33.98,-5.18,-32.48
-26.28,27.78,25.7,0.181,7.8,-7.8,0.6,2.4,0.70189,1143.0,27.72,25.7,257.0,1.503552952365222,,,,Sand,,,Sand 3,3,6.68,33.98,-5.18,-32.48
-26.3,27.8,25.84,0.183,7.8,-7.8,0.6,2.5,0.70865,1144.0,27.74,25.84,258.4,1.504848615643166,,,,Sand,,,Sand 3,3,6.68,33.98,-5.18,-32.48
-26.32,27.82,25.97,0.183,7.9,-7.8,0.8,2.1,0.70752,1144.0,27.76,25.97,259.7,1.5028241401139328,,,,Sand,,,Sand 3,3,6.68,33.98,-5.18,-32.48
-26.34,27.84,25.96,0.183,8.0,-8.0,0.6,2.9,0.70646,1145.0,27.78,25.96,259.6,1.5024782323770107,,,,Sand,,,Sand 3,3,6.68,33.98,-5.18,-32.48
-26.36,27.86,26.02,0.183,7.8,-7.8,0.6,3.0,0.70605,1146.0,27.8,26.02,260.2,1.5015944668076662,,,,Sand,,,Sand 3,3,6.68,33.98,-5.18,-32.48
-26.38,27.88,25.93,0.183,7.8,-7.8,0.6,2.7,0.70684,1146.0,27.82,25.93,259.3,1.5029972646113774,,,,Sand,,,Sand 3,3,6.68,33.98,-5.18,-32.48
-26.4,27.9,25.91,0.183,7.8,-7.8,0.6,2.5,0.70903,1147.0,27.839,25.91,259.1,1.5041887571001862,,,,Sand,,,Sand 3,3,6.68,33.98,-5.18,-32.48
-26.42,27.92,25.9,0.181,8.0,-8.0,0.6,2.5,0.70414,1148.0,27.859,25.9,259.0,1.5021688197068739,,,,Sand,,,Sand 3,3,6.68,33.98,-5.18,-32.48
-26.44,27.94,25.82,0.18,7.8,-7.8,0.6,2.6,0.70395,1149.0,27.879,25.82,258.2,1.5030309795643915,,,,Sand,,,Sand 3,3,6.68,33.98,-5.18,-32.48
-26.46,27.96,25.61,0.179,7.8,-7.8,0.6,2.5,0.70396,1150.0,27.899,25.61,256.1,1.5055340973487898,,,,Sand,,,Sand 3,3,6.68,33.98,-5.18,-32.48
-26.48,27.98,25.33,0.177,7.8,-7.8,0.6,2.5,0.70075,1150.0,27.919,25.33,253.3,1.5075007934468043,,,,Sand,,,Sand 3,3,6.68,33.98,-5.18,-32.48
-26.5,28.0,25.12,0.174,7.8,-7.8,0.6,2.5,0.6943,1151.0,27.938,25.12,251.2,1.5072293672199732,,,,Sand,,,Sand 3,3,6.68,33.98,-5.18,-32.48
-26.52,28.02,24.94,0.175,7.8,-7.8,0.6,2.5,0.70479,1152.0,27.958,24.94,249.4,1.5140352786470672,,,,Sand,,,Sand 3,3,6.68,33.98,-5.18,-32.48
-26.54,28.04,24.79,0.173,7.8,-7.8,0.6,2.5,0.70329,1153.0,27.978,24.79,247.9,1.5152415347889876,,,,Sand,,,Sand 3,3,6.68,33.98,-5.18,-32.48
-26.56,28.06,24.56,0.173,7.8,-7.8,0.6,2.5,0.71029,1153.0,27.998,24.56,245.6,1.5211447167458303,,,,Sand,,,Sand 3,3,6.68,33.98,-5.18,-32.48
-26.58,28.08,24.32,0.17,7.9,-7.8,0.8,2.5,0.70543,1154.0,28.018,24.32,243.2,1.5220804086098592,,,,Sand,,,Sand 3,3,6.68,33.98,-5.18,-32.48
-26.6,28.1,23.97,0.169,7.8,-7.8,0.6,2.5,0.70941,1155.0,28.037,23.97,239.7,1.5282816612780576,,,,Sand,,,Sand 3,3,6.68,33.98,-5.18,-32.48
-26.62,28.12,23.76,0.164,8.0,-8.0,0.6,2.6,0.69728,1156.0,28.057,23.76,237.6,1.5257807549473974,,,,Sand,,,Sand 3,3,6.68,33.98,-5.18,-32.48
-26.64,28.14,23.39,0.162,8.0,-8.0,0.6,2.5,0.69782,1157.0,28.077,23.39,233.9,1.5309096968989766,,,,Sand,,,Sand 3,3,6.68,33.98,-5.18,-32.48
-26.66,28.16,23.06,0.161,8.0,-8.0,0.6,2.5,0.70317,1157.0,28.097,23.06,230.6,1.5376534976728196,,,,Sand,,,Sand 3,3,6.68,33.98,-5.18,-32.48
-26.68,28.18,22.73,0.158,8.0,-8.0,0.6,2.5,0.69896,1158.0,28.117,22.73,227.3,1.540363451863639,,,,Sand,,,Sand 3,3,6.68,33.98,-5.18,-32.48
-26.7,28.2,22.37,0.156,8.0,-8.0,0.6,2.5,0.69873,1159.0,28.137,22.37,223.7,1.5452840467229534,,,,Sand,,,Sand 3,3,6.68,33.98,-5.18,-32.48
-26.72,28.22,22.12,0.153,8.0,-8.0,0.6,2.2,0.69246,1160.0,28.156,22.12,221.2,1.5461388753341543,,,,Sand,,,Sand 3,3,6.68,33.98,-5.18,-32.48
-26.74,28.24,21.77,0.147,7.8,-7.8,0.6,2.4,0.67054,1161.0,28.176,21.77,217.7,1.5416709015748153,,,,Sand,,,Sand 3,3,6.68,33.98,-5.18,-32.48
-26.76,28.26,21.64,0.143,8.0,-8.0,0.8,2.6,0.65566,1161.0,28.196,21.64,216.4,1.5369918018882638,,,,Sand,,,Sand 3,3,6.68,33.98,-5.18,-32.48
-26.78,28.28,21.53,0.139,8.0,-8.0,0.6,2.5,0.63897,1162.0,28.216,21.53,215.3,1.531103872674246,,,,Sand,,,Sand 3,3,6.68,33.98,-5.18,-32.48
-26.8,28.3,21.54,0.136,8.0,-8.0,0.6,2.5,0.62561,1163.0,28.236,21.54,215.4,1.5248224536200814,,,,Sand,,,Sand 3,3,6.68,33.98,-5.18,-32.48
-26.82,28.32,21.68,0.132,8.0,-8.0,0.8,2.4,0.60582,1164.0,28.255,21.68,216.8,1.5134445041334685,,,,Sand,,,Sand 3,3,6.68,33.98,-5.18,-32.48
-26.84,28.34,21.83,0.129,8.0,-8.0,0.6,2.3,0.58871,1165.0,28.275,21.83,218.3,1.5029784629294525,,,,Sand,,,Sand 3,3,6.68,33.98,-5.18,-32.48
-26.86,28.36,21.92,0.127,8.0,-8.0,0.6,3.0,0.57372,1165.0,28.295,21.92,219.2,1.4942739821973334,,,,Sand,,,Sand 3,3,6.68,33.98,-5.18,-32.48
-26.88,28.38,22.0,0.125,8.0,-8.0,0.8,2.7,0.55673,1166.0,28.315,22.0,220.0,1.4845538559758087,,,,Sand,,,Sand 3,3,6.68,33.98,-5.18,-32.48
-26.9,28.4,22.17,0.122,8.0,-8.0,0.6,2.5,0.53269,1167.0,28.335,22.17,221.7,1.469597509261854,,,,Sand,,,Sand 3,3,6.68,33.98,-5.18,-32.48
-26.92,28.42,22.63,0.119,8.0,-8.0,0.8,2.5,0.50663,1168.0,28.354,22.63,226.3,1.4487863231200393,,,,Sand,,,Sand 3,3,6.68,33.98,-5.18,-32.48
-26.94,28.44,23.32,0.123,8.0,-8.0,0.8,2.5,0.50924,1168.0,28.374,23.32,233.2,1.440204046887771,,,,Sand,,,Sand 3,3,6.68,33.98,-5.18,-32.48
-26.96,28.46,24.07,0.13,8.0,-8.0,0.8,2.5,0.5228,1169.0,28.394,24.07,240.7,1.4371353313757538,,,,Sand,,,Sand 3,3,6.68,33.98,-5.18,-32.48
-26.98,28.48,25.28,0.135,8.0,-8.0,0.8,2.6,0.52799,1170.0,28.414,25.28,252.8,1.4239058916012162,,,,Sand,,,Sand 3,3,6.68,33.98,-5.18,-32.48
-27.0,28.5,26.52,0.145,8.0,-8.0,0.8,2.4,0.55304,1171.0,28.434,26.52,265.2,1.4219383043499005,,,,Sand,,,Sand 3,3,6.68,33.98,-5.18,-32.48
-27.02,28.52,27.24,0.152,8.0,-8.0,0.8,2.5,0.56719,1171.0,28.453,27.24,272.4,1.420895371958206,,,,Sand,,,Sand 3,3,6.68,33.98,-5.18,-32.48
-27.04,28.54,27.7,0.164,8.0,-8.0,0.8,2.5,0.60065,1172.0,28.473,27.7,277.0,1.4328442651297035,,,,Sand,,,Sand 3,3,6.68,33.98,-5.18,-32.48
-27.06,28.56,27.79,0.175,8.0,-8.0,0.8,2.5,0.63171,1173.0,28.493,27.79,277.9,1.4471907947049594,,,,Sand,,,Sand 3,3,6.68,33.98,-5.18,-32.48
-27.08,28.58,27.83,0.185,8.0,-8.0,0.8,2.5,0.66066,1174.0,28.513,27.83,278.3,1.4605401163784522,,,,Sand,,,Sand 3,3,6.68,33.98,-5.18,-32.48
-27.1,28.6,27.96,0.196,8.0,-8.0,0.8,2.5,0.69414,1175.0,28.533,27.96,279.6,1.4744985777838622,,,,Sand,,,Sand 3,3,6.68,33.98,-5.18,-32.48
-27.12,28.62,28.11,0.206,8.0,-8.0,0.8,2.5,0.72487,1175.0,28.552,28.11,281.1,1.4865016356077556,,,,Sand,,,Sand 3,3,6.68,33.98,-5.18,-32.48
-27.14,28.64,28.47,0.211,8.0,-8.0,0.8,2.5,0.73792,1176.0,28.572,28.47,284.7,1.4883658868156457,,,,Sand,,,Sand 3,3,6.68,33.98,-5.18,-32.48
-27.16,28.66,28.92,0.217,8.0,-8.0,0.8,2.6,0.75423,1177.0,28.592,28.92,289.2,1.4907030187002452,,,,Sand,,,Sand 3,3,6.68,33.98,-5.18,-32.48
-27.18,28.68,29.11,0.221,8.0,-8.0,0.8,2.5,0.76227,1178.0,28.612,29.11,291.1,1.4921779227337701,,,,Sand,,,Sand 3,3,6.68,33.98,-5.18,-32.48
-27.2,28.7,29.16,0.225,8.0,-8.0,0.8,2.5,0.77012,1178.0,28.632,29.16,291.6,1.4949660959505484,,,,Sand,,,Sand 3,3,6.68,33.98,-5.18,-32.48
-27.22,28.72,29.19,0.23,8.0,-8.0,0.8,2.5,0.78165,1179.0,28.651,29.19,291.9,1.4994502244335406,,,,Sand,,,Sand 3,3,6.68,33.98,-5.18,-32.48
-27.24,28.74,29.25,0.237,8.0,-8.0,0.8,2.5,0.80027,1180.0,28.671,29.25,292.5,1.5064606152537565,,,,Sand,,,Sand 3,3,6.68,33.98,-5.18,-32.48
-27.26,28.76,29.73,0.242,8.2,-8.2,0.8,2.2,0.81256,1181.0,28.691,29.73,297.3,1.5067161985841935,,,,Sand,,,Sand 3,3,6.68,33.98,-5.18,-32.48
-27.28,28.78,29.9,0.246,8.0,-8.0,0.8,2.3,0.82133,1182.0,28.711,29.9,299.0,1.5085821707988911,,,,Sand,,,Sand 3,3,6.68,33.98,-5.18,-32.48
-27.3,28.8,30.14,0.246,8.0,-8.0,0.8,2.6,0.81606,1182.0,28.731,30.14,301.4,1.5041914752711973,,,,Sand,,,Sand 3,3,6.68,33.98,-5.18,-32.48
-27.32,28.82,30.44,0.248,8.2,-8.2,0.8,2.5,0.81676,1183.0,28.75,30.44,304.4,1.5016422109739023,,,,Sand,,,Sand 3,3,6.68,33.98,-5.18,-32.48
-27.34,28.84,30.45,0.252,8.0,-8.0,0.8,2.5,0.82562,1184.0,28.77,30.45,304.5,1.5050844676801831,,,,Sand,,,Sand 3,3,6.68,33.98,-5.18,-32.48
-27.36,28.86,30.51,0.254,8.2,-8.2,0.8,2.4,0.82837,1185.0,28.79,30.51,305.1,1.5056157746398546,,,,Sand,,,Sand 3,3,6.68,33.98,-5.18,-32.48
-27.38,28.88,30.74,0.257,8.2,-8.2,0.8,2.1,0.83438,1186.0,28.81,30.74,307.4,1.505860956291343,,,,Sand,,,Sand 3,3,6.68,33.98,-5.18,-32.48
-27.4,28.9,31.0,0.26,8.1,-8.0,1.0,2.7,0.84071,1187.0,28.83,31.0,310.0,1.5059707460012426,,,,Sand,,,Sand 3,3,6.68,33.98,-5.18,-32.48
-27.42,28.92,31.0,0.261,8.2,-8.2,0.8,3.0,0.83994,1187.0,28.849,31.0,310.0,1.5056682980582887,,,,Sand,,,Sand 3,3,6.68,33.98,-5.18,-32.48
-27.44,28.94,31.02,0.262,8.2,-8.2,0.8,2.7,0.83931,1188.0,28.869,31.02,310.2,1.5052385963443218,,,,Sand,,,Sand 3,3,6.68,33.98,-5.18,-32.48
-27.46,28.96,31.25,0.264,8.1,-8.0,1.0,2.5,0.84234,1189.0,28.889,31.25,312.5,1.5043466753785684,,,,Sand,,,Sand 3,3,6.68,33.98,-5.18,-32.48
-27.48,28.98,31.44,0.265,8.0,-8.0,0.8,2.5,0.84331,1189.0,28.909,31.44,314.4,1.5030226188688294,,,,Sand,,,Sand 3,3,6.68,33.98,-5.18,-32.48
-27.5,29.0,31.63,0.267,8.3,-8.2,1.0,2.5,0.84812,1190.0,28.929,31.63,316.3,1.5032171360731863,,,,Sand,,,Sand 3,3,6.68,33.98,-5.18,-32.48
-27.52,29.02,31.65,0.269,8.2,-8.2,0.8,2.5,0.85353,1191.0,28.948,31.65,316.5,1.5051511010890217,,,,Sand,,,Sand 3,3,6.68,33.98,-5.18,-32.48
-27.54,29.04,31.74,0.269,8.2,-8.2,0.8,2.5,0.8536,1192.0,28.968,31.74,317.4,1.5043842132249128,,,,Sand,,,Sand 3,3,6.68,33.98,-5.18,-32.48
-27.56,29.06,31.66,0.269,8.3,-8.2,1.0,2.5,0.85458,1193.0,28.988,31.66,316.6,1.505471166578083,,,,Sand,,,Sand 3,3,6.68,33.98,-5.18,-32.48
-27.58,29.08,31.46,0.271,8.3,-8.2,1.0,2.5,0.8635,1193.0,29.008,31.46,314.6,1.5106937853749618,,,,Sand,,,Sand 3,3,6.68,33.98,-5.18,-32.48
-27.6,29.1,31.3,0.271,8.2,-8.2,0.8,2.5,0.86699,1194.0,29.028,31.3,313.0,1.5134597671399892,,,,Sand,,,Sand 3,3,6.68,33.98,-5.18,-32.48
-27.62,29.12,31.23,0.275,8.3,-8.2,1.0,2.5,0.88368,1195.0,29.047,31.23,312.3,1.5204288544157907,,,,Sand,,,Sand 3,3,6.68,33.98,-5.18,-32.48
-27.64,29.14,31.15,0.275,8.3,-8.2,1.0,2.5,0.8856,1196.0,29.067,31.15,311.5,1.5218665550545987,,,,Sand,,,Sand 3,3,6.68,33.98,-5.18,-32.48
-27.66,29.16,30.88,0.276,8.3,-8.2,1.0,2.5,0.88789,1196.0,29.087,30.88,308.8,1.5251543365290017,,,,Sand,,,Sand 3,3,6.68,33.98,-5.18,-32.48
-27.68,29.18,30.64,0.272,8.3,-8.2,1.0,2.5,0.87207,1197.0,29.107,30.64,306.4,1.5213701817637,,,,Sand,,,Sand 3,3,6.68,33.98,-5.18,-32.48
-27.7,29.2,30.64,0.273,8.3,-8.2,1.0,2.5,0.86967,1198.0,29.127,30.64,306.4,1.520457376228453,,,,Sand,,,Sand 3,3,6.68,33.98,-5.18,-32.48
-27.72,29.22,31.12,0.274,8.3,-8.2,1.0,2.5,0.86388,1199.0,29.146,31.12,311.2,1.5138811570681698,,,,Sand,,,Sand 3,3,6.68,33.98,-5.18,-32.48
-27.74,29.24,31.72,0.276,8.3,-8.2,1.0,2.5,0.85754,1200.0,29.166,31.72,317.2,1.5060913291178746,,,,Sand,,,Sand 3,3,6.68,33.98,-5.18,-32.48
-27.76,29.26,32.14,0.281,8.3,-8.2,1.0,2.5,0.85824,1200.0,29.186,32.14,321.4,1.5026955127771824,,,,Sand,,,Sand 3,3,6.68,33.98,-5.18,-32.48
-27.78,29.28,32.84,0.283,8.3,-8.2,1.0,2.5,0.84931,1201.0,29.206,32.84,328.4,1.493218059665891,,,,Sand,,,Sand 3,3,6.68,33.98,-5.18,-32.48
-27.8,29.3,33.76,0.29,8.3,-8.2,1.0,2.3,0.85571,1202.0,29.226,33.76,337.6,1.4881070454368432,,,,Sand,,,Sand 3,3,6.68,33.98,-5.18,-32.48
-27.82,29.32,34.62,0.298,8.3,-8.2,1.0,2.3,0.86471,1203.0,29.245,34.62,346.2,1.4847563522253198,,,,Sand,,,Sand 3,3,6.68,33.98,-5.18,-32.48
-27.84,29.34,35.09,0.302,8.3,-8.2,1.0,2.5,0.86184,1204.0,29.265,35.09,350.9,1.479965046427774,,,,Sand,,,Sand 3,3,6.68,33.98,-5.18,-32.48
-27.86,29.36,35.28,0.309,8.3,-8.2,1.0,2.6,0.86676,1204.0,29.285,35.28,352.8,1.4804334835919402,,,,Sand,,,Sand 3,3,6.68,33.98,-5.18,-32.48
-27.88,29.38,35.67,0.321,8.3,-8.2,1.0,2.5,0.88646,1205.0,29.305,35.67,356.7,1.485124728335628,,,,Sand,,,Sand 3,3,6.68,33.98,-5.18,-32.48
-27.9,29.4,36.3,0.327,8.3,-8.2,1.0,2.5,0.89037,1206.0,29.324,36.3,363.0,1.4819464055547564,,,,Sand,,,Sand 3,3,6.68,33.98,-5.18,-32.48
-27.92,29.42,36.77,0.336,8.3,-8.2,1.0,2.4,0.90307,1207.0,29.344,36.77,367.7,1.4833922677025106,,,,Sand,,,Sand 3,3,6.68,33.98,-5.18,-32.48
-27.94,29.44,37.71,0.337,8.3,-8.2,1.0,2.0,0.89509,1208.0,29.364,37.71,377.1,1.4736660080275807,,,,Sand,,,Sand 3,3,6.68,33.98,-5.18,-32.48
-27.96,29.46,38.25,0.344,8.5,-8.4,1.0,3.1,0.90467,1208.0,29.384,38.25,382.5,1.473618718166016,,,,Sand,,,Sand 3,3,6.68,33.98,-5.18,-32.48
-27.98,29.48,38.74,0.351,8.7,-8.6,1.2,2.8,0.91558,1209.0,29.404,38.74,387.4,1.4744655307378987,,,,Sand,,,Sand 3,3,6.68,33.98,-5.18,-32.48
-28.0,29.5,38.93,0.361,8.5,-8.4,1.0,2.6,0.93384,1210.0,29.423,38.93,389.3,1.480083811535452,,,,Sand,,,Sand 3,3,6.68,33.98,-5.18,-32.48
-28.02,29.52,38.83,0.37,8.5,-8.4,1.2,2.5,0.95061,1211.0,29.443,38.83,388.3,1.4869686563398432,,,,Sand,,,Sand 3,3,6.68,33.98,-5.18,-32.48
-28.04,29.54,38.67,0.384,8.8,-8.8,1.0,2.5,0.98066,1211.0,29.463,38.67,386.7,1.498934733122329,,,,Sand,,,Sand 3,3,6.68,33.98,-5.18,-32.48
-28.06,29.56,38.79,0.39,8.7,-8.0,1.0,2.6,0.99224,1212.0,29.483,38.79,387.9,1.502268649831626,,,,Sand,,,Sand 3,3,6.68,33.98,-5.18,-32.48
-28.08,29.58,39.34,0.392,8.6,-8.4,1.0,2.5,0.99571,1213.0,29.502,39.34,393.4,1.4999208616570423,,,,Sand,,,Sand 3,3,6.68,33.98,-5.18,-32.48
-28.1,29.6,39.83,0.392,8.5,-8.4,1.0,2.5,0.99373,1214.0,29.522,39.83,398.3,1.496087053380434,,,,Sand,,,Sand 3,3,6.68,33.98,-5.18,-32.48
-28.12,29.62,40.13,0.394,8.5,-8.4,1.0,2.5,0.99413,1214.0,29.542,40.13,401.3,1.4943371751642232,,,,Sand,,,Sand 3,3,6.68,33.98,-5.18,-32.48
-28.14,29.64,39.92,0.399,8.1,-8.0,1.0,2.5,1.0003,1215.0,29.562,39.92,399.2,1.4978477103737695,,,,Sand,,,Sand 3,3,6.68,33.98,-5.18,-32.48
-28.16,29.66,39.44,0.408,8.6,-8.6,1.0,2.5,1.0175,1216.0,29.582,39.44,394.4,1.5069263548510468,,,,Sand,,,Sand 3,3,6.68,33.98,-5.18,-32.48
-28.18,29.68,39.46,0.414,8.5,-8.4,1.0,2.5,1.0301,1217.0,29.601,39.46,394.6,1.511156189989903,,,,Sand,,,Sand 3,3,6.68,33.98,-5.18,-32.48
-28.2,29.7,40.15,0.417,8.7,-8.6,1.2,2.5,1.0379,1218.0,29.621,40.15,401.5,1.5094969945893726,,,,Sand,,,Sand 3,3,6.68,33.98,-5.18,-32.48
-28.22,29.72,40.82,0.419,8.5,-8.4,1.0,2.5,1.0432,1218.0,29.641,40.82,408.2,1.5072005376452566,,,,Sand,,,Sand 3,3,6.68,33.98,-5.18,-32.48
-28.24,29.74,41.04,0.42,8.5,-8.4,1.2,2.6,1.0444,1219.0,29.661,41.04,410.4,1.5062817618567974,,,,Sand,,,Sand 3,3,6.68,33.98,-5.18,-32.48
-28.26,29.76,40.56,0.425,8.6,-8.6,1.0,2.5,1.0547,1220.0,29.68,40.56,405.6,1.512694525189361,,,,Sand,,,Sand 3,3,6.68,33.98,-5.18,-32.48
-28.28,29.78,40.03,0.429,8.8,-8.8,1.0,2.5,1.0636,1221.0,29.7,40.03,400.3,1.5189506131116695,,,,Sand,,,Sand 3,3,6.68,33.98,-5.18,-32.48
-28.3,29.8,39.81,0.433,8.5,-8.4,1.2,2.5,1.0745,1221.0,29.72,39.81,398.1,1.5239524651649459,,,,Sand,,,Sand 3,3,6.68,33.98,-5.18,-32.48
-28.32,29.82,39.84,0.435,8.3,-8.2,1.0,2.3,1.0812,1222.0,29.74,39.84,398.4,1.5259832298867422,,,,Sand,,,Sand 3,3,6.68,33.98,-5.18,-32.48
-28.34,29.84,40.13,0.431,8.9,-8.8,1.2,2.2,1.0698,1223.0,29.76,40.13,401.3,1.5204054286293573,,,,Sand,,,Sand 3,3,6.68,33.98,-5.18,-32.48
-28.36,29.86,40.45,0.429,9.0,-9.0,1.0,2.5,1.0598,1224.0,29.779,40.45,404.5,1.5150881920809998,,,,Sand,,,Sand 3,3,6.68,33.98,-5.18,-32.48
-28.38,29.88,40.51,0.43,8.7,-8.6,1.2,2.6,1.0554,1225.0,29.799,40.51,405.1,1.513236578890243,,,,Sand,,,Sand 3,3,6.68,33.98,-5.18,-32.48
-28.4,29.9,40.54,0.435,8.8,-8.8,1.0,2.5,1.062,1226.0,29.819,40.54,405.4,1.5152790995318342,,,,Sand,,,Sand 3,3,6.68,33.98,-5.18,-32.48
-28.42,29.92,40.99,0.438,8.9,-8.8,1.2,2.6,1.0654,1226.0,29.839,40.99,409.9,1.5137004556922773,,,,Sand,,,Sand 3,3,6.68,33.98,-5.18,-32.48
-28.44,29.94,41.57,0.443,8.7,-8.6,1.2,2.4,1.0754,1227.0,29.858,41.57,415.7,1.5136059566589037,,,,Sand,,,Sand 3,3,6.68,33.98,-5.18,-32.48
-28.46,29.96,41.92,0.443,8.7,-8.6,1.2,2.0,1.0742,1228.0,29.878,41.92,419.2,1.511159734923478,,,,Sand,,,Sand 3,3,6.68,33.98,-5.18,-32.48
-28.48,29.98,41.56,0.441,8.6,-8.6,1.0,2.7,1.0692,1229.0,29.898,41.56,415.6,1.511589097234662,,,,Sand,,,Sand 3,3,6.68,33.98,-5.18,-32.48
-28.5,30.0,41.34,0.442,8.9,-8.8,1.2,3.0,1.0732,1229.0,29.918,41.34,413.4,1.5142276889158592,,,,Sand,,,Sand 3,3,6.68,33.98,-5.18,-32.48
-28.52,30.02,41.11,0.446,8.6,-8.6,1.0,2.9,1.0853,1230.0,29.937,41.11,411.1,1.5196154876643377,,,,Sand,,,Sand 3,3,6.68,33.98,-5.18,-32.48
-28.54,30.04,40.89,0.447,8.7,-8.6,1.2,2.5,1.0898,1231.0,29.957,40.89,408.9,1.5224132715317418,,,,Sand,,,Sand 3,3,6.68,33.98,-5.18,-32.48
-28.56,30.06,40.58,0.444,8.9,-8.8,1.2,2.5,1.0831,1232.0,29.977,40.58,405.8,1.5220707344797193,,,,Sand,,,Sand 3,3,6.68,33.98,-5.18,-32.48
-28.58,30.08,40.52,0.442,8.5,-8.4,1.2,2.5,1.079,1232.0,29.997,40.52,405.2,1.5210774935080793,,,,Sand,,,Sand 3,3,6.68,33.98,-5.18,-32.48
-28.6,30.1,40.84,0.438,8.8,-8.8,1.0,2.5,1.0692,1233.0,30.017,40.84,408.4,1.5158766368440606,,,,Sand,,,Sand 3,3,6.68,33.98,-5.18,-32.48
-28.62,30.12,41.3,0.433,8.5,-8.4,1.0,2.5,1.0566,1234.0,30.036,41.3,413.0,1.5088786932215654,,,,Sand,,,Sand 3,3,6.68,33.98,-5.18,-32.48
-28.64,30.14,41.36,0.431,8.6,-8.6,1.0,2.5,1.0495,1235.0,30.056,41.36,413.6,1.5061083013051402,,,,Sand,,,Sand 3,3,6.68,33.98,-5.18,-32.48
-28.66,30.16,41.1,0.43,8.5,-8.4,1.2,2.5,1.0431,1236.0,30.076,41.1,411.0,1.5054759954999368,,,,Sand,,,Sand 3,3,6.68,33.98,-5.18,-32.48
-28.68,30.18,41.12,0.428,8.8,-8.8,1.0,2.5,1.0336,1236.0,30.096,41.12,411.2,1.5020889391888637,,,,Sand,,,Sand 3,3,6.68,33.98,-5.18,-32.48
-28.7,30.2,41.01,0.427,8.9,-8.8,1.2,2.5,1.0269,1237.0,30.115,41.01,410.1,1.5004331179148975,,,,Sand,,,Sand 3,3,6.68,33.98,-5.18,-32.48
-28.72,30.22,41.29,0.423,8.7,-8.6,1.2,2.5,1.0128,1238.0,30.135,41.29,412.9,1.493817018719121,,,,Sand,,,Sand 3,3,6.68,33.98,-5.18,-32.48
-28.74,30.24,41.78,0.421,8.8,-8.8,1.0,2.5,1.0027,1239.0,30.155,41.78,417.8,1.487317466113175,,,,Sand,,,Sand 3,3,6.68,33.98,-5.18,-32.48
-28.76,30.26,42.31,0.424,8.7,-8.6,1.2,2.5,1.0056,1240.0,30.175,42.31,423.1,1.4852312605231066,,,,Sand,,,Sand 3,3,6.68,33.98,-5.18,-32.48
-28.78,30.28,42.67,0.428,8.5,-8.4,1.2,2.6,1.0139,1240.0,30.195,42.67,426.7,1.4860881591586397,,,,Sand,,,Sand 3,3,6.68,33.98,-5.18,-32.48
-28.8,30.3,42.83,0.432,9.1,-9.0,1.2,2.5,1.0283,1241.0,30.214,42.83,428.3,1.4902300428325825,,,,Sand,,,Sand 3,3,6.68,33.98,-5.18,-32.48
-28.82,30.32,42.89,0.433,9.3,-9.2,1.2,2.5,1.0441,1242.0,30.234,42.89,428.9,1.4953693099318364,,,,Sand,,,Sand 3,3,6.68,33.98,-5.18,-32.48
-28.84,30.34,42.54,0.429,9.1667,-8.6,1.2,2.5,1.0532,1243.0,30.254,42.54,425.4,1.5004848828745951,,,,Sand,,,Sand 3,3,6.68,33.98,-5.18,-32.48
-28.86,30.36,41.39,0.424,9.0333,-8.2,1.2,2.4,1.0636,1243.0,30.273,41.39,413.9,1.510709639312264,,,,Sand,,,Sand 3,3,6.68,33.98,-5.18,-32.48
-28.88,30.38,39.67,0.419,8.9,-8.8,1.2,2.2,1.0752,1244.0,30.293,39.67,396.7,1.5250585212244492,,,,Sand,,,Sand 3,3,6.68,33.98,-5.18,-32.48
-28.9,30.4,37.48,0.414,8.9,-8.8,1.2,2.4,1.0874,1245.0,30.313,37.48,374.8,1.543272281232871,,,,Sand,,,Sand 3,3,6.68,33.98,-5.18,-32.48
-28.92,30.42,36.38,0.401,9.1,-9.0,1.2,2.6,1.0782,1246.0,30.333,36.38,363.8,1.5478327574187927,,,,Sand,,,Sand 3,3,6.68,33.98,-5.18,-32.48
-28.94,30.44,35.74,0.389,9.1,-9.0,1.2,2.5,1.0688,1247.0,30.353,35.74,357.4,1.549305622917592,,,,Sand,,,Sand 3,3,6.68,33.98,-5.18,-32.48
-28.96,30.46,35.68,0.374,9.1,-9.0,1.4,2.6,1.0449,1247.0,30.372,35.68,356.8,1.541833437265016,,,,Sand,,,Sand 3,3,6.68,33.98,-5.18,-32.48
-28.98,30.48,35.7,0.36,9.3,-9.2,1.2,2.5,1.0152,1248.0,30.392,35.7,357.0,1.5316417503724011,,,,Sand,,,Sand 3,3,6.68,33.98,-5.18,-32.48
-29.0,30.5,35.49,0.35,9.3,-9.2,1.2,2.2,0.99217,1249.0,30.412,35.49,354.9,1.5252169320601978,,,,Sand,,,Sand 3,3,6.68,33.98,-5.18,-32.48
-29.02,30.52,35.03,0.349,9.3,-8.6,1.2,2.4,0.99109,1250.0,30.431,35.03,350.3,1.528264413386244,,,,Sand,,,Sand 3,3,6.68,33.98,-5.18,-32.48
-29.04,30.54,34.83,0.351,9.3,-8.8,1.2,3.1,0.99868,1251.0,30.451,34.83,348.3,1.532406924732794,,,,Sand,,,Sand 3,3,6.68,33.98,-5.18,-32.48
-29.06,30.56,34.84,0.346,9.3,-9.2,1.2,2.9,0.9879,1251.0,30.471,34.84,348.4,1.5285832013613152,,,,Sand,,,Sand 3,3,6.68,33.98,-5.18,-32.48
-29.08,30.58,34.9,0.338,9.2333,-8.6,1.2,2.5,0.97011,1252.0,30.491,34.9,349.0,1.5218638473769326,,,,Sand,,,Sand 3,3,6.68,33.98,-5.18,-32.48
-29.1,30.6,35.24,0.333,9.1667,-8.8,1.2,2.5,0.96031,1253.0,30.51,35.24,352.4,1.5158021073520829,,,,Sand,,,Sand 3,3,6.68,33.98,-5.18,-32.48
-29.12,30.62,35.14,0.329,9.1,-9.0,1.2,2.5,0.95321,1254.0,30.53,35.14,351.4,1.5139998897075926,,,,Sand,,,Sand 3,3,6.68,33.98,-5.18,-32.48
-29.14,30.64,34.72,0.327,9.3,-9.2,1.2,2.6,0.95224,1254.0,30.55,34.72,347.2,1.5168437771405416,,,,Sand,,,Sand 3,3,6.68,33.98,-5.18,-32.48
-29.16,30.66,34.03,0.324,9.1,-9.0,1.2,2.4,0.94872,1255.0,30.57,34.03,340.3,1.5209347546191603,,,,Sand,,,Sand 3,3,6.68,33.98,-5.18,-32.48
-29.18,30.68,33.71,0.322,9.1,-9.0,1.2,2.5,0.94894,1256.0,30.589,33.71,337.1,1.5235482274634515,,,,Sand,,,Sand 3,3,6.68,33.98,-5.18,-32.48
-29.2,30.7,33.54,0.32,9.3,-9.2,1.2,2.5,0.94839,1257.0,30.609,33.54,335.4,1.524709458813314,,,,Sand,,,Sand 3,3,6.68,33.98,-5.18,-32.48
-29.22,30.72,33.44,0.315,9.1,-9.0,1.2,2.5,0.93639,1258.0,30.629,33.44,334.4,1.5211776747707881,,,,Sand,,,Sand 3,3,6.68,33.98,-5.18,-32.48
-29.24,30.74,33.39,0.31,9.1,-9.0,1.2,2.5,0.92039,1258.0,30.649,33.39,333.9,1.5157279841648883,,,,Sand,,,Sand 3,3,6.68,33.98,-5.18,-32.48
-29.26,30.76,33.49,0.31,9.3,-9.2,1.2,2.5,0.9154,1259.0,30.668,33.49,334.9,1.5130729382517858,,,,Sand,,,Sand 3,3,6.68,33.98,-5.18,-32.48
-29.28,30.78,33.61,0.312,9.1,-9.0,1.2,2.5,0.91358,1260.0,30.688,33.61,336.1,1.5114278554897838,,,,Sand,,,Sand 3,3,6.68,33.98,-5.18,-32.48
-29.3,30.8,33.91,0.315,9.1,-9.0,1.2,2.5,0.91014,1261.0,30.708,33.91,339.1,1.5077400352916708,,,,Sand,,,Sand 3,3,6.68,33.98,-5.18,-32.48
-29.32,30.82,34.36,0.32,9.3,-9.2,1.2,2.6,0.9099,1261.0,30.728,34.36,343.6,1.5040886846092942,,,,Sand,,,Sand 3,3,6.68,33.98,-5.18,-32.48
-29.34,30.84,35.18,0.323,9.3,-9.2,1.2,2.5,0.90416,1262.0,30.747,35.18,351.8,1.495587632455065,,,,Sand,,,Sand 3,3,6.68,33.98,-5.18,-32.48
-29.36,30.86,35.83,0.332,9.1,-9.0,1.2,2.5,0.91599,1263.0,30.767,35.83,358.3,1.4951486921947508,,,,Sand,,,Sand 3,3,6.68,33.98,-5.18,-32.48
-29.38,30.88,37.11,0.339,9.1,-9.0,1.2,2.5,0.92471,1264.0,30.787,37.11,371.1,1.4891358957119638,,,,Sand,,,Sand 3,3,6.68,33.98,-5.18,-32.48
-29.4,30.9,37.86,0.341,9.1,-9.0,1.2,2.5,0.92193,1265.0,30.807,37.86,378.6,1.4828523363658188,,,,Sand,,,Sand 3,3,6.68,33.98,-5.18,-32.48
-29.42,30.92,37.93,0.342,8.9,-8.8,1.2,2.2,0.91874,1265.0,30.826,37.93,379.3,1.4811672297802392,,,,Sand,,,Sand 3,3,6.68,33.98,-5.18,-32.48
-29.44,30.94,37.78,0.35,9.5,-9.4,1.4,2.4,0.93464,1266.0,30.846,37.78,377.8,1.488158331727958,,,,Sand,,,Sand 3,3,6.68,33.98,-5.18,-32.48
-29.46,30.96,37.23,0.352,9.5667,-8.8,1.2,2.5,0.93801,1267.0,30.866,37.23,372.3,1.4932354067369293,,,,Sand,,,Sand 3,3,6.68,33.98,-5.18,-32.48
-29.48,30.98,36.98,0.353,9.6333,-9.2,1.2,2.5,0.94278,1268.0,30.886,36.98,369.8,1.4967564302134218,,,,Sand,,,Sand 3,3,6.68,33.98,-5.18,-32.48
-29.5,31.0,37.08,0.355,9.7,-9.6,1.4,2.5,0.95308,1269.0,30.905,37.08,370.8,1.499820138215523,,,,Sand,,,Sand 3,3,6.68,33.98,-5.18,-32.48
-29.52,31.02,37.61,0.354,9.6667,-8.8,1.2,2.5,0.95618,1269.0,30.925,37.61,376.1,1.497256687955939,,,,Sand,,,Sand 3,3,6.68,33.98,-5.18,-32.48
-29.54,31.04,37.74,0.353,9.6333,-9.2,1.2,2.2,0.95752,1270.0,30.945,37.74,377.4,1.4968496986652593,,,,Sand,,,Sand 3,3,6.68,33.98,-5.18,-32.48
-29.56,31.06,37.19,0.352,9.6,-9.6,1.2,2.4,0.959,1271.0,30.964,37.19,371.9,1.5011998618183648,,,,Sand,,,Sand 3,3,6.68,33.98,-5.18,-32.48
-29.58,31.08,36.37,0.355,9.7,-9.6,1.4,3.1,0.97264,1272.0,30.984,36.37,363.7,1.5119180147687648,,,,Sand,,,Sand 3,3,6.68,33.98,-5.18,-32.48
-29.6,31.1,35.98,0.358,9.9,-9.8,1.4,2.8,0.98926,1272.0,31.004,35.98,359.8,1.5206129332122968,,,,Sand,,,Sand 3,3,6.68,33.98,-5.18,-32.48
-29.62,31.12,35.98,0.359,9.8333,-9.4,1.2,2.5,1.0022,1273.0,31.024,35.98,359.8,1.5251274858381756,,,,Sand,,,Sand 3,3,6.68,33.98,-5.18,-32.48
-29.64,31.14,35.69,0.357,9.7667,-9.4,1.4,2.5,1.0063,1274.0,31.043,35.69,356.9,1.528654084199082,,,,Sand,,,Sand 3,3,6.68,33.98,-5.18,-32.48
-29.66,31.16,35.43,0.352,9.7,-9.6,1.4,2.5,1.0011,1275.0,31.063,35.43,354.3,1.5287650927723908,,,,Sand,,,Sand 3,3,6.68,33.98,-5.18,-32.48
-29.68,31.18,35.13,0.347,9.3,-9.2,1.2,2.6,0.99616,1276.0,31.083,35.13,351.3,1.5292797900475716,,,,Sand,,,Sand 3,3,6.68,33.98,-5.18,-32.48
-29.7,31.2,34.8,0.344,9.1,-9.0,1.2,2.5,0.9979,1276.0,31.102,34.8,348.0,1.5323636216661032,,,,Sand,,,Sand 3,3,6.68,33.98,-5.18,-32.48
-29.72,31.22,34.42,0.34,9.5,-9.4,1.4,2.5,0.99678,1277.0,31.122,34.42,344.2,1.5348701089852266,,,,Sand,,,Sand 3,3,6.68,33.98,-5.18,-32.48
-29.74,31.24,33.85,0.336,9.3,-9.2,1.4,2.5,0.99508,1278.0,31.142,33.85,338.5,1.5387033474790937,,,,Sand,,,Sand 3,3,6.68,33.98,-5.18,-32.48
-29.76,31.26,33.37,0.333,9.1,-9.0,1.4,2.5,0.99533,1279.0,31.162,33.37,333.7,1.5425881868175855,,,,Sand,,,Sand 3,3,6.68,33.98,-5.18,-32.48
-29.78,31.28,33.09,0.328,9.4,-9.4,1.2,2.5,0.98929,1279.0,31.181,33.09,330.9,1.5427532964093227,,,,Sand,,,Sand 3,3,6.68,33.98,-5.18,-32.48
-29.8,31.3,32.79,0.32,9.5,-9.4,1.4,2.5,0.9729,1280.0,31.201,32.79,327.9,1.5394928476314855,,,,Sand,,,Sand 3,3,6.68,33.98,-5.18,-32.48
-29.82,31.32,32.68,0.314,9.5,-9.4,1.4,2.5,0.96208,1281.0,31.221,32.68,326.8,1.5365916709926932,,,,Sand,,,Sand 3,3,6.68,33.98,-5.18,-32.48
-29.84,31.34,32.65,0.304,9.5,-9.4,1.4,2.5,0.9391,1282.0,31.241,32.65,326.5,1.5286336700918124,,,,Sand,,,Sand 3,3,6.68,33.98,-5.18,-32.48
-29.86,31.36,32.39,0.299,9.5,-9.4,1.4,2.6,0.9319,1283.0,31.26,32.39,323.9,1.5282049955396078,,,,Sand,,,Sand 3,3,6.68,33.98,-5.18,-32.48
-29.88,31.38,32.31,0.294,9.5,-9.4,1.4,2.5,0.92417,1283.0,31.28,32.31,323.1,1.526067157507233,,,,Sand,,,Sand 3,3,6.68,33.98,-5.18,-32.48
-29.9,31.4,31.82,0.288,9.5,-9.4,1.4,2.5,0.91345,1284.0,31.3,31.82,318.2,1.526330731157488,,,,Sand,,,Sand 3,3,6.68,33.98,-5.18,-32.48
-29.92,31.42,31.24,0.283,9.5,-9.4,1.4,2.5,0.90578,1285.0,31.319,31.24,312.4,1.5285846670523164,,,,Sand,,,Sand 3,3,6.68,33.98,-5.18,-32.48
-29.94,31.44,30.8,0.279,9.5,-9.4,1.4,2.2,0.9008,1286.0,31.339,30.8,308.0,1.5306843310516887,,,,Sand,,,Sand 3,3,6.68,33.98,-5.18,-32.48
-29.96,31.46,30.61,0.274,9.7,-9.6,1.4,2.3,0.89258,1287.0,31.359,30.61,306.1,1.5293592576972046,,,,Sand,,,Sand 3,3,6.68,33.98,-5.18,-32.48
-29.98,31.48,30.41,0.271,9.7,-9.6,1.4,2.7,0.88933,1287.0,31.379,30.41,304.1,1.5299819446558427,,,,Sand,,,Sand 3,3,6.68,33.98,-5.18,-32.48
-30.0,31.5,30.37,0.269,9.7,-9.6,1.4,2.5,0.88772,1288.0,31.398,30.37,303.7,1.529749689217176,,,,Sand,,,Sand 3,3,6.68,33.98,-5.18,-32.48
-30.02,31.52,30.22,0.266,9.7,-9.6,1.4,2.5,0.88182,1289.0,31.418,30.22,302.2,1.5289301720754165,,,,Sand,,,Sand 3,3,6.68,33.98,-5.18,-32.48
-30.04,31.54,30.11,0.26,9.7,-9.6,1.4,2.6,0.86544,1290.0,31.438,30.11,301.1,1.5237623690427635,,,,Sand,,,Sand 3,3,6.68,33.98,-5.18,-32.48
-30.06,31.56,30.02,0.256,9.7,-9.6,1.4,2.1,0.85551,1291.0,31.457,30.02,300.2,1.5208077463323353,,,,Sand,,,Sand 3,3,6.68,33.98,-5.18,-32.48
-30.08,31.58,29.88,0.252,9.7,-9.6,1.4,2.7,0.84621,1291.0,31.477,29.88,298.8,1.5185433404075148,,,,Sand,,,Sand 3,3,6.68,33.98,-5.18,-32.48
-30.1,31.6,29.7,0.249,9.7,-9.6,1.4,2.9,0.84054,1292.0,31.497,29.7,297.0,1.5180608016767725,,,,Sand,,,Sand 3,3,6.68,33.98,-5.18,-32.48
-30.12,31.62,29.63,0.246,9.7,-9.6,1.4,2.7,0.83553,1293.0,31.517,29.63,296.3,1.5167784989059483,,,,Sand,,,Sand 3,3,6.68,33.98,-5.18,-32.48
-30.14,31.64,29.46,0.244,9.7,-9.6,1.4,2.5,0.83479,1294.0,31.536,29.46,294.6,1.5181349393105736,,,,Sand,,,Sand 3,3,6.68,33.98,-5.18,-32.48
-30.16,31.66,29.22,0.241,9.7,-9.6,1.6,2.5,0.83086,1294.0,31.556,29.22,292.2,1.518941065749909,,,,Sand,,,Sand 3,3,6.68,33.98,-5.18,-32.48
-30.18,31.68,28.97,0.237,9.7,-9.6,1.4,2.5,0.82413,1295.0,31.576,28.97,289.7,1.5187673029199582,,,,Sand,,,Sand 3,3,6.68,33.98,-5.18,-32.48
-30.2,31.7,28.66,0.235,9.7,-9.6,1.6,2.5,0.82565,1296.0,31.595,28.66,286.6,1.5224699127952874,,,,Sand,,,Sand 3,3,6.68,33.98,-5.18,-32.48
-30.22,31.72,28.31,0.233,9.7,-9.6,1.6,2.5,0.82822,1297.0,31.615,28.31,283.1,1.5270304827435068,,,,Sand,,,Sand 3,3,6.68,33.98,-5.18,-32.48
-30.24,31.74,28.1,0.232,9.7,-9.6,1.4,2.5,0.83555,1297.0,31.635,28.1,281.0,1.5320384599680341,,,,Sand,,,Sand 3,3,6.68,33.98,-5.18,-32.48
-30.26,31.76,27.71,0.231,9.7,-9.6,1.6,2.5,0.84418,1298.0,31.655,27.71,277.1,1.53941191764708,,,,Sand,,,Sand 3,3,6.68,33.98,-5.18,-32.48
-30.28,31.78,27.27,0.228,9.7,-9.6,1.6,2.5,0.84731,1299.0,31.674,27.27,272.7,1.5452535164011278,,,,Sand,,,Sand 3,3,6.68,33.98,-5.18,-32.48
-30.3,31.8,26.82,0.225,9.7,-9.6,1.4,2.5,0.85183,1300.0,31.694,26.82,268.2,1.5518118418799207,,,,Sand,,,Sand 3,3,6.68,33.98,-5.18,-32.48
-30.32,31.82,26.29,0.219,9.7,-9.6,1.6,2.5,0.8456,1301.0,31.714,26.29,262.9,1.5552900987565281,,,,Sand,,,Sand 3,3,6.68,33.98,-5.18,-32.48
-30.34,31.84,25.75,0.214,9.7,-9.6,1.4,2.5,0.84165,1301.0,31.733,25.75,257.5,1.5598971393011838,,,,Sand,,,Sand 3,3,6.68,33.98,-5.18,-32.48
-30.36,31.86,25.02,0.21,9.7,-9.6,1.6,2.5,0.83828,1302.0,31.753,25.02,250.2,1.5671332887322476,,,,Sand,,,Sand 3,3,6.68,33.98,-5.18,-32.48
-30.38,31.88,24.35,0.205,9.7,-9.6,1.6,2.5,0.82862,1303.0,31.773,24.35,243.5,1.5715684949813347,,,,Sand,,,Sand 3,3,6.68,33.98,-5.18,-32.48
-30.4,31.9,23.98,0.2,9.9,-9.8,1.4,2.6,0.81683,1304.0,31.793,23.98,239.8,1.5716713885474978,,,,Sand,,,Sand 3,3,6.68,33.98,-5.18,-32.48
-30.42,31.92,23.93,0.196,9.9,-9.8,1.6,2.4,0.80729,1304.0,31.812,23.93,239.3,1.5686305151325743,,,,Sand,,,Sand 3,3,6.68,33.98,-5.18,-32.48
-30.44,31.94,24.27,0.191,9.9,-9.8,1.6,2.5,0.79114,1305.0,31.832,24.27,242.7,1.558064225025959,,,,Sand,,,Sand 3,3,6.68,33.98,-5.18,-32.48
-30.46,31.96,24.33,0.186,9.9,-9.8,1.4,2.5,0.77319,1306.0,31.852,24.33,243.3,1.550176213293167,,,,Sand,,,Sand 3,3,6.68,33.98,-5.18,-32.48
-30.48,31.98,24.25,0.186,9.9,-9.8,1.4,2.2,0.77553,1307.0,31.871,24.25,242.5,1.552114576740577,,,,Sand,,,Sand 3,3,6.68,33.98,-5.18,-32.48
-30.5,32.0,24.1,0.188,9.9,-9.8,1.6,2.2,0.78636,1308.0,31.891,24.1,241.0,1.558306149327305,,,,Sand,,,Sand 3,3,6.68,33.98,-5.18,-32.48
-30.520000000000003,32.02,23.93,0.192,9.9,-9.8,1.6,2.6,0.80643,1309.0,31.911,23.93,239.3,1.5682979657763125,,,,Sand,,,Sand 3,3,6.68,33.98,-5.18,-32.48
-30.54,32.04,23.66,0.195,9.9,-9.8,1.4,2.5,0.82213,1309.0,31.93,23.66,236.6,1.577743204486123,,,,Sand,,,Sand 3,3,6.68,33.98,-5.18,-32.48
-30.560000000000002,32.06,23.4,0.198,9.9,-9.8,1.6,2.5,0.8365,1310.0,31.95,23.4,234.0,1.5864911486497126,,,,Sand,,,Sand 3,3,6.68,33.98,-5.18,-32.48
-30.58,32.08,23.32,0.202,9.9,-9.8,1.4,2.5,0.85084,1311.0,31.97,23.32,233.2,1.592844169642655,,,,Sand,,,Sand 3,3,6.68,33.98,-5.18,-32.48
-30.6,32.1,23.48,0.205,9.9,-9.8,1.6,2.1,0.85725,1312.0,31.99,23.48,234.8,1.5931483220010212,,,,Sand,,,Sand 3,3,6.68,33.98,-5.18,-32.48
-30.619999999999997,32.12,23.61,0.206,9.9,-9.8,1.6,2.8,0.85278,1313.0,32.009,23.61,236.1,1.5898503794098138,,,,Sand,,,Sand 3,3,6.68,33.98,-5.18,-32.48
-30.64,32.14,23.86,0.207,9.9,-9.8,1.4,2.9,0.84589,1313.0,32.029,23.86,238.6,1.5841442589511343,,,,Sand,,,Sand 3,3,6.68,33.98,-5.18,-32.48
-30.659999999999997,32.16,24.67,0.209,9.9,-9.8,1.6,2.6,0.84236,1314.0,32.049,24.67,246.7,1.5728586730230747,,,,Sand,,,Sand 3,3,6.68,33.98,-5.18,-32.48
-30.68,32.18,25.31,0.211,9.9,-9.8,1.6,2.5,0.83897,1315.0,32.068,25.31,253.1,1.5639761977912057,,,,Sand,,,Sand 3,3,6.68,33.98,-5.18,-32.48
-30.700000000000003,32.2,25.6,0.213,9.9,-9.8,1.4,2.5,0.8339,1316.0,32.088,25.6,256.0,1.55867747547282,,,,Sand,,,Sand 3,3,6.68,33.98,-5.18,-32.48
-30.72,32.22,25.92,0.217,9.9,-9.8,1.6,2.5,0.8361,1316.0,32.108,25.92,259.2,1.5558473151771457,,,,Sand,,,Sand 3,3,6.68,33.98,-5.18,-32.48
-30.740000000000002,32.24,26.04,0.22,9.9,-9.8,1.6,2.5,0.83535,1317.0,32.128,26.04,260.4,1.5541996531707378,,,,Sand,,,Sand 3,3,6.68,33.98,-5.18,-32.48
-30.759999999999998,32.26,26.19,0.223,10.1,-10.0,1.6,2.6,0.83583,1318.0,32.147,26.19,261.9,1.5526919697021815,,,,Sand,,,Sand 3,3,6.68,33.98,-5.18,-32.48
-30.78,32.28,26.75,0.224,9.9,-9.8,1.6,2.4,0.83028,1319.0,32.167,26.75,267.5,1.5443465681453463,,,,Sand,,,Sand 3,3,6.68,33.98,-5.18,-32.48
-30.799999999999997,32.3,27.15,0.224,10.0,-10.0,1.4,2.5,0.82349,1319.0,32.187,27.15,271.5,1.5373655384854932,,,,Sand,,,Sand 3,3,6.68,33.98,-5.18,-32.48
-30.82,32.32,27.73,0.226,10.0,-10.0,1.4,2.5,0.82587,1320.0,32.206,27.73,277.3,1.5321227634941132,,,,Sand,,,Sand 3,3,6.68,33.98,-5.18,-32.48
-30.840000000000003,32.34,28.06,0.226,9.9,-9.8,1.6,2.5,0.82215,1321.0,32.226,28.06,280.6,1.5272258274798813,,,,Sand,,,Sand 3,3,6.68,33.98,-5.18,-32.48
-30.86,32.36,27.99,0.23,10.0,-10.0,1.4,2.5,0.83572,1322.0,32.246,27.99,279.9,1.5332403368606118,,,,Sand,,,Sand 3,3,6.68,33.98,-5.18,-32.48
-30.880000000000003,32.38,27.7,0.231,10.0,-10.0,1.4,2.5,0.84207,1323.0,32.265,27.7,277.0,1.5387073514230705,,,,Sand,,,Sand 3,3,6.68,33.98,-5.18,-32.48
-30.9,32.4,27.35,0.233,10.1,-10.0,1.6,2.5,0.85626,1323.0,32.285,27.35,273.5,1.5477974531917553,,,,Sand,,,Sand 3,3,6.68,33.98,-5.18,-32.48
-30.92,32.42,27.18,0.233,9.9,-9.8,1.6,2.5,0.86754,1324.0,32.305,27.18,271.8,1.5538384026184517,,,,Sand,,,Sand 3,3,6.68,33.98,-5.18,-32.48
-30.939999999999998,32.44,27.01,0.23,10.1,-10.0,1.6,2.6,0.86994,1325.0,32.324,27.01,270.1,1.5565495901586826,,,,Sand,,,Sand 3,3,6.68,33.98,-5.18,-32.48
-30.96,32.46,26.44,0.227,10.1,-10.0,1.6,2.5,0.87283,1326.0,32.344,26.44,264.4,1.5638138490300408,,,,Sand,,,Sand 3,3,6.68,33.98,-5.18,-32.48
-30.979999999999997,32.48,25.96,0.22,10.0,-10.0,1.4,2.6,0.86076,1326.0,32.364,25.96,259.6,1.5646869345059269,,,,Sand,,,Sand 3,3,6.68,33.98,-5.18,-32.48
-31.0,32.5,25.23,0.214,10.1,-10.0,1.6,2.5,0.85314,1327.0,32.384,25.23,252.3,1.5702383581306771,,,,Sand,,,Sand 3,3,6.68,33.98,-5.18,-32.48
-31.020000000000003,32.52,24.64,0.208,10.1,-10.0,1.6,2.3,0.84501,1328.0,32.403,24.64,246.4,1.5742143665672785,,,,Sand,,,Sand 3,3,6.68,33.98,-5.18,-32.48
-31.04,32.54,24.25,0.201,10.1,-10.0,1.6,2.2,0.82976,1329.0,32.423,24.25,242.5,1.5732334178328742,,,,Sand,,,Sand 3,3,6.68,33.98,-5.18,-32.48
-31.060000000000002,32.56,23.76,0.194,10.1,-10.0,1.6,2.5,0.81057,1330.0,32.443,23.76,237.6,1.5720496406284858,,,,Sand,,,Sand 3,3,6.68,33.98,-5.18,-32.48
-31.08,32.58,23.38,0.194,10.1,-10.0,1.6,2.6,0.81693,1330.0,32.462,23.38,233.8,1.5793625116275007,,,,Sand,,,Sand 3,3,6.68,33.98,-5.18,-32.48
-31.1,32.6,23.26,0.193,10.1,-10.0,1.6,2.5,0.81901,1331.0,32.482,23.26,232.6,1.5817125377786554,,,,Sand,,,Sand 3,3,6.68,33.98,-5.18,-32.48
-31.119999999999997,32.62,23.31,0.188,10.1,-10.0,1.6,2.6,0.80424,1332.0,32.502,23.31,233.1,1.5754065963730295,,,,Sand,,,Sand 3,3,6.68,33.98,-5.18,-32.48
-31.14,32.64,23.64,0.185,10.1,-10.0,1.6,2.2,0.7984,1333.0,32.521,23.64,236.4,1.5688746856536193,,,,Sand,,,Sand 3,3,6.68,33.98,-5.18,-32.48
-31.159999999999997,32.66,23.74,0.183,10.1,-10.0,1.6,2.5,0.79782,1334.0,32.541,23.74,237.4,1.567368212533751,,,,Sand,,,Sand 3,3,6.68,33.98,-5.18,-32.48
-31.18,32.68,23.18,0.182,10.1,-10.0,1.6,3.1,0.80296,1334.0,32.561,23.18,231.8,1.5766136884884312,,,,Sand,,,Sand 3,3,6.68,33.98,-5.18,-32.48
-31.200000000000003,32.7,22.74,0.18,10.1,-10.0,1.6,2.8,0.80573,1335.0,32.58,22.74,227.4,1.5835208700978927,,,,Sand,,,Sand 3,3,6.68,33.98,-5.18,-32.48
-31.22,32.72,22.12,0.176,10.3,-10.2,1.6,2.6,0.80173,1336.0,32.6,22.12,221.2,1.5904552078179153,,,,Sand,,,Sand 3,3,6.68,33.98,-5.18,-32.48
-31.240000000000002,32.74,21.51,0.173,10.1,-10.0,1.6,2.5,0.80246,1337.0,32.62,21.51,215.1,1.5993482434556423,,,,Sand,,,Sand 3,3,6.68,33.98,-5.18,-32.48
-31.259999999999998,32.76,21.09,0.169,10.3,-10.2,1.6,2.5,0.79684,1337.0,32.639,21.09,210.9,1.6033133471417267,,,,Sand,,,Sand 3,3,6.68,33.98,-5.18,-32.48
-31.28,32.78,20.7,0.163,10.3,-10.2,1.6,2.6,0.78028,1338.0,32.659,20.7,207.0,1.6027743332628102,,,,Sand,,,Sand 3,3,6.68,33.98,-5.18,-32.48
-31.299999999999997,32.8,20.54,0.158,10.1,-10.0,1.6,2.5,0.76597,1339.0,32.679,20.54,205.4,1.5996428835692251,,,,Sand,,,Sand 3,3,6.68,33.98,-5.18,-32.48
-31.32,32.82,20.59,0.151,10.2,-10.2,1.4,2.5,0.73943,1340.0,32.699,20.59,205.9,1.5883411052366094,,,,Sand,,,Sand 3,3,6.68,33.98,-5.18,-32.48
-31.340000000000003,32.84,20.38,0.147,10.2,-10.2,1.4,2.5,0.72624,1340.0,32.718,20.38,203.8,1.5862475407430239,,,,Sand,,,Sand 3,3,6.68,33.98,-5.18,-32.48
-31.36,32.86,20.19,0.144,10.3,-10.2,1.6,2.5,0.71744,1341.0,32.738,20.19,201.9,1.5856298507958906,,,,Sand,,,Sand 3,3,6.68,33.98,-5.18,-32.48
-31.380000000000003,32.88,20.02,0.142,10.2,-10.2,1.4,2.5,0.71501,1342.0,32.758,20.02,200.2,1.5873319547357485,,,,Sand,,,Sand 3,3,6.68,33.98,-5.18,-32.48
-31.4,32.9,19.86,0.143,10.3,-10.2,1.6,2.5,0.7301,1343.0,32.777,19.86,198.6,1.596041968443918,,,,Sand,,,Sand 3,3,6.68,33.98,-5.18,-32.48
-31.42,32.92,19.65,0.142,10.3,-10.2,1.6,2.5,0.73628,1344.0,32.797,19.65,196.5,1.601917029507916,,,,Sand,,,Sand 3,3,6.68,33.98,-5.18,-32.48
-31.439999999999998,32.94,19.34,0.139,10.3,-10.2,1.6,2.5,0.7338,1344.0,32.817,19.34,193.4,1.6060056808277126,,,,Sand,,,Sand 3,3,6.68,33.98,-5.18,-32.48
-31.46,32.96,18.85,0.137,10.3,-10.2,1.6,2.5,0.73805,1345.0,32.836,18.85,188.5,1.6159243899928628,,,,Sand,,,Sand 3,3,6.68,33.98,-5.18,-32.48
-31.479999999999997,32.98,18.4,0.135,10.3,-10.2,1.6,2.5,0.74401,1346.0,32.856,18.4,184.0,1.6260406812127493,,,,Sand,,,Sand 3,3,6.68,33.98,-5.18,-32.48
-31.5,33.0,17.98,0.134,10.2,-10.2,1.4,2.4,0.75878,1347.0,32.876,17.98,179.8,1.63920439320432,,,,Sand,,,Sand 3,3,6.68,33.98,-5.18,-32.48
-31.520000000000003,33.02,17.44,0.132,10.3,-10.2,1.6,2.6,0.77114,1347.0,32.895,17.44,174.4,1.6537357832377773,,,,Sand,,,Sand 3,3,6.68,33.98,-5.18,-32.48
-31.54,33.04,16.98,0.13,10.3,-10.2,1.6,2.4,0.78502,1348.0,32.915,16.98,169.8,1.6675471705027742,,,,Sand,,,Sand 3,3,6.68,33.98,-5.18,-32.48
-31.560000000000002,33.06,16.52,0.123,10.2,-10.2,1.4,2.1,0.77001,1349.0,32.935,16.52,165.2,1.670871945704725,,,,Sand,,,Sand 3,3,6.68,33.98,-5.18,-32.48
-31.58,33.08,15.77,0.119,10.3,-10.2,1.6,2.5,0.77417,1350.0,32.954,15.77,157.7,1.687581175740802,,,,Sand,,,Sand 3,3,6.68,33.98,-5.18,-32.48
-31.6,33.1,15.0,0.115,10.3,-10.2,1.6,2.5,0.77729,1351.0,32.974,15.0,150.0,1.7051670324272032,,,,Sand,,,Sand 3,3,6.68,33.98,-5.18,-32.48
-31.619999999999997,33.12,14.39,0.112,10.2,-10.2,1.4,2.5,0.78776,1351.0,32.994,14.39,143.9,1.7226490867223574,,,,Sand,,,Sand 3,3,6.68,33.98,-5.18,-32.48
-31.64,33.14,13.71,0.107,10.3,-10.2,1.6,2.5,0.78288,1352.0,33.013,13.71,137.1,1.736981906039487,,,,Sand,,,Sand 3,3,6.68,33.98,-5.18,-32.48
-31.659999999999997,33.16,13.16,0.102,10.3,-10.2,1.6,2.2,0.77434,1353.0,33.033,13.16,131.6,1.7476381647626518,,,,Sand,,,Sand 3,3,6.68,33.98,-5.18,-32.48
-31.68,33.18,12.83,0.099,10.2,-10.2,1.4,3.1,0.77739,1354.0,33.053,12.83,128.3,1.757255108437898,,,,Sand,,,Sand 3,3,6.68,33.98,-5.18,-32.48
-31.700000000000003,33.2,12.36,0.096,10.4,-10.4,1.4,3.0,0.77772,1354.0,33.072,12.36,123.6,1.7699608545297154,,,,Sand,,,Sand 3,3,6.68,33.98,-5.18,-32.48
-31.72,33.22,12.12,0.093,10.4,-10.4,1.4,2.6,0.77468,1355.0,33.092,12.12,121.2,1.7755357948846386,,,,Sand,,,Sand 3,3,6.68,33.98,-5.18,-32.48
-31.740000000000002,33.24,11.81,0.091,10.2,-10.2,1.4,2.5,0.77745,1356.0,33.112,11.81,118.1,1.7853007252734403,,,,Sand,,,Sand 3,3,6.68,33.98,-5.18,-32.48
-31.759999999999998,33.26,11.5,0.09,10.3,-10.2,1.6,2.5,0.78775,1357.0,33.131,11.5,115.0,1.7979031295617938,,,,Sand,,,Sand 3,3,6.68,33.98,-5.18,-32.48
-31.78,33.28,11.26,0.09,10.2,-10.2,1.4,2.5,0.80492,1358.0,33.151,11.26,112.6,1.8108982635266822,,,,Sand,,,Sand 3,3,6.68,33.98,-5.18,-32.48
-31.799999999999997,33.3,11.0,0.091,10.3,-10.2,1.6,2.5,0.83115,1358.0,33.171,11.0,110.0,1.8275086910352607,,,,Sand,,,Sand 3,3,6.68,33.98,-5.18,-32.48
-31.82,33.32,10.76,0.092,10.2,-10.2,1.4,2.5,0.85651,1359.0,33.191,10.76,107.6,1.8431429722496435,,,,Sand,,,Sand 3,3,6.68,33.98,-5.18,-32.48
-31.840000000000003,33.34,10.59,0.093,10.4,-10.4,1.4,2.6,0.88162,1360.0,33.21,10.59,105.9,1.8563961070040256,,,,Sand,,,Sand 3,3,6.68,33.98,-5.18,-32.48
-31.86,33.36,10.41,0.094,10.4,-10.4,1.4,2.5,0.90821,1361.0,33.23,10.41,104.1,1.8703000540868278,,,,Sand,,,Sand 3,3,6.68,33.98,-5.18,-32.48
-31.880000000000003,33.38,10.26,0.099,10.2,-10.2,1.4,2.5,0.97862,1361.0,33.25,10.26,102.6,1.8957419368193023,,,,Sand,,,Sand 3,3,6.68,33.98,-5.18,-32.48
-31.9,33.4,10.15,0.105,10.4,-10.4,1.4,2.5,1.0701,1362.0,33.269,10.15,101.5,1.9243162128380582,,,,Sand,,,Sand 3,3,6.68,33.98,-5.18,-32.48
-31.92,33.42,9.96,0.117,10.4,-10.4,1.4,2.5,1.2414,1363.0,33.289,9.96,99.6,1.9729127294952653,,,,Sand,,,Sand 3,3,6.68,33.98,-5.18,-32.48
-31.939999999999998,33.44,9.67,0.132,10.4,-10.4,1.4,2.5,1.4775,1364.0,33.309,9.67,96.7,2.0334072877999394,,,,Sand,,,Sand 3,3,6.68,33.98,-5.18,-32.48
-31.96,33.46,9.13,0.149,10.4,-10.4,1.4,2.5,1.781,1365.0,33.328,9.13,91.3,2.1074939709258707,,,,Sand mixtures,,,Sand 3,3,6.68,33.98,-5.18,-32.48
-31.979999999999997,33.48,8.33,0.169,10.4,-10.4,1.4,2.5,2.1768,1365.0,33.348,8.33,83.3,2.197111622164473,,,,Sand mixtures,,,Sand 3,3,6.68,33.98,-5.18,-32.48
-32.0,33.5,7.49,0.182,10.4,-10.4,1.4,2.5,2.5455,1366.0,33.368,7.49,74.9,2.2778973741590605,,,,Sand mixtures,,,Sand 3,3,6.68,33.98,-5.18,-32.48
-32.02,33.52,6.48,0.199,10.4,-10.4,1.4,2.6,3.0446,1367.0,33.387,6.48,64.8,2.3774752890652477,,,8.77878707722769,Sand mixtures,,,Sand 3,3,6.68,33.98,-5.18,-32.48
-32.04,33.54,5.72,0.217,10.4,-10.4,1.4,2.4,3.6364,1368.0,33.407,5.72,57.2,2.4705877608530575,,,10.198972844815186,Sand mixtures,,,Sand 3,3,6.68,33.98,-5.18,-32.48
-32.06,33.56,5.33,0.224,10.4,-10.4,1.4,2.5,4.0904,1368.0,33.427,5.33,53.3,2.5287083452814283,,,10.822016420713503,Sand mixtures,,,Sand 3,3,6.68,33.98,-5.18,-32.48
-32.08,33.58,5.05,0.239,10.4,-10.4,1.4,2.5,4.707,1369.0,33.446,5.05,50.5,2.5891581556276453,,,11.434556653438799,Sand mixtures,,,Sand 3,3,6.68,33.98,-5.18,-32.48
-32.1,33.6,4.76,0.231,10.5,-10.4,1.6,2.1,4.8238,1370.0,33.466,4.76,47.6,2.6144910857260037,,,11.531990267083469,Silty clay / clayey silt,,,Sand 3,3,6.68,33.98,-5.18,-32.48
-32.12,33.62,4.58,0.233,10.4,-10.4,1.4,2.5,5.0971,1371.0,33.486,4.58,45.8,2.6433959709037307,,,11.743299777512492,Silty clay / clayey silt,,,Sand 3,3,6.68,33.98,-5.18,-32.48
-32.14,33.64,4.4,0.231,10.4,-10.4,1.4,2.5,5.271,1372.0,33.505,4.4,44.0,2.6659376608352825,,10.739040957837592,11.867316803229695,Silty clay / clayey silt,,,Sand 3,3,6.68,33.98,-5.18,-32.48
-32.16,33.66,4.3,0.221,10.7,-10.5,1.6,2.5,5.2215,1372.0,33.525,4.3,43.0,2.6698124784168407,,9.859628253039808,11.832760398533573,Silty clay / clayey silt,,,Sand 3,3,6.68,33.98,-5.18,-32.48
-32.18,33.68,4.17,0.223,10.6,-10.5,1.4,2.5,5.38,1373.0,33.545,4.17,41.7,2.6884099579792866,,12.148033446964195,11.941460428315695,Silty clay / clayey silt,,,Sand 3,3,6.68,33.98,-5.18,-32.48
-32.2,33.7,3.98,0.223,10.6,-10.5,1.4,2.7,5.4457,1374.0,33.564,3.98,39.8,2.706193535384902,,12.805345954254095,11.984921319730326,Silty clay / clayey silt,,,Sand 3,3,6.68,33.98,-5.18,-32.48
-32.22,33.72,3.82,0.229,10.6,-10.5,1.4,2.9,5.6214,1375.0,33.584,3.82,38.2,2.7284779745890972,,14.190876740342189,12.096949800857423,Silty clay / clayey silt,,,Sand 3,3,6.68,33.98,-5.18,-32.48
-32.24,33.74,3.85,0.228,10.6,-10.5,1.4,2.7,5.5934,1375.0,33.604,3.85,38.5,2.7245617304789125,,13.996397158867788,12.079487153410515,Silty clay / clayey silt,,,Sand 3,3,6.68,33.98,-5.18,-32.48
-32.26,33.76,4.06,0.232,10.6,-10.5,1.4,2.5,5.6689,1376.0,33.623,4.06,40.599999999999994,2.7128919672022835,,14.503588007602925,12.126251188594017,Silty clay / clayey silt,,,Sand 3,3,6.68,33.98,-5.18,-32.48
-32.28,33.78,4.18,0.238,10.6,-10.5,1.4,2.5,5.7592,1377.0,33.643,4.18,41.8,2.709240378414797,,15.047722401981156,12.180872722601997,Silty clay / clayey silt,,,Sand 3,3,6.68,33.98,-5.18,-32.48
-32.3,33.8,4.23,0.239,10.6,-10.5,1.4,2.5,5.6103,1378.0,33.663,4.23,42.3,2.6974037598502814,,14.1147393687789,12.090044199994857,Silty clay / clayey silt,,,Sand 3,3,6.68,33.98,-5.18,-32.48
-32.32,33.82,4.32,0.255,10.6,-10.5,1.4,2.5,5.6354,1379.0,33.682,4.32,43.2,2.692581334719625,,14.28519137408423,12.105627834538087,Silty clay / clayey silt,,,Sand 3,3,6.68,33.98,-5.18,-32.48
-32.34,33.84,4.3,0.285,10.6,-10.5,1.4,2.5,5.8089,1379.0,33.702,4.3,43.0,2.7036043938363012,,15.323667335722646,12.210353508968977,Silty clay / clayey silt,,,Sand 3,3,6.68,33.98,-5.18,-32.48
-32.36,33.86,4.3,0.283,10.8,-10.7,1.4,2.5,5.2178,1380.0,33.722,4.3,43.0,2.6695890412165646,,9.783692484874654,11.830154298487198,Silty clay / clayey silt,,,Sand 3,3,6.68,33.98,-5.18,-32.48
-32.38,33.88,4.84,0.246,10.6,-10.5,1.4,2.6,4.1017,1381.0,33.741,4.84,48.4,2.558619493956858,,,10.835163914206591,Sand mixtures,,,Sand 3,3,6.68,33.98,-5.18,-32.48
-32.4,33.9,5.97,0.21,10.6,-10.5,1.4,2.5,3.2024,1382.0,33.761,5.97,59.7,2.418054783074813,,,9.289549843849649,Sand mixtures,,,Sand 3,3,6.68,33.98,-5.18,-32.48
-32.42,33.92,7.11,0.191,10.6,-10.5,1.4,2.5,2.6871,1382.0,33.78,7.11,71.1,2.3105157730312196,,,,Sand mixtures,,,Sand 3,3,6.68,33.98,-5.18,-32.48
-32.44,33.94,8.32,0.157,10.8,-10.7,1.4,2.5,2.0532,1383.0,33.8,8.32,83.2,2.179555747580999,,,,Sand mixtures,,,Sand 3,3,6.68,33.98,-5.18,-32.48
-32.46,33.96,8.82,0.135,10.8,-10.7,1.4,2.5,1.6655,1384.0,33.82,8.82,88.2,2.0981532297384398,,,,Sand mixtures,,,Sand 3,3,6.68,33.98,-5.18,-32.48
-32.48,33.98,8.8,0.125,10.8,-10.7,1.4,2.5,1.4794,1385.0,33.839,8.8,88.0,2.0638655801279993,,,,Sand mixtures,,,Sand 4,4,33.98,35.04,-32.48,-33.54
-32.5,34.0,8.7044,0.114,10.8,-10.7,1.2,2.5,1.2994,1386.0,33.859,8.7044,87.044,2.0299185303907734,,,,Sand,,,Sand 4,4,33.98,35.04,-32.48,-33.54
-32.52,34.02,8.6089,0.112,10.8,-10.7,1.2,2.5,1.2302,1386.0,33.879,8.6089,86.089,2.0180242989010564,,,,Sand,,,Sand 4,4,33.98,35.04,-32.48,-33.54
-32.54,34.04,8.5133,0.11,10.8,-10.7,1.4,2.5,1.1627,1387.0,33.898,8.5133,85.133,2.0059226052510333,,,,Sand,,,Sand 4,4,33.98,35.04,-32.48,-33.54
-32.56,34.06,8.72,0.108,10.8,-10.7,1.4,2.6,1.0926,1388.0,33.918,8.72,87.2,1.9806676665079914,,,,Sand,,,Sand 4,4,33.98,35.04,-32.48,-33.54
-32.58,34.08,9.7,0.103,11.0,-10.9,1.2,2.4,0.99,1389.0,33.938,9.7,97.0,1.917742165833506,,,,Sand,,,Sand 4,4,33.98,35.04,-32.48,-33.54
-32.6,34.1,10.97,0.094,10.8,-10.7,1.2,2.5,0.85287,1389.0,33.957,10.97,109.7,1.8354401093845967,,,,Sand,,,Sand 4,4,33.98,35.04,-32.48,-33.54
-32.62,34.12,11.67,0.087,11.0,-10.9,1.2,2.5,0.74327,1390.0,33.977,11.67,116.7,1.777304446221741,,,,Sand,,,Sand 4,4,33.98,35.04,-32.48,-33.54
-32.64,34.14,12.19,0.084,10.8,-10.7,1.2,2.2,0.67674,1391.0,33.997,12.19,121.9,1.7374785752928872,,,,Sand,,,Sand 4,4,33.98,35.04,-32.48,-33.54
-32.66,34.16,12.86,0.083,10.8,-10.7,1.2,2.4,0.63474,1392.0,34.016,12.86,128.6,1.7021655177530512,,,,Sand,,,Sand 4,4,33.98,35.04,-32.48,-33.54
-32.68,34.18,13.55,0.089,10.8,-10.7,1.2,2.5,0.65387,1393.0,34.036,13.55,135.5,1.6919364391791158,,,,Sand,,,Sand 4,4,33.98,35.04,-32.48,-33.54
-32.7,34.2,13.98,0.091,11.0,-10.9,1.2,2.5,0.64528,1393.0,34.055,13.98,139.8,1.6776956273397818,,,,Sand,,,Sand 4,4,33.98,35.04,-32.48,-33.54
-32.72,34.22,14.38,0.093,10.8,-10.7,1.2,2.5,0.63885,1394.0,34.075,14.38,143.8,1.6653587131560623,,,,Sand,,,Sand 4,4,33.98,35.04,-32.48,-33.54
-32.74,34.24,15.01,0.095,11.0,-10.9,1.2,2.3,0.63365,1395.0,34.095,15.01,150.1,1.6485227295385967,,,,Sand,,,Sand 4,4,33.98,35.04,-32.48,-33.54
-32.76,34.26,15.25,0.098,11.0,-10.9,1.2,2.6,0.63497,1396.0,34.114,15.25,152.5,1.6436844640983965,,,,Sand,,,Sand 4,4,33.98,35.04,-32.48,-33.54
-32.78,34.28,15.6,0.104,11.0,-10.9,1.2,3.0,0.65429,1396.0,34.134,15.6,156.0,1.6441505009761517,,,,Sand,,,Sand 4,4,33.98,35.04,-32.48,-33.54
-32.8,34.3,15.83,0.109,11.0,-10.9,1.2,2.7,0.66504,1397.0,34.154,15.83,158.3,1.6437001587472935,,,,Sand,,,Sand 4,4,33.98,35.04,-32.48,-33.54
-32.82,34.32,16.34,0.111,11.0,-10.9,1.2,2.5,0.65734,1398.0,34.173,16.34,163.4,1.629853862750945,,,,Sand,,,Sand 4,4,33.98,35.04,-32.48,-33.54
-32.84,34.34,17.08,0.121,11.0,-10.9,1.2,2.5,0.69525,1399.0,34.193,17.08,170.8,1.6308218111034611,,,,Sand,,,Sand 4,4,33.98,35.04,-32.48,-33.54
-32.86,34.36,17.67,0.127,11.0,-10.9,1.2,2.5,0.7094,1400.0,34.213,17.67,176.7,1.6254102202589247,,,,Sand,,,Sand 4,4,33.98,35.04,-32.48,-33.54
-32.88,34.38,18.34,0.131,11.0,-10.9,1.2,2.5,0.71259,1400.0,34.232,18.34,183.4,1.614580516999016,,,,Sand,,,Sand 4,4,33.98,35.04,-32.48,-33.54
-32.9,34.4,18.98,0.136,11.0,-10.9,1.2,2.5,0.72249,1401.0,34.252,18.98,189.8,1.6074937223797843,,,,Sand,,,Sand 4,4,33.98,35.04,-32.48,-33.54
-32.92,34.42,19.39,0.141,11.2,-11.1,1.2,2.5,0.73442,1402.0,34.271,19.39,193.9,1.6054275705525431,,,,Sand,,,Sand 4,4,33.98,35.04,-32.48,-33.54
-32.94,34.44,19.59,0.148,11.0,-10.9,1.2,2.4,0.75791,1403.0,34.291,19.59,195.9,1.6114471192569035,,,,Sand,,,Sand 4,4,33.98,35.04,-32.48,-33.54
-32.96,34.46,19.68,0.156,11.2,-11.1,1.2,2.5,0.78753,1403.0,34.311,19.68,196.8,1.6214096437402528,,,,Sand,,,Sand 4,4,33.98,35.04,-32.48,-33.54
-32.98,34.48,19.86,0.162,11.0,-10.9,1.2,2.5,0.80657,1404.0,34.33,19.86,198.6,1.6257167630991887,,,,Sand,,,Sand 4,4,33.98,35.04,-32.48,-33.54
-33.0,34.5,20.08,0.167,11.2,-11.1,1.2,2.5,0.81748,1405.0,34.35,20.08,200.8,1.6263286950710287,,,,Sand,,,Sand 4,4,33.98,35.04,-32.48,-33.54
-33.02,34.52,20.3,0.168,11.2,-11.1,1.2,2.5,0.80542,1406.0,34.37,20.3,203.0,1.6184381140539448,,,,Sand,,,Sand 4,4,33.98,35.04,-32.48,-33.54
-33.04,34.54,20.59,0.174,11.2,-11.1,1.2,2.5,0.81437,1407.0,34.389,20.59,205.9,1.6173708642667926,,,,Sand,,,Sand 4,4,33.98,35.04,-32.48,-33.54
-33.06,34.56,21.19,0.178,11.2,-11.1,1.2,2.5,0.8126,1407.0,34.409,21.19,211.9,1.6078115598624914,,,,Sand,,,Sand 4,4,33.98,35.04,-32.48,-33.54
-33.08,34.58,22.14,0.18,11.2,-11.1,1.2,2.5,0.8012,1408.0,34.428,22.14,221.4,1.5899745582730351,,,,Sand,,,Sand 4,4,33.98,35.04,-32.48,-33.54
-33.1,34.6,23.03,0.181,11.2,-11.1,1.2,2.6,0.78465,1409.0,34.448,23.03,230.3,1.5714691400774299,,,,Sand,,,Sand 4,4,33.98,35.04,-32.48,-33.54
-33.12,34.62,23.74,0.184,11.2,-11.1,1.2,2.5,0.77649,1410.0,34.468,23.74,237.4,1.5589657178371195,,,,Sand,,,Sand 4,4,33.98,35.04,-32.48,-33.54
-33.14,34.64,24.17,0.189,11.2,-11.1,1.2,2.5,0.77626,1410.0,34.487,24.17,241.7,1.5534103257651006,,,,Sand,,,Sand 4,4,33.98,35.04,-32.48,-33.54
-33.16,34.66,24.57,0.2,11.4,-11.3,1.2,2.2,0.801,1411.0,34.507,24.57,245.7,1.558228178848205,,,,Sand,,,Sand 4,4,33.98,35.04,-32.48,-33.54
-33.18,34.68,25.11,0.213,11.4,-11.3,1.2,2.3,0.8364,1412.0,34.526,25.11,251.1,1.5653555062208584,,,,Sand,,,Sand 4,4,33.98,35.04,-32.48,-33.54
-33.2,34.7,25.62,0.219,11.4,-11.3,1.2,2.6,0.8495,1413.0,34.546,25.62,256.2,1.5643499462452573,,,,Sand,,,Sand 4,4,33.98,35.04,-32.48,-33.54
-33.22,34.72,26.4,0.222,11.4,-11.3,1.2,2.5,0.85714,1414.0,34.566,26.4,264.0,1.5584167265733073,,,,Sand,,,Sand 4,4,33.98,35.04,-32.48,-33.54
-33.24,34.74,27.11,0.223,11.4,-11.3,1.2,2.5,0.8603,1415.0,34.585,27.11,271.1,1.5518752661755693,,,,Sand,,,Sand 4,4,33.98,35.04,-32.48,-33.54
-33.26,34.76,27.01,0.222,11.4,-11.3,1.2,2.5,0.85942,1415.0,34.605,27.01,270.1,1.5526176040033437,,,,Sand,,,Sand 4,4,33.98,35.04,-32.48,-33.54
-33.28,34.78,26.25,0.224,11.4,-11.3,1.2,2.1,0.87266,1416.0,34.625,26.25,262.5,1.5658513619596928,,,,Sand,,,Sand 4,4,33.98,35.04,-32.48,-33.54
-33.3,34.8,25.13,0.219,11.4,-11.3,1.2,2.8,0.8622,1417.0,34.644,25.13,251.3,1.5747755408078137,,,,Sand,,,Sand 4,4,33.98,35.04,-32.48,-33.54
-33.32,34.82,24.74,0.213,11.4,-11.3,1.2,2.9,0.8503,1418.0,34.664,24.74,247.4,1.5749871145510346,,,,Sand,,,Sand 4,4,33.98,35.04,-32.48,-33.54
-33.34,34.84,24.39,0.208,11.4,-11.3,1.2,2.6,0.8407,1418.0,34.683,24.39,243.9,1.5756374623662934,,,,Sand,,,Sand 4,4,33.98,35.04,-32.48,-33.54
-33.36,34.86,24.32,0.206,11.4,-11.3,1.2,2.5,0.83902,1419.0,34.703,24.32,243.2,1.575864868923524,,,,Sand,,,Sand 4,4,33.98,35.04,-32.48,-33.54
-33.38,34.88,24.25,0.201,11.6,-11.5,1.2,2.5,0.8184,1420.0,34.723,24.25,242.5,1.5689046174364765,,,,Sand,,,Sand 4,4,33.98,35.04,-32.48,-33.54
-33.4,34.9,24.31,0.2017,11.6,-11.5,1.2,2.5,0.8183,1421.0,34.742,24.31,243.1,1.5681240716482483,,,,Sand,,,Sand 4,4,33.98,35.04,-32.48,-33.54
-33.42,34.92,24.54,0.2023,11.6,-11.5,1.2,2.5,0.81404,1421.0,34.762,24.54,245.4,1.5636594167826299,,,,Sand,,,Sand 4,4,33.98,35.04,-32.48,-33.54
-33.44,34.94,24.74,0.203,11.6,-11.5,1.2,2.5,0.80652,1422.0,34.781,24.74,247.4,1.5583099476791495,,,,Sand,,,Sand 4,4,33.98,35.04,-32.48,-33.54
-33.46,34.96,25.19,,11.6,-11.5,1.2,2.6,0.0,1423.0,34.801,25.19,251.9,,,,,Unknown material,,,Sand 4,4,33.98,35.04,-32.48,-33.54
-33.48,34.98,25.45,,11.6,-11.5,1.2,2.5,0.0,1424.0,34.82,25.45,254.5,,,,,Unknown material,,,Sand 4,4,33.98,35.04,-32.48,-33.54
-33.5,35.0,26.01,,11.6,-11.5,1.2,2.5,0.0,1425.0,34.84,26.01,260.1,,,,,Unknown material,,,Sand 4,4,33.98,35.04,-32.48,-33.54
-33.52,35.02,26.87,,11.6,-11.5,1.2,2.5,0.0,1425.0,34.86,26.87,268.7,,,,,Unknown material,,,Sand 4,4,33.98,35.04,-32.48,-33.54
-33.54,35.04,25.88,,11.6,-11.5,1.2,2.5,0.0,1426.0,34.879,25.88,258.8,,,,,Unknown material,,,Sand 4,4,33.98,35.04,-32.48,-33.54
