elevation_m_nap,depth_m,qc_mpa,fs_mpa,col_4,col_5,col_6,col_7,rf_percent,col_9,corrected_depth,qt_mpa,qt_over_pa,Isbt,Bqt,peat_boundary_qt_over_pa,organic_clay_boundary_qt_over_pa,soil_type,used_organic_boundary_qt_over_pa,distance_to_used_organic_boundary,layer_id,soil_layer_number,layer_top_depth_m,layer_bottom_depth_m,layer_top_elevation_m_nap,layer_bottom_elevation_m_nap
1.57,0.02,0.31,0.003,0.3,0.2,-0.2,0.0,0.39683,35.0,0.02,0.31,3.1,3.0890774482804755,,,,Clay & silt,,,Clay & silt 1,1,0.02,0.2,1.57,1.3900000000000001
1.55,0.04,0.52,0.004,1.1,1.0,0.4,2.5,0.41667,35.0,0.039996,0.52,5.2,2.879192348082528,,,,Silty clay / clayey silt,,,Clay & silt 1,1,0.02,0.2,1.57,1.3900000000000001
1.53,0.06,0.76,0.006,1.7,-1.0,-1.4,2.5,0.51345,36.0,0.059988,0.76,7.6,2.7513111558526973,,,,Silty clay / clayey silt,,,Clay & silt 1,1,0.02,0.2,1.57,1.3900000000000001
1.51,0.08,0.73,0.007,1.7333,-0.6,-1.2,2.5,0.50633,37.0,0.079978,0.73,7.3,2.765744620063123,,,,Silty clay / clayey silt,,,Clay & silt 1,1,0.02,0.2,1.57,1.3900000000000001
1.49,0.1,1.46,0.01,1.7667,-0.2,-0.6,2.5,0.57845,38.0,0.099969,1.46,14.6,2.506163383619844,,,,Sand mixtures,,,Clay & silt 1,1,0.02,0.2,1.57,1.3900000000000001
1.4700000000000002,0.12,1.98,0.012,1.8,0.4,-1.8,2.5,0.56075,38.0,0.11996,1.98,19.8,2.3794743363738604,,,,Sand mixtures,,,Clay & silt 1,1,0.02,0.2,1.57,1.3900000000000001
1.4500000000000002,0.14,2.42,0.013,2.0333,-1.6,-0.6,2.5,0.50363,39.0,0.13995,2.42,24.2,2.280889325555064,,,,Sand mixtures,,,Clay & silt 1,1,0.02,0.2,1.57,1.3900000000000001
1.4300000000000002,0.16,2.88,0.015,2.2667,-1.0,-0.2,2.5,0.48544,40.0,0.15993,2.88,28.8,2.205362605050814,,,,Sand mixtures,,,Clay & silt 1,1,0.02,0.2,1.57,1.3900000000000001
1.4100000000000001,0.18,3.08,0.017,2.5,1.8,-1.8,2.5,0.47753,41.0,0.17991,3.08,30.8,2.175854648363239,,,,Sand mixtures,,,Clay & silt 1,1,0.02,0.2,1.57,1.3900000000000001
1.3900000000000001,0.2,3.81,0.019,1.0,0.2,-1.0,2.5,0.47264,42.0,0.19991,3.81,38.1,2.0901648776549164,,,,Sand mixtures,,,Sand 1,1,0.2,3.32,1.3900000000000001,-1.7299999999999998
1.37,0.22,4.29,0.021,0.7,0.4,-0.6,2.5,0.47046,42.0,0.21991,4.29,42.9,2.0428313637275024,,,,Sand,,,Sand 1,1,0.2,3.32,1.3900000000000001,-1.7299999999999998
1.35,0.24,4.8,0.024,0.8,-0.2,-0.8,2.5,0.49231,43.0,0.23991,4.8,48.0,2.0079435447668956,,,,Sand,,,Sand 1,1,0.2,3.32,1.3900000000000001,-1.7299999999999998
1.33,0.26,5.22,0.029,1.1,-1.0,-0.6,2.5,0.54769,44.0,0.2599,5.22,52.2,1.9973601705197175,,,,Sand,,,Sand 1,1,0.2,3.32,1.3900000000000001,-1.7299999999999998
1.31,0.28,5.66,0.031,1.8,-1.2,-1.4,2.5,0.54904,45.0,0.27989,5.66,56.6,1.967119523241734,,,,Sand,,,Sand 1,1,0.2,3.32,1.3900000000000001,-1.7299999999999998
1.29,0.3,5.97,0.034,1.9667,0.4,-1.0,2.5,0.56868,46.0,0.29988,5.97,59.7,1.9545051793191128,,,,Sand,,,Sand 1,1,0.2,3.32,1.3900000000000001,-1.7299999999999998
1.27,0.32,6.17,0.037,2.1333,-0.6,-2.5,2.5,0.58556,46.0,0.31987,6.17,61.7,1.9485223130462965,,,,Sand,,,Sand 1,1,0.2,3.32,1.3900000000000001,-1.7299999999999998
1.25,0.34,6.44,0.039,2.3,0.4,-1.0,2.5,0.58416,47.0,0.33985,6.44,64.4,1.9319796025991447,,,,Sand,,,Sand 1,1,0.2,3.32,1.3900000000000001,-1.7299999999999998
1.23,0.36,6.62,0.041,2.0,-0.2,-1.0,2.5,0.58115,48.0,0.35984,6.62,66.2,1.9205449004408723,,,,Sand,,,Sand 1,1,0.2,3.32,1.3900000000000001,-1.7299999999999998
1.21,0.38,6.95,0.044,1.7,-0.6,-1.6,2.4,0.58843,49.0,0.37983,6.95,69.5,1.905237330655086,,,,Sand,,,Sand 1,1,0.2,3.32,1.3900000000000001,-1.7299999999999998
1.19,0.4,7.52,0.046,1.6333,0.4,-0.2,2.5,0.5778,50.0,0.39982,7.52,75.2,1.871905100373411,,,,Sand,,,Sand 1,1,0.2,3.32,1.3900000000000001,-1.7299999999999998
1.1700000000000002,0.42,8.08,0.05,1.5667,0.4,-0.6,2.5,0.58919,50.0,0.41981,8.08,80.8,1.8499429579544446,,,,Sand,,,Sand 1,1,0.2,3.32,1.3900000000000001,-1.7299999999999998
1.1500000000000001,0.44,8.69,0.054,1.5,-0.6,-1.4,2.5,0.59537,51.0,0.43981,8.69,86.9,1.825787916315353,,,,Sand,,,Sand 1,1,0.2,3.32,1.3900000000000001,-1.7299999999999998
1.1300000000000001,0.46,9.35,0.058,1.4667,-0.2,-1.2,2.5,0.59902,52.0,0.4598,9.35,93.5,1.8006818204555501,,,,Sand,,,Sand 1,1,0.2,3.32,1.3900000000000001,-1.7299999999999998
1.11,0.48,10.04,0.061,1.4333,-0.4,-1.0,2.5,0.59447,53.0,0.47979,10.04,100.4,1.7731610849672725,,,,Sand,,,Sand 1,1,0.2,3.32,1.3900000000000001,-1.7299999999999998
1.09,0.5,10.64,0.063,1.4,-0.2,-1.4,2.5,0.58259,54.0,0.49979,10.64,106.4,1.7473859784682122,,,,Sand,,,Sand 1,1,0.2,3.32,1.3900000000000001,-1.7299999999999998
1.07,0.52,11.29,0.066,1.4,0.0,-1.4,2.4,0.58291,54.0,0.51978,11.29,112.9,1.7263159590779833,,,,Sand,,,Sand 1,1,0.2,3.32,1.3900000000000001,-1.7299999999999998
1.05,0.54,11.85,0.07,1.0,-0.2,-1.0,2.5,0.59511,55.0,0.53978,11.85,118.5,1.71430047861412,,,,Sand,,,Sand 1,1,0.2,3.32,1.3900000000000001,-1.7299999999999998
1.03,0.56,12.15,0.074,0.4,0.2,-0.4,2.4,0.61081,56.0,0.55978,12.15,121.5,1.712088213060618,,,,Sand,,,Sand 1,1,0.2,3.32,1.3900000000000001,-1.7299999999999998
1.0100000000000002,0.58,12.5,0.077,1.0,-0.2,-1.0,2.5,0.62134,57.0,0.57978,12.5,125.0,1.7065205563178962,,,,Sand,,,Sand 1,1,0.2,3.32,1.3900000000000001,-1.7299999999999998
0.9900000000000001,0.6,12.76,0.081,0.8,0.0,-0.8,2.5,0.64337,58.0,0.59977,12.76,127.6,1.7084013030597758,,,,Sand,,,Sand 1,1,0.2,3.32,1.3900000000000001,-1.7299999999999998
0.9700000000000001,0.62,12.87,0.085,1.6,-0.8,-1.4,2.5,0.66817,58.0,0.61977,12.87,128.7,1.7153819735724742,,,,Sand,,,Sand 1,1,0.2,3.32,1.3900000000000001,-1.7299999999999998
0.9500000000000001,0.64,12.86,0.085,1.5333,0.2,-0.8,2.5,0.66309,59.0,0.63976,12.86,128.6,1.7136330906413935,,,,Sand,,,Sand 1,1,0.2,3.32,1.3900000000000001,-1.7299999999999998
0.93,0.66,12.86,0.088,1.4667,0.0,-1.4,2.4,0.68283,60.0,0.65975,12.86,128.6,1.7214064558925706,,,,Sand,,,Sand 1,1,0.2,3.32,1.3900000000000001,-1.7299999999999998
0.91,0.68,12.87,0.091,1.4,0.0,-1.4,2.3,0.70379,61.0,0.67975,12.87,128.7,1.72921406545294,,,,Sand,,,Sand 1,1,0.2,3.32,1.3900000000000001,-1.7299999999999998
0.8900000000000001,0.7,12.9,0.095,1.1,-0.6,-1.0,2.1,0.73246,62.0,0.69974,12.9,129.0,1.739181552588628,,,,Sand,,,Sand 1,1,0.2,3.32,1.3900000000000001,-1.7299999999999998
0.8700000000000001,0.72,12.93,0.097,1.1,0.2,-1.0,2.1,0.74265,63.0,0.71974,12.93,129.3,1.742143710116322,,,,Sand,,,Sand 1,1,0.2,3.32,1.3900000000000001,-1.7299999999999998
0.8500000000000001,0.74,13.05,0.102,1.1,-0.4,-1.0,2.4,0.77134,64.0,0.73973,13.05,130.5,1.7493896839161247,,,,Sand,,,Sand 1,1,0.2,3.32,1.3900000000000001,-1.7299999999999998
0.8300000000000001,0.76,13.1,0.105,1.1,0.2,-0.8,2.5,0.77476,64.0,0.75973,13.1,131.0,1.7493218125894292,,,,Sand,,,Sand 1,1,0.2,3.32,1.3900000000000001,-1.7299999999999998
0.81,0.78,13.19,0.104,1.1,0.0,-1.0,2.4,0.74193,65.0,0.77973,13.19,131.9,1.7351456526174798,,,,Sand,,,Sand 1,1,0.2,3.32,1.3900000000000001,-1.7299999999999998
0.79,0.8,13.59,0.11,1.1,-0.4,-1.0,2.2,0.74741,66.0,0.79972,13.59,135.9,1.7270938879630486,,,,Sand,,,Sand 1,1,0.2,3.32,1.3900000000000001,-1.7299999999999998
0.7700000000000001,0.82,14.16,0.107,0.8,0.0,-0.8,2.8,0.68777,67.0,0.81972,14.16,141.6,1.6904970638086996,,,,Sand,,,Sand 1,1,0.2,3.32,1.3900000000000001,-1.7299999999999998
0.7500000000000001,0.84,15.5,0.103,0.8,0.0,-0.8,2.6,0.62363,67.0,0.83972,15.5,155.0,1.6332874137470452,,,,Sand,,,Sand 1,1,0.2,3.32,1.3900000000000001,-1.7299999999999998
0.7300000000000001,0.86,16.62,0.118,0.8,-0.2,-0.8,2.3,0.67544,68.0,0.85972,16.62,166.2,1.6317338172863898,,,,Sand,,,Sand 1,1,0.2,3.32,1.3900000000000001,-1.7299999999999998
0.7100000000000001,0.88,18.53,0.123,1.2,0.0,-1.2,2.2,0.66834,69.0,0.87971,18.53,185.3,1.5928349528538037,,,,Sand,,,Sand 1,1,0.2,3.32,1.3900000000000001,-1.7299999999999998
0.6900000000000001,0.9,19.77,0.129,1.0,0.2,-1.0,2.4,0.66896,70.0,0.89971,19.77,197.7,1.5719802207875946,,,,Sand,,,Sand 1,1,0.2,3.32,1.3900000000000001,-1.7299999999999998
0.67,0.92,20.77,0.135,1.0,0.0,-1.0,2.4,0.67542,71.0,0.91971,20.77,207.7,1.5588483042487113,,,,Sand,,,Sand 1,1,0.2,3.32,1.3900000000000001,-1.7299999999999998
0.6500000000000001,0.94,20.82,0.136,1.0,-0.2,-1.0,2.4,0.66309,72.0,0.9397,20.82,208.2,1.5526976099894687,,,,Sand,,,Sand 1,1,0.2,3.32,1.3900000000000001,-1.7299999999999998
0.6300000000000001,0.96,21.06,0.141,1.0,0.0,-1.0,2.4,0.67964,72.0,0.9597,21.06,210.6,1.556228988814691,,,,Sand,,,Sand 1,1,0.2,3.32,1.3900000000000001,-1.7299999999999998
0.6100000000000001,0.98,21.2,0.15,1.0,0.0,-1.0,2.4,0.72154,73.0,0.9797,21.2,212.0,1.5718184307482332,,,,Sand,,,Sand 1,1,0.2,3.32,1.3900000000000001,-1.7299999999999998
0.5900000000000001,1.0,21.13,0.15,0.6,0.2,-0.6,2.4,0.72692,74.0,0.9997,21.13,211.3,1.5750772890814917,,,,Sand,,,Sand 1,1,0.2,3.32,1.3900000000000001,-1.7299999999999998
0.5700000000000001,1.02,20.8,0.145,1.0,-0.2,-1.0,2.4,0.71126,75.0,1.0197,20.8,208.0,1.5735955450600496,,,,Sand,,,Sand 1,1,0.2,3.32,1.3900000000000001,-1.7299999999999998
0.55,1.04,20.42,0.14,1.2,-0.4,-1.2,2.3,0.69904,76.0,1.0397,20.42,204.2,1.574368209088927,,,,Sand,,,Sand 1,1,0.2,3.32,1.3900000000000001,-1.7299999999999998
0.53,1.06,20.11,0.148,1.2,0.0,-0.8,2.2,0.75616,77.0,1.0597,20.11,201.1,1.6024604390599504,,,,Sand,,,Sand 1,1,0.2,3.32,1.3900000000000001,-1.7299999999999998
0.51,1.08,19.54,0.145,1.2,-0.2,-1.2,2.4,0.76346,77.0,1.0797,19.54,195.4,1.6144214107884125,,,,Sand,,,Sand 1,1,0.2,3.32,1.3900000000000001,-1.7299999999999998
0.49,1.1,18.83,0.1473,1.2,0.0,-0.8,2.4,0.80256,78.0,1.0997,18.83,188.3,1.6409852007670223,,,,Sand,,,Sand 1,1,0.2,3.32,1.3900000000000001,-1.7299999999999998
0.47,1.12,18.19,0.1497,1.2,-0.4,-0.8,2.5,0.84409,79.0,1.1197,18.19,181.9,1.6669469320461856,,,,Sand,,,Sand 1,1,0.2,3.32,1.3900000000000001,-1.7299999999999998
0.4500000000000002,1.14,17.56,0.152,1.2,-0.4,-1.2,2.4,0.89478,80.0,1.1397,17.56,175.6,1.695496737244344,,,,Sand,,,Sand 1,1,0.2,3.32,1.3900000000000001,-1.7299999999999998
0.43000000000000016,1.16,16.49,0.138,1.0,-0.2,-1.0,2.4,0.84825,81.0,1.1597,16.49,164.9,1.6995773479715337,,,,Sand,,,Sand 1,1,0.2,3.32,1.3900000000000001,-1.7299999999999998
0.41000000000000014,1.18,15.69,0.144,1.0,0.0,-1.0,2.3,0.92791,82.0,1.1797,15.69,156.9,1.7418975394113752,,,,Sand,,,Sand 1,1,0.2,3.32,1.3900000000000001,-1.7299999999999998
0.3900000000000001,1.2,15.47,0.133,0.8,-0.2,-0.8,2.4,0.90192,82.0,1.1997,15.47,154.7,1.7380232812043923,,,,Sand,,,Sand 1,1,0.2,3.32,1.3900000000000001,-1.7299999999999998
0.3700000000000001,1.22,14.13,0.123,1.2,0.0,-1.2,2.0,0.88077,83.0,1.2197,14.13,141.3,1.7603776267246354,,,,Sand,,,Sand 1,1,0.2,3.32,1.3900000000000001,-1.7299999999999998
0.3500000000000001,1.24,13.79,0.1177,1.2,0.2,-1.0,2.0,0.88839,84.0,1.2397,13.79,137.9,1.7707890216371291,,,,Sand,,,Sand 1,1,0.2,3.32,1.3900000000000001,-1.7299999999999998
0.33000000000000007,1.26,12.83,0.1123,1.2,-0.2,-1.2,2.4,0.8926,85.0,1.2596,12.83,128.3,1.795790682669611,,,,Sand,,,Sand 1,1,0.2,3.32,1.3900000000000001,-1.7299999999999998
0.31000000000000005,1.28,12.01,0.107,1.2,0.0,-1.0,2.4,0.90086,86.0,1.2796,12.01,120.1,1.8202171380426266,,,,Sand,,,Sand 1,1,0.2,3.32,1.3900000000000001,-1.7299999999999998
0.29000000000000004,1.3,11.31,0.089,1.2,-0.2,-1.0,2.5,0.78892,87.0,1.2996,11.31,113.1,1.803979168084653,,,,Sand,,,Sand 1,1,0.2,3.32,1.3900000000000001,-1.7299999999999998
0.27,1.32,10.76,0.083,1.2,0.0,-1.2,2.3,0.77907,88.0,1.3196,10.76,107.6,1.8176870512342738,,,,Sand,,,Sand 1,1,0.2,3.32,1.3900000000000001,-1.7299999999999998
0.25,1.34,10.35,0.066,1.4,-0.2,-1.4,2.9,0.65428,88.0,1.3396,10.35,103.5,1.786058485599297,,,,Sand,,,Sand 1,1,0.2,3.32,1.3900000000000001,-1.7299999999999998
0.22999999999999998,1.36,9.84,0.059,1.0,0.0,-1.0,2.6,0.61619,89.0,1.3596,9.84,98.4,1.7891526333877057,,,,Sand,,,Sand 1,1,0.2,3.32,1.3900000000000001,-1.7299999999999998
0.2100000000000002,1.38,9.36,0.054,0.6,0.2,-0.6,2.4,0.59292,90.0,1.3796,9.36,93.6,1.7978362928992901,,,,Sand,,,Sand 1,1,0.2,3.32,1.3900000000000001,-1.7299999999999998
0.19000000000000017,1.4,8.77,0.051,1.0,0.2,-1.0,2.3,0.58883,91.0,1.3996,8.77,87.7,1.8198379874247577,,,,Sand,,,Sand 1,1,0.2,3.32,1.3900000000000001,-1.7299999999999998
0.17000000000000015,1.42,8.3,0.05,1.0,-0.2,-1.0,2.3,0.60837,92.0,1.4196,8.3,83.0,1.847623260812703,,,,Sand,,,Sand 1,1,0.2,3.32,1.3900000000000001,-1.7299999999999998
0.15000000000000013,1.44,7.91,0.047,0.8,0.0,-0.8,2.4,0.60199,92.0,1.4396,7.91,79.1,1.8627420352079935,,,,Sand,,,Sand 1,1,0.2,3.32,1.3900000000000001,-1.7299999999999998
0.13000000000000012,1.46,7.57,0.044,1.5,-0.6,-1.4,2.4,0.59359,93.0,1.4596,7.57,75.7,1.8756309597498317,,,,Sand,,,Sand 1,1,0.2,3.32,1.3900000000000001,-1.7299999999999998
0.1100000000000001,1.48,7.19,0.039,1.2,0.0,-1.2,2.4,0.55211,94.0,1.4796,7.19,71.9,1.8783335576424407,,,,Sand,,,Sand 1,1,0.2,3.32,1.3900000000000001,-1.7299999999999998
0.09000000000000008,1.5,6.81,0.036,1.1333,0.0,-0.8,2.4,0.53314,95.0,1.4996,6.81,68.1,1.8909774624133862,,,,Sand,,,Sand 1,1,0.2,3.32,1.3900000000000001,-1.7299999999999998
0.07000000000000006,1.52,6.55,0.034,1.0667,-0.2,-1.2,2.4,0.52642,96.0,1.5196,6.55,65.5,1.9028989697500496,,,,Sand,,,Sand 1,1,0.2,3.32,1.3900000000000001,-1.7299999999999998
0.050000000000000044,1.54,6.2,0.031,1.0,0.0,-1.0,2.4,0.50142,97.0,1.5396,6.2,62.0,1.9134107569525627,,,,Sand,,,Sand 1,1,0.2,3.32,1.3900000000000001,-1.7299999999999998
0.030000000000000027,1.56,5.98,0.03,1.0,-0.2,-1.0,2.4,0.50516,97.0,1.5596,5.98,59.8,1.9287254637344882,,,,Sand,,,Sand 1,1,0.2,3.32,1.3900000000000001,-1.7299999999999998
0.010000000000000009,1.58,5.81,0.027,0.4,-0.2,-0.4,2.4,0.47162,98.0,1.5796,5.81,58.1,1.9257056140900524,,,,Sand,,,Sand 1,1,0.2,3.32,1.3900000000000001,-1.7299999999999998
-0.010000000000000009,1.6,5.56,0.027,1.0,0.0,-1.0,2.4,0.48836,99.0,1.5996,5.56,55.6,1.9496603593537107,,,,Sand,,,Sand 1,1,0.2,3.32,1.3900000000000001,-1.7299999999999998
-0.030000000000000027,1.62,5.36,0.026,1.0,0.0,-1.0,2.4,0.48655,100.0,1.6196,5.36,53.6,1.963004709311535,,,,Sand,,,Sand 1,1,0.2,3.32,1.3900000000000001,-1.7299999999999998
-0.04999999999999982,1.64,5.24,0.025,1.4,0.0,-1.4,2.4,0.48356,101.0,1.6396,5.24,52.4,1.970500294989805,,,,Sand,,,Sand 1,1,0.2,3.32,1.3900000000000001,-1.7299999999999998
-0.06999999999999984,1.66,5.1,0.025,1.3778,0.0,-0.8,2.4,0.50013,101.0,1.6596,5.1,51.0,1.9876801233332058,,,,Sand,,,Sand 1,1,0.2,3.32,1.3900000000000001,-1.7299999999999998
-0.08999999999999986,1.68,4.98,0.023,1.3555,-0.2,-1.4,2.4,0.47484,102.0,1.6796,4.98,49.8,1.9865832118739613,,,,Sand,,,Sand 1,1,0.2,3.32,1.3900000000000001,-1.7299999999999998
-0.10999999999999988,1.7,4.72,0.022,1.3333,0.2,-0.6,2.4,0.46796,103.0,1.6996,4.72,47.2,2.004568764431873,,,,Sand,,,Sand 1,1,0.2,3.32,1.3900000000000001,-1.7299999999999998
-0.1299999999999999,1.72,4.59,0.021,1.2667,-0.2,-1.0,2.3,0.46091,104.0,1.7196,4.59,45.9,2.0125403923256964,,,,Sand,,,Sand 1,1,0.2,3.32,1.3900000000000001,-1.7299999999999998
-0.1499999999999999,1.74,4.44,0.021,1.2,-0.2,-1.2,2.0,0.47552,105.0,1.7396,4.44,44.4,2.0314636770887815,,,,Sand,,,Sand 1,1,0.2,3.32,1.3900000000000001,-1.7299999999999998
-0.16999999999999993,1.76,4.32,0.019,1.2,0.2,-0.8,2.3,0.44431,106.0,1.7595,4.32,43.2,2.0293666574558764,,,,Sand,,,Sand 1,1,0.2,3.32,1.3900000000000001,-1.7299999999999998
-0.18999999999999995,1.78,4.22,0.019,1.2,-0.2,-1.0,2.4,0.45756,107.0,1.7795,4.22,42.2,2.044030558639595,,,,Sand,,,Sand 1,1,0.2,3.32,1.3900000000000001,-1.7299999999999998
-0.20999999999999996,1.8,4.08,0.019,1.2,-0.2,-1.2,2.3,0.47146,107.0,1.7995,4.08,40.8,2.062859261424128,,,,Sand mixtures,,,Sand 1,1,0.2,3.32,1.3900000000000001,-1.7299999999999998
-0.22999999999999998,1.82,3.98,0.018,1.4,-0.4,-1.4,2.5,0.45992,108.0,1.8195,3.98,39.8,2.0679616435391575,,,,Sand mixtures,,,Sand 1,1,0.2,3.32,1.3900000000000001,-1.7299999999999998
-0.25,1.84,3.86,0.018,1.4,-0.4,-1.4,2.6,0.47493,109.0,1.8395,3.86,38.6,2.0859501496931787,,,,Sand mixtures,,,Sand 1,1,0.2,3.32,1.3900000000000001,-1.7299999999999998
-0.27,1.86,3.73,0.018,1.3,0.2,-1.0,2.4,0.49231,110.0,1.8595,3.73,37.3,2.106107482380366,,,,Sand mixtures,,,Sand 1,1,0.2,3.32,1.3900000000000001,-1.7299999999999998
-0.2899999999999998,1.88,3.61,0.018,1.2,0.2,-0.6,2.4,0.51246,111.0,1.8795,3.61,36.1,2.1264751037261367,,,,Sand mixtures,,,Sand 1,1,0.2,3.32,1.3900000000000001,-1.7299999999999998
-0.30999999999999983,1.9,3.51,0.019,1.1889,-0.4,-1.0,2.4,0.56548,111.0,1.8995,3.51,35.1,2.1563946769352733,,,,Sand mixtures,,,Sand 1,1,0.2,3.32,1.3900000000000001,-1.7299999999999998
-0.32999999999999985,1.92,3.33,0.021,1.1778,-0.2,-1.0,2.4,0.65805,112.0,1.9195,3.33,33.3,2.207024012885422,,,,Sand mixtures,,,Sand 1,1,0.2,3.32,1.3900000000000001,-1.7299999999999998
-0.34999999999999987,1.94,3.15,0.024,1.1667,-0.4,-1.0,2.4,0.7947,113.0,1.9395,3.15,31.5,2.267689244749122,,,,Sand mixtures,,,Sand 1,1,0.2,3.32,1.3900000000000001,-1.7299999999999998
-0.3699999999999999,1.96,2.93,0.029,1.2,0.0,-1.2,2.3,1.0193,114.0,1.9595,2.93,29.3,2.3497372604334106,,,,Sand mixtures,,,Sand 1,1,0.2,3.32,1.3900000000000001,-1.7299999999999998
-0.3899999999999999,1.98,2.76,0.03,1.0,0.0,-1.0,2.4,1.1246,115.0,1.9795,2.76,27.6,2.394294482829514,,,,Sand mixtures,,,Sand 1,1,0.2,3.32,1.3900000000000001,-1.7299999999999998
-0.4099999999999999,2.0,2.51,0.032,0.6,0.0,-0.6,2.4,1.2864,116.0,1.9995,2.51,25.1,2.460384427767056,,,,Sand mixtures,,,Sand 1,1,0.2,3.32,1.3900000000000001,-1.7299999999999998
-0.42999999999999994,2.02,2.36,0.034,1.0,-0.2,-1.0,2.4,1.4904,116.0,2.0195,2.36,23.6,2.517751154602167,,,,Sand mixtures,,,Sand 1,1,0.2,3.32,1.3900000000000001,-1.7299999999999998
-0.44999999999999996,2.04,2.21,0.036,1.4,0.2,-1.4,2.4,1.7232,117.0,2.0395,2.21,22.1,2.5766493429165696,,,,Sand mixtures,,,Sand 1,1,0.2,3.32,1.3900000000000001,-1.7299999999999998
-0.47,2.06,2.09,0.037,1.4,-0.6,-1.2,2.3,1.9331,118.0,2.0595,2.09,20.9,2.6250091562006976,,,,Silty clay / clayey silt,,,Sand 1,1,0.2,3.32,1.3900000000000001,-1.7299999999999998
-0.49,2.08,1.89,0.036,1.4,-0.6,-0.8,2.4,2.0389,119.0,2.0795,1.89,18.9,2.6740721221795627,,,,Silty clay / clayey silt,,,Sand 1,1,0.2,3.32,1.3900000000000001,-1.7299999999999998
-0.51,2.1,1.5,0.037,1.4,-0.2,-1.4,2.3,2.2674,120.0,2.0995,1.5,15.0,2.7828593638490093,,,,Silty clay / clayey silt,,,Sand 1,1,0.2,3.32,1.3900000000000001,-1.7299999999999998
-0.53,2.12,1.3933,0.039,1.3333,0.0,-0.6,2.4,2.5712,121.0,2.1195,1.3933,13.933,2.840318867718365,,,,Silty clay / clayey silt,,,Sand 1,1,0.2,3.32,1.3900000000000001,-1.7299999999999998
-0.55,2.14,1.3585,0.042,1.2667,-0.2,-1.4,2.4,2.8732,121.0,2.1395,1.3585,13.585,2.8771865052207133,,,7.9180712949714875,Silty clay / clayey silt,,,Sand 1,1,0.2,3.32,1.3900000000000001,-1.7299999999999998
-0.5700000000000001,2.16,1.3237,0.048,1.3556,-0.2,-1.2,2.4,3.3263,122.0,2.1595,1.3237,13.237,2.9237855261723165,,,9.601842688930628,Silty clay / clayey silt,,,Sand 1,1,0.2,3.32,1.3900000000000001,-1.7299999999999998
-0.5900000000000001,2.18,1.2889,0.053,1.4444,0.2,-1.6,2.4,3.6257,123.0,2.1794,1.2889,12.889,2.9554696288527116,,,10.181406194106488,Clay & silt,,,Sand 1,1,0.2,3.32,1.3900000000000001,-1.7299999999999998
-0.6100000000000001,2.2,1.29,0.048,1.5333,0.0,-1.2,2.4,3.2573,124.0,2.1994,1.29,12.9,2.927390122457042,,,9.435188501427746,Silty clay / clayey silt,,,Sand 1,1,0.2,3.32,1.3900000000000001,-1.7299999999999998
-0.6300000000000001,2.22,1.65,0.045,1.4667,-0.2,-1.4,2.2,3.0623,125.0,2.2194,1.65,16.5,2.8256729204707347,,,8.8449926185116,Silty clay / clayey silt,,,Sand 1,1,0.2,3.32,1.3900000000000001,-1.7299999999999998
-0.6500000000000001,2.24,1.74,0.04,1.4,-0.4,-1.4,2.1,2.7597,126.0,2.2394,1.74,17.4,2.7800922318219587,,,6.748905924230778,Silty clay / clayey silt,,,Sand 1,1,0.2,3.32,1.3900000000000001,-1.7299999999999998
-0.6699999999999997,2.26,1.65,0.039,1.4037,-0.4,-1.2,2.3,2.7186,127.0,2.2594,1.65,16.5,2.7947606328222006,,,5.665838176182494,Silty clay / clayey silt,,,Sand 1,1,0.2,3.32,1.3900000000000001,-1.7299999999999998
-0.6899999999999997,2.28,1.4878,0.038,1.4074,0.0,-1.4,2.4,2.6935,127.0,2.2794,1.4878,14.878,2.828753728893847,,,,Silty clay / clayey silt,,,Sand 1,1,0.2,3.32,1.3900000000000001,-1.7299999999999998
-0.7099999999999997,2.3,1.3255,0.038,1.4111,-0.2,-0.8,2.3,2.8447,128.0,2.2994,1.3255,13.255,2.883352048319172,,,7.707393002574127,Silty clay / clayey silt,,,Sand 1,1,0.2,3.32,1.3900000000000001,-1.7299999999999998
-0.7299999999999998,2.32,1.1633,0.04,1.4222,-0.2,-1.2,2.7,3.2107,129.0,2.3194,1.1633,11.633,2.960041365797733,,,9.312410318548334,Clay & silt,,,Sand 1,1,0.2,3.32,1.3900000000000001,-1.7299999999999998
-0.7499999999999998,2.34,1.17,0.042,1.4333,0.8,-0.2,2.5,3.5159,130.0,2.3394,1.17,11.7,2.9812071589341915,,,9.990397415029905,Clay & silt,,,Sand 1,1,0.2,3.32,1.3900000000000001,-1.7299999999999998
-0.7699999999999998,2.36,1.1,0.044,1.6667,0.2,-0.4,2.4,3.6256,131.0,2.3594,1.1,11.0,3.0107019573804052,,,10.181241207496367,Clay & silt,,,Sand 1,1,0.2,3.32,1.3900000000000001,-1.7299999999999998
-0.7899999999999998,2.38,1.05,0.046,1.9,-0.8,-1.8,2.4,3.6569,131.0,2.3794,1.05,10.5,3.029218731126058,,,10.232157298047023,Clay & silt,,,Sand 1,1,0.2,3.32,1.3900000000000001,-1.7299999999999998
-0.8099999999999998,2.4,1.02,0.052,1.8,0.2,-0.8,2.4,3.9962,132.0,2.3994,1.02,10.2,3.0621704217894403,,,10.708731441658044,Organic clay,10.708731441658044,-0.5087314416580444,Sand 1,1,0.2,3.32,1.3900000000000001,-1.7299999999999998
-0.8299999999999998,2.42,1.24,0.06,1.7,0.2,-0.8,2.4,4.507,133.0,2.4194,1.24,12.4,3.026479649171678,,,11.255918700063026,Clay & silt,,,Sand 1,1,0.2,3.32,1.3900000000000001,-1.7299999999999998
-0.8499999999999999,2.44,1.64,0.0593,1.6,-0.2,-1.6,2.3,4.4419,134.0,2.4394,1.64,16.4,2.9280612027217168,,,11.194139315700054,Silty clay / clayey silt,,,Sand 1,1,0.2,3.32,1.3900000000000001,-1.7299999999999998
-0.8699999999999999,2.46,1.68,0.0587,1.6,-0.2,-1.6,2.4,4.4135,135.0,2.4593,1.68,16.8,2.918227637810728,,,11.166571241459632,Silty clay / clayey silt,,,Sand 1,1,0.2,3.32,1.3900000000000001,-1.7299999999999998
-0.8899999999999999,2.48,1.51,0.058,1.6,0.0,-1.6,2.4,4.3981,136.0,2.4793,1.51,15.1,2.953056629986412,,,11.151459565573262,Clay & silt,,,Sand 1,1,0.2,3.32,1.3900000000000001,-1.7299999999999998
-0.9099999999999999,2.5,1.41,0.057,1.6,-0.4,-1.6,2.4,4.4575,136.0,2.4993,1.41,14.1,2.979853420659277,,,11.209120160025954,Clay & silt,,,Sand 1,1,0.2,3.32,1.3900000000000001,-1.7299999999999998
-0.9299999999999999,2.52,1.13,0.058,1.8,-0.4,-1.8,2.4,4.9049,137.0,2.5193,1.13,11.3,3.0809117821081693,,,11.59699738743388,Organic clay,11.59699738743388,-0.2969973874338798,Sand 1,1,0.2,3.32,1.3900000000000001,-1.7299999999999998
-0.95,2.54,1.01,0.052,1.9,-0.6,-1.8,2.4,4.8541,138.0,2.5393,1.01,10.1,3.1165399943886163,,,11.556520760551749,Organic clay,11.556520760551749,-1.456520760551749,Sand 1,1,0.2,3.32,1.3900000000000001,-1.7299999999999998
-0.97,2.56,0.93,0.047,1.8333,-0.4,-1.6,2.4,4.802,139.0,2.5593,0.93,9.3,3.142132042569526,,,11.514156589739839,Organic clay,11.514156589739839,-2.2141565897398383,Sand 1,1,0.2,3.32,1.3900000000000001,-1.7299999999999998
-0.99,2.58,0.92,0.043,1.7667,-0.8,-2.0,2.4,4.7978,140.0,2.5793,0.92,9.2,3.145641535971338,,,11.510702695250478,Organic clay,11.510702695250478,-2.3107026952504786,Sand 1,1,0.2,3.32,1.3900000000000001,-1.7299999999999998
-1.01,2.6,0.87,0.041,1.7,-0.8,-1.6,2.4,4.8449,140.0,2.5993,0.87,8.7,3.1675610568338044,,,11.5491037311543,Organic clay,11.5491037311543,-2.849103731154301,Sand 1,1,0.2,3.32,1.3900000000000001,-1.7299999999999998
-1.03,2.62,0.79,0.037,1.9,-0.8,-1.8,2.4,4.5891,141.0,2.6193,0.79,7.9,3.1871618795226966,,,11.331188567700224,Organic clay,11.331188567700224,-3.4311885677002234,Sand 1,1,0.2,3.32,1.3900000000000001,-1.7299999999999998
-1.05,2.64,0.77,0.037,1.6,-0.2,-1.6,2.4,4.7665,142.0,2.6393,0.77,7.7,3.2058823878193885,,,11.484776186405433,Organic clay,11.484776186405433,-3.7847761864054332,Sand 1,1,0.2,3.32,1.3900000000000001,-1.7299999999999998
-1.07,2.66,0.75,0.037,2.1,-0.8,-2.0,2.4,4.9748,143.0,2.6592,0.75,7.5,3.226102268351052,,,11.651415976849592,Organic clay,11.651415976849592,-4.1514159768495915,Sand 1,1,0.2,3.32,1.3900000000000001,-1.7299999999999998
-1.09,2.68,0.73,0.037,1.6,-0.2,-1.6,2.4,5.13,144.0,2.6792,0.73,7.3,3.2434732548113883,,6.950191721980668,11.767336309862802,Organic clay,11.767336309862802,-4.4673363098628025,Sand 1,1,0.2,3.32,1.3900000000000001,-1.7299999999999998
-1.11,2.7,0.69,0.039,1.6,0.0,-1.0,2.4,5.493,145.0,2.6992,0.69,6.9,3.280824404281709,,13.22253145221956,12.01566647962008,Peat,13.22253145221956,-6.322531452219559,Sand 1,1,0.2,3.32,1.3900000000000001,-1.7299999999999998
-1.1300000000000001,2.72,0.69,0.042,1.6,0.0,-1.4,2.3,6.0323,145.0,2.7192,0.69,6.9,3.3052816926764756,,16.40987950839011,12.338115704925217,Peat,16.40987950839011,-9.509879508390108,Sand 1,1,0.2,3.32,1.3900000000000001,-1.7299999999999998
-1.1500000000000001,2.74,0.66,0.045,1.6,-0.4,-1.6,2.0,6.6055,146.0,2.7392,0.66,6.6,3.3445676255468855,,18.498506269913594,12.635392029771259,Peat,18.498506269913594,-11.898506269913595,Sand 1,1,0.2,3.32,1.3900000000000001,-1.7299999999999998
-1.1699999999999997,2.76,0.69,0.047,1.7,-0.6,-1.6,2.2,7.0412,147.0,2.7592,0.69,6.9,3.346358902132104,,19.712152112351383,12.837447894225683,Peat,19.712152112351383,-12.812152112351383,Sand 1,1,0.2,3.32,1.3900000000000001,-1.7299999999999998
-1.1899999999999997,2.78,0.7,0.049,1.7,-0.2,-1.6,2.4,7.4667,148.0,2.7792,0.7,7.0,3.357275393001239,,20.71344205941063,13.01876829715632,Peat,20.71344205941063,-13.713442059410632,Sand 1,1,0.2,3.32,1.3900000000000001,-1.7299999999999998
-1.2099999999999997,2.8,0.66,0.05,1.7,-0.4,-1.6,2.3,7.7821,149.0,2.7992,0.66,6.6,3.3884579204919167,,21.37151021857743,13.144488950123169,Peat,21.37151021857743,-14.771510218577431,Sand 1,1,0.2,3.32,1.3900000000000001,-1.7299999999999998
-1.2299999999999998,2.82,0.63,0.053,1.7,-0.6,-1.6,2.5,8.4294,150.0,2.8192,0.63,6.3,3.4259108597923205,,22.55838295010138,13.383003645551964,Peat,22.55838295010138,-16.258382950101378,Sand 1,1,0.2,3.32,1.3900000000000001,-1.7299999999999998
-1.2499999999999998,2.84,0.62,0.053,1.6667,-0.2,-1.4,2.6,8.6885,150.0,2.8392,0.62,6.2,3.439568132405625,,22.98501062221026,13.472088676315789,Peat,22.98501062221026,-16.78501062221026,Sand 1,1,0.2,3.32,1.3900000000000001,-1.7299999999999998
-1.2699999999999998,2.86,0.6,0.052,1.6333,-0.2,-1.4,2.4,8.8136,151.0,2.8592,0.6,6.0,3.4545533229405434,,23.18276601758352,13.513933508069707,Peat,23.18276601758352,-17.18276601758352,Sand 1,1,0.2,3.32,1.3900000000000001,-1.7299999999999998
-1.2899999999999998,2.88,0.58,0.05,1.6,-0.4,-1.6,2.4,8.6207,152.0,2.8792,0.58,5.8,3.4600427212639056,,22.87566490882519,13.449098772058285,Peat,22.87566490882519,-17.07566490882519,Sand 1,1,0.2,3.32,1.3900000000000001,-1.7299999999999998
-1.3099999999999998,2.9,0.55,0.048,1.6,-0.2,-1.4,2.4,8.2403,153.0,2.8991,0.55,5.5,3.466002372307535,,22.23101316947638,13.315798572528049,Peat,22.23101316947638,-16.73101316947638,Sand 1,1,0.2,3.32,1.3900000000000001,-1.7299999999999998
-1.3299999999999998,2.92,0.54,0.048,1.6,-0.2,-1.4,2.4,7.9339,154.0,2.9191,0.54,5.4,3.4621831107131236,,21.66768939869985,13.202647794213245,Peat,21.66768939869985,-16.26768939869985,Sand 1,1,0.2,3.32,1.3900000000000001,-1.7299999999999998
-1.3499999999999999,2.94,0.54,0.05,1.6,-0.4,-1.6,2.4,7.1556,155.0,2.9391,0.54,5.4,3.434915454769661,,19.996368127856364,12.88763281527516,Peat,19.996368127856364,-14.596368127856364,Sand 1,1,0.2,3.32,1.3900000000000001,-1.7299999999999998
-1.3699999999999999,2.96,0.58,0.048,1.6,-0.2,-1.6,2.4,5.282,155.0,2.9591,0.58,5.8,3.331665895151089,,10.907728464678508,11.874919121770738,Peat,10.907728464678508,-5.107728464678508,Sand 1,1,0.2,3.32,1.3900000000000001,-1.7299999999999998
-1.39,2.98,0.65,0.045,1.7,-0.6,-1.6,2.4,3.7383,156.0,2.9791,0.65,6.5,3.2052753455881073,,,10.35823244941734,Organic clay,10.35823244941734,-3.85823244941734,Sand 1,1,0.2,3.32,1.3900000000000001,-1.7299999999999998
-1.41,3.0,0.8,0.043,1.9,-0.6,-1.8,2.4,2.7345,157.0,2.9991,0.8,8.0,3.0552040000981577,,,6.215986877593534,Clay & silt,,,Sand 1,1,0.2,3.32,1.3900000000000001,-1.7299999999999998
-1.43,3.02,1.35,0.042,1.8111,0.0,-1.6,2.4,2.0883,158.0,3.0191,1.35,13.5,2.8008927530806584,,,,Silty clay / clayey silt,,,Sand 1,1,0.2,3.32,1.3900000000000001,-1.7299999999999998
-1.45,3.04,2.26,0.044,1.7222,-0.2,-1.6,2.4,1.7348,159.0,3.0391,2.26,22.6,2.5702929692973546,,,,Sand mixtures,,,Sand 1,1,0.2,3.32,1.3900000000000001,-1.7299999999999998
-1.47,3.06,2.91,0.047,1.7148,0.4,-1.4,2.4,1.51,160.0,3.0591,2.91,29.1,2.4457313504752753,,,,Sand mixtures,,,Sand 1,1,0.2,3.32,1.3900000000000001,-1.7299999999999998
-1.49,3.08,3.49,0.05,1.7074,0.2,-1.4,2.4,1.3441,160.0,3.0791,3.49,34.9,2.3520777121227736,,,,Sand mixtures,,,Sand 1,1,0.2,3.32,1.3900000000000001,-1.7299999999999998
-1.51,3.1,4.05,0.053,1.7,-0.6,-1.6,2.4,1.2376,161.0,3.0991,4.05,40.5,2.278583076455885,,,,Sand mixtures,,,Sand 1,1,0.2,3.32,1.3900000000000001,-1.7299999999999998
-1.53,3.12,4.78,0.057,1.6,0.0,-1.6,2.4,1.2013,162.0,3.1191,4.78,47.8,2.2125194732004347,,,,Sand mixtures,,,Sand 1,1,0.2,3.32,1.3900000000000001,-1.7299999999999998
-1.55,3.14,5.26,0.059,1.6,0.0,-1.4,2.3,1.1404,163.0,3.139,5.26,52.6,2.16562369337017,,,,Sand mixtures,,,Sand 1,1,0.2,3.32,1.3900000000000001,-1.7299999999999998
-1.57,3.16,5.66,0.06,1.6,-0.2,-1.4,2.4,1.0779,164.0,3.159,5.66,56.6,2.1254816483153247,,,,Sand mixtures,,,Sand 1,1,0.2,3.32,1.3900000000000001,-1.7299999999999998
-1.59,3.18,5.85,0.061,1.6,-0.4,-1.6,2.4,1.0354,165.0,3.179,5.85,58.5,2.1036088783118103,,,,Sand mixtures,,,Sand 1,1,0.2,3.32,1.3900000000000001,-1.7299999999999998
-1.61,3.2,5.96,0.06,1.6,-0.2,-1.6,2.4,0.9772,165.0,3.199,5.96,59.6,2.0823664925962175,,,,Sand mixtures,,,Sand 1,1,0.2,3.32,1.3900000000000001,-1.7299999999999998
-1.6300000000000001,3.22,6.34,0.064,1.6,-0.2,-1.6,2.4,1.0071,166.0,3.219,6.34,63.4,2.068292246922716,,,,Sand mixtures,,,Sand 1,1,0.2,3.32,1.3900000000000001,-1.7299999999999998
-1.6500000000000001,3.24,6.63,0.067,1.6,-0.2,-1.6,2.1,1.0237,167.0,3.239,6.63,66.3,2.0568987643888508,,,,Sand mixtures,,,Sand 1,1,0.2,3.32,1.3900000000000001,-1.7299999999999998
-1.6699999999999997,3.26,6.65,0.071,1.6,-0.2,-1.4,2.1,1.054,168.0,3.259,6.65,66.5,2.063455673433746,,,,Sand mixtures,,,Sand 1,1,0.2,3.32,1.3900000000000001,-1.7299999999999998
-1.6899999999999997,3.28,6.77,0.074,1.6,-0.2,-1.4,2.3,1.0669,169.0,3.279,6.77,67.7,2.0604568235006933,,,,Sand mixtures,,,Sand 1,1,0.2,3.32,1.3900000000000001,-1.7299999999999998
-1.7099999999999997,3.3,6.98,0.076,1.6,-0.2,-1.6,2.4,1.0721,170.0,3.299,6.98,69.8,2.051203179094388,,,,Sand mixtures,,,Sand 1,1,0.2,3.32,1.3900000000000001,-1.7299999999999998
-1.7299999999999998,3.32,7.18,0.08,1.6,0.0,-1.6,2.1,1.1088,171.0,3.319,7.18,71.8,2.0504750597617023,,,,Sand mixtures,,,Sand 2,2,3.32,30.08,-1.7299999999999998,-28.49
-1.7499999999999998,3.34,7.38,0.084,1.6,-0.2,-1.6,2.8,1.1419,171.0,3.339,7.38,73.8,2.049038045693586,,,,Sand,,,Sand 2,2,3.32,30.08,-1.7299999999999998,-28.49
-1.7699999999999998,3.36,7.56,0.083,1.6,-0.2,-1.6,2.7,1.1059,172.0,3.359,7.56,75.6,2.0321861738802562,,,,Sand,,,Sand 2,2,3.32,30.08,-1.7299999999999998,-28.49
-1.7899999999999998,3.38,7.56,0.086,1.6,0.0,-1.6,2.4,1.1247,173.0,3.3789,7.56,75.6,2.0367467087957207,,,,Sand,,,Sand 2,2,3.32,30.08,-1.7299999999999998,-28.49
-1.8099999999999998,3.4,7.64,0.09,1.6,-0.4,-1.6,2.4,1.155,174.0,3.3989,7.64,76.4,2.0404139861467416,,,,Sand,,,Sand 2,2,3.32,30.08,-1.7299999999999998,-28.49
-1.8299999999999998,3.42,7.78,0.093,1.6,-0.4,-1.6,2.3,1.1717,175.0,3.4189,7.78,77.8,2.0382230553009406,,,,Sand,,,Sand 2,2,3.32,30.08,-1.7299999999999998,-28.49
-1.8499999999999999,3.44,7.96,0.095,1.6,-0.2,-1.4,2.4,1.1757,175.0,3.4389,7.96,79.6,2.0314770256809918,,,,Sand,,,Sand 2,2,3.32,30.08,-1.7299999999999998,-28.49
-1.8699999999999999,3.46,8.11,0.098,1.6,-0.2,-1.6,2.4,1.1875,176.0,3.4589,8.11,81.1,2.027987203907412,,,,Sand,,,Sand 2,2,3.32,30.08,-1.7299999999999998,-28.49
-1.89,3.48,8.35,0.098,1.6,-0.4,-1.6,2.3,1.1604,177.0,3.4789,8.35,83.5,2.0118379071932204,,,,Sand,,,Sand 2,2,3.32,30.08,-1.7299999999999998,-28.49
-1.91,3.5,8.54,0.099,1.6,-0.2,-1.6,2.4,1.1458,178.0,3.4989,8.54,85.4,2.000807649857707,,,,Sand,,,Sand 2,2,3.32,30.08,-1.7299999999999998,-28.49
-1.93,3.52,8.7,0.098,1.6,-0.2,-1.6,2.4,1.1088,179.0,3.5189,8.7,87.0,1.985503709222827,,,,Sand,,,Sand 2,2,3.32,30.08,-1.7299999999999998,-28.49
-1.95,3.54,8.94,0.096,1.6,-0.2,-1.6,2.4,1.0615,180.0,3.5389,8.94,89.4,1.9643452788357265,,,,Sand,,,Sand 2,2,3.32,30.08,-1.7299999999999998,-28.49
-1.97,3.56,9.18,0.094,1.6,-0.2,-1.6,2.3,1.0164,180.0,3.5589,9.18,91.8,1.9435047863438704,,,,Sand,,,Sand 2,2,3.32,30.08,-1.7299999999999998,-28.49
-1.99,3.58,9.34,0.094,1.6,-0.4,-1.6,2.4,0.99458,181.0,3.5789,9.34,93.4,1.9317365202432102,,,,Sand,,,Sand 2,2,3.32,30.08,-1.7299999999999998,-28.49
-2.01,3.6,9.55,0.094,1.6,-0.2,-1.4,2.4,0.97271,182.0,3.5989,9.55,95.5,1.918153747932793,,,,Sand,,,Sand 2,2,3.32,30.08,-1.7299999999999998,-28.49
-2.0300000000000002,3.62,9.75,0.094,1.6,-0.2,-1.6,2.4,0.9513,183.0,3.6189,9.75,97.5,1.9050753663127449,,,,Sand,,,Sand 2,2,3.32,30.08,-1.7299999999999998,-28.49
-2.05,3.64,9.99,0.094,1.6,0.0,-1.6,2.4,0.93035,184.0,3.6388,9.99,99.9,1.8907823320601518,,,,Sand,,,Sand 2,2,3.32,30.08,-1.7299999999999998,-28.49
-2.0700000000000003,3.66,10.16,0.094,1.6,-0.2,-1.6,2.4,0.90942,185.0,3.6588,10.16,101.6,1.8788735376945984,,,,Sand,,,Sand 2,2,3.32,30.08,-1.7299999999999998,-28.49
-2.09,3.68,10.4,0.094,1.6,0.0,-1.6,2.4,0.8891,185.0,3.6788,10.4,104.0,1.8648210762168829,,,,Sand,,,Sand 2,2,3.32,30.08,-1.7299999999999998,-28.49
-2.1100000000000003,3.7,10.68,0.094,1.6,0.0,-1.4,2.3,0.86926,186.0,3.6988,10.68,106.8,1.8496877710030566,,,,Sand,,,Sand 2,2,3.32,30.08,-1.7299999999999998,-28.49
-2.13,3.72,10.96,0.094,1.6,-0.2,-1.6,2.4,0.85058,187.0,3.7188,10.96,109.6,1.8350168434463654,,,,Sand,,,Sand 2,2,3.32,30.08,-1.7299999999999998,-28.49
-2.1500000000000004,3.74,11.2,0.095,1.6,-0.2,-1.6,2.0,0.84089,188.0,3.7388,11.2,112.0,1.8245682325454402,,,,Sand,,,Sand 2,2,3.32,30.08,-1.7299999999999998,-28.49
-2.17,3.76,11.44,0.097,1.6,-0.2,-1.6,2.2,0.84074,189.0,3.7588,11.44,114.4,1.8173583905427584,,,,Sand,,,Sand 2,2,3.32,30.08,-1.7299999999999998,-28.49
-2.1899999999999995,3.78,11.68,0.098,1.6,-0.2,-1.6,2.4,0.83324,190.0,3.7788,11.68,116.8,1.807905701000626,,,,Sand,,,Sand 2,2,3.32,30.08,-1.7299999999999998,-28.49
-2.21,3.8,11.89,0.098,1.6667,0.0,-1.4,2.4,0.81829,191.0,3.7988,11.89,118.9,1.7969408676665977,,,,Sand,,,Sand 2,2,3.32,30.08,-1.7299999999999998,-28.49
-2.2299999999999995,3.82,12.13,0.1,1.7333,-0.2,-1.6,2.2,0.82018,192.0,3.8188,12.13,121.3,1.7908466981288431,,,,Sand,,,Sand 2,2,3.32,30.08,-1.7299999999999998,-28.49
-2.25,3.84,12.32,0.1,1.8,0.0,-1.8,2.9,0.80588,192.0,3.8388,12.32,123.2,1.7807862822878273,,,,Sand,,,Sand 2,2,3.32,30.08,-1.7299999999999998,-28.49
-2.2699999999999996,3.86,12.47,0.101,1.6,-0.2,-1.6,2.6,0.79929,193.0,3.8588,12.47,124.7,1.7744599537395833,,,,Sand,,,Sand 2,2,3.32,30.08,-1.7299999999999998,-28.49
-2.29,3.88,12.68,0.102,1.6,-0.2,-1.6,2.4,0.79269,194.0,3.8788,12.68,126.8,1.766565976407899,,,,Sand,,,Sand 2,2,3.32,30.08,-1.7299999999999998,-28.49
-2.3099999999999996,3.9,12.93,0.103,1.6,0.0,-1.6,2.4,0.78724,195.0,3.8987,12.93,129.3,1.7581097075700374,,,,Sand,,,Sand 2,2,3.32,30.08,-1.7299999999999998,-28.49
-2.33,3.92,13.17,0.105,1.6,-0.2,-1.6,2.3,0.79007,195.0,3.9187,13.17,131.7,1.7529389346531707,,,,Sand,,,Sand 2,2,3.32,30.08,-1.7299999999999998,-28.49
-2.3499999999999996,3.94,13.5,0.105,1.6,-0.2,-1.6,2.4,0.77864,196.0,3.9387,13.5,135.0,1.7406248578153918,,,,Sand,,,Sand 2,2,3.32,30.08,-1.7299999999999998,-28.49
-2.37,3.96,13.74,0.107,1.6,0.0,-1.6,2.3,0.7836,197.0,3.9587,13.74,137.4,1.7365096421246917,,,,Sand,,,Sand 2,2,3.32,30.08,-1.7299999999999998,-28.49
-2.3899999999999997,3.98,13.86,0.108,1.6,0.0,-1.6,2.3,0.78325,198.0,3.9787,13.86,138.6,1.7334898400292402,,,,Sand,,,Sand 2,2,3.32,30.08,-1.7299999999999998,-28.49
-2.41,4.0,13.97,0.109,1.8,-0.2,-1.8,2.4,0.78523,199.0,3.9987,13.97,139.7,1.7315665199078674,,,,Sand,,,Sand 2,2,3.32,30.08,-1.7299999999999998,-28.49
-2.4299999999999997,4.02,14.03,0.109,1.8,0.0,-1.6,2.4,0.7834,200.0,4.0187,14.03,140.3,1.7294900386538627,,,,Sand,,,Sand 2,2,3.32,30.08,-1.7299999999999998,-28.49
-2.45,4.04,14.04,0.108,1.8,0.0,-1.6,2.4,0.77642,200.0,4.0387,14.04,140.4,1.726752003588137,,,,Sand,,,Sand 2,2,3.32,30.08,-1.7299999999999998,-28.49
-2.4699999999999998,4.06,14.0,0.107,1.8,-0.2,-1.8,2.3,0.77062,201.0,4.0587,14.0,140.0,1.7256107251541375,,,,Sand,,,Sand 2,2,3.32,30.08,-1.7299999999999998,-28.49
-2.49,4.08,13.91,0.105,1.6,-0.2,-1.6,2.4,0.7586,202.0,4.0787,13.91,139.1,1.7233946583957094,,,,Sand,,,Sand 2,2,3.32,30.08,-1.7299999999999998,-28.49
-2.51,4.1,13.76,0.103,1.6,0.0,-1.6,2.4,0.7476,203.0,4.0987,13.76,137.6,1.7229885073215145,,,,Sand,,,Sand 2,2,3.32,30.08,-1.7299999999999998,-28.49
-2.5300000000000002,4.12,13.71,0.101,1.6,-0.2,-1.6,2.3,0.73736,204.0,4.1186,13.71,137.1,1.7204173922856723,,,,Sand,,,Sand 2,2,3.32,30.08,-1.7299999999999998,-28.49
-2.55,4.14,13.66,0.099,1.6,0.0,-1.6,2.4,0.72727,205.0,4.1386,13.66,136.6,1.7178729188604152,,,,Sand,,,Sand 2,2,3.32,30.08,-1.7299999999999998,-28.49
-2.5700000000000003,4.16,13.62,0.097,1.6,-0.2,-1.6,2.4,0.71659,205.0,4.1586,13.62,136.2,1.714826513476257,,,,Sand,,,Sand 2,2,3.32,30.08,-1.7299999999999998,-28.49
-2.59,4.18,13.52,0.096,1.6,-0.2,-1.6,2.4,0.71243,206.0,4.1786,13.52,135.2,1.7157386881631576,,,,Sand,,,Sand 2,2,3.32,30.08,-1.7299999999999998,-28.49
-2.6100000000000003,4.2,13.4,0.095,1.6,-0.2,-1.6,2.3,0.70803,207.0,4.1986,13.4,134.0,1.7170841787185724,,,,Sand,,,Sand 2,2,3.32,30.08,-1.7299999999999998,-28.49
-2.63,4.22,13.32,0.095,1.6,0.0,-1.6,2.4,0.71075,208.0,4.2186,13.32,133.2,1.7201557856547405,,,,Sand,,,Sand 2,2,3.32,30.08,-1.7299999999999998,-28.49
-2.6500000000000004,4.24,13.3,0.095,1.8,-0.2,-1.8,2.2,0.71301,209.0,4.2386,13.3,133.0,1.7215253748094645,,,,Sand,,,Sand 2,2,3.32,30.08,-1.7299999999999998,-28.49
-2.67,4.26,13.27,0.095,1.6,0.0,-1.6,2.0,0.71449,210.0,4.2586,13.27,132.7,1.7228535895303192,,,,Sand,,,Sand 2,2,3.32,30.08,-1.7299999999999998,-28.49
-2.6900000000000004,4.28,13.25,0.095,1.6,0.0,-1.6,2.3,0.71442,211.0,4.2786,13.25,132.5,1.723339311437816,,,,Sand,,,Sand 2,2,3.32,30.08,-1.7299999999999998,-28.49
-2.71,4.3,13.25,0.097,1.6,-0.2,-1.6,2.4,0.72802,211.0,4.2986,13.25,132.5,1.7284548541521323,,,,Sand,,,Sand 2,2,3.32,30.08,-1.7299999999999998,-28.49
-2.7300000000000004,4.32,13.28,0.097,1.6,-0.2,-1.6,2.3,0.7251,212.0,4.3186,13.28,132.8,1.726596379731233,,,,Sand,,,Sand 2,2,3.32,30.08,-1.7299999999999998,-28.49
-2.75,4.34,13.3,0.097,1.6,0.0,-1.6,2.1,0.72106,213.0,4.3386,13.3,133.0,1.724568859992983,,,,Sand,,,Sand 2,2,3.32,30.08,-1.7299999999999998,-28.49
-2.7700000000000005,4.36,13.41,0.097,1.6,0.0,-1.4,3.0,0.71626,214.0,4.3586,13.41,134.1,1.7199635150372483,,,,Sand,,,Sand 2,2,3.32,30.08,-1.7299999999999998,-28.49
-2.79,4.38,13.53,0.097,1.6,0.0,-1.6,2.8,0.71088,215.0,4.3785,13.53,135.3,1.714896757619091,,,,Sand,,,Sand 2,2,3.32,30.08,-1.7299999999999998,-28.49
-2.8100000000000005,4.4,13.73,0.097,1.6,0.0,-1.6,2.5,0.70539,215.0,4.3985,13.73,137.3,1.707818188040434,,,,Sand,,,Sand 2,2,3.32,30.08,-1.7299999999999998,-28.49
-2.83,4.42,13.87,0.097,1.6,-0.2,-1.6,2.4,0.70005,216.0,4.4185,13.87,138.7,1.702316315954853,,,,Sand,,,Sand 2,2,3.32,30.08,-1.7299999999999998,-28.49
-2.8500000000000005,4.44,13.97,0.099,1.6,0.0,-1.6,2.3,0.71031,217.0,4.4385,13.97,139.7,1.7038501185993231,,,,Sand,,,Sand 2,2,3.32,30.08,-1.7299999999999998,-28.49
-2.87,4.46,14.07,0.101,1.6,0.0,-1.6,2.4,0.72124,218.0,4.4585,14.07,140.7,1.7056267347210687,,,,Sand,,,Sand 2,2,3.32,30.08,-1.7299999999999998,-28.49
-2.8900000000000006,4.48,14.13,0.103,1.6,-0.2,-1.6,2.3,0.73277,219.0,4.4785,14.13,141.3,1.7085606753204288,,,,Sand,,,Sand 2,2,3.32,30.08,-1.7299999999999998,-28.49
-2.91,4.5,14.14,0.106,1.6,0.0,-1.6,2.4,0.75104,220.0,4.4985,14.14,141.4,1.7151359477874384,,,,Sand,,,Sand 2,2,3.32,30.08,-1.7299999999999998,-28.49
-2.9299999999999997,4.52,14.06,0.108,1.6,0.0,-1.6,2.4,0.76083,220.0,4.5185,14.06,140.6,1.7206269943267631,,,,Sand,,,Sand 2,2,3.32,30.08,-1.7299999999999998,-28.49
-2.95,4.54,14.06,0.108,1.6,0.0,-1.6,2.4,0.75524,221.0,4.5385,14.06,140.6,1.718578902309066,,,,Sand,,,Sand 2,2,3.32,30.08,-1.7299999999999998,-28.49
-2.9699999999999998,4.56,14.15,0.109,1.6,-0.2,-1.6,2.3,0.75576,222.0,4.5585,14.15,141.5,1.7166393820216281,,,,Sand,,,Sand 2,2,3.32,30.08,-1.7299999999999998,-28.49
-2.99,4.58,14.33,0.108,1.6,0.0,-1.6,2.4,0.74316,223.0,4.5785,14.33,143.3,1.7077498981056543,,,,Sand,,,Sand 2,2,3.32,30.08,-1.7299999999999998,-28.49
-3.01,4.6,14.62,0.106,1.6,-0.4,-1.6,2.4,0.72423,224.0,4.5985,14.62,146.2,1.693899536197879,,,,Sand,,,Sand 2,2,3.32,30.08,-1.7299999999999998,-28.49
-3.0300000000000002,4.62,14.91,0.107,1.6,0.2,-1.6,2.4,0.72659,224.0,4.6185,14.91,149.1,1.6882408071899515,,,,Sand,,,Sand 2,2,3.32,30.08,-1.7299999999999998,-28.49
-3.05,4.64,15.11,0.107,1.8,0.0,-1.8,2.2,0.7223,225.0,4.6384,15.11,151.1,1.6821503843675512,,,,Sand,,,Sand 2,2,3.32,30.08,-1.7299999999999998,-28.49
-3.0700000000000003,4.66,15.02,0.103,1.6,0.0,-1.6,1.9,0.69186,226.0,4.6584,15.02,150.2,1.672226448524167,,,,Sand,,,Sand 2,2,3.32,30.08,-1.7299999999999998,-28.49
-3.09,4.68,14.89,0.102,1.6,-0.2,-1.6,1.5,0.68353,228.0,4.6784,14.89,148.9,1.6718240692667965,,,,Sand,,,Sand 2,2,3.32,30.08,-1.7299999999999998,-28.49
-3.1100000000000003,4.7,14.78,0.093,1.6,0.0,-1.6,1.0,0.62374,230.0,4.6984,14.78,147.8,1.6495693005171599,,,,Sand,,,Sand 2,2,3.32,30.08,-1.7299999999999998,-28.49
-3.13,4.72,14.85,0.087,1.8,0.0,-1.8,0.9,0.58571,232.0,4.7184,14.85,148.5,1.6312667459328236,,,,Sand,,,Sand 2,2,3.32,30.08,-1.7299999999999998,-28.49
-3.1500000000000004,4.74,14.92,0.081,1.6,0.0,-1.6,0.9,0.54822,234.0,4.7384,14.92,149.2,1.6123925442414413,,,,Sand,,,Sand 2,2,3.32,30.08,-1.7299999999999998,-28.49
-3.17,4.76,14.9,0.08,1.6,-0.2,-1.6,0.9,0.54514,236.0,4.7584,14.9,149.0,1.6114073053806797,,,,Sand,,,Sand 2,2,3.32,30.08,-1.7299999999999998,-28.49
-3.1900000000000004,4.78,14.81,0.076,1.6,0.0,-1.6,0.8,0.5222,238.0,4.7784,14.81,148.1,1.602527736406615,,,,Sand,,,Sand 2,2,3.32,30.08,-1.7299999999999998,-28.49
-3.21,4.8,14.66,0.074,1.6,0.0,-1.6,1.1,0.51465,240.0,4.7984,14.66,146.6,1.6024297759637254,,,,Sand,,,Sand 2,2,3.32,30.08,-1.7299999999999998,-28.49
-3.2300000000000004,4.82,14.39,0.072,1.6,0.0,-1.6,1.1,0.50879,242.0,4.8184,14.39,143.9,1.6061314380676148,,,,Sand,,,Sand 2,2,3.32,30.08,-1.7299999999999998,-28.49
-3.25,4.84,14.09,0.07,1.6,0.0,-1.6,1.4,0.50432,243.0,4.8384,14.09,140.9,1.6114164203925478,,,,Sand,,,Sand 2,2,3.32,30.08,-1.7299999999999998,-28.49
-3.2700000000000005,4.86,13.81,0.072,1.6,-0.2,-1.6,1.7,0.53029,244.0,4.8584,13.81,138.1,1.631101004229878,,,,Sand,,,Sand 2,2,3.32,30.08,-1.7299999999999998,-28.49
-3.29,4.88,13.45,0.074,1.6,0.0,-1.6,2.0,0.55775,245.0,4.8783,13.45,134.5,1.6531882440613768,,,,Sand,,,Sand 2,2,3.32,30.08,-1.7299999999999998,-28.49
-3.3100000000000005,4.9,13.1,0.076,1.6,-0.2,-1.6,2.3,0.58636,246.0,4.8983,13.1,131.0,1.6752145244219616,,,,Sand,,,Sand 2,2,3.32,30.08,-1.7299999999999998,-28.49
-3.33,4.92,12.73,0.074,1.6,0.0,-1.6,2.4,0.58417,247.0,4.9183,12.73,127.3,1.6843257343426625,,,,Sand,,,Sand 2,2,3.32,30.08,-1.7299999999999998,-28.49
-3.3500000000000005,4.94,12.39,0.074,1.6,0.2,-1.6,2.3,0.59792,248.0,4.9383,12.39,123.9,1.6997735311636484,,,,Sand,,,Sand 2,2,3.32,30.08,-1.7299999999999998,-28.49
-3.37,4.96,12.18,0.071,1.6,-0.2,-1.6,2.4,0.58641,248.0,4.9583,12.18,121.8,1.7008745907593459,,,,Sand,,,Sand 2,2,3.32,30.08,-1.7299999999999998,-28.49
-3.3900000000000006,4.98,11.94,0.071,1.6,0.0,-1.6,2.3,0.59808,249.0,4.9783,11.94,119.4,1.712882368184691,,,,Sand,,,Sand 2,2,3.32,30.08,-1.7299999999999998,-28.49
-3.41,5.0,11.74,0.07,1.6,0.0,-1.4,2.4,0.59932,250.0,4.9983,11.74,117.4,1.719375602320162,,,,Sand,,,Sand 2,2,3.32,30.08,-1.7299999999999998,-28.49
-3.4299999999999997,5.02,11.48,0.071,1.6,-0.2,-1.6,2.3,0.61538,251.0,5.0183,11.48,114.8,1.7339648887224606,,,,Sand,,,Sand 2,2,3.32,30.08,-1.7299999999999998,-28.49
-3.45,5.04,11.3,0.072,1.6,0.0,-1.6,2.3,0.6304,252.0,5.0383,11.3,113.0,1.7456471297953167,,,,Sand,,,Sand 2,2,3.32,30.08,-1.7299999999999998,-28.49
-3.4699999999999998,5.06,11.21,0.073,1.6,0.0,-1.6,2.4,0.64367,253.0,5.0583,11.21,112.1,1.7537583456534427,,,,Sand,,,Sand 2,2,3.32,30.08,-1.7299999999999998,-28.49
-3.49,5.08,11.2,0.075,1.6,0.0,-1.4,2.4,0.66467,253.0,5.0783,11.2,112.0,1.7622851243310027,,,,Sand,,,Sand 2,2,3.32,30.08,-1.7299999999999998,-28.49
-3.51,5.1,11.25,0.076,1.6,0.0,-1.6,2.4,0.67526,254.0,5.0983,11.25,112.5,1.7647995907918341,,,,Sand,,,Sand 2,2,3.32,30.08,-1.7299999999999998,-28.49
-3.5300000000000002,5.12,11.25,0.078,1.6,0.0,-1.6,2.4,0.69349,255.0,5.1183,11.25,112.5,1.7717038344356983,,,,Sand,,,Sand 2,2,3.32,30.08,-1.7299999999999998,-28.49
-3.55,5.14,11.3,0.077,1.6,0.0,-1.6,2.3,0.68482,256.0,5.1382,11.3,113.0,1.7668922740563806,,,,Sand,,,Sand 2,2,3.32,30.08,-1.7299999999999998,-28.49
-3.5700000000000003,5.16,11.28,0.076,1.6,-0.2,-1.6,2.4,0.67711,257.0,5.1582,11.28,112.8,1.764577088675364,,,,Sand,,,Sand 2,2,3.32,30.08,-1.7299999999999998,-28.49
-3.59,5.18,11.25,0.075,1.6,0.0,-1.6,2.4,0.67077,258.0,5.1782,11.25,112.5,1.7630781403472524,,,,Sand,,,Sand 2,2,3.32,30.08,-1.7299999999999998,-28.49
-3.6100000000000003,5.2,11.24,0.074,1.8,0.0,-1.8,2.3,0.66539,258.0,5.1982,11.24,112.4,1.7613155218956424,,,,Sand,,,Sand 2,2,3.32,30.08,-1.7299999999999998,-28.49
-3.63,5.22,11.18,0.0733,1.6,0.0,-1.6,2.4,0.66463,259.0,5.2182,11.18,111.8,1.7628955267618378,,,,Sand,,,Sand 2,2,3.32,30.08,-1.7299999999999998,-28.49
-3.6500000000000004,5.24,11.043,0.0727,1.6,0.0,-1.6,2.0,0.66636,260.0,5.2382,11.043,110.43,1.7678825787661534,,,,Sand,,,Sand 2,2,3.32,30.08,-1.7299999999999998,-28.49
-3.67,5.26,10.907,0.072,1.6,0.0,-1.4,2.2,0.66876,261.0,5.2582,10.907,109.07,1.7731491892402527,,,,Sand,,,Sand 2,2,3.32,30.08,-1.7299999999999998,-28.49
-3.6900000000000004,5.28,10.77,0.069,1.6,0.0,-1.6,2.3,0.65125,262.0,5.2782,10.77,107.7,1.7708354147587986,,,,Sand,,,Sand 2,2,3.32,30.08,-1.7299999999999998,-28.49
-3.71,5.3,10.56,0.067,1.6,-0.2,-1.6,2.3,0.64269,263.0,5.2982,10.56,105.6,1.774450684841457,,,,Sand,,,Sand 2,2,3.32,30.08,-1.7299999999999998,-28.49
-3.7300000000000004,5.32,10.33,0.066,1.6,-0.2,-1.6,0.0,0.64369,312.0,5.3182,10.33,103.3,1.782644034840458,,,,Sand,,,Sand 2,2,3.32,30.08,-1.7299999999999998,-28.49
-3.75,5.34,10.1,0.065,1.6,0.0,-1.4,2.5,0.64612,313.0,5.3382,10.1,101.0,1.7915800549515513,,,,Sand,,,Sand 2,2,3.32,30.08,-1.7299999999999998,-28.49
-3.7700000000000005,5.36,9.87,0.065,1.6,0.0,-1.6,2.3,0.66158,314.0,5.3582,9.87,98.7,1.8056720438507765,,,,Sand,,,Sand 2,2,3.32,30.08,-1.7299999999999998,-28.49
-3.79,5.38,9.82,0.065,1.6,0.0,-1.6,2.4,0.67797,315.0,5.3781,9.82,98.2,1.8136146010706278,,,,Sand,,,Sand 2,2,3.32,30.08,-1.7299999999999998,-28.49
-3.8100000000000005,5.4,9.67,0.065,1.6,0.0,-1.6,2.4,0.69407,315.0,5.3981,9.67,96.7,1.8249754689141617,,,,Sand,,,Sand 2,2,3.32,30.08,-1.7299999999999998,-28.49
-3.83,5.42,9.36,0.067,1.6,0.2,-1.4,2.4,0.72955,316.0,5.4181,9.36,93.6,1.8491031200166186,,,,Sand,,,Sand 2,2,3.32,30.08,-1.7299999999999998,-28.49
-3.8500000000000005,5.44,8.89,0.071,1.6,-0.2,-1.6,2.4,0.78453,317.0,5.4381,8.89,88.9,1.8857609376122444,,,,Sand,,,Sand 2,2,3.32,30.08,-1.7299999999999998,-28.49
-3.87,5.46,8.66,0.073,1.6,0.0,-1.6,2.3,0.81621,318.0,5.4581,8.66,86.6,1.90511862564844,,,,Sand,,,Sand 2,2,3.32,30.08,-1.7299999999999998,-28.49
-3.8900000000000006,5.48,8.55,0.071,1.6,-0.2,-1.6,2.3,0.79989,319.0,5.4781,8.55,85.5,1.904401536895341,,,,Sand,,,Sand 2,2,3.32,30.08,-1.7299999999999998,-28.49
-3.91,5.5,8.65,0.068,1.6,0.0,-1.6,2.4,0.76782,320.0,5.4981,8.65,86.5,1.8898777740915935,,,,Sand,,,Sand 2,2,3.32,30.08,-1.7299999999999998,-28.49
-3.9299999999999997,5.52,8.8,0.063,1.6,-0.2,-1.6,2.4,0.70787,320.0,5.5181,8.8,88.0,1.8633313244770644,,,,Sand,,,Sand 2,2,3.32,30.08,-1.7299999999999998,-28.49
-3.95,5.54,8.97,0.062,1.8,0.0,-1.8,2.4,0.69187,321.0,5.5381,8.97,89.7,1.850829735767992,,,,Sand,,,Sand 2,2,3.32,30.08,-1.7299999999999998,-28.49
-3.9699999999999998,5.56,9.13,0.061,1.6,0.0,-1.6,2.4,0.6774,322.0,5.5581,9.13,91.3,1.8392808626406212,,,,Sand,,,Sand 2,2,3.32,30.08,-1.7299999999999998,-28.49
-3.99,5.58,9.2,0.063,1.6,-0.2,-1.6,2.3,0.69961,323.0,5.5781,9.2,92.0,1.8446119992903653,,,,Sand,,,Sand 2,2,3.32,30.08,-1.7299999999999998,-28.49
-4.01,5.6,9.24,0.062,1.6,0.0,-1.6,2.4,0.69332,324.0,5.5981,9.24,92.4,1.840810472078695,,,,Sand,,,Sand 2,2,3.32,30.08,-1.7299999999999998,-28.49
-4.03,5.62,9.15,0.061,1.6,0.0,-1.6,2.4,0.69249,325.0,5.6181,9.15,91.5,1.8439867460888926,,,,Sand,,,Sand 2,2,3.32,30.08,-1.7299999999999998,-28.49
-4.05,5.64,8.9,0.062,1.6,0.0,-1.4,2.3,0.71884,325.0,5.638,8.9,89.0,1.863167121447259,,,,Sand,,,Sand 2,2,3.32,30.08,-1.7299999999999998,-28.49
-4.07,5.66,8.65,0.065,1.6,0.0,-1.6,2.4,0.77289,326.0,5.658,8.65,86.5,1.8915507991470721,,,,Sand,,,Sand 2,2,3.32,30.08,-1.7299999999999998,-28.49
-4.09,5.68,8.3,0.067,1.6,0.0,-1.4,2.4,0.81982,327.0,5.678,8.3,83.0,1.9211133285572206,,,,Sand,,,Sand 2,2,3.32,30.08,-1.7299999999999998,-28.49
-4.11,5.7,7.9,0.067,1.6,-0.2,-1.8,2.3,0.84503,328.0,5.698,7.9,79.0,1.9461942967456145,,,,Sand,,,Sand 2,2,3.32,30.08,-1.7299999999999998,-28.49
-4.13,5.72,7.66,0.068,1.6,-0.2,-1.6,2.4,0.8814,329.0,5.718,7.66,76.6,1.9678156983292645,,,,Sand,,,Sand 2,2,3.32,30.08,-1.7299999999999998,-28.49
-4.15,5.74,7.48,0.068,1.8,-0.2,-1.8,2.3,0.89828,330.0,5.738,7.48,74.8,1.981016203405209,,,,Sand,,,Sand 2,2,3.32,30.08,-1.7299999999999998,-28.49
-4.17,5.76,7.34,0.07,1.6,0.0,-1.6,2.0,0.92946,331.0,5.758,7.34,73.4,1.9964176263672595,,,,Sand,,,Sand 2,2,3.32,30.08,-1.7299999999999998,-28.49
-4.19,5.78,7.2,0.079,1.6,-0.2,-1.6,2.3,1.0429,331.0,5.778,7.2,72.0,2.0332096253411462,,,,Sand,,,Sand 2,2,3.32,30.08,-1.7299999999999998,-28.49
-4.21,5.8,7.19,0.077,1.6,-0.2,-1.6,2.4,1.0059,332.0,5.798,7.19,71.9,2.0241748768454317,,,,Sand,,,Sand 2,2,3.32,30.08,-1.7299999999999998,-28.49
-4.23,5.82,7.49,0.079,1.6,-0.2,-1.6,2.3,1.0174,333.0,5.818,7.49,74.9,2.01306090950075,,,,Sand,,,Sand 2,2,3.32,30.08,-1.7299999999999998,-28.49
-4.25,5.84,7.99,0.079,1.6,0.0,-1.4,2.4,0.99874,334.0,5.838,7.99,79.9,1.9859440732360425,,,,Sand,,,Sand 2,2,3.32,30.08,-1.7299999999999998,-28.49
-4.2700000000000005,5.86,8.25,0.07,1.6,0.0,-1.6,2.8,0.86701,335.0,5.858,8.25,82.5,1.9376597135379796,,,,Sand,,,Sand 2,2,3.32,30.08,-1.7299999999999998,-28.49
-4.29,5.88,8.3,0.062,1.6,-0.2,-1.6,2.5,0.75529,335.0,5.8779,8.3,83.0,1.900319062126821,,,,Sand,,,Sand 2,2,3.32,30.08,-1.7299999999999998,-28.49
-4.3100000000000005,5.9,8.36,0.059,1.6,-0.2,-1.4,2.4,0.71095,336.0,5.8979,8.36,83.6,1.8826854158459496,,,,Sand,,,Sand 2,2,3.32,30.08,-1.7299999999999998,-28.49
-4.33,5.92,8.5,0.055,1.6,-0.2,-1.6,2.3,0.65947,337.0,5.9179,8.5,85.0,1.8583100886351616,,,,Sand,,,Sand 2,2,3.32,30.08,-1.7299999999999998,-28.49
-4.3500000000000005,5.94,8.51,0.054,1.6,-0.2,-1.6,2.4,0.64622,338.0,5.9379,8.51,85.1,1.8529707818049408,,,,Sand,,,Sand 2,2,3.32,30.08,-1.7299999999999998,-28.49
-4.37,5.96,8.27,0.055,1.6,0.0,-1.6,2.4,0.65593,339.0,5.9579,8.27,82.7,1.8668991956661016,,,,Sand,,,Sand 2,2,3.32,30.08,-1.7299999999999998,-28.49
-4.390000000000001,5.98,8.21,0.059,1.6,-0.2,-1.6,2.3,0.69988,340.0,5.9779,8.21,82.1,1.8852966465428176,,,,Sand,,,Sand 2,2,3.32,30.08,-1.7299999999999998,-28.49
-4.41,6.0,8.32,0.061,1.6,-0.2,-1.6,2.4,0.71902,340.0,5.9979,8.32,83.2,1.8871907221461455,,,,Sand,,,Sand 2,2,3.32,30.08,-1.7299999999999998,-28.49
-4.43,6.02,8.38,0.06,1.6,0.0,-1.4,2.4,0.70073,341.0,6.0179,8.38,83.8,1.8782578054878343,,,,Sand,,,Sand 2,2,3.32,30.08,-1.7299999999999998,-28.49
-4.45,6.04,8.53,0.0597,1.6,-0.2,-1.6,2.3,0.68611,342.0,6.0379,8.53,85.3,1.8667205570123986,,,,Sand,,,Sand 2,2,3.32,30.08,-1.7299999999999998,-28.49
-4.47,6.06,8.72,0.0593,1.6,-0.2,-1.6,2.4,0.66845,343.0,6.0579,8.72,87.2,1.8524278356658082,,,,Sand,,,Sand 2,2,3.32,30.08,-1.7299999999999998,-28.49
-4.49,6.08,8.93,0.059,1.6,-0.2,-1.6,2.4,0.65229,344.0,6.0779,8.93,89.3,1.8379009479153314,,,,Sand,,,Sand 2,2,3.32,30.08,-1.7299999999999998,-28.49
-4.51,6.1,9.14,0.062,1.6,-0.2,-1.6,2.3,0.67218,345.0,6.0979,9.14,91.4,1.8369729006693643,,,,Sand,,,Sand 2,2,3.32,30.08,-1.7299999999999998,-28.49
-4.53,6.12,9.38,0.062,1.6,0.0,-1.6,2.3,0.65922,345.0,6.1179,9.38,93.8,1.8229044015864855,,,,Sand,,,Sand 2,2,3.32,30.08,-1.7299999999999998,-28.49
-4.55,6.14,9.57,0.061,1.6,-0.2,-1.6,2.4,0.63658,346.0,6.1378,9.57,95.7,1.8071132233339953,,,,Sand,,,Sand 2,2,3.32,30.08,-1.7299999999999998,-28.49
-4.57,6.16,9.71,0.061,1.6,0.0,-1.6,2.3,0.625,347.0,6.1578,9.71,97.1,1.7974011855436196,,,,Sand,,,Sand 2,2,3.32,30.08,-1.7299999999999998,-28.49
-4.59,6.18,9.81,0.058,1.6,0.0,-1.6,2.4,0.58697,348.0,6.1778,9.81,98.1,1.778432998867494,,,,Sand,,,Sand 2,2,3.32,30.08,-1.7299999999999998,-28.49
-4.61,6.2,9.98,0.059,1.6667,0.0,-1.4,2.4,0.59528,349.0,6.1978,9.98,99.8,1.775648448425446,,,,Sand,,,Sand 2,2,3.32,30.08,-1.7299999999999998,-28.49
-4.63,6.22,10.14,0.06,1.7333,0.0,-1.6,2.4,0.60423,350.0,6.2178,10.14,101.4,1.7735813719857496,,,,Sand,,,Sand 2,2,3.32,30.08,-1.7299999999999998,-28.49
-4.65,6.24,10.35,0.0579,1.8,-0.2,-1.8,2.4,0.58588,350.0,6.2378,10.35,103.5,1.758682620569221,,,,Sand,,,Sand 2,2,3.32,30.08,-1.7299999999999998,-28.49
-4.67,6.26,10.11,0.0558,1.6,-0.2,-1.6,2.1,0.56924,351.0,6.2578,10.11,101.1,1.760157752239971,,,,Sand,,,Sand 2,2,3.32,30.08,-1.7299999999999998,-28.49
-4.69,6.28,9.62,0.0537,1.6,0.2,-1.6,2.2,0.5519,352.0,6.2778,9.62,96.2,1.770825735096807,,,,Sand,,,Sand 2,2,3.32,30.08,-1.7299999999999998,-28.49
-4.71,6.3,9.72,0.056,1.6,-0.2,-1.6,2.3,0.57859,353.0,6.2978,9.72,97.2,1.7783042296159344,,,,Sand,,,Sand 2,2,3.32,30.08,-1.7299999999999998,-28.49
-4.73,6.32,9.33,0.056,1.6,0.0,-1.6,2.4,0.58435,354.0,6.3178,9.33,93.3,1.7955163010010404,,,,Sand,,,Sand 2,2,3.32,30.08,-1.7299999999999998,-28.49
-4.75,6.34,9.17,0.06,1.6,-0.4,-1.4,2.1,0.63158,355.0,6.3378,9.17,91.7,1.8205011057731812,,,,Sand,,,Sand 2,2,3.32,30.08,-1.7299999999999998,-28.49
-4.7700000000000005,6.36,9.4,0.062,1.6,-0.2,-1.6,2.8,0.65539,356.0,6.3578,9.4,94.0,1.8207026336079812,,,,Sand,,,Sand 2,2,3.32,30.08,-1.7299999999999998,-28.49
-4.79,6.38,9.73,0.073,1.6,-0.2,-1.4,2.6,0.77228,356.0,6.3778,9.73,97.3,1.8501768928695737,,,,Sand,,,Sand 2,2,3.32,30.08,-1.7299999999999998,-28.49
-4.8100000000000005,6.4,9.5867,0.076,1.6,-0.2,-1.6,2.3,0.79633,357.0,6.3977,9.5867,95.867,1.8633245678622443,,,,Sand,,,Sand 2,2,3.32,30.08,-1.7299999999999998,-28.49
-4.83,6.42,9.4433,0.068,1.6,-0.2,-1.4,2.4,0.70094,358.0,6.4177,9.4433,94.433,1.835846005122724,,,,Sand,,,Sand 2,2,3.32,30.08,-1.7299999999999998,-28.49
-4.8500000000000005,6.44,9.3,0.065,1.6,-0.2,-1.6,2.4,0.65681,359.0,6.4377,9.3,93.0,1.8250574521965313,,,,Sand,,,Sand 2,2,3.32,30.08,-1.7299999999999998,-28.49
-4.87,6.46,9.66,0.066,1.6,-0.2,-1.6,2.3,0.65193,360.0,6.4577,9.66,96.6,1.809658689980328,,,,Sand,,,Sand 2,2,3.32,30.08,-1.7299999999999998,-28.49
-4.890000000000001,6.48,10.06,0.063,1.6,0.0,-1.4,2.3,0.604,361.0,6.4777,10.06,100.6,1.7763286966863023,,,,Sand,,,Sand 2,2,3.32,30.08,-1.7299999999999998,-28.49
-4.91,6.5,10.43,0.068,1.6,-0.2,-1.6,2.4,0.62796,361.0,6.4977,10.43,104.3,1.7730380612581818,,,,Sand,,,Sand 2,2,3.32,30.08,-1.7299999999999998,-28.49
-4.93,6.52,10.96,0.072,1.6,0.0,-1.4,2.4,0.63464,362.0,6.5177,10.96,109.6,1.758125200090207,,,,Sand,,,Sand 2,2,3.32,30.08,-1.7299999999999998,-28.49
-4.95,6.54,11.55,0.075,1.6,-0.2,-1.4,2.4,0.63025,363.0,6.5377,11.55,115.5,1.7378814491503518,,,,Sand,,,Sand 2,2,3.32,30.08,-1.7299999999999998,-28.49
-4.97,6.56,12.04,0.079,1.6,-0.2,-1.6,2.3,0.63358,364.0,6.5577,12.04,120.4,1.7246556124722514,,,,Sand,,,Sand 2,2,3.32,30.08,-1.7299999999999998,-28.49
-4.99,6.58,12.63,0.081,1.4,-0.2,-1.4,2.4,0.62045,365.0,6.5777,12.63,126.3,1.7025368804087617,,,,Sand,,,Sand 2,2,3.32,30.08,-1.7299999999999998,-28.49
-5.01,6.6,13.43,0.083,1.4,-0.2,-1.4,2.3,0.61001,366.0,6.5977,13.43,134.3,1.6767415960507912,,,,Sand,,,Sand 2,2,3.32,30.08,-1.7299999999999998,-28.49
-5.03,6.62,14.1,0.084,1.4,-0.2,-1.4,2.4,0.59696,366.0,6.6177,14.1,141.0,1.6541974056666706,,,,Sand,,,Sand 2,2,3.32,30.08,-1.7299999999999998,-28.49
-5.05,6.64,14.61,0.087,1.4,0.0,-1.4,2.3,0.60197,367.0,6.6377,14.61,146.1,1.6441070329474465,,,,Sand,,,Sand 2,2,3.32,30.08,-1.7299999999999998,-28.49
-5.07,6.66,15.12,0.09,1.6,0.0,-1.6,2.4,0.61027,368.0,6.6576,15.12,151.2,1.6359496064289267,,,,Sand,,,Sand 2,2,3.32,30.08,-1.7299999999999998,-28.49
-5.09,6.68,15.37,0.09,1.6,-0.4,-1.4,2.4,0.60362,369.0,6.6776,15.37,153.7,1.6274070749167726,,,,Sand,,,Sand 2,2,3.32,30.08,-1.7299999999999998,-28.49
-5.11,6.7,15.27,0.092,1.6,-0.2,-1.6,2.4,0.61502,370.0,6.6976,15.27,152.7,1.6346459919677003,,,,Sand,,,Sand 2,2,3.32,30.08,-1.7299999999999998,-28.49
-5.13,6.72,15.09,0.091,1.6,-0.2,-1.6,2.4,0.61259,370.0,6.7176,15.09,150.9,1.6376430298074822,,,,Sand,,,Sand 2,2,3.32,30.08,-1.7299999999999998,-28.49
-5.15,6.74,14.99,0.096,1.4,-0.2,-1.4,2.3,0.65663,371.0,6.7376,14.99,149.9,1.6586089627694096,,,,Sand,,,Sand 2,2,3.32,30.08,-1.7299999999999998,-28.49
-5.17,6.76,14.73,0.095,1.4,0.4,-1.4,2.0,0.66416,372.0,6.7576,14.73,147.3,1.667635602557672,,,,Sand,,,Sand 2,2,3.32,30.08,-1.7299999999999998,-28.49
-5.19,6.78,14.49,0.094,1.4,-0.2,-1.4,2.3,0.67197,373.0,6.7776,14.49,144.9,1.6763781649800393,,,,Sand,,,Sand 2,2,3.32,30.08,-1.7299999999999998,-28.49
-5.21,6.8,13.78,0.091,1.6,-0.2,-1.6,2.4,0.66539,374.0,6.7976,13.78,137.8,1.6908298995680298,,,,Sand,,,Sand 2,2,3.32,30.08,-1.7299999999999998,-28.49
-5.23,6.82,13.24,0.088,1.4,-0.2,-1.4,2.3,0.65782,375.0,6.8176,13.24,132.4,1.7014911990809958,,,,Sand,,,Sand 2,2,3.32,30.08,-1.7299999999999998,-28.49
-5.25,6.84,12.84,0.083,1.4,-0.2,-1.4,2.2,0.6328,376.0,6.8376,12.84,128.4,1.7019078701122174,,,,Sand,,,Sand 2,2,3.32,30.08,-1.7299999999999998,-28.49
-5.2700000000000005,6.86,12.75,0.081,1.4,-0.2,-1.4,2.6,0.62974,376.0,6.8576,12.75,127.5,1.7030919441245003,,,,Sand,,,Sand 2,2,3.32,30.08,-1.7299999999999998,-28.49
-5.29,6.88,12.59,0.08,1.4,0.0,-1.4,2.8,0.63116,377.0,6.8776,12.59,125.9,1.7080731931962478,,,,Sand,,,Sand 2,2,3.32,30.08,-1.7299999999999998,-28.49
-5.3100000000000005,6.9,12.6,0.075,1.4,0.0,-1.4,2.5,0.60018,378.0,6.8976,12.6,126.0,1.6948306214001452,,,,Sand,,,Sand 2,2,3.32,30.08,-1.7299999999999998,-28.49
-5.33,6.92,12.64,0.065,1.4,-0.2,-1.4,2.4,0.52899,379.0,6.9176,12.64,126.4,1.6619895257330572,,,,Sand,,,Sand 2,2,3.32,30.08,-1.7299999999999998,-28.49
-5.3500000000000005,6.94,12.46,0.057,1.4,0.0,-1.4,2.3,0.47396,380.0,6.9376,12.46,124.6,1.6405955713167193,,,,Sand,,,Sand 2,2,3.32,30.08,-1.7299999999999998,-28.49
-5.37,6.96,12.28,0.052,1.6,-0.2,-1.6,2.4,0.44279,380.0,6.9575,12.28,122.8,1.6300036153951372,,,,Sand,,,Sand 2,2,3.32,30.08,-1.7299999999999998,-28.49
-5.390000000000001,6.98,11.81,0.051,1.6,-0.2,-1.4,2.4,0.44619,381.0,6.9775,11.81,118.1,1.6461379310703912,,,,Sand,,,Sand 2,2,3.32,30.08,-1.7299999999999998,-28.49
-5.41,7.0,11.17,0.051,1.6,-0.2,-1.6,2.3,0.45987,382.0,6.9975,11.17,111.7,1.6736120999379855,,,,Sand,,,Sand 2,2,3.32,30.08,-1.7299999999999998,-28.49
-5.43,7.02,10.66,0.052,1.6,0.0,-1.4,2.4,0.48395,383.0,7.0175,10.66,106.6,1.7025651866863882,,,,Sand,,,Sand 2,2,3.32,30.08,-1.7299999999999998,-28.49
-5.45,7.04,10.33,0.055,1.6,-0.2,-1.6,2.4,0.52923,384.0,7.0375,10.33,103.3,1.7349664926618487,,,,Sand,,,Sand 2,2,3.32,30.08,-1.7299999999999998,-28.49
-5.47,7.06,10.09,0.056,1.6,0.0,-1.4,2.4,0.55714,385.0,7.0575,10.09,100.9,1.7557227054151618,,,,Sand,,,Sand 2,2,3.32,30.08,-1.7299999999999998,-28.49
-5.49,7.08,9.92,0.057,1.6,-0.2,-1.6,2.3,0.58424,385.0,7.0775,9.92,99.2,1.7732823297862055,,,,Sand,,,Sand 2,2,3.32,30.08,-1.7299999999999998,-28.49
-5.51,7.1,9.7,0.057,1.6,0.0,-1.4,2.4,0.59961,386.0,7.0975,9.7,97.0,1.7876544309151248,,,,Sand,,,Sand 2,2,3.32,30.08,-1.7299999999999998,-28.49
-5.53,7.12,9.46,0.073,1.6,0.0,-1.4,2.4,0.78611,387.0,7.1175,9.46,94.6,1.8645815443464324,,,,Sand,,,Sand 2,2,3.32,30.08,-1.7299999999999998,-28.49
-5.55,7.14,9.08,0.072,1.6,-0.2,-1.6,2.4,0.79372,388.0,7.1375,9.08,90.8,1.8813663431736454,,,,Sand,,,Sand 2,2,3.32,30.08,-1.7299999999999998,-28.49
-5.57,7.16,8.81,0.071,1.6,-0.2,-1.6,2.4,0.80135,389.0,7.1575,8.81,88.1,1.8943798219691386,,,,Sand,,,Sand 2,2,3.32,30.08,-1.7299999999999998,-28.49
-5.59,7.18,8.66,0.07,1.6,0.0,-1.4,2.3,0.8075,390.0,7.1775,8.66,86.6,1.9023542510487164,,,,Sand,,,Sand 2,2,3.32,30.08,-1.7299999999999998,-28.49
-5.61,7.2,8.57,0.072,1.6,-0.2,-1.4,2.4,0.84768,390.0,7.1975,8.57,85.7,1.9185579308541687,,,,Sand,,,Sand 2,2,3.32,30.08,-1.7299999999999998,-28.49
-5.63,7.22,8.37,0.072,1.6,0.0,-1.6,2.4,0.86124,391.0,7.2174,8.37,83.7,1.9308988600992423,,,,Sand,,,Sand 2,2,3.32,30.08,-1.7299999999999998,-28.49
-5.65,7.24,8.23,0.072,1.4,0.0,-1.4,2.4,0.87273,392.0,7.2374,8.23,82.3,1.940212314749529,,,,Sand,,,Sand 2,2,3.32,30.08,-1.7299999999999998,-28.49
-5.67,7.26,8.17,0.07,1.4,-0.2,-1.4,2.0,0.8585,393.0,7.2574,8.17,81.7,1.938501689407924,,,,Sand,,,Sand 2,2,3.32,30.08,-1.7299999999999998,-28.49
-5.69,7.28,8.06,0.06,1.4,0.0,-1.4,2.1,0.74349,394.0,7.2774,8.06,80.60000000000001,1.9068113473385444,,,,Sand,,,Sand 2,2,3.32,30.08,-1.7299999999999998,-28.49
-5.71,7.3,8.01,0.057,1.4,0.0,-1.4,2.3,0.71139,395.0,7.2974,8.01,80.1,1.8981364901367057,,,,Sand,,,Sand 2,2,3.32,30.08,-1.7299999999999998,-28.49
-5.73,7.32,7.93,0.056,1.4,0.0,-1.4,2.4,0.70219,396.0,7.3174,7.93,79.3,1.8985542446639423,,,,Sand,,,Sand 2,2,3.32,30.08,-1.7299999999999998,-28.49
-5.75,7.34,7.89,0.056,1.4,0.0,-1.4,2.1,0.70407,397.0,7.3374,7.89,78.9,1.901023496693219,,,,Sand,,,Sand 2,2,3.32,30.08,-1.7299999999999998,-28.49
-5.7700000000000005,7.36,7.9,0.056,1.6,-0.2,-1.6,2.8,0.70374,397.0,7.3574,7.9,79.0,1.900454010765105,,,,Sand,,,Sand 2,2,3.32,30.08,-1.7299999999999998,-28.49
-5.79,7.38,7.91,0.056,1.6,-0.2,-1.6,2.6,0.70142,398.0,7.3774,7.91,79.1,1.8991941903555356,,,,Sand,,,Sand 2,2,3.32,30.08,-1.7299999999999998,-28.49
-5.8100000000000005,7.4,7.93,0.056,1.4,-0.2,-1.4,2.3,0.69684,399.0,7.3974,7.93,79.3,1.8966904462857601,,,,Sand,,,Sand 2,2,3.32,30.08,-1.7299999999999998,-28.49
-5.83,7.42,8.0,0.056,1.4,-0.2,-1.4,2.3,0.68966,400.0,7.4174,8.0,80.0,1.8910090248743077,,,,Sand,,,Sand 2,2,3.32,30.08,-1.7299999999999998,-28.49
-5.8500000000000005,7.44,8.09,0.056,1.4,-0.2,-1.4,2.4,0.6791,401.0,7.4374,8.09,80.9,1.8832337598999678,,,,Sand,,,Sand 2,2,3.32,30.08,-1.7299999999999998,-28.49
-5.87,7.46,8.22,0.057,1.4,-0.2,-1.4,2.4,0.67686,401.0,7.4574,8.22,82.2,1.8766916360738555,,,,Sand,,,Sand 2,2,3.32,30.08,-1.7299999999999998,-28.49
-5.890000000000001,7.48,8.35,0.059,1.6,-0.2,-1.6,2.4,0.67894,402.0,7.4774,8.35,83.5,1.871797012475286,,,,Sand,,,Sand 2,2,3.32,30.08,-1.7299999999999998,-28.49
-5.91,7.5,8.56,0.06,1.6,-0.2,-1.6,2.4,0.66271,403.0,7.4974,8.56,85.6,1.856971083738563,,,,Sand,,,Sand 2,2,3.32,30.08,-1.7299999999999998,-28.49
-5.93,7.52,8.91,0.062,1.6,0.0,-1.4,2.4,0.65118,404.0,7.5173,8.91,89.1,1.8382898744407667,,,,Sand,,,Sand 2,2,3.32,30.08,-1.7299999999999998,-28.49
-5.95,7.54,9.31,0.064,1.6,-0.2,-1.4,2.3,0.63658,405.0,7.5373,9.31,93.1,1.816982940238868,,,,Sand,,,Sand 2,2,3.32,30.08,-1.7299999999999998,-28.49
-5.97,7.56,10.08,0.068,1.6,-0.2,-1.6,2.3,0.63947,406.0,7.5573,10.08,100.8,1.7897052947463135,,,,Sand,,,Sand 2,2,3.32,30.08,-1.7299999999999998,-28.49
-5.99,7.58,10.91,0.071,1.4,0.0,-1.4,2.4,0.6328,406.0,7.5773,10.91,109.1,1.7590085698408842,,,,Sand,,,Sand 2,2,3.32,30.08,-1.7299999999999998,-28.49
-6.01,7.6,11.83,0.075,1.6,-0.2,-1.6,2.3,0.636,407.0,7.5973,11.83,118.3,1.731795626312083,,,,Sand,,,Sand 2,2,3.32,30.08,-1.7299999999999998,-28.49
-6.03,7.62,12.48,0.081,1.4,0.0,-1.4,2.3,0.65342,408.0,7.6173,12.48,124.8,1.7201481676850885,,,,Sand,,,Sand 2,2,3.32,30.08,-1.7299999999999998,-28.49
-6.05,7.64,12.99,0.093,1.4,0.0,-1.4,2.4,0.7194,409.0,7.6373,12.99,129.9,1.731953073743137,,,,Sand,,,Sand 2,2,3.32,30.08,-1.7299999999999998,-28.49
-6.07,7.66,13.25,0.09,1.4,-0.2,-1.4,2.4,0.67252,410.0,7.6573,13.25,132.5,1.7071052205134722,,,,Sand,,,Sand 2,2,3.32,30.08,-1.7299999999999998,-28.49
-6.09,7.68,13.49,0.092,1.4,-0.2,-1.4,2.4,0.66903,411.0,7.6773,13.49,134.9,1.699565962748313,,,,Sand,,,Sand 2,2,3.32,30.08,-1.7299999999999998,-28.49
-6.11,7.7,14.14,0.088,1.4,-0.2,-1.4,2.4,0.62417,411.0,7.6973,14.14,141.4,1.6649485641949997,,,,Sand,,,Sand 2,2,3.32,30.08,-1.7299999999999998,-28.49
-6.13,7.72,14.33,0.084,1.4,-0.2,-1.4,2.4,0.58278,412.0,7.7173,14.33,143.3,1.6423058381347315,,,,Sand,,,Sand 2,2,3.32,30.08,-1.7299999999999998,-28.49
-6.15,7.74,14.55,0.082,1.4,0.0,-1.4,2.4,0.55868,413.0,7.7373,14.55,145.5,1.6260417164298986,,,,Sand,,,Sand 2,2,3.32,30.08,-1.7299999999999998,-28.49
-6.17,7.76,14.78,0.082,1.4,0.0,-1.4,2.3,0.55158,414.0,7.7573,14.78,147.8,1.617262348818827,,,,Sand,,,Sand 2,2,3.32,30.08,-1.7299999999999998,-28.49
-6.19,7.78,15.26,0.087,1.4,-0.2,-1.4,2.0,0.58345,415.0,7.7773,15.26,152.6,1.6208470391450993,,,,Sand,,,Sand 2,2,3.32,30.08,-1.7299999999999998,-28.49
-6.21,7.8,15.51,0.083,1.4,0.0,-1.4,2.1,0.55789,416.0,7.7973,15.51,155.1,1.603449507587444,,,,Sand,,,Sand 2,2,3.32,30.08,-1.7299999999999998,-28.49
-6.23,7.82,15.36,0.082,1.4,-0.2,-1.4,2.4,0.55659,417.0,7.8173,15.36,153.6,1.6062098612689988,,,,Sand,,,Sand 2,2,3.32,30.08,-1.7299999999999998,-28.49
-6.25,7.84,15.0,0.08,1.4,-0.2,-1.4,2.4,0.5512,417.0,7.8372,15.0,150.0,1.6119290384527565,,,,Sand,,,Sand 2,2,3.32,30.08,-1.7299999999999998,-28.49
-6.2700000000000005,7.86,14.5,0.08,1.4,0.0,-1.4,2.3,0.56224,418.0,7.8572,14.5,145.0,1.6288848599396546,,,,Sand,,,Sand 2,2,3.32,30.08,-1.7299999999999998,-28.49
-6.29,7.88,14.06,0.08,1.4,-0.2,-1.4,2.4,0.5744,419.0,7.8772,14.06,140.6,1.6451698133216845,,,,Sand,,,Sand 2,2,3.32,30.08,-1.7299999999999998,-28.49
-6.3100000000000005,7.9,13.39,0.08,1.4,0.0,-1.4,2.8,0.5848,420.0,7.8972,13.39,133.9,1.6668599085656037,,,,Sand,,,Sand 2,2,3.32,30.08,-1.7299999999999998,-28.49
-6.33,7.92,13.03,0.079,1.4,-0.2,-1.4,2.5,0.58356,421.0,7.9172,13.03,130.3,1.6758700070756656,,,,Sand,,,Sand 2,2,3.32,30.08,-1.7299999999999998,-28.49
-6.3500000000000005,7.94,12.98,0.077,1.4,0.0,-1.4,2.4,0.57132,421.0,7.9372,12.98,129.8,1.671824445336196,,,,Sand,,,Sand 2,2,3.32,30.08,-1.7299999999999998,-28.49
-6.37,7.96,13.1,0.077,1.4,-0.2,-1.4,2.3,0.57244,422.0,7.9572,13.1,131.0,1.6690808391904914,,,,Sand,,,Sand 2,2,3.32,30.08,-1.7299999999999998,-28.49
-6.390000000000001,7.98,13.38,0.077,1.4,0.0,-1.4,2.3,0.57404,423.0,7.9772,13.38,133.8,1.66235914274659,,,,Sand,,,Sand 2,2,3.32,30.08,-1.7299999999999998,-28.49
-6.41,8.0,13.86,0.077,1.4,-0.2,-1.4,2.3,0.57705,424.0,7.9972,13.86,138.6,1.6513608757045055,,,,Sand,,,Sand 2,2,3.32,30.08,-1.7299999999999998,-28.49
-6.43,8.02,14.02,0.078,1.4,0.0,-1.4,2.4,0.59057,425.0,8.0172,14.02,140.2,1.6533646819963133,,,,Sand,,,Sand 2,2,3.32,30.08,-1.7299999999999998,-28.49
-6.449999999999999,8.04,13.85,0.078,1.4,-0.2,-1.4,2.4,0.59885,426.0,8.0372,13.85,138.5,1.6612311715156778,,,,Sand,,,Sand 2,2,3.32,30.08,-1.7299999999999998,-28.49
-6.470000000000001,8.06,13.09,0.077,1.4,0.0,-1.4,2.4,0.60133,426.0,8.0572,13.09,130.9,1.6819627966273176,,,,Sand,,,Sand 2,2,3.32,30.08,-1.7299999999999998,-28.49
-6.49,8.08,12.47,0.075,1.4,0.0,-1.4,2.3,0.59815,427.0,8.0772,12.47,124.7,1.6976081388926485,,,,Sand,,,Sand 2,2,3.32,30.08,-1.7299999999999998,-28.49
-6.51,8.1,11.89,0.073,1.4,0.2,-1.2,2.3,0.5941,428.0,8.0972,11.89,118.9,1.7126804922504788,,,,Sand,,,Sand 2,2,3.32,30.08,-1.7299999999999998,-28.49
-6.529999999999999,8.12,11.64,0.071,1.4,0.0,-1.4,2.4,0.5869,429.0,8.1172,11.64,116.4,1.717150847219856,,,,Sand,,,Sand 2,2,3.32,30.08,-1.7299999999999998,-28.49
-6.550000000000001,8.14,11.62,0.068,1.4,0.0,-1.4,2.4,0.56367,430.0,8.1372,11.62,116.2,1.7077280872938556,,,,Sand,,,Sand 2,2,3.32,30.08,-1.7299999999999998,-28.49
-6.57,8.16,11.73,0.067,1.4,0.0,-1.4,2.3,0.54986,431.0,8.1572,11.73,117.3,1.6982491594830045,,,,Sand,,,Sand 2,2,3.32,30.08,-1.7299999999999998,-28.49
-6.59,8.18,12.01,0.067,1.4,-0.2,-1.4,2.4,0.53913,431.0,8.1771,12.01,120.1,1.6849602856221964,,,,Sand,,,Sand 2,2,3.32,30.08,-1.7299999999999998,-28.49
-6.609999999999999,8.2,12.33,0.069,1.4,-0.2,-1.4,2.3,0.5432,432.0,8.1971,12.33,123.3,1.6774060276992677,,,,Sand,,,Sand 2,2,3.32,30.08,-1.7299999999999998,-28.49
-6.630000000000001,8.22,12.82,0.072,1.4,0.0,-1.4,2.4,0.55577,433.0,8.2171,12.82,128.2,1.669242818277448,,,,Sand,,,Sand 2,2,3.32,30.08,-1.7299999999999998,-28.49
-6.65,8.24,13.44,0.072,1.4,0.0,-1.4,2.4,0.54711,434.0,8.2371,13.44,134.4,1.6485750096857275,,,,Sand,,,Sand 2,2,3.32,30.08,-1.7299999999999998,-28.49
-6.67,8.26,13.83,0.074,1.4,-0.2,-1.4,2.0,0.55535,435.0,8.2571,13.83,138.3,1.6422858285466533,,,,Sand,,,Sand 2,2,3.32,30.08,-1.7299999999999998,-28.49
-6.6899999999999995,8.28,13.84,0.074,1.4,0.0,-1.4,2.2,0.54876,436.0,8.2771,13.84,138.4,1.638991754528718,,,,Sand,,,Sand 2,2,3.32,30.08,-1.7299999999999998,-28.49
-6.710000000000001,8.3,13.64,0.077,1.4,0.0,-1.4,2.4,0.56498,437.0,8.2971,13.64,136.4,1.6515353351409194,,,,Sand,,,Sand 2,2,3.32,30.08,-1.7299999999999998,-28.49
-6.73,8.32,13.37,0.08,1.4,0.0,-1.2,2.4,0.58325,437.0,8.3171,13.37,133.7,1.6667010462732939,,,,Sand,,,Sand 2,2,3.32,30.08,-1.7299999999999998,-28.49
-6.75,8.34,13.33,0.08,1.4,0.0,-1.4,2.2,0.58092,438.0,8.3371,13.33,133.3,1.6667233949630935,,,,Sand,,,Sand 2,2,3.32,30.08,-1.7299999999999998,-28.49
-6.77,8.36,13.61,0.078,1.4,-0.2,-1.4,2.5,0.56308,439.0,8.3571,13.61,136.1,1.6514482832843882,,,,Sand,,,Sand 2,2,3.32,30.08,-1.7299999999999998,-28.49
-6.790000000000001,8.38,13.97,0.078,1.4,-0.2,-1.4,2.9,0.55804,440.0,8.3771,13.97,139.7,1.6399836653696755,,,,Sand,,,Sand 2,2,3.32,30.08,-1.7299999999999998,-28.49
-6.8100000000000005,8.4,14.14,0.079,1.4,0.0,-1.4,2.5,0.55885,441.0,8.3971,14.14,141.4,1.6361154824322932,,,,Sand,,,Sand 2,2,3.32,30.08,-1.7299999999999998,-28.49
-6.83,8.42,14.27,0.08,1.4,-0.2,-1.4,2.4,0.56003,441.0,8.4171,14.27,142.7,1.6334544342525623,,,,Sand,,,Sand 2,2,3.32,30.08,-1.7299999999999998,-28.49
-6.85,8.44,14.49,0.082,1.4,0.0,-1.2,2.4,0.57133,442.0,8.4371,14.49,144.9,1.6332820451611263,,,,Sand,,,Sand 2,2,3.32,30.08,-1.7299999999999998,-28.49
-6.870000000000001,8.46,14.64,0.079,1.4,0.0,-1.4,2.3,0.55158,443.0,8.4571,14.64,146.4,1.6205875508547294,,,,Sand,,,Sand 2,2,3.32,30.08,-1.7299999999999998,-28.49
-6.890000000000001,8.48,14.64,0.079,1.4,0.0,-1.4,2.4,0.55512,444.0,8.4771,14.64,146.4,1.6222376910281124,,,,Sand,,,Sand 2,2,3.32,30.08,-1.7299999999999998,-28.49
-6.91,8.5,14.52,0.08,1.2,0.0,-1.2,2.4,0.56642,445.0,8.4971,14.52,145.2,1.6303220626442163,,,,Sand,,,Sand 2,2,3.32,30.08,-1.7299999999999998,-28.49
-6.93,8.52,14.15,0.08,1.4,0.0,-1.4,2.3,0.57153,446.0,8.517,14.15,141.5,1.6416482085149777,,,,Sand,,,Sand 2,2,3.32,30.08,-1.7299999999999998,-28.49
-6.949999999999999,8.54,13.73,0.075,1.2,0.0,-1.2,2.4,0.54059,446.0,8.537,13.73,137.3,1.6380046512422501,,,,Sand,,,Sand 2,2,3.32,30.08,-1.7299999999999998,-28.49
-6.970000000000001,8.56,13.41,0.072,1.2,0.0,-1.2,2.4,0.52169,447.0,8.557,13.41,134.1,1.6374491455527593,,,,Sand,,,Sand 2,2,3.32,30.08,-1.7299999999999998,-28.49
-6.99,8.58,13.41,0.073,1.2,0.2,-1.2,2.3,0.53101,448.0,8.577,13.41,134.1,1.6418637579671196,,,,Sand,,,Sand 2,2,3.32,30.08,-1.7299999999999998,-28.49
-7.01,8.6,13.48,0.071,1.4,-0.2,-1.4,2.4,0.51697,449.0,8.597,13.48,134.8,1.633336685713103,,,,Sand,,,Sand 2,2,3.32,30.08,-1.7299999999999998,-28.49
-7.029999999999999,8.62,13.65,0.069,1.4,0.0,-1.4,2.4,0.50154,450.0,8.617,13.65,136.5,1.621367691465421,,,,Sand,,,Sand 2,2,3.32,30.08,-1.7299999999999998,-28.49
-7.050000000000001,8.64,14.06,0.065,1.4,-0.2,-1.2,2.3,0.47067,451.0,8.637,14.06,140.6,1.5952008003216673,,,,Sand,,,Sand 2,2,3.32,30.08,-1.7299999999999998,-28.49
-7.07,8.66,14.09,0.063,1.4,0.0,-1.4,2.4,0.45414,451.0,8.657,14.09,140.9,1.5857925562612305,,,,Sand,,,Sand 2,2,3.32,30.08,-1.7299999999999998,-28.49
-7.09,8.68,14.04,0.064,1.4,0.0,-1.4,2.4,0.45944,452.0,8.677,14.04,140.4,1.5898696263752188,,,,Sand,,,Sand 2,2,3.32,30.08,-1.7299999999999998,-28.49
-7.109999999999999,8.7,13.92,0.067,1.4,0.2,-1.2,2.4,0.4796,453.0,8.697,13.92,139.2,1.603376488888069,,,,Sand,,,Sand 2,2,3.32,30.08,-1.7299999999999998,-28.49
-7.130000000000001,8.72,13.83,0.073,1.4,0.0,-1.4,2.3,0.52428,454.0,8.717,13.83,138.3,1.6277262835709978,,,,Sand,,,Sand 2,2,3.32,30.08,-1.7299999999999998,-28.49
-7.15,8.74,13.91,0.071,1.4,0.0,-1.4,2.4,0.51287,455.0,8.737,13.91,139.1,1.620177297301048,,,,Sand,,,Sand 2,2,3.32,30.08,-1.7299999999999998,-28.49
-7.17,8.76,13.94,0.072,1.2,0.2,-1.2,2.2,0.5244,456.0,8.757,13.94,139.4,1.6249754308573177,,,,Sand,,,Sand 2,2,3.32,30.08,-1.7299999999999998,-28.49
-7.1899999999999995,8.78,13.97,0.071,1.4,0.0,-1.4,2.0,0.5222,457.0,8.777,13.97,139.7,1.623158203130696,,,,Sand,,,Sand 2,2,3.32,30.08,-1.7299999999999998,-28.49
-7.210000000000001,8.8,13.69,0.073,1.2,0.0,-1.2,2.3,0.5422,457.0,8.797,13.69,136.9,1.639786614125091,,,,Sand,,,Sand 2,2,3.32,30.08,-1.7299999999999998,-28.49
-7.23,8.82,13.45,0.075,1.2,0.0,-1.2,2.4,0.56312,458.0,8.817,13.45,134.5,1.6556243894472384,,,,Sand,,,Sand 2,2,3.32,30.08,-1.7299999999999998,-28.49
-7.25,8.84,13.13,0.077,1.2,0.0,-1.2,2.3,0.58444,459.0,8.837,13.13,131.3,1.6735722106618462,,,,Sand,,,Sand 2,2,3.32,30.08,-1.7299999999999998,-28.49
-7.27,8.86,12.85,0.077,1.4,0.0,-1.4,2.2,0.59021,460.0,8.857,12.85,128.5,1.6836504105171701,,,,Sand,,,Sand 2,2,3.32,30.08,-1.7299999999999998,-28.49
-7.290000000000001,8.88,12.77,0.071,1.4,0.0,-1.4,2.9,0.54795,461.0,8.877,12.77,127.7,1.6670811144017645,,,,Sand,,,Sand 2,2,3.32,30.08,-1.7299999999999998,-28.49
-7.3100000000000005,8.9,12.75,0.07,1.4,0.0,-1.4,2.6,0.54237,461.0,8.8969,12.75,127.5,1.6650863826159397,,,,Sand,,,Sand 2,2,3.32,30.08,-1.7299999999999998,-28.49
-7.33,8.92,12.79,0.07,1.2,0.0,-1.2,2.4,0.54343,462.0,8.9169,12.79,127.9,1.6644582386158995,,,,Sand,,,Sand 2,2,3.32,30.08,-1.7299999999999998,-28.49
-7.35,8.94,12.94,0.069,1.2,0.0,-1.2,2.4,0.53514,463.0,8.9369,12.94,129.4,1.656482099451909,,,,Sand,,,Sand 2,2,3.32,30.08,-1.7299999999999998,-28.49
-7.370000000000001,8.96,12.98,0.077,1.2,0.0,-1.2,2.4,0.59598,464.0,8.9569,12.98,129.8,1.6826139392737225,,,,Sand,,,Sand 2,2,3.32,30.08,-1.7299999999999998,-28.49
-7.390000000000001,8.98,13.04,0.079,1.4,0.0,-1.4,2.4,0.6098,465.0,8.9769,13.04,130.4,1.6869127285545553,,,,Sand,,,Sand 2,2,3.32,30.08,-1.7299999999999998,-28.49
-7.41,9.0,12.93,0.081,1.4,0.0,-1.4,2.4,0.62134,466.0,8.9969,12.93,129.3,1.6947244213632866,,,,Sand,,,Sand 2,2,3.32,30.08,-1.7299999999999998,-28.49
-7.43,9.02,12.95,0.082,1.2,0.0,-1.2,2.4,0.62357,466.0,9.0169,12.95,129.5,1.6951175114073795,,,,Sand,,,Sand 2,2,3.32,30.08,-1.7299999999999998,-28.49
-7.449999999999999,9.04,12.98,0.082,1.2,0.0,-1.2,2.4,0.61666,467.0,9.0369,12.98,129.8,1.6914183500660078,,,,Sand,,,Sand 2,2,3.32,30.08,-1.7299999999999998,-28.49
-7.470000000000001,9.06,13.03,0.084,1.2,0.0,-1.2,0.0,0.62419,517.0,9.0569,13.03,130.3,1.693234731036099,,,,Sand,,,Sand 2,2,3.32,30.08,-1.7299999999999998,-28.49
-7.49,9.08,13.44,0.083,1.2,0.0,-1.2,2.4,0.608,517.0,9.0769,13.44,134.4,1.675623740179616,,,,Sand,,,Sand 2,2,3.32,30.08,-1.7299999999999998,-28.49
-7.51,9.1,13.85,0.08,1.2,0.0,-1.2,2.4,0.57627,518.0,9.0969,13.85,138.5,1.6512640850464282,,,,Sand,,,Sand 2,2,3.32,30.08,-1.7299999999999998,-28.49
-7.529999999999999,9.12,14.16,0.08,1.2,0.0,-1.2,2.4,0.56393,519.0,9.1169,14.16,141.6,1.637947657441148,,,,Sand,,,Sand 2,2,3.32,30.08,-1.7299999999999998,-28.49
-7.550000000000001,9.14,14.32,0.076,1.2,0.0,-1.2,2.4,0.52234,520.0,9.1369,14.32,143.2,1.6144665113690817,,,,Sand,,,Sand 2,2,3.32,30.08,-1.7299999999999998,-28.49
-7.57,9.16,14.48,0.073,1.4,-0.2,-1.4,2.4,0.48895,521.0,9.1569,14.48,144.8,1.5940040148913086,,,,Sand,,,Sand 2,2,3.32,30.08,-1.7299999999999998,-28.49
-7.59,9.18,14.8,0.071,1.4,0.2,-1.2,2.3,0.46439,522.0,9.1769,14.8,148.0,1.573493188567729,,,,Sand,,,Sand 2,2,3.32,30.08,-1.7299999999999998,-28.49
-7.609999999999999,9.2,15.41,0.068,1.4,0.0,-1.2,2.4,0.43583,522.0,9.1969,15.41,154.1,1.5435206471372065,,,,Sand,,,Sand 2,2,3.32,30.08,-1.7299999999999998,-28.49
-7.630000000000001,9.22,15.94,0.072,1.4,0.0,-1.4,2.4,0.45223,523.0,9.2169,15.94,159.4,1.54040250959456,,,,Sand,,,Sand 2,2,3.32,30.08,-1.7299999999999998,-28.49
-7.65,9.24,16.48,0.072,1.2,0.0,-1.2,2.3,0.4439,524.0,9.2369,16.48,164.8,1.5239093683569152,,,,Sand,,,Sand 2,2,3.32,30.08,-1.7299999999999998,-28.49
-7.67,9.26,16.72,0.072,1.2,0.0,-1.2,2.4,0.4364,525.0,9.2569,16.72,167.2,1.514536747684444,,,,Sand,,,Sand 2,2,3.32,30.08,-1.7299999999999998,-28.49
-7.6899999999999995,9.28,16.67,0.074,1.2,0.0,-1.2,2.0,0.44282,526.0,9.2769,16.67,166.7,1.5192150462662624,,,,Sand,,,Sand 2,2,3.32,30.08,-1.7299999999999998,-28.49
-7.710000000000001,9.3,16.87,0.075,1.2,0.0,-1.2,2.2,0.44458,527.0,9.2968,16.87,168.7,1.5159485427203532,,,,Sand,,,Sand 2,2,3.32,30.08,-1.7299999999999998,-28.49
-7.73,9.32,16.87,0.078,1.2,0.0,-1.2,2.4,0.45953,528.0,9.3168,16.87,168.7,1.5242180558098142,,,,Sand,,,Sand 2,2,3.32,30.08,-1.7299999999999998,-28.49
-7.75,9.34,17.03,0.08,1.2,0.0,-1.2,2.3,0.46959,528.0,9.3368,17.03,170.3,1.526352396390134,,,,Sand,,,Sand 2,2,3.32,30.08,-1.7299999999999998,-28.49
-7.77,9.36,17.11,0.082,1.2,0.0,-1.2,2.3,0.48161,529.0,9.3568,17.11,171.1,1.531146530288956,,,,Sand,,,Sand 2,2,3.32,30.08,-1.7299999999999998,-28.49
-7.790000000000001,9.38,17.21,0.078,1.4,0.0,-1.4,2.4,0.46055,530.0,9.3768,17.21,172.1,1.517720244928689,,,,Sand,,,Sand 2,2,3.32,30.08,-1.7299999999999998,-28.49
-7.8100000000000005,9.4,17.31,0.08,1.2,0.0,-1.2,2.9,0.47779,531.0,9.3968,17.31,173.1,1.5250309490730733,,,,Sand,,,Sand 2,2,3.32,30.08,-1.7299999999999998,-28.49
-7.83,9.42,17.22,0.082,1.2,0.0,-1.2,2.7,0.49894,531.0,9.4168,17.22,172.2,1.5380139520941407,,,,Sand,,,Sand 2,2,3.32,30.08,-1.7299999999999998,-28.49
-7.85,9.44,16.59,0.082,1.2,0.0,-1.2,2.5,0.51166,532.0,9.4368,16.59,165.9,1.557527086002239,,,,Sand,,,Sand 2,2,3.32,30.08,-1.7299999999999998,-28.49
-7.870000000000001,9.46,16.15,0.092,1.4,0.0,-1.4,2.4,0.59112,533.0,9.4568,16.15,161.49999999999997,1.6048766850767267,,,,Sand,,,Sand 2,2,3.32,30.08,-1.7299999999999998,-28.49
-7.890000000000001,9.48,15.33,0.0903,1.4,0.0,-1.4,2.3,0.59985,534.0,9.4768,15.33,153.3,1.6266287571237448,,,,Sand,,,Sand 2,2,3.32,30.08,-1.7299999999999998,-28.49
-7.91,9.5,14.56,0.0887,1.2,0.0,-1.2,2.4,0.60973,535.0,9.4968,14.56,145.6,1.648674835713405,,,,Sand,,,Sand 2,2,3.32,30.08,-1.7299999999999998,-28.49
-7.93,9.52,13.84,0.087,1.2,0.0,-1.0,2.4,0.61626,536.0,9.5168,13.84,138.4,1.6689825000530778,,,,Sand,,,Sand 2,2,3.32,30.08,-1.7299999999999998,-28.49
-7.949999999999999,9.54,13.51,0.081,1.2,-0.2,-1.2,2.4,0.58792,536.0,9.5368,13.51,135.1,1.6651110061985122,,,,Sand,,,Sand 2,2,3.32,30.08,-1.7299999999999998,-28.49
-7.970000000000001,9.56,13.23,0.08,1.2,0.0,-1.2,2.4,0.58905,537.0,9.5568,13.23,132.3,1.6729292138061544,,,,Sand,,,Sand 2,2,3.32,30.08,-1.7299999999999998,-28.49
-7.99,9.58,13.17,0.08,1.2,0.0,-1.2,2.4,0.59325,538.0,9.5768,13.17,131.7,1.6763471600570843,,,,Sand,,,Sand 2,2,3.32,30.08,-1.7299999999999998,-28.49
-8.01,9.6,13.15,0.081,1.4,0.0,-1.4,2.3,0.59989,539.0,9.5968,13.15,131.5,1.67974658352854,,,,Sand,,,Sand 2,2,3.32,30.08,-1.7299999999999998,-28.49
-8.03,9.62,13.43,0.083,1.3778,0.0,-1.2,2.4,0.61041,540.0,9.6168,13.43,134.3,1.6769123024829231,,,,Sand,,,Sand 2,2,3.32,30.08,-1.7299999999999998,-28.49
-8.05,9.64,13.76,0.082,1.3555,0.0,-1.4,2.4,0.59571,541.0,9.6368,13.76,137.6,1.662128547351068,,,,Sand,,,Sand 2,2,3.32,30.08,-1.7299999999999998,-28.49
-8.07,9.66,13.79,0.076,1.3333,0.0,-1.0,2.4,0.54208,541.0,9.6568,13.79,137.9,1.6371610131951049,,,,Sand,,,Sand 2,2,3.32,30.08,-1.7299999999999998,-28.49
-8.09,9.68,13.98,0.075,1.2667,0.0,-1.0,2.3,0.52106,542.0,9.6768,13.98,139.8,1.6223562744483448,,,,Sand,,,Sand 2,2,3.32,30.08,-1.7299999999999998,-28.49
-8.11,9.7,14.27,0.074,1.2,0.0,-1.2,2.4,0.49903,543.0,9.6967,14.27,142.7,1.6042745515142025,,,,Sand,,,Sand 2,2,3.32,30.08,-1.7299999999999998,-28.49
-8.13,9.72,14.57,0.075,1.2,0.0,-1.2,2.3,0.49068,544.0,9.7167,14.57,145.7,1.5926712119109543,,,,Sand,,,Sand 2,2,3.32,30.08,-1.7299999999999998,-28.49
-8.15,9.74,15.21,0.072,1.2,0.0,-1.2,2.4,0.45552,545.0,9.7367,15.21,152.1,1.558969692025765,,,,Sand,,,Sand 2,2,3.32,30.08,-1.7299999999999998,-28.49
-8.17,9.76,16.14,0.081,1.2,0.0,-1.2,2.0,0.49682,546.0,9.7567,16.14,161.4,1.559585917922223,,,,Sand,,,Sand 2,2,3.32,30.08,-1.7299999999999998,-28.49
-8.19,9.78,16.91,0.08,1.2,0.0,-1.0,2.1,0.478,547.0,9.7767,16.91,169.1,1.5333550927800295,,,,Sand,,,Sand 2,2,3.32,30.08,-1.7299999999999998,-28.49
-8.21,9.8,17.41,0.079,1.2,0.0,-1.2,2.4,0.46202,547.0,9.7967,17.41,174.1,1.514450510674901,,,,Sand,,,Sand 2,2,3.32,30.08,-1.7299999999999998,-28.49
-8.23,9.82,17.96,0.081,1.2,-0.2,-1.2,2.3,0.46696,548.0,9.8167,17.96,179.6,1.5062302093000333,,,,Sand,,,Sand 2,2,3.32,30.08,-1.7299999999999998,-28.49
-8.25,9.84,17.96,0.083,1.2,0.0,-1.2,2.3,0.47513,549.0,9.8367,17.96,179.6,1.5106897991632031,,,,Sand,,,Sand 2,2,3.32,30.08,-1.7299999999999998,-28.49
-8.27,9.86,17.73,0.086,1.2,0.0,-1.2,2.3,0.49227,550.0,9.8567,17.73,177.3,1.5243580092122233,,,,Sand,,,Sand 2,2,3.32,30.08,-1.7299999999999998,-28.49
-8.290000000000001,9.88,17.47,0.088,1.2,0.0,-1.2,2.9,0.50535,551.0,9.8767,17.47,174.7,1.5363226849939382,,,,Sand,,,Sand 2,2,3.32,30.08,-1.7299999999999998,-28.49
-8.31,9.9,17.19,0.094,1.2,0.0,-1.0,2.8,0.54528,551.0,9.8967,17.19,171.9,1.5619425917771392,,,,Sand,,,Sand 2,2,3.32,30.08,-1.7299999999999998,-28.49
-8.33,9.92,17.12,0.097,1.2,0.2,-1.2,2.5,0.56988,552.0,9.9167,17.12,171.2,1.5751432394891485,,,,Sand,,,Sand 2,2,3.32,30.08,-1.7299999999999998,-28.49
-8.35,9.94,16.92,0.096,1.2,0.0,-1.0,2.3,0.57177,553.0,9.9367,16.92,169.2,1.580041539023811,,,,Sand,,,Sand 2,2,3.32,30.08,-1.7299999999999998,-28.49
-8.370000000000001,9.96,16.96,0.1,1.2,0.0,-1.2,2.4,0.60405,554.0,9.9567,16.96,169.6,1.5941051267791582,,,,Sand,,,Sand 2,2,3.32,30.08,-1.7299999999999998,-28.49
-8.39,9.98,16.56,0.104,1.2,0.0,-1.0,2.3,0.63555,555.0,9.9767,16.56,165.6,1.616070978529067,,,,Sand,,,Sand 2,2,3.32,30.08,-1.7299999999999998,-28.49
-8.41,10.0,16.22,0.108,1.2,0.0,-1.2,2.4,0.67003,555.0,9.9967,16.22,162.2,1.637615656129249,,,,Sand,,,Sand 2,2,3.32,30.08,-1.7299999999999998,-28.49
-8.43,10.02,15.88,0.111,1.2,0.0,-1.0,2.3,0.69806,556.0,10.017,15.88,158.8,1.6560821984179812,,,,Sand,,,Sand 2,2,3.32,30.08,-1.7299999999999998,-28.49
-8.45,10.04,15.59,0.11,1.2,0.0,-1.2,2.4,0.70226,557.0,10.037,15.59,155.9,1.6638929907857947,,,,Sand,,,Sand 2,2,3.32,30.08,-1.7299999999999998,-28.49
-8.47,10.06,15.66,0.106,1.2,0.0,-1.2,2.3,0.68315,558.0,10.057,15.66,156.6,1.6547387131192692,,,,Sand,,,Sand 2,2,3.32,30.08,-1.7299999999999998,-28.49
-8.49,10.08,15.16,0.105,1.2,0.0,-1.0,2.4,0.67923,559.0,10.077,15.16,151.6,1.6640420734059476,,,,Sand,,,Sand 2,2,3.32,30.08,-1.7299999999999998,-28.49
-8.51,10.1,15.18,0.101,1.2,0.0,-1.0,2.4,0.65203,560.0,10.097,15.18,151.8,1.6524315023582186,,,,Sand,,,Sand 2,2,3.32,30.08,-1.7299999999999998,-28.49
-8.53,10.12,15.06,0.101,1.2,0.0,-1.2,2.4,0.64656,560.0,10.117,15.06,150.6,1.6528372182998883,,,,Sand,,,Sand 2,2,3.32,30.08,-1.7299999999999998,-28.49
-8.55,10.14,15.38,0.091,1.2,0.2,-1.0,2.3,0.57559,561.0,10.137,15.38,153.8,1.6145658885811862,,,,Sand,,,Sand 2,2,3.32,30.08,-1.7299999999999998,-28.49
-8.57,10.16,15.76,0.086,1.2,0.0,-1.0,2.3,0.53366,562.0,10.157,15.76,157.6,1.586323898633896,,,,Sand,,,Sand 2,2,3.32,30.08,-1.7299999999999998,-28.49
-8.59,10.18,16.13,0.081,1.2,0.0,-1.2,2.4,0.4915,563.0,10.177,16.13,161.29999999999998,1.5570620160620787,,,,Sand,,,Sand 2,2,3.32,30.08,-1.7299999999999998,-28.49
-8.61,10.2,16.64,0.08,1.0,0.0,-1.0,2.4,0.47278,564.0,10.197,16.64,166.4,1.5362398653470508,,,,Sand,,,Sand 2,2,3.32,30.08,-1.7299999999999998,-28.49
-8.63,10.22,17.17,0.081,1.2,0.0,-1.2,2.4,0.46693,565.0,10.217,17.17,171.7,1.5220253442094327,,,,Sand,,,Sand 2,2,3.32,30.08,-1.7299999999999998,-28.49
-8.65,10.24,17.6,0.093,1.0,0.0,-1.0,2.3,0.52461,565.0,10.237,17.6,176.0,1.5435873785248395,,,,Sand,,,Sand 2,2,3.32,30.08,-1.7299999999999998,-28.49
-8.67,10.26,18.1,0.089,1.0,0.0,-1.0,2.2,0.49359,566.0,10.257,18.1,181.0,1.5178805392962407,,,,Sand,,,Sand 2,2,3.32,30.08,-1.7299999999999998,-28.49
-8.69,10.28,18.59,0.089,1.0,0.0,-1.0,2.0,0.48734,567.0,10.277,18.59,185.9,1.5052870261537115,,,,Sand,,,Sand 2,2,3.32,30.08,-1.7299999999999998,-28.49
-8.71,10.3,18.79,0.088,1.2,0.0,-1.2,2.3,0.47829,568.0,10.297,18.79,187.9,1.4966748424847482,,,,Sand,,,Sand 2,2,3.32,30.08,-1.7299999999999998,-28.49
-8.73,10.32,18.8,0.087,1.0,0.0,-1.0,2.4,0.47113,569.0,10.317,18.8,188.0,1.4925611765873394,,,,Sand,,,Sand 2,2,3.32,30.08,-1.7299999999999998,-28.49
-8.75,10.34,18.56,0.086,1.0,0.0,-1.0,2.4,0.46612,570.0,10.337,18.56,185.6,1.4942700959628397,,,,Sand,,,Sand 2,2,3.32,30.08,-1.7299999999999998,-28.49
-8.77,10.36,18.49,0.087,1.0,0.0,-1.0,2.3,0.47369,571.0,10.357,18.49,184.9,1.4997568761342976,,,,Sand,,,Sand 2,2,3.32,30.08,-1.7299999999999998,-28.49
-8.790000000000001,10.38,18.26,0.089,1.0,0.0,-1.0,2.3,0.48724,572.0,10.377,18.26,182.6,1.5114455386668804,,,,Sand,,,Sand 2,2,3.32,30.08,-1.7299999999999998,-28.49
-8.81,10.4,18.14,0.09,1.0,0.0,-1.0,2.9,0.49485,572.0,10.397,18.14,181.4,1.5177817865061125,,,,Sand,,,Sand 2,2,3.32,30.08,-1.7299999999999998,-28.49
-8.83,10.42,17.97,0.092,1.0,0.0,-1.0,2.6,0.50678,573.0,10.417,17.97,179.7,1.527289895119753,,,,Sand,,,Sand 2,2,3.32,30.08,-1.7299999999999998,-28.49
-8.85,10.44,17.92,0.096,1.0,0.0,-1.0,2.4,0.52903,574.0,10.437,17.92,179.2,1.5396173182777986,,,,Sand,,,Sand 2,2,3.32,30.08,-1.7299999999999998,-28.49
-8.870000000000001,10.46,17.99,0.099,1.0,0.0,-1.0,2.4,0.54542,575.0,10.457,17.99,179.9,1.5464422373201958,,,,Sand,,,Sand 2,2,3.32,30.08,-1.7299999999999998,-28.49
-8.89,10.48,18.17,0.1,1.0,0.0,-1.0,2.4,0.55108,575.0,10.477,18.17,181.7,1.5458315221583034,,,,Sand,,,Sand 2,2,3.32,30.08,-1.7299999999999998,-28.49
-8.91,10.5,18.29,0.105,1.2,0.0,-1.2,2.3,0.57871,576.0,10.497,18.29,182.9,1.5569127541800007,,,,Sand,,,Sand 2,2,3.32,30.08,-1.7299999999999998,-28.49
-8.93,10.52,18.43,0.107,1.2,0.0,-1.0,2.4,0.58994,577.0,10.517,18.43,184.3,1.5596343807268465,,,,Sand,,,Sand 2,2,3.32,30.08,-1.7299999999999998,-28.49
-8.95,10.54,18.3,0.111,1.2,0.0,-1.0,2.4,0.61334,578.0,10.537,18.3,183.0,1.5727797869556008,,,,Sand,,,Sand 2,2,3.32,30.08,-1.7299999999999998,-28.49
-8.97,10.56,18.1,0.113,1.2,0.0,-1.2,2.4,0.62918,579.0,10.557,18.1,181.0,1.5835484056995033,,,,Sand,,,Sand 2,2,3.32,30.08,-1.7299999999999998,-28.49
-8.99,10.58,17.95,0.113,1.2,0.0,-1.0,2.4,0.63738,580.0,10.577,17.95,179.5,1.589934401749531,,,,Sand,,,Sand 2,2,3.32,30.08,-1.7299999999999998,-28.49
-9.01,10.6,17.87,0.112,1.2,0.0,-1.2,2.3,0.64303,580.0,10.597,17.87,178.7,1.593888351889725,,,,Sand,,,Sand 2,2,3.32,30.08,-1.7299999999999998,-28.49
-9.03,10.62,17.67,0.11,1.2,0.0,-1.2,2.4,0.6445,581.0,10.617,17.67,176.7,1.5982647710542313,,,,Sand,,,Sand 2,2,3.32,30.08,-1.7299999999999998,-28.49
-9.05,10.64,17.07,0.107,1.2,0.0,-1.2,2.4,0.64245,582.0,10.637,17.07,170.7,1.6088876752724528,,,,Sand,,,Sand 2,2,3.32,30.08,-1.7299999999999998,-28.49
-9.07,10.66,16.44,0.104,1.0,0.0,-1.0,2.4,0.64143,583.0,10.657,16.44,164.4,1.6210483895810321,,,,Sand,,,Sand 2,2,3.32,30.08,-1.7299999999999998,-28.49
-9.09,10.68,15.94,0.103,1.0,0.0,-1.0,2.3,0.65376,584.0,10.677,15.94,159.4,1.6366664337772145,,,,Sand,,,Sand 2,2,3.32,30.08,-1.7299999999999998,-28.49
-9.11,10.7,15.5,0.1,1.0,0.0,-1.0,2.4,0.65317,585.0,10.697,15.5,155.0,1.6458524412417495,,,,Sand,,,Sand 2,2,3.32,30.08,-1.7299999999999998,-28.49
-9.13,10.72,14.8,0.098,1.0,0.2,-1.0,2.3,0.65563,585.0,10.717,14.8,148.0,1.662522514901531,,,,Sand,,,Sand 2,2,3.32,30.08,-1.7299999999999998,-28.49
-9.15,10.74,14.42,0.097,1.0,0.0,-1.0,2.4,0.66155,586.0,10.737,14.42,144.2,1.673792928212484,,,,Sand,,,Sand 2,2,3.32,30.08,-1.7299999999999998,-28.49
-9.17,10.76,14.2,0.097,1.0,0.0,-1.0,2.4,0.67169,587.0,10.757,14.2,142.0,1.6831300235383857,,,,Sand,,,Sand 2,2,3.32,30.08,-1.7299999999999998,-28.49
-9.19,10.78,14.11,0.097,1.2,0.0,-1.2,2.0,0.67987,588.0,10.777,14.11,141.1,1.6885642231912412,,,,Sand,,,Sand 2,2,3.32,30.08,-1.7299999999999998,-28.49
-9.21,10.8,14.17,0.096,1.2,0.0,-1.0,2.1,0.67635,589.0,10.797,14.17,141.7,1.68571813759224,,,,Sand,,,Sand 2,2,3.32,30.08,-1.7299999999999998,-28.49
-9.23,10.82,14.16,0.097,1.2,0.0,-1.0,2.4,0.68509,590.0,10.817,14.16,141.6,1.6894369465549115,,,,Sand,,,Sand 2,2,3.32,30.08,-1.7299999999999998,-28.49
-9.25,10.84,14.17,0.098,1.2,0.0,-1.2,2.4,0.69393,591.0,10.837,14.17,141.7,1.6926831980789516,,,,Sand,,,Sand 2,2,3.32,30.08,-1.7299999999999998,-28.49
-9.27,10.86,14.11,0.103,1.0,0.0,-1.0,2.3,0.73114,592.0,10.857,14.11,141.1,1.7084221046570989,,,,Sand,,,Sand 2,2,3.32,30.08,-1.7299999999999998,-28.49
-9.290000000000001,10.88,14.21,0.103,1.2,0.0,-1.2,2.4,0.73453,592.0,10.877,14.21,142.1,1.7073298100937817,,,,Sand,,,Sand 2,2,3.32,30.08,-1.7299999999999998,-28.49
-9.31,10.9,14.14,0.104,1.0,0.0,-1.0,2.9,0.74626,593.0,10.897,14.14,141.4,1.7133658894413166,,,,Sand,,,Sand 2,2,3.32,30.08,-1.7299999999999998,-28.49
-9.33,10.92,13.91,0.106,1.0,0.0,-1.0,2.7,0.76638,594.0,10.917,13.91,139.1,1.7262264660890985,,,,Sand,,,Sand 2,2,3.32,30.08,-1.7299999999999998,-28.49
-9.35,10.94,13.83,0.106,1.0,0.0,-1.0,2.5,0.77316,595.0,10.937,13.83,138.3,1.730599517438563,,,,Sand,,,Sand 2,2,3.32,30.08,-1.7299999999999998,-28.49
-9.370000000000001,10.96,13.65,0.109,1.2,-0.2,-1.2,2.3,0.80502,595.0,10.957,13.65,136.5,1.7462277906947188,,,,Sand,,,Sand 2,2,3.32,30.08,-1.7299999999999998,-28.49
-9.39,10.98,13.47,0.109,1.0,0.2,-1.0,2.3,0.8164,596.0,10.977,13.47,134.7,1.754565369500671,,,,Sand,,,Sand 2,2,3.32,30.08,-1.7299999999999998,-28.49
-9.41,11.0,13.33,0.11,1.0,0.0,-1.0,2.4,0.83428,597.0,10.996,13.33,133.3,1.7641073169900687,,,,Sand,,,Sand 2,2,3.32,30.08,-1.7299999999999998,-28.49
-9.43,11.02,13.14,0.11,1.0,0.0,-1.0,2.4,0.84421,598.0,11.016,13.14,131.4,1.772185999845281,,,,Sand,,,Sand 2,2,3.32,30.08,-1.7299999999999998,-28.49
-9.45,11.04,12.85,0.108,1.0,0.0,-1.0,2.4,0.83697,599.0,11.036,12.85,128.5,1.777180517629837,,,,Sand,,,Sand 2,2,3.32,30.08,-1.7299999999999998,-28.49
-9.47,11.06,12.63,0.105,1.0,0.0,-1.0,2.3,0.81999,600.0,11.056,12.63,126.3,1.7772390471473327,,,,Sand,,,Sand 2,2,3.32,30.08,-1.7299999999999998,-28.49
-9.49,11.08,12.58,0.099,1.0,0.0,-1.0,2.3,0.77739,600.0,11.076,12.58,125.8,1.7638860569985912,,,,Sand,,,Sand 2,2,3.32,30.08,-1.7299999999999998,-28.49
-9.51,11.1,12.59,0.093,1.0,0.0,-1.0,2.4,0.73329,601.0,11.096,12.59,125.9,1.7477565565065367,,,,Sand,,,Sand 2,2,3.32,30.08,-1.7299999999999998,-28.49
-9.53,11.12,12.64,0.089,1.0,0.2,-1.0,2.4,0.70279,602.0,11.116,12.64,126.4,1.7350022690131117,,,,Sand,,,Sand 2,2,3.32,30.08,-1.7299999999999998,-28.49
-9.55,11.14,12.68,0.086,1.2,0.0,-1.2,2.4,0.6793,603.0,11.136,12.68,126.8,1.7248758262329131,,,,Sand,,,Sand 2,2,3.32,30.08,-1.7299999999999998,-28.49
-9.57,11.16,12.77,0.081,1.2,0.0,-1.2,2.3,0.64222,604.0,11.156,12.77,127.7,1.7076619441215348,,,,Sand,,,Sand 2,2,3.32,30.08,-1.7299999999999998,-28.49
-9.59,11.18,12.72,0.077,1.2,0.0,-1.0,2.4,0.61385,605.0,11.176,12.72,127.2,1.6972963705754613,,,,Sand,,,Sand 2,2,3.32,30.08,-1.7299999999999998,-28.49
-9.61,11.2,12.7,0.069,1.2,0.0,-1.0,2.3,0.55366,605.0,11.196,12.7,127.0,1.6716248489980954,,,,Sand,,,Sand 2,2,3.32,30.08,-1.7299999999999998,-28.49
-9.63,11.22,12.6,0.068,1.2,0.0,-1.2,2.4,0.55022,606.0,11.216,12.6,126.0,1.672876255638258,,,,Sand,,,Sand 2,2,3.32,30.08,-1.7299999999999998,-28.49
-9.65,11.24,12.2,0.064,1.2,0.0,-1.0,2.3,0.52384,607.0,11.236,12.2,122.0,1.6722901174305,,,,Sand,,,Sand 2,2,3.32,30.08,-1.7299999999999998,-28.49
-9.67,11.26,12.04,0.059,1.2,0.0,-1.0,2.2,0.48902,608.0,11.256,12.04,120.4,1.6604919942827208,,,,Sand,,,Sand 2,2,3.32,30.08,-1.7299999999999998,-28.49
-9.69,11.28,11.99,0.055,1.2,0.0,-1.2,2.0,0.46073,609.0,11.276,11.99,119.9,1.647987187230226,,,,Sand,,,Sand 2,2,3.32,30.08,-1.7299999999999998,-28.49
-9.71,11.3,11.85,0.052,1.2,0.0,-1.2,2.3,0.4404,610.0,11.296,11.85,118.5,1.6418996987246828,,,,Sand,,,Sand 2,2,3.32,30.08,-1.7299999999999998,-28.49
-9.73,11.32,11.64,0.05,1.0,0.0,-1.0,2.4,0.42306,611.0,11.316,11.64,116.4,1.6394341462675759,,,,Sand,,,Sand 2,2,3.32,30.08,-1.7299999999999998,-28.49
-9.75,11.34,11.5,0.05,1.0,0.0,-1.0,2.3,0.41442,611.0,11.336,11.5,115.0,1.6393411828849436,,,,Sand,,,Sand 2,2,3.32,30.08,-1.7299999999999998,-28.49
-9.77,11.36,11.68,0.049,1.0,0.2,-1.0,2.5,0.39161,612.0,11.356,11.68,116.8,1.6210792195204446,,,,Sand,,,Sand 2,2,3.32,30.08,-1.7299999999999998,-28.49
-9.790000000000001,11.38,11.56,0.047,1.0,0.0,-1.0,2.8,0.35885,613.0,11.376,11.56,115.6,1.6063180686348129,,,,Sand,,,Sand 2,2,3.32,30.08,-1.7299999999999998,-28.49
-9.81,11.4,12.29,0.045,1.0,0.0,-1.0,2.5,0.32677,614.0,11.396,12.29,122.9,1.56356917984675,,,,Sand,,,Sand 2,2,3.32,30.08,-1.7299999999999998,-28.49
-9.83,11.42,14.01,0.048,1.2,0.0,-1.2,2.3,0.33055,615.0,11.416,14.01,140.1,1.5160104190486012,,,,Sand,,,Sand 2,2,3.32,30.08,-1.7299999999999998,-28.49
-9.85,11.44,15.57,0.05,1.2,0.2,-1.0,2.3,0.32642,615.0,11.436,15.57,155.7,1.4734227919191214,,,,Sand,,,Sand 2,2,3.32,30.08,-1.7299999999999998,-28.49
-9.870000000000001,11.46,16.53,0.057,1.2,0.0,-1.0,2.4,0.3515,616.0,11.456,16.53,165.3,1.4674680436912497,,,,Sand,,,Sand 2,2,3.32,30.08,-1.7299999999999998,-28.49
-9.89,11.48,17.03,0.062,1.2,-0.2,-1.2,2.3,0.36337,617.0,11.476,17.03,170.3,1.4640812196544155,,,,Sand,,,Sand 2,2,3.32,30.08,-1.7299999999999998,-28.49
-9.91,11.5,17.5,0.064,1.0,0.0,-1.0,2.4,0.36191,618.0,11.496,17.5,175.0,1.453153294856714,,,,Sand,,,Sand 2,2,3.32,30.08,-1.7299999999999998,-28.49
-9.93,11.52,18.05,0.066,1.0,0.0,-1.0,2.4,0.36492,619.0,11.516,18.05,180.5,1.4437696353528278,,,,Sand,,,Sand 2,2,3.32,30.08,-1.7299999999999998,-28.49
-9.95,11.54,18.75,0.068,1.0,0.0,-1.0,2.3,0.37214,620.0,11.536,18.75,187.5,1.4345809464161594,,,,Sand,,,Sand 2,2,3.32,30.08,-1.7299999999999998,-28.49
-9.97,11.56,19.06,0.071,1.0,-0.2,-1.0,2.4,0.38718,620.0,11.556,19.06,190.6,1.4382387843890192,,,,Sand,,,Sand 2,2,3.32,30.08,-1.7299999999999998,-28.49
-9.99,11.58,18.98,0.075,1.0,0.0,-1.0,2.3,0.41028,621.0,11.576,18.98,189.8,1.4540222804165421,,,,Sand,,,Sand 2,2,3.32,30.08,-1.7299999999999998,-28.49
-10.01,11.6,18.79,0.082,1.0,0.0,-1.0,2.3,0.45204,622.0,11.596,18.79,187.9,1.4820680465422058,,,,Sand,,,Sand 2,2,3.32,30.08,-1.7299999999999998,-28.49
-10.03,11.62,18.02,0.083,1.0,0.0,-1.0,2.4,0.46278,623.0,11.616,18.02,180.2,1.5027573284341287,,,,Sand,,,Sand 2,2,3.32,30.08,-1.7299999999999998,-28.49
-10.05,11.64,17.55,0.089,1.0,-0.2,-1.0,2.4,0.50201,624.0,11.636,17.55,175.5,1.533006145392198,,,,Sand,,,Sand 2,2,3.32,30.08,-1.7299999999999998,-28.49
-10.07,11.66,17.04,0.093,1.0,0.0,-1.0,2.4,0.5295,625.0,11.656,17.04,170.4,1.5571899480355023,,,,Sand,,,Sand 2,2,3.32,30.08,-1.7299999999999998,-28.49
-10.09,11.68,16.93,0.091,1.2,-0.2,-1.2,2.3,0.52134,625.0,11.676,16.93,169.3,1.5553547523052513,,,,Sand,,,Sand 2,2,3.32,30.08,-1.7299999999999998,-28.49
-10.11,11.7,17.11,0.084,1.0,0.0,-1.0,2.4,0.48127,626.0,11.696,17.11,171.1,1.5309657306939901,,,,Sand,,,Sand 2,2,3.32,30.08,-1.7299999999999998,-28.49
-10.13,11.72,17.41,0.081,1.0,0.0,-1.0,2.4,0.46402,627.0,11.716,17.41,174.1,1.5155470896922554,,,,Sand,,,Sand 2,2,3.32,30.08,-1.7299999999999998,-28.49
-10.15,11.74,17.66,0.075,1.0,-0.2,-1.0,2.4,0.43008,628.0,11.736,17.66,176.6,1.49140808193476,,,,Sand,,,Sand 2,2,3.32,30.08,-1.7299999999999998,-28.49
-10.17,11.76,17.92,0.074,1.0,0.0,-1.0,2.4,0.42734,629.0,11.756,17.92,179.2,1.484615113524255,,,,Sand,,,Sand 2,2,3.32,30.08,-1.7299999999999998,-28.49
-10.19,11.78,18.01,0.073,1.0,0.0,-1.0,2.0,0.42903,630.0,11.776,18.01,180.1,1.4838167523421795,,,,Sand,,,Sand 2,2,3.32,30.08,-1.7299999999999998,-28.49
-10.21,11.8,17.57,0.07,1.2,0.0,-1.2,2.2,0.42245,631.0,11.796,17.57,175.7,1.488798212975258,,,,Sand,,,Sand 2,2,3.32,30.08,-1.7299999999999998,-28.49
-10.23,11.82,16.9,0.07,1.0,0.2,-1.0,2.4,0.43815,631.0,11.816,16.9,169.0,1.5117008023010445,,,,Sand,,,Sand 2,2,3.32,30.08,-1.7299999999999998,-28.49
-10.25,11.84,15.95,0.068,1.0,0.2,-1.0,2.4,0.44565,632.0,11.836,15.95,159.5,1.5365695208895613,,,,Sand,,,Sand 2,2,3.32,30.08,-1.7299999999999998,-28.49
-10.27,11.86,14.7,0.066,1.0,0.0,-1.0,2.3,0.45549,633.0,11.856,14.7,147.0,1.5712120195987205,,,,Sand,,,Sand 2,2,3.32,30.08,-1.7299999999999998,-28.49
-10.290000000000001,11.88,13.85,0.062,1.0,-0.2,-1.0,2.3,0.45161,634.0,11.876,13.85,138.5,1.5906781487480783,,,,Sand,,,Sand 2,2,3.32,30.08,-1.7299999999999998,-28.49
-10.31,11.9,12.91,0.061,1.0,-0.2,-1.0,2.8,0.46851,635.0,11.896,12.91,129.1,1.6249497147476886,,,,Sand,,,Sand 2,2,3.32,30.08,-1.7299999999999998,-28.49
-10.33,11.92,12.18,0.059,0.8,0.2,-0.8,2.5,0.47576,635.0,11.916,12.18,121.8,1.6497689290374227,,,,Sand,,,Sand 2,2,3.32,30.08,-1.7299999999999998,-28.49
-10.35,11.94,11.86,0.059,1.0,0.0,-1.0,2.3,0.49476,636.0,11.936,11.86,118.6,1.668741143764174,,,,Sand,,,Sand 2,2,3.32,30.08,-1.7299999999999998,-28.49
-10.370000000000001,11.96,11.48,0.059,1.0,0.0,-1.0,2.3,0.51082,637.0,11.956,11.48,114.8,1.6881780592508584,,,,Sand,,,Sand 2,2,3.32,30.08,-1.7299999999999998,-28.49
-10.39,11.98,11.23,0.059,1.0,0.0,-1.0,2.4,0.52259,638.0,11.976,11.23,112.3,1.701607439067689,,,,Sand,,,Sand 2,2,3.32,30.08,-1.7299999999999998,-28.49
-10.41,12.0,11.0,0.06,1.0,0.0,-1.0,2.3,0.53927,639.0,11.996,11.0,110.0,1.7166403287150318,,,,Sand,,,Sand 2,2,3.32,30.08,-1.7299999999999998,-28.49
-10.43,12.02,10.89,0.061,1.0,-0.2,-1.0,2.4,0.55417,640.0,12.016,10.89,108.9,1.726851745546573,,,,Sand,,,Sand 2,2,3.32,30.08,-1.7299999999999998,-28.49
-10.45,12.04,10.85,0.062,1.0,-0.2,-1.0,2.4,0.56647,640.0,12.036,10.85,108.5,1.7335123718962253,,,,Sand,,,Sand 2,2,3.32,30.08,-1.7299999999999998,-28.49
-10.47,12.06,10.83,0.062,1.0,-0.2,-1.0,2.3,0.56725,641.0,12.056,10.83,108.3,1.7345109550691773,,,,Sand,,,Sand 2,2,3.32,30.08,-1.7299999999999998,-28.49
-10.49,12.08,10.87,0.062,1.0,0.0,-1.0,2.4,0.56608,642.0,12.076,10.87,108.7,1.732682589464657,,,,Sand,,,Sand 2,2,3.32,30.08,-1.7299999999999998,-28.49
-10.51,12.1,10.91,0.063,1.0,0.0,-1.0,2.4,0.57247,643.0,12.096,10.91,109.1,1.7341067877109877,,,,Sand,,,Sand 2,2,3.32,30.08,-1.7299999999999998,-28.49
-10.53,12.12,10.98,0.063,1.0,0.0,-1.0,2.4,0.56898,644.0,12.116,10.98,109.8,1.7303155294151338,,,,Sand,,,Sand 2,2,3.32,30.08,-1.7299999999999998,-28.49
-10.55,12.14,11.11,0.064,1.0,0.0,-1.0,2.3,0.57322,645.0,12.136,11.11,111.1,1.7279187122109807,,,,Sand,,,Sand 2,2,3.32,30.08,-1.7299999999999998,-28.49
-10.57,12.16,11.18,0.0667,1.0,0.0,-1.0,2.4,0.59112,645.0,12.156,11.18,111.8,1.7332767545139045,,,,Sand,,,Sand 2,2,3.32,30.08,-1.7299999999999998,-28.49
-10.59,12.18,11.31,0.0693,1.0,0.0,-1.0,2.4,0.60454,646.0,12.176,11.31,113.1,1.734770966366992,,,,Sand,,,Sand 2,2,3.32,30.08,-1.7299999999999998,-28.49
-10.61,12.2,11.39,0.072,1.0,0.0,-1.0,2.4,0.61538,647.0,12.196,11.39,113.9,1.7367456747812056,,,,Sand,,,Sand 2,2,3.32,30.08,-1.7299999999999998,-28.49
-10.63,12.22,11.57,0.074,1.0,0.0,-1.0,2.4,0.61737,648.0,12.216,11.57,115.7,1.7320257766117644,,,,Sand,,,Sand 2,2,3.32,30.08,-1.7299999999999998,-28.49
-10.65,12.24,11.82,0.075,1.0,0.0,-1.0,2.3,0.60766,649.0,12.236,11.82,118.2,1.7204687197976818,,,,Sand,,,Sand 2,2,3.32,30.08,-1.7299999999999998,-28.49
-10.67,12.26,12.347,0.077,1.0,0.0,-1.0,0.0,0.60262,688.0,12.256,12.347,123.47,1.7029914636827295,,,,Sand,,,Sand 2,2,3.32,30.08,-1.7299999999999998,-28.49
-10.69,12.28,12.873,0.078,1.0,0.0,-1.0,2.4,0.58851,688.0,12.276,12.873,128.73,1.6822852931179408,,,,Sand,,,Sand 2,2,3.32,30.08,-1.7299999999999998,-28.49
-10.71,12.3,13.4,0.079,1.0,-0.2,-1.0,2.1,0.57591,689.0,12.296,13.4,134.0,1.6626673457918113,,,,Sand,,,Sand 2,2,3.32,30.08,-1.7299999999999998,-28.49
-10.73,12.32,14.03,0.081,1.0,0.0,-1.0,2.4,0.57279,690.0,12.316,14.03,140.3,1.6451904028286182,,,,Sand,,,Sand 2,2,3.32,30.08,-1.7299999999999998,-28.49
-10.75,12.34,14.79,0.084,1.0,0.0,-1.0,2.3,0.57904,691.0,12.336,14.79,147.9,1.6296621962379678,,,,Sand,,,Sand 2,2,3.32,30.08,-1.7299999999999998,-28.49
-10.77,12.36,15.2,0.085,1.0,-0.2,-1.0,2.3,0.57321,692.0,12.356,15.2,152.0,1.6175428129255054,,,,Sand,,,Sand 2,2,3.32,30.08,-1.7299999999999998,-28.49
-10.790000000000001,12.38,15.28,0.087,1.0,0.0,-1.0,2.3,0.5753,693.0,12.376,15.28,152.8,1.6166854153973989,,,,Sand,,,Sand 2,2,3.32,30.08,-1.7299999999999998,-28.49
-10.81,12.4,15.21,0.091,1.0,-0.2,-1.0,2.8,0.59057,693.0,12.396,15.21,152.1,1.6251861781156216,,,,Sand,,,Sand 2,2,3.32,30.08,-1.7299999999999998,-28.49
-10.83,12.42,15.27,0.088,1.0,0.0,-1.0,2.5,0.56261,694.0,12.416,15.27,152.7,1.611059438121883,,,,Sand,,,Sand 2,2,3.32,30.08,-1.7299999999999998,-28.49
-10.85,12.44,15.45,0.088,1.0,0.0,-1.0,2.3,0.55582,695.0,12.436,15.45,154.5,1.6038211190564755,,,,Sand,,,Sand 2,2,3.32,30.08,-1.7299999999999998,-28.49
-10.870000000000001,12.46,15.75,0.086,1.0,-0.2,-1.0,2.4,0.53687,696.0,12.456,15.75,157.5,1.5881014307056331,,,,Sand,,,Sand 2,2,3.32,30.08,-1.7299999999999998,-28.49
-10.89,12.48,16.32,0.088,1.0,0.0,-1.0,2.3,0.54267,697.0,12.476,16.32,163.2,1.5785725290041477,,,,Sand,,,Sand 2,2,3.32,30.08,-1.7299999999999998,-28.49
-10.91,12.5,16.65,0.0857,1.0,0.0,-1.0,2.3,0.52216,698.0,12.496,16.65,166.5,1.561551150955501,,,,Sand,,,Sand 2,2,3.32,30.08,-1.7299999999999998,-28.49
-10.93,12.52,16.73,0.0833,1.0,0.0,-1.0,2.4,0.50237,698.0,12.516,16.73,167.3,1.549857096380279,,,,Sand,,,Sand 2,2,3.32,30.08,-1.7299999999999998,-28.49
-10.95,12.54,16.77,0.081,1.0,0.0,-1.0,2.4,0.48518,699.0,12.536,16.77,167.7,1.5400804974208346,,,,Sand,,,Sand 2,2,3.32,30.08,-1.7299999999999998,-28.49
-10.97,12.56,16.79,0.083,1.0,-0.2,-1.0,2.4,0.49574,700.0,12.556,16.79,167.9,1.5451823791843458,,,,Sand,,,Sand 2,2,3.32,30.08,-1.7299999999999998,-28.49
-10.99,12.58,16.84,0.081,1.0,0.0,-1.0,2.4,0.48394,701.0,12.576,16.84,168.4,1.5379638159243243,,,,Sand,,,Sand 2,2,3.32,30.08,-1.7299999999999998,-28.49
-11.01,12.6,16.8,0.079,0.8,0.2,-0.8,2.3,0.47305,702.0,12.596,16.8,168.0,1.53300802561641,,,,Sand,,,Sand 2,2,3.32,30.08,-1.7299999999999998,-28.49
-11.03,12.62,16.66,0.077,1.0,0.0,-1.0,2.4,0.46229,703.0,12.616,16.66,166.6,1.5301597902495834,,,,Sand,,,Sand 2,2,3.32,30.08,-1.7299999999999998,-28.49
-11.05,12.64,16.7,0.08,1.0,-0.2,-1.0,2.4,0.48167,703.0,12.636,16.7,167.0,1.5396990088274078,,,,Sand,,,Sand 2,2,3.32,30.08,-1.7299999999999998,-28.49
-11.07,12.66,16.61,0.082,1.0,0.0,-1.0,2.4,0.49577,704.0,12.656,16.61,166.1,1.548971910379711,,,,Sand,,,Sand 2,2,3.32,30.08,-1.7299999999999998,-28.49
-11.09,12.68,16.43,0.082,1.0,0.0,-1.0,2.3,0.49799,705.0,12.676,16.43,164.3,1.5539365468070778,,,,Sand,,,Sand 2,2,3.32,30.08,-1.7299999999999998,-28.49
-11.11,12.7,16.42,0.082,1.0,0.0,-1.0,2.4,0.50031,706.0,12.696,16.42,164.2,1.5553421495599287,,,,Sand,,,Sand 2,2,3.32,30.08,-1.7299999999999998,-28.49
-11.13,12.72,16.41,0.082,1.0,0.0,-1.0,2.4,0.50357,707.0,12.716,16.41,164.1,1.5572240811723292,,,,Sand,,,Sand 2,2,3.32,30.08,-1.7299999999999998,-28.49
-11.15,12.74,16.29,0.08,1.0,0.0,-1.0,2.4,0.49516,708.0,12.736,16.29,162.9,1.5554812718756494,,,,Sand,,,Sand 2,2,3.32,30.08,-1.7299999999999998,-28.49
-11.17,12.76,16.21,0.081,1.0,-0.2,-1.0,2.3,0.50613,708.0,12.756,16.21,162.1,1.5628202847590265,,,,Sand,,,Sand 2,2,3.32,30.08,-1.7299999999999998,-28.49
-11.19,12.78,16.05,0.08,1.0,-0.2,-1.0,2.0,0.50561,709.0,12.776,16.05,160.5,1.566032805178979,,,,Sand,,,Sand 2,2,3.32,30.08,-1.7299999999999998,-28.49
-11.21,12.8,15.85,0.077,1.2,0.0,-1.2,2.1,0.49312,710.0,12.796,15.85,158.5,1.5640678197466638,,,,Sand,,,Sand 2,2,3.32,30.08,-1.7299999999999998,-28.49
-11.23,12.82,15.59,0.074,1.1827,0.0,-0.8,2.3,0.48099,711.0,12.816,15.59,155.9,1.5636404616489854,,,,Sand,,,Sand 2,2,3.32,30.08,-1.7299999999999998,-28.49
-11.25,12.84,15.21,0.072,1.1655,0.0,-1.0,2.3,0.47603,712.0,12.836,15.21,152.1,1.569827550964696,,,,Sand,,,Sand 2,2,3.32,30.08,-1.7299999999999998,-28.49
-11.27,12.86,14.97,0.07,1.1482,-0.2,-1.0,2.3,0.47126,713.0,12.856,14.97,149.7,1.5730114583653962,,,,Sand,,,Sand 2,2,3.32,30.08,-1.7299999999999998,-28.49
-11.290000000000001,12.88,14.75,0.065,1.1556,0.0,-1.0,2.4,0.44574,714.0,12.876,14.75,147.5,1.5647507945467996,,,,Sand,,,Sand 2,2,3.32,30.08,-1.7299999999999998,-28.49
-11.31,12.9,14.45,0.066,1.2,-0.2,-1.2,2.9,0.46061,714.0,12.896,14.45,144.5,1.5801025559220612,,,,Sand,,,Sand 2,2,3.32,30.08,-1.7299999999999998,-28.49
-11.33,12.92,14.13,0.063,1.0,-0.2,-1.0,2.7,0.44653,715.0,12.916,14.13,141.3,1.5807165630194957,,,,Sand,,,Sand 2,2,3.32,30.08,-1.7299999999999998,-28.49
-11.35,12.94,13.88,0.06,1.0,-0.2,-1.0,2.4,0.43154,716.0,12.936,13.88,138.8,1.5791170754522608,,,,Sand,,,Sand 2,2,3.32,30.08,-1.7299999999999998,-28.49
-11.370000000000001,12.96,13.68,0.057,1.0,0.0,-1.0,2.4,0.41575,717.0,12.956,13.68,136.8,1.575742953806691,,,,Sand,,,Sand 2,2,3.32,30.08,-1.7299999999999998,-28.49
-11.39,12.98,13.56,0.058,1.0,0.0,-1.0,2.3,0.42891,717.0,12.976,13.56,135.6,1.5862147487796099,,,,Sand,,,Sand 2,2,3.32,30.08,-1.7299999999999998,-28.49
-11.41,13.0,13.45,0.058,1.0,0.0,-1.0,2.3,0.43413,718.0,12.996,13.45,134.5,1.5920231244762093,,,,Sand,,,Sand 2,2,3.32,30.08,-1.7299999999999998,-28.49
-11.43,13.02,13.33,0.055,1.0,0.0,-1.0,2.4,0.41663,719.0,13.016,13.33,133.3,1.5857688653016075,,,,Sand,,,Sand 2,2,3.32,30.08,-1.7299999999999998,-28.49
-11.45,13.04,13.2,0.053,1.0,0.0,-1.0,2.4,0.40652,720.0,13.036,13.2,132.0,1.5837700401519244,,,,Sand,,,Sand 2,2,3.32,30.08,-1.7299999999999998,-28.49
-11.47,13.06,12.95,0.051,1.0,0.0,-1.0,2.3,0.39623,721.0,13.056,12.95,129.5,1.5850770506191574,,,,Sand,,,Sand 2,2,3.32,30.08,-1.7299999999999998,-28.49
-11.49,13.08,12.83,0.051,1.0,-0.2,-1.0,2.4,0.40114,722.0,13.076,12.83,128.3,1.5913022635253662,,,,Sand,,,Sand 2,2,3.32,30.08,-1.7299999999999998,-28.49
-11.51,13.1,12.61,0.052,1.0,-0.2,-1.0,2.4,0.41385,722.0,13.096,12.61,126.1,1.6047577116380023,,,,Sand,,,Sand 2,2,3.32,30.08,-1.7299999999999998,-28.49
-11.53,13.12,12.37,0.052,1.2,-0.2,-1.2,2.3,0.41813,723.0,13.116,12.37,123.7,1.6142087832303078,,,,Sand,,,Sand 2,2,3.32,30.08,-1.7299999999999998,-28.49
-11.55,13.14,12.23,0.054,1.1827,-0.2,-0.8,2.4,0.43769,724.0,13.136,12.23,122.3,1.6288393280245421,,,,Sand,,,Sand 2,2,3.32,30.08,-1.7299999999999998,-28.49
-11.57,13.16,12.19,0.055,1.1655,-0.2,-1.0,2.4,0.44852,725.0,13.156,12.19,121.9,1.6356800644310676,,,,Sand,,,Sand 2,2,3.32,30.08,-1.7299999999999998,-28.49
-11.59,13.18,12.14,0.056,1.1482,0.0,-1.0,2.3,0.45789,726.0,13.176,12.14,121.4,1.641989667227489,,,,Sand,,,Sand 2,2,3.32,30.08,-1.7299999999999998,-28.49
-11.61,13.2,12.17,0.057,1.1556,0.0,-1.0,2.4,0.46569,727.0,13.196,12.17,121.7,1.645033831933653,,,,Sand,,,Sand 2,2,3.32,30.08,-1.7299999999999998,-28.49
-11.63,13.22,12.16,0.06,1.2,-0.2,-1.2,2.3,0.48857,727.0,13.216,12.16,121.6,1.6566704327171142,,,,Sand,,,Sand 2,2,3.32,30.08,-1.7299999999999998,-28.49
-11.65,13.24,12.23,0.058,1.0,-0.2,-1.0,2.4,0.47002,728.0,13.236,12.23,122.3,1.6454121558178245,,,,Sand,,,Sand 2,2,3.32,30.08,-1.7299999999999998,-28.49
-11.67,13.26,12.35,0.065,1.0,-0.2,-1.0,2.4,0.5234,729.0,13.256,12.35,123.5,1.6676962332534642,,,,Sand,,,Sand 2,2,3.32,30.08,-1.7299999999999998,-28.49
-11.69,13.28,12.45,0.08,1.0,-0.2,-1.0,2.3,0.6372,730.0,13.276,12.45,124.5,1.7144387301302066,,,,Sand,,,Sand 2,2,3.32,30.08,-1.7299999999999998,-28.49
-11.71,13.3,12.557,0.081,1.0,0.0,-1.0,2.0,0.64051,731.0,13.296,12.557,125.57,1.7128074451870374,,,,Sand,,,Sand 2,2,3.32,30.08,-1.7299999999999998,-28.49
-11.73,13.32,12.663,0.0793,1.0,-0.2,-1.0,2.3,0.62123,732.0,13.316,12.663,126.63,1.701950821437229,,,,Sand,,,Sand 2,2,3.32,30.08,-1.7299999999999998,-28.49
-11.75,13.34,12.77,0.0777,1.0,-0.2,-1.0,2.4,0.60075,733.0,13.336,12.77,127.7,1.690374081045702,,,,Sand,,,Sand 2,2,3.32,30.08,-1.7299999999999998,-28.49
-11.77,13.36,13.26,0.076,1.0,-0.2,-1.0,2.3,0.57767,734.0,13.356,13.26,132.6,1.6671335314760163,,,,Sand,,,Sand 2,2,3.32,30.08,-1.7299999999999998,-28.49
-11.790000000000001,13.38,12.89,0.076,1.0,0.0,-1.0,2.3,0.56593,734.0,13.376,12.89,128.9,1.6718790122034461,,,,Sand,,,Sand 2,2,3.32,30.08,-1.7299999999999998,-28.49
-11.81,13.4,13.18,0.075,0.8,0.0,-0.8,2.8,0.546,735.0,13.396,13.18,131.8,1.654976179498342,,,,Sand,,,Sand 2,2,3.32,30.08,-1.7299999999999998,-28.49
-11.83,13.42,13.7,0.082,1.0,-0.2,-1.0,2.5,0.5811,736.0,13.416,13.7,137.0,1.6572217207862459,,,,Sand,,,Sand 2,2,3.32,30.08,-1.7299999999999998,-28.49
-11.85,13.44,14.23,0.074,0.8,0.0,-0.8,2.4,0.5107,737.0,13.436,14.23,142.3,1.61103730399105,,,,Sand,,,Sand 2,2,3.32,30.08,-1.7299999999999998,-28.49
-11.870000000000001,13.46,14.74,0.0723,1.0,0.0,-1.0,2.4,0.48333,738.0,13.456,14.74,147.4,1.584791962403012,,,,Sand,,,Sand 2,2,3.32,30.08,-1.7299999999999998,-28.49
-11.89,13.48,15.12,0.0707,1.0,-0.2,-1.0,2.4,0.45768,738.0,13.476,15.12,151.2,1.5622566692541415,,,,Sand,,,Sand 2,2,3.32,30.08,-1.7299999999999998,-28.49
-11.91,13.5,15.77,0.069,1.0,0.0,-1.0,2.3,0.43226,739.0,13.496,15.77,157.7,1.533203114269623,,,,Sand,,,Sand 2,2,3.32,30.08,-1.7299999999999998,-28.49
-11.93,13.52,16.29,0.079,1.0,0.0,-1.0,2.4,0.48145,740.0,13.516,16.29,162.9,1.548341438623428,,,,Sand,,,Sand 2,2,3.32,30.08,-1.7299999999999998,-28.49
-11.95,13.54,16.64,0.082,1.2,-0.4,-1.2,2.4,0.48926,741.0,13.536,16.64,166.4,1.5449532391345304,,,,Sand,,,Sand 2,2,3.32,30.08,-1.7299999999999998,-28.49
-11.97,13.56,17.09,0.091,1.0,-0.2,-1.0,2.3,0.53388,742.0,13.556,17.09,170.9,1.558350627005505,,,,Sand,,,Sand 2,2,3.32,30.08,-1.7299999999999998,-28.49
-11.99,13.58,17.82,0.093,1.0,0.0,-1.0,2.4,0.53964,743.0,13.576,17.82,178.2,1.546831703158591,,,,Sand,,,Sand 2,2,3.32,30.08,-1.7299999999999998,-28.49
-12.01,13.6,17.8,0.092,0.8,0.2,-0.8,2.4,0.5311,743.0,13.596,17.8,178.0,1.5429626085983412,,,,Sand,,,Sand 2,2,3.32,30.08,-1.7299999999999998,-28.49
-12.03,13.62,17.55,0.091,1.2,-0.4,-1.2,2.3,0.5234,744.0,13.616,17.55,175.5,1.5439576831034185,,,,Sand,,,Sand 2,2,3.32,30.08,-1.7299999999999998,-28.49
-12.05,13.64,17.4,0.09,1.0,0.0,-1.0,2.4,0.51717,745.0,13.636,17.4,174.0,1.5437682258992056,,,,Sand,,,Sand 2,2,3.32,30.08,-1.7299999999999998,-28.49
-12.07,13.66,17.28,0.095,1.0,-0.2,-1.0,2.3,0.54771,746.0,13.656,17.28,172.8,1.5613352698518566,,,,Sand,,,Sand 2,2,3.32,30.08,-1.7299999999999998,-28.49
-12.09,13.68,17.0,0.0957,1.0,-0.2,-1.0,2.4,0.55708,747.0,13.676,17.0,170.0,1.571459074427535,,,,Sand,,,Sand 2,2,3.32,30.08,-1.7299999999999998,-28.49
-12.11,13.7,17.15,0.0963,0.8,0.0,-0.8,2.4,0.56547,748.0,13.696,17.15,171.5,1.5724577973612033,,,,Sand,,,Sand 2,2,3.32,30.08,-1.7299999999999998,-28.49
-12.13,13.72,17.22,0.097,1.0,0.0,-1.0,2.3,0.57363,748.0,13.716,17.22,172.2,1.574926824968695,,,,Sand,,,Sand 2,2,3.32,30.08,-1.7299999999999998,-28.49
-12.15,13.74,17.36,0.093,1.0,-0.2,-1.0,2.4,0.5523,749.0,13.736,17.36,173.6,1.5619822992871089,,,,Sand,,,Sand 2,2,3.32,30.08,-1.7299999999999998,-28.49
-12.17,13.76,16.47,0.09,1.0,-0.2,-1.0,2.4,0.53156,750.0,13.756,16.47,164.7,1.5699828256028814,,,,Sand,,,Sand 2,2,3.32,30.08,-1.7299999999999998,-28.49
-12.19,13.78,16.36,0.087,1.1,-0.4,-1.0,2.3,0.50914,751.0,13.776,16.36,163.6,1.5611238349717045,,,,Sand,,,Sand 2,2,3.32,30.08,-1.7299999999999998,-28.49
-12.21,13.8,16.44,0.092,1.0,0.0,-1.0,2.1,0.5306,752.0,13.796,16.44,164.4,1.5701424809777778,,,,Sand,,,Sand 2,2,3.32,30.08,-1.7299999999999998,-28.49
-12.23,13.82,16.71,0.0913,1.0,0.0,-1.0,2.1,0.51768,753.0,13.816,16.71,167.1,1.5580559710285329,,,,Sand,,,Sand 2,2,3.32,30.08,-1.7299999999999998,-28.49
-12.25,13.84,17.74,0.0907,1.0,-0.2,-1.0,2.3,0.50305,754.0,13.836,17.74,177.4,1.5298109004267244,,,,Sand,,,Sand 2,2,3.32,30.08,-1.7299999999999998,-28.49
-12.27,13.86,18.4,0.09,1.0,0.0,-1.0,2.4,0.48741,754.0,13.856,18.4,184.0,1.508885809193044,,,,Sand,,,Sand 2,2,3.32,30.08,-1.7299999999999998,-28.49
-12.290000000000001,13.88,19.23,0.09,1.0,-0.2,-1.0,2.3,0.47584,755.0,13.876,19.23,192.3,1.4873067233498802,,,,Sand,,,Sand 2,2,3.32,30.08,-1.7299999999999998,-28.49
-12.31,13.9,19.74,0.09,1.0,0.0,-1.0,2.2,0.46458,756.0,13.896,19.74,197.4,1.4719665993844662,,,,Sand,,,Sand 2,2,3.32,30.08,-1.7299999999999998,-28.49
-12.33,13.92,19.62,0.101,1.0,-0.2,-1.0,2.8,0.51295,757.0,13.916,19.62,196.2,1.5003590258956685,,,,Sand,,,Sand 2,2,3.32,30.08,-1.7299999999999998,-28.49
-12.35,13.94,19.84,0.098,1.1,-0.4,-1.0,2.6,0.49286,758.0,13.936,19.84,198.4,1.4858407925704895,,,,Sand,,,Sand 2,2,3.32,30.08,-1.7299999999999998,-28.49
-12.370000000000001,13.96,20.03,0.095,1.6,0.2,-1.6,2.3,0.47571,758.0,13.956,20.03,200.3,1.473157348471331,,,,Sand,,,Sand 2,2,3.32,30.08,-1.7299999999999998,-28.49
-12.39,13.98,20.38,0.092,1.0,0.0,-1.0,2.4,0.45874,759.0,13.976,20.38,203.8,1.457603040885111,,,,Sand,,,Sand 2,2,3.32,30.08,-1.7299999999999998,-28.49
-12.41,14.0,20.28,0.102,1.0,0.0,-1.0,2.4,0.5043,760.0,13.996,20.28,202.8,1.4845086336366249,,,,Sand,,,Sand 2,2,3.32,30.08,-1.7299999999999998,-28.49
-12.43,14.02,19.95,0.1,1.0,-0.2,-1.0,2.3,0.48882,761.0,14.016,19.95,199.5,1.4817508092956864,,,,Sand,,,Sand 2,2,3.32,30.08,-1.7299999999999998,-28.49
-12.45,14.04,19.92,0.103,1.0,-0.2,-1.0,2.4,0.49779,762.0,14.036,19.92,199.2,1.4871237801059183,,,,Sand,,,Sand 2,2,3.32,30.08,-1.7299999999999998,-28.49
-12.47,14.06,20.42,0.113,1.0,-0.2,-1.0,2.4,0.54116,763.0,14.056,20.42,204.2,1.5014328353713364,,,,Sand,,,Sand 2,2,3.32,30.08,-1.7299999999999998,-28.49
-12.49,14.08,20.99,0.114,1.2,-0.2,-1.2,2.3,0.54192,763.0,14.076,20.99,209.9,1.49260435731533,,,,Sand,,,Sand 2,2,3.32,30.08,-1.7299999999999998,-28.49
-12.51,14.1,21.69,0.118,1.2,0.0,-1.0,2.4,0.55884,764.0,14.096,21.69,216.9,1.490306169907414,,,,Sand,,,Sand 2,2,3.32,30.08,-1.7299999999999998,-28.49
-12.53,14.12,21.9,0.124,1.2,-0.2,-1.2,2.3,0.58646,765.0,14.116,21.9,219.0,1.5008369748596826,,,,Sand,,,Sand 2,2,3.32,30.08,-1.7299999999999998,-28.49
-12.55,14.14,21.9,0.128,1.2,-0.2,-1.2,2.4,0.60818,766.0,14.136,21.9,219.0,1.511283237630485,,,,Sand,,,Sand 2,2,3.32,30.08,-1.7299999999999998,-28.49
-12.57,14.16,21.52,0.128,1.2,0.0,-1.2,2.4,0.61468,767.0,14.156,21.52,215.2,1.5200331185750897,,,,Sand,,,Sand 2,2,3.32,30.08,-1.7299999999999998,-28.49
-12.59,14.18,20.58,0.137,1.2,-0.2,-1.2,2.4,0.66895,768.0,14.176,20.58,205.8,1.5589953532734118,,,,Sand,,,Sand 2,2,3.32,30.08,-1.7299999999999998,-28.49
-12.61,14.2,20.15,0.138,1.2,-0.2,-1.2,2.4,0.68931,768.0,14.196,20.15,201.5,1.5745336067871112,,,,Sand,,,Sand 2,2,3.32,30.08,-1.7299999999999998,-28.49
-12.63,14.22,19.64,0.138,1.2,-0.2,-1.2,2.3,0.70679,769.0,14.216,19.64,196.4,1.5900873936792979,,,,Sand,,,Sand 2,2,3.32,30.08,-1.7299999999999998,-28.49
-12.65,14.24,19.21,0.136,1.2,-0.2,-1.2,2.4,0.71461,770.0,14.236,19.21,192.1,1.6004192333457004,,,,Sand,,,Sand 2,2,3.32,30.08,-1.7299999999999998,-28.49
-12.67,14.26,18.94,0.132,1.2,-0.2,-1.2,2.4,0.70849,771.0,14.256,18.94,189.4,1.6024845731540724,,,,Sand,,,Sand 2,2,3.32,30.08,-1.7299999999999998,-28.49
-12.69,14.28,18.22,0.132,1.2,-0.2,-1.2,2.0,0.72339,772.0,14.276,18.22,182.2,1.6210546673561983,,,,Sand,,,Sand 2,2,3.32,30.08,-1.7299999999999998,-28.49
-12.71,14.3,17.94,0.128,1.4,-0.2,-1.4,2.1,0.71573,773.0,14.296,17.94,179.4,1.6230137858211848,,,,Sand,,,Sand 2,2,3.32,30.08,-1.7299999999999998,-28.49
-12.73,14.32,17.57,0.127,1.4,-0.2,-1.4,2.3,0.72226,774.0,14.316,17.57,175.7,1.632410499989778,,,,Sand,,,Sand 2,2,3.32,30.08,-1.7299999999999998,-28.49
-12.75,14.34,17.38,0.129,1.2,-0.2,-1.2,2.4,0.74566,774.0,14.336,17.38,173.8,1.645120987774709,,,,Sand,,,Sand 2,2,3.32,30.08,-1.7299999999999998,-28.49
-12.77,14.36,17.08,0.131,1.2,0.0,-1.2,2.4,0.76653,775.0,14.356,17.08,170.8,1.6587407690445541,,,,Sand,,,Sand 2,2,3.32,30.08,-1.7299999999999998,-28.49
-12.790000000000001,14.38,16.73,0.132,1.2,0.0,-1.0,2.1,0.78031,776.0,14.376,16.73,167.3,1.6706018773121962,,,,Sand,,,Sand 2,2,3.32,30.08,-1.7299999999999998,-28.49
-12.81,14.4,16.81,0.133,1.2,-0.2,-1.2,3.0,0.79167,777.0,14.396,16.81,168.1,1.6732461910901528,,,,Sand,,,Sand 2,2,3.32,30.08,-1.7299999999999998,-28.49
-12.83,14.42,16.67,0.134,1.2,-0.2,-1.0,2.7,0.80072,778.0,14.416,16.67,166.7,1.6792479200122699,,,,Sand,,,Sand 2,2,3.32,30.08,-1.7299999999999998,-28.49
-12.85,14.44,16.54,0.134,1.2,0.0,-1.0,2.4,0.80012,778.0,14.436,16.54,165.4,1.6815590442771358,,,,Sand,,,Sand 2,2,3.32,30.08,-1.7299999999999998,-28.49
-12.870000000000001,14.46,16.55,0.135,1.2,0.0,-1.2,2.3,0.80095,779.0,14.456,16.55,165.5,1.681664519841012,,,,Sand,,,Sand 2,2,3.32,30.08,-1.7299999999999998,-28.49
-12.89,14.48,16.64,0.136,1.2,-0.2,-1.2,2.4,0.79971,780.0,14.476,16.64,166.4,1.6794628560309175,,,,Sand,,,Sand 2,2,3.32,30.08,-1.7299999999999998,-28.49
-12.91,14.5,16.86,0.137,1.2,-0.2,-1.0,2.3,0.79599,781.0,14.496,16.86,168.6,1.673868864221713,,,,Sand,,,Sand 2,2,3.32,30.08,-1.7299999999999998,-28.49
-12.93,14.52,17.18,0.136,1.2,-0.2,-1.2,2.4,0.7782,782.0,14.516,17.18,171.8,1.6612319254447017,,,,Sand,,,Sand 2,2,3.32,30.08,-1.7299999999999998,-28.49
-12.95,14.54,17.59,0.137,1.2,-0.2,-1.2,2.4,0.76961,783.0,14.536,17.59,175.9,1.6503965070105664,,,,Sand,,,Sand 2,2,3.32,30.08,-1.7299999999999998,-28.49
-12.97,14.56,18.02,0.141,1.0,0.0,-1.0,2.3,0.77558,783.0,14.556,18.02,180.2,1.6448898542291028,,,,Sand,,,Sand 2,2,3.32,30.08,-1.7299999999999998,-28.49
-12.99,14.58,18.31,0.151,1.0,-0.2,-1.0,2.4,0.81292,784.0,14.576,18.31,183.1,1.6536654690266712,,,,Sand,,,Sand 2,2,3.32,30.08,-1.7299999999999998,-28.49
-13.01,14.6,18.66,0.151,1.0,-0.2,-1.0,2.4,0.79678,785.0,14.596,18.66,186.6,1.6417103149891707,,,,Sand,,,Sand 2,2,3.32,30.08,-1.7299999999999998,-28.49
-13.03,14.62,19.15,0.153,1.2,-0.2,-1.2,2.4,0.79264,786.0,14.616,19.15,191.5,1.6319540652932136,,,,Sand,,,Sand 2,2,3.32,30.08,-1.7299999999999998,-28.49
-13.05,14.64,19.67,0.154,1.2,0.0,-1.2,2.3,0.78521,787.0,14.636,19.67,196.7,1.620687991803755,,,,Sand,,,Sand 2,2,3.32,30.08,-1.7299999999999998,-28.49
-13.07,14.66,20.02,0.156,1.0,-0.2,-1.0,2.4,0.78377,788.0,14.656,20.02,200.2,1.6145874176798516,,,,Sand,,,Sand 2,2,3.32,30.08,-1.7299999999999998,-28.49
-13.09,14.68,20.19,0.159,1.0,-0.2,-1.0,2.4,0.7884,788.0,14.676,20.19,201.9,1.613700839348722,,,,Sand,,,Sand 2,2,3.32,30.08,-1.7299999999999998,-28.49
-13.11,14.7,20.4,0.163,1.0,-0.2,-1.0,2.4,0.79985,789.0,14.696,20.4,204.0,1.6148084560693434,,,,Sand,,,Sand 2,2,3.32,30.08,-1.7299999999999998,-28.49
-13.13,14.72,20.5,0.167,1.0,-0.2,-1.0,2.4,0.81339,790.0,14.716,20.5,205.0,1.6183663246424866,,,,Sand,,,Sand 2,2,3.32,30.08,-1.7299999999999998,-28.49
-13.15,14.74,20.64,0.171,1.0,0.0,-1.0,2.3,0.82699,791.0,14.736,20.64,206.4,1.6212965585218428,,,,Sand,,,Sand 2,2,3.32,30.08,-1.7299999999999998,-28.49
-13.17,14.76,20.77,0.172,1.0,0.0,-1.0,2.4,0.82385,792.0,14.756,20.77,207.7,1.6181945619668971,,,,Sand,,,Sand 2,2,3.32,30.08,-1.7299999999999998,-28.49
-13.19,14.78,20.84,0.174,1.2,-0.2,-1.2,2.2,0.82328,793.0,14.776,20.84,208.4,1.6169430244151868,,,,Sand,,,Sand 2,2,3.32,30.08,-1.7299999999999998,-28.49
-13.21,14.8,20.89,0.176,1.2,-0.2,-1.2,2.0,0.81889,794.0,14.796,20.89,208.9,1.614571701445119,,,,Sand,,,Sand 2,2,3.32,30.08,-1.7299999999999998,-28.49
-13.23,14.82,21.19,0.177,1.0,-0.2,-1.0,2.2,0.80817,794.0,14.816,21.19,211.9,1.6061440729534988,,,,Sand,,,Sand 2,2,3.32,30.08,-1.7299999999999998,-28.49
-13.25,14.84,21.79,0.181,1.0,0.0,-1.0,2.4,0.80889,795.0,14.836,21.79,217.9,1.597803600376894,,,,Sand,,,Sand 2,2,3.32,30.08,-1.7299999999999998,-28.49
-13.27,14.86,22.46,0.185,1.0,0.0,-1.0,2.4,0.80808,796.0,14.856,22.46,224.6,1.5882057400366938,,,,Sand,,,Sand 2,2,3.32,30.08,-1.7299999999999998,-28.49
-13.290000000000001,14.88,23.36,0.188,1.0,0.0,-1.0,2.3,0.80175,797.0,14.876,23.36,233.6,1.573793407848076,,,,Sand,,,Sand 2,2,3.32,30.08,-1.7299999999999998,-28.49
-13.31,14.9,23.91,0.19,1.0,-0.2,-1.0,2.1,0.79204,798.0,14.896,23.91,239.1,1.5629439046930027,,,,Sand,,,Sand 2,2,3.32,30.08,-1.7299999999999998,-28.49
-13.33,14.92,24.57,0.196,1.0,0.0,-1.0,2.9,0.80262,799.0,14.916,24.57,245.7,1.5588610315053586,,,,Sand,,,Sand 2,2,3.32,30.08,-1.7299999999999998,-28.49
-13.35,14.94,24.98,0.199,1.0,-0.2,-1.0,2.7,0.80432,799.0,14.936,24.98,249.8,1.5545572116197437,,,,Sand,,,Sand 2,2,3.32,30.08,-1.7299999999999998,-28.49
-13.370000000000001,14.96,25.33,0.204,1.0,0.0,-1.0,2.4,0.81862,800.0,14.956,25.33,253.3,1.5559593575176112,,,,Sand,,,Sand 2,2,3.32,30.08,-1.7299999999999998,-28.49
-13.39,14.98,25.51,0.206,1.0,-0.2,-1.0,2.4,0.82478,801.0,14.976,25.51,255.1,1.5562290880913372,,,,Sand,,,Sand 2,2,3.32,30.08,-1.7299999999999998,-28.49
-13.41,15.0,25.24,0.204,1.0,-0.2,-1.0,2.3,0.81829,802.0,14.996,25.24,252.4,1.5568917683535224,,,,Sand,,,Sand 2,2,3.32,30.08,-1.7299999999999998,-28.49
-13.43,15.02,25.03,0.2,1.0,0.0,-1.0,2.4,0.80532,803.0,15.016,25.03,250.3,1.5543491177110358,,,,Sand,,,Sand 2,2,3.32,30.08,-1.7299999999999998,-28.49
-13.45,15.04,24.79,0.197,1.2,-0.2,-1.2,2.4,0.79785,803.0,15.036,24.79,247.9,1.5543128001353823,,,,Sand,,,Sand 2,2,3.32,30.08,-1.7299999999999998,-28.49
-13.47,15.06,24.36,0.194,1.2,0.0,-1.2,2.4,0.79147,804.0,15.056,24.36,243.6,1.5570753815429372,,,,Sand,,,Sand 2,2,3.32,30.08,-1.7299999999999998,-28.49
-13.49,15.08,24.2,0.192,1.0,0.0,-1.0,2.4,0.78866,805.0,15.076,24.2,242.0,1.557960178166993,,,,Sand,,,Sand 2,2,3.32,30.08,-1.7299999999999998,-28.49
-13.51,15.1,24.22,0.191,1.0,0.0,-1.0,2.4,0.78979,806.0,15.096,24.22,242.2,1.5581559759234918,,,,Sand,,,Sand 2,2,3.32,30.08,-1.7299999999999998,-28.49
-13.53,15.12,24.18,0.185,1.0,0.0,-1.0,2.4,0.77023,807.0,15.116,24.18,241.8,1.55086620826482,,,,Sand,,,Sand 2,2,3.32,30.08,-1.7299999999999998,-28.49
-13.55,15.14,24.07,0.182,1.0,-0.2,-1.0,2.4,0.76366,808.0,15.136,24.07,240.7,1.5496040807927975,,,,Sand,,,Sand 2,2,3.32,30.08,-1.7299999999999998,-28.49
-13.57,15.16,23.91,0.181,1.2,-0.2,-1.2,2.3,0.76675,808.0,15.156,23.91,239.1,1.5528871580456785,,,,Sand,,,Sand 2,2,3.32,30.08,-1.7299999999999998,-28.49
-13.59,15.18,23.74,0.18,1.0,0.0,-1.0,2.4,0.77216,809.0,15.176,23.74,237.4,1.5572372744870349,,,,Sand,,,Sand 2,2,3.32,30.08,-1.7299999999999998,-28.49
-13.61,15.2,23.47,0.179,1.0,0.0,-1.0,2.4,0.77902,810.0,15.196,23.47,234.7,1.5634614715936481,,,,Sand,,,Sand 2,2,3.32,30.08,-1.7299999999999998,-28.49
-13.63,15.22,22.87,0.176,1.0,0.0,-1.0,2.4,0.77794,811.0,15.216,22.87,228.7,1.5709649569163997,,,,Sand,,,Sand 2,2,3.32,30.08,-1.7299999999999998,-28.49
-13.65,15.24,22.39,0.172,1.0,-0.2,-1.0,2.4,0.77147,812.0,15.236,22.39,223.9,1.5749394575605165,,,,Sand,,,Sand 2,2,3.32,30.08,-1.7299999999999998,-28.49
-13.67,15.26,21.86,0.168,1.2,-0.2,-1.2,2.4,0.76446,813.0,15.256,21.86,218.6,1.5795830165094469,,,,Sand,,,Sand 2,2,3.32,30.08,-1.7299999999999998,-28.49
-13.69,15.28,21.51,0.166,1.0,0.0,-1.0,2.4,0.7663,813.0,15.276,21.51,215.1,1.58533390866864,,,,Sand,,,Sand 2,2,3.32,30.08,-1.7299999999999998,-28.49
-13.71,15.3,21.24,0.162,1.0,0.0,-1.0,2.0,0.75714,814.0,15.296,21.24,212.4,1.5856494274548119,,,,Sand,,,Sand 2,2,3.32,30.08,-1.7299999999999998,-28.49
-13.73,15.32,21.28,0.158,1.0,0.0,-1.0,2.1,0.7466,815.0,15.316,21.28,212.8,1.5808447604657743,,,,Sand,,,Sand 2,2,3.32,30.08,-1.7299999999999998,-28.49
-13.75,15.34,21.19,0.156,1.0,0.0,-1.0,2.4,0.74312,816.0,15.336,21.19,211.9,1.5807738675370924,,,,Sand,,,Sand 2,2,3.32,30.08,-1.7299999999999998,-28.49
-13.77,15.36,20.96,0.155,1.0,0.0,-1.0,2.4,0.74385,817.0,15.356,20.96,209.6,1.584500647734363,,,,Sand,,,Sand 2,2,3.32,30.08,-1.7299999999999998,-28.49
-13.790000000000001,15.38,20.74,0.155,1.0,0.0,-1.0,2.4,0.74988,818.0,15.376,20.74,207.4,1.590238042644922,,,,Sand,,,Sand 2,2,3.32,30.08,-1.7299999999999998,-28.49
-13.81,15.4,20.52,0.156,1.2,-0.2,-1.2,2.1,0.76209,819.0,15.396,20.52,205.2,1.5984276891644453,,,,Sand,,,Sand 2,2,3.32,30.08,-1.7299999999999998,-28.49
-13.83,15.42,20.5,0.158,1.0,0.0,-1.0,2.5,0.77933,819.0,15.416,20.5,205.0,1.6054465352328133,,,,Sand,,,Sand 2,2,3.32,30.08,-1.7299999999999998,-28.49
-13.85,15.44,20.27,0.161,1.0,-0.2,-1.0,2.8,0.79965,820.0,15.436,20.27,202.7,1.6167292539975031,,,,Sand,,,Sand 2,2,3.32,30.08,-1.7299999999999998,-28.49
-13.870000000000001,15.46,19.9,0.163,1.0,0.0,-1.0,2.5,0.8118,821.0,15.456,19.9,199.0,1.627034193359777,,,,Sand,,,Sand 2,2,3.32,30.08,-1.7299999999999998,-28.49
-13.89,15.48,19.68,0.166,1.0,0.0,-1.0,2.3,0.82362,822.0,15.476,19.68,196.8,1.6348677422064035,,,,Sand,,,Sand 2,2,3.32,30.08,-1.7299999999999998,-28.49
-13.91,15.5,19.62,0.172,1.0,0.0,-1.0,2.4,0.84677,823.0,15.496,19.62,196.2,1.6442029058919032,,,,Sand,,,Sand 2,2,3.32,30.08,-1.7299999999999998,-28.49
-13.93,15.52,19.84,0.176,1.2,-0.2,-1.2,2.3,0.85235,823.0,15.516,19.84,198.4,1.6427355974745577,,,,Sand,,,Sand 2,2,3.32,30.08,-1.7299999999999998,-28.49
-13.95,15.54,20.3,0.179,1.0,0.0,-1.0,2.3,0.84215,824.0,15.536,20.3,203.0,1.6319719546842366,,,,Sand,,,Sand 2,2,3.32,30.08,-1.7299999999999998,-28.49
-13.97,15.56,21.13,0.186,1.0,0.0,-1.0,2.4,0.8423,825.0,15.556,21.13,211.3,1.6196756938774972,,,,Sand,,,Sand 2,2,3.32,30.08,-1.7299999999999998,-28.49
-13.99,15.58,21.76,0.178,1.0,-0.2,-1.0,2.4,0.77073,826.0,15.576,21.76,217.6,1.5834863462609148,,,,Sand,,,Sand 2,2,3.32,30.08,-1.7299999999999998,-28.49
-14.01,15.6,22.96,0.1787,1.0,0.0,-1.0,2.3,0.73396,827.0,15.596,22.96,229.6,1.5519754848034057,,,,Sand,,,Sand 2,2,3.32,30.08,-1.7299999999999998,-28.49
-14.03,15.62,24.75,0.1793,1.0,0.0,-1.0,2.4,0.70118,828.0,15.616,24.75,247.5,1.514821081468461,,,,Sand,,,Sand 2,2,3.32,30.08,-1.7299999999999998,-28.49
-14.05,15.64,26.3,0.18,1.0,0.0,-1.0,2.4,0.67647,828.0,15.636,26.3,263.0,1.4851312833183712,,,,Sand,,,Sand 2,2,3.32,30.08,-1.7299999999999998,-28.49
-14.07,15.66,27.72,0.21,1.0,0.0,-1.0,2.3,0.76364,829.0,15.656,27.72,277.2,1.5071553247136005,,,,Sand,,,Sand 2,2,3.32,30.08,-1.7299999999999998,-28.49
-14.09,15.68,29.86,0.214,1.2,-0.2,-1.2,2.4,0.76316,830.0,15.676,29.86,298.6,1.4851287685637646,,,,Sand,,,Sand 2,2,3.32,30.08,-1.7299999999999998,-28.49
-14.11,15.7,30.09,0.204,1.0,0.0,-1.0,2.4,0.72005,831.0,15.696,30.09,300.9,1.4642188523435482,,,,Sand,,,Sand 2,2,3.32,30.08,-1.7299999999999998,-28.49
-14.13,15.72,29.43,0.204,1.2,-0.2,-1.2,2.4,0.71831,832.0,15.716,29.43,294.3,1.4699892082360762,,,,Sand,,,Sand 2,2,3.32,30.08,-1.7299999999999998,-28.49
-14.15,15.74,28.89,0.213,1.0,0.0,-1.0,2.4,0.75622,833.0,15.736,28.89,288.9,1.4918506298570287,,,,Sand,,,Sand 2,2,3.32,30.08,-1.7299999999999998,-28.49
-14.17,15.76,27.29,0.217,1.0,-0.2,-1.0,2.3,0.7878,833.0,15.756,27.29,272.9,1.5216876554574503,,,,Sand,,,Sand 2,2,3.32,30.08,-1.7299999999999998,-28.49
-14.19,15.78,27.07,0.214,1.0,-0.2,-1.0,2.1,0.80169,834.0,15.776,27.07,270.7,1.5296473959412336,,,,Sand,,,Sand 2,2,3.32,30.08,-1.7299999999999998,-28.49
-14.21,15.8,26.85,0.22,1.0,-0.2,-1.0,2.1,0.85404,835.0,15.796,26.85,268.5,1.5523205415349457,,,,Sand,,,Sand 2,2,3.32,30.08,-1.7299999999999998,-28.49
-14.23,15.82,25.85,0.199,1.0,0.0,-1.0,2.2,0.80445,836.0,15.816,25.85,258.5,1.5443891410008144,,,,Sand,,,Sand 2,2,3.32,30.08,-1.7299999999999998,-28.49
-14.25,15.84,24.89,0.176,1.0,-0.2,-1.0,2.4,0.73779,837.0,15.836,24.89,248.9,1.528731573165007,,,,Sand,,,Sand 2,2,3.32,30.08,-1.7299999999999998,-28.49
-14.27,15.86,23.28,0.18,1.0,-0.2,-1.0,2.4,0.78744,838.0,15.856,23.28,232.8,1.5692635216236803,,,,Sand,,,Sand 2,2,3.32,30.08,-1.7299999999999998,-28.49
-14.290000000000001,15.88,21.96,0.167,1.0,-0.2,-1.0,2.3,0.76658,839.0,15.876,21.96,219.6,1.5790062767216095,,,,Sand,,,Sand 2,2,3.32,30.08,-1.7299999999999998,-28.49
-14.31,15.9,20.71,0.16,1.0,-0.2,-1.0,2.1,0.77039,840.0,15.896,20.71,207.1,1.5987835368931689,,,,Sand,,,Sand 2,2,3.32,30.08,-1.7299999999999998,-28.49
-14.33,15.92,20.23,0.1577,1.0,-0.2,-1.0,3.0,0.79366,840.0,15.916,20.23,202.3,1.615081106973007,,,,Sand,,,Sand 2,2,3.32,30.08,-1.7299999999999998,-28.49
-14.35,15.94,19.1,0.1553,1.0,0.0,-1.0,2.7,0.80222,841.0,15.936,19.1,191.0,1.6363610525887862,,,,Sand,,,Sand 2,2,3.32,30.08,-1.7299999999999998,-28.49
-14.370000000000001,15.96,18.26,0.153,1.0,0.0,-1.0,2.5,0.80089,842.0,15.956,18.26,182.6,1.650117080008781,,,,Sand,,,Sand 2,2,3.32,30.08,-1.7299999999999998,-28.49
-14.39,15.98,17.72,0.152,1.0,-0.2,-1.0,2.4,0.79023,843.0,15.976,17.72,177.2,1.6557547539666977,,,,Sand,,,Sand 2,2,3.32,30.08,-1.7299999999999998,-28.49
-14.41,16.0,17.7,0.151,1.0,-0.2,-1.0,2.3,0.77332,843.0,15.996,17.7,177.0,1.649790758748974,,,,Sand,,,Sand 2,2,3.32,30.08,-1.7299999999999998,-28.49
-14.43,16.02,19.19,0.15,1.0,-0.2,-1.0,2.3,0.75581,844.0,16.016,19.19,191.9,1.6171893301246667,,,,Sand,,,Sand 2,2,3.32,30.08,-1.7299999999999998,-28.49
-14.45,16.04,19.92,0.1463,1.0,-0.2,-1.0,2.4,0.72574,845.0,16.036,19.92,199.2,1.593314521293913,,,,Sand,,,Sand 2,2,3.32,30.08,-1.7299999999999998,-28.49
-14.469999999999999,16.06,21.76,0.1427,1.0,-0.2,-1.0,2.4,0.69682,846.0,16.056,21.76,217.6,1.553197287071474,,,,Sand,,,Sand 2,2,3.32,30.08,-1.7299999999999998,-28.49
-14.489999999999998,16.08,22.56,0.139,1.1,-0.4,-1.0,2.3,0.66976,847.0,16.076,22.56,225.6,1.5299929944014499,,,,Sand,,,Sand 2,2,3.32,30.08,-1.7299999999999998,-28.49
-14.510000000000002,16.1,21.66,0.143,1.1,-0.4,-1.0,2.4,0.68622,848.0,16.096,21.66,216.6,1.5501114805609983,,,,Sand,,,Sand 2,2,3.32,30.08,-1.7299999999999998,-28.49
-14.530000000000001,16.12,20.76,0.15,1.1,-0.2,-1.0,2.4,0.72089,848.0,16.116,20.76,207.6,1.5781908528802346,,,,Sand,,,Sand 2,2,3.32,30.08,-1.7299999999999998,-28.49
-14.55,16.14,20.28,0.155,1.1,-0.2,-1.0,2.4,0.75485,849.0,16.136,20.28,202.8,1.5992838956246063,,,,Sand,,,Sand 2,2,3.32,30.08,-1.7299999999999998,-28.49
-14.57,16.16,19.9,0.153,1.1,-0.4,-1.0,2.4,0.75916,850.0,16.156,19.9,199.0,1.606959403784925,,,,Sand,,,Sand 2,2,3.32,30.08,-1.7299999999999998,-28.49
-14.59,16.18,19.87,0.1507,1.0,-0.2,-1.0,2.3,0.75795,851.0,16.176,19.87,198.7,1.6069628477011073,,,,Sand,,,Sand 2,2,3.32,30.08,-1.7299999999999998,-28.49
-14.61,16.2,19.67,0.1483,1.0,-0.2,-1.0,2.4,0.75255,852.0,16.196,19.67,196.7,1.6080503660203136,,,,Sand,,,Sand 2,2,3.32,30.08,-1.7299999999999998,-28.49
-14.629999999999999,16.22,19.57,0.146,1.0,-0.2,-1.0,2.4,0.74614,853.0,16.216,19.57,195.7,1.6071416988317544,,,,Sand,,,Sand 2,2,3.32,30.08,-1.7299999999999998,-28.49
-14.649999999999999,16.24,19.52,0.14,1.1,-0.4,-1.0,2.4,0.71961,853.0,16.236,19.52,195.2,1.5973121883802588,,,,Sand,,,Sand 2,2,3.32,30.08,-1.7299999999999998,-28.49
-14.670000000000002,16.26,19.49,0.141,1.1,-0.2,-0.8,2.4,0.72958,854.0,16.256,19.49,194.9,1.6018398938283067,,,,Sand,,,Sand 2,2,3.32,30.08,-1.7299999999999998,-28.49
-14.690000000000001,16.28,19.35,0.14,1.1,-0.6,-1.0,2.3,0.72983,855.0,16.276,19.35,193.5,1.604248485757813,,,,Sand,,,Sand 2,2,3.32,30.08,-1.7299999999999998,-28.49
-14.71,16.3,19.17,0.14,1.1,-0.4,-1.0,2.0,0.73747,856.0,16.296,19.17,191.7,1.6102962570127963,,,,Sand,,,Sand 2,2,3.32,30.08,-1.7299999999999998,-28.49
-14.73,16.32,19.0,0.138,1.1,-0.4,-0.8,2.2,0.73762,857.0,16.316,19.0,190.0,1.613210442290109,,,,Sand,,,Sand 2,2,3.32,30.08,-1.7299999999999998,-28.49
-14.75,16.34,18.84,0.139,1.1,-0.6,-1.0,2.4,0.75605,858.0,16.336,18.84,188.4,1.6231589260576602,,,,Sand,,,Sand 2,2,3.32,30.08,-1.7299999999999998,-28.49
-14.77,16.36,18.52,0.135,1.1,-0.4,-1.0,2.3,0.74964,859.0,16.356,18.52,185.2,1.6261518243639361,,,,Sand,,,Sand 2,2,3.32,30.08,-1.7299999999999998,-28.49
-14.79,16.38,17.98,0.134,1.1,-0.4,-1.0,2.4,0.76283,860.0,16.376,17.98,179.8,1.6407568617520831,,,,Sand,,,Sand 2,2,3.32,30.08,-1.7299999999999998,-28.49
-14.809999999999999,16.4,17.32,0.13,1.1,-0.4,-1.0,2.1,0.76046,860.0,16.396,17.32,173.2,1.6519211509584995,,,,Sand,,,Sand 2,2,3.32,30.08,-1.7299999999999998,-28.49
-14.830000000000002,16.42,16.9,0.126,0.9,-0.4,-0.8,2.8,0.75847,861.0,16.416,16.9,169.0,1.6591292714131372,,,,Sand,,,Sand 2,2,3.32,30.08,-1.7299999999999998,-28.49
-14.850000000000001,16.44,16.34,0.12,0.9,-0.4,-0.8,2.8,0.74344,862.0,16.436,16.34,163.4,1.6644017157119577,,,,Sand,,,Sand 2,2,3.32,30.08,-1.7299999999999998,-28.49
-14.870000000000001,16.46,15.63,0.117,0.8,-0.2,-0.8,2.5,0.74404,863.0,16.456,15.63,156.3,1.6792448115756324,,,,Sand,,,Sand 2,2,3.32,30.08,-1.7299999999999998,-28.49
-14.89,16.48,15.23,0.114,0.9,-0.4,-0.8,2.3,0.74122,863.0,16.476,15.23,152.3,1.6867502136552648,,,,Sand,,,Sand 2,2,3.32,30.08,-1.7299999999999998,-28.49
-14.91,16.5,14.98,0.109,1.1,-0.4,-1.0,2.4,0.72419,864.0,16.496,14.98,149.8,1.6857583272719463,,,,Sand,,,Sand 2,2,3.32,30.08,-1.7299999999999998,-28.49
-14.93,16.52,14.75,0.105,1.1,-0.4,-1.0,2.3,0.71168,865.0,16.516,14.75,147.5,1.6861010692019527,,,,Sand,,,Sand 2,2,3.32,30.08,-1.7299999999999998,-28.49
-14.95,16.54,14.65,0.103,1.1,-0.4,-0.8,2.4,0.70979,866.0,16.536,14.65,146.5,1.6876488714587785,,,,Sand,,,Sand 2,2,3.32,30.08,-1.7299999999999998,-28.49
-14.969999999999999,16.56,14.56,0.102,1.1,-0.6,-1.0,2.4,0.71416,867.0,16.556,14.56,145.6,1.691408884455871,,,,Sand,,,Sand 2,2,3.32,30.08,-1.7299999999999998,-28.49
-14.989999999999998,16.58,14.27,0.101,1.1,-0.4,-0.8,2.4,0.71963,868.0,16.576,14.27,142.7,1.7002660498884319,,,,Sand,,,Sand 2,2,3.32,30.08,-1.7299999999999998,-28.49
-15.010000000000002,16.6,13.96,0.1,1.1,-0.6,-1.0,2.3,0.72569,868.0,16.596,13.96,139.6,1.709956630486447,,,,Sand,,,Sand 2,2,3.32,30.08,-1.7299999999999998,-28.49
-15.030000000000001,16.62,13.69,0.1,1.1,-0.4,-1.0,2.4,0.74115,869.0,16.616,13.69,136.9,1.7223167821814909,,,,Sand,,,Sand 2,2,3.32,30.08,-1.7299999999999998,-28.49
-15.05,16.64,13.4,0.099,1.1,-0.4,-1.0,2.4,0.75135,870.0,16.636,13.4,134.0,1.733273737399982,,,,Sand,,,Sand 2,2,3.32,30.08,-1.7299999999999998,-28.49
-15.07,16.66,13.0,0.098,1.1333,-0.2,-0.8,2.3,0.76146,871.0,16.656,13.0,130.0,1.7471450862932334,,,,Sand,,,Sand 2,2,3.32,30.08,-1.7299999999999998,-28.49
-15.09,16.68,12.71,0.095,1.1667,-0.4,-0.8,2.4,0.75547,872.0,16.676,12.71,127.1,1.7526093249800343,,,,Sand,,,Sand 2,2,3.32,30.08,-1.7299999999999998,-28.49
-15.11,16.7,12.35,0.091,1.2,-0.4,-1.2,2.4,0.74059,873.0,16.696,12.35,123.5,1.7569808914763485,,,,Sand,,,Sand 2,2,3.32,30.08,-1.7299999999999998,-28.49
-15.129999999999999,16.72,12.03,0.09,1.1667,-0.2,-0.8,2.4,0.75008,873.0,16.716,12.03,120.3,1.7693564510115651,,,,Sand,,,Sand 2,2,3.32,30.08,-1.7299999999999998,-28.49
-15.149999999999999,16.74,11.82,0.088,1.1333,-0.4,-1.0,2.4,0.74878,874.0,16.736,11.82,118.2,1.7749053806708852,,,,Sand,,,Sand 2,2,3.32,30.08,-1.7299999999999998,-28.49
-15.170000000000002,16.76,11.6,0.088,1.1,-0.4,-1.0,2.4,0.76182,875.0,16.756,11.6,116.0,1.785952683937484,,,,Sand,,,Sand 2,2,3.32,30.08,-1.7299999999999998,-28.49
-15.190000000000001,16.78,11.39,0.089,1.1,-0.4,-0.8,2.4,0.77891,876.0,16.776,11.39,113.9,1.7981432521302065,,,,Sand,,,Sand 2,2,3.32,30.08,-1.7299999999999998,-28.49
-15.21,16.8,11.09,0.09,1.1,-0.2,-0.8,2.2,0.79164,877.0,16.796,11.09,110.9,1.811608230613422,,,,Sand,,,Sand 2,2,3.32,30.08,-1.7299999999999998,-28.49
-15.23,16.82,11.03,0.089,1.1,-0.6,-1.0,2.0,0.78345,878.0,16.816,11.03,110.3,1.810679930455301,,,,Sand,,,Sand 2,2,3.32,30.08,-1.7299999999999998,-28.49
-15.25,16.84,11.1,0.088,0.8,-0.2,-0.8,2.3,0.77058,879.0,16.836,11.1,111.0,1.804092599818115,,,,Sand,,,Sand 2,2,3.32,30.08,-1.7299999999999998,-28.49
-15.27,16.86,11.35,0.087,0.9,-0.4,-0.8,2.4,0.75325,879.0,16.856,11.35,113.5,1.7903944228888087,,,,Sand,,,Sand 2,2,3.32,30.08,-1.7299999999999998,-28.49
-15.29,16.88,11.57,0.09,0.8,-0.2,-0.8,2.3,0.76555,880.0,16.875,11.57,115.7,1.788146711554964,,,,Sand,,,Sand 2,2,3.32,30.08,-1.7299999999999998,-28.49
-15.309999999999999,16.9,11.75,0.092,1.1,-0.6,-1.0,2.5,0.76835,881.0,16.895,11.75,117.5,1.7838595485112294,,,,Sand,,,Sand 2,2,3.32,30.08,-1.7299999999999998,-28.49
-15.330000000000002,16.92,12.08,0.093,1.1,-0.2,-0.8,2.7,0.76417,882.0,16.915,12.08,120.8,1.772959767105427,,,,Sand,,,Sand 2,2,3.32,30.08,-1.7299999999999998,-28.49
-15.350000000000001,16.94,12.43,0.094,1.1,-0.6,-0.8,2.4,0.76245,883.0,16.935,12.43,124.3,1.7626541286822615,,,,Sand,,,Sand 2,2,3.32,30.08,-1.7299999999999998,-28.49
-15.370000000000001,16.96,12.74,0.094,1.1,-0.6,-1.0,2.4,0.75411,883.0,16.955,12.74,127.4,1.7513210473024254,,,,Sand,,,Sand 2,2,3.32,30.08,-1.7299999999999998,-28.49
-15.39,16.98,12.77,0.095,1.1,-0.4,-1.0,2.3,0.75629,884.0,16.975,12.77,127.7,1.7513113306073769,,,,Sand,,,Sand 2,2,3.32,30.08,-1.7299999999999998,-28.49
-15.41,17.0,12.67,0.1,1.0667,-0.2,-0.8,2.4,0.79365,885.0,16.995,12.67,126.7,1.767164092140806,,,,Sand,,,Sand 2,2,3.32,30.08,-1.7299999999999998,-28.49
-15.43,17.02,12.62,0.103,1.0333,-0.4,-1.0,2.3,0.81933,886.0,17.015,12.62,126.2,1.7772809204566444,,,,Sand,,,Sand 2,2,3.32,30.08,-1.7299999999999998,-28.49
-15.45,17.04,12.66,0.104,1.0,-0.6,-0.8,2.4,0.83192,887.0,17.035,12.66,126.6,1.780455993463793,,,,Sand,,,Sand 2,2,3.32,30.08,-1.7299999999999998,-28.49
-15.469999999999999,17.06,12.52,0.104,0.8,-0.2,-0.8,2.4,0.83584,888.0,17.055,12.52,125.2,1.7854733742059574,,,,Sand,,,Sand 2,2,3.32,30.08,-1.7299999999999998,-28.49
-15.489999999999998,17.08,12.39,0.103,0.8,-0.2,-0.8,2.3,0.82872,889.0,17.075,12.39,123.9,1.7865903257605247,,,,Sand,,,Sand 2,2,3.32,30.08,-1.7299999999999998,-28.49
-15.510000000000002,17.1,12.2,0.105,0.8,-0.2,-0.8,2.3,0.84202,889.0,17.095,12.2,122.0,1.7961691274806106,,,,Sand,,,Sand 2,2,3.32,30.08,-1.7299999999999998,-28.49
-15.530000000000001,17.12,12.18,0.105,0.9,-0.4,-0.8,2.4,0.8369,890.0,17.115,12.18,121.8,1.795030727615114,,,,Sand,,,Sand 2,2,3.32,30.08,-1.7299999999999998,-28.49
-15.55,17.14,12.3,0.105,0.8,-0.2,-0.8,2.3,0.8284,891.0,17.135,12.3,123.0,1.7889249297883787,,,,Sand,,,Sand 2,2,3.32,30.08,-1.7299999999999998,-28.49
-15.57,17.16,12.56,0.105,1.1,-0.4,-1.0,2.4,0.81808,892.0,17.155,12.56,125.6,1.7784531699186423,,,,Sand,,,Sand 2,2,3.32,30.08,-1.7299999999999998,-28.49
-15.59,17.18,12.95,0.106,0.9,-0.4,-0.8,2.3,0.81444,893.0,17.175,12.95,129.5,1.7669956635596673,,,,Sand,,,Sand 2,2,3.32,30.08,-1.7299999999999998,-28.49
-15.61,17.2,13.27,0.108,0.9,-0.4,-0.8,2.4,0.8188,893.0,17.195,13.27,132.7,1.7603547238870487,,,,Sand,,,Sand 2,2,3.32,30.08,-1.7299999999999998,-28.49
-15.629999999999999,17.22,13.55,0.111,0.9,-0.4,-0.8,2.3,0.83208,894.0,17.215,13.55,135.5,1.7579484824742564,,,,Sand,,,Sand 2,2,3.32,30.08,-1.7299999999999998,-28.49
-15.649999999999999,17.24,13.67,0.113,0.8,-0.2,-0.8,2.4,0.83984,895.0,17.235,13.67,136.7,1.7576573654051157,,,,Sand,,,Sand 2,2,3.32,30.08,-1.7299999999999998,-28.49
-15.670000000000002,17.26,13.64,0.116,1.1,-0.4,-1.0,2.3,0.85791,896.0,17.255,13.64,136.4,1.7644116556022502,,,,Sand,,,Sand 2,2,3.32,30.08,-1.7299999999999998,-28.49
-15.690000000000001,17.28,13.58,0.118,1.1,-0.4,-1.0,2.4,0.87141,897.0,17.275,13.58,135.8,1.7702975360777904,,,,Sand,,,Sand 2,2,3.32,30.08,-1.7299999999999998,-28.49
-15.71,17.3,13.5,0.117,1.1,-0.4,-0.8,2.0,0.86578,898.0,17.295,13.5,135.0,1.7703948279017288,,,,Sand,,,Sand 2,2,3.32,30.08,-1.7299999999999998,-28.49
-15.73,17.32,13.48,0.117,1.1,-0.4,-0.8,2.2,0.86892,899.0,17.315,13.48,134.8,1.771910084309971,,,,Sand,,,Sand 2,2,3.32,30.08,-1.7299999999999998,-28.49
-15.75,17.34,13.48,0.118,1.1,-0.4,-1.0,2.3,0.88027,900.0,17.335,13.48,134.8,1.775601695847942,,,,Sand,,,Sand 2,2,3.32,30.08,-1.7299999999999998,-28.49
-15.77,17.36,13.43,0.119,1.1,-0.6,-1.0,2.4,0.89222,900.0,17.355,13.43,134.3,1.7806640848980428,,,,Sand,,,Sand 2,2,3.32,30.08,-1.7299999999999998,-28.49
-15.79,17.38,13.33,0.118,1.0,-0.6,-0.8,2.3,0.88931,901.0,17.375,13.33,133.3,1.7821804776378118,,,,Sand,,,Sand 2,2,3.32,30.08,-1.7299999999999998,-28.49
-15.809999999999999,17.4,13.28,0.117,0.9,-0.4,-0.8,2.5,0.88645,902.0,17.395,13.28,132.8,1.7824959633753967,,,,Sand,,,Sand 2,2,3.32,30.08,-1.7299999999999998,-28.49
-15.830000000000002,17.42,13.16,0.116,0.8,-0.2,-0.8,2.9,0.88255,903.0,17.415,13.16,131.6,1.7842247092705392,,,,Sand,,,Sand 2,2,3.32,30.08,-1.7299999999999998,-28.49
-15.850000000000001,17.44,13.04,0.116,0.8,-0.2,-0.8,2.6,0.88431,903.0,17.435,13.04,130.4,1.7878028269777433,,,,Sand,,,Sand 2,2,3.32,30.08,-1.7299999999999998,-28.49
-15.870000000000001,17.46,12.95,0.115,1.1,-0.4,-1.0,2.3,0.87619,904.0,17.455,12.95,129.5,1.7874748028676868,,,,Sand,,,Sand 2,2,3.32,30.08,-1.7299999999999998,-28.49
-15.89,17.48,12.92,0.115,0.9,-0.4,-0.8,2.4,0.87353,905.0,17.475,12.92,129.2,1.787381812315301,,,,Sand,,,Sand 2,2,3.32,30.08,-1.7299999999999998,-28.49
-15.91,17.5,13.04,0.115,0.9,-0.4,-0.8,2.3,0.86907,906.0,17.495,13.04,130.4,1.7828855088143745,,,,Sand,,,Sand 2,2,3.32,30.08,-1.7299999999999998,-28.49
-15.93,17.52,13.22,0.116,0.9,-0.4,-0.8,2.3,0.87063,907.0,17.515,13.22,132.2,1.7788734165248754,,,,Sand,,,Sand 2,2,3.32,30.08,-1.7299999999999998,-28.49
-15.95,17.54,13.39,0.118,0.9,-0.4,-0.8,2.4,0.87855,908.0,17.535,13.39,133.9,1.7772424835798462,,,,Sand,,,Sand 2,2,3.32,30.08,-1.7299999999999998,-28.49
-15.969999999999999,17.56,13.6,0.12,0.9,-0.4,-0.8,2.3,0.88594,908.0,17.555,13.6,136.0,1.7745312263947255,,,,Sand,,,Sand 2,2,3.32,30.08,-1.7299999999999998,-28.49
-15.989999999999998,17.58,13.7,0.123,0.9,-0.4,-0.8,2.4,0.90159,909.0,17.575,13.7,137.0,1.7771551419095426,,,,Sand,,,Sand 2,2,3.32,30.08,-1.7299999999999998,-28.49
-16.01,17.6,13.77,0.126,0.8,-0.2,-0.8,2.4,0.91795,910.0,17.595,13.77,137.7,1.7806733850085938,,,,Sand,,,Sand 2,2,3.32,30.08,-1.7299999999999998,-28.49
-16.03,17.62,13.81,0.126,1.1,-0.4,-1.0,2.3,0.91329,911.0,17.615,13.81,138.1,1.7782636926713336,,,,Sand,,,Sand 2,2,3.32,30.08,-1.7299999999999998,-28.49
-16.05,17.64,13.83,0.128,1.0667,-0.2,-0.8,2.4,0.92444,912.0,17.635,13.83,138.3,1.781297851716047,,,,Sand,,,Sand 2,2,3.32,30.08,-1.7299999999999998,-28.49
-16.07,17.66,13.82,0.13,1.0333,-0.4,-0.8,2.4,0.93635,913.0,17.655,13.82,138.2,1.7852377666207673,,,,Sand,,,Sand 2,2,3.32,30.08,-1.7299999999999998,-28.49
-16.09,17.68,13.89,0.13,1.0,-0.6,-0.8,2.3,0.93466,913.0,17.675,13.89,138.9,1.7830803288481751,,,,Sand,,,Sand 2,2,3.32,30.08,-1.7299999999999998,-28.49
-16.11,17.7,13.95,0.13,0.8,-0.2,-0.8,2.4,0.93416,914.0,17.695,13.95,139.5,1.7815320161411627,,,,Sand,,,Sand 2,2,3.32,30.08,-1.7299999999999998,-28.49
-16.13,17.72,14.0,0.132,0.9,-0.4,-0.8,2.3,0.94955,915.0,17.715,14.0,140.0,1.7851291131213147,,,,Sand,,,Sand 2,2,3.32,30.08,-1.7299999999999998,-28.49
-16.15,17.74,14.0,0.13,1.0,-0.2,-1.0,2.4,0.93719,916.0,17.735,14.0,140.0,1.7813169610012884,,,,Sand,,,Sand 2,2,3.32,30.08,-1.7299999999999998,-28.49
-16.17,17.76,13.97,0.131,0.9,-0.4,-0.8,2.4,0.94713,917.0,17.755,13.97,139.7,1.7850771626112614,,,,Sand,,,Sand 2,2,3.32,30.08,-1.7299999999999998,-28.49
-16.19,17.78,13.87,0.131,0.8,-0.2,-0.8,2.4,0.94936,918.0,17.775,13.87,138.7,1.7880776705211858,,,,Sand,,,Sand 2,2,3.32,30.08,-1.7299999999999998,-28.49
-16.21,17.8,13.71,0.13,0.9,-0.4,-0.8,2.2,0.94365,918.0,17.795,13.71,137.1,1.7900732776652875,,,,Sand,,,Sand 2,2,3.32,30.08,-1.7299999999999998,-28.49
-16.23,17.82,13.58,0.129,0.9,-0.4,-0.8,2.0,0.93622,919.0,17.815,13.58,135.8,1.7908708385554752,,,,Sand,,,Sand 2,2,3.32,30.08,-1.7299999999999998,-28.49
-16.25,17.84,13.57,0.128,1.1,-0.4,-1.0,2.3,0.92544,920.0,17.835,13.57,135.7,1.7877681265653798,,,,Sand,,,Sand 2,2,3.32,30.08,-1.7299999999999998,-28.49
-16.27,17.86,13.69,0.125,0.8,-0.2,-0.8,2.4,0.90017,921.0,17.855,13.69,136.9,1.7769405946386112,,,,Sand,,,Sand 2,2,3.32,30.08,-1.7299999999999998,-28.49
-16.29,17.88,13.82,0.124,0.8,-0.2,-0.8,2.3,0.89024,922.0,17.875,13.82,138.2,1.7706766305218877,,,,Sand,,,Sand 2,2,3.32,30.08,-1.7299999999999998,-28.49
-16.31,17.9,14.02,0.122,0.8,-0.2,-0.8,2.1,0.87314,923.0,17.895,14.02,140.2,1.7604293811778882,,,,Sand,,,Sand 2,2,3.32,30.08,-1.7299999999999998,-28.49
-16.330000000000002,17.92,14.39,0.122,1.0,-0.2,-1.0,2.7,0.87166,924.0,17.915,14.39,143.9,1.7514536568578312,,,,Sand,,,Sand 2,2,3.32,30.08,-1.7299999999999998,-28.49
-16.35,17.94,14.31,0.123,0.9,-0.4,-0.8,2.7,0.87865,924.0,17.935,14.31,143.1,1.7555656218304077,,,,Sand,,,Sand 2,2,3.32,30.08,-1.7299999999999998,-28.49
-16.37,17.96,14.05,0.125,0.8,-0.2,-0.8,2.4,0.89342,925.0,17.955,14.05,140.5,1.7663270610062538,,,,Sand,,,Sand 2,2,3.32,30.08,-1.7299999999999998,-28.49
-16.39,17.98,13.93,0.124,0.9,-0.4,-0.8,2.3,0.88674,926.0,17.975,13.93,139.3,1.7669617536332207,,,,Sand,,,Sand 2,2,3.32,30.08,-1.7299999999999998,-28.49
-16.41,18.0,13.76,0.126,0.9,-0.4,-0.8,2.3,0.9029,927.0,17.995,13.76,137.6,1.7761490557700592,,,,Sand,,,Sand 2,2,3.32,30.08,-1.7299999999999998,-28.49
-16.43,18.02,13.71,0.127,0.9,-0.4,-0.8,2.4,0.91015,928.0,18.015,13.71,137.1,1.779633824985168,,,,Sand,,,Sand 2,2,3.32,30.08,-1.7299999999999998,-28.49
-16.45,18.04,13.76,0.129,1.1,-0.4,-1.0,2.3,0.92217,928.0,18.035,13.76,137.6,1.7822328567767185,,,,Sand,,,Sand 2,2,3.32,30.08,-1.7299999999999998,-28.49
-16.47,18.06,13.96,0.129,1.0,-0.6,-0.8,2.3,0.91864,929.0,18.055,13.96,139.6,1.7764463341721624,,,,Sand,,,Sand 2,2,3.32,30.08,-1.7299999999999998,-28.49
-16.49,18.08,14.16,0.128,0.8,-0.2,-0.8,2.3,0.90611,930.0,18.075,14.16,141.6,1.7678656815604936,,,,Sand,,,Sand 2,2,3.32,30.08,-1.7299999999999998,-28.49
-16.51,18.1,14.3,0.129,0.8,-0.2,-0.8,2.4,0.90654,931.0,18.095,14.3,143.0,1.7648176719535056,,,,Sand,,,Sand 2,2,3.32,30.08,-1.7299999999999998,-28.49
-16.53,18.12,14.33,0.13,0.8,-0.2,-0.8,2.4,0.90451,932.0,18.115,14.33,143.3,1.76349014616175,,,,Sand,,,Sand 2,2,3.32,30.08,-1.7299999999999998,-28.49
-16.55,18.14,14.36,0.131,0.8,-0.2,-0.8,2.4,0.90112,933.0,18.135,14.36,143.6,1.7617257702504348,,,,Sand,,,Sand 2,2,3.32,30.08,-1.7299999999999998,-28.49
-16.57,18.16,14.43,0.132,0.8,-0.2,-0.8,2.4,0.8975,933.0,18.155,14.43,144.3,1.7589862389176754,,,,Sand,,,Sand 2,2,3.32,30.08,-1.7299999999999998,-28.49
-16.59,18.18,14.54,0.133,0.8,-0.2,-0.8,2.3,0.89239,934.0,18.175,14.54,145.4,1.754874959951422,,,,Sand,,,Sand 2,2,3.32,30.08,-1.7299999999999998,-28.49
-16.61,18.2,14.9,0.134,0.9,-0.4,-0.8,2.4,0.88515,935.0,18.195,14.9,149.0,1.744607187283885,,,,Sand,,,Sand 2,2,3.32,30.08,-1.7299999999999998,-28.49
-16.63,18.22,15.28,0.136,1.0,-0.2,-1.0,2.4,0.8834,936.0,18.215,15.28,152.8,1.735915268048521,,,,Sand,,,Sand 2,2,3.32,30.08,-1.7299999999999998,-28.49
-16.65,18.24,15.52,0.138,0.8,-0.2,-0.8,2.3,0.88094,937.0,18.235,15.52,155.2,1.7300918911098933,,,,Sand,,,Sand 2,2,3.32,30.08,-1.7299999999999998,-28.49
-16.67,18.26,15.87,0.141,1.1,-0.4,-1.0,2.4,0.88436,938.0,18.255,15.87,158.7,1.7240818933255404,,,,Sand,,,Sand 2,2,3.32,30.08,-1.7299999999999998,-28.49
-16.69,18.28,16.21,0.144,0.8,-0.2,-0.8,2.4,0.88999,938.0,18.275,16.21,162.1,1.719188304022888,,,,Sand,,,Sand 2,2,3.32,30.08,-1.7299999999999998,-28.49
-16.71,18.3,16.41,0.146,1.0,-0.2,-1.0,2.4,0.89222,939.0,18.295,16.41,164.1,1.7160294487033936,,,,Sand,,,Sand 2,2,3.32,30.08,-1.7299999999999998,-28.49
-16.73,18.32,16.59,0.15,0.8,-0.2,-0.8,2.1,0.90827,940.0,18.315,16.59,165.9,1.7178691956866488,,,,Sand,,,Sand 2,2,3.32,30.08,-1.7299999999999998,-28.49
-16.75,18.34,16.77,0.148,1.1,-0.4,-1.0,2.1,0.88962,941.0,18.335,16.77,167.7,1.7082819274604315,,,,Sand,,,Sand 2,2,3.32,30.08,-1.7299999999999998,-28.49
-16.77,18.36,16.79,0.15,0.8,-0.2,-0.8,2.4,0.89572,942.0,18.355,16.79,167.9,1.7099376021033956,,,,Sand,,,Sand 2,2,3.32,30.08,-1.7299999999999998,-28.49
-16.79,18.38,16.75,0.15,0.9,-0.4,-0.8,2.4,0.89093,943.0,18.375,16.75,167.5,1.709097159045873,,,,Sand,,,Sand 2,2,3.32,30.08,-1.7299999999999998,-28.49
-16.81,18.4,16.73,0.149,0.8,-0.2,-0.8,2.3,0.8827,944.0,18.395,16.73,167.3,1.7067198408996636,,,,Sand,,,Sand 2,2,3.32,30.08,-1.7299999999999998,-28.49
-16.830000000000002,18.42,16.84,0.15,1.1,-0.4,-1.0,2.1,0.88856,945.0,18.415,16.84,168.4,1.7066088434360376,,,,Sand,,,Sand 2,2,3.32,30.08,-1.7299999999999998,-28.49
-16.85,18.44,17.09,0.15,1.0667,-0.2,-0.8,2.9,0.88942,945.0,18.435,17.09,170.9,1.7022391506412335,,,,Sand,,,Sand 2,2,3.32,30.08,-1.7299999999999998,-28.49
-16.87,18.46,17.13,0.15,1.0333,-0.2,-0.8,2.7,0.88955,946.0,18.455,17.13,171.3,1.7015449443705504,,,,Sand,,,Sand 2,2,3.32,30.08,-1.7299999999999998,-28.49
-16.89,18.48,16.94,0.15,1.0,-0.2,-1.0,2.4,0.88803,947.0,18.475,16.94,169.4,1.7045583235033452,,,,Sand,,,Sand 2,2,3.32,30.08,-1.7299999999999998,-28.49
-16.91,18.5,16.78,0.15,1.0,-0.2,-1.0,2.4,0.88515,948.0,18.495,16.78,167.8,1.706596453501363,,,,Sand,,,Sand 2,2,3.32,30.08,-1.7299999999999998,-28.49
-16.93,18.52,16.66,0.149,0.8,-0.2,-0.8,2.3,0.87531,948.0,18.515,16.66,166.6,1.7055601929416728,,,,Sand,,,Sand 2,2,3.32,30.08,-1.7299999999999998,-28.49
-16.95,18.54,16.73,0.149,0.8,0.0,-0.8,2.3,0.86982,949.0,18.535,16.73,167.3,1.7023656710441935,,,,Sand,,,Sand 2,2,3.32,30.08,-1.7299999999999998,-28.49
-16.97,18.56,16.96,0.148,0.9,-0.4,-0.8,2.4,0.85617,950.0,18.555,16.96,169.6,1.69334544457619,,,,Sand,,,Sand 2,2,3.32,30.08,-1.7299999999999998,-28.49
-16.99,18.58,17.28,0.149,1.1,-0.4,-1.0,2.3,0.85167,951.0,18.575,17.28,172.8,1.6858447778314125,,,,Sand,,,Sand 2,2,3.32,30.08,-1.7299999999999998,-28.49
-17.01,18.6,17.7,0.149,1.1,-0.2,-0.8,2.4,0.84003,952.0,18.595,17.7,177.0,1.6741445333574263,,,,Sand,,,Sand 2,2,3.32,30.08,-1.7299999999999998,-28.49
-17.03,18.62,17.99,0.152,1.1,-0.4,-1.0,2.3,0.84562,953.0,18.615,17.99,179.9,1.670975858346451,,,,Sand,,,Sand 2,2,3.32,30.08,-1.7299999999999998,-28.49
-17.05,18.64,18.19,0.153,1.1,-0.2,-0.8,2.4,0.84141,954.0,18.635,18.19,181.9,1.6659974366213182,,,,Sand,,,Sand 2,2,3.32,30.08,-1.7299999999999998,-28.49
-17.07,18.66,18.45,0.156,1.1,-0.2,-0.8,2.4,0.8495,954.0,18.655,18.45,184.5,1.6643921476504069,,,,Sand,,,Sand 2,2,3.32,30.08,-1.7299999999999998,-28.49
-17.09,18.68,18.6,0.158,1.1,-0.6,-1.0,2.4,0.85411,955.0,18.675,18.6,186.0,1.6634762451029592,,,,Sand,,,Sand 2,2,3.32,30.08,-1.7299999999999998,-28.49
-17.11,18.7,18.63,0.16,0.8,-0.2,-0.8,2.3,0.85941,956.0,18.695,18.63,186.3,1.6648326532518867,,,,Sand,,,Sand 2,2,3.32,30.08,-1.7299999999999998,-28.49
-17.13,18.72,18.63,0.16,0.8,-0.2,-0.8,2.4,0.8539,957.0,18.715,18.63,186.3,1.662897262137229,,,,Sand,,,Sand 2,2,3.32,30.08,-1.7299999999999998,-28.49
-17.15,18.74,18.72,0.161,0.8,-0.2,-0.8,2.4,0.85287,958.0,18.735,18.72,187.2,1.6610245626299025,,,,Sand,,,Sand 2,2,3.32,30.08,-1.7299999999999998,-28.49
-17.17,18.76,18.78,0.16,1.0,-0.2,-1.0,2.3,0.84072,958.0,18.755,18.78,187.8,1.6557086174359312,,,,Sand,,,Sand 2,2,3.32,30.08,-1.7299999999999998,-28.49
-17.19,18.78,18.94,0.16,0.8,-0.2,-0.8,2.3,0.83225,959.0,18.775,18.94,189.4,1.6500064430087868,,,,Sand,,,Sand 2,2,3.32,30.08,-1.7299999999999998,-28.49
-17.21,18.8,19.15,0.162,0.8,-0.2,-0.8,2.0,0.83371,960.0,18.795,19.15,191.5,1.6470756709678356,,,,Sand,,,Sand 2,2,3.32,30.08,-1.7299999999999998,-28.49
-17.23,18.82,19.57,0.161,1.0,-0.2,-1.0,2.1,0.82043,961.0,18.815,19.57,195.7,1.6354505127232177,,,,Sand,,,Sand 2,2,3.32,30.08,-1.7299999999999998,-28.49
-17.25,18.84,19.83,0.161,1.0,-0.2,-1.0,2.4,0.81144,962.0,18.835,19.83,198.3,1.6280024759625182,,,,Sand,,,Sand 2,2,3.32,30.08,-1.7299999999999998,-28.49
-17.27,18.86,20.18,0.164,0.8,-0.2,-0.8,2.4,0.81745,963.0,18.855,20.18,201.8,1.6247698496521716,,,,Sand,,,Sand 2,2,3.32,30.08,-1.7299999999999998,-28.49
-17.29,18.88,20.28,0.167,0.8,-0.2,-0.8,2.4,0.82342,964.0,18.875,20.28,202.8,1.6254374615097211,,,,Sand,,,Sand 2,2,3.32,30.08,-1.7299999999999998,-28.49
-17.31,18.9,20.26,0.171,0.8,-0.2,-0.8,2.1,0.83578,965.0,18.895,20.26,202.6,1.630270489249109,,,,Sand,,,Sand 2,2,3.32,30.08,-1.7299999999999998,-28.49
-17.330000000000002,18.92,20.52,0.174,1.1,-0.4,-1.0,2.7,0.84272,965.0,18.915,20.52,205.2,1.6288472918483652,,,,Sand,,,Sand 2,2,3.32,30.08,-1.7299999999999998,-28.49
-17.35,18.94,20.71,0.172,1.0667,-0.2,-0.8,2.8,0.82548,966.0,18.935,20.71,207.1,1.619691994639688,,,,Sand,,,Sand 2,2,3.32,30.08,-1.7299999999999998,-28.49
-17.37,18.96,20.9,0.17,1.0333,-0.4,-1.0,2.5,0.80813,967.0,18.955,20.9,209.0,1.6103966858175298,,,,Sand,,,Sand 2,2,3.32,30.08,-1.7299999999999998,-28.49
-17.39,18.98,21.0,0.171,1.0,-0.2,-1.0,2.4,0.80376,968.0,18.975,21.0,210.0,1.607267849230849,,,,Sand,,,Sand 2,2,3.32,30.08,-1.7299999999999998,-28.49
-17.41,19.0,21.33,0.17,0.8,-0.2,-0.8,2.3,0.789,969.0,18.995,21.33,213.3,1.5967977013533574,,,,Sand,,,Sand 2,2,3.32,30.08,-1.7299999999999998,-28.49
-17.43,19.02,21.69,0.176,0.8,-0.2,-0.8,2.4,0.80637,969.0,19.015,21.69,216.9,1.5982637680286602,,,,Sand,,,Sand 2,2,3.32,30.08,-1.7299999999999998,-28.49
-17.45,19.04,21.88,0.179,0.8,-0.2,-0.8,2.4,0.80849,970.0,19.035,21.88,218.8,1.5963844106117249,,,,Sand,,,Sand 2,2,3.32,30.08,-1.7299999999999998,-28.49
-17.47,19.06,22.17,0.179,0.8,-0.2,-0.8,2.4,0.7948,971.0,19.055,22.17,221.7,1.5870981211538067,,,,Sand,,,Sand 2,2,3.32,30.08,-1.7299999999999998,-28.49
-17.49,19.08,22.69,0.183,0.8,-0.2,-0.8,2.4,0.80035,972.0,19.075,22.69,226.9,1.5821259794993308,,,,Sand,,,Sand 2,2,3.32,30.08,-1.7299999999999998,-28.49
-17.51,19.1,22.95,0.185,1.1,-0.4,-1.0,2.4,0.79892,973.0,19.095,22.95,229.5,1.5780927363847828,,,,Sand,,,Sand 2,2,3.32,30.08,-1.7299999999999998,-28.49
-17.53,19.12,23.41,0.189,1.1,-0.4,-1.0,2.4,0.8058,974.0,19.115,23.41,234.1,1.5747079399734405,,,,Sand,,,Sand 2,2,3.32,30.08,-1.7299999999999998,-28.49
-17.55,19.14,24.05,0.194,1.1,-0.4,-0.8,2.3,0.81646,974.0,19.135,24.05,240.5,1.570651779968341,,,,Sand,,,Sand 2,2,3.32,30.08,-1.7299999999999998,-28.49
-17.57,19.16,24.08,0.195,1.1,-0.2,-0.8,2.4,0.80892,975.0,19.155,24.08,240.8,1.56737442684335,,,,Sand,,,Sand 2,2,3.32,30.08,-1.7299999999999998,-28.49
-17.59,19.18,24.02,0.195,1.1,-0.4,-1.0,2.4,0.79527,976.0,19.175,24.02,240.2,1.5628192954191285,,,,Sand,,,Sand 2,2,3.32,30.08,-1.7299999999999998,-28.49
-17.61,19.2,24.27,0.19,1.1,-0.2,-0.8,2.3,0.76244,977.0,19.195,24.27,242.7,1.546586866335423,,,,Sand,,,Sand 2,2,3.32,30.08,-1.7299999999999998,-28.49
-17.63,19.22,24.62,0.188,1.1,-0.4,-1.0,2.4,0.74485,978.0,19.215,24.62,246.2,1.5350028619879286,,,,Sand,,,Sand 2,2,3.32,30.08,-1.7299999999999998,-28.49
-17.65,19.24,25.45,0.203,1.1,-0.2,-0.8,2.3,0.79737,979.0,19.235,25.45,254.5,1.5462475223830268,,,,Sand,,,Sand 2,2,3.32,30.08,-1.7299999999999998,-28.49
-17.67,19.26,26.26,0.202,1.1,-0.2,-0.8,2.4,0.78787,979.0,19.255,26.26,262.6,1.5331185131093223,,,,Sand,,,Sand 2,2,3.32,30.08,-1.7299999999999998,-28.49
-17.69,19.28,26.61,0.202,1.1,-0.4,-1.0,2.4,0.78485,980.0,19.275,26.61,266.1,1.5279661374951972,,,,Sand,,,Sand 2,2,3.32,30.08,-1.7299999999999998,-28.49
-17.71,19.3,26.61,0.197,1.0,-0.2,-1.0,2.2,0.76527,981.0,19.295,26.61,266.1,1.5199796317006096,,,,Sand,,,Sand 2,2,3.32,30.08,-1.7299999999999998,-28.49
-17.73,19.32,25.83,0.195,1.0,-0.2,-1.0,2.0,0.76131,982.0,19.315,25.83,258.3,1.5272650673938675,,,,Sand,,,Sand 2,2,3.32,30.08,-1.7299999999999998,-28.49
-17.75,19.34,25.46,0.188,1.0,-0.2,-1.0,2.3,0.74049,983.0,19.335,25.46,254.6,1.5229738766551453,,,,Sand,,,Sand 2,2,3.32,30.08,-1.7299999999999998,-28.49
-17.77,19.36,25.06,0.197,1.0,-0.2,-1.0,2.4,0.78357,984.0,19.355,25.06,250.6,1.5453966805563881,,,,Sand,,,Sand 2,2,3.32,30.08,-1.7299999999999998,-28.49
-17.79,19.38,24.66,0.195,1.1,-0.4,-1.0,2.4,0.78435,985.0,19.375,24.66,246.6,1.5505583689198856,,,,Sand,,,Sand 2,2,3.32,30.08,-1.7299999999999998,-28.49
-17.81,19.4,24.42,0.195,1.1,-0.4,-1.0,2.4,0.78947,985.0,19.395,24.42,244.2,1.5555427896622944,,,,Sand,,,Sand 2,2,3.32,30.08,-1.7299999999999998,-28.49
-17.830000000000002,19.42,24.46,0.18,1.1,-0.4,-1.0,2.0,0.73152,986.0,19.415,24.46,244.6,1.531431652725041,,,,Sand,,,Sand 2,2,3.32,30.08,-1.7299999999999998,-28.49
-17.85,19.44,24.63,0.173,1.0667,-0.2,-0.8,2.9,0.70154,987.0,19.435,24.63,246.3,1.5164784259567705,,,,Sand,,,Sand 2,2,3.32,30.08,-1.7299999999999998,-28.49
-17.87,19.46,24.37,0.172,1.0333,-0.2,-0.8,2.9,0.69212,988.0,19.455,24.37,243.7,1.5156472358947601,,,,Sand,,,Sand 2,2,3.32,30.08,-1.7299999999999998,-28.49
-17.89,19.48,24.54,0.173,1.0,-0.2,-1.0,2.6,0.6878,988.0,19.475,24.54,245.4,1.5115876467260985,,,,Sand,,,Sand 2,2,3.32,30.08,-1.7299999999999998,-28.49
-17.91,19.5,24.71,0.169,1.0,-0.2,-1.0,2.3,0.65967,989.0,19.495,24.71,247.1,1.4967976425009681,,,,Sand,,,Sand 2,2,3.32,30.08,-1.7299999999999998,-28.49
-17.93,19.52,25.49,0.165,1.0,-0.2,-1.0,2.4,0.6289,990.0,19.515,25.49,254.9,1.4726905961604508,,,,Sand,,,Sand 2,2,3.32,30.08,-1.7299999999999998,-28.49
-17.95,19.54,26.19,0.168,0.8,-0.2,-0.8,2.3,0.62156,991.0,19.535,26.19,261.9,1.4606734195425521,,,,Sand,,,Sand 2,2,3.32,30.08,-1.7299999999999998,-28.49
-17.97,19.56,26.83,0.171,1.1,-0.4,-1.0,2.4,0.61036,992.0,19.555,26.83,268.3,1.4476443749072256,,,,Sand,,,Sand 2,2,3.32,30.08,-1.7299999999999998,-28.49
-17.99,19.58,28.19,0.167,1.0,-0.2,-1.0,2.4,0.57236,993.0,19.575,28.19,281.9,1.4128139529158914,,,,Sand,,,Sand 2,2,3.32,30.08,-1.7299999999999998,-28.49
-18.01,19.6,29.57,0.163,1.1,-0.4,-1.0,2.4,0.53674,993.0,19.595,29.57,295.7,1.3785317039958722,,,,Sand,,,Sand 2,2,3.32,30.08,-1.7299999999999998,-28.49
-18.03,19.62,30.71,0.182,1.0,-0.2,-1.0,2.3,0.57808,994.0,19.615,30.71,307.1,1.3892585366919084,,,,Sand,,,Sand 2,2,3.32,30.08,-1.7299999999999998,-28.49
-18.05,19.64,32.44,0.198,1.0,-0.2,-1.0,2.4,0.60818,995.0,19.635,32.44,324.4,1.388382681912854,,,,Sand,,,Sand 2,2,3.32,30.08,-1.7299999999999998,-28.49
-18.07,19.66,34.0,0.212,0.8,-0.2,-0.8,2.3,0.63255,996.0,19.655,34.0,340.0,1.3868873553460153,,,,Sand,,,Sand 2,2,3.32,30.08,-1.7299999999999998,-28.49
-18.09,19.68,35.02,0.24,1.1,-0.4,-1.0,2.4,0.69935,997.0,19.675,35.02,350.2,1.4108384572454664,,,,Sand,,,Sand 2,2,3.32,30.08,-1.7299999999999998,-28.49
-18.11,19.7,35.11,0.263,1.1,-0.2,-1.0,2.4,0.75189,998.0,19.695,35.11,351.1,1.4340092119167724,,,,Sand,,,Sand 2,2,3.32,30.08,-1.7299999999999998,-28.49
-18.13,19.72,35.41,0.283,1.1,-0.2,-1.0,2.3,0.79831,998.0,19.715,35.41,354.1,1.4516466822594887,,,,Sand,,,Sand 2,2,3.32,30.08,-1.7299999999999998,-28.49
-18.15,19.74,35.86,0.298,1.1,-0.4,-1.0,2.4,0.83371,999.0,19.735,35.86,358.6,1.4628238392142718,,,,Sand,,,Sand 2,2,3.32,30.08,-1.7299999999999998,-28.49
-18.17,19.76,35.99,0.311,1.1,-0.4,-1.0,2.4,0.86488,1000.0,19.755,35.99,359.9,1.4743169490574004,,,,Sand,,,Sand 2,2,3.32,30.08,-1.7299999999999998,-28.49
-18.19,19.78,36.0,0.33,1.0667,-0.2,-0.8,2.3,0.91207,1001.0,19.775,36.0,360.0,1.4924173694341363,,,,Sand,,,Sand 2,2,3.32,30.08,-1.7299999999999998,-28.49
-18.21,19.8,36.21,0.347,1.0333,-0.2,-0.8,2.3,0.95405,1002.0,19.795,36.21,362.1,1.506387854175219,,,,Sand,,,Sand 2,2,3.32,30.08,-1.7299999999999998,-28.49
-18.23,19.82,36.35,0.361,1.0,-0.2,-1.0,2.0,0.98867,1003.0,19.815,36.35,363.5,1.517739113621102,,,,Sand,,,Sand 2,2,3.32,30.08,-1.7299999999999998,-28.49
-18.25,19.84,36.74,0.363,0.8,-0.2,-0.8,2.2,0.99126,1004.0,19.835,36.74,367.4,1.5158777615291157,,,,Sand,,,Sand 2,2,3.32,30.08,-1.7299999999999998,-28.49
-18.27,19.86,36.89,0.363,1.1,-0.4,-1.0,2.3,0.98991,1005.0,19.855,36.89,368.9,1.514347024558157,,,,Sand,,,Sand 2,2,3.32,30.08,-1.7299999999999998,-28.49
-18.29,19.88,36.93,0.372,1.0,-0.2,-1.0,2.3,1.014,1005.0,19.875,36.93,369.3,1.522462866985803,,,,Sand,,,Sand 2,2,3.32,30.08,-1.7299999999999998,-28.49
-18.31,19.9,37.0,0.382,1.0,0.0,-1.0,2.4,1.0431,1006.0,19.895,37.0,370.0,1.531891405267938,,,,Sand,,,Sand 2,2,3.32,30.08,-1.7299999999999998,-28.49
-18.330000000000002,19.92,36.84,0.389,0.7,-0.4,-0.6,2.3,1.0664,1007.0,19.915,36.84,368.4,1.5407604918637219,,,,Sand,,,Sand 2,2,3.32,30.08,-1.7299999999999998,-28.49
-18.35,19.94,36.4,0.396,0.3,-0.2,-0.2,1.9,1.0906,1008.0,19.935,36.4,364.0,1.5517149183951213,,,,Sand,,,Sand 2,2,3.32,30.08,-1.7299999999999998,-28.49
-18.37,19.96,36.34,0.397,0.8,-0.6,-0.6,2.9,1.0982,1009.0,19.955,36.34,363.4,1.5545794543660703,,,,Sand,,,Sand 2,2,3.32,30.08,-1.7299999999999998,-28.49
-18.39,19.98,35.83,0.4,0.9,-0.4,-0.8,2.9,1.1105,1009.0,19.975,35.83,358.3,1.5620951127761677,,,,Sand,,,Sand 2,2,3.32,30.08,-1.7299999999999998,-28.49
-18.41,20.0,35.6,0.393,0.6,-0.6,0.0,2.6,1.0936,1010.0,19.995,35.6,356.0,1.558351318917955,,,,Sand,,,Sand 2,2,3.32,30.08,-1.7299999999999998,-28.49
-18.43,20.02,35.54,0.386,0.9,-0.4,-0.8,2.4,1.0767,1011.0,20.015,35.54,355.4,1.553325988312815,,,,Sand,,,Sand 2,2,3.32,30.08,-1.7299999999999998,-28.49
-18.45,20.04,35.65,0.384,1.1,-0.6,-1.0,2.3,1.0767,1012.0,20.035,35.65,356.5,1.5525320831565426,,,,Sand,,,Sand 2,2,3.32,30.08,-1.7299999999999998,-28.49
-18.47,20.06,35.95,0.381,1.5,-0.6,-1.4,2.3,1.0729,1013.0,20.055,35.95,359.5,1.5491432913392562,,,,Sand,,,Sand 2,2,3.32,30.08,-1.7299999999999998,-28.49
-18.49,20.08,36.19,0.377,1.0,-0.2,-1.0,2.4,1.0662,1013.0,20.075,36.19,361.9,1.5452417731944261,,,,Sand,,,Sand 2,2,3.32,30.08,-1.7299999999999998,-28.49
-18.51,20.1,35.7,0.371,1.2,-0.2,-1.2,2.4,1.0556,1014.0,20.095,35.7,357.0,1.5452470073231253,,,,Sand,,,Sand 2,2,3.32,30.08,-1.7299999999999998,-28.49
-18.53,20.12,34.85,0.36,0.6,-0.2,-0.6,2.4,1.0329,1015.0,20.115,34.85,348.5,1.5439260050283103,,,,Sand,,,Sand 2,2,3.32,30.08,-1.7299999999999998,-28.49
-18.55,20.14,34.6,0.353,0.4,0.0,-0.4,2.3,1.0254,1016.0,20.135,34.6,346.0,1.5432814578306688,,,,Sand,,,Sand 2,2,3.32,30.08,-1.7299999999999998,-28.49
-18.57,20.16,34.4,0.345,0.0,0.0,0.0,2.4,1.0191,1017.0,20.155,34.4,344.0,1.5426696512350586,,,,Sand,,,Sand 2,2,3.32,30.08,-1.7299999999999998,-28.49
-18.59,20.18,33.83,0.338,0.6,0.0,-0.6,2.4,1.0176,1018.0,20.175,33.83,338.3,1.5465633720113072,,,,Sand,,,Sand 2,2,3.32,30.08,-1.7299999999999998,-28.49
-18.61,20.2,33.32,0.332,0.8,-0.2,-0.8,2.4,1.018,1018.0,20.195,33.32,333.2,1.5507199738106894,,,,Sand,,,Sand 2,2,3.32,30.08,-1.7299999999999998,-28.49
-18.63,20.22,32.51,0.321,1.6,-0.2,-1.6,2.3,1.0038,1019.0,20.215,32.51,325.09999999999997,1.552466858537421,,,,Sand,,,Sand 2,2,3.32,30.08,-1.7299999999999998,-28.49
-18.65,20.24,31.61,0.313,1.0,-0.2,-1.0,2.4,0.99896,1020.0,20.235,31.61,316.1,1.5583767432616,,,,Sand,,,Sand 2,2,3.32,30.08,-1.7299999999999998,-28.49
-18.67,20.26,30.61,0.297,0.8,0.0,-0.8,2.3,0.96597,1021.0,20.255,30.61,306.1,1.5557835186364677,,,,Sand,,,Sand 2,2,3.32,30.08,-1.7299999999999998,-28.49
-18.69,20.28,30.02,0.281,0.8,-0.2,-0.8,2.4,0.92931,1022.0,20.275,30.02,300.2,1.5482116065856002,,,,Sand,,,Sand 2,2,3.32,30.08,-1.7299999999999998,-28.49
-18.71,20.3,29.53,0.27,0.8,-0.2,-0.8,2.1,0.90566,1023.0,20.295,29.53,295.3,1.5442539384626437,,,,Sand,,,Sand 2,2,3.32,30.08,-1.7299999999999998,-28.49
-18.73,20.32,29.23,0.268,0.8,-0.2,-0.8,2.1,0.90982,1024.0,20.315,29.23,292.3,1.5486432095621832,,,,Sand,,,Sand 2,2,3.32,30.08,-1.7299999999999998,-28.49
-18.75,20.34,29.14,0.261,1.0,-0.2,-1.0,2.3,0.89341,1025.0,20.335,29.14,291.4,1.5435061606833695,,,,Sand,,,Sand 2,2,3.32,30.08,-1.7299999999999998,-28.49
-18.77,20.36,29.25,0.255,1.0,-0.2,-1.0,2.4,0.87753,1025.0,20.355,29.25,292.5,1.536535611316794,,,,Sand,,,Sand 2,2,3.32,30.08,-1.7299999999999998,-28.49
-18.79,20.38,29.11,0.247,0.8,-0.2,-0.8,2.4,0.85272,1026.0,20.375,29.11,291.1,1.5284981413010856,,,,Sand,,,Sand 2,2,3.32,30.08,-1.7299999999999998,-28.49
-18.81,20.4,28.76,0.244,0.8,-0.2,-0.8,2.3,0.84484,1027.0,20.395,28.76,287.6,1.5289341404890062,,,,Sand,,,Sand 2,2,3.32,30.08,-1.7299999999999998,-28.49
-18.830000000000002,20.42,28.67,0.246,1.0,-0.2,-1.0,2.0,0.85376,1028.0,20.415,28.67,286.7,1.533256928756887,,,,Sand,,,Sand 2,2,3.32,30.08,-1.7299999999999998,-28.49
-18.85,20.44,28.78,0.245,0.8,0.0,-0.8,2.8,0.85247,1029.0,20.435,28.78,287.8,1.531665705287978,,,,Sand,,,Sand 2,2,3.32,30.08,-1.7299999999999998,-28.49
-18.87,20.46,28.79,0.246,1.0,-0.2,-1.0,2.8,0.8574,1029.0,20.455,28.79,287.9,1.5334485803768247,,,,Sand,,,Sand 2,2,3.32,30.08,-1.7299999999999998,-28.49
-18.89,20.48,28.55,0.246,1.0,-0.2,-1.0,2.6,0.85696,1030.0,20.475,28.55,285.5,1.5356799767477707,,,,Sand,,,Sand 2,2,3.32,30.08,-1.7299999999999998,-28.49
-18.91,20.5,28.6,0.246,0.8,-0.2,-0.8,2.3,0.85495,1031.0,20.495,28.6,286.0,1.5344123414078426,,,,Sand,,,Sand 2,2,3.32,30.08,-1.7299999999999998,-28.49
-18.93,20.52,28.66,0.249,0.8,0.0,-0.8,2.4,0.86312,1032.0,20.515,28.66,286.6,1.5369157741241344,,,,Sand,,,Sand 2,2,3.32,30.08,-1.7299999999999998,-28.49
-18.95,20.54,28.72,0.251,0.8,-0.2,-0.8,2.3,0.86776,1033.0,20.535,28.72,287.2,1.538070360094303,,,,Sand,,,Sand 2,2,3.32,30.08,-1.7299999999999998,-28.49
-18.97,20.56,28.88,0.253,1.1,-0.4,-1.0,2.4,0.87226,1034.0,20.555,28.88,288.8,1.5381784918554275,,,,Sand,,,Sand 2,2,3.32,30.08,-1.7299999999999998,-28.49
-18.99,20.58,29.21,0.258,0.8,-0.2,-0.8,2.4,0.88797,1034.0,20.575,29.21,292.1,1.5408151820067424,,,,Sand,,,Sand 2,2,3.32,30.08,-1.7299999999999998,-28.49
-19.01,20.6,29.38,0.265,1.0,-0.2,-1.0,2.4,0.9112,1035.0,20.595,29.38,293.8,1.5477043386754665,,,,Sand,,,Sand 2,2,3.32,30.08,-1.7299999999999998,-28.49
-19.03,20.62,29.4,0.264,0.8,-0.2,-0.8,2.4,0.90632,1036.0,20.615,29.4,294.0,1.5457360547417063,,,,Sand,,,Sand 2,2,3.32,30.08,-1.7299999999999998,-28.49
-19.05,20.64,29.19,0.264,1.0,-0.2,-1.0,2.3,0.90508,1037.0,20.635,29.19,291.9,1.547303055306665,,,,Sand,,,Sand 2,2,3.32,30.08,-1.7299999999999998,-28.49
-19.07,20.66,29.0,0.263,1.0,-0.2,-1.0,2.4,0.90157,1038.0,20.655,29.0,290.0,1.5478648218919302,,,,Sand,,,Sand 2,2,3.32,30.08,-1.7299999999999998,-28.49
-19.09,20.68,28.88,0.261,1.0,-0.2,-1.0,2.3,0.89468,1039.0,20.675,28.88,288.8,1.5465119793973863,,,,Sand,,,Sand 2,2,3.32,30.08,-1.7299999999999998,-28.49
-19.11,20.7,29.09,0.259,1.0,-0.2,-1.0,2.4,0.88752,1039.0,20.695,29.09,290.9,1.5418144782183807,,,,Sand,,,Sand 2,2,3.32,30.08,-1.7299999999999998,-28.49
-19.13,20.72,29.2,0.259,0.8,-0.2,-0.8,2.4,0.88691,1040.0,20.715,29.2,292.0,1.5405188289344838,,,,Sand,,,Sand 2,2,3.32,30.08,-1.7299999999999998,-28.49
-19.15,20.74,29.23,0.258,0.8,-0.2,-0.8,2.4,0.88299,1041.0,20.735,29.23,292.3,1.538769853160905,,,,Sand,,,Sand 2,2,3.32,30.08,-1.7299999999999998,-28.49
-19.17,20.76,29.39,0.26,1.0,-0.2,-1.0,2.3,0.88931,1042.0,20.755,29.39,293.9,1.5395744208359932,,,,Sand,,,Sand 2,2,3.32,30.08,-1.7299999999999998,-28.49
-19.19,20.78,29.48,0.261,1.0,0.0,-1.0,2.4,0.89361,1043.0,20.775,29.48,294.8,1.5403028760500321,,,,Sand,,,Sand 2,2,3.32,30.08,-1.7299999999999998,-28.49
-19.21,20.8,29.35,0.262,1.0,-0.2,-1.0,2.3,0.89911,1044.0,20.795,29.35,293.5,1.543575739988861,,,,Sand,,,Sand 2,2,3.32,30.08,-1.7299999999999998,-28.49
-19.23,20.82,29.13,0.265,1.0,-0.2,-1.0,2.0,0.9121,1044.0,20.815,29.13,291.3,1.5504358284613877,,,,Sand,,,Sand 2,2,3.32,30.08,-1.7299999999999998,-28.49
-19.25,20.84,29.02,0.268,1.0,-0.2,-1.0,2.2,0.92621,1045.0,20.835,29.02,290.2,1.5565788985621736,,,,Sand,,,Sand 2,2,3.32,30.08,-1.7299999999999998,-28.49
-19.27,20.86,28.86,0.266,1.0,-0.2,-1.0,2.4,0.92357,1046.0,20.855,28.86,288.6,1.557189839364017,,,,Sand,,,Sand 2,2,3.32,30.08,-1.7299999999999998,-28.49
-19.29,20.88,28.66,0.264,1.0,-0.2,-1.0,2.4,0.91982,1047.0,20.875,28.66,286.6,1.557806777673005,,,,Sand,,,Sand 2,2,3.32,30.08,-1.7299999999999998,-28.49
-19.31,20.9,28.54,0.261,1.0,-0.2,-1.0,2.4,0.91235,1048.0,20.895,28.54,285.4,1.5563048415440779,,,,Sand,,,Sand 2,2,3.32,30.08,-1.7299999999999998,-28.49
-19.330000000000002,20.92,28.44,0.259,1.0,-0.2,-1.0,2.2,0.90873,1049.0,20.915,28.44,284.4,1.5559909403949261,,,,Sand,,,Sand 2,2,3.32,30.08,-1.7299999999999998,-28.49
-19.35,20.94,28.41,0.257,1.0,-0.2,-1.0,2.2,0.90497,1050.0,20.935,28.41,284.1,1.5549272433179897,,,,Sand,,,Sand 2,2,3.32,30.08,-1.7299999999999998,-28.49
-19.37,20.96,28.55,0.256,1.0,0.0,-1.0,2.9,0.90411,1050.0,20.955,28.55,285.5,1.5532197016147706,,,,Sand,,,Sand 2,2,3.32,30.08,-1.7299999999999998,-28.49
-19.39,20.98,28.38,0.255,1.0,-0.2,-1.0,2.7,0.90202,1051.0,20.975,28.38,283.8,1.5541547013886536,,,,Sand,,,Sand 2,2,3.32,30.08,-1.7299999999999998,-28.49
-19.41,21.0,28.17,0.255,1.0,-0.2,-1.0,2.4,0.90261,1052.0,20.995,28.17,281.7,1.5564817565555202,,,,Sand,,,Sand 2,2,3.32,30.08,-1.7299999999999998,-28.49
-19.43,21.02,28.04,0.255,1.0,0.0,-1.0,2.4,0.9025,1053.0,21.015,28.04,280.4,1.5577592699568676,,,,Sand,,,Sand 2,2,3.32,30.08,-1.7299999999999998,-28.49
-19.45,21.04,27.99,0.254,1.0,-0.2,-1.0,2.3,0.89912,1054.0,21.035,27.99,279.9,1.557039166002317,,,,Sand,,,Sand 2,2,3.32,30.08,-1.7299999999999998,-28.49
-19.47,21.06,28.18,0.255,1.0,-0.2,-1.0,2.3,0.90218,1054.0,21.055,28.18,281.8,1.5562244314586433,,,,Sand,,,Sand 2,2,3.32,30.08,-1.7299999999999998,-28.49
-19.49,21.08,28.29,0.255,1.0,-0.2,-1.0,2.4,0.90146,1055.0,21.075,28.29,282.9,1.5548538964745007,,,,Sand,,,Sand 2,2,3.32,30.08,-1.7299999999999998,-28.49
-19.51,21.1,28.44,0.255,1.0,-0.2,-1.0,2.4,0.9009,1056.0,21.095,28.44,284.4,1.5531465345390973,,,,Sand,,,Sand 2,2,3.32,30.08,-1.7299999999999998,-28.49
-19.53,21.12,28.51,0.258,1.0,-0.2,-1.0,2.3,0.91122,1057.0,21.115,28.51,285.1,1.5561946038570538,,,,Sand,,,Sand 2,2,3.32,30.08,-1.7299999999999998,-28.49
-19.55,21.14,28.5,0.26,1.0,-0.2,-1.0,2.4,0.9197,1058.0,21.135,28.5,285.0,1.559345456603909,,,,Sand,,,Sand 2,2,3.32,30.08,-1.7299999999999998,-28.49
-19.57,21.16,28.35,0.257,1.0,0.0,-1.0,2.4,0.91151,1059.0,21.155,28.35,283.5,1.5578945146385235,,,,Sand,,,Sand 2,2,3.32,30.08,-1.7299999999999998,-28.49
-19.59,21.18,28.18,0.26,1.0,0.0,-1.0,2.4,0.92597,1059.0,21.175,28.18,281.8,1.564778779408079,,,,Sand,,,Sand 2,2,3.32,30.08,-1.7299999999999998,-28.49
-19.61,21.2,28.06,0.26,1.0,0.0,-1.0,2.4,0.93086,1060.0,21.195,28.06,280.6,1.5677215501925637,,,,Sand,,,Sand 2,2,3.32,30.08,-1.7299999999999998,-28.49
-19.63,21.22,27.83,0.262,1.0,0.0,-1.0,2.3,0.94334,1061.0,21.215,27.83,278.3,1.5744381193212322,,,,Sand,,,Sand 2,2,3.32,30.08,-1.7299999999999998,-28.49
-19.65,21.24,27.69,0.257,1.0,-0.2,-1.0,2.4,0.9299,1062.0,21.235,27.69,276.9,1.5711463401486792,,,,Sand,,,Sand 2,2,3.32,30.08,-1.7299999999999998,-28.49
-19.67,21.26,27.51,0.253,1.0,-0.2,-1.0,2.4,0.91846,1063.0,21.255,27.51,275.1,1.5689426985664519,,,,Sand,,,Sand 2,2,3.32,30.08,-1.7299999999999998,-28.49
-19.69,21.28,27.33,0.25,1.0,0.0,-1.0,2.3,0.91033,1064.0,21.275,27.33,273.3,1.5679105812641037,,,,Sand,,,Sand 2,2,3.32,30.08,-1.7299999999999998,-28.49
-19.71,21.3,27.24,0.252,1.0,0.0,-1.0,2.3,0.91925,1064.0,21.295,27.24,272.4,1.572040558005282,,,,Sand,,,Sand 2,2,3.32,30.08,-1.7299999999999998,-28.49
-19.73,21.32,27.26,0.251,1.2,-0.2,-1.2,2.1,0.91627,1065.0,21.315,27.26,272.6,1.5707693151232112,,,,Sand,,,Sand 2,2,3.32,30.08,-1.7299999999999998,-28.49
-19.75,21.34,27.45,0.25,1.0,0.0,-1.0,2.1,0.91299,1066.0,21.335,27.45,274.5,1.567611212108908,,,,Sand,,,Sand 2,2,3.32,30.08,-1.7299999999999998,-28.49
-19.77,21.36,27.39,0.245,1.0,0.0,-1.0,2.4,0.8949,1067.0,21.355,27.39,273.9,1.5617047447119046,,,,Sand,,,Sand 2,2,3.32,30.08,-1.7299999999999998,-28.49
-19.79,21.38,27.44,0.246,1.0,0.0,-1.0,2.4,0.89802,1068.0,21.375,27.44,274.4,1.562316040253512,,,,Sand,,,Sand 2,2,3.32,30.08,-1.7299999999999998,-28.49
-19.81,21.4,27.53,0.25,1.2,-0.2,-1.2,2.3,0.91124,1069.0,21.395,27.53,275.3,1.5661522042361133,,,,Sand,,,Sand 2,2,3.32,30.08,-1.7299999999999998,-28.49
-19.830000000000002,21.42,27.42,0.25,1.0,-0.2,-1.0,2.3,0.90872,1070.0,21.415,27.42,274.2,1.5663914758664552,,,,Sand,,,Sand 2,2,3.32,30.08,-1.7299999999999998,-28.49
-19.85,21.44,27.29,0.253,1.0,0.0,-1.0,2.0,0.91559,1071.0,21.435,27.29,272.9,1.5702120996338844,,,,Sand,,,Sand 2,2,3.32,30.08,-1.7299999999999998,-28.49
-19.87,21.46,27.37,0.256,1.0,-0.2,-1.0,2.9,0.92173,1071.0,21.455,27.37,273.7,1.571562065084051,,,,Sand,,,Sand 2,2,3.32,30.08,-1.7299999999999998,-28.49
-19.89,21.48,27.59,0.255,1.0,-0.2,-1.0,2.8,0.9141,1072.0,21.475,27.59,275.9,1.5665561600618931,,,,Sand,,,Sand 2,2,3.32,30.08,-1.7299999999999998,-28.49
-19.91,21.5,28.06,0.254,1.0,-0.2,-1.0,2.5,0.9054,1073.0,21.495,28.06,280.6,1.5586078263131267,,,,Sand,,,Sand 2,2,3.32,30.08,-1.7299999999999998,-28.49
-19.93,21.52,28.36,0.256,1.0,-0.2,-1.0,2.3,0.90636,1074.0,21.515,28.36,283.6,1.5559317569198374,,,,Sand,,,Sand 2,2,3.32,30.08,-1.7299999999999998,-28.49
-19.95,21.54,28.57,0.256,1.0,0.0,-1.0,2.3,0.90006,1074.0,21.535,28.57,285.7,1.5515448771184106,,,,Sand,,,Sand 2,2,3.32,30.08,-1.7299999999999998,-28.49
-19.97,21.56,28.51,0.263,1.0,-0.2,-1.0,2.4,0.9189,1075.0,21.555,28.51,285.1,1.5589593977841416,,,,Sand,,,Sand 2,2,3.32,30.08,-1.7299999999999998,-28.49
-19.99,21.58,28.68,0.27,1.2,-0.2,-1.2,2.4,0.93876,1076.0,21.575,28.68,286.8,1.5643472763541844,,,,Sand,,,Sand 2,2,3.32,30.08,-1.7299999999999998,-28.49
-20.01,21.6,28.82,0.27,1.2,0.0,-1.2,2.4,0.93418,1077.0,21.595,28.82,288.2,1.561359405027836,,,,Sand,,,Sand 2,2,3.32,30.08,-1.7299999999999998,-28.49
-20.03,21.62,28.95,0.272,1.2,0.0,-1.2,2.4,0.93648,1078.0,21.615,28.95,289.5,1.5609104080388057,,,,Sand,,,Sand 2,2,3.32,30.08,-1.7299999999999998,-28.49
-20.05,21.64,29.02,0.272,1.2,-0.2,-1.2,2.3,0.93059,1079.0,21.635,29.02,290.2,1.5581415214525944,,,,Sand,,,Sand 2,2,3.32,30.08,-1.7299999999999998,-28.49
-20.07,21.66,29.18,0.276,1.2,0.0,-1.0,2.4,0.93746,1079.0,21.655,29.18,291.8,1.5590397455595753,,,,Sand,,,Sand 2,2,3.32,30.08,-1.7299999999999998,-28.49
-20.09,21.68,29.49,0.279,1.2,-0.2,-1.2,2.4,0.94066,1080.0,21.675,29.49,294.9,1.5572193534139198,,,,Sand,,,Sand 2,2,3.32,30.08,-1.7299999999999998,-28.49
-20.11,21.7,29.71,0.282,1.2,0.0,-1.0,2.3,0.94397,1081.0,21.695,29.71,297.1,1.5563187987164424,,,,Sand,,,Sand 2,2,3.32,30.08,-1.7299999999999998,-28.49
-20.13,21.72,29.98,0.287,1.2,-0.2,-1.2,2.4,0.95365,1082.0,21.715,29.98,299.8,1.557214634820104,,,,Sand,,,Sand 2,2,3.32,30.08,-1.7299999999999998,-28.49
-20.15,21.74,30.38,0.289,1.2,0.0,-1.0,2.4,0.95289,1083.0,21.735,30.38,303.8,1.5532824841402268,,,,Sand,,,Sand 2,2,3.32,30.08,-1.7299999999999998,-28.49
-20.17,21.76,30.57,0.289,1.2,0.0,-1.0,2.3,0.94483,1083.0,21.755,30.57,305.7,1.5487134918926906,,,,Sand,,,Sand 2,2,3.32,30.08,-1.7299999999999998,-28.49
-20.19,21.78,30.66,0.294,1.2,-0.2,-1.2,2.4,0.95304,1084.0,21.775,30.66,306.6,1.5508055436737769,,,,Sand,,,Sand 2,2,3.32,30.08,-1.7299999999999998,-28.49
-20.21,21.8,30.79,0.3,1.2,-0.2,-1.2,2.3,0.96541,1085.0,21.795,30.79,307.9,1.5539787782226668,,,,Sand,,,Sand 2,2,3.32,30.08,-1.7299999999999998,-28.49
-20.23,21.82,31.05,0.306,1.4,-0.2,-1.4,2.0,0.97846,1086.0,21.815,31.05,310.5,1.5562062988524916,,,,Sand,,,Sand 2,2,3.32,30.08,-1.7299999999999998,-28.49
-20.25,21.84,31.56,0.311,1.3333,0.2,-1.0,2.2,0.98797,1087.0,21.835,31.56,315.6,1.5550489932136147,,,,Sand,,,Sand 2,2,3.32,30.08,-1.7299999999999998,-28.49
-20.27,21.86,31.8,0.316,1.2667,-0.2,-1.4,2.4,0.995,1088.0,21.855,31.8,318.0,1.5554068066389029,,,,Sand,,,Sand 2,2,3.32,30.08,-1.7299999999999998,-28.49
-20.29,21.88,31.79,0.319,1.2,0.0,-1.2,2.4,0.99222,1089.0,21.875,31.79,317.9,1.5545406368243377,,,,Sand,,,Sand 2,2,3.32,30.08,-1.7299999999999998,-28.49
-20.31,21.9,31.97,0.324,1.2,0.0,-1.2,2.4,0.99371,1090.0,21.895,31.97,319.7,1.5535259440283842,,,,Sand,,,Sand 2,2,3.32,30.08,-1.7299999999999998,-28.49
-20.330000000000002,21.92,32.21,0.329,1.2,-0.2,-1.2,2.3,0.99463,1090.0,21.915,32.21,322.1,1.5518252176975715,,,,Sand,,,Sand 2,2,3.32,30.08,-1.7299999999999998,-28.49
-20.35,21.94,32.9,0.335,1.2,-0.2,-1.2,2.1,0.99736,1091.0,21.935,32.9,329.0,1.5470732769638638,,,,Sand,,,Sand 2,2,3.32,30.08,-1.7299999999999998,-28.49
-20.37,21.96,33.92,0.342,1.2,0.0,-1.2,2.9,1.0013,1092.0,21.955,33.92,339.2,1.540298746229958,,,,Sand,,,Sand 2,2,3.32,30.08,-1.7299999999999998,-28.49
-20.39,21.98,34.69,0.346,1.2,-0.2,-1.2,2.8,0.9969,1093.0,21.975,34.69,346.9,1.5328508591710994,,,,Sand,,,Sand 2,2,3.32,30.08,-1.7299999999999998,-28.49
-20.41,22.0,35.34,0.351,1.6,-0.2,-1.6,2.5,0.99574,1094.0,21.995,35.34,353.4,1.5275706615311726,,,,Sand,,,Sand 2,2,3.32,30.08,-1.7299999999999998,-28.49
-20.43,22.02,35.89,0.356,1.4,-0.2,-1.4,2.3,0.99664,1094.0,22.015,35.89,358.9,1.5238468405634895,,,,Sand,,,Sand 2,2,3.32,30.08,-1.7299999999999998,-28.49
-20.45,22.04,36.32,0.357,1.4,-0.2,-1.4,2.4,0.9893,1095.0,22.035,36.32,363.2,1.5181754715420925,,,,Sand,,,Sand 2,2,3.32,30.08,-1.7299999999999998,-28.49
-20.47,22.06,36.39,0.366,1.4,0.0,-1.4,2.4,1.0119,1096.0,22.055,36.39,363.9,1.5255411342128988,,,,Sand,,,Sand 2,2,3.32,30.08,-1.7299999999999998,-28.49
-20.49,22.08,36.55,0.368,1.4296,0.0,-0.8,2.3,1.0243,1097.0,22.075,36.55,365.5,1.528660959917649,,,,Sand,,,Sand 2,2,3.32,30.08,-1.7299999999999998,-28.49
-20.51,22.1,36.66,0.375,1.4593,-0.2,-1.6,2.4,1.057,1098.0,22.095,36.66,366.6,1.5388989155985506,,,,Sand,,,Sand 2,2,3.32,30.08,-1.7299999999999998,-28.49
-20.53,22.12,36.85,0.372,1.4889,-0.2,-1.0,2.3,1.0655,1099.0,22.115,36.85,368.5,1.540394373601569,,,,Sand,,,Sand 2,2,3.32,30.08,-1.7299999999999998,-28.49
-20.55,22.14,35.35,0.366,1.6,-0.4,-1.6,2.4,1.0666,1099.0,22.135,35.35,353.5,1.5514103282696143,,,,Sand,,,Sand 2,2,3.32,30.08,-1.7299999999999998,-28.49
-20.57,22.16,33.4,0.353,1.7,-0.8,-1.6,2.4,1.0474,1100.0,22.155,33.4,334.0,1.5598958087852737,,,,Sand,,,Sand 2,2,3.32,30.08,-1.7299999999999998,-28.49
-20.59,22.18,32.29,0.346,1.4,0.0,-1.4,2.3,1.0446,1101.0,22.175,32.29,322.9,1.5679245447037322,,,,Sand,,,Sand 2,2,3.32,30.08,-1.7299999999999998,-28.49
-20.61,22.2,31.82,0.338,1.4,0.0,-1.2,2.4,1.04,1102.0,22.195,31.82,318.2,1.5703249451565455,,,,Sand,,,Sand 2,2,3.32,30.08,-1.7299999999999998,-28.49
-20.63,22.22,31.59,0.314,1.4,-0.2,-1.4,2.3,0.9796,1103.0,22.215,31.59,315.9,1.5519062689248864,,,,Sand,,,Sand 2,2,3.32,30.08,-1.7299999999999998,-28.49
-20.65,22.24,31.67,0.301,1.4,-0.2,-1.4,2.4,0.94383,1104.0,22.235,31.67,316.7,1.538640411668113,,,,Sand,,,Sand 2,2,3.32,30.08,-1.7299999999999998,-28.49
-20.67,22.26,32.01,0.284,1.4,-0.2,-1.4,2.4,0.88882,1104.0,22.255,32.01,320.09999999999997,1.5155195388562372,,,,Sand,,,Sand 2,2,3.32,30.08,-1.7299999999999998,-28.49
-20.69,22.28,31.87,0.275,1.4,-0.2,-1.2,2.4,0.85288,1105.0,22.275,31.87,318.7,1.5029614976511376,,,,Sand,,,Sand 2,2,3.32,30.08,-1.7299999999999998,-28.49
-20.71,22.3,31.78,0.272,1.4,0.0,-1.0,2.3,0.83263,1106.0,22.295,31.78,317.8,1.495779721756649,,,,Sand,,,Sand 2,2,3.32,30.08,-1.7299999999999998,-28.49
-20.73,22.32,32.1,0.275,1.4,-0.2,-1.4,2.0,0.82831,1107.0,22.315,32.1,321.0,1.4912429850643325,,,,Sand,,,Sand 2,2,3.32,30.08,-1.7299999999999998,-28.49
-20.75,22.34,32.78,0.282,1.4,0.0,-1.2,2.1,0.831,1108.0,22.335,32.78,327.8,1.4864564477949251,,,,Sand,,,Sand 2,2,3.32,30.08,-1.7299999999999998,-28.49
-20.77,22.36,34.15,0.287,1.4,-0.2,-1.2,2.3,0.82109,1109.0,22.355,34.15,341.5,1.4710810204822224,,,,Sand,,,Sand 2,2,3.32,30.08,-1.7299999999999998,-28.49
-20.79,22.38,34.98,0.291,1.4,-0.2,-1.4,2.4,0.80529,1110.0,22.375,34.98,349.8,1.4579363322765242,,,,Sand,,,Sand 2,2,3.32,30.08,-1.7299999999999998,-28.49
-20.81,22.4,35.93,0.295,1.4222,-0.2,-1.2,2.3,0.78917,1110.0,22.395,35.93,359.3,1.443765416583598,,,,Sand,,,Sand 2,2,3.32,30.08,-1.7299999999999998,-28.49
-20.830000000000002,22.42,37.89,0.302,1.4445,0.0,-1.4,2.3,0.78299,1111.0,22.415,37.89,378.9,1.4265978013843588,,,,Sand,,,Sand 2,2,3.32,30.08,-1.7299999999999998,-28.49
-20.85,22.44,40.02,0.322,1.4667,0.0,-1.0,2.0,0.81388,1112.0,22.435,40.02,400.2,1.4251701032317756,,,,Sand,,,Sand 2,2,3.32,30.08,-1.7299999999999998,-28.49
-20.87,22.46,41.24,0.337,1.5333,-0.2,-1.4,2.5,0.83354,1113.0,22.455,41.24,412.4,1.42555019310996,,,,Sand,,,Sand 2,2,3.32,30.08,-1.7299999999999998,-28.49
-20.89,22.48,42.06,0.356,1.6,-0.4,-1.6,2.8,0.86642,1114.0,22.475,42.06,420.6,1.4339708582934017,,,,Sand,,,Sand 2,2,3.32,30.08,-1.7299999999999998,-28.49
-20.91,22.5,42.29,0.379,1.5333,-0.2,-1.2,2.6,0.91546,1114.0,22.495,42.29,422.9,1.4519664086634354,,,,Sand,,,Sand 2,2,3.32,30.08,-1.7299999999999998,-28.49
-20.93,22.52,42.1,0.387,1.4667,-0.6,-1.2,2.4,0.9362,1115.0,22.515,42.1,421.0,1.4610263523134566,,,,Sand,,,Sand 2,2,3.32,30.08,-1.7299999999999998,-28.49
-20.95,22.54,41.91,0.396,1.4,0.2,-0.8,2.3,0.96424,1116.0,22.535,41.91,419.1,1.4726259566124213,,,,Sand,,,Sand 2,2,3.32,30.08,-1.7299999999999998,-28.49
-20.97,22.56,41.2,0.402,1.5,-0.2,-1.4,2.4,0.98778,1117.0,22.555,41.2,412.0,1.4854629722811004,,,,Sand,,,Sand 2,2,3.32,30.08,-1.7299999999999998,-28.49
-20.99,22.58,40.38,0.414,1.6,0.2,-1.6,2.4,1.0271,1118.0,22.575,40.38,403.8,1.5043532001474582,,,,Sand,,,Sand 2,2,3.32,30.08,-1.7299999999999998,-28.49
-21.01,22.6,39.52,0.422,1.0,-0.2,-1.0,2.3,1.0552,1119.0,22.595,39.52,395.2,1.519318941129025,,,,Sand,,,Sand 2,2,3.32,30.08,-1.7299999999999998,-28.49
-21.03,22.62,39.09,0.417,1.6,0.2,-1.6,2.4,1.0487,1119.0,22.615,39.09,390.9,1.5198632358980073,,,,Sand,,,Sand 2,2,3.32,30.08,-1.7299999999999998,-28.49
-21.05,22.64,39.09,0.408,0.8,0.0,-0.8,2.4,1.0267,1120.0,22.635,39.09,390.9,1.512356417475456,,,,Sand,,,Sand 2,2,3.32,30.08,-1.7299999999999998,-28.49
-21.07,22.66,39.17,0.406,0.8,0.2,-0.8,2.3,1.0192,1121.0,22.655,39.17,391.7,1.509248696595546,,,,Sand,,,Sand 2,2,3.32,30.08,-1.7299999999999998,-28.49
-21.09,22.68,39.58,0.41,0.4,0.2,-0.4,2.3,1.025,1122.0,22.675,39.58,395.8,1.508635055309,,,,Sand,,,Sand 2,2,3.32,30.08,-1.7299999999999998,-28.49
-21.11,22.7,40.08,0.407,1.6,0.2,-1.6,2.4,1.0136,1123.0,22.695,40.08,400.8,1.5015203217809276,,,,Sand,,,Sand 2,2,3.32,30.08,-1.7299999999999998,-28.49
-21.13,22.72,41.0,0.414,2.0,0.2,-2.0,2.4,1.027,1124.0,22.715,41.0,410.0,1.5005283315694802,,,,Sand,,,Sand 2,2,3.32,30.08,-1.7299999999999998,-28.49
-21.15,22.74,41.14,0.413,1.6667,0.0,-0.2,2.3,1.0203,1124.0,22.734,41.14,411.4,1.4973496015717038,,,,Sand,,,Sand 2,2,3.32,30.08,-1.7299999999999998,-28.49
-21.17,22.76,40.85,0.418,1.6445,0.2,-1.6,2.4,1.0293,1125.0,22.754,40.85,408.5,1.5022352648535304,,,,Sand,,,Sand 2,2,3.32,30.08,-1.7299999999999998,-28.49
-21.19,22.78,40.33,0.419,1.6222,0.0,-1.0,2.4,1.0299,1126.0,22.774,40.33,403.3,1.5056301756996842,,,,Sand,,,Sand 2,2,3.32,30.08,-1.7299999999999998,-28.49
-21.21,22.8,40.33,0.42,1.6,0.2,-1.6,2.4,1.0355,1127.0,22.794,40.33,403.3,1.5075590695218162,,,,Sand,,,Sand 2,2,3.32,30.08,-1.7299999999999998,-28.49
-21.23,22.82,40.53,0.418,1.8,0.2,-1.8,2.3,1.0383,1128.0,22.814,40.53,405.3,1.5072900797165798,,,,Sand,,,Sand 2,2,3.32,30.08,-1.7299999999999998,-28.49
-21.25,22.84,40.61,0.416,1.8667,-0.6,-1.6,2.0,1.0465,1129.0,22.834,40.61,406.1,1.5096047468883165,,,,Sand,,,Sand 2,2,3.32,30.08,-1.7299999999999998,-28.49
-21.27,22.86,40.67,0.42,1.9333,-0.2,-2.0,2.2,1.0716,1130.0,22.854,40.67,406.7,1.517705740155136,,,,Sand,,,Sand 2,2,3.32,30.08,-1.7299999999999998,-28.49
-21.29,22.88,40.03,0.416,2.0,0.2,-2.0,2.5,1.0788,1130.0,22.874,40.03,400.3,1.5240130438498325,,,,Sand,,,Sand 2,2,3.32,30.08,-1.7299999999999998,-28.49
-21.31,22.9,38.72,0.413,2.0593,-0.2,-0.4,2.3,1.0911,1131.0,22.894,38.72,387.2,1.5363141898253532,,,,Sand,,,Sand 2,2,3.32,30.08,-1.7299999999999998,-28.49
-21.330000000000002,22.92,36.78,0.412,2.1185,-0.6,-1.8,2.3,1.1118,1132.0,22.914,36.78,367.8,1.5558732855000554,,,,Sand,,,Sand 2,2,3.32,30.08,-1.7299999999999998,-28.49
-21.35,22.94,35.87,0.407,2.1778,-0.4,-1.2,2.3,1.1239,1133.0,22.934,35.87,358.7,1.5660349508338258,,,,Sand,,,Sand 2,2,3.32,30.08,-1.7299999999999998,-28.49
-21.37,22.96,35.29,0.397,2.4,0.4,-2.3,1.9,1.1207,1134.0,22.954,35.29,352.9,1.569181228787284,,,,Sand,,,Sand 2,2,3.32,30.08,-1.7299999999999998,-28.49
-21.39,22.98,34.84,0.388,2.1333,0.0,-1.4,2.9,1.1159,1135.0,22.974,34.84,348.4,1.5709592008935889,,,,Sand,,,Sand 2,2,3.32,30.08,-1.7299999999999998,-28.49
-21.41,23.0,34.26,0.379,1.8667,0.0,-0.8,2.8,1.1035,1135.0,22.994,34.26,342.6,1.5713741314303677,,,,Sand,,,Sand 2,2,3.32,30.08,-1.7299999999999998,-28.49
-21.43,23.02,33.92,0.368,1.6,0.0,-1.6,2.5,1.0813,1136.0,23.014,33.92,339.2,1.5668836274108315,,,,Sand,,,Sand 2,2,3.32,30.08,-1.7299999999999998,-28.49
-21.45,23.04,33.71,0.361,1.6,-0.2,-1.6,2.3,1.0673,1137.0,23.034,33.71,337.1,1.5639813867391372,,,,Sand,,,Sand 2,2,3.32,30.08,-1.7299999999999998,-28.49
-21.47,23.06,33.5,0.354,1.5778,0.0,-1.4,2.3,1.0497,1138.0,23.054,33.5,335.0,1.5598663854367414,,,,Sand,,,Sand 2,2,3.32,30.08,-1.7299999999999998,-28.49
-21.49,23.08,33.37,0.35,1.5555,0.0,-1.0,2.3,1.0369,1139.0,23.074,33.37,333.7,1.5566567041009078,,,,Sand,,,Sand 2,2,3.32,30.08,-1.7299999999999998,-28.49
-21.51,23.1,33.38,0.348,1.5333,0.0,-1.2,2.4,1.0257,1139.0,23.094,33.38,333.8,1.5528358698704918,,,,Sand,,,Sand 2,2,3.32,30.08,-1.7299999999999998,-28.49
-21.53,23.12,33.61,0.346,1.6,-0.2,-1.6,2.4,1.0126,1140.0,23.114,33.61,336.1,1.5465929558913274,,,,Sand,,,Sand 2,2,3.32,30.08,-1.7299999999999998,-28.49
-21.55,23.14,34.04,0.345,1.8,-0.4,-1.8,2.4,1.0026,1141.0,23.134,34.04,340.4,1.5398105279686556,,,,Sand,,,Sand 2,2,3.32,30.08,-1.7299999999999998,-28.49
-21.57,23.16,34.51,0.347,1.763,0.0,-1.2,2.4,1.0031,1142.0,23.154,34.51,345.1,1.5363620432924836,,,,Sand,,,Sand 2,2,3.32,30.08,-1.7299999999999998,-28.49
-21.59,23.18,35.3,0.349,1.7259,0.0,-1.0,2.4,1.0059,1143.0,23.174,35.3,353.0,1.5313849133870594,,,,Sand,,,Sand 2,2,3.32,30.08,-1.7299999999999998,-28.49
-21.61,23.2,35.65,0.355,1.6889,-0.2,-1.4,2.4,1.0217,1144.0,23.194,35.65,356.5,1.5342264188473531,,,,Sand,,,Sand 2,2,3.32,30.08,-1.7299999999999998,-28.49
-21.63,23.22,35.43,0.358,1.8444,0.0,-1.4,2.4,1.0288,1144.0,23.214,35.43,354.3,1.538244798215622,,,,Sand,,,Sand 2,2,3.32,30.08,-1.7299999999999998,-28.49
-21.65,23.24,34.81,0.358,2.0,0.0,-2.0,2.3,1.0259,1145.0,23.234,34.81,348.1,1.5418667305655125,,,,Sand,,,Sand 2,2,3.32,30.08,-1.7299999999999998,-28.49
-21.67,23.26,34.2,0.358,1.6,0.0,-1.6,2.4,1.0268,1146.0,23.254,34.2,342.0,1.546804626810677,,,,Sand,,,Sand 2,2,3.32,30.08,-1.7299999999999998,-28.49
-21.69,23.28,34.02,0.36,1.5778,0.0,-0.8,2.3,1.0371,1147.0,23.274,34.02,340.2,1.5516427251325144,,,,Sand,,,Sand 2,2,3.32,30.08,-1.7299999999999998,-28.49
-21.71,23.3,34.45,0.36,1.5555,-0.2,-1.4,2.3,1.0461,1148.0,23.294,34.45,344.5,1.5513470478875986,,,,Sand,,,Sand 2,2,3.32,30.08,-1.7299999999999998,-28.49
-21.73,23.32,35.31,0.355,1.5333,-0.2,-1.0,2.0,1.0429,1149.0,23.314,35.31,353.1,1.5438644768206258,,,,Sand,,,Sand 2,2,3.32,30.08,-1.7299999999999998,-28.49
-21.75,23.34,35.05,0.357,1.6,0.2,-1.6,2.2,1.0621,1150.0,23.334,35.05,350.5,1.5521373915532193,,,,Sand,,,Sand 2,2,3.32,30.08,-1.7299999999999998,-28.49
-21.77,23.36,34.42,0.353,1.5333,0.0,-1.0,2.4,1.0658,1151.0,23.354,34.42,344.2,1.558055407195214,,,,Sand,,,Sand 2,2,3.32,30.08,-1.7299999999999998,-28.49
-21.79,23.38,33.04,0.352,1.4667,-0.2,-1.6,2.3,1.0834,1151.0,23.374,33.04,330.4,1.5744268351138628,,,,Sand,,,Sand 2,2,3.32,30.08,-1.7299999999999998,-28.49
-21.81,23.4,31.84,0.348,1.4,0.0,-1.4,2.3,1.0981,1152.0,23.394,31.84,318.4,1.588823175564188,,,,Sand,,,Sand 2,2,3.32,30.08,-1.7299999999999998,-28.49
-21.830000000000002,23.42,30.78,0.339,1.4,0.0,-1.4,2.4,1.0981,1153.0,23.414,30.78,307.8,1.597815536924769,,,,Sand,,,Sand 2,2,3.32,30.08,-1.7299999999999998,-28.49
-21.85,23.44,30.08,0.326,1.4,-0.2,-1.4,1.9,1.0837,1154.0,23.434,30.08,300.8,1.5994716756112877,,,,Sand,,,Sand 2,2,3.32,30.08,-1.7299999999999998,-28.49
-21.87,23.46,29.41,0.313,1.4,0.0,-1.4,2.8,1.0639,1155.0,23.454,29.41,294.1,1.59930417467981,,,,Sand,,,Sand 2,2,3.32,30.08,-1.7299999999999998,-28.49
-21.89,23.48,28.9,0.297,1.4,0.0,-1.4,2.8,1.0288,1155.0,23.474,28.9,289.0,1.5927732882725234,,,,Sand,,,Sand 2,2,3.32,30.08,-1.7299999999999998,-28.49
-21.91,23.5,28.5,0.287,1.4,0.0,-1.4,2.5,1.0107,1156.0,23.494,28.5,285.0,1.590672704204501,,,,Sand,,,Sand 2,2,3.32,30.08,-1.7299999999999998,-28.49
-21.93,23.52,28.11,0.279,1.4,0.0,-1.4,2.4,0.99625,1157.0,23.514,28.11,281.1,1.5897001512588278,,,,Sand,,,Sand 2,2,3.32,30.08,-1.7299999999999998,-28.49
-21.95,23.54,27.73,0.268,1.4,0.0,-1.4,2.4,0.96795,1158.0,23.534,27.73,277.3,1.5839549378413902,,,,Sand,,,Sand 2,2,3.32,30.08,-1.7299999999999998,-28.49
-21.97,23.56,27.43,0.259,1.4,0.0,-1.4,2.4,0.94603,1159.0,23.554,27.43,274.3,1.5794766648581615,,,,Sand,,,Sand 2,2,3.32,30.08,-1.7299999999999998,-28.49
-21.99,23.58,27.02,0.254,1.4,0.0,-1.4,2.4,0.94205,1160.0,23.574,27.02,270.2,1.5823747757199118,,,,Sand,,,Sand 2,2,3.32,30.08,-1.7299999999999998,-28.49
-22.01,23.6,26.94,0.245,1.4,-0.2,-1.4,2.3,0.92825,1160.0,23.594,26.94,269.4,1.578391972931105,,,,Sand,,,Sand 2,2,3.32,30.08,-1.7299999999999998,-28.49
-22.03,23.62,26.87,0.231,1.4,-0.2,-1.4,2.4,0.89966,1161.0,23.614,26.87,268.7,1.5689435639318465,,,,Sand,,,Sand 2,2,3.32,30.08,-1.7299999999999998,-28.49
-22.05,23.64,26.42,0.22,1.4,0.0,-1.4,2.3,0.88469,1162.0,23.634,26.42,264.2,1.5683897288684232,,,,Sand,,,Sand 2,2,3.32,30.08,-1.7299999999999998,-28.49
-22.07,23.66,25.18,0.209,1.4,0.0,-1.2,2.4,0.86776,1163.0,23.654,25.18,251.8,1.5762396891283734,,,,Sand,,,Sand 2,2,3.32,30.08,-1.7299999999999998,-28.49
-22.09,23.68,23.56,0.199,1.4,-0.2,-1.4,2.3,0.85312,1164.0,23.674,23.56,235.6,1.5906110167418799,,,,Sand,,,Sand 2,2,3.32,30.08,-1.7299999999999998,-28.49
-22.11,23.7,21.99,0.191,1.4,0.0,-1.4,2.4,0.84509,1165.0,23.694,21.99,219.9,1.6084969192225542,,,,Sand,,,Sand 2,2,3.32,30.08,-1.7299999999999998,-28.49
-22.13,23.72,20.96,0.184,1.4,0.0,-1.2,2.4,0.83722,1165.0,23.714,20.96,209.6,1.6203037783786851,,,,Sand,,,Sand 2,2,3.32,30.08,-1.7299999999999998,-28.49
-22.15,23.74,20.76,0.175,1.4,0.0,-1.2,2.3,0.81225,1166.0,23.734,20.76,207.6,1.6140271521876444,,,,Sand,,,Sand 2,2,3.32,30.08,-1.7299999999999998,-28.49
-22.17,23.76,20.87,0.168,1.4,0.0,-1.4,2.4,0.7861,1167.0,23.754,20.87,208.7,1.602463512591933,,,,Sand,,,Sand 2,2,3.32,30.08,-1.7299999999999998,-28.49
-22.19,23.78,21.07,0.168,1.4,0.0,-1.2,2.4,0.78358,1168.0,23.774,21.07,210.7,1.598520156628589,,,,Sand,,,Sand 2,2,3.32,30.08,-1.7299999999999998,-28.49
-22.21,23.8,21.43,0.172,1.4,0.0,-1.2,2.3,0.79418,1169.0,23.794,21.43,214.3,1.597338079533494,,,,Sand,,,Sand 2,2,3.32,30.08,-1.7299999999999998,-28.49
-22.23,23.82,21.72,0.178,1.4,0.0,-1.4,2.1,0.81223,1170.0,23.814,21.72,217.2,1.6000566764478898,,,,Sand,,,Sand 2,2,3.32,30.08,-1.7299999999999998,-28.49
-22.25,23.84,22.17,0.188,1.4,0.0,-1.4,2.1,0.84704,1171.0,23.834,22.17,221.7,1.6067315225202332,,,,Sand,,,Sand 2,2,3.32,30.08,-1.7299999999999998,-28.49
-22.27,23.86,22.54,0.194,1.4,0.0,-1.4,2.3,0.86174,1171.0,23.854,22.54,225.4,1.6070738153253905,,,,Sand,,,Sand 2,2,3.32,30.08,-1.7299999999999998,-28.49
-22.29,23.88,22.7,0.202,1.4,0.0,-1.4,2.4,0.88374,1172.0,23.874,22.7,227.0,1.6128395020665751,,,,Sand,,,Sand 2,2,3.32,30.08,-1.7299999999999998,-28.49
-22.31,23.9,22.82,0.21,1.4,0.0,-1.4,2.4,0.90581,1173.0,23.894,22.82,228.2,1.6190301036607804,,,,Sand,,,Sand 2,2,3.32,30.08,-1.7299999999999998,-28.49
-22.330000000000002,23.92,23.11,0.212,1.4,0.0,-1.4,2.3,0.90584,1174.0,23.914,23.11,231.1,1.6152797840841857,,,,Sand,,,Sand 2,2,3.32,30.08,-1.7299999999999998,-28.49
-22.35,23.94,23.61,0.215,1.4,0.0,-1.4,2.1,0.91295,1175.0,23.934,23.61,236.1,1.61141351513041,,,,Sand,,,Sand 2,2,3.32,30.08,-1.7299999999999998,-28.49
-22.37,23.96,24.19,0.215,1.2,0.0,-1.2,2.9,0.90871,1176.0,23.954,24.19,241.9,1.6027704862030439,,,,Sand,,,Sand 2,2,3.32,30.08,-1.7299999999999998,-28.49
-22.39,23.98,24.33,0.216,1.2,0.0,-1.2,2.8,0.90923,1176.0,23.974,24.33,243.3,1.6012556800951268,,,,Sand,,,Sand 2,2,3.32,30.08,-1.7299999999999998,-28.49
-22.41,24.0,23.93,0.216,1.2,0.0,-1.2,2.5,0.90737,1177.0,23.994,23.93,239.3,1.6054850251910902,,,,Sand,,,Sand 2,2,3.32,30.08,-1.7299999999999998,-28.49
-22.43,24.02,23.71,0.217,1.2,0.0,-1.2,2.4,0.91301,1178.0,24.014,23.71,237.1,1.6101855137026453,,,,Sand,,,Sand 2,2,3.32,30.08,-1.7299999999999998,-28.49
-22.45,24.04,23.58,0.214,1.2,0.0,-1.2,2.4,0.90592,1179.0,24.034,23.58,235.8,1.6093323518700122,,,,Sand,,,Sand 2,2,3.32,30.08,-1.7299999999999998,-28.49
-22.47,24.06,23.59,0.21,1.2,0.0,-1.2,2.3,0.89547,1180.0,24.054,23.59,235.9,1.605524716019139,,,,Sand,,,Sand 2,2,3.32,30.08,-1.7299999999999998,-28.49
-22.49,24.08,23.5,0.202,1.2,-0.2,-1.2,2.4,0.86649,1180.0,24.074,23.5,235.0,1.5962669866102588,,,,Sand,,,Sand 2,2,3.32,30.08,-1.7299999999999998,-28.49
-22.51,24.1,23.31,0.196,1.2,0.0,-1.2,2.4,0.84556,1181.0,24.094,23.31,233.1,1.5910227472108802,,,,Sand,,,Sand 2,2,3.32,30.08,-1.7299999999999998,-28.49
-22.53,24.12,23.03,0.19,1.2,0.0,-1.0,2.4,0.82452,1182.0,24.114,23.03,230.3,1.5868099679719692,,,,Sand,,,Sand 2,2,3.32,30.08,-1.7299999999999998,-28.49
-22.55,24.14,22.96,0.183,1.2,0.0,-1.4,2.4,0.79887,1183.0,24.134,22.96,229.6,1.5779404252257883,,,,Sand,,,Sand 2,2,3.32,30.08,-1.7299999999999998,-28.49
-22.57,24.16,22.82,0.177,1.2,0.0,-1.2,2.3,0.77747,1184.0,24.154,22.82,228.2,1.5714516423743627,,,,Sand,,,Sand 2,2,3.32,30.08,-1.7299999999999998,-28.49
-22.59,24.18,22.65,0.172,1.4,-0.2,-1.4,2.3,0.76081,1185.0,24.174,22.65,226.5,1.5671254577209037,,,,Sand,,,Sand 2,2,3.32,30.08,-1.7299999999999998,-28.49
-22.61,24.2,22.49,0.167,1.4,0.0,-1.2,2.4,0.74396,1185.0,24.194,22.49,224.9,1.56250698427673,,,,Sand,,,Sand 2,2,3.32,30.08,-1.7299999999999998,-28.49
-22.63,24.22,22.5,0.168,1.4,0.0,-1.4,2.4,0.75438,1186.0,24.214,22.5,225.0,1.5665950642006363,,,,Sand,,,Sand 2,2,3.32,30.08,-1.7299999999999998,-28.49
-22.65,24.24,22.37,0.168,1.4,0.0,-1.0,2.4,0.75962,1187.0,24.234,22.37,223.7,1.5704969667238842,,,,Sand,,,Sand 2,2,3.32,30.08,-1.7299999999999998,-28.49
-22.67,24.26,22.04,0.166,1.4,-0.2,-1.2,2.4,0.75485,1188.0,24.254,22.04,220.4,1.5731974281476429,,,,Sand,,,Sand 2,2,3.32,30.08,-1.7299999999999998,-28.49
-22.69,24.28,21.75,0.164,1.4,-0.2,-1.4,2.3,0.7507,1189.0,24.274,21.75,217.5,1.5756570671080212,,,,Sand,,,Sand 2,2,3.32,30.08,-1.7299999999999998,-28.49
-22.71,24.3,21.54,0.161,1.4,0.0,-1.4,2.4,0.74373,1189.0,24.294,21.54,215.4,1.575879975810605,,,,Sand,,,Sand 2,2,3.32,30.08,-1.7299999999999998,-28.49
-22.73,24.32,21.59,0.157,1.4,0.0,-1.0,2.3,0.73189,1190.0,24.314,21.59,215.9,1.570332698021991,,,,Sand,,,Sand 2,2,3.32,30.08,-1.7299999999999998,-28.49
-22.75,24.34,21.65,0.155,1.4,0.0,-1.4,2.0,0.72843,1191.0,24.334,21.65,216.5,1.5680399152932274,,,,Sand,,,Sand 2,2,3.32,30.08,-1.7299999999999998,-28.49
-22.77,24.36,21.33,0.151,1.4,0.0,-1.4,2.2,0.71679,1192.0,24.354,21.33,213.3,1.5679189034729193,,,,Sand,,,Sand 2,2,3.32,30.08,-1.7299999999999998,-28.49
-22.79,24.38,20.91,0.151,1.4,-0.2,-1.4,2.4,0.72614,1193.0,24.374,20.91,209.1,1.5780655469534572,,,,Sand,,,Sand 2,2,3.32,30.08,-1.7299999999999998,-28.49
-22.81,24.4,20.8,0.151,1.2,0.0,-1.2,2.4,0.73825,1194.0,24.394,20.8,208.0,1.5846592192385327,,,,Sand,,,Sand 2,2,3.32,30.08,-1.7299999999999998,-28.49
-22.830000000000002,24.42,20.66,0.151,1.2,0.0,-1.2,2.3,0.75415,1195.0,24.414,20.66,206.6,1.5931533087689165,,,,Sand,,,Sand 2,2,3.32,30.08,-1.7299999999999998,-28.49
-22.85,24.44,20.05,0.15,1.2,0.0,-1.2,2.1,0.76658,1196.0,24.434,20.05,200.5,1.6074837681223888,,,,Sand,,,Sand 2,2,3.32,30.08,-1.7299999999999998,-28.49
-22.87,24.46,19.37,0.149,1.6,0.2,-1.6,2.7,0.78016,1196.0,24.454,19.37,193.7,1.6236178341450174,,,,Sand,,,Sand 2,2,3.32,30.08,-1.7299999999999998,-28.49
-22.89,24.48,18.86,0.142,1.5778,0.0,-1.4,2.8,0.76467,1197.0,24.474,18.86,188.6,1.6261567088144169,,,,Sand,,,Sand 2,2,3.32,30.08,-1.7299999999999998,-28.49
-22.91,24.5,18.2,0.137,1.5555,0.0,-1.4,2.5,0.76116,1198.0,24.494,18.2,182.0,1.6362079730284713,,,,Sand,,,Sand 2,2,3.32,30.08,-1.7299999999999998,-28.49
-22.93,24.52,17.69,0.131,1.5333,0.0,-1.0,2.3,0.75018,1199.0,24.514,17.69,176.9,1.6411388370420648,,,,Sand,,,Sand 2,2,3.32,30.08,-1.7299999999999998,-28.49
-22.95,24.54,17.16,0.127,1.6667,-0.2,-1.8,2.3,0.74832,1200.0,24.534,17.16,171.6,1.6502862411655477,,,,Sand,,,Sand 2,2,3.32,30.08,-1.7299999999999998,-28.49
-22.97,24.56,16.57,0.12,1.8,-0.2,-1.8,2.3,0.72628,1200.0,24.554,16.57,165.7,1.653172776917426,,,,Sand,,,Sand 2,2,3.32,30.08,-1.7299999999999998,-28.49
-22.99,24.58,16.09,0.117,1.6667,-0.2,-1.2,2.4,0.72256,1201.0,24.574,16.09,160.9,1.6614028879628204,,,,Sand,,,Sand 2,2,3.32,30.08,-1.7299999999999998,-28.49
-23.01,24.6,15.76,0.115,1.5333,-0.2,-1.4,2.4,0.71909,1202.0,24.594,15.76,157.6,1.666905923153687,,,,Sand,,,Sand 2,2,3.32,30.08,-1.7299999999999998,-28.49
-23.03,24.62,15.44,0.115,1.4,-0.2,-1.0,2.4,0.72061,1203.0,24.614,15.44,154.4,1.6743066193067981,,,,Sand,,,Sand 2,2,3.32,30.08,-1.7299999999999998,-28.49
-23.05,24.64,15.27,0.117,1.4,0.0,-1.2,2.4,0.7266,1204.0,24.634,15.27,152.7,1.6803004941563298,,,,Sand,,,Sand 2,2,3.32,30.08,-1.7299999999999998,-28.49
-23.07,24.66,15.56,0.117,1.4,-0.2,-1.4,2.3,0.71347,1205.0,24.654,15.56,155.6,1.668950242002922,,,,Sand,,,Sand 2,2,3.32,30.08,-1.7299999999999998,-28.49
-23.09,24.68,16.09,0.124,1.4,-0.2,-1.4,2.4,0.73465,1205.0,24.674,16.09,160.9,1.666091667679173,,,,Sand,,,Sand 2,2,3.32,30.08,-1.7299999999999998,-28.49
-23.11,24.7,16.89,0.129,1.4,0.0,-1.2,2.4,0.7362,1206.0,24.694,16.89,168.9,1.650770724645047,,,,Sand,,,Sand 2,2,3.32,30.08,-1.7299999999999998,-28.49
-23.13,24.72,17.72,0.135,1.4,0.0,-1.2,2.3,0.74028,1207.0,24.714,17.72,177.2,1.6367451144424603,,,,Sand,,,Sand 2,2,3.32,30.08,-1.7299999999999998,-28.49
-23.15,24.74,18.46,0.142,1.4,0.0,-1.4,2.3,0.74747,1208.0,24.734,18.46,184.6,1.6263472737295461,,,,Sand,,,Sand 2,2,3.32,30.08,-1.7299999999999998,-28.49
-23.17,24.76,19.6,0.151,1.4,-0.2,-1.4,2.4,0.76311,1209.0,24.754,19.6,196.0,1.61331310449138,,,,Sand,,,Sand 2,2,3.32,30.08,-1.7299999999999998,-28.49
-23.19,24.78,20.59,0.156,1.4,-0.2,-1.4,2.4,0.75931,1210.0,24.774,20.59,205.9,1.5962621599532782,,,,Sand,,,Sand 2,2,3.32,30.08,-1.7299999999999998,-28.49
-23.21,24.8,20.98,0.166,1.4,-0.2,-1.4,2.4,0.78081,1210.0,24.794,20.98,209.8,1.5987832373649986,,,,Sand,,,Sand 2,2,3.32,30.08,-1.7299999999999998,-28.49
-23.23,24.82,21.65,0.173,1.4,-0.2,-1.4,2.3,0.78605,1211.0,24.814,21.65,216.5,1.5910420677667998,,,,Sand,,,Sand 2,2,3.32,30.08,-1.7299999999999998,-28.49
-23.25,24.84,22.41,0.177,1.4,0.0,-1.4,2.0,0.77845,1212.0,24.834,22.41,224.1,1.5774169253209527,,,,Sand,,,Sand 2,2,3.32,30.08,-1.7299999999999998,-28.49
-23.27,24.86,22.95,0.18,1.4,0.0,-1.4,2.2,0.76853,1213.0,24.854,22.95,229.5,1.5661573679665048,,,,Sand,,,Sand 2,2,3.32,30.08,-1.7299999999999998,-28.49
-23.29,24.88,23.44,0.188,1.4,0.0,-1.4,2.4,0.77931,1214.0,24.874,23.44,234.4,1.5639670532179841,,,,Sand,,,Sand 2,2,3.32,30.08,-1.7299999999999998,-28.49
-23.31,24.9,24.45,0.193,1.4,-0.2,-1.4,2.3,0.77913,1215.0,24.894,24.45,244.5,1.551063263360544,,,,Sand,,,Sand 2,2,3.32,30.08,-1.7299999999999998,-28.49
-23.330000000000002,24.92,25.43,0.202,1.4,0.0,-1.4,2.3,0.79728,1216.0,24.914,25.43,254.3,1.5464469975091772,,,,Sand,,,Sand 2,2,3.32,30.08,-1.7299999999999998,-28.49
-23.35,24.94,26.06,0.211,1.4,-0.2,-1.4,2.1,0.81597,1217.0,24.934,26.06,260.6,1.54649811436978,,,,Sand,,,Sand 2,2,3.32,30.08,-1.7299999999999998,-28.49
-23.37,24.96,26.6,0.216,1.4,0.0,-1.4,2.6,0.82055,1217.0,24.954,26.6,266.0,1.5422278228166368,,,,Sand,,,Sand 2,2,3.32,30.08,-1.7299999999999998,-28.49
-23.39,24.98,26.83,0.221,1.4,-0.2,-1.4,2.9,0.82907,1218.0,24.974,26.83,268.3,1.5430038318432353,,,,Sand,,,Sand 2,2,3.32,30.08,-1.7299999999999998,-28.49
-23.41,25.0,26.93,0.224,1.4,-0.2,-1.4,2.7,0.83415,1219.0,24.994,26.93,269.3,1.5438739132807398,,,,Sand,,,Sand 2,2,3.32,30.08,-1.7299999999999998,-28.49
-23.43,25.02,27.13,0.226,1.4,-0.2,-1.4,2.4,0.83952,1220.0,25.014,27.13,271.3,1.5437756852014937,,,,Sand,,,Sand 2,2,3.32,30.08,-1.7299999999999998,-28.49
-23.45,25.04,27.16,0.225,1.4,0.0,-1.4,2.4,0.83717,1220.0,25.034,27.16,271.6,1.5425513233628947,,,,Sand,,,Sand 2,2,3.32,30.08,-1.7299999999999998,-28.49
-23.47,25.06,27.11,0.225,1.4,-0.2,-1.4,2.4,0.84069,1221.0,25.054,27.11,271.1,1.5444389591607313,,,,Sand,,,Sand 2,2,3.32,30.08,-1.7299999999999998,-28.49
-23.49,25.08,27.01,0.224,1.4,-0.2,-1.2,2.3,0.84203,1222.0,25.074,27.01,270.1,1.5460292429850104,,,,Sand,,,Sand 2,2,3.32,30.08,-1.7299999999999998,-28.49
-23.51,25.1,26.59,0.222,1.4,0.0,-1.4,2.3,0.84071,1223.0,25.094,26.59,265.9,1.5501060311564172,,,,Sand,,,Sand 2,2,3.32,30.08,-1.7299999999999998,-28.49
-23.53,25.12,26.25,0.221,1.4,0.0,-1.4,2.4,0.84307,1224.0,25.114,26.25,262.5,1.5547773741278714,,,,Sand,,,Sand 2,2,3.32,30.08,-1.7299999999999998,-28.49
-23.55,25.14,25.93,0.22,1.4,-0.2,-1.4,2.4,0.84481,1224.0,25.134,25.93,259.3,1.5590411903038561,,,,Sand,,,Sand 2,2,3.32,30.08,-1.7299999999999998,-28.49
-23.57,25.16,25.64,0.22,1.4,-0.2,-1.4,2.4,0.84856,1225.0,25.154,25.64,256.4,1.563766792262561,,,,Sand,,,Sand 2,2,3.32,30.08,-1.7299999999999998,-28.49
-23.59,25.18,25.56,0.218,1.4,-0.2,-1.4,2.4,0.84178,1226.0,25.174,25.56,255.6,1.562132129169471,,,,Sand,,,Sand 2,2,3.32,30.08,-1.7299999999999998,-28.49
-23.61,25.2,25.62,0.222,1.6,-0.2,-1.6,2.3,0.85619,1227.0,25.194,25.62,256.2,1.5668542453819083,,,,Sand,,,Sand 2,2,3.32,30.08,-1.7299999999999998,-28.49
-23.63,25.22,25.73,0.224,1.6,-0.2,-1.6,2.4,0.86604,1228.0,25.214,25.73,257.3,1.56925522317145,,,,Sand,,,Sand 2,2,3.32,30.08,-1.7299999999999998,-28.49
-23.65,25.24,26.09,0.227,1.6,0.0,-1.4,2.3,0.88181,1229.0,25.234,26.09,260.9,1.5709919803123251,,,,Sand,,,Sand 2,2,3.32,30.08,-1.7299999999999998,-28.49
-23.67,25.26,26.36,0.226,1.6,-0.2,-1.6,2.4,0.88355,1229.0,25.254,26.36,263.6,1.5686333519260325,,,,Sand,,,Sand 2,2,3.32,30.08,-1.7299999999999998,-28.49
-23.69,25.28,26.5,0.227,1.6,0.0,-1.6,2.4,0.89173,1230.0,25.274,26.5,265.0,1.5700765454404484,,,,Sand,,,Sand 2,2,3.32,30.08,-1.7299999999999998,-28.49
-23.71,25.3,25.42,0.227,1.4,0.0,-1.4,2.4,0.89177,1231.0,25.294,25.42,254.2,1.5821955850779283,,,,Sand,,,Sand 2,2,3.32,30.08,-1.7299999999999998,-28.49
-23.73,25.32,24.66,0.222,1.4,-0.2,-1.4,2.4,0.8682,1232.0,25.314,24.66,246.6,1.5825608153702573,,,,Sand,,,Sand 2,2,3.32,30.08,-1.7299999999999998,-28.49
-23.75,25.34,24.25,0.219,1.4,-0.2,-1.4,2.1,0.84736,1233.0,25.334,24.25,242.5,1.5798451315238327,,,,Sand,,,Sand 2,2,3.32,30.08,-1.7299999999999998,-28.49
-23.77,25.36,24.64,0.218,1.4,-0.2,-1.4,2.1,0.83369,1234.0,25.354,24.64,246.4,1.5699523087790987,,,,Sand,,,Sand 2,2,3.32,30.08,-1.7299999999999998,-28.49
-23.79,25.38,25.72,0.214,1.4,0.0,-1.4,2.3,0.80274,1235.0,25.374,25.72,257.2,1.545216601058153,,,,Sand,,,Sand 2,2,3.32,30.08,-1.7299999999999998,-28.49
-23.81,25.4,27.01,0.214,1.6,0.0,-1.6,2.4,0.78457,1236.0,25.394,27.01,270.1,1.5234287022791024,,,,Sand,,,Sand 2,2,3.32,30.08,-1.7299999999999998,-28.49
-23.830000000000002,25.42,28.56,0.217,1.6,-0.2,-1.6,2.3,0.7767,1236.0,25.414,28.56,285.6,1.5037781831696846,,,,Sand,,,Sand 2,2,3.32,30.08,-1.7299999999999998,-28.49
-23.85,25.44,28.93,0.219,1.6,-0.2,-1.6,2.3,0.76654,1237.0,25.434,28.93,289.3,1.4957857988793002,,,,Sand,,,Sand 2,2,3.32,30.08,-1.7299999999999998,-28.49
-23.87,25.46,29.5,0.23,1.6,0.0,-1.6,2.0,0.7896,1238.0,25.454,29.5,295.0,1.499651531352754,,,,Sand,,,Sand 2,2,3.32,30.08,-1.7299999999999998,-28.49
-23.89,25.48,29.6,0.233,1.6,-0.2,-1.4,2.9,0.78776,1239.0,25.474,29.6,296.0,1.4979164335765542,,,,Sand,,,Sand 2,2,3.32,30.08,-1.7299999999999998,-28.49
-23.91,25.5,29.55,0.24,1.6,-0.2,-1.6,2.8,0.80399,1240.0,25.494,29.55,295.5,1.505016398257542,,,,Sand,,,Sand 2,2,3.32,30.08,-1.7299999999999998,-28.49
-23.93,25.52,29.69,0.243,1.6,-0.2,-1.6,2.5,0.80758,1240.0,25.514,29.69,296.9,1.5051025523959594,,,,Sand,,,Sand 2,2,3.32,30.08,-1.7299999999999998,-28.49
-23.95,25.54,30.19,0.245,1.4,-0.2,-1.4,2.3,0.80945,1241.0,25.534,30.19,301.9,1.5010608891312192,,,,Sand,,,Sand 2,2,3.32,30.08,-1.7299999999999998,-28.49
-23.97,25.56,30.6,0.247,1.4,0.0,-1.4,2.4,0.8113,1242.0,25.554,30.6,306.0,1.4979503049096716,,,,Sand,,,Sand 2,2,3.32,30.08,-1.7299999999999998,-28.49
-23.99,25.58,30.75,0.252,1.4,0.0,-1.4,2.4,0.82235,1243.0,25.574,30.75,307.5,1.5009936418732588,,,,Sand,,,Sand 2,2,3.32,30.08,-1.7299999999999998,-28.49
-24.01,25.6,30.84,0.259,1.6,-0.2,-1.6,2.3,0.84002,1244.0,25.594,30.84,308.4,1.507161361360872,,,,Sand,,,Sand 2,2,3.32,30.08,-1.7299999999999998,-28.49
-24.03,25.62,30.92,0.264,1.4,-0.2,-1.4,2.4,0.85264,1245.0,25.614,30.92,309.2,1.5113544816601134,,,,Sand,,,Sand 2,2,3.32,30.08,-1.7299999999999998,-28.49
-24.05,25.64,31.02,0.267,1.6,0.0,-1.6,2.3,0.8599,1245.0,25.633,31.02,310.2,1.5132530677656788,,,,Sand,,,Sand 2,2,3.32,30.08,-1.7299999999999998,-28.49
-24.07,25.66,31.14,0.268,1.4,-0.2,-1.4,2.4,0.86142,1246.0,25.653,31.14,311.4,1.5127551432732225,,,,Sand,,,Sand 2,2,3.32,30.08,-1.7299999999999998,-28.49
-24.09,25.68,31.2,0.268,1.4,0.0,-1.4,2.4,0.86122,1247.0,25.673,31.2,312.0,1.5121385042976239,,,,Sand,,,Sand 2,2,3.32,30.08,-1.7299999999999998,-28.49
-24.11,25.7,31.23,0.268,1.4,0.0,-1.4,2.4,0.86333,1248.0,25.693,31.23,312.3,1.512681288991166,,,,Sand,,,Sand 2,2,3.32,30.08,-1.7299999999999998,-28.49
-24.13,25.72,31.3,0.267,1.4,-0.2,-1.4,2.3,0.86604,1249.0,25.713,31.3,313.0,1.5130954850546254,,,,Sand,,,Sand 2,2,3.32,30.08,-1.7299999999999998,-28.49
-24.15,25.74,31.24,0.265,1.4,0.0,-1.4,2.3,0.86899,1250.0,25.733,31.24,312.4,1.514761975294467,,,,Sand,,,Sand 2,2,3.32,30.08,-1.7299999999999998,-28.49
-24.17,25.76,30.9,0.264,1.6,-0.2,-1.6,2.4,0.87766,1250.0,25.753,30.9,309.0,1.521121124420923,,,,Sand,,,Sand 2,2,3.32,30.08,-1.7299999999999998,-28.49
-24.19,25.78,30.31,0.256,1.6,-0.2,-1.4,2.3,0.86552,1251.0,25.773,30.31,303.1,1.5219240011874446,,,,Sand,,,Sand 2,2,3.32,30.08,-1.7299999999999998,-28.49
-24.21,25.8,29.32,0.25,1.6,-0.2,-1.6,2.4,0.8624,1252.0,25.793,29.32,293.2,1.5301447058990538,,,,Sand,,,Sand 2,2,3.32,30.08,-1.7299999999999998,-28.49
-24.23,25.82,28.46,0.245,1.6,0.0,-1.4,2.3,0.86481,1253.0,25.813,28.46,284.6,1.5395597616317336,,,,Sand,,,Sand 2,2,3.32,30.08,-1.7299999999999998,-28.49
-24.25,25.84,27.88,0.238,1.6,-0.2,-1.6,2.3,0.86002,1254.0,25.833,27.88,278.8,1.543669298365987,,,,Sand,,,Sand 2,2,3.32,30.08,-1.7299999999999998,-28.49
-24.27,25.86,27.21,0.229,1.6,-0.2,-1.6,2.0,0.84627,1255.0,25.853,27.21,272.1,1.545497904339509,,,,Sand,,,Sand 2,2,3.32,30.08,-1.7299999999999998,-28.49
-24.29,25.88,26.59,0.215,1.6,0.0,-1.4,2.2,0.80937,1256.0,25.873,26.59,265.9,1.537962821392642,,,,Sand,,,Sand 2,2,3.32,30.08,-1.7299999999999998,-28.49
-24.31,25.9,25.97,0.207,1.6,0.0,-1.4,2.4,0.79072,1256.0,25.893,25.97,259.7,1.5375676492037977,,,,Sand,,,Sand 2,2,3.32,30.08,-1.7299999999999998,-28.49
-24.330000000000002,25.92,25.65,0.199,1.6,-0.2,-1.6,2.3,0.76997,1257.0,25.913,25.65,256.5,1.5329122248908842,,,,Sand,,,Sand 2,2,3.32,30.08,-1.7299999999999998,-28.49
-24.35,25.94,25.4,0.193,1.4,0.0,-1.4,2.4,0.75479,1258.0,25.933,25.4,254.0,1.5296409512809972,,,,Sand,,,Sand 2,2,3.32,30.08,-1.7299999999999998,-28.49
-24.37,25.96,25.35,0.187,1.6,-0.2,-1.6,2.1,0.73745,1259.0,25.953,25.35,253.5,1.5230118671387431,,,,Sand,,,Sand 2,2,3.32,30.08,-1.7299999999999998,-28.49
-24.39,25.98,25.38,0.181,1.4,0.0,-1.4,2.5,0.71854,1260.0,25.973,25.38,253.8,1.5146137328062117,,,,Sand,,,Sand 2,2,3.32,30.08,-1.7299999999999998,-28.49
-24.41,26.0,25.21,0.175,1.6,-0.2,-1.6,2.9,0.69923,1260.0,25.993,25.21,252.1,1.5082945473780889,,,,Sand,,,Sand 2,2,3.32,30.08,-1.7299999999999998,-28.49
-24.43,26.02,25.01,0.174,1.4,0.0,-1.4,2.6,0.69929,1261.0,26.013,25.01,250.1,1.5107731339135575,,,,Sand,,,Sand 2,2,3.32,30.08,-1.7299999999999998,-28.49
-24.45,26.04,24.89,0.173,1.4,-0.2,-1.4,2.4,0.69888,1262.0,26.033,24.89,248.9,1.5120765337401525,,,,Sand,,,Sand 2,2,3.32,30.08,-1.7299999999999998,-28.49
-24.47,26.06,24.63,0.172,1.4,-0.2,-1.4,2.4,0.69791,1263.0,26.053,24.63,246.3,1.5148954496542661,,,,Sand,,,Sand 2,2,3.32,30.08,-1.7299999999999998,-28.49
-24.49,26.08,24.35,0.172,1.4,0.0,-1.4,2.3,0.7014,1264.0,26.073,24.35,243.5,1.51995312310612,,,,Sand,,,Sand 2,2,3.32,30.08,-1.7299999999999998,-28.49
-24.51,26.1,24.24,0.17,1.4,0.0,-1.4,2.4,0.69704,1265.0,26.093,24.24,242.4,1.519459239866898,,,,Sand,,,Sand 2,2,3.32,30.08,-1.7299999999999998,-28.49
-24.53,26.12,24.32,0.17,1.4,0.0,-1.4,2.3,0.7011,1265.0,26.113,24.32,243.2,1.520204564708911,,,,Sand,,,Sand 2,2,3.32,30.08,-1.7299999999999998,-28.49
-24.55,26.14,24.51,0.169,1.4,0.0,-1.4,2.4,0.7007,1266.0,26.133,24.51,245.1,1.5176223418050903,,,,Sand,,,Sand 2,2,3.32,30.08,-1.7299999999999998,-28.49
-24.57,26.16,24.23,0.169,1.4,0.0,-1.4,2.3,0.7038,1267.0,26.153,24.23,242.3,1.5225230498763944,,,,Sand,,,Sand 2,2,3.32,30.08,-1.7299999999999998,-28.49
-24.59,26.18,23.94,0.17,1.4,0.0,-1.4,2.3,0.711,1268.0,26.173,23.94,239.4,1.5293510289188814,,,,Sand,,,Sand 2,2,3.32,30.08,-1.7299999999999998,-28.49
-24.61,26.2,23.76,0.173,1.4,-0.2,-1.4,2.4,0.72636,1269.0,26.193,23.76,237.6,1.5382007329899927,,,,Sand,,,Sand 2,2,3.32,30.08,-1.7299999999999998,-28.49
-24.63,26.22,23.6,0.176,1.4,-0.2,-1.4,2.4,0.74105,1270.0,26.213,23.6,236.0,1.5464054034414965,,,,Sand,,,Sand 2,2,3.32,30.08,-1.7299999999999998,-28.49
-24.65,26.24,23.5,0.174,1.4,-0.2,-1.4,2.4,0.73152,1270.0,26.233,23.5,235.0,1.5437610908409602,,,,Sand,,,Sand 2,2,3.32,30.08,-1.7299999999999998,-28.49
-24.67,26.26,23.42,0.17,1.4,-0.2,-1.4,2.4,0.71107,1271.0,26.253,23.42,234.2,1.5361982653118547,,,,Sand,,,Sand 2,2,3.32,30.08,-1.7299999999999998,-28.49
-24.69,26.28,23.58,0.168,1.4,0.0,-1.4,2.3,0.69804,1272.0,26.273,23.58,235.8,1.5284801022356662,,,,Sand,,,Sand 2,2,3.32,30.08,-1.7299999999999998,-28.49
-24.71,26.3,23.97,0.168,1.4,0.0,-1.4,2.4,0.69207,1273.0,26.293,23.97,239.7,1.5207701564935556,,,,Sand,,,Sand 2,2,3.32,30.08,-1.7299999999999998,-28.49
-24.73,26.32,24.52,0.167,1.4,-0.2,-1.4,2.1,0.68052,1274.0,26.313,24.52,245.2,1.5086119349920217,,,,Sand,,,Sand 2,2,3.32,30.08,-1.7299999999999998,-28.49
-24.75,26.34,24.91,0.168,1.6,-0.2,-1.6,2.1,0.67619,1275.0,26.333,24.91,249.1,1.5017715337713795,,,,Sand,,,Sand 2,2,3.32,30.08,-1.7299999999999998,-28.49
-24.77,26.36,25.04,0.167,1.4,0.0,-1.4,2.2,0.66378,1276.0,26.353,25.04,250.4,1.494536304799716,,,,Sand,,,Sand 2,2,3.32,30.08,-1.7299999999999998,-28.49
-24.79,26.38,25.26,0.17,1.4,-0.2,-1.4,2.4,0.66929,1276.0,26.373,25.26,252.6,1.494325232426193,,,,Sand,,,Sand 2,2,3.32,30.08,-1.7299999999999998,-28.49
-24.81,26.4,25.62,0.176,1.4,-0.2,-1.4,2.4,0.68905,1277.0,26.393,25.62,256.2,1.498835846747306,,,,Sand,,,Sand 2,2,3.32,30.08,-1.7299999999999998,-28.49
-24.830000000000002,26.42,25.86,0.177,1.4,-0.2,-1.4,2.4,0.6908,1278.0,26.413,25.86,258.6,1.496750414164743,,,,Sand,,,Sand 2,2,3.32,30.08,-1.7299999999999998,-28.49
-24.85,26.44,26.09,0.179,1.4,0.0,-1.4,2.0,0.69704,1279.0,26.433,26.09,260.9,1.4968078717052709,,,,Sand,,,Sand 2,2,3.32,30.08,-1.7299999999999998,-28.49
-24.87,26.46,25.9,0.181,1.6,-0.2,-1.6,2.8,0.70411,1280.0,26.453,25.9,259.0,1.5021556684346276,,,,Sand,,,Sand 2,2,3.32,30.08,-1.7299999999999998,-28.49
-24.89,26.48,25.66,0.185,1.6,-0.2,-1.4,2.8,0.72044,1280.0,26.473,25.66,256.6,1.51208250655768,,,,Sand,,,Sand 2,2,3.32,30.08,-1.7299999999999998,-28.49
-24.91,26.5,25.55,0.192,1.6,-0.2,-1.6,2.5,0.74916,1281.0,26.493,25.55,255.5,1.5255266642136074,,,,Sand,,,Sand 2,2,3.32,30.08,-1.7299999999999998,-28.49
-24.93,26.52,25.5,0.196,1.6,-0.2,-1.6,2.3,0.76615,1282.0,26.513,25.5,255.0,1.5331196201774346,,,,Sand,,,Sand 2,2,3.32,30.08,-1.7299999999999998,-28.49
-24.95,26.54,25.47,0.198,1.4,0.0,-1.4,2.3,0.77412,1283.0,26.533,25.47,254.7,1.5367141000730702,,,,Sand,,,Sand 2,2,3.32,30.08,-1.7299999999999998,-28.49
-24.97,26.56,25.4,0.201,1.6,-0.2,-1.6,2.3,0.78451,1284.0,26.553,25.4,254.0,1.541722734930093,,,,Sand,,,Sand 2,2,3.32,30.08,-1.7299999999999998,-28.49
-24.99,26.58,25.46,0.208,1.4,0.0,-1.4,2.4,0.80843,1285.0,26.573,25.46,254.6,1.550475661452025,,,,Sand,,,Sand 2,2,3.32,30.08,-1.7299999999999998,-28.49
-25.01,26.6,25.72,0.214,1.4,0.0,-1.4,2.4,0.82653,1285.0,26.593,25.72,257.2,1.5544718721650086,,,,Sand,,,Sand 2,2,3.32,30.08,-1.7299999999999998,-28.49
-25.03,26.62,25.86,0.22,1.4,-0.2,-1.4,2.3,0.84223,1286.0,26.613,25.86,258.6,1.558860465105121,,,,Sand,,,Sand 2,2,3.32,30.08,-1.7299999999999998,-28.49
-25.05,26.64,26.01,0.229,1.4,-0.2,-1.4,2.4,0.86636,1287.0,26.633,26.01,260.1,1.5662038324721173,,,,Sand,,,Sand 2,2,3.32,30.08,-1.7299999999999998,-28.49
-25.07,26.66,26.41,0.235,1.4,-0.2,-1.4,2.3,0.87642,1288.0,26.653,26.41,264.1,1.5654677671403294,,,,Sand,,,Sand 2,2,3.32,30.08,-1.7299999999999998,-28.49
-25.09,26.68,26.8,0.239,1.4,-0.2,-1.4,2.4,0.87819,1289.0,26.673,26.8,268.0,1.561864679017867,,,,Sand,,,Sand 2,2,3.32,30.08,-1.7299999999999998,-28.49
-25.11,26.7,27.31,0.246,1.6,-0.2,-1.6,2.3,0.88993,1290.0,26.693,27.31,273.1,1.5607318556487553,,,,Sand,,,Sand 2,2,3.32,30.08,-1.7299999999999998,-28.49
-25.13,26.72,27.89,0.255,1.4,-0.2,-1.4,2.3,0.90792,1290.0,26.713,27.89,278.9,1.5612500935923224,,,,Sand,,,Sand 2,2,3.32,30.08,-1.7299999999999998,-28.49
-25.15,26.74,28.51,0.26,1.4,-0.2,-1.4,2.4,0.91292,1291.0,26.733,28.51,285.1,1.5568082923277455,,,,Sand,,,Sand 2,2,3.32,30.08,-1.7299999999999998,-28.49
-25.17,26.76,28.93,0.267,1.4,-0.2,-1.4,2.4,0.926,1292.0,26.753,28.93,289.3,1.5573771592066745,,,,Sand,,,Sand 2,2,3.32,30.08,-1.7299999999999998,-28.49
-25.19,26.78,29.28,0.273,1.6,-0.2,-1.6,2.4,0.9371,1293.0,26.773,29.28,292.8,1.55795485637366,,,,Sand,,,Sand 2,2,3.32,30.08,-1.7299999999999998,-28.49
-25.21,26.8,29.56,0.278,1.4,-0.2,-1.4,2.3,0.94671,1294.0,26.793,29.56,295.6,1.558693896520867,,,,Sand,,,Sand 2,2,3.32,30.08,-1.7299999999999998,-28.49
-25.23,26.82,29.56,0.284,1.4,-0.2,-1.4,2.4,0.96198,1295.0,26.813,29.56,295.6,1.5640333000578954,,,,Sand,,,Sand 2,2,3.32,30.08,-1.7299999999999998,-28.49
-25.25,26.84,29.63,0.288,1.4,-0.2,-1.4,2.0,0.97113,1296.0,26.833,29.63,296.3,1.566543438577497,,,,Sand,,,Sand 2,2,3.32,30.08,-1.7299999999999998,-28.49
-25.27,26.86,29.7,0.286,1.4667,-0.2,-1.2,2.2,0.95965,1296.0,26.853,29.7,297.0,1.5619123041714924,,,,Sand,,,Sand 2,2,3.32,30.08,-1.7299999999999998,-28.49
-25.29,26.88,29.75,0.283,1.5333,-0.2,-1.4,2.4,0.94613,1297.0,26.873,29.75,297.5,1.556706962408388,,,,Sand,,,Sand 2,2,3.32,30.08,-1.7299999999999998,-28.49
-25.31,26.9,29.77,0.281,1.6,-0.2,-1.6,2.3,0.93811,1298.0,26.893,29.77,297.7,1.5536813223844734,,,,Sand,,,Sand 2,2,3.32,30.08,-1.7299999999999998,-28.49
-25.330000000000002,26.92,30.0,0.282,1.6,-0.2,-1.6,2.4,0.94299,1299.0,26.913,30.0,300.0,1.5532724758833913,,,,Sand,,,Sand 2,2,3.32,30.08,-1.7299999999999998,-28.49
-25.35,26.94,30.45,0.283,1.6,-0.2,-1.4,2.3,0.9497,1300.0,26.933,30.45,304.5,1.55152289612235,,,,Sand,,,Sand 2,2,3.32,30.08,-1.7299999999999998,-28.49
-25.37,26.96,30.43,0.279,1.6,-0.2,-1.4,2.0,0.94209,1301.0,26.953,30.43,304.3,1.5490092583403068,,,,Sand,,,Sand 2,2,3.32,30.08,-1.7299999999999998,-28.49
-25.39,26.98,29.9,0.272,1.6,-0.2,-1.6,2.9,0.92623,1301.0,26.973,29.9,299.0,1.5482220121889718,,,,Sand,,,Sand 2,2,3.32,30.08,-1.7299999999999998,-28.49
-25.41,27.0,29.24,0.267,1.6,-0.2,-1.6,2.9,0.9199,1302.0,26.993,29.24,292.4,1.5521930607138756,,,,Sand,,,Sand 2,2,3.32,30.08,-1.7299999999999998,-28.49
-25.43,27.02,28.85,0.26,1.6,-0.2,-1.6,2.6,0.91068,1303.0,27.013,28.85,288.5,1.5526458570721309,,,,Sand,,,Sand 2,2,3.32,30.08,-1.7299999999999998,-28.49
-25.45,27.04,28.28,0.253,1.6,-0.2,-1.6,2.4,0.90462,1304.0,27.033,28.28,282.8,1.556103109418213,,,,Sand,,,Sand 2,2,3.32,30.08,-1.7299999999999998,-28.49
-25.47,27.06,27.78,0.246,1.6,-0.2,-1.6,2.3,0.89941,1305.0,27.053,27.78,277.8,1.5592954247708892,,,,Sand,,,Sand 2,2,3.32,30.08,-1.7299999999999998,-28.49
-25.49,27.08,27.27,0.239,1.6,-0.2,-1.4,2.3,0.89362,1305.0,27.073,27.27,272.7,1.562500016787261,,,,Sand,,,Sand 2,2,3.32,30.08,-1.7299999999999998,-28.49
-25.51,27.1,26.65,0.233,1.6,-0.2,-1.6,2.4,0.89366,1306.0,27.093,26.65,266.5,1.5691440061509898,,,,Sand,,,Sand 2,2,3.32,30.08,-1.7299999999999998,-28.49
-25.53,27.12,25.77,0.228,1.6,-0.2,-1.4,2.4,0.90021,1307.0,27.113,25.77,257.7,1.5812406877831044,,,,Sand,,,Sand 2,2,3.32,30.08,-1.7299999999999998,-28.49
-25.55,27.14,24.97,0.222,1.6,-0.2,-1.4,2.4,0.904,1308.0,27.133,24.97,249.7,1.5917924362612692,,,,Sand,,,Sand 2,2,3.32,30.08,-1.7299999999999998,-28.49
-25.57,27.16,24.39,0.219,1.6,-0.2,-1.6,2.3,0.92152,1309.0,27.153,24.39,243.9,1.6048307774730772,,,,Sand,,,Sand 2,2,3.32,30.08,-1.7299999999999998,-28.49
-25.59,27.18,23.47,0.217,1.6,-0.2,-1.6,2.4,0.94373,1310.0,27.173,23.47,234.7,1.6237403234466425,,,,Sand,,,Sand 2,2,3.32,30.08,-1.7299999999999998,-28.49
-25.61,27.2,22.32,0.214,1.6,-0.2,-1.6,2.4,0.95932,1310.0,27.193,22.32,223.2,1.6437892113474963,,,,Sand,,,Sand 2,2,3.32,30.08,-1.7299999999999998,-28.49
-25.63,27.22,21.62,0.205,1.6,-0.2,-1.6,2.4,0.94361,1311.0,27.213,21.62,216.2,1.6480539452361962,,,,Sand,,,Sand 2,2,3.32,30.08,-1.7299999999999998,-28.49
-25.65,27.24,20.93,0.203,1.6,-0.2,-1.6,2.3,0.95687,1312.0,27.233,20.93,209.3,1.6621609870631773,,,,Sand,,,Sand 2,2,3.32,30.08,-1.7299999999999998,-28.49
-25.67,27.26,20.48,0.2,1.6,-0.2,-1.4,2.4,0.95912,1313.0,27.253,20.48,204.8,1.669435491599744,,,,Sand,,,Sand 2,2,3.32,30.08,-1.7299999999999998,-28.49
-25.69,27.28,20.28,0.2,1.6,-0.2,-1.6,2.4,0.96467,1314.0,27.273,20.28,202.8,1.6741980705963175,,,,Sand,,,Sand 2,2,3.32,30.08,-1.7299999999999998,-28.49
-25.71,27.3,20.31,0.204,1.6,-0.2,-1.4,2.4,0.98,1315.0,27.293,20.31,203.1,1.6786860422929302,,,,Sand,,,Sand 2,2,3.32,30.08,-1.7299999999999998,-28.49
-25.73,27.32,20.31,0.207,1.6,-0.2,-1.6,2.4,0.97982,1315.0,27.313,20.31,203.1,1.6786284824627675,,,,Sand,,,Sand 2,2,3.32,30.08,-1.7299999999999998,-28.49
-25.75,27.34,20.57,0.214,1.6,-0.2,-1.6,2.1,0.98908,1316.0,27.333,20.57,205.7,1.6777646761291916,,,,Sand,,,Sand 2,2,3.32,30.08,-1.7299999999999998,-28.49
-25.77,27.36,21.36,0.219,1.6,-0.2,-1.6,2.1,0.98212,1317.0,27.353,21.36,213.6,1.6642873013756498,,,,Sand,,,Sand 2,2,3.32,30.08,-1.7299999999999998,-28.49
-25.79,27.38,22.29,0.224,1.6,-0.2,-1.6,2.3,0.96718,1318.0,27.373,22.29,222.9,1.6467801572847818,,,,Sand,,,Sand 2,2,3.32,30.08,-1.7299999999999998,-28.49
-25.81,27.4,23.41,0.231,1.6,-0.2,-1.6,2.4,0.95836,1319.0,27.393,23.41,234.1,1.6294135185033058,,,,Sand,,,Sand 2,2,3.32,30.08,-1.7299999999999998,-28.49
-25.830000000000002,27.42,24.56,0.24,1.6,-0.2,-1.6,2.4,0.95808,1320.0,27.413,24.56,245.6,1.6153244295100648,,,,Sand,,,Sand 2,2,3.32,30.08,-1.7299999999999998,-28.49
-25.85,27.44,25.58,0.251,1.6,-0.2,-1.6,2.3,0.96678,1321.0,27.433,25.58,255.8,1.6065086443940015,,,,Sand,,,Sand 2,2,3.32,30.08,-1.7299999999999998,-28.49
-25.87,27.46,27.2,0.259,1.6,-0.4,-1.6,2.0,0.96408,1322.0,27.453,27.2,272.0,1.5880824437446428,,,,Sand,,,Sand 2,2,3.32,30.08,-1.7299999999999998,-28.49
-25.89,27.48,27.86,0.267,1.6,-0.2,-1.4,2.9,0.96521,1322.0,27.473,27.86,278.6,1.5817008036635503,,,,Sand,,,Sand 2,2,3.32,30.08,-1.7299999999999998,-28.49
-25.91,27.5,28.14,0.277,1.6,-0.2,-1.6,2.8,0.97845,1323.0,27.493,28.14,281.4,1.583408696451534,,,,Sand,,,Sand 2,2,3.32,30.08,-1.7299999999999998,-28.49
-25.93,27.52,28.66,0.285,1.6,-0.2,-1.6,2.5,0.98731,1324.0,27.513,28.66,286.6,1.5812991222217152,,,,Sand,,,Sand 2,2,3.32,30.08,-1.7299999999999998,-28.49
-25.95,27.54,29.51,0.297,1.6,-0.2,-1.6,2.3,1.0151,1325.0,27.533,29.51,295.1,1.5825250350496363,,,,Sand,,,Sand 2,2,3.32,30.08,-1.7299999999999998,-28.49
-25.97,27.56,29.79,0.305,1.6,-0.2,-1.6,2.4,1.0285,1325.0,27.553,29.79,297.9,1.5843620134688143,,,,Sand,,,Sand 2,2,3.32,30.08,-1.7299999999999998,-28.49
-25.99,27.58,29.74,0.31,1.6,-0.2,-1.6,2.4,1.0283,1326.0,27.573,29.74,297.4,1.5847550357871598,,,,Sand,,,Sand 2,2,3.32,30.08,-1.7299999999999998,-28.49
-26.01,27.6,30.03,0.318,1.6,-0.2,-1.6,2.3,1.0373,1327.0,27.593,30.03,300.3,1.5850571125193156,,,,Sand,,,Sand 2,2,3.32,30.08,-1.7299999999999998,-28.49
-26.03,27.62,30.34,0.328,1.8,-0.4,-1.8,2.4,1.0527,1328.0,27.613,30.34,303.4,1.5872725025470147,,,,Sand,,,Sand 2,2,3.32,30.08,-1.7299999999999998,-28.49
-26.05,27.64,31.02,0.337,1.6,-0.4,-1.6,2.4,1.0612,1329.0,27.633,31.02,310.2,1.5840440482278537,,,,Sand,,,Sand 2,2,3.32,30.08,-1.7299999999999998,-28.49
-26.07,27.66,32.08,0.348,1.6,-0.2,-1.6,2.4,1.0715,1330.0,27.653,32.08,320.8,1.578393058809526,,,,Sand,,,Sand 2,2,3.32,30.08,-1.7299999999999998,-28.49
-26.09,27.68,32.75,0.357,1.6,-0.2,-1.6,2.4,1.0722,1330.0,27.673,32.75,327.5,1.5731532146214722,,,,Sand,,,Sand 2,2,3.32,30.08,-1.7299999999999998,-28.49
-26.11,27.7,33.51,0.367,1.8,-0.2,-1.8,2.3,1.0758,1331.0,27.693,33.51,335.1,1.568287986918078,,,,Sand,,,Sand 2,2,3.32,30.08,-1.7299999999999998,-28.49
-26.13,27.72,34.58,0.372,1.8,-0.2,-1.6,2.4,1.0669,1332.0,27.713,34.58,345.8,1.5572089485658351,,,,Sand,,,Sand 2,2,3.32,30.08,-1.7299999999999998,-28.49
-26.15,27.74,35.52,0.379,1.8,0.0,-1.6,2.3,1.0681,1333.0,27.733,35.52,355.2,1.5506649209476902,,,,Sand,,,Sand 2,2,3.32,30.08,-1.7299999999999998,-28.49
-26.17,27.76,36.56,0.386,1.8,-0.4,-1.8,2.4,1.0711,1334.0,27.753,36.56,365.6,1.544251551360162,,,,Sand,,,Sand 2,2,3.32,30.08,-1.7299999999999998,-28.49
-26.19,27.78,36.9,0.393,1.8,0.0,-1.8,2.3,1.0763,1335.0,27.773,36.9,369.0,1.5435991940609282,,,,Sand,,,Sand 2,2,3.32,30.08,-1.7299999999999998,-28.49
-26.21,27.8,37.04,0.4,1.8667,-0.2,-1.4,2.4,1.0861,1335.0,27.793,37.04,370.4,1.545834077394252,,,,Sand,,,Sand 2,2,3.32,30.08,-1.7299999999999998,-28.49
-26.23,27.82,37.02,0.406,1.9333,-0.2,-1.0,2.3,1.0964,1336.0,27.813,37.02,370.2,1.5493026971882604,,,,Sand,,,Sand 2,2,3.32,30.08,-1.7299999999999998,-28.49
-26.25,27.84,37.18,0.409,2.0,0.0,-2.0,2.0,1.1031,1337.0,27.833,37.18,371.8,1.5503675527820036,,,,Sand,,,Sand 2,2,3.32,30.08,-1.7299999999999998,-28.49
-26.27,27.86,37.3,0.407,1.9778,0.0,-1.0,2.2,1.0994,1338.0,27.853,37.3,373.0,1.548367141473655,,,,Sand,,,Sand 2,2,3.32,30.08,-1.7299999999999998,-28.49
-26.29,27.88,37.11,0.398,1.9555,-0.4,-0.6,2.4,1.0788,1339.0,27.873,37.11,371.1,1.542976841973602,,,,Sand,,,Sand 2,2,3.32,30.08,-1.7299999999999998,-28.49
-26.31,27.9,37.13,0.399,1.9333,-0.2,-1.4,2.3,1.0885,1340.0,27.893,37.13,371.3,1.545998990294305,,,,Sand,,,Sand 2,2,3.32,30.08,-1.7299999999999998,-28.49
-26.330000000000002,27.92,36.93,0.397,2.0,-0.6,-2.0,2.4,1.0947,1341.0,27.913,36.93,369.3,1.5493702942446022,,,,Sand,,,Sand 2,2,3.32,30.08,-1.7299999999999998,-28.49
-26.35,27.94,36.44,0.393,2.0,-0.4,-1.6,2.3,1.099,1341.0,27.933,36.44,364.4,1.5541380380249732,,,,Sand,,,Sand 2,2,3.32,30.08,-1.7299999999999998,-28.49
-26.37,27.96,36.03,0.385,2.0,-0.2,-0.8,1.8,1.0935,1343.0,27.953,36.03,360.3,1.5552513975332072,,,,Sand,,,Sand 2,2,3.32,30.08,-1.7299999999999998,-28.49
-26.39,27.98,35.14,0.377,2.0,-0.4,-2.0,2.9,1.089,1343.0,27.973,35.14,351.4,1.5602119992338161,,,,Sand,,,Sand 2,2,3.32,30.08,-1.7299999999999998,-28.49
-26.41,28.0,34.05,0.364,2.0667,-0.2,-0.8,2.9,1.0699,1344.0,27.993,34.05,340.5,1.5622044372724913,,,,Sand,,,Sand 2,2,3.32,30.08,-1.7299999999999998,-28.49
-26.43,28.02,33.26,0.356,2.1333,-0.4,-2.0,2.6,1.0649,1345.0,28.013,33.26,332.6,1.5667261214863084,,,,Sand,,,Sand 2,2,3.32,30.08,-1.7299999999999998,-28.49
-26.45,28.04,32.69,0.35,2.2,-0.6,-2.1,2.4,1.0652,1345.0,28.033,32.69,326.9,1.5713775285961997,,,,Sand,,,Sand 2,2,3.32,30.08,-1.7299999999999998,-28.49
-26.47,28.06,32.41,0.341,1.6,-0.2,-1.6,2.3,1.0533,1346.0,28.053,32.41,324.09999999999997,1.5697873752243714,,,,Sand,,,Sand 2,2,3.32,30.08,-1.7299999999999998,-28.49
-26.49,28.08,32.15,0.332,1.6,-0.2,-1.6,2.4,1.0375,1347.0,28.073,32.15,321.5,1.5667440975477132,,,,Sand,,,Sand 2,2,3.32,30.08,-1.7299999999999998,-28.49
-26.51,28.1,31.71,0.325,1.6,-0.4,-1.6,2.4,1.0253,1348.0,28.093,31.71,317.1,1.5663890962116462,,,,Sand,,,Sand 2,2,3.32,30.08,-1.7299999999999998,-28.49
-26.53,28.12,31.44,0.316,1.8,-0.4,-1.8,2.3,1.005,1349.0,28.113,31.44,314.4,1.5618835096238195,,,,Sand,,,Sand 2,2,3.32,30.08,-1.7299999999999998,-28.49
-26.55,28.14,31.28,0.311,2.0,-0.2,-2.0,2.3,0.99711,1350.0,28.133,31.28,312.8,1.560589502297491,,,,Sand,,,Sand 2,2,3.32,30.08,-1.7299999999999998,-28.49
-26.57,28.16,31.05,0.306,2.0,-0.4,-1.8,2.4,0.98913,1350.0,28.153,31.05,310.5,1.5598731578476421,,,,Sand,,,Sand 2,2,3.32,30.08,-1.7299999999999998,-28.49
-26.59,28.18,30.85,0.303,2.0,-0.4,-1.8,2.3,0.98653,1351.0,28.172,30.85,308.5,1.5607447699357253,,,,Sand,,,Sand 2,2,3.32,30.08,-1.7299999999999998,-28.49
-26.61,28.2,30.66,0.3,2.0,-0.4,-2.0,2.4,0.98312,1352.0,28.192,30.66,306.6,1.5612638901497864,,,,Sand,,,Sand 2,2,3.32,30.08,-1.7299999999999998,-28.49
-26.63,28.22,30.38,0.295,1.9333,-0.2,-1.6,2.4,0.97263,1353.0,28.212,30.38,303.8,1.560166806588079,,,,Sand,,,Sand 2,2,3.32,30.08,-1.7299999999999998,-28.49
-26.65,28.24,30.12,0.294,1.8667,-0.2,-1.8,2.3,0.97484,1354.0,28.232,30.12,301.2,1.5632940537222633,,,,Sand,,,Sand 2,2,3.32,30.08,-1.7299999999999998,-28.49
-26.67,28.26,29.93,0.29,1.8,-0.2,-1.8,2.4,0.96667,1355.0,28.252,29.93,299.3,1.5622162129234456,,,,Sand,,,Sand 2,2,3.32,30.08,-1.7299999999999998,-28.49
-26.69,28.28,29.85,0.288,1.8,-0.2,-1.8,2.4,0.96426,1355.0,28.272,29.85,298.5,1.5621201394168829,,,,Sand,,,Sand 2,2,3.32,30.08,-1.7299999999999998,-28.49
-26.71,28.3,29.8,0.286,1.8,-0.2,-1.8,2.4,0.96013,1356.0,28.292,29.8,298.0,1.5611479024299013,,,,Sand,,,Sand 2,2,3.32,30.08,-1.7299999999999998,-28.49
-26.73,28.32,29.68,0.287,1.8,-0.2,-1.8,2.3,0.96377,1357.0,28.312,29.68,296.8,1.563531334529813,,,,Sand,,,Sand 2,2,3.32,30.08,-1.7299999999999998,-28.49
-26.75,28.34,29.58,0.287,1.8,-0.2,-1.8,2.0,0.96151,1358.0,28.332,29.58,295.8,1.5636823574286252,,,,Sand,,,Sand 2,2,3.32,30.08,-1.7299999999999998,-28.49
-26.77,28.36,29.6,0.286,1.8,-0.2,-1.8,2.1,0.95337,1359.0,28.352,29.6,296.0,1.560655742930462,,,,Sand,,,Sand 2,2,3.32,30.08,-1.7299999999999998,-28.49
-26.79,28.38,29.74,0.28,1.8,-0.2,-1.8,2.4,0.92861,1360.0,28.372,29.74,297.4,1.5505732216571582,,,,Sand,,,Sand 2,2,3.32,30.08,-1.7299999999999998,-28.49
-26.81,28.4,30.05,0.283,1.8,-0.2,-1.8,2.4,0.93407,1361.0,28.392,30.05,300.5,1.5496372981607092,,,,Sand,,,Sand 2,2,3.32,30.08,-1.7299999999999998,-28.49
-26.830000000000002,28.42,30.49,0.287,1.8,-0.2,-1.8,2.3,0.94408,1362.0,28.412,30.49,304.9,1.5491712654485739,,,,Sand,,,Sand 2,2,3.32,30.08,-1.7299999999999998,-28.49
-26.85,28.44,31.05,0.291,1.8,-0.2,-1.8,2.4,0.9541,1362.0,28.432,31.05,310.5,1.5477044357132554,,,,Sand,,,Sand 2,2,3.32,30.08,-1.7299999999999998,-28.49
-26.87,28.46,31.03,0.294,1.8,-0.2,-1.8,2.0,0.96078,1363.0,28.452,31.03,310.3,1.550230714891268,,,,Sand,,,Sand 2,2,3.32,30.08,-1.7299999999999998,-28.49
-26.89,28.48,30.84,0.293,2.0,-0.4,-2.0,2.5,0.95451,1364.0,28.472,30.84,308.4,1.5497128208042057,,,,Sand,,,Sand 2,2,3.32,30.08,-1.7299999999999998,-28.49
-26.91,28.5,30.4,0.294,1.8,-0.2,-1.8,2.8,0.9566,1365.0,28.492,30.4,304.0,1.554404065574192,,,,Sand,,,Sand 2,2,3.32,30.08,-1.7299999999999998,-28.49
-26.93,28.52,30.4,0.293,1.8,-0.2,-1.8,2.6,0.95529,1366.0,28.512,30.4,304.0,1.553944379950035,,,,Sand,,,Sand 2,2,3.32,30.08,-1.7299999999999998,-28.49
-26.95,28.54,30.54,0.292,1.8,-0.2,-1.8,2.4,0.95472,1366.0,28.532,30.54,305.4,1.552477209901713,,,,Sand,,,Sand 2,2,3.32,30.08,-1.7299999999999998,-28.49
-26.97,28.56,30.82,0.289,1.8,-0.2,-1.8,2.4,0.94789,1367.0,28.552,30.82,308.2,1.5475525742677265,,,,Sand,,,Sand 2,2,3.32,30.08,-1.7299999999999998,-28.49
-26.99,28.58,30.79,0.288,1.8,-0.2,-1.8,2.4,0.94659,1368.0,28.572,30.79,307.9,1.547359964248088,,,,Sand,,,Sand 2,2,3.32,30.08,-1.7299999999999998,-28.49
-27.01,28.6,30.55,0.286,1.8,-0.2,-1.8,2.4,0.94199,1369.0,28.592,30.55,305.5,1.547885478921646,,,,Sand,,,Sand 2,2,3.32,30.08,-1.7299999999999998,-28.49
-27.03,28.62,30.34,0.284,1.8,-0.2,-1.8,2.3,0.93784,1370.0,28.612,30.34,303.4,1.5483165640361396,,,,Sand,,,Sand 2,2,3.32,30.08,-1.7299999999999998,-28.49
-27.05,28.64,30.07,0.284,1.8,-0.2,-1.8,2.4,0.94075,1371.0,28.632,30.07,300.7,1.55183118506671,,,,Sand,,,Sand 2,2,3.32,30.08,-1.7299999999999998,-28.49
-27.07,28.66,29.89,0.284,2.0,-0.2,-2.0,2.4,0.94254,1371.0,28.652,29.89,298.9,1.554133422280792,,,,Sand,,,Sand 2,2,3.32,30.08,-1.7299999999999998,-28.49
-27.09,28.68,29.89,0.289,1.8,-0.2,-1.8,2.3,0.95751,1372.0,28.672,29.89,298.9,1.5593985945954472,,,,Sand,,,Sand 2,2,3.32,30.08,-1.7299999999999998,-28.49
-27.11,28.7,29.91,0.292,1.8,-0.2,-1.8,2.4,0.95982,1373.0,28.692,29.91,299.1,1.5600196499579435,,,,Sand,,,Sand 2,2,3.32,30.08,-1.7299999999999998,-28.49
-27.13,28.72,30.07,0.295,1.8,-0.2,-1.8,2.4,0.95775,1374.0,28.712,30.07,300.7,1.5578209299949126,,,,Sand,,,Sand 2,2,3.32,30.08,-1.7299999999999998,-28.49
-27.15,28.74,30.33,0.297,1.8,-0.2,-1.8,2.3,0.94756,1375.0,28.732,30.33,303.3,1.5518581681648629,,,,Sand,,,Sand 2,2,3.32,30.08,-1.7299999999999998,-28.49
-27.17,28.76,30.96,0.296,1.8,-0.2,-1.8,2.4,0.92583,1376.0,28.752,30.96,309.6,1.5384041020116932,,,,Sand,,,Sand 2,2,3.32,30.08,-1.7299999999999998,-28.49
-27.19,28.78,32.26,0.3,1.8,-0.2,-1.8,2.4,0.9194,1376.0,28.772,32.26,322.59999999999997,1.5247455876303677,,,,Sand,,,Sand 2,2,3.32,30.08,-1.7299999999999998,-28.49
-27.21,28.8,33.1,0.307,2.0,-0.2,-2.0,2.3,0.92279,1377.0,28.792,33.1,331.0,1.518978497721849,,,,Sand,,,Sand 2,2,3.32,30.08,-1.7299999999999998,-28.49
-27.23,28.82,34.23,0.313,2.0,-0.2,-2.0,2.4,0.92426,1378.0,28.812,34.23,342.3,1.510444383543139,,,,Sand,,,Sand 2,2,3.32,30.08,-1.7299999999999998,-28.49
-27.25,28.84,34.91,0.319,2.0,-0.2,-1.8,2.2,0.9282,1379.0,28.832,34.91,349.1,1.506623532124464,,,,Sand,,,Sand 2,2,3.32,30.08,-1.7299999999999998,-28.49
-27.27,28.86,35.18,0.329,2.0,-0.4,-1.6,2.0,0.94861,1380.0,28.852,35.18,351.8,1.5120345043207462,,,,Sand,,,Sand 2,2,3.32,30.08,-1.7299999999999998,-28.49
-27.29,28.88,35.18,0.335,2.0,-0.4,-2.0,2.2,0.96164,1381.0,28.872,35.18,351.8,1.5167295431139536,,,,Sand,,,Sand 2,2,3.32,30.08,-1.7299999999999998,-28.49
-27.31,28.9,35.1,0.34,2.1333,-0.2,-1.8,2.4,0.97564,1382.0,28.892,35.1,351.0,1.5223134564042227,,,,Sand,,,Sand 2,2,3.32,30.08,-1.7299999999999998,-28.49
-27.330000000000002,28.92,34.98,0.341,2.2667,-0.6,-2.5,2.4,0.98282,1382.0,28.912,34.98,349.8,1.5257466759427714,,,,Sand,,,Sand 2,2,3.32,30.08,-1.7299999999999998,-28.49
-27.35,28.94,34.78,0.34,2.4,-0.4,-2.3,2.4,0.98712,1383.0,28.932,34.78,347.8,1.5287652310752897,,,,Sand,,,Sand 2,2,3.32,30.08,-1.7299999999999998,-28.49
-27.37,28.96,34.33,0.336,2.3667,0.0,-1.8,2.2,0.98519,1384.0,28.952,34.33,343.3,1.5315339433945043,,,,Sand,,,Sand 2,2,3.32,30.08,-1.7299999999999998,-28.49
-27.39,28.98,34.33,0.335,2.3333,-0.2,-2.0,2.0,0.9941,1385.0,28.972,34.33,343.3,1.534633971405371,,,,Sand,,,Sand 2,2,3.32,30.08,-1.7299999999999998,-28.49
-27.41,29.0,33.69,0.332,2.3,0.0,-2.3,2.9,1.0006,1386.0,28.992,33.69,336.9,1.5418625193631035,,,,Sand,,,Sand 2,2,3.32,30.08,-1.7299999999999998,-28.49
-27.43,29.02,33.16,0.327,2.2,-0.2,-1.8,2.7,1.0029,1386.0,29.012,33.16,331.6,1.5468687688704728,,,,Sand,,,Sand 2,2,3.32,30.08,-1.7299999999999998,-28.49
-27.45,29.04,32.47,0.321,2.1,-0.2,-1.8,2.4,1.0016,1387.0,29.032,32.47,324.7,1.5520472981858753,,,,Sand,,,Sand 2,2,3.32,30.08,-1.7299999999999998,-28.49
-27.47,29.06,31.85,0.315,2.0,-0.4,-2.0,2.4,1.0015,1388.0,29.052,31.85,318.5,1.557198160816663,,,,Sand,,,Sand 2,2,3.32,30.08,-1.7299999999999998,-28.49
-27.49,29.08,30.84,0.307,2.0,-0.4,-2.0,2.4,0.99437,1389.0,29.072,30.84,308.4,1.5635088055003448,,,,Sand,,,Sand 2,2,3.32,30.08,-1.7299999999999998,-28.49
-27.51,29.1,30.17,0.3,2.0,-0.2,-2.0,2.4,0.98957,1390.0,29.092,30.17,301.7,1.5678811532788888,,,,Sand,,,Sand 2,2,3.32,30.08,-1.7299999999999998,-28.49
-27.53,29.12,29.88,0.293,2.0,-0.2,-2.0,2.4,0.98207,1391.0,29.112,29.88,298.8,1.5679786574912966,,,,Sand,,,Sand 2,2,3.32,30.08,-1.7299999999999998,-28.49
-27.55,29.14,29.56,0.284,2.0,-0.2,-1.8,2.4,0.96463,1391.0,29.132,29.56,295.6,1.5649525511974096,,,,Sand,,,Sand 2,2,3.32,30.08,-1.7299999999999998,-28.49
-27.57,29.16,29.06,0.277,2.0,-0.2,-2.0,2.3,0.94887,1392.0,29.152,29.06,290.6,1.5642115105237788,,,,Sand,,,Sand 2,2,3.32,30.08,-1.7299999999999998,-28.49
-27.59,29.18,28.7,0.27,2.0,-0.2,-2.0,2.4,0.92979,1393.0,29.172,28.7,287.0,1.5609745854892147,,,,Sand,,,Sand 2,2,3.32,30.08,-1.7299999999999998,-28.49
-27.61,29.2,28.62,0.266,2.0,-0.2,-2.0,2.4,0.91883,1394.0,29.192,28.62,286.2,1.5578459164263065,,,,Sand,,,Sand 2,2,3.32,30.08,-1.7299999999999998,-28.49
-27.63,29.22,28.7,0.262,2.0,-0.2,-2.0,2.3,0.90481,1395.0,29.212,28.7,287.0,1.551989159473835,,,,Sand,,,Sand 2,2,3.32,30.08,-1.7299999999999998,-28.49
-27.65,29.24,28.85,0.262,2.0,-0.2,-2.0,2.4,0.90182,1396.0,29.232,28.85,288.5,1.5494231705315658,,,,Sand,,,Sand 2,2,3.32,30.08,-1.7299999999999998,-28.49
-27.67,29.26,28.94,0.259,2.0,-0.2,-2.0,2.4,0.88858,1396.0,29.252,28.94,289.4,1.5436731551873895,,,,Sand,,,Sand 2,2,3.32,30.08,-1.7299999999999998,-28.49
-27.69,29.28,29.17,0.259,2.0,-0.2,-2.0,2.4,0.88794,1397.0,29.272,29.17,291.7,1.5411920926063036,,,,Sand,,,Sand 2,2,3.32,30.08,-1.7299999999999998,-28.49
-27.71,29.3,29.61,0.26,2.0,0.0,-1.8,2.4,0.89385,1398.0,29.292,29.61,296.1,1.539151104228294,,,,Sand,,,Sand 2,2,3.32,30.08,-1.7299999999999998,-28.49
-27.73,29.32,29.83,0.259,2.0,-0.2,-1.8,2.4,0.89612,1399.0,29.312,29.83,298.3,1.5379068837510048,,,,Sand,,,Sand 2,2,3.32,30.08,-1.7299999999999998,-28.49
-27.75,29.34,29.46,0.258,2.0,-0.2,-2.0,2.1,0.90143,1400.0,29.332,29.46,294.6,1.5433730352389756,,,,Sand,,,Sand 2,2,3.32,30.08,-1.7299999999999998,-28.49
-27.77,29.36,28.79,0.259,2.0,-0.2,-2.0,2.1,0.91791,1401.0,29.352,28.79,287.9,1.5558433377023932,,,,Sand,,,Sand 2,2,3.32,30.08,-1.7299999999999998,-28.49
-27.79,29.38,28.05,0.254,2.0,-0.2,-2.0,2.2,0.91763,1402.0,29.372,28.05,280.5,1.5631135235654536,,,,Sand,,,Sand 2,2,3.32,30.08,-1.7299999999999998,-28.49
-27.81,29.4,27.37,0.249,2.0,-0.2,-2.0,2.4,0.92035,1402.0,29.392,27.37,273.7,1.5710716373561096,,,,Sand,,,Sand 2,2,3.32,30.08,-1.7299999999999998,-28.49
-27.830000000000002,29.42,26.69,0.244,2.0,-0.2,-2.0,2.3,0.92613,1403.0,29.412,26.69,266.9,1.580315988090636,,,,Sand,,,Sand 2,2,3.32,30.08,-1.7299999999999998,-28.49
-27.85,29.44,25.93,0.237,2.0,-0.2,-2.0,2.4,0.92398,1404.0,29.432,25.93,259.3,1.587875579316737,,,,Sand,,,Sand 2,2,3.32,30.08,-1.7299999999999998,-28.49
-27.87,29.46,25.32,0.229,2.0,-0.2,-2.0,2.1,0.91848,1405.0,29.452,25.32,253.2,1.592844499855367,,,,Sand,,,Sand 2,2,3.32,30.08,-1.7299999999999998,-28.49
-27.89,29.48,24.83,0.223,2.0,-0.2,-2.0,2.5,0.92201,1406.0,29.472,24.83,248.3,1.5997729744441687,,,,Sand,,,Sand 2,2,3.32,30.08,-1.7299999999999998,-28.49
-27.91,29.5,23.79,0.215,2.0,-0.2,-2.0,2.9,0.91738,1407.0,29.492,23.79,237.9,1.610712850593099,,,,Sand,,,Sand 2,2,3.32,30.08,-1.7299999999999998,-28.49
-27.93,29.52,23.22,0.207,2.0,-0.2,-2.0,2.8,0.9134,1407.0,29.512,23.22,232.2,1.616502601750422,,,,Sand,,,Sand 2,2,3.32,30.08,-1.7299999999999998,-28.49
-27.95,29.54,22.31,0.2,2.0,-0.2,-2.0,2.4,0.91486,1408.0,29.532,22.31,223.1,1.6289143618520832,,,,Sand,,,Sand 2,2,3.32,30.08,-1.7299999999999998,-28.49
-27.97,29.56,21.4,0.193,2.0,-0.2,-2.0,2.3,0.91839,1409.0,29.552,21.4,214.0,1.6426229015347904,,,,Sand,,,Sand 2,2,3.32,30.08,-1.7299999999999998,-28.49
-27.99,29.58,20.69,0.184,2.0,-0.2,-2.0,2.4,0.91022,1410.0,29.572,20.69,206.9,1.65004697387503,,,,Sand,,,Sand 2,2,3.32,30.08,-1.7299999999999998,-28.49
-28.01,29.6,19.74,0.175,2.0,-0.2,-2.0,2.4,0.90282,1411.0,29.592,19.74,197.4,1.6618806924747376,,,,Sand,,,Sand 2,2,3.32,30.08,-1.7299999999999998,-28.49
-28.03,29.62,18.91,0.166,2.0,-0.2,-2.0,2.4,0.89434,1411.0,29.612,18.91,189.1,1.6722450713791042,,,,Sand,,,Sand 2,2,3.32,30.08,-1.7299999999999998,-28.49
-28.05,29.64,18.06,0.158,2.0,-0.2,-2.0,2.4,0.89002,1412.0,29.632,18.06,180.6,1.6850963297561075,,,,Sand,,,Sand 2,2,3.32,30.08,-1.7299999999999998,-28.49
-28.07,29.66,17.39,0.1573,2.0,0.0,-2.0,2.4,0.92885,1413.0,29.652,17.39,173.9,1.7097888267193755,,,,Sand,,,Sand 2,2,3.32,30.08,-1.7299999999999998,-28.49
-28.09,29.68,16.57,0.1567,2.2,-0.2,-2.1,2.4,0.97118,1414.0,29.672,16.57,165.7,1.7383229925516768,,,,Sand,,,Sand 2,2,3.32,30.08,-1.7299999999999998,-28.49
-28.11,29.7,15.73,0.156,2.2,-0.2,-2.1,2.4,1.0237,1415.0,29.692,15.73,157.3,1.7704645225771762,,,,Sand,,,Sand 2,2,3.32,30.08,-1.7299999999999998,-28.49
-28.13,29.72,14.93,0.147,2.2,-0.2,-2.0,2.3,1.0352,1416.0,29.712,14.93,149.3,1.7901804135210038,,,,Sand,,,Sand 2,2,3.32,30.08,-1.7299999999999998,-28.49
-28.15,29.74,14.15,0.134,2.2,-0.2,-2.1,2.4,1.0178,1416.0,29.732,14.15,141.5,1.8020984028648206,,,,Sand,,,Sand 2,2,3.32,30.08,-1.7299999999999998,-28.49
-28.17,29.76,13.34,0.129,2.2,0.0,-2.0,2.3,1.0593,1417.0,29.752,13.34,133.4,1.8326696603739723,,,,Sand,,,Sand 2,2,3.32,30.08,-1.7299999999999998,-28.49
-28.19,29.78,11.74,0.122,2.2,-0.2,-2.0,2.4,1.0843,1418.0,29.772,11.74,117.4,1.880513121505992,,,,Sand,,,Sand 2,2,3.32,30.08,-1.7299999999999998,-28.49
-28.21,29.8,9.75,0.116,2.2,-0.2,-2.1,2.3,1.1197,1419.0,29.792,9.75,97.5,1.9503759632322215,,,,Sand,,,Sand 2,2,3.32,30.08,-1.7299999999999998,-28.49
-28.23,29.82,9.12,0.113,2.3,-0.2,-2.0,2.4,1.1909,1420.0,29.812,9.12,91.2,1.9898262158137292,,,,Sand,,,Sand 2,2,3.32,30.08,-1.7299999999999998,-28.49
-28.25,29.84,8.66,0.109,2.4,-0.2,-2.0,2.4,1.2567,1421.0,29.831,8.66,86.6,2.0220963047085245,,,,Sand,,,Sand 2,2,3.32,30.08,-1.7299999999999998,-28.49
-28.27,29.86,8.32,0.1077,2.5,-0.2,-2.5,2.0,1.3498,1422.0,29.851,8.32,83.2,2.0555644530327473,,,,Sand mixtures,,,Sand 2,2,3.32,30.08,-1.7299999999999998,-28.49
-28.29,29.88,7.8,0.1063,2.0,-0.2,-2.0,2.1,1.4199,1422.0,29.871,7.8,78.0,2.0911424629874555,,,,Sand mixtures,,,Sand 2,2,3.32,30.08,-1.7299999999999998,-28.49
-28.31,29.9,7.18,0.105,2.2,-0.2,-2.1,2.4,1.4909,1423.0,29.891,7.18,71.8,2.132203806561502,,,,Sand mixtures,,,Sand 2,2,3.32,30.08,-1.7299999999999998,-28.49
-28.330000000000002,29.92,6.82,0.108,2.0,-0.2,-2.0,2.3,1.6277,1424.0,29.911,6.82,68.2,2.1740760637106558,,,,Sand mixtures,,,Sand 2,2,3.32,30.08,-1.7299999999999998,-28.49
-28.35,29.94,6.18,0.112,2.0,-0.2,-2.0,2.3,1.7849,1425.0,29.931,6.18,61.8,2.232650250415904,,,,Sand mixtures,,,Sand 2,2,3.32,30.08,-1.7299999999999998,-28.49
-28.37,29.96,5.81,0.112,2.0,-0.2,-2.0,2.4,1.8566,1426.0,29.951,5.81,58.1,2.2640930593447397,,,,Sand mixtures,,,Sand 2,2,3.32,30.08,-1.7299999999999998,-28.49
-28.39,29.98,5.57,0.113,2.0,-0.2,-2.0,2.8,1.9024,1426.0,29.971,5.57,55.7,2.284859143856457,,,,Sand mixtures,,,Sand 2,2,3.32,30.08,-1.7299999999999998,-28.49
-28.41,30.0,5.4,0.113,2.2,-0.2,-2.1,2.5,1.881,1427.0,29.991,5.4,54.0,2.291827506198639,,,,Sand mixtures,,,Sand 2,2,3.32,30.08,-1.7299999999999998,-28.49
-28.43,30.02,5.44,0.112,2.0,0.0,-2.0,2.3,1.7845,1428.0,30.011,5.44,54.4,2.274534708549543,,,,Sand mixtures,,,Sand 2,2,3.32,30.08,-1.7299999999999998,-28.49
-28.45,30.04,5.86,0.11,2.0,-0.2,-2.0,2.3,1.6449,1429.0,30.031,5.86,58.6,2.227026984737622,,,,Sand mixtures,,,Sand 2,2,3.32,30.08,-1.7299999999999998,-28.49
-28.47,30.06,6.44,0.106,2.0,0.0,-2.0,2.4,1.4631,1430.0,30.051,6.44,64.4,2.1629341749809954,,,,Sand mixtures,,,Sand 2,2,3.32,30.08,-1.7299999999999998,-28.49
-28.49,30.08,7.36,0.103,2.0,0.0,-2.0,2.3,1.295,1431.0,30.071,7.36,73.6,2.084452800617448,,,,Sand mixtures,,,Sand 3,3,30.08,35.04,-28.49,-33.449999999999996
-28.51,30.1,8.33,0.099,2.0,0.0,-2.0,2.4,1.1322,1431.0,30.091,8.33,83.3,2.0058367593524107,,,,Sand,,,Sand 3,3,30.08,35.04,-28.49,-33.449999999999996
-28.53,30.12,9.1,0.096,2.0,0.0,-2.0,2.3,1.0023,1432.0,30.111,9.1,91.0,1.9426351617475328,,,,Sand,,,Sand 3,3,30.08,35.04,-28.49,-33.449999999999996
-28.55,30.14,10.03,0.095,2.0,-0.2,-2.0,2.4,0.91029,1433.0,30.131,10.03,100.3,1.8834919388186604,,,,Sand,,,Sand 3,3,30.08,35.04,-28.49,-33.449999999999996
-28.57,30.16,11.07,0.097,2.0,0.0,-2.0,2.4,0.86069,1434.0,30.151,11.07,110.7,1.8348640384093056,,,,Sand,,,Sand 3,3,30.08,35.04,-28.49,-33.449999999999996
-28.59,30.18,11.76,0.099,2.0,0.0,-2.0,2.3,0.81767,1435.0,30.171,11.76,117.6,1.800442372299026,,,,Sand,,,Sand 3,3,30.08,35.04,-28.49,-33.449999999999996
-28.61,30.2,12.53,0.103,2.0,0.0,-2.0,2.4,0.7917,1436.0,30.191,12.53,125.3,1.7702248953152946,,,,Sand,,,Sand 3,3,30.08,35.04,-28.49,-33.449999999999996
-28.63,30.22,13.31,0.11,2.2,-0.2,-2.1,2.3,0.78867,1436.0,30.211,13.31,133.1,1.748911622905423,,,,Sand,,,Sand 3,3,30.08,35.04,-28.49,-33.449999999999996
-28.65,30.24,14.03,0.121,2.1,0.0,-2.1,2.4,0.81099,1437.0,30.231,14.03,140.3,1.7392102814376724,,,,Sand,,,Sand 3,3,30.08,35.04,-28.49,-33.449999999999996
-28.67,30.26,15.03,0.131,2.0,0.0,-2.0,2.4,0.81658,1438.0,30.251,15.03,150.3,1.7185389790579073,,,,Sand,,,Sand 3,3,30.08,35.04,-28.49,-33.449999999999996
-28.69,30.28,16.32,0.14,2.0,0.0,-2.0,2.3,0.81007,1439.0,30.271,16.32,163.2,1.6894720339310803,,,,Sand,,,Sand 3,3,30.08,35.04,-28.49,-33.449999999999996
-28.71,30.3,17.53,0.151,2.0,0.0,-2.0,2.3,0.8144,1440.0,30.291,17.53,175.3,1.668054207761922,,,,Sand,,,Sand 3,3,30.08,35.04,-28.49,-33.449999999999996
-28.73,30.32,18.85,0.165,2.0,0.0,-2.0,2.4,0.83129,1441.0,30.311,18.85,188.5,1.6511562157854993,,,,Sand,,,Sand 3,3,30.08,35.04,-28.49,-33.449999999999996
-28.75,30.34,20.74,0.178,2.0,0.0,-2.0,2.4,0.84126,1441.0,30.331,20.74,207.4,1.6250277868705787,,,,Sand,,,Sand 3,3,30.08,35.04,-28.49,-33.449999999999996
-28.77,30.36,22.45,0.188,2.0,0.0,-2.0,2.2,0.83919,1442.0,30.351,22.45,224.5,1.6000291409766767,,,,Sand,,,Sand 3,3,30.08,35.04,-28.49,-33.449999999999996
-28.79,30.38,23.38,0.201,2.0,0.0,-2.0,2.1,0.85219,1443.0,30.371,23.38,233.8,1.5925694664182042,,,,Sand,,,Sand 3,3,30.08,35.04,-28.49,-33.449999999999996
-28.81,30.4,24.49,0.213,2.0,0.0,-2.0,2.3,0.86248,1444.0,30.391,24.49,244.9,1.5825110028180653,,,,Sand,,,Sand 3,3,30.08,35.04,-28.49,-33.449999999999996
-28.830000000000002,30.42,25.51,0.223,2.0,0.2,-2.0,2.4,0.86961,1445.0,30.411,25.51,255.1,1.5730918611588358,,,,Sand,,,Sand 3,3,30.08,35.04,-28.49,-33.449999999999996
-28.85,30.44,26.27,0.234,2.1,0.0,-2.1,2.3,0.88369,1446.0,30.431,26.27,262.7,1.569678212181651,,,,Sand,,,Sand 3,3,30.08,35.04,-28.49,-33.449999999999996
-28.87,30.46,27.0,0.241,2.0,0.2,-2.0,2.3,0.88169,1447.0,30.451,27.0,270.0,1.5610017336386408,,,,Sand,,,Sand 3,3,30.08,35.04,-28.49,-33.449999999999996
-28.89,30.48,27.73,0.245,2.0,0.2,-2.0,2.0,0.87011,1448.0,30.471,27.73,277.3,1.5490139453246379,,,,Sand,,,Sand 3,3,30.08,35.04,-28.49,-33.449999999999996
-28.91,30.5,28.32,0.253,2.2,0.2,-2.1,2.9,0.87528,1448.0,30.491,28.32,283.2,1.5449012314658683,,,,Sand,,,Sand 3,3,30.08,35.04,-28.49,-33.449999999999996
-28.93,30.52,29.14,0.263,2.2,0.2,-2.1,2.7,0.88791,1449.0,30.511,29.14,291.4,1.5414724347313036,,,,Sand,,,Sand 3,3,30.08,35.04,-28.49,-33.449999999999996
-28.95,30.54,30.21,0.27,2.2,0.2,-2.1,2.5,0.88977,1450.0,30.531,30.21,302.1,1.5319961043518173,,,,Sand,,,Sand 3,3,30.08,35.04,-28.49,-33.449999999999996
-28.97,30.56,31.08,0.279,2.2,0.4,-2.0,2.4,0.8983,1451.0,30.551,31.08,310.8,1.5272397181805029,,,,Sand,,,Sand 3,3,30.08,35.04,-28.49,-33.449999999999996
-28.99,30.58,31.49,0.291,2.2,0.2,-2.1,2.3,0.91481,1451.0,30.571,31.49,314.9,1.5297029387128493,,,,Sand,,,Sand 3,3,30.08,35.04,-28.49,-33.449999999999996
-29.01,30.6,31.99,0.291,2.2,0.2,-2.0,2.4,0.89525,1452.0,30.591,31.99,319.9,1.518107713147784,,,,Sand,,,Sand 3,3,30.08,35.04,-28.49,-33.449999999999996
-29.03,30.62,32.8,0.284,2.2,0.2,-2.1,2.3,0.85827,1453.0,30.611,32.8,328.0,1.497065429306473,,,,Sand,,,Sand 3,3,30.08,35.04,-28.49,-33.449999999999996
-29.05,30.64,33.44,0.291,2.2,0.4,-2.1,2.4,0.86772,1454.0,30.631,33.44,334.4,1.4954115171592761,,,,Sand,,,Sand 3,3,30.08,35.04,-28.49,-33.449999999999996
-29.07,30.66,34.33,0.314,2.2,0.4,-2.0,2.3,0.92591,1455.0,30.651,34.33,343.3,1.510268485542228,,,,Sand,,,Sand 3,3,30.08,35.04,-28.49,-33.449999999999996
-29.09,30.68,34.7,0.322,2.2,0.4,-2.0,2.4,0.93932,1456.0,30.671,34.7,347.0,1.51231329322493,,,,Sand,,,Sand 3,3,30.08,35.04,-28.49,-33.449999999999996
-29.11,30.7,34.89,0.328,2.2,0.4,-2.1,2.4,0.94976,1456.0,30.691,34.89,348.9,1.5146492945496948,,,,Sand,,,Sand 3,3,30.08,35.04,-28.49,-33.449999999999996
-29.13,30.72,34.65,0.329,2.2,0.4,-2.1,2.4,0.94837,1457.0,30.711,34.65,346.5,1.515984147346599,,,,Sand,,,Sand 3,3,30.08,35.04,-28.49,-33.449999999999996
-29.15,30.74,34.5,0.344,2.2,0.6,-2.1,2.4,0.99132,1458.0,30.731,34.5,345.0,1.5323633422711422,,,,Sand,,,Sand 3,3,30.08,35.04,-28.49,-33.449999999999996
-29.17,30.76,34.93,0.354,2.2,0.4,-2.1,2.4,1.0226,1459.0,30.751,34.93,349.3,1.5398497289233142,,,,Sand,,,Sand 3,3,30.08,35.04,-28.49,-33.449999999999996
-29.19,30.78,34.84,0.358,2.2,0.4,-2.1,2.4,1.0385,1460.0,30.771,34.84,348.4,1.5458783916933088,,,,Sand,,,Sand 3,3,30.08,35.04,-28.49,-33.449999999999996
-29.21,30.8,34.69,0.36,2.2,0.8,-1.8,2.3,1.0474,1461.0,30.791,34.69,346.9,1.5499674929579845,,,,Sand,,,Sand 3,3,30.08,35.04,-28.49,-33.449999999999996
-29.23,30.82,34.41,0.354,2.2,0.8,-2.3,2.4,1.0313,1461.0,30.811,34.41,344.1,1.5467113830091548,,,,Sand,,,Sand 3,3,30.08,35.04,-28.49,-33.449999999999996
-29.25,30.84,34.04,0.345,2.2,1.0,-2.0,2.2,1.0068,1462.0,30.831,34.04,340.4,1.541250689830885,,,,Sand,,,Sand 3,3,30.08,35.04,-28.49,-33.449999999999996
-29.27,30.86,33.73,0.334,2.2,0.2,-1.8,2.0,0.97625,1463.0,30.851,33.73,337.3,1.5330920192894422,,,,Sand,,,Sand 3,3,30.08,35.04,-28.49,-33.449999999999996
-29.29,30.88,33.82,0.339,2.2,0.4,-2.5,2.2,0.9917,1464.0,30.871,33.82,338.2,1.5377696105793415,,,,Sand,,,Sand 3,3,30.08,35.04,-28.49,-33.449999999999996
-29.31,30.9,34.14,0.327,2.2,0.4,-2.1,2.4,0.95593,1465.0,30.891,34.14,341.4,1.522661498721097,,,,Sand,,,Sand 3,3,30.08,35.04,-28.49,-33.449999999999996
-29.330000000000002,30.92,34.46,0.315,2.2333,0.8,-1.8,2.4,0.91894,1466.0,30.911,34.46,344.6,1.5066749130225008,,,,Sand,,,Sand 3,3,30.08,35.04,-28.49,-33.449999999999996
-29.35,30.94,34.41,0.311,2.2667,0.8,-2.3,2.3,0.90377,1467.0,30.931,34.41,344.1,1.501395928526118,,,,Sand,,,Sand 3,3,30.08,35.04,-28.49,-33.449999999999996
-29.37,30.96,34.46,0.31,2.3,0.8,-2.1,2.3,0.90077,1467.0,30.951,34.46,344.6,1.4998728765756717,,,,Sand,,,Sand 3,3,30.08,35.04,-28.49,-33.449999999999996
-29.39,30.98,34.6,0.325,2.4,1.0,-2.1,1.9,0.94662,1469.0,30.971,34.6,346.0,1.5157359788214446,,,,Sand,,,Sand 3,3,30.08,35.04,-28.49,-33.449999999999996
-29.41,31.0,34.61,0.311,2.4,1.0,-2.1,2.8,0.91129,1469.0,30.991,34.61,346.1,1.5026561042055193,,,,Sand,,,Sand 3,3,30.08,35.04,-28.49,-33.449999999999996
-29.43,31.02,34.79,0.312,2.4,1.0,-2.1,2.8,0.92141,1470.0,31.011,34.79,347.9,1.505033421786333,,,,Sand,,,Sand 3,3,30.08,35.04,-28.49,-33.449999999999996
-29.45,31.04,33.85,0.303,2.5,0.8,-2.3,2.7,0.90509,1471.0,31.031,33.85,338.5,1.5063311066926497,,,,Sand,,,Sand 3,3,30.08,35.04,-28.49,-33.449999999999996
-29.47,31.06,33.48,0.302,2.4,1.0,-2.1,2.4,0.91539,1471.0,31.051,33.48,334.8,1.5131502480027106,,,,Sand,,,Sand 3,3,30.08,35.04,-28.49,-33.449999999999996
-29.49,31.08,32.82,0.301,2.4,1.0,-2.1,2.3,0.9279,1472.0,31.071,32.82,328.2,1.5231581187767267,,,,Sand,,,Sand 3,3,30.08,35.04,-28.49,-33.449999999999996
-29.51,31.1,32.28,0.298,2.5,0.8,-2.3,2.4,0.93582,1473.0,31.091,32.28,322.8,1.5305515073402276,,,,Sand,,,Sand 3,3,30.08,35.04,-28.49,-33.449999999999996
-29.53,31.12,31.39,0.286,2.4,1.0,-2.1,2.4,0.91047,1474.0,31.111,31.39,313.9,1.5289874406690305,,,,Sand,,,Sand 3,3,30.08,35.04,-28.49,-33.449999999999996
-29.55,31.14,30.71,0.271,2.4,1.0,-2.1,2.3,0.8717,1475.0,31.131,30.71,307.1,1.5205889124216538,,,,Sand,,,Sand 3,3,30.08,35.04,-28.49,-33.449999999999996
-29.57,31.16,30.19,0.254,2.4,1.0,-2.1,2.4,0.82045,1476.0,31.151,30.19,301.9,1.5054717746781932,,,,Sand,,,Sand 3,3,30.08,35.04,-28.49,-33.449999999999996
-29.59,31.18,30.03,0.243,2.5,1.0,-2.3,2.3,0.7852,1476.0,31.171,30.03,300.3,1.4926913504822397,,,,Sand,,,Sand 3,3,30.08,35.04,-28.49,-33.449999999999996
-29.61,31.2,30.4,0.237,2.4,1.0,-2.1,2.3,0.76329,1477.0,31.191,30.4,304.0,1.4799806943217777,,,,Sand,,,Sand 3,3,30.08,35.04,-28.49,-33.449999999999996
-29.63,31.22,30.89,0.236,2.4,1.0,-2.1,2.3,0.75653,1478.0,31.21,30.89,308.9,1.472472699501461,,,,Sand,,,Sand 3,3,30.08,35.04,-28.49,-33.449999999999996
-29.65,31.24,31.78,0.234,2.5,1.0,-2.3,2.4,0.74731,1479.0,31.23,31.78,317.8,1.4602979397972882,,,,Sand,,,Sand 3,3,30.08,35.04,-28.49,-33.449999999999996
-29.67,31.26,32.19,0.235,2.4,1.0,-2.1,2.4,0.74811,1480.0,31.25,32.19,321.9,1.4569630559466973,,,,Sand,,,Sand 3,3,30.08,35.04,-28.49,-33.449999999999996
-29.69,31.28,32.21,0.241,2.5,1.0,-2.3,2.4,0.7642,1481.0,31.27,32.21,322.1,1.4637375461369857,,,,Sand,,,Sand 3,3,30.08,35.04,-28.49,-33.449999999999996
-29.71,31.3,31.87,0.245,2.4,1.0,-2.1,2.4,0.77083,1481.0,31.29,31.87,318.7,1.469594364610345,,,,Sand,,,Sand 3,3,30.08,35.04,-28.49,-33.449999999999996
-29.73,31.32,31.13,0.249,2.5,1.0,-2.3,2.4,0.77628,1482.0,31.31,31.13,311.3,1.4786209359963263,,,,Sand,,,Sand 3,3,30.08,35.04,-28.49,-33.449999999999996
-29.75,31.34,30.83,0.254,2.4,1.2,-2.1,2.3,0.78217,1483.0,31.33,30.83,308.3,1.4838640120028266,,,,Sand,,,Sand 3,3,30.08,35.04,-28.49,-33.449999999999996
-29.77,31.36,31.39,0.271,2.4,1.2,-2.1,2.1,0.8229,1484.0,31.35,31.39,313.9,1.4953755699238325,,,,Sand,,,Sand 3,3,30.08,35.04,-28.49,-33.449999999999996
-29.79,31.38,32.87,0.275,2.4,1.2,-2.1,2.1,0.8209,1485.0,31.37,32.87,328.7,1.4816224850607538,,,,Sand,,,Sand 3,3,30.08,35.04,-28.49,-33.449999999999996
-29.81,31.4,34.12,0.282,2.4,1.2,-2.1,2.3,0.82586,1486.0,31.39,34.12,341.2,1.473264513487249,,,,Sand,,,Sand 3,3,30.08,35.04,-28.49,-33.449999999999996
-29.830000000000002,31.42,35.37,0.294,2.4,1.2,-2.1,2.4,0.84595,1487.0,31.41,35.37,353.7,1.47150032334068,,,,Sand,,,Sand 3,3,30.08,35.04,-28.49,-33.449999999999996
-29.85,31.44,35.88,0.313,2.4,1.2,-2.1,2.4,0.88675,1488.0,31.43,35.88,358.8,1.4836625974006585,,,,Sand,,,Sand 3,3,30.08,35.04,-28.49,-33.449999999999996
-29.87,31.46,36.41,0.345,2.6,1.2,-2.3,2.4,0.96503,1488.0,31.45,36.41,364.1,1.508906368279374,,,,Sand,,,Sand 3,3,30.08,35.04,-28.49,-33.449999999999996
-29.89,31.48,36.3,0.375,2.5,1.6,-2.0,2.0,1.0356,1489.0,31.47,36.3,363.0,1.5342650785269796,,,,Sand,,,Sand 3,3,30.08,35.04,-28.49,-33.449999999999996
-29.91,31.5,35.69,0.407,2.6,1.2,-2.3,2.3,1.1106,1490.0,31.49,35.69,356.9,1.5631241315322362,,,,Sand,,,Sand 3,3,30.08,35.04,-28.49,-33.449999999999996
-29.93,31.52,35.74,0.419,2.9,1.4,-2.5,2.9,1.129,1491.0,31.51,35.74,357.4,1.568552024114775,,,,Sand,,,Sand 3,3,30.08,35.04,-28.49,-33.449999999999996
-29.95,31.54,36.49,0.434,2.6,1.2,-2.3,2.7,1.1551,1492.0,31.53,36.49,364.9,1.571388332413396,,,,Sand,,,Sand 3,3,30.08,35.04,-28.49,-33.449999999999996
-29.97,31.56,37.81,0.449,2.5,1.6,-2.0,2.3,1.1784,1492.0,31.55,37.81,378.1,1.5696505237605927,,,,Sand,,,Sand 3,3,30.08,35.04,-28.49,-33.449999999999996
-29.99,31.58,38.85,0.466,2.5,0.8,-2.3,2.4,1.2023,1493.0,31.57,38.85,388.5,1.5701928457286634,,,,Sand,,,Sand 3,3,30.08,35.04,-28.49,-33.449999999999996
-30.01,31.6,39.61,0.48,2.7333,1.2,-1.4,2.4,1.2153,1494.0,31.59,39.61,396.1,1.5693703905179497,,,,Sand,,,Sand 3,3,30.08,35.04,-28.49,-33.449999999999996
-30.03,31.62,40.08,0.497,2.9667,1.6,-2.0,2.4,1.237,1495.0,31.61,40.08,400.8,1.5729362922992862,,,,Sand,,,Sand 3,3,30.08,35.04,-28.49,-33.449999999999996
-30.05,31.64,40.54,0.513,3.2,1.8,-2.7,2.4,1.2588,1496.0,31.63,40.54,405.4,1.5765564431737205,,,,Sand,,,Sand 3,3,30.08,35.04,-28.49,-33.449999999999996
-30.07,31.66,40.94,0.523,2.8667,0.8,-0.8,2.4,1.2676,1497.0,31.65,40.94,409.4,1.5767664105868688,,,,Sand,,,Sand 3,3,30.08,35.04,-28.49,-33.449999999999996
-30.09,31.68,41.65,0.534,2.5333,1.0,-1.8,2.3,1.2797,1497.0,31.67,41.65,416.5,1.5761886730978647,,,,Sand,,,Sand 3,3,30.08,35.04,-28.49,-33.449999999999996
-30.11,31.7,41.93,0.541,2.4889,1.0,-2.0,2.4,1.2788,1498.0,31.69,41.93,419.3,1.5743631478948645,,,,Sand,,,Sand 3,3,30.08,35.04,-28.49,-33.449999999999996
-30.13,31.72,42.43,0.547,2.4444,1.0,-2.3,2.4,1.2734,1499.0,31.71,42.43,424.3,1.5700466755156717,,,,Sand,,,Sand 3,3,30.08,35.04,-28.49,-33.449999999999996
-30.15,31.74,42.88,0.555,2.4,1.4,-2.0,2.3,1.2704,1500.0,31.73,42.88,428.8,1.56672763019915,,,,Sand,,,Sand 3,3,30.08,35.04,-28.49,-33.449999999999996
-30.17,31.76,43.38,0.564,2.8,1.6,-2.3,2.4,1.2679,1501.0,31.75,43.38,433.8,1.5633171845483709,,,,Sand,,,Sand 3,3,30.08,35.04,-28.49,-33.449999999999996
-30.19,31.78,44.69,0.576,2.7333,1.6,-1.8,2.3,1.2693,1502.0,31.77,44.69,446.9,1.556880684584693,,,,Sand,,,Sand 3,3,30.08,35.04,-28.49,-33.449999999999996
-30.21,31.8,45.76,0.583,2.6667,1.2,-1.6,2.4,1.2567,1502.0,31.79,45.76,457.6,1.5478000338766658,,,,Sand,,,Sand 3,3,30.08,35.04,-28.49,-33.449999999999996
-30.23,31.82,46.77,0.565,2.6,1.2,-2.3,2.4,1.1894,1503.0,31.81,46.77,467.7,1.522473863892176,,,,Sand,,,Sand 3,3,30.08,35.04,-28.49,-33.449999999999996
-30.25,31.84,48.02,0.547,3.2,1.4,-2.9,2.3,1.1259,1504.0,31.83,48.02,480.2,1.4961840817701224,,,,Sand,,,Sand 3,3,30.08,35.04,-28.49,-33.449999999999996
-30.27,31.86,49.11,0.529,3.0667,1.0,-2.3,2.3,1.0679,1505.0,31.85,49.11,491.1,1.4715314801100563,,,,Sand,,,Sand 3,3,30.08,35.04,-28.49,-33.449999999999996
-30.29,31.88,50.52,0.566,2.9333,1.2,-2.7,1.8,1.1232,1506.0,31.87,50.52,505.2,1.483792329784774,,,,Sand,,,Sand 3,3,30.08,35.04,-28.49,-33.449999999999996
-30.31,31.9,51.76,0.597,2.8,1.6,-2.3,1.4,1.1677,1507.0,31.89,51.76,517.6,1.492905386262762,,,,Sand,,,Sand 3,3,30.08,35.04,-28.49,-33.449999999999996
-30.330000000000002,31.92,52.04,0.619,2.7,1.4,-2.0,0.0,1.1965,1540.0,31.91,52.04,520.4,1.5008613753785673,,,,Sand,,,Sand 3,3,30.08,35.04,-28.49,-33.449999999999996
-30.35,31.94,52.32,0.646,2.6,1.8,-2.3,1.6,1.2369,1541.0,31.93,52.32,523.2,1.5121912070926011,,,,Sand,,,Sand 3,3,30.08,35.04,-28.49,-33.449999999999996
-30.37,31.96,52.6,0.663,2.5,1.6,-2.0,2.7,1.2602,1542.0,31.95,52.6,526.0,1.5180852292728146,,,,Sand,,,Sand 3,3,30.08,35.04,-28.49,-33.449999999999996
-30.39,31.98,52.64,0.674,2.5,1.4,-2.1,2.7,1.2737,1542.0,31.97,52.64,526.4,1.5219496901963316,,,,Sand,,,Sand 3,3,30.08,35.04,-28.49,-33.449999999999996
-30.41,32.0,52.87,0.68,2.6667,1.2,-1.6,1.9,1.2775,1543.0,31.99,52.87,528.7,1.52214637748026,,,,Sand,,,Sand 3,3,30.08,35.04,-28.49,-33.449999999999996
-30.430000000000003,32.02,53.07,0.68,2.8333,1.4,-1.8,1.8,1.2714,1544.0,32.01,53.07,530.7,1.51953060062431,,,,Sand,,,Sand 3,3,30.08,35.04,-28.49,-33.449999999999996
-30.45,32.04,53.58,0.679,3.0,1.6,-2.5,1.7,1.2655,1546.0,32.03,53.58,535.8,1.5157355233849898,,,,Sand,,,Sand 3,3,30.08,35.04,-28.49,-33.449999999999996
-30.470000000000002,32.06,54.22,0.684,2.9,1.0,-1.0,1.5,1.2739,1547.0,32.05,54.22,542.2,1.5157324582320604,,,,Sand,,,Sand 3,3,30.08,35.04,-28.49,-33.449999999999996
-30.49,32.08,54.52,0.683,2.8,1.4,-2.1,1.1,1.2737,1549.0,32.07,54.52,545.2,1.5145109026306505,,,,Sand,,,Sand 3,3,30.08,35.04,-28.49,-33.449999999999996
-30.51,32.1,54.39,0.698,2.7,1.6,-2.1,0.9,1.3063,1551.0,32.09,54.39,543.9,1.5246222336525026,,,,Sand,,,Sand 3,3,30.08,35.04,-28.49,-33.449999999999996
-30.529999999999998,32.12,53.94,0.716,2.6667,1.4,-2.1,0.9,1.3504,1553.0,32.11,53.94,539.4,1.5390010494693982,,,,Sand,,,Sand 3,3,30.08,35.04,-28.49,-33.449999999999996
-30.55,32.14,52.97,0.726,2.6333,1.6,-2.0,0.9,1.3828,1555.0,32.13,52.97,529.7,1.551817433427653,,,,Sand,,,Sand 3,3,30.08,35.04,-28.49,-33.449999999999996
-30.569999999999997,32.16,52.28,0.721,2.6,1.8,-2.0,1.2,1.3899,1557.0,32.149,52.28,522.8,1.5565100619414096,,,,Sand,,,Sand 3,3,30.08,35.04,-28.49,-33.449999999999996
-30.59,32.18,51.58,0.717,2.8,2.0,-2.0,1.3,1.4003,1558.0,32.169,51.58,515.8,1.5621762343259133,,,,Sand,,,Sand 3,3,30.08,35.04,-28.49,-33.449999999999996
-30.610000000000003,32.2,50.28,0.722,2.7667,1.6,-2.0,2.0,1.4277,1559.0,32.189,50.28,502.8,1.5749222212440301,,,,Sand,,,Sand 3,3,30.08,35.04,-28.49,-33.449999999999996
-30.63,32.22,50.07,0.663,2.7333,1.6,-2.1,1.4,1.3245,1561.0,32.209,50.07,500.7,1.5474670135684523,,,,Sand,,,Sand 3,3,30.08,35.04,-28.49,-33.449999999999996
-30.650000000000002,32.24,49.49,0.63,2.7,1.6,-2.1,1.1,1.2711,1562.0,32.229,49.49,494.9,1.534543941017864,,,,Sand,,,Sand 3,3,30.08,35.04,-28.49,-33.449999999999996
-30.669999999999998,32.26,49.01,0.63,2.6333,1.6,-1.8,1.1,1.2833,1564.0,32.249,49.01,490.1,1.5402635283672337,,,,Sand,,,Sand 3,3,30.08,35.04,-28.49,-33.449999999999996
-30.69,32.28,48.89,0.651,2.5667,1.6,-2.5,1.1,1.3361,1566.0,32.269,48.89,488.9,1.5559241200063174,,,,Sand,,,Sand 3,3,30.08,35.04,-28.49,-33.449999999999996
-30.709999999999997,32.3,48.85,0.677,2.5,1.6,-2.0,1.1,1.3983,1568.0,32.289,48.85,488.5,1.5732249997569245,,,,Sand,,,Sand 3,3,30.08,35.04,-28.49,-33.449999999999996
-30.73,32.32,48.337,0.689,3.0,1.6,-2.5,0.0,1.4266,1616.0,32.309,48.337,483.37,1.583054955541739,,,,Sand,,,Sand 3,3,30.08,35.04,-28.49,-33.449999999999996
-30.750000000000004,32.34,47.823,0.695,3.2,2.0,-2.5,1.1,1.4365,1618.0,32.329,47.823,478.23,1.587968753207533,,,,Sand,,,Sand 3,3,30.08,35.04,-28.49,-33.449999999999996
-30.77,32.36,47.31,0.684,3.2,1.8,-2.7,2.6,1.4087,1619.0,32.349,47.31,473.1,1.5829604987914083,,,,Sand,,,Sand 3,3,30.08,35.04,-28.49,-33.449999999999996
-30.790000000000003,32.38,47.61,0.674,4.4,1.6,-4.1,2.5,1.3828,1619.0,32.369,47.61,476.1,1.5746136786686191,,,,Sand,,,Sand 3,3,30.08,35.04,-28.49,-33.449999999999996
-30.81,32.4,48.53,0.69,4.4,1.6,-4.1,1.5,1.4099,1621.0,32.389,48.53,485.3,1.5777567914707231,,,,Sand,,,Sand 3,3,30.08,35.04,-28.49,-33.449999999999996
-30.830000000000002,32.42,49.7,0.696,2.7,1.4,-2.3,1.1,1.4165,1622.0,32.409,49.7,497.0,1.5744076166560346,,,,Sand,,,Sand 3,3,30.08,35.04,-28.49,-33.449999999999996
-30.849999999999998,32.44,50.29,0.678,2.6667,1.6,-2.0,1.1,1.3745,1624.0,32.429,50.29,502.9,1.5605055663246608,,,,Sand,,,Sand 3,3,30.08,35.04,-28.49,-33.449999999999996
-30.87,32.46,50.34,0.672,2.6333,1.4,-2.1,1.0,1.3614,1626.0,32.449,50.34,503.4,1.5566742485853025,,,,Sand,,,Sand 3,3,30.08,35.04,-28.49,-33.449999999999996
-30.889999999999997,32.48,49.92,0.675,2.6,1.8,-2.0,1.4,1.3729,1627.0,32.469,49.92,499.2,1.5616476956850787,,,,Sand,,,Sand 3,3,30.08,35.04,-28.49,-33.449999999999996
-30.91,32.5,49.38,0.676,2.6,1.8,-2.0,1.7,1.3878,1629.0,32.489,49.38,493.8,1.5680584980299983,,,,Sand,,,Sand 3,3,30.08,35.04,-28.49,-33.449999999999996
-30.930000000000003,32.52,48.85,0.659,2.6,2.0,-1.8,1.7,1.371,1630.0,32.509,48.85,488.5,1.5657979488879865,,,,Sand,,,Sand 3,3,30.08,35.04,-28.49,-33.449999999999996
-30.95,32.54,47.88,0.647,3.2,2.0,-2.5,1.9,1.3675,1631.0,32.529,47.88,478.8,1.5692021595812302,,,,Sand,,,Sand 3,3,30.08,35.04,-28.49,-33.449999999999996
-30.970000000000002,32.56,46.96,0.626,3.1,1.8,-2.5,2.8,1.3453,1631.0,32.549,46.96,469.6,1.5673388668236379,,,,Sand,,,Sand 3,3,30.08,35.04,-28.49,-33.449999999999996
-30.99,32.58,46.05,0.604,3.3,2.1,-2.5,2.8,1.3189,1632.0,32.569,46.05,460.5,1.5643037666684454,,,,Sand,,,Sand 3,3,30.08,35.04,-28.49,-33.449999999999996
-31.01,32.6,45.17,0.589,3.3,1.2,-1.2,2.8,1.3056,1633.0,32.589,45.17,451.7,1.5648827779584642,,,,Sand,,,Sand 3,3,30.08,35.04,-28.49,-33.449999999999996
-31.029999999999998,32.62,44.3,0.578,3.3,1.6,-2.5,2.8,1.2967,1634.0,32.609,44.3,443.0,1.5667711970320013,,,,Sand,,,Sand 3,3,30.08,35.04,-28.49,-33.449999999999996
-31.05,32.64,43.68,0.565,3.3,1.6,-2.9,2.7,1.2814,1634.0,32.629,43.68,436.8,1.565623718966555,,,,Sand,,,Sand 3,3,30.08,35.04,-28.49,-33.449999999999996
-31.069999999999997,32.66,43.47,0.557,3.2,2.1,-2.3,2.7,1.2781,1635.0,32.649,43.47,434.7,1.565785022197451,,,,Sand,,,Sand 3,3,30.08,35.04,-28.49,-33.449999999999996
-31.09,32.68,43.4,0.569,3.1,1.4,-2.7,2.7,1.3216,1636.0,32.669,43.4,434.0,1.5784874535040194,,,,Sand,,,Sand 3,3,30.08,35.04,-28.49,-33.449999999999996
-31.110000000000003,32.7,43.56,0.5513,3.0,2.1,-1.0,2.7,1.2973,1636.0,32.689,43.56,435.6,1.570799707867272,,,,Sand,,,Sand 3,3,30.08,35.04,-28.49,-33.449999999999996
-31.13,32.72,43.1,0.5337,2.9,1.8,-3.5,2.8,1.2776,1637.0,32.709,43.1,431.0,1.5676165574299212,,,,Sand,,,Sand 3,3,30.08,35.04,-28.49,-33.449999999999996
-31.150000000000002,32.74,41.96,0.516,2.8,1.8,-2.1,2.7,1.2575,1638.0,32.729,41.96,419.6,1.5680526363198184,,,,Sand,,,Sand 3,3,30.08,35.04,-28.49,-33.449999999999996
-31.169999999999998,32.76,40.96,0.519,2.9333,1.6,-1.4,2.7,1.2885,1639.0,32.749,40.96,409.6,1.5826152504182056,,,,Sand,,,Sand 3,3,30.08,35.04,-28.49,-33.449999999999996
-31.19,32.78,39.83,0.523,3.0667,2.0,-2.0,2.7,1.3235,1639.0,32.769,39.83,398.3,1.598986321821816,,,,Sand,,,Sand 3,3,30.08,35.04,-28.49,-33.449999999999996
-31.209999999999997,32.8,37.92,0.525,3.2,1.8,-2.7,0.1,1.3516,1654.0,32.789,37.92,379.2,1.6183035776537023,,,,Sand,,,Sand 3,3,30.08,35.04,-28.49,-33.449999999999996
-31.23,32.82,37.54,0.522,3.3,2.1,-2.5,2.3,1.3602,1655.0,32.809,37.54,375.4,1.6230129315155242,,,,Sand,,,Sand 3,3,30.08,35.04,-28.49,-33.449999999999996
-31.250000000000004,32.84,37.36,0.514,3.2,1.8,-2.7,2.4,1.3473,1655.0,32.829,37.36,373.6,1.6207181601942302,,,,Sand,,,Sand 3,3,30.08,35.04,-28.49,-33.449999999999996
-31.27,32.86,37.45,0.5,3.2,2.0,-1.6,2.4,1.3091,1656.0,32.848,37.45,374.5,1.6097499695539503,,,,Sand,,,Sand 3,3,30.08,35.04,-28.49,-33.449999999999996
-31.290000000000003,32.88,37.73,0.487,3.2,1.4,-2.5,2.4,1.261,1657.0,32.868,37.73,377.3,1.5944581537010454,,,,Sand,,,Sand 3,3,30.08,35.04,-28.49,-33.449999999999996
-31.31,32.9,38.23,0.48,3.2,1.8,-2.7,2.4,1.2232,1658.0,32.888,38.23,382.3,1.5803087579706165,,,,Sand,,,Sand 3,3,30.08,35.04,-28.49,-33.449999999999996
-31.330000000000002,32.92,39.14,0.487,3.4,2.0,-2.7,2.3,1.2222,1659.0,32.908,39.14,391.4,1.5742983077328163,,,,Sand,,,Sand 3,3,30.08,35.04,-28.49,-33.449999999999996
-31.349999999999998,32.94,40.18,0.504,3.2333,2.0,-1.6,2.3,1.2487,1660.0,32.928,40.18,401.8,1.5757540280980888,,,,Sand,,,Sand 3,3,30.08,35.04,-28.49,-33.449999999999996
-31.37,32.96,41.32,0.513,3.2074,1.6,-2.7,2.3,1.2573,1660.0,32.948,41.32,413.2,1.5716110406947235,,,,Sand,,,Sand 3,3,30.08,35.04,-28.49,-33.449999999999996
-31.389999999999997,32.98,42.53,0.511,3.1815,2.1,-2.0,2.3,1.2412,1661.0,32.968,42.53,425.3,1.5601197542334648,,,,Sand,,,Sand 3,3,30.08,35.04,-28.49,-33.449999999999996
-31.41,33.0,42.2,0.51,3.1556,2.5,-1.6,2.3,1.2305,1662.0,32.988,42.2,422.0,1.558785072235294,,,,Sand,,,Sand 3,3,30.08,35.04,-28.49,-33.449999999999996
-31.430000000000003,33.02,41.57,0.516,3.2,2.1,-2.3,2.4,1.2408,1663.0,33.008,41.57,415.7,1.5653714658447446,,,,Sand,,,Sand 3,3,30.08,35.04,-28.49,-33.449999999999996
-31.45,33.04,41.24,0.525,3.1333,2.0,-1.8,2.4,1.2655,1664.0,33.028,41.24,412.4,1.5744387541983407,,,,Sand,,,Sand 3,3,30.08,35.04,-28.49,-33.449999999999996
-31.470000000000002,33.06,41.18,0.522,3.0667,2.1,-1.6,2.4,1.2719,1665.0,33.048,41.18,411.8,1.5766220586201831,,,,Sand,,,Sand 3,3,30.08,35.04,-28.49,-33.449999999999996
-31.49,33.08,41.35,0.508,3.0,2.0,-2.3,2.4,1.2536,1665.0,33.068,41.35,413.5,1.5703652931943881,,,,Sand,,,Sand 3,3,30.08,35.04,-28.49,-33.449999999999996
-31.51,33.1,41.3,0.482,3.8,1.6,-3.5,2.3,1.2062,1666.0,33.088,41.3,413.0,1.5566289125856336,,,,Sand,,,Sand 3,3,30.08,35.04,-28.49,-33.449999999999996
-31.529999999999998,33.12,40.51,0.463,3.8,2.0,-3.3,2.4,1.1767,1667.0,33.108,40.51,405.1,1.5522940995574273,,,,Sand,,,Sand 3,3,30.08,35.04,-28.49,-33.449999999999996
-31.55,33.14,38.98,0.448,3.7333,2.0,-1.8,2.4,1.1568,1668.0,33.128,38.98,389.8,1.555529135867143,,,,Sand,,,Sand 3,3,30.08,35.04,-28.49,-33.449999999999996
-31.569999999999997,33.16,38.06,0.438,3.6667,2.0,-2.1,2.4,1.1504,1669.0,33.148,38.06,380.6,1.559435673533985,,,,Sand,,,Sand 3,3,30.08,35.04,-28.49,-33.449999999999996
-31.59,33.18,37.07,0.425,3.6,2.3,-2.7,2.4,1.1353,1669.0,33.168,37.07,370.7,1.5613031221558689,,,,Sand,,,Sand 3,3,30.08,35.04,-28.49,-33.449999999999996
-31.610000000000003,33.2,36.34,0.402,3.6333,2.1,-1.4,2.4,1.089,1670.0,33.188,36.34,363.4,1.5516180840786582,,,,Sand,,,Sand 3,3,30.08,35.04,-28.49,-33.449999999999996
-31.63,33.22,36.21,0.379,3.6667,2.0,-2.1,2.4,1.0333,1671.0,33.208,36.21,362.1,1.5341278747842468,,,,Sand,,,Sand 3,3,30.08,35.04,-28.49,-33.449999999999996
-31.650000000000002,33.24,36.13,0.364,3.7,1.6,-3.3,2.4,0.99254,1672.0,33.228,36.13,361.3,1.5206776762906096,,,,Sand,,,Sand 3,3,30.08,35.04,-28.49,-33.449999999999996
-31.669999999999998,33.26,36.18,0.343,3.6074,2.0,-2.7,2.4,0.93071,1673.0,33.248,36.18,361.8,1.4980551365348,,,,Sand,,,Sand 3,3,30.08,35.04,-28.49,-33.449999999999996
-31.69,33.28,36.35,0.337,3.5148,1.8,-2.7,2.4,0.90845,1674.0,33.268,36.35,363.5,1.4884809485915333,,,,Sand,,,Sand 3,3,30.08,35.04,-28.49,-33.449999999999996
-31.709999999999997,33.3,37.09,0.338,3.4222,1.8,-2.9,2.4,0.90894,1674.0,33.288,37.09,370.9,1.4833352647310347,,,,Sand,,,Sand 3,3,30.08,35.04,-28.49,-33.449999999999996
-31.73,33.32,38.02,0.339,3.4333,2.1,-2.0,2.3,0.91132,1675.0,33.308,38.02,380.2,1.4777353875637174,,,,Sand,,,Sand 3,3,30.08,35.04,-28.49,-33.449999999999996
-31.750000000000004,33.34,38.51,0.336,3.4667,2.0,-3.1,2.4,0.90347,1676.0,33.328,38.51,385.1,1.4713882275159667,,,,Sand,,,Sand 3,3,30.08,35.04,-28.49,-33.449999999999996
-31.77,33.36,38.28,0.337,3.5,2.0,-2.9,2.3,0.90924,1677.0,33.348,38.28,382.8,1.475161646536183,,,,Sand,,,Sand 3,3,30.08,35.04,-28.49,-33.449999999999996
-31.790000000000003,33.38,36.93,0.331,3.2,1.8,-2.7,2.4,0.90305,1678.0,33.368,36.93,369.3,1.482235589833996,,,,Sand,,,Sand 3,3,30.08,35.04,-28.49,-33.449999999999996
-31.81,33.4,36.23,0.334,3.1667,2.1,-1.8,2.4,0.92636,1679.0,33.388,36.23,362.3,1.4960757934151194,,,,Sand,,,Sand 3,3,30.08,35.04,-28.49,-33.449999999999996
-31.830000000000002,33.42,36.11,0.331,3.1333,1.8,-1.8,2.4,0.93731,1679.0,33.407,36.11,361.1,1.5010027590288266,,,,Sand,,,Sand 3,3,30.08,35.04,-28.49,-33.449999999999996
-31.849999999999998,33.44,35.34,0.311,3.1,1.8,-2.5,2.4,0.89917,1680.0,33.427,35.34,353.4,1.4924802020188943,,,,Sand,,,Sand 3,3,30.08,35.04,-28.49,-33.449999999999996
-31.87,33.46,33.81,0.287,3.0333,2.0,-2.0,2.4,0.8434,1681.0,33.447,33.81,338.1,1.482831411649979,,,,Sand,,,Sand 3,3,30.08,35.04,-28.49,-33.449999999999996
-31.889999999999997,33.48,33.23,0.281,2.9667,2.0,-2.1,0.0,0.8374,1702.0,33.467,33.23,332.3,1.4852240358595452,,,,Sand,,,Sand 3,3,30.08,35.04,-28.49,-33.449999999999996
-31.91,33.5,32.58,0.263,2.9,2.0,-2.1,2.6,0.79703,1703.0,33.487,32.58,325.8,1.4743297010048777,,,,Sand,,,Sand 3,3,30.08,35.04,-28.49,-33.449999999999996
-31.930000000000003,33.52,32.47,0.249,3.0,2.0,-2.3,2.4,0.7679,1704.0,33.507,32.47,324.7,1.463029258494719,,,,Sand,,,Sand 3,3,30.08,35.04,-28.49,-33.449999999999996
-31.95,33.54,32.46,0.24,3.0,2.0,-2.3,2.4,0.75217,1705.0,33.527,32.46,324.6,1.4563383733340562,,,,Sand,,,Sand 3,3,30.08,35.04,-28.49,-33.449999999999996
-31.970000000000002,33.56,32.45,0.233,3.0,2.0,-2.3,2.3,0.74272,1706.0,33.547,32.45,324.50000000000006,1.452297727419993,,,,Sand,,,Sand 3,3,30.08,35.04,-28.49,-33.449999999999996
-31.99,33.58,31.64,0.227,3.2,2.0,-2.5,2.4,0.73558,1706.0,33.567,31.64,316.4,1.4564360135327206,,,,Sand,,,Sand 3,3,30.08,35.04,-28.49,-33.449999999999996
-32.01,33.6,30.77,0.225,3.2444,2.0,-2.3,2.4,0.74001,1707.0,33.587,30.77,307.7,1.466462457038806,,,,Sand,,,Sand 3,3,30.08,35.04,-28.49,-33.449999999999996
-32.029999999999994,33.62,29.66,0.233,3.2889,2.0,-2.7,2.4,0.77722,1708.0,33.607,29.66,296.6,1.4929736516749859,,,,Sand,,,Sand 3,3,30.08,35.04,-28.49,-33.449999999999996
-32.05,33.64,28.94,0.229,3.3333,2.0,-2.3,2.3,0.77686,1709.0,33.627,28.94,289.4,1.499978755602463,,,,Sand,,,Sand 3,3,30.08,35.04,-28.49,-33.449999999999996
-32.06999999999999,33.66,28.49,0.218,3.2667,2.0,-2.3,2.4,0.75098,1710.0,33.647,28.49,284.9,1.493737242676133,,,,Sand,,,Sand 3,3,30.08,35.04,-28.49,-33.449999999999996
-32.089999999999996,33.68,28.83,0.217,3.2,2.0,-2.5,2.4,0.75603,1711.0,33.667,28.83,288.3,1.492381266599089,,,,Sand,,,Sand 3,3,30.08,35.04,-28.49,-33.449999999999996
-32.11,33.7,29.05,0.212,3.2,2.0,-2.3,2.3,0.73864,1711.0,33.687,29.05,290.5,1.4827139680999908,,,,Sand,,,Sand 3,3,30.08,35.04,-28.49,-33.449999999999996
-32.129999999999995,33.72,28.44,0.196,3.2,2.0,-2.5,2.4,0.678,1712.0,33.707,28.44,284.4,1.4620133183948134,,,,Sand,,,Sand 3,3,30.08,35.04,-28.49,-33.449999999999996
-32.15,33.74,28.05,0.192,3.2,2.0,-2.5,2.4,0.65663,1713.0,33.727,28.05,280.5,1.456247061826203,,,,Sand,,,Sand 3,3,30.08,35.04,-28.49,-33.449999999999996
-32.169999999999995,33.76,28.16,0.186,3.0,2.0,-2.3,2.3,0.63142,1714.0,33.747,28.16,281.6,1.4429826854360401,,,,Sand,,,Sand 3,3,30.08,35.04,-28.49,-33.449999999999996
-32.19,33.78,29.65,0.181,3.0,2.0,-2.3,2.3,0.61403,1715.0,33.767,29.65,296.5,1.418591186295051,,,,Sand,,,Sand 3,3,30.08,35.04,-28.49,-33.449999999999996
-32.209999999999994,33.8,30.6,0.182,3.0,2.0,-2.3,2.4,0.61721,1716.0,33.787,30.6,306.0,1.410595287294375,,,,Sand,,,Sand 3,3,30.08,35.04,-28.49,-33.449999999999996
-32.23,33.82,31.14,0.188,3.0,2.0,-2.3,2.4,0.63821,1716.0,33.807,31.14,311.4,1.4157884489495602,,,,Sand,,,Sand 3,3,30.08,35.04,-28.49,-33.449999999999996
-32.25,33.84,30.57,0.2,3.2,2.0,-2.5,2.2,0.68126,1717.0,33.827,30.57,305.7,1.4419123127503233,,,,Sand,,,Sand 3,3,30.08,35.04,-28.49,-33.449999999999996
-32.269999999999996,33.86,29.21,0.208,3.0,2.0,-2.3,2.1,0.71508,1718.0,33.847,29.21,292.1,1.470780312351985,,,,Sand,,,Sand 3,3,30.08,35.04,-28.49,-33.449999999999996
-32.29,33.88,28.52,0.202,3.0,2.0,-2.3,2.2,0.70288,1719.0,33.867,28.52,285.2,1.4724662845832006,,,,Sand,,,Sand 3,3,30.08,35.04,-28.49,-33.449999999999996
-32.309999999999995,33.9,27.81,0.201,3.0,2.0,-2.3,2.4,0.71025,1720.0,33.887,27.81,278.1,1.4833022826037887,,,,Sand,,,Sand 3,3,30.08,35.04,-28.49,-33.449999999999996
-32.33,33.92,27.36,0.195,3.0,2.0,-2.3,2.3,0.6998,1721.0,33.907,27.36,273.6,1.4835830459304786,,,,Sand,,,Sand 3,3,30.08,35.04,-28.49,-33.449999999999996
-32.349999999999994,33.94,27.49,0.2,3.0,2.0,-2.3,2.4,0.72562,1722.0,33.927,27.49,274.9,1.493496966238281,,,,Sand,,,Sand 3,3,30.08,35.04,-28.49,-33.449999999999996
-32.37,33.96,27.81,0.211,3.2,2.0,-2.5,2.2,0.76818,1722.0,33.947,27.81,278.1,1.5080822412901393,,,,Sand,,,Sand 3,3,30.08,35.04,-28.49,-33.449999999999996
-32.38999999999999,33.98,27.63,0.205,3.2,2.0,-2.5,2.2,0.74185,1723.0,33.967,27.63,276.3,1.4989484594426734,,,,Sand,,,Sand 3,3,30.08,35.04,-28.49,-33.449999999999996
-32.41,34.0,27.09,0.194,3.2,2.0,-2.3,2.9,0.69187,1724.0,33.987,27.09,270.9,1.483043188838136,,,,Sand,,,Sand 3,3,30.08,35.04,-28.49,-33.449999999999996
-32.43,34.02,26.79,0.194,3.2,2.0,-2.5,2.6,0.68151,1725.0,34.007,26.79,267.9,1.4817640199305686,,,,Sand,,,Sand 3,3,30.08,35.04,-28.49,-33.449999999999996
-32.449999999999996,34.04,27.76,0.19,3.2,2.0,-2.5,2.4,0.65906,1726.0,34.027,27.76,277.6,1.4605590236395658,,,,Sand,,,Sand 3,3,30.08,35.04,-28.49,-33.449999999999996
-32.47,34.06,29.14,0.187,3.2,2.0,-2.3,2.3,0.64275,1726.0,34.047,29.14,291.4,1.4380270509966577,,,,Sand,,,Sand 3,3,30.08,35.04,-28.49,-33.449999999999996
-32.489999999999995,34.08,30.61,0.187,3.2,2.0,-2.5,2.3,0.63711,1727.0,34.067,30.61,306.1,1.4204014107952592,,,,Sand,,,Sand 3,3,30.08,35.04,-28.49,-33.449999999999996
-32.51,34.1,30.9,0.194,3.2,2.0,-2.3,2.4,0.65585,1728.0,34.086,30.9,309.0,1.4266902259128373,,,,Sand,,,Sand 3,3,30.08,35.04,-28.49,-33.449999999999996
-32.529999999999994,34.12,30.71,0.202,3.2,2.0,-2.5,2.4,0.68246,1729.0,34.106,30.71,307.1,1.4411168261271141,,,,Sand,,,Sand 3,3,30.08,35.04,-28.49,-33.449999999999996
-32.55,34.14,29.75,0.21,3.2,2.0,-2.5,2.4,0.71465,1730.0,34.126,29.75,297.5,1.4651671735875973,,,,Sand,,,Sand 3,3,30.08,35.04,-28.49,-33.449999999999996
-32.56999999999999,34.16,29.15,0.218,3.2,2.0,-2.3,2.4,0.75218,1731.0,34.146,29.15,291.5,1.4875056556902007,,,,Sand,,,Sand 3,3,30.08,35.04,-28.49,-33.449999999999996
-32.589999999999996,34.18,28.62,0.222,3.2,2.0,-2.5,2.3,0.77528,1731.0,34.166,28.62,286.2,1.5025767141531623,,,,Sand,,,Sand 3,3,30.08,35.04,-28.49,-33.449999999999996
-32.61,34.2,27.91,0.22,3.2,2.0,-2.5,2.3,0.77183,1732.0,34.186,27.91,279.1,1.508533104994433,,,,Sand,,,Sand 3,3,30.08,35.04,-28.49,-33.449999999999996
-32.629999999999995,34.22,27.43,0.218,3.2,2.0,-2.5,2.4,0.76018,1733.0,34.206,27.43,274.3,1.5088323268214627,,,,Sand,,,Sand 3,3,30.08,35.04,-28.49,-33.449999999999996
-32.65,34.24,27.39,0.222,3.2,2.0,-2.5,2.4,0.76648,1734.0,34.226,27.39,273.9,1.5118823661442184,,,,Sand,,,Sand 3,3,30.08,35.04,-28.49,-33.449999999999996
-32.669999999999995,34.26,28.12,0.22,3.3,2.1,-2.5,2.3,0.75243,1735.0,34.246,28.12,281.2,1.4982148173947518,,,,Sand,,,Sand 3,3,30.08,35.04,-28.49,-33.449999999999996
-32.69,34.28,29.66,0.216,3.2,2.0,-2.5,2.3,0.72967,1736.0,34.266,29.66,296.6,1.472693252388238,,,,Sand,,,Sand 3,3,30.08,35.04,-28.49,-33.449999999999996
-32.709999999999994,34.3,31.14,0.217,3.2,2.0,-2.5,2.3,0.72168,1736.0,34.286,31.14,311.4,1.454899916811427,,,,Sand,,,Sand 3,3,30.08,35.04,-28.49,-33.449999999999996
-32.73,34.32,31.44,0.221,3.3,2.1,-2.5,2.4,0.72213,1737.0,34.306,31.44,314.4,1.4523089786572645,,,,Sand,,,Sand 3,3,30.08,35.04,-28.49,-33.449999999999996
-32.75,34.34,30.82,0.222,3.2,2.0,-2.5,2.4,0.71077,1738.0,34.326,30.82,308.2,1.453028781342234,,,,Sand,,,Sand 3,3,30.08,35.04,-28.49,-33.449999999999996
-32.769999999999996,34.36,30.82,0.23,3.3,2.1,-2.5,2.0,0.72188,1739.0,34.346,30.82,308.2,1.4580041757205344,,,,Sand,,,Sand 3,3,30.08,35.04,-28.49,-33.449999999999996
-32.79,34.38,31.16,0.233,3.3,2.1,-2.5,2.1,0.72108,1740.0,34.366,31.16,311.6,1.4544450007488772,,,,Sand,,,Sand 3,3,30.08,35.04,-28.49,-33.449999999999996
-32.809999999999995,34.4,31.67,0.238,3.2,2.0,-2.5,2.3,0.72847,1741.0,34.386,31.67,316.7,1.4530169314729386,,,,Sand,,,Sand 3,3,30.08,35.04,-28.49,-33.449999999999996
-32.83,34.42,33.16,0.245,3.2,2.0,-2.5,2.4,0.74147,1742.0,34.406,33.16,331.6,1.4455576114940483,,,,Sand,,,Sand 3,3,30.08,35.04,-28.49,-33.449999999999996
-32.849999999999994,34.44,34.68,0.255,3.2,2.0,-2.5,2.3,0.76247,1742.0,34.426,34.68,346.8,1.442098441596487,,,,Sand,,,Sand 3,3,30.08,35.04,-28.49,-33.449999999999996
-32.87,34.46,34.75,0.265,3.2,2.0,-2.5,2.3,0.78137,1743.0,34.446,34.75,347.5,1.4496810252374859,,,,Sand,,,Sand 3,3,30.08,35.04,-28.49,-33.449999999999996
-32.88999999999999,34.48,34.31,0.269,3.2,2.0,-2.5,2.0,0.78073,1744.0,34.466,34.31,343.1,1.4529613260076968,,,,Sand,,,Sand 3,3,30.08,35.04,-28.49,-33.449999999999996
-32.91,34.5,33.79,0.276,3.3,2.1,-2.5,2.6,0.79242,1745.0,34.486,33.79,337.9,1.4621699348212953,,,,Sand,,,Sand 3,3,30.08,35.04,-28.49,-33.449999999999996
-32.93,34.52,34.03,0.286,3.2,2.0,-2.5,2.9,0.81814,1746.0,34.506,34.03,340.3,1.4708505817317652,,,,Sand,,,Sand 3,3,30.08,35.04,-28.49,-33.449999999999996
-32.949999999999996,34.54,34.93,0.293,3.2,2.0,-2.5,2.7,0.83777,1746.0,34.526,34.93,349.3,1.4716301098874829,,,,Sand,,,Sand 3,3,30.08,35.04,-28.49,-33.449999999999996
-32.97,34.56,35.99,0.299,3.3,2.1,-2.5,2.4,0.8541,1747.0,34.546,35.99,359.9,1.4700462421031437,,,,Sand,,,Sand 3,3,30.08,35.04,-28.49,-33.449999999999996
-32.989999999999995,34.58,36.16,0.306,3.3,2.1,-2.5,2.4,0.87161,1748.0,34.566,36.16,361.6,1.4756947613023732,,,,Sand,,,Sand 3,3,30.08,35.04,-28.49,-33.449999999999996
-33.01,34.6,35.7,0.316,3.4,2.0,-2.7,2.4,0.89655,1749.0,34.586,35.7,357.0,1.488767475027182,,,,Sand,,,Sand 3,3,30.08,35.04,-28.49,-33.449999999999996
-33.029999999999994,34.62,34.88,0.327,3.5,2.1,-2.7,2.4,0.92406,1750.0,34.606,34.88,348.8,1.505323649078681,,,,Sand,,,Sand 3,3,30.08,35.04,-28.49,-33.449999999999996
-33.05,34.64,34.58,0.322,3.5,2.1,-2.5,2.3,0.90669,1751.0,34.626,34.58,345.8,1.501164943581638,,,,Sand,,,Sand 3,3,30.08,35.04,-28.49,-33.449999999999996
-33.06999999999999,34.66,34.59,0.316,3.5,2.1,-2.5,2.3,0.88708,1751.0,34.646,34.59,345.9,1.4936499354498867,,,,Sand,,,Sand 3,3,30.08,35.04,-28.49,-33.449999999999996
-33.089999999999996,34.68,35.14,0.314,3.5,2.1,-2.7,2.4,0.87921,1752.0,34.666,35.14,351.4,1.4863559525830685,,,,Sand,,,Sand 3,3,30.08,35.04,-28.49,-33.449999999999996
-33.11,34.7,36.06,0.315,3.5,2.1,-2.5,2.4,0.87878,1753.0,34.686,36.06,360.6,1.4792359745836656,,,,Sand,,,Sand 3,3,30.08,35.04,-28.49,-33.449999999999996
-33.129999999999995,34.72,37.0,0.316,3.5,2.1,-2.5,2.3,0.87894,1754.0,34.705,37.0,370.0,1.4724269822819465,,,,Sand,,,Sand 3,3,30.08,35.04,-28.49,-33.449999999999996
-33.15,34.74,37.03,0.319,3.5,2.0,-2.9,2.4,0.8858,1755.0,34.725,37.03,370.3,1.4748823649371299,,,,Sand,,,Sand 3,3,30.08,35.04,-28.49,-33.449999999999996
-33.169999999999995,34.76,36.43,0.332,3.5,2.1,-2.7,2.4,0.92257,1756.0,34.745,36.43,364.3,1.4932079042441644,,,,Sand,,,Sand 3,3,30.08,35.04,-28.49,-33.449999999999996
-33.19,34.78,35.93,0.339,3.5,2.0,-2.5,2.4,0.94482,1756.0,34.765,35.93,359.3,1.5050740578227977,,,,Sand,,,Sand 3,3,30.08,35.04,-28.49,-33.449999999999996
-33.209999999999994,34.8,35.44,0.342,3.5,2.1,-2.7,2.3,0.95601,1757.0,34.785,35.44,354.4,1.5127596907813374,,,,Sand,,,Sand 3,3,30.08,35.04,-28.49,-33.449999999999996
-33.23,34.82,35.07,0.338,3.5,2.1,-2.7,2.4,0.94529,1758.0,34.805,35.07,350.7,1.5116612248092052,,,,Sand,,,Sand 3,3,30.08,35.04,-28.49,-33.449999999999996
-33.25,34.84,34.93,0.335,3.5,2.1,-2.3,2.3,0.93523,1759.0,34.825,34.93,349.3,1.5090551903308573,,,,Sand,,,Sand 3,3,30.08,35.04,-28.49,-33.449999999999996
-33.269999999999996,34.86,35.21,0.335,3.5,2.0,-2.7,2.2,0.93234,1760.0,34.845,35.21,352.1,1.5058660913559692,,,,Sand,,,Sand 3,3,30.08,35.04,-28.49,-33.449999999999996
-33.29,34.88,36.15,0.34,3.5,2.0,-2.9,2.1,0.94209,1761.0,34.865,36.15,361.5,1.5024656783963162,,,,Sand,,,Sand 3,3,30.08,35.04,-28.49,-33.449999999999996
-33.309999999999995,34.9,36.89,0.343,3.6,2.1,-2.1,2.2,0.94481,1762.0,34.885,36.89,368.9,1.4981396483270983,,,,Sand,,,Sand 3,3,30.08,35.04,-28.49,-33.449999999999996
-33.33,34.92,36.94,0.331,3.7,2.3,-2.5,2.4,0.90487,1762.0,34.905,36.94,369.4,1.4828576883120481,,,,Sand,,,Sand 3,3,30.08,35.04,-28.49,-33.449999999999996
-33.349999999999994,34.94,36.82,0.324,3.8,2.0,-3.3,2.4,0.88026,1763.0,34.925,36.82,368.2,1.4742398823841598,,,,Sand,,,Sand 3,3,30.08,35.04,-28.49,-33.449999999999996
-33.37,34.96,36.71,,3.7,2.3,-2.1,2.4,0.0,1764.0,34.945,36.71,367.1,,,,,Unknown material,,,Sand 3,3,30.08,35.04,-28.49,-33.449999999999996
-33.38999999999999,34.98,36.78,,3.6,2.0,-3.3,2.2,0.0,1765.0,34.965,36.78,367.8,,,,,Unknown material,,,Sand 3,3,30.08,35.04,-28.49,-33.449999999999996
-33.41,35.0,37.14,,3.5,2.1,-2.7,1.9,0.0,1766.0,34.985,37.14,371.4,,,,,Unknown material,,,Sand 3,3,30.08,35.04,-28.49,-33.449999999999996
-33.43,35.02,37.03,,3.5,2.1,-2.7,2.9,0.0,1767.0,35.005,37.03,370.3,,,,,Unknown material,,,Sand 3,3,30.08,35.04,-28.49,-33.449999999999996
-33.449999999999996,35.04,35.75,,3.6,2.1,-2.9,2.9,0.0,1767.0,35.025,35.75,357.5,,,,,Unknown material,,,Sand 3,3,30.08,35.04,-28.49,-33.449999999999996
