elevation_m_nap,depth_m,qc_mpa,fs_mpa,rf_percent,col_5,col_6,col_7,corrected_depth,qt_mpa,qt_over_pa,Isbt,Bqt,peat_boundary_qt_over_pa,organic_clay_boundary_qt_over_pa,soil_type,used_organic_boundary_qt_over_pa,distance_to_used_organic_boundary,layer_id,soil_layer_number,layer_top_depth_m,layer_bottom_depth_m,layer_top_elevation_m_nap,layer_bottom_elevation_m_nap
2.66,0.01,0.286,0.002,0.57,0.87,-0.87,-0.08,0.01,0.286,2.86,3.1676997048666378,,,,Clay & silt,,,Clay & silt 1,1,0.01,0.59,2.66,2.08
2.64,0.03,0.409,0.002,0.53,0.87,-0.87,-0.08,0.03,0.409,4.09,3.0102163652964915,,,,Clay & silt,,,Clay & silt 1,1,0.01,0.59,2.66,2.08
2.62,0.05,0.489,0.0027,0.64,0.79,-0.77,-0.19,0.05,0.489,4.89,2.963998744931238,,,,Clay & silt,,,Clay & silt 1,1,0.01,0.59,2.66,2.08
2.6,0.07,0.532,0.0039,0.76,0.88,-0.87,-0.09,0.07,0.532,5.32,2.95665546432515,,,,Clay & silt,,,Clay & silt 1,1,0.01,0.59,2.66,2.08
2.58,0.09,0.582,0.0054,0.96,0.78,-0.77,-0.09,0.09,0.582,5.82,2.9602192109318444,,,,Clay & silt,,,Clay & silt 1,1,0.01,0.59,2.66,2.08
2.56,0.11,0.622,0.007,1.18,0.78,-0.77,-0.09,0.11,0.622,6.22,2.9717094450626598,,,,Clay & silt,,,Clay & silt 1,1,0.01,0.59,2.66,2.08
2.54,0.13,0.642,0.0081,1.32,0.88,-0.87,-0.09,0.13,0.642,6.42,2.9809156633137124,,,,Clay & silt,,,Clay & silt 1,1,0.01,0.59,2.66,2.08
2.52,0.15,0.651,0.0085,1.34,0.88,-0.87,-0.09,0.15,0.651,6.51,2.978464923760868,,,,Clay & silt,,,Clay & silt 1,1,0.01,0.59,2.66,2.08
2.5,0.17,0.645,0.0088,1.36,0.78,-0.77,-0.09,0.17,0.645,6.45,2.9849640012006207,,,,Clay & silt,,,Clay & silt 1,1,0.01,0.59,2.66,2.08
2.48,0.19,0.635,0.0091,1.39,0.78,-0.77,-0.09,0.19,0.635,6.35,2.9953138977750826,,,,Clay & silt,,,Clay & silt 1,1,0.01,0.59,2.66,2.08
2.46,0.21,0.645,0.0093,1.37,0.78,-0.77,-0.09,0.21,0.645,6.45,2.9864080781662743,,,,Clay & silt,,,Clay & silt 1,1,0.01,0.59,2.66,2.08
2.44,0.23,0.671,0.0112,1.58,0.77,-0.77,-0.08,0.23,0.671,6.71,2.999917293151225,,,,Clay & silt,,,Clay & silt 1,1,0.01,0.59,2.66,2.08
2.42,0.25,0.725,0.0137,1.83,0.88,-0.87,-0.09,0.25,0.725,7.25,3.0013325296259317,,,,Clay & silt,,,Clay & silt 1,1,0.01,0.59,2.66,2.08
2.4,0.27,0.798,0.0149,1.86,0.78,-0.77,-0.09,0.27,0.798,7.98,2.9687131826809643,,,,Clay & silt,,,Clay & silt 1,1,0.01,0.59,2.66,2.08
2.38,0.29,0.861,0.0151,1.77,0.87,-0.87,-0.08,0.29,0.861,8.61,2.9293607720615187,,,,Silty clay / clayey silt,,,Clay & silt 1,1,0.01,0.59,2.66,2.08
2.36,0.31,0.924,0.0163,1.77,0.87,-0.86,-0.09,0.31,0.924,9.24,2.9028614135858324,,,,Silty clay / clayey silt,,,Clay & silt 1,1,0.01,0.59,2.66,2.08
2.34,0.33,0.997,0.0178,1.81,0.88,-0.87,-0.09,0.33,0.997,9.97,2.8793891003439733,,,,Silty clay / clayey silt,,,Clay & silt 1,1,0.01,0.59,2.66,2.08
2.32,0.35,1.024,0.0198,1.92,0.87,-0.87,0.02,0.35,1.024,10.24,2.882713806038975,,,,Silty clay / clayey silt,,,Clay & silt 1,1,0.01,0.59,2.66,2.08
2.3,0.37,1.13,0.0229,2.19,0.79,-0.79,-0.08,0.37,1.13,11.3,2.8768899259258585,,,,Silty clay / clayey silt,,,Clay & silt 1,1,0.01,0.59,2.66,2.08
2.28,0.39,1.16,0.0259,2.44,0.85,-0.84,-0.09,0.39,1.16,11.6,2.893153023849836,,,,Silty clay / clayey silt,,,Clay & silt 1,1,0.01,0.59,2.66,2.08
2.26,0.41,1.1,0.0289,2.72,0.87,-0.87,-0.08,0.41,1.1,11.0,2.938661557222932,,,5.727851158496451,Silty clay / clayey silt,,,Clay & silt 1,1,0.01,0.59,2.66,2.08
2.2399999999999998,0.43,1.01,0.0317,3.01,0.88,-0.87,-0.09,0.43,1.01,10.1,2.9941107574268297,,,8.64055181289838,Clay & silt,,,Clay & silt 1,1,0.01,0.59,2.66,2.08
2.2199999999999998,0.45,0.997,0.034,3.34,0.88,-0.87,-0.09,0.45,0.997,9.97,3.024565978957984,,,9.633059012573,Clay & silt,,,Clay & silt 1,1,0.01,0.59,2.66,2.08
2.2,0.47,1.014,0.0351,3.6,0.87,-0.87,-0.08,0.47,1.014,10.14,3.0374923100225164,,,10.138497563318625,Clay & silt,,,Clay & silt 1,1,0.01,0.59,2.66,2.08
2.1799999999999997,0.49,0.964,0.0355,3.73,0.87,-0.87,0.01,0.49,0.964,9.64,3.064316160475384,,,10.345769741888018,Organic clay,10.345769741888018,-0.7057697418880178,Clay & silt 1,1,0.01,0.59,2.66,2.08
2.16,0.51,0.878,0.0338,3.49,0.87,-0.87,0.01,0.51,0.878,8.78,3.0807115163692873,,,9.942172371266702,Organic clay,9.942172371266702,-1.1621723712667027,Clay & silt 1,1,0.01,0.59,2.66,2.08
2.1399999999999997,0.53,0.864,0.0307,2.95,0.87,-0.87,-0.08,0.53,0.864,8.64,3.0453326686476814,,,8.366199682469228,Clay & silt,,,Clay & silt 1,1,0.01,0.59,2.66,2.08
2.12,0.55,0.937,0.0281,2.37,0.88,-0.88,0.01,0.55,0.937,9.37,2.9638703343499238,,,,Clay & silt,,,Clay & silt 1,1,0.01,0.59,2.66,2.08
2.1,0.57,1.123,0.0269,1.89,0.87,-0.87,-0.04,0.57,1.123,11.23,2.8449885861385815,,,,Silty clay / clayey silt,,,Clay & silt 1,1,0.01,0.59,2.66,2.08
2.08,0.59,1.506,0.0266,1.55,0.97,-0.97,0.01,0.59,1.506,15.06,2.6913011460018827,,,,Silty clay / clayey silt,,,Sand mixtures 1,1,0.59,1.85,2.08,0.8199999999999998
2.06,0.61,2.047,0.0268,1.3,0.97,-0.97,0.01,0.61,2.047,20.470000000000002,2.5377503889141253,,,,Sand mixtures,,,Sand mixtures 1,1,0.59,1.85,2.08,0.8199999999999998
2.04,0.63,2.596,0.0279,1.16,0.87,-0.87,-0.08,0.63,2.596,25.96,2.423987529122214,,,,Sand mixtures,,,Sand mixtures 1,1,0.59,1.85,2.08,0.8199999999999998
2.02,0.65,2.995,0.0291,1.06,0.87,-0.87,0.01,0.65,2.995,29.95,2.35058297248867,,,,Sand mixtures,,,Sand mixtures 1,1,0.59,1.85,2.08,0.8199999999999998
2.0,0.67,3.227,0.0313,1.03,0.87,-0.87,0.01,0.67,3.227,32.27,2.316505368161176,,,,Sand mixtures,,,Sand mixtures 1,1,0.59,1.85,2.08,0.8199999999999998
1.98,0.69,3.367,0.0338,1.03,0.87,-0.87,0.02,0.69,3.367,33.67,2.300911108982748,,,,Sand mixtures,,,Sand mixtures 1,1,0.59,1.85,2.08,0.8199999999999998
1.96,0.71,3.507,0.0344,1.0,0.88,-0.88,0.02,0.71,3.507,35.07,2.279094624073831,,,,Sand mixtures,,,Sand mixtures 1,1,0.59,1.85,2.08,0.8199999999999998
1.94,0.73,3.61,0.0349,0.99,0.88,-0.88,0.02,0.73,3.61,36.1,2.2661415730503136,,,,Sand mixtures,,,Sand mixtures 1,1,0.59,1.85,2.08,0.8199999999999998
1.92,0.75,3.679,0.0361,1.0,0.89,-0.89,0.03,0.75,3.679,36.79,2.2615581002825653,,,,Sand mixtures,,,Sand mixtures 1,1,0.59,1.85,2.08,0.8199999999999998
1.9,0.77,3.713,0.0373,1.02,0.89,-0.89,0.03,0.77,3.713,37.13,2.2628529891813427,,,,Sand mixtures,,,Sand mixtures 1,1,0.59,1.85,2.08,0.8199999999999998
1.88,0.79,3.726,0.0382,1.03,0.89,-0.89,0.04,0.79,3.726,37.26,2.2638830215290313,,,,Sand mixtures,,,Sand mixtures 1,1,0.59,1.85,2.08,0.8199999999999998
1.8599999999999999,0.81,3.726,0.0389,1.04,0.9,-0.9,0.04,0.81,3.726,37.26,2.266170822132647,,,,Sand mixtures,,,Sand mixtures 1,1,0.59,1.85,2.08,0.8199999999999998
1.8399999999999999,0.83,3.733,0.039,1.04,0.9,-0.9,0.04,0.83,3.733,37.33,2.265487884791987,,,,Sand mixtures,,,Sand mixtures 1,1,0.59,1.85,2.08,0.8199999999999998
1.8199999999999998,0.85,3.739,0.039,1.04,0.91,-0.91,0.05,0.85,3.739,37.39,2.2649035978466885,,,,Sand mixtures,,,Sand mixtures 1,1,0.59,1.85,2.08,0.8199999999999998
1.7999999999999998,0.87,3.756,0.0393,1.05,0.91,-0.91,0.05,0.87,3.756,37.56,2.265527750791976,,,,Sand mixtures,,,Sand mixtures 1,1,0.59,1.85,2.08,0.8199999999999998
1.7799999999999998,0.89,3.766,0.0392,1.04,0.91,-0.91,0.05,0.89,3.766,37.66,2.262286644318695,,,,Sand mixtures,,,Sand mixtures 1,1,0.59,1.85,2.08,0.8199999999999998
1.7599999999999998,0.91,3.772,0.0384,1.02,0.92,-0.92,0.06,0.91,3.772,37.72,2.2571063709175876,,,,Sand mixtures,,,Sand mixtures 1,1,0.59,1.85,2.08,0.8199999999999998
1.7399999999999998,0.93,3.786,0.0377,1.0,0.92,-0.92,0.06,0.93,3.786,37.86,2.2510843177873916,,,,Sand mixtures,,,Sand mixtures 1,1,0.59,1.85,2.08,0.8199999999999998
1.72,0.95,3.779,0.0368,0.98,0.93,-0.93,0.07,0.95,3.779,37.79,2.2470182099144504,,,,Sand mixtures,,,Sand mixtures 1,1,0.59,1.85,2.08,0.8199999999999998
1.7,0.97,3.772,0.0272,0.72,0.93,-0.93,0.07,0.97,3.772,37.72,2.178466454974733,,,,Sand mixtures,,,Sand mixtures 1,1,0.59,1.85,2.08,0.8199999999999998
1.68,0.99,3.759,0.0212,0.57,0.93,-0.93,0.07,0.99,3.759,37.59,2.131450826247105,,,,Sand mixtures,,,Sand mixtures 1,1,0.59,1.85,2.08,0.8199999999999998
1.66,1.01,3.749,0.0273,0.73,0.94,-0.94,0.08,1.01,3.749,37.49,2.1837410735550513,,,,Sand mixtures,,,Sand mixtures 1,1,0.59,1.85,2.08,0.8199999999999998
1.64,1.03,3.716,0.028,0.76,0.94,-0.94,0.08,1.03,3.716,37.16,2.195792087256747,,,,Sand mixtures,,,Sand mixtures 1,1,0.59,1.85,2.08,0.8199999999999998
1.6199999999999999,1.05,3.669,0.0258,0.71,0.95,-0.95,0.08,1.05,3.669,36.69,2.1859421018121257,,,,Sand mixtures,,,Sand mixtures 1,1,0.59,1.85,2.08,0.8199999999999998
1.5999999999999999,1.07,3.636,0.0257,0.73,0.95,-0.95,0.09,1.07,3.636,36.36,2.1952916908006297,,,,Sand mixtures,,,Sand mixtures 1,1,0.59,1.85,2.08,0.8199999999999998
1.5799999999999998,1.09,3.397,0.0248,0.72,0.95,-0.95,0.09,1.09,3.397,33.97,2.218106351425482,,,,Sand mixtures,,,Sand mixtures 1,1,0.59,1.85,2.08,0.8199999999999998
1.5599999999999998,1.11,3.387,0.0237,0.71,0.97,-0.96,0.1,1.11,3.387,33.87,2.2162832672904056,,,,Sand mixtures,,,Sand mixtures 1,1,0.59,1.85,2.08,0.8199999999999998
1.54,1.13,3.251,0.0231,0.71,0.97,-0.96,0.1,1.13,3.251,32.51,2.2318808206177705,,,,Sand mixtures,,,Sand mixtures 1,1,0.59,1.85,2.08,0.8199999999999998
1.52,1.15,3.168,0.0228,0.73,0.98,-0.97,0.1,1.15,3.168,31.68,2.247530968521079,,,,Sand mixtures,,,Sand mixtures 1,1,0.59,1.85,2.08,0.8199999999999998
1.5,1.17,2.991,0.0232,0.77,0.98,-0.97,0.11,1.17,2.991,29.91,2.280589814812827,,,,Sand mixtures,,,Sand mixtures 1,1,0.59,1.85,2.08,0.8199999999999998
1.48,1.19,2.838,0.0242,0.83,0.98,-0.97,0.1,1.19,2.838,28.38,2.3164062499701354,,,,Sand mixtures,,,Sand mixtures 1,1,0.59,1.85,2.08,0.8199999999999998
1.46,1.21,2.752,0.0251,0.88,0.98,-0.97,0.1,1.21,2.752,27.52,2.340586976233113,,,,Sand mixtures,,,Sand mixtures 1,1,0.59,1.85,2.08,0.8199999999999998
1.44,1.23,2.719,0.0259,0.93,0.9,-0.89,0.1,1.23,2.719,27.19,2.3571426756049383,,,,Sand mixtures,,,Sand mixtures 1,1,0.59,1.85,2.08,0.8199999999999998
1.42,1.25,2.719,0.0267,0.98,0.98,-0.97,0.1,1.25,2.719,27.19,2.368691301244633,,,,Sand mixtures,,,Sand mixtures 1,1,0.59,1.85,2.08,0.8199999999999998
1.4,1.27,2.706,0.0275,1.02,0.98,-0.97,0.11,1.27,2.706,27.06,2.3794046331473093,,,,Sand mixtures,,,Sand mixtures 1,1,0.59,1.85,2.08,0.8199999999999998
1.38,1.29,2.699,0.0286,1.06,0.98,-0.97,0.11,1.29,2.699,26.99,2.389033355983861,,,,Sand mixtures,,,Sand mixtures 1,1,0.59,1.85,2.08,0.8199999999999998
1.3599999999999999,1.31,2.686,0.0286,1.07,0.98,-0.97,0.11,1.31,2.686,26.86,2.3929496670775725,,,,Sand mixtures,,,Sand mixtures 1,1,0.59,1.85,2.08,0.8199999999999998
1.3399999999999999,1.33,2.676,0.0283,1.06,0.98,-0.97,0.1,1.33,2.676,26.76,2.392206030549943,,,,Sand mixtures,,,Sand mixtures 1,1,0.59,1.85,2.08,0.8199999999999998
1.3199999999999998,1.35,2.676,0.029,1.1,0.98,-0.97,0.11,1.35,2.676,26.76,2.400619607665353,,,,Sand mixtures,,,Sand mixtures 1,1,0.59,1.85,2.08,0.8199999999999998
1.2999999999999998,1.37,2.616,0.0289,1.11,0.98,-0.97,0.11,1.37,2.616,26.16,2.411064720895179,,,,Sand mixtures,,,Sand mixtures 1,1,0.59,1.85,2.08,0.8199999999999998
1.28,1.39,2.539,0.0285,1.12,0.98,-0.97,0.1,1.39,2.539,25.39,2.4241560486554974,,,,Sand mixtures,,,Sand mixtures 1,1,0.59,1.85,2.08,0.8199999999999998
1.26,1.41,2.499,0.0283,1.13,0.98,-0.97,0.1,1.41,2.499,24.99,2.4320529214041287,,,,Sand mixtures,,,Sand mixtures 1,1,0.59,1.85,2.08,0.8199999999999998
1.24,1.43,2.483,0.0272,1.12,0.98,-0.97,0.1,1.43,2.483,24.83,2.4324136168549426,,,,Sand mixtures,,,Sand mixtures 1,1,0.59,1.85,2.08,0.8199999999999998
1.22,1.45,2.416,0.0256,1.07,0.98,-0.97,0.1,1.45,2.416,24.16,2.432308419532947,,,,Sand mixtures,,,Sand mixtures 1,1,0.59,1.85,2.08,0.8199999999999998
1.2,1.47,2.293,0.0242,1.04,0.97,-0.96,0.1,1.47,2.293,22.93,2.4455360424325328,,,,Sand mixtures,,,Sand mixtures 1,1,0.59,1.85,2.08,0.8199999999999998
1.18,1.49,2.224,0.0228,1.0,0.98,-0.97,0.11,1.49,2.224,22.24,2.448460073174666,,,,Sand mixtures,,,Sand mixtures 1,1,0.59,1.85,2.08,0.8199999999999998
1.16,1.51,2.214,0.0212,0.96,0.98,-0.97,0.1,1.51,2.214,22.14,2.4413779467824375,,,,Sand mixtures,,,Sand mixtures 1,1,0.59,1.85,2.08,0.8199999999999998
1.14,1.53,2.187,0.0201,0.94,0.98,-0.97,0.1,1.53,2.187,21.87,2.4415360497362437,,,,Sand mixtures,,,Sand mixtures 1,1,0.59,1.85,2.08,0.8199999999999998
1.1199999999999999,1.55,2.121,0.0191,0.92,0.98,-0.97,0.1,1.55,2.121,21.21,2.448626456994806,,,,Sand mixtures,,,Sand mixtures 1,1,0.59,1.85,2.08,0.8199999999999998
1.0999999999999999,1.57,2.051,0.0176,0.87,0.98,-0.97,0.11,1.57,2.051,20.51,2.449815729442233,,,,Sand mixtures,,,Sand mixtures 1,1,0.59,1.85,2.08,0.8199999999999998
1.0799999999999998,1.59,1.961,0.0173,0.88,0.98,-0.97,0.11,1.59,1.961,19.61,2.4693366971348487,,,,Sand mixtures,,,Sand mixtures 1,1,0.59,1.85,2.08,0.8199999999999998
1.0599999999999998,1.61,1.865,0.0155,0.83,0.98,-0.97,0.11,1.61,1.865,18.65,2.476794800203061,,,,Sand mixtures,,,Sand mixtures 1,1,0.59,1.85,2.08,0.8199999999999998
1.04,1.63,1.788,0.0127,0.7,1.07,-1.06,0.1,1.63,1.788,17.88,2.460147897132402,,,,Sand mixtures,,,Sand mixtures 1,1,0.59,1.85,2.08,0.8199999999999998
1.02,1.65,1.725,0.0114,0.66,0.98,-0.97,0.1,1.65,1.725,17.25,2.463307232246728,,,,Sand mixtures,,,Sand mixtures 1,1,0.59,1.85,2.08,0.8199999999999998
1.0,1.67,1.675,0.0102,0.61,0.98,-0.97,0.11,1.67,1.675,16.75,2.4607189081029244,,,,Sand mixtures,,,Sand mixtures 1,1,0.59,1.85,2.08,0.8199999999999998
0.98,1.69,1.585,0.0097,0.61,0.98,-0.97,0.11,1.69,1.585,15.85,2.4826307030779247,,,,Sand mixtures,,,Sand mixtures 1,1,0.59,1.85,2.08,0.8199999999999998
0.96,1.71,1.522,0.0097,0.63,0.98,-0.97,0.11,1.71,1.522,15.22,2.5044164745817445,,,,Sand mixtures,,,Sand mixtures 1,1,0.59,1.85,2.08,0.8199999999999998
0.94,1.73,1.486,0.0104,0.69,0.98,-0.97,0.1,1.73,1.486,14.86,2.5301934608234298,,,,Sand mixtures,,,Sand mixtures 1,1,0.59,1.85,2.08,0.8199999999999998
0.9199999999999999,1.75,1.433,0.0109,0.75,0.98,-0.97,0.11,1.75,1.433,14.33,2.5598077783364572,,,,Sand mixtures,,,Sand mixtures 1,1,0.59,1.85,2.08,0.8199999999999998
0.8999999999999999,1.77,1.393,0.0113,0.79,0.98,-0.97,0.11,1.77,1.393,13.93,2.5806188645306882,,,,Sand mixtures,,,Sand mixtures 1,1,0.59,1.85,2.08,0.8199999999999998
0.8799999999999999,1.79,1.359,0.0118,0.84,0.97,-0.97,0.01,1.79,1.359,13.59,2.601906683934662,,,,Silty clay / clayey silt,,,Sand mixtures 1,1,0.59,1.85,2.08,0.8199999999999998
0.8599999999999999,1.81,1.373,0.0129,0.91,0.98,-0.97,0.1,1.81,1.373,13.73,2.613407608407068,,,,Silty clay / clayey silt,,,Sand mixtures 1,1,0.59,1.85,2.08,0.8199999999999998
0.8399999999999999,1.83,1.396,0.0142,0.98,0.98,-0.97,0.1,1.83,1.396,13.96,2.6216838910385816,,,,Silty clay / clayey silt,,,Sand mixtures 1,1,0.59,1.85,2.08,0.8199999999999998
0.8199999999999998,1.85,1.449,0.0148,0.97,0.99,-0.97,0.21,1.85,1.449,14.49,2.605276035124618,,,,Silty clay / clayey silt,,,Sand mixtures 2,2,1.85,2.31,0.8199999999999998,0.3599999999999999
0.7999999999999998,1.87,1.542,0.0152,0.92,0.98,-0.97,0.1,1.87,1.542,15.42,2.570698843827385,,,,Sand mixtures,,,Sand mixtures 2,2,1.85,2.31,0.8199999999999998,0.3599999999999999
0.78,1.89,1.688,0.016,0.88,0.88,-0.87,0.11,1.89,1.688,16.88,2.526934557193745,,,,Sand mixtures,,,Sand mixtures 2,2,1.85,2.31,0.8199999999999998,0.3599999999999999
0.76,1.91,1.901,0.0172,0.83,0.98,-0.97,0.11,1.91,1.901,19.01,2.4694246829467286,,,,Sand mixtures,,,Sand mixtures 2,2,1.85,2.31,0.8199999999999998,0.3599999999999999
0.74,1.93,2.197,0.016,0.68,0.97,-0.96,0.11,1.93,2.197,21.97,2.374211936191254,,,,Sand mixtures,,,Sand mixtures 2,2,1.85,2.31,0.8199999999999998,0.3599999999999999
0.72,1.95,2.636,0.0236,0.88,0.99,-0.97,0.21,1.95,2.636,26.36,2.356829358110228,,,,Sand mixtures,,,Sand mixtures 2,2,1.85,2.31,0.8199999999999998,0.3599999999999999
0.7,1.97,3.055,0.0274,0.91,0.99,-0.97,0.2,1.97,3.055,30.55,2.3087483801954893,,,,Sand mixtures,,,Sand mixtures 2,2,1.85,2.31,0.8199999999999998,0.3599999999999999
0.6799999999999999,1.99,3.507,0.0232,0.7,0.99,-0.97,0.2,1.99,3.507,35.07,2.2000695762462716,,,,Sand mixtures,,,Sand mixtures 2,2,1.85,2.31,0.8199999999999998,0.3599999999999999
0.6600000000000001,2.01,3.792,0.0267,0.73,0.98,-0.97,0.11,2.01,3.792,37.92,2.179441996838178,,,,Sand mixtures,,,Sand mixtures 2,2,1.85,2.31,0.8199999999999998,0.3599999999999999
0.6400000000000001,2.03,4.055,0.0301,0.78,0.98,-0.97,0.1,2.03,4.055,40.55,2.1688320470214344,,,,Sand mixtures,,,Sand mixtures 2,2,1.85,2.31,0.8199999999999998,0.3599999999999999
0.6200000000000001,2.05,4.185,0.0328,0.8,0.99,-0.97,0.2,2.05,4.185,41.85,2.162766927538828,,,,Sand mixtures,,,Sand mixtures 2,2,1.85,2.31,0.8199999999999998,0.3599999999999999
0.6000000000000001,2.07,4.249,0.0353,0.82,0.98,-0.97,0.1,2.07,4.249,42.49,2.162739377904363,,,,Sand mixtures,,,Sand mixtures 2,2,1.85,2.31,0.8199999999999998,0.3599999999999999
0.5800000000000001,2.09,4.314,0.0382,0.85,0.99,-0.97,0.2,2.09,4.314,43.14,2.1653703527441404,,,,Sand mixtures,,,Sand mixtures 2,2,1.85,2.31,0.8199999999999998,0.3599999999999999
0.56,2.11,4.58,0.0418,0.9,0.98,-0.97,0.1,2.11,4.58,45.8,2.1568062475921503,,,,Sand mixtures,,,Sand mixtures 2,2,1.85,2.31,0.8199999999999998,0.3599999999999999
0.54,2.13,4.853,0.0449,0.92,0.98,-0.97,0.11,2.13,4.853,48.53,2.1410214620279926,,,,Sand mixtures,,,Sand mixtures 2,2,1.85,2.31,0.8199999999999998,0.3599999999999999
0.52,2.15,5.119,0.0478,0.94,0.98,-0.97,0.11,2.15,5.119,51.19,2.1269751016484446,,,,Sand mixtures,,,Sand mixtures 2,2,1.85,2.31,0.8199999999999998,0.3599999999999999
0.5,2.17,5.378,0.051,0.96,0.99,-0.97,0.18,2.17,5.378,53.78,2.1144493672199287,,,,Sand mixtures,,,Sand mixtures 2,2,1.85,2.31,0.8199999999999998,0.3599999999999999
0.48,2.19,5.594,0.0539,0.97,0.98,-0.97,0.1,2.19,5.594,55.94,2.102983104164413,,,,Sand mixtures,,,Sand mixtures 2,2,1.85,2.31,0.8199999999999998,0.3599999999999999
0.45999999999999996,2.21,5.833,0.0568,0.99,0.98,-0.97,0.11,2.21,5.833,58.33,2.0932637393171034,,,,Sand mixtures,,,Sand mixtures 2,2,1.85,2.31,0.8199999999999998,0.3599999999999999
0.43999999999999995,2.23,5.959,0.0602,1.02,0.98,-0.97,0.1,2.23,5.959,59.59,2.093297789500073,,,,Sand mixtures,,,Sand mixtures 2,2,1.85,2.31,0.8199999999999998,0.3599999999999999
0.41999999999999993,2.25,6.099,0.0589,0.97,0.98,-0.97,0.1,2.25,6.099,60.99,2.072354094043709,,,,Sand mixtures,,,Sand mixtures 2,2,1.85,2.31,0.8199999999999998,0.3599999999999999
0.3999999999999999,2.27,6.239,0.0603,0.96,0.98,-0.97,0.11,2.27,6.239,62.39,2.0617215935121944,,,,Sand mixtures,,,Sand mixtures 2,2,1.85,2.31,0.8199999999999998,0.3599999999999999
0.3799999999999999,2.29,6.398,0.0661,1.03,0.98,-0.97,0.1,2.29,6.398,63.98,2.0709023173500762,,,,Sand mixtures,,,Sand mixtures 2,2,1.85,2.31,0.8199999999999998,0.3599999999999999
0.3599999999999999,2.31,6.568,0.0657,1.0,0.98,-0.97,0.1,2.31,6.568,65.68,2.054112268884441,,,,Sand mixtures,,,Sand 1,1,2.31,3.25,0.3599999999999999,-0.5800000000000001
0.33999999999999986,2.33,6.727,0.0676,1.0,0.98,-0.97,0.1,2.33,6.727,67.27,2.0457640292511132,,,,Sand,,,Sand 1,1,2.31,3.25,0.3599999999999999,-0.5800000000000001
0.31999999999999984,2.35,6.943,0.0719,1.04,0.98,-0.97,0.11,2.35,6.943,69.43,2.0450208110238535,,,,Sand,,,Sand 1,1,2.31,3.25,0.3599999999999999,-0.5800000000000001
0.2999999999999998,2.37,7.133,0.0736,1.04,0.98,-0.97,0.11,2.37,7.133,71.33,2.0356964862571534,,,,Sand,,,Sand 1,1,2.31,3.25,0.3599999999999999,-0.5800000000000001
0.2799999999999998,2.39,7.239,0.0755,1.04,0.99,-0.97,0.2,2.39,7.239,72.39,2.0306123630831348,,,,Sand,,,Sand 1,1,2.31,3.25,0.3599999999999999,-0.5800000000000001
0.2599999999999998,2.41,7.419,0.078,1.05,0.98,-0.97,0.11,2.41,7.419,74.19,2.024708820533915,,,,Sand,,,Sand 1,1,2.31,3.25,0.3599999999999999,-0.5800000000000001
0.23999999999999977,2.43,7.664,0.0805,1.06,0.98,-0.97,0.1,2.43,7.664,76.64,2.016119557963744,,,,Sand,,,Sand 1,1,2.31,3.25,0.3599999999999999,-0.5800000000000001
0.21999999999999975,2.45,7.744,0.0827,1.07,0.99,-0.97,0.2,2.45,7.744,77.44,2.015100594627057,,,,Sand,,,Sand 1,1,2.31,3.25,0.3599999999999999,-0.5800000000000001
0.19999999999999973,2.47,7.904,0.0853,1.08,0.98,-0.97,0.11,2.47,7.904,79.04,2.0106557093054933,,,,Sand,,,Sand 1,1,2.31,3.25,0.3599999999999999,-0.5800000000000001
0.17999999999999972,2.49,8.037,0.0871,1.08,0.99,-0.97,0.2,2.49,8.037,80.37,2.004994264027411,,,,Sand,,,Sand 1,1,2.31,3.25,0.3599999999999999,-0.5800000000000001
0.16000000000000014,2.51,8.16,0.088,1.08,0.98,-0.97,0.1,2.51,8.16,81.6,1.9998501624230691,,,,Sand,,,Sand 1,1,2.31,3.25,0.3599999999999999,-0.5800000000000001
0.14000000000000012,2.53,8.319,0.0883,1.07,0.98,-0.97,0.1,2.53,8.319,83.19,1.9907886235558276,,,,Sand,,,Sand 1,1,2.31,3.25,0.3599999999999999,-0.5800000000000001
0.1200000000000001,2.55,8.422,0.0878,1.06,0.99,-0.97,0.2,2.55,8.422,84.22,1.9840687457581587,,,,Sand,,,Sand 1,1,2.31,3.25,0.3599999999999999,-0.5800000000000001
0.10000000000000009,2.57,8.446,0.0886,1.06,0.98,-0.97,0.1,2.57,8.446,84.46,1.9831068039603226,,,,Sand,,,Sand 1,1,2.31,3.25,0.3599999999999999,-0.5800000000000001
0.08000000000000007,2.59,8.459,0.0893,1.07,0.98,-0.97,0.1,2.59,8.459,84.59,1.985150980327288,,,,Sand,,,Sand 1,1,2.31,3.25,0.3599999999999999,-0.5800000000000001
0.06000000000000005,2.61,8.442,0.0884,1.06,0.98,-0.97,0.1,2.61,8.442,84.42,1.9832669165632577,,,,Sand,,,Sand 1,1,2.31,3.25,0.3599999999999999,-0.5800000000000001
0.040000000000000036,2.63,8.339,0.0872,1.05,0.98,-0.97,0.1,2.63,8.339,83.39,1.9848422602740308,,,,Sand,,,Sand 1,1,2.31,3.25,0.3599999999999999,-0.5800000000000001
0.020000000000000018,2.65,8.249,0.0858,1.04,0.98,-0.97,0.1,2.65,8.249,82.49,1.9859306110688835,,,,Sand,,,Sand 1,1,2.31,3.25,0.3599999999999999,-0.5800000000000001
0.0,2.67,8.17,0.0851,1.04,0.98,-0.97,0.1,2.67,8.17,81.7,1.9892017503739508,,,,Sand,,,Sand 1,1,2.31,3.25,0.3599999999999999,-0.5800000000000001
-0.020000000000000018,2.69,8.11,0.0844,1.04,0.98,-0.97,0.1,2.69,8.11,81.1,1.9917096616034078,,,,Sand,,,Sand 1,1,2.31,3.25,0.3599999999999999,-0.5800000000000001
-0.040000000000000036,2.71,8.087,0.0835,1.04,0.98,-0.97,0.1,2.71,8.087,80.87,1.9926764803749653,,,,Sand,,,Sand 1,1,2.31,3.25,0.3599999999999999,-0.5800000000000001
-0.06000000000000005,2.73,8.013,0.0835,1.04,0.98,-0.97,0.1,2.73,8.013,80.13,1.9958078909149213,,,,Sand,,,Sand 1,1,2.31,3.25,0.3599999999999999,-0.5800000000000001
-0.08000000000000007,2.75,7.934,0.0833,1.05,0.98,-0.97,0.1,2.75,7.934,79.34,2.0017606345706658,,,,Sand,,,Sand 1,1,2.31,3.25,0.3599999999999999,-0.5800000000000001
-0.10000000000000009,2.77,7.847,0.0822,1.05,0.98,-0.97,0.1,2.77,7.847,78.47,2.0055197476535667,,,,Sand,,,Sand 1,1,2.31,3.25,0.3599999999999999,-0.5800000000000001
-0.1200000000000001,2.79,7.787,0.0805,1.03,0.98,-0.97,0.1,2.79,7.787,77.87,2.002987705393526,,,,Sand,,,Sand 1,1,2.31,3.25,0.3599999999999999,-0.5800000000000001
-0.14000000000000012,2.81,7.744,0.0796,1.03,0.98,-0.97,0.1,2.81,7.744,77.44,2.004883588925328,,,,Sand,,,Sand 1,1,2.31,3.25,0.3599999999999999,-0.5800000000000001
-0.16000000000000014,2.83,7.674,0.0792,1.03,0.98,-0.97,0.1,2.83,7.674,76.74,2.0079949037236835,,,,Sand,,,Sand 1,1,2.31,3.25,0.3599999999999999,-0.5800000000000001
-0.18000000000000016,2.85,7.631,0.0778,1.02,0.98,-0.97,0.1,2.85,7.631,76.31,2.0073255898465283,,,,Sand,,,Sand 1,1,2.31,3.25,0.3599999999999999,-0.5800000000000001
-0.20000000000000018,2.87,7.578,0.0764,1.01,0.98,-0.97,0.1,2.87,7.578,75.78,2.007107220278828,,,,Sand,,,Sand 1,1,2.31,3.25,0.3599999999999999,-0.5800000000000001
-0.2200000000000002,2.89,7.542,0.0763,1.02,0.98,-0.97,0.1,2.89,7.542,75.42,2.0113571389321256,,,,Sand,,,Sand 1,1,2.31,3.25,0.3599999999999999,-0.5800000000000001
-0.2400000000000002,2.91,7.462,0.0782,1.05,0.98,-0.97,0.1,2.91,7.462,74.62,2.022726438620076,,,,Sand,,,Sand 1,1,2.31,3.25,0.3599999999999999,-0.5800000000000001
-0.26000000000000023,2.93,7.379,0.0744,1.0,0.98,-0.97,0.1,2.93,7.379,73.79,2.0136563701041386,,,,Sand,,,Sand 1,1,2.31,3.25,0.3599999999999999,-0.5800000000000001
-0.28000000000000025,2.95,7.339,0.0636,0.86,0.98,-0.97,0.1,2.95,7.339,73.39,1.9765747317098665,,,,Sand,,,Sand 1,1,2.31,3.25,0.3599999999999999,-0.5800000000000001
-0.30000000000000027,2.97,7.349,0.0584,0.79,0.98,-0.97,0.1,2.97,7.349,73.49,1.9547823791126446,,,,Sand,,,Sand 1,1,2.31,3.25,0.3599999999999999,-0.5800000000000001
-0.3200000000000003,2.99,7.375,0.0605,0.83,0.98,-0.97,0.1,2.99,7.375,73.75,1.9658752326086568,,,,Sand,,,Sand 1,1,2.31,3.25,0.3599999999999999,-0.5800000000000001
-0.33999999999999986,3.01,7.355,0.0637,0.88,0.98,-0.97,0.1,3.01,7.355,73.55,1.9816576407721624,,,,Sand,,,Sand 1,1,2.31,3.25,0.3599999999999999,-0.5800000000000001
-0.3599999999999999,3.03,7.316,0.0668,0.93,0.98,-0.97,0.1,3.03,7.316,73.16,1.997710859903838,,,,Sand,,,Sand 1,1,2.31,3.25,0.3599999999999999,-0.5800000000000001
-0.3799999999999999,3.05,7.126,0.0709,0.99,0.98,-0.97,0.1,3.05,7.126,71.26,2.0231056756026877,,,,Sand,,,Sand 1,1,2.31,3.25,0.3599999999999999,-0.5800000000000001
-0.3999999999999999,3.07,6.94,0.0746,1.05,0.98,-0.97,0.1,3.07,6.94,69.4,2.047686707141211,,,,Sand,,,Sand 1,1,2.31,3.25,0.3599999999999999,-0.5800000000000001
-0.41999999999999993,3.09,7.016,0.0753,1.07,0.98,-0.97,0.1,3.09,7.016,70.16,2.0489130960011153,,,,Sand,,,Sand 1,1,2.31,3.25,0.3599999999999999,-0.5800000000000001
-0.43999999999999995,3.11,7.03,0.0755,1.08,0.99,-0.97,0.2,3.11,7.03,70.3,2.0506938161999013,,,,Sand mixtures,,,Sand 1,1,2.31,3.25,0.3599999999999999,-0.5800000000000001
-0.45999999999999996,3.13,7.0,0.0788,1.14,0.99,-0.97,0.2,3.13,7.0,70.0,2.066589552604031,,,,Sand mixtures,,,Sand 1,1,2.31,3.25,0.3599999999999999,-0.5800000000000001
-0.48,3.15,6.943,0.0825,1.19,0.99,-0.97,0.2,3.15,6.943,69.43,2.080937424373301,,,,Sand mixtures,,,Sand 1,1,2.31,3.25,0.3599999999999999,-0.5800000000000001
-0.5,3.17,6.867,0.0828,1.2,0.98,-0.96,0.2,3.17,6.867,68.67,2.086940772412888,,,,Sand mixtures,,,Sand 1,1,2.31,3.25,0.3599999999999999,-0.5800000000000001
-0.52,3.19,6.824,0.0815,1.18,0.99,-0.97,0.2,3.19,6.824,68.24,2.0845449035475214,,,,Sand mixtures,,,Sand 1,1,2.31,3.25,0.3599999999999999,-0.5800000000000001
-0.54,3.21,6.863,0.0802,1.16,1.02,-0.97,0.3,3.21,6.863,68.63,2.0780059773516064,,,,Sand mixtures,,,Sand 1,1,2.31,3.25,0.3599999999999999,-0.5800000000000001
-0.56,3.23,6.9,0.0782,1.12,0.99,-0.97,0.2,3.23,6.9,69.0,2.0667771234120735,,,,Sand mixtures,,,Sand 1,1,2.31,3.25,0.3599999999999999,-0.5800000000000001
-0.5800000000000001,3.25,6.98,0.0765,1.09,0.99,-0.97,0.2,3.25,6.98,69.8,2.0555942168276595,,,,Sand mixtures,,,Sand 2,2,3.25,7.09,-0.5800000000000001,-4.42
-0.6000000000000001,3.27,7.106,0.0751,1.05,0.99,-0.97,0.2,3.27,7.106,71.06,2.0395312841911233,,,,Sand,,,Sand 2,2,3.25,7.09,-0.5800000000000001,-4.42
-0.6200000000000001,3.29,7.229,0.0729,1.01,0.99,-0.97,0.2,3.29,7.229,72.29,2.0233713925736403,,,,Sand,,,Sand 2,2,3.25,7.09,-0.5800000000000001,-4.42
-0.6400000000000001,3.31,7.379,0.0709,0.96,0.99,-0.97,0.2,3.31,7.379,73.79,2.002964826115391,,,,Sand,,,Sand 2,2,3.25,7.09,-0.5800000000000001,-4.42
-0.6600000000000001,3.33,7.528,0.0698,0.93,1.01,-0.96,0.3,3.33,7.528,75.28,1.987752897836491,,,,Sand,,,Sand 2,2,3.25,7.09,-0.5800000000000001,-4.42
-0.6800000000000002,3.35,7.631,0.0692,0.91,1.02,-0.97,0.3,3.35,7.631,76.31,1.9773811586049268,,,,Sand,,,Sand 2,2,3.25,7.09,-0.5800000000000001,-4.42
-0.7000000000000002,3.37,7.728,0.0699,0.9,0.99,-0.97,0.2,3.37,7.728,77.28,1.9701160190855367,,,,Sand,,,Sand 2,2,3.25,7.09,-0.5800000000000001,-4.42
-0.7200000000000002,3.39,7.854,0.0708,0.89,1.02,-0.97,0.3,3.39,7.854,78.54,1.9615839697958088,,,,Sand,,,Sand 2,2,3.25,7.09,-0.5800000000000001,-4.42
-0.7400000000000002,3.41,8.04,0.0724,0.88,1.02,-0.97,0.3,3.41,8.04,80.39999999999999,1.9504982765222603,,,,Sand,,,Sand 2,2,3.25,7.09,-0.5800000000000001,-4.42
-0.7600000000000002,3.43,8.349,0.0748,0.89,0.99,-0.97,0.2,3.43,8.349,83.49,1.9403372979555487,,,,Sand,,,Sand 2,2,3.25,7.09,-0.5800000000000001,-4.42
-0.7800000000000002,3.45,8.721,0.077,0.89,1.04,-1.02,0.2,3.45,8.721,87.21,1.9252637408058415,,,,Sand,,,Sand 2,2,3.25,7.09,-0.5800000000000001,-4.42
-0.8000000000000003,3.47,9.027,0.0747,0.84,0.99,-0.97,0.2,3.47,9.027,90.27,1.898144817759429,,,,Sand,,,Sand 2,2,3.25,7.09,-0.5800000000000001,-4.42
-0.8200000000000003,3.49,9.243,0.0773,0.84,0.99,-0.97,0.2,3.49,9.243,92.43,1.8899613109169071,,,,Sand,,,Sand 2,2,3.25,7.09,-0.5800000000000001,-4.42
-0.8399999999999999,3.51,9.399,0.0843,0.89,0.98,-0.97,0.11,3.51,9.399,93.99,1.899536136903205,,,,Sand,,,Sand 2,2,3.25,7.09,-0.5800000000000001,-4.42
-0.8599999999999999,3.53,9.635,0.0866,0.89,0.98,-0.97,0.11,3.53,9.635,96.35,1.8910604698913236,,,,Sand,,,Sand 2,2,3.25,7.09,-0.5800000000000001,-4.42
-0.8799999999999999,3.55,10.011,0.0891,0.89,0.99,-0.97,0.21,3.55,10.011,100.11,1.8780227578944446,,,,Sand,,,Sand 2,2,3.25,7.09,-0.5800000000000001,-4.42
-0.8999999999999999,3.57,10.264,0.0919,0.89,0.98,-0.97,0.1,3.57,10.264,102.64,1.8695534553896764,,,,Sand,,,Sand 2,2,3.25,7.09,-0.5800000000000001,-4.42
-0.9199999999999999,3.59,10.523,0.0949,0.89,0.98,-0.97,0.1,3.59,10.523,105.23,1.8611213854144881,,,,Sand,,,Sand 2,2,3.25,7.09,-0.5800000000000001,-4.42
-0.94,3.61,10.736,0.0991,0.9,0.98,-0.97,0.1,3.61,10.736,107.36,1.8574228847113983,,,,Sand,,,Sand 2,2,3.25,7.09,-0.5800000000000001,-4.42
-0.96,3.63,11.36,0.1047,0.91,0.98,-0.97,0.1,3.63,11.36,113.6,1.8415463801245526,,,,Sand,,,Sand 2,2,3.25,7.09,-0.5800000000000001,-4.42
-0.98,3.65,12.161,0.1108,0.93,0.97,-0.97,0.04,3.65,12.161,121.61,1.8250484352123202,,,,Sand,,,Sand 2,2,3.25,7.09,-0.5800000000000001,-4.42
-1.0,3.67,12.328,0.1144,0.92,0.97,-0.97,0.04,3.67,12.328,123.28,1.8174957413957173,,,,Sand,,,Sand 2,2,3.25,7.09,-0.5800000000000001,-4.42
-1.02,3.69,12.859,0.1157,0.9,0.97,-0.97,0.01,3.69,12.859,128.59,1.7973876948286536,,,,Sand,,,Sand 2,2,3.25,7.09,-0.5800000000000001,-4.42
-1.04,3.71,13.494,0.1196,0.9,0.97,-0.97,0.02,3.71,13.494,134.94,1.7815915354471215,,,,Sand,,,Sand 2,2,3.25,7.09,-0.5800000000000001,-4.42
-1.06,3.73,13.84,0.1247,0.91,0.98,-0.97,0.1,3.73,13.84,138.4,1.7765184760609896,,,,Sand,,,Sand 2,2,3.25,7.09,-0.5800000000000001,-4.42
-1.08,3.75,14.196,0.1281,0.91,0.98,-0.97,0.1,3.75,14.196,141.96,1.768283088461405,,,,Sand,,,Sand 2,2,3.25,7.09,-0.5800000000000001,-4.42
-1.1,3.77,14.618,0.1309,0.92,0.98,-0.97,0.1,3.77,14.618,146.18,1.7620076797576285,,,,Sand,,,Sand 2,2,3.25,7.09,-0.5800000000000001,-4.42
-1.12,3.79,14.804,0.132,0.92,0.98,-0.97,0.1,3.79,14.804,148.04,1.757944300929484,,,,Sand,,,Sand 2,2,3.25,7.09,-0.5800000000000001,-4.42
-1.1400000000000001,3.81,14.601,0.1326,0.93,0.98,-0.97,0.1,3.81,14.601,146.01,1.765539156085516,,,,Sand,,,Sand 2,2,3.25,7.09,-0.5800000000000001,-4.42
-1.1600000000000001,3.83,14.355,0.1453,1.02,0.98,-0.97,0.1,3.83,14.355,143.55,1.7981710116619671,,,,Sand,,,Sand 2,2,3.25,7.09,-0.5800000000000001,-4.42
-1.1800000000000002,3.85,14.053,0.145,1.03,0.98,-0.97,0.11,3.85,14.053,140.53,1.8078114718207077,,,,Sand,,,Sand 2,2,3.25,7.09,-0.5800000000000001,-4.42
-1.2000000000000002,3.87,13.7,0.1317,0.96,0.98,-0.97,0.1,3.87,13.7,137.0,1.7952966785014166,,,,Sand,,,Sand 2,2,3.25,7.09,-0.5800000000000001,-4.42
-1.2200000000000002,3.89,13.424,0.122,0.92,0.98,-0.97,0.11,3.89,13.424,134.24,1.789590595023375,,,,Sand,,,Sand 2,2,3.25,7.09,-0.5800000000000001,-4.42
-1.2400000000000002,3.91,13.222,0.1181,0.92,0.98,-0.97,0.11,3.91,13.222,132.22,1.7945341986570245,,,,Sand,,,Sand 2,2,3.25,7.09,-0.5800000000000001,-4.42
-1.2600000000000002,3.93,12.54,0.1057,0.84,0.98,-0.97,0.1,3.93,12.54,125.4,1.7863210049979275,,,,Sand,,,Sand 2,2,3.25,7.09,-0.5800000000000001,-4.42
-1.2800000000000002,3.95,11.882,0.088,0.72,0.98,-0.97,0.1,3.95,11.882,118.82,1.7626623275695776,,,,Sand,,,Sand 2,2,3.25,7.09,-0.5800000000000001,-4.42
-1.3000000000000003,3.97,11.48,0.0851,0.7,0.98,-0.97,0.11,3.97,11.48,114.8,1.7671156481352588,,,,Sand,,,Sand 2,2,3.25,7.09,-0.5800000000000001,-4.42
-1.3200000000000003,3.99,11.553,0.0798,0.68,1.07,-1.06,0.1,3.989,11.553,115.53,1.7573511351758593,,,,Sand,,,Sand 2,2,3.25,7.09,-0.5800000000000001,-4.42
-1.3399999999999999,4.01,12.075,0.0736,0.64,0.99,-0.97,0.2,4.009,12.075,120.75,1.7262394540455006,,,,Sand,,,Sand 2,2,3.25,7.09,-0.5800000000000001,-4.42
-1.3600000000000003,4.03,12.135,0.0747,0.65,1.07,-1.06,0.1,4.029,12.135,121.35,1.7285241484868372,,,,Sand,,,Sand 2,2,3.25,7.09,-0.5800000000000001,-4.42
-1.38,4.05,10.992,0.08,0.71,1.07,-1.06,0.1,4.049,10.992,109.92,1.7858936672264132,,,,Sand,,,Sand 2,2,3.25,7.09,-0.5800000000000001,-4.42
-1.4000000000000004,4.07,10.972,0.0826,0.75,1.07,-1.06,0.1,4.069,10.972,109.72,1.8009002935518474,,,,Sand,,,Sand 2,2,3.25,7.09,-0.5800000000000001,-4.42
-1.42,4.09,10.649,0.0719,0.68,0.98,-0.97,0.1,4.089,10.649,106.49,1.785814332979668,,,,Sand,,,Sand 2,2,3.25,7.09,-0.5800000000000001,-4.42
-1.4400000000000004,4.11,10.21,0.0627,0.61,1.08,-1.06,0.2,4.109,10.21,102.1,1.773452525287181,,,,Sand,,,Sand 2,2,3.25,7.09,-0.5800000000000001,-4.42
-1.46,4.13,9.705,0.0761,0.75,0.98,-0.97,0.11,4.129,9.705,97.05,1.843491632684674,,,,Sand,,,Sand 2,2,3.25,7.09,-0.5800000000000001,-4.42
-1.4800000000000004,4.15,9.602,0.0867,0.85,1.07,-1.06,0.11,4.149,9.602,96.02,1.879955205199854,,,,Sand,,,Sand 2,2,3.25,7.09,-0.5800000000000001,-4.42
-1.5,4.17,9.868,0.0843,0.81,1.07,-1.06,0.1,4.169,9.868,98.68,1.8577884881345388,,,,Sand,,,Sand 2,2,3.25,7.09,-0.5800000000000001,-4.42
-1.5200000000000005,4.19,10.22,0.0789,0.74,1.08,-1.06,0.2,4.189,10.22,102.2,1.8219850232785497,,,,Sand,,,Sand 2,2,3.25,7.09,-0.5800000000000001,-4.42
-1.54,4.21,11.473,0.0754,0.68,1.07,-1.06,0.11,4.209,11.473,114.73,1.7597687330300529,,,,Sand,,,Sand 2,2,3.25,7.09,-0.5800000000000001,-4.42
-1.5600000000000005,4.23,12.019,0.0783,0.68,1.16,-1.16,0.1,4.229,12.019,120.19,1.743628703845721,,,,Sand,,,Sand 2,2,3.25,7.09,-0.5800000000000001,-4.42
-1.58,4.25,12.195,0.0846,0.7,1.07,-1.06,0.1,4.249,12.195,121.95,1.746249304258884,,,,Sand,,,Sand 2,2,3.25,7.09,-0.5800000000000001,-4.42
-1.5999999999999996,4.27,12.517,0.089,0.72,1.07,-1.06,0.1,4.269,12.517,125.17,1.7448211557322757,,,,Sand,,,Sand 2,2,3.25,7.09,-0.5800000000000001,-4.42
-1.62,4.29,12.806,0.0918,0.73,1.07,-1.06,0.1,4.289,12.806,128.06,1.7407556968417608,,,,Sand,,,Sand 2,2,3.25,7.09,-0.5800000000000001,-4.42
-1.6399999999999997,4.31,12.889,0.096,0.77,1.16,-1.16,0.1,4.309,12.889,128.89,1.753090267075992,,,,Sand,,,Sand 2,2,3.25,7.09,-0.5800000000000001,-4.42
-1.6600000000000001,4.33,12.667,0.1003,0.8,1.07,-1.06,0.1,4.329,12.667,126.67,1.7694383675693408,,,,Sand,,,Sand 2,2,3.25,7.09,-0.5800000000000001,-4.42
-1.6799999999999997,4.35,12.454,0.101,0.81,1.17,-1.16,0.11,4.349,12.454,124.54,1.7785539531931842,,,,Sand,,,Sand 2,2,3.25,7.09,-0.5800000000000001,-4.42
-1.7000000000000002,4.37,12.225,0.0993,0.8,1.07,-1.06,0.1,4.369,12.225,122.25,1.7813848019150593,,,,Sand,,,Sand 2,2,3.25,7.09,-0.5800000000000001,-4.42
-1.7199999999999998,4.39,12.058,0.0999,0.82,1.07,-1.06,0.11,4.389,12.058,120.58,1.7927883871510144,,,,Sand,,,Sand 2,2,3.25,7.09,-0.5800000000000001,-4.42
-1.7400000000000002,4.41,12.032,0.1017,0.83,1.17,-1.16,0.11,4.409,12.032,120.32,1.7968472016360841,,,,Sand,,,Sand 2,2,3.25,7.09,-0.5800000000000001,-4.42
-1.7599999999999998,4.43,12.105,0.1029,0.84,1.07,-1.06,0.11,4.429,12.105,121.05,1.7981217277510122,,,,Sand,,,Sand 2,2,3.25,7.09,-0.5800000000000001,-4.42
-1.7800000000000002,4.45,12.231,0.1039,0.85,1.16,-1.16,0.1,4.449,12.231,122.31,1.7979363953632206,,,,Sand,,,Sand 2,2,3.25,7.09,-0.5800000000000001,-4.42
-1.7999999999999998,4.47,12.281,0.1043,0.85,1.16,-1.16,0.1,4.469,12.281,122.81,1.796574338954367,,,,Sand,,,Sand 2,2,3.25,7.09,-0.5800000000000001,-4.42
-1.8200000000000003,4.49,12.381,0.1058,0.86,1.16,-1.16,0.1,4.489,12.381,123.81,1.797127839305931,,,,Sand,,,Sand 2,2,3.25,7.09,-0.5800000000000001,-4.42
-1.8399999999999999,4.51,12.421,0.107,0.86,1.16,-1.16,0.1,4.509,12.421,124.21,1.7960545204447123,,,,Sand,,,Sand 2,2,3.25,7.09,-0.5800000000000001,-4.42
-1.8600000000000003,4.53,12.477,0.106,0.85,1.17,-1.16,0.11,4.529,12.477,124.77,1.7912948159910134,,,,Sand,,,Sand 2,2,3.25,7.09,-0.5800000000000001,-4.42
-1.88,4.55,12.481,0.1049,0.84,1.17,-1.16,0.11,4.549,12.481,124.81,1.7878942479065179,,,,Sand,,,Sand 2,2,3.25,7.09,-0.5800000000000001,-4.42
-1.9000000000000004,4.57,12.467,0.1052,0.84,1.17,-1.16,0.11,4.569,12.467,124.67,1.7882687931430803,,,,Sand,,,Sand 2,2,3.25,7.09,-0.5800000000000001,-4.42
-1.92,4.59,12.454,0.1056,0.84,1.17,-1.16,0.11,4.589,12.454,124.54,1.7886170107364647,,,,Sand,,,Sand 2,2,3.25,7.09,-0.5800000000000001,-4.42
-1.9400000000000004,4.61,12.54,0.1061,0.84,1.16,-1.16,0.1,4.609,12.54,125.4,1.7863210049979275,,,,Sand,,,Sand 2,2,3.25,7.09,-0.5800000000000001,-4.42
-1.96,4.63,12.736,0.107,0.85,1.17,-1.16,0.11,4.629,12.736,127.36,1.7844603218642932,,,,Sand,,,Sand 2,2,3.25,7.09,-0.5800000000000001,-4.42
-1.9800000000000004,4.65,12.833,0.1076,0.86,1.16,-1.16,0.1,4.649,12.833,128.33,1.785221773465187,,,,Sand,,,Sand 2,2,3.25,7.09,-0.5800000000000001,-4.42
-2.0,4.67,12.68,0.1084,0.88,1.17,-1.16,0.11,4.669,12.68,126.8,1.7956566678419972,,,,Sand,,,Sand 2,2,3.25,7.09,-0.5800000000000001,-4.42
-2.0200000000000005,4.69,12.368,0.1124,0.93,1.16,-1.16,0.1,4.689,12.368,123.68,1.8194918112624312,,,,Sand,,,Sand 2,2,3.25,7.09,-0.5800000000000001,-4.42
-2.04,4.71,11.909,0.1114,0.95,1.16,-1.16,0.1,4.709,11.909,119.09,1.8379677709451203,,,,Sand,,,Sand 2,2,3.25,7.09,-0.5800000000000001,-4.42
-2.0600000000000005,4.73,11.37,0.1066,0.94,1.16,-1.16,0.1,4.729,11.37,113.7,1.850304714979583,,,,Sand,,,Sand 2,2,3.25,7.09,-0.5800000000000001,-4.42
-2.08,4.75,10.795,0.1058,0.98,1.25,-1.25,0.1,4.749,10.795,107.95,1.8792013648033263,,,,Sand,,,Sand 2,2,3.25,7.09,-0.5800000000000001,-4.42
-2.0999999999999996,4.77,10.23,0.1035,0.99,1.16,-1.16,0.1,4.769,10.23,102.3,1.8999294964212987,,,,Sand,,,Sand 2,2,3.25,7.09,-0.5800000000000001,-4.42
-2.12,4.79,9.712,0.0991,0.99,1.17,-1.16,0.11,4.789,9.712,97.12,1.9173269140490905,,,,Sand,,,Sand 2,2,3.25,7.09,-0.5800000000000001,-4.42
-2.1399999999999997,4.81,9.429,0.0946,0.97,1.17,-1.16,0.11,4.809,9.429,94.29,1.9216974406276268,,,,Sand,,,Sand 2,2,3.25,7.09,-0.5800000000000001,-4.42
-2.16,4.83,9.409,0.0902,0.94,1.16,-1.16,0.01,4.829,9.409,94.09,1.9138798879781342,,,,Sand,,,Sand 2,2,3.25,7.09,-0.5800000000000001,-4.42
-2.1799999999999997,4.85,9.469,0.0859,0.9,1.25,-1.25,0.1,4.849,9.469,94.69,1.8999928587244366,,,,Sand,,,Sand 2,2,3.25,7.09,-0.5800000000000001,-4.42
-2.2,4.87,9.502,0.0838,0.87,1.26,-1.26,0.1,4.869,9.502,95.02,1.889735667646764,,,,Sand,,,Sand 2,2,3.25,7.09,-0.5800000000000001,-4.42
-2.2199999999999998,4.89,9.612,0.0823,0.84,1.27,-1.26,0.11,4.889,9.612,96.12,1.8764588965961058,,,,Sand,,,Sand 2,2,3.25,7.09,-0.5800000000000001,-4.42
-2.24,4.91,9.838,0.0772,0.77,1.27,-1.26,0.11,4.909,9.838,98.38,1.8455692868445508,,,,Sand,,,Sand 2,2,3.25,7.09,-0.5800000000000001,-4.42
-2.26,4.93,10.147,0.0668,0.65,1.27,-1.26,0.11,4.929,10.147,101.47,1.791428884094776,,,,Sand,,,Sand 2,2,3.25,7.09,-0.5800000000000001,-4.42
-2.2800000000000002,4.95,10.516,0.0578,0.55,1.26,-1.26,0.1,4.949,10.516,105.16,1.7376516467491165,,,,Sand,,,Sand 2,2,3.25,7.09,-0.5800000000000001,-4.42
-2.3,4.97,10.809,0.0613,0.57,1.25,-1.25,0.1,4.969,10.809,108.09,1.736388140815856,,,,Sand,,,Sand 2,2,3.25,7.09,-0.5800000000000001,-4.42
-2.3200000000000003,4.99,11.114,0.0688,0.63,1.27,-1.26,0.11,4.989,11.114,111.14,1.7513424265010737,,,,Sand,,,Sand 2,2,3.25,7.09,-0.5800000000000001,-4.42
-2.34,5.01,11.394,0.0713,0.64,1.28,-1.27,0.11,5.009,11.394,113.94,1.7465764970110047,,,,Sand,,,Sand 2,2,3.25,7.09,-0.5800000000000001,-4.42
-2.3600000000000003,5.03,11.372,0.0746,0.66,1.27,-1.26,0.11,5.029,11.372,113.72,1.7551378879904052,,,,Sand,,,Sand 2,2,3.25,7.09,-0.5800000000000001,-4.42
-2.38,5.05,11.35,0.0789,0.69,1.27,-1.26,0.11,5.049,11.35,113.5,1.767313811648845,,,,Sand,,,Sand 2,2,3.25,7.09,-0.5800000000000001,-4.42
-2.4000000000000004,5.07,11.557,0.0823,0.72,1.27,-1.26,0.11,5.069,11.557,115.57,1.7722105357702587,,,,Sand,,,Sand 2,2,3.25,7.09,-0.5800000000000001,-4.42
-2.42,5.09,11.593,0.0858,0.75,1.26,-1.26,0.1,5.089,11.593,115.93,1.7819776986487057,,,,Sand,,,Sand 2,2,3.25,7.09,-0.5800000000000001,-4.42
-2.4400000000000004,5.11,11.557,0.0893,0.78,1.27,-1.26,0.11,5.109,11.557,115.57,1.7935549282253878,,,,Sand,,,Sand 2,2,3.25,7.09,-0.5800000000000001,-4.42
-2.46,5.13,11.54,0.0921,0.8,1.26,-1.26,0.1,5.129,11.54,115.4,1.8008930017084648,,,,Sand,,,Sand 2,2,3.25,7.09,-0.5800000000000001,-4.42
-2.4800000000000004,5.15,11.49,0.0941,0.82,1.35,-1.35,0.11,5.149,11.49,114.9,1.8090692284637984,,,,Sand,,,Sand 2,2,3.25,7.09,-0.5800000000000001,-4.42
-2.5,5.17,11.457,0.0954,0.84,1.36,-1.36,0.1,5.169,11.457,114.57,1.8166166279076517,,,,Sand,,,Sand 2,2,3.25,7.09,-0.5800000000000001,-4.42
-2.5200000000000005,5.19,11.397,0.0975,0.87,1.36,-1.36,0.1,5.189,11.397,113.97,1.8280169177663153,,,,Sand,,,Sand 2,2,3.25,7.09,-0.5800000000000001,-4.42
-2.54,5.21,11.241,0.0996,0.9,1.36,-1.36,0.1,5.209,11.241,112.41,1.8419989324440766,,,,Sand,,,Sand 2,2,3.25,7.09,-0.5800000000000001,-4.42
-2.5600000000000005,5.23,10.992,0.0984,0.91,1.28,-1.26,0.2,5.229,10.992,109.92,1.8525550857519866,,,,Sand,,,Sand 2,2,3.25,7.09,-0.5800000000000001,-4.42
-2.58,5.25,10.636,0.0977,0.93,1.36,-1.36,0.1,5.249,10.636,106.36,1.8695936755429607,,,,Sand,,,Sand 2,2,3.25,7.09,-0.5800000000000001,-4.42
-2.5999999999999996,5.27,10.244,0.0992,0.97,1.35,-1.35,0.1,5.269,10.244,102.44,1.8938128459048666,,,,Sand,,,Sand 2,2,3.25,7.09,-0.5800000000000001,-4.42
-2.62,5.29,9.812,0.097,0.98,1.35,-1.35,0.11,5.289,9.812,98.12,1.911091148627136,,,,Sand,,,Sand 2,2,3.25,7.09,-0.5800000000000001,-4.42
-2.6399999999999997,5.31,9.459,0.0886,0.92,1.36,-1.36,0.1,5.309,9.459,94.59,1.9062665370901246,,,,Sand,,,Sand 2,2,3.25,7.09,-0.5800000000000001,-4.42
-2.66,5.33,9.376,0.0781,0.83,1.36,-1.36,0.11,5.329,9.376,93.76,1.8818741124776333,,,,Sand,,,Sand 2,2,3.25,7.09,-0.5800000000000001,-4.42
-2.6799999999999997,5.35,9.06,0.0751,0.82,1.35,-1.35,0.11,5.349,9.06,90.6,1.8905858727182463,,,,Sand,,,Sand 2,2,3.25,7.09,-0.5800000000000001,-4.42
-2.7,5.37,8.884,0.0764,0.85,1.35,-1.35,0.11,5.369,8.884,88.84,1.906776287690635,,,,Sand,,,Sand 2,2,3.25,7.09,-0.5800000000000001,-4.42
-2.7199999999999998,5.39,8.785,0.0745,0.83,1.38,-1.36,0.2,5.389,8.785,87.85,1.9044587414535483,,,,Sand,,,Sand 2,2,3.25,7.09,-0.5800000000000001,-4.42
-2.74,5.41,8.795,0.0697,0.77,1.36,-1.36,0.11,5.409,8.795,87.95,1.8847487857158363,,,,Sand,,,Sand 2,2,3.25,7.09,-0.5800000000000001,-4.42
-2.76,5.43,8.951,0.0646,0.71,1.36,-1.36,0.11,5.429,8.951,89.51,1.858038863629116,,,,Sand,,,Sand 2,2,3.25,7.09,-0.5800000000000001,-4.42
-2.7800000000000002,5.45,9.243,0.0601,0.66,1.45,-1.45,0.1,5.449,9.243,92.43,1.8284502361766213,,,,Sand,,,Sand 2,2,3.25,7.09,-0.5800000000000001,-4.42
-2.8,5.47,9.34,0.057,0.62,1.36,-1.36,0.11,5.469,9.34,93.4,1.8093911751188487,,,,Sand,,,Sand 2,2,3.25,7.09,-0.5800000000000001,-4.42
-2.8200000000000003,5.49,9.356,0.0572,0.63,1.41,-1.41,0.11,5.489,9.356,93.56,1.812673634417864,,,,Sand,,,Sand 2,2,3.25,7.09,-0.5800000000000001,-4.42
-2.84,5.51,9.193,0.0579,0.63,1.45,-1.45,0.11,5.509,9.193,91.93,1.8189904295667385,,,,Sand,,,Sand 2,2,3.25,7.09,-0.5800000000000001,-4.42
-2.8600000000000003,5.53,9.057,0.0569,0.63,1.36,-1.36,0.1,5.529,9.057,90.57,1.824355080354454,,,,Sand,,,Sand 2,2,3.25,7.09,-0.5800000000000001,-4.42
-2.88,5.55,8.951,0.0563,0.63,1.45,-1.45,0.11,5.549,8.951,89.51,1.8285975841655777,,,,Sand,,,Sand 2,2,3.25,7.09,-0.5800000000000001,-4.42
-2.9000000000000004,5.57,8.874,0.0562,0.64,1.35,-1.35,0.11,5.569,8.874,88.74,1.8355287590918872,,,,Sand,,,Sand 2,2,3.25,7.09,-0.5800000000000001,-4.42
-2.92,5.59,8.725,0.0556,0.64,1.44,-1.44,0.1,5.589,8.725,87.25,1.8416307153894214,,,,Sand,,,Sand 2,2,3.25,7.09,-0.5800000000000001,-4.42
-2.9400000000000004,5.61,8.509,0.0557,0.65,1.45,-1.45,0.1,5.609,8.509,85.09,1.8544228655365587,,,,Sand,,,Sand 2,2,3.25,7.09,-0.5800000000000001,-4.42
-2.96,5.63,8.376,0.0576,0.68,1.37,-1.35,0.2,5.629,8.376,83.76,1.8710613458150547,,,,Sand,,,Sand 2,2,3.25,7.09,-0.5800000000000001,-4.42
-2.9800000000000004,5.65,8.276,0.0581,0.7,1.35,-1.35,0.1,5.649,8.276,82.76,1.8824704754551906,,,,Sand,,,Sand 2,2,3.25,7.09,-0.5800000000000001,-4.42
-3.0,5.67,8.18,0.0575,0.7,1.45,-1.45,0.11,5.669,8.18,81.8,1.886650764733312,,,,Sand,,,Sand 2,2,3.25,7.09,-0.5800000000000001,-4.42
-3.0200000000000005,5.69,8.103,0.0588,0.73,1.45,-1.45,0.1,5.689,8.103,81.03,1.900372393932736,,,,Sand,,,Sand 2,2,3.25,7.09,-0.5800000000000001,-4.42
-3.04,5.71,8.017,0.0601,0.75,1.45,-1.45,0.1,5.709,8.017,80.16999999999999,1.910884075839041,,,,Sand,,,Sand 2,2,3.25,7.09,-0.5800000000000001,-4.42
-3.0600000000000005,5.73,7.937,0.061,0.77,1.45,-1.45,0.1,5.729,7.937,79.37,1.9210155670393523,,,,Sand,,,Sand 2,2,3.25,7.09,-0.5800000000000001,-4.42
-3.08,5.75,7.851,0.0621,0.79,1.45,-1.45,0.1,5.749,7.851,78.51,1.9313082721647956,,,,Sand,,,Sand 2,2,3.25,7.09,-0.5800000000000001,-4.42
-3.0999999999999996,5.77,7.814,0.0631,0.81,1.46,-1.46,0.11,5.769,7.814,78.14,1.9392799510468302,,,,Sand,,,Sand 2,2,3.25,7.09,-0.5800000000000001,-4.42
-3.12,5.79,7.714,0.0632,0.82,1.45,-1.45,0.11,5.789,7.714,77.14,1.9469303036140309,,,,Sand,,,Sand 2,2,3.25,7.09,-0.5800000000000001,-4.42
-3.1399999999999997,5.81,7.601,0.0624,0.82,1.45,-1.45,0.11,5.809,7.601,76.01,1.9521438677974636,,,,Sand,,,Sand 2,2,3.25,7.09,-0.5800000000000001,-4.42
-3.16,5.83,7.515,0.0613,0.81,1.45,-1.45,0.1,5.829,7.515,75.15,1.9530849543587183,,,,Sand,,,Sand 2,2,3.25,7.09,-0.5800000000000001,-4.42
-3.1799999999999997,5.85,7.432,0.061,0.82,1.45,-1.45,0.1,5.849,7.432,74.32,1.960101229854724,,,,Sand,,,Sand 2,2,3.25,7.09,-0.5800000000000001,-4.42
-3.2,5.87,7.352,0.0609,0.83,1.36,-1.36,0.11,5.869,7.352,73.52,1.9669809928322264,,,,Sand,,,Sand 2,2,3.25,7.09,-0.5800000000000001,-4.42
-3.2199999999999998,5.89,7.262,0.0593,0.82,1.45,-1.45,0.11,5.889,7.262,72.62,1.968307359121608,,,,Sand,,,Sand 2,2,3.25,7.09,-0.5800000000000001,-4.42
-3.24,5.91,7.189,0.0535,0.74,1.45,-1.45,0.1,5.909,7.189,71.89,1.9466032777739803,,,,Sand,,,Sand 2,2,3.25,7.09,-0.5800000000000001,-4.42
-3.26,5.93,7.119,0.05,0.7,1.56,-1.56,0.11,5.929,7.119,71.19,1.9367504096432138,,,,Sand,,,Sand 2,2,3.25,7.09,-0.5800000000000001,-4.42
-3.2800000000000002,5.95,7.023,0.0521,0.74,1.45,-1.45,0.1,5.949,7.023,70.23,1.9550203030746955,,,,Sand,,,Sand 2,2,3.25,7.09,-0.5800000000000001,-4.42
-3.3,5.97,6.937,0.0539,0.78,1.45,-1.45,0.11,5.969,6.937,69.37,1.9722667299665184,,,,Sand,,,Sand 2,2,3.25,7.09,-0.5800000000000001,-4.42
-3.3200000000000003,5.99,6.844,0.0548,0.81,1.45,-1.45,0.11,5.989,6.844,68.44,1.9863760548023757,,,,Sand,,,Sand 2,2,3.25,7.09,-0.5800000000000001,-4.42
-3.34,6.01,6.754,0.0557,0.84,1.46,-1.46,0.11,6.009,6.754,67.54,2.000103750438925,,,,Sand,,,Sand 2,2,3.25,7.09,-0.5800000000000001,-4.42
-3.3600000000000003,6.03,6.338,0.0565,0.86,1.57,-1.57,0.1,6.029,6.338,63.38,2.0286079021662666,,,,Sand,,,Sand 2,2,3.25,7.09,-0.5800000000000001,-4.42
-3.38,6.05,6.365,0.057,0.88,1.45,-1.45,0.11,6.049,6.365,63.65,2.0327930634857405,,,,Sand,,,Sand 2,2,3.25,7.09,-0.5800000000000001,-4.42
-3.4000000000000004,6.07,6.338,0.0571,0.89,1.45,-1.45,0.1,6.069,6.338,63.38,2.0371196171183996,,,,Sand,,,Sand 2,2,3.25,7.09,-0.5800000000000001,-4.42
-3.42,6.09,6.322,0.0568,0.9,1.46,-1.45,0.15,6.089,6.322,63.22,2.0408067521223563,,,,Sand,,,Sand 2,2,3.25,7.09,-0.5800000000000001,-4.42
-3.4400000000000004,6.11,6.308,0.0564,0.89,1.57,-1.56,0.16,6.109,6.308,63.08,2.0388071935863072,,,,Sand,,,Sand 2,2,3.25,7.09,-0.5800000000000001,-4.42
-3.46,6.13,6.318,0.0563,0.89,1.45,-1.45,0.1,6.129,6.318,63.18,2.0382437017101904,,,,Sand,,,Sand 2,2,3.25,7.09,-0.5800000000000001,-4.42
-3.4800000000000004,6.15,6.355,0.0562,0.88,1.57,-1.57,0.1,6.149,6.355,63.55,2.033352809299847,,,,Sand,,,Sand 2,2,3.25,7.09,-0.5800000000000001,-4.42
-3.5,6.17,6.392,0.0562,0.87,1.56,-1.56,0.11,6.169,6.392,63.92,2.0284451855709102,,,,Sand,,,Sand 2,2,3.25,7.09,-0.5800000000000001,-4.42
-3.5200000000000005,6.19,6.455,0.0559,0.86,1.57,-1.57,0.11,6.189,6.455,64.55,2.022080895010995,,,,Sand,,,Sand 2,2,3.25,7.09,-0.5800000000000001,-4.42
-3.54,6.21,6.568,0.0555,0.84,1.47,-1.46,0.2,6.209,6.568,65.68,2.010062759640075,,,,Sand,,,Sand 2,2,3.25,7.09,-0.5800000000000001,-4.42
-3.5600000000000005,6.23,6.694,0.056,0.84,1.56,-1.56,0.1,6.229,6.694,66.94,2.0032834485699214,,,,Sand,,,Sand 2,2,3.25,7.09,-0.5800000000000001,-4.42
-3.58,6.25,6.8,0.0571,0.84,1.45,-1.45,0.11,6.249,6.8,68.0,1.9976866985282757,,,,Sand,,,Sand 2,2,3.25,7.09,-0.5800000000000001,-4.42
-3.5999999999999996,6.27,6.91,0.058,0.84,1.57,-1.57,0.1,6.269,6.91,69.1,1.9919781430791221,,,,Sand,,,Sand 2,2,3.25,7.09,-0.5800000000000001,-4.42
-3.62,6.29,7.036,0.0596,0.84,1.56,-1.56,0.11,6.289,7.036,70.36,1.9855595040054845,,,,Sand,,,Sand 2,2,3.25,7.09,-0.5800000000000001,-4.42
-3.6399999999999997,6.31,7.179,0.0603,0.82,1.56,-1.56,0.11,6.309,7.179,71.79,1.9723902794802015,,,,Sand,,,Sand 2,2,3.25,7.09,-0.5800000000000001,-4.42
-3.66,6.33,7.419,0.0599,0.79,1.56,-1.56,0.1,6.329,7.419,74.19,1.9514059667348684,,,,Sand,,,Sand 2,2,3.25,7.09,-0.5800000000000001,-4.42
-3.6799999999999997,6.35,7.738,0.06,0.76,1.56,-1.56,0.1,6.349,7.738,77.38,1.9267915489556455,,,,Sand,,,Sand 2,2,3.25,7.09,-0.5800000000000001,-4.42
-3.7,6.37,8.21,0.0603,0.72,1.57,-1.56,0.2,6.369,8.21,82.1,1.8922773371437758,,,,Sand,,,Sand 2,2,3.25,7.09,-0.5800000000000001,-4.42
-3.7199999999999998,6.39,8.449,0.0624,0.7,1.57,-1.56,0.2,6.389,8.449,84.49,1.8750689815955968,,,,Sand,,,Sand 2,2,3.25,7.09,-0.5800000000000001,-4.42
-3.74,6.41,9.516,0.067,0.69,1.56,-1.56,0.1,6.409,9.516,95.16,1.8291718274407558,,,,Sand,,,Sand 2,2,3.25,7.09,-0.5800000000000001,-4.42
-3.76,6.43,10.014,0.0742,0.7,1.57,-1.57,0.1,6.429,10.014,100.14,1.8148134609483568,,,,Sand,,,Sand 2,2,3.25,7.09,-0.5800000000000001,-4.42
-3.7800000000000002,6.45,11.191,0.0848,0.73,1.67,-1.66,0.2,6.449,11.191,111.91,1.7869532827567174,,,,Sand,,,Sand 2,2,3.25,7.09,-0.5800000000000001,-4.42
-3.8,6.47,13.268,0.1021,0.81,1.69,-1.68,0.2,6.469,13.268,132.68,1.7573877087220207,,,,Sand,,,Sand 2,2,3.25,7.09,-0.5800000000000001,-4.42
-3.8200000000000003,6.49,13.903,0.1186,0.89,1.66,-1.66,0.1,6.489,13.903,139.03,1.768647500212089,,,,Sand,,,Sand 2,2,3.25,7.09,-0.5800000000000001,-4.42
-3.84,6.51,14.88,0.1315,0.94,1.75,-1.74,0.2,6.509,14.88,148.8,1.7626097778977263,,,,Sand,,,Sand 2,2,3.25,7.09,-0.5800000000000001,-4.42
-3.8600000000000003,6.53,15.113,0.1446,1.0,1.72,-1.71,0.2,6.529,15.113,151.13,1.775999904604253,,,,Sand,,,Sand 2,2,3.25,7.09,-0.5800000000000001,-4.42
-3.88,6.55,15.339,0.1584,1.1,1.68,-1.67,0.2,6.549,15.339,153.39,1.8000802008573331,,,,Sand,,,Sand 2,2,3.25,7.09,-0.5800000000000001,-4.42
-3.9000000000000004,6.57,14.734,0.1724,1.22,1.77,-1.76,0.2,6.569,14.734,147.34,1.8441651490622544,,,,Sand,,,Sand 2,2,3.25,7.09,-0.5800000000000001,-4.42
-3.92,6.59,13.896,0.1816,1.33,1.67,-1.66,0.2,6.589,13.896,138.96,1.8886923257739872,,,,Sand,,,Sand 2,2,3.25,7.09,-0.5800000000000001,-4.42
-3.9400000000000004,6.61,13.079,0.1837,1.42,1.67,-1.66,0.2,6.609,13.079,130.79,1.9274168663030984,,,,Sand,,,Sand 2,2,3.25,7.09,-0.5800000000000001,-4.42
-3.96,6.63,12.112,0.1919,1.58,1.67,-1.66,0.2,6.629,12.112,121.12,1.9838745361896608,,,,Sand,,,Sand 2,2,3.25,7.09,-0.5800000000000001,-4.42
-3.9800000000000004,6.65,11.211,0.1883,1.67,1.67,-1.66,0.2,6.649,11.211,112.11,2.024559453636474,,,,Sand,,,Sand 2,2,3.25,7.09,-0.5800000000000001,-4.42
-4.0,6.67,10.34,0.171,1.64,1.76,-1.75,0.2,6.669,10.34,103.4,2.043819299834956,,,,Sand,,,Sand 2,2,3.25,7.09,-0.5800000000000001,-4.42
-4.0200000000000005,6.69,9.493,0.1609,1.68,1.77,-1.76,0.2,6.689,9.493,94.93,2.077682191470021,,,,Sand mixtures,,,Sand 2,2,3.25,7.09,-0.5800000000000001,-4.42
-4.04,6.71,8.705,0.1493,1.68,1.67,-1.66,0.2,6.709,8.705,87.05,2.1048815929691793,,,,Sand mixtures,,,Sand 2,2,3.25,7.09,-0.5800000000000001,-4.42
-4.0600000000000005,6.73,7.99,0.1384,1.69,1.67,-1.66,0.2,6.729,7.99,79.9,2.133842896849715,,,,Sand mixtures,,,Sand 2,2,3.25,7.09,-0.5800000000000001,-4.42
-4.08,6.75,7.335,0.1273,1.68,1.77,-1.76,0.2,6.749,7.335,73.35,2.1595508099097667,,,,Sand mixtures,,,Sand 2,2,3.25,7.09,-0.5800000000000001,-4.42
-4.1,6.77,7.02,0.1154,1.63,1.67,-1.66,0.2,6.769,7.02,70.2,2.1650502321321157,,,,Sand mixtures,,,Sand 2,2,3.25,7.09,-0.5800000000000001,-4.42
-4.12,6.79,6.481,0.104,1.57,1.76,-1.75,0.2,6.789,6.481,64.81,2.180578595396777,,,,Sand mixtures,,,Sand 2,2,3.25,7.09,-0.5800000000000001,-4.42
-4.14,6.81,6.076,0.0935,1.48,1.76,-1.75,0.2,6.809,6.076,60.76,2.1855691888323223,,,,Sand mixtures,,,Sand 2,2,3.25,7.09,-0.5800000000000001,-4.42
-4.16,6.83,5.817,0.0841,1.37,1.76,-1.75,0.2,6.829,5.817,58.17,2.179160843158523,,,,Sand mixtures,,,Sand 2,2,3.25,7.09,-0.5800000000000001,-4.42
-4.18,6.85,5.733,0.0771,1.28,1.67,-1.66,0.2,6.849,5.733,57.33,2.165899970168458,,,,Sand mixtures,,,Sand 2,2,3.25,7.09,-0.5800000000000001,-4.42
-4.2,6.87,5.81,0.0709,1.17,1.76,-1.75,0.2,6.869,5.81,58.1,2.1375822514489387,,,,Sand mixtures,,,Sand 2,2,3.25,7.09,-0.5800000000000001,-4.42
-4.22,6.89,6.026,0.0632,1.03,1.77,-1.76,0.2,6.889,6.026,60.26,2.0918626085541443,,,,Sand mixtures,,,Sand 2,2,3.25,7.09,-0.5800000000000001,-4.42
-4.24,6.91,6.325,0.0544,0.88,1.67,-1.66,0.2,6.909,6.325,63.25,2.035037800329448,,,,Sand,,,Sand 2,2,3.25,7.09,-0.5800000000000001,-4.42
-4.26,6.93,6.538,0.0518,0.82,1.67,-1.66,0.2,6.929,6.538,65.38,2.0057632903807145,,,,Sand,,,Sand 2,2,3.25,7.09,-0.5800000000000001,-4.42
-4.28,6.95,6.588,0.0554,0.88,1.77,-1.76,0.2,6.949,6.588,65.88,2.0205530427663065,,,,Sand,,,Sand 2,2,3.25,7.09,-0.5800000000000001,-4.42
-4.3,6.97,6.451,0.0576,0.92,1.76,-1.75,0.2,6.969,6.451,64.51,2.0391645299438235,,,,Sand,,,Sand 2,2,3.25,7.09,-0.5800000000000001,-4.42
-4.32,6.99,6.312,0.0565,0.91,1.77,-1.76,0.2,6.989,6.312,63.12,2.044133284651379,,,,Sand,,,Sand 2,2,3.25,7.09,-0.5800000000000001,-4.42
-4.34,7.01,5.807,0.0547,0.9,1.77,-1.76,0.2,7.009,5.807,58.07,2.071097738608536,,,,Sand mixtures,,,Sand 2,2,3.25,7.09,-0.5800000000000001,-4.42
-4.36,7.03,5.903,0.0533,0.89,1.77,-1.76,0.2,7.029,5.903,59.03,2.0624807091346984,,,,Sand mixtures,,,Sand 2,2,3.25,7.09,-0.5800000000000001,-4.42
-4.38,7.05,5.856,0.0523,0.89,1.76,-1.75,0.2,7.049,5.856,58.56,2.0653414030480164,,,,Sand mixtures,,,Sand 2,2,3.25,7.09,-0.5800000000000001,-4.42
-4.4,7.07,5.793,0.0514,0.88,1.76,-1.75,0.2,7.069,5.793,57.93,2.0664458030030617,,,,Sand mixtures,,,Sand 2,2,3.25,7.09,-0.5800000000000001,-4.42
-4.42,7.09,5.79,0.0494,0.85,1.77,-1.76,0.2,7.089,5.79,57.9,2.058181321833917,,,,Sand mixtures,,,Sand 3,3,7.09,9.35,-4.42,-6.68
-4.44,7.11,5.79,0.0475,0.81,1.79,-1.76,0.3,7.109,5.79,57.9,2.046564175536491,,,,Sand,,,Sand 3,3,7.09,9.35,-4.42,-6.68
-4.46,7.13,5.793,0.0467,0.78,1.77,-1.76,0.2,7.129,5.793,57.93,2.037383804869438,,,,Sand,,,Sand 3,3,7.09,9.35,-4.42,-6.68
-4.48,7.15,5.9,0.0442,0.72,1.79,-1.76,0.3,7.149,5.9,59.0,2.011901884836181,,,,Sand,,,Sand 3,3,7.09,9.35,-4.42,-6.68
-4.5,7.17,6.156,0.0416,0.64,1.77,-1.76,0.2,7.169,6.156,61.56,1.9692136749109164,,,,Sand,,,Sand 3,3,7.09,9.35,-4.42,-6.68
-4.5200000000000005,7.19,6.594,0.0417,0.6,1.77,-1.76,0.2,7.189,6.594,65.94,1.9291488101432803,,,,Sand,,,Sand 3,3,7.09,9.35,-4.42,-6.68
-4.54,7.21,7.292,0.0419,0.56,1.87,-1.85,0.3,7.208,7.292,72.92,1.8762542242367253,,,,Sand,,,Sand 3,3,7.09,9.35,-4.42,-6.68
-4.5600000000000005,7.23,8.163,0.042,0.53,1.86,-1.85,0.2,7.228,8.163,81.63,1.821946479614378,,,,Sand,,,Sand 3,3,7.09,9.35,-4.42,-6.68
-4.58,7.25,8.937,0.0428,0.51,1.77,-1.76,0.2,7.248,8.937,89.37,1.7796530301583582,,,,Sand,,,Sand 3,3,7.09,9.35,-4.42,-6.68
-4.6,7.27,9.386,0.044,0.51,1.78,-1.75,0.3,7.268,9.386,93.86,1.7615194960841674,,,,Sand,,,Sand 3,3,7.09,9.35,-4.42,-6.68
-4.62,7.29,9.346,0.0449,0.5,1.86,-1.85,0.2,7.288,9.346,93.46,1.758587197269707,,,,Sand,,,Sand 3,3,7.09,9.35,-4.42,-6.68
-4.64,7.31,9.07,0.0465,0.51,1.87,-1.86,0.2,7.308,9.07,90.7,1.7741809799848722,,,,Sand,,,Sand 3,3,7.09,9.35,-4.42,-6.68
-4.66,7.33,8.864,0.0504,0.55,1.87,-1.85,0.3,7.328,8.864,88.64,1.799974355767782,,,,Sand,,,Sand 3,3,7.09,9.35,-4.42,-6.68
-4.68,7.35,8.854,0.0548,0.59,1.87,-1.85,0.3,7.348,8.854,88.54,1.8168356441077436,,,,Sand,,,Sand 3,3,7.09,9.35,-4.42,-6.68
-4.7,7.37,9.2,0.0577,0.61,1.87,-1.85,0.3,7.368,9.2,92.0,1.8109012082980118,,,,Sand,,,Sand 3,3,7.09,9.35,-4.42,-6.68
-4.72,7.39,9.672,0.0575,0.59,1.87,-1.85,0.3,7.388,9.672,96.72,1.7847911924384505,,,,Sand,,,Sand 3,3,7.09,9.35,-4.42,-6.68
-4.74,7.41,9.958,0.0547,0.55,1.86,-1.85,0.2,7.408,9.958,99.58,1.7574338673215748,,,,Sand,,,Sand 3,3,7.09,9.35,-4.42,-6.68
-4.76,7.43,10.436,0.0544,0.52,1.87,-1.85,0.3,7.428,10.436,104.36,1.727094555605831,,,,Sand,,,Sand 3,3,7.09,9.35,-4.42,-6.68
-4.78,7.45,10.888,0.0534,0.5,1.97,-1.95,0.26,7.448,10.888,108.88,1.7023934862451806,,,,Sand,,,Sand 3,3,7.09,9.35,-4.42,-6.68
-4.8,7.47,11.191,0.0553,0.5,1.87,-1.85,0.3,7.468,11.191,111.91,1.6923709653515053,,,,Sand,,,Sand 3,3,7.09,9.35,-4.42,-6.68
-4.82,7.49,11.48,0.0604,0.53,1.87,-1.85,0.3,7.488,11.48,114.8,1.69703293926565,,,,Sand,,,Sand 3,3,7.09,9.35,-4.42,-6.68
-4.84,7.51,11.719,0.0644,0.56,1.87,-1.85,0.29,7.508,11.719,117.19,1.703084183059016,,,,Sand,,,Sand 3,3,7.09,9.35,-4.42,-6.68
-4.86,7.53,11.995,0.0695,0.6,1.97,-1.95,0.3,7.528,11.995,119.95,1.7120707394068697,,,,Sand,,,Sand 3,3,7.09,9.35,-4.42,-6.68
-4.88,7.55,11.995,0.0722,0.62,1.87,-1.85,0.3,7.548,11.995,119.95,1.720411936443096,,,,Sand,,,Sand 3,3,7.09,9.35,-4.42,-6.68
-4.9,7.57,11.836,0.0737,0.63,1.87,-1.85,0.3,7.568,11.836,118.36,1.7291881185511184,,,,Sand,,,Sand 3,3,7.09,9.35,-4.42,-6.68
-4.92,7.59,11.58,0.0814,0.69,1.87,-1.85,0.3,7.588,11.58,115.8,1.760345708343698,,,,Sand,,,Sand 3,3,7.09,9.35,-4.42,-6.68
-4.94,7.61,11.4,0.0859,0.73,1.87,-1.85,0.3,7.608,11.4,114.0,1.7805690995959582,,,,Sand,,,Sand 3,3,7.09,9.35,-4.42,-6.68
-4.96,7.63,11.46,0.0852,0.73,1.87,-1.85,0.3,7.628,11.46,114.6,1.778760372390701,,,,Sand,,,Sand 3,3,7.09,9.35,-4.42,-6.68
-4.98,7.65,11.759,0.0925,0.8,1.97,-1.95,0.3,7.648,11.759,117.59,1.794517807948135,,,,Sand,,,Sand 3,3,7.09,9.35,-4.42,-6.68
-5.0,7.67,11.902,0.0951,0.82,1.97,-1.95,0.3,7.668,11.902,119.02,1.7971726647845707,,,,Sand,,,Sand 3,3,7.09,9.35,-4.42,-6.68
-5.0200000000000005,7.69,11.709,0.0939,0.82,1.9,-1.85,0.41,7.688,11.709,117.09,1.8026870460590014,,,,Sand,,,Sand 3,3,7.09,9.35,-4.42,-6.68
-5.04,7.71,11.4,0.0965,0.85,1.87,-1.85,0.3,7.708,11.4,114.0,1.8215382965962026,,,,Sand,,,Sand 3,3,7.09,9.35,-4.42,-6.68
-5.0600000000000005,7.73,11.191,0.0959,0.86,1.99,-1.95,0.41,7.728,11.191,111.91,1.830977959839834,,,,Sand,,,Sand 3,3,7.09,9.35,-4.42,-6.68
-5.08,7.75,11.008,0.0934,0.85,1.87,-1.85,0.3,7.748,11.008,110.08,1.8333523124982372,,,,Sand,,,Sand 3,3,7.09,9.35,-4.42,-6.68
-5.1,7.77,10.722,0.0925,0.86,1.99,-1.95,0.41,7.768,10.722,107.22,1.8454464060681581,,,,Sand,,,Sand 3,3,7.09,9.35,-4.42,-6.68
-5.12,7.79,10.589,0.0928,0.87,1.87,-1.85,0.3,7.788,10.589,105.89,1.8528165364200884,,,,Sand,,,Sand 3,3,7.09,9.35,-4.42,-6.68
-5.14,7.81,10.413,0.0916,0.87,1.99,-1.95,0.41,7.808,10.413,104.13,1.8584995978673715,,,,Sand,,,Sand 3,3,7.09,9.35,-4.42,-6.68
-5.16,7.83,10.423,0.0893,0.86,1.97,-1.95,0.29,7.828,10.423,104.23,1.8550449491866272,,,,Sand,,,Sand 3,3,7.09,9.35,-4.42,-6.68
-5.18,7.85,10.443,0.0862,0.84,1.91,-1.86,0.41,7.848,10.443,104.43,1.8480484729223419,,,,Sand,,,Sand 3,3,7.09,9.35,-4.42,-6.68
-5.2,7.87,10.257,0.079,0.79,1.97,-1.95,0.3,7.868,10.257,102.57,1.8378552495243585,,,,Sand,,,Sand 3,3,7.09,9.35,-4.42,-6.68
-5.22,7.89,9.855,0.0683,0.69,1.9,-1.85,0.41,7.888,9.855,98.55,1.8167969471534722,,,,Sand,,,Sand 3,3,7.09,9.35,-4.42,-6.68
-5.24,7.91,9.546,0.0644,0.67,1.97,-1.95,0.3,7.908,9.546,95.46,1.8206879642714007,,,,Sand,,,Sand 3,3,7.09,9.35,-4.42,-6.68
-5.26,7.93,9.343,0.0676,0.72,1.97,-1.95,0.29,7.928,9.343,93.43,1.846398250069329,,,,Sand,,,Sand 3,3,7.09,9.35,-4.42,-6.68
-5.28,7.95,9.21,0.0706,0.77,1.97,-1.95,0.3,7.948,9.21,92.1,1.8685758711242249,,,,Sand,,,Sand 3,3,7.09,9.35,-4.42,-6.68
-5.3,7.97,9.137,0.0718,0.81,1.99,-1.95,0.41,7.968,9.137,91.37,1.8844500885969362,,,,Sand,,,Sand 3,3,7.09,9.35,-4.42,-6.68
-5.32,7.99,8.675,0.0715,0.83,2.1,-2.06,0.4,7.988,8.675,86.75,1.9088471064551222,,,,Sand,,,Sand 3,3,7.09,9.35,-4.42,-6.68
-5.34,8.01,8.213,0.0707,0.84,1.97,-1.95,0.3,8.008,8.213,82.13,1.9310488506761911,,,,Sand,,,Sand 3,3,7.09,9.35,-4.42,-6.68
-5.359999999999999,8.03,8.043,0.0711,0.86,2.1,-2.06,0.41,8.028,8.043,80.42999999999999,1.9444236404822588,,,,Sand,,,Sand 3,3,7.09,9.35,-4.42,-6.68
-5.380000000000001,8.05,7.894,0.0718,0.89,1.97,-1.95,0.3,8.048,7.894,78.94,1.959813085455685,,,,Sand,,,Sand 3,3,7.09,9.35,-4.42,-6.68
-5.4,8.07,7.824,0.0702,0.89,2.1,-2.06,0.38,8.068,7.824,78.24,1.9629186444103017,,,,Sand,,,Sand 3,3,7.09,9.35,-4.42,-6.68
-5.42,8.09,7.834,0.0681,0.86,1.99,-1.95,0.37,8.088,7.834,78.34,1.9536362175036814,,,,Sand,,,Sand 3,3,7.09,9.35,-4.42,-6.68
-5.4399999999999995,8.11,7.834,0.0663,0.84,1.99,-1.95,0.41,8.108,7.834,78.34,1.9476146643852796,,,,Sand,,,Sand 3,3,7.09,9.35,-4.42,-6.68
-5.460000000000001,8.13,7.851,0.0654,0.82,1.99,-1.95,0.41,8.128,7.851,78.51,1.9407202731983402,,,,Sand,,,Sand 3,3,7.09,9.35,-4.42,-6.68
-5.48,8.15,7.9,0.0665,0.82,2.1,-2.06,0.38,8.148,7.9,79.0,1.9385278991804484,,,,Sand,,,Sand 3,3,7.09,9.35,-4.42,-6.68
-5.5,8.17,8.067,0.0687,0.83,1.98,-1.95,0.32,8.168,8.067,80.67,1.934261640378213,,,,Sand,,,Sand 3,3,7.09,9.35,-4.42,-6.68
-5.52,8.19,8.409,0.0713,0.85,2.08,-2.06,0.3,8.188,8.409,84.09,1.9258709414139912,,,,Sand,,,Sand 3,3,7.09,9.35,-4.42,-6.68
-5.540000000000001,8.21,8.801,0.074,0.87,1.99,-1.95,0.41,8.208,8.801,88.01,1.9161256358005465,,,,Sand,,,Sand 3,3,7.09,9.35,-4.42,-6.68
-5.5600000000000005,8.23,9.004,0.0763,0.88,2.1,-2.06,0.41,8.228,9.004,90.04,1.9112707000418288,,,,Sand,,,Sand 3,3,7.09,9.35,-4.42,-6.68
-5.58,8.25,8.884,0.0777,0.9,2.1,-2.06,0.4,8.248,8.884,88.84,1.9218421931790977,,,,Sand,,,Sand 3,3,7.09,9.35,-4.42,-6.68
-5.6,8.27,8.751,0.0781,0.91,2.12,-2.06,0.51,8.268,8.751,87.51,1.9299601877537746,,,,Sand,,,Sand 3,3,7.09,9.35,-4.42,-6.68
-5.619999999999999,8.29,8.482,0.0771,0.91,2.2,-2.16,0.41,8.288,8.482,84.82,1.9407128056938574,,,,Sand,,,Sand 3,3,7.09,9.35,-4.42,-6.68
-5.640000000000001,8.31,8.153,0.0741,0.9,2.1,-2.06,0.41,8.308,8.153,81.53000000000002,1.951496038063533,,,,Sand,,,Sand 3,3,7.09,9.35,-4.42,-6.68
-5.66,8.33,7.937,0.0705,0.87,2.1,-2.06,0.41,8.328,7.937,79.37,1.9520409783372987,,,,Sand,,,Sand 3,3,7.09,9.35,-4.42,-6.68
-5.68,8.35,7.841,0.0716,0.88,2.2,-2.16,0.41,8.348,7.841,78.41,1.9592409778179671,,,,Sand,,,Sand 3,3,7.09,9.35,-4.42,-6.68
-5.699999999999999,8.37,7.871,0.0724,0.89,2.12,-2.06,0.51,8.368,7.871,78.71,1.960830136526981,,,,Sand,,,Sand 3,3,7.09,9.35,-4.42,-6.68
-5.720000000000001,8.39,8.04,0.0707,0.86,2.2,-2.16,0.41,8.388,8.04,80.39999999999999,1.9445540123385894,,,,Sand,,,Sand 3,3,7.09,9.35,-4.42,-6.68
-5.74,8.41,8.362,0.0717,0.86,2.1,-2.06,0.41,8.408,8.362,83.62,1.9308574532609202,,,,Sand,,,Sand 3,3,7.09,9.35,-4.42,-6.68
-5.76,8.43,8.725,0.0732,0.87,2.12,-2.06,0.51,8.428,8.725,87.25,1.9191256472814435,,,,Sand,,,Sand 3,3,7.09,9.35,-4.42,-6.68
-5.779999999999999,8.45,8.758,0.0743,0.87,2.1,-2.06,0.41,8.448,8.758,87.58,1.9178194810550013,,,,Sand,,,Sand 3,3,7.09,9.35,-4.42,-6.68
-5.800000000000001,8.47,8.615,0.075,0.87,2.1,-2.06,0.41,8.468,8.615,86.15,1.9235192349662125,,,,Sand,,,Sand 3,3,7.09,9.35,-4.42,-6.68
-5.82,8.49,8.602,0.0748,0.86,2.12,-2.06,0.51,8.488,8.602,86.02,1.9210209678824575,,,,Sand,,,Sand 3,3,7.09,9.35,-4.42,-6.68
-5.84,8.51,8.615,0.0741,0.86,2.1,-2.06,0.41,8.508,8.615,86.15,1.9204968169761596,,,,Sand,,,Sand 3,3,7.09,9.35,-4.42,-6.68
-5.859999999999999,8.53,8.615,0.074,0.85,2.08,-2.06,0.3,8.528,8.615,86.15,1.9174475786529244,,,,Sand,,,Sand 3,3,7.09,9.35,-4.42,-6.68
-5.880000000000001,8.55,8.688,0.075,0.86,2.2,-2.16,0.41,8.548,8.688,86.88,1.9175696115813845,,,,Sand,,,Sand 3,3,7.09,9.35,-4.42,-6.68
-5.9,8.57,8.798,0.0756,0.87,2.2,-2.16,0.4,8.568,8.798,87.98,1.9162435142478247,,,,Sand,,,Sand 3,3,7.09,9.35,-4.42,-6.68
-5.92,8.59,8.844,0.0752,0.87,2.2,-2.16,0.41,8.588,8.844,88.44,1.9144409045727613,,,,Sand,,,Sand 3,3,7.09,9.35,-4.42,-6.68
-5.9399999999999995,8.61,8.761,0.0737,0.86,2.2,-2.16,0.41,8.608,8.761,87.61,1.9146694057680986,,,,Sand,,,Sand 3,3,7.09,9.35,-4.42,-6.68
-5.960000000000001,8.63,8.539,0.0707,0.83,2.1,-2.06,0.41,8.628,8.539,85.39,1.9143581896980562,,,,Sand,,,Sand 3,3,7.09,9.35,-4.42,-6.68
-5.98,8.65,8.289,0.0687,0.81,2.1,-2.06,0.41,8.648,8.289,82.89,1.9184952563264464,,,,Sand,,,Sand 3,3,7.09,9.35,-4.42,-6.68
-6.0,8.67,8.14,0.0715,0.85,2.12,-2.06,0.5,8.668,8.14,81.4,1.9372186540030418,,,,Sand,,,Sand 3,3,7.09,9.35,-4.42,-6.68
-6.02,8.69,8.193,0.0711,0.84,2.2,-2.16,0.41,8.688,8.193,81.93,1.931901891734448,,,,Sand,,,Sand 3,3,7.09,9.35,-4.42,-6.68
-6.040000000000001,8.71,8.432,0.0696,0.82,2.1,-2.06,0.41,8.708,8.432,84.32,1.9156419734532917,,,,Sand,,,Sand 3,3,7.09,9.35,-4.42,-6.68
-6.0600000000000005,8.73,8.761,0.0705,0.82,2.11,-2.07,0.41,8.728,8.761,87.61,1.9022686748505775,,,,Sand,,,Sand 3,3,7.09,9.35,-4.42,-6.68
-6.08,8.75,8.924,0.0709,0.82,2.1,-2.06,0.41,8.748,8.924,89.24,1.8958462747982838,,,,Sand,,,Sand 3,3,7.09,9.35,-4.42,-6.68
-6.1,8.77,8.805,0.0739,0.86,2.18,-2.16,0.3,8.768,8.805,88.05,1.9129341855496729,,,,Sand,,,Sand 3,3,7.09,9.35,-4.42,-6.68
-6.119999999999999,8.79,8.608,0.0753,0.88,2.1,-2.06,0.41,8.788,8.608,86.08,1.9267965565263836,,,,Sand,,,Sand 3,3,7.09,9.35,-4.42,-6.68
-6.140000000000001,8.81,8.469,0.0747,0.88,2.13,-2.09,0.41,8.808,8.469,84.69,1.9324341189693464,,,,Sand,,,Sand 3,3,7.09,9.35,-4.42,-6.68
-6.16,8.83,8.339,0.0724,0.87,2.19,-2.15,0.41,8.827,8.339,83.39,1.9348211336547982,,,,Sand,,,Sand 3,3,7.09,9.35,-4.42,-6.68
-6.18,8.85,8.266,0.0699,0.85,2.18,-2.16,0.3,8.847,8.266,82.66,1.93185285120648,,,,Sand,,,Sand 3,3,7.09,9.35,-4.42,-6.68
-6.199999999999999,8.87,8.083,0.0597,0.73,2.2,-2.16,0.41,8.867,8.083,80.83,1.9012542875117404,,,,Sand,,,Sand 3,3,7.09,9.35,-4.42,-6.68
-6.220000000000001,8.89,7.94,0.0534,0.66,2.2,-2.16,0.41,8.887,7.94,79.4,1.8831131799549845,,,,Sand,,,Sand 3,3,7.09,9.35,-4.42,-6.68
-6.24,8.91,7.927,0.055,0.68,2.19,-2.15,0.41,8.907,7.927,79.27,1.8908923794686225,,,,Sand,,,Sand 3,3,7.09,9.35,-4.42,-6.68
-6.26,8.93,8.06,0.0557,0.69,2.1,-2.06,0.41,8.927,8.06,80.60000000000001,1.8884410232892634,,,,Sand,,,Sand 3,3,7.09,9.35,-4.42,-6.68
-6.279999999999999,8.95,8.223,0.0589,0.74,2.2,-2.16,0.41,8.947,8.223,82.23,1.898514297412482,,,,Sand,,,Sand 3,3,7.09,9.35,-4.42,-6.68
-6.300000000000001,8.97,8.193,0.0598,0.76,2.2,-2.16,0.41,8.967,8.193,81.93,1.9064785337703096,,,,Sand,,,Sand 3,3,7.09,9.35,-4.42,-6.68
-6.32,8.99,7.764,0.06,0.77,2.2,-2.16,0.41,8.987,7.764,77.64,1.9288471862187415,,,,Sand,,,Sand 3,3,7.09,9.35,-4.42,-6.68
-6.34,9.01,7.658,0.0614,0.8,2.2,-2.16,0.41,9.007,7.658,76.58,1.943286186820908,,,,Sand,,,Sand 3,3,7.09,9.35,-4.42,-6.68
-6.359999999999999,9.03,7.525,0.0632,0.83,2.2,-2.16,0.41,9.027,7.525,75.25,1.9587548140280495,,,,Sand,,,Sand 3,3,7.09,9.35,-4.42,-6.68
-6.380000000000001,9.05,7.342,0.0632,0.84,2.19,-2.15,0.4,9.047,7.342,73.42,1.970478771107715,,,,Sand,,,Sand 3,3,7.09,9.35,-4.42,-6.68
-6.4,9.07,7.319,0.0612,0.82,2.2,-2.16,0.41,9.067,7.319,73.19,1.9655327634157147,,,,Sand,,,Sand 3,3,7.09,9.35,-4.42,-6.68
-6.42,9.09,7.465,0.0595,0.81,2.18,-2.16,0.3,9.087,7.465,74.65,1.9554519219350117,,,,Sand,,,Sand 3,3,7.09,9.35,-4.42,-6.68
-6.4399999999999995,9.11,7.468,0.0595,0.81,2.2,-2.16,0.41,9.107,7.468,74.68,1.955309416881369,,,,Sand,,,Sand 3,3,7.09,9.35,-4.42,-6.68
-6.460000000000001,9.13,7.345,0.06,0.82,2.24,-2.18,0.51,9.127,7.345,73.45,1.964274969834761,,,,Sand,,,Sand 3,3,7.09,9.35,-4.42,-6.68
-6.48,9.15,7.276,0.0594,0.81,2.2,-2.16,0.41,9.147,7.276,72.76,1.9645578528131997,,,,Sand,,,Sand 3,3,7.09,9.35,-4.42,-6.68
-6.5,9.17,7.335,0.0581,0.79,2.2,-2.16,0.41,9.167,7.335,73.35,1.9554618625596698,,,,Sand,,,Sand 3,3,7.09,9.35,-4.42,-6.68
-6.52,9.19,7.369,0.0581,0.8,2.25,-2.21,0.41,9.187,7.369,73.69,1.956944162102723,,,,Sand,,,Sand 3,3,7.09,9.35,-4.42,-6.68
-6.540000000000001,9.21,7.259,0.0644,0.89,2.2,-2.16,0.41,9.207,7.259,72.59,1.9891582320153176,,,,Sand,,,Sand 3,3,7.09,9.35,-4.42,-6.68
-6.5600000000000005,9.23,7.169,0.0698,0.96,2.3,-2.26,0.41,9.227,7.169,71.69,2.0130077281132226,,,,Sand,,,Sand 3,3,7.09,9.35,-4.42,-6.68
-6.58,9.25,7.226,0.0635,0.89,2.2,-2.16,0.41,9.247,7.226,72.26,1.9907593475486185,,,,Sand,,,Sand 3,3,7.09,9.35,-4.42,-6.68
-6.6,9.27,7.239,0.0566,0.81,2.31,-2.25,0.5,9.267,7.239,72.39,1.9663706477678433,,,,Sand,,,Sand 3,3,7.09,9.35,-4.42,-6.68
-6.619999999999999,9.29,7.129,0.0549,0.8,2.3,-2.26,0.41,9.287,7.129,71.29,1.9687375598892194,,,,Sand,,,Sand 3,3,7.09,9.35,-4.42,-6.68
-6.640000000000001,9.31,6.807,0.0538,0.81,2.3,-2.26,0.41,9.307,6.807,68.07,1.9883139370612732,,,,Sand,,,Sand 3,3,7.09,9.35,-4.42,-6.68
-6.66,9.33,6.302,0.0523,0.82,2.3,-2.26,0.41,9.327,6.302,63.02,2.0189542520339883,,,,Sand,,,Sand 3,3,7.09,9.35,-4.42,-6.68
-6.68,9.35,5.946,0.0497,0.82,2.32,-2.26,0.51,9.347,5.946,59.46,2.0398987781564144,,,,Sand,,,Sand mixtures 3,3,9.35,10.17,-6.68,-7.5
-6.699999999999999,9.37,5.78,0.047,0.82,2.31,-2.26,0.49,9.367,5.78,57.8,2.0501327666812146,,,,Sand mixtures,,,Sand mixtures 3,3,9.35,10.17,-6.68,-7.5
-6.720000000000001,9.39,5.487,0.0436,0.81,2.32,-2.26,0.51,9.387,5.487,54.87,2.0660783910183693,,,,Sand mixtures,,,Sand mixtures 3,3,9.35,10.17,-6.68,-7.5
-6.74,9.41,5.148,0.04,0.79,2.22,-2.16,0.51,9.407,5.148,51.48,2.0834887437699305,,,,Sand mixtures,,,Sand mixtures 3,3,9.35,10.17,-6.68,-7.5
-6.76,9.43,4.72,0.037,0.78,2.32,-2.26,0.51,9.427,4.72,47.2,2.1124816566313216,,,,Sand mixtures,,,Sand mixtures 3,3,9.35,10.17,-6.68,-7.5
-6.779999999999999,9.45,4.294,0.0337,0.76,2.22,-2.16,0.5,9.447,4.294,42.94,2.141697095449034,,,,Sand mixtures,,,Sand mixtures 3,3,9.35,10.17,-6.68,-7.5
-6.800000000000001,9.47,3.988,0.0351,0.86,2.32,-2.26,0.51,9.467,3.988,39.88,2.197030492397091,,,,Sand mixtures,,,Sand mixtures 3,3,9.35,10.17,-6.68,-7.5
-6.82,9.49,3.776,0.0324,0.86,2.31,-2.25,0.51,9.487,3.776,37.76,2.2172493268387123,,,,Sand mixtures,,,Sand mixtures 3,3,9.35,10.17,-6.68,-7.5
-6.84,9.51,3.553,0.0255,0.73,2.32,-2.26,0.51,9.507,3.553,35.53,2.2040197768560295,,,,Sand mixtures,,,Sand mixtures 3,3,9.35,10.17,-6.68,-7.5
-6.859999999999999,9.53,3.231,0.0235,0.73,2.32,-2.26,0.5,9.527,3.231,32.31,2.2400419601996457,,,,Sand mixtures,,,Sand mixtures 3,3,9.35,10.17,-6.68,-7.5
-6.880000000000001,9.55,2.922,0.0214,0.72,2.29,-2.25,0.41,9.547,2.922,29.22,2.2755094203376864,,,,Sand mixtures,,,Sand mixtures 3,3,9.35,10.17,-6.68,-7.5
-6.9,9.57,2.632,0.019,0.7,2.32,-2.26,0.51,9.567,2.632,26.32,2.309926792846593,,,,Sand mixtures,,,Sand mixtures 3,3,9.35,10.17,-6.68,-7.5
-6.92,9.59,2.353,0.0167,0.68,2.32,-2.26,0.51,9.587,2.353,23.53,2.3475445784552296,,,,Sand mixtures,,,Sand mixtures 3,3,9.35,10.17,-6.68,-7.5
-6.9399999999999995,9.61,2.227,0.0147,0.65,2.22,-2.16,0.51,9.607,2.227,22.27,2.360292668191227,,,,Sand mixtures,,,Sand mixtures 3,3,9.35,10.17,-6.68,-7.5
-6.960000000000001,9.63,2.014,0.0131,0.63,2.32,-2.26,0.51,9.627,2.014,20.139999999999997,2.393815688736692,,,,Sand mixtures,,,Sand mixtures 3,3,9.35,10.17,-6.68,-7.5
-6.98,9.65,1.851,0.0116,0.6,2.31,-2.25,0.51,9.647,1.851,18.51,2.41820685690727,,,,Sand mixtures,,,Sand mixtures 3,3,9.35,10.17,-6.68,-7.5
-7.0,9.67,1.738,0.0104,0.57,2.22,-2.16,0.51,9.667,1.738,17.38,2.43413429226669,,,,Sand mixtures,,,Sand mixtures 3,3,9.35,10.17,-6.68,-7.5
-7.02,9.69,1.665,0.0096,0.55,2.31,-2.25,0.5,9.687,1.665,16.65,2.445083725591165,,,,Sand mixtures,,,Sand mixtures 3,3,9.35,10.17,-6.68,-7.5
-7.040000000000001,9.71,1.635,0.009,0.54,2.3,-2.26,0.41,9.707,1.635,16.35,2.4492378379285094,,,,Sand mixtures,,,Sand mixtures 3,3,9.35,10.17,-6.68,-7.5
-7.0600000000000005,9.73,1.625,0.0086,0.52,2.32,-2.26,0.5,9.727,1.625,16.25,2.4453723185446767,,,,Sand mixtures,,,Sand mixtures 3,3,9.35,10.17,-6.68,-7.5
-7.08,9.75,1.639,0.0086,0.52,2.22,-2.16,0.51,9.747,1.639,16.39,2.4419308663376755,,,,Sand mixtures,,,Sand mixtures 3,3,9.35,10.17,-6.68,-7.5
-7.1,9.77,1.669,0.0086,0.51,2.32,-2.26,0.51,9.767,1.669,16.69,2.4314273483120217,,,,Sand mixtures,,,Sand mixtures 3,3,9.35,10.17,-6.68,-7.5
-7.119999999999999,9.79,1.692,0.0084,0.5,2.31,-2.25,0.51,9.787,1.692,16.92,2.422658626536591,,,,Sand mixtures,,,Sand mixtures 3,3,9.35,10.17,-6.68,-7.5
-7.140000000000001,9.81,1.718,0.0086,0.51,2.31,-2.25,0.51,9.807,1.718,17.18,2.419815676695039,,,,Sand mixtures,,,Sand mixtures 3,3,9.35,10.17,-6.68,-7.5
-7.16,9.83,1.728,0.0089,0.52,2.31,-2.25,0.51,9.827,1.728,17.28,2.420736090613889,,,,Sand mixtures,,,Sand mixtures 3,3,9.35,10.17,-6.68,-7.5
-7.18,9.85,1.748,0.0121,0.69,2.32,-2.26,0.51,9.847,1.748,17.48,2.4663197452078505,,,,Sand mixtures,,,Sand mixtures 3,3,9.35,10.17,-6.68,-7.5
-7.199999999999999,9.87,1.752,0.0137,0.78,2.32,-2.26,0.51,9.867,1.752,17.52,2.4887556732307132,,,,Sand mixtures,,,Sand mixtures 3,3,9.35,10.17,-6.68,-7.5
-7.220000000000001,9.89,1.758,0.0129,0.73,2.32,-2.26,0.51,9.887,1.758,17.58,2.4746978491995075,,,,Sand mixtures,,,Sand mixtures 3,3,9.35,10.17,-6.68,-7.5
-7.24,9.91,1.765,0.0135,0.78,2.31,-2.25,0.51,9.907,1.765,17.65,2.485883845048723,,,,Sand mixtures,,,Sand mixtures 3,3,9.35,10.17,-6.68,-7.5
-7.26,9.93,1.785,0.014,0.82,2.32,-2.26,0.51,9.927,1.785,17.85,2.491317490171291,,,,Sand mixtures,,,Sand mixtures 3,3,9.35,10.17,-6.68,-7.5
-7.279999999999999,9.95,1.788,0.0144,0.86,2.32,-2.26,0.51,9.947,1.788,17.88,2.500152098342532,,,,Sand mixtures,,,Sand mixtures 3,3,9.35,10.17,-6.68,-7.5
-7.300000000000001,9.97,1.529,0.0145,0.89,2.32,-2.26,0.51,9.967,1.529,15.29,2.5673733913048613,,,,Sand mixtures,,,Sand mixtures 3,3,9.35,10.17,-6.68,-7.5
-7.32,9.99,1.589,0.0145,0.91,2.31,-2.25,0.51,9.987,1.589,15.89,2.556939063534736,,,,Sand mixtures,,,Sand mixtures 3,3,9.35,10.17,-6.68,-7.5
-7.34,10.01,1.539,0.0144,0.93,2.32,-2.26,0.51,10.007,1.539,15.39,2.5736144306776705,,,,Sand mixtures,,,Sand mixtures 3,3,9.35,10.17,-6.68,-7.5
-7.359999999999999,10.03,1.492,0.0143,0.95,2.31,-2.25,0.51,10.027,1.492,14.92,2.589830004510984,,,,Sand mixtures,,,Sand mixtures 3,3,9.35,10.17,-6.68,-7.5
-7.380000000000001,10.05,1.462,0.0145,0.97,2.31,-2.25,0.51,10.047,1.462,14.62,2.6018388946295103,,,,Silty clay / clayey silt,,,Sand mixtures 3,3,9.35,10.17,-6.68,-7.5
-7.4,10.07,1.449,0.014,0.95,2.32,-2.26,0.5,10.067,1.449,14.49,2.6010972752353583,,,,Silty clay / clayey silt,,,Sand mixtures 3,3,9.35,10.17,-6.68,-7.5
-7.42,10.09,1.449,0.0135,0.93,2.31,-2.25,0.51,10.087,1.449,14.49,2.596855198037454,,,,Sand mixtures,,,Sand mixtures 3,3,9.35,10.17,-6.68,-7.5
-7.4399999999999995,10.11,1.446,0.0143,0.98,2.32,-2.26,0.51,10.106,1.446,14.46,2.608139398362679,,,,Silty clay / clayey silt,,,Sand mixtures 3,3,9.35,10.17,-6.68,-7.5
-7.460000000000001,10.13,1.456,0.0148,1.0,2.32,-2.26,0.51,10.126,1.456,14.56,2.609579361103609,,,,Silty clay / clayey silt,,,Sand mixtures 3,3,9.35,10.17,-6.68,-7.5
-7.48,10.15,1.469,0.0149,1.0,2.22,-2.16,0.51,10.146,1.469,14.69,2.6061674176969403,,,,Silty clay / clayey silt,,,Sand mixtures 3,3,9.35,10.17,-6.68,-7.5
-7.5,10.17,1.492,0.015,1.0,2.31,-2.25,0.51,10.166,1.492,14.92,2.6002072258955145,,,,Silty clay / clayey silt,,,Sand mixtures 4,4,10.17,10.73,-7.5,-8.06
-7.52,10.19,1.526,0.0151,0.99,2.31,-2.25,0.51,10.186,1.526,15.26,2.5895176765334282,,,,Sand mixtures,,,Sand mixtures 4,4,10.17,10.73,-7.5,-8.06
-7.540000000000001,10.21,1.556,0.0155,1.0,2.31,-2.25,0.51,10.206,1.556,15.56,2.5841130578908307,,,,Sand mixtures,,,Sand mixtures 4,4,10.17,10.73,-7.5,-8.06
-7.5600000000000005,10.23,1.569,0.0158,0.99,2.32,-2.26,0.5,10.226,1.569,15.69,2.5788679534017196,,,,Sand mixtures,,,Sand mixtures 4,4,10.17,10.73,-7.5,-8.06
-7.58,10.25,1.612,0.0161,0.99,2.32,-2.26,0.51,10.246,1.612,16.12,2.5685182304222716,,,,Sand mixtures,,,Sand mixtures 4,4,10.17,10.73,-7.5,-8.06
-7.6,10.27,1.659,0.0165,0.98,2.32,-2.26,0.51,10.266,1.659,16.59,2.5554373193105464,,,,Sand mixtures,,,Sand mixtures 4,4,10.17,10.73,-7.5,-8.06
-7.619999999999999,10.29,1.725,0.0168,0.98,2.32,-2.26,0.51,10.286,1.725,17.25,2.5405313485478977,,,,Sand mixtures,,,Sand mixtures 4,4,10.17,10.73,-7.5,-8.06
-7.640000000000001,10.31,1.795,0.0167,0.95,2.32,-2.26,0.51,10.306,1.795,17.95,2.5189109121808873,,,,Sand mixtures,,,Sand mixtures 4,4,10.17,10.73,-7.5,-8.06
-7.66,10.33,1.848,0.0164,0.92,2.32,-2.26,0.51,10.326,1.848,18.48,2.501174892506311,,,,Sand mixtures,,,Sand mixtures 4,4,10.17,10.73,-7.5,-8.06
-7.68,10.35,1.861,0.0163,0.91,2.32,-2.26,0.51,10.346,1.861,18.61,2.496248110136025,,,,Sand mixtures,,,Sand mixtures 4,4,10.17,10.73,-7.5,-8.06
-7.699999999999999,10.37,1.821,0.0162,0.92,2.32,-2.26,0.5,10.366,1.821,18.21,2.5068074828004563,,,,Sand mixtures,,,Sand mixtures 4,4,10.17,10.73,-7.5,-8.06
-7.720000000000001,10.39,1.755,0.0157,0.9,2.31,-2.25,0.51,10.386,1.755,17.55,2.516483221871447,,,,Sand mixtures,,,Sand mixtures 4,4,10.17,10.73,-7.5,-8.06
-7.74,10.41,1.688,0.0148,0.87,2.32,-2.26,0.51,10.406,1.688,16.88,2.524651116450586,,,,Sand mixtures,,,Sand mixtures 4,4,10.17,10.73,-7.5,-8.06
-7.76,10.43,1.629,0.0143,0.87,2.32,-2.26,0.5,10.426,1.629,16.29,2.5383863548884156,,,,Sand mixtures,,,Sand mixtures 4,4,10.17,10.73,-7.5,-8.06
-7.779999999999999,10.45,1.589,0.015,0.93,2.32,-2.26,0.51,10.446,1.589,15.89,2.561306402761467,,,,Sand mixtures,,,Sand mixtures 4,4,10.17,10.73,-7.5,-8.06
-7.800000000000001,10.47,1.552,0.0159,1.0,2.31,-2.25,0.51,10.466,1.552,15.52,2.5850985602088703,,,,Sand mixtures,,,Sand mixtures 4,4,10.17,10.73,-7.5,-8.06
-7.82,10.49,1.546,0.0161,1.02,2.32,-2.26,0.51,10.486,1.546,15.46,2.5906492882026346,,,,Sand mixtures,,,Sand mixtures 4,4,10.17,10.73,-7.5,-8.06
-7.84,10.51,1.549,0.0164,1.04,2.31,-2.25,0.51,10.506,1.549,15.49,2.5939192393362016,,,,Sand mixtures,,,Sand mixtures 4,4,10.17,10.73,-7.5,-8.06
-7.859999999999999,10.53,1.575,0.0167,1.05,2.31,-2.25,0.51,10.526,1.575,15.75,2.5895568226241963,,,,Sand mixtures,,,Sand mixtures 4,4,10.17,10.73,-7.5,-8.06
-7.880000000000001,10.55,1.609,0.0171,1.06,2.31,-2.25,0.51,10.546,1.609,16.09,2.5834018734156468,,,,Sand mixtures,,,Sand mixtures 4,4,10.17,10.73,-7.5,-8.06
-7.9,10.57,1.632,0.0174,1.06,2.34,-2.26,0.59,10.566,1.632,16.32,2.5780029091011993,,,,Sand mixtures,,,Sand mixtures 4,4,10.17,10.73,-7.5,-8.06
-7.92,10.59,1.675,0.0174,1.05,2.42,-2.36,0.54,10.586,1.675,16.75,2.5661255510317877,,,,Sand mixtures,,,Sand mixtures 4,4,10.17,10.73,-7.5,-8.06
-7.9399999999999995,10.61,1.712,0.0174,1.04,2.31,-2.25,0.5,10.606,1.712,17.12,2.5558104218711017,,,,Sand mixtures,,,Sand mixtures 4,4,10.17,10.73,-7.5,-8.06
-7.960000000000001,10.63,1.732,0.017,1.01,2.34,-2.26,0.6,10.626,1.732,17.32,2.5452586029463653,,,,Sand mixtures,,,Sand mixtures 4,4,10.17,10.73,-7.5,-8.06
-7.98,10.65,1.722,0.0165,0.98,2.42,-2.36,0.54,10.646,1.722,17.22,2.541195881118686,,,,Sand mixtures,,,Sand mixtures 4,4,10.17,10.73,-7.5,-8.06
-8.0,10.67,1.685,0.0164,0.99,2.32,-2.26,0.53,10.666,1.685,16.85,2.551590271117183,,,,Sand mixtures,,,Sand mixtures 4,4,10.17,10.73,-7.5,-8.06
-8.02,10.69,1.639,0.0164,1.01,2.32,-2.26,0.51,10.686,1.639,16.39,2.56629829189402,,,,Sand mixtures,,,Sand mixtures 4,4,10.17,10.73,-7.5,-8.06
-8.040000000000001,10.71,1.582,0.0161,1.02,2.33,-2.25,0.6,10.706,1.582,15.82,2.5818523575787227,,,,Sand mixtures,,,Sand mixtures 4,4,10.17,10.73,-7.5,-8.06
-8.06,10.73,1.526,0.0155,1.02,2.32,-2.26,0.51,10.726,1.526,15.26,2.5956292595030352,,,,Sand mixtures,,,Silty clay / clayey silt 1,1,10.73,11.11,-8.06,-8.44
-8.08,10.75,1.472,0.0152,1.02,2.33,-2.25,0.6,10.746,1.472,14.72,2.6094227011554865,,,,Silty clay / clayey silt,,,Silty clay / clayey silt 1,1,10.73,11.11,-8.06,-8.44
-8.1,10.77,1.423,0.0152,1.05,2.34,-2.26,0.61,10.766,1.423,14.23,2.628324639598236,,,,Silty clay / clayey silt,,,Silty clay / clayey silt 1,1,10.73,11.11,-8.06,-8.44
-8.12,10.79,1.393,0.0151,1.06,2.34,-2.26,0.61,10.786,1.393,13.93,2.638425687194575,,,,Silty clay / clayey silt,,,Silty clay / clayey silt 1,1,10.73,11.11,-8.06,-8.44
-8.14,10.81,1.376,0.015,1.08,2.34,-2.26,0.61,10.806,1.376,13.76,2.6469626211135404,,,,Silty clay / clayey silt,,,Silty clay / clayey silt 1,1,10.73,11.11,-8.06,-8.44
-8.16,10.83,1.366,0.0152,1.1,2.43,-2.35,0.6,10.826,1.366,13.66,2.653531975190242,,,,Silty clay / clayey silt,,,Silty clay / clayey silt 1,1,10.73,11.11,-8.06,-8.44
-8.18,10.85,1.366,0.0148,1.07,2.33,-2.25,0.61,10.846,1.366,13.66,2.647844455614664,,,,Silty clay / clayey silt,,,Silty clay / clayey silt 1,1,10.73,11.11,-8.06,-8.44
-8.2,10.87,1.376,0.0145,1.05,2.34,-2.26,0.6,10.866,1.376,13.76,2.6411911863549333,,,,Silty clay / clayey silt,,,Silty clay / clayey silt 1,1,10.73,11.11,-8.06,-8.44
-8.22,10.89,1.389,0.0146,1.04,2.43,-2.35,0.61,10.886,1.389,13.89,2.6356339502160444,,,,Silty clay / clayey silt,,,Silty clay / clayey silt 1,1,10.73,11.11,-8.06,-8.44
-8.24,10.91,1.409,0.0149,1.06,2.34,-2.26,0.6,10.906,1.409,14.09,2.6340540761289306,,,,Silty clay / clayey silt,,,Silty clay / clayey silt 1,1,10.73,11.11,-8.06,-8.44
-8.26,10.93,1.426,0.0154,1.09,2.43,-2.35,0.6,10.926,1.426,14.26,2.635227460736581,,,,Silty clay / clayey silt,,,Silty clay / clayey silt 1,1,10.73,11.11,-8.06,-8.44
-8.28,10.95,1.436,0.0154,1.08,2.34,-2.26,0.6,10.946,1.436,14.36,2.630651192321824,,,,Silty clay / clayey silt,,,Silty clay / clayey silt 1,1,10.73,11.11,-8.06,-8.44
-8.3,10.97,1.399,0.0159,1.11,2.43,-2.35,0.61,10.966,1.399,13.99,2.6462927912299374,,,,Silty clay / clayey silt,,,Silty clay / clayey silt 1,1,10.73,11.11,-8.06,-8.44
-8.32,10.99,1.423,0.0167,1.16,2.43,-2.35,0.6,10.986,1.423,14.23,2.6490322499136036,,,,Silty clay / clayey silt,,,Silty clay / clayey silt 1,1,10.73,11.11,-8.06,-8.44
-8.34,11.01,1.439,0.0168,1.16,2.43,-2.35,0.6,11.006,1.439,14.39,2.64478642211841,,,,Silty clay / clayey silt,,,Silty clay / clayey silt 1,1,10.73,11.11,-8.06,-8.44
-8.36,11.03,1.443,0.017,1.17,2.41,-2.33,0.6,11.026,1.443,14.43,2.6455458610692846,,,,Silty clay / clayey silt,,,Silty clay / clayey silt 1,1,10.73,11.11,-8.06,-8.44
-8.38,11.05,1.462,0.0171,1.16,2.39,-2.31,0.61,11.046,1.462,14.62,2.6387686410657167,,,,Silty clay / clayey silt,,,Silty clay / clayey silt 1,1,10.73,11.11,-8.06,-8.44
-8.4,11.07,1.502,0.0172,1.14,2.44,-2.36,0.61,11.066,1.502,15.02,2.624852147663736,,,,Silty clay / clayey silt,,,Silty clay / clayey silt 1,1,10.73,11.11,-8.06,-8.44
-8.42,11.09,1.522,0.0177,1.14,2.43,-2.35,0.6,11.086,1.522,15.22,2.61983448365784,,,,Silty clay / clayey silt,,,Silty clay / clayey silt 1,1,10.73,11.11,-8.06,-8.44
-8.44,11.11,1.575,0.0181,1.13,2.35,-2.27,0.61,11.106,1.575,15.75,2.604991820473908,,,,Silty clay / clayey silt,,,Sand mixtures 5,5,11.11,12.33,-8.44,-9.66
-8.46,11.13,1.645,0.0187,1.13,2.43,-2.35,0.6,11.126,1.645,16.45,2.588531796845555,,,,Sand mixtures,,,Sand mixtures 5,5,11.11,12.33,-8.44,-9.66
-8.48,11.15,1.715,0.0192,1.13,2.44,-2.36,0.61,11.146,1.715,17.15,2.572789075847826,,,,Sand mixtures,,,Sand mixtures 5,5,11.11,12.33,-8.44,-9.66
-8.5,11.17,1.785,0.0189,1.08,2.44,-2.36,0.61,11.166,1.785,17.85,2.5479796105532686,,,,Sand mixtures,,,Sand mixtures 5,5,11.11,12.33,-8.44,-9.66
-8.52,11.19,1.828,0.0194,1.08,2.43,-2.35,0.61,11.186,1.828,18.28,2.5389840980544007,,,,Sand mixtures,,,Sand mixtures 5,5,11.11,12.33,-8.44,-9.66
-8.540000000000001,11.21,1.855,0.0196,1.08,2.43,-2.35,0.6,11.206,1.855,18.55,2.533448367750037,,,,Sand mixtures,,,Sand mixtures 5,5,11.11,12.33,-8.44,-9.66
-8.56,11.23,1.861,0.0186,1.0,2.45,-2.35,0.7,11.226,1.861,18.61,2.515852941360288,,,,Sand mixtures,,,Sand mixtures 5,5,11.11,12.33,-8.44,-9.66
-8.58,11.25,1.861,0.0194,1.04,2.37,-2.26,0.7,11.246,1.861,18.61,2.524156790908185,,,,Sand mixtures,,,Sand mixtures 5,5,11.11,12.33,-8.44,-9.66
-8.6,11.27,1.871,0.0204,1.08,2.36,-2.26,0.69,11.266,1.871,18.71,2.5302076488726297,,,,Sand mixtures,,,Sand mixtures 5,5,11.11,12.33,-8.44,-9.66
-8.62,11.29,1.895,0.0206,1.08,2.35,-2.26,0.63,11.285,1.895,18.95,2.525400654950286,,,,Sand mixtures,,,Sand mixtures 5,5,11.11,12.33,-8.44,-9.66
-8.64,11.31,1.921,0.021,1.08,2.46,-2.36,0.7,11.305,1.921,19.21,2.520264608136943,,,,Sand mixtures,,,Sand mixtures 5,5,11.11,12.33,-8.44,-9.66
-8.66,11.33,1.964,0.0212,1.07,2.43,-2.35,0.61,11.325,1.964,19.64,2.5099149039390123,,,,Sand mixtures,,,Sand mixtures 5,5,11.11,12.33,-8.44,-9.66
-8.68,11.35,2.021,0.0215,1.06,2.45,-2.35,0.7,11.345,2.021,20.21,2.4971103061844446,,,,Sand mixtures,,,Sand mixtures 5,5,11.11,12.33,-8.44,-9.66
-8.7,11.37,2.054,0.0224,1.08,2.46,-2.35,0.71,11.365,2.054,20.54,2.495083961612258,,,,Sand mixtures,,,Sand mixtures 5,5,11.11,12.33,-8.44,-9.66
-8.72,11.39,2.117,0.0233,1.09,2.45,-2.35,0.7,11.385,2.117,21.17,2.485770390936425,,,,Sand mixtures,,,Sand mixtures 5,5,11.11,12.33,-8.44,-9.66
-8.74,11.41,2.194,0.024,1.08,2.47,-2.36,0.71,11.405,2.194,21.94,2.470365281706172,,,,Sand mixtures,,,Sand mixtures 5,5,11.11,12.33,-8.44,-9.66
-8.76,11.43,2.28,0.0246,1.09,2.37,-2.26,0.7,11.425,2.28,22.8,2.4580359249283195,,,,Sand mixtures,,,Sand mixtures 5,5,11.11,12.33,-8.44,-9.66
-8.78,11.45,2.376,0.0253,1.09,2.46,-2.36,0.7,11.445,2.376,23.76,2.4426625935733086,,,,Sand mixtures,,,Sand mixtures 5,5,11.11,12.33,-8.44,-9.66
-8.8,11.47,2.44,0.0258,1.1,2.46,-2.36,0.7,11.465,2.44,24.4,2.4348257928665262,,,,Sand mixtures,,,Sand mixtures 5,5,11.11,12.33,-8.44,-9.66
-8.82,11.49,2.44,0.0259,1.1,2.45,-2.35,0.7,11.485,2.44,24.4,2.4348257928665262,,,,Sand mixtures,,,Sand mixtures 5,5,11.11,12.33,-8.44,-9.66
-8.84,11.51,2.393,0.0258,1.1,2.45,-2.35,0.7,11.505,2.393,23.93,2.442054901891588,,,,Sand mixtures,,,Sand mixtures 5,5,11.11,12.33,-8.44,-9.66
-8.86,11.53,2.317,0.0256,1.11,2.45,-2.35,0.7,11.525,2.317,23.17,2.4560901131393256,,,,Sand mixtures,,,Sand mixtures 5,5,11.11,12.33,-8.44,-9.66
-8.88,11.55,2.237,0.0247,1.1,2.45,-2.35,0.7,11.545,2.237,22.37,2.467170007350039,,,,Sand mixtures,,,Sand mixtures 5,5,11.11,12.33,-8.44,-9.66
-8.9,11.57,2.174,0.0246,1.11,2.46,-2.36,0.7,11.565,2.174,21.74,2.47984356591938,,,,Sand mixtures,,,Sand mixtures 5,5,11.11,12.33,-8.44,-9.66
-8.92,11.59,2.131,0.0254,1.17,2.46,-2.35,0.71,11.585,2.131,21.31,2.499017338123253,,,,Sand mixtures,,,Sand mixtures 5,5,11.11,12.33,-8.44,-9.66
-8.94,11.61,2.111,0.0256,1.19,2.37,-2.26,0.7,11.605,2.111,21.11,2.5063245340914495,,,,Sand mixtures,,,Sand mixtures 5,5,11.11,12.33,-8.44,-9.66
-8.96,11.63,2.107,0.0256,1.2,2.45,-2.35,0.7,11.625,2.107,21.07,2.5089096906401895,,,,Sand mixtures,,,Sand mixtures 5,5,11.11,12.33,-8.44,-9.66
-8.98,11.65,2.114,0.0258,1.2,2.46,-2.36,0.7,11.645,2.114,21.14,2.5076775199686154,,,,Sand mixtures,,,Sand mixtures 5,5,11.11,12.33,-8.44,-9.66
-9.0,11.67,2.164,0.0261,1.2,2.45,-2.35,0.7,11.665,2.164,21.64,2.498999498056629,,,,Sand mixtures,,,Sand mixtures 5,5,11.11,12.33,-8.44,-9.66
-9.02,11.69,2.187,0.0264,1.18,2.46,-2.35,0.71,11.685,2.187,21.87,2.491285477003296,,,,Sand mixtures,,,Sand mixtures 5,5,11.11,12.33,-8.44,-9.66
-9.040000000000001,11.71,2.254,0.0273,1.18,2.45,-2.35,0.7,11.705,2.254,22.54,2.4800893654755516,,,,Sand mixtures,,,Sand mixtures 5,5,11.11,12.33,-8.44,-9.66
-9.06,11.73,2.35,0.0281,1.17,2.45,-2.35,0.7,11.725,2.35,23.5,2.462709672939797,,,,Sand mixtures,,,Sand mixtures 5,5,11.11,12.33,-8.44,-9.66
-9.08,11.75,2.473,0.0288,1.14,2.45,-2.35,0.7,11.745,2.473,24.73,2.4379261822766365,,,,Sand mixtures,,,Sand mixtures 5,5,11.11,12.33,-8.44,-9.66
-9.1,11.77,2.616,0.0298,1.11,2.46,-2.36,0.7,11.765,2.616,26.16,2.411064720895179,,,,Sand mixtures,,,Sand mixtures 5,5,11.11,12.33,-8.44,-9.66
-9.12,11.79,2.812,0.0309,1.08,2.46,-2.36,0.7,11.785,2.812,28.12,2.3781190471412166,,,,Sand mixtures,,,Sand mixtures 5,5,11.11,12.33,-8.44,-9.66
-9.14,11.81,3.045,0.0326,1.06,2.45,-2.35,0.7,11.805,3.045,30.45,2.3444876038968907,,,,Sand mixtures,,,Sand mixtures 5,5,11.11,12.33,-8.44,-9.66
-9.16,11.83,3.274,0.0324,0.98,2.45,-2.35,0.7,11.825,3.274,32.74,2.2997360703090153,,,,Sand mixtures,,,Sand mixtures 5,5,11.11,12.33,-8.44,-9.66
-9.18,11.85,3.56,0.0311,0.89,2.45,-2.35,0.7,11.845,3.56,35.6,2.2468438080826334,,,,Sand mixtures,,,Sand mixtures 5,5,11.11,12.33,-8.44,-9.66
-9.2,11.87,3.846,0.0325,0.88,2.45,-2.35,0.7,11.865,3.846,38.46,2.2156736918129067,,,,Sand mixtures,,,Sand mixtures 5,5,11.11,12.33,-8.44,-9.66
-9.22,11.89,4.008,0.035,0.92,2.45,-2.35,0.7,11.885,4.008,40.08,2.2107267007888445,,,,Sand mixtures,,,Sand mixtures 5,5,11.11,12.33,-8.44,-9.66
-9.24,11.91,4.062,0.0372,0.96,2.45,-2.35,0.7,11.905,4.062,40.620000000000005,2.215794486558387,,,,Sand mixtures,,,Sand mixtures 5,5,11.11,12.33,-8.44,-9.66
-9.26,11.93,4.052,0.0386,0.98,2.49,-2.36,0.8,11.925,4.052,40.519999999999996,2.221563353470373,,,,Sand mixtures,,,Sand mixtures 5,5,11.11,12.33,-8.44,-9.66
-9.28,11.95,3.756,0.0394,0.99,2.48,-2.35,0.8,11.945,3.756,37.56,2.25162919678775,,,,Sand mixtures,,,Sand mixtures 5,5,11.11,12.33,-8.44,-9.66
-9.3,11.97,3.929,0.0399,1.01,2.49,-2.36,0.8,11.965,3.929,39.29,2.2399287340760137,,,,Sand mixtures,,,Sand mixtures 5,5,11.11,12.33,-8.44,-9.66
-9.32,11.99,3.965,0.0405,1.03,2.48,-2.35,0.8,11.985,3.965,39.65,2.2412856070143694,,,,Sand mixtures,,,Sand mixtures 5,5,11.11,12.33,-8.44,-9.66
-9.34,12.01,3.988,0.0371,0.94,2.49,-2.36,0.8,12.005,3.988,39.88,2.2175730846207142,,,,Sand mixtures,,,Sand mixtures 5,5,11.11,12.33,-8.44,-9.66
-9.36,12.03,3.975,0.0375,0.95,2.53,-2.36,0.91,12.025,3.975,39.75,2.2212432097064196,,,,Sand mixtures,,,Sand mixtures 5,5,11.11,12.33,-8.44,-9.66
-9.38,12.05,3.955,0.0415,1.04,2.49,-2.36,0.8,12.045,3.955,39.55,2.2445114748136965,,,,Sand mixtures,,,Sand mixtures 5,5,11.11,12.33,-8.44,-9.66
-9.4,12.07,3.945,0.0378,0.94,2.48,-2.35,0.8,12.065,3.945,39.45,2.22154313326679,,,,Sand mixtures,,,Sand mixtures 5,5,11.11,12.33,-8.44,-9.66
-9.42,12.09,3.982,0.0373,0.91,2.49,-2.36,0.79,12.085,3.982,39.82,2.2105790912730034,,,,Sand mixtures,,,Sand mixtures 5,5,11.11,12.33,-8.44,-9.66
-9.44,12.11,4.065,0.0411,0.98,2.49,-2.36,0.8,12.105,4.065,40.650000000000006,2.2203973165323254,,,,Sand mixtures,,,Sand mixtures 5,5,11.11,12.33,-8.44,-9.66
-9.46,12.13,4.261,0.0427,0.98,2.48,-2.35,0.8,12.125,4.261,42.61,2.2032853648991115,,,,Sand mixtures,,,Sand mixtures 5,5,11.11,12.33,-8.44,-9.66
-9.48,12.15,4.407,0.0443,0.98,2.48,-2.35,0.8,12.145,4.407,44.07,2.191077864074818,,,,Sand mixtures,,,Sand mixtures 5,5,11.11,12.33,-8.44,-9.66
-9.5,12.17,4.73,0.0462,0.98,2.48,-2.35,0.8,12.165,4.73,47.3,2.165546612398494,,,,Sand mixtures,,,Sand mixtures 5,5,11.11,12.33,-8.44,-9.66
-9.52,12.19,5.105,0.0488,1.0,2.48,-2.35,0.8,12.185,5.105,51.05,2.1431423166984716,,,,Sand mixtures,,,Sand mixtures 5,5,11.11,12.33,-8.44,-9.66
-9.540000000000001,12.21,5.165,0.0507,1.0,2.52,-2.35,0.9,12.205,5.165,51.65,2.138972155005532,,,,Sand mixtures,,,Sand mixtures 5,5,11.11,12.33,-8.44,-9.66
-9.56,12.23,5.245,0.0513,0.98,2.52,-2.35,0.9,12.225,5.245,52.45,2.128487596242453,,,,Sand mixtures,,,Sand mixtures 5,5,11.11,12.33,-8.44,-9.66
-9.58,12.25,5.341,0.0523,0.97,2.53,-2.36,0.9,12.245,5.341,53.41,2.1194756661558714,,,,Sand mixtures,,,Sand mixtures 5,5,11.11,12.33,-8.44,-9.66
-9.6,12.27,5.458,0.0537,0.97,2.49,-2.36,0.8,12.265,5.458,54.58,2.1117459127804867,,,,Sand mixtures,,,Sand mixtures 5,5,11.11,12.33,-8.44,-9.66
-9.62,12.29,5.637,0.0557,0.97,2.48,-2.35,0.8,12.285,5.637,56.37,2.1002604308084027,,,,Sand mixtures,,,Sand mixtures 5,5,11.11,12.33,-8.44,-9.66
-9.64,12.31,5.88,0.0578,0.96,2.52,-2.35,0.91,12.305,5.88,58.8,2.08268422879188,,,,Sand mixtures,,,Sand mixtures 5,5,11.11,12.33,-8.44,-9.66
-9.66,12.33,6.215,0.0592,0.95,2.52,-2.35,0.91,12.325,6.215,62.15,2.0604347767540077,,,,Sand mixtures,,,Sand 4,4,12.33,15.17,-9.66,-12.5
-9.68,12.35,6.554,0.0609,0.93,2.49,-2.36,0.8,12.345,6.554,65.54,2.0363036811174773,,,,Sand,,,Sand 4,4,12.33,15.17,-9.66,-12.5
-9.7,12.37,6.86,0.0646,0.94,2.52,-2.35,0.91,12.364,6.86,68.6,2.0229807141830967,,,,Sand,,,Sand 4,4,12.33,15.17,-9.66,-12.5
-9.72,12.39,7.176,0.0684,0.95,2.52,-2.35,0.9,12.384,7.176,71.76,2.009954567728457,,,,Sand,,,Sand 4,4,12.33,15.17,-9.66,-12.5
-9.74,12.41,7.588,0.0713,0.95,2.49,-2.36,0.8,12.404,7.588,75.88,1.9905368537729202,,,,Sand,,,Sand 4,4,12.33,15.17,-9.66,-12.5
-9.76,12.43,8.047,0.0723,0.93,2.52,-2.35,0.91,12.424,8.047,80.47000000000001,1.9646202423898036,,,,Sand,,,Sand 4,4,12.33,15.17,-9.66,-12.5
-9.78,12.45,8.249,0.0735,0.92,2.43,-2.25,0.91,12.444,8.249,82.49,1.9532082658066057,,,,Sand,,,Sand 4,4,12.33,15.17,-9.66,-12.5
-9.8,12.47,8.283,0.0782,0.95,2.53,-2.36,0.91,12.464,8.283,82.83,1.960271248838996,,,,Sand,,,Sand 4,4,12.33,15.17,-9.66,-12.5
-9.82,12.49,8.369,0.085,1.02,2.53,-2.36,0.91,12.484,8.369,83.69,1.975772626001532,,,,Sand,,,Sand 4,4,12.33,15.17,-9.66,-12.5
-9.84,12.51,8.456,0.099,1.19,2.53,-2.36,0.91,12.504,8.456,84.56,2.014641865370142,,,,Sand,,,Sand 4,4,12.33,15.17,-9.66,-12.5
-9.86,12.53,8.429,0.108,1.3,2.53,-2.36,0.91,12.524,8.429,84.29,2.0405961048349606,,,,Sand,,,Sand 4,4,12.33,15.17,-9.66,-12.5
-9.88,12.55,8.339,0.1051,1.25,2.53,-2.36,0.91,12.544,8.339,83.39,2.0330518695805275,,,,Sand,,,Sand 4,4,12.33,15.17,-9.66,-12.5
-9.9,12.57,8.166,0.1056,1.21,2.63,-2.43,1.0,12.564,8.166,81.66,2.0309073112452594,,,,Sand,,,Sand 4,4,12.33,15.17,-9.66,-12.5
-9.92,12.59,8.349,0.1084,1.16,2.56,-2.36,1.0,12.584,8.349,83.49,2.0117823362096874,,,,Sand,,,Sand 4,4,12.33,15.17,-9.66,-12.5
-9.94,12.61,8.977,0.1138,1.1,2.65,-2.45,1.0,12.604,8.977,89.77,1.9728158520713874,,,,Sand,,,Sand 4,4,12.33,15.17,-9.66,-12.5
-9.96,12.63,10.287,0.127,1.07,2.6,-2.36,1.1,12.624,10.287,102.87,1.9198650843108598,,,,Sand,,,Sand 4,4,12.33,15.17,-9.66,-12.5
-9.98,12.65,12.823,0.1468,1.08,2.6,-2.36,1.1,12.644,12.823,128.23,1.850984420623142,,,,Sand,,,Sand 4,4,12.33,15.17,-9.66,-12.5
-10.0,12.67,15.824,0.17,1.1,2.6,-2.36,1.1,12.664,15.824,158.24,1.7904604539192397,,,,Sand,,,Sand 4,4,12.33,15.17,-9.66,-12.5
-10.02,12.69,18.387,0.1918,1.1,2.6,-2.36,1.1,12.684,18.387,183.87,1.7447967027937448,,,,Sand,,,Sand 4,4,12.33,15.17,-9.66,-12.5
-10.040000000000001,12.71,20.231,0.2125,1.1,2.51,-2.26,1.1,12.704,20.231,202.31,1.7163819841386927,,,,Sand,,,Sand 4,4,12.33,15.17,-9.66,-12.5
-10.06,12.73,21.611,0.2331,1.12,2.59,-2.35,1.09,12.724,21.611,216.11,1.7029026851239966,,,,Sand,,,Sand 4,4,12.33,15.17,-9.66,-12.5
-10.08,12.75,22.591,0.2517,1.15,2.6,-2.35,1.1,12.744,22.591,225.91,1.6987604379713919,,,,Sand,,,Sand 4,4,12.33,15.17,-9.66,-12.5
-10.1,12.77,23.199,0.2648,1.17,2.51,-2.26,1.1,12.764,23.199,231.99,1.6968827181594797,,,,Sand,,,Sand 4,4,12.33,15.17,-9.66,-12.5
-10.12,12.79,23.562,0.273,1.18,2.51,-2.26,1.1,12.784,23.562,235.62,1.6953162775061497,,,,Sand,,,Sand 4,4,12.33,15.17,-9.66,-12.5
-10.14,12.81,23.771,0.278,1.19,2.51,-2.26,1.1,12.804,23.771,237.71,1.695633836168171,,,,Sand,,,Sand 4,4,12.33,15.17,-9.66,-12.5
-10.16,12.83,23.751,0.2674,1.15,2.51,-2.26,1.1,12.824,23.751,237.51,1.684553075156589,,,,Sand,,,Sand 4,4,12.33,15.17,-9.66,-12.5
-10.18,12.85,23.495,0.2428,1.05,2.6,-2.35,1.1,12.844,23.495,234.95,1.6578316678835163,,,,Sand,,,Sand 4,4,12.33,15.17,-9.66,-12.5
-10.2,12.87,23.093,0.2295,1.0,2.6,-2.36,1.1,12.864,23.093,230.93,1.6470536492575183,,,,Sand,,,Sand 4,4,12.33,15.17,-9.66,-12.5
-10.22,12.89,22.641,0.2311,1.03,2.6,-2.36,1.1,12.884,22.641,226.41,1.6623313252812941,,,,Sand,,,Sand 4,4,12.33,15.17,-9.66,-12.5
-10.24,12.91,22.159,0.2342,1.07,2.6,-2.35,1.1,12.904,22.159,221.59,1.6808769354919488,,,,Sand,,,Sand 4,4,12.33,15.17,-9.66,-12.5
-10.26,12.93,21.624,0.2338,1.1,2.6,-2.36,1.1,12.924,21.624,216.24,1.6969035671052952,,,,Sand,,,Sand 4,4,12.33,15.17,-9.66,-12.5
-10.28,12.95,19.909,0.2348,1.13,2.69,-2.45,1.1,12.944,19.909,199.09,1.729697638830468,,,,Sand,,,Sand 4,4,12.33,15.17,-9.66,-12.5
-10.3,12.97,19.716,0.2368,1.16,2.65,-2.36,1.2,12.964,19.716,197.16,1.7409431801855422,,,,Sand,,,Sand 4,4,12.33,15.17,-9.66,-12.5
-10.32,12.99,19.623,0.2365,1.18,2.6,-2.36,1.1,12.984,19.623,196.23,1.7478101770987389,,,,Sand,,,Sand 4,4,12.33,15.17,-9.66,-12.5
-10.34,13.01,19.593,0.2386,1.2,2.65,-2.36,1.2,13.004,19.593,195.93,1.7536584927546666,,,,Sand,,,Sand 4,4,12.33,15.17,-9.66,-12.5
-10.36,13.03,19.786,0.2416,1.21,2.64,-2.35,1.2,13.024,19.786,197.86,1.7534780449567025,,,,Sand,,,Sand 4,4,12.33,15.17,-9.66,-12.5
-10.38,13.05,20.188,0.2439,1.21,2.6,-2.36,1.1,13.044,20.188,201.88,1.7476433703679606,,,,Sand,,,Sand 4,4,12.33,15.17,-9.66,-12.5
-10.4,13.07,20.457,0.2477,1.23,2.7,-2.46,1.1,13.064,20.457,204.57,1.7491423032633895,,,,Sand,,,Sand 4,4,12.33,15.17,-9.66,-12.5
-10.42,13.09,20.703,0.2484,1.23,2.74,-2.46,1.2,13.084,20.703,207.03,1.7457063289501862,,,,Sand,,,Sand 4,4,12.33,15.17,-9.66,-12.5
-10.44,13.11,20.431,0.2482,1.24,2.69,-2.45,1.1,13.104,20.431,204.31,1.7521428822243346,,,,Sand,,,Sand 4,4,12.33,15.17,-9.66,-12.5
-10.46,13.13,19.902,0.2483,1.24,2.73,-2.45,1.2,13.124,19.902,199.02,1.759704353300193,,,,Sand,,,Sand 4,4,12.33,15.17,-9.66,-12.5
-10.48,13.15,19.557,0.2434,1.22,2.68,-2.44,1.1,13.144,19.557,195.57,1.7595182370823235,,,,Sand,,,Sand 4,4,12.33,15.17,-9.66,-12.5
-10.5,13.17,19.44,0.2296,1.15,2.73,-2.45,1.2,13.164,19.44,194.4,1.7423161260316251,,,,Sand,,,Sand 4,4,12.33,15.17,-9.66,-12.5
-10.52,13.19,19.553,0.2148,1.07,2.79,-2.56,1.1,13.184,19.553,195.53,1.717701275436885,,,,Sand,,,Sand 4,4,12.33,15.17,-9.66,-12.5
-10.540000000000001,13.21,20.115,0.2031,0.99,2.83,-2.56,1.2,13.204,20.115,201.15,1.6847683611229813,,,,Sand,,,Sand 4,4,12.33,15.17,-9.66,-12.5
-10.56,13.23,20.773,0.1811,0.86,2.83,-2.56,1.2,13.224,20.773,207.73,1.6312954114054468,,,,Sand,,,Sand 4,4,12.33,15.17,-9.66,-12.5
-10.58,13.25,21.77,0.1563,0.72,2.79,-2.56,1.1,13.244,21.77,217.7,1.5628147185639532,,,,Sand,,,Sand 4,4,12.33,15.17,-9.66,-12.5
-10.6,13.27,22.472,0.1356,0.6,2.75,-2.56,1.0,13.264,22.472,224.72,1.499010055748072,,,,Sand,,,Sand 4,4,12.33,15.17,-9.66,-12.5
-10.62,13.29,23.519,0.1237,0.53,2.83,-2.56,1.2,13.284,23.519,235.19,1.4486329612463575,,,,Sand,,,Sand 4,4,12.33,15.17,-9.66,-12.5
-10.64,13.31,24.363,0.1275,0.52,2.79,-2.56,1.1,13.304,24.363,243.63,1.4316335055936635,,,,Sand,,,Sand 4,4,12.33,15.17,-9.66,-12.5
-10.66,13.33,25.293,0.1408,0.55,2.75,-2.56,1.0,13.323,25.293,252.93,1.435543367938278,,,,Sand,,,Sand 4,4,12.33,15.17,-9.66,-12.5
-10.68,13.35,26.626,0.1584,0.6,2.75,-2.56,1.0,13.343,26.626,266.26,1.4448846401713893,,,,Sand,,,Sand 4,4,12.33,15.17,-9.66,-12.5
-10.7,13.37,27.67,0.1543,0.57,2.72,-2.57,0.9,13.363,27.67,276.7,1.4174261542753819,,,,Sand,,,Sand 4,4,12.33,15.17,-9.66,-12.5
-10.72,13.39,28.079,0.1463,0.54,2.79,-2.6,1.0,13.383,28.079,280.79,1.3966953689568435,,,,Sand,,,Sand 4,4,12.33,15.17,-9.66,-12.5
-10.74,13.41,28.354,0.154,0.56,2.82,-2.64,1.0,13.403,28.354,283.54,1.4044435364004726,,,,Sand,,,Sand 4,4,12.33,15.17,-9.66,-12.5
-10.76,13.43,27.896,0.1607,0.59,2.75,-2.56,1.0,13.423,27.896,278.96,1.425237537119307,,,,Sand,,,Sand 4,4,12.33,15.17,-9.66,-12.5
-10.78,13.45,27.537,0.1712,0.63,2.79,-2.56,1.1,13.443,27.537,275.37,1.449181464166371,,,,Sand,,,Sand 4,4,12.33,15.17,-9.66,-12.5
-10.8,13.47,26.347,0.1831,0.68,2.76,-2.57,1.0,13.463,26.347,263.47,1.4861830593538738,,,,Sand,,,Sand 4,4,12.33,15.17,-9.66,-12.5
-10.82,13.49,26.247,0.1924,0.72,2.72,-2.63,0.7,13.483,26.247,262.47,1.5050178886796783,,,,Sand,,,Sand 4,4,12.33,15.17,-9.66,-12.5
-10.84,13.51,26.41,0.1964,0.74,2.81,-2.66,0.9,13.503,26.41,264.1,1.511692833870819,,,,Sand,,,Sand 4,4,12.33,15.17,-9.66,-12.5
-10.86,13.53,26.792,0.2024,0.76,2.84,-2.66,1.0,13.523,26.792,267.92,1.515765108653782,,,,Sand,,,Sand 4,4,12.33,15.17,-9.66,-12.5
-10.88,13.55,26.679,0.2099,0.79,2.86,-2.64,1.1,13.543,26.679,266.79,1.5292718298990435,,,,Sand,,,Sand 4,4,12.33,15.17,-9.66,-12.5
-10.9,13.57,26.616,0.2189,0.81,2.84,-2.62,1.1,13.563,26.616,266.16,1.5379223099990842,,,,Sand,,,Sand 4,4,12.33,15.17,-9.66,-12.5
-10.92,13.59,26.733,0.2297,0.84,2.79,-2.56,1.1,13.583,26.733,267.33,1.5482650251003363,,,,Sand,,,Sand 4,4,12.33,15.17,-9.66,-12.5
-10.94,13.61,27.317,0.237,0.86,2.87,-2.65,1.1,13.603,27.317,273.17,1.5495571663911012,,,,Sand,,,Sand 4,4,12.33,15.17,-9.66,-12.5
-10.96,13.63,27.976,0.2525,0.91,2.86,-2.64,1.1,13.623,27.976,279.76,1.5611234011683113,,,,Sand,,,Sand 4,4,12.33,15.17,-9.66,-12.5
-10.98,13.65,28.328,0.2746,0.99,2.88,-2.66,1.1,13.643,28.328,283.28,1.5854505266856673,,,,Sand,,,Sand 4,4,12.33,15.17,-9.66,-12.5
-11.0,13.67,28.438,0.294,1.05,2.86,-2.64,1.1,13.663,28.438,284.38,1.604061101379393,,,,Sand,,,Sand 4,4,12.33,15.17,-9.66,-12.5
-11.02,13.69,28.258,0.3091,1.11,2.88,-2.66,1.09,13.683,28.258,282.58,1.6245353320472071,,,,Sand,,,Sand 4,4,12.33,15.17,-9.66,-12.5
-11.040000000000001,13.71,27.829,0.3164,1.15,2.88,-2.66,1.1,13.703,27.829,278.29,1.6406834335335472,,,,Sand,,,Sand 4,4,12.33,15.17,-9.66,-12.5
-11.06,13.73,27.171,0.3165,1.16,2.86,-2.64,1.1,13.723,27.171,271.71,1.650124082456475,,,,Sand,,,Sand 4,4,12.33,15.17,-9.66,-12.5
-11.08,13.75,26.749,0.3164,1.17,2.86,-2.6,1.2,13.743,26.749,267.49,1.6572960985092318,,,,Sand,,,Sand 4,4,12.33,15.17,-9.66,-12.5
-11.1,13.77,26.43,0.3165,1.18,2.82,-2.6,1.1,13.763,26.43,264.3,1.6634480684162982,,,,Sand,,,Sand 4,4,12.33,15.17,-9.66,-12.5
-11.12,13.79,26.39,0.3149,1.18,2.88,-2.66,1.1,13.783,26.39,263.9,1.6638625163105891,,,,Sand,,,Sand 4,4,12.33,15.17,-9.66,-12.5
-11.14,13.81,26.523,0.288,1.07,2.88,-2.66,1.1,13.803,26.523,265.23,1.6296826048020616,,,,Sand,,,Sand 4,4,12.33,15.17,-9.66,-12.5
-11.16,13.83,26.909,0.2493,0.92,2.88,-2.66,1.1,13.823,26.909,269.09,1.5758066850335628,,,,Sand,,,Sand 4,4,12.33,15.17,-9.66,-12.5
-11.18,13.85,27.45,0.2409,0.87,2.88,-2.66,1.1,13.843,27.45,274.5,1.5518987671368625,,,,Sand,,,Sand 4,4,12.33,15.17,-9.66,-12.5
-11.2,13.87,28.029,0.2549,0.9,2.88,-2.66,1.1,13.863,28.029,280.29,1.5569623255743013,,,,Sand,,,Sand 4,4,12.33,15.17,-9.66,-12.5
-11.22,13.89,28.87,0.272,0.93,2.88,-2.66,1.1,13.883,28.87,288.7,1.5593875128332395,,,,Sand,,,Sand 4,4,12.33,15.17,-9.66,-12.5
-11.24,13.91,30.239,0.2869,0.96,2.91,-2.66,1.19,13.903,30.239,302.39,1.5570590670434643,,,,Sand,,,Sand 4,4,12.33,15.17,-9.66,-12.5
-11.26,13.93,31.005,0.3046,0.99,2.88,-2.66,1.1,13.923,31.005,310.05,1.5605655302718529,,,,Sand,,,Sand 4,4,12.33,15.17,-9.66,-12.5
-11.28,13.95,31.771,0.3245,1.02,2.88,-2.66,1.1,13.943,31.771,317.71,1.5641044052379718,,,,Sand,,,Sand 4,4,12.33,15.17,-9.66,-12.5
-11.3,13.97,32.845,0.318,0.99,2.92,-2.66,1.2,13.963,32.845,328.45,1.5449886040479996,,,,Sand,,,Sand 4,4,12.33,15.17,-9.66,-12.5
-11.32,13.99,33.36,0.2863,0.88,2.88,-2.66,1.1,13.983,33.36,333.6,1.5008000604177525,,,,Sand,,,Sand 4,4,12.33,15.17,-9.66,-12.5
-11.34,14.01,33.722,0.2732,0.84,2.88,-2.66,1.1,14.003,33.722,337.22,1.4821951253136618,,,,Sand,,,Sand 4,4,12.33,15.17,-9.66,-12.5
-11.36,14.03,33.167,0.2698,0.83,2.97,-2.76,1.1,14.023,33.167,331.67,1.482787117818407,,,,Sand,,,Sand 4,4,12.33,15.17,-9.66,-12.5
-11.38,14.05,32.3,0.2621,0.82,2.97,-2.76,1.1,14.043,32.3,322.99999999999994,1.4861580147992741,,,,Sand,,,Sand 4,4,12.33,15.17,-9.66,-12.5
-11.4,14.07,31.565,0.2549,0.81,2.88,-2.66,1.1,14.063,31.565,315.65,1.4885965970975175,,,,Sand,,,Sand 4,4,12.33,15.17,-9.66,-12.5
-11.42,14.09,30.688,0.2487,0.8,2.97,-2.76,1.1,14.083,30.688,306.88,1.492542086774767,,,,Sand,,,Sand 4,4,12.33,15.17,-9.66,-12.5
-11.44,14.11,29.81,0.2412,0.79,2.94,-2.76,1.0,14.103,29.81,298.1,1.4967916989200536,,,,Sand,,,Sand 4,4,12.33,15.17,-9.66,-12.5
-11.46,14.13,29.893,0.2257,0.75,2.84,-2.66,1.0,14.122,29.893,298.93,1.4792062688077081,,,,Sand,,,Sand 4,4,12.33,15.17,-9.66,-12.5
-11.48,14.15,29.947,0.2146,0.72,2.88,-2.66,1.1,14.142,29.947,299.47,1.4655985218963612,,,,Sand,,,Sand 4,4,12.33,15.17,-9.66,-12.5
-11.5,14.17,30.036,0.2038,0.68,2.97,-2.76,1.1,14.162,30.036,300.36,1.4465646275366963,,,,Sand,,,Sand 4,4,12.33,15.17,-9.66,-12.5
-11.52,14.19,30.113,0.1872,0.62,2.94,-2.76,1.0,14.182,30.113,301.13,1.4168646786521564,,,,Sand,,,Sand 4,4,12.33,15.17,-9.66,-12.5
-11.540000000000001,14.21,29.74,0.1705,0.57,3.07,-2.86,1.1,14.202,29.74,297.4,1.3948695163360718,,,,Sand,,,Sand 4,4,12.33,15.17,-9.66,-12.5
-11.56,14.23,29.923,0.1599,0.53,2.99,-2.85,0.9,14.222,29.923,299.23,1.3710152130334887,,,,Sand,,,Sand 4,4,12.33,15.17,-9.66,-12.5
-11.58,14.25,30.192,0.1551,0.52,3.03,-2.95,0.7,14.242,30.192,301.92,1.3625037038480128,,,,Sand,,,Sand 4,4,12.33,15.17,-9.66,-12.5
-11.6,14.27,30.335,0.1467,0.49,2.83,-2.76,0.6,14.262,30.335,303.35,1.3433955354466312,,,,Sand,,,Sand 4,4,12.33,15.17,-9.66,-12.5
-11.62,14.29,29.83,0.1447,0.49,3.14,-3.06,0.7,14.282,29.83,298.3,1.3487668627831864,,,,Sand,,,Sand 4,4,12.33,15.17,-9.66,-12.5
-11.64,14.31,29.85,0.145,0.49,2.89,-2.85,0.5,14.302,29.85,298.5,1.3485520678200347,,,,Sand,,,Sand 4,4,12.33,15.17,-9.66,-12.5
-11.66,14.33,29.182,0.1373,0.46,3.06,-2.95,0.8,14.322,29.182,291.82,1.3375556608438646,,,,Sand,,,Sand 4,4,12.33,15.17,-9.66,-12.5
-11.68,14.35,29.195,0.1396,0.47,2.94,-2.76,1.0,14.342,29.195,291.95,1.3435935543618338,,,,Sand,,,Sand 4,4,12.33,15.17,-9.66,-12.5
-11.7,14.37,29.777,0.146,0.49,2.81,-2.66,0.9,14.362,29.777,297.77,1.3493369052776636,,,,Sand,,,Sand 4,4,12.33,15.17,-9.66,-12.5
-11.72,14.39,29.558,0.1468,0.5,2.94,-2.76,1.0,14.382,29.558,295.58,1.3576289017831609,,,,Sand,,,Sand 4,4,12.33,15.17,-9.66,-12.5
-11.74,14.41,29.621,0.1478,0.5,3.15,-2.95,1.1,14.402,29.621,296.21,1.356948413049566,,,,Sand,,,Sand 4,4,12.33,15.17,-9.66,-12.5
-11.76,14.43,29.551,0.1533,0.53,3.15,-2.95,1.1,14.422,29.551,295.51,1.3749592290288808,,,,Sand,,,Sand 4,4,12.33,15.17,-9.66,-12.5
-11.78,14.45,29.335,0.1668,0.57,3.03,-2.86,1.0,14.442,29.335,293.35,1.3991305805182195,,,,Sand,,,Sand 4,4,12.33,15.17,-9.66,-12.5
-11.8,14.47,28.408,0.1776,0.61,3.12,-2.95,1.0,14.462,28.408,284.08,1.4297135973125141,,,,Sand,,,Sand 4,4,12.33,15.17,-9.66,-12.5
-11.82,14.49,28.321,0.1839,0.64,3.02,-2.85,1.0,14.482,28.321,283.21,1.4453886237838163,,,,Sand,,,Sand 4,4,12.33,15.17,-9.66,-12.5
-11.84,14.51,28.418,0.1908,0.66,3.12,-2.95,1.0,14.502,28.418,284.18,1.4538685452947815,,,,Sand,,,Sand 4,4,12.33,15.17,-9.66,-12.5
-11.86,14.53,29.062,0.1961,0.67,3.13,-2.96,1.0,14.522,29.062,290.62,1.451780301885662,,,,Sand,,,Sand 4,4,12.33,15.17,-9.66,-12.5
-11.88,14.55,29.621,0.204,0.68,3.03,-2.86,1.0,14.542,29.621,296.21,1.4507164223701532,,,,Sand,,,Sand 4,4,12.33,15.17,-9.66,-12.5
-11.9,14.57,30.315,0.2094,0.68,3.12,-2.95,1.0,14.562,30.315,303.15,1.4438129259645591,,,,Sand,,,Sand 4,4,12.33,15.17,-9.66,-12.5
-11.92,14.59,31.083,0.2196,0.68,3.02,-2.85,1.0,14.582,31.083,310.83,1.436397033130315,,,,Sand,,,Sand 4,4,12.33,15.17,-9.66,-12.5
-11.94,14.61,32.772,0.2512,0.74,3.08,-2.95,0.9,14.602,32.772,327.72,1.4482715094225644,,,,Sand,,,Sand 4,4,12.33,15.17,-9.66,-12.5
-11.96,14.63,35.141,0.3109,0.87,3.02,-2.85,1.0,14.622,35.141,351.41,1.482769181447222,,,,Sand,,,Sand 4,4,12.33,15.17,-9.66,-12.5
-11.98,14.65,37.541,0.3803,1.02,3.12,-2.95,1.0,14.642,37.541,375.41,1.520318446267457,,,,Sand,,,Sand 4,4,12.33,15.17,-9.66,-12.5
-12.0,14.67,40.12,0.4413,1.12,3.03,-2.86,1.0,14.662,40.12,401.2,1.5368726936597903,,,,Sand,,,Sand 4,4,12.33,15.17,-9.66,-12.5
-12.02,14.69,42.071,0.5102,1.22,3.03,-2.86,1.0,14.682,42.071,420.71,1.5563807537417904,,,,Sand,,,Sand 4,4,12.33,15.17,-9.66,-12.5
-12.040000000000001,14.71,43.271,0.5869,1.34,3.03,-2.86,1.0,14.702,43.271,432.71,1.584272354772541,,,,Sand,,,Sand 4,4,12.33,15.17,-9.66,-12.5
-12.06,14.73,45.249,0.6522,1.43,3.12,-2.95,1.0,14.722,45.249,452.49,1.5983685244690766,,,,Sand,,,Sand 4,4,12.33,15.17,-9.66,-12.5
-12.08,14.75,48.283,0.7063,1.49,3.12,-2.95,1.0,14.742,48.283,482.83,1.5997148074619412,,,,Sand,,,Sand 4,4,12.33,15.17,-9.66,-12.5
-12.1,14.77,49.885,0.7591,1.56,3.12,-2.95,1.0,14.762,49.885,498.85,1.6102644154225,,,,Sand,,,Sand 4,4,12.33,15.17,-9.66,-12.5
-12.12,14.79,50.972,0.805,1.61,3.12,-2.96,0.99,14.782,50.972,509.72,1.617867440594114,,,,Sand,,,Sand 4,4,12.33,15.17,-9.66,-12.5
-12.14,14.81,51.627,0.8429,1.65,3.13,-2.96,1.0,14.802,51.627,516.27,1.6246831982325514,,,,Sand,,,Sand 4,4,12.33,15.17,-9.66,-12.5
-12.16,14.83,52.362,0.8973,1.74,3.13,-2.96,1.0,14.822,52.362,523.62,1.6423095734190656,,,,Sand,,,Sand 4,4,12.33,15.17,-9.66,-12.5
-12.18,14.85,52.478,0.9653,1.86,3.14,-2.98,0.98,14.841,52.478,524.78,1.66768789007895,,,,Sand,,,Sand 4,4,12.33,15.17,-9.66,-12.5
-12.2,14.87,52.062,1.0026,1.94,3.15,-3.0,0.96,14.861,52.062,520.62,1.685585028863033,,,,Sand,,,Sand 4,4,12.33,15.17,-9.66,-12.5
-12.22,14.89,52.039,0.998,1.96,3.18,-3.03,0.95,14.881,52.039,520.39,1.6896563225698964,,,,Sand,,,Sand 4,4,12.33,15.17,-9.66,-12.5
-12.24,14.91,51.298,0.9763,1.96,3.19,-3.05,0.93,14.901,51.298,512.98,1.6924437293282106,,,,Sand,,,Sand 4,4,12.33,15.17,-9.66,-12.5
-12.26,14.93,49.384,0.9493,1.96,3.22,-3.08,0.92,14.921,49.384,493.84,1.699922561432604,,,,Sand,,,Sand 4,4,12.33,15.17,-9.66,-12.5
-12.28,14.95,46.854,0.8678,1.85,3.23,-3.1,0.9,14.941,46.854,468.54,1.6883381267216668,,,,Sand,,,Sand 4,4,12.33,15.17,-9.66,-12.5
-12.3,14.97,44.597,0.7365,1.62,3.25,-3.12,0.89,14.961,44.597,445.97,1.6483483858012609,,,,Sand,,,Sand 4,4,12.33,15.17,-9.66,-12.5
-12.32,14.99,43.228,0.6511,1.49,3.27,-3.15,0.87,14.981,43.228,432.28,1.6238582990726145,,,,Sand,,,Sand 4,4,12.33,15.17,-9.66,-12.5
-12.34,15.01,41.902,0.6119,1.45,3.28,-3.17,0.85,15.001,41.902,419.02,1.6207663225882176,,,,Sand,,,Sand 4,4,12.33,15.17,-9.66,-12.5
-12.36,15.03,40.938,0.5417,1.32,3.3,-3.19,0.84,15.021,40.938,409.38,1.5915669003491812,,,,Sand,,,Sand 4,4,12.33,15.17,-9.66,-12.5
-12.38,15.05,39.685,0.4901,1.21,3.32,-3.22,0.82,15.041,39.685,396.85,1.567335860195014,,,,Sand,,,Sand 4,4,12.33,15.17,-9.66,-12.5
-12.4,15.07,38.139,0.4776,1.19,3.34,-3.24,0.81,15.061,38.139,381.39,1.5710208296253119,,,,Sand,,,Sand 4,4,12.33,15.17,-9.66,-12.5
-12.42,15.09,39.082,0.4366,1.08,3.36,-3.27,0.79,15.081,39.082,390.82,1.5303580904411773,,,,Sand,,,Sand 4,4,12.33,15.17,-9.66,-12.5
-12.44,15.11,40.024,0.3866,0.94,3.38,-3.29,0.77,15.101,40.024,400.24,1.4752700794517497,,,,Sand,,,Sand 4,4,12.33,15.17,-9.66,-12.5
-12.46,15.13,41.367,0.3423,0.82,3.4,-3.31,0.76,15.121,41.367,413.67,1.4190606761717994,,,,Sand,,,Sand 4,4,12.33,15.17,-9.66,-12.5
-12.48,15.15,44.265,0.3028,0.72,3.42,-3.34,0.74,15.141,44.265,442.65,1.356289666459042,,,,Sand,,,Sand 4,4,12.33,15.17,-9.66,-12.5
-12.5,15.17,44.217,0.275,0.65,3.44,-3.36,0.73,15.161,44.217,442.17,1.3215759713982447,,,,Sand,,,Dense sand / gravelly sand 1,1,15.17,15.53,-12.5,-12.86
-12.52,15.19,44.169,0.2395,0.56,3.45,-3.38,0.71,15.181,44.169,441.69,1.2719351729664992,,,,Dense sand / gravelly sand,,,Dense sand / gravelly sand 1,1,15.17,15.53,-12.5,-12.86
-12.540000000000001,15.21,43.451,0.2168,0.52,3.48,-3.41,0.7,15.201,43.451,434.51,1.2523284841174673,,,,Dense sand / gravelly sand,,,Dense sand / gravelly sand 1,1,15.17,15.53,-12.5,-12.86
-12.56,15.23,41.068,0.2099,0.51,3.5,-3.43,0.68,15.221,41.068,410.68,1.2625262748594066,,,,Dense sand / gravelly sand,,,Dense sand / gravelly sand 1,1,15.17,15.53,-12.5,-12.86
-12.58,15.25,39.26,0.1896,0.48,3.52,-3.46,0.66,15.241,39.26,392.6,1.2568607134898975,,,,Dense sand / gravelly sand,,,Dense sand / gravelly sand 1,1,15.17,15.53,-12.5,-12.86
-12.6,15.27,37.578,0.1781,0.47,3.54,-3.48,0.65,15.261,37.578,375.78,1.2637176652251687,,,,Dense sand / gravelly sand,,,Dense sand / gravelly sand 1,1,15.17,15.53,-12.5,-12.86
-12.62,15.29,36.036,0.1683,0.46,3.56,-3.5,0.63,15.281,36.036,360.36,1.2701619845153105,,,,Dense sand / gravelly sand,,,Dense sand / gravelly sand 1,1,15.17,15.53,-12.5,-12.86
-12.64,15.31,35.338,0.1481,0.41,3.59,-3.55,0.5,15.301,35.338,353.38,1.2422426592690747,,,,Dense sand / gravelly sand,,,Dense sand / gravelly sand 1,1,15.17,15.53,-12.5,-12.86
-12.66,15.33,34.814,0.1397,0.4,3.59,-3.55,0.53,15.321,34.814,348.14,1.2399287903452028,,,,Dense sand / gravelly sand,,,Dense sand / gravelly sand 1,1,15.17,15.53,-12.5,-12.86
-12.68,15.35,34.291,0.1311,0.37,3.59,-3.55,0.56,15.341,34.291,342.91,1.222763308769264,,,,Dense sand / gravelly sand,,,Dense sand / gravelly sand 1,1,15.17,15.53,-12.5,-12.86
-12.7,15.37,34.337,0.1226,0.35,3.6,-3.55,0.59,15.361,34.337,343.37,1.2068968331749472,,,,Dense sand / gravelly sand,,,Dense sand / gravelly sand 1,1,15.17,15.53,-12.5,-12.86
-12.72,15.39,34.816,0.1244,0.35,3.6,-3.55,0.61,15.381,34.816,348.16,1.2022455804619068,,,,Dense sand / gravelly sand,,,Dense sand / gravelly sand 1,1,15.17,15.53,-12.5,-12.86
-12.74,15.41,36.135,0.118,0.33,3.61,-3.55,0.64,15.4,36.135,361.35,1.1735749080714528,,,,Dense sand / gravelly sand,,,Dense sand / gravelly sand 1,1,15.17,15.53,-12.5,-12.86
-12.76,15.43,37.385,0.1148,0.31,3.61,-3.55,0.67,15.42,37.385,373.85,1.145070933336295,,,,Dense sand / gravelly sand,,,Dense sand / gravelly sand 1,1,15.17,15.53,-12.5,-12.86
-12.78,15.45,38.183,0.147,0.39,3.62,-3.55,0.7,15.44,38.183,381.83,1.202747109468329,,,,Dense sand / gravelly sand,,,Dense sand / gravelly sand 1,1,15.17,15.53,-12.5,-12.86
-12.8,15.47,38.625,0.1759,0.46,3.62,-3.55,0.73,15.46,38.625,386.25,1.2486723545642024,,,,Dense sand / gravelly sand,,,Dense sand / gravelly sand 1,1,15.17,15.53,-12.5,-12.86
-12.82,15.49,38.857,0.1774,0.46,3.63,-3.55,0.75,15.48,38.857,388.57,1.2468342955433724,,,,Dense sand / gravelly sand,,,Dense sand / gravelly sand 1,1,15.17,15.53,-12.5,-12.86
-12.84,15.51,38.718,0.177,0.46,3.64,-3.55,0.78,15.5,38.718,387.18,1.2479338981104529,,,,Dense sand / gravelly sand,,,Dense sand / gravelly sand 1,1,15.17,15.53,-12.5,-12.86
-12.86,15.53,38.578,0.194,0.51,3.64,-3.55,0.81,15.52,38.578,385.78,1.2811096525711152,,,,Dense sand / gravelly sand,,,Sand 5,5,15.53,19.93,-12.86,-17.259999999999998
-12.88,15.55,38.588,0.2301,0.6,3.65,-3.55,0.84,15.54,38.588,385.88,1.3330275728925158,,,,Sand,,,Sand 5,5,15.53,19.93,-12.86,-17.259999999999998
-12.9,15.57,37.777,0.2515,0.66,3.65,-3.55,0.86,15.56,37.777,377.77,1.3702898930926455,,,,Sand,,,Sand 5,5,15.53,19.93,-12.86,-17.259999999999998
-12.92,15.59,37.318,0.2662,0.71,3.66,-3.55,0.89,15.58,37.318,373.18,1.3979073936258215,,,,Sand,,,Sand 5,5,15.53,19.93,-12.86,-17.259999999999998
-12.94,15.61,37.043,0.2722,0.73,3.67,-3.55,0.92,15.6,37.043,370.43,1.4092263907474307,,,,Sand,,,Sand 5,5,15.53,19.93,-12.86,-17.259999999999998
-12.96,15.63,37.468,0.2688,0.72,3.68,-3.55,0.95,15.62,37.468,374.68,1.4014527414105895,,,,Sand,,,Sand 5,5,15.53,19.93,-12.86,-17.259999999999998
-12.98,15.65,37.388,0.2725,0.73,3.68,-3.55,0.97,15.64,37.388,373.88,1.406654848614423,,,,Sand,,,Sand 5,5,15.53,19.93,-12.86,-17.259999999999998
-13.0,15.67,37.189,0.2769,0.75,3.69,-3.55,1.0,15.66,37.189,371.89,1.4171849708234157,,,,Sand,,,Sand 5,5,15.53,19.93,-12.86,-17.259999999999998
-13.02,15.69,37.279,0.2729,0.74,3.7,-3.55,1.03,15.68,37.279,372.79,1.4120170771331972,,,,Sand,,,Sand 5,5,15.53,19.93,-12.86,-17.259999999999998
-13.040000000000001,15.71,36.76,0.2615,0.72,3.71,-3.55,1.06,15.7,36.76,367.6,1.406766074710591,,,,Sand,,,Sand 5,5,15.53,19.93,-12.86,-17.259999999999998
-13.06,15.73,36.102,0.255,0.71,3.71,-3.55,1.09,15.72,36.102,361.02,1.4071935359982306,,,,Sand,,,Sand 5,5,15.53,19.93,-12.86,-17.259999999999998
-13.08,15.75,35.447,0.2517,0.7,3.72,-3.55,1.11,15.74,35.447,354.47,1.4076959042354649,,,,Sand,,,Sand 5,5,15.53,19.93,-12.86,-17.259999999999998
-13.1,15.77,34.975,0.2519,0.71,3.73,-3.55,1.14,15.76,34.975,349.75,1.4161635516771738,,,,Sand,,,Sand 5,5,15.53,19.93,-12.86,-17.259999999999998
-13.12,15.79,34.987,0.2594,0.73,3.74,-3.55,1.17,15.78,34.987,349.87,1.4252147944403524,,,,Sand,,,Sand 5,5,15.53,19.93,-12.86,-17.259999999999998
-13.14,15.81,34.999,0.2522,0.72,3.75,-3.55,1.2,15.8,34.999,349.99,1.4205697003442155,,,,Sand,,,Sand 5,5,15.53,19.93,-12.86,-17.259999999999998
-13.16,15.83,35.354,0.2304,0.65,3.85,-3.66,1.19,15.82,35.354,353.54,1.3842635206044447,,,,Sand,,,Sand 5,5,15.53,19.93,-12.86,-17.259999999999998
-13.18,15.85,35.394,0.2245,0.64,3.82,-3.66,1.1,15.84,35.394,353.94,1.3789183931636195,,,,Sand,,,Sand 5,5,15.53,19.93,-12.86,-17.259999999999998
-13.2,15.87,35.404,0.2241,0.63,3.78,-3.55,1.29,15.86,35.404,354.04,1.3737538945583987,,,,Sand,,,Sand 5,5,15.53,19.93,-12.86,-17.259999999999998
-13.22,15.89,35.71,0.2388,0.68,3.72,-3.55,1.1,15.88,35.71,357.1,1.3960836186401742,,,,Sand,,,Sand 5,5,15.53,19.93,-12.86,-17.259999999999998
-13.24,15.91,35.397,0.2355,0.67,3.91,-3.75,1.1,15.899,35.397,353.97,1.3937629935885059,,,,Sand,,,Sand 5,5,15.53,19.93,-12.86,-17.259999999999998
-13.26,15.93,35.454,0.2003,0.58,3.82,-3.66,1.09,15.919,35.454,354.54,1.346902627630798,,,,Sand,,,Sand 5,5,15.53,19.93,-12.86,-17.259999999999998
-13.28,15.95,34.523,0.186,0.54,3.91,-3.75,1.1,15.939,34.523,345.23,1.3324697328081658,,,,Sand,,,Sand 5,5,15.53,19.93,-12.86,-17.259999999999998
-13.3,15.97,33.669,0.1849,0.55,3.81,-3.65,1.1,15.959,33.669,336.69,1.3457753742391025,,,,Sand,,,Sand 5,5,15.53,19.93,-12.86,-17.259999999999998
-13.32,15.99,32.974,0.1851,0.56,3.85,-3.66,1.19,15.979,32.974,329.74,1.3577058940424271,,,,Sand,,,Sand 5,5,15.53,19.93,-12.86,-17.259999999999998
-13.340000000000002,16.01,32.11,0.1867,0.57,3.92,-3.76,1.1,15.999,32.11,321.1,1.371274456406451,,,,Sand,,,Sand 5,5,15.53,19.93,-12.86,-17.259999999999998
-13.360000000000001,16.03,32.26,0.1909,0.59,3.91,-3.75,1.09,16.019,32.26,322.59999999999997,1.3805628981830884,,,,Sand,,,Sand 5,5,15.53,19.93,-12.86,-17.259999999999998
-13.38,16.05,31.848,0.1989,0.63,3.84,-3.65,1.2,16.039,31.848,318.48,1.4049858562353157,,,,Sand,,,Sand 5,5,15.53,19.93,-12.86,-17.259999999999998
-13.4,16.07,31.439,0.2055,0.65,3.97,-3.75,1.29,16.059,31.439,314.39,1.4187061308437108,,,,Sand,,,Sand 5,5,15.53,19.93,-12.86,-17.259999999999998
-13.42,16.09,30.997,0.21,0.67,3.98,-3.76,1.29,16.079,30.997,309.97,1.432510975275367,,,,Sand,,,Sand 5,5,15.53,19.93,-12.86,-17.259999999999998
-13.44,16.11,30.787,0.2143,0.7,3.94,-3.75,1.2,16.099,30.787,307.87,1.448460027684724,,,,Sand,,,Sand 5,5,15.53,19.93,-12.86,-17.259999999999998
-13.459999999999999,16.13,30.541,0.2049,0.67,3.94,-3.75,1.2,16.119,30.541,305.41,1.4369159676415715,,,,Sand,,,Sand 5,5,15.53,19.93,-12.86,-17.259999999999998
-13.479999999999999,16.15,30.129,0.1856,0.61,3.97,-3.75,1.29,16.139,30.129,301.29,1.4116654587703772,,,,Sand,,,Sand 5,5,15.53,19.93,-12.86,-17.259999999999998
-13.500000000000002,16.17,29.671,0.1714,0.56,3.98,-3.76,1.29,16.159,29.671,296.71,1.3902262864683705,,,,Sand,,,Sand 5,5,15.53,19.93,-12.86,-17.259999999999998
-13.520000000000001,16.19,29.591,0.1609,0.52,3.89,-3.76,1.0,16.179,29.591,295.91,1.3688624182514104,,,,Sand,,,Sand 5,5,15.53,19.93,-12.86,-17.259999999999998
-13.540000000000001,16.21,30.588,0.1606,0.52,3.92,-3.76,1.1,16.199,30.588,305.88,1.358396824347762,,,,Sand,,,Sand 5,5,15.53,19.93,-12.86,-17.259999999999998
-13.56,16.23,31.844,0.1723,0.55,4.06,-3.85,1.29,16.219,31.844,318.44,1.3628397148041123,,,,Sand,,,Sand 5,5,15.53,19.93,-12.86,-17.259999999999998
-13.58,16.25,32.466,0.1826,0.58,3.95,-3.76,1.2,16.239,32.466,324.66,1.3733132905716359,,,,Sand,,,Sand 5,5,15.53,19.93,-12.86,-17.259999999999998
-13.6,16.27,32.223,0.1837,0.59,4.01,-3.8,1.29,16.259,32.223,322.23,1.3809099926259056,,,,Sand,,,Sand 5,5,15.53,19.93,-12.86,-17.259999999999998
-13.62,16.29,31.449,0.1814,0.58,4.02,-3.81,1.29,16.279,31.449,314.49,1.382996411829794,,,,Sand,,,Sand 5,5,15.53,19.93,-12.86,-17.259999999999998
-13.639999999999999,16.31,30.575,0.1775,0.58,4.03,-3.82,1.29,16.299,30.575,305.75,1.3916299132222418,,,,Sand,,,Sand 5,5,15.53,19.93,-12.86,-17.259999999999998
-13.659999999999998,16.33,29.647,0.1766,0.59,4.05,-3.84,1.29,16.318,29.647,296.47,1.4063534853006228,,,,Sand,,,Sand 5,5,15.53,19.93,-12.86,-17.259999999999998
-13.680000000000001,16.35,29.092,0.1847,0.63,4.06,-3.85,1.29,16.338,29.092,290.92,1.4323221586924009,,,,Sand,,,Sand 5,5,15.53,19.93,-12.86,-17.259999999999998
-13.700000000000001,16.37,28.946,0.1885,0.65,4.07,-3.86,1.29,16.358,28.946,289.46,1.443538582493899,,,,Sand,,,Sand 5,5,15.53,19.93,-12.86,-17.259999999999998
-13.72,16.39,28.647,0.185,0.64,4.08,-3.87,1.29,16.378,28.647,286.47,1.4418925033787235,,,,Sand,,,Sand 5,5,15.53,19.93,-12.86,-17.259999999999998
-13.74,16.41,28.345,0.1772,0.62,4.1,-3.89,1.29,16.398,28.345,283.45,1.4353714100255641,,,,Sand,,,Sand 5,5,15.53,19.93,-12.86,-17.259999999999998
-13.76,16.43,28.474,0.172,0.6,4.11,-3.9,1.29,16.418,28.474,284.74,1.4239560411022292,,,,Sand,,,Sand 5,5,15.53,19.93,-12.86,-17.259999999999998
-13.78,16.45,28.454,0.1801,0.63,4.12,-3.91,1.29,16.438,28.454,284.54,1.439103865426065,,,,Sand,,,Sand 5,5,15.53,19.93,-12.86,-17.259999999999998
-13.799999999999999,16.47,28.321,0.187,0.66,4.13,-3.92,1.29,16.458,28.321,283.21,1.4549070515603326,,,,Sand,,,Sand 5,5,15.53,19.93,-12.86,-17.259999999999998
-13.819999999999999,16.49,28.444,0.1855,0.65,4.14,-3.93,1.29,16.478,28.444,284.44,1.4488564321708404,,,,Sand,,,Sand 5,5,15.53,19.93,-12.86,-17.259999999999998
-13.840000000000002,16.51,28.434,0.1782,0.63,4.16,-3.95,1.29,16.498,28.434,284.34,1.4393194395827642,,,,Sand,,,Sand 5,5,15.53,19.93,-12.86,-17.259999999999998
-13.860000000000001,16.53,28.192,0.166,0.58,4.17,-3.96,1.29,16.518,28.192,281.92,1.4167829140124144,,,,Sand,,,Sand 5,5,15.53,19.93,-12.86,-17.259999999999998
-13.88,16.55,28.202,0.1542,0.53,4.18,-3.97,1.29,16.538,28.202,282.02,1.3897791131759971,,,,Sand,,,Sand 5,5,15.53,19.93,-12.86,-17.259999999999998
-13.9,16.57,28.856,0.1498,0.51,4.18,-3.98,1.29,16.558,28.856,288.56,1.3711343866071586,,,,Sand,,,Sand 5,5,15.53,19.93,-12.86,-17.259999999999998
-13.92,16.59,29.84,0.1423,0.49,4.2,-4.0,1.29,16.578,29.84,298.4,1.3486594437291766,,,,Sand,,,Sand 5,5,15.53,19.93,-12.86,-17.259999999999998
-13.94,16.61,30.282,0.139,0.47,4.21,-4.01,1.29,16.598,30.282,302.82,1.3317637073340036,,,,Sand,,,Sand 5,5,15.53,19.93,-12.86,-17.259999999999998
-13.959999999999999,16.63,30.163,0.1446,0.49,4.22,-4.02,1.29,16.618,30.163,301.63,1.3452128466121953,,,,Sand,,,Sand 5,5,15.53,19.93,-12.86,-17.259999999999998
-13.979999999999999,16.65,29.87,0.1447,0.49,4.23,-4.03,1.29,16.638,29.87,298.7,1.3483374453180226,,,,Sand,,,Sand 5,5,15.53,19.93,-12.86,-17.259999999999998
-14.000000000000002,16.67,29.136,0.1524,0.53,4.25,-4.05,1.29,16.658,29.136,291.36,1.3794303486242792,,,,Sand,,,Sand 5,5,15.53,19.93,-12.86,-17.259999999999998
-14.020000000000001,16.69,28.527,0.1642,0.59,4.26,-4.06,1.29,16.678,28.527,285.27,1.4182710908934641,,,,Sand,,,Sand 5,5,15.53,19.93,-12.86,-17.259999999999998
-14.040000000000001,16.71,27.507,0.1715,0.63,4.27,-4.07,1.29,16.697,27.507,275.07,1.4495179947867343,,,,Sand,,,Sand 5,5,15.53,19.93,-12.86,-17.259999999999998
-14.06,16.73,25.862,0.1747,0.66,4.28,-4.08,1.29,16.717,25.862,258.62,1.482772744930142,,,,Sand,,,Sand 5,5,15.53,19.93,-12.86,-17.259999999999998
-14.08,16.75,25.357,0.1805,0.69,4.29,-4.09,1.29,16.737,25.357,253.57,1.5024342735468508,,,,Sand,,,Sand 5,5,15.53,19.93,-12.86,-17.259999999999998
-14.1,16.77,25.204,0.1971,0.77,4.31,-4.11,1.29,16.757,25.204,252.04,1.5382064934264732,,,,Sand,,,Sand 5,5,15.53,19.93,-12.86,-17.259999999999998
-14.12,16.79,25.157,0.2093,0.82,4.32,-4.12,1.29,16.777,25.157,251.57,1.5585327546905052,,,,Sand,,,Sand 5,5,15.53,19.93,-12.86,-17.259999999999998
-14.139999999999999,16.81,25.46,0.2246,0.88,4.33,-4.13,1.29,16.797,25.46,254.6,1.5774717873993247,,,,Sand,,,Sand 5,5,15.53,19.93,-12.86,-17.259999999999998
-14.159999999999998,16.83,25.689,0.2539,0.99,4.34,-4.14,1.29,16.817,25.689,256.89,1.6130421348870083,,,,Sand,,,Sand 5,5,15.53,19.93,-12.86,-17.259999999999998
-14.180000000000001,16.85,26.108,0.2616,1.02,4.36,-4.16,1.29,16.837,26.108,261.08,1.6182534483924749,,,,Sand,,,Sand 5,5,15.53,19.93,-12.86,-17.259999999999998
-14.200000000000001,16.87,25.779,0.2534,0.99,4.37,-4.17,1.29,16.857,25.779,257.79,1.6120441893021733,,,,Sand,,,Sand 5,5,15.53,19.93,-12.86,-17.259999999999998
-14.22,16.89,25.37,0.262,1.03,4.38,-4.18,1.29,16.877,25.37,253.7,1.6295890553146402,,,,Sand,,,Sand 5,5,15.53,19.93,-12.86,-17.259999999999998
-14.24,16.91,25.293,0.2603,1.03,4.39,-4.19,1.29,16.897,25.293,252.93,1.6304526636727936,,,,Sand,,,Sand 5,5,15.53,19.93,-12.86,-17.259999999999998
-14.26,16.93,25.017,0.2396,0.96,4.39,-4.2,1.29,16.917,25.017,250.17,1.6106321253166904,,,,Sand,,,Sand 5,5,15.53,19.93,-12.86,-17.259999999999998
-14.28,16.95,24.702,0.2321,0.95,4.41,-4.22,1.29,16.937,24.702,247.02,1.6109152446942265,,,,Sand,,,Sand 5,5,15.53,19.93,-12.86,-17.259999999999998
-14.299999999999999,16.97,24.469,0.2429,1.02,4.42,-4.23,1.29,16.957,24.469,244.69,1.6367190533633817,,,,Sand,,,Sand 5,5,15.53,19.93,-12.86,-17.259999999999998
-14.319999999999999,16.99,23.718,0.2574,1.11,4.43,-4.24,1.29,16.977,23.718,237.18,1.6732890619938794,,,,Sand,,,Sand 5,5,15.53,19.93,-12.86,-17.259999999999998
-14.340000000000002,17.01,22.691,0.2688,1.2,4.44,-4.25,1.29,16.997,22.691,226.91,1.7114888345877242,,,,Sand,,,Sand 5,5,15.53,19.93,-12.86,-17.259999999999998
-14.360000000000001,17.03,21.312,0.2757,1.28,4.53,-4.34,1.29,17.017,21.312,213.12,1.7504927886912454,,,,Sand,,,Sand 5,5,15.53,19.93,-12.86,-17.259999999999998
-14.38,17.05,19.929,0.2761,1.33,4.54,-4.35,1.29,17.036,19.929,199.29,1.7821451711001477,,,,Sand,,,Sand 5,5,15.53,19.93,-12.86,-17.259999999999998
-14.4,17.07,19.607,0.2724,1.35,4.53,-4.34,1.29,17.056,19.607,196.07,1.7916798789737458,,,,Sand,,,Sand 5,5,15.53,19.93,-12.86,-17.259999999999998
-14.42,17.09,19.297,0.2708,1.38,4.54,-4.35,1.29,17.076,19.297,192.97,1.803423286698577,,,,Sand,,,Sand 5,5,15.53,19.93,-12.86,-17.259999999999998
-14.44,17.11,19.081,0.2712,1.4,4.54,-4.35,1.3,17.096,19.081,190.81,1.8113463164639034,,,,Sand,,,Sand 5,5,15.53,19.93,-12.86,-17.259999999999998
-14.459999999999999,17.13,19.075,0.2718,1.41,4.57,-4.35,1.39,17.116,19.075,190.75,1.8137683350671578,,,,Sand,,,Sand 5,5,15.53,19.93,-12.86,-17.259999999999998
-14.479999999999999,17.15,19.118,0.2731,1.41,4.56,-4.34,1.4,17.136,19.118,191.18,1.8131271358730163,,,,Sand,,,Sand 5,5,15.53,19.93,-12.86,-17.259999999999998
-14.500000000000002,17.17,19.377,0.2741,1.4,4.57,-4.35,1.4,17.156,19.377,193.77,1.8069634584227254,,,,Sand,,,Sand 5,5,15.53,19.93,-12.86,-17.259999999999998
-14.520000000000001,17.19,19.7,0.2753,1.39,4.66,-4.44,1.4,17.176,19.7,197.0,1.799913608800844,,,,Sand,,,Sand 5,5,15.53,19.93,-12.86,-17.259999999999998
-14.540000000000001,17.21,20.065,0.2747,1.36,4.57,-4.35,1.4,17.196,20.065,200.65,1.7875306660502175,,,,Sand,,,Sand 5,5,15.53,19.93,-12.86,-17.259999999999998
-14.56,17.23,20.574,0.2767,1.33,4.64,-4.44,1.35,17.216,20.574,205.74,1.773090178354873,,,,Sand,,,Sand 5,5,15.53,19.93,-12.86,-17.259999999999998
-14.58,17.25,21.195,0.2816,1.32,4.66,-4.44,1.4,17.236,21.195,211.95,1.7621976201564695,,,,Sand,,,Sand 5,5,15.53,19.93,-12.86,-17.259999999999998
-14.6,17.27,21.79,0.285,1.3,4.57,-4.35,1.4,17.256,21.79,217.9,1.7493560426778418,,,,Sand,,,Sand 5,5,15.53,19.93,-12.86,-17.259999999999998
-14.62,17.29,22.595,0.2887,1.28,4.66,-4.45,1.37,17.276,22.595,225.95,1.7340457745272686,,,,Sand,,,Sand 5,5,15.53,19.93,-12.86,-17.259999999999998
-14.639999999999999,17.31,23.322,0.2941,1.27,4.65,-4.45,1.35,17.296,23.322,233.22,1.7226074837506729,,,,Sand,,,Sand 5,5,15.53,19.93,-12.86,-17.259999999999998
-14.659999999999998,17.33,24.103,0.2985,1.25,4.66,-4.44,1.4,17.316,24.103,241.03,1.70816898231807,,,,Sand,,,Sand 5,5,15.53,19.93,-12.86,-17.259999999999998
-14.680000000000001,17.35,24.492,0.3029,1.24,4.66,-4.44,1.4,17.336,24.492,244.92,1.7010541124524512,,,,Sand,,,Sand 5,5,15.53,19.93,-12.86,-17.259999999999998
-14.700000000000001,17.37,24.908,0.3121,1.26,4.66,-4.44,1.4,17.355,24.908,249.08,1.7018009949157158,,,,Sand,,,Sand 5,5,15.53,19.93,-12.86,-17.259999999999998
-14.72,17.39,25.416,0.3171,1.27,4.75,-4.54,1.4,17.375,25.416,254.16,1.6989564335892795,,,,Sand,,,Sand 5,5,15.53,19.93,-12.86,-17.259999999999998
-14.74,17.41,25.822,0.3157,1.26,4.75,-4.54,1.4,17.395,25.822,258.22,1.6919703889936442,,,,Sand,,,Sand 5,5,15.53,19.93,-12.86,-17.259999999999998
-14.76,17.43,25.676,0.3029,1.23,4.76,-4.54,1.41,17.415,25.676,256.76,1.6853645321683535,,,,Sand,,,Sand 5,5,15.53,19.93,-12.86,-17.259999999999998
-14.78,17.45,24.868,0.2885,1.19,4.75,-4.54,1.4,17.435,24.868,248.68,1.6830595633181358,,,,Sand,,,Sand 5,5,15.53,19.93,-12.86,-17.259999999999998
-14.799999999999999,17.47,23.731,0.2919,1.24,4.75,-4.54,1.4,17.455,23.731,237.31,1.7097980865614542,,,,Sand,,,Sand 5,5,15.53,19.93,-12.86,-17.259999999999998
-14.819999999999999,17.49,22.123,0.2823,1.24,4.75,-4.54,1.4,17.475,22.123,221.23,1.7294659591549792,,,,Sand,,,Sand 5,5,15.53,19.93,-12.86,-17.259999999999998
-14.840000000000002,17.51,21.478,0.2555,1.16,4.75,-4.54,1.4,17.495,21.478,214.78,1.7160682826573812,,,,Sand,,,Sand 5,5,15.53,19.93,-12.86,-17.259999999999998
-14.860000000000001,17.53,20.873,0.2383,1.12,4.86,-4.65,1.41,17.515,20.873,208.73,1.7130001031079647,,,,Sand,,,Sand 5,5,15.53,19.93,-12.86,-17.259999999999998
-14.88,17.55,20.733,0.2278,1.11,4.76,-4.54,1.41,17.535,20.733,207.33,1.7120836551464829,,,,Sand,,,Sand 5,5,15.53,19.93,-12.86,-17.259999999999998
-14.9,17.57,20.062,0.2228,1.11,4.78,-4.65,1.1,17.555,20.062,200.62,1.7217410341216053,,,,Sand,,,Sand 5,5,15.53,19.93,-12.86,-17.259999999999998
-14.92,17.59,19.497,0.2201,1.12,4.76,-4.54,1.41,17.575,19.497,194.97,1.7330292558775486,,,,Sand,,,Sand 5,5,15.53,19.93,-12.86,-17.259999999999998
-14.94,17.61,19.198,0.2138,1.11,4.75,-4.54,1.4,17.595,19.198,191.98,1.7347632669136985,,,,Sand,,,Sand 5,5,15.53,19.93,-12.86,-17.259999999999998
-14.959999999999999,17.63,18.915,0.2091,1.11,4.75,-4.54,1.4,17.615,18.915,189.15,1.739181801157466,,,,Sand,,,Sand 5,5,15.53,19.93,-12.86,-17.259999999999998
-14.979999999999999,17.65,18.616,0.2069,1.12,4.86,-4.65,1.4,17.634,18.616,186.16,1.7467647561459736,,,,Sand,,,Sand 5,5,15.53,19.93,-12.86,-17.259999999999998
-15.000000000000002,17.67,18.267,0.1973,1.08,4.86,-4.65,1.4,17.654,18.267,182.67,1.741016713543344,,,,Sand,,,Sand 5,5,15.53,19.93,-12.86,-17.259999999999998
-15.020000000000001,17.69,17.792,0.1836,1.02,4.78,-4.54,1.5,17.674,17.792,177.92,1.7312740955764723,,,,Sand,,,Sand 5,5,15.53,19.93,-12.86,-17.259999999999998
-15.040000000000001,17.71,17.39,0.1786,1.0,4.89,-4.65,1.5,17.694,17.39,173.9,1.7322133581123038,,,,Sand,,,Sand 5,5,15.53,19.93,-12.86,-17.259999999999998
-15.06,17.73,17.31,0.1804,1.02,4.89,-4.65,1.5,17.714,17.31,173.1,1.7396983919799909,,,,Sand,,,Sand 5,5,15.53,19.93,-12.86,-17.259999999999998
-15.08,17.75,17.546,0.1808,1.03,4.86,-4.65,1.4,17.734,17.546,175.46,1.7385415990973576,,,,Sand,,,Sand 5,5,15.53,19.93,-12.86,-17.259999999999998
-15.1,17.77,17.602,0.1884,1.07,4.89,-4.65,1.5,17.754,17.602,176.02,1.7493450771641883,,,,Sand,,,Sand 5,5,15.53,19.93,-12.86,-17.259999999999998
-15.12,17.79,17.898,0.203,1.14,4.89,-4.65,1.5,17.774,17.898,178.98,1.76410058541693,,,,Sand,,,Sand 5,5,15.53,19.93,-12.86,-17.259999999999998
-15.139999999999999,17.81,17.941,0.2151,1.2,4.89,-4.65,1.5,17.794,17.941,179.41,1.7795788518760538,,,,Sand,,,Sand 5,5,15.53,19.93,-12.86,-17.259999999999998
-15.159999999999998,17.83,18.034,0.2214,1.23,4.89,-4.65,1.5,17.814,18.034,180.34,1.7858958185762022,,,,Sand,,,Sand 5,5,15.53,19.93,-12.86,-17.259999999999998
-15.180000000000001,17.85,18.134,0.2233,1.23,4.98,-4.75,1.5,17.834,18.134,181.34,1.784264310747829,,,,Sand,,,Sand 5,5,15.53,19.93,-12.86,-17.259999999999998
-15.200000000000001,17.87,18.344,0.2264,1.24,4.98,-4.75,1.5,17.854,18.344,183.44,1.7834610033345288,,,,Sand,,,Sand 5,5,15.53,19.93,-12.86,-17.259999999999998
-15.22,17.89,18.47,0.225,1.22,4.98,-4.75,1.5,17.874,18.47,184.7,1.7762510917580903,,,,Sand,,,Sand 5,5,15.53,19.93,-12.86,-17.259999999999998
-15.24,17.91,18.603,0.2104,1.14,4.99,-4.75,1.51,17.894,18.603,186.03,1.752565835199171,,,,Sand,,,Sand 5,5,15.53,19.93,-12.86,-17.259999999999998
-15.26,17.93,18.593,0.1858,1.01,4.98,-4.75,1.5,17.913,18.593,185.93,1.7147957671932503,,,,Sand,,,Sand 5,5,15.53,19.93,-12.86,-17.259999999999998
-15.28,17.95,18.51,0.1748,0.95,4.98,-4.75,1.5,17.933,18.51,185.1,1.6972840529277449,,,,Sand,,,Sand 5,5,15.53,19.93,-12.86,-17.259999999999998
-15.299999999999999,17.97,18.27,0.176,0.95,4.98,-4.75,1.5,17.953,18.27,182.7,1.7013046677828965,,,,Sand,,,Sand 5,5,15.53,19.93,-12.86,-17.259999999999998
-15.319999999999999,17.99,18.217,0.1775,0.96,4.99,-4.75,1.51,17.973,18.217,182.17,1.7054038665477411,,,,Sand,,,Sand 5,5,15.53,19.93,-12.86,-17.259999999999998
-15.340000000000002,18.01,18.732,0.183,0.99,4.99,-4.75,1.51,17.993,18.732,187.32,1.706333392484231,,,,Sand,,,Sand 5,5,15.53,19.93,-12.86,-17.259999999999998
-15.360000000000001,18.03,18.55,0.1909,1.02,4.98,-4.75,1.5,18.013,18.55,185.5,1.718556292703809,,,,Sand,,,Sand 5,5,15.53,19.93,-12.86,-17.259999999999998
-15.38,18.05,18.367,0.2004,1.05,5.0,-4.75,1.57,18.033,18.367,183.67,1.7305764000735548,,,,Sand,,,Sand 5,5,15.53,19.93,-12.86,-17.259999999999998
-15.4,18.07,19.327,0.217,1.12,4.98,-4.75,1.5,18.053,19.327,193.27,1.7356212162905742,,,,Sand,,,Sand 5,5,15.53,19.93,-12.86,-17.259999999999998
-15.42,18.09,20.025,0.2359,1.2,4.98,-4.75,1.5,18.073,20.025,200.25,1.7473106978972817,,,,Sand,,,Sand 5,5,15.53,19.93,-12.86,-17.259999999999998
-15.44,18.11,20.474,0.2491,1.25,5.08,-4.85,1.5,18.093,20.474,204.74,1.7541559700550813,,,,Sand,,,Sand 5,5,15.53,19.93,-12.86,-17.259999999999998
-15.459999999999999,18.13,20.7,0.2584,1.29,5.0,-4.75,1.57,18.113,20.7,207.0,1.7613214983980254,,,,Sand,,,Sand 5,5,15.53,19.93,-12.86,-17.259999999999998
-15.479999999999999,18.15,20.587,0.2641,1.32,4.98,-4.75,1.5,18.133,20.587,205.87,1.7704280458273036,,,,Sand,,,Sand 5,5,15.53,19.93,-12.86,-17.259999999999998
-15.500000000000002,18.17,20.115,0.2641,1.34,4.98,-4.75,1.5,18.153,20.115,201.15,1.7819559035156518,,,,Sand,,,Sand 5,5,15.53,19.93,-12.86,-17.259999999999998
-15.520000000000001,18.19,19.367,0.2564,1.33,5.09,-4.85,1.55,18.172,19.367,193.67,1.7903292185165482,,,,Sand,,,Sand 5,5,15.53,19.93,-12.86,-17.259999999999998
-15.540000000000001,18.21,18.58,0.2501,1.34,4.98,-4.75,1.5,18.192,18.58,185.8,1.804711208273848,,,,Sand,,,Sand 5,5,15.53,19.93,-12.86,-17.259999999999998
-15.56,18.23,17.921,0.2495,1.37,4.98,-4.75,1.5,18.212,17.921,179.21,1.8223331574685269,,,,Sand,,,Sand 5,5,15.53,19.93,-12.86,-17.259999999999998
-15.58,18.25,17.423,0.2443,1.37,4.98,-4.75,1.5,18.232,17.423,174.23,1.8305271192308652,,,,Sand,,,Sand 5,5,15.53,19.93,-12.86,-17.259999999999998
-15.6,18.27,17.187,0.2382,1.35,5.07,-4.84,1.5,18.252,17.187,171.87,1.8297901891349757,,,,Sand,,,Sand 5,5,15.53,19.93,-12.86,-17.259999999999998
-15.62,18.29,17.237,0.234,1.33,5.07,-4.84,1.5,18.272,17.237,172.37,1.824158440439008,,,,Sand,,,Sand 5,5,15.53,19.93,-12.86,-17.259999999999998
-15.639999999999999,18.31,17.463,0.2292,1.29,5.17,-4.94,1.51,18.292,17.463,174.63,1.8105692712087424,,,,Sand,,,Sand 5,5,15.53,19.93,-12.86,-17.259999999999998
-15.659999999999998,18.33,17.975,0.227,1.26,4.98,-4.75,1.5,18.312,17.975,179.75,1.794549542737238,,,,Sand,,,Sand 5,5,15.53,19.93,-12.86,-17.259999999999998
-15.680000000000001,18.35,18.217,0.226,1.23,5.08,-4.85,1.5,18.332,18.217,182.17,1.7829182906730645,,,,Sand,,,Sand 5,5,15.53,19.93,-12.86,-17.259999999999998
-15.700000000000001,18.37,18.799,0.2293,1.23,5.16,-4.94,1.5,18.352,18.799,187.99,1.7736812290278023,,,,Sand,,,Sand 5,5,15.53,19.93,-12.86,-17.259999999999998
-15.72,18.39,19.311,0.2344,1.24,5.11,-4.85,1.6,18.372,19.311,193.11,1.7684441976997751,,,,Sand,,,Sand 5,5,15.53,19.93,-12.86,-17.259999999999998
-15.74,18.41,19.51,0.2342,1.23,5.08,-4.85,1.5,18.392,19.51,195.1,1.76285118810169,,,,Sand,,,Sand 5,5,15.53,19.93,-12.86,-17.259999999999998
-15.76,18.43,19.301,0.2293,1.19,5.16,-4.94,1.5,18.412,19.301,193.01,1.7553612488387578,,,,Sand,,,Sand 5,5,15.53,19.93,-12.86,-17.259999999999998
-15.78,18.45,19.171,0.2206,1.15,5.19,-4.94,1.6,18.431,19.171,191.71,1.7464247499300716,,,,Sand,,,Sand 5,5,15.53,19.93,-12.86,-17.259999999999998
-15.799999999999999,18.47,19.384,0.2173,1.13,5.16,-4.94,1.5,18.451,19.384,193.84,1.7375755617510424,,,,Sand,,,Sand 5,5,15.53,19.93,-12.86,-17.259999999999998
-15.819999999999999,18.49,19.125,0.2224,1.16,5.16,-4.94,1.5,18.471,19.125,191.25,1.7498924122374286,,,,Sand,,,Sand 5,5,15.53,19.93,-12.86,-17.259999999999998
-15.840000000000002,18.51,19.088,0.2288,1.21,5.16,-4.94,1.5,18.491,19.088,190.88,1.7639559191494139,,,,Sand,,,Sand 5,5,15.53,19.93,-12.86,-17.259999999999998
-15.860000000000001,18.53,18.869,0.2266,1.21,5.16,-4.94,1.5,18.511,18.869,188.69,1.76733852106303,,,,Sand,,,Sand 5,5,15.53,19.93,-12.86,-17.259999999999998
-15.88,18.55,18.769,0.2206,1.19,5.16,-4.94,1.5,18.531,18.769,187.69,1.7635745088393706,,,,Sand,,,Sand 5,5,15.53,19.93,-12.86,-17.259999999999998
-15.9,18.57,18.214,0.2203,1.2,5.16,-4.94,1.5,18.551,18.214,182.14,1.7751031435822848,,,,Sand,,,Sand 5,5,15.53,19.93,-12.86,-17.259999999999998
-15.92,18.59,17.845,0.2202,1.21,5.16,-4.94,1.5,18.571,17.845,178.45,1.7838025769265293,,,,Sand,,,Sand 5,5,15.53,19.93,-12.86,-17.259999999999998
-15.94,18.61,17.732,0.2277,1.25,5.19,-4.94,1.6,18.591,17.732,177.32,1.79601912083456,,,,Sand,,,Sand 5,5,15.53,19.93,-12.86,-17.259999999999998
-15.959999999999999,18.63,17.975,0.2348,1.29,5.26,-5.04,1.5,18.611,17.975,179.75,1.8020817578785429,,,,Sand,,,Sand 5,5,15.53,19.93,-12.86,-17.259999999999998
-15.979999999999999,18.65,18.227,0.2336,1.27,5.16,-4.94,1.5,18.631,18.227,182.27,1.7929935958226373,,,,Sand,,,Sand 5,5,15.53,19.93,-12.86,-17.259999999999998
-16.0,18.67,18.553,0.2334,1.26,5.16,-4.94,1.5,18.651,18.553,185.53,1.7852694318695352,,,,Sand,,,Sand 5,5,15.53,19.93,-12.86,-17.259999999999998
-16.020000000000003,18.69,18.972,0.2367,1.25,5.16,-4.94,1.5,18.67,18.972,189.72,1.7761887080657224,,,,Sand,,,Sand 5,5,15.53,19.93,-12.86,-17.259999999999998
-16.04,18.71,19.214,0.2463,1.28,5.26,-5.04,1.5,18.69,19.214,192.14,1.7801654587033902,,,,Sand,,,Sand 5,5,15.53,19.93,-12.86,-17.259999999999998
-16.060000000000002,18.73,19.51,0.2576,1.32,5.26,-5.04,1.5,18.71,19.51,195.1,1.7857579274485065,,,,Sand,,,Sand 5,5,15.53,19.93,-12.86,-17.259999999999998
-16.08,18.75,19.906,0.2641,1.33,5.16,-4.94,1.5,18.73,19.906,199.06,1.7824746017293913,,,,Sand,,,Sand 5,5,15.53,19.93,-12.86,-17.259999999999998
-16.1,18.77,20.148,0.2661,1.33,5.29,-5.04,1.6,18.75,20.148,201.48,1.7790313087605054,,,,Sand,,,Sand 5,5,15.53,19.93,-12.86,-17.259999999999998
-16.119999999999997,18.79,20.384,0.2654,1.31,5.19,-4.94,1.6,18.77,20.384,203.84,1.7707466194805703,,,,Sand,,,Sand 5,5,15.53,19.93,-12.86,-17.259999999999998
-16.14,18.81,20.391,0.2652,1.29,5.26,-5.04,1.5,18.79,20.391,203.91,1.765608086535501,,,,Sand,,,Sand 5,5,15.53,19.93,-12.86,-17.259999999999998
-16.159999999999997,18.83,20.471,0.2675,1.28,5.26,-5.04,1.5,18.81,20.471,204.71,1.761943525132409,,,,Sand,,,Sand 5,5,15.53,19.93,-12.86,-17.259999999999998
-16.18,18.85,20.77,0.2694,1.27,5.26,-5.04,1.5,18.83,20.77,207.7,1.7552375682898664,,,,Sand,,,Sand 5,5,15.53,19.93,-12.86,-17.259999999999998
-16.200000000000003,18.87,21.435,0.2699,1.25,5.37,-5.15,1.5,18.85,21.435,214.35,1.7410605079363142,,,,Sand,,,Sand 5,5,15.53,19.93,-12.86,-17.259999999999998
-16.22,18.89,22.265,0.2618,1.19,5.26,-5.04,1.5,18.87,22.265,222.65,1.714109895521469,,,,Sand,,,Sand 5,5,15.53,19.93,-12.86,-17.259999999999998
-16.240000000000002,18.91,22.91,0.2452,1.09,5.26,-5.04,1.5,18.89,22.91,229.1,1.677249444880584,,,,Sand,,,Sand 5,5,15.53,19.93,-12.86,-17.259999999999998
-16.259999999999998,18.93,22.92,0.237,1.03,5.37,-5.15,1.5,18.909,22.92,229.2,1.6587679847290084,,,,Sand,,,Sand 5,5,15.53,19.93,-12.86,-17.259999999999998
-16.28,18.95,23.057,0.237,1.01,5.29,-5.04,1.59,18.929,23.057,230.57,1.650711503245427,,,,Sand,,,Sand 5,5,15.53,19.93,-12.86,-17.259999999999998
-16.299999999999997,18.97,23.784,0.2411,1.01,5.48,-5.24,1.6,18.949,23.784,237.84,1.6416989841588148,,,,Sand,,,Sand 5,5,15.53,19.93,-12.86,-17.259999999999998
-16.32,18.99,24.313,0.2567,1.05,5.37,-5.15,1.5,18.969,24.313,243.13,1.6480160574489837,,,,Sand,,,Sand 5,5,15.53,19.93,-12.86,-17.259999999999998
-16.340000000000003,19.01,24.795,0.2783,1.11,5.48,-5.24,1.6,18.989,24.795,247.95,1.6607332124245495,,,,Sand,,,Sand 5,5,15.53,19.93,-12.86,-17.259999999999998
-16.36,19.03,25.277,0.2974,1.16,5.49,-5.25,1.6,19.009,25.277,252.77,1.6700021328519983,,,,Sand,,,Sand 5,5,15.53,19.93,-12.86,-17.259999999999998
-16.380000000000003,19.05,26.354,0.3137,1.19,5.48,-5.24,1.6,19.029,26.354,263.54,1.6670827539278272,,,,Sand,,,Sand 5,5,15.53,19.93,-12.86,-17.259999999999998
-16.4,19.07,27.278,0.3244,1.2,5.52,-5.25,1.69,19.049,27.278,272.78,1.6605467904982167,,,,Sand,,,Sand 5,5,15.53,19.93,-12.86,-17.259999999999998
-16.42,19.09,28.012,0.3363,1.21,5.52,-5.25,1.69,19.069,28.012,280.12,1.656223044991991,,,,Sand,,,Sand 5,5,15.53,19.93,-12.86,-17.259999999999998
-16.439999999999998,19.11,28.557,0.3453,1.22,5.52,-5.25,1.69,19.089,28.557,285.57,1.6538908592913082,,,,Sand,,,Sand 5,5,15.53,19.93,-12.86,-17.259999999999998
-16.46,19.13,29.139,0.3504,1.22,5.49,-5.25,1.6,19.109,29.139,291.39,1.6485318467820358,,,,Sand,,,Sand 5,5,15.53,19.93,-12.86,-17.259999999999998
-16.479999999999997,19.15,29.348,0.3486,1.2,5.6,-5.34,1.69,19.128,29.348,293.48,1.6409511732188304,,,,Sand,,,Sand 5,5,15.53,19.93,-12.86,-17.259999999999998
-16.5,19.17,29.382,0.3341,1.14,5.52,-5.25,1.69,19.148,29.382,293.82,1.6230609883069171,,,,Sand,,,Sand 5,5,15.53,19.93,-12.86,-17.259999999999998
-16.520000000000003,19.19,29.8,0.322,1.09,5.49,-5.25,1.6,19.168,29.8,298.0,1.6039659118739,,,,Sand,,,Sand 5,5,15.53,19.93,-12.86,-17.259999999999998
-16.54,19.21,29.292,0.3154,1.07,5.58,-5.34,1.6,19.188,29.292,292.92,1.6023334053338485,,,,Sand,,,Sand 5,5,15.53,19.93,-12.86,-17.259999999999998
-16.560000000000002,19.23,29.451,0.315,1.05,5.58,-5.34,1.6,19.208,29.451,294.51,1.5944753352168695,,,,Sand,,,Sand 5,5,15.53,19.93,-12.86,-17.259999999999998
-16.58,19.25,29.641,0.3062,1.01,5.55,-5.34,1.5,19.228,29.641,296.41,1.579614100483459,,,,Sand,,,Sand 5,5,15.53,19.93,-12.86,-17.259999999999998
-16.6,19.27,30.173,0.2821,0.91,5.6,-5.34,1.69,19.248,30.173,301.73,1.5398032779170143,,,,Sand,,,Sand 5,5,15.53,19.93,-12.86,-17.259999999999998
-16.619999999999997,19.29,31.472,0.2587,0.81,5.7,-5.44,1.69,19.268,31.472,314.72,1.4894326173383219,,,,Sand,,,Sand 5,5,15.53,19.93,-12.86,-17.259999999999998
-16.64,19.31,32.878,0.2479,0.76,5.71,-5.45,1.69,19.288,32.878,328.78,1.456083753915358,,,,Sand,,,Sand 5,5,15.53,19.93,-12.86,-17.259999999999998
-16.659999999999997,19.33,33.822,0.2481,0.73,5.7,-5.44,1.69,19.308,33.822,338.22,1.4348151115110777,,,,Sand,,,Sand 5,5,15.53,19.93,-12.86,-17.259999999999998
-16.68,19.35,35.371,0.2671,0.76,5.7,-5.44,1.69,19.327,35.371,353.71,1.4355073292252352,,,,Sand,,,Sand 5,5,15.53,19.93,-12.86,-17.259999999999998
-16.700000000000003,19.37,36.431,0.2968,0.81,5.68,-5.44,1.62,19.347,36.431,364.31,1.4487591979835255,,,,Sand,,,Sand 5,5,15.53,19.93,-12.86,-17.259999999999998
-16.72,19.39,37.491,0.3025,0.8,5.64,-5.35,1.79,19.367,37.491,374.91,1.4367595123147916,,,,Sand,,,Sand 5,5,15.53,19.93,-12.86,-17.259999999999998
-16.740000000000002,19.41,38.98,0.2925,0.75,5.65,-5.36,1.79,19.387,38.98,389.8,1.4043070355343255,,,,Sand,,,Sand 5,5,15.53,19.93,-12.86,-17.259999999999998
-16.759999999999998,19.43,40.366,0.284,0.71,5.66,-5.37,1.79,19.407,40.366,403.66,1.3762497204078987,,,,Sand,,,Sand 5,5,15.53,19.93,-12.86,-17.259999999999998
-16.78,19.45,41.267,0.2961,0.73,5.68,-5.38,1.8,19.427,41.267,412.67,1.3797038911281658,,,,Sand,,,Sand 5,5,15.53,19.93,-12.86,-17.259999999999998
-16.799999999999997,19.47,41.909,0.3295,0.79,5.68,-5.38,1.8,19.447,41.909,419.09,1.4027377630687894,,,,Sand,,,Sand 5,5,15.53,19.93,-12.86,-17.259999999999998
-16.82,19.49,42.274,0.3549,0.85,5.68,-5.39,1.8,19.467,42.274,422.74,1.4259649606744031,,,,Sand,,,Sand 5,5,15.53,19.93,-12.86,-17.259999999999998
-16.840000000000003,19.51,42.64,0.3688,0.89,5.7,-5.4,1.81,19.487,42.64,426.4,1.4399236548328451,,,,Sand,,,Sand 5,5,15.53,19.93,-12.86,-17.259999999999998
-16.86,19.53,43.331,0.3713,0.91,5.71,-5.41,1.81,19.507,43.331,433.31,1.443732312912558,,,,Sand,,,Sand 5,5,15.53,19.93,-12.86,-17.259999999999998
-16.880000000000003,19.55,41.174,0.3797,0.96,5.72,-5.42,1.81,19.527,41.174,411.74,1.4755086671928541,,,,Sand,,,Sand 5,5,15.53,19.93,-12.86,-17.259999999999998
-16.9,19.57,38.545,0.4,1.05,5.73,-5.43,1.82,19.546,38.545,385.45,1.5238318032952132,,,,Sand,,,Sand 5,5,15.53,19.93,-12.86,-17.259999999999998
-16.92,19.59,35.484,0.4022,1.1,5.74,-5.44,1.82,19.566,35.484,354.84,1.561233991871761,,,,Sand,,,Sand 5,5,15.53,19.93,-12.86,-17.259999999999998
-16.939999999999998,19.61,33.117,0.3943,1.13,5.75,-5.45,1.82,19.586,33.117,331.17,1.588436919912965,,,,Sand,,,Sand 5,5,15.53,19.93,-12.86,-17.259999999999998
-16.96,19.63,31.711,0.3892,1.16,5.76,-5.46,1.83,19.606,31.711,317.11,1.6088463292159711,,,,Sand,,,Sand 5,5,15.53,19.93,-12.86,-17.259999999999998
-16.979999999999997,19.65,31.685,0.4009,1.21,5.77,-5.47,1.83,19.626,31.685,316.85,1.6237285024593822,,,,Sand,,,Sand 5,5,15.53,19.93,-12.86,-17.259999999999998
-17.0,19.67,31.658,0.4253,1.27,5.78,-5.48,1.83,19.646,31.658,316.58,1.6408590994758159,,,,Sand,,,Sand 5,5,15.53,19.93,-12.86,-17.259999999999998
-17.020000000000003,19.69,33.018,0.4494,1.29,5.79,-5.49,1.84,19.666,33.018,330.18,1.6356479106692599,,,,Sand,,,Sand 5,5,15.53,19.93,-12.86,-17.259999999999998
-17.04,19.71,35.593,0.4636,1.28,5.8,-5.5,1.84,19.686,35.593,355.93,1.6141181219472456,,,,Sand,,,Sand 5,5,15.53,19.93,-12.86,-17.259999999999998
-17.060000000000002,19.73,38.578,0.4609,1.22,5.81,-5.51,1.84,19.706,38.578,385.78,1.5771593190052435,,,,Sand,,,Sand 5,5,15.53,19.93,-12.86,-17.259999999999998
-17.08,19.75,41.078,0.4666,1.2,5.82,-5.52,1.85,19.726,41.078,410.78,1.5560452940964387,,,,Sand,,,Sand 5,5,15.53,19.93,-12.86,-17.259999999999998
-17.1,19.77,42.221,0.4924,1.23,5.83,-5.53,1.85,19.745,42.221,422.21,1.5585196467880251,,,,Sand,,,Sand 5,5,15.53,19.93,-12.86,-17.259999999999998
-17.119999999999997,19.79,41.722,0.5164,1.27,5.84,-5.54,1.85,19.765,41.722,417.22,1.5730021370194303,,,,Sand,,,Sand 5,5,15.53,19.93,-12.86,-17.259999999999998
-17.14,19.81,41.117,0.5157,1.28,5.86,-5.55,1.86,19.785,41.117,411.17,1.579299095511659,,,,Sand,,,Sand 5,5,15.53,19.93,-12.86,-17.259999999999998
-17.159999999999997,19.83,40.519,0.5122,1.3,5.86,-5.55,1.86,19.805,40.519,405.19,1.5884071747804025,,,,Sand,,,Sand 5,5,15.53,19.93,-12.86,-17.259999999999998
-17.18,19.85,38.515,0.5168,1.35,5.87,-5.56,1.86,19.825,38.515,385.15,1.6141597678747976,,,,Sand,,,Sand 5,5,15.53,19.93,-12.86,-17.259999999999998
-17.200000000000003,19.87,36.541,0.481,1.28,5.88,-5.57,1.87,19.845,36.541,365.41,1.6076484860796778,,,,Sand,,,Sand 5,5,15.53,19.93,-12.86,-17.259999999999998
-17.22,19.89,35.358,0.4427,1.21,5.89,-5.58,1.87,19.865,35.358,353.58,1.5957551992290846,,,,Sand,,,Sand 5,5,15.53,19.93,-12.86,-17.259999999999998
-17.240000000000002,19.91,35.191,0.4422,1.24,5.9,-5.59,1.87,19.885,35.191,351.91,1.6056323046118024,,,,Sand,,,Sand 5,5,15.53,19.93,-12.86,-17.259999999999998
-17.259999999999998,19.93,34.909,0.4527,1.28,5.91,-5.6,1.88,19.905,34.909,349.09,1.6189290758359824,,,,Sand,,,Sand 5,5,15.53,19.93,-12.86,-17.259999999999998
