elevation_m_nap,depth_m,qc_mpa,fs_mpa,col_4,col_5,col_6,col_7,rf_percent,col_9,corrected_depth,qt_mpa,qt_over_pa,Isbt,Bqt,peat_boundary_qt_over_pa,organic_clay_boundary_qt_over_pa,soil_type,used_organic_boundary_qt_over_pa,distance_to_used_organic_boundary,layer_id,soil_layer_number,layer_top_depth_m,layer_bottom_depth_m,layer_top_elevation_m_nap,layer_bottom_elevation_m_nap
1.47,0.02,0.03,0.001,1.0,0.2,1.0,0.0,0.9434,40.0,0.02,0.03,0.3,4.167778653056029,,,,"Soil, fine grain",,,"Soil, fine grain 1",1,0.02,0.36,1.47,1.13
1.45,0.04,0.06,0.002,0.6,-0.4,0.4,2.3,1.1009,41.0,0.039999,0.06,0.6,3.9015067450719663,,,,"Soil, fine grain",,,"Soil, fine grain 1",1,0.02,0.36,1.47,1.13
1.43,0.06,0.09,0.002,0.8,-0.8,-0.2,2.4,0.75269,42.0,0.059997,0.09,0.9,3.6828138297344704,,,,"Soil, fine grain",,,"Soil, fine grain 1",1,0.02,0.36,1.47,1.13
1.41,0.08,0.12,0.003,1.8,-1.0,-1.6,2.4,0.81633,42.0,0.079987,0.12,1.2,3.574740817756007,,,,Clay & silt,,,"Soil, fine grain 1",1,0.02,0.36,1.47,1.13
1.39,0.1,0.23,0.004,2.0,-0.4,-2.0,2.3,0.74592,43.0,0.099975,0.23,2.3,3.294743116332456,,,,Clay & silt,,,"Soil, fine grain 1",1,0.02,0.36,1.47,1.13
1.37,0.12,0.56,0.006,2.0,2.0,0.4,2.4,0.77544,44.0,0.11996,0.56,5.6,2.939278418907406,,,,Silty clay / clayey silt,,,"Soil, fine grain 1",1,0.02,0.36,1.47,1.13
1.35,0.14,0.77,0.007,1.9333,1.0,1.4,2.4,0.67797,45.0,0.13995,0.77,7.7,2.7891869137447705,,,,Silty clay / clayey silt,,,"Soil, fine grain 1",1,0.02,0.36,1.47,1.13
1.33,0.16,1.08,0.009,1.8667,-0.8,-3.9,2.3,0.67925,46.0,0.15994,1.08,10.8,2.653991366542378,,,,Silty clay / clayey silt,,,"Soil, fine grain 1",1,0.02,0.36,1.47,1.13
1.31,0.18,1.38,0.01,1.8,-0.2,1.8,2.3,0.60241,47.0,0.17993,1.38,13.8,2.535596148579306,,,,Sand mixtures,,,"Soil, fine grain 1",1,0.02,0.36,1.47,1.13
1.29,0.2,1.96,0.012,3.8,-1.0,-3.7,2.4,0.60339,47.0,0.19989,1.96,19.6,2.3966153619478425,,,,Sand mixtures,,,"Soil, fine grain 1",1,0.02,0.36,1.47,1.13
1.27,0.22,2.16,0.013,3.2,1.0,0.8,2.4,0.55884,48.0,0.21986,2.16,21.6,2.3443981866650505,,,,Sand mixtures,,,"Soil, fine grain 1",1,0.02,0.36,1.47,1.13
1.25,0.24,2.46,0.014,2.6,0.6,0.4,2.3,0.52706,49.0,0.23984,2.46,24.6,2.2824572717024143,,,,Sand mixtures,,,"Soil, fine grain 1",1,0.02,0.36,1.47,1.13
1.23,0.26,2.91,0.017,2.0,-0.6,2.0,2.4,0.57071,50.0,0.25982,2.91,29.1,2.231110157251275,,,,Sand mixtures,,,"Soil, fine grain 1",1,0.02,0.36,1.47,1.13
1.21,0.28,3.19,0.019,1.5,0.6,1.4,2.4,0.57971,51.0,0.27982,3.19,31.9,2.1983363117529553,,,,Sand mixtures,,,"Soil, fine grain 1",1,0.02,0.36,1.47,1.13
1.19,0.3,3.47,0.021,1.4333,-0.6,1.0,2.3,0.58051,52.0,0.29981,3.47,34.7,2.1659893518421014,,,,Sand mixtures,,,"Soil, fine grain 1",1,0.02,0.36,1.47,1.13
1.17,0.32,3.72,0.023,1.3667,-0.8,-1.0,2.4,0.57321,52.0,0.3198,3.72,37.2,2.136594236854641,,,,Sand mixtures,,,"Soil, fine grain 1",1,0.02,0.36,1.47,1.13
1.15,0.34,3.96,0.025,1.3,0.6,-1.2,2.4,0.56306,53.0,0.3398,3.96,39.6,2.1089100729738655,,,,Sand mixtures,,,"Soil, fine grain 1",1,0.02,0.36,1.47,1.13
1.13,0.36,4.35,0.027,1.8,0.0,1.8,2.3,0.54795,54.0,0.35979,4.35,43.5,2.0672725449679916,,,,Sand mixtures,,,Sand 1,1,0.36,3.66,1.13,-2.17
1.1099999999999999,0.38,4.88,0.028,1.5333,0.2,0.0,2.4,0.51212,55.0,0.37978,4.88,48.8,2.009417765381341,,,,Sand,,,Sand 1,1,0.36,3.66,1.13,-2.17
1.0899999999999999,0.4,5.62,0.03,1.2667,-0.2,0.2,2.3,0.4971,56.0,0.39978,5.62,56.2,1.9491475867589607,,,,Sand,,,Sand 1,1,0.36,3.66,1.13,-2.17
1.07,0.42,6.33,0.033,1.0,0.0,1.0,2.4,0.49736,57.0,0.41977,6.33,63.3,1.9038117118499724,,,,Sand,,,Sand 1,1,0.36,3.66,1.13,-2.17
1.05,0.44,7.09,0.035,0.4,-0.4,-0.2,2.4,0.48493,57.0,0.43977,7.09,70.9,1.855414013524755,,,,Sand,,,Sand 1,1,0.36,3.66,1.13,-2.17
1.03,0.46,7.79,0.038,0.3,-0.2,0.2,2.3,0.49024,58.0,0.45977,7.79,77.9,1.8221932054489034,,,,Sand,,,Sand 1,1,0.36,3.66,1.13,-2.17
1.01,0.48,8.26,0.041,0.6,-0.2,0.6,2.4,0.4997,59.0,0.47977,8.26,82.6,1.8044106633951773,,,,Sand,,,Sand 1,1,0.36,3.66,1.13,-2.17
0.99,0.5,8.76,0.044,0.6,-0.2,-0.6,2.3,0.51327,60.0,0.49977,8.76,87.6,1.7885153519085315,,,,Sand,,,Sand 1,1,0.36,3.66,1.13,-2.17
0.97,0.52,9.01,0.049,0.6,-0.2,0.6,2.4,0.55422,61.0,0.51977,9.01,90.1,1.795756756946395,,,,Sand,,,Sand 1,1,0.36,3.66,1.13,-2.17
0.95,0.54,9.15,0.051,0.4,-0.2,-0.4,2.4,0.56541,62.0,0.53977,9.15,91.5,1.794798334890277,,,,Sand,,,Sand 1,1,0.36,3.66,1.13,-2.17
0.9299999999999999,0.56,9.25,0.055,0.4,-0.4,0.2,2.3,0.60249,62.0,0.55977,9.25,92.5,1.8059594061010125,,,,Sand,,,Sand 1,1,0.36,3.66,1.13,-2.17
0.91,0.58,9.27,0.056,0.4,-0.2,0.4,2.4,0.61077,63.0,0.57977,9.27,92.7,1.8084687630763359,,,,Sand,,,Sand 1,1,0.36,3.66,1.13,-2.17
0.89,0.6,9.24,0.057,0.8,-0.2,0.8,2.4,0.62125,64.0,0.59977,9.24,92.4,1.8137562182031908,,,,Sand,,,Sand 1,1,0.36,3.66,1.13,-2.17
0.87,0.62,9.22,0.057,0.3,-0.2,0.2,2.3,0.62244,65.0,0.61977,9.22,92.2,1.815001026846188,,,,Sand,,,Sand 1,1,0.36,3.66,1.13,-2.17
0.85,0.64,9.13,0.057,1.1,-0.4,1.0,2.4,0.62603,66.0,0.63976,9.13,91.3,1.8199297138698163,,,,Sand,,,Sand 1,1,0.36,3.66,1.13,-2.17
0.83,0.66,9.08,0.056,1.0,0.0,0.2,2.4,0.62084,67.0,0.65976,9.08,90.8,1.8198934733335406,,,,Sand,,,Sand 1,1,0.36,3.66,1.13,-2.17
0.8099999999999999,0.68,9.06,0.055,0.9,-0.2,0.4,2.4,0.61728,67.0,0.67976,9.06,90.6,1.8193007939409187,,,,Sand,,,Sand 1,1,0.36,3.66,1.13,-2.17
0.79,0.7,9.01,0.054,0.8,0.2,0.8,2.4,0.61591,68.0,0.69976,9.01,90.1,1.8207646877204255,,,,Sand,,,Sand 1,1,0.36,3.66,1.13,-2.17
0.77,0.72,8.83,0.052,0.6,0.0,0.6,2.4,0.60395,69.0,0.71975,8.83,88.3,1.8233756470398577,,,,Sand,,,Sand 1,1,0.36,3.66,1.13,-2.17
0.75,0.74,8.59,0.051,0.4,-0.2,0.4,2.4,0.60579,70.0,0.73975,8.59,85.9,1.834111935760108,,,,Sand,,,Sand 1,1,0.36,3.66,1.13,-2.17
0.73,0.76,8.36,0.049,1.0,-0.2,1.0,2.4,0.59711,71.0,0.75975,8.36,83.6,1.8405949214399004,,,,Sand,,,Sand 1,1,0.36,3.66,1.13,-2.17
0.71,0.78,8.08,0.049,1.0,0.0,1.0,2.4,0.61452,72.0,0.77975,8.08,80.8,1.8597925053268558,,,,Sand,,,Sand 1,1,0.36,3.66,1.13,-2.17
0.69,0.8,7.87,0.046,0.6,0.0,0.6,2.3,0.5946,72.0,0.79975,7.87,78.7,1.861730030008038,,,,Sand,,,Sand 1,1,0.36,3.66,1.13,-2.17
0.67,0.82,7.55,0.045,1.6,-0.2,1.6,2.1,0.5996,73.0,0.81974,7.55,75.5,1.8789254189111504,,,,Sand,,,Sand 1,1,0.36,3.66,1.13,-2.17
0.65,0.84,7.36,0.045,1.3333,-0.4,-0.2,2.1,0.61781,74.0,0.83973,7.36,73.6,1.8952119773132163,,,,Sand,,,Sand 1,1,0.36,3.66,1.13,-2.17
0.63,0.86,7.15,0.043,1.0667,-0.2,0.2,2.3,0.60756,75.0,0.85973,7.15,71.5,1.902014246948578,,,,Sand,,,Sand 1,1,0.36,3.66,1.13,-2.17
0.61,0.88,6.93,0.041,0.8,0.0,0.8,2.4,0.59571,76.0,0.87973,6.93,69.3,1.909084761388461,,,,Sand,,,Sand 1,1,0.36,3.66,1.13,-2.17
0.59,0.9,6.74,0.04,0.3,-0.2,-0.2,2.3,0.59546,77.0,0.89973,6.74,67.4,1.9193043055258832,,,,Sand,,,Sand 1,1,0.36,3.66,1.13,-2.17
0.57,0.92,6.59,0.044,0.3,-0.2,0.2,2.4,0.66869,78.0,0.91973,6.59,65.9,1.9541428597578123,,,,Sand,,,Sand 1,1,0.36,3.66,1.13,-2.17
0.55,0.94,6.43,0.049,0.8,0.0,0.8,2.8,0.75486,78.0,0.93973,6.43,64.3,1.9916961190704643,,,,Sand,,,Sand 1,1,0.36,3.66,1.13,-2.17
0.53,0.96,6.31,0.052,1.0,0.2,1.0,2.5,0.80402,79.0,0.95972,6.31,63.1,2.0137098671618974,,,,Sand,,,Sand 1,1,0.36,3.66,1.13,-2.17
0.51,0.98,6.23,0.052,0.3,-0.2,-0.2,2.3,0.79344,80.0,0.97972,6.23,62.3,2.015105978755701,,,,Sand,,,Sand 1,1,0.36,3.66,1.13,-2.17
0.49,1.0,6.26,0.045,0.4,-0.2,0.4,2.4,0.66019,81.0,0.99972,6.26,62.6,1.9700926299654244,,,,Sand,,,Sand 1,1,0.36,3.66,1.13,-2.17
0.47,1.02,6.44,0.0447,0.9,-0.4,0.8,2.3,0.61687,82.0,1.0197,6.44,64.4,1.9441685554290329,,,,Sand,,,Sand 1,1,0.36,3.66,1.13,-2.17
0.44999999999999996,1.04,6.74,0.0443,0.4,-0.2,0.4,2.4,0.56094,82.0,1.0397,6.74,67.4,1.9059895973292555,,,,Sand,,,Sand 1,1,0.36,3.66,1.13,-2.17
0.42999999999999994,1.06,7.43,0.044,0.6,-0.2,0.6,2.3,0.50669,83.0,1.0597,7.43,74.3,1.8471559643063375,,,,Sand,,,Sand 1,1,0.36,3.66,1.13,-2.17
0.4099999999999999,1.08,8.69,0.049,0.3,-0.2,0.2,2.4,0.51028,84.0,1.0797,8.69,86.9,1.7901757300674133,,,,Sand,,,Sand 1,1,0.36,3.66,1.13,-2.17
0.3899999999999999,1.1,9.87,0.052,0.3,-0.2,0.2,2.4,0.48958,85.0,1.0997,9.87,98.7,1.7336144244713834,,,,Sand,,,Sand 1,1,0.36,3.66,1.13,-2.17
0.3699999999999999,1.12,11.52,0.054,0.3,-0.2,0.2,2.3,0.46198,86.0,1.1197,11.52,115.2,1.6632992152861255,,,,Sand,,,Sand 1,1,0.36,3.66,1.13,-2.17
0.3500000000000001,1.14,12.52,0.065,0.6,0.0,0.6,2.4,0.5104,86.0,1.1397,12.52,125.2,1.6566496556811268,,,,Sand,,,Sand 1,1,0.36,3.66,1.13,-2.17
0.33000000000000007,1.16,13.61,0.073,0.6,-0.2,0.6,2.4,0.53598,87.0,1.1597,13.61,136.1,1.638950317978361,,,,Sand,,,Sand 1,1,0.36,3.66,1.13,-2.17
0.31000000000000005,1.18,14.59,0.082,0.2,0.0,0.2,2.4,0.57253,88.0,1.1797,14.59,145.9,1.631435256093387,,,,Sand,,,Sand 1,1,0.36,3.66,1.13,-2.17
0.29000000000000004,1.2,15.28,0.089,0.6,-0.2,0.6,2.4,0.60049,89.0,1.1997,15.28,152.8,1.6280333349582303,,,,Sand,,,Sand 1,1,0.36,3.66,1.13,-2.17
0.27,1.22,15.8,0.089,0.6,-0.4,0.4,2.4,0.58432,90.0,1.2197,15.8,158.0,1.6092832280312301,,,,Sand,,,Sand 1,1,0.36,3.66,1.13,-2.17
0.25,1.24,15.77,0.118,0.4,-0.2,0.4,2.4,0.76234,91.0,1.2397,15.77,157.7,1.6831945742033343,,,,Sand,,,Sand 1,1,0.36,3.66,1.13,-2.17
0.22999999999999998,1.26,15.49,0.128,0.3,-0.2,0.2,2.3,0.82969,91.0,1.2597,15.49,154.9,1.7133002362559495,,,,Sand,,,Sand 1,1,0.36,3.66,1.13,-2.17
0.20999999999999996,1.28,15.51,0.124,0.7,-0.4,0.6,2.4,0.81265,92.0,1.2797,15.51,155.1,1.7069025106625029,,,,Sand,,,Sand 1,1,0.36,3.66,1.13,-2.17
0.18999999999999995,1.3,15.8,0.119,0.8,0.0,0.8,2.3,0.79393,93.0,1.2997,15.8,158.0,1.6941738419308556,,,,Sand,,,Sand 1,1,0.36,3.66,1.13,-2.17
0.16999999999999993,1.32,15.59,0.109,0.3,-0.2,0.2,2.4,0.74162,94.0,1.3197,15.59,155.9,1.679171701492858,,,,Sand,,,Sand 1,1,0.36,3.66,1.13,-2.17
0.1499999999999999,1.34,14.18,0.106,0.6,-0.2,0.6,2.0,0.73477,95.0,1.3397,14.18,141.8,1.7081283497150022,,,,Sand,,,Sand 1,1,0.36,3.66,1.13,-2.17
0.1299999999999999,1.36,13.93,0.103,0.8,-0.2,0.8,2.2,0.72747,96.0,1.3597,13.93,139.3,1.7113531274323184,,,,Sand,,,Sand 1,1,0.36,3.66,1.13,-2.17
0.1100000000000001,1.38,13.64,0.099,0.6,-0.2,0.6,2.4,0.71358,97.0,1.3797,13.64,136.4,1.7131841202584435,,,,Sand,,,Sand 1,1,0.36,3.66,1.13,-2.17
0.09000000000000008,1.4,13.44,0.0937,0.7,-0.4,0.6,2.4,0.68607,98.0,1.3997,13.44,134.4,1.707573360183146,,,,Sand,,,Sand 1,1,0.36,3.66,1.13,-2.17
0.07000000000000006,1.42,13.32,0.0883,0.7,-0.4,0.6,2.3,0.64411,98.0,1.4197,13.32,133.2,1.693846996787767,,,,Sand,,,Sand 1,1,0.36,3.66,1.13,-2.17
0.050000000000000044,1.44,13.37,0.083,0.2,0.0,0.2,2.4,0.59847,99.0,1.4397,13.37,133.7,1.6733428555241037,,,,Sand,,,Sand 1,1,0.36,3.66,1.13,-2.17
0.030000000000000027,1.46,13.52,0.083,1.1,-0.4,1.0,2.8,0.58637,100.0,1.4597,13.52,135.2,1.6641715096538074,,,,Sand,,,Sand 1,1,0.36,3.66,1.13,-2.17
0.010000000000000009,1.48,13.86,0.083,1.0667,-0.4,0.2,2.6,0.56825,101.0,1.4797,13.86,138.6,1.6474040321466499,,,,Sand,,,Sand 1,1,0.36,3.66,1.13,-2.17
-0.010000000000000009,1.5,14.59,0.084,1.0333,-0.2,0.8,2.3,0.55227,101.0,1.4997,14.59,145.9,1.6221057296209567,,,,Sand,,,Sand 1,1,0.36,3.66,1.13,-2.17
-0.030000000000000027,1.52,15.21,0.09,1.0,-0.2,1.0,2.4,0.56342,102.0,1.5197,15.21,152.1,1.6128008051136102,,,,Sand,,,Sand 1,1,0.36,3.66,1.13,-2.17
-0.050000000000000044,1.54,15.93,0.096,0.6,-0.2,0.6,2.3,0.56999,103.0,1.5397,15.93,159.3,1.5998730269039272,,,,Sand,,,Sand 1,1,0.36,3.66,1.13,-2.17
-0.07000000000000006,1.56,17.05,0.098,0.7,-0.6,0.4,2.4,0.55246,104.0,1.5597,17.05,170.5,1.568231299185754,,,,Sand,,,Sand 1,1,0.36,3.66,1.13,-2.17
-0.09000000000000008,1.58,18.15,0.104,0.8,-0.6,0.6,2.4,0.55989,105.0,1.5797,18.15,181.5,1.5504975580453058,,,,Sand,,,Sand 1,1,0.36,3.66,1.13,-2.17
-0.1100000000000001,1.6,19.48,0.109,0.7,-0.4,0.6,2.3,0.5632,106.0,1.5997,19.48,194.8,1.528252666792848,,,,Sand,,,Sand 1,1,0.36,3.66,1.13,-2.17
-0.13000000000000012,1.62,20.47,0.112,0.9,-0.4,0.8,2.4,0.55878,106.0,1.6197,20.47,204.7,1.5094908820401403,,,,Sand,,,Sand 1,1,0.36,3.66,1.13,-2.17
-0.1499999999999999,1.64,21.03,0.117,0.9,-0.4,0.8,2.4,0.56834,107.0,1.6397,21.03,210.3,1.5052703818642652,,,,Sand,,,Sand 1,1,0.36,3.66,1.13,-2.17
-0.16999999999999993,1.66,21.28,0.125,0.7,-0.4,0.6,2.3,0.59623,108.0,1.6597,21.28,212.8,1.5149513173716707,,,,Sand,,,Sand 1,1,0.36,3.66,1.13,-2.17
-0.18999999999999995,1.68,21.44,0.129,1.3,-1.0,0.8,2.4,0.6104,109.0,1.6797,21.44,214.4,1.5192332184840174,,,,Sand,,,Sand 1,1,0.36,3.66,1.13,-2.17
-0.20999999999999996,1.7,21.45,0.133,0.9,-0.4,0.8,2.4,0.6288,110.0,1.6997,21.45,214.5,1.5276503464634843,,,,Sand,,,Sand 1,1,0.36,3.66,1.13,-2.17
-0.22999999999999998,1.72,21.39,0.135,0.9,-0.4,0.8,2.4,0.64122,111.0,1.7197,21.39,213.9,1.5342304117807304,,,,Sand,,,Sand 1,1,0.36,3.66,1.13,-2.17
-0.25,1.74,21.18,0.137,0.8,-0.6,0.6,2.4,0.65664,111.0,1.7397,21.18,211.8,1.5443294396329639,,,,Sand,,,Sand 1,1,0.36,3.66,1.13,-2.17
-0.27,1.76,20.83,0.137,0.7,-0.4,0.6,2.4,0.66655,112.0,1.7597,20.83,208.3,1.5540602211988872,,,,Sand,,,Sand 1,1,0.36,3.66,1.13,-2.17
-0.29000000000000004,1.78,20.61,0.137,1.1,-0.4,1.0,2.4,0.67876,113.0,1.7797,20.61,206.1,1.5627740529782927,,,,Sand,,,Sand 1,1,0.36,3.66,1.13,-2.17
-0.31000000000000005,1.8,20.25,0.135,1.0556,-0.4,0.8,2.4,0.68471,114.0,1.7997,20.25,202.5,1.5709872845848534,,,,Sand,,,Sand 1,1,0.36,3.66,1.13,-2.17
-0.33000000000000007,1.82,19.76,0.134,1.0111,-0.8,0.8,2.3,0.69896,115.0,1.8197,19.76,197.6,1.5848769848139606,,,,Sand,,,Sand 1,1,0.36,3.66,1.13,-2.17
-0.3500000000000001,1.84,18.96,0.132,0.9667,0.0,0.6,2.2,0.71001,116.0,1.8396,18.96,189.6,1.6027654211710678,,,,Sand,,,Sand 1,1,0.36,3.66,1.13,-2.17
-0.3700000000000001,1.86,18.49,0.128,0.8333,-0.4,0.8,2.0,0.71294,117.0,1.8596,18.49,184.9,1.6120804872796783,,,,Sand,,,Sand 1,1,0.36,3.66,1.13,-2.17
-0.3899999999999999,1.88,17.65,0.125,0.7,-0.4,0.6,2.3,0.72202,117.0,1.8796,17.65,176.5,1.6308347377359662,,,,Sand,,,Sand 1,1,0.36,3.66,1.13,-2.17
-0.4099999999999999,1.9,16.82,0.121,0.8,-0.6,0.6,2.4,0.72607,118.0,1.8996,16.82,168.2,1.648175799309334,,,,Sand,,,Sand 1,1,0.36,3.66,1.13,-2.17
-0.42999999999999994,1.92,16.19,0.115,1.0,-0.6,0.8,2.4,0.71584,119.0,1.9196,16.19,161.9,1.6567220229850521,,,,Sand,,,Sand 1,1,0.36,3.66,1.13,-2.17
-0.44999999999999996,1.94,15.51,0.11,0.6,-0.2,0.6,2.3,0.71088,120.0,1.9396,15.51,155.1,1.6690061329401482,,,,Sand,,,Sand 1,1,0.36,3.66,1.13,-2.17
-0.47,1.96,15.12,0.102,0.8,-0.6,0.6,2.4,0.68216,121.0,1.9596,15.12,151.2,1.66611308366865,,,,Sand,,,Sand 1,1,0.36,3.66,1.13,-2.17
-0.49,1.98,14.58,0.095,1.0,-0.6,0.8,3.0,0.65568,121.0,1.9796,14.58,145.8,1.6676329265807563,,,,Sand,,,Sand 1,1,0.36,3.66,1.13,-2.17
-0.51,2.0,14.16,0.09,0.8,-0.2,0.8,2.8,0.63983,122.0,1.9996,14.16,141.6,1.6710483845062996,,,,Sand,,,Sand 1,1,0.36,3.66,1.13,-2.17
-0.53,2.02,13.76,0.086,1.1,-0.6,1.0,2.4,0.62768,123.0,2.0196,13.76,137.6,1.6758186366916772,,,,Sand,,,Sand 1,1,0.36,3.66,1.13,-2.17
-0.55,2.04,13.48,0.084,1.0778,-0.4,0.8,2.3,0.62933,124.0,2.0396,13.48,134.8,1.6836105399629244,,,,Sand,,,Sand 1,1,0.36,3.66,1.13,-2.17
-0.5700000000000001,2.06,13.11,0.083,1.0555,-0.4,1.0,2.4,0.63742,125.0,2.0596,13.11,131.1,1.6965926044966333,,,,Sand,,,Sand 1,1,0.36,3.66,1.13,-2.17
-0.5900000000000001,2.08,12.81,0.082,1.0333,-0.4,0.6,2.3,0.64478,126.0,2.0796,12.81,128.1,1.7076183793311925,,,,Sand,,,Sand 1,1,0.36,3.66,1.13,-2.17
-0.6100000000000001,2.1,12.59,0.082,0.9667,-0.6,0.4,2.4,0.65976,126.0,2.0996,12.59,125.9,1.7196373800367626,,,,Sand,,,Sand 1,1,0.36,3.66,1.13,-2.17
-0.6300000000000001,2.12,12.29,0.082,0.9,-0.4,0.8,2.4,0.67483,127.0,2.1196,12.29,122.9,1.7339105667692174,,,,Sand,,,Sand 1,1,0.36,3.66,1.13,-2.17
-0.6500000000000001,2.14,11.97,0.081,0.9,-0.4,0.8,2.4,0.68039,128.0,2.1396,11.97,119.7,1.7451937246026163,,,,Sand,,,Sand 1,1,0.36,3.66,1.13,-2.17
-0.6700000000000002,2.16,11.73,0.081,0.9,-0.4,0.8,2.3,0.69283,129.0,2.1596,11.73,117.3,1.7569561813172543,,,,Sand,,,Sand 1,1,0.36,3.66,1.13,-2.17
-0.6900000000000002,2.18,11.45,0.081,0.9,-0.4,0.8,2.4,0.7032,130.0,2.1796,11.45,114.5,1.7692165645571736,,,,Sand,,,Sand 1,1,0.36,3.66,1.13,-2.17
-0.7100000000000002,2.2,11.26,0.079,1.1,-0.4,1.0,2.4,0.69177,130.0,2.1996,11.26,112.6,1.7707490488472493,,,,Sand,,,Sand 1,1,0.36,3.66,1.13,-2.17
-0.7300000000000002,2.22,11.14,0.078,1.1,-0.6,1.0,2.4,0.68384,131.0,2.2196,11.14,111.4,1.77149224049907,,,,Sand,,,Sand 1,1,0.36,3.66,1.13,-2.17
-0.7500000000000002,2.24,11.1,0.078,1.0333,-0.6,0.6,2.4,0.67833,132.0,2.2396,11.1,111.0,1.7706588726287402,,,,Sand,,,Sand 1,1,0.36,3.66,1.13,-2.17
-0.7699999999999998,2.26,11.21,0.079,0.9667,-0.4,0.8,2.3,0.67709,133.0,2.2596,11.21,112.1,1.7667422203028318,,,,Sand,,,Sand 1,1,0.36,3.66,1.13,-2.17
-0.7899999999999998,2.28,11.5,0.081,0.9,-0.4,0.8,2.4,0.68103,134.0,2.2796,11.5,115.0,1.7593441145596729,,,,Sand,,,Sand 1,1,0.36,3.66,1.13,-2.17
-0.8099999999999998,2.3,11.86,0.078,0.6,-0.4,0.4,2.4,0.64118,135.0,2.2996,11.86,118.6,1.7329937704356972,,,,Sand,,,Sand 1,1,0.36,3.66,1.13,-2.17
-0.8299999999999998,2.32,12.47,0.082,0.9,-0.4,0.8,2.3,0.65784,135.0,2.3196,12.47,124.7,1.7221895115565966,,,,Sand,,,Sand 1,1,0.36,3.66,1.13,-2.17
-0.8499999999999999,2.34,12.8,0.082,0.9,-0.4,0.8,2.0,0.64314,136.0,2.3396,12.8,128.0,1.7072225724770178,,,,Sand,,,Sand 1,1,0.36,3.66,1.13,-2.17
-0.8699999999999999,2.36,13.07,0.086,0.7,-0.4,0.6,2.3,0.66046,137.0,2.3596,13.07,130.7,1.7070004599751416,,,,Sand,,,Sand 1,1,0.36,3.66,1.13,-2.17
-0.8899999999999999,2.38,13.31,0.09,0.9,-0.4,0.8,2.4,0.67957,138.0,2.3796,13.31,133.1,1.7083423294951943,,,,Sand,,,Sand 1,1,0.36,3.66,1.13,-2.17
-0.9099999999999999,2.4,13.5,0.093,1.1,-0.4,1.0,2.4,0.69526,139.0,2.3996,13.5,135.0,1.7096380844944277,,,,Sand,,,Sand 1,1,0.36,3.66,1.13,-2.17
-0.9299999999999999,2.42,13.49,0.094,0.9,-0.4,0.8,2.1,0.69843,140.0,2.4196,13.49,134.9,1.711118198895271,,,,Sand,,,Sand 1,1,0.36,3.66,1.13,-2.17
-0.95,2.44,13.67,0.092,0.8,-0.2,0.8,2.9,0.68205,141.0,2.4396,13.67,136.7,1.7002065368801125,,,,Sand,,,Sand 1,1,0.36,3.66,1.13,-2.17
-0.97,2.46,13.64,0.094,0.9,-0.4,0.8,2.7,0.69733,141.0,2.4596,13.64,136.4,1.7069334459420198,,,,Sand,,,Sand 1,1,0.36,3.66,1.13,-2.17
-0.99,2.48,13.53,0.094,0.9,-0.4,0.8,2.4,0.70103,142.0,2.4796,13.53,135.3,1.7111160386509248,,,,Sand,,,Sand 1,1,0.36,3.66,1.13,-2.17
-1.01,2.5,13.46,0.093,0.9,-0.4,0.8,2.4,0.69879,143.0,2.4996,13.46,134.6,1.712014605553871,,,,Sand,,,Sand 1,1,0.36,3.66,1.13,-2.17
-1.03,2.52,13.31,0.093,0.9,-0.4,0.8,2.4,0.70722,144.0,2.5196,13.31,133.1,1.7190647478743493,,,,Sand,,,Sand 1,1,0.36,3.66,1.13,-2.17
-1.05,2.54,13.24,0.093,0.9,-0.4,0.8,2.3,0.71752,145.0,2.5396,13.24,132.4,1.724768049317613,,,,Sand,,,Sand 1,1,0.36,3.66,1.13,-2.17
-1.07,2.56,12.93,0.093,0.9,-0.4,0.8,2.4,0.72998,145.0,2.5596,12.93,129.3,1.7374743758877718,,,,Sand,,,Sand 1,1,0.36,3.66,1.13,-2.17
-1.09,2.58,12.69,0.092,0.7,-0.4,0.6,2.3,0.73718,146.0,2.5796,12.69,126.9,1.7464945897858168,,,,Sand,,,Sand 1,1,0.36,3.66,1.13,-2.17
-1.11,2.6,12.4,0.09,0.9,-0.4,0.8,2.4,0.73846,147.0,2.5996,12.4,124.0,1.7548286137015137,,,,Sand,,,Sand 1,1,0.36,3.66,1.13,-2.17
-1.1300000000000001,2.62,12.13,0.089,0.9,-0.4,0.8,2.4,0.75105,148.0,2.6195,12.13,121.3,1.7668820303661312,,,,Sand,,,Sand 1,1,0.36,3.66,1.13,-2.17
-1.1500000000000001,2.64,11.76,0.088,0.7,-0.4,0.6,2.4,0.76538,149.0,2.6395,11.76,117.6,1.7825275139730188,,,,Sand,,,Sand 1,1,0.36,3.66,1.13,-2.17
-1.1700000000000002,2.66,11.38,0.087,0.9,-0.4,0.8,2.4,0.78114,150.0,2.6595,11.38,113.8,1.7992107318764325,,,,Sand,,,Sand 1,1,0.36,3.66,1.13,-2.17
-1.1900000000000002,2.68,10.97,0.084,1.0,-0.6,0.8,2.3,0.78067,150.0,2.6795,10.97,109.7,1.811599570821179,,,,Sand,,,Sand 1,1,0.36,3.66,1.13,-2.17
-1.2100000000000002,2.7,10.54,0.082,1.1,-0.4,1.0,2.4,0.79084,151.0,2.6995,10.54,105.4,1.8287680214633562,,,,Sand,,,Sand 1,1,0.36,3.66,1.13,-2.17
-1.2300000000000002,2.72,10.11,0.078,1.0333,-0.4,0.6,2.4,0.78078,152.0,2.7195,10.11,101.1,1.8397484176490715,,,,Sand,,,Sand 1,1,0.36,3.66,1.13,-2.17
-1.2500000000000002,2.74,9.81,0.074,0.9667,-0.4,1.0,2.4,0.77013,153.0,2.7395,9.81,98.1,1.8466040456805632,,,,Sand,,,Sand 1,1,0.36,3.66,1.13,-2.17
-1.2699999999999998,2.76,9.38,0.071,0.9,-0.4,0.8,2.4,0.76829,154.0,2.7595,9.38,93.8,1.8616074403703888,,,,Sand,,,Sand 1,1,0.36,3.66,1.13,-2.17
-1.2899999999999998,2.78,9.0,0.068,0.9,-0.4,0.8,2.4,0.76426,155.0,2.7795,9.0,90.0,1.8747431186910937,,,,Sand,,,Sand 1,1,0.36,3.66,1.13,-2.17
-1.3099999999999998,2.8,8.73,0.068,0.9,-0.4,0.8,2.4,0.79231,155.0,2.7995,8.73,87.3,1.894656636780441,,,,Sand,,,Sand 1,1,0.36,3.66,1.13,-2.17
-1.3299999999999998,2.82,8.33,0.066,0.9,-0.4,0.8,2.4,0.79662,156.0,2.8195,8.33,83.3,1.912512791542366,,,,Sand,,,Sand 1,1,0.36,3.66,1.13,-2.17
-1.3499999999999999,2.84,8.03,0.065,1.0,-0.6,0.8,2.0,0.80921,157.0,2.8395,8.03,80.3,1.9294137937981684,,,,Sand,,,Sand 1,1,0.36,3.66,1.13,-2.17
-1.3699999999999999,2.86,7.79,0.06,0.9,-0.4,0.8,2.2,0.76665,158.0,2.8595,7.79,77.9,1.9265717840898355,,,,Sand,,,Sand 1,1,0.36,3.66,1.13,-2.17
-1.39,2.88,7.59,0.059,0.9,-0.4,0.8,2.3,0.77187,159.0,2.8795,7.59,75.9,1.9375203950397544,,,,Sand,,,Sand 1,1,0.36,3.66,1.13,-2.17
-1.41,2.9,7.43,0.059,0.7,-0.4,0.6,2.4,0.78903,160.0,2.8995,7.43,74.3,1.9505729151185032,,,,Sand,,,Sand 1,1,0.36,3.66,1.13,-2.17
-1.43,2.92,7.36,0.06,0.9,-0.4,0.8,2.3,0.82037,161.0,2.9195,7.36,73.6,1.9636646611292687,,,,Sand,,,Sand 1,1,0.36,3.66,1.13,-2.17
-1.45,2.94,7.35,0.062,0.9,-0.4,0.8,2.6,0.8714,161.0,2.9395,7.35,73.5,1.9793936129793581,,,,Sand,,,Sand 1,1,0.36,3.66,1.13,-2.17
-1.47,2.96,7.27,0.063,0.7,-0.4,0.6,2.8,0.91887,162.0,2.9595,7.27,72.7,1.9968103945275093,,,,Sand,,,Sand 1,1,0.36,3.66,1.13,-2.17
-1.49,2.98,7.0,0.063,0.9,-0.4,0.8,2.5,0.96367,163.0,2.9795,7.0,70.0,2.0223129889907265,,,,Sand,,,Sand 1,1,0.36,3.66,1.13,-2.17
-1.51,3.0,6.72,0.068,0.9,-0.4,0.8,2.3,1.0974,164.0,2.9995,6.72,67.2,2.0704481464330016,,,,Sand mixtures,,,Sand 1,1,0.36,3.66,1.13,-2.17
-1.53,3.02,6.2,0.067,0.9,-0.4,0.8,2.4,1.1547,165.0,3.0195,6.2,62.0,2.1116573596890262,,,,Sand mixtures,,,Sand 1,1,0.36,3.66,1.13,-2.17
-1.55,3.04,5.52,0.065,1.1,-0.4,1.0,2.3,1.2152,165.0,3.0395,5.52,55.2,2.1652483300958054,,,,Sand mixtures,,,Sand 1,1,0.36,3.66,1.13,-2.17
-1.57,3.06,4.88,0.0647,1.1333,-0.4,0.8,2.4,1.3333,166.0,3.0595,4.88,48.8,2.2322318272620363,,,,Sand mixtures,,,Sand 1,1,0.36,3.66,1.13,-2.17
-1.59,3.08,4.63,0.0643,1.1667,-0.6,0.6,2.4,1.491,167.0,3.0795,4.63,46.3,2.279848219241593,,,,Sand mixtures,,,Sand 1,1,0.36,3.66,1.13,-2.17
-1.61,3.1,4.2,0.064,1.2,-0.4,1.2,2.4,1.7078,168.0,3.0995,4.2,42.0,2.3494811021094444,,,,Sand mixtures,,,Sand 1,1,0.36,3.66,1.13,-2.17
-1.6300000000000001,3.12,3.64,0.065,1.1,-0.6,1.0,2.3,2.0179,169.0,3.1195,3.64,36.4,2.443197257814819,,,,Sand mixtures,,,Sand 1,1,0.36,3.66,1.13,-2.17
-1.6500000000000001,3.14,3.03,0.064,1.1,-0.4,1.0,2.4,2.3422,170.0,3.1395,3.03,30.3,2.5458328316777994,,,,Sand mixtures,,,Sand 1,1,0.36,3.66,1.13,-2.17
-1.6700000000000002,3.16,2.4,0.061,1.0667,-0.4,0.8,2.4,2.6841,170.0,3.1595,2.4,24.0,2.6619079963847523,,,,Silty clay / clayey silt,,,Sand 1,1,0.36,3.66,1.13,-2.17
-1.6900000000000002,3.18,1.68,0.061,1.0333,-0.2,1.2,2.4,3.2722,171.0,3.1795,1.68,16.8,2.836953593595992,,,9.47260444976068,Silty clay / clayey silt,,,Sand 1,1,0.36,3.66,1.13,-2.17
-1.7100000000000002,3.2,1.31,0.059,1.0,-0.2,1.0,2.4,3.8731,172.0,3.1995,1.31,13.1,2.967222380590664,,,10.54963611507368,Clay & silt,,,Sand 1,1,0.36,3.66,1.13,-2.17
-1.7300000000000002,3.22,0.97,0.057,1.2,0.0,1.2,2.4,4.5178,173.0,3.2195,0.97,9.7,3.1115548973344427,,,11.26598424528115,Organic clay,11.26598424528115,-1.5659842452811503,Sand 1,1,0.36,3.66,1.13,-2.17
-1.7500000000000002,3.24,0.9511,0.052,1.1667,-0.8,0.6,2.3,4.8074,174.0,3.2395,0.9511,9.511,3.1346769204299543,,,11.518588702081356,Organic clay,11.518588702081356,-2.0075887020813568,Sand 1,1,0.36,3.66,1.13,-2.17
-1.7699999999999998,3.26,0.9322,0.044,1.1333,-0.4,1.0,2.4,4.082,175.0,3.2595,0.9322,9.322000000000001,3.0991209546453664,,,10.81218408260521,Organic clay,10.81218408260521,-1.490184082605209,Sand 1,1,0.36,3.66,1.13,-2.17
-1.7899999999999998,3.28,0.9133,0.042,1.1,-0.4,1.0,2.4,3.1392,175.0,3.2794,0.9133,9.133,3.040475003777742,,,9.104090672045352,Clay & silt,,,Sand 1,1,0.36,3.66,1.13,-2.17
-1.8099999999999998,3.3,0.9367,0.0403,0.9,-0.4,0.8,2.3,2.2032,176.0,3.2994,0.9367,9.366999999999999,2.947055738605559,,,,Silty clay / clayey silt,,,Sand 1,1,0.36,3.66,1.13,-2.17
-1.8299999999999998,3.32,0.96,0.0387,1.1,-0.4,1.0,2.4,1.6233,177.0,3.3194,0.96,9.6,2.869640240960577,,,,Silty clay / clayey silt,,,Sand 1,1,0.36,3.66,1.13,-2.17
-1.8499999999999999,3.34,1.65,0.037,0.9,-0.4,0.8,2.3,1.2328,178.0,3.3394,1.65,16.5,2.606198008155933,,,,Silty clay / clayey silt,,,Sand 1,1,0.36,3.66,1.13,-2.17
-1.8699999999999999,3.36,3.39,0.036,0.9,-0.4,0.8,2.0,0.9797,179.0,3.3594,3.39,33.9,2.286825687982127,,,,Sand mixtures,,,Sand 1,1,0.36,3.66,1.13,-2.17
-1.89,3.38,4.9,0.038,0.9,-0.4,0.8,2.3,0.86733,180.0,3.3794,4.9,49.0,2.1234625084530565,,,,Sand mixtures,,,Sand 1,1,0.36,3.66,1.13,-2.17
-1.91,3.4,5.39,0.04,0.8,-0.6,0.6,2.4,0.78451,181.0,3.3994,5.39,53.9,2.065043196031405,,,,Sand mixtures,,,Sand 1,1,0.36,3.66,1.13,-2.17
-1.93,3.42,5.87,0.042,1.1,-0.4,1.0,2.3,0.73378,181.0,3.4194,5.87,58.7,2.018188685305562,,,,Sand,,,Sand 1,1,0.36,3.66,1.13,-2.17
-1.95,3.44,6.3,0.044,1.1,-0.6,0.6,2.3,0.71807,182.0,3.4394,6.3,63.0,1.9872689662560739,,,,Sand,,,Sand 1,1,0.36,3.66,1.13,-2.17
-1.97,3.46,6.59,0.046,1.1,-0.4,1.0,2.9,0.72641,183.0,3.4594,6.59,65.9,1.973609254509971,,,,Sand,,,Sand 1,1,0.36,3.66,1.13,-2.17
-1.99,3.48,6.7,0.049,1.1,-0.4,1.0,2.7,0.75895,184.0,3.4794,6.7,67.0,1.978120083165356,,,,Sand,,,Sand 1,1,0.36,3.66,1.13,-2.17
-2.01,3.5,6.65,0.051,1.1,-0.4,1.0,2.3,0.78401,185.0,3.4994,6.65,66.5,1.9886953424625495,,,,Sand,,,Sand 1,1,0.36,3.66,1.13,-2.17
-2.0300000000000002,3.52,6.62,0.053,1.1,-0.4,1.0,2.4,0.81759,185.0,3.5194,6.62,66.2,2.000576464530386,,,,Sand,,,Sand 1,1,0.36,3.66,1.13,-2.17
-2.05,3.54,6.54,0.056,1.1,-0.4,1.0,2.4,0.87227,186.0,3.5394,6.54,65.4,2.020946209614598,,,,Sand,,,Sand 1,1,0.36,3.66,1.13,-2.17
-2.0700000000000003,3.56,6.38,0.054,1.1,-0.4,0.8,2.4,0.84939,187.0,3.5594,6.38,63.8,2.0231829871874654,,,,Sand,,,Sand 1,1,0.36,3.66,1.13,-2.17
-2.09,3.58,6.26,0.055,1.1,-0.4,0.8,2.4,0.87008,188.0,3.5794,6.26,62.6,2.0359103535991867,,,,Sand,,,Sand 1,1,0.36,3.66,1.13,-2.17
-2.1100000000000003,3.6,6.12,0.057,1.1,-0.4,1.0,2.4,0.90351,189.0,3.5994,6.12,61.2,2.053325134969661,,,,Sand mixtures,,,Sand 1,1,0.36,3.66,1.13,-2.17
-2.13,3.62,6.09,0.06,1.1,-0.4,1.0,2.4,0.94805,189.0,3.6194,6.09,60.9,2.0671042289789283,,,,Sand mixtures,,,Sand 1,1,0.36,3.66,1.13,-2.17
-2.1500000000000004,3.64,6.2,0.062,1.1,-0.4,0.8,2.4,0.96989,190.0,3.6394,6.2,62.0,2.0665306170062716,,,,Sand mixtures,,,Sand 1,1,0.36,3.66,1.13,-2.17
-2.17,3.66,6.36,0.062,1.1,-0.4,0.8,2.3,0.95183,191.0,3.6594,6.36,63.6,2.052780990276153,,,,Sand mixtures,,,Sand 2,2,3.66,5.72,-2.17,-4.2299999999999995
-2.1900000000000004,3.68,6.52,0.064,1.1,-0.4,1.0,2.3,0.95898,192.0,3.6794,6.52,65.2,2.0459379800780586,,,,Sand,,,Sand 2,2,3.66,5.72,-2.17,-4.2299999999999995
-2.21,3.7,6.7,0.066,1.1,-0.4,1.0,2.4,0.96386,193.0,3.6994,6.7,67.0,2.0376799709948172,,,,Sand,,,Sand 2,2,3.66,5.72,-2.17,-4.2299999999999995
-2.2300000000000004,3.72,6.89,0.066,1.1,-0.4,1.0,2.4,0.93883,194.0,3.7194,6.89,68.9,2.0211314064779495,,,,Sand,,,Sand 2,2,3.66,5.72,-2.17,-4.2299999999999995
-2.25,3.74,7.23,0.068,1.1,-0.4,0.8,2.4,0.94004,194.0,3.7394,7.23,72.3,2.004613079663467,,,,Sand,,,Sand 2,2,3.66,5.72,-2.17,-4.2299999999999995
-2.2699999999999996,3.76,7.4,0.068,1.1,-0.4,1.0,2.4,0.91,195.0,3.7594,7.4,74.0,1.9881141043516368,,,,Sand,,,Sand 2,2,3.66,5.72,-2.17,-4.2299999999999995
-2.29,3.78,7.48,0.07,1.1,-0.4,1.0,2.3,0.90542,196.0,3.7794,7.48,74.8,1.9830547718833484,,,,Sand,,,Sand 2,2,3.66,5.72,-2.17,-4.2299999999999995
-2.3099999999999996,3.8,7.66,0.072,1.1333,-0.4,0.8,2.4,0.89706,197.0,3.7994,7.66,76.6,1.9723540875955106,,,,Sand,,,Sand 2,2,3.66,5.72,-2.17,-4.2299999999999995
-2.33,3.82,7.99,0.072,1.1667,-0.4,1.0,2.3,0.86551,198.0,3.8194,7.99,79.9,1.9483809405235182,,,,Sand,,,Sand 2,2,3.66,5.72,-2.17,-4.2299999999999995
-2.3499999999999996,3.84,8.43,0.073,1.2,-0.2,1.2,2.0,0.84748,199.0,3.8394,8.43,84.3,1.924232244669484,,,,Sand,,,Sand 2,2,3.66,5.72,-2.17,-4.2299999999999995
-2.37,3.86,8.77,0.074,1.1,-0.4,1.0,2.2,0.8296,200.0,3.8593,8.77,87.7,1.904928412437187,,,,Sand,,,Sand 2,2,3.66,5.72,-2.17,-4.2299999999999995
-2.3899999999999997,3.88,9.25,0.078,1.1,-0.4,1.0,2.3,0.84507,200.0,3.8793,9.25,92.5,1.8912832991935389,,,,Sand,,,Sand 2,2,3.66,5.72,-2.17,-4.2299999999999995
-2.41,3.9,9.57,0.083,1.1,-0.4,1.0,2.4,0.86957,201.0,3.8993,9.57,95.7,1.8871593183063824,,,,Sand,,,Sand 2,2,3.66,5.72,-2.17,-4.2299999999999995
-2.4299999999999997,3.92,9.76,0.084,1.1,-0.4,1.0,2.3,0.84592,202.0,3.9193,9.76,97.6,1.873070567043092,,,,Sand,,,Sand 2,2,3.66,5.72,-2.17,-4.2299999999999995
-2.45,3.94,9.93,0.084,1.1,-0.4,1.0,2.5,0.80974,203.0,3.9393,9.93,99.3,1.8555436654801232,,,,Sand,,,Sand 2,2,3.66,5.72,-2.17,-4.2299999999999995
-2.4699999999999998,3.96,10.14,0.086,1.4,-0.2,1.4,2.8,0.79391,204.0,3.9593,10.14,101.4,1.8431149100050301,,,,Sand,,,Sand 2,2,3.66,5.72,-2.17,-4.2299999999999995
-2.49,3.98,10.51,0.088,1.3333,-0.2,1.0,2.5,0.77636,204.0,3.9793,10.51,105.1,1.8248547592133655,,,,Sand,,,Sand 2,2,3.66,5.72,-2.17,-4.2299999999999995
-2.51,4.0,11.51,0.092,1.2667,-0.4,1.2,2.4,0.77343,205.0,3.9993,11.51,115.1,1.7926700441102348,,,,Sand,,,Sand 2,2,3.66,5.72,-2.17,-4.2299999999999995
-2.5299999999999994,4.02,12.32,0.097,1.2,-0.2,1.2,2.4,0.77662,206.0,4.0193,12.32,123.2,1.77067159279628,,,,Sand,,,Sand 2,2,3.66,5.72,-2.17,-4.2299999999999995
-2.55,4.04,12.92,0.101,1.2,-0.2,1.0,2.3,0.76843,207.0,4.0393,12.92,129.2,1.7517215676984201,,,,Sand,,,Sand 2,2,3.66,5.72,-2.17,-4.2299999999999995
-2.5699999999999994,4.06,13.59,0.106,1.2,-0.4,1.0,2.4,0.76749,208.0,4.0593,13.59,135.9,1.7344070887822833,,,,Sand,,,Sand 2,2,3.66,5.72,-2.17,-4.2299999999999995
-2.59,4.08,14.24,0.11,1.2,-0.2,1.2,2.4,0.76343,209.0,4.0793,14.24,142.4,1.717336864318204,,,,Sand,,,Sand 2,2,3.66,5.72,-2.17,-4.2299999999999995
-2.6099999999999994,4.1,14.69,0.114,1.2,-0.2,1.0,2.4,0.76261,209.0,4.0993,14.69,146.9,1.706699444229695,,,,Sand,,,Sand 2,2,3.66,5.72,-2.17,-4.2299999999999995
-2.63,4.12,15.37,0.117,1.2,-0.4,1.0,2.4,0.75685,210.0,4.1193,15.37,153.7,1.6896001113881665,,,,Sand,,,Sand 2,2,3.66,5.72,-2.17,-4.2299999999999995
-2.6499999999999995,4.14,15.85,0.119,1.2,-0.2,1.2,2.4,0.74719,211.0,4.1393,15.85,158.5,1.6758332634430464,,,,Sand,,,Sand 2,2,3.66,5.72,-2.17,-4.2299999999999995
-2.67,4.16,16.29,0.123,1.2,-0.4,1.0,2.4,0.75258,212.0,4.1593,16.29,162.9,1.6688889483759832,,,,Sand,,,Sand 2,2,3.66,5.72,-2.17,-4.2299999999999995
-2.6899999999999995,4.18,16.64,0.126,1.2,-0.2,1.2,2.4,0.75263,213.0,4.1793,16.64,166.4,1.6619594059790002,,,,Sand,,,Sand 2,2,3.66,5.72,-2.17,-4.2299999999999995
-2.71,4.2,17.0,0.129,1.2,-0.2,1.2,2.4,0.75549,214.0,4.1993,17.0,170.0,1.656077654695721,,,,Sand,,,Sand 2,2,3.66,5.72,-2.17,-4.2299999999999995
-2.7299999999999995,4.22,17.33,0.132,1.2,-0.2,1.2,2.4,0.75999,214.0,4.2193,17.33,173.3,1.65155531638955,,,,Sand,,,Sand 2,2,3.66,5.72,-2.17,-4.2299999999999995
-2.75,4.24,17.58,0.134,1.2,-0.2,1.0,2.4,0.76007,215.0,4.2393,17.58,175.8,1.6469539751943583,,,,Sand,,,Sand 2,2,3.66,5.72,-2.17,-4.2299999999999995
-2.7699999999999996,4.26,17.87,0.136,1.2,-0.2,1.2,2.4,0.76111,216.0,4.2593,17.87,178.7,1.6420740063587071,,,,Sand,,,Sand 2,2,3.66,5.72,-2.17,-4.2299999999999995
-2.79,4.28,18.04,0.138,1.2,-0.2,1.2,2.3,0.76327,217.0,4.2793,18.04,180.4,1.6398539418346483,,,,Sand,,,Sand 2,2,3.66,5.72,-2.17,-4.2299999999999995
-2.8099999999999996,4.3,18.2,0.141,1.2,-0.2,1.2,2.4,0.77186,218.0,4.2993,18.2,182.0,1.640295355405078,,,,Sand,,,Sand 2,2,3.66,5.72,-2.17,-4.2299999999999995
-2.83,4.32,18.38,0.141,1.2,-0.4,1.2,2.3,0.76449,219.0,4.3192,18.38,183.8,1.63432925236855,,,,Sand,,,Sand 2,2,3.66,5.72,-2.17,-4.2299999999999995
-2.8499999999999996,4.34,18.55,0.141,1.2,-0.2,1.2,2.3,0.75832,219.0,4.3392,18.55,185.5,1.6290036505368426,,,,Sand,,,Sand 2,2,3.66,5.72,-2.17,-4.2299999999999995
-2.87,4.36,18.69,0.141,1.2,-0.2,1.2,2.0,0.75265,220.0,4.3592,18.69,186.9,1.6243942313580952,,,,Sand,,,Sand 2,2,3.66,5.72,-2.17,-4.2299999999999995
-2.8899999999999997,4.38,18.83,0.142,1.2,-0.4,1.2,2.2,0.75282,221.0,4.3792,18.83,188.3,1.622070970238863,,,,Sand,,,Sand 2,2,3.66,5.72,-2.17,-4.2299999999999995
-2.91,4.4,18.99,0.141,1.2,-0.2,1.0,2.4,0.74323,222.0,4.3992,18.99,189.9,1.6155997851139696,,,,Sand,,,Sand 2,2,3.66,5.72,-2.17,-4.2299999999999995
-2.9299999999999997,4.42,19.07,0.14,1.2,-0.2,1.2,2.4,0.73486,223.0,4.4192,19.07,190.7,1.6109332465829458,,,,Sand,,,Sand 2,2,3.66,5.72,-2.17,-4.2299999999999995
-2.95,4.44,19.16,0.136,1.2,-0.2,1.2,2.4,0.71167,224.0,4.4392,19.16,191.6,1.6000581112196237,,,,Sand,,,Sand 2,2,3.66,5.72,-2.17,-4.2299999999999995
-2.9699999999999998,4.46,19.23,0.135,1.2,-0.2,1.2,2.1,0.70496,225.0,4.4592,19.23,192.3,1.5961267132884558,,,,Sand,,,Sand 2,2,3.66,5.72,-2.17,-4.2299999999999995
-2.99,4.48,19.25,0.131,1.2,-0.2,1.2,2.9,0.6834,225.0,4.4792,19.25,192.5,1.586793555132625,,,,Sand,,,Sand 2,2,3.66,5.72,-2.17,-4.2299999999999995
-3.01,4.5,19.19,0.129,1.2,-0.2,1.0,2.8,0.6735,226.0,4.4992,19.19,191.9,1.5836043506181319,,,,Sand,,,Sand 2,2,3.66,5.72,-2.17,-4.2299999999999995
-3.0299999999999994,4.52,19.16,0.128,1.2,-0.2,1.2,2.5,0.67046,227.0,4.5192,19.16,191.6,1.5828141476249937,,,,Sand,,,Sand 2,2,3.66,5.72,-2.17,-4.2299999999999995
-3.05,4.54,19.15,0.125,1.2,-0.2,1.2,2.4,0.65807,228.0,4.5392,19.15,191.5,1.5776412614115327,,,,Sand,,,Sand 2,2,3.66,5.72,-2.17,-4.2299999999999995
-3.0699999999999994,4.56,19.14,0.122,1.2,-0.2,1.2,2.4,0.64627,229.0,4.5592,19.14,191.4,1.5726522099225402,,,,Sand,,,Sand 2,2,3.66,5.72,-2.17,-4.2299999999999995
-3.09,4.58,18.95,0.119,1.2,-0.2,1.2,2.3,0.63501,229.0,4.5792,18.95,189.5,1.570947443097643,,,,Sand,,,Sand 2,2,3.66,5.72,-2.17,-4.2299999999999995
-3.1099999999999994,4.6,18.66,0.118,1.4,0.0,1.4,2.4,0.63556,230.0,4.5992,18.66,186.6,1.5762811409577029,,,,Sand,,,Sand 2,2,3.66,5.72,-2.17,-4.2299999999999995
-3.13,4.62,18.46,0.119,1.4,-0.2,1.0,2.4,0.64819,231.0,4.6192,18.46,184.6,1.5853920079407635,,,,Sand,,,Sand 2,2,3.66,5.72,-2.17,-4.2299999999999995
-3.1499999999999995,4.64,18.31,0.12,1.4,-0.4,1.0,2.4,0.66262,232.0,4.6392,18.31,183.1,1.5943127913150932,,,,Sand,,,Sand 2,2,3.66,5.72,-2.17,-4.2299999999999995
-3.17,4.66,18.09,0.12,1.4,-0.2,1.4,2.3,0.67199,233.0,4.6592,18.09,180.9,1.6022715392585742,,,,Sand,,,Sand 2,2,3.66,5.72,-2.17,-4.2299999999999995
-3.1899999999999995,4.68,17.77,0.119,1.4,-0.2,1.4,2.4,0.67542,233.0,4.6792,17.77,177.7,1.6095863381615283,,,,Sand,,,Sand 2,2,3.66,5.72,-2.17,-4.2299999999999995
-3.21,4.7,17.49,0.119,1.4,-0.2,1.4,2.4,0.68494,234.0,4.6992,17.49,174.9,1.6187795138990542,,,,Sand,,,Sand 2,2,3.66,5.72,-2.17,-4.2299999999999995
-3.2299999999999995,4.72,17.15,0.119,1.4,-0.2,1.4,2.4,0.69499,235.0,4.7191,17.15,171.5,1.62936846878532,,,,Sand,,,Sand 2,2,3.66,5.72,-2.17,-4.2299999999999995
-3.25,4.74,16.93,0.125,1.4,-0.2,1.2,2.4,0.74025,236.0,4.7391,16.93,169.3,1.651568309526333,,,,Sand,,,Sand 2,2,3.66,5.72,-2.17,-4.2299999999999995
-3.2699999999999996,4.76,16.75,0.122,1.4,-0.4,1.0,2.4,0.73372,237.0,4.7591,16.75,167.5,1.6525299534627533,,,,Sand,,,Sand 2,2,3.66,5.72,-2.17,-4.2299999999999995
-3.29,4.78,16.5,0.12,1.4,-0.2,1.4,2.4,0.7331,238.0,4.7791,16.5,165.0,1.6572192621891553,,,,Sand,,,Sand 2,2,3.66,5.72,-2.17,-4.2299999999999995
-3.3099999999999996,4.8,16.3,0.122,1.2,-0.2,1.2,2.4,0.7563,238.0,4.7991,16.3,163.0,1.67009602980196,,,,Sand,,,Sand 2,2,3.66,5.72,-2.17,-4.2299999999999995
-3.33,4.82,16.2,0.115,1.2,-0.2,1.0,2.4,0.7231,239.0,4.8191,16.2,162.0,1.6593647887372054,,,,Sand,,,Sand 2,2,3.66,5.72,-2.17,-4.2299999999999995
-3.3499999999999996,4.84,15.7,0.111,1.2,-0.2,1.2,2.4,0.7078,240.0,4.8391,15.7,157.0,1.6637428582854776,,,,Sand,,,Sand 2,2,3.66,5.72,-2.17,-4.2299999999999995
-3.37,4.86,15.42,0.106,1.2,-0.2,1.2,2.1,0.68614,241.0,4.8591,15.42,154.2,1.661118763462068,,,,Sand,,,Sand 2,2,3.66,5.72,-2.17,-4.2299999999999995
-3.3899999999999997,4.88,15.25,0.106,1.4,-0.2,1.4,2.1,0.69599,242.0,4.8791,15.25,152.5,1.66877189278607,,,,Sand,,,Sand 2,2,3.66,5.72,-2.17,-4.2299999999999995
-3.41,4.9,15.11,0.104,1.4,-0.2,1.4,2.4,0.69304,243.0,4.8991,15.11,151.1,1.6706903953120202,,,,Sand,,,Sand 2,2,3.66,5.72,-2.17,-4.2299999999999995
-3.4299999999999997,4.92,14.98,0.1,1.4,0.0,1.4,2.4,0.67516,244.0,4.9191,14.98,149.8,1.6664195440557112,,,,Sand,,,Sand 2,2,3.66,5.72,-2.17,-4.2299999999999995
-3.45,4.94,14.63,0.097,1.4,-0.2,1.4,2.4,0.66359,244.0,4.9391,14.63,146.3,1.6697133376892075,,,,Sand,,,Sand 2,2,3.66,5.72,-2.17,-4.2299999999999995
-3.4699999999999998,4.96,14.55,0.095,1.4,-0.2,1.2,2.1,0.65938,245.0,4.9591,14.55,145.5,1.669853377732057,,,,Sand,,,Sand 2,2,3.66,5.72,-2.17,-4.2299999999999995
-3.49,4.98,14.41,0.095,1.4,-0.2,1.4,2.9,0.66996,246.0,4.9791,14.41,144.1,1.677444604688334,,,,Sand,,,Sand 2,2,3.66,5.72,-2.17,-4.2299999999999995
-3.51,5.0,14.14,0.094,1.4,-0.2,1.2,2.9,0.67468,247.0,4.9991,14.14,141.4,1.6857698630102957,,,,Sand,,,Sand 2,2,3.66,5.72,-2.17,-4.2299999999999995
-3.5299999999999994,5.02,13.87,0.09,1.4,-0.2,1.2,2.5,0.65856,248.0,5.0191,13.87,138.7,1.6858413993235373,,,,Sand,,,Sand 2,2,3.66,5.72,-2.17,-4.2299999999999995
-3.55,5.04,13.57,0.087,1.4,0.0,1.4,2.3,0.65138,248.0,5.0391,13.57,135.7,1.690416005462901,,,,Sand,,,Sand 2,2,3.66,5.72,-2.17,-4.2299999999999995
-3.5699999999999994,5.06,13.29,0.082,1.4,-0.2,1.2,2.4,0.62956,249.0,5.0591,13.29,132.9,1.6886182643050327,,,,Sand,,,Sand 2,2,3.66,5.72,-2.17,-4.2299999999999995
-3.59,5.08,13.0,0.08,1.4,-0.2,1.4,2.4,0.63079,250.0,5.079,13.0,130.0,1.6967777216178355,,,,Sand,,,Sand 2,2,3.66,5.72,-2.17,-4.2299999999999995
-3.6099999999999994,5.1,12.5,0.077,1.4,0.0,1.4,2.3,0.62424,251.0,5.099,12.5,125.0,1.7077221587916442,,,,Sand,,,Sand 2,2,3.66,5.72,-2.17,-4.2299999999999995
-3.63,5.12,12.07,0.081,1.2,-0.2,1.2,2.4,0.67634,252.0,5.119,12.07,120.7,1.740747938328722,,,,Sand,,,Sand 2,2,3.66,5.72,-2.17,-4.2299999999999995
-3.6499999999999995,5.14,11.76,0.074,1.2,-0.2,1.2,2.4,0.63869,253.0,5.139,11.76,117.6,1.7349580651737997,,,,Sand,,,Sand 2,2,3.66,5.72,-2.17,-4.2299999999999995
-3.67,5.16,11.4,0.071,1.2,-0.4,1.2,2.4,0.63563,253.0,5.159,11.4,114.0,1.7446446961475375,,,,Sand,,,Sand 2,2,3.66,5.72,-2.17,-4.2299999999999995
-3.6899999999999995,5.18,11.09,0.066,1.2,-0.2,1.2,2.3,0.61281,254.0,5.179,11.09,110.9,1.745143390492847,,,,Sand,,,Sand 2,2,3.66,5.72,-2.17,-4.2299999999999995
-3.71,5.2,10.7,0.06,1.2667,-0.2,1.0,2.4,0.57803,255.0,5.199,10.7,107.0,1.7434453381036938,,,,Sand,,,Sand 2,2,3.66,5.72,-2.17,-4.2299999999999995
-3.7299999999999995,5.22,10.17,0.057,1.3333,0.0,1.4,2.4,0.57193,256.0,5.219,10.17,101.7,1.7591557904809914,,,,Sand,,,Sand 2,2,3.66,5.72,-2.17,-4.2299999999999995
-3.75,5.24,9.67,0.057,1.4,0.0,1.4,2.3,0.59662,257.0,5.239,9.67,96.7,1.7875605383435156,,,,Sand,,,Sand 2,2,3.66,5.72,-2.17,-4.2299999999999995
-3.7699999999999996,5.26,9.3,0.055,1.4,-0.2,1.4,2.4,0.6015,257.0,5.259,9.3,93.0,1.8036145107516592,,,,Sand,,,Sand 2,2,3.66,5.72,-2.17,-4.2299999999999995
-3.79,5.28,8.95,0.046,1.3778,-0.2,1.0,2.3,0.52647,258.0,5.279,8.95,89.5,1.7863497991419233,,,,Sand,,,Sand 2,2,3.66,5.72,-2.17,-4.2299999999999995
-3.8099999999999996,5.3,8.45,0.043,1.3555,-0.2,1.4,2.4,0.51389,259.0,5.299,8.45,84.5,1.8021682729068935,,,,Sand,,,Sand 2,2,3.66,5.72,-2.17,-4.2299999999999995
-3.83,5.32,8.1,0.04,1.3333,-0.2,1.0,2.4,0.49844,260.0,5.319,8.1,81.0,1.811171567602688,,,,Sand,,,Sand 2,2,3.66,5.72,-2.17,-4.2299999999999995
-3.8499999999999996,5.34,7.81,0.043,1.2667,-0.2,1.2,2.4,0.55808,261.0,5.339,7.81,78.1,1.8500085958205605,,,,Sand,,,Sand 2,2,3.66,5.72,-2.17,-4.2299999999999995
-3.87,5.36,7.45,0.04,1.3778,-0.2,1.2,2.0,0.54173,262.0,5.359,7.45,74.5,1.8608617282403688,,,,Sand,,,Sand 2,2,3.66,5.72,-2.17,-4.2299999999999995
-3.8899999999999997,5.38,7.21,0.039,1.4889,-0.2,1.4,2.2,0.5466,263.0,5.379,7.21,72.1,1.8750690189688026,,,,Sand,,,Sand 2,2,3.66,5.72,-2.17,-4.2299999999999995
-3.91,5.4,6.93,0.039,1.6,0.0,1.6,2.4,0.56358,264.0,5.399,6.93,69.3,1.8966457014938134,,,,Sand,,,Sand 2,2,3.66,5.72,-2.17,-4.2299999999999995
-3.9299999999999997,5.42,6.74,0.039,1.4,0.0,1.4,2.4,0.57971,264.0,5.419,6.74,67.4,1.9132957943768882,,,,Sand,,,Sand 2,2,3.66,5.72,-2.17,-4.2299999999999995
-3.95,5.44,6.38,0.04,1.4,0.0,1.4,2.2,0.60906,265.0,5.4389,6.38,63.8,1.9447786621260956,,,,Sand,,,Sand 2,2,3.66,5.72,-2.17,-4.2299999999999995
-3.9699999999999998,5.46,6.46,0.041,1.4,-0.2,1.4,2.9,0.63764,266.0,5.4589,6.46,64.6,1.9505340700307083,,,,Sand,,,Sand 2,2,3.66,5.72,-2.17,-4.2299999999999995
-3.99,5.48,6.38,0.041,1.4,-0.2,1.4,2.6,0.64899,267.0,5.4789,6.38,63.8,1.9591675454083923,,,,Sand,,,Sand 2,2,3.66,5.72,-2.17,-4.2299999999999995
-4.01,5.5,6.27,0.04,1.4,0.0,1.4,2.4,0.6436,267.0,5.4989,6.27,62.7,1.963691632689833,,,,Sand,,,Sand 2,2,3.66,5.72,-2.17,-4.2299999999999995
-4.029999999999999,5.52,6.17,0.04,1.4,-0.2,1.4,2.4,0.65014,268.0,5.5189,6.17,61.7,1.9719394409038977,,,,Sand,,,Sand 2,2,3.66,5.72,-2.17,-4.2299999999999995
-4.05,5.54,6.11,0.038,1.2,-0.2,1.2,2.4,0.6259,269.0,5.5389,6.11,61.1,1.9669772551134725,,,,Sand,,,Sand 2,2,3.66,5.72,-2.17,-4.2299999999999995
-4.069999999999999,5.56,6.03,0.037,1.2,-0.2,1.2,2.4,0.61731,270.0,5.5589,6.03,60.3,1.9687926579043646,,,,Sand,,,Sand 2,2,3.66,5.72,-2.17,-4.2299999999999995
-4.09,5.58,5.92,0.036,1.2,-0.2,1.2,2.3,0.60695,271.0,5.5789,5.92,59.2,1.9719095719263937,,,,Sand,,,Sand 2,2,3.66,5.72,-2.17,-4.2299999999999995
-4.109999999999999,5.6,5.88,0.038,1.2,-0.2,1.2,2.4,0.64612,272.0,5.5989,5.88,58.8,1.98838193942053,,,,Sand,,,Sand 2,2,3.66,5.72,-2.17,-4.2299999999999995
-4.13,5.62,5.81,0.036,1.4,0.0,1.4,2.4,0.61909,272.0,5.6189,5.81,58.1,1.9833004807417287,,,,Sand,,,Sand 2,2,3.66,5.72,-2.17,-4.2299999999999995
-4.1499999999999995,5.64,5.76,0.035,1.4,0.0,1.4,2.4,0.60936,273.0,5.6389,5.76,57.6,1.9830347767177054,,,,Sand,,,Sand 2,2,3.66,5.72,-2.17,-4.2299999999999995
-4.17,5.66,5.77,0.034,1.4,0.0,1.2,2.4,0.59978,274.0,5.6589,5.77,57.7,1.9789057818484634,,,,Sand,,,Sand 2,2,3.66,5.72,-2.17,-4.2299999999999995
-4.1899999999999995,5.68,5.77,0.036,1.4,-0.2,1.2,2.4,0.64415,275.0,5.6789,5.77,57.7,1.994716614111985,,,,Sand,,,Sand 2,2,3.66,5.72,-2.17,-4.2299999999999995
-4.21,5.7,5.58,0.038,1.4,0.0,1.4,2.4,0.69264,276.0,5.6989,5.58,55.8,2.0235281038452926,,,,Sand,,,Sand 2,2,3.66,5.72,-2.17,-4.2299999999999995
-4.2299999999999995,5.72,5.46,0.04,1.4,0.0,1.4,2.4,0.74367,277.0,5.7189,5.46,54.6,2.0478603991012423,,,,Sand,,,Sand mixtures 1,1,5.72,7.16,-4.2299999999999995,-5.67
-4.25,5.74,5.32,0.041,1.4,-0.2,1.4,2.4,0.7791,277.0,5.7389,5.32,53.2,2.068207844081084,,,,Sand mixtures,,,Sand mixtures 1,1,5.72,7.16,-4.2299999999999995,-5.67
-4.27,5.76,5.24,0.039,1.4,0.0,1.4,2.4,0.75747,278.0,5.7589,5.24,52.4,2.06723131432339,,,,Sand mixtures,,,Sand mixtures 1,1,5.72,7.16,-4.2299999999999995,-5.67
-4.29,5.78,4.99,0.037,1.4,-0.2,1.4,2.4,0.73032,279.0,5.7789,4.99,49.9,2.076927663194703,,,,Sand mixtures,,,Sand mixtures 1,1,5.72,7.16,-4.2299999999999995,-5.67
-4.31,5.8,4.9,0.036,1.4,0.0,1.4,2.4,0.71803,280.0,5.7988,4.9,49.0,2.0798521263019483,,,,Sand mixtures,,,Sand mixtures 1,1,5.72,7.16,-4.2299999999999995,-5.67
-4.33,5.82,4.84,0.036,1.4,-0.2,1.4,2.4,0.71928,281.0,5.8188,4.84,48.4,2.084822858710379,,,,Sand mixtures,,,Sand mixtures 1,1,5.72,7.16,-4.2299999999999995,-5.67
-4.35,5.84,4.86,0.036,1.4,0.0,1.4,2.3,0.71695,282.0,5.8388,4.86,48.6,2.0825615245731015,,,,Sand mixtures,,,Sand mixtures 1,1,5.72,7.16,-4.2299999999999995,-5.67
-4.37,5.86,4.92,0.036,1.4,-0.2,1.4,2.1,0.70901,282.0,5.8588,4.92,49.2,2.0755010414394075,,,,Sand mixtures,,,Sand mixtures 1,1,5.72,7.16,-4.2299999999999995,-5.67
-4.39,5.88,5.04,0.037,1.4,-0.2,1.2,2.1,0.71914,283.0,5.8788,5.04,50.4,2.0697412894943463,,,,Sand mixtures,,,Sand mixtures 1,1,5.72,7.16,-4.2299999999999995,-5.67
-4.41,5.9,5.25,0.039,1.4,-0.2,1.4,2.3,0.74784,284.0,5.8988,5.25,52.5,2.063579393998234,,,,Sand mixtures,,,Sand mixtures 1,1,5.72,7.16,-4.2299999999999995,-5.67
-4.43,5.92,5.37,0.04,1.4,0.0,1.4,2.4,0.75829,285.0,5.9188,5.37,53.7,2.058476921601132,,,,Sand mixtures,,,Sand mixtures 1,1,5.72,7.16,-4.2299999999999995,-5.67
-4.45,5.94,5.44,0.041,1.4,-0.2,1.4,2.3,0.76995,286.0,5.9388,5.44,54.4,2.057281335216931,,,,Sand mixtures,,,Sand mixtures 1,1,5.72,7.16,-4.2299999999999995,-5.67
-4.47,5.96,5.44,0.042,1.4,-0.2,1.4,2.5,0.7834,287.0,5.9588,5.44,54.4,2.0613361115417823,,,,Sand mixtures,,,Sand mixtures 1,1,5.72,7.16,-4.2299999999999995,-5.67
-4.49,5.98,5.4,0.042,1.4,-0.2,1.4,2.7,0.78158,287.0,5.9788,5.4,54.0,2.063488628203224,,,,Sand mixtures,,,Sand mixtures 1,1,5.72,7.16,-4.2299999999999995,-5.67
-4.51,6.0,5.34,0.042,1.4,-0.2,1.4,2.4,0.78121,288.0,5.9988,5.34,53.4,2.0674657516173554,,,,Sand mixtures,,,Sand mixtures 1,1,5.72,7.16,-4.2299999999999995,-5.67
-4.529999999999999,6.02,5.32,0.042,1.4,-0.2,1.4,2.4,0.7814,289.0,6.0188,5.32,53.2,2.068896192205866,,,,Sand mixtures,,,Sand mixtures 1,1,5.72,7.16,-4.2299999999999995,-5.67
-4.55,6.04,5.33,0.042,1.4,-0.2,1.4,2.4,0.78121,290.0,6.0388,5.33,53.3,2.0681518771360525,,,,Sand mixtures,,,Sand mixtures 1,1,5.72,7.16,-4.2299999999999995,-5.67
-4.569999999999999,6.06,5.35,0.042,1.4,0.0,1.4,2.4,0.7794,291.0,6.0588,5.35,53.5,2.066238790374157,,,,Sand mixtures,,,Sand mixtures 1,1,5.72,7.16,-4.2299999999999995,-5.67
-4.59,6.08,5.39,0.043,1.4,-0.2,1.4,2.4,0.79501,292.0,6.0788,5.39,53.9,2.068165458803505,,,,Sand mixtures,,,Sand mixtures 1,1,5.72,7.16,-4.2299999999999995,-5.67
-4.609999999999999,6.1,5.43,0.043,1.4,-0.2,1.4,2.3,0.79135,292.0,6.0988,5.43,54.3,2.0643807720082146,,,,Sand mixtures,,,Sand mixtures 1,1,5.72,7.16,-4.2299999999999995,-5.67
-4.63,6.12,5.45,0.043,1.4,-0.2,1.4,2.4,0.78737,293.0,6.1188,5.45,54.5,2.0618526481327075,,,,Sand mixtures,,,Sand mixtures 1,1,5.72,7.16,-4.2299999999999995,-5.67
-4.6499999999999995,6.14,5.5,0.043,1.4,-0.2,1.4,2.4,0.78324,294.0,6.1387,5.5,55.0,2.0572814543054174,,,,Sand mixtures,,,Sand mixtures 1,1,5.72,7.16,-4.2299999999999995,-5.67
-4.67,6.16,5.5,0.043,1.4,0.0,1.4,2.4,0.77969,295.0,6.1587,5.5,55.0,2.056213918901775,,,,Sand mixtures,,,Sand mixtures 1,1,5.72,7.16,-4.2299999999999995,-5.67
-4.6899999999999995,6.18,5.52,0.044,1.4,-0.2,1.4,2.4,0.7944,296.0,6.1787,5.52,55.2,2.059291732637812,,,,Sand mixtures,,,Sand mixtures 1,1,5.72,7.16,-4.2299999999999995,-5.67
-4.71,6.2,5.55,0.045,1.4,-0.2,1.4,2.5,0.80899,296.0,6.1987,5.55,55.5,2.061630535560717,,,,Sand mixtures,,,Sand mixtures 1,1,5.72,7.16,-4.2299999999999995,-5.67
-4.7299999999999995,6.22,5.58,0.045,1.4,0.0,1.4,2.5,0.80645,297.0,6.2187,5.58,55.8,2.058923608749493,,,,Sand mixtures,,,Sand mixtures 1,1,5.72,7.16,-4.2299999999999995,-5.67
-4.75,6.24,5.59,0.046,1.4,-0.2,1.4,2.4,0.82253,298.0,6.2387,5.59,55.9,2.0629783246586704,,,,Sand mixtures,,,Sand mixtures 1,1,5.72,7.16,-4.2299999999999995,-5.67
-4.77,6.26,5.62,0.046,1.4,0.0,1.4,2.4,0.8218,299.0,6.2587,5.62,56.2,2.0608254000486146,,,,Sand mixtures,,,Sand mixtures 1,1,5.72,7.16,-4.2299999999999995,-5.67
-4.79,6.28,5.64,0.046,1.4,0.0,1.4,2.4,0.82253,300.0,6.2787,5.64,56.4,2.059750229228456,,,,Sand mixtures,,,Sand mixtures 1,1,5.72,7.16,-4.2299999999999995,-5.67
-4.81,6.3,5.64,0.046,1.4,-0.2,1.4,2.4,0.82493,300.0,6.2987,5.64,56.4,2.0604478490077085,,,,Sand mixtures,,,Sand mixtures 1,1,5.72,7.16,-4.2299999999999995,-5.67
-4.83,6.32,5.6,0.047,1.4,-0.2,1.4,2.5,0.84704,301.0,6.3187,5.6,56.0,2.0693766885288527,,,,Sand mixtures,,,Sand mixtures 1,1,5.72,7.16,-4.2299999999999995,-5.67
-4.85,6.34,5.56,0.047,1.4,-0.2,1.4,2.5,0.85299,302.0,6.3387,5.56,55.6,2.0736535214704683,,,,Sand mixtures,,,Sand mixtures 1,1,5.72,7.16,-4.2299999999999995,-5.67
-4.87,6.36,5.51,0.047,1.4,-0.2,1.4,2.5,0.861,303.0,6.3587,5.51,55.1,2.079170284998469,,,,Sand mixtures,,,Sand mixtures 1,1,5.72,7.16,-4.2299999999999995,-5.67
-4.89,6.38,5.45,0.047,1.4,-0.2,1.4,2.3,0.87098,304.0,6.3787,5.45,54.5,2.0859050963450487,,,,Sand mixtures,,,Sand mixtures 1,1,5.72,7.16,-4.2299999999999995,-5.67
-4.91,6.4,5.37,0.047,1.6,0.0,1.6,2.2,0.8818,305.0,6.3987,5.37,53.7,2.0942246640604516,,,,Sand mixtures,,,Sand mixtures 1,1,5.72,7.16,-4.2299999999999995,-5.67
-4.93,6.42,5.31,0.046,1.6,-0.2,1.4,2.4,0.87619,305.0,6.4187,5.31,53.1,2.096742692724382,,,,Sand mixtures,,,Sand mixtures 1,1,5.72,7.16,-4.2299999999999995,-5.67
-4.95,6.44,5.23,0.047,1.6,-0.2,1.4,2.4,0.91063,306.0,6.4386,5.23,52.3,2.1115382491598838,,,,Sand mixtures,,,Sand mixtures 1,1,5.72,7.16,-4.2299999999999995,-5.67
-4.97,6.46,5.14,0.046,1.6,0.0,1.6,2.4,0.90819,307.0,6.4586,5.14,51.4,2.117146929702222,,,,Sand mixtures,,,Sand mixtures 1,1,5.72,7.16,-4.2299999999999995,-5.67
-4.99,6.48,5.07,0.045,1.6,-0.2,1.4,2.6,0.90703,308.0,6.4786,5.07,50.7,2.121789258594081,,,,Sand mixtures,,,Sand mixtures 1,1,5.72,7.16,-4.2299999999999995,-5.67
-5.01,6.5,4.92,0.045,1.6,-0.2,1.4,2.9,0.9276,308.0,6.4986,4.92,49.2,2.138044345328125,,,,Sand mixtures,,,Sand mixtures 1,1,5.72,7.16,-4.2299999999999995,-5.67
-5.029999999999999,6.52,4.8,0.044,1.6,0.0,1.6,2.7,0.92729,309.0,6.5186,4.8,48.0,2.146890480564928,,,,Sand mixtures,,,Sand mixtures 1,1,5.72,7.16,-4.2299999999999995,-5.67
-5.05,6.54,4.68,0.043,1.4,-0.2,1.4,2.5,0.92598,310.0,6.5386,4.68,46.8,2.1557222367670503,,,,Sand mixtures,,,Sand mixtures 1,1,5.72,7.16,-4.2299999999999995,-5.67
-5.069999999999999,6.56,4.54,0.042,1.4,-0.2,1.4,2.5,0.92282,311.0,6.5586,4.54,45.4,2.1659336971114254,,,,Sand mixtures,,,Sand mixtures 1,1,5.72,7.16,-4.2299999999999995,-5.67
-5.09,6.58,4.43,0.041,1.4,0.0,1.4,2.4,0.91492,312.0,6.5786,4.43,44.3,2.1728252228459355,,,,Sand mixtures,,,Sand mixtures 1,1,5.72,7.16,-4.2299999999999995,-5.67
-5.109999999999999,6.6,4.38,0.04,1.6,-0.2,1.6,2.5,0.90319,312.0,6.5986,4.38,43.8,2.1739281194977598,,,,Sand mixtures,,,Sand mixtures 1,1,5.72,7.16,-4.2299999999999995,-5.67
-5.13,6.62,4.33,0.039,1.4,-0.2,1.4,2.4,0.88788,313.0,6.6186,4.33,43.3,2.1741247301659197,,,,Sand mixtures,,,Sand mixtures 1,1,5.72,7.16,-4.2299999999999995,-5.67
-5.1499999999999995,6.64,4.33,0.038,1.4,0.0,1.4,2.5,0.86857,314.0,6.6386,4.33,43.3,2.1690078968422597,,,,Sand mixtures,,,Sand mixtures 1,1,5.72,7.16,-4.2299999999999995,-5.67
-5.17,6.66,4.36,0.038,1.4,-0.2,1.4,2.5,0.86907,315.0,6.6586,4.36,43.6,2.1666074047082104,,,,Sand mixtures,,,Sand mixtures 1,1,5.72,7.16,-4.2299999999999995,-5.67
-5.1899999999999995,6.68,4.38,0.038,1.4,0.0,1.4,2.5,0.86808,316.0,6.6786,4.38,43.8,2.1646633973838423,,,,Sand mixtures,,,Sand mixtures 1,1,5.72,7.16,-4.2299999999999995,-5.67
-5.21,6.7,4.39,0.037,1.4,-0.2,1.4,2.5,0.84306,316.0,6.6986,4.39,43.9,2.157052988571352,,,,Sand mixtures,,,Sand mixtures 1,1,5.72,7.16,-4.2299999999999995,-5.67
-5.2299999999999995,6.72,4.4,0.036,1.4,0.0,1.4,2.5,0.81772,317.0,6.7186,4.4,44.0,2.14920179373677,,,,Sand mixtures,,,Sand mixtures 1,1,5.72,7.16,-4.2299999999999995,-5.67
-5.25,6.74,4.41,0.036,1.4,0.0,1.4,2.5,0.81494,318.0,6.7386,4.41,44.1,2.1475846119989996,,,,Sand mixtures,,,Sand mixtures 1,1,5.72,7.16,-4.2299999999999995,-5.67
-5.27,6.76,4.42,0.036,1.4,-0.2,1.4,2.4,0.81241,319.0,6.7585,4.42,44.2,2.1460372863656785,,,,Sand mixtures,,,Sand mixtures 1,1,5.72,7.16,-4.2299999999999995,-5.67
-5.29,6.78,4.42,0.035,1.6,0.0,1.6,2.4,0.78696,320.0,6.7785,4.42,44.2,2.1387927040587114,,,,Sand mixtures,,,Sand mixtures 1,1,5.72,7.16,-4.2299999999999995,-5.67
-5.31,6.8,4.44,0.034,1.4,0.0,1.4,2.5,0.76041,320.0,6.7985,4.44,44.4,2.1293752930298746,,,,Sand mixtures,,,Sand mixtures 1,1,5.72,7.16,-4.2299999999999995,-5.67
-5.33,6.82,4.48,0.033,1.6,0.0,1.6,2.5,0.73333,321.0,6.8185,4.48,44.8,2.11792931018672,,,,Sand mixtures,,,Sand mixtures 1,1,5.72,7.16,-4.2299999999999995,-5.67
-5.35,6.84,4.49,0.032,1.4,0.0,1.4,2.5,0.70485,322.0,6.8385,4.49,44.9,2.1083308407504373,,,,Sand mixtures,,,Sand mixtures 1,1,5.72,7.16,-4.2299999999999995,-5.67
-5.37,6.86,4.52,0.032,1.6,0.0,1.6,2.5,0.69679,323.0,6.8585,4.52,45.2,2.1033088623076517,,,,Sand mixtures,,,Sand mixtures 1,1,5.72,7.16,-4.2299999999999995,-5.67
-5.39,6.88,4.59,0.032,1.4,0.0,1.4,2.5,0.68725,324.0,6.8785,4.59,45.9,2.0945245178113754,,,,Sand mixtures,,,Sand mixtures 1,1,5.72,7.16,-4.2299999999999995,-5.67
-5.41,6.9,4.64,0.033,1.4,-0.2,1.4,2.1,0.69767,324.0,6.8985,4.64,46.4,2.0937762106652844,,,,Sand mixtures,,,Sand mixtures 1,1,5.72,7.16,-4.2299999999999995,-5.67
-5.43,6.92,4.74,0.033,1.4,0.0,1.4,2.3,0.68536,325.0,6.9185,4.74,47.4,2.0818731407144626,,,,Sand mixtures,,,Sand mixtures 1,1,5.72,7.16,-4.2299999999999995,-5.67
-5.45,6.94,4.84,0.034,1.4,0.0,1.4,2.4,0.69282,326.0,6.9385,4.84,48.4,2.0764615936968998,,,,Sand mixtures,,,Sand mixtures 1,1,5.72,7.16,-4.2299999999999995,-5.67
-5.47,6.96,4.95,0.036,1.6,0.0,1.6,2.4,0.71892,327.0,6.9585,4.95,49.5,2.0763592512078093,,,,Sand mixtures,,,Sand mixtures 1,1,5.72,7.16,-4.2299999999999995,-5.67
-5.49,6.98,5.07,0.037,1.4,-0.2,1.4,2.4,0.72319,328.0,6.9785,5.07,50.7,2.0688118988828053,,,,Sand mixtures,,,Sand mixtures 1,1,5.72,7.16,-4.2299999999999995,-5.67
-5.51,7.0,5.17,0.039,1.4,-0.2,1.4,2.7,0.74623,328.0,6.9985,5.17,51.7,2.068742666610937,,,,Sand mixtures,,,Sand mixtures 1,1,5.72,7.16,-4.2299999999999995,-5.67
-5.529999999999999,7.02,5.26,0.043,1.4,0.0,1.4,2.8,0.80562,329.0,7.0185,5.26,52.6,2.0801971500366427,,,,Sand mixtures,,,Sand mixtures 1,1,5.72,7.16,-4.2299999999999995,-5.67
-5.55,7.04,5.39,0.044,1.6,0.0,1.6,2.5,0.80715,330.0,7.0385,5.39,53.9,2.071738281106528,,,,Sand mixtures,,,Sand mixtures 1,1,5.72,7.16,-4.2299999999999995,-5.67
-5.569999999999999,7.06,5.51,0.047,1.6,0.0,1.6,2.4,0.84551,331.0,7.0584,5.51,55.1,2.074800765660099,,,,Sand mixtures,,,Sand mixtures 1,1,5.72,7.16,-4.2299999999999995,-5.67
-5.59,7.08,5.62,0.048,1.6,-0.2,1.4,2.4,0.84656,332.0,7.0784,5.62,56.2,2.067951992132931,,,,Sand mixtures,,,Sand mixtures 1,1,5.72,7.16,-4.2299999999999995,-5.67
-5.609999999999999,7.1,5.73,0.05,1.6,0.0,1.6,2.2,0.86449,332.0,7.0984,5.73,57.3,2.066036842745505,,,,Sand mixtures,,,Sand mixtures 1,1,5.72,7.16,-4.2299999999999995,-5.67
-5.63,7.12,5.86,0.052,1.6,0.0,1.4,2.4,0.88248,333.0,7.1184,5.86,58.6,2.0630124510490324,,,,Sand mixtures,,,Sand mixtures 1,1,5.72,7.16,-4.2299999999999995,-5.67
-5.6499999999999995,7.14,5.93,0.053,1.6,0.0,1.4,2.4,0.88278,334.0,7.1384,5.93,59.3,2.058843216789835,,,,Sand mixtures,,,Sand mixtures 1,1,5.72,7.16,-4.2299999999999995,-5.67
-5.67,7.16,6.06,0.054,1.6,-0.2,1.6,2.4,0.88253,335.0,7.1584,6.06,60.6,2.051017761643209,,,,Sand mixtures,,,Sand 3,3,7.16,9.28,-5.67,-7.789999999999999
-5.6899999999999995,7.18,6.17,0.055,1.4,0.0,1.4,2.4,0.88229,336.0,7.1784,6.17,61.7,2.044527271889428,,,,Sand,,,Sand 3,3,7.16,9.28,-5.67,-7.789999999999999
-5.71,7.2,6.26,0.056,1.4,-0.2,1.4,2.4,0.8812,337.0,7.1984,6.26,62.6,2.039056650996753,,,,Sand,,,Sand 3,3,7.16,9.28,-5.67,-7.789999999999999
-5.7299999999999995,7.22,6.4,0.057,1.4,0.0,1.4,2.4,0.87794,337.0,7.2184,6.4,64.0,2.030257989674276,,,,Sand,,,Sand 3,3,7.16,9.28,-5.67,-7.789999999999999
-5.75,7.24,6.54,0.058,1.4,-0.2,1.4,2.4,0.87349,338.0,7.2384,6.54,65.4,2.021294878046832,,,,Sand,,,Sand 3,3,7.16,9.28,-5.67,-7.789999999999999
-5.77,7.26,6.65,0.059,1.4,-0.2,1.4,2.4,0.8659,339.0,7.2584,6.65,66.5,2.0131885407226817,,,,Sand,,,Sand 3,3,7.16,9.28,-5.67,-7.789999999999999
-5.79,7.28,6.83,0.06,1.4,-0.2,1.4,2.3,0.85485,340.0,7.2784,6.83,68.3,2.0004924426740756,,,,Sand,,,Sand 3,3,7.16,9.28,-5.67,-7.789999999999999
-5.81,7.3,7.03,0.06,1.6,-0.2,1.6,2.4,0.82916,341.0,7.2984,7.03,70.3,1.982617283500089,,,,Sand,,,Sand 3,3,7.16,9.28,-5.67,-7.789999999999999
-5.83,7.32,7.24,0.06,1.6,-0.2,1.4,2.4,0.80375,342.0,7.3184,7.24,72.4,1.964392811577675,,,,Sand,,,Sand 3,3,7.16,9.28,-5.67,-7.789999999999999
-5.85,7.34,7.56,0.061,1.6,-0.2,1.4,2.4,0.79466,342.0,7.3383,7.56,75.6,1.9461780850763601,,,,Sand,,,Sand 3,3,7.16,9.28,-5.67,-7.789999999999999
-5.87,7.36,7.9,0.062,1.6,0.0,1.6,2.4,0.78943,343.0,7.3583,7.9,79.0,1.9289236127836005,,,,Sand,,,Sand 3,3,7.16,9.28,-5.67,-7.789999999999999
-5.89,7.38,8.14,0.064,1.6,0.0,1.6,2.4,0.80075,344.0,7.3783,8.14,81.4,1.921951517936952,,,,Sand,,,Sand 3,3,7.16,9.28,-5.67,-7.789999999999999
-5.91,7.4,8.37,0.066,1.6,0.0,1.6,2.3,0.81557,345.0,7.3983,8.37,83.7,1.9168367304253031,,,,Sand,,,Sand 3,3,7.16,9.28,-5.67,-7.789999999999999
-5.93,7.42,8.34,0.067,1.6,-0.2,1.6,2.0,0.8231,346.0,7.4183,8.34,83.4,1.920452866742174,,,,Sand,,,Sand 3,3,7.16,9.28,-5.67,-7.789999999999999
-5.95,7.44,8.25,0.068,1.6,-0.2,1.4,2.3,0.83461,347.0,7.4383,8.25,82.5,1.92782003995351,,,,Sand,,,Sand 3,3,7.16,9.28,-5.67,-7.789999999999999
-5.97,7.46,8.14,0.068,1.6,-0.2,1.4,2.3,0.83615,348.0,7.4583,8.14,81.4,1.9329939024006764,,,,Sand,,,Sand 3,3,7.16,9.28,-5.67,-7.789999999999999
-5.99,7.48,8.04,0.068,1.6,-0.2,1.6,2.4,0.8386,348.0,7.4783,8.04,80.39999999999999,1.9380767132361412,,,,Sand,,,Sand 3,3,7.16,9.28,-5.67,-7.789999999999999
-6.01,7.5,7.94,0.067,1.4,-0.2,1.4,2.2,0.82601,349.0,7.4983,7.94,79.4,1.938607551463465,,,,Sand,,,Sand 3,3,7.16,9.28,-5.67,-7.789999999999999
-6.029999999999999,7.52,7.96,0.066,1.4,-0.2,1.4,2.8,0.80932,350.0,7.5183,7.96,79.6,1.9325343854700543,,,,Sand,,,Sand 3,3,7.16,9.28,-5.67,-7.789999999999999
-6.05,7.54,8.02,0.067,1.4,-0.2,1.4,2.6,0.81311,351.0,7.5383,8.02,80.2,1.9310741452142637,,,,Sand,,,Sand 3,3,7.16,9.28,-5.67,-7.789999999999999
-6.069999999999999,7.56,8.18,0.067,1.6,-0.2,1.6,2.3,0.80144,352.0,7.5583,8.18,81.8,1.9204435243225524,,,,Sand,,,Sand 3,3,7.16,9.28,-5.67,-7.789999999999999
-6.09,7.58,8.36,0.067,1.6,-0.2,1.4,2.4,0.78673,352.0,7.5783,8.36,83.6,1.9080703407997262,,,,Sand,,,Sand 3,3,7.16,9.28,-5.67,-7.789999999999999
-6.109999999999999,7.6,8.6,0.069,1.6,0.0,1.4,2.3,0.79402,353.0,7.5983,8.6,86.0,1.900470327062862,,,,Sand,,,Sand 3,3,7.16,9.28,-5.67,-7.789999999999999
-6.13,7.62,8.82,0.069,1.6,0.0,1.6,2.4,0.77911,354.0,7.6182,8.82,88.2,1.8867559141437074,,,,Sand,,,Sand 3,3,7.16,9.28,-5.67,-7.789999999999999
-6.1499999999999995,7.64,9.0,0.07,1.6,-0.2,1.6,2.3,0.77886,355.0,7.6382,9.0,90.0,1.8795911174270177,,,,Sand,,,Sand 3,3,7.16,9.28,-5.67,-7.789999999999999
-6.17,7.66,9.19,0.072,1.6,-0.2,1.6,2.3,0.79426,356.0,7.6582,9.19,91.9,1.877342424402831,,,,Sand,,,Sand 3,3,7.16,9.28,-5.67,-7.789999999999999
-6.1899999999999995,7.68,9.35,0.075,1.6,0.0,1.6,2.4,0.82667,357.0,7.6782,9.35,93.5,1.8817784958902288,,,,Sand,,,Sand 3,3,7.16,9.28,-5.67,-7.789999999999999
-6.21,7.7,9.35,0.074,1.6,-0.2,1.6,2.4,0.82108,357.0,7.6982,9.35,93.5,1.8799989970494986,,,,Sand,,,Sand 3,3,7.16,9.28,-5.67,-7.789999999999999
-6.2299999999999995,7.72,9.23,0.074,1.6,-0.2,1.6,2.4,0.83029,358.0,7.7182,9.23,92.3,1.8873956857211138,,,,Sand,,,Sand 3,3,7.16,9.28,-5.67,-7.789999999999999
-6.25,7.74,8.98,0.072,1.6,0.0,1.6,2.4,0.82063,359.0,7.7382,8.98,89.8,1.8938693123145325,,,,Sand,,,Sand 3,3,7.16,9.28,-5.67,-7.789999999999999
-6.27,7.76,8.66,0.069,1.6,0.0,1.6,2.3,0.80128,360.0,7.7582,8.66,86.6,1.900366430622702,,,,Sand,,,Sand 3,3,7.16,9.28,-5.67,-7.789999999999999
-6.29,7.78,8.34,0.071,1.6,0.0,1.6,2.4,0.83974,361.0,7.7782,8.34,83.4,1.9256048450709442,,,,Sand,,,Sand 3,3,7.16,9.28,-5.67,-7.789999999999999
-6.31,7.8,8.2,0.068,1.6,-0.2,1.4,2.4,0.82175,362.0,7.7982,8.2,82.0,1.9259671704712604,,,,Sand,,,Sand 3,3,7.16,9.28,-5.67,-7.789999999999999
-6.33,7.82,8.08,0.067,1.6,0.0,1.6,2.3,0.82462,362.0,7.8182,8.08,80.8,1.9320341866611046,,,,Sand,,,Sand 3,3,7.16,9.28,-5.67,-7.789999999999999
-6.35,7.84,8.05,0.065,1.6,-0.2,1.4,2.3,0.81161,363.0,7.8382,8.05,80.50000000000001,1.9292900388123722,,,,Sand,,,Sand 3,3,7.16,9.28,-5.67,-7.789999999999999
-6.37,7.86,8.1,0.065,1.6,0.0,1.4,2.4,0.82006,364.0,7.8581,8.1,81.0,1.9297499699094147,,,,Sand,,,Sand 3,3,7.16,9.28,-5.67,-7.789999999999999
-6.39,7.88,7.79,0.064,1.6,0.0,1.6,2.4,0.8149,365.0,7.8781,7.79,77.9,1.9418910822406403,,,,Sand,,,Sand 3,3,7.16,9.28,-5.67,-7.789999999999999
-6.41,7.9,7.78,0.065,1.6,-0.2,1.6,2.4,0.83427,366.0,7.8981,7.78,77.8,1.94830342850872,,,,Sand,,,Sand 3,3,7.16,9.28,-5.67,-7.789999999999999
-6.43,7.92,7.73,0.064,1.6,-0.2,1.6,2.1,0.82754,367.0,7.9181,7.73,77.3,1.9485173621667637,,,,Sand,,,Sand 3,3,7.16,9.28,-5.67,-7.789999999999999
-6.45,7.94,7.68,0.064,1.6,-0.2,1.6,2.1,0.83442,368.0,7.9381,7.68,76.8,1.9529052992585156,,,,Sand,,,Sand 3,3,7.16,9.28,-5.67,-7.789999999999999
-6.47,7.96,7.62,0.06,1.6,0.0,1.6,2.3,0.7847,368.0,7.9581,7.62,76.2,1.9402193809446828,,,,Sand,,,Sand 3,3,7.16,9.28,-5.67,-7.789999999999999
-6.49,7.98,7.58,0.059,1.6,-0.2,1.4,2.4,0.77415,369.0,7.9781,7.58,75.8,1.9387225634683547,,,,Sand,,,Sand 3,3,7.16,9.28,-5.67,-7.789999999999999
-6.51,8.0,7.59,0.058,1.6,-0.2,1.6,2.2,0.76303,370.0,7.9981,7.59,75.9,1.9346651442630134,,,,Sand,,,Sand 3,3,7.16,9.28,-5.67,-7.789999999999999
-6.529999999999999,8.02,7.59,0.057,1.6,0.0,1.6,2.5,0.75173,371.0,8.0181,7.59,75.9,1.9309797671497797,,,,Sand,,,Sand 3,3,7.16,9.28,-5.67,-7.789999999999999
-6.549999999999999,8.04,7.6,0.057,1.6,0.0,1.4,2.6,0.75285,372.0,8.0381,7.6,76.0,1.9308761931239198,,,,Sand,,,Sand 3,3,7.16,9.28,-5.67,-7.789999999999999
-6.57,8.06,7.58,0.056,1.6,0.0,1.4,2.4,0.74074,372.0,8.0581,7.58,75.8,1.927828722974355,,,,Sand,,,Sand 3,3,7.16,9.28,-5.67,-7.789999999999999
-6.59,8.08,7.57,0.056,1.6,0.0,1.6,2.4,0.74234,373.0,8.0781,7.57,75.7,1.928831388289622,,,,Sand,,,Sand 3,3,7.16,9.28,-5.67,-7.789999999999999
-6.609999999999999,8.1,7.53,0.056,1.6,-0.2,1.4,2.4,0.74406,374.0,8.0981,7.53,75.3,1.9312975383330184,,,,Sand,,,Sand 3,3,7.16,9.28,-5.67,-7.789999999999999
-6.629999999999999,8.12,7.53,0.056,1.6,-0.2,1.6,2.4,0.74604,375.0,8.118,7.53,75.3,1.9319501247123978,,,,Sand,,,Sand 3,3,7.16,9.28,-5.67,-7.789999999999999
-6.65,8.14,7.49,0.056,1.6,-0.2,1.6,2.3,0.74729,376.0,8.138,7.49,74.9,1.9342690703456349,,,,Sand,,,Sand 3,3,7.16,9.28,-5.67,-7.789999999999999
-6.67,8.16,7.46,0.055,1.6,0.0,1.6,2.3,0.73456,377.0,8.158,7.46,74.6,1.9315016169353314,,,,Sand,,,Sand 3,3,7.16,9.28,-5.67,-7.789999999999999
-6.6899999999999995,8.18,7.45,0.054,1.6,-0.2,1.6,2.4,0.72096,377.0,8.178,7.45,74.5,1.9274327659409254,,,,Sand,,,Sand 3,3,7.16,9.28,-5.67,-7.789999999999999
-6.709999999999999,8.2,7.44,0.054,1.6,-0.2,1.6,2.3,0.72072,378.0,8.198,7.44,74.4,1.9278355397228222,,,,Sand,,,Sand 3,3,7.16,9.28,-5.67,-7.789999999999999
-6.73,8.22,7.48,0.054,1.6,0.0,1.6,2.4,0.71988,379.0,8.218,7.48,74.8,1.9256218345136322,,,,Sand,,,Sand 3,3,7.16,9.28,-5.67,-7.789999999999999
-6.75,8.24,7.52,0.055,1.6,0.0,1.6,2.4,0.73175,380.0,8.238,7.52,75.2,1.9276887986030478,,,,Sand,,,Sand 3,3,7.16,9.28,-5.67,-7.789999999999999
-6.77,8.26,7.55,0.055,1.6,0.0,1.6,2.4,0.73065,381.0,8.258,7.55,75.5,1.9258917279603438,,,,Sand,,,Sand 3,3,7.16,9.28,-5.67,-7.789999999999999
-6.789999999999999,8.28,7.55,0.056,1.8,0.0,1.8,2.4,0.74172,382.0,8.278,7.55,75.5,1.9295740835313433,,,,Sand,,,Sand 3,3,7.16,9.28,-5.67,-7.789999999999999
-6.8100000000000005,8.3,7.56,0.056,1.6,-0.2,1.6,2.3,0.73976,382.0,8.298,7.56,75.6,1.9284506068944038,,,,Sand,,,Sand 3,3,7.16,9.28,-5.67,-7.789999999999999
-6.83,8.32,7.58,0.056,1.6,-0.2,1.6,2.4,0.73745,383.0,8.318,7.58,75.8,1.926736671426038,,,,Sand,,,Sand 3,3,7.16,9.28,-5.67,-7.789999999999999
-6.85,8.34,7.54,0.056,1.6,0.0,1.6,2.4,0.73455,384.0,8.338,7.54,75.4,1.9276691705294104,,,,Sand,,,Sand 3,3,7.16,9.28,-5.67,-7.789999999999999
-6.869999999999999,8.36,7.62,0.056,1.6,0.0,1.6,2.4,0.73095,385.0,8.358,7.62,76.2,1.9226802893820656,,,,Sand,,,Sand 3,3,7.16,9.28,-5.67,-7.789999999999999
-6.890000000000001,8.38,7.64,0.056,1.6,-0.2,1.4,2.3,0.72751,386.0,8.3779,7.64,76.4,1.920585389865921,,,,Sand,,,Sand 3,3,7.16,9.28,-5.67,-7.789999999999999
-6.91,8.4,7.71,0.058,1.6,0.0,1.6,2.3,0.75105,387.0,8.3979,7.71,77.1,1.9251511815709765,,,,Sand,,,Sand 3,3,7.16,9.28,-5.67,-7.789999999999999
-6.93,8.42,7.79,0.0577,1.6,-0.2,1.4,2.0,0.74636,388.0,8.4179,7.79,77.9,1.919916692586547,,,,Sand,,,Sand 3,3,7.16,9.28,-5.67,-7.789999999999999
-6.949999999999999,8.44,7.85,0.0573,1.6,0.0,1.6,2.3,0.74343,388.0,8.4379,7.85,78.5,1.9162047165449831,,,,Sand,,,Sand 3,3,7.16,9.28,-5.67,-7.789999999999999
-6.970000000000001,8.46,7.85,0.057,1.6,0.0,1.6,2.4,0.74413,389.0,8.4579,7.85,78.5,1.9164375102534141,,,,Sand,,,Sand 3,3,7.16,9.28,-5.67,-7.789999999999999
-6.99,8.48,7.78,0.057,1.6,-0.2,1.6,2.3,0.75223,390.0,8.4779,7.78,77.8,1.9223137569728153,,,,Sand,,,Sand 3,3,7.16,9.28,-5.67,-7.789999999999999
-7.01,8.5,7.6067,0.057,1.6,0.0,1.6,2.2,0.76369,391.0,8.4979,7.6067,76.067,1.934094974832976,,,,Sand,,,Sand 3,3,7.16,9.28,-5.67,-7.789999999999999
-7.029999999999999,8.52,7.4333,0.057,1.6,-0.2,1.6,2.8,0.77842,392.0,8.5179,7.4333,74.333,1.947053313052189,,,,Sand,,,Sand 3,3,7.16,9.28,-5.67,-7.789999999999999
-7.049999999999999,8.54,7.26,0.057,1.8,0.0,1.8,2.5,0.79443,392.0,8.5379,7.26,72.6,1.9605125825658778,,,,Sand,,,Sand 3,3,7.16,9.28,-5.67,-7.789999999999999
-7.07,8.56,7.05,0.055,1.6,0.0,1.6,2.3,0.78139,393.0,8.5579,7.05,70.5,1.9669126542563744,,,,Sand,,,Sand 3,3,7.16,9.28,-5.67,-7.789999999999999
-7.09,8.58,6.88,0.053,1.6,-0.2,1.6,2.4,0.76406,394.0,8.5779,6.88,68.8,1.9701923025701862,,,,Sand,,,Sand 3,3,7.16,9.28,-5.67,-7.789999999999999
-7.109999999999999,8.6,6.72,0.051,1.6,-0.2,1.6,2.4,0.74317,395.0,8.5979,6.72,67.2,1.9719810089398053,,,,Sand,,,Sand 3,3,7.16,9.28,-5.67,-7.789999999999999
-7.129999999999999,8.62,6.67,0.049,1.6,-0.2,1.6,2.4,0.71953,396.0,8.6178,6.67,66.7,1.966961137555939,,,,Sand,,,Sand 3,3,7.16,9.28,-5.67,-7.789999999999999
-7.15,8.64,6.69,0.049,1.6,-0.2,1.6,2.4,0.72231,397.0,8.6378,6.69,66.9,1.9667912747931473,,,,Sand,,,Sand 3,3,7.16,9.28,-5.67,-7.789999999999999
-7.17,8.66,6.79,0.05,1.6,-0.2,1.6,2.3,0.73706,397.0,8.6578,6.79,67.9,1.9662484760486092,,,,Sand,,,Sand 3,3,7.16,9.28,-5.67,-7.789999999999999
-7.1899999999999995,8.68,6.84,0.051,1.6,-0.2,1.6,2.4,0.74849,398.0,8.6778,6.84,68.4,1.9673038805594911,,,,Sand,,,Sand 3,3,7.16,9.28,-5.67,-7.789999999999999
-7.209999999999999,8.7,6.84,0.051,1.6667,-0.2,1.4,2.4,0.74168,399.0,8.6978,6.84,68.4,1.9650989073869458,,,,Sand,,,Sand 3,3,7.16,9.28,-5.67,-7.789999999999999
-7.23,8.72,6.84,0.05,1.7333,-0.2,1.6,2.3,0.71865,400.0,8.7178,6.84,68.4,1.9575319479975017,,,,Sand,,,Sand 3,3,7.16,9.28,-5.67,-7.789999999999999
-7.25,8.74,6.88,0.05,1.8,0.0,1.8,2.3,0.70972,401.0,8.7378,6.88,68.8,1.9524330878520737,,,,Sand,,,Sand 3,3,7.16,9.28,-5.67,-7.789999999999999
-7.27,8.76,6.96,0.051,1.8,-0.2,1.6,2.4,0.71504,402.0,8.7578,6.96,69.6,1.9500221436381264,,,,Sand,,,Sand 3,3,7.16,9.28,-5.67,-7.789999999999999
-7.289999999999999,8.78,7.17,0.051,1.8,-0.2,1.6,2.4,0.706,402.0,8.7778,7.17,71.7,1.9362055380837153,,,,Sand,,,Sand 3,3,7.16,9.28,-5.67,-7.789999999999999
-7.3100000000000005,8.8,7.34,0.052,1.8,0.0,1.8,2.4,0.71111,403.0,8.7978,7.34,73.4,1.9294661451450053,,,,Sand,,,Sand 3,3,7.16,9.28,-5.67,-7.789999999999999
-7.33,8.82,7.49,0.053,1.6,0.0,1.6,2.4,0.71682,404.0,8.8178,7.49,74.9,1.9241063337325792,,,,Sand,,,Sand 3,3,7.16,9.28,-5.67,-7.789999999999999
-7.35,8.84,7.54,0.053,1.6,-0.2,1.6,2.4,0.71141,405.0,8.8378,7.54,75.4,1.9198716755501282,,,,Sand,,,Sand 3,3,7.16,9.28,-5.67,-7.789999999999999
-7.369999999999999,8.86,7.57,0.053,1.6,-0.2,1.6,2.4,0.70939,406.0,8.8577,7.57,75.7,1.917751479426642,,,,Sand,,,Sand 3,3,7.16,9.28,-5.67,-7.789999999999999
-7.390000000000001,8.88,7.55,0.053,1.6,-0.2,1.6,2.4,0.71034,407.0,8.8777,7.55,75.5,1.9190291500125831,,,,Sand,,,Sand 3,3,7.16,9.28,-5.67,-7.789999999999999
-7.41,8.9,7.53,0.052,1.6,-0.2,1.6,2.4,0.70057,407.0,8.8977,7.53,75.3,1.9166348695609956,,,,Sand,,,Sand 3,3,7.16,9.28,-5.67,-7.789999999999999
-7.43,8.92,7.41,0.05,1.6,-0.2,1.6,1.7,0.67935,409.0,8.9177,7.41,74.1,1.9150672750694038,,,,Sand,,,Sand 3,3,7.16,9.28,-5.67,-7.789999999999999
-7.449999999999999,8.94,7.34,0.05,1.6,-0.2,1.6,2.3,0.68752,409.0,8.9377,7.34,73.4,1.921364987348329,,,,Sand,,,Sand 3,3,7.16,9.28,-5.67,-7.789999999999999
-7.470000000000001,8.96,7.26,0.049,1.8,0.0,1.8,2.4,0.68376,410.0,8.9577,7.26,72.6,1.9240339798938721,,,,Sand,,,Sand 3,3,7.16,9.28,-5.67,-7.789999999999999
-7.49,8.98,7.18,0.049,1.6,-0.2,1.6,2.4,0.69677,411.0,8.9777,7.18,71.8,1.932551027619222,,,,Sand,,,Sand 3,3,7.16,9.28,-5.67,-7.789999999999999
-7.51,9.0,7.04,0.048,1.6,-0.2,1.6,2.2,0.69704,412.0,8.9977,7.04,70.4,1.939790559610581,,,,Sand,,,Sand 3,3,7.16,9.28,-5.67,-7.789999999999999
-7.529999999999999,9.02,6.87,0.047,1.6,-0.2,1.6,2.9,0.69927,413.0,9.0177,6.87,68.7,1.9494355733051338,,,,Sand,,,Sand 3,3,7.16,9.28,-5.67,-7.789999999999999
-7.549999999999999,9.04,6.7,0.047,1.6,-0.2,1.6,2.8,0.71879,413.0,9.0377,6.7,67.0,1.9650857430877902,,,,Sand,,,Sand 3,3,7.16,9.28,-5.67,-7.789999999999999
-7.57,9.06,6.46,0.046,1.6,-0.2,1.6,2.5,0.72584,414.0,9.0577,6.46,64.6,1.980667852222499,,,,Sand,,,Sand 3,3,7.16,9.28,-5.67,-7.789999999999999
-7.59,9.08,6.24,0.045,1.6,-0.2,1.6,2.2,0.73365,415.0,9.0777,6.24,62.4,1.9958188440223836,,,,Sand,,,Sand 3,3,7.16,9.28,-5.67,-7.789999999999999
-7.609999999999999,9.1,6.02,0.044,1.6,-0.2,1.6,2.3,0.74199,416.0,9.0976,6.02,60.2,2.011574491447043,,,,Sand,,,Sand 3,3,7.16,9.28,-5.67,-7.789999999999999
-7.629999999999999,9.12,5.8,0.042,1.6,-0.2,1.6,2.4,0.73266,417.0,9.1176,5.8,58.0,2.02222684380171,,,,Sand,,,Sand 3,3,7.16,9.28,-5.67,-7.789999999999999
-7.65,9.14,5.57,0.041,1.8,0.0,1.8,2.4,0.73758,418.0,9.1376,5.57,55.7,2.0386279738302595,,,,Sand,,,Sand 3,3,7.16,9.28,-5.67,-7.789999999999999
-7.67,9.16,5.41,0.04,1.6,0.0,1.6,2.4,0.73954,418.0,9.1576,5.41,54.1,2.0499564035291495,,,,Sand,,,Sand 3,3,7.16,9.28,-5.67,-7.789999999999999
-7.6899999999999995,9.18,5.24,0.039,1.6,-0.2,1.6,2.4,0.7362,419.0,9.1776,5.24,52.4,2.060679703509047,,,,Sand mixtures,,,Sand 3,3,7.16,9.28,-5.67,-7.789999999999999
-7.709999999999999,9.2,5.12,0.038,1.6,-0.2,1.6,2.4,0.72606,420.0,9.1976,5.12,51.2,2.066076436281569,,,,Sand mixtures,,,Sand 3,3,7.16,9.28,-5.67,-7.789999999999999
-7.73,9.22,5.07,0.038,1.6,-0.2,1.6,2.4,0.72727,421.0,9.2176,5.07,50.7,2.0700875423743073,,,,Sand mixtures,,,Sand 3,3,7.16,9.28,-5.67,-7.789999999999999
-7.75,9.24,5.04,0.04,1.6,-0.2,1.6,2.4,0.75704,422.0,9.2376,5.04,50.4,2.081433161198965,,,,Sand mixtures,,,Sand 3,3,7.16,9.28,-5.67,-7.789999999999999
-7.77,9.26,5.13,0.042,1.6,-0.2,1.6,2.3,0.77366,423.0,9.2576,5.13,51.3,2.0799207458571445,,,,Sand mixtures,,,Sand 3,3,7.16,9.28,-5.67,-7.789999999999999
-7.789999999999999,9.28,5.29,0.043,1.6,-0.2,1.6,2.4,0.76275,423.0,9.2776,5.29,52.9,2.0653483097028484,,,,Sand mixtures,,,Sand 4,4,9.28,35.84,-7.789999999999999,-34.35
-7.8100000000000005,9.3,5.5,0.044,1.6,-0.2,1.6,2.4,0.7464,424.0,9.2976,5.5,55.0,2.0460283994834088,,,,Sand,,,Sand 4,4,9.28,35.84,-7.789999999999999,-34.35
-7.83,9.32,5.88,0.045,1.6,-0.2,1.6,2.4,0.73096,425.0,9.3176,5.88,58.8,2.0166662691158455,,,,Sand,,,Sand 4,4,9.28,35.84,-7.789999999999999,-34.35
-7.85,9.34,6.4,0.047,1.6,-0.2,1.6,2.4,0.73538,426.0,9.3376,6.4,64.0,1.9871600341959392,,,,Sand,,,Sand 4,4,9.28,35.84,-7.789999999999999,-34.35
-7.869999999999999,9.36,6.79,0.047,1.6,-0.2,1.6,2.4,0.7132,427.0,9.3575,6.79,67.9,1.9583802503401133,,,,Sand,,,Sand 4,4,9.28,35.84,-7.789999999999999,-34.35
-7.890000000000001,9.38,7.13,0.047,1.6,-0.2,1.6,2.4,0.69552,427.0,9.3775,7.13,71.3,1.9346579034205222,,,,Sand,,,Sand 4,4,9.28,35.84,-7.789999999999999,-34.35
-7.91,9.4,7.13,0.046,1.8,-0.2,1.8,2.4,0.66873,428.0,9.3975,7.13,71.3,1.9253437919367435,,,,Sand,,,Sand 4,4,9.28,35.84,-7.789999999999999,-34.35
-7.93,9.42,7.01,0.045,1.8,-0.2,1.6,2.2,0.64853,429.0,9.4175,7.01,70.1,1.9243626549926576,,,,Sand,,,Sand 4,4,9.28,35.84,-7.789999999999999,-34.35
-7.949999999999999,9.44,6.88,0.044,1.8,-0.2,1.8,1.9,0.63287,430.0,9.4375,6.88,68.8,1.9255780518593804,,,,Sand,,,Sand 4,4,9.28,35.84,-7.789999999999999,-34.35
-7.970000000000001,9.46,6.84,0.043,1.8,-0.2,1.8,2.2,0.62038,431.0,9.4575,6.84,68.4,1.9231529702624068,,,,Sand,,,Sand 4,4,9.28,35.84,-7.789999999999999,-34.35
-7.99,9.48,6.85,0.043,1.8,-0.2,1.8,2.4,0.6215,432.0,9.4775,6.85,68.5,1.9230263227839097,,,,Sand,,,Sand 4,4,9.28,35.84,-7.789999999999999,-34.35
-8.01,9.5,6.88,0.043,1.8,-0.2,1.6,2.3,0.62004,433.0,9.4975,6.88,68.8,1.9208751055978768,,,,Sand,,,Sand 4,4,9.28,35.84,-7.789999999999999,-34.35
-8.03,9.52,6.9,0.044,1.8,-0.2,1.8,2.5,0.63049,434.0,9.5175,6.9,69.0,1.9236415793927135,,,,Sand,,,Sand 4,4,9.28,35.84,-7.789999999999999,-34.35
-8.049999999999999,9.54,6.96,0.046,1.8,-0.2,1.8,2.8,0.65283,434.0,9.5375,6.96,69.6,1.9285258467449313,,,,Sand,,,Sand 4,4,9.28,35.84,-7.789999999999999,-34.35
-8.07,9.56,7.03,0.049,1.8,-0.2,1.8,2.4,0.687,435.0,9.5574,7.03,70.3,1.9368612652942074,,,,Sand,,,Sand 4,4,9.28,35.84,-7.789999999999999,-34.35
-8.09,9.58,7.14,0.05,1.8,-0.2,1.6,2.4,0.69085,436.0,9.5774,7.14,71.4,1.932543770694557,,,,Sand,,,Sand 4,4,9.28,35.84,-7.789999999999999,-34.35
-8.11,9.6,7.23,0.051,1.8,-0.2,1.8,2.4,0.69176,437.0,9.5974,7.23,72.3,1.928310393240535,,,,Sand,,,Sand 4,4,9.28,35.84,-7.789999999999999,-34.35
-8.129999999999999,9.62,7.38,0.052,1.8,-0.2,1.8,2.2,0.69103,438.0,9.6174,7.38,73.8,1.9206137314044194,,,,Sand,,,Sand 4,4,9.28,35.84,-7.789999999999999,-34.35
-8.15,9.64,7.54,0.053,1.8,-0.2,1.6,2.3,0.68753,438.0,9.6374,7.54,75.4,1.9116306310884201,,,,Sand,,,Sand 4,4,9.28,35.84,-7.789999999999999,-34.35
-8.17,9.66,7.72,0.054,1.8,-0.2,1.8,2.4,0.68139,439.0,9.6574,7.72,77.2,1.9009412474252114,,,,Sand,,,Sand 4,4,9.28,35.84,-7.789999999999999,-34.35
-8.19,9.68,7.98,0.055,1.8,-0.2,1.8,2.4,0.67268,440.0,9.6774,7.98,79.8,1.8858731712146974,,,,Sand,,,Sand 4,4,9.28,35.84,-7.789999999999999,-34.35
-8.209999999999999,9.7,8.18,0.058,1.8,-0.2,1.6,2.4,0.68356,441.0,9.6974,8.18,81.8,1.880843171519016,,,,Sand,,,Sand 4,4,9.28,35.84,-7.789999999999999,-34.35
-8.23,9.72,8.5,0.06,1.8,-0.2,1.8,2.3,0.67425,442.0,9.7174,8.5,85.0,1.863710128307638,,,,Sand,,,Sand 4,4,9.28,35.84,-7.789999999999999,-34.35
-8.25,9.74,8.87,0.062,1.8,-0.2,1.8,2.4,0.65957,443.0,9.7374,8.87,88.7,1.8430354615804099,,,,Sand,,,Sand 4,4,9.28,35.84,-7.789999999999999,-34.35
-8.27,9.76,9.24,0.064,1.8,-0.2,1.6,2.4,0.63753,443.0,9.7574,9.24,92.4,1.8200561394838426,,,,Sand,,,Sand 4,4,9.28,35.84,-7.789999999999999,-34.35
-8.29,9.78,9.85,0.068,1.8,-0.2,1.8,2.4,0.62789,444.0,9.7773,9.85,98.5,1.7934122560423968,,,,Sand,,,Sand 4,4,9.28,35.84,-7.789999999999999,-34.35
-8.31,9.8,10.85,0.071,1.8,-0.2,1.8,2.1,0.60496,445.0,9.7973,10.85,108.5,1.749699442040545,,,,Sand,,,Sand 4,4,9.28,35.84,-7.789999999999999,-34.35
-8.33,9.82,11.73,0.078,1.8,-0.2,1.6,2.4,0.60872,446.0,9.8173,11.73,117.3,1.7236068913713636,,,,Sand,,,Sand 4,4,9.28,35.84,-7.789999999999999,-34.35
-8.35,9.84,13.09,0.083,1.8,-0.2,1.8,2.4,0.59477,447.0,9.8373,13.09,130.9,1.6791373864953083,,,,Sand,,,Sand 4,4,9.28,35.84,-7.789999999999999,-34.35
-8.37,9.86,14.51,0.089,1.8,-0.2,1.8,2.4,0.58877,448.0,9.8573,14.51,145.1,1.640648224071384,,,,Sand,,,Sand 4,4,9.28,35.84,-7.789999999999999,-34.35
-8.39,9.88,15.75,0.092,1.8,-0.2,1.8,2.4,0.56668,448.0,9.8773,15.75,157.5,1.6022488622411637,,,,Sand,,,Sand 4,4,9.28,35.84,-7.789999999999999,-34.35
-8.41,9.9,17.49,0.095,1.8,-0.2,1.8,2.2,0.5481,449.0,9.8973,17.49,174.9,1.5573878681142095,,,,Sand,,,Sand 4,4,9.28,35.84,-7.789999999999999,-34.35
-8.43,9.92,18.37,0.1,1.8,-0.2,1.8,2.1,0.54488,450.0,9.9173,18.37,183.7,1.539052980132767,,,,Sand,,,Sand 4,4,9.28,35.84,-7.789999999999999,-34.35
-8.45,9.94,19.14,0.105,1.8,-0.2,1.6,2.3,0.5451,451.0,9.9373,19.14,191.4,1.525230689536047,,,,Sand,,,Sand 4,4,9.28,35.84,-7.789999999999999,-34.35
-8.47,9.96,19.8,0.113,1.8,-0.2,1.8,2.4,0.5624,452.0,9.9573,19.8,198.0,1.5224002374868502,,,,Sand,,,Sand 4,4,9.28,35.84,-7.789999999999999,-34.35
-8.49,9.98,20.51,0.118,1.8,-0.2,1.8,2.2,0.56772,453.0,9.9772,20.51,205.1,1.5132683039942083,,,,Sand,,,Sand 4,4,9.28,35.84,-7.789999999999999,-34.35
-8.51,10.0,21.25,0.119,1.8,-0.2,1.8,2.3,0.55559,454.0,9.9972,21.25,212.5,1.495453007069602,,,,Sand,,,Sand 4,4,9.28,35.84,-7.789999999999999,-34.35
-8.53,10.02,21.79,0.12,1.8,-0.2,1.8,2.5,0.54573,454.0,10.017,21.79,217.9,1.4821093958552791,,,,Sand,,,Sand 4,4,9.28,35.84,-7.789999999999999,-34.35
-8.549999999999999,10.04,22.39,0.125,1.8,-0.2,1.8,2.9,0.55698,455.0,10.037,22.39,223.9,1.4788931563348242,,,,Sand,,,Sand 4,4,9.28,35.84,-7.789999999999999,-34.35
-8.57,10.06,23.03,0.121,1.8,-0.2,1.8,2.6,0.5319,456.0,10.057,23.03,230.3,1.4565737504364893,,,,Sand,,,Sand 4,4,9.28,35.84,-7.789999999999999,-34.35
-8.59,10.08,23.44,0.124,1.8,-0.4,1.8,2.3,0.54323,457.0,10.077,23.44,234.4,1.4567385560411756,,,,Sand,,,Sand 4,4,9.28,35.84,-7.789999999999999,-34.35
-8.61,10.1,23.7,0.123,1.8,-0.2,1.8,2.4,0.53989,458.0,10.097,23.7,237.0,1.4513654048484803,,,,Sand,,,Sand 4,4,9.28,35.84,-7.789999999999999,-34.35
-8.629999999999999,10.12,23.43,0.125,1.8,-0.2,1.8,2.4,0.55239,458.0,10.117,23.43,234.3,1.461649072698222,,,,Sand,,,Sand 4,4,9.28,35.84,-7.789999999999999,-34.35
-8.65,10.14,22.96,0.125,1.8,-0.4,1.8,2.3,0.55869,459.0,10.137,22.96,229.6,1.4715172131507797,,,,Sand,,,Sand 4,4,9.28,35.84,-7.789999999999999,-34.35
-8.67,10.16,21.87,0.126,1.8,-0.4,1.8,2.2,0.57094,460.0,10.157,21.87,218.7,1.4936434382628476,,,,Sand,,,Sand 4,4,9.28,35.84,-7.789999999999999,-34.35
-8.69,10.18,21.44,0.126,1.8,-0.2,1.8,2.4,0.57948,461.0,10.177,21.44,214.4,1.5043847900010505,,,,Sand,,,Sand 4,4,9.28,35.84,-7.789999999999999,-34.35
-8.709999999999999,10.2,21.16,0.125,1.8,-0.2,1.8,2.4,0.58224,462.0,10.197,21.16,211.6,1.51005643025549,,,,Sand,,,Sand 4,4,9.28,35.84,-7.789999999999999,-34.35
-8.73,10.22,20.99,0.125,1.8,-0.2,1.8,2.4,0.58768,463.0,10.217,20.99,209.9,1.5153465554076557,,,,Sand,,,Sand 4,4,9.28,35.84,-7.789999999999999,-34.35
-8.75,10.24,21.0,0.126,1.8,-0.2,1.8,2.4,0.5936,463.0,10.237,21.0,210.0,1.5180351317939995,,,,Sand,,,Sand 4,4,9.28,35.84,-7.789999999999999,-34.35
-8.77,10.26,21.1,0.127,1.8,-0.2,1.8,2.4,0.59779,464.0,10.257,21.1,211.0,1.5184788097340165,,,,Sand,,,Sand 4,4,9.28,35.84,-7.789999999999999,-34.35
-8.79,10.28,21.23,0.125,1.8,-0.2,1.8,2.4,0.58634,465.0,10.277,21.23,212.3,1.5109608846723135,,,,Sand,,,Sand 4,4,9.28,35.84,-7.789999999999999,-34.35
-8.81,10.3,21.37,0.125,1.8,-0.2,1.8,2.4,0.58278,466.0,10.297,21.37,213.7,1.50707170413469,,,,Sand,,,Sand 4,4,9.28,35.84,-7.789999999999999,-34.35
-8.83,10.32,21.52,0.127,1.8,-0.2,1.8,2.4,0.58762,467.0,10.317,21.52,215.2,1.5071296335195214,,,,Sand,,,Sand 4,4,9.28,35.84,-7.789999999999999,-34.35
-8.85,10.34,21.59,0.129,1.8,-0.4,1.8,2.2,0.59259,468.0,10.337,21.59,215.9,1.508470482725692,,,,Sand,,,Sand 4,4,9.28,35.84,-7.789999999999999,-34.35
-8.87,10.36,21.75,0.134,1.8,-0.4,1.6,2.4,0.61079,468.0,10.357,21.75,217.5,1.5147498393047325,,,,Sand,,,Sand 4,4,9.28,35.84,-7.789999999999999,-34.35
-8.89,10.38,22.03,0.136,1.8,-0.2,1.8,2.4,0.61424,469.0,10.377,22.03,220.3,1.5122308147248704,,,,Sand,,,Sand 4,4,9.28,35.84,-7.789999999999999,-34.35
-8.91,10.4,22.31,0.139,1.8,-0.2,1.8,2.3,0.6213,470.0,10.397,22.31,223.1,1.5114704254757048,,,,Sand,,,Sand 4,4,9.28,35.84,-7.789999999999999,-34.35
-8.93,10.42,22.35,0.14,1.8,-0.2,1.8,2.0,0.6182,471.0,10.417,22.35,223.5,1.509437218485784,,,,Sand,,,Sand 4,4,9.28,35.84,-7.789999999999999,-34.35
-8.95,10.44,22.59,0.138,1.8,-0.2,1.8,2.2,0.60275,472.0,10.437,22.59,225.9,1.4986385276413585,,,,Sand,,,Sand 4,4,9.28,35.84,-7.789999999999999,-34.35
-8.97,10.46,22.99,0.138,1.8,-0.2,1.8,2.4,0.59692,473.0,10.457,22.99,229.9,1.4901458958218965,,,,Sand,,,Sand 4,4,9.28,35.84,-7.789999999999999,-34.35
-8.99,10.48,23.37,0.137,1.8,-0.2,1.8,2.4,0.58871,474.0,10.477,23.37,233.7,1.4808299831870888,,,,Sand,,,Sand 4,4,9.28,35.84,-7.789999999999999,-34.35
-9.01,10.5,23.78,0.135,1.8,-0.2,1.8,2.4,0.57862,474.0,10.497,23.78,237.8,1.4701936570748693,,,,Sand,,,Sand 4,4,9.28,35.84,-7.789999999999999,-34.35
-9.03,10.52,23.74,0.131,1.8,-0.2,1.8,2.0,0.56247,475.0,10.517,23.74,237.4,1.4625543551280846,,,,Sand,,,Sand 4,4,9.28,35.84,-7.789999999999999,-34.35
-9.049999999999999,10.54,23.82,0.131,1.8,-0.2,1.8,2.6,0.56682,476.0,10.537,23.82,238.2,1.4636843283207277,,,,Sand,,,Sand 4,4,9.28,35.84,-7.789999999999999,-34.35
-9.07,10.56,23.53,0.132,1.8,-0.2,1.8,2.9,0.57901,477.0,10.557,23.53,235.3,1.4738067349850328,,,,Sand,,,Sand 4,4,9.28,35.84,-7.789999999999999,-34.35
-9.09,10.58,22.83,0.131,1.8,-0.2,1.8,2.6,0.58679,478.0,10.577,22.83,228.3,1.4874532479997773,,,,Sand,,,Sand 4,4,9.28,35.84,-7.789999999999999,-34.35
-9.11,10.6,22.26,0.129,1.8,-0.2,1.6,2.4,0.59256,478.0,10.597,22.26,222.6,1.4984883211845144,,,,Sand,,,Sand 4,4,9.28,35.84,-7.789999999999999,-34.35
-9.129999999999999,10.62,21.56,0.134,1.8,-0.2,1.8,2.4,0.63481,479.0,10.617,21.56,215.6,1.528755836406571,,,,Sand,,,Sand 4,4,9.28,35.84,-7.789999999999999,-34.35
-9.15,10.64,20.86,0.129,1.8,-0.2,1.8,2.4,0.63061,480.0,10.637,20.86,208.6,1.537527160351693,,,,Sand,,,Sand 4,4,9.28,35.84,-7.789999999999999,-34.35
-9.17,10.66,20.0,0.142,1.8,-0.2,1.8,2.4,0.71658,481.0,10.657,20.0,200.0,1.5882962597929253,,,,Sand,,,Sand 4,4,9.28,35.84,-7.789999999999999,-34.35
-9.19,10.68,19.3,0.137,1.8,-0.4,1.8,2.4,0.71331,482.0,10.677,19.3,193.0,1.598383816338871,,,,Sand,,,Sand 4,4,9.28,35.84,-7.789999999999999,-34.35
-9.209999999999999,10.7,18.53,0.137,1.8,-0.2,1.8,2.1,0.73365,483.0,10.697,18.53,185.3,1.619688151156058,,,,Sand,,,Sand 4,4,9.28,35.84,-7.789999999999999,-34.35
-9.23,10.72,18.31,0.124,1.8,-0.2,1.8,2.4,0.68151,483.0,10.717,18.31,183.1,1.6023124474211448,,,,Sand,,,Sand 4,4,9.28,35.84,-7.789999999999999,-34.35
-9.25,10.74,17.71,0.111,1.8,-0.2,1.8,2.4,0.62377,484.0,10.737,17.71,177.1,1.5884031562215888,,,,Sand,,,Sand 4,4,9.28,35.84,-7.789999999999999,-34.35
-9.27,10.76,17.38,0.105,1.8,-0.2,1.8,2.4,0.60086,485.0,10.757,17.38,173.8,1.5844007241821638,,,,Sand,,,Sand 4,4,9.28,35.84,-7.789999999999999,-34.35
-9.29,10.78,17.3,0.103,1.8,-0.2,1.8,2.4,0.59671,486.0,10.777,17.3,173.0,1.5840628098711678,,,,Sand,,,Sand 4,4,9.28,35.84,-7.789999999999999,-34.35
-9.31,10.8,17.03,0.103,1.8,-0.2,1.8,2.4,0.60212,487.0,10.797,17.03,170.3,1.5918402416060744,,,,Sand,,,Sand 4,4,9.28,35.84,-7.789999999999999,-34.35
-9.33,10.82,16.8,0.104,1.8,-0.2,1.6,2.4,0.60823,488.0,10.817,16.8,168.0,1.5991895465928578,,,,Sand,,,Sand 4,4,9.28,35.84,-7.789999999999999,-34.35
-9.35,10.84,16.74,0.103,1.8,-0.2,1.8,2.4,0.59801,488.0,10.837,16.74,167.4,1.5957923412426689,,,,Sand,,,Sand 4,4,9.28,35.84,-7.789999999999999,-34.35
-9.37,10.86,16.82,0.103,1.8,-0.2,1.8,2.4,0.59183,489.0,10.857,16.82,168.2,1.5913591054342862,,,,Sand,,,Sand 4,4,9.28,35.84,-7.789999999999999,-34.35
-9.39,10.88,17.07,0.106,1.8,-0.2,1.6,2.1,0.60142,490.0,10.877,17.07,170.7,1.590730104313849,,,,Sand,,,Sand 4,4,9.28,35.84,-7.789999999999999,-34.35
-9.41,10.9,17.65,0.111,1.8,-0.2,1.8,2.4,0.62285,491.0,10.897,17.65,176.5,1.5891278510339604,,,,Sand,,,Sand 4,4,9.28,35.84,-7.789999999999999,-34.35
-9.43,10.92,18.38,0.112,1.8,-0.2,1.8,2.1,0.62539,492.0,10.917,18.38,183.8,1.5767578996668017,,,,Sand,,,Sand 4,4,9.28,35.84,-7.789999999999999,-34.35
-9.45,10.94,18.74,0.112,1.8,-0.2,1.8,2.1,0.625,493.0,10.937,18.74,187.4,1.5701505891233631,,,,Sand,,,Sand 4,4,9.28,35.84,-7.789999999999999,-34.35
-9.47,10.96,18.8,0.112,1.8,-0.2,1.8,2.3,0.62767,494.0,10.957,18.8,188.0,1.5702915634985009,,,,Sand,,,Sand 4,4,9.28,35.84,-7.789999999999999,-34.35
-9.49,10.98,18.37,0.115,1.8,-0.2,1.8,2.4,0.6516,494.0,10.977,18.37,183.7,1.5884865727099633,,,,Sand,,,Sand 4,4,9.28,35.84,-7.789999999999999,-34.35
-9.51,11.0,17.44,0.117,1.8,-0.2,1.8,2.4,0.67469,495.0,10.997,17.44,174.4,1.6154621089630865,,,,Sand,,,Sand 4,4,9.28,35.84,-7.789999999999999,-34.35
-9.53,11.02,16.91,0.117,1.8,-0.2,1.8,2.4,0.68869,496.0,11.017,16.91,169.1,1.6314477043140887,,,,Sand,,,Sand 4,4,9.28,35.84,-7.789999999999999,-34.35
-9.549999999999999,11.04,16.46,0.115,1.8,-0.2,1.8,2.3,0.69028,497.0,11.037,16.46,164.6,1.641027950611837,,,,Sand,,,Sand 4,4,9.28,35.84,-7.789999999999999,-34.35
-9.57,11.06,16.09,0.111,1.8,-0.2,1.8,2.7,0.67544,498.0,11.057,16.09,160.9,1.6425355492692972,,,,Sand,,,Sand 4,4,9.28,35.84,-7.789999999999999,-34.35
-9.59,11.08,15.92,0.109,1.8,-0.2,1.6,2.7,0.66728,498.0,11.077,15.92,159.2,1.6427257285621606,,,,Sand,,,Sand 4,4,9.28,35.84,-7.789999999999999,-34.35
-9.61,11.1,15.92,0.107,1.8,-0.2,1.8,2.4,0.65539,499.0,11.097,15.92,159.2,1.6377729549034519,,,,Sand,,,Sand 4,4,9.28,35.84,-7.789999999999999,-34.35
-9.629999999999999,11.12,16.17,0.107,1.8,-0.2,1.8,2.4,0.65289,500.0,11.117,16.17,161.70000000000002,1.6314859099016952,,,,Sand,,,Sand 4,4,9.28,35.84,-7.789999999999999,-34.35
-9.65,11.14,16.56,0.107,1.8,-0.2,1.8,2.4,0.64814,501.0,11.137,16.56,165.6,1.6214779110115727,,,,Sand,,,Sand 4,4,9.28,35.84,-7.789999999999999,-34.35
-9.67,11.16,16.65,0.106,1.8,-0.2,1.8,2.3,0.63549,502.0,11.157,16.65,166.5,1.6142236091428745,,,,Sand,,,Sand 4,4,9.28,35.84,-7.789999999999999,-34.35
-9.69,11.18,16.84,0.106,1.8,-0.2,1.8,2.4,0.62699,503.0,11.177,16.84,168.4,1.6067059971947282,,,,Sand,,,Sand 4,4,9.28,35.84,-7.789999999999999,-34.35
-9.709999999999999,11.2,16.96,0.108,1.8,-0.2,1.8,2.4,0.62827,503.0,11.197,16.96,169.6,1.6048819772745664,,,,Sand,,,Sand 4,4,9.28,35.84,-7.789999999999999,-34.35
-9.73,11.22,17.05,0.107,1.8,-0.2,1.8,2.4,0.61112,504.0,11.217,17.05,170.5,1.5954989911774065,,,,Sand,,,Sand 4,4,9.28,35.84,-7.789999999999999,-34.35
-9.75,11.24,17.29,0.107,1.8,-0.2,1.8,2.2,0.59927,505.0,11.237,17.29,172.9,1.5854273572322446,,,,Sand,,,Sand 4,4,9.28,35.84,-7.789999999999999,-34.35
-9.77,11.26,17.73,0.108,1.8,-0.2,1.8,2.4,0.59443,506.0,11.257,17.73,177.3,1.574734451587062,,,,Sand,,,Sand 4,4,9.28,35.84,-7.789999999999999,-34.35
-9.79,11.28,18.44,0.108,1.8,-0.2,1.8,2.4,0.58592,507.0,11.277,18.44,184.4,1.5575674371739643,,,,Sand,,,Sand 4,4,9.28,35.84,-7.789999999999999,-34.35
-9.81,11.3,19.11,0.11,1.8,-0.2,1.8,2.4,0.59025,507.0,11.297,19.11,191.1,1.5476606537011368,,,,Sand,,,Sand 4,4,9.28,35.84,-7.789999999999999,-34.35
-9.83,11.32,19.42,0.115,1.8,-0.4,1.6,2.4,0.61423,508.0,11.317,19.42,194.2,1.553469133064967,,,,Sand,,,Sand 4,4,9.28,35.84,-7.789999999999999,-34.35
-9.85,11.34,19.35,0.117,1.8,-0.2,1.8,2.4,0.62756,509.0,11.337,19.35,193.5,1.560726159503756,,,,Sand,,,Sand 4,4,9.28,35.84,-7.789999999999999,-34.35
-9.87,11.36,19.07,0.119,1.8,-0.2,1.8,2.4,0.64674,510.0,11.357,19.07,190.7,1.5740613818987983,,,,Sand,,,Sand 4,4,9.28,35.84,-7.789999999999999,-34.35
-9.89,11.38,18.68,0.121,1.8,-0.4,1.8,2.4,0.67157,511.0,11.377,18.68,186.8,1.5915707861264536,,,,Sand,,,Sand 4,4,9.28,35.84,-7.789999999999999,-34.35
-9.91,11.4,17.98,0.119,1.8,-0.2,1.8,2.4,0.67884,512.0,11.397,17.98,179.8,1.6071561279793023,,,,Sand,,,Sand 4,4,9.28,35.84,-7.789999999999999,-34.35
-9.93,11.42,17.1,0.117,1.8,-0.2,1.8,1.9,0.68768,513.0,11.417,17.1,171.0,1.627342806148204,,,,Sand,,,Sand 4,4,9.28,35.84,-7.789999999999999,-34.35
-9.95,11.44,16.49,0.113,1.8,-0.2,1.8,2.1,0.68438,514.0,11.437,16.49,164.9,1.6380196875945463,,,,Sand,,,Sand 4,4,9.28,35.84,-7.789999999999999,-34.35
-9.97,11.46,16.05,0.109,1.8,-0.4,1.8,2.4,0.67786,514.0,11.457,16.05,160.5,1.6443596618778187,,,,Sand,,,Sand 4,4,9.28,35.84,-7.789999999999999,-34.35
-9.99,11.48,15.52,0.106,1.8,-0.2,1.8,2.4,0.67206,515.0,11.477,15.52,155.2,1.6532336852510612,,,,Sand,,,Sand 4,4,9.28,35.84,-7.789999999999999,-34.35
-10.01,11.5,15.22,0.101,1.8,-0.2,1.8,2.4,0.64764,516.0,11.496,15.22,152.2,1.6497045656715763,,,,Sand,,,Sand 4,4,9.28,35.84,-7.789999999999999,-34.35
-10.03,11.52,15.05,0.099,1.8,-0.2,1.8,2.1,0.63902,517.0,11.516,15.05,150.5,1.6498914473358706,,,,Sand,,,Sand 4,4,9.28,35.84,-7.789999999999999,-34.35
-10.049999999999999,11.54,15.23,0.096,1.8,-0.2,1.8,2.9,0.62312,518.0,11.536,15.23,152.3,1.6390537680953754,,,,Sand,,,Sand 4,4,9.28,35.84,-7.789999999999999,-34.35
-10.07,11.56,15.52,0.095,1.8,-0.2,1.8,2.8,0.61909,518.0,11.556,15.52,155.2,1.6308782080345166,,,,Sand,,,Sand 4,4,9.28,35.84,-7.789999999999999,-34.35
-10.09,11.58,15.68,0.094,1.8,-0.2,1.8,2.5,0.61614,519.0,11.576,15.68,156.8,1.6260981428919785,,,,Sand,,,Sand 4,4,9.28,35.84,-7.789999999999999,-34.35
-10.11,11.6,15.67,0.094,1.8,-0.2,1.8,2.3,0.62077,520.0,11.596,15.67,156.7,1.6283358708965403,,,,Sand,,,Sand 4,4,9.28,35.84,-7.789999999999999,-34.35
-10.129999999999999,11.62,15.36,0.093,1.8,-0.2,1.8,2.3,0.62114,521.0,11.616,15.36,153.6,1.635299504505279,,,,Sand,,,Sand 4,4,9.28,35.84,-7.789999999999999,-34.35
-10.15,11.64,15.03,0.093,1.8,-0.2,1.8,2.4,0.63067,522.0,11.636,15.03,150.3,1.6468003975776575,,,,Sand,,,Sand 4,4,9.28,35.84,-7.789999999999999,-34.35
-10.17,11.66,14.51,0.092,1.8,-0.4,1.8,2.4,0.63508,522.0,11.656,14.51,145.1,1.6606962905344604,,,,Sand,,,Sand 4,4,9.28,35.84,-7.789999999999999,-34.35
-10.19,11.68,14.14,0.09,1.8,-0.2,1.8,2.4,0.63224,523.0,11.676,14.14,141.4,1.6683566032119506,,,,Sand,,,Sand 4,4,9.28,35.84,-7.789999999999999,-34.35
-10.209999999999999,11.7,13.87,0.089,1.8,-0.2,1.8,2.4,0.63396,524.0,11.696,13.87,138.7,1.675706228498109,,,,Sand,,,Sand 4,4,9.28,35.84,-7.789999999999999,-34.35
-10.23,11.72,13.71,0.088,1.8,-0.2,1.8,2.3,0.63321,525.0,11.716,13.71,137.1,1.6793894672848622,,,,Sand,,,Sand 4,4,9.28,35.84,-7.789999999999999,-34.35
-10.25,11.74,13.6,0.088,1.8,-0.2,1.8,2.4,0.63659,526.0,11.736,13.6,136.0,1.683572738063615,,,,Sand,,,Sand 4,4,9.28,35.84,-7.789999999999999,-34.35
-10.27,11.76,13.66,0.088,1.8,-0.2,1.8,2.4,0.63849,527.0,11.756,13.66,136.6,1.6828436540921285,,,,Sand,,,Sand 4,4,9.28,35.84,-7.789999999999999,-34.35
-10.29,11.78,13.79,0.088,1.8,-0.4,1.8,2.3,0.64082,527.0,11.776,13.79,137.9,1.6805493666837048,,,,Sand,,,Sand 4,4,9.28,35.84,-7.789999999999999,-34.35
-10.31,11.8,13.9,0.087,1.8,-0.4,1.8,2.4,0.63777,528.0,11.796,13.9,139.0,1.676551881338432,,,,Sand,,,Sand 4,4,9.28,35.84,-7.789999999999999,-34.35
-10.33,11.82,13.92,0.088,1.8,-0.2,1.8,2.4,0.65119,529.0,11.816,13.92,139.2,1.6816017763279196,,,,Sand,,,Sand 4,4,9.28,35.84,-7.789999999999999,-34.35
-10.35,11.84,13.81,0.088,1.8,-0.2,1.8,2.4,0.6606,530.0,11.836,13.81,138.1,1.688151971987469,,,,Sand,,,Sand 4,4,9.28,35.84,-7.789999999999999,-34.35
-10.37,11.86,13.47,0.086,1.8,-0.2,1.8,2.4,0.65762,531.0,11.856,13.47,134.7,1.6954903038933475,,,,Sand,,,Sand 4,4,9.28,35.84,-7.789999999999999,-34.35
-10.39,11.88,12.98,0.084,1.8,-0.2,1.8,2.4,0.65625,532.0,11.876,12.98,129.8,1.707693276661571,,,,Sand,,,Sand 4,4,9.28,35.84,-7.789999999999999,-34.35
-10.41,11.9,12.58,0.083,1.8,-0.2,1.8,2.4,0.66413,532.0,11.896,12.58,125.8,1.7216464988056668,,,,Sand,,,Sand 4,4,9.28,35.84,-7.789999999999999,-34.35
-10.43,11.92,12.12,0.081,1.8,-0.2,1.8,2.2,0.66523,533.0,11.916,12.12,121.2,1.7349827710904508,,,,Sand,,,Sand 4,4,9.28,35.84,-7.789999999999999,-34.35
-10.45,11.94,11.84,0.08,1.8,-0.2,1.8,2.0,0.67482,534.0,11.936,11.84,118.4,1.746831935894303,,,,Sand,,,Sand 4,4,9.28,35.84,-7.789999999999999,-34.35
-10.47,11.96,11.68,0.078,1.8,-0.2,1.8,2.2,0.67365,535.0,11.956,11.68,116.8,1.751108531844932,,,,Sand,,,Sand 4,4,9.28,35.84,-7.789999999999999,-34.35
-10.49,11.98,11.5,0.076,1.8,-0.2,1.8,2.3,0.67138,536.0,11.976,11.5,115.0,1.7556410245926424,,,,Sand,,,Sand 4,4,9.28,35.84,-7.789999999999999,-34.35
-10.51,12.0,11.24,0.075,1.8,-0.2,1.8,2.4,0.67575,537.0,11.996,11.24,112.4,1.7652974319593853,,,,Sand,,,Sand 4,4,9.28,35.84,-7.789999999999999,-34.35
-10.53,12.02,10.9,0.074,1.8,-0.2,1.6,2.3,0.67851,538.0,12.016,10.9,109.0,1.7770867709550864,,,,Sand,,,Sand 4,4,9.28,35.84,-7.789999999999999,-34.35
-10.549999999999999,12.04,10.77,0.073,1.8,-0.2,1.8,2.8,0.68018,538.0,12.036,10.77,107.7,1.781920500428586,,,,Sand,,,Sand 4,4,9.28,35.84,-7.789999999999999,-34.35
-10.57,12.06,10.51,0.072,1.8,-0.2,1.8,2.6,0.68029,539.0,12.056,10.51,105.1,1.7905361021547244,,,,Sand,,,Sand 4,4,9.28,35.84,-7.789999999999999,-34.35
-10.59,12.08,10.35,0.072,1.8,-0.2,1.8,2.3,0.68768,540.0,12.076,10.35,103.5,1.7986841222065846,,,,Sand,,,Sand 4,4,9.28,35.84,-7.789999999999999,-34.35
-10.61,12.1,10.3,0.072,1.8,-0.2,1.8,2.4,0.69264,541.0,12.096,10.3,103.0,1.8022207568677955,,,,Sand,,,Sand 4,4,9.28,35.84,-7.789999999999999,-34.35
-10.629999999999999,12.12,10.29,0.071,1.8,-0.2,1.8,2.4,0.68765,542.0,12.116,10.29,102.9,1.800716207067298,,,,Sand,,,Sand 4,4,9.28,35.84,-7.789999999999999,-34.35
-10.65,12.14,10.31,0.071,1.8,-0.2,1.8,2.3,0.69049,542.0,12.136,10.31,103.1,1.801085700365682,,,,Sand,,,Sand 4,4,9.28,35.84,-7.789999999999999,-34.35
-10.67,12.16,10.33,0.07,1.8,-0.2,1.8,2.3,0.68168,543.0,12.156,10.33,103.3,1.7971298934635416,,,,Sand,,,Sand 4,4,9.28,35.84,-7.789999999999999,-34.35
-10.69,12.18,10.3,0.071,2.0,-0.2,2.0,2.4,0.69041,544.0,12.176,10.3,103.0,1.801396998464134,,,,Sand,,,Sand 4,4,9.28,35.84,-7.789999999999999,-34.35
-10.709999999999999,12.2,10.21,0.072,2.0,-0.2,1.8,2.4,0.69624,545.0,12.196,10.21,102.1,1.8066273582820709,,,,Sand,,,Sand 4,4,9.28,35.84,-7.789999999999999,-34.35
-10.73,12.22,10.17,0.074,2.0,-0.2,1.8,2.4,0.70949,546.0,12.216,10.17,101.7,1.8128309150167055,,,,Sand,,,Sand 4,4,9.28,35.84,-7.789999999999999,-34.35
-10.75,12.24,10.24,0.077,2.0,-0.2,2.0,2.4,0.72813,547.0,12.236,10.24,102.4,1.8171131978725295,,,,Sand,,,Sand 4,4,9.28,35.84,-7.789999999999999,-34.35
-10.77,12.26,10.42,0.078,2.0,-0.2,1.8,2.4,0.72256,547.0,12.256,10.42,104.2,1.8090486693444046,,,,Sand,,,Sand 4,4,9.28,35.84,-7.789999999999999,-34.35
-10.79,12.28,10.75,0.077,2.0,-0.2,1.8,2.4,0.6951,548.0,12.276,10.75,107.5,1.7881526919582524,,,,Sand,,,Sand 4,4,9.28,35.84,-7.789999999999999,-34.35
-10.81,12.3,11.02,0.078,2.0,-0.2,2.0,2.4,0.68459,549.0,12.296,11.02,110.2,1.7755559825005605,,,,Sand,,,Sand 4,4,9.28,35.84,-7.789999999999999,-34.35
-10.83,12.32,11.49,0.078,2.0,-0.2,2.0,2.3,0.66688,550.0,12.316,11.49,114.9,1.7542044369645664,,,,Sand,,,Sand 4,4,9.28,35.84,-7.789999999999999,-34.35
-10.85,12.34,12.06,0.079,2.0,-0.2,2.0,2.3,0.6604,551.0,12.336,12.06,120.6,1.734806914649488,,,,Sand,,,Sand 4,4,9.28,35.84,-7.789999999999999,-34.35
-10.87,12.36,12.47,0.079,1.8,-0.4,1.8,2.4,0.65007,552.0,12.356,12.47,124.7,1.7190839485227933,,,,Sand,,,Sand 4,4,9.28,35.84,-7.789999999999999,-34.35
-10.89,12.38,12.7,0.079,2.0,-0.2,2.0,2.4,0.64358,552.0,12.376,12.7,127.0,1.7101214743381963,,,,Sand,,,Sand 4,4,9.28,35.84,-7.789999999999999,-34.35
-10.91,12.4,12.66,0.078,1.8,-0.4,1.8,2.4,0.63466,553.0,12.396,12.66,126.6,1.707579552043306,,,,Sand,,,Sand 4,4,9.28,35.84,-7.789999999999999,-34.35
-10.93,12.42,12.55,0.078,1.8,-0.2,1.8,2.4,0.64046,554.0,12.416,12.55,125.5,1.7129809921375203,,,,Sand,,,Sand 4,4,9.28,35.84,-7.789999999999999,-34.35
-10.95,12.44,12.27,0.077,1.8,-0.2,1.8,2.0,0.64375,555.0,12.436,12.27,122.7,1.7221641925200308,,,,Sand,,,Sand 4,4,9.28,35.84,-7.789999999999999,-34.35
-10.97,12.46,12.0,0.077,1.8,-0.4,1.8,2.2,0.66059,556.0,12.456,12.0,120.0,1.736616066003343,,,,Sand,,,Sand 4,4,9.28,35.84,-7.789999999999999,-34.35
-10.99,12.48,11.61,0.076,1.8,-0.2,1.8,2.4,0.67205,557.0,12.476,11.61,116.1,1.752582828811398,,,,Sand,,,Sand 4,4,9.28,35.84,-7.789999999999999,-34.35
-11.01,12.5,11.17,0.074,1.8,-0.2,1.8,2.3,0.67874,558.0,12.496,11.17,111.7,1.768618928098297,,,,Sand,,,Sand 4,4,9.28,35.84,-7.789999999999999,-34.35
-11.03,12.52,10.73,0.072,2.0,-0.2,2.0,2.0,0.68735,559.0,12.516,10.73,107.3,1.7859166696385687,,,,Sand,,,Sand 4,4,9.28,35.84,-7.789999999999999,-34.35
-11.049999999999999,12.54,10.26,0.07,2.0,0.0,2.0,3.0,0.69747,559.0,12.536,10.26,102.6,1.805363559130649,,,,Sand,,,Sand 4,4,9.28,35.84,-7.789999999999999,-34.35
-11.07,12.56,9.88,0.068,2.0,-0.4,1.8,2.7,0.7076,560.0,12.556,9.88,98.8,1.82230295544666,,,,Sand,,,Sand 4,4,9.28,35.84,-7.789999999999999,-34.35
-11.09,12.58,9.3,0.066,2.0,-0.2,1.8,2.4,0.71652,561.0,12.576,9.3,93.0,1.8467997698600849,,,,Sand,,,Sand 4,4,9.28,35.84,-7.789999999999999,-34.35
-11.11,12.6,8.85,0.063,2.0,-0.2,2.0,2.4,0.71207,562.0,12.596,8.85,88.5,1.862795404534614,,,,Sand,,,Sand 4,4,9.28,35.84,-7.789999999999999,-34.35
-11.129999999999999,12.62,8.49,0.061,1.8,-0.4,1.8,2.4,0.71586,562.0,12.616,8.49,84.9,1.8788882200205923,,,,Sand,,,Sand 4,4,9.28,35.84,-7.789999999999999,-34.35
-11.15,12.64,8.2,0.059,1.8,-0.4,1.8,2.4,0.71765,563.0,12.636,8.2,82.0,1.891904712396766,,,,Sand,,,Sand 4,4,9.28,35.84,-7.789999999999999,-34.35
-11.17,12.66,7.98,0.058,1.8,-0.4,1.8,2.4,0.7275,564.0,12.656,7.98,79.8,1.9049875504984404,,,,Sand,,,Sand 4,4,9.28,35.84,-7.789999999999999,-34.35
-11.19,12.68,7.82,0.057,1.8,-0.2,1.8,2.4,0.73359,565.0,12.676,7.82,78.2,1.9142847313714304,,,,Sand,,,Sand 4,4,9.28,35.84,-7.789999999999999,-34.35
-11.209999999999999,12.7,7.65,0.056,1.8,-0.4,1.8,2.3,0.7366,566.0,12.696,7.65,76.5,1.9231595990386692,,,,Sand,,,Sand 4,4,9.28,35.84,-7.789999999999999,-34.35
-11.23,12.72,7.48,0.055,1.8,-0.2,1.8,2.4,0.73677,567.0,12.716,7.48,74.8,1.9312744091980563,,,,Sand,,,Sand 4,4,9.28,35.84,-7.789999999999999,-34.35
-11.25,12.74,7.31,0.054,2.0,-0.2,2.0,2.4,0.73457,567.0,12.736,7.31,73.1,1.9388061988762428,,,,Sand,,,Sand 4,4,9.28,35.84,-7.789999999999999,-34.35
-11.27,12.76,7.23,0.054,1.8,-0.4,1.8,2.4,0.74431,568.0,12.756,7.23,72.3,1.9459706839337714,,,,Sand,,,Sand 4,4,9.28,35.84,-7.789999999999999,-34.35
-11.29,12.78,7.15,0.052,1.8,-0.4,1.8,2.4,0.72461,569.0,12.776,7.15,71.5,1.9434742899319277,,,,Sand,,,Sand 4,4,9.28,35.84,-7.789999999999999,-34.35
-11.31,12.8,7.1,0.052,1.8,-0.4,1.8,2.4,0.73021,570.0,12.796,7.1,71.0,1.9478664269676036,,,,Sand,,,Sand 4,4,9.28,35.84,-7.789999999999999,-34.35
-11.33,12.82,7.07,0.052,1.8,-0.2,1.8,2.3,0.73317,571.0,12.816,7.07,70.7,1.9503719253309024,,,,Sand,,,Sand 4,4,9.28,35.84,-7.789999999999999,-34.35
-11.35,12.84,7.05,0.052,1.8,-0.4,1.8,2.4,0.7342,572.0,12.836,7.05,70.5,1.951733436826015,,,,Sand,,,Sand 4,4,9.28,35.84,-7.789999999999999,-34.35
-11.37,12.86,7.02,0.051,2.0,-0.2,2.0,2.4,0.71856,572.0,12.856,7.02,70.2,1.9480897938805135,,,,Sand,,,Sand 4,4,9.28,35.84,-7.789999999999999,-34.35
-11.39,12.88,7.04,0.052,2.0,-0.2,2.0,2.3,0.72867,573.0,12.876,7.04,70.4,1.9504213912119155,,,,Sand,,,Sand 4,4,9.28,35.84,-7.789999999999999,-34.35
-11.41,12.9,7.08,0.053,2.0,-0.2,1.8,2.4,0.73445,574.0,12.896,7.08,70.8,1.9502836261421665,,,,Sand,,,Sand 4,4,9.28,35.84,-7.789999999999999,-34.35
-11.43,12.92,7.15,0.055,2.0,-0.4,1.8,2.3,0.74665,575.0,12.916,7.15,71.5,1.9507362441002603,,,,Sand,,,Sand 4,4,9.28,35.84,-7.789999999999999,-34.35
-11.45,12.94,7.27,0.056,2.0,-0.4,2.0,2.0,0.73903,576.0,12.936,7.27,72.7,1.9422529831647342,,,,Sand,,,Sand 4,4,9.28,35.84,-7.789999999999999,-34.35
-11.47,12.96,7.41,0.059,2.0,-0.2,2.0,2.2,0.74743,577.0,12.956,7.41,74.1,1.9381636312455182,,,,Sand,,,Sand 4,4,9.28,35.84,-7.789999999999999,-34.35
-11.49,12.98,7.71,0.062,2.0,-0.2,2.0,2.4,0.74407,578.0,12.976,7.71,77.1,1.9228462025725839,,,,Sand,,,Sand 4,4,9.28,35.84,-7.789999999999999,-34.35
-11.51,13.0,8.25,0.066,2.0,-0.2,2.0,2.3,0.74377,578.0,12.996,8.25,82.5,1.8986162530009214,,,,Sand,,,Sand 4,4,9.28,35.84,-7.789999999999999,-34.35
-11.53,13.02,8.71,0.067,1.8,-0.4,1.8,2.2,0.70295,579.0,13.016,8.71,87.1,1.8652539228146983,,,,Sand,,,Sand 4,4,9.28,35.84,-7.789999999999999,-34.35
-11.549999999999999,13.04,9.57,0.069,2.0,-0.2,2.0,2.7,0.67399,580.0,13.036,9.57,95.7,1.8212790344803893,,,,Sand,,,Sand 4,4,9.28,35.84,-7.789999999999999,-34.35
-11.57,13.06,10.59,0.074,1.8,-0.2,1.8,2.4,0.67874,581.0,13.056,10.59,105.9,1.7872900773110805,,,,Sand,,,Sand 4,4,9.28,35.84,-7.789999999999999,-34.35
-11.59,13.08,11.48,0.078,1.8,-0.4,1.8,2.4,0.68055,582.0,13.076,11.48,114.8,1.759766501368023,,,,Sand,,,Sand 4,4,9.28,35.84,-7.789999999999999,-34.35
-11.61,13.1,12.53,0.082,1.8,-0.2,1.8,2.4,0.68691,583.0,13.096,12.53,125.3,1.7319224962353459,,,,Sand,,,Sand 4,4,9.28,35.84,-7.789999999999999,-34.35
-11.629999999999999,13.12,13.06,0.085,1.8,-0.4,1.8,2.4,0.69225,583.0,13.116,13.06,130.6,1.7197754021364309,,,,Sand,,,Sand 4,4,9.28,35.84,-7.789999999999999,-34.35
-11.65,13.14,13.03,0.089,2.0,-0.4,2.0,2.3,0.71371,584.0,13.136,13.03,130.3,1.7287639088566074,,,,Sand,,,Sand 4,4,9.28,35.84,-7.789999999999999,-34.35
-11.67,13.16,12.72,0.09,1.8,-0.4,1.8,2.4,0.71735,585.0,13.156,12.72,127.2,1.7383391079892105,,,,Sand,,,Sand 4,4,9.28,35.84,-7.789999999999999,-34.35
-11.69,13.18,12.52,0.089,2.0,-0.4,2.0,2.4,0.71172,586.0,13.176,12.52,125.2,1.7416419937415304,,,,Sand,,,Sand 4,4,9.28,35.84,-7.789999999999999,-34.35
-11.709999999999999,13.2,12.3,0.09,1.8,-0.4,1.8,2.4,0.72456,587.0,13.196,12.3,123.0,1.7524903746345335,,,,Sand,,,Sand 4,4,9.28,35.84,-7.789999999999999,-34.35
-11.73,13.22,12.12,0.089,1.8,-0.4,1.8,2.4,0.71861,588.0,13.216,12.12,121.2,1.7553383481229359,,,,Sand,,,Sand 4,4,9.28,35.84,-7.789999999999999,-34.35
-11.75,13.24,12.09,0.0877,1.8,-0.4,1.8,2.3,0.7084,588.0,13.236,12.09,120.9,1.7523860734789658,,,,Sand,,,Sand 4,4,9.28,35.84,-7.789999999999999,-34.35
-11.77,13.26,12.2,0.0863,2.0,-0.2,2.0,2.4,0.69548,589.0,13.256,12.2,122.0,1.7443935296055628,,,,Sand,,,Sand 4,4,9.28,35.84,-7.789999999999999,-34.35
-11.79,13.28,12.39,0.085,2.0,-0.2,2.0,2.4,0.68041,590.0,13.276,12.39,123.9,1.7332797663571862,,,,Sand,,,Sand 4,4,9.28,35.84,-7.789999999999999,-34.35
-11.81,13.3,12.74,0.081,2.0,-0.2,2.0,2.4,0.64587,591.0,13.296,12.74,127.4,1.7099594857859854,,,,Sand,,,Sand 4,4,9.28,35.84,-7.789999999999999,-34.35
-11.83,13.32,12.68,0.083,2.0,-0.2,1.8,2.4,0.6603,592.0,13.316,12.68,126.8,1.7173889892165928,,,,Sand,,,Sand 4,4,9.28,35.84,-7.789999999999999,-34.35
-11.85,13.34,12.75,0.081,2.0,-0.2,2.0,2.4,0.64471,593.0,13.336,12.75,127.5,1.7092172294116381,,,,Sand,,,Sand 4,4,9.28,35.84,-7.789999999999999,-34.35
-11.87,13.36,12.97,0.079,2.0,-0.2,2.0,2.4,0.63061,593.0,13.355,12.97,129.7,1.697505259655803,,,,Sand,,,Sand 4,4,9.28,35.84,-7.789999999999999,-34.35
-11.89,13.38,12.51,0.077,2.0,-0.2,2.0,2.4,0.61742,594.0,13.375,12.51,125.1,1.7046101700073195,,,,Sand,,,Sand 4,4,9.28,35.84,-7.789999999999999,-34.35
-11.91,13.4,12.32,0.075,2.0,-0.4,2.0,2.4,0.60132,595.0,13.395,12.32,123.2,1.7032107669933099,,,,Sand,,,Sand 4,4,9.28,35.84,-7.789999999999999,-34.35
-11.93,13.42,12.15,0.077,2.0,-0.4,1.8,2.3,0.61668,596.0,13.415,12.15,121.5,1.714531953037391,,,,Sand,,,Sand 4,4,9.28,35.84,-7.789999999999999,-34.35
-11.95,13.44,12.1,0.078,2.0,-0.2,2.0,2.0,0.62682,597.0,13.435,12.1,121.0,1.720158131139208,,,,Sand,,,Sand 4,4,9.28,35.84,-7.789999999999999,-34.35
-11.97,13.46,12.29,0.074,2.0,-0.4,2.0,2.2,0.59492,598.0,13.455,12.29,122.9,1.7013479508999427,,,,Sand,,,Sand 4,4,9.28,35.84,-7.789999999999999,-34.35
-11.99,13.48,12.69,0.07,2.0,-0.4,2.0,2.3,0.56247,599.0,13.475,12.69,126.9,1.6758639306102068,,,,Sand,,,Sand 4,4,9.28,35.84,-7.789999999999999,-34.35
-12.01,13.5,12.86,0.074,2.0,-0.4,1.8,2.4,0.59366,599.0,13.495,12.86,128.6,1.684868682491787,,,,Sand,,,Sand 4,4,9.28,35.84,-7.789999999999999,-34.35
-12.03,13.52,12.63,0.069,2.0,-0.2,2.0,2.3,0.55239,600.0,13.515,12.63,126.3,1.6730133841818429,,,,Sand,,,Sand 4,4,9.28,35.84,-7.789999999999999,-34.35
-12.049999999999999,13.54,12.47,0.067,2.0,-0.4,2.0,2.4,0.53541,601.0,13.535,12.47,124.7,1.669805089795476,,,,Sand,,,Sand 4,4,9.28,35.84,-7.789999999999999,-34.35
-12.07,13.56,12.37,0.069,2.0,-0.2,2.0,2.9,0.55172,602.0,13.555,12.37,123.7,1.680109566484785,,,,Sand,,,Sand 4,4,9.28,35.84,-7.789999999999999,-34.35
-12.09,13.58,12.31,0.064,2.0,-0.4,2.0,2.6,0.51159,602.0,13.575,12.31,123.1,1.663305146234538,,,,Sand,,,Sand 4,4,9.28,35.84,-7.789999999999999,-34.35
-12.11,13.6,12.31,0.0633,2.0,-0.4,2.0,2.3,0.50178,603.0,13.595,12.31,123.1,1.658623725507421,,,,Sand,,,Sand 4,4,9.28,35.84,-7.789999999999999,-34.35
-12.129999999999999,13.62,12.47,0.0627,2.0,-0.2,2.0,2.4,0.4887,604.0,13.615,12.47,124.7,1.647604618171923,,,,Sand,,,Sand 4,4,9.28,35.84,-7.789999999999999,-34.35
-12.15,13.64,12.63,0.062,2.0,-0.4,2.0,2.4,0.4705,605.0,13.635,12.63,126.3,1.6339276232391973,,,,Sand,,,Sand 4,4,9.28,35.84,-7.789999999999999,-34.35
-12.17,13.66,12.89,0.064,2.0,-0.4,2.0,2.4,0.46869,606.0,13.655,12.89,128.9,1.6256043297585843,,,,Sand,,,Sand 4,4,9.28,35.84,-7.789999999999999,-34.35
-12.19,13.68,13.47,0.072,2.0,-0.4,2.0,2.4,0.50376,607.0,13.675,13.47,134.7,1.6272036626964037,,,,Sand,,,Sand 4,4,9.28,35.84,-7.789999999999999,-34.35
-12.209999999999999,13.7,14.19,0.07,2.0,-0.4,2.0,2.4,0.46488,607.0,13.695,14.19,141.9,1.588881434224501,,,,Sand,,,Sand 4,4,9.28,35.84,-7.789999999999999,-34.35
-12.23,13.72,15.15,0.06,2.0,-0.2,2.0,2.4,0.37727,608.0,13.715,15.15,151.5,1.5158134516253163,,,,Sand,,,Sand 4,4,9.28,35.84,-7.789999999999999,-34.35
-12.25,13.74,16.13,0.058,2.0,-0.4,2.0,2.4,0.3448,609.0,13.735,16.13,161.29999999999998,1.472234743343362,,,,Sand,,,Sand 4,4,9.28,35.84,-7.789999999999999,-34.35
-12.27,13.76,17.41,0.056,2.0,-0.4,2.0,2.4,0.31683,610.0,13.755,17.41,174.1,1.4249653371314013,,,,Sand,,,Sand 4,4,9.28,35.84,-7.789999999999999,-34.35
-12.29,13.78,18.59,0.059,2.0,-0.2,2.0,2.3,0.31983,611.0,13.775,18.59,185.9,1.402582556414039,,,,Sand,,,Sand 4,4,9.28,35.84,-7.789999999999999,-34.35
-12.31,13.8,19.4,0.058,1.8,-0.4,1.8,2.4,0.30422,612.0,13.795,19.4,194.0,1.375523819634104,,,,Sand,,,Sand 4,4,9.28,35.84,-7.789999999999999,-34.35
-12.33,13.82,20.23,0.057,2.0,-0.4,2.0,2.4,0.29186,612.0,13.815,20.23,202.3,1.3506923363400865,,,,Sand,,,Sand 4,4,9.28,35.84,-7.789999999999999,-34.35
-12.35,13.84,20.3,0.056,1.8,-0.4,1.8,2.4,0.28358,613.0,13.835,20.3,203.0,1.343096393505839,,,,Sand,,,Sand 4,4,9.28,35.84,-7.789999999999999,-34.35
-12.37,13.86,20.37,0.059,2.0,-0.4,2.0,2.4,0.29938,614.0,13.855,20.37,203.7,1.353760686300664,,,,Sand,,,Sand 4,4,9.28,35.84,-7.789999999999999,-34.35
-12.39,13.88,20.09,0.06,1.8,-0.4,1.8,2.3,0.30936,615.0,13.875,20.09,200.9,1.3662705256822572,,,,Sand,,,Sand 4,4,9.28,35.84,-7.789999999999999,-34.35
-12.41,13.9,19.85,0.059,1.8,-0.4,1.8,2.4,0.31281,616.0,13.895,19.85,198.5,1.3732340647185401,,,,Sand,,,Sand 4,4,9.28,35.84,-7.789999999999999,-34.35
-12.43,13.92,19.15,0.074,1.8,-0.4,1.8,2.4,0.40743,617.0,13.915,19.15,191.5,1.4491138673600164,,,,Sand,,,Sand 4,4,9.28,35.84,-7.789999999999999,-34.35
-12.45,13.94,18.27,0.073,2.0,-0.4,2.0,2.3,0.42187,617.0,13.935,18.27,182.7,1.4745245594610514,,,,Sand,,,Sand 4,4,9.28,35.84,-7.789999999999999,-34.35
-12.47,13.96,16.9,0.072,1.9667,-0.4,1.8,1.9,0.4404,618.0,13.955,16.9,169.0,1.512969799463139,,,,Sand,,,Sand 4,4,9.28,35.84,-7.789999999999999,-34.35
-12.49,13.98,15.96,0.071,1.9333,-0.4,2.0,2.2,0.46405,619.0,13.975,15.96,159.6,1.5463514378100998,,,,Sand,,,Sand 4,4,9.28,35.84,-7.789999999999999,-34.35
-12.51,14.0,14.71,0.075,1.9,-0.6,1.8,2.4,0.52678,620.0,13.995,14.71,147.1,1.6071336121625905,,,,Sand,,,Sand 4,4,9.28,35.84,-7.789999999999999,-34.35
-12.53,14.02,13.5,0.077,1.9333,-0.4,1.6,2.4,0.58433,621.0,14.015,13.5,135.0,1.663790847358373,,,,Sand,,,Sand 4,4,9.28,35.84,-7.789999999999999,-34.35
-12.549999999999999,14.04,12.45,0.074,1.9667,-0.4,1.8,2.4,0.60637,622.0,14.035,12.45,124.5,1.70165866741096,,,,Sand,,,Sand 4,4,9.28,35.84,-7.789999999999999,-34.35
-12.57,14.06,11.46,0.071,2.0,-0.4,2.0,2.4,0.62853,623.0,14.055,11.46,114.6,1.7399390532361692,,,,Sand,,,Sand 4,4,9.28,35.84,-7.789999999999999,-34.35
-12.59,14.08,10.65,0.0666,2.0,-0.4,2.0,2.9,0.63466,623.0,14.075,10.65,106.5,1.7682846239753331,,,,Sand,,,Sand 4,4,9.28,35.84,-7.789999999999999,-34.35
-12.61,14.1,9.79,0.0621,2.0,-0.4,1.8,2.5,0.63246,624.0,14.095,9.79,97.9,1.7973848675422266,,,,Sand,,,Sand 4,4,9.28,35.84,-7.789999999999999,-34.35
-12.629999999999999,14.12,9.11,0.0621,2.0,-0.6,1.8,2.4,0.67253,625.0,14.115,9.11,91.1,1.8382748597906475,,,,Sand,,,Sand 4,4,9.28,35.84,-7.789999999999999,-34.35
-12.65,14.14,8.7,0.062,2.0,-0.4,2.0,2.3,0.70325,626.0,14.135,8.7,87.0,1.8657691489288786,,,,Sand,,,Sand 4,4,9.28,35.84,-7.789999999999999,-34.35
-12.67,14.16,8.29,0.062,2.0,-0.6,1.8,2.4,0.72282,627.0,14.155,8.29,82.9,1.88978547259505,,,,Sand,,,Sand 4,4,9.28,35.84,-7.789999999999999,-34.35
-12.69,14.18,8.1,0.067,2.0,-0.4,1.6,2.4,0.785,627.0,14.175,8.1,81.0,1.9186618742753212,,,,Sand,,,Sand 4,4,9.28,35.84,-7.789999999999999,-34.35
-12.709999999999999,14.2,7.77,0.074,2.0,-0.4,2.0,2.4,0.85009,628.0,14.195,7.77,77.7,1.9535453235575997,,,,Sand,,,Sand 4,4,9.28,35.84,-7.789999999999999,-34.35
-12.73,14.22,8.12,0.079,2.0,-0.2,2.0,2.4,0.86813,629.0,14.215,8.12,81.19999999999999,1.9435287603228117,,,,Sand,,,Sand 4,4,9.28,35.84,-7.789999999999999,-34.35
-12.75,14.24,8.74,0.089,2.0,-0.2,2.0,2.4,0.918,630.0,14.235,8.74,87.4,1.9327167689650442,,,,Sand,,,Sand 4,4,9.28,35.84,-7.789999999999999,-34.35
-12.77,14.26,9.45,0.093,1.8,-0.4,1.8,2.3,0.88037,631.0,14.255,9.45,94.5,1.8947768175467172,,,,Sand,,,Sand 4,4,9.28,35.84,-7.789999999999999,-34.35
-12.79,14.28,10.47,0.096,1.8,-0.2,1.8,2.4,0.82201,632.0,14.275,10.47,104.7,1.8413583736230683,,,,Sand,,,Sand 4,4,9.28,35.84,-7.789999999999999,-34.35
-12.81,14.3,11.86,0.103,1.8,-0.4,1.8,2.4,0.79899,632.0,14.295,11.86,118.6,1.7912784886655766,,,,Sand,,,Sand 4,4,9.28,35.84,-7.789999999999999,-34.35
-12.83,14.32,13.05,0.111,1.8,-0.2,1.8,2.3,0.78307,633.0,14.315,13.05,130.5,1.75354573130248,,,,Sand,,,Sand 4,4,9.28,35.84,-7.789999999999999,-34.35
-12.85,14.34,15.05,0.121,1.8,-0.4,1.8,2.3,0.78109,634.0,14.335,15.05,150.5,1.705451725321514,,,,Sand,,,Sand 4,4,9.28,35.84,-7.789999999999999,-34.35
-12.87,14.36,16.69,0.125,1.8,-0.4,1.8,2.4,0.74405,635.0,14.355,16.69,166.9,1.6576973132970252,,,,Sand,,,Sand 4,4,9.28,35.84,-7.789999999999999,-34.35
-12.89,14.38,17.82,0.133,1.8,-0.4,1.8,2.4,0.73884,636.0,14.375,17.82,178.2,1.6343585925992854,,,,Sand,,,Sand 4,4,9.28,35.84,-7.789999999999999,-34.35
-12.91,14.4,19.01,0.139,1.8,-0.4,1.8,2.4,0.72566,637.0,14.395,19.01,190.1,1.6082623585529143,,,,Sand,,,Sand 4,4,9.28,35.84,-7.789999999999999,-34.35
-12.93,14.42,19.98,0.145,1.8,-0.4,1.6,2.4,0.72301,637.0,14.415,19.98,199.8,1.591244591932176,,,,Sand,,,Sand 4,4,9.28,35.84,-7.789999999999999,-34.35
-12.95,14.44,20.94,0.152,1.8,-0.4,1.8,2.0,0.73355,638.0,14.435,20.94,209.4,1.5806366679830837,,,,Sand,,,Sand 4,4,9.28,35.84,-7.789999999999999,-34.35
-12.97,14.46,21.47,0.154,1.8,-0.4,1.6,2.2,0.72633,639.0,14.455,21.47,214.7,1.5698015744162677,,,,Sand,,,Sand 4,4,9.28,35.84,-7.789999999999999,-34.35
-12.99,14.48,22.28,0.157,1.8,-0.4,1.6,2.4,0.729,640.0,14.475,22.28,222.8,1.5592861280923025,,,,Sand,,,Sand 4,4,9.28,35.84,-7.789999999999999,-34.35
-13.01,14.5,22.25,0.16,1.8,-0.4,1.8,2.3,0.73656,641.0,14.495,22.25,222.5,1.562820979113798,,,,Sand,,,Sand 4,4,9.28,35.84,-7.789999999999999,-34.35
-13.03,14.52,22.02,0.163,1.8,-0.4,1.8,2.4,0.74865,642.0,14.515,22.02,220.2,1.570982801182583,,,,Sand,,,Sand 4,4,9.28,35.84,-7.789999999999999,-34.35
-13.049999999999999,14.54,21.67,0.163,1.6,-0.4,1.6,2.1,0.74921,643.0,14.535,21.67,216.7,1.5762084172178674,,,,Sand,,,Sand 4,4,9.28,35.84,-7.789999999999999,-34.35
-13.07,14.56,21.68,0.164,1.8,-0.4,1.8,2.7,0.75759,643.0,14.555,21.68,216.8,1.5794230576393482,,,,Sand,,,Sand 4,4,9.28,35.84,-7.789999999999999,-34.35
-13.09,14.58,21.47,0.163,1.6,-0.4,1.6,2.8,0.7559,644.0,14.575,21.47,214.7,1.5817870315117113,,,,Sand,,,Sand 4,4,9.28,35.84,-7.789999999999999,-34.35
-13.11,14.6,21.34,0.163,1.6,-0.4,1.6,2.5,0.75642,645.0,14.595,21.34,213.4,1.5838931529004021,,,,Sand,,,Sand 4,4,9.28,35.84,-7.789999999999999,-34.35
-13.129999999999999,14.62,21.34,0.162,1.6,-0.4,1.6,2.4,0.74913,646.0,14.615,21.34,213.4,1.5809784386176657,,,,Sand,,,Sand 4,4,9.28,35.84,-7.789999999999999,-34.35
-13.15,14.64,21.41,0.161,1.6,-0.4,1.6,2.4,0.74066,647.0,14.635,21.41,214.1,1.5765353488244034,,,,Sand,,,Sand 4,4,9.28,35.84,-7.789999999999999,-34.35
-13.17,14.66,21.58,0.163,1.7,-0.6,1.6,2.3,0.74519,647.0,14.655,21.58,215.8,1.5758890726919048,,,,Sand,,,Sand 4,4,9.28,35.84,-7.789999999999999,-34.35
-13.19,14.68,21.9,0.165,1.8,-0.4,1.8,2.4,0.74945,648.0,14.675,21.9,219.0,1.5730092173742711,,,,Sand,,,Sand 4,4,9.28,35.84,-7.789999999999999,-34.35
-13.209999999999999,14.7,22.28,0.168,1.8,-0.4,1.6,2.4,0.75829,649.0,14.695,22.28,222.8,1.5712135688763749,,,,Sand,,,Sand 4,4,9.28,35.84,-7.789999999999999,-34.35
-13.23,14.72,22.58,0.17,1.8,-0.4,1.8,2.4,0.76284,650.0,14.715,22.58,225.8,1.5688950811571176,,,,Sand,,,Sand 4,4,9.28,35.84,-7.789999999999999,-34.35
-13.25,14.74,22.56,0.172,1.8,-0.4,1.8,2.4,0.7679,651.0,14.735,22.56,225.6,1.5711874440225568,,,,Sand,,,Sand 4,4,9.28,35.84,-7.789999999999999,-34.35
-13.27,14.76,22.48,0.172,1.8,-0.4,1.8,2.4,0.76508,652.0,14.755,22.48,224.8,1.5711614519934427,,,,Sand,,,Sand 4,4,9.28,35.84,-7.789999999999999,-34.35
-13.29,14.78,22.45,0.172,1.8,-0.4,1.6,2.4,0.76453,652.0,14.775,22.45,224.5,1.571354943525143,,,,Sand,,,Sand 4,4,9.28,35.84,-7.789999999999999,-34.35
-13.31,14.8,22.45,0.171,1.8,-0.4,1.6,2.3,0.76207,653.0,14.795,22.45,224.5,1.5703724237072658,,,,Sand,,,Sand 4,4,9.28,35.84,-7.789999999999999,-34.35
-13.33,14.82,22.49,0.173,1.8,-0.4,1.8,2.4,0.77496,654.0,14.815,22.49,224.9,1.574943844625134,,,,Sand,,,Sand 4,4,9.28,35.84,-7.789999999999999,-34.35
-13.35,14.84,22.56,0.175,1.8,-0.4,1.6,2.4,0.79114,655.0,14.835,22.56,225.6,1.5803234210557915,,,,Sand,,,Sand 4,4,9.28,35.84,-7.789999999999999,-34.35
-13.37,14.86,22.41,0.174,1.8,-0.4,1.8,2.3,0.79789,656.0,14.855,22.41,224.1,1.5849815713031434,,,,Sand,,,Sand 4,4,9.28,35.84,-7.789999999999999,-34.35
-13.39,14.88,22.11,0.175,1.8,-0.4,1.6,2.4,0.81637,657.0,14.875,22.11,221.1,1.5961574992942766,,,,Sand,,,Sand 4,4,9.28,35.84,-7.789999999999999,-34.35
-13.41,14.9,21.64,0.179,1.8,-0.4,1.6,2.4,0.85157,657.0,14.895,21.64,216.4,1.6157499667696618,,,,Sand,,,Sand 4,4,9.28,35.84,-7.789999999999999,-34.35
-13.43,14.92,20.85,0.183,1.8,-0.4,1.8,2.4,0.89203,658.0,14.915,20.85,208.5,1.6414459918480606,,,,Sand,,,Sand 4,4,9.28,35.84,-7.789999999999999,-34.35
-13.45,14.94,19.95,0.182,1.8,-0.4,1.8,2.1,0.9128,659.0,14.935,19.95,199.5,1.6620229386004461,,,,Sand,,,Sand 4,4,9.28,35.84,-7.789999999999999,-34.35
-13.47,14.96,19.48,0.18,1.8,-0.4,1.8,2.0,0.93035,660.0,14.955,19.48,194.8,1.6751866805745013,,,,Sand,,,Sand 4,4,9.28,35.84,-7.789999999999999,-34.35
-13.49,14.98,19.16,0.173,1.8,-0.4,1.8,2.3,0.92322,661.0,14.975,19.16,191.6,1.6779013273092125,,,,Sand,,,Sand 4,4,9.28,35.84,-7.789999999999999,-34.35
-13.51,15.0,18.52,0.166,1.8,-0.2,1.8,2.4,0.91171,662.0,14.995,18.52,185.2,1.6845560492750893,,,,Sand,,,Sand 4,4,9.28,35.84,-7.789999999999999,-34.35
-13.53,15.02,17.8,0.16,1.8,-0.4,1.8,2.4,0.90071,663.0,15.015,17.8,178.0,1.6932292392022588,,,,Sand,,,Sand 4,4,9.28,35.84,-7.789999999999999,-34.35
-13.549999999999999,15.04,17.38,0.155,1.8,-0.4,1.8,2.3,0.89215,663.0,15.035,17.38,173.8,1.6978522885094034,,,,Sand,,,Sand 4,4,9.28,35.84,-7.789999999999999,-34.35
-13.57,15.06,16.77,0.15,1.6,-0.4,1.6,2.1,0.88002,664.0,15.055,16.77,167.7,1.7050603430289692,,,,Sand,,,Sand 4,4,9.28,35.84,-7.789999999999999,-34.35
-13.59,15.08,16.6,0.141,1.6,-0.4,1.6,2.9,0.83866,665.0,15.075,16.6,166.0,1.6941129154723318,,,,Sand,,,Sand 4,4,9.28,35.84,-7.789999999999999,-34.35
-13.61,15.1,16.4,0.133,1.6,-0.4,1.6,2.8,0.79724,666.0,15.095,16.4,164.0,1.6832643973015666,,,,Sand,,,Sand 4,4,9.28,35.84,-7.789999999999999,-34.35
-13.629999999999999,15.12,16.36,0.13,1.6,-0.4,1.6,2.4,0.78254,667.0,15.115,16.36,163.6,1.6786831824473403,,,,Sand,,,Sand 4,4,9.28,35.84,-7.789999999999999,-34.35
-13.65,15.14,16.53,0.13,1.8,-0.4,1.8,2.3,0.78266,667.0,15.135,16.53,165.3,1.6753704020447757,,,,Sand,,,Sand 4,4,9.28,35.84,-7.789999999999999,-34.35
-13.67,15.16,16.66,0.131,1.8,-0.4,1.6,2.4,0.78821,668.0,15.155,16.66,166.6,1.6748744836866236,,,,Sand,,,Sand 4,4,9.28,35.84,-7.789999999999999,-34.35
-13.69,15.18,16.76,0.133,1.8,-0.2,1.6,2.3,0.79916,669.0,15.175,16.76,167.6,1.6769435713933636,,,,Sand,,,Sand 4,4,9.28,35.84,-7.789999999999999,-34.35
-13.709999999999999,15.2,16.82,0.135,1.8,-0.2,1.8,2.4,0.81063,670.0,15.195,16.82,168.2,1.6799433290311716,,,,Sand,,,Sand 4,4,9.28,35.84,-7.789999999999999,-34.35
-13.73,15.22,16.75,0.135,1.6,-0.4,1.6,2.3,0.81154,671.0,15.215,16.75,167.5,1.6816123244389278,,,,Sand,,,Sand 4,4,9.28,35.84,-7.789999999999999,-34.35
-13.75,15.24,16.68,0.134,1.6,-0.4,1.6,2.4,0.80778,672.0,15.235,16.68,166.8,1.681607692522537,,,,Sand,,,Sand 4,4,9.28,35.84,-7.789999999999999,-34.35
-13.77,15.26,16.58,0.135,1.6,-0.4,1.6,2.4,0.81707,672.0,15.254,16.58,165.8,1.686875780916599,,,,Sand,,,Sand 4,4,9.28,35.84,-7.789999999999999,-34.35
-13.79,15.28,16.45,0.137,1.6,-0.4,1.6,2.4,0.83327,673.0,15.274,16.45,164.5,1.6951377712715114,,,,Sand,,,Sand 4,4,9.28,35.84,-7.789999999999999,-34.35
-13.81,15.3,16.38,0.136,1.6,-0.4,1.6,2.4,0.832,674.0,15.294,16.38,163.79999999999998,1.6960627309606584,,,,Sand,,,Sand 4,4,9.28,35.84,-7.789999999999999,-34.35
-13.83,15.32,16.29,0.136,1.6,-0.4,1.6,2.3,0.83841,675.0,15.314,16.29,162.9,1.7000750602102446,,,,Sand,,,Sand 4,4,9.28,35.84,-7.789999999999999,-34.35
-13.85,15.34,16.23,0.136,1.8,-0.4,1.8,2.4,0.84709,676.0,15.334,16.23,162.3,1.7042710155496295,,,,Sand,,,Sand 4,4,9.28,35.84,-7.789999999999999,-34.35
-13.87,15.36,16.17,0.136,1.8,-0.2,1.8,2.4,0.8596,676.0,15.354,16.17,161.70000000000002,1.709752206806794,,,,Sand,,,Sand 4,4,9.28,35.84,-7.789999999999999,-34.35
-13.89,15.38,15.99,0.133,1.8,-0.2,1.8,2.4,0.85779,677.0,15.374,15.99,159.9,1.712725137155634,,,,Sand,,,Sand 4,4,9.28,35.84,-7.789999999999999,-34.35
-13.91,15.4,15.68,0.132,1.8,-0.2,1.8,2.3,0.87193,678.0,15.394,15.68,156.8,1.723792406978377,,,,Sand,,,Sand 4,4,9.28,35.84,-7.789999999999999,-34.35
-13.93,15.42,15.25,0.132,1.8,-0.2,1.8,2.4,0.89469,679.0,15.414,15.25,152.5,1.7402560551496038,,,,Sand,,,Sand 4,4,9.28,35.84,-7.789999999999999,-34.35
-13.95,15.44,14.58,0.129,1.8,-0.4,1.6,2.4,0.89864,680.0,15.434,14.58,145.8,1.7560105093867193,,,,Sand,,,Sand 4,4,9.28,35.84,-7.789999999999999,-34.35
-13.97,15.46,13.85,0.125,1.8,-0.2,1.8,2.0,0.89453,681.0,15.454,13.85,138.5,1.7713498632666058,,,,Sand,,,Sand 4,4,9.28,35.84,-7.789999999999999,-34.35
-13.99,15.48,13.36,0.121,1.8,-0.4,1.8,2.1,0.88677,682.0,15.474,13.36,133.6,1.7806287629796411,,,,Sand,,,Sand 4,4,9.28,35.84,-7.789999999999999,-34.35
-14.01,15.5,13.15,0.117,1.8,-0.4,1.6,2.4,0.87477,683.0,15.494,13.15,131.5,1.781964929838722,,,,Sand,,,Sand 4,4,9.28,35.84,-7.789999999999999,-34.35
-14.03,15.52,12.98,0.114,1.8,-0.4,1.6,2.4,0.86347,683.0,15.514,12.98,129.8,1.7825855577595937,,,,Sand,,,Sand 4,4,9.28,35.84,-7.789999999999999,-34.35
-14.049999999999999,15.54,12.94,0.112,1.8,-0.2,1.8,2.3,0.85228,684.0,15.534,12.94,129.4,1.7799388001957426,,,,Sand,,,Sand 4,4,9.28,35.84,-7.789999999999999,-34.35
-14.07,15.56,13.05,0.111,1.8,-0.2,1.8,2.2,0.84234,685.0,15.554,13.05,130.5,1.7738411218574204,,,,Sand,,,Sand 4,4,9.28,35.84,-7.789999999999999,-34.35
-14.09,15.58,13.09,0.11,1.8,-0.4,1.6,2.9,0.82738,686.0,15.574,13.09,130.9,1.7678079730193423,,,,Sand,,,Sand 4,4,9.28,35.84,-7.789999999999999,-34.35
-14.11,15.6,13.2,0.11,1.8,-0.4,1.8,2.6,0.8158,687.0,15.594,13.2,132.0,1.7610884098952166,,,,Sand,,,Sand 4,4,9.28,35.84,-7.789999999999999,-34.35
-14.129999999999999,15.62,13.36,0.111,1.8,-0.4,1.6,2.4,0.80625,687.0,15.614,13.36,133.6,1.7537931249940024,,,,Sand,,,Sand 4,4,9.28,35.84,-7.789999999999999,-34.35
-14.15,15.64,13.65,0.112,1.8,-0.4,1.8,2.4,0.7932,688.0,15.634,13.65,136.5,1.7420931318007578,,,,Sand,,,Sand 4,4,9.28,35.84,-7.789999999999999,-34.35
-14.17,15.66,14.09,0.113,1.8,-0.2,1.8,2.4,0.77877,689.0,15.654,14.09,140.9,1.7264143776080225,,,,Sand,,,Sand 4,4,9.28,35.84,-7.789999999999999,-34.35
-14.19,15.68,14.49,0.113,1.8,-0.2,1.6,2.3,0.75807,690.0,15.674,14.49,144.9,1.7095796378939285,,,,Sand,,,Sand 4,4,9.28,35.84,-7.789999999999999,-34.35
-14.209999999999999,15.7,15.21,0.116,1.8,-0.4,1.8,2.4,0.75836,691.0,15.694,15.21,152.1,1.6936165729567803,,,,Sand,,,Sand 4,4,9.28,35.84,-7.789999999999999,-34.35
-14.23,15.72,15.87,0.119,1.8,-0.4,1.6,2.4,0.75984,691.0,15.714,15.87,158.7,1.680185762144917,,,,Sand,,,Sand 4,4,9.28,35.84,-7.789999999999999,-34.35
-14.25,15.74,16.21,0.123,1.8,-0.2,1.8,2.3,0.76983,692.0,15.734,16.21,162.1,1.6769783458914547,,,,Sand,,,Sand 4,4,9.28,35.84,-7.789999999999999,-34.35
-14.27,15.76,16.37,0.127,1.8,-0.2,1.8,2.4,0.78268,693.0,15.754,16.37,163.70000000000002,1.6785361393496965,,,,Sand,,,Sand 4,4,9.28,35.84,-7.789999999999999,-34.35
-14.29,15.78,16.48,0.129,1.8,-0.2,1.8,2.3,0.78911,694.0,15.774,16.48,164.8,1.6787234850137234,,,,Sand,,,Sand 4,4,9.28,35.84,-7.789999999999999,-34.35
-14.31,15.8,16.57,0.13,1.8,-0.2,1.8,2.4,0.79559,695.0,15.794,16.57,165.7,1.6793268682131108,,,,Sand,,,Sand 4,4,9.28,35.84,-7.789999999999999,-34.35
-14.33,15.82,16.62,0.131,1.8,-0.2,1.8,2.3,0.80609,696.0,15.814,16.62,166.2,1.6821601333249192,,,,Sand,,,Sand 4,4,9.28,35.84,-7.789999999999999,-34.35
-14.35,15.84,16.48,0.133,1.8,-0.2,1.8,2.4,0.82557,696.0,15.834,16.48,164.8,1.6918409133394785,,,,Sand,,,Sand 4,4,9.28,35.84,-7.789999999999999,-34.35
-14.37,15.86,16.18,0.133,1.8,-0.2,1.6,2.4,0.83444,697.0,15.854,16.18,161.8,1.7008697736981173,,,,Sand,,,Sand 4,4,9.28,35.84,-7.789999999999999,-34.35
-14.39,15.88,15.81,0.133,1.8,-0.2,1.6,2.4,0.84311,698.0,15.874,15.81,158.1,1.7113342408036507,,,,Sand,,,Sand 4,4,9.28,35.84,-7.789999999999999,-34.35
-14.41,15.9,15.5,0.132,1.8,-0.2,1.8,2.4,0.84494,699.0,15.894,15.5,155.0,1.718359839984998,,,,Sand,,,Sand 4,4,9.28,35.84,-7.789999999999999,-34.35
-14.43,15.92,15.24,0.13,1.8,-0.2,1.8,2.3,0.83884,700.0,15.914,15.24,152.4,1.7217461053127028,,,,Sand,,,Sand 4,4,9.28,35.84,-7.789999999999999,-34.35
-14.45,15.94,15.11,0.129,1.8,-0.2,1.8,2.0,0.83692,701.0,15.934,15.11,151.1,1.7238691436231528,,,,Sand,,,Sand 4,4,9.28,35.84,-7.789999999999999,-34.35
-14.47,15.96,15.26,0.126,1.8,-0.2,1.8,2.1,0.81971,702.0,15.954,15.26,152.6,1.71467998835445,,,,Sand,,,Sand 4,4,9.28,35.84,-7.789999999999999,-34.35
-14.49,15.98,15.4,0.125,1.8,-0.2,1.8,2.3,0.81248,703.0,15.974,15.4,154.0,1.709160551718448,,,,Sand,,,Sand 4,4,9.28,35.84,-7.789999999999999,-34.35
-14.51,16.0,15.48,0.127,1.8,-0.2,1.8,2.4,0.82334,703.0,15.994,15.48,154.8,1.7112938257164763,,,,Sand,,,Sand 4,4,9.28,35.84,-7.789999999999999,-34.35
-14.53,16.02,15.51,0.13,1.8,-0.2,1.8,2.4,0.84027,704.0,16.014,15.51,155.1,1.7165455703522814,,,,Sand,,,Sand 4,4,9.28,35.84,-7.789999999999999,-34.35
-14.549999999999999,16.04,15.47,0.13,1.8,-0.2,1.8,2.2,0.83925,705.0,16.034,15.47,154.7,1.7170301328548836,,,,Sand,,,Sand 4,4,9.28,35.84,-7.789999999999999,-34.35
-14.569999999999999,16.06,15.61,0.129,1.8,-0.4,1.6,2.7,0.83313,706.0,16.054,15.61,156.1,1.7119946783735873,,,,Sand,,,Sand 4,4,9.28,35.84,-7.789999999999999,-34.35
-14.589999999999998,16.08,15.56,0.131,1.8,-0.2,1.8,2.8,0.84838,707.0,16.074,15.56,155.6,1.71828968402451,,,,Sand,,,Sand 4,4,9.28,35.84,-7.789999999999999,-34.35
-14.610000000000001,16.1,15.48,0.133,1.8,-0.2,1.6,2.5,0.8661,707.0,16.094,15.48,154.8,1.7259635477616946,,,,Sand,,,Sand 4,4,9.28,35.84,-7.789999999999999,-34.35
-14.63,16.12,15.41,0.134,1.8,-0.2,1.8,2.3,0.881,708.0,16.114,15.41,154.1,1.7323968772939775,,,,Sand,,,Sand 4,4,9.28,35.84,-7.789999999999999,-34.35
-14.65,16.14,15.35,0.134,1.8,-0.2,1.8,2.4,0.89326,709.0,16.134,15.35,153.5,1.7376901057941785,,,,Sand,,,Sand 4,4,9.28,35.84,-7.789999999999999,-34.35
-14.67,16.16,15.14,0.137,1.8,-0.2,1.8,2.3,0.92889,710.0,16.154,15.14,151.4,1.7535776020107703,,,,Sand,,,Sand 4,4,9.28,35.84,-7.789999999999999,-34.35
-14.69,16.18,14.83,0.137,1.8,-0.2,1.8,2.4,0.94744,711.0,16.174,14.83,148.3,1.7660040541473327,,,,Sand,,,Sand 4,4,9.28,35.84,-7.789999999999999,-34.35
-14.709999999999999,16.2,14.3,0.133,1.8,-0.2,1.8,2.4,0.93968,711.0,16.194,14.3,143.0,1.775258453132123,,,,Sand,,,Sand 4,4,9.28,35.84,-7.789999999999999,-34.35
-14.729999999999999,16.22,13.94,0.13,1.8,-0.2,1.8,2.4,0.9399,712.0,16.214,13.94,139.4,1.7835422662916547,,,,Sand,,,Sand 4,4,9.28,35.84,-7.789999999999999,-34.35
-14.749999999999998,16.24,13.54,0.129,2.0,0.0,2.0,2.4,0.95476,713.0,16.234,13.54,135.4,1.797501245820248,,,,Sand,,,Sand 4,4,9.28,35.84,-7.789999999999999,-34.35
-14.770000000000001,16.26,13.17,0.124,1.8,-0.2,1.8,2.4,0.93833,714.0,16.254,13.17,131.7,1.8014800748381532,,,,Sand,,,Sand 4,4,9.28,35.84,-7.789999999999999,-34.35
-14.790000000000001,16.28,12.96,0.122,1.8,-0.2,1.8,2.4,0.94045,715.0,16.274,12.96,129.6,1.8073658457794262,,,,Sand,,,Sand 4,4,9.28,35.84,-7.789999999999999,-34.35
-14.81,16.3,12.77,0.123,1.8,-0.2,1.6,2.3,0.96367,716.0,16.294,12.77,127.7,1.819180781171092,,,,Sand,,,Sand 4,4,9.28,35.84,-7.789999999999999,-34.35
-14.83,16.32,12.58,0.122,1.8,-0.2,1.8,2.4,0.96854,716.0,16.314,12.58,125.8,1.8255121794838678,,,,Sand,,,Sand 4,4,9.28,35.84,-7.789999999999999,-34.35
-14.85,16.34,12.46,0.12,1.8,-0.2,1.8,2.4,0.96241,717.0,16.334,12.46,124.6,1.8268213506138227,,,,Sand,,,Sand 4,4,9.28,35.84,-7.789999999999999,-34.35
-14.87,16.36,12.36,0.12,1.8,-0.2,1.8,2.4,0.97048,718.0,16.354,12.36,123.6,1.8318432582267128,,,,Sand,,,Sand 4,4,9.28,35.84,-7.789999999999999,-34.35
-14.889999999999999,16.38,12.27,0.12,1.8,-0.2,1.8,2.4,0.9775,719.0,16.374,12.27,122.7,1.8362932580139273,,,,Sand,,,Sand 4,4,9.28,35.84,-7.789999999999999,-34.35
-14.909999999999998,16.4,12.2,0.12,1.8,-0.2,1.8,2.4,0.9822,720.0,16.394,12.2,122.0,1.839534937957644,,,,Sand,,,Sand 4,4,9.28,35.84,-7.789999999999999,-34.35
-14.930000000000001,16.42,12.15,0.117,1.8,-0.2,1.6,2.4,0.96079,721.0,16.414,12.15,121.5,1.834588274438849,,,,Sand,,,Sand 4,4,9.28,35.84,-7.789999999999999,-34.35
-14.950000000000001,16.44,12.13,0.117,1.8,-0.2,1.6,2.3,0.96346,721.0,16.434,12.13,121.3,1.8359186881608154,,,,Sand,,,Sand 4,4,9.28,35.84,-7.789999999999999,-34.35
-14.97,16.46,12.06,0.118,1.8,-0.2,1.8,2.0,0.9741,722.0,16.454,12.06,120.6,1.8409450900367792,,,,Sand,,,Sand 4,4,9.28,35.84,-7.789999999999999,-34.35
-14.99,16.48,12.11,0.117,1.8,-0.2,1.8,2.2,0.96834,723.0,16.474,12.11,121.1,1.8378989079055603,,,,Sand,,,Sand 4,4,9.28,35.84,-7.789999999999999,-34.35
-15.01,16.5,12.14,0.118,1.8,-0.2,1.8,2.4,0.97804,724.0,16.494,12.14,121.4,1.8399328760717513,,,,Sand,,,Sand 4,4,9.28,35.84,-7.789999999999999,-34.35
-15.03,16.52,12.09,0.117,1.8,0.0,1.8,2.4,0.97146,725.0,16.514,12.09,120.9,1.8393574192177626,,,,Sand,,,Sand 4,4,9.28,35.84,-7.789999999999999,-34.35
-15.049999999999999,16.54,12.03,0.115,1.8,-0.2,1.8,2.3,0.95584,726.0,16.534,12.03,120.3,1.8363785713056417,,,,Sand,,,Sand 4,4,9.28,35.84,-7.789999999999999,-34.35
-15.069999999999999,16.56,11.95,0.114,1.8,0.0,1.8,2.4,0.94832,727.0,16.554,11.95,119.5,1.8363347210011172,,,,Sand,,,Sand 4,4,9.28,35.84,-7.789999999999999,-34.35
-15.089999999999998,16.58,12.01,0.115,1.8,-0.2,1.8,2.8,0.95734,727.0,16.574,12.01,120.1,1.837370587953175,,,,Sand,,,Sand 4,4,9.28,35.84,-7.789999999999999,-34.35
-15.110000000000001,16.6,11.96,0.115,1.8,-0.2,1.8,2.5,0.95714,728.0,16.594,11.96,119.6,1.8386828271146334,,,,Sand,,,Sand 4,4,9.28,35.84,-7.789999999999999,-34.35
-15.13,16.62,11.96,0.114,1.8,0.0,1.8,2.4,0.94665,729.0,16.614,11.96,119.6,1.8355603075460625,,,,Sand,,,Sand 4,4,9.28,35.84,-7.789999999999999,-34.35
-15.15,16.64,12.03,0.113,1.8,-0.2,1.8,2.3,0.93427,730.0,16.634,12.03,120.3,1.829914252168512,,,,Sand,,,Sand 4,4,9.28,35.84,-7.789999999999999,-34.35
-15.17,16.66,12.07,0.112,1.8,-0.2,1.8,2.4,0.92077,731.0,16.654,12.07,120.7,1.8247111211929623,,,,Sand,,,Sand 4,4,9.28,35.84,-7.789999999999999,-34.35
-15.19,16.68,12.11,0.113,1.8,-0.2,1.8,2.4,0.92104,731.0,16.674,12.11,121.1,1.8237008289444647,,,,Sand,,,Sand 4,4,9.28,35.84,-7.789999999999999,-34.35
-15.209999999999999,16.7,12.25,0.113,1.8,-0.2,1.8,2.4,0.91074,732.0,16.694,12.25,122.5,1.8167330697925623,,,,Sand,,,Sand 4,4,9.28,35.84,-7.789999999999999,-34.35
-15.229999999999999,16.72,12.37,0.115,1.8,0.0,1.8,2.4,0.91442,733.0,16.714,12.37,123.7,1.8146543603686314,,,,Sand,,,Sand 4,4,9.28,35.84,-7.789999999999999,-34.35
-15.249999999999998,16.74,12.56,0.116,1.8,-0.2,1.8,2.4,0.90811,734.0,16.734,12.56,125.6,1.8076724358490546,,,,Sand,,,Sand 4,4,9.28,35.84,-7.789999999999999,-34.35
-15.270000000000001,16.76,12.8,0.116,2.0,0.0,2.0,2.4,0.89154,735.0,16.754,12.8,128.0,1.7962255526747763,,,,Sand,,,Sand 4,4,9.28,35.84,-7.789999999999999,-34.35
-15.290000000000001,16.78,13.07,0.116,1.8,0.0,1.8,2.3,0.87333,736.0,16.774,13.07,130.7,1.7835091848939901,,,,Sand,,,Sand 4,4,9.28,35.84,-7.789999999999999,-34.35
-15.31,16.8,13.38,0.118,1.8,0.0,1.8,2.4,0.86423,736.0,16.794,13.38,133.8,1.7728230595324561,,,,Sand,,,Sand 4,4,9.28,35.84,-7.789999999999999,-34.35
-15.33,16.82,13.65,0.122,1.8,0.0,1.8,2.4,0.85855,737.0,16.814,13.65,136.5,1.7643825778407651,,,,Sand,,,Sand 4,4,9.28,35.84,-7.789999999999999,-34.35
-15.35,16.84,14.01,0.127,1.8667,-0.2,1.6,2.4,0.84858,738.0,16.834,14.01,140.1,1.752515660290077,,,,Sand,,,Sand 4,4,9.28,35.84,-7.789999999999999,-34.35
-15.37,16.86,14.42,0.136,1.9333,-0.2,1.8,2.4,0.85588,739.0,16.854,14.42,144.2,1.7455278656824638,,,,Sand,,,Sand 4,4,9.28,35.84,-7.789999999999999,-34.35
-15.389999999999999,16.88,15.34,0.141,2.0,0.0,2.0,2.4,0.83562,740.0,16.874,15.34,153.4,1.7185135046382138,,,,Sand,,,Sand 4,4,9.28,35.84,-7.789999999999999,-34.35
-15.409999999999998,16.9,17.01,0.145,1.8,-0.2,1.8,2.4,0.81136,741.0,16.894,17.01,170.1,1.6765968917347802,,,,Sand,,,Sand 4,4,9.28,35.84,-7.789999999999999,-34.35
-15.430000000000001,16.92,18.85,0.157,1.8,-0.2,1.8,2.4,0.83262,741.0,16.914,18.85,188.5,1.6516355383155479,,,,Sand,,,Sand 4,4,9.28,35.84,-7.789999999999999,-34.35
-15.450000000000001,16.94,20.46,0.17,1.8,0.0,1.8,2.4,0.85675,742.0,16.934,20.46,204.6,1.6348004055871463,,,,Sand,,,Sand 4,4,9.28,35.84,-7.789999999999999,-34.35
-15.47,16.96,21.25,0.182,1.8,0.0,1.8,2.1,0.87458,743.0,16.954,21.25,212.5,1.6295418926020537,,,,Sand,,,Sand 4,4,9.28,35.84,-7.789999999999999,-34.35
-15.49,16.98,21.63,0.198,1.8,0.0,1.8,2.0,0.9136,744.0,16.974,21.63,216.3,1.63776727597951,,,,Sand,,,Sand 4,4,9.28,35.84,-7.789999999999999,-34.35
-15.51,17.0,21.89,0.204,1.8,0.0,1.8,2.3,0.90889,745.0,16.994,21.89,218.9,1.6325543123496733,,,,Sand,,,Sand 4,4,9.28,35.84,-7.789999999999999,-34.35
-15.53,17.02,22.31,0.208,1.8,0.0,1.8,2.3,0.89859,746.0,17.014,22.31,223.1,1.623271387896701,,,,Sand,,,Sand 4,4,9.28,35.84,-7.789999999999999,-34.35
-15.549999999999999,17.04,23.08,0.21,1.8,-0.2,1.8,2.4,0.87774,747.0,17.034,23.08,230.8,1.6057232573442861,,,,Sand,,,Sand 4,4,9.28,35.84,-7.789999999999999,-34.35
-15.569999999999999,17.06,23.91,0.213,1.8,0.0,1.8,2.4,0.85529,747.0,17.054,23.91,239.1,1.586998366422631,,,,Sand,,,Sand 4,4,9.28,35.84,-7.789999999999999,-34.35
-15.589999999999998,17.08,25.03,0.209,1.8,0.0,1.8,2.1,0.8025,748.0,17.074,25.03,250.3,1.5532458920675707,,,,Sand,,,Sand 4,4,9.28,35.84,-7.789999999999999,-34.35
-15.610000000000001,17.1,26.08,0.202,2.0,0.0,2.0,2.9,0.7421,749.0,17.094,26.08,260.8,1.5163693533550415,,,,Sand,,,Sand 4,4,9.28,35.84,-7.789999999999999,-34.35
-15.63,17.12,27.47,0.2,1.8,-0.2,1.8,2.8,0.70615,750.0,17.114,27.47,274.7,1.48519129499326,,,,Sand,,,Sand 4,4,9.28,35.84,-7.789999999999999,-34.35
-15.65,17.14,29.46,0.206,1.8,-0.2,1.8,2.5,0.7047,751.0,17.134,29.46,294.6,1.4636147811522155,,,,Sand,,,Sand 4,4,9.28,35.84,-7.789999999999999,-34.35
-15.67,17.16,31.01,0.21,1.8,0.0,1.8,2.3,0.70079,751.0,17.154,31.01,310.1,1.4466984335237079,,,,Sand,,,Sand 4,4,9.28,35.84,-7.789999999999999,-34.35
-15.69,17.18,31.72,0.218,1.8,0.0,1.8,2.4,0.71265,752.0,17.174,31.72,317.2,1.4454684165730858,,,,Sand,,,Sand 4,4,9.28,35.84,-7.789999999999999,-34.35
-15.709999999999999,17.2,31.9,0.226,1.8,0.0,1.8,2.3,0.7271,753.0,17.194,31.9,319.0,1.4503124966278833,,,,Sand,,,Sand 4,4,9.28,35.84,-7.789999999999999,-34.35
-15.729999999999999,17.22,31.19,0.231,1.8,-0.2,1.8,2.4,0.73722,754.0,17.214,31.19,311.9,1.4613053956892599,,,,Sand,,,Sand 4,4,9.28,35.84,-7.789999999999999,-34.35
-15.749999999999998,17.24,30.9,0.238,1.8,0.0,1.8,2.4,0.75935,755.0,17.234,30.9,309.0,1.4735854136879873,,,,Sand,,,Sand 4,4,9.28,35.84,-7.789999999999999,-34.35
-15.770000000000001,17.26,31.07,0.248,1.8,-0.2,1.8,2.4,0.79682,756.0,17.254,31.07,310.7,1.4877047361928788,,,,Sand,,,Sand 4,4,9.28,35.84,-7.789999999999999,-34.35
-15.790000000000001,17.28,31.41,0.249,1.8,0.0,1.8,2.4,0.80989,756.0,17.273,31.41,314.1,1.489947019354919,,,,Sand,,,Sand 4,4,9.28,35.84,-7.789999999999999,-34.35
-15.81,17.3,31.47,0.249,1.8,-0.2,1.6,2.4,0.81871,757.0,17.293,31.47,314.7,1.4929730589420553,,,,Sand,,,Sand 4,4,9.28,35.84,-7.789999999999999,-34.35
-15.83,17.32,31.08,0.249,1.8,-0.2,1.8,2.4,0.82717,758.0,17.313,31.08,310.8,1.4998884116917681,,,,Sand,,,Sand 4,4,9.28,35.84,-7.789999999999999,-34.35
-15.85,17.34,29.97,0.249,1.8,-0.2,1.8,2.3,0.83694,759.0,17.333,29.97,299.7,1.514074485037625,,,,Sand,,,Sand 4,4,9.28,35.84,-7.789999999999999,-34.35
-15.87,17.36,28.87,0.249,2.0,0.0,2.0,2.4,0.84838,760.0,17.353,28.87,288.7,1.529201639134811,,,,Sand,,,Sand 4,4,9.28,35.84,-7.789999999999999,-34.35
-15.889999999999999,17.38,28.54,0.244,2.0,0.0,1.8,2.3,0.84338,761.0,17.373,28.54,285.4,1.530579318032784,,,,Sand,,,Sand 4,4,9.28,35.84,-7.789999999999999,-34.35
-15.909999999999998,17.4,28.41,0.238,2.0,0.0,1.8,2.4,0.83308,761.0,17.393,28.41,284.1,1.5279060505453919,,,,Sand,,,Sand 4,4,9.28,35.84,-7.789999999999999,-34.35
-15.930000000000001,17.42,28.26,0.234,2.0,0.0,2.0,2.4,0.82598,762.0,17.413,28.26,282.6,1.5266662662112853,,,,Sand,,,Sand 4,4,9.28,35.84,-7.789999999999999,-34.35
-15.950000000000001,17.44,28.2,0.231,2.0,0.0,1.8,2.3,0.81853,763.0,17.433,28.2,282.0,1.524355368359423,,,,Sand,,,Sand 4,4,9.28,35.84,-7.789999999999999,-34.35
-15.97,17.46,28.12,0.23,2.0,0.0,1.8,2.0,0.8168,764.0,17.453,28.12,281.2,1.5244985235414812,,,,Sand,,,Sand 4,4,9.28,35.84,-7.789999999999999,-34.35
-15.99,17.48,28.18,0.232,2.0,0.0,2.0,2.2,0.8257,765.0,17.473,28.18,281.8,1.527378569032113,,,,Sand,,,Sand 4,4,9.28,35.84,-7.789999999999999,-34.35
-16.01,17.5,28.06,0.229,1.8,0.0,1.8,2.4,0.81716,766.0,17.493,28.06,280.6,1.5252620054025812,,,,Sand,,,Sand 4,4,9.28,35.84,-7.789999999999999,-34.35
-16.03,17.52,28.0,0.232,1.8,0.0,1.8,2.4,0.83002,767.0,17.513,28.0,280.0,1.5309240457775535,,,,Sand,,,Sand 4,4,9.28,35.84,-7.789999999999999,-34.35
-16.05,17.54,28.04,0.232,1.8,0.0,1.8,2.4,0.83274,767.0,17.533,28.04,280.4,1.5315676770593403,,,,Sand,,,Sand 4,4,9.28,35.84,-7.789999999999999,-34.35
-16.07,17.56,27.92,0.231,1.8,0.0,1.8,2.4,0.83266,768.0,17.553,27.92,279.2,1.5327804210221716,,,,Sand,,,Sand 4,4,9.28,35.84,-7.789999999999999,-34.35
-16.09,17.58,27.67,0.228,1.8,0.0,1.8,2.0,0.825,769.0,17.573,27.67,276.7,1.5324140256682617,,,,Sand,,,Sand 4,4,9.28,35.84,-7.789999999999999,-34.35
-16.110000000000003,17.6,27.62,0.227,1.8,-0.2,1.8,3.0,0.82474,770.0,17.593,27.62,276.2,1.5328395825010661,,,,Sand,,,Sand 4,4,9.28,35.84,-7.789999999999999,-34.35
-16.130000000000003,17.62,27.39,0.225,2.0,0.0,2.0,2.8,0.82117,771.0,17.613,27.39,273.9,1.533885462828046,,,,Sand,,,Sand 4,4,9.28,35.84,-7.789999999999999,-34.35
-16.150000000000002,17.64,27.24,0.221,2.0,0.0,2.0,2.5,0.80978,771.0,17.633,27.24,272.4,1.5310155225957631,,,,Sand,,,Sand 4,4,9.28,35.84,-7.789999999999999,-34.35
-16.17,17.66,27.21,0.219,1.8,0.0,1.8,2.4,0.80459,772.0,17.653,27.21,272.1,1.529282590353821,,,,Sand,,,Sand 4,4,9.28,35.84,-7.789999999999999,-34.35
-16.19,17.68,27.1,0.217,2.0,0.0,2.0,2.3,0.79912,773.0,17.673,27.1,271.0,1.528296566273988,,,,Sand,,,Sand 4,4,9.28,35.84,-7.789999999999999,-34.35
-16.21,17.7,27.05,0.215,1.8,-0.2,1.8,2.4,0.79266,774.0,17.693,27.05,270.5,1.5262543570734646,,,,Sand,,,Sand 4,4,9.28,35.84,-7.789999999999999,-34.35
-16.23,17.72,27.05,0.214,1.8,0.0,1.8,2.4,0.7889,775.0,17.713,27.05,270.5,1.5247409048547145,,,,Sand,,,Sand 4,4,9.28,35.84,-7.789999999999999,-34.35
-16.25,17.74,27.09,0.214,1.8,0.0,1.8,2.3,0.78825,776.0,17.733,27.09,270.9,1.524041863917874,,,,Sand,,,Sand 4,4,9.28,35.84,-7.789999999999999,-34.35
-16.270000000000003,17.76,27.11,0.212,2.0,0.0,2.0,2.4,0.7797,776.0,17.753,27.11,271.1,1.5203562867535185,,,,Sand,,,Sand 4,4,9.28,35.84,-7.789999999999999,-34.35
-16.290000000000003,17.78,27.14,0.213,2.0,0.0,1.8,2.4,0.78241,777.0,17.773,27.14,271.4,1.5211313892469456,,,,Sand,,,Sand 4,4,9.28,35.84,-7.789999999999999,-34.35
-16.310000000000002,17.8,27.26,0.214,2.0,0.0,2.0,2.3,0.78561,778.0,17.793,27.26,272.6,1.5211257092385344,,,,Sand,,,Sand 4,4,9.28,35.84,-7.789999999999999,-34.35
-16.330000000000002,17.82,27.39,0.215,2.0,0.0,2.0,2.4,0.78943,779.0,17.813,27.39,273.9,1.521267876403063,,,,Sand,,,Sand 4,4,9.28,35.84,-7.789999999999999,-34.35
-16.35,17.84,27.43,0.214,2.0,0.0,2.0,2.4,0.78611,780.0,17.833,27.43,274.3,1.5194936733425137,,,,Sand,,,Sand 4,4,9.28,35.84,-7.789999999999999,-34.35
-16.37,17.86,27.32,0.215,2.0,0.0,2.0,2.4,0.79033,780.0,17.853,27.32,273.2,1.522385602907468,,,,Sand,,,Sand 4,4,9.28,35.84,-7.789999999999999,-34.35
-16.39,17.88,27.18,0.216,2.0,0.0,1.8,2.4,0.79602,781.0,17.873,27.18,271.8,1.5261879847282844,,,,Sand,,,Sand 4,4,9.28,35.84,-7.789999999999999,-34.35
-16.41,17.9,27.05,0.215,2.0,0.0,2.0,2.4,0.79545,782.0,17.893,27.05,270.5,1.5273735683440453,,,,Sand,,,Sand 4,4,9.28,35.84,-7.789999999999999,-34.35
-16.430000000000003,17.92,27.01,0.213,2.0,0.0,2.0,2.4,0.79208,783.0,17.913,27.01,270.1,1.5264584406065835,,,,Sand,,,Sand 4,4,9.28,35.84,-7.789999999999999,-34.35
-16.450000000000003,17.94,26.99,0.211,2.0,0.0,2.0,2.4,0.78864,784.0,17.933,26.99,269.9,1.525292661345335,,,,Sand,,,Sand 4,4,9.28,35.84,-7.789999999999999,-34.35
-16.470000000000002,17.96,26.71,0.208,2.0,0.0,2.0,2.2,0.78129,785.0,17.953,26.71,267.1,1.5254115885690132,,,,Sand,,,Sand 4,4,9.28,35.84,-7.789999999999999,-34.35
-16.490000000000002,17.98,26.54,0.205,2.0,0.0,1.8,2.1,0.77475,786.0,17.973,26.54,265.4,1.524651668315974,,,,Sand,,,Sand 4,4,9.28,35.84,-7.789999999999999,-34.35
-16.51,18.0,26.33,0.204,2.0,0.0,2.0,2.3,0.77722,786.0,17.993,26.33,263.3,1.5280252953579327,,,,Sand,,,Sand 4,4,9.28,35.84,-7.789999999999999,-34.35
-16.53,18.02,26.23,0.2,2.0,0.0,2.0,2.4,0.76934,787.0,18.013,26.23,262.3,1.5259497883320177,,,,Sand,,,Sand 4,4,9.28,35.84,-7.789999999999999,-34.35
-16.55,18.04,26.12,0.198,2.0,0.0,2.0,2.4,0.76945,788.0,18.033,26.12,261.2,1.5272526265750874,,,,Sand,,,Sand 4,4,9.28,35.84,-7.789999999999999,-34.35
-16.57,18.06,25.75,0.196,2.0,0.0,2.0,2.4,0.77089,789.0,18.053,25.75,257.5,1.5321178380355487,,,,Sand,,,Sand 4,4,9.28,35.84,-7.789999999999999,-34.35
-16.59,18.08,25.31,0.192,2.0,0.0,2.0,2.2,0.76486,790.0,18.073,25.31,253.1,1.5348481247582766,,,,Sand,,,Sand 4,4,9.28,35.84,-7.789999999999999,-34.35
-16.610000000000003,18.1,24.98,0.189,2.0,0.0,2.0,2.3,0.76425,791.0,18.093,24.98,249.8,1.5385663586365181,,,,Sand,,,Sand 4,4,9.28,35.84,-7.789999999999999,-34.35
-16.630000000000003,18.12,24.6,0.187,2.0,0.0,2.0,2.9,0.76935,791.0,18.113,24.6,246.0,1.5452803156101567,,,,Sand,,,Sand 4,4,9.28,35.84,-7.789999999999999,-34.35
-16.650000000000002,18.14,24.08,0.183,2.0,0.0,2.0,2.6,0.76661,792.0,18.133,24.08,240.8,1.550669659841129,,,,Sand,,,Sand 4,4,9.28,35.84,-7.789999999999999,-34.35
-16.67,18.16,23.75,0.178,2.0,0.0,1.8,2.4,0.7604,793.0,18.153,23.75,237.5,1.552374262162359,,,,Sand,,,Sand 4,4,9.28,35.84,-7.789999999999999,-34.35
-16.69,18.18,23.25,0.173,2.0,0.0,2.0,2.4,0.75451,794.0,18.173,23.25,232.5,1.5565187894300325,,,,Sand,,,Sand 4,4,9.28,35.84,-7.789999999999999,-34.35
-16.71,18.2,22.73,0.165,2.0,0.0,2.0,2.4,0.73505,795.0,18.193,22.73,227.3,1.5555530156429704,,,,Sand,,,Sand 4,4,9.28,35.84,-7.789999999999999,-34.35
-16.73,18.22,22.27,0.158,2.0,-0.2,1.8,2.3,0.71998,795.0,18.213,22.27,222.7,1.5556770955428603,,,,Sand,,,Sand 4,4,9.28,35.84,-7.789999999999999,-34.35
-16.75,18.24,21.61,0.154,2.0,0.0,2.0,2.4,0.71954,796.0,18.233,21.61,216.1,1.5649460521378882,,,,Sand,,,Sand 4,4,9.28,35.84,-7.789999999999999,-34.35
-16.770000000000003,18.26,21.14,0.147,2.0,0.0,2.0,2.4,0.70487,797.0,18.253,21.14,211.4,1.565771852295304,,,,Sand,,,Sand 4,4,9.28,35.84,-7.789999999999999,-34.35
-16.790000000000003,18.28,20.75,0.141,2.0,0.0,2.0,2.4,0.69522,798.0,18.273,20.75,207.5,1.5676322747588403,,,,Sand,,,Sand 4,4,9.28,35.84,-7.789999999999999,-34.35
-16.810000000000002,18.3,20.06,0.139,2.0,-0.2,1.8,2.4,0.7072,799.0,18.293,20.06,200.6,1.5834682468969818,,,,Sand,,,Sand 4,4,9.28,35.84,-7.789999999999999,-34.35
-16.830000000000002,18.32,19.41,0.13,2.0,0.0,1.8,2.4,0.6871,800.0,18.313,19.41,194.1,1.5856717209458557,,,,Sand,,,Sand 4,4,9.28,35.84,-7.789999999999999,-34.35
-16.85,18.34,18.87,0.12,2.0,0.0,2.0,2.4,0.65844,800.0,18.333,18.87,188.7,1.5826233490842019,,,,Sand,,,Sand 4,4,9.28,35.84,-7.789999999999999,-34.35
-16.87,18.36,18.14,0.115,2.0,0.0,2.0,2.4,0.65443,801.0,18.353,18.14,181.4,1.5938670589154218,,,,Sand,,,Sand 4,4,9.28,35.84,-7.789999999999999,-34.35
-16.89,18.38,17.26,0.106,2.0,0.0,2.0,2.4,0.62541,802.0,18.373,17.26,172.6,1.597741954698006,,,,Sand,,,Sand 4,4,9.28,35.84,-7.789999999999999,-34.35
-16.91,18.4,15.73,0.094,2.0,0.0,2.0,2.3,0.574,803.0,18.393,15.73,157.3,1.606078528239111,,,,Sand,,,Sand 4,4,9.28,35.84,-7.789999999999999,-34.35
-16.930000000000003,18.42,15.58,0.084,2.0,-0.2,2.0,2.4,0.53001,804.0,18.413,15.58,155.8,1.5885547848104824,,,,Sand,,,Sand 4,4,9.28,35.84,-7.789999999999999,-34.35
-16.950000000000003,18.44,15.53,0.082,2.0,0.0,2.0,2.4,0.53208,805.0,18.433,15.53,155.3,1.5906837545113695,,,,Sand,,,Sand 4,4,9.28,35.84,-7.789999999999999,-34.35
-16.970000000000002,18.46,15.07,0.078,2.0,0.0,2.0,2.4,0.51668,805.0,18.453,15.07,150.7,1.5936982206691328,,,,Sand,,,Sand 4,4,9.28,35.84,-7.789999999999999,-34.35
-16.990000000000002,18.48,14.83,0.073,2.0,0.0,2.0,2.0,0.48679,806.0,18.473,14.83,148.3,1.584393630333228,,,,Sand,,,Sand 4,4,9.28,35.84,-7.789999999999999,-34.35
-17.01,18.5,14.65,0.0723,2.0,0.0,2.0,2.1,0.48228,807.0,18.493,14.65,146.5,1.586439107016281,,,,Sand,,,Sand 4,4,9.28,35.84,-7.789999999999999,-34.35
-17.03,18.52,14.64,0.0717,2.0,0.0,2.0,2.4,0.47661,808.0,18.513,14.64,146.4,1.5837645427928362,,,,Sand,,,Sand 4,4,9.28,35.84,-7.789999999999999,-34.35
-17.05,18.54,14.74,0.071,2.0,0.0,2.0,2.4,0.46726,809.0,18.533,14.74,147.4,1.576459105556164,,,,Sand,,,Sand 4,4,9.28,35.84,-7.789999999999999,-34.35
-17.07,18.56,14.93,0.08,2.0,0.0,2.0,2.4,0.51919,810.0,18.553,14.93,149.3,1.5982166014081198,,,,Sand,,,Sand 4,4,9.28,35.84,-7.789999999999999,-34.35
-17.09,18.58,15.54,0.082,2.0,-0.2,2.0,2.1,0.52425,811.0,18.573,15.54,155.4,1.5866379508348945,,,,Sand,,,Sand 4,4,9.28,35.84,-7.789999999999999,-34.35
-17.110000000000003,18.6,15.95,0.0807,2.0,0.0,2.0,2.8,0.50911,811.0,18.593,15.95,159.5,1.5699921236885852,,,,Sand,,,Sand 4,4,9.28,35.84,-7.789999999999999,-34.35
-17.130000000000003,18.62,16.28,0.0793,2.0,0.0,2.0,2.7,0.49435,812.0,18.613,16.28,162.8,1.5552790055818757,,,,Sand,,,Sand 4,4,9.28,35.84,-7.789999999999999,-34.35
-17.150000000000002,18.64,16.54,0.078,2.0,-0.2,2.0,2.4,0.48167,813.0,18.633,16.54,165.4,1.5430878841275424,,,,Sand,,,Sand 4,4,9.28,35.84,-7.789999999999999,-34.35
-17.17,18.66,16.51,0.081,2.0,0.0,2.0,2.4,0.49958,814.0,18.653,16.51,165.1,1.553052677397328,,,,Sand,,,Sand 4,4,9.28,35.84,-7.789999999999999,-34.35
-17.19,18.68,16.32,0.111,2.0,-0.2,2.0,2.4,0.69019,815.0,18.673,16.32,163.2,1.6438270099067078,,,,Sand,,,Sand 4,4,9.28,35.84,-7.789999999999999,-34.35
-17.21,18.7,16.26,0.11,2.0,-0.2,2.0,2.3,0.69886,815.0,18.693,16.26,162.60000000000002,1.6485460124526168,,,,Sand,,,Sand 4,4,9.28,35.84,-7.789999999999999,-34.35
-17.23,18.72,16.15,0.11,2.1,0.0,2.1,2.4,0.7172,816.0,18.713,16.15,161.49999999999997,1.658074360917226,,,,Sand,,,Sand 4,4,9.28,35.84,-7.789999999999999,-34.35
-17.25,18.74,15.7,0.106,2.0,-0.2,2.0,2.4,0.71549,817.0,18.733,15.7,157.0,1.6667646878383995,,,,Sand,,,Sand 4,4,9.28,35.84,-7.789999999999999,-34.35
-17.270000000000003,18.76,14.9,0.105,2.0,-0.2,2.0,2.4,0.736,818.0,18.753,14.9,149.0,1.692048828412922,,,,Sand,,,Sand 4,4,9.28,35.84,-7.789999999999999,-34.35
-17.290000000000003,18.78,13.54,0.111,2.1,0.0,2.1,2.4,0.81401,819.0,18.773,13.54,135.4,1.7520240320767044,,,,Sand,,,Sand 4,4,9.28,35.84,-7.789999999999999,-34.35
-17.310000000000002,18.8,13.32,0.123,2.2,-0.2,2.1,2.4,0.94999,820.0,18.793,13.32,133.2,1.8013577559111564,,,,Sand,,,Sand 4,4,9.28,35.84,-7.789999999999999,-34.35
-17.330000000000002,18.82,12.33,0.134,2.2,-0.2,2.1,2.4,1.0886,820.0,18.813,12.33,123.3,1.8658673144202074,,,,Sand,,,Sand 4,4,9.28,35.84,-7.789999999999999,-34.35
-17.35,18.84,11.93,0.15,2.2,-0.4,2.0,2.4,1.275,821.0,18.833,11.93,119.3,1.9231297676298686,,,,Sand,,,Sand 4,4,9.28,35.84,-7.789999999999999,-34.35
-17.37,18.86,11.22,0.153,2.2,-0.2,2.1,2.4,1.3439,822.0,18.853,11.22,112.2,1.9581914433655565,,,,Sand,,,Sand 4,4,9.28,35.84,-7.789999999999999,-34.35
-17.39,18.88,10.64,0.152,2.2,-0.2,2.1,2.4,1.3511,823.0,18.873,10.64,106.4,1.9765561392272668,,,,Sand,,,Sand 4,4,9.28,35.84,-7.789999999999999,-34.35
-17.41,18.9,10.593,0.155,2.2,-0.2,2.1,2.3,1.355,824.0,18.893,10.593,105.93,1.9788153093194,,,,Sand,,,Sand 4,4,9.28,35.84,-7.789999999999999,-34.35
-17.430000000000003,18.92,10.547,0.147,2.2,-0.2,2.1,2.4,1.2204,825.0,18.913,10.547,105.47,1.9494573200732326,,,,Sand,,,Sand 4,4,9.28,35.84,-7.789999999999999,-34.35
-17.450000000000003,18.94,10.5,0.14,2.2,-0.2,2.1,2.4,1.0791,825.0,18.932,10.5,105.0,1.915519786490364,,,,Sand,,,Sand 4,4,9.28,35.84,-7.789999999999999,-34.35
-17.470000000000002,18.96,12.24,0.139,2.2,-0.2,2.1,2.1,0.97905,826.0,18.952,12.24,122.4,1.8375463657851323,,,,Sand,,,Sand 4,4,9.28,35.84,-7.789999999999999,-34.35
-17.490000000000002,18.98,13.84,0.14,2.0,-0.2,2.0,2.0,0.90013,827.0,18.972,13.84,138.4,1.773378718452944,,,,Sand,,,Sand 4,4,9.28,35.84,-7.789999999999999,-34.35
-17.51,19.0,16.78,0.145,2.0,-0.2,2.0,2.3,0.8547,828.0,18.992,16.78,167.8,1.6962363868999495,,,,Sand,,,Sand 4,4,9.28,35.84,-7.789999999999999,-34.35
-17.53,19.02,18.65,0.147,2.0,-0.4,2.0,2.3,0.7981,829.0,19.012,18.65,186.5,1.6423714143913806,,,,Sand,,,Sand 4,4,9.28,35.84,-7.789999999999999,-34.35
-17.55,19.04,20.43,0.15,2.0,-0.2,2.0,2.4,0.76355,830.0,19.032,20.43,204.3,1.6003836952457904,,,,Sand,,,Sand 4,4,9.28,35.84,-7.789999999999999,-34.35
-17.57,19.06,21.44,0.152,2.0,-0.2,2.0,2.1,0.73626,831.0,19.052,21.44,214.4,1.5743080522083568,,,,Sand,,,Sand 4,4,9.28,35.84,-7.789999999999999,-34.35
-17.59,19.08,21.84,0.154,2.0,-0.2,1.8,2.6,0.72419,831.0,19.072,21.84,218.4,1.5635443960013125,,,,Sand,,,Sand 4,4,9.28,35.84,-7.789999999999999,-34.35
-17.610000000000003,19.1,22.13,0.152,2.0,-0.2,2.0,2.9,0.70155,832.0,19.092,22.13,221.3,1.5498863891905466,,,,Sand,,,Sand 4,4,9.28,35.84,-7.789999999999999,-34.35
-17.630000000000003,19.12,22.05,0.156,2.0,0.0,2.0,2.6,0.7129,833.0,19.112,22.05,220.5,1.5558273054898735,,,,Sand,,,Sand 4,4,9.28,35.84,-7.789999999999999,-34.35
-17.650000000000002,19.14,21.84,0.158,2.0,-0.2,2.0,2.4,0.71847,834.0,19.132,21.84,218.4,1.5611678843520684,,,,Sand,,,Sand 4,4,9.28,35.84,-7.789999999999999,-34.35
-17.67,19.16,21.74,0.159,2.0,-0.2,2.0,2.4,0.72109,835.0,19.152,21.74,217.4,1.5637014593162928,,,,Sand,,,Sand 4,4,9.28,35.84,-7.789999999999999,-34.35
-17.69,19.18,21.86,0.162,2.0,0.0,2.0,2.3,0.73574,835.0,19.172,21.86,218.6,1.5680116766650545,,,,Sand,,,Sand 4,4,9.28,35.84,-7.789999999999999,-34.35
-17.71,19.2,22.16,0.164,2.0,-0.2,2.0,2.4,0.74775,836.0,19.192,22.16,221.6,1.5686447920139253,,,,Sand,,,Sand 4,4,9.28,35.84,-7.789999999999999,-34.35
-17.73,19.22,22.31,0.16,2.0,0.0,2.0,2.4,0.73197,837.0,19.212,22.31,223.1,1.5600925908392709,,,,Sand,,,Sand 4,4,9.28,35.84,-7.789999999999999,-34.35
-17.75,19.24,22.31,0.16,2.0,-0.2,2.0,2.4,0.73176,838.0,19.232,22.31,223.1,1.5600059672395872,,,,Sand,,,Sand 4,4,9.28,35.84,-7.789999999999999,-34.35
-17.770000000000003,19.26,21.88,0.166,2.0,-0.2,1.8,2.4,0.75493,839.0,19.252,21.88,218.8,1.5754974297673279,,,,Sand,,,Sand 4,4,9.28,35.84,-7.789999999999999,-34.35
-17.790000000000003,19.28,21.36,0.171,2.0,-0.2,1.8,2.4,0.77049,840.0,19.272,21.36,213.6,1.5891640945492547,,,,Sand,,,Sand 4,4,9.28,35.84,-7.789999999999999,-34.35
-17.810000000000002,19.3,21.25,0.17,2.0,-0.2,2.0,2.3,0.75766,840.0,19.292,21.25,212.5,1.5857088233237742,,,,Sand,,,Sand 4,4,9.28,35.84,-7.789999999999999,-34.35
-17.830000000000002,19.32,21.79,0.17,1.8,-0.2,1.8,2.4,0.74869,841.0,19.312,21.79,217.9,1.574274002547215,,,,Sand,,,Sand 4,4,9.28,35.84,-7.789999999999999,-34.35
-17.85,19.34,22.85,0.171,1.8,-0.2,1.8,2.4,0.74078,842.0,19.332,22.85,228.5,1.5562764937702218,,,,Sand,,,Sand 4,4,9.28,35.84,-7.789999999999999,-34.35
-17.87,19.36,23.8,0.173,1.8,-0.2,1.8,2.4,0.7329,843.0,19.352,23.8,238.0,1.5404207213984926,,,,Sand,,,Sand 4,4,9.28,35.84,-7.789999999999999,-34.35
-17.89,19.38,24.26,0.176,2.0,-0.2,2.0,2.4,0.72708,844.0,19.372,24.26,242.6,1.5320842129797245,,,,Sand,,,Sand 4,4,9.28,35.84,-7.789999999999999,-34.35
-17.91,19.4,24.46,0.179,2.0,-0.2,2.0,2.3,0.72305,844.0,19.392,24.46,244.6,1.5278549440825575,,,,Sand,,,Sand 4,4,9.28,35.84,-7.789999999999999,-34.35
-17.930000000000003,19.42,24.9,0.18,2.0,-0.2,2.0,2.4,0.71585,845.0,19.412,24.9,249.0,1.5193058404534818,,,,Sand,,,Sand 4,4,9.28,35.84,-7.789999999999999,-34.35
-17.950000000000003,19.44,25.53,0.186,2.0,0.0,2.0,2.4,0.73362,846.0,19.432,25.53,255.3,1.5192460679965216,,,,Sand,,,Sand 4,4,9.28,35.84,-7.789999999999999,-34.35
-17.970000000000002,19.46,26.06,0.191,2.0,-0.2,2.0,2.4,0.75293,847.0,19.452,26.06,260.6,1.5211313545325447,,,,Sand,,,Sand 4,4,9.28,35.84,-7.789999999999999,-34.35
-17.990000000000002,19.48,26.19,0.198,2.0,-0.2,2.0,2.0,0.7835,848.0,19.472,26.19,261.9,1.532155940166296,,,,Sand,,,Sand 4,4,9.28,35.84,-7.789999999999999,-34.35
-18.01,19.5,25.96,0.205,2.0,0.0,2.0,2.2,0.81645,849.0,19.492,25.96,259.6,1.547823373599465,,,,Sand,,,Sand 4,4,9.28,35.84,-7.789999999999999,-34.35
-18.03,19.52,25.47,0.206,2.0,-0.2,1.8,2.5,0.82652,850.0,19.512,25.47,254.7,1.5573630362770032,,,,Sand,,,Sand 4,4,9.28,35.84,-7.789999999999999,-34.35
-18.05,19.54,24.37,0.203,2.0,-0.2,1.8,2.4,0.81958,850.0,19.532,24.37,243.7,1.5678747710576648,,,,Sand,,,Sand 4,4,9.28,35.84,-7.789999999999999,-34.35
-18.07,19.56,23.69,0.2,2.0,-0.2,2.0,2.3,0.81045,851.0,19.552,23.69,236.9,1.572895610265484,,,,Sand,,,Sand 4,4,9.28,35.84,-7.789999999999999,-34.35
-18.09,19.58,23.6,0.195,1.8,-0.2,1.8,2.3,0.79015,852.0,19.572,23.6,236.0,1.566166242440536,,,,Sand,,,Sand 4,4,9.28,35.84,-7.789999999999999,-34.35
-18.110000000000003,19.6,24.05,0.193,2.0,-0.2,2.0,2.1,0.7796,853.0,19.592,24.05,240.5,1.5562549067540088,,,,Sand,,,Sand 4,4,9.28,35.84,-7.789999999999999,-34.35
-18.130000000000003,19.62,24.82,0.192,1.8,-0.2,1.8,2.9,0.76704,854.0,19.612,24.82,248.2,1.541646541465759,,,,Sand,,,Sand 4,4,9.28,35.84,-7.789999999999999,-34.35
-18.150000000000002,19.64,25.46,0.195,2.0,-0.2,2.0,2.8,0.76674,854.0,19.632,25.46,254.6,1.5338333731135763,,,,Sand,,,Sand 4,4,9.28,35.84,-7.789999999999999,-34.35
-18.17,19.66,25.97,0.198,1.8,-0.2,1.8,2.6,0.76637,855.0,19.652,25.97,259.7,1.5277185133026072,,,,Sand,,,Sand 4,4,9.28,35.84,-7.789999999999999,-34.35
-18.19,19.68,26.09,0.202,1.8,-0.2,1.8,2.4,0.77413,856.0,19.672,26.09,260.9,1.529504863206728,,,,Sand,,,Sand 4,4,9.28,35.84,-7.789999999999999,-34.35
-18.21,19.7,26.57,0.208,1.8,-0.2,1.8,2.4,0.79469,857.0,19.692,26.57,265.7,1.5323641918060105,,,,Sand,,,Sand 4,4,9.28,35.84,-7.789999999999999,-34.35
-18.23,19.72,26.9,0.214,1.8,-0.2,1.8,2.4,0.82016,858.0,19.712,26.9,269.0,1.5387791650853295,,,,Sand,,,Sand 4,4,9.28,35.84,-7.789999999999999,-34.35
-18.25,19.74,26.83,0.214,1.8,0.0,1.8,2.4,0.82649,859.0,19.732,26.83,268.3,1.5420052754906972,,,,Sand,,,Sand 4,4,9.28,35.84,-7.789999999999999,-34.35
-18.270000000000003,19.76,26.11,0.213,1.8,0.0,1.8,2.4,0.83138,859.0,19.752,26.11,261.1,1.5518887947452558,,,,Sand,,,Sand 4,4,9.28,35.84,-7.789999999999999,-34.35
-18.290000000000003,19.78,25.46,0.211,1.8,-0.2,1.8,2.4,0.83651,860.0,19.772,25.46,254.6,1.561293580767598,,,,Sand,,,Sand 4,4,9.28,35.84,-7.789999999999999,-34.35
-18.310000000000002,19.8,24.81,0.205,1.8,-0.2,1.8,2.4,0.82962,861.0,19.792,24.81,248.1,1.5663567468626336,,,,Sand,,,Sand 4,4,9.28,35.84,-7.789999999999999,-34.35
-18.330000000000002,19.82,24.37,0.195,1.8,-0.2,1.8,2.4,0.80695,862.0,19.812,24.37,243.7,1.5630052024939014,,,,Sand,,,Sand 4,4,9.28,35.84,-7.789999999999999,-34.35
-18.35,19.84,23.91,0.185,1.8,-0.2,1.8,2.4,0.78245,863.0,19.832,23.91,239.1,1.5591613548206402,,,,Sand,,,Sand 4,4,9.28,35.84,-7.789999999999999,-34.35
-18.37,19.86,23.4,0.178,1.8,-0.2,1.8,2.4,0.76919,864.0,19.852,23.4,234.0,1.560460226378209,,,,Sand,,,Sand 4,4,9.28,35.84,-7.789999999999999,-34.35
-18.39,19.88,22.79,0.17,1.8,-0.2,1.8,2.4,0.74877,864.0,19.872,22.79,227.9,1.560356108401219,,,,Sand,,,Sand 4,4,9.28,35.84,-7.789999999999999,-34.35
-18.41,19.9,22.47,0.161,1.8,-0.2,1.8,2.4,0.7223,865.0,19.892,22.47,224.7,1.5538479269967862,,,,Sand,,,Sand 4,4,9.28,35.84,-7.789999999999999,-34.35
-18.430000000000003,19.92,21.94,0.154,1.8,-0.2,1.8,2.4,0.70456,866.0,19.912,21.94,219.4,1.5538840303729955,,,,Sand,,,Sand 4,4,9.28,35.84,-7.789999999999999,-34.35
-18.450000000000003,19.94,21.44,0.149,1.8,0.0,1.8,2.4,0.69642,867.0,19.932,21.44,214.4,1.5577240645180859,,,,Sand,,,Sand 4,4,9.28,35.84,-7.789999999999999,-34.35
-18.470000000000002,19.96,21.31,0.145,1.8,-0.2,1.8,2.4,0.69303,868.0,19.952,21.31,213.1,1.558212636537818,,,,Sand,,,Sand 4,4,9.28,35.84,-7.789999999999999,-34.35
-18.490000000000002,19.98,21.06,0.144,1.8,-0.2,1.8,2.2,0.70601,869.0,19.972,21.06,210.6,1.5674547377656367,,,,Sand,,,Sand 4,4,9.28,35.84,-7.789999999999999,-34.35
-18.51,20.0,20.45,0.148,1.8,-0.2,1.8,2.0,0.74498,869.0,19.992,20.45,204.5,1.5927246633472516,,,,Sand,,,Sand 4,4,9.28,35.84,-7.789999999999999,-34.35
-18.53,20.02,19.7,0.147,1.8,-0.2,1.8,2.3,0.75935,870.0,20.012,19.7,197.0,1.6102335988351137,,,,Sand,,,Sand 4,4,9.28,35.84,-7.789999999999999,-34.35
-18.55,20.04,19.01,0.137,1.8,-0.2,1.8,2.3,0.72592,871.0,20.032,19.01,190.1,1.6083669088847445,,,,Sand,,,Sand 4,4,9.28,35.84,-7.789999999999999,-34.35
-18.57,20.06,18.26,0.13,1.8,-0.2,1.8,2.4,0.70494,872.0,20.052,18.26,182.6,1.6128916286200148,,,,Sand,,,Sand 4,4,9.28,35.84,-7.789999999999999,-34.35
-18.59,20.08,17.7,0.128,1.8,-0.2,1.8,2.3,0.70752,873.0,20.072,17.7,177.0,1.6240967547274539,,,,Sand,,,Sand 4,4,9.28,35.84,-7.789999999999999,-34.35
-18.610000000000003,20.1,17.38,0.127,1.8,0.0,1.8,2.1,0.71158,874.0,20.092,17.38,173.8,1.631698898970812,,,,Sand,,,Sand 4,4,9.28,35.84,-7.789999999999999,-34.35
-18.630000000000003,20.12,17.42,0.129,1.8,-0.2,1.8,2.9,0.72732,874.0,20.112,17.42,174.2,1.6372088352882956,,,,Sand,,,Sand 4,4,9.28,35.84,-7.789999999999999,-34.35
-18.650000000000002,20.14,17.61,0.132,1.8,0.0,1.8,2.7,0.74022,875.0,20.132,17.61,176.1,1.6387410228635015,,,,Sand,,,Sand 4,4,9.28,35.84,-7.789999999999999,-34.35
-18.67,20.16,17.65,0.135,1.8,-0.2,1.8,2.4,0.74242,876.0,20.152,17.65,176.5,1.6388624689544222,,,,Sand,,,Sand 4,4,9.28,35.84,-7.789999999999999,-34.35
-18.69,20.18,17.75,0.139,1.8,-0.2,1.8,2.4,0.73623,877.0,20.172,17.75,177.5,1.6346115813460615,,,,Sand,,,Sand 4,4,9.28,35.84,-7.789999999999999,-34.35
-18.71,20.2,18.12,0.144,1.8,-0.2,1.8,2.3,0.72838,878.0,20.192,18.12,181.2,1.624825969527954,,,,Sand,,,Sand 4,4,9.28,35.84,-7.789999999999999,-34.35
-18.73,20.22,19.03,0.155,1.8,-0.2,1.8,2.3,0.74857,879.0,20.212,19.03,190.3,1.617028318797493,,,,Sand,,,Sand 4,4,9.28,35.84,-7.789999999999999,-34.35
-18.75,20.24,20.51,0.166,1.8,-0.2,1.8,2.3,0.76533,879.0,20.232,20.51,205.1,1.59985173281548,,,,Sand,,,Sand 4,4,9.28,35.84,-7.789999999999999,-34.35
-18.770000000000003,20.26,22.95,0.176,1.8,-0.2,1.8,2.4,0.77533,880.0,20.252,22.95,229.5,1.568860583745955,,,,Sand,,,Sand 4,4,9.28,35.84,-7.789999999999999,-34.35
-18.790000000000003,20.28,24.54,0.189,1.8,0.0,1.8,2.4,0.79759,881.0,20.272,24.54,245.4,1.5572606286398119,,,,Sand,,,Sand 4,4,9.28,35.84,-7.789999999999999,-34.35
-18.810000000000002,20.3,25.1,0.206,1.8,-0.2,1.8,2.4,0.83753,882.0,20.292,25.1,251.0,1.5659017189613866,,,,Sand,,,Sand 4,4,9.28,35.84,-7.789999999999999,-34.35
-18.830000000000002,20.32,25.52,0.219,1.8,0.0,1.8,2.4,0.86587,883.0,20.312,25.52,255.2,1.5715977366327656,,,,Sand,,,Sand 4,4,9.28,35.84,-7.789999999999999,-34.35
-18.85,20.34,25.83,0.229,1.8,-0.2,1.8,2.4,0.89157,883.0,20.332,25.83,258.3,1.577455083810337,,,,Sand,,,Sand 4,4,9.28,35.84,-7.789999999999999,-34.35
-18.87,20.36,26.09,0.231,1.8,0.0,1.8,2.4,0.89206,884.0,20.352,26.09,260.9,1.5747187481575629,,,,Sand,,,Sand 4,4,9.28,35.84,-7.789999999999999,-34.35
-18.89,20.38,26.23,0.233,1.8,0.0,1.8,2.3,0.89478,885.0,20.372,26.23,262.3,1.5741486737692334,,,,Sand,,,Sand 4,4,9.28,35.84,-7.789999999999999,-34.35
-18.91,20.4,26.08,0.234,1.8,0.0,1.8,2.4,0.89462,886.0,20.392,26.08,260.8,1.5757552846371432,,,,Sand,,,Sand 4,4,9.28,35.84,-7.789999999999999,-34.35
-18.930000000000003,20.42,26.09,0.232,1.8,0.0,1.8,2.4,0.88335,887.0,20.412,26.09,260.9,1.5715542002865945,,,,Sand,,,Sand 4,4,9.28,35.84,-7.789999999999999,-34.35
-18.950000000000003,20.44,26.22,0.225,1.8,-0.2,1.8,2.4,0.853,888.0,20.432,26.22,262.2,1.5588639768901567,,,,Sand,,,Sand 4,4,9.28,35.84,-7.789999999999999,-34.35
-18.970000000000002,20.46,26.26,0.219,2.0,0.0,2.0,2.3,0.82751,889.0,20.452,26.26,262.6,1.5487122236605682,,,,Sand,,,Sand 4,4,9.28,35.84,-7.789999999999999,-34.35
-18.990000000000002,20.48,26.45,0.209,1.8,0.0,1.8,2.0,0.78756,889.0,20.472,26.45,264.5,1.5308498134903943,,,,Sand,,,Sand 4,4,9.28,35.84,-7.789999999999999,-34.35
-19.01,20.5,26.69,0.209,1.8,0.0,1.8,2.1,0.78708,890.0,20.492,26.69,266.9,1.527974617964366,,,,Sand,,,Sand 4,4,9.28,35.84,-7.789999999999999,-34.35
-19.03,20.52,27.0,0.203,1.8,0.0,1.8,2.4,0.76503,891.0,20.512,27.0,270.0,1.5155432645295088,,,,Sand,,,Sand 4,4,9.28,35.84,-7.789999999999999,-34.35
-19.05,20.54,26.93,0.2,2.0,0.0,2.0,2.4,0.755,892.0,20.532,26.93,269.3,1.5121494467673557,,,,Sand,,,Sand 4,4,9.28,35.84,-7.789999999999999,-34.35
-19.07,20.56,26.66,0.197,1.8,0.0,1.8,2.4,0.74685,893.0,20.552,26.66,266.6,1.5117497383626217,,,,Sand,,,Sand 4,4,9.28,35.84,-7.789999999999999,-34.35
-19.09,20.58,26.22,0.196,1.8,0.0,1.8,2.3,0.74945,894.0,20.572,26.22,262.2,1.5178388341142903,,,,Sand,,,Sand 4,4,9.28,35.84,-7.789999999999999,-34.35
-19.110000000000003,20.6,26.07,0.191,1.8,-0.2,1.8,2.0,0.73952,895.0,20.592,26.07,260.7,1.5153978562505737,,,,Sand,,,Sand 4,4,9.28,35.84,-7.789999999999999,-34.35
-19.130000000000003,20.62,25.9,0.185,1.8,0.0,1.8,3.0,0.7272,895.0,20.612,25.9,259.0,1.5121476394649664,,,,Sand,,,Sand 4,4,9.28,35.84,-7.789999999999999,-34.35
-19.150000000000002,20.64,25.55,0.182,1.8,0.0,1.8,2.8,0.72771,896.0,20.632,25.55,255.5,1.5164998996778618,,,,Sand,,,Sand 4,4,9.28,35.84,-7.789999999999999,-34.35
-19.17,20.66,24.89,0.177,1.8,0.0,1.8,2.6,0.72068,897.0,20.652,24.89,248.9,1.5214964193432587,,,,Sand,,,Sand 4,4,9.28,35.84,-7.789999999999999,-34.35
-19.19,20.68,24.4,0.174,1.8,0.0,1.8,2.4,0.72361,898.0,20.672,24.4,244.0,1.5288475670210155,,,,Sand,,,Sand 4,4,9.28,35.84,-7.789999999999999,-34.35
-19.21,20.7,23.83,0.17,1.8,0.0,1.8,2.4,0.72383,898.0,20.692,23.83,238.3,1.5362268717642786,,,,Sand,,,Sand 4,4,9.28,35.84,-7.789999999999999,-34.35
-19.23,20.72,23.22,0.169,1.8,0.0,1.8,2.4,0.73518,899.0,20.712,23.22,232.2,1.5489904724636534,,,,Sand,,,Sand 4,4,9.28,35.84,-7.789999999999999,-34.35
-19.25,20.74,22.62,0.161,2.0,0.0,2.0,2.4,0.71101,900.0,20.732,22.62,226.2,1.5470211031157275,,,,Sand,,,Sand 4,4,9.28,35.84,-7.789999999999999,-34.35
-19.270000000000003,20.76,21.96,0.159,2.0,0.0,1.8,2.4,0.70726,901.0,20.752,21.96,219.6,1.5547388943951497,,,,Sand,,,Sand 4,4,9.28,35.84,-7.789999999999999,-34.35
-19.290000000000003,20.78,21.42,0.157,2.0,0.0,2.0,2.4,0.69972,902.0,20.772,21.42,214.2,1.5594216959999896,,,,Sand,,,Sand 4,4,9.28,35.84,-7.789999999999999,-34.35
-19.310000000000002,20.8,21.56,0.154,2.0,0.0,2.0,2.4,0.68559,903.0,20.791,21.56,215.6,1.5513111623910094,,,,Sand,,,Sand 4,4,9.28,35.84,-7.789999999999999,-34.35
-19.330000000000002,20.82,22.14,0.15,2.0,0.0,2.0,2.3,0.66545,903.0,20.811,22.14,221.4,1.5340518874451552,,,,Sand,,,Sand 4,4,9.28,35.84,-7.789999999999999,-34.35
-19.35,20.84,23.1,0.149,1.8,0.0,1.8,2.4,0.65534,904.0,20.831,23.1,231.0,1.5160335165050907,,,,Sand,,,Sand 4,4,9.28,35.84,-7.789999999999999,-34.35
-19.37,20.86,23.48,0.147,2.0,0.0,2.0,2.4,0.6384,905.0,20.851,23.48,234.8,1.5030901812252788,,,,Sand,,,Sand 4,4,9.28,35.84,-7.789999999999999,-34.35
-19.39,20.88,23.42,0.145,1.8,0.0,1.8,2.4,0.62299,906.0,20.871,23.42,234.2,1.4966899691512217,,,,Sand,,,Sand 4,4,9.28,35.84,-7.789999999999999,-34.35
-19.41,20.9,23.25,0.145,1.8,0.0,1.8,2.4,0.62085,907.0,20.891,23.25,232.5,1.4980067804418957,,,,Sand,,,Sand 4,4,9.28,35.84,-7.789999999999999,-34.35
-19.430000000000003,20.92,23.52,0.143,1.8,0.0,1.8,2.4,0.61638,908.0,20.911,23.52,235.2,1.4921910193733285,,,,Sand,,,Sand 4,4,9.28,35.84,-7.789999999999999,-34.35
-19.450000000000003,20.94,23.74,0.142,1.8,0.0,1.8,2.4,0.61999,908.0,20.931,23.74,237.4,1.4909376968441383,,,,Sand,,,Sand 4,4,9.28,35.84,-7.789999999999999,-34.35
-19.470000000000002,20.96,23.55,0.142,1.8,0.0,1.8,2.4,0.63181,909.0,20.951,23.55,235.5,1.4990732981333446,,,,Sand,,,Sand 4,4,9.28,35.84,-7.789999999999999,-34.35
-19.490000000000002,20.98,22.78,0.14,2.0,0.0,2.0,2.3,0.63912,910.0,20.971,22.78,227.8,1.513061797272448,,,,Sand,,,Sand 4,4,9.28,35.84,-7.789999999999999,-34.35
-19.51,21.0,21.86,0.159,2.0,0.0,2.0,2.0,0.75053,911.0,20.991,21.86,218.6,1.5740145949919964,,,,Sand,,,Sand 4,4,9.28,35.84,-7.789999999999999,-34.35
-19.53,21.02,21.11,0.168,2.0,0.0,2.0,2.2,0.82387,912.0,21.011,21.11,211.1,1.6131869603095599,,,,Sand,,,Sand 4,4,9.28,35.84,-7.789999999999999,-34.35
-19.55,21.04,19.99,0.157,2.0,0.0,2.0,2.4,0.80199,913.0,21.031,19.99,199.9,1.6219600973908408,,,,Sand,,,Sand 4,4,9.28,35.84,-7.789999999999999,-34.35
-19.57,21.06,18.69,0.146,2.0,0.0,2.0,2.4,0.77613,914.0,21.051,18.69,186.9,1.6334303767694736,,,,Sand,,,Sand 4,4,9.28,35.84,-7.789999999999999,-34.35
-19.59,21.08,17.76,0.146,2.0,0.0,2.0,2.4,0.79798,914.0,21.071,17.76,177.6,1.6578979303135675,,,,Sand,,,Sand 4,4,9.28,35.84,-7.789999999999999,-34.35
-19.610000000000003,21.1,17.393,0.142,2.0,0.0,2.0,2.2,0.78911,915.0,21.091,17.393,173.93,1.6613173016263443,,,,Sand,,,Sand 4,4,9.28,35.84,-7.789999999999999,-34.35
-19.630000000000003,21.12,17.027,0.141,2.0,0.0,2.0,2.7,0.78683,916.0,21.111,17.027,170.27,1.6673238808805642,,,,Sand,,,Sand 4,4,9.28,35.84,-7.789999999999999,-34.35
-19.650000000000002,21.14,16.66,0.127,2.0,0.0,2.0,2.8,0.70273,917.0,21.131,16.66,166.6,1.6420575520957807,,,,Sand,,,Sand 4,4,9.28,35.84,-7.789999999999999,-34.35
-19.67,21.16,17.74,0.126,2.0,0.0,1.8,2.5,0.68339,918.0,21.151,17.74,177.4,1.613468366620277,,,,Sand,,,Sand 4,4,9.28,35.84,-7.789999999999999,-34.35
-19.69,21.18,18.7,0.123,2.0,0.0,2.0,2.3,0.65012,918.0,21.171,18.7,187.0,1.581979507453039,,,,Sand,,,Sand 4,4,9.28,35.84,-7.789999999999999,-34.35
-19.71,21.2,19.39,0.119,2.0,0.0,2.0,2.4,0.61006,919.0,21.191,19.39,193.9,1.552061919731636,,,,Sand,,,Sand 4,4,9.28,35.84,-7.789999999999999,-34.35
-19.73,21.22,19.91,0.115,2.0,0.0,1.8,2.4,0.56815,920.0,21.211,19.91,199.1,1.523368725531677,,,,Sand,,,Sand 4,4,9.28,35.84,-7.789999999999999,-34.35
-19.75,21.24,20.68,0.115,2.0,0.0,2.0,2.4,0.54687,921.0,21.231,20.68,206.8,1.5000985024147617,,,,Sand,,,Sand 4,4,9.28,35.84,-7.789999999999999,-34.35
-19.770000000000003,21.26,21.25,0.145,2.0,0.0,2.0,2.4,0.66199,922.0,21.251,21.25,212.5,1.5456391241759193,,,,Sand,,,Sand 4,4,9.28,35.84,-7.789999999999999,-34.35
-19.790000000000003,21.28,21.72,0.156,1.8,0.0,1.8,2.3,0.67372,923.0,21.271,21.72,217.2,1.543799145454569,,,,Sand,,,Sand 4,4,9.28,35.84,-7.789999999999999,-34.35
-19.810000000000002,21.3,22.54,0.149,2.0,0.0,2.0,2.4,0.60041,923.0,21.291,22.54,225.4,1.4982290232757516,,,,Sand,,,Sand 4,4,9.28,35.84,-7.789999999999999,-34.35
-19.830000000000002,21.32,24.04,0.1527,1.8,0.0,1.8,2.4,0.57277,924.0,21.311,24.04,240.4,1.4637312381900867,,,,Sand,,,Sand 4,4,9.28,35.84,-7.789999999999999,-34.35
-19.85,21.34,25.7,0.1563,1.8,0.0,1.8,2.3,0.54441,925.0,21.331,25.7,257.0,1.427423020725914,,,,Sand,,,Sand 4,4,9.28,35.84,-7.789999999999999,-34.35
-19.87,21.36,29.4,0.16,1.8,0.0,1.8,2.3,0.51868,926.0,21.351,29.4,294.0,1.3701624537462411,,,,Sand,,,Sand 4,4,9.28,35.84,-7.789999999999999,-34.35
-19.89,21.38,33.2,0.182,2.0,0.2,2.0,2.4,0.55267,927.0,21.371,33.2,332.0,1.3515470865987254,,,,Sand,,,Sand 4,4,9.28,35.84,-7.789999999999999,-34.35
-19.91,21.4,35.43,0.204,2.0,0.0,2.0,2.4,0.58547,928.0,21.391,35.43,354.3,1.3500825536649603,,,,Sand,,,Sand 4,4,9.28,35.84,-7.789999999999999,-34.35
-19.930000000000003,21.42,37.65,0.233,2.0,0.0,1.8,2.4,0.637,928.0,21.411,37.65,376.5,1.3596020913850742,,,,Sand,,,Sand 4,4,9.28,35.84,-7.789999999999999,-34.35
-19.950000000000003,21.44,38.82,0.256,2.0,0.0,2.0,2.3,0.67571,929.0,21.431,38.82,388.2,1.3704232710489752,,,,Sand,,,Sand 4,4,9.28,35.84,-7.789999999999999,-34.35
-19.970000000000002,21.46,39.21,0.288,2.0,0.0,2.0,2.4,0.7439,930.0,21.451,39.21,392.1,1.3999418302063849,,,,Sand,,,Sand 4,4,9.28,35.84,-7.789999999999999,-34.35
-19.990000000000002,21.48,39.34,0.322,2.0,0.0,1.8,2.3,0.81931,931.0,21.471,39.34,393.4,1.4319985521464549,,,,Sand,,,Sand 4,4,9.28,35.84,-7.789999999999999,-34.35
-20.01,21.5,39.57,0.336,2.0,0.0,1.8,2.0,0.84875,932.0,21.491,39.57,395.7,1.4426312799572376,,,,Sand,,,Sand 4,4,9.28,35.84,-7.789999999999999,-34.35
-20.03,21.52,39.87,0.356,2.0,0.0,2.0,2.1,0.89746,933.0,21.511,39.87,398.7,1.4600480796605706,,,,Sand,,,Sand 4,4,9.28,35.84,-7.789999999999999,-34.35
-20.05,21.54,39.83,0.363,2.0,0.2,2.0,2.3,0.91937,934.0,21.531,39.83,398.3,1.4687353294367065,,,,Sand,,,Sand 4,4,9.28,35.84,-7.789999999999999,-34.35
-20.07,21.56,40.12,0.371,1.9333,-0.2,1.6,2.4,0.94715,934.0,21.551,40.12,401.2,1.477322288920617,,,,Sand,,,Sand 4,4,9.28,35.84,-7.789999999999999,-34.35
-20.09,21.58,39.94,0.379,1.8667,0.0,1.8,2.4,0.98085,935.0,21.571,39.94,399.4,1.4907826162630278,,,,Sand,,,Sand 4,4,9.28,35.84,-7.789999999999999,-34.35
-20.110000000000003,21.6,39.46,0.386,1.8,0.0,1.8,2.4,1.0174,936.0,21.591,39.46,394.6,1.506763884137569,,,,Sand,,,Sand 4,4,9.28,35.84,-7.789999999999999,-34.35
-20.130000000000003,21.62,37.74,0.387,2.2,0.2,2.1,2.1,1.0426,937.0,21.611,37.74,377.4,1.5266755854916523,,,,Sand,,,Sand 4,4,9.28,35.84,-7.789999999999999,-34.35
-20.150000000000002,21.64,36.83,0.387,2.0,0.2,2.0,2.3,1.0701,938.0,21.631,36.83,368.3,1.5420481751562087,,,,Sand,,,Sand 4,4,9.28,35.84,-7.789999999999999,-34.35
-20.17,21.66,35.33,0.384,2.0,0.2,2.0,2.9,1.0914,939.0,21.651,35.33,353.3,1.55959698969588,,,,Sand,,,Sand 4,4,9.28,35.84,-7.789999999999999,-34.35
-20.19,21.68,34.28,0.374,2.0,0.0,2.0,2.6,1.093,939.0,21.671,34.28,342.8,1.5678881952972117,,,,Sand,,,Sand 4,4,9.28,35.84,-7.789999999999999,-34.35
-20.21,21.7,33.24,0.363,2.0,0.0,2.0,2.4,1.0868,940.0,21.691,33.24,332.4,1.5739309777016615,,,,Sand,,,Sand 4,4,9.28,35.84,-7.789999999999999,-34.35
-20.23,21.72,32.51,0.346,2.0,0.0,1.8,2.4,1.0596,941.0,21.711,32.51,325.09999999999997,1.5710219481120604,,,,Sand,,,Sand 4,4,9.28,35.84,-7.789999999999999,-34.35
-20.25,21.74,32.09,0.33,2.0,0.2,1.8,2.4,1.0303,942.0,21.731,32.09,320.90000000000003,1.5648587179738207,,,,Sand,,,Sand 4,4,9.28,35.84,-7.789999999999999,-34.35
-20.270000000000003,21.76,31.72,0.317,2.0,0.0,2.0,2.4,1.0065,943.0,21.751,31.72,317.2,1.5599964581545147,,,,Sand,,,Sand 4,4,9.28,35.84,-7.789999999999999,-34.35
-20.290000000000003,21.78,31.21,0.301,2.0,0.0,1.8,2.4,0.96901,943.0,21.771,31.21,312.1,1.5515252231633723,,,,Sand,,,Sand 4,4,9.28,35.84,-7.789999999999999,-34.35
-20.310000000000002,21.8,30.85,0.285,2.0,0.0,1.8,2.4,0.92898,944.0,21.791,30.85,308.5,1.5405257369114518,,,,Sand,,,Sand 4,4,9.28,35.84,-7.789999999999999,-34.35
-20.330000000000002,21.82,30.34,0.274,2.0,0.0,2.0,2.4,0.90369,945.0,21.811,30.34,303.4,1.5359476001227335,,,,Sand,,,Sand 4,4,9.28,35.84,-7.789999999999999,-34.35
-20.35,21.84,30.01,0.262,1.8,0.0,1.8,2.4,0.87355,946.0,21.831,30.01,300.1,1.5277794618547464,,,,Sand,,,Sand 4,4,9.28,35.84,-7.789999999999999,-34.35
-20.37,21.86,29.77,0.248,1.8,0.0,1.8,2.3,0.8347,947.0,21.851,29.77,297.7,1.5151066943440503,,,,Sand,,,Sand 4,4,9.28,35.84,-7.789999999999999,-34.35
-20.39,21.88,29.44,0.235,1.8,0.0,1.8,2.4,0.79837,948.0,21.871,29.44,294.4,1.5038177430390984,,,,Sand,,,Sand 4,4,9.28,35.84,-7.789999999999999,-34.35
-20.41,21.9,29.22,0.23,2.0,0.0,2.0,2.4,0.7875,948.0,21.891,29.22,292.2,1.501557043728677,,,,Sand,,,Sand 4,4,9.28,35.84,-7.789999999999999,-34.35
-20.430000000000003,21.92,29.1,0.226,2.0,0.0,2.0,2.4,0.77871,949.0,21.911,29.1,291.0,1.499135544030429,,,,Sand,,,Sand 4,4,9.28,35.84,-7.789999999999999,-34.35
-20.450000000000003,21.94,28.96,0.22,2.0,0.0,1.8,2.4,0.76069,950.0,21.931,28.96,289.6,1.4930266450165817,,,,Sand,,,Sand 4,4,9.28,35.84,-7.789999999999999,-34.35
-20.470000000000002,21.96,28.64,0.217,2.0,0.2,2.0,2.4,0.74992,951.0,21.951,28.64,286.4,1.491737706686709,,,,Sand,,,Sand 4,4,9.28,35.84,-7.789999999999999,-34.35
-20.490000000000002,21.98,28.51,0.216,2.0,0.2,2.0,2.4,0.74396,952.0,21.971,28.51,285.1,1.4905405553107192,,,,Sand,,,Sand 4,4,9.28,35.84,-7.789999999999999,-34.35
-20.51,22.0,28.54,0.216,1.8,0.0,1.8,2.0,0.73963,953.0,21.991,28.54,285.4,1.4883736998096238,,,,Sand,,,Sand 4,4,9.28,35.84,-7.789999999999999,-34.35
-20.53,22.02,28.96,0.218,1.8,0.0,1.8,2.1,0.74014,954.0,22.011,28.96,289.6,1.4842758734738672,,,,Sand,,,Sand 4,4,9.28,35.84,-7.789999999999999,-34.35
-20.55,22.04,29.56,0.215,1.8,0.0,1.8,2.4,0.7193,954.0,22.031,29.56,295.6,1.4691245402458915,,,,Sand,,,Sand 4,4,9.28,35.84,-7.789999999999999,-34.35
-20.57,22.06,30.0,0.215,1.8,0.0,1.8,2.4,0.70677,955.0,22.051,30.0,300.0,1.4591654713250457,,,,Sand,,,Sand 4,4,9.28,35.84,-7.789999999999999,-34.35
-20.59,22.08,30.46,0.217,1.8,0.0,1.8,2.4,0.69884,956.0,22.071,30.46,304.6,1.451078467057249,,,,Sand,,,Sand 4,4,9.28,35.84,-7.789999999999999,-34.35
-20.610000000000003,22.1,30.96,0.223,2.0,0.2,2.0,2.3,0.70319,957.0,22.091,30.96,309.6,1.448266167833943,,,,Sand,,,Sand 4,4,9.28,35.84,-7.789999999999999,-34.35
-20.630000000000003,22.12,32.13,0.233,2.0,0.0,1.8,1.9,0.7195,958.0,22.111,32.13,321.3,1.4448308866388029,,,,Sand,,,Sand 4,4,9.28,35.84,-7.789999999999999,-34.35
-20.650000000000002,22.14,32.75,0.237,2.0,0.2,2.0,2.9,0.71712,959.0,22.131,32.75,327.5,1.438234768245467,,,,Sand,,,Sand 4,4,9.28,35.84,-7.789999999999999,-34.35
-20.67,22.16,33.59,0.245,2.0,0.2,2.0,2.8,0.72576,959.0,22.151,33.59,335.9,1.434870421811981,,,,Sand,,,Sand 4,4,9.28,35.84,-7.789999999999999,-34.35
-20.69,22.18,34.25,0.254,2.0148,0.0,1.8,2.6,0.73706,960.0,22.171,34.25,342.5,1.4344065921339184,,,,Sand,,,Sand 4,4,9.28,35.84,-7.789999999999999,-34.35
-20.71,22.2,34.93,0.264,2.0296,0.0,2.0,2.4,0.75364,961.0,22.191,34.93,349.3,1.4362205871206009,,,,Sand,,,Sand 4,4,9.28,35.84,-7.789999999999999,-34.35
-20.73,22.22,35.32,0.275,2.0444,0.0,1.8,2.3,0.7744,962.0,22.211,35.32,353.2,1.4421684970493722,,,,Sand,,,Sand 4,4,9.28,35.84,-7.789999999999999,-34.35
-20.75,22.24,36.13,0.292,2.0889,0.2,2.1,2.4,0.8136,963.0,22.231,36.13,361.3,1.4525197928472038,,,,Sand,,,Sand 4,4,9.28,35.84,-7.789999999999999,-34.35
-20.770000000000003,22.26,36.59,0.304,2.1333,-0.2,1.6,2.4,0.83995,963.0,22.251,36.59,365.9,1.4598998742166664,,,,Sand,,,Sand 4,4,9.28,35.84,-7.789999999999999,-34.35
-20.790000000000003,22.28,36.68,0.313,2.0667,0.2,2.0,2.4,0.85906,964.0,22.271,36.68,366.8,1.4669112028179363,,,,Sand,,,Sand 4,4,9.28,35.84,-7.789999999999999,-34.35
-20.810000000000002,22.3,36.6,0.321,2.0,0.2,2.0,2.4,0.87594,965.0,22.291,36.6,366.0,1.4741516807162063,,,,Sand,,,Sand 4,4,9.28,35.84,-7.789999999999999,-34.35
-20.830000000000002,22.32,36.62,0.329,2.0,0.2,2.0,2.4,0.89478,966.0,22.311,36.62,366.2,1.4813053232126863,,,,Sand,,,Sand 4,4,9.28,35.84,-7.789999999999999,-34.35
-20.85,22.34,36.67,0.326,2.0,0.0,1.8,2.4,0.88539,967.0,22.331,36.67,366.7,1.4773205243372967,,,,Sand,,,Sand 4,4,9.28,35.84,-7.789999999999999,-34.35
-20.87,22.36,36.87,0.325,2.0,0.2,2.0,2.4,0.88273,968.0,22.351,36.87,368.7,1.474840357924957,,,,Sand,,,Sand 4,4,9.28,35.84,-7.789999999999999,-34.35
-20.89,22.38,37.01,0.323,2.0,0.0,1.6,2.4,0.87849,968.0,22.371,37.01,370.1,1.4721792906014812,,,,Sand,,,Sand 4,4,9.28,35.84,-7.789999999999999,-34.35
-20.91,22.4,37.11,0.32,2.0,0.0,2.0,2.4,0.87286,969.0,22.391,37.11,371.1,1.469254534298539,,,,Sand,,,Sand 4,4,9.28,35.84,-7.789999999999999,-34.35
-20.930000000000003,22.42,37.0,0.315,2.0,0.2,2.0,2.4,0.86272,970.0,22.411,37.0,370.0,1.4660406808905684,,,,Sand,,,Sand 4,4,9.28,35.84,-7.789999999999999,-34.35
-20.950000000000003,22.44,36.66,0.313,2.0,0.0,2.0,2.4,0.86078,971.0,22.431,36.66,366.6,1.4677408550037803,,,,Sand,,,Sand 4,4,9.28,35.84,-7.789999999999999,-34.35
-20.970000000000002,22.46,36.2,0.302,2.4,0.2,2.3,2.4,0.83431,972.0,22.451,36.2,362.0,1.4605069035681408,,,,Sand,,,Sand 4,4,9.28,35.84,-7.789999999999999,-34.35
-20.990000000000002,22.48,35.77,0.294,2.2667,-0.2,1.6,2.4,0.81486,973.0,22.47,35.77,357.7,1.4557768665034283,,,,Sand,,,Sand 4,4,9.28,35.84,-7.789999999999999,-34.35
-21.01,22.5,35.48,0.287,2.2371,0.0,1.6,2.1,0.79811,973.0,22.49,35.48,354.8,1.451018599471274,,,,Sand,,,Sand 4,4,9.28,35.84,-7.789999999999999,-34.35
-21.03,22.52,35.67,0.283,2.2074,0.2,2.0,2.1,0.78995,974.0,22.51,35.67,356.7,1.4460969734815712,,,,Sand,,,Sand 4,4,9.28,35.84,-7.789999999999999,-34.35
-21.05,22.54,35.69,0.279,2.1778,0.0,1.8,2.2,0.7817,975.0,22.53,35.69,356.9,1.4424212725461272,,,,Sand,,,Sand 4,4,9.28,35.84,-7.789999999999999,-34.35
-21.07,22.56,36.17,0.278,2.2,0.2,2.1,2.4,0.78117,976.0,22.55,36.17,361.7,1.4385100328420506,,,,Sand,,,Sand 4,4,9.28,35.84,-7.789999999999999,-34.35
-21.09,22.58,36.04,0.276,2.2,0.0,1.6,2.4,0.7767,977.0,22.57,36.04,360.4,1.4375758885820933,,,,Sand,,,Sand 4,4,9.28,35.84,-7.789999999999999,-34.35
-21.110000000000003,22.6,35.58,0.277,2.2,0.2,2.0,2.4,0.77853,978.0,22.59,35.58,355.8,1.4419138069439623,,,,Sand,,,Sand 4,4,9.28,35.84,-7.789999999999999,-34.35
-21.130000000000003,22.62,35.13,0.279,2.2,0.2,2.1,2.3,0.78206,979.0,22.61,35.13,351.3,1.4469534699707884,,,,Sand,,,Sand 4,4,9.28,35.84,-7.789999999999999,-34.35
-21.150000000000002,22.64,34.94,0.281,2.0667,0.0,1.6,1.9,0.7847,980.0,22.63,34.94,349.4,1.4495843126930603,,,,Sand,,,Sand 4,4,9.28,35.84,-7.789999999999999,-34.35
-21.17,22.66,35.06,0.281,2.0371,0.0,1.8,2.9,0.78118,980.0,22.65,35.06,350.6,1.4471309700199844,,,,Sand,,,Sand 4,4,9.28,35.84,-7.789999999999999,-34.35
-21.19,22.68,36.03,0.276,2.0074,0.2,1.8,2.9,0.76341,981.0,22.67,36.03,360.3,1.4318718635927128,,,,Sand,,,Sand 4,4,9.28,35.84,-7.789999999999999,-34.35
-21.21,22.7,36.45,0.269,1.9778,0.2,1.8,2.6,0.74163,982.0,22.69,36.45,364.5,1.418986151447363,,,,Sand,,,Sand 4,4,9.28,35.84,-7.789999999999999,-34.35
-21.23,22.72,37.25,0.272,2.0,0.4,2.0,2.3,0.75198,982.0,22.71,37.25,372.5,1.4176184959642084,,,,Sand,,,Sand 4,4,9.28,35.84,-7.789999999999999,-34.35
-21.25,22.74,37.33,0.277,2.2,0.4,2.1,2.4,0.77409,983.0,22.73,37.33,373.3,1.426786020679087,,,,Sand,,,Sand 4,4,9.28,35.84,-7.789999999999999,-34.35
-21.270000000000003,22.76,37.04,0.285,2.2667,0.2,2.0,2.4,0.8126,984.0,22.75,37.04,370.4,1.4453427378008759,,,,Sand,,,Sand 4,4,9.28,35.84,-7.789999999999999,-34.35
-21.290000000000003,22.78,36.07,0.285,2.3333,0.0,1.2,2.4,0.83765,985.0,22.77,36.07,360.7,1.4628377410403874,,,,Sand,,,Sand 4,4,9.28,35.84,-7.789999999999999,-34.35
-21.310000000000002,22.8,34.14,0.285,2.4,0.4,2.3,2.3,0.87183,986.0,22.79,34.14,341.4,1.4913340413018177,,,,Sand,,,Sand 4,4,9.28,35.84,-7.789999999999999,-34.35
-21.330000000000002,22.82,31.96,0.278,2.2,0.2,2.1,2.4,0.89049,987.0,22.81,31.96,319.6,1.516580427938149,,,,Sand,,,Sand 4,4,9.28,35.84,-7.789999999999999,-34.35
-21.35,22.84,30.34,0.267,2.2,0.2,2.1,2.4,0.90035,987.0,22.83,30.34,303.4,1.534716678932017,,,,Sand,,,Sand 4,4,9.28,35.84,-7.789999999999999,-34.35
-21.37,22.86,28.06,0.257,2.0,0.2,2.0,2.4,0.91475,988.0,22.85,28.06,280.6,1.5619795837698287,,,,Sand,,,Sand 4,4,9.28,35.84,-7.789999999999999,-34.35
-21.39,22.88,26.58,0.238,2.0,0.2,1.8,2.4,0.8913,989.0,22.87,26.58,265.8,1.5690478765078826,,,,Sand,,,Sand 4,4,9.28,35.84,-7.789999999999999,-34.35
-21.41,22.9,25.56,0.22,2.0,0.2,2.0,2.4,0.86283,990.0,22.89,25.56,255.6,1.5700127711709242,,,,Sand,,,Sand 4,4,9.28,35.84,-7.789999999999999,-34.35
-21.430000000000003,22.92,24.53,0.206,2.0,0.2,2.0,2.4,0.84331,991.0,22.91,24.53,245.3,1.5749095736127838,,,,Sand,,,Sand 4,4,9.28,35.84,-7.789999999999999,-34.35
-21.450000000000003,22.94,23.59,0.195,2.0,0.2,2.0,2.4,0.82702,992.0,22.93,23.59,235.9,1.5804900031276234,,,,Sand,,,Sand 4,4,9.28,35.84,-7.789999999999999,-34.35
-21.470000000000002,22.96,23.0,0.182,2.0,0.4,2.0,2.4,0.79572,992.0,22.95,23.0,230.0,1.5761886883061687,,,,Sand,,,Sand 4,4,9.28,35.84,-7.789999999999999,-34.35
-21.490000000000002,22.98,22.32,0.173,2.0,0.2,2.0,2.4,0.77832,993.0,22.97,22.32,223.2,1.57860674108626,,,,Sand,,,Sand 4,4,9.28,35.84,-7.789999999999999,-34.35
-21.51,23.0,21.78,0.163,2.0,0.2,2.0,2.4,0.75306,994.0,22.99,21.78,217.8,1.5761751491743072,,,,Sand,,,Sand 4,4,9.28,35.84,-7.789999999999999,-34.35
-21.53,23.02,21.27,0.158,2.0,0.2,2.0,2.0,0.74859,995.0,23.01,21.27,212.7,1.5817917325968165,,,,Sand,,,Sand 4,4,9.28,35.84,-7.789999999999999,-34.35
-21.55,23.04,20.93,0.154,2.0,0.0,1.8,2.1,0.74775,996.0,23.03,20.93,209.3,1.5865164595901888,,,,Sand,,,Sand 4,4,9.28,35.84,-7.789999999999999,-34.35
-21.57,23.06,20.4,0.147,2.0,0.2,2.1,2.4,0.73066,997.0,23.05,20.4,204.0,1.5877333120888635,,,,Sand,,,Sand 4,4,9.28,35.84,-7.789999999999999,-34.35
-21.59,23.08,19.87,0.146,2.0,0.2,2.0,2.3,0.74314,998.0,23.07,19.87,198.7,1.6011106695091943,,,,Sand,,,Sand 4,4,9.28,35.84,-7.789999999999999,-34.35
-21.610000000000003,23.1,19.28,0.145,2.0,0.4,2.0,2.4,0.75437,998.0,23.09,19.28,192.8,1.615135562762699,,,,Sand,,,Sand 4,4,9.28,35.84,-7.789999999999999,-34.35
-21.630000000000003,23.12,18.91,0.144,2.0,0.2,2.0,2.3,0.76464,999.0,23.11,18.91,189.1,1.6253007374818589,,,,Sand,,,Sand 4,4,9.28,35.84,-7.789999999999999,-34.35
-21.650000000000002,23.14,18.51,0.141,2.0,0.4,2.0,2.2,0.76088,1000.0,23.13,18.51,185.1,1.630683484009974,,,,Sand,,,Sand 4,4,9.28,35.84,-7.789999999999999,-34.35
-21.67,23.16,18.0,0.138,2.0,0.2,2.0,3.0,0.75082,1001.0,23.15,18.0,180.0,1.6357755492301131,,,,Sand,,,Sand 4,4,9.28,35.84,-7.789999999999999,-34.35
-21.69,23.18,17.87,0.139,2.4,0.4,2.3,2.8,0.75008,1002.0,23.17,17.87,178.7,1.6378282052134476,,,,Sand,,,Sand 4,4,9.28,35.84,-7.789999999999999,-34.35
-21.71,23.2,17.82,0.142,2.2,0.4,2.1,2.5,0.74979,1002.0,23.19,17.82,178.2,1.638621024048197,,,,Sand,,,Sand 4,4,9.28,35.84,-7.789999999999999,-34.35
-21.73,23.22,17.99,0.146,2.1333,0.2,1.8,2.4,0.74819,1003.0,23.21,17.99,179.9,1.634934650024351,,,,Sand,,,Sand 4,4,9.28,35.84,-7.789999999999999,-34.35
-21.75,23.24,18.66,0.151,2.0667,0.2,1.8,2.3,0.74655,1004.0,23.23,18.66,186.6,1.6225260105565646,,,,Sand,,,Sand 4,4,9.28,35.84,-7.789999999999999,-34.35
-21.770000000000003,23.26,20.49,0.157,2.0,0.2,2.0,2.4,0.74753,1005.0,23.25,20.49,204.9,1.5931254209575523,,,,Sand,,,Sand 4,4,9.28,35.84,-7.789999999999999,-34.35
-21.790000000000003,23.28,22.17,0.163,2.0,0.2,2.0,2.4,0.74736,1006.0,23.27,22.17,221.7,1.5683463614572692,,,,Sand,,,Sand 4,4,9.28,35.84,-7.789999999999999,-34.35
-21.810000000000002,23.3,23.11,0.176,2.2,0.2,2.1,2.4,0.77687,1007.0,23.29,23.11,231.1,1.567339153097858,,,,Sand,,,Sand 4,4,9.28,35.84,-7.789999999999999,-34.35
-21.830000000000002,23.32,23.7,0.184,2.2,0.4,2.1,2.4,0.7819,1007.0,23.31,23.7,237.0,1.5616279354763398,,,,Sand,,,Sand 4,4,9.28,35.84,-7.789999999999999,-34.35
-21.85,23.34,24.08,0.195,2.0,0.6,2.0,2.4,0.80251,1008.0,23.33,24.08,240.8,1.564889910737377,,,,Sand,,,Sand 4,4,9.28,35.84,-7.789999999999999,-34.35
-21.87,23.36,24.28,0.205,2.0,0.4,2.0,2.4,0.81947,1009.0,23.35,24.28,242.8,1.5689431529210325,,,,Sand,,,Sand 4,4,9.28,35.84,-7.789999999999999,-34.35
-21.89,23.38,24.75,0.211,2.0,0.4,2.0,2.4,0.81902,1010.0,23.37,24.75,247.5,1.5630248823573192,,,,Sand,,,Sand 4,4,9.28,35.84,-7.789999999999999,-34.35
-21.91,23.4,25.68,0.217,2.0,0.4,1.8,2.4,0.81686,1011.0,23.39,25.68,256.8,1.551198562116459,,,,Sand,,,Sand 4,4,9.28,35.84,-7.789999999999999,-34.35
-21.930000000000003,23.42,26.62,0.226,2.0,0.4,2.1,2.3,0.81977,1012.0,23.41,26.62,266.2,1.5417028944851645,,,,Sand,,,Sand 4,4,9.28,35.84,-7.789999999999999,-34.35
-21.950000000000003,23.44,27.91,0.235,2.0,0.4,2.0,2.4,0.81789,1012.0,23.43,27.91,279.1,1.527110226916322,,,,Sand,,,Sand 4,4,9.28,35.84,-7.789999999999999,-34.35
-21.970000000000002,23.46,29.08,0.245,2.0,0.2,2.0,2.4,0.81765,1013.0,23.45,29.08,290.8,1.515110964883923,,,,Sand,,,Sand 4,4,9.28,35.84,-7.789999999999999,-34.35
-21.990000000000002,23.48,30.12,0.264,2.0,0.4,2.0,2.3,0.84782,1014.0,23.47,30.12,301.2,1.5168947771061259,,,,Sand,,,Sand 4,4,9.28,35.84,-7.789999999999999,-34.35
-22.01,23.5,32.11,0.284,2.0,0.4,2.0,2.0,0.88035,1015.0,23.49,32.11,321.1,1.5114509679100372,,,,Sand,,,Sand 4,4,9.28,35.84,-7.789999999999999,-34.35
-22.03,23.52,33.59,0.303,2.0,0.2,2.0,2.2,0.91025,1016.0,23.51,33.59,335.9,1.5103507817867883,,,,Sand,,,Sand 4,4,9.28,35.84,-7.789999999999999,-34.35
-22.05,23.54,34.6,0.316,2.0,0.4,2.0,2.4,0.92394,1017.0,23.53,34.6,346.0,1.5074383760773484,,,,Sand,,,Sand 4,4,9.28,35.84,-7.789999999999999,-34.35
-22.07,23.56,35.08,0.333,2.0,0.6,2.0,2.4,0.95072,1018.0,23.55,35.08,350.8,1.5135537243231358,,,,Sand,,,Sand 4,4,9.28,35.84,-7.789999999999999,-34.35
-22.09,23.58,35.59,0.349,1.9667,0.4,1.8,2.4,0.97917,1018.0,23.57,35.59,355.9,1.519913024339123,,,,Sand,,,Sand 4,4,9.28,35.84,-7.789999999999999,-34.35
-22.110000000000003,23.6,36.13,0.36,1.9333,0.6,2.0,2.4,0.99775,1019.0,23.59,36.13,361.3,1.5224975696159337,,,,Sand,,,Sand 4,4,9.28,35.84,-7.789999999999999,-34.35
-22.130000000000003,23.62,36.39,0.37,1.9,0.8,1.8,2.0,1.0181,1020.0,23.61,36.39,363.9,1.5276724064896945,,,,Sand,,,Sand 4,4,9.28,35.84,-7.789999999999999,-34.35
-22.150000000000002,23.64,36.72,0.372,1.8667,0.4,1.6,2.5,1.0204,1021.0,23.63,36.72,367.2,1.5261317082201662,,,,Sand,,,Sand 4,4,9.28,35.84,-7.789999999999999,-34.35
-22.17,23.66,37.04,0.382,1.8333,0.4,1.4,2.9,1.0486,1022.0,23.65,37.04,370.4,1.5334623615138019,,,,Sand,,,Sand 4,4,9.28,35.84,-7.789999999999999,-34.35
-22.19,23.68,37.1,0.374,1.8,0.2,1.6,2.7,1.0325,1022.0,23.67,37.1,371.0,1.5276164556783896,,,,Sand,,,Sand 4,4,9.28,35.84,-7.789999999999999,-34.35
-22.21,23.7,36.7,0.378,1.9,0.6,1.8,2.4,1.0546,1023.0,23.69,36.7,367.0,1.5378220741264332,,,,Sand,,,Sand 4,4,9.28,35.84,-7.789999999999999,-34.35
-22.23,23.72,35.98,0.376,1.8667,0.6,1.6,2.4,1.0628,1024.0,23.71,35.98,359.8,1.5456149782349569,,,,Sand,,,Sand 4,4,9.28,35.84,-7.789999999999999,-34.35
-22.25,23.74,35.37,0.377,1.8333,0.6,2.0,2.4,1.0804,1025.0,23.73,35.37,353.7,1.5557595061489184,,,,Sand,,,Sand 4,4,9.28,35.84,-7.789999999999999,-34.35
-22.270000000000003,23.76,34.47,0.369,1.8,0.4,1.8,2.4,1.0701,1026.0,23.75,34.47,344.7,1.5590788951793284,,,,Sand,,,Sand 4,4,9.28,35.84,-7.789999999999999,-34.35
-22.290000000000003,23.78,33.36,0.359,2.4,0.6,2.3,2.4,1.0522,1026.0,23.77,33.36,333.6,1.561790353462268,,,,Sand,,,Sand 4,4,9.28,35.84,-7.789999999999999,-34.35
-22.310000000000002,23.8,33.0,0.346,2.3,0.8,2.1,2.4,1.0225,1027.0,23.79,33.0,330.0,1.554798248967895,,,,Sand,,,Sand 4,4,9.28,35.84,-7.789999999999999,-34.35
-22.330000000000002,23.82,33.18,0.336,2.1,0.8,2.0,2.3,0.99692,1028.0,23.81,33.18,331.8,1.544658082265252,,,,Sand,,,Sand 4,4,9.28,35.84,-7.789999999999999,-34.35
-22.35,23.84,33.81,0.332,2.1,0.8,2.0,2.4,0.98586,1029.0,23.83,33.81,338.1,1.5358201203784145,,,,Sand,,,Sand 4,4,9.28,35.84,-7.789999999999999,-34.35
-22.37,23.86,33.77,0.328,2.0,0.6,2.0,2.4,0.97257,1030.0,23.85,33.77,337.7,1.5314818281330471,,,,Sand,,,Sand 4,4,9.28,35.84,-7.789999999999999,-34.35
-22.39,23.88,33.76,0.321,2.2,0.6,2.1,2.3,0.94995,1031.0,23.87,33.76,337.6,1.5235133896408222,,,,Sand,,,Sand 4,4,9.28,35.84,-7.789999999999999,-34.35
-22.41,23.9,34.28,0.32,2.1667,0.4,2.0,2.4,0.94654,1031.0,23.89,34.28,342.8,1.518188763066273,,,,Sand,,,Sand 4,4,9.28,35.84,-7.789999999999999,-34.35
-22.430000000000003,23.92,34.25,0.315,2.1333,0.6,1.8,2.4,0.93635,1032.0,23.91,34.25,342.5,1.5147227000849073,,,,Sand,,,Sand 4,4,9.28,35.84,-7.789999999999999,-34.35
-22.450000000000003,23.94,33.75,0.313,2.1,0.8,2.0,2.4,0.9373,1033.0,23.93,33.75,337.5,1.5190203805399294,,,,Sand,,,Sand 4,4,9.28,35.84,-7.789999999999999,-34.35
-22.470000000000002,23.96,33.53,0.308,2.3,0.8,2.1,2.4,0.93224,1034.0,23.95,33.53,335.3,1.518941078720676,,,,Sand,,,Sand 4,4,9.28,35.84,-7.789999999999999,-34.35
-22.490000000000002,23.98,33.31,0.306,2.1,0.8,2.0,2.4,0.93667,1035.0,23.97,33.31,333.1,1.5223315924773555,,,,Sand,,,Sand 4,4,9.28,35.84,-7.789999999999999,-34.35
-22.51,24.0,32.48,0.296,2.0333,0.8,1.6,2.3,0.91528,1036.0,23.99,32.48,324.79999999999995,1.5213709745433093,,,,Sand,,,Sand 4,4,9.28,35.84,-7.789999999999999,-34.35
-22.53,24.02,31.79,0.291,1.9667,0.6,1.8,2.0,0.90658,1037.0,24.009,31.79,317.9,1.524056044402123,,,,Sand,,,Sand 4,4,9.28,35.84,-7.789999999999999,-34.35
-22.55,24.04,30.92,0.286,1.9,0.6,1.6,2.2,0.89919,1038.0,24.029,30.92,309.2,1.5290055383027608,,,,Sand,,,Sand 4,4,9.28,35.84,-7.789999999999999,-34.35
-22.57,24.06,31.32,0.278,1.9,0.8,1.8,2.4,0.88387,1038.0,24.049,31.32,313.2,1.5196990296184234,,,,Sand,,,Sand 4,4,9.28,35.84,-7.789999999999999,-34.35
-22.59,24.08,31.62,0.273,1.9,0.6,1.8,2.3,0.87514,1039.0,24.069,31.62,316.2,1.5137364957533312,,,,Sand,,,Sand 4,4,9.28,35.84,-7.789999999999999,-34.35
-22.610000000000003,24.1,31.82,0.27,2.1,0.8,2.0,2.3,0.86929,1040.0,24.089,31.82,318.2,1.5097455794766952,,,,Sand,,,Sand 4,4,9.28,35.84,-7.789999999999999,-34.35
-22.630000000000003,24.12,31.19,0.264,1.9,0.8,1.8,2.4,0.84925,1041.0,24.109,31.19,311.9,1.5075903610100134,,,,Sand,,,Sand 4,4,9.28,35.84,-7.789999999999999,-34.35
-22.650000000000002,24.14,30.48,0.263,1.9,0.6,1.8,1.9,0.84709,1042.0,24.129,30.48,304.8,1.5132444471377509,,,,Sand,,,Sand 4,4,9.28,35.84,-7.789999999999999,-34.35
-22.67,24.16,30.42,0.266,1.9,0.6,1.8,2.8,0.8614,1043.0,24.149,30.42,304.2,1.5193265057559162,,,,Sand,,,Sand 4,4,9.28,35.84,-7.789999999999999,-34.35
-22.69,24.18,30.71,0.264,1.9,0.6,1.8,2.8,0.85997,1043.0,24.169,30.71,307.1,1.5161037734451872,,,,Sand,,,Sand 4,4,9.28,35.84,-7.789999999999999,-34.35
-22.71,24.2,31.13,0.262,1.9,0.6,1.8,2.5,0.85558,1044.0,24.189,31.13,311.3,1.5105904725707588,,,,Sand,,,Sand 4,4,9.28,35.84,-7.789999999999999,-34.35
-22.73,24.22,31.01,0.259,1.9,0.6,1.8,2.4,0.84537,1045.0,24.209,31.01,310.1,1.5077052854466644,,,,Sand,,,Sand 4,4,9.28,35.84,-7.789999999999999,-34.35
-22.75,24.24,30.28,0.261,1.9,0.6,1.8,2.3,0.85367,1046.0,24.229,30.28,302.8,1.5176565556487922,,,,Sand,,,Sand 4,4,9.28,35.84,-7.789999999999999,-34.35
-22.770000000000003,24.26,30.37,0.265,1.9,0.6,1.8,2.4,0.87257,1047.0,24.249,30.37,303.7,1.5240480874601579,,,,Sand,,,Sand 4,4,9.28,35.84,-7.789999999999999,-34.35
-22.790000000000003,24.28,30.58,0.265,1.9,0.8,1.8,2.4,0.88234,1047.0,24.269,30.58,305.8,1.5258016134196726,,,,Sand,,,Sand 4,4,9.28,35.84,-7.789999999999999,-34.35
-22.810000000000002,24.3,30.6,0.264,1.9,0.6,1.8,2.3,0.88971,1048.0,24.289,30.6,306.0,1.5283802862268294,,,,Sand,,,Sand 4,4,9.28,35.84,-7.789999999999999,-34.35
-22.830000000000002,24.32,29.91,0.262,1.9,0.6,1.8,2.4,0.89089,1049.0,24.309,29.91,299.1,1.5352163992072947,,,,Sand,,,Sand 4,4,9.28,35.84,-7.789999999999999,-34.35
-22.85,24.34,29.08,0.258,2.1,0.8,2.0,2.4,0.88417,1050.0,24.329,29.08,290.8,1.5406680181081842,,,,Sand,,,Sand 4,4,9.28,35.84,-7.789999999999999,-34.35
-22.87,24.36,28.44,0.255,1.9,0.8,1.8,2.4,0.88037,1051.0,24.349,28.44,284.4,1.5455886202973115,,,,Sand,,,Sand 4,4,9.28,35.84,-7.789999999999999,-34.35
-22.89,24.38,28.12,0.252,1.9,0.6,1.8,2.4,0.87618,1052.0,24.369,28.12,281.2,1.547266295185816,,,,Sand,,,Sand 4,4,9.28,35.84,-7.789999999999999,-34.35
-22.91,24.4,28.17,0.244,1.9,0.8,1.8,2.4,0.85077,1052.0,24.389,28.17,281.7,1.5371736719480367,,,,Sand,,,Sand 4,4,9.28,35.84,-7.789999999999999,-34.35
-22.930000000000003,24.42,28.54,0.242,1.9,0.6,1.8,2.4,0.84148,1053.0,24.409,28.54,285.4,1.529846054163029,,,,Sand,,,Sand 4,4,9.28,35.84,-7.789999999999999,-34.35
-22.950000000000003,24.44,28.86,0.239,1.9,0.8,1.8,2.4,0.8267,1054.0,24.429,28.86,288.6,1.5208753528759655,,,,Sand,,,Sand 4,4,9.28,35.84,-7.789999999999999,-34.35
-22.970000000000002,24.46,28.97,0.238,1.9,0.8,1.8,2.4,0.81882,1055.0,24.449,28.97,289.7,1.5166686788000512,,,,Sand,,,Sand 4,4,9.28,35.84,-7.789999999999999,-34.35
-22.990000000000002,24.48,29.26,0.24,1.9,0.6,1.8,2.4,0.82174,1056.0,24.469,29.26,292.6,1.5149546061076726,,,,Sand,,,Sand 4,4,9.28,35.84,-7.789999999999999,-34.35
-23.01,24.5,29.71,0.244,2.1,0.8,2.0,2.4,0.83248,1056.0,24.489,29.71,297.1,1.5148120494013346,,,,Sand,,,Sand 4,4,9.28,35.84,-7.789999999999999,-34.35
-23.03,24.52,29.65,0.25,1.9,0.8,1.8,2.1,0.8507,1057.0,24.509,29.65,296.5,1.5224784233064783,,,,Sand,,,Sand 4,4,9.28,35.84,-7.789999999999999,-34.35
-23.05,24.54,29.37,0.254,1.9,0.8,1.8,2.1,0.86036,1058.0,24.529,29.37,293.7,1.5288828895058884,,,,Sand,,,Sand 4,4,9.28,35.84,-7.789999999999999,-34.35
-23.07,24.56,29.29,0.253,1.9,0.8,1.8,2.3,0.84992,1059.0,24.549,29.29,292.9,1.525661141511617,,,,Sand,,,Sand 4,4,9.28,35.84,-7.789999999999999,-34.35
-23.09,24.58,29.37,0.252,2.1,0.8,2.0,2.4,0.83638,1060.0,24.569,29.37,293.7,1.5196323815922717,,,,Sand,,,Sand 4,4,9.28,35.84,-7.789999999999999,-34.35
-23.110000000000003,24.6,29.48,0.252,1.9,0.6,1.8,2.4,0.82339,1061.0,24.589,29.48,294.8,1.5134547620953775,,,,Sand,,,Sand 4,4,9.28,35.84,-7.789999999999999,-34.35
-23.130000000000003,24.62,30.05,0.251,1.7,0.6,1.6,2.4,0.80523,1062.0,24.609,30.05,300.5,1.5006892781966903,,,,Sand,,,Sand 4,4,9.28,35.84,-7.789999999999999,-34.35
-23.150000000000002,24.64,31.22,0.255,1.7,0.6,1.6,2.1,0.80258,1063.0,24.629,31.22,312.2,1.4886924397956685,,,,Sand,,,Sand 4,4,9.28,35.84,-7.789999999999999,-34.35
-23.17,24.66,32.61,0.263,1.7,0.6,1.6,2.4,0.81251,1063.0,24.649,32.61,326.1,1.4804359556862297,,,,Sand,,,Sand 4,4,9.28,35.84,-7.789999999999999,-34.35
-23.19,24.68,33.45,0.271,1.7,0.6,1.6,2.8,0.82199,1064.0,24.669,33.45,334.5,1.4771894746977852,,,,Sand,,,Sand 4,4,9.28,35.84,-7.789999999999999,-34.35
-23.21,24.7,33.9,0.277,1.9,0.6,1.8,2.7,0.82616,1065.0,24.689,33.9,339.0,1.4751744033638332,,,,Sand,,,Sand 4,4,9.28,35.84,-7.789999999999999,-34.35
-23.23,24.72,34.1,0.288,1.9444,0.6,1.6,2.4,0.84781,1066.0,24.709,34.1,341.0,1.4822344211151064,,,,Sand,,,Sand 4,4,9.28,35.84,-7.789999999999999,-34.35
-23.25,24.74,34.14,0.298,1.9889,0.8,2.0,2.4,0.86972,1067.0,24.729,34.14,341.4,1.4905153352918288,,,,Sand,,,Sand 4,4,9.28,35.84,-7.789999999999999,-34.35
-23.270000000000003,24.76,34.28,0.307,2.0333,0.6,1.4,2.4,0.89098,1067.0,24.749,34.28,342.8,1.4975779492516386,,,,Sand,,,Sand 4,4,9.28,35.84,-7.789999999999999,-34.35
-23.290000000000003,24.78,34.53,0.315,1.9667,0.6,1.8,2.3,0.91077,1068.0,24.769,34.53,345.3,1.5030843416317388,,,,Sand,,,Sand 4,4,9.28,35.84,-7.789999999999999,-34.35
-23.310000000000002,24.8,34.75,0.32,1.9,0.6,1.8,2.4,0.92212,1069.0,24.789,34.75,347.5,1.5056049444784791,,,,Sand,,,Sand 4,4,9.28,35.84,-7.789999999999999,-34.35
-23.330000000000002,24.82,34.96,0.321,1.9,0.6,1.8,2.4,0.92198,1070.0,24.809,34.96,349.6,1.503939805858691,,,,Sand,,,Sand 4,4,9.28,35.84,-7.789999999999999,-34.35
-23.35,24.84,34.99,0.318,2.2,0.6,2.1,2.4,0.91104,1071.0,24.829,34.99,349.9,1.499629423198475,,,,Sand,,,Sand 4,4,9.28,35.84,-7.789999999999999,-34.35
-23.37,24.86,34.94,0.314,2.1333,0.6,1.8,2.4,0.89872,1071.0,24.849,34.94,349.4,1.495367745430267,,,,Sand,,,Sand 4,4,9.28,35.84,-7.789999999999999,-34.35
-23.39,24.88,35.03,0.312,2.0667,0.6,2.0,2.4,0.89475,1072.0,24.869,35.03,350.3,1.4931664172960077,,,,Sand,,,Sand 4,4,9.28,35.84,-7.789999999999999,-34.35
-23.41,24.9,35.05,0.31,2.0,0.6,1.4,2.4,0.89315,1073.0,24.889,35.05,350.5,1.4924028318750386,,,,Sand,,,Sand 4,4,9.28,35.84,-7.789999999999999,-34.35
-23.430000000000003,24.92,34.99,0.308,2.0,0.8,2.3,2.4,0.89447,1074.0,24.909,34.99,349.9,1.4933674017383396,,,,Sand,,,Sand 4,4,9.28,35.84,-7.789999999999999,-34.35
-23.450000000000003,24.94,34.8,0.304,2.0,0.6,2.0,2.4,0.89218,1075.0,24.929,34.8,348.0,1.4939625551698517,,,,Sand,,,Sand 4,4,9.28,35.84,-7.789999999999999,-34.35
-23.470000000000002,24.96,34.2,0.299,2.5,0.8,2.3,2.4,0.88915,1076.0,24.949,34.2,342.0,1.497514526643323,,,,Sand,,,Sand 4,4,9.28,35.84,-7.789999999999999,-34.35
-23.490000000000002,24.98,33.67,0.29,2.3,0.8,2.1,2.4,0.87511,1076.0,24.969,33.67,336.7,1.4963890323866538,,,,Sand,,,Sand 4,4,9.28,35.84,-7.789999999999999,-34.35
-23.51,25.0,32.79,0.282,2.0,0.6,2.0,2.4,0.86526,1077.0,24.989,32.79,327.9,1.4998659142651636,,,,Sand,,,Sand 4,4,9.28,35.84,-7.789999999999999,-34.35
-23.53,25.02,32.06,0.272,1.9,0.6,1.8,2.1,0.84924,1078.0,25.009,32.06,320.6,1.4998790932728567,,,,Sand,,,Sand 4,4,9.28,35.84,-7.789999999999999,-34.35
-23.55,25.04,31.46,0.263,1.9,0.6,1.8,2.1,0.8335,1079.0,25.029,31.46,314.6,1.4989725506090141,,,,Sand,,,Sand 4,4,9.28,35.84,-7.789999999999999,-34.35
-23.57,25.06,31.14,0.247,1.9,0.6,1.8,2.3,0.79214,1080.0,25.049,31.14,311.4,1.4851344487940696,,,,Sand,,,Sand 4,4,9.28,35.84,-7.789999999999999,-34.35
-23.59,25.08,30.61,0.237,1.9,0.6,1.8,2.4,0.76449,1081.0,25.069,30.61,306.1,1.4784973232334544,,,,Sand,,,Sand 4,4,9.28,35.84,-7.789999999999999,-34.35
-23.610000000000003,25.1,30.3,0.23,1.9,0.6,1.8,2.4,0.74563,1082.0,25.089,30.3,303.0,1.4733814841806447,,,,Sand,,,Sand 4,4,9.28,35.84,-7.789999999999999,-34.35
-23.630000000000003,25.12,30.4,0.228,1.9,0.6,1.8,2.4,0.74255,1083.0,25.109,30.4,304.0,1.4710884133410582,,,,Sand,,,Sand 4,4,9.28,35.84,-7.789999999999999,-34.35
-23.650000000000002,25.14,30.69,0.227,1.9,0.6,1.8,2.2,0.7435,1083.0,25.129,30.69,306.9,1.4687373077152235,,,,Sand,,,Sand 4,4,9.28,35.84,-7.789999999999999,-34.35
-23.67,25.16,31.35,0.227,1.9,0.6,1.8,2.2,0.74757,1084.0,25.149,31.35,313.5,1.4643386629617525,,,,Sand,,,Sand 4,4,9.28,35.84,-7.789999999999999,-34.35
-23.69,25.18,30.82,0.228,1.9,0.6,1.6,2.9,0.75537,1085.0,25.169,30.82,308.2,1.4726317250258485,,,,Sand,,,Sand 4,4,9.28,35.84,-7.789999999999999,-34.35
-23.71,25.2,30.33,0.231,1.9,0.6,1.6,2.8,0.77174,1086.0,25.189,30.33,303.3,1.4842129810402989,,,,Sand,,,Sand 4,4,9.28,35.84,-7.789999999999999,-34.35
-23.73,25.22,29.75,0.232,1.9,0.6,1.8,2.5,0.78474,1086.0,25.209,29.75,297.5,1.4952096194447722,,,,Sand,,,Sand 4,4,9.28,35.84,-7.789999999999999,-34.35
-23.75,25.24,29.28,0.232,1.9,0.6,1.8,2.4,0.79924,1087.0,25.229,29.28,292.8,1.505746902096335,,,,Sand,,,Sand 4,4,9.28,35.84,-7.789999999999999,-34.35
-23.770000000000003,25.26,28.85,0.227,1.9,0.6,1.8,2.4,0.79898,1088.0,25.249,28.85,288.5,1.5099312352517456,,,,Sand,,,Sand 4,4,9.28,35.84,-7.789999999999999,-34.35
-23.790000000000003,25.28,28.39,0.222,1.9,0.6,1.8,2.4,0.80014,1089.0,25.269,28.39,283.9,1.5150757214748827,,,,Sand,,,Sand 4,4,9.28,35.84,-7.789999999999999,-34.35
-23.810000000000002,25.3,27.74,0.217,1.9,0.6,1.8,2.4,0.80307,1090.0,25.289,27.74,277.4,1.5230169288166269,,,,Sand,,,Sand 4,4,9.28,35.84,-7.789999999999999,-34.35
-23.830000000000002,25.32,27.06,0.211,1.9,0.6,1.8,2.4,0.80604,1091.0,25.309,27.06,270.6,1.5314838518052065,,,,Sand,,,Sand 4,4,9.28,35.84,-7.789999999999999,-34.35
-23.85,25.34,25.89,0.206,1.9,0.6,1.8,2.3,0.81524,1091.0,25.329,25.89,258.9,1.5481526736031164,,,,Sand,,,Sand 4,4,9.28,35.84,-7.789999999999999,-34.35
-23.87,25.36,25.0,0.198,1.9,0.6,1.8,2.4,0.81239,1092.0,25.349,25.0,250.0,1.5574596643575118,,,,Sand,,,Sand 4,4,9.28,35.84,-7.789999999999999,-34.35
-23.89,25.38,23.96,0.187,1.9,0.6,1.8,2.4,0.79368,1093.0,25.369,23.96,239.6,1.562953906298066,,,,Sand,,,Sand 4,4,9.28,35.84,-7.789999999999999,-34.35
-23.91,25.4,22.53,0.176,1.9,0.6,1.8,2.4,0.76852,1094.0,25.389,22.53,225.3,1.5718447501880575,,,,Sand,,,Sand 4,4,9.28,35.84,-7.789999999999999,-34.35
-23.930000000000003,25.42,21.58,0.171,1.9,0.8,1.8,2.4,0.76229,1095.0,25.409,21.58,215.8,1.5827343792254933,,,,Sand,,,Sand 4,4,9.28,35.84,-7.789999999999999,-34.35
-23.950000000000003,25.44,21.22,0.166,1.9,0.6,1.6,2.4,0.75147,1096.0,25.429,21.22,212.2,1.5836835120091386,,,,Sand,,,Sand 4,4,9.28,35.84,-7.789999999999999,-34.35
-23.970000000000002,25.46,21.25,0.157,1.9,0.6,1.8,2.3,0.71628,1096.0,25.449,21.25,212.5,1.5688950523557037,,,,Sand,,,Sand 4,4,9.28,35.84,-7.789999999999999,-34.35
-23.990000000000002,25.48,21.78,0.149,1.9,0.6,1.6,2.4,0.67747,1097.0,25.469,21.78,217.8,1.5445591310128561,,,,Sand,,,Sand 4,4,9.28,35.84,-7.789999999999999,-34.35
-24.01,25.5,22.14,0.146,1.9,0.6,1.8,2.3,0.65662,1098.0,25.489,22.14,221.4,1.5301130515249888,,,,Sand,,,Sand 4,4,9.28,35.84,-7.789999999999999,-34.35
-24.03,25.52,22.26,0.146,1.9,0.6,1.6,2.3,0.64734,1099.0,25.509,22.26,222.6,1.5241994234466463,,,,Sand,,,Sand 4,4,9.28,35.84,-7.789999999999999,-34.35
-24.05,25.54,22.59,0.147,1.9,0.6,1.8,2.0,0.64157,1100.0,25.529,22.59,225.9,1.516862984512496,,,,Sand,,,Sand 4,4,9.28,35.84,-7.789999999999999,-34.35
-24.07,25.56,23.13,0.15,1.9,0.6,1.8,2.2,0.6454,1101.0,25.549,23.13,231.3,1.511090738576748,,,,Sand,,,Sand 4,4,9.28,35.84,-7.789999999999999,-34.35
-24.09,25.58,23.51,0.149,1.9,0.6,1.8,2.4,0.63169,1102.0,25.569,23.51,235.1,1.4995580024635808,,,,Sand,,,Sand 4,4,9.28,35.84,-7.789999999999999,-34.35
-24.110000000000003,25.6,23.77,0.149,1.9,0.6,1.8,2.3,0.62232,1103.0,25.589,23.77,237.7,1.491642066187124,,,,Sand,,,Sand 4,4,9.28,35.84,-7.789999999999999,-34.35
-24.130000000000003,25.62,24.12,0.147,1.9,0.6,1.8,2.4,0.60659,1103.0,25.609,24.12,241.2,1.4794330012948946,,,,Sand,,,Sand 4,4,9.28,35.84,-7.789999999999999,-34.35
-24.150000000000002,25.64,24.41,0.147,1.9,0.6,1.8,2.3,0.60141,1104.0,25.629,24.41,244.1,1.4730924920646424,,,,Sand,,,Sand 4,4,9.28,35.84,-7.789999999999999,-34.35
-24.17,25.66,24.91,0.149,1.9,0.6,1.8,2.1,0.60668,1105.0,25.649,24.91,249.1,1.4692179854625598,,,,Sand,,,Sand 4,4,9.28,35.84,-7.789999999999999,-34.35
-24.19,25.68,25.1,0.155,1.9,0.6,1.8,2.9,0.63008,1106.0,25.669,25.1,251.0,1.4780953705251256,,,,Sand,,,Sand 4,4,9.28,35.84,-7.789999999999999,-34.35
-24.21,25.7,24.92,0.158,1.9,0.6,1.8,2.8,0.64368,1106.0,25.689,24.92,249.2,1.4867619563927428,,,,Sand,,,Sand 4,4,9.28,35.84,-7.789999999999999,-34.35
-24.23,25.72,24.8,0.156,1.9,0.6,1.8,2.5,0.63921,1107.0,25.709,24.8,248.0,1.4861860247868166,,,,Sand,,,Sand 4,4,9.28,35.84,-7.789999999999999,-34.35
-24.25,25.74,24.45,0.158,1.9,0.8,1.8,2.4,0.6536,1108.0,25.729,24.45,244.5,1.4973281686740403,,,,Sand,,,Sand 4,4,9.28,35.84,-7.789999999999999,-34.35
-24.270000000000003,25.76,24.09,0.16,1.9,0.6,1.8,2.3,0.66974,1109.0,25.749,24.09,240.9,1.50931077254402,,,,Sand,,,Sand 4,4,9.28,35.84,-7.789999999999999,-34.35
-24.290000000000003,25.78,23.69,0.157,1.9,0.6,1.6,2.4,0.66473,1110.0,25.768,23.69,236.9,1.5123117684056937,,,,Sand,,,Sand 4,4,9.28,35.84,-7.789999999999999,-34.35
-24.310000000000002,25.8,23.28,0.153,1.9,0.8,2.0,2.4,0.65483,1111.0,25.788,23.28,232.8,1.5133436371516584,,,,Sand,,,Sand 4,4,9.28,35.84,-7.789999999999999,-34.35
-24.330000000000002,25.82,23.06,0.15,1.9,0.6,1.8,2.4,0.64802,1111.0,25.808,23.06,230.6,1.5132531745575761,,,,Sand,,,Sand 4,4,9.28,35.84,-7.789999999999999,-34.35
-24.35,25.84,22.83,0.142,1.9,0.6,1.8,2.4,0.61853,1112.0,25.828,22.83,228.3,1.5027540428134367,,,,Sand,,,Sand 4,4,9.28,35.84,-7.789999999999999,-34.35
-24.37,25.86,22.75,0.14,2.0,0.6,2.0,2.3,0.61383,1113.0,25.848,22.75,227.5,1.501656216979761,,,,Sand,,,Sand 4,4,9.28,35.84,-7.789999999999999,-34.35
-24.39,25.88,22.77,0.14,1.9,0.6,1.8,2.4,0.61705,1114.0,25.868,22.77,227.7,1.5028999463379091,,,,Sand,,,Sand 4,4,9.28,35.84,-7.789999999999999,-34.35
-24.41,25.9,22.71,0.14,1.9,0.6,1.8,2.4,0.62026,1115.0,25.888,22.71,227.1,1.5052634060346661,,,,Sand,,,Sand 4,4,9.28,35.84,-7.789999999999999,-34.35
-24.430000000000003,25.92,22.57,0.148,1.9,0.6,1.6,2.4,0.65665,1116.0,25.908,22.57,225.7,1.5239958991061227,,,,Sand,,,Sand 4,4,9.28,35.84,-7.789999999999999,-34.35
-24.450000000000003,25.94,22.49,0.15,1.9,0.6,1.8,2.4,0.66324,1116.0,25.928,22.49,224.9,1.5280790055295814,,,,Sand,,,Sand 4,4,9.28,35.84,-7.789999999999999,-34.35
-24.470000000000002,25.96,22.33,0.153,1.9,0.6,1.8,2.4,0.67231,1117.0,25.948,22.33,223.3,1.5343703925134333,,,,Sand,,,Sand 4,4,9.28,35.84,-7.789999999999999,-34.35
-24.490000000000002,25.98,22.12,0.152,1.9,0.6,1.8,2.3,0.66267,1118.0,25.968,22.12,221.2,1.5331042390806797,,,,Sand,,,Sand 4,4,9.28,35.84,-7.789999999999999,-34.35
-24.51,26.0,22.57,0.156,1.9,0.8,1.8,2.4,0.6731,1119.0,25.988,22.57,225.7,1.5313303391877695,,,,Sand,,,Sand 4,4,9.28,35.84,-7.789999999999999,-34.35
-24.53,26.02,23.37,0.161,1.9,0.6,1.8,2.4,0.68715,1120.0,26.008,23.37,233.7,1.526535493496757,,,,Sand,,,Sand 4,4,9.28,35.84,-7.789999999999999,-34.35
-24.55,26.04,23.9,0.162,1.9,0.6,1.8,2.1,0.68437,1121.0,26.028,23.9,239.0,1.5182997597542909,,,,Sand,,,Sand 4,4,9.28,35.84,-7.789999999999999,-34.35
-24.57,26.06,24.15,0.164,1.9,0.6,1.8,2.1,0.68583,1122.0,26.048,24.15,241.5,1.5156986522298417,,,,Sand,,,Sand 4,4,9.28,35.84,-7.789999999999999,-34.35
-24.59,26.08,24.48,0.16,1.9,0.6,1.8,2.3,0.66438,1122.0,26.068,24.48,244.8,1.5018658475284374,,,,Sand,,,Sand 4,4,9.28,35.84,-7.789999999999999,-34.35
-24.610000000000003,26.1,24.52,0.158,1.9,0.6,1.8,2.4,0.65479,1123.0,26.088,24.52,245.2,1.496978108495903,,,,Sand,,,Sand 4,4,9.28,35.84,-7.789999999999999,-34.35
-24.630000000000003,26.12,24.26,0.159,1.9,0.6,1.8,2.4,0.66023,1124.0,26.108,24.26,242.6,1.5028067757067047,,,,Sand,,,Sand 4,4,9.28,35.84,-7.789999999999999,-34.35
-24.650000000000002,26.14,24.05,0.164,1.9,0.6,1.8,2.4,0.68373,1125.0,26.128,24.05,240.5,1.5160646300195848,,,,Sand,,,Sand 4,4,9.28,35.84,-7.789999999999999,-34.35
-24.67,26.16,23.93,0.168,1.9,0.6,1.6,2.0,0.70614,1126.0,26.148,23.93,239.3,1.527394384408459,,,,Sand,,,Sand 4,4,9.28,35.84,-7.789999999999999,-34.35
-24.69,26.18,23.75,0.165,1.9,0.6,1.6,3.0,0.70127,1127.0,26.168,23.75,237.5,1.527639850917365,,,,Sand,,,Sand 4,4,9.28,35.84,-7.789999999999999,-34.35
-24.71,26.2,23.52,0.17,1.9,0.6,1.8,2.8,0.7311,1127.0,26.188,23.52,235.2,1.543322920077323,,,,Sand,,,Sand 4,4,9.28,35.84,-7.789999999999999,-34.35
-24.73,26.22,23.38,0.17,1.9,0.6,1.8,2.4,0.74018,1128.0,26.208,23.38,233.8,1.5489348836279668,,,,Sand,,,Sand 4,4,9.28,35.84,-7.789999999999999,-34.35
-24.75,26.24,22.92,0.171,1.9,0.6,1.8,2.3,0.75418,1129.0,26.228,22.92,229.2,1.5607930691814105,,,,Sand,,,Sand 4,4,9.28,35.84,-7.789999999999999,-34.35
-24.770000000000003,26.26,22.42,0.174,2.1,0.8,2.0,2.4,0.77484,1130.0,26.248,22.42,224.2,1.575857853499911,,,,Sand,,,Sand 4,4,9.28,35.84,-7.789999999999999,-34.35
-24.790000000000003,26.28,22.05,0.177,1.9,0.6,1.8,2.4,0.79403,1131.0,26.268,22.05,220.5,1.5884718770770931,,,,Sand,,,Sand 4,4,9.28,35.84,-7.789999999999999,-34.35
-24.810000000000002,26.3,21.77,0.18,1.9,0.4,1.6,2.4,0.81241,1131.0,26.288,21.77,217.7,1.599417605248187,,,,Sand,,,Sand 4,4,9.28,35.84,-7.789999999999999,-34.35
-24.830000000000002,26.32,21.58,0.183,1.9,0.6,1.6,2.3,0.82838,1132.0,26.308,21.58,215.8,1.6080876107272748,,,,Sand,,,Sand 4,4,9.28,35.84,-7.789999999999999,-34.35
-24.85,26.34,22.01,0.188,1.9,0.6,1.8,2.4,0.85053,1133.0,26.328,22.01,220.1,1.610208629093025,,,,Sand,,,Sand 4,4,9.28,35.84,-7.789999999999999,-34.35
-24.87,26.36,22.2,0.191,2.0,0.6,2.0,2.4,0.86089,1134.0,26.348,22.2,222.0,1.6113617665192472,,,,Sand,,,Sand 4,4,9.28,35.84,-7.789999999999999,-34.35
-24.89,26.38,22.3,0.195,1.9,0.6,1.8,2.4,0.87346,1135.0,26.368,22.3,223.0,1.614523253099606,,,,Sand,,,Sand 4,4,9.28,35.84,-7.789999999999999,-34.35
-24.91,26.4,22.4,0.198,1.9,0.6,1.8,2.4,0.87976,1136.0,26.388,22.4,224.0,1.61542208686723,,,,Sand,,,Sand 4,4,9.28,35.84,-7.789999999999999,-34.35
-24.930000000000003,26.42,22.52,0.204,1.9,0.4,1.6,2.3,0.90096,1136.0,26.408,22.52,225.2,1.6212915983200156,,,,Sand,,,Sand 4,4,9.28,35.84,-7.789999999999999,-34.35
-24.950000000000003,26.44,22.71,0.207,1.9,0.6,1.8,2.4,0.90904,1137.0,26.428,22.71,227.1,1.621594938655564,,,,Sand,,,Sand 4,4,9.28,35.84,-7.789999999999999,-34.35
-24.970000000000002,26.46,22.88,0.205,1.9,0.6,1.8,2.4,0.89593,1138.0,26.448,22.88,228.8,1.6147861925744458,,,,Sand,,,Sand 4,4,9.28,35.84,-7.789999999999999,-34.35
-24.990000000000002,26.48,23.03,0.204,1.9,0.6,1.8,2.4,0.88628,1139.0,26.468,23.03,230.3,1.6094205916657478,,,,Sand,,,Sand 4,4,9.28,35.84,-7.789999999999999,-34.35
-25.01,26.5,23.1,0.203,1.9,0.6,1.8,2.3,0.87689,1140.0,26.488,23.1,231.0,1.6051591189692438,,,,Sand,,,Sand 4,4,9.28,35.84,-7.789999999999999,-34.35
-25.03,26.52,23.23,0.203,1.9,0.6,1.8,2.1,0.87284,1141.0,26.508,23.23,232.3,1.602022654957123,,,,Sand,,,Sand 4,4,9.28,35.84,-7.789999999999999,-34.35
-25.05,26.54,23.18,0.205,1.9,0.6,1.8,2.1,0.87841,1142.0,26.528,23.18,231.8,1.6046699561100264,,,,Sand,,,Sand 4,4,9.28,35.84,-7.789999999999999,-34.35
-25.07,26.56,23.49,0.206,1.9,0.6,1.8,2.3,0.8802,1142.0,26.548,23.49,234.9,1.6013456518542601,,,,Sand,,,Sand 4,4,9.28,35.84,-7.789999999999999,-34.35
-25.09,26.58,23.58,0.208,1.9333,0.4,1.6,2.4,0.88464,1143.0,26.568,23.58,235.8,1.6017972231767166,,,,Sand,,,Sand 4,4,9.28,35.84,-7.789999999999999,-34.35
-25.110000000000003,26.6,23.57,0.21,1.9667,0.6,1.8,2.4,0.88337,1144.0,26.588,23.57,235.7,1.601469062227503,,,,Sand,,,Sand 4,4,9.28,35.84,-7.789999999999999,-34.35
-25.130000000000003,26.62,23.52,0.212,2.0,0.6,2.0,2.4,0.8793,1145.0,26.608,23.52,235.2,1.6006420876302738,,,,Sand,,,Sand 4,4,9.28,35.84,-7.789999999999999,-34.35
-25.150000000000002,26.64,23.56,0.214,1.9,0.6,1.8,2.0,0.87709,1146.0,26.628,23.56,235.6,1.5993407452320736,,,,Sand,,,Sand 4,4,9.28,35.84,-7.789999999999999,-34.35
-25.17,26.66,23.97,0.218,1.9,0.6,1.8,2.9,0.88479,1147.0,26.648,23.97,239.7,1.596978353414926,,,,Sand,,,Sand 4,4,9.28,35.84,-7.789999999999999,-34.35
-25.19,26.68,25.31,0.223,1.9,0.6,1.8,2.7,0.89675,1147.0,26.668,25.31,253.1,1.5852519754269625,,,,Sand,,,Sand 4,4,9.28,35.84,-7.789999999999999,-34.35
-25.21,26.7,25.88,0.226,1.9,0.6,1.8,2.4,0.90053,1148.0,26.688,25.88,258.8,1.5801172480824741,,,,Sand,,,Sand 4,4,9.28,35.84,-7.789999999999999,-34.35
-25.23,26.72,25.8,0.229,1.9,0.6,1.8,2.4,0.90429,1149.0,26.708,25.8,258.0,1.5823617533242706,,,,Sand,,,Sand 4,4,9.28,35.84,-7.789999999999999,-34.35
-25.25,26.74,25.5,0.235,2.0,0.6,2.0,2.3,0.92148,1150.0,26.728,25.5,255.0,1.591839711602572,,,,Sand,,,Sand 4,4,9.28,35.84,-7.789999999999999,-34.35
-25.270000000000003,26.76,25.4,0.24,2.0,0.6,1.8,2.4,0.94007,1151.0,26.748,25.4,254.0,1.599440670528491,,,,Sand,,,Sand 4,4,9.28,35.84,-7.789999999999999,-34.35
-25.290000000000003,26.78,25.35,0.242,2.0,0.4,1.8,2.3,0.94879,1151.0,26.768,25.35,253.5,1.6030031899993136,,,,Sand,,,Sand 4,4,9.28,35.84,-7.789999999999999,-34.35
-25.310000000000002,26.8,25.38,0.24,2.0,0.6,2.0,2.4,0.94095,1152.0,26.788,25.38,253.8,1.5999716290523651,,,,Sand,,,Sand 4,4,9.28,35.84,-7.789999999999999,-34.35
-25.330000000000002,26.82,25.4,0.238,1.9667,0.4,1.8,2.4,0.93137,1153.0,26.808,25.4,254.0,1.5964306826908494,,,,Sand,,,Sand 4,4,9.28,35.84,-7.789999999999999,-34.35
-25.35,26.84,25.53,0.238,1.9333,0.6,2.0,2.4,0.92869,1154.0,26.828,25.53,255.3,1.5940194272706047,,,,Sand,,,Sand 4,4,9.28,35.84,-7.789999999999999,-34.35
-25.37,26.86,25.69,0.241,1.9,0.6,1.8,2.4,0.93629,1155.0,26.848,25.69,256.9,1.5948538679030997,,,,Sand,,,Sand 4,4,9.28,35.84,-7.789999999999999,-34.35
-25.39,26.88,25.8,0.245,1.9333,0.4,1.8,2.3,0.94672,1156.0,26.868,25.8,258.0,1.5972209766072458,,,,Sand,,,Sand 4,4,9.28,35.84,-7.789999999999999,-34.35
-25.41,26.9,25.88,0.249,1.9667,0.4,2.0,2.4,0.95485,1156.0,26.888,25.88,258.8,1.5991150366125078,,,,Sand,,,Sand 4,4,9.28,35.84,-7.789999999999999,-34.35
-25.430000000000003,26.92,25.99,0.252,2.0,0.4,2.0,2.4,0.9569,1157.0,26.908,25.99,259.9,1.5985975946730089,,,,Sand,,,Sand 4,4,9.28,35.84,-7.789999999999999,-34.35
-25.450000000000003,26.94,26.25,0.257,1.9,0.6,1.8,2.4,0.96467,1158.0,26.928,26.25,262.5,1.5983921421404008,,,,Sand,,,Sand 4,4,9.28,35.84,-7.789999999999999,-34.35
-25.470000000000002,26.96,26.49,0.261,1.8667,0.4,1.6,2.4,0.96595,1159.0,26.948,26.49,264.9,1.5962309002596544,,,,Sand,,,Sand 4,4,9.28,35.84,-7.789999999999999,-34.35
-25.490000000000002,26.98,26.99,0.266,1.8333,0.4,1.8,2.3,0.96806,1160.0,26.968,26.99,269.9,1.59163430009506,,,,Sand,,,Sand 4,4,9.28,35.84,-7.789999999999999,-34.35
-25.51,27.0,27.59,0.271,1.8,0.4,1.6,2.4,0.96807,1161.0,26.988,27.59,275.9,1.5854220826450351,,,,Sand,,,Sand 4,4,9.28,35.84,-7.789999999999999,-34.35
-25.53,27.02,28.14,0.278,1.8,0.4,1.8,2.3,0.97484,1161.0,27.008,28.14,281.4,1.58218176261121,,,,Sand,,,Sand 4,4,9.28,35.84,-7.789999999999999,-34.35
-25.55,27.04,28.83,0.288,1.8,0.4,1.8,2.0,0.99199,1162.0,27.028,28.83,288.3,1.5812349108418133,,,,Sand,,,Sand 4,4,9.28,35.84,-7.789999999999999,-34.35
-25.57,27.06,29.54,0.296,1.8,0.4,1.8,2.2,1.0024,1163.0,27.048,29.54,295.4,1.578011549970018,,,,Sand,,,Sand 4,4,9.28,35.84,-7.789999999999999,-34.35
-25.59,27.08,30.12,0.304,1.8,0.4,1.8,2.4,1.0131,1164.0,27.068,30.12,301.2,1.5762588853128985,,,,Sand,,,Sand 4,4,9.28,35.84,-7.789999999999999,-34.35
-25.610000000000003,27.1,30.44,0.313,1.8,0.4,1.8,2.3,1.0263,1165.0,27.088,30.44,304.4,1.5777604176126374,,,,Sand,,,Sand 4,4,9.28,35.84,-7.789999999999999,-34.35
-25.630000000000003,27.12,30.61,0.323,1.8,0.4,1.8,2.4,1.0431,1166.0,27.108,30.61,306.1,1.5817636147949803,,,,Sand,,,Sand 4,4,9.28,35.84,-7.789999999999999,-34.35
-25.650000000000002,27.14,30.97,0.334,1.9,0.6,1.8,2.3,1.0635,1167.0,27.128,30.97,309.7,1.585216232224782,,,,Sand,,,Sand 4,4,9.28,35.84,-7.789999999999999,-34.35
-25.67,27.16,31.4,0.341,1.9,0.4,1.8,1.9,1.0705,1168.0,27.148,31.4,314.0,1.5837716880015889,,,,Sand,,,Sand 4,4,9.28,35.84,-7.789999999999999,-34.35
-25.69,27.18,32.08,0.348,1.9,0.4,1.8,2.9,1.077,1168.0,27.168,32.08,320.8,1.5801545421819687,,,,Sand,,,Sand 4,4,9.28,35.84,-7.789999999999999,-34.35
-25.71,27.2,32.56,0.354,1.9,0.6,1.8,2.8,1.0793,1169.0,27.188,32.56,325.6,1.5769649587655201,,,,Sand,,,Sand 4,4,9.28,35.84,-7.789999999999999,-34.35
-25.73,27.22,33.07,0.36,1.9407,0.4,1.8,2.5,1.0807,1170.0,27.208,33.07,330.7,1.5733251274343745,,,,Sand,,,Sand 4,4,9.28,35.84,-7.789999999999999,-34.35
-25.75,27.24,33.7,0.363,1.9815,0.6,2.0,2.4,1.075,1171.0,27.228,33.7,337.0,1.5665518019307156,,,,Sand,,,Sand 4,4,9.28,35.84,-7.789999999999999,-34.35
-25.770000000000003,27.26,34.1,0.367,2.0222,0.2,1.8,2.4,1.0753,1171.0,27.248,34.1,341.0,1.563571491305268,,,,Sand,,,Sand 4,4,9.28,35.84,-7.789999999999999,-34.35
-25.790000000000003,27.28,34.51,0.369,2.0445,0.4,1.6,2.4,1.0731,1172.0,27.268,34.51,345.1,1.559752382890053,,,,Sand,,,Sand 4,4,9.28,35.84,-7.789999999999999,-34.35
-25.810000000000002,27.3,35.08,0.371,2.0667,0.2,1.6,2.4,1.0754,1173.0,27.288,35.08,350.8,1.5562590777952447,,,,Sand,,,Sand 4,4,9.28,35.84,-7.789999999999999,-34.35
-25.830000000000002,27.32,35.05,0.374,2.2,0.6,2.1,2.3,1.0849,1174.0,27.308,35.05,350.5,1.5595530058424014,,,,Sand,,,Sand 4,4,9.28,35.84,-7.789999999999999,-34.35
-25.85,27.34,34.97,0.376,2.2,0.4,2.0,2.4,1.0952,1175.0,27.328,34.97,349.7,1.563446031920608,,,,Sand,,,Sand 4,4,9.28,35.84,-7.789999999999999,-34.35
-25.87,27.36,34.62,0.376,2.2,0.6,2.1,2.4,1.1032,1176.0,27.348,34.62,346.2,1.5685814858345615,,,,Sand,,,Sand 4,4,9.28,35.84,-7.789999999999999,-34.35
-25.89,27.38,33.97,0.377,2.2,0.4,1.6,2.4,1.1172,1176.0,27.368,33.97,339.7,1.5778775681891926,,,,Sand,,,Sand 4,4,9.28,35.84,-7.789999999999999,-34.35
-25.91,27.4,33.49,0.38,2.2,0.6,2.0,2.4,1.1364,1177.0,27.388,33.49,334.9,1.5875028454870364,,,,Sand,,,Sand 4,4,9.28,35.84,-7.789999999999999,-34.35
-25.930000000000003,27.42,32.96,0.387,2.2,0.6,2.1,2.3,1.1647,1178.0,27.408,32.96,329.6,1.6002109278293162,,,,Sand,,,Sand 4,4,9.28,35.84,-7.789999999999999,-34.35
-25.950000000000003,27.44,32.51,0.394,2.4,0.6,2.3,2.4,1.1866,1179.0,27.428,32.51,325.09999999999997,1.610265574877129,,,,Sand,,,Sand 4,4,9.28,35.84,-7.789999999999999,-34.35
-25.970000000000002,27.46,32.38,0.393,2.2,0.6,2.1,2.4,1.1763,1180.0,27.448,32.38,323.8,1.6082616373268668,,,,Sand,,,Sand 4,4,9.28,35.84,-7.789999999999999,-34.35
-25.990000000000002,27.48,32.62,0.393,2.0,0.6,2.0,2.3,1.1632,1181.0,27.468,32.62,326.2,1.6024450569821327,,,,Sand,,,Sand 4,4,9.28,35.84,-7.789999999999999,-34.35
-26.01,27.5,33.26,0.394,1.9667,0.4,1.8,2.4,1.1476,1181.0,27.488,33.26,332.6,1.592706895486345,,,,Sand,,,Sand 4,4,9.28,35.84,-7.789999999999999,-34.35
-26.03,27.52,34.45,0.397,1.9333,0.6,2.0,2.3,1.1348,1182.0,27.507,34.45,344.5,1.5797326451997413,,,,Sand,,,Sand 4,4,9.28,35.84,-7.789999999999999,-34.35
-26.05,27.54,35.61,0.4,1.9,0.6,1.8,2.1,1.1208,1183.0,27.527,35.61,356.1,1.5669115140283434,,,,Sand,,,Sand 4,4,9.28,35.84,-7.789999999999999,-34.35
-26.07,27.56,36.51,0.409,2.0,0.4,1.6,2.1,1.1244,1184.0,27.547,36.51,365.1,1.5617157406923512,,,,Sand,,,Sand 4,4,9.28,35.84,-7.789999999999999,-34.35
-26.09,27.58,37.31,0.417,2.1,0.4,2.0,2.3,1.1263,1185.0,27.567,37.31,373.1,1.5568628690101676,,,,Sand,,,Sand 4,4,9.28,35.84,-7.789999999999999,-34.35
-26.110000000000003,27.6,37.73,0.426,2.2,0.2,2.1,2.4,1.1325,1186.0,27.587,37.73,377.3,1.5560147256009849,,,,Sand,,,Sand 4,4,9.28,35.84,-7.789999999999999,-34.35
-26.130000000000003,27.62,38.02,0.441,2.1,0.6,1.6,2.3,1.1577,1187.0,27.607,38.02,380.2,1.5619530135458235,,,,Sand,,,Sand 4,4,9.28,35.84,-7.789999999999999,-34.35
-26.150000000000002,27.64,38.11,0.447,2.0,0.6,1.6,2.4,1.1605,1187.0,27.627,38.11,381.1,1.5622307443644774,,,,Sand,,,Sand 4,4,9.28,35.84,-7.789999999999999,-34.35
-26.17,27.66,38.46,0.45,1.9,0.6,1.8,2.4,1.157,1188.0,27.647,38.46,384.6,1.5588948280295052,,,,Sand,,,Sand 4,4,9.28,35.84,-7.789999999999999,-34.35
-26.19,27.68,39.18,0.452,1.7,0.6,1.6,1.8,1.1516,1189.0,27.667,39.18,391.8,1.5526589854885717,,,,Sand,,,Sand 4,4,9.28,35.84,-7.789999999999999,-34.35
-26.21,27.7,39.41,0.451,1.6556,0.2,1.4,2.8,1.1403,1190.0,27.687,39.41,394.1,1.5476892293462943,,,,Sand,,,Sand 4,4,9.28,35.84,-7.789999999999999,-34.35
-26.23,27.72,39.92,0.451,1.6111,0.6,1.4,2.8,1.1336,1191.0,27.707,39.92,399.2,1.542425935775691,,,,Sand,,,Sand 4,4,9.28,35.84,-7.789999999999999,-34.35
-26.25,27.74,40.31,0.451,1.5667,0.6,1.0,2.5,1.1333,1191.0,27.727,40.31,403.1,1.5399564685814082,,,,Sand,,,Sand 4,4,9.28,35.84,-7.789999999999999,-34.35
-26.270000000000003,27.76,40.6,0.447,1.6333,0.4,1.6,2.4,1.1312,1192.0,27.747,40.6,406.0,1.5375434917886601,,,,Sand,,,Sand 4,4,9.28,35.84,-7.789999999999999,-34.35
-26.290000000000003,27.78,40.42,0.441,1.7,0.6,1.6,2.4,1.1287,1193.0,27.767,40.42,404.2,1.5378303013426644,,,,Sand,,,Sand 4,4,9.28,35.84,-7.789999999999999,-34.35
-26.310000000000002,27.8,39.98,0.436,1.9333,0.6,1.2,2.4,1.1347,1194.0,27.787,39.98,399.8,1.5424067705055449,,,,Sand,,,Sand 4,4,9.28,35.84,-7.789999999999999,-34.35
-26.330000000000002,27.82,38.54,0.432,2.1667,0.2,1.8,2.4,1.1475,1195.0,27.807,38.54,385.4,1.5554353288665739,,,,Sand,,,Sand 4,4,9.28,35.84,-7.789999999999999,-34.35
-26.35,27.84,36.95,0.425,2.4,0.4,2.3,2.4,1.1557,1196.0,27.827,36.95,369.5,1.5684359338611102,,,,Sand,,,Sand 4,4,9.28,35.84,-7.789999999999999,-34.35
-26.37,27.86,35.86,0.415,2.2667,0.6,1.0,2.3,1.1567,1196.0,27.847,35.86,358.6,1.5762594285653995,,,,Sand,,,Sand 4,4,9.28,35.84,-7.789999999999999,-34.35
-26.39,27.88,34.73,0.399,2.2519,0.4,1.6,2.4,1.1398,1197.0,27.867,34.73,347.3,1.5792026494273579,,,,Sand,,,Sand 4,4,9.28,35.84,-7.789999999999999,-34.35
-26.41,27.9,34.1,0.382,2.237,0.6,2.0,2.4,1.1141,1198.0,27.887,34.1,341.0,1.5759207522417475,,,,Sand,,,Sand 4,4,9.28,35.84,-7.789999999999999,-34.35
-26.430000000000003,27.92,33.62,0.363,2.2222,0.2,1.8,2.4,1.0762,1199.0,27.907,33.62,336.2,1.5675598665274366,,,,Sand,,,Sand 4,4,9.28,35.84,-7.789999999999999,-34.35
-26.450000000000003,27.94,33.24,0.354,2.2667,0.4,1.6,2.4,1.0645,1200.0,27.927,33.24,332.4,1.5667543336202996,,,,Sand,,,Sand 4,4,9.28,35.84,-7.789999999999999,-34.35
-26.470000000000002,27.96,33.01,0.342,2.4,0.6,2.3,2.4,1.0397,1201.0,27.947,33.01,330.1,1.5604540517489045,,,,Sand,,,Sand 4,4,9.28,35.84,-7.789999999999999,-34.35
-26.490000000000002,27.98,32.8,0.335,1.9,0.6,1.8,2.4,1.0289,1201.0,27.967,32.8,328.0,1.5585571357520123,,,,Sand,,,Sand 4,4,9.28,35.84,-7.789999999999999,-34.35
-26.51,28.0,32.47,0.327,2.0,0.6,2.0,2.4,1.0139,1202.0,27.987,32.47,324.7,1.5562198574660124,,,,Sand,,,Sand 4,4,9.28,35.84,-7.789999999999999,-34.35
-26.53,28.02,32.08,0.321,1.9,0.6,1.8,2.4,1.0049,1203.0,28.007,32.08,320.8,1.5564152597741194,,,,Sand,,,Sand 4,4,9.28,35.84,-7.789999999999999,-34.35
-26.55,28.04,31.84,0.314,1.8,0.4,1.8,2.0,0.99308,1204.0,28.027,31.84,318.4,1.5544104136630241,,,,Sand,,,Sand 4,4,9.28,35.84,-7.789999999999999,-34.35
-26.57,28.06,31.41,0.308,1.7667,0.2,1.6,2.2,0.98434,1205.0,28.047,31.41,314.1,1.5550941822263384,,,,Sand,,,Sand 4,4,9.28,35.84,-7.789999999999999,-34.35
-26.59,28.08,31.16,0.296,1.7333,0.4,1.6,2.4,0.95596,1206.0,28.067,31.16,311.6,1.547390533879974,,,,Sand,,,Sand 4,4,9.28,35.84,-7.789999999999999,-34.35
-26.610000000000003,28.1,30.79,0.293,1.7,0.6,1.6,2.4,0.95599,1207.0,28.087,30.79,307.9,1.5506797809283812,,,,Sand,,,Sand 4,4,9.28,35.84,-7.789999999999999,-34.35
-26.630000000000003,28.12,30.4,0.29,1.9,0.6,1.8,2.3,0.9569,1207.0,28.107,30.4,304.0,1.5545092614234428,,,,Sand,,,Sand 4,4,9.28,35.84,-7.789999999999999,-34.35
-26.650000000000002,28.14,30.17,0.288,1.9,0.4,1.8,2.4,0.96092,1208.0,28.127,30.17,301.7,1.5580107976886135,,,,Sand,,,Sand 4,4,9.28,35.84,-7.789999999999999,-34.35
-26.67,28.16,29.86,0.288,1.9,0.4,1.6,2.0,0.96998,1209.0,28.147,29.86,298.6,1.5640085375935675,,,,Sand,,,Sand 4,4,9.28,35.84,-7.789999999999999,-34.35
-26.69,28.18,29.56,0.283,1.9,0.6,1.8,2.5,0.95867,1210.0,28.167,29.56,295.6,1.562882065838919,,,,Sand,,,Sand 4,4,9.28,35.84,-7.789999999999999,-34.35
-26.71,28.2,29.1,0.282,1.8333,0.4,1.6,2.9,0.95743,1211.0,28.187,29.1,291.0,1.5668150556816678,,,,Sand,,,Sand 4,4,9.28,35.84,-7.789999999999999,-34.35
-26.73,28.22,28.73,0.281,1.7667,0.6,1.8,2.8,0.95355,1211.0,28.207,28.73,287.3,1.5690409700944203,,,,Sand,,,Sand 4,4,9.28,35.84,-7.789999999999999,-34.35
-26.75,28.24,28.92,0.281,1.7,0.6,1.6,2.5,0.95049,1212.0,28.227,28.92,289.2,1.5661287400363986,,,,Sand,,,Sand 4,4,9.28,35.84,-7.789999999999999,-34.35
-26.770000000000003,28.26,29.42,0.281,1.8,0.4,1.8,2.3,0.94505,1213.0,28.247,29.42,294.2,1.5594321569088203,,,,Sand,,,Sand 4,4,9.28,35.84,-7.789999999999999,-34.35
-26.790000000000003,28.28,29.87,0.281,1.7667,0.4,1.6,2.4,0.93585,1214.0,28.267,29.87,298.7,1.551943710231298,,,,Sand,,,Sand 4,4,9.28,35.84,-7.789999999999999,-34.35
-26.810000000000002,28.3,30.29,0.284,1.7333,0.6,1.6,2.3,0.93287,1215.0,28.287,30.29,302.9,1.5469982032741427,,,,Sand,,,Sand 4,4,9.28,35.84,-7.789999999999999,-34.35
-26.830000000000002,28.32,30.62,0.292,1.7,0.6,1.6,2.4,0.94441,1216.0,28.307,30.62,306.2,1.5481132381408855,,,,Sand,,,Sand 4,4,9.28,35.84,-7.789999999999999,-34.35
-26.85,28.34,30.92,0.305,1.7,0.4,1.6,2.4,0.97118,1216.0,28.327,30.92,309.2,1.5548322432847141,,,,Sand,,,Sand 4,4,9.28,35.84,-7.789999999999999,-34.35
-26.87,28.36,31.44,0.314,1.7,0.6,1.8,2.4,0.98144,1217.0,28.347,31.44,314.4,1.553835246774025,,,,Sand,,,Sand 4,4,9.28,35.84,-7.789999999999999,-34.35
-26.89,28.38,32.07,0.328,1.7,0.6,1.6,2.3,1.0037,1218.0,28.367,32.07,320.7,1.5560916947754782,,,,Sand,,,Sand 4,4,9.28,35.84,-7.789999999999999,-34.35
-26.91,28.4,32.72,0.339,1.9,0.6,1.8,2.4,1.0111,1219.0,28.387,32.72,327.2,1.5532231823704539,,,,Sand,,,Sand 4,4,9.28,35.84,-7.789999999999999,-34.35
-26.930000000000003,28.42,33.31,0.349,1.9,0.6,1.8,2.4,1.0109,1220.0,28.407,33.31,333.1,1.548394327457686,,,,Sand,,,Sand 4,4,9.28,35.84,-7.789999999999999,-34.35
-26.950000000000003,28.44,34.58,0.37,1.9,0.6,1.8,2.4,1.0406,1221.0,28.427,34.58,345.8,1.548534196044975,,,,Sand,,,Sand 4,4,9.28,35.84,-7.789999999999999,-34.35
-26.970000000000002,28.46,35.78,0.387,1.9,0.6,1.8,2.3,1.0564,1221.0,28.447,35.78,357.8,1.544934983569893,,,,Sand,,,Sand 4,4,9.28,35.84,-7.789999999999999,-34.35
-26.990000000000002,28.48,37.4,0.399,1.9,0.6,1.8,2.4,1.0577,1222.0,28.467,37.4,374.0,1.5340395706691226,,,,Sand,,,Sand 4,4,9.28,35.84,-7.789999999999999,-34.35
-27.01,28.5,38.9,0.406,2.0,0.6,2.0,2.4,1.0475,1223.0,28.487,38.9,389.0,1.5206810074422552,,,,Sand,,,Sand 4,4,9.28,35.84,-7.789999999999999,-34.35
-27.03,28.52,39.7,0.419,2.2333,0.6,1.0,2.4,1.0594,1224.0,28.507,39.7,397.0,1.5195987320721396,,,,Sand,,,Sand 4,4,9.28,35.84,-7.789999999999999,-34.35
-27.05,28.54,40.69,0.434,2.4667,0.6,1.0,2.1,1.082,1225.0,28.527,40.69,406.9,1.5210415699690902,,,,Sand,,,Sand 4,4,9.28,35.84,-7.789999999999999,-34.35
-27.07,28.56,41.42,0.44,2.7,0.2,2.7,2.1,1.089,1226.0,28.547,41.42,414.2,1.5190028681039547,,,,Sand,,,Sand 4,4,9.28,35.84,-7.789999999999999,-34.35
-27.09,28.58,41.6,0.451,2.5667,0.6,1.6,2.3,1.115,1227.0,28.567,41.6,416.0,1.526442841867156,,,,Sand,,,Sand 4,4,9.28,35.84,-7.789999999999999,-34.35
-27.110000000000003,28.6,40.93,0.456,2.5778,0.6,1.4,2.5,1.1317,1227.0,28.587,40.93,409.3,1.5357355999663838,,,,Sand,,,Sand 4,4,9.28,35.84,-7.789999999999999,-34.35
-27.130000000000003,28.62,40.25,0.459,2.5889,0.6,1.0,2.3,1.1502,1228.0,28.607,40.25,402.5,1.5456424173504522,,,,Sand,,,Sand 4,4,9.28,35.84,-7.789999999999999,-34.35
-27.150000000000002,28.64,39.74,0.458,2.6,0.4,2.5,2.4,1.1655,1229.0,28.627,39.74,397.4,1.5534986179733976,,,,Sand,,,Sand 4,4,9.28,35.84,-7.789999999999999,-34.35
-27.17,28.66,39.27,0.453,2.3,0.8,1.4,2.3,1.1739,1230.0,28.647,39.27,392.7,1.5589796937513178,,,,Sand,,,Sand 4,4,9.28,35.84,-7.789999999999999,-34.35
-27.19,28.68,38.44,0.444,2.0,0.4,1.6,1.9,1.1719,1231.0,28.667,38.44,384.4,1.563600756892938,,,,Sand,,,Sand 4,4,9.28,35.84,-7.789999999999999,-34.35
-27.21,28.7,37.6,0.435,1.9667,0.4,1.0,2.7,1.1686,1232.0,28.687,37.6,376.0,1.5680472621913295,,,,Sand,,,Sand 4,4,9.28,35.84,-7.789999999999999,-34.35
-27.23,28.72,36.55,0.424,1.9333,0.6,1.8,2.8,1.1591,1232.0,28.707,36.55,365.5,1.5722022146672372,,,,Sand,,,Sand 4,4,9.28,35.84,-7.789999999999999,-34.35
-27.25,28.74,35.94,0.414,1.9,0.6,1.8,2.6,1.1515,1233.0,28.727,35.94,359.4,1.5741044281852465,,,,Sand,,,Sand 4,4,9.28,35.84,-7.789999999999999,-34.35
-27.270000000000003,28.76,35.32,0.397,1.9333,0.8,1.2,2.4,1.1217,1234.0,28.747,35.32,353.2,1.5692777710463275,,,,Sand,,,Sand 4,4,9.28,35.84,-7.789999999999999,-34.35
-27.290000000000003,28.78,34.94,0.383,1.9667,0.4,1.2,2.4,1.0977,1235.0,28.767,34.94,349.4,1.5644646094419385,,,,Sand,,,Sand 4,4,9.28,35.84,-7.789999999999999,-34.35
-27.310000000000002,28.8,34.58,0.374,2.0,0.6,2.0,2.3,1.0845,1236.0,28.787,34.58,345.8,1.5629101510840748,,,,Sand,,,Sand 4,4,9.28,35.84,-7.789999999999999,-34.35
-27.330000000000002,28.82,34.25,0.363,1.6,0.4,1.6,2.4,1.063,1236.0,28.807,34.25,342.5,1.5584303057797244,,,,Sand,,,Sand 4,4,9.28,35.84,-7.789999999999999,-34.35
-27.35,28.84,33.95,0.352,1.5333,0.6,1.2,2.3,1.039,1237.0,28.827,33.95,339.5,1.5528167740880456,,,,Sand,,,Sand 4,4,9.28,35.84,-7.789999999999999,-34.35
-27.37,28.86,33.6,0.344,1.4667,0.6,1.4,2.4,1.0228,1238.0,28.847,33.6,336.0,1.5501228250713177,,,,Sand,,,Sand 4,4,9.28,35.84,-7.789999999999999,-34.35
-27.39,28.88,33.31,0.34,1.4,0.4,1.4,2.4,1.0173,1239.0,28.867,33.31,333.1,1.550563118179552,,,,Sand,,,Sand 4,4,9.28,35.84,-7.789999999999999,-34.35
-27.41,28.9,33.25,0.333,1.7,0.6,1.6,2.4,1.0017,1240.0,28.887,33.25,332.5,1.545735923068793,,,,Sand,,,Sand 4,4,9.28,35.84,-7.789999999999999,-34.35
-27.430000000000003,28.92,33.16,0.327,1.7,0.6,1.6,2.4,0.98769,1241.0,28.907,33.16,331.6,1.5416342386554434,,,,Sand,,,Sand 4,4,9.28,35.84,-7.789999999999999,-34.35
-27.450000000000003,28.94,32.97,0.325,1.9,0.6,1.8,2.3,0.9841,1241.0,28.927,32.97,329.7,1.541927922015344,,,,Sand,,,Sand 4,4,9.28,35.84,-7.789999999999999,-34.35
-27.470000000000002,28.96,32.88,0.323,1.9,0.6,1.6,2.4,0.97905,1242.0,28.947,32.88,328.8,1.540904738913197,,,,Sand,,,Sand 4,4,9.28,35.84,-7.789999999999999,-34.35
-27.490000000000002,28.98,32.82,0.32,1.9,0.4,1.4,2.4,0.96977,1243.0,28.967,32.82,328.2,1.538148586782179,,,,Sand,,,Sand 4,4,9.28,35.84,-7.789999999999999,-34.35
-27.51,29.0,32.87,0.323,1.9,0.6,1.8,2.4,0.97723,1244.0,28.987,32.87,328.7,1.5403515956347493,,,,Sand,,,Sand 4,4,9.28,35.84,-7.789999999999999,-34.35
-27.53,29.02,32.94,0.323,1.9333,0.8,1.6,2.4,0.97333,1245.0,29.007,32.94,329.4,1.538415692796706,,,,Sand,,,Sand 4,4,9.28,35.84,-7.789999999999999,-34.35
-27.55,29.04,33.04,0.321,1.9667,0.6,1.8,2.4,0.9627,1246.0,29.027,33.04,330.4,1.5338563711555775,,,,Sand,,,Sand 4,4,9.28,35.84,-7.789999999999999,-34.35
-27.57,29.06,33.3,0.324,2.0,0.6,2.0,2.0,0.96756,1247.0,29.047,33.3,333.0,1.533467033640756,,,,Sand,,,Sand 4,4,9.28,35.84,-7.789999999999999,-34.35
-27.59,29.08,33.6,0.329,1.9889,0.6,1.6,2.2,0.97939,1247.0,29.067,33.6,336.0,1.535222844698713,,,,Sand,,,Sand 4,4,9.28,35.84,-7.789999999999999,-34.35
-27.610000000000003,29.1,34.03,0.326,1.9778,0.6,2.0,2.4,0.96811,1248.0,29.087,34.03,340.3,1.5278603992046444,,,,Sand,,,Sand 4,4,9.28,35.84,-7.789999999999999,-34.35
-27.630000000000003,29.12,34.15,0.326,1.9667,0.6,1.6,2.4,0.96653,1249.0,29.107,34.15,341.5,1.5263620075809186,,,,Sand,,,Sand 4,4,9.28,35.84,-7.789999999999999,-34.35
-27.650000000000002,29.14,33.96,0.329,1.9333,0.6,1.8,2.3,0.97503,1250.0,29.127,33.96,339.6,1.5308514516918594,,,,Sand,,,Sand 4,4,9.28,35.84,-7.789999999999999,-34.35
-27.67,29.16,33.72,0.335,1.9,0.8,1.8,2.4,0.99388,1251.0,29.147,33.72,337.2,1.5393108157258462,,,,Sand,,,Sand 4,4,9.28,35.84,-7.789999999999999,-34.35
-27.69,29.18,33.59,0.335,1.9333,0.8,1.6,2.0,0.99613,1252.0,29.167,33.59,335.9,1.5411143633169424,,,,Sand,,,Sand 4,4,9.28,35.84,-7.789999999999999,-34.35
-27.71,29.2,33.48,0.333,1.9667,0.6,2.0,2.4,0.99192,1252.0,29.186,33.48,334.8,1.540534316234137,,,,Sand,,,Sand 4,4,9.28,35.84,-7.789999999999999,-34.35
-27.73,29.22,33.41,0.329,2.0,0.4,1.0,2.9,0.97997,1253.0,29.206,33.41,334.1,1.5369405075106854,,,,Sand,,,Sand 4,4,9.28,35.84,-7.789999999999999,-34.35
-27.75,29.24,33.31,0.329,2.0,0.4,1.2,2.8,0.97815,1254.0,29.226,33.31,333.1,1.5371064382254969,,,,Sand,,,Sand 4,4,9.28,35.84,-7.789999999999999,-34.35
-27.770000000000003,29.26,33.42,0.328,2.0,0.6,2.0,2.4,0.97351,1255.0,29.246,33.42,334.2,1.5345977871741985,,,,Sand,,,Sand 4,4,9.28,35.84,-7.789999999999999,-34.35
-27.790000000000003,29.28,33.68,0.326,2.2,0.6,2.1,2.4,0.96614,1256.0,29.266,33.68,336.8,1.5299244895977107,,,,Sand,,,Sand 4,4,9.28,35.84,-7.789999999999999,-34.35
-27.810000000000002,29.3,33.97,0.327,2.1333,0.8,1.6,2.3,0.96839,1256.0,29.286,33.97,339.7,1.5284302040975033,,,,Sand,,,Sand 4,4,9.28,35.84,-7.789999999999999,-34.35
-27.830000000000002,29.32,34.22,0.327,2.0667,0.6,2.0,2.4,0.96785,1257.0,29.306,34.22,342.2,1.526284695822812,,,,Sand,,,Sand 4,4,9.28,35.84,-7.789999999999999,-34.35
-27.85,29.34,34.05,0.326,2.0,0.6,2.0,2.4,0.96525,1258.0,29.326,34.05,340.5,1.5266896790715694,,,,Sand,,,Sand 4,4,9.28,35.84,-7.789999999999999,-34.35
-27.87,29.36,33.88,0.328,2.0,0.6,2.0,2.4,0.97286,1259.0,29.346,33.88,338.8,1.53071618853271,,,,Sand,,,Sand 4,4,9.28,35.84,-7.789999999999999,-34.35
-27.89,29.38,33.61,0.329,2.0,0.6,2.0,2.4,0.97909,1260.0,29.366,33.61,336.1,1.5350384596818885,,,,Sand,,,Sand 4,4,9.28,35.84,-7.789999999999999,-34.35
-27.91,29.4,33.46,0.328,1.9,0.4,1.4,2.4,0.98086,1261.0,29.386,33.46,334.6,1.5368515821112456,,,,Sand,,,Sand 4,4,9.28,35.84,-7.789999999999999,-34.35
-27.930000000000003,29.42,33.32,0.328,1.9,0.6,1.8,2.4,0.98524,1261.0,29.406,33.32,333.2,1.5394973539580408,,,,Sand,,,Sand 4,4,9.28,35.84,-7.789999999999999,-34.35
-27.950000000000003,29.44,33.21,0.326,1.9,0.6,1.6,2.4,0.98311,1262.0,29.426,33.21,332.1,1.5396410726250735,,,,Sand,,,Sand 4,4,9.28,35.84,-7.789999999999999,-34.35
-27.970000000000002,29.46,33.07,0.326,1.9,0.6,1.8,2.4,0.98594,1263.0,29.446,33.07,330.7,1.5417549589119217,,,,Sand,,,Sand 4,4,9.28,35.84,-7.789999999999999,-34.35
-27.990000000000002,29.48,32.92,0.324,1.9,0.6,1.8,2.4,0.9832,1264.0,29.466,32.92,329.2,1.5420224014705302,,,,Sand,,,Sand 4,4,9.28,35.84,-7.789999999999999,-34.35
-28.01,29.5,32.86,0.323,1.7,0.6,1.6,2.4,0.98243,1265.0,29.486,32.86,328.6,1.5422444523011722,,,,Sand,,,Sand 4,4,9.28,35.84,-7.789999999999999,-34.35
-28.03,29.52,32.83,0.323,1.7,0.4,1.6,2.3,0.98607,1266.0,29.506,32.83,328.3,1.5437523263792094,,,,Sand,,,Sand 4,4,9.28,35.84,-7.789999999999999,-34.35
-28.05,29.54,32.85,0.324,1.7,0.6,1.6,2.0,0.99486,1266.0,29.526,32.85,328.5,1.5466218051105165,,,,Sand,,,Sand 4,4,9.28,35.84,-7.789999999999999,-34.35
-28.07,29.56,32.57,0.324,1.7,0.6,1.4,2.2,1.0022,1267.0,29.546,32.57,325.7,1.5514275639896467,,,,Sand,,,Sand 4,4,9.28,35.84,-7.789999999999999,-34.35
-28.09,29.58,32.71,0.317,1.7,0.6,1.4,2.4,0.98916,1268.0,29.566,32.71,327.1,1.5458033640589541,,,,Sand,,,Sand 4,4,9.28,35.84,-7.789999999999999,-34.35
-28.110000000000003,29.6,32.24,0.313,1.7,0.6,1.6,2.4,0.98532,1269.0,29.586,32.24,322.40000000000003,1.5483713930949408,,,,Sand,,,Sand 4,4,9.28,35.84,-7.789999999999999,-34.35
-28.130000000000003,29.62,31.56,0.313,1.7,0.6,1.6,2.3,0.99357,1270.0,29.606,31.56,315.6,1.5569672734037598,,,,Sand,,,Sand 4,4,9.28,35.84,-7.789999999999999,-34.35
-28.150000000000002,29.64,31.0,0.311,1.7,0.6,1.6,2.4,0.99317,1271.0,29.626,31.0,310.0,1.5616911856558116,,,,Sand,,,Sand 4,4,9.28,35.84,-7.789999999999999,-34.35
-28.17,29.66,30.62,0.304,1.7667,0.4,1.6,2.1,0.97491,1272.0,29.646,30.62,306.2,1.5587947319262396,,,,Sand,,,Sand 4,4,9.28,35.84,-7.789999999999999,-34.35
-28.19,29.68,30.58,0.3,1.8333,0.6,1.8,2.4,0.96273,1272.0,29.666,30.58,305.8,1.554923293224068,,,,Sand,,,Sand 4,4,9.28,35.84,-7.789999999999999,-34.35
-28.21,29.7,30.74,0.298,1.9,0.6,1.8,2.9,0.95398,1273.0,29.686,30.74,307.4,1.550419349879825,,,,Sand,,,Sand 4,4,9.28,35.84,-7.789999999999999,-34.35
-28.23,29.72,31.06,0.298,1.9,0.6,1.6,2.7,0.94844,1274.0,29.706,31.06,310.6,1.5456139916007428,,,,Sand,,,Sand 4,4,9.28,35.84,-7.789999999999999,-34.35
-28.25,29.74,31.66,0.299,1.9,0.6,1.8,2.4,0.94355,1275.0,29.726,31.66,316.6,1.5386267598747743,,,,Sand,,,Sand 4,4,9.28,35.84,-7.789999999999999,-34.35
-28.270000000000003,29.76,32.07,0.302,1.9,0.6,1.8,2.3,0.94375,1275.0,29.746,32.07,320.7,1.5351835007559078,,,,Sand,,,Sand 4,4,9.28,35.84,-7.789999999999999,-34.35
-28.290000000000003,29.78,32.17,0.306,1.7,0.6,1.6,2.4,0.94678,1276.0,29.766,32.17,321.7,1.535419261998365,,,,Sand,,,Sand 4,4,9.28,35.84,-7.789999999999999,-34.35
-28.310000000000002,29.8,32.46,0.312,1.7,0.4,1.6,2.3,0.95658,1277.0,29.786,32.46,324.6,1.536471379680122,,,,Sand,,,Sand 4,4,9.28,35.84,-7.789999999999999,-34.35
-28.330000000000002,29.82,32.77,0.317,1.7,0.6,1.6,2.4,0.96477,1278.0,29.806,32.77,327.7,1.5367992357000697,,,,Sand,,,Sand 4,4,9.28,35.84,-7.789999999999999,-34.35
-28.35,29.84,33.07,0.321,1.7,0.6,1.6,2.4,0.97074,1279.0,29.826,33.07,330.7,1.5364481189705044,,,,Sand,,,Sand 4,4,9.28,35.84,-7.789999999999999,-34.35
-28.37,29.86,33.3,0.324,1.7333,0.4,1.4,2.4,0.97334,1280.0,29.846,33.3,333.0,1.535501613469283,,,,Sand,,,Sand 4,4,9.28,35.84,-7.789999999999999,-34.35
-28.39,29.88,33.43,0.329,1.7667,0.6,1.8,2.4,0.98257,1280.0,29.866,33.43,334.3,1.5376876309343863,,,,Sand,,,Sand 4,4,9.28,35.84,-7.789999999999999,-34.35
-28.41,29.9,33.59,0.334,1.8,0.4,1.8,2.4,0.99257,1281.0,29.886,33.59,335.9,1.5398854633028012,,,,Sand,,,Sand 4,4,9.28,35.84,-7.789999999999999,-34.35
-28.430000000000003,29.92,33.75,0.338,1.8,0.6,1.6,2.4,0.9997,1282.0,29.906,33.75,337.5,1.5410809013466968,,,,Sand,,,Sand 4,4,9.28,35.84,-7.789999999999999,-34.35
-28.450000000000003,29.94,33.93,0.343,1.8,0.6,1.6,2.4,1.0092,1283.0,29.926,33.93,339.3,1.5429267556546786,,,,Sand,,,Sand 4,4,9.28,35.84,-7.789999999999999,-34.35
-28.470000000000002,29.96,34.03,0.338,1.8,0.4,1.4,2.4,0.98885,1284.0,29.946,34.03,340.3,1.5351367805492768,,,,Sand,,,Sand 4,4,9.28,35.84,-7.789999999999999,-34.35
-28.490000000000002,29.98,34.1,0.339,1.9,0.6,1.6,2.4,0.98633,1285.0,29.966,34.1,341.0,1.5337142367288297,,,,Sand,,,Sand 4,4,9.28,35.84,-7.789999999999999,-34.35
-28.51,30.0,34.35,0.341,2.0,0.6,2.0,2.4,0.98751,1285.0,29.986,34.35,343.5,1.532189254953209,,,,Sand,,,Sand 4,4,9.28,35.84,-7.789999999999999,-34.35
-28.53,30.02,34.72,0.345,1.7,0.6,1.6,2.4,0.99571,1286.0,30.006,34.72,347.2,1.5322107392391162,,,,Sand,,,Sand 4,4,9.28,35.84,-7.789999999999999,-34.35
-28.55,30.04,34.98,0.348,1.7,0.8,1.6,2.2,1.0018,1287.0,30.026,34.98,349.8,1.5323563782920213,,,,Sand,,,Sand 4,4,9.28,35.84,-7.789999999999999,-34.35
-28.57,30.06,35.1,0.352,1.7,0.6,1.6,2.0,1.0109,1288.0,30.046,35.1,351.0,1.5345902044329718,,,,Sand,,,Sand 4,4,9.28,35.84,-7.789999999999999,-34.35
-28.59,30.08,35.04,0.356,1.9,0.6,1.8,2.2,1.0205,1289.0,30.066,35.04,350.4,1.5383149940304695,,,,Sand,,,Sand 4,4,9.28,35.84,-7.789999999999999,-34.35
-28.610000000000003,30.1,34.87,0.357,1.9,0.8,1.8,2.5,1.0216,1290.0,30.086,34.87,348.7,1.539960026209205,,,,Sand,,,Sand 4,4,9.28,35.84,-7.789999999999999,-34.35
-28.630000000000003,30.12,34.75,0.363,1.9333,0.6,1.4,2.3,1.0379,1291.0,30.106,34.75,347.5,1.5463522938791927,,,,Sand,,,Sand 4,4,9.28,35.84,-7.789999999999999,-34.35
-28.650000000000002,30.14,34.75,0.368,1.9667,0.6,2.0,2.4,1.051,1291.0,30.126,34.75,347.5,1.5507102474370207,,,,Sand,,,Sand 4,4,9.28,35.84,-7.789999999999999,-34.35
-28.67,30.16,34.88,0.374,2.0,0.2,1.4,2.4,1.0657,1292.0,30.146,34.88,348.8,1.5545762767442677,,,,Sand,,,Sand 4,4,9.28,35.84,-7.789999999999999,-34.35
-28.69,30.18,35.18,0.376,2.0,0.2,1.4,1.9,1.0666,1293.0,30.166,35.18,351.8,1.5526549282652102,,,,Sand,,,Sand 4,4,9.28,35.84,-7.789999999999999,-34.35
-28.71,30.2,35.23,0.376,2.0,0.4,2.0,2.7,1.0597,1294.0,30.186,35.23,352.3,1.550022841211987,,,,Sand,,,Sand 4,4,9.28,35.84,-7.789999999999999,-34.35
-28.73,30.22,35.42,0.381,1.9333,0.4,1.0,2.9,1.0654,1295.0,30.206,35.42,354.2,1.5505067358371005,,,,Sand,,,Sand 4,4,9.28,35.84,-7.789999999999999,-34.35
-28.75,30.24,35.68,0.38,1.8667,0.6,1.4,2.6,1.0527,1295.0,30.226,35.68,356.8,1.5444302962409842,,,,Sand,,,Sand 4,4,9.28,35.84,-7.789999999999999,-34.35
-28.770000000000003,30.26,36.14,0.387,1.8,0.4,1.8,2.4,1.0623,1296.0,30.246,36.14,361.4,1.544311385414068,,,,Sand,,,Sand 4,4,9.28,35.84,-7.789999999999999,-34.35
-28.790000000000003,30.28,36.58,0.393,1.8333,0.2,1.0,2.4,1.0672,1297.0,30.266,36.58,365.8,1.5428300632643395,,,,Sand,,,Sand 4,4,9.28,35.84,-7.789999999999999,-34.35
-28.810000000000002,30.3,36.99,0.406,1.8667,0.6,1.2,2.3,1.0885,1298.0,30.286,36.99,369.9,1.5469549393450246,,,,Sand,,,Sand 4,4,9.28,35.84,-7.789999999999999,-34.35
-28.830000000000002,30.32,37.57,0.41,1.9,0.6,1.8,2.4,1.0824,1299.0,30.306,37.57,375.7,1.5410379611399243,,,,Sand,,,Sand 4,4,9.28,35.84,-7.789999999999999,-34.35
-28.85,30.34,37.82,0.418,1.8716,0.4,1.2,2.4,1.0865,1300.0,30.326,37.82,378.2,1.5407048913136008,,,,Sand,,,Sand 4,4,9.28,35.84,-7.789999999999999,-34.35
-28.87,30.36,38.39,0.426,1.8432,0.2,1.0,2.3,1.0899,1300.0,30.346,38.39,383.9,1.5380607097878711,,,,Sand,,,Sand 4,4,9.28,35.84,-7.789999999999999,-34.35
-28.89,30.38,39.23,0.43,1.8148,0.2,1.0,2.4,1.0838,1301.0,30.366,39.23,392.3,1.5306672501198593,,,,Sand,,,Sand 4,4,9.28,35.84,-7.789999999999999,-34.35
-28.91,30.4,40.31,0.433,2.1074,0.8,1.2,2.3,1.0789,1302.0,30.386,40.31,403.1,1.5223248338817967,,,,Sand,,,Sand 4,4,9.28,35.84,-7.789999999999999,-34.35
-28.930000000000003,30.42,40.89,0.436,2.4,0.2,2.3,2.4,1.0775,1303.0,30.406,40.89,408.9,1.518344567353526,,,,Sand,,,Sand 4,4,9.28,35.84,-7.789999999999999,-34.35
-28.950000000000003,30.44,41.5,0.438,2.3333,0.6,0.8,2.4,1.0781,1304.0,30.426,41.5,415.0,1.5149180608671682,,,,Sand,,,Sand 4,4,9.28,35.84,-7.789999999999999,-34.35
-28.970000000000002,30.46,41.68,0.44,2.2667,0.8,1.0,2.4,1.0842,1305.0,30.446,41.68,416.8,1.5158900062637117,,,,Sand,,,Sand 4,4,9.28,35.84,-7.789999999999999,-34.35
-28.990000000000002,30.48,41.25,0.444,2.2,0.4,2.1,2.4,1.1019,1305.0,30.466,41.25,412.5,1.5242385346700362,,,,Sand,,,Sand 4,4,9.28,35.84,-7.789999999999999,-34.35
-29.01,30.5,40.47,0.437,2.4,0.4,2.3,2.4,1.097,1306.0,30.486,40.47,404.7,1.5273047669495412,,,,Sand,,,Sand 4,4,9.28,35.84,-7.789999999999999,-34.35
-29.03,30.52,39.7,0.433,2.1667,0.8,1.4,2.4,1.1037,1307.0,30.506,39.7,397.0,1.534209482690576,,,,Sand,,,Sand 4,4,9.28,35.84,-7.789999999999999,-34.35
-29.05,30.54,38.85,0.428,1.9333,0.6,1.0,2.4,1.1102,1308.0,30.526,38.85,388.5,1.5416589847599858,,,,Sand,,,Sand 4,4,9.28,35.84,-7.789999999999999,-34.35
-29.07,30.56,38.02,0.417,1.8704,0.8,1.6,2.0,1.1006,1309.0,30.546,38.02,380.2,1.543951895785473,,,,Sand,,,Sand 4,4,9.28,35.84,-7.789999999999999,-34.35
-29.09,30.58,37.23,0.412,1.8074,0.8,1.0,2.1,1.1049,1310.0,30.566,37.23,372.3,1.5506057744900505,,,,Sand,,,Sand 4,4,9.28,35.84,-7.789999999999999,-34.35
-29.110000000000003,30.6,36.65,0.393,1.7445,0.4,1.4,2.3,1.07,1311.0,30.586,36.65,366.5,1.5432633539060223,,,,Sand,,,Sand 4,4,9.28,35.84,-7.789999999999999,-34.35
-29.130000000000003,30.62,36.23,0.384,1.7667,0.6,0.8,2.4,1.0587,1311.0,30.606,36.23,362.3,1.542483745520635,,,,Sand,,,Sand 4,4,9.28,35.84,-7.789999999999999,-34.35
-29.150000000000002,30.64,35.97,0.375,2.1333,0.4,1.4,2.4,1.0452,1312.0,30.626,35.97,359.7,1.5398441605536584,,,,Sand,,,Sand 4,4,9.28,35.84,-7.789999999999999,-34.35
-29.17,30.66,35.65,0.366,2.5,0.8,2.3,2.4,1.029,1313.0,30.646,35.65,356.5,1.5367050317891824,,,,Sand,,,Sand 4,4,9.28,35.84,-7.789999999999999,-34.35
-29.19,30.68,35.22,0.357,2.3889,0.6,1.6,2.2,1.0115,1314.0,30.666,35.22,352.2,1.5339032974202904,,,,Sand,,,Sand 4,4,9.28,35.84,-7.789999999999999,-34.35
-29.21,30.7,35.21,0.353,2.2778,0.6,2.3,1.9,1.0076,1315.0,30.686,35.21,352.1,1.5326381010479229,,,,Sand,,,Sand 4,4,9.28,35.84,-7.789999999999999,-34.35
-29.23,30.72,34.88,0.346,2.1667,0.4,1.6,2.9,0.995,1316.0,30.706,34.88,348.8,1.5307538823672295,,,,Sand,,,Sand 4,4,9.28,35.84,-7.789999999999999,-34.35
-29.25,30.74,34.75,0.341,1.9333,0.4,0.8,2.8,0.98858,1316.0,30.726,34.75,347.5,1.5295027589911017,,,,Sand,,,Sand 4,4,9.28,35.84,-7.789999999999999,-34.35
-29.270000000000003,30.76,34.45,0.335,1.7,0.6,1.6,2.5,0.97946,1317.0,30.746,34.45,344.5,1.5286022171870657,,,,Sand,,,Sand 4,4,9.28,35.84,-7.789999999999999,-34.35
-29.290000000000003,30.78,34.15,0.334,1.7,0.2,1.6,2.3,0.98474,1318.0,30.766,34.15,341.5,1.5327707658100709,,,,Sand,,,Sand 4,4,9.28,35.84,-7.789999999999999,-34.35
-29.310000000000002,30.8,33.88,0.333,1.7,0.4,1.4,2.4,0.98824,1319.0,30.786,33.88,338.8,1.5360980203265897,,,,Sand,,,Sand 4,4,9.28,35.84,-7.789999999999999,-34.35
-29.330000000000002,30.82,33.41,0.329,1.7,0.6,1.6,2.4,0.97997,1320.0,30.806,33.41,334.1,1.5369405075106854,,,,Sand,,,Sand 4,4,9.28,35.84,-7.789999999999999,-34.35
-29.35,30.84,32.89,0.324,1.9,0.8,1.8,2.4,0.965,1321.0,30.826,32.89,328.9,1.5358949540294409,,,,Sand,,,Sand 4,4,9.28,35.84,-7.789999999999999,-34.35
-29.37,30.86,32.93,0.321,2.1,0.8,2.0,2.4,0.95376,1321.0,30.846,32.93,329.3,1.5315794712573956,,,,Sand,,,Sand 4,4,9.28,35.84,-7.789999999999999,-34.35
-29.39,30.88,33.11,0.322,1.9667,0.4,1.6,2.4,0.95228,1322.0,30.866,33.11,331.1,1.5295797710985735,,,,Sand,,,Sand 4,4,9.28,35.84,-7.789999999999999,-34.35
-29.41,30.9,33.76,0.325,1.9445,0.6,1.2,2.4,0.95395,1323.0,30.886,33.76,337.6,1.5249484133953004,,,,Sand,,,Sand 4,4,9.28,35.84,-7.789999999999999,-34.35
-29.430000000000003,30.92,34.47,0.327,1.9222,0.8,1.6,2.3,0.95031,1324.0,30.906,34.47,344.7,1.5180734617279932,,,,Sand,,,Sand 4,4,9.28,35.84,-7.789999999999999,-34.35
-29.450000000000003,30.94,34.8,0.332,1.9,0.6,1.8,2.4,0.95571,1325.0,30.926,34.8,348.0,1.5174807805071158,,,,Sand,,,Sand 4,4,9.28,35.84,-7.789999999999999,-34.35
-29.470000000000002,30.96,35.14,0.34,1.9,0.6,1.8,2.4,0.97022,1325.0,30.946,35.14,351.4,1.5200914863710275,,,,Sand,,,Sand 4,4,9.28,35.84,-7.789999999999999,-34.35
-29.490000000000002,30.98,35.45,0.345,1.9,0.4,1.4,2.4,0.97858,1326.0,30.965,35.45,354.5,1.5207398706172184,,,,Sand,,,Sand 4,4,9.28,35.84,-7.789999999999999,-34.35
-29.51,31.0,35.62,0.355,1.9,0.6,1.8,2.4,1.0034,1327.0,30.985,35.62,356.2,1.5281639422533335,,,,Sand,,,Sand 4,4,9.28,35.84,-7.789999999999999,-34.35
-29.53,31.02,35.56,0.358,1.9,0.6,1.8,2.4,1.0089,1328.0,31.005,35.56,355.6,1.5305017237970422,,,,Sand,,,Sand 4,4,9.28,35.84,-7.789999999999999,-34.35
-29.55,31.04,35.55,0.361,1.9444,0.6,1.6,2.4,1.0152,1329.0,31.025,35.55,355.5,1.532737642706236,,,,Sand,,,Sand 4,4,9.28,35.84,-7.789999999999999,-34.35
-29.57,31.06,35.45,0.364,1.9889,0.6,1.2,2.0,1.0223,1330.0,31.045,35.45,354.5,1.5358936199786701,,,,Sand,,,Sand 4,4,9.28,35.84,-7.789999999999999,-34.35
-29.59,31.08,35.48,0.368,2.0333,0.6,1.2,2.1,1.0321,1331.0,31.065,35.48,354.8,1.5389930413657638,,,,Sand,,,Sand 4,4,9.28,35.84,-7.789999999999999,-34.35
-29.610000000000003,31.1,35.63,0.368,2.2,0.6,2.1,2.3,1.0306,1332.0,31.085,35.63,356.3,1.537391775971958,,,,Sand,,,Sand 4,4,9.28,35.84,-7.789999999999999,-34.35
-29.630000000000003,31.12,35.74,0.37,2.1296,0.6,0.8,2.4,1.0331,1332.0,31.105,35.74,357.4,1.53743713728462,,,,Sand,,,Sand 4,4,9.28,35.84,-7.789999999999999,-34.35
-29.650000000000002,31.14,35.81,0.376,2.0593,0.6,2.3,2.4,1.0455,1333.0,31.125,35.81,358.1,1.541094465953268,,,,Sand,,,Sand 4,4,9.28,35.84,-7.789999999999999,-34.35
-29.67,31.16,36.03,0.38,1.9889,0.6,1.4,2.4,1.0507,1334.0,31.145,36.03,360.3,1.5412500162958211,,,,Sand,,,Sand 4,4,9.28,35.84,-7.789999999999999,-34.35
-29.69,31.18,35.97,0.379,2.2444,0.4,0.8,2.3,1.041,1335.0,31.165,35.97,359.7,1.5384372561731512,,,,Sand,,,Sand 4,4,9.28,35.84,-7.789999999999999,-34.35
-29.71,31.2,36.4,0.379,2.5,0.8,2.3,1.9,1.0342,1336.0,31.185,36.4,364.0,1.5330835100494395,,,,Sand,,,Sand 4,4,9.28,35.84,-7.789999999999999,-34.35
-29.73,31.22,36.65,0.381,2.0,0.6,2.0,2.9,1.035,1337.0,31.205,36.65,366.5,1.5315938179272597,,,,Sand,,,Sand 4,4,9.28,35.84,-7.789999999999999,-34.35
-29.75,31.24,37.1,0.38,1.9333,0.6,1.6,2.8,1.0317,1337.0,31.225,37.1,371.0,1.5273445651467206,,,,Sand,,,Sand 4,4,9.28,35.84,-7.789999999999999,-34.35
-29.770000000000003,31.26,37.55,0.382,1.8667,0.6,1.2,2.5,1.0376,1338.0,31.245,37.55,375.5,1.526267809648274,,,,Sand,,,Sand 4,4,9.28,35.84,-7.789999999999999,-34.35
-29.790000000000003,31.28,37.66,0.381,1.8,0.4,1.8,2.4,1.0379,1339.0,31.265,37.66,376.6,1.5256246129422872,,,,Sand,,,Sand 4,4,9.28,35.84,-7.789999999999999,-34.35
-29.810000000000002,31.3,37.13,0.379,1.7778,0.6,1.4,2.3,1.0358,1340.0,31.285,37.13,371.3,1.5285292711212863,,,,Sand,,,Sand 4,4,9.28,35.84,-7.789999999999999,-34.35
-29.830000000000002,31.32,36.2,0.376,1.7555,0.4,1.6,2.4,1.0319,1341.0,31.305,36.2,362.0,1.5337254735707286,,,,Sand,,,Sand 4,4,9.28,35.84,-7.789999999999999,-34.35
-29.85,31.34,35.85,0.374,1.7333,0.6,0.8,2.3,1.0318,1341.0,31.325,35.85,358.5,1.5362024651203217,,,,Sand,,,Sand 4,4,9.28,35.84,-7.789999999999999,-34.35
-29.87,31.36,35.53,0.367,1.8667,1.0,2.0,2.4,1.0177,1342.0,31.345,35.53,355.3,1.5337390531892159,,,,Sand,,,Sand 4,4,9.28,35.84,-7.789999999999999,-34.35
-29.89,31.38,35.71,0.362,2.0,0.6,2.0,2.4,1.0069,1343.0,31.365,35.71,357.1,1.5287151627532343,,,,Sand,,,Sand 4,4,9.28,35.84,-7.789999999999999,-34.35
-29.91,31.4,35.88,0.357,1.9,0.4,1.0,2.4,0.99318,1344.0,31.385,35.88,358.8,1.5227120987005451,,,,Sand,,,Sand 4,4,9.28,35.84,-7.789999999999999,-34.35
-29.930000000000003,31.42,36.01,0.352,1.8,0.6,2.3,2.4,0.97859,1345.0,31.405,36.01,360.1,1.51663342503306,,,,Sand,,,Sand 4,4,9.28,35.84,-7.789999999999999,-34.35
-29.950000000000003,31.44,36.17,0.349,1.7,0.6,1.6,2.4,0.96958,1345.0,31.425,36.17,361.7,1.5122673514724865,,,,Sand,,,Sand 4,4,9.28,35.84,-7.789999999999999,-34.35
-29.970000000000002,31.46,36.26,0.35,1.6333,0.8,1.0,2.4,0.97459,1346.0,31.445,36.26,362.6,1.5134041895042096,,,,Sand,,,Sand 4,4,9.28,35.84,-7.789999999999999,-34.35
-29.990000000000002,31.48,36.15,0.329,1.5667,0.8,0.8,2.4,0.92341,1347.0,31.465,36.15,361.5,1.4955623571761503,,,,Sand,,,Sand 4,4,9.28,35.84,-7.789999999999999,-34.35
-30.01,31.5,36.05,0.331,1.5,0.6,1.4,2.3,0.93877,1348.0,31.485,36.05,360.5,1.5019785082376056,,,,Sand,,,Sand 4,4,9.28,35.84,-7.789999999999999,-34.35
-30.03,31.52,35.73,0.325,1.5667,0.4,1.0,2.4,0.93438,1349.0,31.505,35.73,357.3,1.5027224408852604,,,,Sand,,,Sand 4,4,9.28,35.84,-7.789999999999999,-34.35
-30.05,31.54,35.05,0.324,1.6333,0.6,1.6,2.4,0.94623,1350.0,31.525,35.05,350.5,1.5121542229220022,,,,Sand,,,Sand 4,4,9.28,35.84,-7.789999999999999,-34.35
-30.07,31.56,33.61,0.318,1.7,0.6,1.6,2.3,0.94534,1350.0,31.545,33.61,336.1,1.523050365620173,,,,Sand,,,Sand 4,4,9.28,35.84,-7.789999999999999,-34.35
-30.09,31.58,33.05,0.313,1.7,0.6,1.6,2.0,0.9478,1351.0,31.565,33.05,330.5,1.5284651699379357,,,,Sand,,,Sand 4,4,9.28,35.84,-7.789999999999999,-34.35
-30.110000000000003,31.6,32.36,0.295,1.7,0.6,1.6,2.2,0.90976,1352.0,31.585,32.36,323.6,1.520346060805992,,,,Sand,,,Sand 4,4,9.28,35.84,-7.789999999999999,-34.35
-30.130000000000003,31.62,31.93,0.282,1.7,0.6,1.6,2.4,0.88346,1353.0,31.605,31.93,319.3,1.5141874367317112,,,,Sand,,,Sand 4,4,9.28,35.84,-7.789999999999999,-34.35
-30.150000000000002,31.64,31.33,0.268,1.7,0.6,1.6,2.4,0.85059,1354.0,31.625,31.33,313.3,1.5068542920861252,,,,Sand,,,Sand 4,4,9.28,35.84,-7.789999999999999,-34.35
-30.17,31.66,31.13,0.271,1.7,0.6,1.6,2.4,0.87208,1355.0,31.645,31.13,311.3,1.5169278221339801,,,,Sand,,,Sand 4,4,9.28,35.84,-7.789999999999999,-34.35
-30.19,31.68,30.95,0.268,1.7,0.6,1.6,2.4,0.87503,1356.0,31.665,30.95,309.5,1.5196719631638171,,,,Sand,,,Sand 4,4,9.28,35.84,-7.789999999999999,-34.35
-30.21,31.7,31.0,0.253,1.7,0.6,1.6,2.1,0.83914,1357.0,31.685,31.0,310.0,1.5053538197406,,,,Sand,,,Sand 4,4,9.28,35.84,-7.789999999999999,-34.35
-30.23,31.72,30.31,0.236,1.7,0.6,1.6,2.4,0.79528,1357.0,31.705,30.31,303.1,1.4941645049383898,,,,Sand,,,Sand 4,4,9.28,35.84,-7.789999999999999,-34.35
-30.25,31.74,29.59,0.225,1.7,0.6,1.6,2.9,0.77121,1358.0,31.725,29.59,295.9,1.4911548083813406,,,,Sand,,,Sand 4,4,9.28,35.84,-7.789999999999999,-34.35
-30.270000000000003,31.76,28.78,0.226,1.7,0.8,1.6,2.8,0.78825,1359.0,31.745,28.78,287.8,1.5062788170203907,,,,Sand,,,Sand 4,4,9.28,35.84,-7.789999999999999,-34.35
-30.290000000000003,31.78,28.11,0.224,1.7,0.6,1.6,2.5,0.79595,1360.0,31.765,28.11,281.1,1.516281675779319,,,,Sand,,,Sand 4,4,9.28,35.84,-7.789999999999999,-34.35
-30.310000000000002,31.8,27.53,0.22,1.7,0.6,1.6,2.4,0.79187,1360.0,31.785,27.53,275.3,1.5207517114106681,,,,Sand,,,Sand 4,4,9.28,35.84,-7.789999999999999,-34.35
-30.330000000000002,31.82,27.13,0.214,1.7,0.6,1.6,2.4,0.77519,1361.0,31.805,27.13,271.3,1.5182960183028296,,,,Sand,,,Sand 4,4,9.28,35.84,-7.789999999999999,-34.35
-30.35,31.84,26.92,0.206,1.7,0.6,1.6,2.3,0.74644,1362.0,31.825,26.92,269.2,1.5086688671470077,,,,Sand,,,Sand 4,4,9.28,35.84,-7.789999999999999,-34.35
-30.37,31.86,26.77,0.2,1.7,0.6,1.6,2.4,0.72153,1363.0,31.845,26.77,267.7,1.499709789990125,,,,Sand,,,Sand 4,4,9.28,35.84,-7.789999999999999,-34.35
-30.39,31.88,27.43,0.196,1.7,0.6,1.6,2.4,0.70204,1364.0,31.865,27.43,274.3,1.4838078026917692,,,,Sand,,,Sand 4,4,9.28,35.84,-7.789999999999999,-34.35
-30.41,31.9,28.18,0.192,1.7,0.6,1.6,2.4,0.68212,1365.0,31.885,28.18,281.8,1.4666775164102637,,,,Sand,,,Sand 4,4,9.28,35.84,-7.789999999999999,-34.35
-30.430000000000003,31.92,28.71,0.191,1.7,0.6,1.6,2.4,0.67366,1365.0,31.905,28.71,287.1,1.4571564256194864,,,,Sand,,,Sand 4,4,9.28,35.84,-7.789999999999999,-34.35
-30.450000000000003,31.94,29.08,0.192,1.7,0.6,1.6,2.4,0.67289,1366.0,31.925,29.08,290.8,1.4529415025817922,,,,Sand,,,Sand 4,4,9.28,35.84,-7.789999999999999,-34.35
-30.470000000000002,31.96,29.13,0.195,1.7,0.6,1.6,2.4,0.68173,1367.0,31.945,29.13,291.3,1.4565198806111652,,,,Sand,,,Sand 4,4,9.28,35.84,-7.789999999999999,-34.35
-30.490000000000002,31.98,28.96,0.2,1.7,0.6,1.6,2.4,0.70096,1368.0,31.965,28.96,289.6,1.4670283642489692,,,,Sand,,,Sand 4,4,9.28,35.84,-7.789999999999999,-34.35
-30.51,32.0,28.56,0.203,1.7,0.6,1.6,2.4,0.71592,1369.0,31.985,28.56,285.6,1.4778430584268827,,,,Sand,,,Sand 4,4,9.28,35.84,-7.789999999999999,-34.35
-30.530000000000005,32.02,28.22,0.211,1.7,0.6,1.6,2.3,0.75046,1370.0,32.005,28.22,282.2,1.4963309963678573,,,,Sand,,,Sand 4,4,9.28,35.84,-7.789999999999999,-34.35
-30.55,32.04,27.99,0.209,1.7,0.6,1.6,2.4,0.749,1370.0,32.025,27.99,279.9,1.49813668235624,,,,Sand,,,Sand 4,4,9.28,35.84,-7.789999999999999,-34.35
-30.570000000000004,32.06,27.61,0.205,1.7,0.6,1.6,2.4,0.73937,1371.0,32.045,27.61,276.1,1.4981069433181142,,,,Sand,,,Sand 4,4,9.28,35.84,-7.789999999999999,-34.35
-30.59,32.08,27.29,0.2,1.9,0.6,1.8,2.2,0.72566,1372.0,32.065,27.29,272.9,1.4957048185517812,,,,Sand,,,Sand 4,4,9.28,35.84,-7.789999999999999,-34.35
-30.610000000000003,32.1,27.17,0.195,1.9,0.8,1.8,2.1,0.71142,1373.0,32.085,27.17,271.7,1.4908268134641034,,,,Sand,,,Sand 4,4,9.28,35.84,-7.789999999999999,-34.35
-30.63,32.12,27.43,0.191,1.9,0.6,1.8,2.3,0.69906,1374.0,32.105,27.43,274.3,1.4824806926153598,,,,Sand,,,Sand 4,4,9.28,35.84,-7.789999999999999,-34.35
-30.650000000000002,32.14,27.54,0.191,1.9,0.6,1.6,2.4,0.69794,1375.0,32.125,27.54,275.4,1.4807711572120508,,,,Sand,,,Sand 4,4,9.28,35.84,-7.789999999999999,-34.35
-30.669999999999998,32.16,27.24,0.194,1.9,0.6,1.6,2.3,0.70433,1376.0,32.145,27.24,272.4,1.486923779038476,,,,Sand,,,Sand 4,4,9.28,35.84,-7.789999999999999,-34.35
-30.69,32.18,27.01,0.2,1.9,0.6,1.8,2.4,0.71582,1376.0,32.165,27.01,270.1,1.4945348636952598,,,,Sand,,,Sand 4,4,9.28,35.84,-7.789999999999999,-34.35
-30.710000000000004,32.2,27.29,0.192,1.9,0.8,1.6,2.1,0.67348,1377.0,32.185,27.29,272.9,1.4724582750068411,,,,Sand,,,Sand 4,4,9.28,35.84,-7.789999999999999,-34.35
-30.73,32.22,27.96,0.184,1.9,0.8,1.8,2.4,0.62989,1378.0,32.205,27.96,279.6,1.4444295506698404,,,,Sand,,,Sand 4,4,9.28,35.84,-7.789999999999999,-34.35
-30.750000000000004,32.24,28.71,0.189,1.9,0.6,1.6,2.9,0.62799,1379.0,32.225,28.71,287.1,1.4353761096894404,,,,Sand,,,Sand 4,4,9.28,35.84,-7.789999999999999,-34.35
-30.77,32.26,30.34,0.195,1.9,0.6,1.8,2.7,0.62858,1380.0,32.245,30.34,303.4,1.418862730692175,,,,Sand,,,Sand 4,4,9.28,35.84,-7.789999999999999,-34.35
-30.790000000000003,32.28,31.98,0.204,1.9,0.6,1.8,2.4,0.63815,1380.0,32.265,31.98,319.8,1.4078090353094652,,,,Sand,,,Sand 4,4,9.28,35.84,-7.789999999999999,-34.35
-30.81,32.3,33.16,0.224,1.9,0.6,1.8,2.4,0.68251,1381.0,32.285,33.16,331.6,1.4186185568754457,,,,Sand,,,Sand 4,4,9.28,35.84,-7.789999999999999,-34.35
-30.830000000000002,32.32,34.32,0.247,1.9,0.6,1.8,2.4,0.73742,1382.0,32.305,34.32,343.2,1.4339894063917462,,,,Sand,,,Sand 4,4,9.28,35.84,-7.789999999999999,-34.35
-30.850000000000005,32.34,34.42,0.254,1.9,0.8,1.8,2.3,0.74533,1383.0,32.325,34.42,344.2,1.4366862665787,,,,Sand,,,Sand 4,4,9.28,35.84,-7.789999999999999,-34.35
-30.87,32.36,34.85,0.322,1.9,0.6,1.8,2.3,0.92739,1384.0,32.345,34.85,348.5,1.506784557864871,,,,Sand,,,Sand 4,4,9.28,35.84,-7.789999999999999,-34.35
-30.890000000000004,32.38,34.78,0.357,1.9,0.8,1.8,2.4,1.0101,1385.0,32.365,34.78,347.8,1.53671626091312,,,,Sand,,,Sand 4,4,9.28,35.84,-7.789999999999999,-34.35
-30.91,32.4,34.11,0.35,1.9,0.6,1.8,2.4,0.97442,1385.0,32.385,34.11,341.1,1.5294633117333345,,,,Sand,,,Sand 4,4,9.28,35.84,-7.789999999999999,-34.35
-30.930000000000003,32.42,35.01,0.456,1.9,0.8,1.8,2.3,1.2564,1386.0,32.405,35.01,350.1,1.6115888859996614,,,,Sand,,,Sand 4,4,9.28,35.84,-7.789999999999999,-34.35
-30.95,32.44,37.12,0.452,1.9,0.8,1.8,2.3,1.2357,1387.0,32.425,37.12,371.2,1.591169901092927,,,,Sand,,,Sand 4,4,9.28,35.84,-7.789999999999999,-34.35
-30.970000000000002,32.46,38.14,0.447,1.9,0.8,1.8,2.4,1.2136,1388.0,32.445,38.14,381.4,1.5780549315137318,,,,Sand,,,Sand 4,4,9.28,35.84,-7.789999999999999,-34.35
-30.99,32.48,38.92,0.431,1.9,0.8,1.8,2.4,1.1607,1389.0,32.465,38.92,389.2,1.5571131252041688,,,,Sand,,,Sand 4,4,9.28,35.84,-7.789999999999999,-34.35
-31.01,32.5,37.42,0.403,1.9,0.8,1.8,2.5,1.0789,1389.0,32.485,37.42,374.2,1.540903856192997,,,,Sand,,,Sand 4,4,9.28,35.84,-7.789999999999999,-34.35
-31.030000000000005,32.52,37.117,0.384,1.9,0.6,1.8,2.3,1.0277,1390.0,32.505,37.117,371.17,1.5258649161612599,,,,Sand,,,Sand 4,4,9.28,35.84,-7.789999999999999,-34.35
-31.05,32.54,36.813,0.362,2.1,0.8,2.0,2.4,0.97116,1391.0,32.525,36.813,368.13,1.508232360695228,,,,Sand,,,Sand 4,4,9.28,35.84,-7.789999999999999,-34.35
-31.070000000000004,32.56,36.51,0.316,2.0926,0.8,1.8,2.1,0.8519,1392.0,32.545,36.51,365.1,1.465302103306944,,,,Sand,,,Sand 4,4,9.28,35.84,-7.789999999999999,-34.35
-31.09,32.58,36.79,0.3033,2.0852,1.0,2.0,2.1,0.81804,1393.0,32.565,36.79,367.9,1.4494422289945015,,,,Sand,,,Sand 4,4,9.28,35.84,-7.789999999999999,-34.35
-31.110000000000003,32.6,37.22,0.2907,2.0778,0.6,1.6,2.3,0.78633,1394.0,32.585,37.22,372.2,1.4328912413168482,,,,Sand,,,Sand 4,4,9.28,35.84,-7.789999999999999,-34.35
-31.13,32.62,37.41,0.278,2.0914,0.8,1.4,2.4,0.75582,1395.0,32.605,37.41,374.1,1.4181516098770584,,,,Sand,,,Sand 4,4,9.28,35.84,-7.789999999999999,-34.35
-31.150000000000002,32.64,37.47,0.316,2.1049,0.8,1.4,2.3,0.86448,1396.0,32.625,37.47,374.7,1.4633745032721082,,,,Sand,,,Sand 4,4,9.28,35.84,-7.789999999999999,-34.35
-31.169999999999998,32.66,37.28,0.342,2.1185,0.6,1.4,2.4,0.94384,1396.0,32.645,37.28,372.8,1.4950343432118762,,,,Sand,,,Sand 4,4,9.28,35.84,-7.789999999999999,-34.35
-31.19,32.68,36.26,0.364,2.2,0.6,1.8,2.4,1.0161,1397.0,32.665,36.26,362.6,1.5279119043770968,,,,Sand,,,Sand 4,4,9.28,35.84,-7.789999999999999,-34.35
-31.210000000000004,32.7,35.31,0.375,2.5,0.8,2.3,1.9,1.061,1398.0,32.685,35.31,353.1,1.5498643285667977,,,,Sand,,,Sand 4,4,9.28,35.84,-7.789999999999999,-34.35
-31.23,32.72,34.69,0.388,2.0,0.6,2.0,2.9,1.1143,1399.0,32.705,34.69,346.9,1.5715643298225583,,,,Sand,,,Sand 4,4,9.28,35.84,-7.789999999999999,-34.35
-31.250000000000004,32.74,34.24,0.389,2.0,0.6,2.0,2.8,1.1346,1400.0,32.725,34.24,342.4,1.5812404008895709,,,,Sand,,,Sand 4,4,9.28,35.84,-7.789999999999999,-34.35
-31.27,32.76,33.93,0.381,2.0,0.6,1.8,2.5,1.1257,1400.0,32.745,33.93,339.3,1.5808283526696414,,,,Sand,,,Sand 4,4,9.28,35.84,-7.789999999999999,-34.35
-31.290000000000003,32.78,33.58,0.372,2.0,0.6,2.0,2.3,1.1106,1401.0,32.765,33.58,335.8,1.5788033044997296,,,,Sand,,,Sand 4,4,9.28,35.84,-7.789999999999999,-34.35
-31.31,32.8,33.28,0.365,2.0,0.6,1.8,2.4,1.0996,1402.0,32.785,33.28,332.8,1.5776785193801022,,,,Sand,,,Sand 4,4,9.28,35.84,-7.789999999999999,-34.35
-31.330000000000002,32.82,32.98,0.359,2.0,0.6,2.0,2.4,1.0906,1403.0,32.805,32.98,329.8,1.57719666367261,,,,Sand,,,Sand 4,4,9.28,35.84,-7.789999999999999,-34.35
-31.350000000000005,32.84,32.75,0.354,2.0,0.6,1.8,2.3,1.0844,1404.0,32.824,32.75,327.5,1.577061240617259,,,,Sand,,,Sand 4,4,9.28,35.84,-7.789999999999999,-34.35
-31.37,32.86,32.51,0.351,2.0,0.6,1.8,2.4,1.0834,1405.0,32.844,32.51,325.09999999999997,1.5786787189818257,,,,Sand,,,Sand 4,4,9.28,35.84,-7.789999999999999,-34.35
-31.390000000000004,32.88,32.28,0.347,2.0,0.6,2.0,2.4,1.0782,1405.0,32.864,32.28,322.8,1.57889340123109,,,,Sand,,,Sand 4,4,9.28,35.84,-7.789999999999999,-34.35
-31.41,32.9,32.04,0.345,2.0,0.6,1.8,2.4,1.0776,1406.0,32.884,32.04,320.4,1.5806767337950836,,,,Sand,,,Sand 4,4,9.28,35.84,-7.789999999999999,-34.35
-31.430000000000003,32.92,31.75,0.343,2.0,0.6,2.0,2.4,1.0762,1407.0,32.904,31.75,317.5,1.582642176170396,,,,Sand,,,Sand 4,4,9.28,35.84,-7.789999999999999,-34.35
-31.45,32.94,31.59,0.34,2.0,0.6,2.0,2.4,1.0705,1408.0,32.924,31.59,315.9,1.5821633223208407,,,,Sand,,,Sand 4,4,9.28,35.84,-7.789999999999999,-34.35
-31.470000000000002,32.96,31.56,0.339,2.0,0.6,2.0,2.4,1.0688,1409.0,32.944,31.56,315.6,1.581871456863019,,,,Sand,,,Sand 4,4,9.28,35.84,-7.789999999999999,-34.35
-31.49,32.98,31.64,0.337,2.0,0.6,2.0,2.4,1.06,1410.0,32.964,31.64,316.4,1.5783624402593475,,,,Sand,,,Sand 4,4,9.28,35.84,-7.789999999999999,-34.35
-31.51,33.0,31.61,0.338,2.0,0.6,2.0,2.4,1.0549,1410.0,32.984,31.61,316.1,1.5769637999164694,,,,Sand,,,Sand 4,4,9.28,35.84,-7.789999999999999,-34.35
-31.530000000000005,33.02,31.61,0.336,2.0,0.6,2.0,2.3,1.0388,1411.0,33.004,31.61,316.1,1.5717034548159734,,,,Sand,,,Sand 4,4,9.28,35.84,-7.789999999999999,-34.35
-31.55,33.04,31.94,0.339,2.0,0.6,2.0,2.4,1.037,1412.0,33.024,31.94,319.4,1.5683297476315368,,,,Sand,,,Sand 4,4,9.28,35.84,-7.789999999999999,-34.35
-31.570000000000004,33.06,32.64,0.342,2.0,0.6,2.0,2.4,1.0395,1413.0,33.044,32.64,326.4,1.563377306859855,,,,Sand,,,Sand 4,4,9.28,35.84,-7.789999999999999,-34.35
-31.59,33.08,33.74,0.347,2.0,0.6,2.0,2.0,1.0514,1414.0,33.064,33.74,337.4,1.5585500927460179,,,,Sand,,,Sand 4,4,9.28,35.84,-7.789999999999999,-34.35
-31.610000000000003,33.1,34.01,0.353,2.0,0.6,1.8,2.2,1.0669,1415.0,33.084,34.01,340.1,1.5615360775530192,,,,Sand,,,Sand 4,4,9.28,35.84,-7.789999999999999,-34.35
-31.63,33.12,34.33,0.347,2.0,0.6,2.0,2.4,1.0438,1416.0,33.104,34.33,343.3,1.5514954846641018,,,,Sand,,,Sand 4,4,9.28,35.84,-7.789999999999999,-34.35
-31.650000000000002,33.14,33.32,0.347,2.0,0.4,1.8,2.3,1.0345,1416.0,33.124,33.32,333.2,1.5562542292559223,,,,Sand,,,Sand 4,4,9.28,35.84,-7.789999999999999,-34.35
-31.669999999999998,33.16,32.43,0.344,2.0,0.6,2.0,2.4,1.0156,1417.0,33.144,32.43,324.3,1.557122769348079,,,,Sand,,,Sand 4,4,9.28,35.84,-7.789999999999999,-34.35
-31.69,33.18,32.27,0.334,2.0,0.6,2.0,2.4,0.97483,1418.0,33.164,32.27,322.70000000000005,1.5444793557076146,,,,Sand,,,Sand 4,4,9.28,35.84,-7.789999999999999,-34.35
-31.710000000000004,33.2,33.22,0.319,2.0,0.6,2.0,2.1,0.921,1419.0,33.184,33.22,332.2,1.5173376477414726,,,,Sand,,,Sand 4,4,9.28,35.84,-7.789999999999999,-34.35
-31.73,33.22,35.03,0.311,1.9889,0.6,1.8,2.2,0.88718,1420.0,33.204,35.03,350.3,1.4902726229570578,,,,Sand,,,Sand 4,4,9.28,35.84,-7.789999999999999,-34.35
-31.750000000000004,33.24,36.35,0.299,1.9778,0.4,1.8,2.8,0.84252,1421.0,33.224,36.35,363.5,1.4627153711957555,,,,Sand,,,Sand 4,4,9.28,35.84,-7.789999999999999,-34.35
-31.77,33.26,37.15,0.291,1.9667,0.6,1.8,2.7,0.81339,1421.0,33.244,37.15,371.5,1.4448700880977696,,,,Sand,,,Sand 4,4,9.28,35.84,-7.789999999999999,-34.35
-31.790000000000003,33.28,37.32,0.287,2.0,0.6,2.0,2.4,0.8021,1422.0,33.264,37.32,373.2,1.4388879677601536,,,,Sand,,,Sand 4,4,9.28,35.84,-7.789999999999999,-34.35
-31.81,33.3,36.67,0.282,2.0,0.6,2.0,2.4,0.79912,1423.0,33.284,36.67,366.7,1.4424043921978749,,,,Sand,,,Sand 4,4,9.28,35.84,-7.789999999999999,-34.35
-31.830000000000002,33.32,35.9,0.282,2.2,0.6,2.1,2.4,0.81908,1424.0,33.304,35.9,359.0,1.4565303701914496,,,,Sand,,,Sand 4,4,9.28,35.84,-7.789999999999999,-34.35
-31.850000000000005,33.34,34.57,0.268,2.0,0.6,2.0,2.4,0.80264,1425.0,33.324,34.57,345.7,1.4600917346469495,,,,Sand,,,Sand 4,4,9.28,35.84,-7.789999999999999,-34.35
-31.87,33.36,33.26,0.254,2.0,0.4,1.8,2.4,0.78583,1425.0,33.344,33.26,332.6,1.4638337766872351,,,,Sand,,,Sand 4,4,9.28,35.84,-7.789999999999999,-34.35
-31.890000000000004,33.38,31.09,0.226,2.0,0.6,2.0,2.4,0.72052,1426.0,33.364,31.09,310.9,1.4548509343757199,,,,Sand,,,Sand 4,4,9.28,35.84,-7.789999999999999,-34.35
-31.91,33.4,29.47,0.214,2.0,0.6,2.0,2.4,0.70026,1427.0,33.384,29.47,294.7,1.4615120698072679,,,,Sand,,,Sand 4,4,9.28,35.84,-7.789999999999999,-34.35
-31.930000000000003,33.42,28.84,0.211,2.0,0.6,2.0,2.4,0.70527,1428.0,33.404,28.84,288.4,1.4702016413984362,,,,Sand,,,Sand 4,4,9.28,35.84,-7.789999999999999,-34.35
-31.95,33.44,28.78,0.205,2.0,0.6,2.0,2.4,0.69769,1429.0,33.424,28.78,287.8,1.4674179165825265,,,,Sand,,,Sand 4,4,9.28,35.84,-7.789999999999999,-34.35
-31.970000000000002,33.46,29.02,0.201,2.0,0.6,2.0,2.4,0.69191,1430.0,33.444,29.02,290.2,1.462314494829193,,,,Sand,,,Sand 4,4,9.28,35.84,-7.789999999999999,-34.35
-31.99,33.48,29.45,0.19,2.0,0.6,2.0,2.4,0.65895,1430.0,33.464,29.45,294.5,1.4425826412728882,,,,Sand,,,Sand 4,4,9.28,35.84,-7.789999999999999,-34.35
-32.01,33.5,29.43,0.177,2.0,0.6,2.0,2.4,0.61869,1431.0,33.484,29.43,294.3,1.423200184162582,,,,Sand,,,Sand 4,4,9.28,35.84,-7.789999999999999,-34.35
-32.03,33.52,28.98,0.166,2.0,0.6,2.0,2.4,0.58696,1432.0,33.504,28.98,289.8,1.4118117620907686,,,,Sand,,,Sand 4,4,9.28,35.84,-7.789999999999999,-34.35
-32.05,33.54,28.43,0.161,2.0,0.4,2.0,2.4,0.57963,1433.0,33.524,28.43,284.3,1.4139643117971108,,,,Sand,,,Sand 4,4,9.28,35.84,-7.789999999999999,-34.35
-32.07,33.56,27.74,0.157,2.0,0.4,2.0,2.4,0.58025,1434.0,33.544,27.74,277.4,1.4219736674034098,,,,Sand,,,Sand 4,4,9.28,35.84,-7.789999999999999,-34.35
-32.089999999999996,33.58,27.04,0.155,2.0,0.6,2.0,2.2,0.59014,1435.0,33.564,27.04,270.4,1.4350686509856752,,,,Sand,,,Sand 4,4,9.28,35.84,-7.789999999999999,-34.35
-32.11,33.6,26.16,0.152,2.0,0.4,2.0,2.0,0.5948,1435.0,33.584,26.16,261.6,1.4478397469323436,,,,Sand,,,Sand 4,4,9.28,35.84,-7.789999999999999,-34.35
-32.129999999999995,33.62,24.98,0.15,2.0,0.6,2.0,2.2,0.60359,1436.0,33.604,24.98,249.8,1.4668137612170462,,,,Sand,,,Sand 4,4,9.28,35.84,-7.789999999999999,-34.35
-32.15,33.64,23.7,0.146,2.0,0.4,2.0,2.4,0.60571,1437.0,33.624,23.7,237.0,1.4846248017901162,,,,Sand,,,Sand 4,4,9.28,35.84,-7.789999999999999,-34.35
-32.169999999999995,33.66,23.09,0.144,2.2,0.6,2.1,2.4,0.61496,1438.0,33.644,23.09,230.9,1.4974253221571368,,,,Sand,,,Sand 4,4,9.28,35.84,-7.789999999999999,-34.35
-32.19,33.68,23.3,0.134,2.0,0.4,2.0,2.4,0.58679,1439.0,33.664,23.3,233.0,1.4808517890353894,,,,Sand,,,Sand 4,4,9.28,35.84,-7.789999999999999,-34.35
-32.21,33.7,22.8,0.12,2.0,0.6,2.0,2.4,0.5364,1440.0,33.684,22.8,228.0,1.4622646228757714,,,,Sand,,,Sand 4,4,9.28,35.84,-7.789999999999999,-34.35
-32.23,33.72,21.76,0.112,2.0,0.6,2.0,2.1,0.50851,1441.0,33.704,21.76,217.6,1.462951518961276,,,,Sand,,,Sand 4,4,9.28,35.84,-7.789999999999999,-34.35
-32.25,33.74,21.54,0.11,2.2,0.6,2.1,2.9,0.50662,1441.0,33.724,21.54,215.4,1.4653490210208164,,,,Sand,,,Sand 4,4,9.28,35.84,-7.789999999999999,-34.35
-32.269999999999996,33.76,21.52,0.105,2.0,0.4,2.0,2.8,0.49149,1442.0,33.744,21.52,215.2,1.4573903843796998,,,,Sand,,,Sand 4,4,9.28,35.84,-7.789999999999999,-34.35
-32.29,33.78,21.26,0.101,2.2,0.6,2.1,2.4,0.47964,1443.0,33.764,21.26,212.6,1.4549262016248707,,,,Sand,,,Sand 4,4,9.28,35.84,-7.789999999999999,-34.35
-32.309999999999995,33.8,20.93,0.102,2.0,0.4,2.0,2.4,0.48807,1444.0,33.784,20.93,209.3,1.464947479523975,,,,Sand,,,Sand 4,4,9.28,35.84,-7.789999999999999,-34.35
-32.33,33.82,20.59,0.098,2.0,0.4,2.0,2.4,0.4689,1444.0,33.804,20.59,205.9,1.459847466653513,,,,Sand,,,Sand 4,4,9.28,35.84,-7.789999999999999,-34.35
-32.35,33.84,20.51,0.096,2.0,0.6,2.0,2.4,0.45549,1445.0,33.824,20.51,205.1,1.4535365891335408,,,,Sand,,,Sand 4,4,9.28,35.84,-7.789999999999999,-34.35
-32.37,33.86,20.35,0.097,2.2,0.6,2.1,2.4,0.45497,1446.0,33.844,20.35,203.5,1.4559486082637385,,,,Sand,,,Sand 4,4,9.28,35.84,-7.789999999999999,-34.35
-32.39,33.88,20.49,0.101,2.2,0.4,2.0,2.4,0.46879,1447.0,33.864,20.49,204.9,1.461460719493965,,,,Sand,,,Sand 4,4,9.28,35.84,-7.789999999999999,-34.35
-32.41,33.9,21.55,0.107,2.2,0.2,2.1,2.4,0.49278,1448.0,33.884,21.55,215.5,1.4576308620121459,,,,Sand,,,Sand 4,4,9.28,35.84,-7.789999999999999,-34.35
-32.43,33.92,22.93,0.116,2.2,0.6,2.1,2.3,0.53083,1449.0,33.904,22.93,229.3,1.457444332229223,,,,Sand,,,Sand 4,4,9.28,35.84,-7.789999999999999,-34.35
-32.449999999999996,33.94,23.21,0.118,2.2,0.4,2.0,2.4,0.5371,1449.0,33.924,23.21,232.1,1.4567560495712013,,,,Sand,,,Sand 4,4,9.28,35.84,-7.789999999999999,-34.35
-32.47,33.96,22.73,0.117,2.2,0.4,2.0,2.4,0.53085,1450.0,33.944,22.73,227.3,1.4603535737355222,,,,Sand,,,Sand 4,4,9.28,35.84,-7.789999999999999,-34.35
-32.489999999999995,33.98,21.94,0.124,2.2,0.4,2.1,2.4,0.56396,1451.0,33.964,21.94,219.4,1.489103765555388,,,,Sand,,,Sand 4,4,9.28,35.84,-7.789999999999999,-34.35
-32.51,34.0,21.62,0.132,2.2,0.4,2.1,2.3,0.60571,1452.0,33.984,21.62,216.2,1.5142942983175278,,,,Sand,,,Sand 4,4,9.28,35.84,-7.789999999999999,-34.35
-32.53,34.02,21.29,0.135,2.0,0.4,2.0,2.4,0.62721,1453.0,34.004,21.29,212.9,1.5293436434341245,,,,Sand,,,Sand 4,4,9.28,35.84,-7.789999999999999,-34.35
-32.55,34.04,21.05,0.136,2.0,0.4,2.0,2.4,0.63891,1454.0,34.024,21.05,210.5,1.5383618867456808,,,,Sand,,,Sand 4,4,9.28,35.84,-7.789999999999999,-34.35
-32.57,34.06,21.13,0.136,2.0,0.6,2.0,2.4,0.64329,1454.0,34.044,21.13,211.3,1.53911523570136,,,,Sand,,,Sand 4,4,9.28,35.84,-7.789999999999999,-34.35
-32.589999999999996,34.08,21.37,0.138,2.0,0.4,2.0,2.0,0.65547,1455.0,34.064,21.37,213.7,1.540937206725283,,,,Sand,,,Sand 4,4,9.28,35.84,-7.789999999999999,-34.35
-32.61,34.1,21.06,0.129,2.0,0.4,2.0,2.1,0.61264,1456.0,34.084,21.06,210.6,1.5261128174577983,,,,Sand,,,Sand 4,4,9.28,35.84,-7.789999999999999,-34.35
-32.629999999999995,34.12,20.83,0.127,2.0,0.4,2.0,2.3,0.60447,1457.0,34.104,20.83,208.3,1.5258662425806668,,,,Sand,,,Sand 4,4,9.28,35.84,-7.789999999999999,-34.35
-32.65,34.14,20.78,0.123,2.2,0.4,2.1,2.4,0.58894,1458.0,34.124,20.78,207.8,1.5192634669748835,,,,Sand,,,Sand 4,4,9.28,35.84,-7.789999999999999,-34.35
-32.669999999999995,34.16,20.92,0.121,2.2,0.2,2.0,2.4,0.58617,1459.0,34.144,20.92,209.2,1.5157173419592673,,,,Sand,,,Sand 4,4,9.28,35.84,-7.789999999999999,-34.35
-32.69,34.18,21.31,0.118,2.2,0.4,2.1,2.3,0.57772,1460.0,34.164,21.31,213.1,1.5055234305005838,,,,Sand,,,Sand 4,4,9.28,35.84,-7.789999999999999,-34.35
-32.71,34.2,20.68,0.118,2.2,0.6,2.1,2.1,0.58308,1461.0,34.184,20.68,206.8,1.5180294939943673,,,,Sand,,,Sand 4,4,9.28,35.84,-7.789999999999999,-34.35
-32.73,34.22,20.13,0.117,2.2,0.4,2.1,3.0,0.58108,1461.0,34.204,20.13,201.3,1.5259884347702926,,,,Sand,,,Sand 4,4,9.28,35.84,-7.789999999999999,-34.35
-32.75,34.24,19.43,0.118,2.2,0.4,2.1,2.8,0.58794,1462.0,34.224,19.43,194.3,1.5410341734506683,,,,Sand,,,Sand 4,4,9.28,35.84,-7.789999999999999,-34.35
-32.769999999999996,34.26,19.32,0.115,2.2,0.4,2.1,2.5,0.57644,1463.0,34.244,19.32,193.2,1.537438700657392,,,,Sand,,,Sand 4,4,9.28,35.84,-7.789999999999999,-34.35
-32.79,34.28,19.33,0.116,2.2667,0.4,2.0,2.3,0.58357,1464.0,34.264,19.33,193.3,1.5406772357177718,,,,Sand,,,Sand 4,4,9.28,35.84,-7.789999999999999,-34.35
-32.809999999999995,34.3,19.96,0.117,2.3333,0.4,2.1,2.4,0.58812,1464.0,34.284,19.96,199.6,1.532177284998767,,,,Sand,,,Sand 4,4,9.28,35.84,-7.789999999999999,-34.35
-32.83,34.32,20.4,0.117,2.4,0.6,2.3,2.4,0.58471,1465.0,34.304,20.4,204.0,1.5233219427189566,,,,Sand,,,Sand 4,4,9.28,35.84,-7.789999999999999,-34.35
-32.85,34.34,20.35,0.116,2.2,0.6,2.1,2.4,0.57747,1466.0,34.324,20.35,203.5,1.5206356032780102,,,,Sand,,,Sand 4,4,9.28,35.84,-7.789999999999999,-34.35
-32.87,34.36,20.1,0.115,2.2,0.4,2.0,2.4,0.57196,1467.0,34.344,20.1,201.0,1.5220627677120404,,,,Sand,,,Sand 4,4,9.28,35.84,-7.789999999999999,-34.35
-32.89,34.38,20.26,0.114,2.2,0.6,2.1,2.4,0.56922,1468.0,34.363,20.26,202.6,1.5180840434723437,,,,Sand,,,Sand 4,4,9.28,35.84,-7.789999999999999,-34.35
-32.91,34.4,20.36,0.119,2.2,0.4,2.1,2.4,0.59675,1469.0,34.383,20.36,203.6,1.529718803557531,,,,Sand,,,Sand 4,4,9.28,35.84,-7.789999999999999,-34.35
-32.93,34.42,19.94,0.119,2.2,0.4,2.1,2.4,0.59437,1469.0,34.403,19.94,199.4,1.5354778727458807,,,,Sand,,,Sand 4,4,9.28,35.84,-7.789999999999999,-34.35
-32.949999999999996,34.44,19.48,0.119,2.2,0.4,2.1,2.4,0.58966,1470.0,34.423,19.48,194.8,1.5409938045994327,,,,Sand,,,Sand 4,4,9.28,35.84,-7.789999999999999,-34.35
-32.97,34.46,19.33,0.118,2.2,0.4,2.1,2.4,0.58225,1471.0,34.443,19.33,193.3,1.5400479683774628,,,,Sand,,,Sand 4,4,9.28,35.84,-7.789999999999999,-34.35
-32.989999999999995,34.48,19.71,0.119,2.2,0.4,2.1,2.3,0.58805,1472.0,34.463,19.71,197.1,1.5363274708789847,,,,Sand,,,Sand 4,4,9.28,35.84,-7.789999999999999,-34.35
-33.01,34.5,20.99,0.119,2.2,0.4,2.1,2.4,0.58933,1473.0,34.483,20.99,209.9,1.516141648331054,,,,Sand,,,Sand 4,4,9.28,35.84,-7.789999999999999,-34.35
-33.03,34.52,21.38,0.124,2.2,0.4,2.1,2.4,0.61436,1474.0,34.503,21.38,213.8,1.5220050102721754,,,,Sand,,,Sand 4,4,9.28,35.84,-7.789999999999999,-34.35
-33.05,34.54,20.94,0.128,2.0,0.4,2.0,2.4,0.63148,1474.0,34.523,20.94,209.4,1.5366809395335244,,,,Sand,,,Sand 4,4,9.28,35.84,-7.789999999999999,-34.35
-33.07,34.56,20.12,0.127,2.2,0.4,2.1,2.4,0.62289,1475.0,34.543,20.12,201.2,1.5457859172904596,,,,Sand,,,Sand 4,4,9.28,35.84,-7.789999999999999,-34.35
-33.089999999999996,34.58,19.59,0.126,2.0,0.2,2.0,2.3,0.62016,1476.0,34.563,19.59,195.9,1.5533083131952525,,,,Sand,,,Sand 4,4,9.28,35.84,-7.789999999999999,-34.35
-33.11,34.6,19.41,0.13,2.0,0.4,2.0,2.0,0.64689,1477.0,34.583,19.41,194.1,1.5683351128223486,,,,Sand,,,Sand 4,4,9.28,35.84,-7.789999999999999,-34.35
-33.129999999999995,34.62,20.02,0.13,2.0,0.4,2.0,2.2,0.65607,1478.0,34.603,20.02,200.2,1.5622873892821019,,,,Sand,,,Sand 4,4,9.28,35.84,-7.789999999999999,-34.35
-33.15,34.64,20.66,0.131,2.2,0.4,2.1,2.4,0.67093,1479.0,34.623,20.66,206.6,1.5586074454794379,,,,Sand,,,Sand 4,4,9.28,35.84,-7.789999999999999,-34.35
-33.169999999999995,34.66,20.42,0.131,2.2,0.2,2.0,2.4,0.68483,1480.0,34.643,20.42,204.2,1.568351265065099,,,,Sand,,,Sand 4,4,9.28,35.84,-7.789999999999999,-34.35
-33.19,34.68,19.61,0.13,2.2,0.2,2.1,2.4,0.69944,1480.0,34.663,19.61,196.1,1.5875303370147151,,,,Sand,,,Sand 4,4,9.28,35.84,-7.789999999999999,-34.35
-33.21,34.7,18.69,0.127,2.2,0.2,2.1,2.2,0.71198,1481.0,34.683,18.69,186.9,1.608206279088604,,,,Sand,,,Sand 4,4,9.28,35.84,-7.789999999999999,-34.35
-33.23,34.72,17.8,0.123,2.2,0.4,2.0,2.5,0.72932,1482.0,34.703,17.8,178.0,1.630977324348162,,,,Sand,,,Sand 4,4,9.28,35.84,-7.789999999999999,-34.35
-33.25,34.74,16.42,0.119,2.2,0.4,2.1,2.9,0.75269,1483.0,34.723,16.42,164.2,1.6663299486616059,,,,Sand,,,Sand 4,4,9.28,35.84,-7.789999999999999,-34.35
-33.269999999999996,34.76,15.07,0.109,2.2,0.6,2.1,2.6,0.73761,1484.0,34.743,15.07,150.7,1.6888867655421105,,,,Sand,,,Sand 4,4,9.28,35.84,-7.789999999999999,-34.35
-33.29,34.78,14.03,0.1,2.2,0.4,2.1,2.4,0.72503,1484.0,34.763,14.03,140.3,1.70802384141325,,,,Sand,,,Sand 4,4,9.28,35.84,-7.789999999999999,-34.35
-33.309999999999995,34.8,12.88,0.093,2.2,0.4,2.0,2.4,0.7231,1485.0,34.783,12.88,128.8,1.7362309648176761,,,,Sand,,,Sand 4,4,9.28,35.84,-7.789999999999999,-34.35
-33.33,34.82,11.98,0.088,2.2,0.4,2.1,2.4,0.73112,1486.0,34.803,11.98,119.8,1.7639228587422975,,,,Sand,,,Sand 4,4,9.28,35.84,-7.789999999999999,-34.35
-33.35,34.84,11.35,0.081,2.2,0.4,2.1,2.4,0.71476,1487.0,34.823,11.35,113.5,1.7765294631477038,,,,Sand,,,Sand 4,4,9.28,35.84,-7.789999999999999,-34.35
-33.37,34.86,10.81,0.074,2.2,0.2,2.0,2.4,0.69151,1488.0,34.843,10.81,108.1,1.7848723829699298,,,,Sand,,,Sand 4,4,9.28,35.84,-7.789999999999999,-34.35
-33.39,34.88,10.35,0.069,2.2,0.2,2.1,2.4,0.6783,1488.0,34.863,10.35,103.5,1.7951842309526382,,,,Sand,,,Sand 4,4,9.28,35.84,-7.789999999999999,-34.35
-33.41,34.9,9.82,0.064,2.2,0.2,2.1,2.4,0.65666,1489.0,34.883,9.82,98.2,1.805610671436146,,,,Sand,,,Sand 4,4,9.28,35.84,-7.789999999999999,-34.35
-33.43,34.92,9.44,0.061,2.2,0.2,2.1,2.4,0.64687,1490.0,34.903,9.44,94.4,1.8159549681837708,,,,Sand,,,Sand 4,4,9.28,35.84,-7.789999999999999,-34.35
-33.449999999999996,34.94,8.98,0.061,2.2,0.4,2.1,2.4,0.65389,1491.0,34.923,8.98,89.8,1.8364968406579802,,,,Sand,,,Sand 4,4,9.28,35.84,-7.789999999999999,-34.35
-33.47,34.96,8.65,0.062,2.2,0.4,2.1,2.4,0.65809,1492.0,34.943,8.65,86.5,1.8515064032796238,,,,Sand,,,Sand 4,4,9.28,35.84,-7.789999999999999,-34.35
-33.489999999999995,34.98,8.57,0.069,2.2,0.4,2.1,2.4,0.71006,1493.0,34.963,8.57,85.7,1.8735263632738335,,,,Sand,,,Sand 4,4,9.28,35.84,-7.789999999999999,-34.35
-33.51,35.0,8.82,0.071,2.2,0.2,2.0,2.4,0.70063,1493.0,34.983,8.82,88.2,1.8599629746607713,,,,Sand,,,Sand 4,4,9.28,35.84,-7.789999999999999,-34.35
-33.53,35.02,10.0,0.076,2.2,0.4,2.1,2.4,0.71295,1494.0,35.003,10.0,100.0,1.8199878502066174,,,,Sand,,,Sand 4,4,9.28,35.84,-7.789999999999999,-34.35
-33.55,35.04,11.09,0.085,2.2,0.2,2.1,2.4,0.75321,1495.0,35.023,11.09,110.9,1.798345066664179,,,,Sand,,,Sand 4,4,9.28,35.84,-7.789999999999999,-34.35
-33.57,35.06,12.19,0.097,2.2,0.2,2.1,2.4,0.80918,1496.0,35.043,12.19,121.9,1.7854779698555021,,,,Sand,,,Sand 4,4,9.28,35.84,-7.789999999999999,-34.35
-33.589999999999996,35.08,12.77,0.105,2.2,0.4,2.1,2.4,0.82192,1497.0,35.063,12.77,127.7,1.7742078155007992,,,,Sand,,,Sand 4,4,9.28,35.84,-7.789999999999999,-34.35
-33.61,35.1,13.19,0.114,2.2,0.4,2.1,2.2,0.84281,1498.0,35.083,13.19,131.9,1.7704619768174292,,,,Sand,,,Sand 4,4,9.28,35.84,-7.789999999999999,-34.35
-33.629999999999995,35.12,13.65,0.117,2.2667,0.4,2.0,2.0,0.81604,1499.0,35.103,13.65,136.5,1.7500404675585353,,,,Sand,,,Sand 4,4,9.28,35.84,-7.789999999999999,-34.35
-33.65,35.14,14.19,0.114,2.3333,0.4,2.1,2.3,0.74644,1499.0,35.123,14.19,141.9,1.7122523956757518,,,,Sand,,,Sand 4,4,9.28,35.84,-7.789999999999999,-34.35
-33.669999999999995,35.16,15.12,0.115,2.4,0.4,2.3,2.4,0.71015,1500.0,35.143,15.12,151.2,1.6772142373568948,,,,Sand,,,Sand 4,4,9.28,35.84,-7.789999999999999,-34.35
-33.69,35.18,16.01,0.117,2.4,0.4,2.1,2.4,0.68551,1501.0,35.163,16.01,160.10000000000002,1.6483113889487793,,,,Sand,,,Sand 4,4,9.28,35.84,-7.789999999999999,-34.35
-33.71,35.2,17.58,0.119,2.4,0.4,2.1,2.2,0.66485,1502.0,35.183,17.58,175.8,1.608680025820794,,,,Sand,,,Sand 4,4,9.28,35.84,-7.789999999999999,-34.35
-33.73,35.22,19.67,0.12,2.4,0.2,2.3,2.3,0.6412,1503.0,35.203,19.67,196.7,1.561458248205786,,,,Sand,,,Sand 4,4,9.28,35.84,-7.789999999999999,-34.35
-33.75,35.24,20.14,0.123,2.2,0.4,2.1,2.8,0.62968,1504.0,35.223,20.14,201.4,1.5485550353945272,,,,Sand,,,Sand 4,4,9.28,35.84,-7.789999999999999,-34.35
-33.769999999999996,35.26,20.18,0.125,2.2,0.4,2.1,2.5,0.61429,1504.0,35.243,20.18,201.8,1.5408522656662145,,,,Sand,,,Sand 4,4,9.28,35.84,-7.789999999999999,-34.35
-33.79,35.28,20.3,0.131,2.2,0.2,2.1,2.3,0.62426,1505.0,35.263,20.3,203.0,1.5434968664562045,,,,Sand,,,Sand 4,4,9.28,35.84,-7.789999999999999,-34.35
-33.809999999999995,35.3,20.72,0.143,2.2,0.4,2.1,2.4,0.66678,1506.0,35.283,20.72,207.2,1.5558650975878703,,,,Sand,,,Sand 4,4,9.28,35.84,-7.789999999999999,-34.35
-33.83,35.32,21.67,0.146,2.2,0.2,2.1,2.4,0.66522,1507.0,35.303,21.67,216.7,1.540796099969728,,,,Sand,,,Sand 4,4,9.28,35.84,-7.789999999999999,-34.35
-33.85,35.34,22.53,0.15,2.2,0.2,2.1,2.4,0.66938,1508.0,35.323,22.53,225.3,1.5302463911316688,,,,Sand,,,Sand 4,4,9.28,35.84,-7.789999999999999,-34.35
-33.87,35.36,22.67,0.149,2.2667,0.2,2.0,2.4,0.65383,1508.0,35.343,22.67,226.7,1.5213171123786895,,,,Sand,,,Sand 4,4,9.28,35.84,-7.789999999999999,-34.35
-33.89,35.38,23.36,0.149,2.3333,0.2,2.1,2.3,0.64765,1509.0,35.363,23.36,233.6,1.50898145984648,,,,Sand,,,Sand 4,4,9.28,35.84,-7.789999999999999,-34.35
-33.91,35.4,24.15,0.147,2.4,0.4,2.3,2.4,0.6393,1510.0,35.383,24.15,241.5,1.4945967000780052,,,,Sand,,,Sand 4,4,9.28,35.84,-7.789999999999999,-34.35
-33.93,35.42,23.87,0.146,2.4,0.4,2.3,2.4,0.64137,1511.0,35.403,23.87,238.7,1.499245977529148,,,,Sand,,,Sand 4,4,9.28,35.84,-7.789999999999999,-34.35
-33.949999999999996,35.44,23.34,0.146,2.4,0.2,2.1,2.4,0.65233,1512.0,35.423,23.34,233.4,1.511391555764333,,,,Sand,,,Sand 4,4,9.28,35.84,-7.789999999999999,-34.35
-33.97,35.46,22.46,0.145,2.4,0.4,2.3,2.4,0.66529,1513.0,35.443,22.46,224.6,1.5294169085064298,,,,Sand,,,Sand 4,4,9.28,35.84,-7.789999999999999,-34.35
-33.989999999999995,35.48,21.57,0.144,2.4,0.2,2.3,2.4,0.68494,1513.0,35.463,21.57,215.7,1.5508832179385343,,,,Sand,,,Sand 4,4,9.28,35.84,-7.789999999999999,-34.35
-34.01,35.5,20.69,0.14,2.2,0.2,2.1,2.4,0.69324,1514.0,35.483,20.69,206.9,1.5677190075041956,,,,Sand,,,Sand 4,4,9.28,35.84,-7.789999999999999,-34.35
-34.03,35.52,19.61,0.138,2.2,0.2,2.0,2.4,0.71263,1515.0,35.503,19.61,196.1,1.5929834892256152,,,,Sand,,,Sand 4,4,9.28,35.84,-7.789999999999999,-34.35
-34.05,35.54,18.67,0.133,2.2,0.2,2.1,2.4,0.71529,1516.0,35.523,18.67,186.7,1.6098965322583447,,,,Sand,,,Sand 4,4,9.28,35.84,-7.789999999999999,-34.35
-34.07,35.56,17.98,0.124,2.2,0.2,2.1,2.4,0.69172,1517.0,35.543,17.98,179.8,1.6125099733817627,,,,Sand,,,Sand 4,4,9.28,35.84,-7.789999999999999,-34.35
-34.089999999999996,35.58,17.24,0.117,2.2,0.2,2.0,2.1,0.67299,1518.0,35.563,17.24,172.4,1.6185649125564274,,,,Sand,,,Sand 4,4,9.28,35.84,-7.789999999999999,-34.35
-34.11,35.6,16.7,0.109,2.2,0.4,2.3,2.1,0.64033,1519.0,35.583,16.7,167.0,1.6153083493049076,,,,Sand,,,Sand 4,4,9.28,35.84,-7.789999999999999,-34.35
-34.129999999999995,35.62,16.29,0.101,2.2,0.2,2.1,2.4,0.60003,1519.0,35.603,16.29,162.9,1.6059613399131798,,,,Sand,,,Sand 4,4,9.28,35.84,-7.789999999999999,-34.35
-34.15,35.64,16.23,0.101,2.4,0.2,2.3,2.4,0.59495,1520.0,35.623,16.23,162.3,1.6049264264874081,,,,Sand,,,Sand 4,4,9.28,35.84,-7.789999999999999,-34.35
-34.169999999999995,35.66,16.36,0.1,2.4,0.2,2.3,2.4,0.56887,1521.0,35.643,16.36,163.6,1.5901983556641068,,,,Sand,,,Sand 4,4,9.28,35.84,-7.789999999999999,-34.35
-34.19,35.68,16.71,0.098,2.4,0.2,2.3,2.4,0.52343,1522.0,35.662,16.71,167.1,1.5609366497779935,,,,Sand,,,Sand 4,4,9.28,35.84,-7.789999999999999,-34.35
-34.21,35.7,17.15,0.096,2.4,0.2,2.1,2.1,0.47646,1523.0,35.682,17.15,171.5,1.5275780349099983,,,,Sand,,,Sand 4,4,9.28,35.84,-7.789999999999999,-34.35
-34.23,35.72,19.13,0.109,2.4,0.4,2.3,2.9,0.50519,1524.0,35.702,19.13,191.3,1.5049219179401094,,,,Sand,,,Sand 4,4,9.28,35.84,-7.789999999999999,-34.35
-34.25,35.74,22.06,0.116,2.4,0.4,2.3,2.7,0.50506,1524.0,35.722,22.06,220.6,1.4564775314928042,,,,Sand,,,Sand 4,4,9.28,35.84,-7.789999999999999,-34.35
-34.269999999999996,35.76,25.85,,2.2,0.2,2.1,2.4,0.0,1525.0,35.742,25.85,258.5,,,,,Unknown material,,,Sand 4,4,9.28,35.84,-7.789999999999999,-34.35
-34.29,35.78,27.7,,2.2,0.2,2.1,2.4,0.0,1526.0,35.762,27.7,277.0,,,,,Unknown material,,,Sand 4,4,9.28,35.84,-7.789999999999999,-34.35
-34.309999999999995,35.8,27.65,,2.2,0.2,2.1,2.3,0.0,1527.0,35.782,27.65,276.5,,,,,Unknown material,,,Sand 4,4,9.28,35.84,-7.789999999999999,-34.35
-34.33,35.82,27.49,,2.2,0.2,2.1,2.4,0.0,1528.0,35.802,27.49,274.9,,,,,Unknown material,,,Sand 4,4,9.28,35.84,-7.789999999999999,-34.35
-34.35,35.84,27.7,,2.4,0.2,2.3,2.4,0.0,1528.0,35.822,27.7,277.0,,,,,Unknown material,,,Sand 4,4,9.28,35.84,-7.789999999999999,-34.35
