elevation_m_nap,depth_m,qc_mpa,fs_mpa,col_4,col_5,col_6,col_7,rf_percent,col_9,corrected_depth,qt_mpa,qt_over_pa,Isbt,Bqt,peat_boundary_qt_over_pa,organic_clay_boundary_qt_over_pa,soil_type,used_organic_boundary_qt_over_pa,distance_to_used_organic_boundary,layer_id,soil_layer_number,layer_top_depth_m,layer_bottom_depth_m,layer_top_elevation_m_nap,layer_bottom_elevation_m_nap
1.46,0.02,0.12826,0.0001498,0.77856,0.76667,0.13559,2.0,0.050184,12.0,0.02,0.12826,1.2826000000000002,3.3628470699522475,,,,Clay & silt,,,Clay & silt 1,1,0.02,0.14,1.46,1.3399999999999999
1.44,0.04,0.21611,0.00062279,0.88249,0.85,0.23729,2.35,0.17639,13.0,0.039998,0.21611,2.1611,3.169836221028331,,,,Clay & silt,,,Clay & silt 1,1,0.02,0.14,1.46,1.3399999999999999
1.42,0.06,0.28216,0.0010061,0.82355,0.78333,0.25424,2.45,0.23283,14.0,0.059996,0.28216,2.8216,3.076040061923054,,,,Clay & silt,,,Clay & silt 1,1,0.02,0.14,1.46,1.3399999999999999
1.4,0.08,0.37942,0.0021746,0.9133,0.86667,0.28814,2.4,0.41331,15.0,0.079993,0.37942,3.7941999999999996,3.009409129216877,,,,Clay & silt,,,Clay & silt 1,1,0.02,0.14,1.46,1.3399999999999999
1.38,0.1,0.48652,0.002735,0.87124,0.83333,0.25424,2.45,0.40576,15.0,0.099991,0.48652,4.8652,2.9035423959599553,,,,Silty clay / clayey silt,,,Clay & silt 1,1,0.02,0.14,1.46,1.3399999999999999
1.3599999999999999,0.12,0.62602,0.0028148,0.92913,0.88333,0.28814,2.4,0.32836,16.0,0.11999,0.62602,6.2602,2.7729663349416858,,,,Silty clay / clayey silt,,,Clay & silt 1,1,0.02,0.14,1.46,1.3399999999999999
1.3399999999999999,0.14,0.90619,0.0038329,1.0031,0.95,0.32203,2.4,0.36305,17.0,0.13999,0.90619,9.061900000000001,2.631048207411533,,,,Silty clay / clayey silt,,,Sand mixtures 1,1,0.14,0.44,1.3399999999999999,1.04
1.32,0.16,1.1844,0.0050536,0.98731,0.93333,0.32203,2.4,0.3969,18.0,0.15998,1.1844,11.844,2.5324807337191277,,,,Sand mixtures,,,Sand mixtures 1,1,0.14,0.44,1.3399999999999999,1.04
1.3,0.18,1.3116,0.0050833,1.0717,1.0167,0.33898,0.0,0.33731,28.0,0.17998,1.3116,13.116000000000001,2.468275901338015,,,,Sand mixtures,,,Sand mixtures 1,1,0.14,0.44,1.3399999999999999,1.04
1.28,0.2,1.6816,0.0059182,1.095,1.0167,0.40678,2.1,0.33953,30.0,0.19997,1.6816,16.816,2.3665583885766868,,,,Sand mixtures,,,Sand mixtures 1,1,0.14,0.44,1.3399999999999999,1.04
1.26,0.22,1.8702,0.0065486,1.0614,1.0,0.35593,2.4,0.33246,30.0,0.21997,1.8702,18.702,2.319886521223705,,,,Sand mixtures,,,Sand mixtures 1,1,0.14,0.44,1.3399999999999999,1.04
1.24,0.24,2.1196,0.0067431,1.095,1.0167,0.40678,2.45,0.30873,31.0,0.23997,2.1196,21.196000000000005,2.258129627569617,,,,Sand mixtures,,,Sand mixtures 1,1,0.14,0.44,1.3399999999999999,1.04
1.22,0.26,2.3566,0.0070561,1.1322,1.05,0.42373,2.45,0.29352,32.0,0.25996,2.3566,23.566,2.2075439207196053,,,,Sand mixtures,,,Sand mixtures 1,1,0.14,0.44,1.3399999999999999,1.04
1.2,0.28,2.5143,0.00766,1.114,1.0,0.35593,2.35,0.29549,33.0,0.27996,2.5143,25.143,2.1817476346310327,,,,Sand mixtures,,,Sand mixtures 1,1,0.14,0.44,1.3399999999999999,1.04
1.18,0.3,2.7198,0.008667,1.0958,1.0167,0.38983,2.4,0.31255,34.0,0.29996,2.7198,27.198,2.1573640501496847,,,,Sand mixtures,,,Sand mixtures 1,1,0.14,0.44,1.3399999999999999,1.04
1.16,0.32,2.8997,0.0093833,1.0775,0.98333,0.44068,2.35,0.31953,35.0,0.31995,2.8997,28.997000000000003,2.1343765640005468,,,,Sand mixtures,,,Sand mixtures 1,1,0.14,0.44,1.3399999999999999,1.04
1.14,0.34,3.0695,0.0098097,1.0918,0.98333,0.47458,2.4,0.31829,36.0,0.33995,3.0695,30.695,2.110567183096572,,,,Sand mixtures,,,Sand mixtures 1,1,0.14,0.44,1.3399999999999999,1.04
1.12,0.36,3.1889,0.010533,1.1301,1.0333,0.45763,2.4,0.32684,36.0,0.35995,3.1889,31.888999999999996,2.0990036438216157,,,,Sand mixtures,,,Sand mixtures 1,1,0.14,0.44,1.3399999999999999,1.04
1.1,0.38,3.3156,0.010795,1.1149,0.98333,0.52542,2.45,0.32167,37.0,0.37994,3.3156,33.156,2.0807292295408453,,,,Sand mixtures,,,Sand mixtures 1,1,0.14,0.44,1.3399999999999999,1.04
1.08,0.4,3.4282,0.011102,1.107,0.98333,0.50847,2.45,0.31845,38.0,0.39994,3.4282,34.282,2.0656131427477757,,,,Sand mixtures,,,Sand mixtures 1,1,0.14,0.44,1.3399999999999999,1.04
1.06,0.42,3.5201,0.012114,1.1376,1.0,0.54237,2.4,0.33354,39.0,0.41993,3.5201,35.201,2.0620158828017696,,,,Sand mixtures,,,Sand mixtures 1,1,0.14,0.44,1.3399999999999999,1.04
1.04,0.44,3.6396,0.012981,1.107,0.98333,0.50847,2.35,0.34025,40.0,0.43993,3.6396,36.396,2.051652157896546,,,,Sand mixtures,,,Sand 1,1,0.44,1.4,1.04,0.08000000000000007
1.02,0.46,3.7864,0.013099,1.1024,0.95,0.55932,2.4,0.32372,40.0,0.45993,3.7864,37.864000000000004,2.0277954908389884,,,,Sand,,,Sand 1,1,0.44,1.4,1.04,0.08000000000000007
1.0,0.48,3.9409,0.014083,1.0939,0.95,0.54237,2.45,0.32611,41.0,0.47992,3.9409,39.409,2.012763144588826,,,,Sand,,,Sand 1,1,0.44,1.4,1.04,0.08000000000000007
0.98,0.5,4.236,0.016537,1.0507,0.9,0.54237,2.4,0.35527,42.0,0.49992,4.236,42.36,1.9976415650292938,,,,Sand,,,Sand 1,1,0.44,1.4,1.04,0.08000000000000007
0.96,0.52,4.6552,0.019128,1.071,0.93333,0.52542,2.35,0.37996,43.0,0.51992,4.6552,46.552,1.9715493619151336,,,,Sand,,,Sand 1,1,0.44,1.4,1.04,0.08000000000000007
0.94,0.54,5.165,0.022677,1.088,0.93333,0.55932,2.4,0.41749,44.0,0.53991,5.165,51.65,1.9476877848851495,,,,Sand,,,Sand 1,1,0.44,1.4,1.04,0.08000000000000007
0.9199999999999999,0.56,5.6052,0.029327,1.0596,0.9,0.55932,2.4,0.50157,45.0,0.55991,5.6052,56.052,1.95198840201643,,,,Sand,,,Sand 1,1,0.44,1.4,1.04,0.08000000000000007
0.9,0.58,6.2095,0.0287,1.088,0.93333,0.55932,2.4,0.45844,45.0,0.57991,6.2095,62.095,1.8944122869725837,,,,Sand,,,Sand 1,1,0.44,1.4,1.04,0.08000000000000007
0.88,0.6,6.6752,0.0281,1.0596,0.9,0.55932,2.4,0.4274,46.0,0.5999,6.6752,66.752,1.8524867542281516,,,,Sand,,,Sand 1,1,0.44,1.4,1.04,0.08000000000000007
0.86,0.62,6.9671,0.027475,1.0735,0.88333,0.61017,2.4,0.39706,47.0,0.6199,6.9671,69.671,1.8213964495432977,,,,Sand,,,Sand 1,1,0.44,1.4,1.04,0.08000000000000007
0.84,0.64,7.2627,0.030516,1.1244,0.93333,0.62712,2.4,0.41935,48.0,0.63989,7.2627,72.627,1.8161775006632563,,,,Sand,,,Sand 1,1,0.44,1.4,1.04,0.08000000000000007
0.82,0.66,7.5429,0.032348,1.115,0.93333,0.61017,2.4,0.42311,49.0,0.65989,7.5429,75.429,1.8034459454663703,,,,Sand,,,Sand 1,1,0.44,1.4,1.04,0.08000000000000007
0.7999999999999999,0.68,7.1693,0.035225,0.82627,-0.25,-0.78755,1.35,0.43889,101.0,0.67989,7.1693,71.693,1.8303941217490005,,,,Sand,,,Sand 1,1,0.44,1.4,1.04,0.08000000000000007
0.78,0.7,7.9255,0.038543,0.80985,-0.25,-0.77031,2.25,0.4542,101.0,0.69989,7.9255,79.255,1.7993109040663473,,,,Sand,,,Sand 1,1,0.44,1.4,1.04,0.08000000000000007
0.76,0.72,8.4645,0.043195,0.80459,-0.28333,-0.75307,2.35,0.47776,102.0,0.71988,8.4645,84.645,1.785377259940514,,,,Sand,,,Sand 1,1,0.44,1.4,1.04,0.08000000000000007
0.74,0.74,9.1559,0.063163,0.79347,-0.25,-0.75307,2.5,0.65412,103.0,0.73988,9.1559,91.55900000000001,1.8296316730302749,,,,Sand,,,Sand 1,1,0.44,1.4,1.04,0.08000000000000007
0.72,0.76,9.7201,0.070736,0.80985,-0.25,-0.77031,2.5,0.67678,104.0,0.75988,9.7201,97.20100000000001,1.8167938903412573,,,,Sand,,,Sand 1,1,0.44,1.4,1.04,0.08000000000000007
0.7,0.78,10.646,0.075356,0.79182,-0.18333,-0.77031,2.35,0.67009,105.0,0.77988,10.646,106.46,1.782163136729623,,,,Sand,,,Sand 1,1,0.44,1.4,1.04,0.08000000000000007
0.6799999999999999,0.8,11.705,0.078824,0.83793,-0.23333,-0.80479,2.4,0.65523,106.0,0.79988,11.705,117.05,1.743179490383621,,,,Sand,,,Sand 1,1,0.44,1.4,1.04,0.08000000000000007
0.66,0.82,12.464,0.080446,0.83344,-0.21667,-0.80479,2.4,0.63059,106.0,0.81987,12.464,124.64,1.7113449614772789,,,,Sand,,,Sand 1,1,0.44,1.4,1.04,0.08000000000000007
0.64,0.84,13.533,0.085544,0.75446,-0.16667,-0.73583,2.4,0.63621,107.0,0.83987,13.533,135.33,1.685118325096191,,,,Sand,,,Sand 1,1,0.44,1.4,1.04,0.08000000000000007
0.62,0.86,14.277,0.085427,0.78361,-0.21667,-0.75307,2.4,0.61039,108.0,0.85987,14.277,142.77,1.6557252765046282,,,,Sand,,,Sand 1,1,0.44,1.4,1.04,0.08000000000000007
0.6,0.88,14.738,0.092954,0.74589,-0.2,-0.71859,2.4,0.6452,109.0,0.87987,14.738,147.38,1.659618231644592,,,,Sand,,,Sand 1,1,0.44,1.4,1.04,0.08000000000000007
0.58,0.9,14.976,0.089957,0.75832,-0.18333,-0.73583,2.4,0.61267,110.0,0.89987,14.976,149.76,1.6402760157107392,,,,Sand,,,Sand 1,1,0.44,1.4,1.04,0.08000000000000007
0.5599999999999999,0.92,15.229,0.090099,0.75446,-0.16667,-0.73583,2.4,0.60974,111.0,0.91987,15.229,152.29,1.6332577259378669,,,,Sand,,,Sand 1,1,0.44,1.4,1.04,0.08000000000000007
0.54,0.94,15.043,0.090575,0.77129,-0.16667,-0.75307,2.4,0.61471,112.0,0.93986,15.043,150.43,1.6396340872476245,,,,Sand,,,Sand 1,1,0.44,1.4,1.04,0.08000000000000007
0.52,0.96,14.998,0.088492,0.77129,-0.16667,-0.75307,2.4,0.60688,112.0,0.95986,14.998,149.98,1.6372431009045425,,,,Sand,,,Sand 1,1,0.44,1.4,1.04,0.08000000000000007
0.5,0.98,14.668,0.085695,0.78477,-0.15,-0.77031,2.4,0.59766,113.0,0.97986,14.668,146.68,1.6408442280535633,,,,Sand,,,Sand 1,1,0.44,1.4,1.04,0.08000000000000007
0.48,1.0,14.284,0.085016,0.74259,-0.1,-0.73583,2.4,0.60669,114.0,0.99986,14.284,142.84,1.6539535708790394,,,,Sand,,,Sand 1,1,0.44,1.4,1.04,0.08000000000000007
0.45999999999999996,1.02,13.941,0.090558,0.78176,-0.13333,-0.77031,2.4,0.6626,115.0,1.0199,13.941,139.41,1.6857345980785843,,,,Sand,,,Sand 1,1,0.44,1.4,1.04,0.08000000000000007
0.43999999999999995,1.04,13.515,0.082881,0.80909,-0.083333,-0.80479,2.4,0.62568,116.0,1.0399,13.515,135.15,1.6811857703516155,,,,Sand,,,Sand 1,1,0.44,1.4,1.04,0.08000000000000007
0.41999999999999993,1.06,13.029,0.080099,0.78477,-0.15,-0.77031,2.4,0.625,117.0,1.0599,13.029,130.29,1.6935991791693552,,,,Sand,,,Sand 1,1,0.44,1.4,1.04,0.08000000000000007
0.3999999999999999,1.08,12.626,0.076678,0.78477,-0.15,-0.77031,2.4,0.61818,117.0,1.0799,12.626,126.26,1.7017011470503234,,,,Sand,,,Sand 1,1,0.44,1.4,1.04,0.08000000000000007
0.3799999999999999,1.1,12.276,0.073564,0.7748,-0.083333,-0.77031,2.4,0.61262,118.0,1.0998,12.276,122.76,1.7092214473893428,,,,Sand,,,Sand 1,1,0.44,1.4,1.04,0.08000000000000007
0.3599999999999999,1.12,11.631,0.070606,0.76786,-0.15,-0.75307,2.4,0.60667,119.0,1.1198,11.631,116.31,1.725747725051712,,,,Sand,,,Sand 1,1,0.44,1.4,1.04,0.08000000000000007
0.3400000000000001,1.14,11.223,0.067175,0.75968,-0.1,-0.75307,2.4,0.59418,120.0,1.1398,11.223,112.23,1.7331946245068324,,,,Sand,,,Sand 1,1,0.44,1.4,1.04,0.08000000000000007
0.32000000000000006,1.16,10.989,0.065746,0.77506,-0.18333,-0.75307,2.4,0.59869,121.0,1.1598,10.989,109.89,1.7425763625310557,,,,Sand,,,Sand 1,1,0.44,1.4,1.04,0.08000000000000007
0.30000000000000004,1.18,10.775,0.060575,0.79614,-0.11667,-0.78755,2.4,0.5684,121.0,1.1798,10.775,107.75,1.7368346596365338,,,,Sand,,,Sand 1,1,0.44,1.4,1.04,0.08000000000000007
0.28,1.2,10.557,0.059984,0.80499,-0.16667,-0.78755,2.4,0.579,122.0,1.1998,10.557,105.57,1.7486858443966489,,,,Sand,,,Sand 1,1,0.44,1.4,1.04,0.08000000000000007
0.26,1.22,10.366,0.059997,0.79876,-0.13333,-0.78755,2.4,0.59596,123.0,1.2198,10.366,103.66,1.7623007312746508,,,,Sand,,,Sand 1,1,0.44,1.4,1.04,0.08000000000000007
0.24,1.24,10.037,0.060263,0.80499,-0.16667,-0.78755,2.4,0.61875,124.0,1.2398,10.037,100.37,1.7830732064504766,,,,Sand,,,Sand 1,1,0.44,1.4,1.04,0.08000000000000007
0.21999999999999997,1.26,9.6781,0.060193,0.76205,-0.11667,-0.75307,2.4,0.64247,125.0,1.2598,9.6781,96.781,1.8053699066008115,,,,Sand,,,Sand 1,1,0.44,1.4,1.04,0.08000000000000007
0.19999999999999996,1.28,9.255,0.059873,0.8254,-0.18333,-0.80479,2.4,0.66736,126.0,1.2798,9.255,92.55,1.8307299175331024,,,,Sand,,,Sand 1,1,0.44,1.4,1.04,0.08000000000000007
0.17999999999999994,1.3,8.8828,0.0607,0.80171,-0.15,-0.78755,2.4,0.7113,126.0,1.2998,8.8828,88.82799999999999,1.861211347599387,,,,Sand,,,Sand 1,1,0.44,1.4,1.04,0.08000000000000007
0.15999999999999992,1.32,8.3655,0.059256,0.82927,-0.2,-0.80479,2.4,0.73434,127.0,1.3198,8.3655,83.655,1.890490413978194,,,,Sand,,,Sand 1,1,0.44,1.4,1.04,0.08000000000000007
0.1399999999999999,1.34,7.8115,0.058484,0.8086,-0.18333,-0.78755,2.4,0.76947,128.0,1.3398,7.8115,78.115,1.9265063498403976,,,,Sand,,,Sand 1,1,0.44,1.4,1.04,0.08000000000000007
0.11999999999999988,1.36,7.3767,0.057567,0.78477,-0.15,-0.77031,2.4,0.80654,129.0,1.3598,7.3767,73.767,1.958604534941519,,,,Sand,,,Sand 1,1,0.44,1.4,1.04,0.08000000000000007
0.10000000000000009,1.38,6.8628,0.057014,0.82186,-0.16667,-0.80479,2.4,0.85642,130.0,1.3798,6.8628,68.628,1.9992510409046478,,,,Sand,,,Sand 1,1,0.44,1.4,1.04,0.08000000000000007
0.08000000000000007,1.4,6.3212,0.05474,0.83277,-0.13333,-0.82203,2.4,0.88439,131.0,1.3998,6.3212,63.211999999999996,2.036489139336214,,,,Sand,,,Sand mixtures 2,2,1.4,2.16,0.08000000000000007,-0.6800000000000002
0.06000000000000005,1.42,5.9287,0.051307,0.85906,-0.18333,-0.83928,2.45,0.89104,131.0,1.4198,5.9287,59.287,2.061214691203759,,,,Sand mixtures,,,Sand mixtures 2,2,1.4,2.16,0.08000000000000007,-0.6800000000000002
0.040000000000000036,1.44,5.5511,0.050269,0.8356,-0.15,-0.82203,2.35,0.9418,132.0,1.4398,5.5511,55.511,2.098405347837953,,,,Sand mixtures,,,Sand mixtures 2,2,1.4,2.16,0.08000000000000007,-0.6800000000000002
0.020000000000000018,1.46,5.0401,0.048887,0.79614,-0.11667,-0.78755,2.45,0.98994,133.0,1.4598,5.0401,50.400999999999996,2.1452217318180433,,,,Sand mixtures,,,Sand mixtures 2,2,1.4,2.16,0.08000000000000007,-0.6800000000000002
0.0,1.48,4.6242,0.046968,0.81865,-0.15,-0.80479,2.4,1.024,134.0,1.4798,4.6242,46.242,2.1843833969392197,,,,Sand mixtures,,,Sand mixtures 2,2,1.4,2.16,0.08000000000000007,-0.6800000000000002
-0.020000000000000018,1.5,4.3601,0.045639,0.78477,-0.15,-0.77031,2.35,1.0757,135.0,1.4998,4.3601,43.601000000000006,2.217537830126341,,,,Sand mixtures,,,Sand mixtures 2,2,1.4,2.16,0.08000000000000007,-0.6800000000000002
-0.040000000000000036,1.52,4.012,0.043989,0.8254,-0.18333,-0.80479,2.4,1.1211,136.0,1.5198,4.012,40.12,2.2575070809990057,,,,Sand mixtures,,,Sand mixtures 2,2,1.4,2.16,0.08000000000000007,-0.6800000000000002
-0.06000000000000005,1.54,3.6701,0.039157,0.80171,-0.15,-0.78755,2.45,1.0766,137.0,1.5398,3.6701,36.701,2.279888697406971,,,,Sand mixtures,,,Sand mixtures 2,2,1.4,2.16,0.08000000000000007,-0.6800000000000002
-0.08000000000000007,1.56,3.506,0.038152,0.85906,-0.18333,-0.83928,2.4,1.1265,137.0,1.5598,3.506,35.06,2.307303493288554,,,,Sand mixtures,,,Sand mixtures 2,2,1.4,2.16,0.08000000000000007,-0.6800000000000002
-0.10000000000000009,1.58,3.1775,0.036433,0.8356,-0.15,-0.82203,2.4,1.1568,138.0,1.5798,3.1775,31.775,2.349348645745894,,,,Sand mixtures,,,Sand mixtures 2,2,1.4,2.16,0.08000000000000007,-0.6800000000000002
-0.1200000000000001,1.6,2.9985,0.032266,0.83344,-0.21667,-0.80479,2.4,1.098,139.0,1.5998,2.9985,29.985,2.3582938140011542,,,,Sand mixtures,,,Sand mixtures 2,2,1.4,2.16,0.08000000000000007,-0.6800000000000002
-0.14000000000000012,1.62,2.7485,0.030222,0.8356,-0.15,-0.82203,2.4,1.0949,140.0,1.6198,2.7485,27.485,2.3896853616827536,,,,Sand mixtures,,,Sand mixtures 2,2,1.4,2.16,0.08000000000000007,-0.6800000000000002
-0.15999999999999992,1.64,2.6205,0.028187,0.80499,-0.16667,-0.78755,2.35,1.089,141.0,1.6398,2.6205,26.205,2.4060853328281695,,,,Sand mixtures,,,Sand mixtures 2,2,1.4,2.16,0.08000000000000007,-0.6800000000000002
-0.17999999999999994,1.66,2.4627,0.02759,0.82927,-0.2,-0.80479,2.45,1.128,141.0,1.6598,2.4627,24.627,2.4370680241230054,,,,Sand mixtures,,,Sand mixtures 2,2,1.4,2.16,0.08000000000000007,-0.6800000000000002
-0.19999999999999996,1.68,2.3246,0.02719,0.8086,-0.18333,-0.78755,2.4,1.1728,142.0,1.6798,2.3246,23.246000000000002,2.4672756568537415,,,,Sand mixtures,,,Sand mixtures 2,2,1.4,2.16,0.08000000000000007,-0.6800000000000002
-0.21999999999999997,1.7,2.2434,0.025388,0.83793,-0.23333,-0.80479,2.4,1.1477,143.0,1.6998,2.2434,22.433999999999997,2.4755841804928194,,,,Sand mixtures,,,Sand mixtures 2,2,1.4,2.16,0.08000000000000007,-0.6800000000000002
-0.24,1.72,2.1315,0.017476,0.8168,-0.21667,-0.78755,2.4,0.8265,144.0,1.7198,2.1315,21.315,2.4245720867634564,,,,Sand mixtures,,,Sand mixtures 2,2,1.4,2.16,0.08000000000000007,-0.6800000000000002
-0.26,1.74,2.0385,0.0174,0.82927,-0.2,-0.80479,2.4,0.85606,145.0,1.7398,2.0385,20.385,2.4488454677700537,,,,Sand mixtures,,,Sand mixtures 2,2,1.4,2.16,0.08000000000000007,-0.6800000000000002
-0.28,1.76,1.977,0.0174,0.8086,-0.18333,-0.78755,2.4,0.88596,146.0,1.7598,1.977,19.77,2.467610730348816,,,,Sand mixtures,,,Sand mixtures 2,2,1.4,2.16,0.08000000000000007,-0.6800000000000002
-0.30000000000000004,1.78,1.8982,0.017328,0.82627,-0.25,-0.78755,2.4,0.91127,146.0,1.7798,1.8982,18.982,2.488962061093611,,,,Sand mixtures,,,Sand mixtures 2,2,1.4,2.16,0.08000000000000007,-0.6800000000000002
-0.32000000000000006,1.8,1.8396,0.023551,0.80985,-0.25,-0.77031,2.4,1.2745,147.0,1.7998,1.8396,18.396,2.572891480320214,,,,Sand mixtures,,,Sand mixtures 2,2,1.4,2.16,0.08000000000000007,-0.6800000000000002
-0.3400000000000001,1.82,1.8077,0.025503,0.82627,-0.25,-0.78755,0.6,1.4117,161.0,1.8198,1.8077,18.077,2.6024995750284496,,,,Silty clay / clayey silt,,,Sand mixtures 2,2,1.4,2.16,0.08000000000000007,-0.6800000000000002
-0.3600000000000001,1.84,1.7758,0.024099,0.88349,-0.21667,-0.85652,2.25,1.3539,162.0,1.8398,1.7758,17.758,2.5995917147403533,,,,Sand mixtures,,,Sand mixtures 2,2,1.4,2.16,0.08000000000000007,-0.6800000000000002
-0.3800000000000001,1.86,1.7438,0.023633,0.79347,-0.25,-0.75307,2.35,1.3321,163.0,1.8598,1.7438,17.438,2.6026921369322213,,,,Silty clay / clayey silt,,,Sand mixtures 2,2,1.4,2.16,0.08000000000000007,-0.6800000000000002
-0.3999999999999999,1.88,1.7023,0.021842,0.76706,-0.21667,-0.73583,2.5,1.2324,164.0,1.8798,1.7023,17.023,2.594422737572228,,,,Sand mixtures,,,Sand mixtures 2,2,1.4,2.16,0.08000000000000007,-0.6800000000000002
-0.41999999999999993,1.9,1.708,0.019948,0.75832,-0.18333,-0.73583,2.5,1.1236,164.0,1.8998,1.708,17.08,2.573113817532541,,,,Sand mixtures,,,Sand mixtures 2,2,1.4,2.16,0.08000000000000007,-0.6800000000000002
-0.43999999999999995,1.92,1.7643,0.018873,0.76252,-0.2,-0.73583,2.35,1.0607,165.0,1.9198,1.7643,17.643,2.5485546861478197,,,,Sand mixtures,,,Sand mixtures 2,2,1.4,2.16,0.08000000000000007,-0.6800000000000002
-0.45999999999999996,1.94,1.851,0.0174,0.72491,-0.18333,-0.70134,2.4,0.97966,166.0,1.9398,1.851,18.51,2.5135874861225034,,,,Sand mixtures,,,Sand mixtures 2,2,1.4,2.16,0.08000000000000007,-0.6800000000000002
-0.48,1.96,1.8249,0.0172,0.72491,-0.18333,-0.70134,2.4,0.97512,167.0,1.9598,1.8249,18.249,2.518024273688744,,,,Sand mixtures,,,Sand mixtures 2,2,1.4,2.16,0.08000000000000007,-0.6800000000000002
-0.5,1.98,1.8327,0.017,0.80487,-0.23333,-0.77031,2.4,0.97194,168.0,1.9798,1.8327,18.327,2.515718329400931,,,,Sand mixtures,,,Sand mixtures 2,2,1.4,2.16,0.08000000000000007,-0.6800000000000002
-0.52,2.0,1.8081,0.016848,0.72491,-0.18333,-0.70134,2.4,0.976,168.0,1.9998,1.8081,18.081000000000003,2.521736180513358,,,,Sand mixtures,,,Sand mixtures 2,2,1.4,2.16,0.08000000000000007,-0.6800000000000002
-0.54,2.02,1.7177,0.019641,0.6962,-0.2,-0.66686,2.45,1.1613,169.0,2.0198,1.7177,17.177,2.57808895886388,,,,Sand mixtures,,,Sand mixtures 2,2,1.4,2.16,0.08000000000000007,-0.6800000000000002
-0.56,2.04,1.6044,0.026735,0.70411,-0.16667,-0.6841,2.35,1.6298,170.0,2.0398,1.6044,16.044,2.6795181413963354,,,,Silty clay / clayey silt,,,Sand mixtures 2,2,1.4,2.16,0.08000000000000007,-0.6800000000000002
-0.5800000000000001,2.06,1.5895,0.035714,0.66846,-0.21667,-0.63238,2.4,2.3037,171.0,2.0598,1.5895,15.895,2.7660894006010146,,,,Silty clay / clayey silt,,,Sand mixtures 2,2,1.4,2.16,0.08000000000000007,-0.6800000000000002
-0.6000000000000001,2.08,1.5812,0.038812,0.68737,-0.16667,-0.66686,2.45,2.7092,172.0,2.0798,1.5812,15.812000000000001,2.808804820802134,,,5.098065356996078,Silty clay / clayey silt,,,Sand mixtures 2,2,1.4,2.16,0.08000000000000007,-0.6800000000000002
-0.6200000000000001,2.1,1.5714,0.037256,0.71273,-0.2,-0.6841,2.35,2.8534,173.0,2.0998,1.5714,15.713999999999999,2.8242896418034404,,,7.775190323933827,Silty clay / clayey silt,,,Sand mixtures 2,2,1.4,2.16,0.08000000000000007,-0.6800000000000002
-0.6400000000000001,2.12,1.4176,0.0387,0.69025,-0.23333,-0.64962,2.4,3.2735,173.0,2.1198,1.4176,14.175999999999998,2.8957660580779176,,,9.47582950533483,Silty clay / clayey silt,,,Sand mixtures 2,2,1.4,2.16,0.08000000000000007,-0.6800000000000002
-0.6600000000000001,2.14,1.1126,0.041812,0.7293,-0.2,-0.70134,2.45,3.962,174.0,2.1397,1.1126,11.126000000000001,3.0296774412458753,,,10.66586611774217,Clay & silt,,,Sand mixtures 2,2,1.4,2.16,0.08000000000000007,-0.6800000000000002
-0.6800000000000002,2.16,0.86665,0.043824,0.68479,-0.21667,-0.64962,2.4,4.7284,175.0,2.1597,0.86665,8.6665,3.1625554936953337,,,11.452762771437989,Organic clay,11.452762771437989,-2.7862627714379897,Peat 1,1,2.16,3.28,-0.6800000000000002,-1.7999999999999998
-0.7000000000000002,2.18,0.70217,0.043071,0.68479,-0.21667,-0.64962,2.35,5.4052,176.0,2.1797,0.70217,7.021699999999999,3.2705548400861817,,12.412595516521888,11.958236313756123,Peat,12.412595516521888,-5.390895516521889,Peat 1,1,2.16,3.28,-0.6800000000000002,-1.7999999999999998
-0.7200000000000002,2.2,0.61663,0.042359,0.69025,-0.23333,-0.64962,2.4,6.1978,177.0,2.1997,0.61663,6.1663,3.35132330058603,,17.094140837401667,12.428149554725872,Peat,17.094140837401667,-10.927840837401668,Peat 1,1,2.16,3.28,-0.6800000000000002,-1.7999999999999998
-0.7400000000000002,2.22,0.57441,0.040508,0.73913,-0.23333,-0.70134,2.4,6.6594,177.0,2.2197,0.57441,5.7440999999999995,3.3946935684695054,,18.661899814893626,12.661397150054704,Peat,18.661899814893626,-12.917799814893627,Peat 1,1,2.16,3.28,-0.6800000000000002,-1.7999999999999998
-0.7600000000000002,2.24,0.5531,0.040931,0.7293,-0.2,-0.70134,2.45,7.2199,178.0,2.2397,0.5531,5.531000000000001,3.428978238679745,,20.150940230406828,12.915360968234282,Peat,20.150940230406828,-14.619940230406828,Peat 1,1,2.16,3.28,-0.6800000000000002,-1.7999999999999998
-0.7799999999999998,2.26,0.5317,0.039027,0.73404,-0.21667,-0.70134,2.35,7.1016,179.0,2.2597,0.5317,5.316999999999999,3.438296382666754,,19.86372958127979,12.864082323138183,Peat,19.86372958127979,-14.546729581279791,Peat 1,1,2.16,3.28,-0.6800000000000002,-1.7999999999999998
-0.7999999999999998,2.28,0.5104,0.03704,0.68479,-0.21667,-0.64962,2.4,6.8261,180.0,2.2797,0.5104,5.104,3.442203182729794,,19.141808155082895,12.739963598396331,Peat,19.141808155082895,-14.037808155082896,Peat 1,1,2.16,3.28,-0.6800000000000002,-1.7999999999999998
-0.8199999999999998,2.3,0.51123,0.034706,0.71273,-0.2,-0.6841,2.4,6.4352,181.0,2.2997,0.51123,5.112299999999999,3.4264126652809326,,17.951595427942834,12.5511726559876,Peat,17.951595427942834,-12.839295427942835,Peat 1,1,2.16,3.28,-0.6800000000000002,-1.7999999999999998
-0.8399999999999999,2.32,0.53576,0.034097,0.69606,-0.25,-0.64962,2.4,6.3083,182.0,2.3197,0.53576,5.3576,3.4048920319393985,,17.508952519881493,12.486267087029532,Peat,17.508952519881493,-12.151352519881494,Peat 1,1,2.16,3.28,-0.6800000000000002,-1.7999999999999998
-0.8599999999999999,2.34,0.56318,0.033117,0.6962,-0.2,-0.66686,2.45,6.0601,183.0,2.3397,0.56318,5.631800000000001,3.3771000629695873,,16.530865356085545,12.353501010736986,Peat,16.530865356085545,-10.899065356085543,Peat 1,1,2.16,3.28,-0.6800000000000002,-1.7999999999999998
-0.8799999999999999,2.36,0.5612,0.035285,0.6962,-0.2,-0.66686,2.4,6.2861,183.0,2.3597,0.5612,5.612,3.387781532084289,,17.427969756882998,12.474713611603061,Peat,17.427969756882998,-11.815969756882998,Peat 1,1,2.16,3.28,-0.6800000000000002,-1.7999999999999998
-0.8999999999999999,2.38,0.54796,0.040151,0.7065,-0.23333,-0.66686,2.35,6.925,184.0,2.3797,0.54796,5.4796000000000005,3.4212662080909864,,19.410297344075346,12.785309088958764,Peat,19.410297344075346,-13.930697344075345,Peat 1,1,2.16,3.28,-0.6800000000000002,-1.7999999999999998
-0.9199999999999999,2.4,0.5626,0.045089,0.7293,-0.2,-0.70134,2.4,7.5163,185.0,2.3997,0.5626,5.626,3.4337365554698716,,20.82112467208576,13.03899906846832,Peat,20.82112467208576,-15.195124672085758,Peat 1,1,2.16,3.28,-0.6800000000000002,-1.7999999999999998
-0.94,2.42,0.57951,0.051125,0.70035,-0.15,-0.6841,2.4,8.314,186.0,2.4197,0.57951,5.7951,3.4505515539664855,,22.36031612712407,13.34221964634045,Peat,22.36031612712407,-16.565216127124067,Peat 1,1,2.16,3.28,-0.6800000000000002,-1.7999999999999998
-0.96,2.44,0.62916,0.05592,0.73407,-0.15,-0.71859,2.45,8.8983,187.0,2.4397,0.62916,6.291600000000001,3.4411350293429632,,23.31383867882488,13.541853575314484,Peat,23.31383867882488,-17.022238678824877,Peat 1,1,2.16,3.28,-0.6800000000000002,-1.7999999999999998
-0.98,2.46,0.65903,0.059843,0.6916,-0.18333,-0.66686,2.4,9.2491,188.0,2.4597,0.65903,6.5903,3.436180238872321,,23.834439683379074,13.654143662455818,Peat,23.834439683379074,-17.244139683379075,Peat 1,1,2.16,3.28,-0.6800000000000002,-1.7999999999999998
-1.0,2.48,0.69636,0.063709,0.67499,-0.18333,-0.64962,2.4,9.6167,189.0,2.4797,0.69636,6.9636000000000005,3.4286040908751776,,24.34567289205235,13.766453292253349,Peat,24.34567289205235,-17.38207289205235,Peat 1,1,2.16,3.28,-0.6800000000000002,-1.7999999999999998
-1.02,2.5,0.68362,0.066195,0.67405,-0.23333,-0.63238,2.35,9.8301,189.0,2.4997,0.68362,6.8362,3.4408739978173153,,24.628278257485903,13.829343622961153,Peat,24.628278257485903,-17.792078257485905,Peat 1,1,2.16,3.28,-0.6800000000000002,-1.7999999999999998
-1.04,2.52,0.66932,0.067423,0.67405,-0.23333,-0.63238,2.45,9.9517,190.0,2.5197,0.66932,6.693200000000001,3.451339002714791,,24.785058931350953,13.864467660613808,Peat,24.785058931350953,-18.091858931350952,Peat 1,1,2.16,3.28,-0.6800000000000002,-1.7999999999999998
-1.06,2.54,0.69655,0.067669,0.67499,-0.18333,-0.64962,2.4,10.032,191.0,2.5397,0.69655,6.9655,3.4403404142107092,,24.886982254743224,13.887388758327257,Peat,24.886982254743224,-17.921482254743225,Peat 1,1,2.16,3.28,-0.6800000000000002,-1.7999999999999998
-1.08,2.56,0.68632,0.067132,0.67499,-0.18333,-0.64962,2.4,10.075,192.0,2.5597,0.68632,6.863200000000001,3.4464475091801425,,24.941050540402227,13.899575228506738,Peat,24.941050540402227,-18.077850540402224,Peat 1,1,2.16,3.28,-0.6800000000000002,-1.7999999999999998
-1.1,2.58,0.66679,0.06564,0.6962,-0.2,-0.66686,2.4,9.9578,193.0,2.5797,0.66679,6.6678999999999995,3.4527702885508416,,24.79284577042565,13.866216416766127,Peat,24.79284577042565,-18.12494577042565,Peat 1,1,2.16,3.28,-0.6800000000000002,-1.7999999999999998
-1.12,2.6,0.66204,0.06528,0.7293,-0.2,-0.70134,2.4,9.9924,193.0,2.5997,0.66204,6.6204,3.4561175372654116,,24.83687551120027,13.87611201612951,Peat,24.83687551120027,-18.21647551120027,Peat 1,1,2.16,3.28,-0.6800000000000002,-1.7999999999999998
-1.1400000000000001,2.62,0.63517,0.06372,0.72279,-0.23333,-0.6841,2.45,9.9206,194.0,2.6197,0.63517,6.351699999999999,3.4679268025238392,,24.745244269732282,13.855532384618552,Peat,24.745244269732282,-18.39354426973228,Peat 1,1,2.16,3.28,-0.6800000000000002,-1.7999999999999998
-1.1600000000000001,2.64,0.63081,0.061375,0.7065,-0.23333,-0.66686,2.4,9.734,195.0,2.6397,0.63081,6.3081,3.464966421238973,,24.50222245597323,13.801223192093659,Peat,24.50222245597323,-18.19412245597323,Peat 1,1,2.16,3.28,-0.6800000000000002,-1.7999999999999998
-1.1800000000000002,2.66,0.62647,0.059422,0.6962,-0.2,-0.66686,2.4,9.6117,196.0,2.6597,0.62647,6.2647,3.4637827404696235,,24.338932410631383,13.764960092684468,Peat,24.338932410631383,-18.07423241063138,Peat 1,1,2.16,3.28,-0.6800000000000002,-1.7999999999999998
-1.2000000000000002,2.68,0.6222,0.056609,0.67971,-0.2,-0.64962,2.4,9.3365,197.0,2.6797,0.6222,6.2219999999999995,3.4580712843016226,,23.958977177567892,13.681322789357555,Peat,23.958977177567892,-17.736977177567894,Peat 1,1,2.16,3.28,-0.6800000000000002,-1.7999999999999998
-1.2200000000000002,2.7,0.60864,0.054276,0.69025,-0.23333,-0.64962,2.4,9.1335,198.0,2.6997,0.60864,6.0864,3.4594563612150107,,23.666660806758756,13.617717500533205,Peat,23.666660806758756,-17.580260806758755,Peat 1,1,2.16,3.28,-0.6800000000000002,-1.7999999999999998
-1.2400000000000002,2.72,0.59208,0.046339,0.67066,-0.16667,-0.64962,2.4,7.98,198.0,2.7197,0.59208,5.920800000000001,3.432207427396526,,21.75527578524986,13.220026115736227,Peat,21.75527578524986,-15.834475785249861,Peat 1,1,2.16,3.28,-0.6800000000000002,-1.7999999999999998
-1.2600000000000002,2.74,0.56842,0.043384,0.66846,-0.21667,-0.63238,2.4,7.6572,199.0,2.7397,0.56842,5.684200000000001,3.435131884356613,,21.11823630152084,13.095518271819833,Peat,21.11823630152084,-15.434036301520841,Peat 1,1,2.16,3.28,-0.6800000000000002,-1.7999999999999998
-1.2799999999999998,2.76,0.56671,0.041294,0.63594,-0.21667,-0.5979,2.4,7.4819,200.0,2.7597,0.56671,5.6671000000000005,3.43001661274057,,20.746619994014022,13.024986990062365,Peat,20.746619994014022,-15.07951999401402,Peat 1,1,2.16,3.28,-0.6800000000000002,-1.7999999999999998
-1.2999999999999998,2.78,0.53867,0.040187,0.65841,-0.18333,-0.63238,2.4,7.4717,201.0,2.7797,0.53867,5.386699999999999,3.447137618114146,,20.72437344709559,13.020815777845408,Peat,20.72437344709559,-15.337673447095591,Peat 1,1,2.16,3.28,-0.6800000000000002,-1.7999999999999998
-1.3199999999999998,2.8,0.52229,0.039249,0.7065,-0.23333,-0.66686,2.4,7.4988,202.0,2.7997,0.52229,5.222900000000001,3.458754179088786,,20.783322713942823,13.031881499711014,Peat,20.783322713942823,-15.560422713942822,Peat 1,1,2.16,3.28,-0.6800000000000002,-1.7999999999999998
-1.3399999999999999,2.82,0.5136,0.038595,0.69025,-0.23333,-0.64962,0.45,7.5461,215.0,2.8197,0.5136,5.135999999999999,3.4662068937047312,,20.88502613445056,13.051068840471007,Peat,20.88502613445056,-15.74902613445056,Peat 1,1,2.16,3.28,-0.6800000000000002,-1.7999999999999998
-1.3599999999999999,2.84,0.5049,0.037653,0.70824,-0.18333,-0.6841,2.1,7.525,216.0,2.8397,0.5049,5.049,3.4713818636354956,,20.83984127555587,13.042529339656125,Peat,20.83984127555587,-15.79084127555587,Peat 1,1,2.16,3.28,-0.6800000000000002,-1.7999999999999998
-1.38,2.86,0.49615,0.037372,0.68737,-0.16667,-0.66686,2.4,7.5506,217.0,2.8597,0.49615,4.9615,3.4783256707525902,,20.894624868247345,13.052885971116927,Peat,20.894624868247345,-15.933124868247344,Peat 1,1,2.16,3.28,-0.6800000000000002,-1.7999999999999998
-1.4,2.88,0.47654,0.036779,0.70117,-0.21667,-0.66686,2.45,7.4671,218.0,2.8797,0.47654,4.7654000000000005,3.489411746966894,,20.71431720748109,13.018932162774279,Peat,20.71431720748109,-15.948917207481092,Peat 1,1,2.16,3.28,-0.6800000000000002,-1.7999999999999998
-1.42,2.9,0.47279,0.03506,0.72834,-0.25,-0.6841,2.45,7.1157,219.0,2.8997,0.47279,4.7279,3.479650171771261,,19.898619387790035,12.870255207039978,Peat,19.898619387790035,-15.170719387790035,Peat 1,1,2.16,3.28,-0.6800000000000002,-1.7999999999999998
-1.44,2.92,0.47805,0.03336,0.71759,-0.21667,-0.6841,2.4,6.6766,220.0,2.9197,0.47805,4.7805,3.4593707159048375,,18.713147970600563,12.669632300761787,Peat,18.713147970600563,-13.932647970600563,Peat 1,1,2.16,3.28,-0.6800000000000002,-1.7999999999999998
-1.46,2.94,0.49539,0.031953,0.71217,-0.25,-0.66686,2.4,6.0605,220.0,2.9397,0.49539,4.9539,3.4221276948281365,,16.532586872938467,12.353721591244357,Peat,16.532586872938467,-11.578686872938466,Peat 1,1,2.16,3.28,-0.6800000000000002,-1.7999999999999998
-1.48,2.96,0.50299,0.031322,0.71217,-0.25,-0.66686,2.4,5.3199,221.0,2.9597,0.50299,5.0299000000000005,3.383903653698555,,11.435963972165704,11.90090345235255,Peat,11.435963972165704,-6.406063972165703,Peat 1,1,2.16,3.28,-0.6800000000000002,-1.7999999999999998
-1.5,2.98,0.51489,0.0308,0.7065,-0.23333,-0.66686,2.4,4.393,222.0,2.9797,0.51489,5.1489,3.3283657305023455,,,11.146429369587677,Organic clay,11.146429369587677,-5.997529369587677,Peat 1,1,2.16,3.28,-0.6800000000000002,-1.7999999999999998
-1.52,3.0,0.56042,0.0302,0.71217,-0.25,-0.66686,2.4,3.5965,223.0,2.9997,0.56042,5.6042000000000005,3.249651995063679,,,10.132573641501594,Organic clay,10.132573641501594,-4.528373641501593,Peat 1,1,2.16,3.28,-0.6800000000000002,-1.7999999999999998
-1.54,3.02,0.71689,0.0297,0.77242,-0.28333,-0.71859,2.4,2.9768,224.0,3.0197,0.71689,7.1689,3.1152281478719472,,,8.494975634895972,Organic clay,8.494975634895972,-1.3260756348959726,Peat 1,1,2.16,3.28,-0.6800000000000002,-1.7999999999999998
-1.56,3.04,0.96873,0.030878,0.79473,-0.30028,-0.73583,2.4,2.5672,225.0,3.0397,0.96873,9.6873,2.9705870984739815,,,,Clay & silt,,,Peat 1,1,2.16,3.28,-0.6800000000000002,-1.7999999999999998
-1.58,3.06,1.3716,0.032467,0.74709,-0.30028,-0.6841,2.4,2.22,225.0,3.0597,1.3716,13.716,2.809855741356359,,,,Silty clay / clayey silt,,,Peat 1,1,2.16,3.28,-0.6800000000000002,-1.7999999999999998
-1.6,3.08,1.5868,0.031504,0.76974,-0.31723,-0.70134,2.4,1.7666,226.0,3.0797,1.5868,15.868,2.7024107934193027,,,,Silty clay / clayey silt,,,Peat 1,1,2.16,3.28,-0.6800000000000002,-1.7999999999999998
-1.62,3.1,1.7593,0.025886,0.72834,-0.25,-0.6841,2.4,1.2099,227.0,3.0997,1.7593,17.593000000000004,2.578035831336107,,,,Sand mixtures,,,Peat 1,1,2.16,3.28,-0.6800000000000002,-1.7999999999999998
-1.6400000000000001,3.12,2.1437,0.0257,0.72834,-0.25,-0.6841,2.4,1.0187,228.0,3.1197,2.1437,21.436999999999998,2.466316510700092,,,,Sand mixtures,,,Peat 1,1,2.16,3.28,-0.6800000000000002,-1.7999999999999998
-1.6600000000000001,3.14,2.5924,0.0256,0.71273,-0.2,-0.6841,2.4,0.88083,229.0,3.1397,2.5924,25.924,2.3633313376799068,,,,Sand mixtures,,,Peat 1,1,2.16,3.28,-0.6800000000000002,-1.7999999999999998
-1.6800000000000002,3.16,3.1264,0.0254,0.63218,-0.25,-0.58065,2.4,0.77506,230.0,3.1597,3.1264,31.263999999999996,2.2651873922510357,,,,Sand mixtures,,,Peat 1,1,2.16,3.28,-0.6800000000000002,-1.7999999999999998
-1.7000000000000002,3.18,3.5669,0.025886,0.66162,-0.28333,-0.5979,2.4,0.71415,230.0,3.1797,3.5669,35.669000000000004,2.1978698380670387,,,,Sand mixtures,,,Peat 1,1,2.16,3.28,-0.6800000000000002,-1.7999999999999998
-1.7200000000000002,3.2,4.0344,0.030198,0.62333,-0.26667,-0.56341,2.4,0.76584,231.0,3.1997,4.0344,40.343999999999994,2.1666658552884384,,,,Sand mixtures,,,Peat 1,1,2.16,3.28,-0.6800000000000002,-1.7999999999999998
-1.7400000000000002,3.22,4.4406,0.035697,0.64657,-0.31723,-0.56341,2.4,0.83093,232.0,3.2197,4.4406,44.40599999999999,2.1494943668719575,,,,Sand mixtures,,,Peat 1,1,2.16,3.28,-0.6800000000000002,-1.7999999999999998
-1.7600000000000002,3.24,4.5533,0.040116,0.65505,-0.33418,-0.56341,2.4,0.83612,233.0,3.2397,4.5533,45.533,2.1417141038678666,,,,Sand mixtures,,,Peat 1,1,2.16,3.28,-0.6800000000000002,-1.7999999999999998
-1.7799999999999998,3.26,4.5401,0.03992,0.64657,-0.31723,-0.56341,2.4,0.74789,234.0,3.2597,4.5401,45.400999999999996,2.117359857838728,,,,Sand mixtures,,,Peat 1,1,2.16,3.28,-0.6800000000000002,-1.7999999999999998
-1.7999999999999998,3.28,4.6905,0.041727,0.65505,-0.33418,-0.56341,2.4,0.71701,235.0,3.2797,4.6905,46.905,2.095797476964026,,,,Sand mixtures,,,Sand 2,2,3.28,5.06,-1.7999999999999998,-3.5799999999999996
-1.8199999999999998,3.3,5.4162,0.042025,0.65505,-0.33418,-0.56341,2.4,0.67476,235.0,3.2997,5.4162,54.162,2.028662228013866,,,,Sand,,,Sand 2,2,3.28,5.06,-1.7999999999999998,-3.5799999999999996
-1.8399999999999999,3.32,7.1409,0.040782,0.66823,-0.38503,-0.54617,2.4,0.61617,236.0,3.3197,7.1409,71.409,1.9057150160123535,,,,Sand,,,Sand 2,2,3.28,5.06,-1.7999999999999998,-3.5799999999999996
-1.8599999999999999,3.34,7.8857,0.040891,0.61315,-0.38503,-0.47721,2.4,0.58427,237.0,3.3397,7.8857,78.857,1.8569431782264407,,,,Sand,,,Sand 2,2,3.28,5.06,-1.7999999999999998,-3.5799999999999996
-1.88,3.36,7.8893,0.043773,0.57574,-0.36808,-0.44272,2.4,0.5946,238.0,3.3597,7.8893,78.893,1.8608307643016873,,,,Sand,,,Sand 2,2,3.28,5.06,-1.7999999999999998,-3.5799999999999996
-1.9,3.38,7.7085,0.043322,0.54102,-0.33418,-0.42548,2.4,0.56399,239.0,3.3797,7.7085,77.085,1.8572432556642229,,,,Sand,,,Sand 2,2,3.28,5.06,-1.7999999999999998,-3.5799999999999996
-1.92,3.4,7.6778,0.0438,0.50136,-0.33418,-0.37376,2.4,0.55785,240.0,3.3997,7.6778,76.778,1.8562409253519974,,,,Sand,,,Sand 2,2,3.28,5.06,-1.7999999999999998,-3.5799999999999996
-1.94,3.42,7.5795,0.0442,0.47722,-0.31723,-0.35652,2.4,0.55387,240.0,3.4197,7.5795,75.795,1.8594079240495418,,,,Sand,,,Sand 2,2,3.28,5.06,-1.7999999999999998,-3.5799999999999996
-1.96,3.44,7.5961,0.044689,0.48826,-0.35113,-0.33928,2.4,0.54875,241.0,3.4397,7.5961,75.961,1.856507878359955,,,,Sand,,,Sand 2,2,3.28,5.06,-1.7999999999999998,-3.5799999999999996
-1.98,3.46,7.9726,0.049901,0.47722,-0.31723,-0.35652,2.4,0.59648,242.0,3.4597,7.9726,79.726,1.8577109049611653,,,,Sand,,,Sand 2,2,3.28,5.06,-1.7999999999999998,-3.5799999999999996
-2.0,3.48,8.5033,0.054596,0.45249,-0.33418,-0.30508,2.4,0.63407,243.0,3.4797,8.5033,85.03299999999999,1.848684703528539,,,,Sand,,,Sand 2,2,3.28,5.06,-1.7999999999999998,-3.5799999999999996
-2.02,3.5,8.9145,0.061491,0.46409,-0.33418,-0.32203,2.4,0.6927,244.0,3.4997,8.9145,89.145,1.8533378690655296,,,,Sand,,,Sand 2,2,3.28,5.06,-1.7999999999999998,-3.5799999999999996
-2.04,3.52,9.1982,0.068661,0.43037,-0.33418,-0.27119,2.4,0.75018,245.0,3.5197,9.1982,91.98200000000001,1.8623422190899754,,,,Sand,,,Sand 2,2,3.28,5.06,-1.7999999999999998,-3.5799999999999996
-2.06,3.54,9.4855,0.071464,0.46744,-0.36808,-0.28814,2.4,0.76089,245.0,3.5397,9.4855,94.855,1.8552032333917836,,,,Sand,,,Sand 2,2,3.28,5.06,-1.7999999999999998,-3.5799999999999996
-2.08,3.56,9.633,0.073581,0.47094,-0.38503,-0.27119,2.4,0.76845,246.0,3.5597,9.633,96.33,1.8523743108952169,,,,Sand,,,Sand 2,2,3.28,5.06,-1.7999999999999998,-3.5799999999999996
-2.1,3.58,9.7127,0.074178,0.5046,-0.43588,-0.25424,2.4,0.76287,247.0,3.5797,9.7127,97.12700000000001,1.8476141198985843,,,,Sand,,,Sand 2,2,3.28,5.06,-1.7999999999999998,-3.5799999999999996
-2.12,3.6,9.8007,0.074754,0.4809,-0.38503,-0.28814,2.4,0.75862,248.0,3.5997,9.8007,98.007,1.8430230632546727,,,,Sand,,,Sand 2,2,3.28,5.06,-1.7999999999999998,-3.5799999999999996
-2.14,3.62,9.8895,0.0728,0.5225,-0.43588,-0.28814,2.4,0.73062,249.0,3.6197,9.8895,98.895,1.830163416799638,,,,Sand,,,Sand 2,2,3.28,5.06,-1.7999999999999998,-3.5799999999999996
-2.16,3.64,9.9677,0.06978,0.55109,-0.46977,-0.28814,2.4,0.69295,249.0,3.6397,9.9677,99.677,1.8138691559858349,,,,Sand,,,Sand 2,2,3.28,5.06,-1.7999999999999998,-3.5799999999999996
-2.18,3.66,10.101,0.068564,0.52781,-0.45282,-0.27119,2.4,0.67319,250.0,3.6596,10.101,101.01,1.8018546952321326,,,,Sand,,,Sand 2,2,3.28,5.06,-1.7999999999999998,-3.5799999999999996
-2.2,3.68,10.241,0.068347,0.52781,-0.45282,-0.27119,2.4,0.663,251.0,3.6796,10.241,102.41,1.7931399381914388,,,,Sand,,,Sand 2,2,3.28,5.06,-1.7999999999999998,-3.5799999999999996
-2.22,3.7,10.368,0.068408,0.50844,-0.41893,-0.28814,2.4,0.65571,252.0,3.6996,10.368,103.68,1.7859939633561452,,,,Sand,,,Sand 2,2,3.28,5.06,-1.7999999999999998,-3.5799999999999996
-2.24,3.72,10.48,0.077851,0.54242,-0.46977,-0.27119,2.4,0.73682,253.0,3.7196,10.48,104.8,1.8121278203931772,,,,Sand,,,Sand 2,2,3.28,5.06,-1.7999999999999998,-3.5799999999999996
-2.2600000000000002,3.74,10.632,0.079218,0.49003,-0.41893,-0.25424,2.4,0.74064,254.0,3.7396,10.632,106.32,1.8084811642389935,,,,Sand,,,Sand 2,2,3.28,5.06,-1.7999999999999998,-3.5799999999999996
-2.28,3.76,10.79,0.079233,0.48489,-0.40198,-0.27119,2.4,0.73214,255.0,3.7596,10.79,107.9,1.8003476902826516,,,,Sand,,,Sand 2,2,3.28,5.06,-1.7999999999999998,-3.5799999999999996
-2.3,3.78,10.882,0.078191,0.50463,-0.40198,-0.30508,2.4,0.71436,255.0,3.7796,10.882,108.82,1.7909834973899021,,,,Sand,,,Sand 2,2,3.28,5.06,-1.7999999999999998,-3.5799999999999996
-2.32,3.8,11.033,0.076924,0.5225,-0.43588,-0.28814,2.4,0.69361,256.0,3.7996,11.033,110.33,1.778530091070901,,,,Sand,,,Sand 2,2,3.28,5.06,-1.7999999999999998,-3.5799999999999996
-2.34,3.82,11.141,0.076491,0.546,-0.45282,-0.30508,0.65,0.68044,270.0,3.8196,11.141,111.41,1.7701726595101108,,,,Sand,,,Sand 2,2,3.28,5.06,-1.7999999999999998,-3.5799999999999996
-2.36,3.84,11.25,0.075777,0.57947,-0.46977,-0.33928,2.35,0.66547,271.0,3.8396,11.25,112.5,1.7610352620600447,,,,Sand,,,Sand 2,2,3.28,5.06,-1.7999999999999998,-3.5799999999999996
-2.38,3.86,11.358,0.076859,0.58026,-0.50367,-0.28814,2.45,0.66644,272.0,3.8596,11.358,113.58,1.7580693832841254,,,,Sand,,,Sand 2,2,3.28,5.06,-1.7999999999999998,-3.5799999999999996
-2.4,3.88,11.636,0.077757,0.56561,-0.48672,-0.28814,2.45,0.66653,272.0,3.8796,11.636,116.36,1.7496647629618882,,,,Sand,,,Sand 2,2,3.28,5.06,-1.7999999999999998,-3.5799999999999996
-2.42,3.9,11.841,0.077552,0.59329,-0.48672,-0.33928,2.4,0.65781,273.0,3.8996,11.841,118.41,1.7401656825043235,,,,Sand,,,Sand 2,2,3.28,5.06,-1.7999999999999998,-3.5799999999999996
-2.44,3.92,11.954,0.077192,0.56561,-0.48672,-0.28814,2.4,0.64853,274.0,3.9196,11.954,119.54,1.7331759909273035,,,,Sand,,,Sand 2,2,3.28,5.06,-1.7999999999999998,-3.5799999999999996
-2.46,3.94,12.05,0.077688,0.61216,-0.52062,-0.32203,2.4,0.64751,275.0,3.9396,12.05,120.5,1.7299786953205827,,,,Sand,,,Sand 2,2,3.28,5.06,-1.7999999999999998,-3.5799999999999996
-2.48,3.96,12.098,0.078078,0.62664,-0.53757,-0.32203,2.4,0.64797,276.0,3.9596,12.098,120.98,1.7287767700491397,,,,Sand,,,Sand 2,2,3.28,5.06,-1.7999999999999998,-3.5799999999999996
-2.5,3.98,12.13,0.078769,0.57203,-0.50367,-0.27119,2.4,0.65311,276.0,3.9796,12.13,121.3,1.729907104384808,,,,Sand,,,Sand 2,2,3.28,5.06,-1.7999999999999998,-3.5799999999999996
-2.52,4.0,12.155,0.079762,0.62664,-0.53757,-0.32203,2.4,0.66211,277.0,3.9996,12.155,121.55,1.7327548537936794,,,,Sand,,,Sand 2,2,3.28,5.06,-1.7999999999999998,-3.5799999999999996
-2.5399999999999996,4.02,12.12,0.080213,0.60991,-0.53757,-0.28814,2.4,0.66761,278.0,4.0196,12.12,121.2,1.7359155896633724,,,,Sand,,,Sand 2,2,3.28,5.06,-1.7999999999999998,-3.5799999999999996
-2.56,4.04,12.049,0.080744,0.6181,-0.53757,-0.30508,2.4,0.6745,279.0,4.0396,12.049,120.49,1.7406378865429326,,,,Sand,,,Sand 2,2,3.28,5.06,-1.7999999999999998,-3.5799999999999996
-2.5799999999999996,4.06,11.93,0.081106,0.61216,-0.52062,-0.32203,2.4,0.68069,280.0,4.0596,11.93,119.3,1.746468788707449,,,,Sand,,,Sand 2,2,3.28,5.06,-1.7999999999999998,-3.5799999999999996
-2.6,4.08,11.842,0.081581,0.60209,-0.53757,-0.27119,2.4,0.68847,281.0,4.0796,11.842,118.42,1.7520109272179234,,,,Sand,,,Sand 2,2,3.28,5.06,-1.7999999999999998,-3.5799999999999996
-2.6199999999999997,4.1,11.796,0.081594,0.6181,-0.53757,-0.30508,2.4,0.69248,282.0,4.0996,11.796,117.96,1.7548815270729654,,,,Sand,,,Sand 2,2,3.28,5.06,-1.7999999999999998,-3.5799999999999996
-2.64,4.12,11.746,0.080993,0.60342,-0.52062,-0.30508,2.4,0.69106,282.0,4.1196,11.746,117.46,1.7558136742596469,,,,Sand,,,Sand 2,2,3.28,5.06,-1.7999999999999998,-3.5799999999999996
-2.6599999999999997,4.14,11.685,0.08035,0.6329,-0.55452,-0.30508,2.4,0.68859,283.0,4.1396,11.685,116.85,1.756680415732529,,,,Sand,,,Sand 2,2,3.28,5.06,-1.7999999999999998,-3.5799999999999996
-2.68,4.16,11.628,0.079653,0.6329,-0.55452,-0.30508,2.4,0.68527,284.0,4.1596,11.628,116.28,1.7571141428243928,,,,Sand,,,Sand 2,2,3.28,5.06,-1.7999999999999998,-3.5799999999999996
-2.6999999999999997,4.18,11.587,0.078572,0.61727,-0.55452,-0.27119,2.4,0.67868,285.0,4.1796,11.587,115.87,1.7558237124229445,,,,Sand,,,Sand 2,2,3.28,5.06,-1.7999999999999998,-3.5799999999999996
-2.72,4.2,11.547,0.077492,0.6249,-0.55452,-0.28814,2.4,0.67186,286.0,4.1996,11.547,115.47,1.754404714988466,,,,Sand,,,Sand 2,2,3.28,5.06,-1.7999999999999998,-3.5799999999999996
-2.7399999999999998,4.22,11.519,0.077194,0.6329,-0.55452,-0.30508,2.4,0.67116,287.0,4.2196,11.519,115.19,1.7549806659922376,,,,Sand,,,Sand 2,2,3.28,5.06,-1.7999999999999998,-3.5799999999999996
-2.7600000000000002,4.24,11.48,0.076109,0.66333,-0.60537,-0.27119,2.4,0.66296,288.0,4.2396,11.48,114.8,1.7529859465833049,,,,Sand,,,Sand 2,2,3.28,5.06,-1.7999999999999998,-3.5799999999999996
-2.78,4.26,11.425,0.075444,0.66333,-0.60537,-0.27119,2.4,0.65758,288.0,4.2596,11.425,114.25,1.7525659402258356,,,,Sand,,,Sand 2,2,3.28,5.06,-1.7999999999999998,-3.5799999999999996
-2.8000000000000003,4.28,11.4,0.075227,0.66333,-0.60537,-0.27119,2.4,0.65509,289.0,4.2796,11.4,114.0,1.7523577258887388,,,,Sand,,,Sand 2,2,3.28,5.06,-1.7999999999999998,-3.5799999999999996
-2.82,4.3,11.426,0.074458,0.67043,-0.60537,-0.28814,2.4,0.64705,290.0,4.2996,11.426,114.26,1.748392280871447,,,,Sand,,,Sand 2,2,3.28,5.06,-1.7999999999999998,-3.5799999999999996
-2.8400000000000003,4.32,11.457,0.074884,0.67789,-0.60537,-0.30508,2.4,0.64882,291.0,4.3196,11.457,114.57,1.7481422458094444,,,,Sand,,,Sand 2,2,3.28,5.06,-1.7999999999999998,-3.5799999999999996
-2.86,4.34,11.53,0.076315,0.71668,-0.65621,-0.28814,2.4,0.65902,292.0,4.3396,11.53,115.3,1.7499299957650105,,,,Sand,,,Sand 2,2,3.28,5.06,-1.7999999999999998,-3.5799999999999996
-2.8800000000000003,4.36,11.631,0.076546,0.71003,-0.65621,-0.27119,2.4,0.65909,292.0,4.3596,11.631,116.31,1.746910870748107,,,,Sand,,,Sand 2,2,3.28,5.06,-1.7999999999999998,-3.5799999999999996
-2.9,4.38,11.708,0.076498,0.73223,-0.67316,-0.28814,2.4,0.65743,293.0,4.3796,11.708,117.08,1.7439559414418484,,,,Sand,,,Sand 2,2,3.28,5.06,-1.7999999999999998,-3.5799999999999996
-2.9200000000000004,4.4,11.755,0.077048,0.6944,-0.63927,-0.27119,2.4,0.66181,294.0,4.3996,11.755,117.55,1.7442770794347038,,,,Sand,,,Sand 2,2,3.28,5.06,-1.7999999999999998,-3.5799999999999996
-2.94,4.42,11.734,0.076929,0.71003,-0.65621,-0.27119,2.4,0.66171,295.0,4.4196,11.734,117.34,1.7448611776949934,,,,Sand,,,Sand 2,2,3.28,5.06,-1.7999999999999998,-3.5799999999999996
-2.9600000000000004,4.44,11.668,0.075564,0.74784,-0.69011,-0.28814,2.4,0.65251,296.0,4.4396,11.668,116.68,1.7432124541523653,,,,Sand,,,Sand 2,2,3.28,5.06,-1.7999999999999998,-3.5799999999999996
-2.98,4.46,11.603,0.072933,0.68188,-0.63927,-0.23729,2.4,0.63439,297.0,4.4596,11.603,116.03,1.7379427855586025,,,,Sand,,,Sand 2,2,3.28,5.06,-1.7999999999999998,-3.5799999999999996
-3.0000000000000004,4.48,11.505,0.069135,0.71375,-0.67316,-0.23729,2.4,0.607,297.0,4.4796,11.505,115.05,1.7297364131937834,,,,Sand,,,Sand 2,2,3.28,5.06,-1.7999999999999998,-3.5799999999999996
-3.02,4.5,11.401,0.06624,0.70374,-0.65621,-0.25424,2.4,0.5872,298.0,4.4996,11.401,114.01,1.724653033321086,,,,Sand,,,Sand 2,2,3.28,5.06,-1.7999999999999998,-3.5799999999999996
-3.0399999999999996,4.52,11.27,0.060673,0.72976,-0.69011,-0.23729,2.4,0.54302,299.0,4.5196,11.27,112.7,1.7095651611831446,,,,Sand,,,Sand 2,2,3.28,5.06,-1.7999999999999998,-3.5799999999999996
-3.06,4.54,11.035,0.056636,0.7083,-0.67316,-0.22034,2.4,0.5127,300.0,4.5396,11.035,110.35,1.7034155657775114,,,,Sand,,,Sand 2,2,3.28,5.06,-1.7999999999999998,-3.5799999999999996
-3.0799999999999996,4.56,10.899,0.053236,0.72976,-0.69011,-0.23729,2.4,0.48787,301.0,4.5596,10.899,108.99,1.6962892930147426,,,,Sand,,,Sand 2,2,3.28,5.06,-1.7999999999999998,-3.5799999999999996
-3.1,4.58,10.863,0.0525,0.76734,-0.72401,-0.25424,2.4,0.48703,302.0,4.5796,10.863,108.63,1.697102651043554,,,,Sand,,,Sand 2,2,3.28,5.06,-1.7999999999999998,-3.5799999999999996
-3.1199999999999997,4.6,10.809,0.0517,0.73545,-0.69011,-0.25424,2.45,0.48562,302.0,4.5996,10.809,108.09,1.6982595516224528,,,,Sand,,,Sand 2,2,3.28,5.06,-1.7999999999999998,-3.5799999999999996
-3.14,4.62,10.59,0.050926,0.76734,-0.72401,-0.25424,2.4,0.48416,303.0,4.6196,10.59,105.9,1.7050896183830737,,,,Sand,,,Sand 2,2,3.28,5.06,-1.7999999999999998,-3.5799999999999996
-3.1599999999999997,4.64,10.429,0.052358,0.76734,-0.72401,-0.25424,2.35,0.5044,304.0,4.6396,10.429,104.29,1.7202073122112358,,,,Sand,,,Sand 2,2,3.28,5.06,-1.7999999999999998,-3.5799999999999996
-3.18,4.66,10.342,0.053954,0.73545,-0.69011,-0.25424,2.4,0.52752,305.0,4.6596,10.342,103.42,1.7337791569066132,,,,Sand,,,Sand 2,2,3.28,5.06,-1.7999999999999998,-3.5799999999999996
-3.1999999999999997,4.68,10.201,0.057356,0.75679,-0.72401,-0.22034,2.45,0.57025,306.0,4.6796,10.201,102.01,1.7573469996829523,,,,Sand,,,Sand 2,2,3.28,5.06,-1.7999999999999998,-3.5799999999999996
-3.22,4.7,10.014,0.05964,0.78335,-0.74096,-0.25424,2.35,0.60344,307.0,4.6996,10.014,100.14,1.7777465102452081,,,,Sand,,,Sand 2,2,3.28,5.06,-1.7999999999999998,-3.5799999999999996
-3.2399999999999998,4.72,9.7935,0.057993,0.77302,-0.74096,-0.22034,2.4,0.59778,308.0,4.7196,9.7935,97.935,1.7834571307674043,,,,Sand,,,Sand 2,2,3.28,5.06,-1.7999999999999998,-3.5799999999999996
-3.2600000000000002,4.74,9.6434,0.05915,0.77802,-0.74096,-0.23729,2.35,0.6234,308.0,4.7396,9.6434,96.434,1.7992397306542,,,,Sand,,,Sand 2,2,3.28,5.06,-1.7999999999999998,-3.5799999999999996
-3.28,4.76,9.4512,0.059193,0.74059,-0.70706,-0.22034,2.4,0.63986,309.0,4.7596,9.4512,94.512,1.8128484753808027,,,,Sand,,,Sand 2,2,3.28,5.06,-1.7999999999999998,-3.5799999999999996
-3.3000000000000003,4.78,9.1929,0.058866,0.76836,-0.74096,-0.20339,2.45,0.65445,310.0,4.7796,9.1929,91.929,1.8283121524795263,,,,Sand,,,Sand 2,2,3.28,5.06,-1.7999999999999998,-3.5799999999999996
-3.32,4.8,8.9738,0.056425,0.77802,-0.74096,-0.23729,2.35,0.64527,311.0,4.7996,8.9738,89.73800000000001,1.8335016086369398,,,,Sand,,,Sand 2,2,3.28,5.06,-1.7999999999999998,-3.5799999999999996
-3.3400000000000003,4.82,8.6374,0.056015,0.8011,-0.77486,-0.20339,0.7,0.66058,324.0,4.8196,8.6374,86.374,1.8529505886683202,,,,Sand,,,Sand 2,2,3.28,5.06,-1.7999999999999998,-3.5799999999999996
-3.36,4.84,8.3011,0.052868,0.78928,-0.75791,-0.22034,2.3,0.64544,325.0,4.8396,8.3011,83.01100000000001,1.8616614547183024,,,,Sand,,,Sand 2,2,3.28,5.06,-1.7999999999999998,-3.5799999999999996
-3.3800000000000003,4.86,7.9648,0.047831,0.8011,-0.77486,-0.20339,2.4,0.60505,326.0,4.8596,7.9648,79.648,1.8613967906487843,,,,Sand,,,Sand 2,2,3.28,5.06,-1.7999999999999998,-3.5799999999999996
-3.4,4.88,7.7906,0.044322,0.8011,-0.77486,-0.20339,2.45,0.58253,327.0,4.8796,7.7906,77.906,1.8607231250123724,,,,Sand,,,Sand 2,2,3.28,5.06,-1.7999999999999998,-3.5799999999999996
-3.4200000000000004,4.9,7.5255,0.04101,0.82189,-0.79181,-0.22034,2.4,0.56071,328.0,4.8996,7.5255,75.255,1.8648279962674918,,,,Sand,,,Sand 2,2,3.28,5.06,-1.7999999999999998,-3.5799999999999996
-3.44,4.92,7.1415,0.0403,0.78472,-0.75791,-0.20339,2.4,0.57323,329.0,4.9196,7.1415,71.415,1.8892495946513397,,,,Sand,,,Sand 2,2,3.28,5.06,-1.7999999999999998,-3.5799999999999996
-3.4600000000000004,4.94,6.9081,0.0397,0.80557,-0.77486,-0.22034,2.4,0.58642,329.0,4.9396,6.9081,69.081,1.9067112797900623,,,,Sand,,,Sand 2,2,3.28,5.06,-1.7999999999999998,-3.5799999999999996
-3.48,4.96,6.5992,0.038985,0.81751,-0.79181,-0.20339,2.4,0.59889,330.0,4.9596,6.5992,65.992,1.9284398255785544,,,,Sand,,,Sand 2,2,3.28,5.06,-1.7999999999999998,-3.5799999999999996
-3.5000000000000004,4.98,6.2817,0.039945,0.80557,-0.77486,-0.22034,2.4,0.63831,331.0,4.9796,6.2817,62.817,1.9611261451516049,,,,Sand,,,Sand 2,2,3.28,5.06,-1.7999999999999998,-3.5799999999999996
-3.52,5.0,6.0311,0.038389,0.81346,-0.79181,-0.18644,2.4,0.6365,332.0,4.9996,6.0311,60.31100000000001,1.9755817036776882,,,,Sand,,,Sand 2,2,3.28,5.06,-1.7999999999999998,-3.5799999999999996
-3.5399999999999996,5.02,5.8817,0.038946,0.85038,-0.82571,-0.20339,2.4,0.67138,333.0,5.0196,5.8817,58.81700000000001,1.9969560139643987,,,,Sand,,,Sand 2,2,3.28,5.06,-1.7999999999999998,-3.5799999999999996
-3.56,5.04,5.7073,0.038414,0.7805,-0.75791,-0.18644,2.4,0.68875,334.0,5.0395,5.7073,57.073,2.0139051902200316,,,,Sand,,,Sand 2,2,3.28,5.06,-1.7999999999999998,-3.5799999999999996
-3.5799999999999996,5.06,5.5128,0.038849,0.82996,-0.80876,-0.18644,2.4,0.72325,335.0,5.0595,5.5128,55.128,2.037895356749889,,,,Sand,,,Sand mixtures 3,3,5.06,6.18,-3.5799999999999996,-4.699999999999999
-3.6,5.08,5.3276,0.039187,0.81346,-0.79181,-0.18644,2.4,0.75796,335.0,5.0795,5.3276,53.276,2.061286972458506,,,,Sand mixtures,,,Sand mixtures 3,3,5.06,6.18,-3.5799999999999996,-4.699999999999999
-3.6199999999999997,5.1,5.0654,0.039303,0.80557,-0.77486,-0.22034,2.4,0.79169,336.0,5.0995,5.0654,50.654,2.089917287866947,,,,Sand mixtures,,,Sand mixtures 3,3,5.06,6.18,-3.5799999999999996,-4.699999999999999
-3.64,5.12,4.8111,0.037667,0.79317,-0.77486,-0.16949,2.4,0.79031,337.0,5.1195,4.8111,48.111,2.1084452430367926,,,,Sand mixtures,,,Sand mixtures 3,3,5.06,6.18,-3.5799999999999996,-4.699999999999999
-3.6599999999999997,5.14,4.6344,0.036656,0.84649,-0.82571,-0.18644,2.4,0.80028,338.0,5.1395,4.6344,46.34400000000001,2.125114562709996,,,,Sand mixtures,,,Sand mixtures 3,3,5.06,6.18,-3.5799999999999996,-4.699999999999999
-3.68,5.16,4.4201,0.035906,0.84292,-0.82571,-0.16949,2.4,0.81293,339.0,5.1595,4.4201,44.20099999999999,2.1461752407622856,,,,Sand mixtures,,,Sand mixtures 3,3,5.06,6.18,-3.5799999999999996,-4.699999999999999
-3.6999999999999997,5.18,4.2369,0.034793,0.81346,-0.79181,-0.18644,2.4,0.81269,339.0,5.1795,4.2369,42.36900000000001,2.161758913858041,,,,Sand mixtures,,,Sand mixtures 3,3,5.06,6.18,-3.5799999999999996,-4.699999999999999
-3.72,5.2,4.1199,0.032909,0.82004,-0.80876,-0.13559,2.4,0.78884,340.0,5.1995,4.1199,41.199000000000005,2.1654352233905048,,,,Sand mixtures,,,Sand mixtures 3,3,5.06,6.18,-3.5799999999999996,-4.699999999999999
-3.7399999999999998,5.22,4.0275,0.03293,0.84649,-0.82571,-0.18644,2.4,0.80899,341.0,5.2195,4.0275,40.275,2.179529343736875,,,,Sand mixtures,,,Sand mixtures 3,3,5.06,6.18,-3.5799999999999996,-4.699999999999999
-3.7600000000000002,5.24,4.0201,0.031979,0.83967,-0.82571,-0.15254,2.4,0.80265,342.0,5.2395,4.0201,40.201,2.1784469939502036,,,,Sand mixtures,,,Sand mixtures 3,3,5.06,6.18,-3.5799999999999996,-4.699999999999999
-3.78,5.26,3.9797,0.031888,0.85635,-0.84266,-0.15254,2.4,0.81327,343.0,5.2595,3.9797,39.797,2.185152252018633,,,,Sand mixtures,,,Sand mixtures 3,3,5.06,6.18,-3.5799999999999996,-4.699999999999999
-3.8000000000000003,5.28,3.9365,0.031351,0.84292,-0.82571,-0.16949,2.4,0.80873,344.0,5.2795,3.9365,39.365,2.1879562172523355,,,,Sand mixtures,,,Sand mixtures 3,3,5.06,6.18,-3.5799999999999996,-4.699999999999999
-3.82,5.3,3.8235,0.03039,0.84649,-0.82571,-0.18644,2.4,0.78899,344.0,5.2995,3.8235,38.235,2.1933198246339227,,,,Sand mixtures,,,Sand mixtures 3,3,5.06,6.18,-3.5799999999999996,-4.699999999999999
-3.8400000000000003,5.32,3.7296,0.030131,0.86303,-0.84266,-0.18644,2.4,0.78534,345.0,5.3195,3.7296,37.296,2.2015993968697507,,,,Sand mixtures,,,Sand mixtures 3,3,5.06,6.18,-3.5799999999999996,-4.699999999999999
-3.86,5.34,3.731,0.029444,0.87615,-0.8596,-0.16949,2.4,0.76828,346.0,5.3395,3.731,37.31,2.1966430778157613,,,,Sand mixtures,,,Sand mixtures 3,3,5.06,6.18,-3.5799999999999996,-4.699999999999999
-3.8800000000000003,5.36,3.7643,0.028979,0.85096,-0.84266,-0.11864,2.4,0.75569,347.0,5.3595,3.7643,37.643,2.189701138088608,,,,Sand mixtures,,,Sand mixtures 3,3,5.06,6.18,-3.5799999999999996,-4.699999999999999
-3.9,5.38,3.8296,0.027667,0.88698,-0.87655,-0.13559,2.4,0.71788,348.0,5.3795,3.8296,38.296,2.1721136319515955,,,,Sand mixtures,,,Sand mixtures 3,3,5.06,6.18,-3.5799999999999996,-4.699999999999999
-3.9200000000000004,5.4,3.8992,0.0276,0.90134,-0.8935,-0.11864,2.35,0.70986,349.0,5.3995,3.8992,38.992,2.162901752389545,,,,Sand mixtures,,,Sand mixtures 3,3,5.06,6.18,-3.5799999999999996,-4.699999999999999
-3.94,5.42,3.9458,0.0275,0.92609,-0.91045,-0.16949,2.4,0.70104,349.0,5.4195,3.9458,39.458,2.155731313163354,,,,Sand mixtures,,,Sand mixtures 3,3,5.06,6.18,-3.5799999999999996,-4.699999999999999
-3.9600000000000004,5.44,3.9554,0.027452,0.88454,-0.87655,-0.11864,2.45,0.69638,350.0,5.4395,3.9554,39.554,2.1533829197180734,,,,Sand mixtures,,,Sand mixtures 3,3,5.06,6.18,-3.5799999999999996,-4.699999999999999
-3.98,5.46,3.9771,0.027122,0.91274,-0.8935,-0.18644,2.45,0.68646,351.0,5.4595,3.9771,39.771,2.1482451428280216,,,,Sand mixtures,,,Sand mixtures 3,3,5.06,6.18,-3.5799999999999996,-4.699999999999999
-4.0,5.48,4.0022,0.027853,0.90643,-0.8935,-0.15254,2.35,0.70565,352.0,5.4795,4.0022,40.022000000000006,2.15178786333442,,,,Sand mixtures,,,Sand mixtures 3,3,5.06,6.18,-3.5799999999999996,-4.699999999999999
-4.02,5.5,4.0083,0.026534,0.90643,-0.8935,-0.15254,2.4,0.6755,353.0,5.4995,4.0083,40.083,2.1418568876827404,,,,Sand mixtures,,,Sand mixtures 3,3,5.06,6.18,-3.5799999999999996,-4.699999999999999
-4.039999999999999,5.52,3.9189,0.026467,0.92609,-0.91045,-0.16949,2.4,0.67806,354.0,5.5195,3.9189,39.18899999999999,2.1512037004039515,,,,Sand mixtures,,,Sand mixtures 3,3,5.06,6.18,-3.5799999999999996,-4.699999999999999
-4.0600000000000005,5.54,3.9013,0.026755,0.93296,-0.9274,-0.10169,2.4,0.69138,355.0,5.5395,3.9013,39.013000000000005,2.157047527815569,,,,Sand mixtures,,,Sand mixtures 3,3,5.06,6.18,-3.5799999999999996,-4.699999999999999
-4.08,5.56,3.8681,0.027883,0.93986,-0.9274,-0.15254,2.35,0.72961,355.0,5.5595,3.8681,38.681,2.171842666543028,,,,Sand mixtures,,,Sand mixtures 3,3,5.06,6.18,-3.5799999999999996,-4.699999999999999
-4.1,5.58,3.7936,0.028056,0.90373,-0.8935,-0.13559,2.4,0.74743,356.0,5.5795,3.7936,37.936,2.18439524470141,,,,Sand mixtures,,,Sand mixtures 3,3,5.06,6.18,-3.5799999999999996,-4.699999999999999
-4.119999999999999,5.6,3.7574,0.0277,0.90643,-0.8935,-0.15254,2.4,0.75374,357.0,5.5995,3.7574,37.574,2.1898280316216368,,,,Sand mixtures,,,Sand mixtures 3,3,5.06,6.18,-3.5799999999999996,-4.699999999999999
-4.140000000000001,5.62,3.709,0.028221,0.95659,-0.94435,-0.15254,2.4,0.78811,358.0,5.6195,3.709,37.09,2.2044479473820493,,,,Sand mixtures,,,Sand mixtures 3,3,5.06,6.18,-3.5799999999999996,-4.699999999999999
-4.16,5.64,3.6165,0.027224,0.95659,-0.94435,-0.15254,2.4,0.78408,359.0,5.6395,3.6165,36.165,2.2127900994260696,,,,Sand mixtures,,,Sand mixtures 3,3,5.06,6.18,-3.5799999999999996,-4.699999999999999
-4.18,5.66,3.4641,0.026626,0.95659,-0.94435,-0.15254,2.4,0.79346,360.0,5.6595,3.4641,34.641000000000005,2.2315504598963334,,,,Sand mixtures,,,Sand mixtures 3,3,5.06,6.18,-3.5799999999999996,-4.699999999999999
-4.199999999999999,5.68,3.2897,0.025201,0.97332,-0.9613,-0.15254,2.4,0.77975,360.0,5.6795,3.2897,32.897,2.2472301421046015,,,,Sand mixtures,,,Sand mixtures 3,3,5.06,6.18,-3.5799999999999996,-4.699999999999999
-4.220000000000001,5.7,3.1484,0.024077,0.97612,-0.9613,-0.16949,2.4,0.77726,361.0,5.6995,3.1484,31.484,2.2631365347767907,,,,Sand mixtures,,,Sand mixtures 3,3,5.06,6.18,-3.5799999999999996,-4.699999999999999
-4.24,5.72,2.9985,0.0235,0.99007,-0.97825,-0.15254,2.4,0.79368,362.0,5.7195,2.9985,29.985,2.2860527896378318,,,,Sand mixtures,,,Sand mixtures 3,3,5.06,6.18,-3.5799999999999996,-4.699999999999999
-4.26,5.74,2.8616,0.023,0.95403,-0.94435,-0.13559,2.4,0.80906,363.0,5.7395,2.8616,28.616000000000003,2.3078310466423355,,,,Sand mixtures,,,Sand mixtures 3,3,5.06,6.18,-3.5799999999999996,-4.699999999999999
-4.279999999999999,5.76,2.7677,0.022392,0.95659,-0.94435,-0.15254,2.4,0.81542,364.0,5.7595,2.7677,27.677000000000003,2.3221380395153775,,,,Sand mixtures,,,Sand mixtures 3,3,5.06,6.18,-3.5799999999999996,-4.699999999999999
-4.300000000000001,5.78,2.6343,0.022093,0.99007,-0.97825,-0.15254,2.4,0.82856,364.0,5.7795,2.6343,26.343000000000004,2.3442598911249193,,,,Sand mixtures,,,Sand mixtures 3,3,5.06,6.18,-3.5799999999999996,-4.699999999999999
-4.32,5.8,2.5229,0.022257,0.99007,-0.97825,-0.15254,2.4,0.84765,365.0,5.7995,2.5229,25.229,2.3654679750949223,,,,Sand mixtures,,,Sand mixtures 3,3,5.06,6.18,-3.5799999999999996,-4.699999999999999
-4.34,5.82,2.5192,0.021876,1.0262,-1.0121,-0.16949,0.4,0.83476,379.0,5.8195,2.5192,25.192000000000004,2.3628028248381443,,,,Sand mixtures,,,Sand mixtures 3,3,5.06,6.18,-3.5799999999999996,-4.699999999999999
-4.359999999999999,5.84,2.5156,0.021792,0.9876,-0.97825,-0.13559,2.1,0.82079,380.0,5.8395,2.5156,25.156,2.3598149511414803,,,,Sand mixtures,,,Sand mixtures 3,3,5.06,6.18,-3.5799999999999996,-4.699999999999999
-4.380000000000001,5.86,2.512,0.02166,0.95177,-0.94435,-0.11864,2.4,0.79183,381.0,5.8594,2.512,25.12,2.3529037708376714,,,,Sand mixtures,,,Sand mixtures 3,3,5.06,6.18,-3.5799999999999996,-4.699999999999999
-4.4,5.88,2.6724,0.021108,0.9876,-0.97825,-0.13559,2.45,0.73914,382.0,5.8794,2.6724,26.724,2.3150761264064745,,,,Sand mixtures,,,Sand mixtures 3,3,5.06,6.18,-3.5799999999999996,-4.699999999999999
-4.42,5.9,2.821,0.020953,0.98352,-0.97825,-0.10169,2.45,0.7003,382.0,5.8994,2.821,28.21,2.2833313303723077,,,,Sand mixtures,,,Sand mixtures 3,3,5.06,6.18,-3.5799999999999996,-4.699999999999999
-4.4399999999999995,5.92,3.0429,0.021002,1.0004,-0.9952,-0.10169,2.35,0.66756,383.0,5.9194,3.0429,30.429000000000002,2.2445457983584807,,,,Sand mixtures,,,Sand mixtures 3,3,5.06,6.18,-3.5799999999999996,-4.699999999999999
-4.460000000000001,5.94,3.278,0.021284,0.98352,-0.97825,-0.10169,2.4,0.642,384.0,5.9394,3.278,32.78,2.20804723980734,,,,Sand mixtures,,,Sand mixtures 3,3,5.06,6.18,-3.5799999999999996,-4.699999999999999
-4.48,5.96,3.4853,0.022402,0.96666,-0.9613,-0.10169,2.4,0.64459,385.0,5.9594,3.4853,34.853,2.185333528541034,,,,Sand mixtures,,,Sand mixtures 3,3,5.06,6.18,-3.5799999999999996,-4.699999999999999
-4.5,5.98,3.6087,0.023246,1.0004,-0.9952,-0.10169,2.4,0.63976,386.0,5.9794,3.6087,36.086999999999996,2.1704695563186602,,,,Sand mixtures,,,Sand mixtures 3,3,5.06,6.18,-3.5799999999999996,-4.699999999999999
-4.52,6.0,3.7481,0.023841,1.0157,-1.0121,-0.084746,2.4,0.63086,386.0,5.9994,3.7481,37.481,2.1530897307300516,,,,Sand mixtures,,,Sand mixtures 3,3,5.06,6.18,-3.5799999999999996,-4.699999999999999
-4.539999999999999,6.02,3.8651,0.024593,1.0157,-1.0121,-0.084746,2.4,0.62989,387.0,6.0194,3.8651,38.650999999999996,2.1410241136892374,,,,Sand mixtures,,,Sand mixtures 3,3,5.06,6.18,-3.5799999999999996,-4.699999999999999
-4.5600000000000005,6.04,3.9537,0.025343,1.0548,-1.046,-0.13559,2.4,0.63117,388.0,6.0394,3.9537,39.537,2.132794801252516,,,,Sand mixtures,,,Sand mixtures 3,3,5.06,6.18,-3.5799999999999996,-4.699999999999999
-4.58,6.06,4.0864,0.025989,1.0304,-1.0291,-0.050847,2.4,0.63031,389.0,6.0594,4.0864,40.864000000000004,2.119930305957639,,,,Sand mixtures,,,Sand mixtures 3,3,5.06,6.18,-3.5799999999999996,-4.699999999999999
-4.6,6.08,4.2076,0.026543,1.0144,-1.0121,-0.067797,2.4,0.62771,390.0,6.0794,4.2076,42.076,2.107942670837745,,,,Sand mixtures,,,Sand mixtures 3,3,5.06,6.18,-3.5799999999999996,-4.699999999999999
-4.619999999999999,6.1,4.2796,0.027288,1.0548,-1.046,-0.13559,2.4,0.62976,391.0,6.0994,4.2796,42.79600000000001,2.1021788931930243,,,,Sand mixtures,,,Sand mixtures 3,3,5.06,6.18,-3.5799999999999996,-4.699999999999999
-4.640000000000001,6.12,4.3725,0.027915,1.0144,-1.0121,-0.067797,2.4,0.62771,391.0,6.1194,4.3725,43.725,2.0933377359623813,,,,Sand mixtures,,,Sand mixtures 3,3,5.06,6.18,-3.5799999999999996,-4.699999999999999
-4.66,6.14,4.4728,0.028437,1.0664,-1.063,-0.084746,2.4,0.62273,392.0,6.1394,4.4728,44.728,2.0830494694006028,,,,Sand mixtures,,,Sand mixtures 3,3,5.06,6.18,-3.5799999999999996,-4.699999999999999
-4.68,6.16,4.5911,0.029123,1.0716,-1.063,-0.13559,2.4,0.62098,393.0,6.1594,4.5911,45.911,2.072556701371001,,,,Sand mixtures,,,Sand mixtures 3,3,5.06,6.18,-3.5799999999999996,-4.699999999999999
-4.699999999999999,6.18,4.7009,0.029619,1.0527,-1.046,-0.11864,2.4,0.61323,394.0,6.1794,4.7009,47.00899999999999,2.060936198172724,,,,Sand mixtures,,,Sand 3,3,6.18,24.12,-4.699999999999999,-22.64
-4.720000000000001,6.2,4.8668,0.030485,1.0864,-1.0799,-0.11864,2.4,0.61144,395.0,6.1994,4.8668,48.66799999999999,2.04718558148019,,,,Sand,,,Sand 3,3,6.18,24.12,-4.699999999999999,-22.64
-4.74,6.22,5.0417,0.031224,1.0473,-1.046,-0.050847,2.4,0.60511,396.0,6.2194,5.0417,50.417,2.031614157767117,,,,Sand,,,Sand 3,3,6.18,24.12,-4.699999999999999,-22.64
-4.76,6.24,5.1934,0.032053,1.0678,-1.063,-0.10169,2.4,0.59988,396.0,6.2394,5.1934,51.934,2.0185569080297943,,,,Sand,,,Sand 3,3,6.18,24.12,-4.699999999999999,-22.64
-4.779999999999999,6.26,5.401,0.033381,1.0678,-1.063,-0.10169,2.4,0.60207,397.0,6.2594,5.401,54.01,2.0045673060770923,,,,Sand,,,Sand 3,3,6.18,24.12,-4.699999999999999,-22.64
-4.800000000000001,6.28,5.6184,0.034207,1.0652,-1.063,-0.067797,2.4,0.59387,398.0,6.2794,5.6184,56.184000000000005,1.986744872387963,,,,Sand,,,Sand 3,3,6.18,24.12,-4.699999999999999,-22.64
-4.82,6.3,5.8671,0.035758,1.0811,-1.0799,-0.050847,2.4,0.59739,399.0,6.2994,5.8671,58.67099999999999,1.9717739519602602,,,,Sand,,,Sand 3,3,6.18,24.12,-4.699999999999999,-22.64
-4.84,6.32,6.0571,0.037878,1.0635,-1.063,-0.033898,2.4,0.60629,400.0,6.3194,6.0571,60.571000000000005,1.9631144363290665,,,,Sand,,,Sand 3,3,6.18,24.12,-4.699999999999999,-22.64
-4.859999999999999,6.34,6.3092,0.04078,1.0811,-1.0799,-0.050847,2.4,0.62235,401.0,6.3394,6.3092,63.092,1.9537789580563099,,,,Sand,,,Sand 3,3,6.18,24.12,-4.699999999999999,-22.64
-4.880000000000001,6.36,6.592,0.042056,1.0811,-1.0799,-0.050847,2.4,0.60982,402.0,6.3594,6.592,65.92,1.932918672574587,,,,Sand,,,Sand 3,3,6.18,24.12,-4.699999999999999,-22.64
-4.9,6.38,6.848,0.044735,1.0642,-1.063,-0.050847,2.4,0.61686,402.0,6.3794,6.848,68.48,1.9214210459808454,,,,Sand,,,Sand 3,3,6.18,24.12,-4.699999999999999,-22.64
-4.92,6.4,7.2864,0.047293,1.1159,-1.1138,-0.067797,2.4,0.61985,403.0,6.3994,7.2864,72.864,1.8996680231554817,,,,Sand,,,Sand 3,3,6.18,24.12,-4.699999999999999,-22.64
-4.9399999999999995,6.42,7.8421,0.047254,1.0938,-1.0291,-0.067797,2.4,0.58978,404.0,6.4194,7.8421,78.421,1.861150207647897,,,,Sand,,,Sand 3,3,6.18,24.12,-4.699999999999999,-22.64
-4.960000000000001,6.44,8.3699,0.047048,1.0716,-1.0799,-0.084746,2.4,0.56199,405.0,6.4394,8.3699,83.699,1.826047124046294,,,,Sand,,,Sand 3,3,6.18,24.12,-4.699999999999999,-22.64
-4.98,6.46,8.7118,0.046443,1.0495,-1.046,-0.084746,2.4,0.53413,406.0,6.4593,8.7118,87.11800000000001,1.7996123555406094,,,,Sand,,,Sand 3,3,6.18,24.12,-4.699999999999999,-22.64
-5.0,6.48,9.0787,0.047087,1.0811,-1.0799,-0.050847,2.4,0.52726,407.0,6.4793,9.0787,90.78699999999999,1.781427295192192,,,,Sand,,,Sand 3,3,6.18,24.12,-4.699999999999999,-22.64
-5.02,6.5,9.3692,0.048159,1.0652,-1.063,-0.067797,2.4,0.5317,407.0,6.4993,9.3692,93.692,1.7717733494353896,,,,Sand,,,Sand 3,3,6.18,24.12,-4.699999999999999,-22.64
-5.039999999999999,6.52,9.4671,0.049317,1.0811,-1.0799,-0.050847,2.4,0.54438,408.0,6.5193,9.4671,94.671,1.7734533258316547,,,,Sand,,,Sand 3,3,6.18,24.12,-4.699999999999999,-22.64
-5.0600000000000005,6.54,9.4352,0.048586,1.0482,-1.046,-0.067797,2.4,0.54189,409.0,6.5393,9.4352,94.352,1.773616559002347,,,,Sand,,,Sand 3,3,6.18,24.12,-4.699999999999999,-22.64
-5.08,6.56,9.1703,0.0481,1.1319,-1.1308,-0.050847,2.4,0.54732,410.0,6.5593,9.1703,91.70299999999999,1.7863744858929738,,,,Sand,,,Sand 3,3,6.18,24.12,-4.699999999999999,-22.64
-5.1,6.58,8.8588,0.047276,1.0981,-1.0969,-0.050847,2.4,0.5528,411.0,6.5793,8.8588,88.58800000000001,1.8013673765030063,,,,Sand,,,Sand 3,3,6.18,24.12,-4.699999999999999,-22.64
-5.119999999999999,6.6,8.3824,0.046754,1.099,-1.0969,-0.067797,2.4,0.56429,411.0,6.5993,8.3824,83.824,1.8264408527166036,,,,Sand,,,Sand 3,3,6.18,24.12,-4.699999999999999,-22.64
-5.140000000000001,6.62,7.9673,0.046103,1.1328,-1.1308,-0.067797,2.4,0.57517,412.0,6.6193,7.9673,79.673,1.849536506363717,,,,Sand,,,Sand 3,3,6.18,24.12,-4.699999999999999,-22.64
-5.16,6.64,7.6553,0.044071,1.1144,-1.1138,-0.033898,2.4,0.56652,413.0,6.6393,7.6553,76.553,1.860823412437208,,,,Sand,,,Sand 3,3,6.18,24.12,-4.699999999999999,-22.64
-5.18,6.66,7.4809,0.042575,1.1319,-1.1308,-0.050847,2.4,0.56175,414.0,6.6593,7.4809,74.80900000000001,1.8674520344367147,,,,Sand,,,Sand 3,3,6.18,24.12,-4.699999999999999,-22.64
-5.199999999999999,6.68,7.3331,0.03913,1.1144,-1.1138,-0.033898,2.35,0.5268,415.0,6.6793,7.3331,73.331,1.8605909308779012,,,,Sand,,,Sand 3,3,6.18,24.12,-4.699999999999999,-22.64
-5.220000000000001,6.7,7.2769,0.037312,1.1987,-1.1986,-0.016949,2.4,0.51015,416.0,6.6993,7.2769,72.769,1.8564643103025213,,,,Sand,,,Sand 3,3,6.18,24.12,-4.699999999999999,-22.64
-5.24,6.72,7.2798,0.032084,1.1479,-1.1477,-0.016949,2.45,0.44375,416.0,6.7193,7.2798,72.798,1.8268028945280848,,,,Sand,,,Sand 3,3,6.18,24.12,-4.699999999999999,-22.64
-5.26,6.74,7.2562,0.030139,1.1313,-1.1308,-0.033898,2.35,0.42042,417.0,6.7393,7.2562,72.562,1.817035597040745,,,,Sand,,,Sand 3,3,6.18,24.12,-4.699999999999999,-22.64
-5.279999999999999,6.76,7.1739,0.029046,1.1313,-1.1308,-0.033898,2.4,0.40764,418.0,6.7593,7.1739,71.73899999999999,1.815253548236455,,,,Sand,,,Sand 3,3,6.18,24.12,-4.699999999999999,-22.64
-5.300000000000001,6.78,7.056,0.029691,1.1648,-1.1647,-0.016949,2.45,0.41879,419.0,6.7793,7.056,70.56,1.8270276621187003,,,,Sand,,,Sand 3,3,6.18,24.12,-4.699999999999999,-22.64
-5.32,6.8,6.9863,0.029922,1.1319,-1.1308,-0.050847,2.4,0.42162,420.0,6.7993,6.9863,69.863,1.832201928643789,,,,Sand,,,Sand 3,3,6.18,24.12,-4.699999999999999,-22.64
-5.34,6.82,6.9873,0.03043,1.1821,-1.1816,-0.033898,0.4,0.42552,433.0,6.8193,6.9873,69.873,1.8339942985135291,,,,Sand,,,Sand 3,3,6.18,24.12,-4.699999999999999,-22.64
-5.359999999999999,6.84,6.9884,0.030701,1.1647,-1.1647,0.0,2.2,0.42108,434.0,6.8393,6.9884,69.884,1.8318294912786186,,,,Sand,,,Sand 3,3,6.18,24.12,-4.699999999999999,-22.64
-5.380000000000001,6.86,6.9895,0.030504,1.1313,-1.1308,-0.033898,2.4,0.40514,434.0,6.8593,6.9895,69.895,1.824104079459649,,,,Sand,,,Sand 3,3,6.18,24.12,-4.699999999999999,-22.64
-5.4,6.88,7.3379,0.03232,1.1652,-1.1647,-0.033898,2.45,0.41224,435.0,6.8793,7.3379,73.379,1.8087746192225405,,,,Sand,,,Sand 3,3,6.18,24.12,-4.699999999999999,-22.64
-5.42,6.9,7.69,0.032343,1.1987,-1.1986,0.016949,2.45,0.39526,436.0,6.8993,7.69,76.9,1.7822982293102216,,,,Sand,,,Sand 3,3,6.18,24.12,-4.699999999999999,-22.64
-5.4399999999999995,6.92,8.2926,0.032813,1.1482,-1.1477,-0.033898,2.35,0.38231,437.0,6.9193,8.2926,82.926,1.7465484185912987,,,,Sand,,,Sand 3,3,6.18,24.12,-4.699999999999999,-22.64
-5.460000000000001,6.94,8.9613,0.040476,1.1482,-1.1477,-0.033898,2.45,0.44979,438.0,6.9393,8.9613,89.613,1.7508123356785488,,,,Sand,,,Sand 3,3,6.18,24.12,-4.699999999999999,-22.64
-5.48,6.96,9.4722,0.040427,1.1987,-1.1986,-0.016949,2.4,0.43152,439.0,6.9592,9.4722,94.72200000000001,1.7209635743702765,,,,Sand,,,Sand 3,3,6.18,24.12,-4.699999999999999,-22.64
-5.5,6.98,9.7289,0.042967,1.1479,-1.1477,-0.016949,2.35,0.44394,439.0,6.9792,9.7289,97.289,1.7170866265339988,,,,Sand,,,Sand 3,3,6.18,24.12,-4.699999999999999,-22.64
-5.52,7.0,10.191,0.04725,1.1827,-1.1816,-0.050847,2.4,0.47946,440.0,6.9992,10.191,101.91,1.7170221230730358,,,,Sand,,,Sand 3,3,6.18,24.12,-4.699999999999999,-22.64
-5.539999999999999,7.02,10.318,0.050927,1.2505,-1.2494,-0.050847,2.4,0.5154,441.0,7.0192,10.318,103.18,1.7291637308284704,,,,Sand,,,Sand 3,3,6.18,24.12,-4.699999999999999,-22.64
-5.5600000000000005,7.04,10.293,0.055375,1.2005,-1.1986,-0.067797,2.4,0.56773,442.0,7.0392,10.293,102.93,1.7530362897041258,,,,Sand,,,Sand 3,3,6.18,24.12,-4.699999999999999,-22.64
-5.58,7.06,10.172,0.060018,1.1987,-1.1986,-0.016949,2.4,0.62996,443.0,7.0592,10.172,101.72,1.7827448275762292,,,,Sand,,,Sand 3,3,6.18,24.12,-4.699999999999999,-22.64
-5.6,7.08,9.7024,0.06256,1.1818,-1.1816,0.016949,2.4,0.67998,444.0,7.0792,9.7024,97.02400000000002,1.8186246186738768,,,,Sand,,,Sand 3,3,6.18,24.12,-4.699999999999999,-22.64
-5.619999999999999,7.1,9.1705,0.059958,1.1821,-1.1816,0.033898,2.35,0.67861,444.0,7.0992,9.1705,91.705,1.8381468879253582,,,,Sand,,,Sand 3,3,6.18,24.12,-4.699999999999999,-22.64
-5.640000000000001,7.12,8.453,0.058661,1.2155,-1.2155,0.0,2.4,0.69389,445.0,7.1192,8.453,84.53,1.872739505916671,,,,Sand,,,Sand 3,3,6.18,24.12,-4.699999999999999,-22.64
-5.66,7.14,7.9183,0.057999,1.2326,-1.2325,-0.016949,2.4,0.71812,446.0,7.1392,7.9183,79.183,1.9045728060378735,,,,Sand,,,Sand 3,3,6.18,24.12,-4.699999999999999,-22.64
-5.68,7.16,7.5752,0.055291,1.2326,-1.2325,-0.016949,2.4,0.71306,447.0,7.1592,7.5752,75.752,1.9187565479576487,,,,Sand,,,Sand 3,3,6.18,24.12,-4.699999999999999,-22.64
-5.699999999999999,7.18,7.398,0.051853,1.2157,-1.2155,-0.016949,2.4,0.69144,448.0,7.1792,7.398,73.98,1.9198735735292658,,,,Sand,,,Sand 3,3,6.18,24.12,-4.699999999999999,-22.64
-5.720000000000001,7.2,7.2412,0.049546,1.2325,-1.2325,0.0,2.4,0.6747,449.0,7.1992,7.2412,72.41199999999999,1.9218073187558216,,,,Sand,,,Sand 3,3,6.18,24.12,-4.699999999999999,-22.64
-5.74,7.22,7.1535,0.048212,1.1987,-1.1986,-0.016949,2.4,0.66312,450.0,7.2192,7.1535,71.535,1.9221587790310732,,,,Sand,,,Sand 3,3,6.18,24.12,-4.699999999999999,-22.64
-5.76,7.24,7.1227,0.046871,1.2157,-1.2155,0.016949,2.4,0.64582,450.0,7.2392,7.1227,71.227,1.9175421773003578,,,,Sand,,,Sand 3,3,6.18,24.12,-4.699999999999999,-22.64
-5.779999999999999,7.26,7.1323,0.045823,1.2495,-1.2494,0.016949,2.4,0.6284,451.0,7.2592,7.1323,71.32300000000001,1.9106939655238304,,,,Sand,,,Sand 3,3,6.18,24.12,-4.699999999999999,-22.64
-5.800000000000001,7.28,7.2065,0.045458,1.2495,-1.2494,0.016949,2.4,0.61798,452.0,7.2792,7.2065,72.065,1.9030244132488012,,,,Sand,,,Sand 3,3,6.18,24.12,-4.699999999999999,-22.64
-5.82,7.3,7.3349,0.045413,1.2157,-1.2155,0.016949,2.4,0.61207,453.0,7.2992,7.3349,73.349,1.8943094319549747,,,,Sand,,,Sand 3,3,6.18,24.12,-4.699999999999999,-22.64
-5.84,7.32,7.4718,0.045917,1.2325,-1.2325,0.0,2.4,0.61493,454.0,7.3192,7.4718,74.718,1.8885921274596789,,,,Sand,,,Sand 3,3,6.18,24.12,-4.699999999999999,-22.64
-5.859999999999999,7.34,7.6735,0.047534,1.2157,-1.2155,0.016949,2.4,0.63373,454.0,7.3392,7.6735,76.735,1.8858774995125935,,,,Sand,,,Sand 3,3,6.18,24.12,-4.699999999999999,-22.64
-5.880000000000001,7.36,7.7519,0.046851,1.2495,-1.2494,0.016949,2.4,0.62311,455.0,7.3592,7.7519,77.51899999999999,1.8781938485548457,,,,Sand,,,Sand 3,3,6.18,24.12,-4.699999999999999,-22.64
-5.9,7.38,7.6624,0.047033,1.1991,-1.1986,0.033898,2.4,0.62629,456.0,7.3792,7.6624,76.624,1.883632473803039,,,,Sand,,,Sand 3,3,6.18,24.12,-4.699999999999999,-22.64
-5.92,7.4,7.5024,0.046124,1.2155,-1.2155,0.0,2.4,0.61806,457.0,7.3992,7.5024,75.024,1.8882715120055193,,,,Sand,,,Sand 3,3,6.18,24.12,-4.699999999999999,-22.64
-5.9399999999999995,7.42,7.4018,0.045426,1.216,-1.2155,0.033898,2.4,0.61668,458.0,7.4191,7.4018,74.01799999999999,1.8927075473953745,,,,Sand,,,Sand 3,3,6.18,24.12,-4.699999999999999,-22.64
-5.960000000000001,7.44,7.3522,0.044723,1.2157,-1.2155,-0.016949,2.4,0.61728,459.0,7.4391,7.3522,73.52199999999999,1.8954027867692076,,,,Sand,,,Sand 3,3,6.18,24.12,-4.699999999999999,-22.64
-5.98,7.46,7.2624,0.043558,1.2499,-1.2494,0.033898,2.4,0.61148,459.0,7.4591,7.2624,72.62400000000001,1.8977429439169782,,,,Sand,,,Sand 3,3,6.18,24.12,-4.699999999999999,-22.64
-6.0,7.48,7.0951,0.043439,1.2674,-1.2664,0.050847,2.4,0.619,460.0,7.4791,7.0951,70.95100000000001,1.90913940832266,,,,Sand,,,Sand 3,3,6.18,24.12,-4.699999999999999,-22.64
-6.02,7.5,6.9009,0.043027,1.2494,-1.2494,0.0,2.4,0.62102,461.0,7.4991,6.9009,69.009,1.9201175574116307,,,,Sand,,,Sand 3,3,6.18,24.12,-4.699999999999999,-22.64
-6.039999999999999,7.52,6.7832,0.042995,1.2494,-1.2494,0.0,2.4,0.62722,462.0,7.5191,6.7832,67.832,1.928740455907157,,,,Sand,,,Sand 3,3,6.18,24.12,-4.699999999999999,-22.64
-6.0600000000000005,7.54,6.6887,0.04209,1.3,-1.3,0.0,2.4,0.61953,463.0,7.5391,6.6887,66.887,1.9311061723920557,,,,Sand,,,Sand 3,3,6.18,24.12,-4.699999999999999,-22.64
-6.08,7.56,6.6569,0.041348,1.2834,-1.2833,-0.016949,2.4,0.61244,464.0,7.5591,6.6569,66.569,1.9302564561638573,,,,Sand,,,Sand 3,3,6.18,24.12,-4.699999999999999,-22.64
-6.1,7.58,6.6886,0.040519,1.2834,-1.2833,0.016949,2.4,0.60169,464.0,7.5791,6.6886,66.88600000000001,1.9244916742897153,,,,Sand,,,Sand 3,3,6.18,24.12,-4.699999999999999,-22.64
-6.119999999999999,7.6,6.7635,0.040107,1.2838,-1.2833,0.033898,2.4,0.59545,465.0,7.5991,6.7635,67.635,1.9180080025980317,,,,Sand,,,Sand 3,3,6.18,24.12,-4.699999999999999,-22.64
-6.140000000000001,7.62,6.7748,0.039425,1.2513,-1.2494,0.067797,2.4,0.58518,466.0,7.6191,6.7748,67.748,1.913478732487462,,,,Sand,,,Sand 3,3,6.18,24.12,-4.699999999999999,-22.64
-6.16,7.64,6.7546,0.039492,1.2668,-1.2664,0.033898,2.4,0.58757,467.0,7.6391,6.7546,67.546,1.9155031387340287,,,,Sand,,,Sand 3,3,6.18,24.12,-4.699999999999999,-22.64
-6.18,7.66,6.7631,0.039662,1.2495,-1.2494,-0.016949,2.4,0.59446,468.0,7.6591,6.7631,67.631,1.917655231115075,,,,Sand,,,Sand 3,3,6.18,24.12,-4.699999999999999,-22.64
-6.199999999999999,7.68,6.7937,0.039077,1.3171,-1.3167,0.033898,2.4,0.593,469.0,7.6791,6.7937,67.93700000000001,1.91542506591376,,,,Sand,,,Sand 3,3,6.18,24.12,-4.699999999999999,-22.64
-6.220000000000001,7.7,6.7025,0.038976,1.3,-1.3,0.0,2.4,0.60023,470.0,7.6991,6.7025,67.025,1.9231733175677972,,,,Sand,,,Sand 3,3,6.18,24.12,-4.699999999999999,-22.64
-6.24,7.72,6.5288,0.0372,1.3001,-1.3,0.016949,2.4,0.58241,470.0,7.7191,6.5288,65.288,1.9262015533752024,,,,Sand,,,Sand 3,3,6.18,24.12,-4.699999999999999,-22.64
-6.26,7.74,6.2935,0.0354,1.3001,-1.3,-0.016949,2.4,0.56448,471.0,7.7391,6.2935,62.935,1.9330551154976174,,,,Sand,,,Sand 3,3,6.18,24.12,-4.699999999999999,-22.64
-6.279999999999999,7.76,6.1059,0.033645,1.3168,-1.3167,0.016949,2.4,0.54772,472.0,7.7591,6.1059,61.059000000000005,1.9379199427254477,,,,Sand,,,Sand 3,3,6.18,24.12,-4.699999999999999,-22.64
-6.300000000000001,7.78,6.0063,0.034313,1.3,-1.3,0.0,2.4,0.57025,473.0,7.7791,6.0063,60.063,1.9528219759242764,,,,Sand,,,Sand 3,3,6.18,24.12,-4.699999999999999,-22.64
-6.32,7.8,5.9039,0.03448,1.3168,-1.3167,0.016949,2.4,0.58304,474.0,7.7991,5.9039,59.03900000000001,1.9641104757136747,,,,Sand,,,Sand 3,3,6.18,24.12,-4.699999999999999,-22.64
-6.34,7.82,5.835,0.034246,1.3501,-1.35,0.016949,0.4,0.58621,486.0,7.819,5.835,58.35,1.969701987696812,,,,Sand,,,Sand 3,3,6.18,24.12,-4.699999999999999,-22.64
-6.359999999999999,7.84,5.7661,0.034409,1.3168,-1.3167,0.016949,2.2,0.5939,487.0,7.839,5.7661,57.660999999999994,1.9770052933008841,,,,Sand,,,Sand 3,3,6.18,24.12,-4.699999999999999,-22.64
-6.380000000000001,7.86,5.6972,0.034368,1.3501,-1.35,-0.016949,2.35,0.59666,488.0,7.859,5.6972,56.972,1.9825308868248677,,,,Sand,,,Sand 3,3,6.18,24.12,-4.699999999999999,-22.64
-6.4,7.88,5.7021,0.034666,1.3171,-1.3167,0.033898,2.45,0.60369,488.0,7.879,5.7021,57.020999999999994,1.9847683069577386,,,,Sand,,,Sand 3,3,6.18,24.12,-4.699999999999999,-22.64
-6.42,7.9,5.7187,0.034591,1.3334,-1.3333,0.016949,2.4,0.60279,489.0,7.899,5.7187,57.187,1.9833513544389512,,,,Sand,,,Sand 3,3,6.18,24.12,-4.699999999999999,-22.64
-6.4399999999999995,7.92,5.7205,0.034601,1.3501,-1.35,0.016949,2.4,0.60159,490.0,7.919,5.7205,57.205,1.982797025676836,,,,Sand,,,Sand 3,3,6.18,24.12,-4.699999999999999,-22.64
-6.460000000000001,7.94,5.7361,0.034881,1.3501,-1.35,0.016949,2.4,0.60299,491.0,7.939,5.7361,57.361000000000004,1.9822848098976869,,,,Sand,,,Sand 3,3,6.18,24.12,-4.699999999999999,-22.64
-6.48,7.96,5.7629,0.03519,1.35,-1.35,0.0,2.4,0.60384,492.0,7.959,5.7629,57.629000000000005,1.9808464129974086,,,,Sand,,,Sand 3,3,6.18,24.12,-4.699999999999999,-22.64
-6.5,7.98,5.8045,0.035243,1.3834,-1.3833,0.016949,2.4,0.59882,492.0,7.979,5.8045,58.045,1.9763194095524923,,,,Sand,,,Sand 3,3,6.18,24.12,-4.699999999999999,-22.64
-6.52,8.0,5.8709,0.035357,1.3837,-1.3833,0.033898,2.4,0.59269,493.0,7.999,5.8709,58.708999999999996,1.9698000909825517,,,,Sand,,,Sand 3,3,6.18,24.12,-4.699999999999999,-22.64
-6.539999999999999,8.02,5.9618,0.035793,1.3843,-1.3833,0.050847,2.4,0.59035,494.0,8.019,5.9618,59.618,1.9631719033791823,,,,Sand,,,Sand 3,3,6.18,24.12,-4.699999999999999,-22.64
-6.559999999999999,8.04,6.0464,0.037206,1.3667,-1.3667,0.0,2.4,0.60192,495.0,8.039,6.0464,60.464000000000006,1.9621724096131474,,,,Sand,,,Sand 3,3,6.18,24.12,-4.699999999999999,-22.64
-6.58,8.06,6.1799,0.038123,1.3504,-1.35,0.033898,2.4,0.60346,496.0,8.059,6.1799,61.799,1.9545845330018137,,,,Sand,,,Sand 3,3,6.18,24.12,-4.699999999999999,-22.64
-6.6,8.08,6.3616,0.038048,1.3859,-1.3833,0.084746,2.4,0.58747,497.0,8.079,6.3616,63.61600000000001,1.9378064361900562,,,,Sand,,,Sand 3,3,6.18,24.12,-4.699999999999999,-22.64
-6.619999999999999,8.1,6.5164,0.041086,1.4171,-1.4167,0.033898,2.4,0.61842,497.0,8.099,6.5164,65.164,1.9403620158473824,,,,Sand,,,Sand 3,3,6.18,24.12,-4.699999999999999,-22.64
-6.639999999999999,8.12,6.7078,0.045799,1.3676,-1.3667,0.050847,2.4,0.6727,498.0,8.119,6.7078,67.078,1.9490404549358307,,,,Sand,,,Sand 3,3,6.18,24.12,-4.699999999999999,-22.64
-6.66,8.14,6.8941,0.047039,1.4004,-1.4,0.033898,2.4,0.67655,499.0,8.139,6.8941,68.94099999999999,1.9403595769797755,,,,Sand,,,Sand 3,3,6.18,24.12,-4.699999999999999,-22.64
-6.68,8.16,7.1452,0.047749,1.4382,-1.4333,0.11864,2.4,0.6749,500.0,8.1589,7.1452,71.452,1.9267363262082828,,,,Sand,,,Sand 3,3,6.18,24.12,-4.699999999999999,-22.64
-6.699999999999999,8.18,7.2981,0.048971,1.4349,-1.4333,0.067797,2.4,0.68188,501.0,8.1789,7.2981,72.981,1.9214773389921553,,,,Sand,,,Sand 3,3,6.18,24.12,-4.699999999999999,-22.64
-6.719999999999999,8.2,7.3624,0.049521,1.4183,-1.4167,0.067797,2.4,0.6813,502.0,8.1989,7.3624,73.624,1.918089814549058,,,,Sand,,,Sand 3,3,6.18,24.12,-4.699999999999999,-22.64
-6.74,8.22,7.3375,0.049929,1.4203,-1.4167,0.10169,2.4,0.68192,503.0,8.2189,7.3375,73.375,1.9195364000260704,,,,Sand,,,Sand 3,3,6.18,24.12,-4.699999999999999,-22.64
-6.76,8.24,7.3378,0.049542,1.4248,-1.4167,0.15254,2.4,0.67752,503.0,8.2389,7.3378,73.37799999999999,1.9179797126782716,,,,Sand,,,Sand 3,3,6.18,24.12,-4.699999999999999,-22.64
-6.779999999999999,8.26,7.3707,0.047538,1.4382,-1.4333,0.11864,2.45,0.65656,504.0,8.2589,7.3707,73.707,1.9089045228954151,,,,Sand,,,Sand 3,3,6.18,24.12,-4.699999999999999,-22.64
-6.799999999999999,8.28,7.4036,0.04451,1.4397,-1.4333,0.13559,2.4,0.62398,505.0,8.2789,7.4036,74.036,1.8953507246552606,,,,Sand,,,Sand 3,3,6.18,24.12,-4.699999999999999,-22.64
-6.82,8.3,7.3196,0.04368,1.4433,-1.4333,0.16949,2.4,0.62364,506.0,8.2989,7.3196,73.196,1.899410914785818,,,,Sand,,,Sand 3,3,6.18,24.12,-4.699999999999999,-22.64
-6.84,8.32,7.0688,0.042996,1.4746,-1.4667,0.15254,2.4,0.62667,507.0,8.3189,7.0688,70.688,1.913344849324458,,,,Sand,,,Sand 3,3,6.18,24.12,-4.699999999999999,-22.64
-6.859999999999999,8.34,6.7235,0.04127,1.4536,-1.45,0.10169,2.45,0.61521,508.0,8.3389,6.7235,67.235,1.9275946237778627,,,,Sand,,,Sand 3,3,6.18,24.12,-4.699999999999999,-22.64
-6.879999999999999,8.36,6.5046,0.040672,1.4702,-1.4667,0.10169,2.4,0.62076,508.0,8.3589,6.5046,65.046,1.9418888920446453,,,,Sand,,,Sand 3,3,6.18,24.12,-4.699999999999999,-22.64
-6.9,8.38,6.3041,0.040805,1.4849,-1.4833,0.067797,2.4,0.63712,509.0,8.3789,6.3041,63.041000000000004,1.959384636681317,,,,Sand,,,Sand 3,3,6.18,24.12,-4.699999999999999,-22.64
-6.92,8.4,6.1933,0.039645,1.4881,-1.4833,0.11864,2.4,0.63,510.0,8.3989,6.1933,61.933,1.9634155279741958,,,,Sand,,,Sand 3,3,6.18,24.12,-4.699999999999999,-22.64
-6.9399999999999995,8.42,6.1487,0.039362,1.5024,-1.5,0.084746,2.45,0.6314,511.0,8.4189,6.1487,61.486999999999995,1.9665988431652983,,,,Sand,,,Sand 3,3,6.18,24.12,-4.699999999999999,-22.64
-6.959999999999999,8.44,6.1535,0.039341,1.4842,-1.4833,0.050847,2.4,0.63317,512.0,8.4389,6.1535,61.535,1.9669402496225499,,,,Sand,,,Sand 3,3,6.18,24.12,-4.699999999999999,-22.64
-6.98,8.46,6.14,0.039267,1.4525,-1.45,0.084746,2.4,0.63009,513.0,8.4589,6.14,61.4,1.9666568745966666,,,,Sand,,,Sand 3,3,6.18,24.12,-4.699999999999999,-22.64
-7.0,8.48,6.1755,0.039339,1.5024,-1.5,0.084746,2.4,0.62658,513.0,8.4788,6.1755,61.755,1.9632583547526479,,,,Sand,,,Sand 3,3,6.18,24.12,-4.699999999999999,-22.64
-7.02,8.5,6.2527,0.039995,1.4837,-1.4833,0.033898,2.45,0.63011,514.0,8.4988,6.2527,62.527,1.9599131220432158,,,,Sand,,,Sand 3,3,6.18,24.12,-4.699999999999999,-22.64
-7.039999999999999,8.52,6.339,0.040256,1.5015,-1.5,0.067797,2.4,0.62659,515.0,8.5188,6.339,63.39,1.9535634439302336,,,,Sand,,,Sand 3,3,6.18,24.12,-4.699999999999999,-22.64
-7.059999999999999,8.54,6.4528,0.038886,1.5009,-1.5,0.050847,2.4,0.59832,516.0,8.5388,6.4528,64.528,1.9365723502226702,,,,Sand,,,Sand 3,3,6.18,24.12,-4.699999999999999,-22.64
-7.08,8.56,6.5649,0.039776,1.5523,-1.55,0.084746,2.4,0.6066,517.0,8.5588,6.5649,65.649,1.933253252812406,,,,Sand,,,Sand 3,3,6.18,24.12,-4.699999999999999,-22.64
-7.1,8.58,6.7008,0.040501,1.5227,-1.5167,0.13559,2.45,0.61445,517.0,8.5788,6.7008,67.008,1.9285654489414554,,,,Sand,,,Sand 3,3,6.18,24.12,-4.699999999999999,-22.64
-7.119999999999999,8.6,6.7717,0.043994,1.5227,-1.5167,0.13559,2.4,0.66637,518.0,8.5988,6.7717,67.717,1.9433614980359282,,,,Sand,,,Sand 3,3,6.18,24.12,-4.699999999999999,-22.64
-7.139999999999999,8.62,6.7358,0.039855,1.519,-1.5167,0.084746,2.4,0.60748,519.0,8.6188,6.7358,67.358,1.9240484703038314,,,,Sand,,,Sand 3,3,6.18,24.12,-4.699999999999999,-22.64
-7.16,8.64,6.6396,0.03711,1.5379,-1.5333,0.11864,2.4,0.57247,520.0,8.6388,6.6396,66.396,1.9160993372733528,,,,Sand,,,Sand 3,3,6.18,24.12,-4.699999999999999,-22.64
-7.18,8.66,6.5268,0.033815,1.5545,-1.55,0.11864,2.4,0.5306,521.0,8.6588,6.5268,65.26799999999999,1.9059386740311026,,,,Sand,,,Sand 3,3,6.18,24.12,-4.699999999999999,-22.64
-7.199999999999999,8.68,6.4247,0.031214,1.5523,-1.55,0.084746,2.4,0.49962,522.0,8.6788,6.4247,64.247,1.8991135425335903,,,,Sand,,,Sand 3,3,6.18,24.12,-4.699999999999999,-22.64
-7.219999999999999,8.7,6.1205,0.029392,1.5711,-1.5667,0.11864,2.45,0.48025,522.0,8.6988,6.1205,61.205,1.9094108405239598,,,,Sand,,,Sand 3,3,6.18,24.12,-4.699999999999999,-22.64
-7.24,8.72,5.9394,0.02784,1.5878,-1.5833,0.11864,2.4,0.46347,523.0,8.7188,5.9394,59.394,1.9137198275090426,,,,Sand,,,Sand 3,3,6.18,24.12,-4.699999999999999,-22.64
-7.26,8.74,5.8255,0.025237,1.5856,-1.5833,0.084746,2.4,0.42679,524.0,8.7388,5.8255,58.255,1.9049286396076615,,,,Sand,,,Sand 3,3,6.18,24.12,-4.699999999999999,-22.64
-7.279999999999999,8.76,5.7679,0.025,1.5711,-1.5667,0.11864,2.4,0.42833,525.0,8.7587,5.7679,57.678999999999995,1.9094886821073083,,,,Sand,,,Sand 3,3,6.18,24.12,-4.699999999999999,-22.64
-7.299999999999999,8.78,5.7176,0.0248,1.5711,-1.5667,0.11864,2.45,0.42681,526.0,8.7787,5.7176,57.176,1.9122069773971617,,,,Sand,,,Sand 3,3,6.18,24.12,-4.699999999999999,-22.64
-7.32,8.8,5.732,0.02465,1.6044,-1.6,0.11864,2.45,0.4241,526.0,8.7987,5.732,57.32,1.909999528886236,,,,Sand,,,Sand 3,3,6.18,24.12,-4.699999999999999,-22.64
-7.34,8.82,5.7787,0.02382,1.5523,-1.55,0.084746,2.4,0.40883,527.0,8.8187,5.7787,57.787,1.899817780015424,,,,Sand,,,Sand 3,3,6.18,24.12,-4.699999999999999,-22.64
-7.359999999999999,8.84,5.811,0.023,1.6341,-1.6333,0.050847,1.85,0.39359,540.0,8.8387,5.811,58.11,1.890470017931287,,,,Sand,,,Sand 3,3,6.18,24.12,-4.699999999999999,-22.64
-7.379999999999999,8.86,5.9121,0.023319,1.5866,-1.5833,0.10169,2.4,0.39768,540.0,8.8587,5.9121,59.120999999999995,1.8856607804498906,,,,Sand,,,Sand 3,3,6.18,24.12,-4.699999999999999,-22.64
-7.4,8.88,5.9539,0.024486,1.6189,-1.6167,0.084746,2.45,0.41643,541.0,8.8787,5.9539,59.538999999999994,1.8916999277976205,,,,Sand,,,Sand 3,3,6.18,24.12,-4.699999999999999,-22.64
-7.42,8.9,5.9373,0.025517,1.621,-1.6167,0.11864,2.45,0.43336,542.0,8.8987,5.9373,59.37299999999999,1.9005262975456325,,,,Sand,,,Sand 3,3,6.18,24.12,-4.699999999999999,-22.64
-7.4399999999999995,8.92,5.9066,0.027243,1.6365,-1.6333,0.10169,2.4,0.46212,543.0,8.9187,5.9066,59.066,1.9152663196203505,,,,Sand,,,Sand 3,3,6.18,24.12,-4.699999999999999,-22.64
-7.459999999999999,8.94,5.8789,0.027943,1.6522,-1.65,0.084746,2.4,0.4741,544.0,8.9387,5.8789,58.788999999999994,1.9222322503965947,,,,Sand,,,Sand 3,3,6.18,24.12,-4.699999999999999,-22.64
-7.48,8.96,5.8609,0.029784,1.621,-1.6167,0.11864,2.45,0.50545,545.0,8.9587,5.8609,58.608999999999995,1.9365192754013847,,,,Sand,,,Sand 3,3,6.18,24.12,-4.699999999999999,-22.64
-7.5,8.98,5.8447,0.031529,1.6199,-1.6167,0.10169,2.45,0.53425,545.0,8.9787,5.8447,58.446999999999996,1.9491635683260535,,,,Sand,,,Sand 3,3,6.18,24.12,-4.699999999999999,-22.64
-7.52,9.0,5.8674,0.031835,1.6355,-1.6333,0.084746,2.4,0.53728,546.0,8.9986,5.8674,58.674,1.9488890090147786,,,,Sand,,,Sand 3,3,6.18,24.12,-4.699999999999999,-22.64
-7.539999999999999,9.02,5.902,0.033096,1.6543,-1.65,0.11864,2.4,0.55527,547.0,9.0186,5.902,59.02,1.9536816711631566,,,,Sand,,,Sand 3,3,6.18,24.12,-4.699999999999999,-22.64
-7.559999999999999,9.04,5.9419,0.03367,1.621,-1.6167,0.11864,2.4,0.56016,548.0,9.0386,5.9419,59.419000000000004,1.9530226746268082,,,,Sand,,,Sand 3,3,6.18,24.12,-4.699999999999999,-22.64
-7.58,9.06,6.0109,0.033773,1.7054,-1.7,0.13559,2.45,0.55532,549.0,9.0586,6.0109,60.10900000000001,1.9467997871623104,,,,Sand,,,Sand 3,3,6.18,24.12,-4.699999999999999,-22.64
-7.6,9.08,6.0961,0.033773,1.7021,-1.7,0.084746,2.4,0.54703,550.0,9.0786,6.0961,60.96099999999999,1.9382556171400211,,,,Sand,,,Sand 3,3,6.18,24.12,-4.699999999999999,-22.64
-7.619999999999999,9.1,6.1594,0.033433,1.6709,-1.6667,0.11864,2.4,0.53196,550.0,9.0986,6.1594,61.593999999999994,1.9283770895867398,,,,Sand,,,Sand 3,3,6.18,24.12,-4.699999999999999,-22.64
-7.639999999999999,9.12,6.2633,0.032994,1.6543,-1.65,0.11864,2.4,0.51334,551.0,9.1186,6.2633,62.633,1.9144819524410082,,,,Sand,,,Sand 3,3,6.18,24.12,-4.699999999999999,-22.64
-7.66,9.14,6.4124,0.03245,1.7008,-1.7,0.050847,2.45,0.49111,552.0,9.1386,6.4124,64.124,1.8962455618926752,,,,Sand,,,Sand 3,3,6.18,24.12,-4.699999999999999,-22.64
-7.68,9.16,6.6056,0.031406,1.7041,-1.7,0.11864,2.4,0.4608,553.0,9.1586,6.6056,66.056,1.8717328326541272,,,,Sand,,,Sand 3,3,6.18,24.12,-4.699999999999999,-22.64
-7.699999999999999,9.18,6.7892,0.029781,1.6855,-1.6833,0.084746,2.4,0.42122,554.0,9.1786,6.7892,67.892,1.8430501118153089,,,,Sand,,,Sand 3,3,6.18,24.12,-4.699999999999999,-22.64
-7.719999999999999,9.2,7.0823,0.029294,1.6864,-1.6833,0.10169,2.4,0.39763,555.0,9.1986,7.0823,70.82300000000001,1.8153185126802294,,,,Sand,,,Sand 3,3,6.18,24.12,-4.699999999999999,-22.64
-7.74,9.22,7.4527,0.028811,1.74,-1.7333,0.15254,2.45,0.37523,555.0,9.2186,7.4527,74.527,1.7842394204924295,,,,Sand,,,Sand 3,3,6.18,24.12,-4.699999999999999,-22.64
-7.76,9.24,7.7587,0.0286,1.7197,-1.7167,0.10169,2.45,0.35848,556.0,9.2385,7.7587,77.587,1.7597905731260557,,,,Sand,,,Sand 3,3,6.18,24.12,-4.699999999999999,-22.64
-7.779999999999999,9.26,8.1978,0.028162,1.6875,-1.6833,0.11864,2.4,0.34168,557.0,9.2585,8.1978,81.97800000000001,1.7291675669508124,,,,Sand,,,Sand 3,3,6.18,24.12,-4.699999999999999,-22.64
-7.799999999999999,9.28,8.6399,0.029853,1.8186,-1.8167,0.084746,2.4,0.35273,558.0,9.2785,8.6399,86.39900000000002,1.7148070892223273,,,,Sand,,,Sand 3,3,6.18,24.12,-4.699999999999999,-22.64
-7.82,9.3,8.9008,0.03187,1.7975,-1.7167,0.11864,2.45,0.36947,559.0,9.2985,8.9008,89.00800000000001,1.7124301451992157,,,,Sand,,,Sand 3,3,6.18,24.12,-4.699999999999999,-22.64
-7.84,9.32,9.0041,0.033001,1.7764,-1.6833,0.15254,2.4,0.37773,560.0,9.3185,9.0041,90.04099999999998,1.7124308701115292,,,,Sand,,,Sand 3,3,6.18,24.12,-4.699999999999999,-22.64
-7.859999999999999,9.34,8.9013,0.03285,1.7552,-1.75,0.13559,2.4,0.37439,560.0,9.3385,8.9013,89.013,1.715058365297588,,,,Sand,,,Sand 3,3,6.18,24.12,-4.699999999999999,-22.64
-7.879999999999999,9.36,8.8508,0.033048,1.7354,-1.7333,0.084746,2.4,0.37877,561.0,9.3585,8.8508,88.508,1.7195888402709771,,,,Sand,,,Sand 3,3,6.18,24.12,-4.699999999999999,-22.64
-7.9,9.38,8.7528,0.032904,1.7732,-1.7667,0.15254,2.45,0.38178,562.0,9.3785,8.7528,87.528,1.725467803131446,,,,Sand,,,Sand 3,3,6.18,24.12,-4.699999999999999,-22.64
-7.92,9.4,8.6459,0.038121,1.7374,-1.7333,0.11864,2.4,0.44871,563.0,9.3985,8.6459,86.459,1.7638013505847978,,,,Sand,,,Sand 3,3,6.18,24.12,-4.699999999999999,-22.64
-7.9399999999999995,9.42,8.4994,0.03971,1.8245,-1.8167,0.16949,2.4,0.47556,564.0,9.4185,8.4994,84.994,1.7828241333374202,,,,Sand,,,Sand 3,3,6.18,24.12,-4.699999999999999,-22.64
-7.959999999999999,9.44,8.2442,0.038887,1.8051,-1.8,0.13559,2.4,0.4744,565.0,9.4384,8.2442,82.442,1.7937473939098427,,,,Sand,,,Sand 3,3,6.18,24.12,-4.699999999999999,-22.64
-7.98,9.46,8.0521,0.037854,1.7719,-1.7667,0.13559,2.45,0.46974,565.0,9.4584,8.0521,80.521,1.8004971630596243,,,,Sand,,,Sand 3,3,6.18,24.12,-4.699999999999999,-22.64
-8.0,9.48,8.018,0.038313,1.8231,-1.8167,0.15254,2.4,0.48297,566.0,9.4784,8.018,80.18,1.8080986633933525,,,,Sand,,,Sand 3,3,6.18,24.12,-4.699999999999999,-22.64
-8.02,9.5,7.739,0.037832,1.8064,-1.8,0.15254,2.4,0.48229,567.0,9.4984,7.739,77.39,1.8211324558259396,,,,Sand,,,Sand 3,3,6.18,24.12,-4.699999999999999,-22.64
-8.04,9.52,7.6245,0.037448,1.808,-1.8,0.16949,2.4,0.47944,568.0,9.5184,7.6245,76.245,1.8254848542466537,,,,Sand,,,Sand 3,3,6.18,24.12,-4.699999999999999,-22.64
-8.059999999999999,9.54,7.6444,0.039582,1.7914,-1.7833,0.16949,2.45,0.5066,569.0,9.5384,7.6444,76.444,1.8364326449369757,,,,Sand,,,Sand 3,3,6.18,24.12,-4.699999999999999,-22.64
-8.08,9.56,7.6413,0.038465,1.8217,-1.8167,0.13559,2.4,0.48926,569.0,9.5584,7.6413,76.413,1.8290163095300898,,,,Sand,,,Sand 3,3,6.18,24.12,-4.699999999999999,-22.64
-8.1,9.58,7.7905,0.036735,1.8217,-1.8167,0.13559,2.4,0.45816,570.0,9.5784,7.7905,77.905,1.8076634795956215,,,,Sand,,,Sand 3,3,6.18,24.12,-4.699999999999999,-22.64
-8.12,9.6,7.9764,0.0361,1.8538,-1.85,0.11864,2.4,0.43751,571.0,9.5984,7.9764,79.764,1.789002467742248,,,,Sand,,,Sand 3,3,6.18,24.12,-4.699999999999999,-22.64
-8.139999999999999,9.62,8.0718,0.0354,1.8383,-1.8333,0.13559,2.4,0.41305,572.0,9.6184,8.0718,80.71799999999999,1.7725580230812006,,,,Sand,,,Sand 3,3,6.18,24.12,-4.699999999999999,-22.64
-8.16,9.64,8.4073,0.0348,1.8217,-1.8167,0.13559,2.45,0.38824,573.0,9.6383,8.4073,84.073,1.7443421840515883,,,,Sand,,,Sand 3,3,6.18,24.12,-4.699999999999999,-22.64
-8.18,9.66,8.9872,0.0411,1.8231,-1.8167,0.15254,2.4,0.43876,574.0,9.6583,8.9872,89.87199999999999,1.7443710579898672,,,,Sand,,,Sand 3,3,6.18,24.12,-4.699999999999999,-22.64
-8.2,9.68,9.4909,0.04744,1.8577,-1.85,0.16949,2.4,0.48581,574.0,9.6783,9.4909,94.90899999999999,1.7463712751780311,,,,Sand,,,Sand 3,3,6.18,24.12,-4.699999999999999,-22.64
-8.219999999999999,9.7,10.198,0.046266,1.9091,-1.9,0.18644,2.4,0.45705,575.0,9.6983,10.198,101.98,1.7059526721468912,,,,Sand,,,Sand 3,3,6.18,24.12,-4.699999999999999,-22.64
-8.24,9.72,10.787,0.044019,1.9227,-1.9167,0.15254,2.4,0.42183,576.0,9.7183,10.787,107.87,1.667186789320466,,,,Sand,,,Sand 3,3,6.18,24.12,-4.699999999999999,-22.64
-8.26,9.74,11.02,0.043134,1.9393,-1.9333,0.15254,2.4,0.40417,577.0,9.7383,11.02,110.2,1.6498101612142106,,,,Sand,,,Sand 3,3,6.18,24.12,-4.699999999999999,-22.64
-8.28,9.76,11.16,0.043962,1.9423,-1.9333,0.18644,2.45,0.40425,578.0,9.7583,11.16,111.6,1.6451107601213857,,,,Sand,,,Sand 3,3,6.18,24.12,-4.699999999999999,-22.64
-8.299999999999999,9.78,10.933,0.045327,1.9892,-1.9833,0.15254,2.4,0.4114,579.0,9.7783,10.933,109.33,1.6566544464147457,,,,Sand,,,Sand 3,3,6.18,24.12,-4.699999999999999,-22.64
-8.32,9.8,10.908,0.04581,1.9407,-1.9333,0.16949,2.4,0.41211,579.0,9.7983,10.908,109.08,1.6578905212223471,,,,Sand,,,Sand 3,3,6.18,24.12,-4.699999999999999,-22.64
-8.34,9.82,10.882,0.044437,1.9559,-1.95,0.15254,2.4,0.39618,580.0,9.8182,10.882,108.82,1.6502339556366317,,,,Sand,,,Sand 3,3,6.18,24.12,-4.699999999999999,-22.64
-8.36,9.84,11.112,0.043674,1.9726,-1.9667,0.15254,0.65,0.38563,592.0,9.8382,11.112,111.12,1.636544879647088,,,,Sand,,,Sand 3,3,6.18,24.12,-4.699999999999999,-22.64
-8.379999999999999,9.86,11.342,0.044543,2.0087,-2.0,0.18644,2.4,0.38862,593.0,9.8582,11.342,113.42,1.630470598050398,,,,Sand,,,Sand 3,3,6.18,24.12,-4.699999999999999,-22.64
-8.4,9.88,11.571,0.047724,2.0046,-2.0,0.13559,2.45,0.41204,594.0,9.8782,11.571,115.71,1.6357656338181816,,,,Sand,,,Sand 3,3,6.18,24.12,-4.699999999999999,-22.64
-8.42,9.9,11.825,0.045427,1.9739,-1.9667,0.16949,2.45,0.38968,595.0,9.8982,11.825,118.25,1.6153675366159626,,,,Sand,,,Sand 3,3,6.18,24.12,-4.699999999999999,-22.64
-8.44,9.92,12.031,0.046041,2.0072,-2.0,0.16949,2.35,0.39497,596.0,9.9182,12.031,120.31,1.6118431177580457,,,,Sand,,,Sand 3,3,6.18,24.12,-4.699999999999999,-22.64
-8.459999999999999,9.94,12.026,0.04761,1.9713,-1.9667,0.13559,2.45,0.41014,597.0,9.9382,12.026,120.26,1.6203515076614587,,,,Sand,,,Sand 3,3,6.18,24.12,-4.699999999999999,-22.64
-8.48,9.96,11.871,0.048655,1.988,-1.9833,0.13559,2.4,0.4224,597.0,9.9582,11.871,118.71,1.6317795847140728,,,,Sand,,,Sand 3,3,6.18,24.12,-4.699999999999999,-22.64
-8.5,9.98,11.482,0.046909,2.0035,-2.0,0.11864,2.4,0.41214,598.0,9.9782,11.482,114.82,1.6387038453796403,,,,Sand,,,Sand 3,3,6.18,24.12,-4.699999999999999,-22.64
-8.52,10.0,11.108,0.04655,2.0224,-2.0167,0.15254,2.45,0.41595,599.0,9.9981,11.108,111.08,1.6531192296073962,,,,Sand,,,Sand 3,3,6.18,24.12,-4.699999999999999,-22.64
-8.54,10.02,10.952,0.047027,2.0201,-2.0167,0.11864,2.4,0.42933,600.0,10.018,10.952,109.52,1.6654134396887064,,,,Sand,,,Sand 3,3,6.18,24.12,-4.699999999999999,-22.64
-8.559999999999999,10.04,10.856,0.043316,1.9906,-1.9833,0.16949,2.4,0.40491,601.0,10.038,10.856,108.56,1.6558457401161335,,,,Sand,,,Sand 3,3,6.18,24.12,-4.699999999999999,-22.64
-8.58,10.06,10.728,0.042741,2.0087,-2.0,0.18644,2.4,0.40849,602.0,10.058,10.728,107.28,1.6622180346667843,,,,Sand,,,Sand 3,3,6.18,24.12,-4.699999999999999,-22.64
-8.6,10.08,10.507,0.042673,1.9892,-1.9833,0.15254,2.45,0.41575,602.0,10.078,10.507,105.07,1.673873776597778,,,,Sand,,,Sand 3,3,6.18,24.12,-4.699999999999999,-22.64
-8.62,10.1,10.124,0.043579,2.0035,-2.0,0.11864,2.4,0.43255,603.0,10.098,10.124,101.24,1.6964644231493535,,,,Sand,,,Sand 3,3,6.18,24.12,-4.699999999999999,-22.64
-8.639999999999999,10.12,9.8238,0.043738,2.0224,-2.0167,0.15254,2.4,0.44174,604.0,10.118,9.8238,98.23800000000001,1.712358404445117,,,,Sand,,,Sand 3,3,6.18,24.12,-4.699999999999999,-22.64
-8.66,10.14,9.6058,0.043145,2.0026,-2.0,0.10169,2.4,0.44255,605.0,10.138,9.6058,96.058,1.7211761247923196,,,,Sand,,,Sand 3,3,6.18,24.12,-4.699999999999999,-22.64
-8.68,10.16,9.5161,0.04299,2.0058,-2.0,0.15254,2.45,0.44637,606.0,10.158,9.5161,95.161,1.726575788521205,,,,Sand,,,Sand 3,3,6.18,24.12,-4.699999999999999,-22.64
-8.7,10.18,9.4387,0.042804,2.0224,-2.0167,0.15254,2.4,0.44719,607.0,10.178,9.4387,94.387,1.7300416320688727,,,,Sand,,,Sand 3,3,6.18,24.12,-4.699999999999999,-22.64
-8.719999999999999,10.2,9.4667,0.042918,2.039,-2.0333,0.15254,2.4,0.44891,607.0,10.198,9.4667,94.66699999999999,1.7297700392829416,,,,Sand,,,Sand 3,3,6.18,24.12,-4.699999999999999,-22.64
-8.74,10.22,9.5115,0.046103,2.0212,-2.0167,0.13559,2.4,0.48052,608.0,10.218,9.5115,95.115,1.743101999804485,,,,Sand,,,Sand 3,3,6.18,24.12,-4.699999999999999,-22.64
-8.76,10.24,9.5614,0.044677,2.039,-2.0333,0.15254,2.45,0.46251,609.0,10.238,9.5614,95.61400000000002,1.7326239204413845,,,,Sand,,,Sand 3,3,6.18,24.12,-4.699999999999999,-22.64
-8.78,10.26,9.65,0.044169,2.0418,-2.0333,0.18644,2.4,0.4527,610.0,10.258,9.65,96.5,1.7244341463418167,,,,Sand,,,Sand 3,3,6.18,24.12,-4.699999999999999,-22.64
-8.799999999999999,10.28,9.7329,0.043297,2.0404,-2.0333,0.16949,2.4,0.43837,611.0,10.278,9.7329,97.32900000000001,1.7141690711878386,,,,Sand,,,Sand 3,3,6.18,24.12,-4.699999999999999,-22.64
-8.82,10.3,9.878,0.043326,2.0557,-2.05,0.15254,2.4,0.43292,612.0,10.298,9.878,98.78,1.7058826330536503,,,,Sand,,,Sand 3,3,6.18,24.12,-4.699999999999999,-22.64
-8.84,10.32,10.039,0.04323,2.0378,-2.0333,0.13559,2.4,0.42609,612.0,10.318,10.039,100.39,1.696344732611083,,,,Sand,,,Sand 3,3,6.18,24.12,-4.699999999999999,-22.64
-8.86,10.34,10.214,0.044829,2.0711,-2.0667,0.13559,2.45,0.43523,613.0,10.338,10.214,102.14,1.6945048751056873,,,,Sand,,,Sand 3,3,6.18,24.12,-4.699999999999999,-22.64
-8.879999999999999,10.36,10.427,0.044624,2.0212,-2.0167,0.13559,2.4,0.42626,614.0,10.358,10.427,104.27,1.6821974014866132,,,,Sand,,,Sand 3,3,6.18,24.12,-4.699999999999999,-22.64
-8.9,10.38,10.56,0.045699,2.1044,-2.1,0.13559,2.4,0.42932,615.0,10.378,10.56,105.6,1.6790246279687397,,,,Sand,,,Sand 3,3,6.18,24.12,-4.699999999999999,-22.64
-8.92,10.4,10.667,0.046,2.0711,-2.0667,0.13559,2.4,0.42515,616.0,10.398,10.667,106.67,1.6731006723379565,,,,Sand,,,Sand 3,3,6.18,24.12,-4.699999999999999,-22.64
-8.94,10.42,10.883,0.0463,2.1055,-2.1,0.15254,2.45,0.42074,616.0,10.418,10.883,108.83,1.6633005714482183,,,,Sand,,,Sand 3,3,6.18,24.12,-4.699999999999999,-22.64
-8.959999999999999,10.44,11.082,0.0466,2.0692,-2.0667,0.10169,2.4,0.41627,617.0,10.438,11.082,110.82,1.6541656539064786,,,,Sand,,,Sand 3,3,6.18,24.12,-4.699999999999999,-22.64
-8.98,10.46,11.283,0.0478,2.1178,-2.1167,0.067797,2.4,0.4206,618.0,10.458,11.283,112.83,1.6497379762769235,,,,Sand,,,Sand 3,3,6.18,24.12,-4.699999999999999,-22.64
-9.0,10.48,11.443,0.048916,2.12,-2.1167,0.11864,2.4,0.42404,619.0,10.478,11.443,114.43,1.6463043303667526,,,,Sand,,,Sand 3,3,6.18,24.12,-4.699999999999999,-22.64
-9.02,10.5,11.69,0.047779,2.1517,-2.15,0.084746,2.45,0.40792,620.0,10.498,11.69,116.9,1.6297174521998423,,,,Sand,,,Sand 3,3,6.18,24.12,-4.699999999999999,-22.64
-9.04,10.52,11.95,0.047498,2.1376,-2.1333,0.13559,2.4,0.39984,621.0,10.518,11.95,119.5,1.617071779709385,,,,Sand,,,Sand 3,3,6.18,24.12,-4.699999999999999,-22.64
-9.059999999999999,10.54,11.919,0.047547,2.1388,-2.1333,0.15254,2.4,0.3952,621.0,10.538,11.919,119.19,1.6154743411082975,,,,Sand,,,Sand 3,3,6.18,24.12,-4.699999999999999,-22.64
-9.08,10.56,12.035,0.048302,2.1234,-2.1167,0.16949,2.4,0.39632,622.0,10.558,12.035,120.35,1.6124699366178026,,,,Sand,,,Sand 3,3,6.18,24.12,-4.699999999999999,-22.64
-9.1,10.58,12.3,0.050594,2.1068,-2.1,0.16949,2.4,0.40974,623.0,10.578,12.3,123.0,1.611748142876533,,,,Sand,,,Sand 3,3,6.18,24.12,-4.699999999999999,-22.64
-9.12,10.6,12.413,0.051374,2.1055,-2.1,0.15254,2.45,0.40996,624.0,10.598,12.413,124.13,1.6084693233927363,,,,Sand,,,Sand 3,3,6.18,24.12,-4.699999999999999,-22.64
-9.139999999999999,10.62,12.497,0.04793,2.1376,-2.1333,0.13559,2.4,0.37567,625.0,10.618,12.497,124.97,1.5866252833755479,,,,Sand,,,Sand 3,3,6.18,24.12,-4.699999999999999,-22.64
-9.16,10.64,12.695,0.04693,2.1699,-2.1667,0.11864,2.4,0.36074,626.0,10.638,12.695,126.95,1.5719384738887383,,,,Sand,,,Sand 3,3,6.18,24.12,-4.699999999999999,-22.64
-9.18,10.66,12.973,0.047232,2.1543,-2.15,0.13559,2.4,0.3561,626.0,10.658,12.973,129.73,1.5609812995365644,,,,Sand,,,Sand 3,3,6.18,24.12,-4.699999999999999,-22.64
-9.2,10.68,13.419,0.045951,2.2065,-2.2,0.16949,2.4,0.33828,627.0,10.678,13.419,134.19,1.5372476035239817,,,,Sand,,,Sand 3,3,6.18,24.12,-4.699999999999999,-22.64
-9.219999999999999,10.7,13.736,0.04623,2.1733,-2.1667,0.16949,2.45,0.33128,628.0,10.698,13.736,137.36,1.5239702057019764,,,,Sand,,,Sand 3,3,6.18,24.12,-4.699999999999999,-22.64
-9.24,10.72,14.042,0.047035,2.1234,-2.1167,0.16949,2.4,0.32693,629.0,10.718,14.042,140.42,1.5128178834809884,,,,Sand,,,Sand 3,3,6.18,24.12,-4.699999999999999,-22.64
-9.26,10.74,14.333,0.050416,2.1533,-2.15,0.11864,2.4,0.33905,630.0,10.738,14.333,143.33,1.5128139030235794,,,,Sand,,,Sand 3,3,6.18,24.12,-4.699999999999999,-22.64
-9.28,10.76,14.974,0.049177,2.1913,-2.1833,0.18644,2.4,0.32267,631.0,10.758,14.974,149.74,1.4856780333279092,,,,Sand,,,Sand 3,3,6.18,24.12,-4.699999999999999,-22.64
-9.299999999999999,10.78,15.47,0.050785,2.1899,-2.1833,0.16949,2.4,0.32558,631.0,10.778,15.47,154.7,1.4752940010976558,,,,Sand,,,Sand 3,3,6.18,24.12,-4.699999999999999,-22.64
-9.32,10.8,16.146,0.051249,2.2053,-2.2,0.15254,2.4,0.32259,632.0,10.798,16.146,161.46,1.4571932644393235,,,,Sand,,,Sand 3,3,6.18,24.12,-4.699999999999999,-22.64
-9.34,10.82,16.836,0.050028,2.2065,-2.2,0.16949,2.4,0.31176,633.0,10.818,16.836,168.36,1.4340436480635896,,,,Sand,,,Sand 3,3,6.18,24.12,-4.699999999999999,-22.64
-9.36,10.84,16.385,0.053535,2.1886,-2.1833,0.15254,2.15,0.33457,634.0,10.838,16.385,163.85,1.4596833956012842,,,,Sand,,,Sand 3,3,6.18,24.12,-4.699999999999999,-22.64
-9.379999999999999,10.86,16.6,0.064409,2.172,-2.1667,0.15254,2.0,0.40861,646.0,10.858,16.6,166.0,1.5011010725844367,,,,Sand,,,Sand 3,3,6.18,24.12,-4.699999999999999,-22.64
-9.4,10.88,16.346,0.073066,2.1913,-2.1833,0.18644,2.5,0.4755,647.0,10.878,16.346,163.46,1.5439863113926466,,,,Sand,,,Sand 3,3,6.18,24.12,-4.699999999999999,-22.64
-9.42,10.9,15.617,0.073321,2.1376,-2.1333,0.13559,2.4,0.49342,648.0,10.898,15.617,156.17,1.5694482759879185,,,,Sand,,,Sand 3,3,6.18,24.12,-4.699999999999999,-22.64
-9.44,10.92,14.607,0.087262,2.1388,-2.1333,0.15254,2.4,0.60571,649.0,10.918,14.607,146.07,1.6458145469143666,,,,Sand,,,Sand 3,3,6.18,24.12,-4.699999999999999,-22.64
-9.459999999999999,10.94,13.565,0.093917,2.1068,-2.1,0.16949,2.4,0.67452,650.0,10.938,13.565,135.65,1.699856156473377,,,,Sand,,,Sand 3,3,6.18,24.12,-4.699999999999999,-22.64
-9.48,10.96,12.972,0.12074,2.0889,-2.0833,0.15254,2.4,0.89645,650.0,10.957,12.972,129.72,1.7933899613203197,,,,Sand,,,Sand 3,3,6.18,24.12,-4.699999999999999,-22.64
-9.5,10.98,12.785,0.11327,2.1366,-2.1333,0.11864,2.45,0.87363,651.0,10.977,12.785,127.85,1.7908842916638983,,,,Sand,,,Sand 3,3,6.18,24.12,-4.699999999999999,-22.64
-9.52,11.0,12.76,0.1115,2.135,-2.1333,0.084746,2.4,0.88751,652.0,10.997,12.76,127.6,1.7959766525885317,,,,Sand,,,Sand 3,3,6.18,24.12,-4.699999999999999,-22.64
-9.54,11.02,12.735,0.1098,2.1167,-2.0,0.18644,2.45,0.89618,653.0,11.017,12.735,127.35,1.799371691705752,,,,Sand,,,Sand 3,3,6.18,24.12,-4.699999999999999,-22.64
-9.559999999999999,11.04,12.71,0.1081,2.0985,-2.0167,0.23729,2.45,0.89513,654.0,11.037,12.71,127.1,1.7996875945595145,,,,Sand,,,Sand 3,3,6.18,24.12,-4.699999999999999,-22.64
-9.58,11.06,11.589,0.111,2.0802,-2.0667,0.23729,2.4,0.92924,654.0,11.057,11.589,115.89,1.8407483945734615,,,,Sand,,,Sand 3,3,6.18,24.12,-4.699999999999999,-22.64
-9.6,11.08,11.39,0.10266,2.1115,-2.1,0.22034,2.4,0.87132,655.0,11.077,11.39,113.9,1.8286408718689349,,,,Sand,,,Sand 3,3,6.18,24.12,-4.699999999999999,-22.64
-9.62,11.1,11.075,0.10076,2.1319,-2.1167,0.25424,2.4,0.8664,656.0,11.097,11.075,110.75,1.8365205637085615,,,,Sand,,,Sand 3,3,6.18,24.12,-4.699999999999999,-22.64
-9.639999999999999,11.12,11.567,0.076039,2.1196,-2.1,0.28814,2.45,0.66065,657.0,11.117,11.567,115.67,1.749448053932882,,,,Sand,,,Sand 3,3,6.18,24.12,-4.699999999999999,-22.64
-9.66,11.14,11.734,0.072,2.1055,-2.0833,0.30508,2.45,0.62165,658.0,11.137,11.734,117.34,1.7288223275873749,,,,Sand,,,Sand 3,3,6.18,24.12,-4.699999999999999,-22.64
-9.68,11.16,11.459,0.0679,2.1299,-2.1167,0.23729,2.4,0.5797,659.0,11.157,11.459,114.59,1.7196498798202606,,,,Sand,,,Sand 3,3,6.18,24.12,-4.699999999999999,-22.64
-9.7,11.18,11.518,0.0639,2.1857,-2.1667,0.28814,2.4,0.53684,659.0,11.177,11.518,115.18,1.6989478566995104,,,,Sand,,,Sand 3,3,6.18,24.12,-4.699999999999999,-22.64
-9.719999999999999,11.2,11.745,0.064059,2.1692,-2.15,0.28814,2.4,0.53136,660.0,11.197,11.745,117.45,1.6894293876324136,,,,Sand,,,Sand 3,3,6.18,24.12,-4.699999999999999,-22.64
-9.74,11.22,12.168,0.056292,2.1857,-2.1667,0.28814,2.45,0.46005,661.0,11.217,12.168,121.68,1.6422431583183252,,,,Sand,,,Sand 3,3,6.18,24.12,-4.699999999999999,-22.64
-9.76,11.24,12.437,0.0537,2.2001,-2.1833,0.27119,2.4,0.43091,662.0,11.237,12.437,124.37,1.6190687144631501,,,,Sand,,,Sand 3,3,6.18,24.12,-4.699999999999999,-22.64
-9.78,11.26,12.595,0.0511,2.2022,-2.1833,0.28814,2.4,0.40309,663.0,11.257,12.595,125.95,1.599264065101639,,,,Sand,,,Sand 3,3,6.18,24.12,-4.699999999999999,-22.64
-9.799999999999999,11.28,12.789,0.0506,2.2234,-2.2,0.32203,2.4,0.39388,663.0,11.277,12.789,127.89,1.5884057500083617,,,,Sand,,,Sand 3,3,6.18,24.12,-4.699999999999999,-22.64
-9.82,11.3,13.177,0.0501,2.2683,-2.25,0.28814,2.45,0.38704,664.0,11.297,13.177,131.77,1.5733610121260817,,,,Sand,,,Sand 3,3,6.18,24.12,-4.699999999999999,-22.64
-9.84,11.32,13.267,0.049657,2.2353,-2.2167,0.28814,2.4,0.38232,665.0,11.317,13.267,132.67,1.5680913359198967,,,,Sand,,,Sand 3,3,6.18,24.12,-4.699999999999999,-22.64
-9.86,11.34,13.238,0.049313,2.254,-2.2333,0.30508,2.4,0.37999,666.0,11.337,13.238,132.38,1.5675517292888737,,,,Sand,,,Sand 3,3,6.18,24.12,-4.699999999999999,-22.64
-9.879999999999999,11.36,13.1,0.050862,2.2518,-2.2333,0.28814,2.4,0.39397,667.0,11.357,13.1,131.0,1.5795110321156038,,,,Sand,,,Sand 3,3,6.18,24.12,-4.699999999999999,-22.64
-9.9,11.38,12.951,0.057941,2.2894,-2.2667,0.32203,2.45,0.45314,668.0,11.377,12.951,129.51,1.6158971314406205,,,,Sand,,,Sand 3,3,6.18,24.12,-4.699999999999999,-22.64
-9.92,11.4,12.789,0.057,2.2871,-2.2667,0.30508,2.4,0.45006,668.0,11.397,12.789,127.89,1.6188933592840582,,,,Sand,,,Sand 3,3,6.18,24.12,-4.699999999999999,-22.64
-9.94,11.42,12.51,0.0561,2.3083,-2.2833,0.33898,2.4,0.44626,669.0,11.417,12.51,125.1,1.6249940664140796,,,,Sand,,,Sand 3,3,6.18,24.12,-4.699999999999999,-22.64
-9.959999999999999,11.44,12.249,0.055138,2.3248,-2.3,0.33898,2.45,0.4404,670.0,11.437,12.249,122.49,1.6296864825748145,,,,Sand,,,Sand 3,3,6.18,24.12,-4.699999999999999,-22.64
-9.98,11.46,12.19,0.053526,2.3201,-2.3,0.30508,2.45,0.42773,671.0,11.457,12.19,121.9,1.6247878695541471,,,,Sand,,,Sand 3,3,6.18,24.12,-4.699999999999999,-22.64
-10.0,11.48,12.293,0.05197,2.3841,-2.3667,0.28814,2.4,0.4157,672.0,11.477,12.293,122.93,1.6152078173659916,,,,Sand,,,Sand 3,3,6.18,24.12,-4.699999999999999,-22.64
-10.02,11.5,12.487,0.057554,2.3841,-2.3667,0.28814,2.4,0.46051,673.0,11.497,12.487,124.87,1.6330121143003145,,,,Sand,,,Sand 3,3,6.18,24.12,-4.699999999999999,-22.64
-10.04,11.52,12.691,0.055554,2.349,-2.3333,0.27119,2.4,0.44559,673.0,11.517,12.691,126.91,1.6193771640984347,,,,Sand,,,Sand 3,3,6.18,24.12,-4.699999999999999,-22.64
-10.059999999999999,11.54,12.905,0.053419,2.3987,-2.3833,0.27119,2.45,0.43081,674.0,11.537,12.905,129.05,1.6054105321877825,,,,Sand,,,Sand 3,3,6.18,24.12,-4.699999999999999,-22.64
-10.08,11.56,12.69,0.054393,2.4358,-2.4167,0.30508,2.4,0.44148,675.0,11.557,12.69,126.9,1.6172502078569186,,,,Sand,,,Sand 3,3,6.18,24.12,-4.699999999999999,-22.64
-10.1,11.58,12.479,0.0533,2.438,-2.4167,0.32203,2.4,0.43976,676.0,11.577,12.479,124.79,1.6225052758046885,,,,Sand,,,Sand 3,3,6.18,24.12,-4.699999999999999,-22.64
-10.12,11.6,12.006,0.0521,2.4757,-2.45,0.35593,2.45,0.44051,677.0,11.597,12.006,120.06,1.637129364186339,,,,Sand,,,Sand 3,3,6.18,24.12,-4.699999999999999,-22.64
-10.139999999999999,11.62,11.647,0.050985,2.4946,-2.4667,0.37288,2.45,0.44544,678.0,11.617,11.647,116.47,1.6508814674479562,,,,Sand,,,Sand 3,3,6.18,24.12,-4.699999999999999,-22.64
-10.16,11.64,11.659,0.049011,2.467,-2.4333,0.40678,2.4,0.4431,678.0,11.637,11.659,116.59,1.6492982699524905,,,,Sand,,,Sand 3,3,6.18,24.12,-4.699999999999999,-22.64
-10.18,11.66,10.885,0.0502,2.5416,-2.5167,0.35593,2.4,0.46934,679.0,11.657,10.885,108.85,1.687818362577812,,,,Sand,,,Sand 3,3,6.18,24.12,-4.699999999999999,-22.64
-10.2,11.68,10.346,0.0514,2.471,-2.45,0.32203,2.4,0.49518,680.0,11.677,10.346,103.46,1.718859701398386,,,,Sand,,,Sand 3,3,6.18,24.12,-4.699999999999999,-22.64
-10.219999999999999,11.7,9.8556,0.052582,2.4403,-2.4167,0.33898,2.45,0.52017,681.0,11.697,9.8556,98.556,1.748107464176495,,,,Sand,,,Sand 3,3,6.18,24.12,-4.699999999999999,-22.64
-10.24,11.72,9.6106,0.056191,2.4452,-2.4167,0.37288,2.4,0.57259,682.0,11.717,9.6106,96.10600000000001,1.779912774940757,,,,Sand,,,Sand 3,3,6.18,24.12,-4.699999999999999,-22.64
-10.26,11.74,9.5569,0.056705,2.4643,-2.4333,0.38983,2.4,0.59108,683.0,11.737,9.5569,95.56900000000002,1.7895579427208128,,,,Sand,,,Sand 3,3,6.18,24.12,-4.699999999999999,-22.64
-10.28,11.76,9.4797,0.03898,2.467,-2.4333,0.40678,2.4,0.41302,684.0,11.757,9.4797,94.79699999999998,1.7112889984355595,,,,Sand,,,Sand 3,3,6.18,24.12,-4.699999999999999,-22.64
-10.299999999999999,11.78,9.4754,0.0377,2.4781,-2.45,0.37288,2.4,0.40391,684.0,11.777,9.4754,94.75399999999999,1.7067504560814182,,,,Sand,,,Sand 3,3,6.18,24.12,-4.699999999999999,-22.64
-10.32,11.8,9.2983,0.0365,2.4999,-2.4667,0.40678,2.45,0.39455,685.0,11.797,9.2983,92.98299999999999,1.709039039497774,,,,Sand,,,Sand 3,3,6.18,24.12,-4.699999999999999,-22.64
-10.34,11.82,9.126,0.0352,2.5137,-2.4833,0.38983,2.4,0.38404,686.0,11.817,9.126,91.26,1.7106357201650928,,,,Sand,,,Sand 3,3,6.18,24.12,-4.699999999999999,-22.64
-10.36,11.84,9.0994,0.0412,2.4999,-2.4667,0.40678,2.4,0.45352,687.0,11.837,9.0994,90.994,1.7468553962458995,,,,Sand,,,Sand 3,3,6.18,24.12,-4.699999999999999,-22.64
-10.379999999999999,11.86,9.0241,0.047199,2.4097,-2.3833,0.35593,1.4,0.52456,699.0,11.857,9.0241,90.241,1.782474771526975,,,,Sand,,,Sand 3,3,6.18,24.12,-4.699999999999999,-22.64
-10.4,11.88,8.9489,0.046081,2.4757,-2.45,0.35593,2.35,0.51579,700.0,11.877,8.9489,89.48899999999999,1.7817208319228692,,,,Sand,,,Sand 3,3,6.18,24.12,-4.699999999999999,-22.64
-10.42,11.9,8.8736,0.038229,2.4643,-2.4333,0.38983,2.45,0.42727,701.0,11.897,8.8736,88.736,1.7435236297466867,,,,Sand,,,Sand 3,3,6.18,24.12,-4.699999999999999,-22.64
-10.44,11.92,8.8297,0.032931,2.4452,-2.4167,0.37288,2.45,0.36528,702.0,11.917,8.8297,88.29700000000001,1.7132553934525372,,,,Sand,,,Sand 3,3,6.18,24.12,-4.699999999999999,-22.64
-10.459999999999999,11.94,8.7829,0.0316,2.4097,-2.3833,0.35593,2.4,0.34684,702.0,11.937,8.7829,87.829,1.7051620189460153,,,,Sand,,,Sand 3,3,6.18,24.12,-4.699999999999999,-22.64
-10.48,11.96,8.7868,0.0303,2.4262,-2.4,0.35593,2.45,0.32738,703.0,11.957,8.7868,87.868,1.6939581638759513,,,,Sand,,,Sand 3,3,6.18,24.12,-4.699999999999999,-22.64
-10.5,11.98,9.2325,0.029037,2.4149,-2.3833,0.38983,2.4,0.30729,704.0,11.977,9.2325,92.325,1.6627353177817568,,,,Sand,,,Sand 3,3,6.18,24.12,-4.699999999999999,-22.64
-10.52,12.0,9.6439,0.02435,2.3745,-2.3333,0.44068,2.4,0.25191,705.0,11.997,9.6439,96.439,1.610400851028233,,,,Sand,,,Sand 3,3,6.18,24.12,-4.699999999999999,-22.64
-10.54,12.02,9.7874,0.0238,2.4268,-2.3833,0.45763,2.4,0.23975,706.0,12.017,9.7874,97.874,1.5962880450306751,,,,Sand,,,Sand 3,3,6.18,24.12,-4.699999999999999,-22.64
-10.559999999999999,12.04,10.105,0.0232,2.381,-2.3333,0.47458,2.45,0.22698,706.0,12.037,10.105,101.05,1.5745937601368565,,,,Sand,,,Sand 3,3,6.18,24.12,-4.699999999999999,-22.64
-10.58,12.06,10.428,0.022557,2.3518,-2.3,0.49153,2.4,0.21413,707.0,12.057,10.428,104.28,1.5527285657219445,,,,Sand,,,Sand 3,3,6.18,24.12,-4.699999999999999,-22.64
-10.6,12.08,10.562,0.057513,2.2835,-2.25,0.38983,2.4,0.53228,708.0,12.077,10.562,105.62,1.728245162193895,,,,Sand,,,Sand 3,3,6.18,24.12,-4.699999999999999,-22.64
-10.62,12.1,10.872,0.061517,2.394,-2.35,0.45763,2.4,0.55799,709.0,12.097,10.872,108.72,1.7291140040206883,,,,Sand,,,Sand 3,3,6.18,24.12,-4.699999999999999,-22.64
-10.639999999999999,12.12,11.138,0.061827,2.4242,-2.3667,0.52542,2.45,0.55158,710.0,12.117,11.138,111.38,1.7176054945357428,,,,Sand,,,Sand 3,3,6.18,24.12,-4.699999999999999,-22.64
-10.66,12.14,11.736,0.0638,2.4531,-2.4,0.50847,2.45,0.55902,711.0,12.137,11.736,117.36,1.7021338424185777,,,,Sand,,,Sand 3,3,6.18,24.12,-4.699999999999999,-22.64
-10.68,12.16,11.812,0.0658,2.3849,-2.35,0.40678,2.4,0.56448,711.0,12.156,11.812,118.12,1.7022340302016692,,,,Sand,,,Sand 3,3,6.18,24.12,-4.699999999999999,-22.64
-10.7,12.18,11.546,0.067771,2.4781,-2.45,0.37288,2.4,0.57064,712.0,12.176,11.546,115.46,1.713047605767476,,,,Sand,,,Sand 3,3,6.18,24.12,-4.699999999999999,-22.64
-10.719999999999999,12.2,11.58,0.064126,2.4757,-2.45,0.35593,2.4,0.52823,713.0,12.196,11.58,115.8,1.6930950780725613,,,,Sand,,,Sand 3,3,6.18,24.12,-4.699999999999999,-22.64
-10.74,12.22,12.057,0.06341,2.4946,-2.4667,0.37288,2.45,0.50884,714.0,12.216,12.057,120.57,1.6694936933292515,,,,Sand,,,Sand 3,3,6.18,24.12,-4.699999999999999,-22.64
-10.76,12.24,12.513,0.0594,2.4972,-2.4667,0.38983,2.4,0.46328,715.0,12.236,12.513,125.13,1.6336631851005858,,,,Sand,,,Sand 3,3,6.18,24.12,-4.699999999999999,-22.64
-10.78,12.26,12.628,0.0555,2.5416,-2.5167,0.35593,2.4,0.41901,715.0,12.256,12.628,126.28,1.6070429272358349,,,,Sand,,,Sand 3,3,6.18,24.12,-4.699999999999999,-22.64
-10.799999999999999,12.28,13.245,0.0555,2.5251,-2.5,0.35593,2.4,0.40728,716.0,12.276,13.245,132.45,1.582936019667411,,,,Sand,,,Sand 3,3,6.18,24.12,-4.699999999999999,-22.64
-10.82,12.3,14.313,0.0555,2.5537,-2.5333,0.32203,2.45,0.39773,717.0,12.296,14.313,143.13,1.5488798959946735,,,,Sand,,,Sand 3,3,6.18,24.12,-4.699999999999999,-22.64
-10.84,12.32,14.689,0.055474,2.5889,-2.5667,0.33898,2.4,0.38938,718.0,12.316,14.689,146.89,1.5344493097500371,,,,Sand,,,Sand 3,3,6.18,24.12,-4.699999999999999,-22.64
-10.86,12.34,14.939,0.057571,2.5827,-2.5667,0.28814,2.4,0.39606,719.0,12.336,14.939,149.39,1.532160477968834,,,,Sand,,,Sand 3,3,6.18,24.12,-4.699999999999999,-22.64
-10.879999999999999,12.36,14.633,0.063427,2.607,-2.5667,0.45763,2.45,0.43006,720.0,12.356,14.633,146.33,1.5590596040071223,,,,Sand,,,Sand 3,3,6.18,24.12,-4.699999999999999,-22.64
-10.9,12.38,14.675,0.063684,2.6125,-2.5833,0.38983,2.45,0.43015,720.0,12.376,14.675,146.75,1.5580679072865429,,,,Sand,,,Sand 3,3,6.18,24.12,-4.699999999999999,-22.64
-10.92,12.4,14.853,0.065341,2.5657,-2.5333,0.40678,2.4,0.44107,721.0,12.396,14.853,148.53,1.5596985837063697,,,,Sand,,,Sand 3,3,6.18,24.12,-4.699999999999999,-22.64
-10.94,12.42,14.942,0.067145,2.6125,-2.5833,0.38983,2.4,0.45257,722.0,12.416,14.942,149.42,1.5637718143438981,,,,Sand,,,Sand 3,3,6.18,24.12,-4.699999999999999,-22.64
-10.959999999999999,12.44,14.945,0.063456,2.6125,-2.5833,0.38983,2.4,0.42538,723.0,12.436,14.945,149.45,1.5487909259285197,,,,Sand,,,Sand 3,3,6.18,24.12,-4.699999999999999,-22.64
-10.98,12.46,14.765,0.0618,2.5935,-2.5667,0.37288,2.45,0.41072,724.0,12.456,14.765,147.65,1.5449246908762648,,,,Sand,,,Sand 3,3,6.18,24.12,-4.699999999999999,-22.64
-11.0,12.48,14.761,0.0601,2.6315,-2.6,0.40678,2.4,0.39641,725.0,12.476,14.761,147.61,1.5367694499910172,,,,Sand,,,Sand 3,3,6.18,24.12,-4.699999999999999,-22.64
-11.02,12.5,15.116,0.05845,2.6595,-2.6333,0.37288,2.4,0.38173,726.0,12.496,15.116,151.16,1.5193308759412716,,,,Sand,,,Sand 3,3,6.18,24.12,-4.699999999999999,-22.64
-11.04,12.52,15.282,0.061273,2.6455,-2.6167,0.38983,2.4,0.39388,726.0,12.516,15.282,152.82,1.5225475057137077,,,,Sand,,,Sand 3,3,6.18,24.12,-4.699999999999999,-22.64
-11.059999999999999,12.54,15.709,0.059735,2.6315,-2.6,0.40678,2.45,0.37777,727.0,12.536,15.709,157.09,1.5027538639780125,,,,Sand,,,Sand 3,3,6.18,24.12,-4.699999999999999,-22.64
-11.08,12.56,15.768,0.054999,2.6198,-2.6,0.32203,2.45,0.34205,728.0,12.556,15.768,157.68,1.4789196961817346,,,,Sand,,,Sand 3,3,6.18,24.12,-4.699999999999999,-22.64
-11.1,12.58,16.147,0.054099,2.6242,-2.6,0.35593,2.4,0.33198,729.0,12.576,16.147,161.46999999999997,1.4634408323577197,,,,Sand,,,Sand 3,3,6.18,24.12,-4.699999999999999,-22.64
-11.12,12.6,16.9,0.054824,2.577,-2.55,0.37288,2.4,0.33217,730.0,12.596,16.9,169.0,1.446534026869632,,,,Sand,,,Sand 3,3,6.18,24.12,-4.699999999999999,-22.64
-11.139999999999999,12.62,16.815,0.052565,2.5795,-2.55,0.38983,2.45,0.31531,731.0,12.616,16.815,168.15,1.4369670214181103,,,,Sand,,,Sand 3,3,6.18,24.12,-4.699999999999999,-22.64
-11.16,12.64,16.897,0.0539,2.5657,-2.5333,0.40678,2.4,0.31989,731.0,12.636,16.897,168.97,1.4382847223071566,,,,Sand,,,Sand 3,3,6.18,24.12,-4.699999999999999,-22.64
-11.18,12.66,16.846,0.0553,2.643,-2.6167,0.37288,2.45,0.32594,732.0,12.656,16.846,168.46,1.4435342211949678,,,,Sand,,,Sand 3,3,6.18,24.12,-4.699999999999999,-22.64
-11.2,12.68,16.958,0.05667,2.6265,-2.6,0.37288,2.4,0.33459,733.0,12.676,16.958,169.58,1.4468762384547145,,,,Sand,,,Sand 3,3,6.18,24.12,-4.699999999999999,-22.64
-11.219999999999999,12.7,17.036,0.047614,2.5795,-2.55,0.38983,2.4,0.28191,734.0,12.696,17.036,170.36,1.4082820037393435,,,,Sand,,,Sand 3,3,6.18,24.12,-4.699999999999999,-22.64
-11.24,12.72,17.195,0.045621,2.6315,-2.6,0.40678,2.4,0.27191,735.0,12.716,17.195,171.95,1.3973203257710465,,,,Sand,,,Sand 3,3,6.18,24.12,-4.699999999999999,-22.64
-11.26,12.74,17.084,0.044898,2.662,-2.6333,0.38983,2.45,0.26998,735.0,12.736,17.084,170.84,1.3983624116268638,,,,Sand,,,Sand 3,3,6.18,24.12,-4.699999999999999,-22.64
-11.28,12.76,16.666,0.039669,2.6671,-2.6333,0.42373,2.4,0.24158,736.0,12.756,16.666,166.66,1.386220564021608,,,,Sand,,,Sand 3,3,6.18,24.12,-4.699999999999999,-22.64
-11.299999999999999,12.78,16.436,0.038705,2.6595,-2.6333,0.37288,2.4,0.24007,737.0,12.776,16.436,164.36,1.3904793871746985,,,,Sand,,,Sand 3,3,6.18,24.12,-4.699999999999999,-22.64
-11.32,12.8,16.004,0.0394,2.629,-2.6,0.38983,2.4,0.25056,738.0,12.796,16.004,160.04000000000002,1.408981591247837,,,,Sand,,,Sand 3,3,6.18,24.12,-4.699999999999999,-22.64
-11.34,12.82,15.662,0.0401,2.7165,-2.6833,0.42373,2.4,0.26274,739.0,12.816,15.662,156.62,1.4265371947864784,,,,Sand,,,Sand 3,3,6.18,24.12,-4.699999999999999,-22.64
-11.36,12.84,15.281,0.040872,2.662,-2.6333,0.38983,2.45,0.27764,740.0,12.836,15.281,152.81,1.4469326410072265,,,,Sand,,,Sand 3,3,6.18,24.12,-4.699999999999999,-22.64
-11.379999999999999,12.86,14.649,0.042018,2.6671,-2.6333,0.42373,0.7,0.29778,752.0,12.856,14.649,146.49,1.477297474461889,,,,Sand,,,Sand 3,3,6.18,24.12,-4.699999999999999,-22.64
-11.4,12.88,14.016,0.042042,2.6342,-2.6,0.42373,2.15,0.31284,753.0,12.876,14.016,140.16,1.5043303369148386,,,,Sand,,,Sand 3,3,6.18,24.12,-4.699999999999999,-22.64
-11.42,12.9,13.384,0.040856,2.7,-2.6667,0.42373,2.45,0.32115,753.0,12.896,13.384,133.84,1.5273721809665113,,,,Sand,,,Sand 3,3,6.18,24.12,-4.699999999999999,-22.64
-11.44,12.92,12.336,0.040979,2.6507,-2.6167,0.42373,2.4,0.34141,754.0,12.916,12.336,123.36,1.5711732029516166,,,,Sand,,,Sand 3,3,6.18,24.12,-4.699999999999999,-22.64
-11.459999999999999,12.94,11.553,0.04044,2.6671,-2.6333,0.42373,2.45,0.35743,755.0,12.936,11.553,115.53,1.605718632016406,,,,Sand,,,Sand 3,3,6.18,24.12,-4.699999999999999,-22.64
-11.48,12.96,10.629,0.040672,2.6507,-2.6167,0.42373,2.4,0.38139,756.0,12.956,10.629,106.29,1.6510320798274785,,,,Sand,,,Sand 3,3,6.18,24.12,-4.699999999999999,-22.64
-11.5,12.98,9.9251,0.038523,2.6399,-2.6,0.45763,2.4,0.38243,757.0,12.976,9.9251,99.251,1.6776768815610192,,,,Sand,,,Sand 3,3,6.18,24.12,-4.699999999999999,-22.64
-11.52,13.0,9.5306,0.037006,2.6698,-2.6333,0.44068,2.4,0.38566,758.0,12.996,9.5306,95.306,1.6949006765121257,,,,Sand,,,Sand 3,3,6.18,24.12,-4.699999999999999,-22.64
-11.54,13.02,9.1383,0.036769,2.6863,-2.65,0.44068,2.45,0.39952,758.0,13.016,9.1383,91.383,1.718258640233621,,,,Sand,,,Sand 3,3,6.18,24.12,-4.699999999999999,-22.64
-11.559999999999999,13.04,8.8166,0.037445,2.6836,-2.65,0.42373,2.4,0.41973,759.0,13.036,8.8166,88.16599999999998,1.742212690953121,,,,Sand,,,Sand 3,3,6.18,24.12,-4.699999999999999,-22.64
-11.58,13.06,8.6573,0.038361,2.6756,-2.6333,0.47458,2.4,0.43947,760.0,13.056,8.6573,86.573,1.7588528545367648,,,,Sand,,,Sand 3,3,6.18,24.12,-4.699999999999999,-22.64
-11.6,13.08,8.5137,0.040406,2.7027,-2.6667,0.44068,2.4,0.46978,761.0,13.076,8.5137,85.137,1.779525599575153,,,,Sand,,,Sand 3,3,6.18,24.12,-4.699999999999999,-22.64
-11.62,13.1,8.4152,0.041046,2.6863,-2.65,0.44068,2.45,0.4797,762.0,13.096,8.4152,84.152,1.7884552864553565,,,,Sand,,,Sand 3,3,6.18,24.12,-4.699999999999999,-22.64
-11.639999999999999,13.12,8.3717,0.041788,2.6836,-2.65,0.42373,2.45,0.4863,762.0,13.115,8.3717,83.71700000000001,1.7933936918979048,,,,Sand,,,Sand 3,3,6.18,24.12,-4.699999999999999,-22.64
-11.66,13.14,8.388,0.04184,2.6698,-2.6333,0.44068,2.4,0.4794,763.0,13.135,8.388,83.88,1.7895332400355048,,,,Sand,,,Sand 3,3,6.18,24.12,-4.699999999999999,-22.64
-11.68,13.16,8.508,0.04179,2.7055,-2.6667,0.45763,2.4,0.46512,764.0,13.155,8.508,85.08,1.7776116117999028,,,,Sand,,,Sand 3,3,6.18,24.12,-4.699999999999999,-22.64
-11.7,13.18,8.7822,0.040802,2.7115,-2.6667,0.49153,2.45,0.43665,765.0,13.175,8.7822,87.82199999999999,1.7520606130045395,,,,Sand,,,Sand 3,3,6.18,24.12,-4.699999999999999,-22.64
-11.719999999999999,13.2,9.1085,0.040865,2.6891,-2.65,0.45763,2.45,0.41592,766.0,13.195,9.1085,91.085,1.7279202043611486,,,,Sand,,,Sand 3,3,6.18,24.12,-4.699999999999999,-22.64
-11.74,13.22,9.7336,0.041238,2.6836,-2.65,0.42373,2.4,0.39717,767.0,13.215,9.7336,97.33599999999998,1.6929961133039615,,,,Sand,,,Sand 3,3,6.18,24.12,-4.699999999999999,-22.64
-11.76,13.24,10.572,0.043025,2.7055,-2.6667,0.45763,2.4,0.39233,768.0,13.235,10.572,105.72,1.659063087159675,,,,Sand,,,Sand 3,3,6.18,24.12,-4.699999999999999,-22.64
-11.78,13.26,11.291,0.046454,2.7192,-2.6833,0.44068,2.4,0.40205,768.0,13.255,11.291,112.91,1.6395380620697289,,,,Sand,,,Sand 3,3,6.18,24.12,-4.699999999999999,-22.64
-11.799999999999999,13.28,12.218,0.049018,2.7329,-2.7,0.42373,2.45,0.40531,769.0,13.275,12.218,122.18,1.6118065986226346,,,,Sand,,,Sand 3,3,6.18,24.12,-4.699999999999999,-22.64
-11.82,13.3,12.85,0.051478,2.7741,-2.7333,0.47458,2.4,0.41097,770.0,13.295,12.85,128.5,1.5961904688168673,,,,Sand,,,Sand 3,3,6.18,24.12,-4.699999999999999,-22.64
-11.84,13.32,13.177,0.05475,2.807,-2.7667,0.47458,2.4,0.42731,771.0,13.315,13.177,131.77,1.5958568568697167,,,,Sand,,,Sand 3,3,6.18,24.12,-4.699999999999999,-22.64
-11.86,13.34,13.486,0.055799,2.7577,-2.7167,0.47458,2.4,0.43043,772.0,13.335,13.486,134.86,1.5890445850586523,,,,Sand,,,Sand 3,3,6.18,24.12,-4.699999999999999,-22.64
-11.879999999999999,13.36,13.426,0.058633,2.7309,-2.6833,0.50847,2.45,0.45319,773.0,13.355,13.426,134.26,1.6028020494055117,,,,Sand,,,Sand 3,3,6.18,24.12,-4.699999999999999,-22.64
-11.9,13.38,13.187,0.057035,2.7341,-2.6833,0.52542,2.4,0.44629,773.0,13.375,13.187,131.87,1.6057209602400848,,,,Sand,,,Sand 3,3,6.18,24.12,-4.699999999999999,-22.64
-11.92,13.4,12.866,0.057591,2.7249,-2.6833,0.47458,2.4,0.45894,774.0,13.395,12.866,128.66,1.6212980443915308,,,,Sand,,,Sand 3,3,6.18,24.12,-4.699999999999999,-22.64
-11.94,13.42,12.498,0.056026,2.7413,-2.7,0.47458,2.4,0.45665,775.0,13.415,12.498,124.98,1.630715800867644,,,,Sand,,,Sand 3,3,6.18,24.12,-4.699999999999999,-22.64
-11.959999999999999,13.44,12.013,0.052879,2.7442,-2.7,0.49153,2.45,0.44062,776.0,13.435,12.013,120.13,1.636971584219098,,,,Sand,,,Sand 3,3,6.18,24.12,-4.699999999999999,-22.64
-11.98,13.46,11.585,0.051979,2.7084,-2.6667,0.47458,2.4,0.44112,777.0,13.455,11.585,115.85,1.6506322193108838,,,,Sand,,,Sand 3,3,6.18,24.12,-4.699999999999999,-22.64
-12.0,13.48,11.328,0.050092,2.777,-2.7333,0.49153,2.4,0.43062,778.0,13.475,11.328,113.28,1.6535110956738877,,,,Sand,,,Sand 3,3,6.18,24.12,-4.699999999999999,-22.64
-12.02,13.5,11.247,0.048115,2.7606,-2.7167,0.49153,2.4,0.41579,778.0,13.495,11.247,112.47,1.648383000291823,,,,Sand,,,Sand 3,3,6.18,24.12,-4.699999999999999,-22.64
-12.04,13.52,11.284,0.045606,2.7538,-2.7,0.54237,2.45,0.39197,779.0,13.515,11.284,112.84,1.634255515656639,,,,Sand,,,Sand 3,3,6.18,24.12,-4.699999999999999,-22.64
-12.059999999999999,13.54,11.445,0.045876,2.7669,-2.7167,0.52542,2.4,0.3886,780.0,13.535,11.445,114.45,1.6270525946038086,,,,Sand,,,Sand 3,3,6.18,24.12,-4.699999999999999,-22.64
-12.08,13.56,11.66,0.045205,2.7309,-2.6833,0.50847,2.4,0.37556,781.0,13.555,11.66,116.6,1.6126903597808802,,,,Sand,,,Sand 3,3,6.18,24.12,-4.699999999999999,-22.64
-12.1,13.58,12.012,0.046898,2.7865,-2.7333,0.54237,2.4,0.38227,782.0,13.575,12.012,120.12,1.6052935908977086,,,,Sand,,,Sand 3,3,6.18,24.12,-4.699999999999999,-22.64
-12.12,13.6,12.521,0.047252,2.7735,-2.7167,0.55932,2.45,0.3796,783.0,13.595,12.521,125.21,1.5881741251068906,,,,Sand,,,Sand 3,3,6.18,24.12,-4.699999999999999,-22.64
-12.139999999999999,13.62,12.946,0.046938,2.8129,-2.7667,0.50847,2.45,0.37363,783.0,13.615,12.946,129.46,1.5721830786071134,,,,Sand,,,Sand 3,3,6.18,24.12,-4.699999999999999,-22.64
-12.16,13.64,13.178,0.048211,2.7865,-2.7333,0.54237,2.4,0.38254,784.0,13.635,13.178,131.78,1.570731197618933,,,,Sand,,,Sand 3,3,6.18,24.12,-4.699999999999999,-22.64
-12.18,13.66,13.099,0.049184,2.8028,-2.75,0.54237,2.4,0.3919,785.0,13.655,13.099,130.99,1.5783594816181794,,,,Sand,,,Sand 3,3,6.18,24.12,-4.699999999999999,-22.64
-12.2,13.68,12.72,0.049245,2.7865,-2.7333,0.54237,2.4,0.39659,786.0,13.675,12.72,127.2,1.591951219155452,,,,Sand,,,Sand 3,3,6.18,24.12,-4.699999999999999,-22.64
-12.219999999999999,13.7,12.365,0.055148,2.7968,-2.7333,0.59322,2.45,0.45099,787.0,13.695,12.365,123.65,1.6317220447718745,,,,Sand,,,Sand 3,3,6.18,24.12,-4.699999999999999,-22.64
-12.24,13.72,11.982,0.051102,2.8061,-2.75,0.55932,2.4,0.42694,787.0,13.715,11.982,119.82,1.630740457233993,,,,Sand,,,Sand 3,3,6.18,24.12,-4.699999999999999,-22.64
-12.26,13.74,11.588,0.052404,2.8225,-2.7667,0.55932,2.4,0.4473,788.0,13.735,11.588,115.88,1.653709338863471,,,,Sand,,,Sand 3,3,6.18,24.12,-4.699999999999999,-22.64
-12.28,13.76,11.459,0.049505,2.8294,-2.7667,0.59322,2.4,0.43082,789.0,13.755,11.459,114.59,1.6493418049486428,,,,Sand,,,Sand 3,3,6.18,24.12,-4.699999999999999,-22.64
-12.299999999999999,13.78,11.435,0.041783,2.8061,-2.75,0.55932,2.4,0.36931,790.0,13.775,11.435,114.35,1.6164967701014326,,,,Sand,,,Sand 3,3,6.18,24.12,-4.699999999999999,-22.64
-12.32,13.8,11.107,0.041344,2.8225,-2.7667,0.55932,2.4,0.37043,791.0,13.795,11.107,111.07,1.628183635197344,,,,Sand,,,Sand 3,3,6.18,24.12,-4.699999999999999,-22.64
-12.34,13.82,11.069,0.039797,2.8388,-2.7833,0.55932,2.45,0.3585,791.0,13.815,11.069,110.69,1.6226522577912148,,,,Sand,,,Sand 3,3,6.18,24.12,-4.699999999999999,-22.64
-12.36,13.84,10.922,0.040578,2.8225,-2.7667,0.55932,2.4,0.36667,792.0,13.835,10.922,109.22,1.6324357688840032,,,,Sand,,,Sand 3,3,6.18,24.12,-4.699999999999999,-22.64
-12.379999999999999,13.86,10.949,0.042851,2.8492,-2.7833,0.61017,2.4,0.38756,793.0,13.855,10.949,109.49,1.6431984972677667,,,,Sand,,,Sand 3,3,6.18,24.12,-4.699999999999999,-22.64
-12.4,13.88,10.761,0.0419,2.862,-2.8,0.59322,1.65,0.3774,805.0,13.875,10.761,107.61,1.6441292878056235,,,,Sand,,,Sand 3,3,6.18,24.12,-4.699999999999999,-22.64
-12.42,13.9,11.108,0.0409,2.862,-2.8,0.59322,2.45,0.36633,806.0,13.895,11.108,111.08,1.6258134105754285,,,,Sand,,,Sand 3,3,6.18,24.12,-4.699999999999999,-22.64
-12.44,13.92,11.183,0.039887,2.8846,-2.8333,0.54237,2.45,0.35415,807.0,13.915,11.183,111.83,1.6162133074972638,,,,Sand,,,Sand 3,3,6.18,24.12,-4.699999999999999,-22.64
-12.459999999999999,13.94,11.354,0.039868,2.8259,-2.7667,0.57627,2.4,0.35042,808.0,13.935,11.354,113.54,1.6082287857406383,,,,Sand,,,Sand 3,3,6.18,24.12,-4.699999999999999,-22.64
-12.48,13.96,11.474,0.039484,2.8487,-2.8,0.52542,2.4,0.34216,809.0,13.955,11.474,114.74,1.599301709869964,,,,Sand,,,Sand 3,3,6.18,24.12,-4.699999999999999,-22.64
-12.5,13.98,11.569,0.039834,2.8783,-2.8167,0.59322,2.4,0.34008,810.0,13.974,11.569,115.69,1.5948952269035117,,,,Sand,,,Sand 3,3,6.18,24.12,-4.699999999999999,-22.64
-12.52,14.0,11.703,0.040643,2.8422,-2.7833,0.57627,2.45,0.34044,810.0,13.994,11.703,117.03,1.5907029144884692,,,,Sand,,,Sand 3,3,6.18,24.12,-4.699999999999999,-22.64
-12.54,14.02,11.864,0.0415,2.8457,-2.7833,0.59322,2.4,0.3399,811.0,14.014,11.864,118.64,1.5851496107914722,,,,Sand,,,Sand 3,3,6.18,24.12,-4.699999999999999,-22.64
-12.559999999999999,14.04,12.062,0.0423,2.862,-2.8,0.59322,2.4,0.3365,812.0,14.034,12.062,120.62,1.5767507685228714,,,,Sand,,,Sand 3,3,6.18,24.12,-4.699999999999999,-22.64
-12.58,14.06,12.495,0.043071,2.8748,-2.8167,0.57627,2.4,0.33076,813.0,14.054,12.495,124.95,1.5597220107234488,,,,Sand,,,Sand 3,3,6.18,24.12,-4.699999999999999,-22.64
-12.6,14.08,12.985,0.041686,2.8946,-2.8333,0.59322,2.45,0.30771,814.0,14.074,12.985,129.85,1.530266078957822,,,,Sand,,,Sand 3,3,6.18,24.12,-4.699999999999999,-22.64
-12.62,14.1,13.523,0.043273,2.8692,-2.8,0.62712,2.45,0.30484,814.0,14.094,13.523,135.23,1.5127599603497484,,,,Sand,,,Sand 3,3,6.18,24.12,-4.699999999999999,-22.64
-12.639999999999999,14.12,14.362,0.044076,2.918,-2.85,0.62712,2.4,0.29524,815.0,14.114,14.362,143.62,1.4831542273379688,,,,Sand,,,Sand 3,3,6.18,24.12,-4.699999999999999,-22.64
-12.66,14.14,15.18,0.044826,2.918,-2.85,0.62712,2.4,0.28482,816.0,14.134,15.18,151.8,1.4546015887873969,,,,Sand,,,Sand 3,3,6.18,24.12,-4.699999999999999,-22.64
-12.68,14.16,15.904,0.042578,2.8854,-2.8167,0.62712,2.4,0.25646,817.0,14.154,15.904,159.04,1.4158890499364496,,,,Sand,,,Sand 3,3,6.18,24.12,-4.699999999999999,-22.64
-12.7,14.18,17.05,0.042316,2.8729,-2.8,0.64407,2.45,0.24133,818.0,14.174,17.05,170.5,1.3771226878061227,,,,Sand,,,Sand 3,3,6.18,24.12,-4.699999999999999,-22.64
-12.719999999999999,14.2,17.93,0.040697,2.8687,-2.7833,0.69551,2.4,0.21979,819.0,14.194,17.93,179.3,1.3399738147516098,,,,Sand,,,Sand 3,3,6.18,24.12,-4.699999999999999,-22.64
-12.74,14.22,18.971,0.043356,2.8483,-2.7667,0.67797,2.4,0.22281,820.0,14.214,18.971,189.71,1.3203025082272866,,,,Sand,,,Sand 3,3,6.18,24.12,-4.699999999999999,-22.64
-12.76,14.24,19.897,0.052713,2.8807,-2.8,0.67797,2.4,0.25972,820.0,14.234,19.897,198.97,1.332041884219184,,,,Sand,,,Sand 3,3,6.18,24.12,-4.699999999999999,-22.64
-12.78,14.26,20.984,0.056769,2.8612,-2.7667,0.7306,2.45,0.27068,821.0,14.254,20.984,209.84,1.3205527547463312,,,,Sand,,,Sand 3,3,6.18,24.12,-4.699999999999999,-22.64
-12.799999999999999,14.28,22.216,0.07587,2.8818,-2.7833,0.74814,2.4,0.35303,822.0,14.274,22.216,222.16,1.3606668392878292,,,,Sand,,,Sand 3,3,6.18,24.12,-4.699999999999999,-22.64
-12.82,14.3,22.72,0.096897,2.9232,-2.8167,0.78323,2.4,0.44515,823.0,14.294,22.72,227.2,1.4122286437453464,,,,Sand,,,Sand 3,3,6.18,24.12,-4.699999999999999,-22.64
-12.84,14.32,22.601,0.10809,2.8979,-2.8,0.74814,2.45,0.4947,824.0,14.314,22.601,226.01,1.4426337784524395,,,,Sand,,,Sand 3,3,6.18,24.12,-4.699999999999999,-22.64
-12.86,14.34,22.466,0.11904,2.8568,-2.7667,0.71305,2.4,0.54732,825.0,14.334,22.466,224.66,1.4728241788533996,,,,Sand,,,Sand 3,3,6.18,24.12,-4.699999999999999,-22.64
-12.879999999999999,14.36,22.072,0.12674,2.8935,-2.8,0.7306,2.4,0.59099,825.0,14.354,22.072,220.72,1.500487821926754,,,,Sand,,,Sand 3,3,6.18,24.12,-4.699999999999999,-22.64
-12.9,14.38,21.184,0.12771,2.8891,-2.8,0.71305,2.4,0.60679,826.0,14.374,21.184,211.84,1.521447939185468,,,,Sand,,,Sand 3,3,6.18,24.12,-4.699999999999999,-22.64
-12.92,14.4,20.557,0.12455,2.9257,-2.8333,0.7306,2.45,0.60371,827.0,14.394,20.557,205.57,1.529836461303079,,,,Sand,,,Sand 3,3,6.18,24.12,-4.699999999999999,-22.64
-12.94,14.42,20.179,0.12784,2.9172,-2.8333,0.69551,2.4,0.63319,828.0,14.414,20.179,201.79,1.549513039027497,,,,Sand,,,Sand 3,3,6.18,24.12,-4.699999999999999,-22.64
-12.959999999999999,14.44,19.79,0.12777,2.9172,-2.8333,0.69551,2.4,0.6475,829.0,14.434,19.79,197.9,1.5622691646589302,,,,Sand,,,Sand 3,3,6.18,24.12,-4.699999999999999,-22.64
-12.98,14.46,19.52,0.12892,2.9214,-2.8333,0.71305,2.4,0.66725,830.0,14.454,19.52,195.2,1.575375039225838,,,,Sand,,,Sand 3,3,6.18,24.12,-4.699999999999999,-22.64
-13.0,14.48,19.272,0.13111,2.8969,-2.8167,0.67797,2.45,0.69403,830.0,14.474,19.272,192.72,1.5908872669521246,,,,Sand,,,Sand 3,3,6.18,24.12,-4.699999999999999,-22.64
-13.02,14.5,18.939,0.12928,2.9334,-2.85,0.69551,2.4,0.70211,831.0,14.494,18.939,189.39,1.5998803651396771,,,,Sand,,,Sand 3,3,6.18,24.12,-4.699999999999999,-22.64
-13.04,14.52,18.424,0.12782,2.9455,-2.8667,0.67797,2.4,0.71333,832.0,14.514,18.424,184.24,1.6133977694559596,,,,Sand,,,Sand 3,3,6.18,24.12,-4.699999999999999,-22.64
-13.059999999999999,14.54,17.889,0.12637,2.958,-2.8667,0.7306,2.4,0.72663,833.0,14.534,17.889,178.89,1.6282921104371222,,,,Sand,,,Sand 3,3,6.18,24.12,-4.699999999999999,-22.64
-13.08,14.56,17.111,0.12448,2.9346,-2.8333,0.76569,2.45,0.7389,834.0,14.554,17.111,171.11,1.6475759500600695,,,,Sand,,,Sand 3,3,6.18,24.12,-4.699999999999999,-22.64
-13.1,14.58,16.361,0.1217,2.9186,-2.8167,0.76569,2.4,0.74618,834.0,14.574,16.361,163.61,1.665028783554977,,,,Sand,,,Sand 3,3,6.18,24.12,-4.699999999999999,-22.64
-13.12,14.6,15.835,0.11891,2.9346,-2.8333,0.76569,2.4,0.75198,835.0,14.594,15.835,158.35,1.677956639560643,,,,Sand,,,Sand 3,3,6.18,24.12,-4.699999999999999,-22.64
-13.139999999999999,14.62,15.302,0.11581,2.8935,-2.8,0.7306,2.4,0.75399,836.0,14.614,15.302,153.02,1.689995096071335,,,,Sand,,,Sand 3,3,6.18,24.12,-4.699999999999999,-22.64
-13.16,14.64,14.91,0.11479,2.9232,-2.8167,0.78323,2.4,0.76611,837.0,14.634,14.91,149.1,1.703064626924244,,,,Sand,,,Sand 3,3,6.18,24.12,-4.699999999999999,-22.64
-13.18,14.66,14.648,0.11404,2.944,-2.8333,0.80077,2.45,0.77588,838.0,14.654,14.648,146.48,1.7124947066038654,,,,Sand,,,Sand 3,3,6.18,24.12,-4.699999999999999,-22.64
-13.2,14.68,14.448,0.11366,2.958,-2.8667,0.7306,2.45,0.78445,839.0,14.674,14.448,144.48,1.7201335738107175,,,,Sand,,,Sand 3,3,6.18,24.12,-4.699999999999999,-22.64
-13.219999999999999,14.7,14.26,0.11407,2.9921,-2.8833,0.80077,2.4,0.79426,839.0,14.694,14.26,142.6,1.7279634988510735,,,,Sand,,,Sand 3,3,6.18,24.12,-4.699999999999999,-22.64
-13.24,14.72,14.099,0.11413,2.9785,-2.8833,0.74814,2.4,0.79795,840.0,14.714,14.099,140.99,1.7330242189412632,,,,Sand,,,Sand 3,3,6.18,24.12,-4.699999999999999,-22.64
-13.26,14.74,14.084,0.11504,2.9668,-2.8667,0.76569,2.4,0.80459,841.0,14.734,14.084,140.84,1.7357082671626982,,,,Sand,,,Sand 3,3,6.18,24.12,-4.699999999999999,-22.64
-13.28,14.76,14.158,0.11583,2.9624,-2.8667,0.74814,2.4,0.80765,842.0,14.753,14.158,141.58,1.7350470032523189,,,,Sand,,,Sand 3,3,6.18,24.12,-4.699999999999999,-22.64
-13.299999999999999,14.78,14.283,0.1084,2.9946,-2.9,0.74814,2.45,0.75197,843.0,14.773,14.283,142.83,1.7121201721175052,,,,Sand,,,Sand 3,3,6.18,24.12,-4.699999999999999,-22.64
-13.32,14.8,14.443,0.101,2.9875,-2.8833,0.78323,2.45,0.69613,843.0,14.793,14.443,144.43,1.687100613605942,,,,Sand,,,Sand 3,3,6.18,24.12,-4.699999999999999,-22.64
-13.34,14.82,14.61,0.1003,2.999,-2.9,0.76569,2.4,0.68687,844.0,14.813,14.61,146.1,1.6795600226746734,,,,Sand,,,Sand 3,3,6.18,24.12,-4.699999999999999,-22.64
-13.36,14.84,14.791,0.0995,2.9668,-2.8667,0.76569,2.4,0.67753,845.0,14.833,14.791,147.91,1.67166299789559,,,,Sand,,,Sand 3,3,6.18,24.12,-4.699999999999999,-22.64
-13.379999999999999,14.86,14.856,0.098806,3.0196,-2.9167,0.78323,2.4,0.66942,846.0,14.853,14.856,148.56,1.6668966488299797,,,,Sand,,,Sand 3,3,6.18,24.12,-4.699999999999999,-22.64
-13.4,14.88,14.845,0.10037,2.9921,-2.8833,0.80077,0.8,0.67699,858.0,14.873,14.845,148.45,1.6702146699466467,,,,Sand,,,Sand 3,3,6.18,24.12,-4.699999999999999,-22.64
-13.42,14.9,14.834,0.10126,3.0108,-2.9167,0.74814,2.5,0.68051,859.0,14.893,14.834,148.34,1.6718823456417584,,,,Sand,,,Sand 3,3,6.18,24.12,-4.699999999999999,-22.64
-13.44,14.92,14.823,0.10203,3.0129,-2.9,0.81832,2.45,0.68321,860.0,14.913,14.823,148.23,1.6732159409450076,,,,Sand,,,Sand 3,3,6.18,24.12,-4.699999999999999,-22.64
-13.459999999999999,14.94,14.877,0.10247,3.0036,-2.9,0.78323,2.4,0.68259,861.0,14.933,14.877,148.77,1.6717414642828077,,,,Sand,,,Sand 3,3,6.18,24.12,-4.699999999999999,-22.64
-13.48,14.96,14.968,0.10474,3.0403,-2.9333,0.80077,2.4,0.69299,862.0,14.953,14.968,149.68,1.6738406587470511,,,,Sand,,,Sand 3,3,6.18,24.12,-4.699999999999999,-22.64
-13.5,14.98,15.043,0.10541,2.9875,-2.8833,0.78323,2.4,0.69183,862.0,14.973,15.043,150.43,1.671700606508633,,,,Sand,,,Sand 3,3,6.18,24.12,-4.699999999999999,-22.64
-13.52,15.0,15.223,0.10568,3.0313,-2.9333,0.76569,2.45,0.68726,863.0,14.993,15.223,152.23,1.665881317783157,,,,Sand,,,Sand 3,3,6.18,24.12,-4.699999999999999,-22.64
-13.54,15.02,15.479,0.1048,3.0289,-2.9167,0.81832,2.4,0.67488,864.0,15.013,15.479,154.79,1.6552747843240494,,,,Sand,,,Sand 3,3,6.18,24.12,-4.699999999999999,-22.64
-13.559999999999999,15.04,15.667,0.10342,3.045,-2.9333,0.81832,2.4,0.66007,865.0,15.033,15.667,156.67,1.6451165479717014,,,,Sand,,,Sand 3,3,6.18,24.12,-4.699999999999999,-22.64
-13.58,15.06,15.812,0.1028,3.0289,-2.9167,0.81832,2.45,0.65152,866.0,15.053,15.812,158.12,1.6384386276216034,,,,Sand,,,Sand 3,3,6.18,24.12,-4.699999999999999,-22.64
-13.6,15.08,15.951,0.10234,3.0242,-2.9167,0.80077,2.4,0.64583,867.0,15.073,15.951,159.51,1.6330860372377871,,,,Sand,,,Sand 3,3,6.18,24.12,-4.699999999999999,-22.64
-13.62,15.1,16.087,0.10362,3.061,-2.95,0.81832,2.4,0.653,868.0,15.093,16.087,160.87,1.633260714701741,,,,Sand,,,Sand 3,3,6.18,24.12,-4.699999999999999,-22.64
-13.639999999999999,15.12,16.081,0.10407,3.0196,-2.9167,0.78323,2.4,0.65618,868.0,15.113,16.081,160.81,1.6347236411190422,,,,Sand,,,Sand 3,3,6.18,24.12,-4.699999999999999,-22.64
-13.66,15.14,15.929,0.10545,3.0657,-2.95,0.83586,2.4,0.6665,869.0,15.133,15.929,159.29,1.642213362933829,,,,Sand,,,Sand 3,3,6.18,24.12,-4.699999999999999,-22.64
-13.68,15.16,15.771,0.10556,3.0474,-2.95,0.76569,2.4,0.67119,870.0,15.153,15.771,157.71,1.6474913012609984,,,,Sand,,,Sand 3,3,6.18,24.12,-4.699999999999999,-22.64
-13.7,15.18,15.65,0.10468,3.0725,-2.9667,0.80077,2.4,0.67373,871.0,15.173,15.65,156.5,1.6511166880353283,,,,Sand,,,Sand 3,3,6.18,24.12,-4.699999999999999,-22.64
-13.719999999999999,15.2,15.596,0.10344,3.0474,-2.95,0.76569,2.4,0.67682,872.0,15.193,15.596,155.96,1.6535383663893193,,,,Sand,,,Sand 3,3,6.18,24.12,-4.699999999999999,-22.64
-13.74,15.22,15.502,0.099784,3.112,-3.0167,0.76569,2.4,0.66347,873.0,15.213,15.502,155.02,1.650090650776602,,,,Sand,,,Sand 3,3,6.18,24.12,-4.699999999999999,-22.64
-13.76,15.24,15.205,0.09542,3.0958,-3.0,0.76569,2.45,0.64122,873.0,15.233,15.205,152.05,1.6473379955398477,,,,Sand,,,Sand 3,3,6.18,24.12,-4.699999999999999,-22.64
-13.78,15.26,14.561,0.092681,3.1077,-3.0167,0.74814,2.4,0.62262,874.0,15.253,14.561,145.61,1.6542060526857956,,,,Sand,,,Sand 3,3,6.18,24.12,-4.699999999999999,-22.64
-13.799999999999999,15.28,14.054,0.08828,3.0931,-2.9833,0.81832,2.4,0.58737,875.0,15.273,14.054,140.54,1.651108550515388,,,,Sand,,,Sand 3,3,6.18,24.12,-4.699999999999999,-22.64
-13.82,15.3,13.98,0.0833,3.1281,-3.0333,0.76569,2.4,0.54159,876.0,15.293,13.98,139.8,1.632105675689784,,,,Sand,,,Sand 3,3,6.18,24.12,-4.699999999999999,-22.64
-13.84,15.32,14.501,0.081655,3.1443,-3.05,0.76569,2.45,0.51159,877.0,15.313,14.501,145.01,1.6047851842507606,,,,Sand,,,Sand 3,3,6.18,24.12,-4.699999999999999,-22.64
-13.86,15.34,15.686,0.081744,3.1563,-3.0667,0.74814,2.4,0.48792,877.0,15.333,15.686,156.86,1.565061130190126,,,,Sand,,,Sand 3,3,6.18,24.12,-4.699999999999999,-22.64
-13.879999999999999,15.36,16.75,0.08531,3.1239,-3.0333,0.74814,2.4,0.48047,878.0,15.353,16.75,167.5,1.53801208173087,,,,Sand,,,Sand 3,3,6.18,24.12,-4.699999999999999,-22.64
-13.9,15.38,18.309,0.089074,3.197,-3.1,0.78323,2.4,0.47111,879.0,15.373,18.309,183.09,1.501774347937054,,,,Sand,,,Sand 3,3,6.18,24.12,-4.699999999999999,-22.64
-13.92,15.4,19.848,0.091884,3.1928,-3.1,0.76569,2.4,0.45731,880.0,15.393,19.848,198.48,1.4659532354408746,,,,Sand,,,Sand 3,3,6.18,24.12,-4.699999999999999,-22.64
-13.94,15.42,20.903,0.10172,3.2175,-3.1167,0.80077,2.45,0.48104,881.0,15.413,20.903,209.03,1.4614893490338687,,,,Sand,,,Sand 3,3,6.18,24.12,-4.699999999999999,-22.64
-13.959999999999999,15.44,22.068,0.11214,3.2131,-3.1333,0.71305,2.4,0.50964,881.0,15.433,22.068,220.68,1.4588445589994463,,,,Sand,,,Sand 3,3,6.18,24.12,-4.699999999999999,-22.64
-13.98,15.46,23.193,0.11847,3.1887,-3.1,0.74814,2.4,0.52421,882.0,15.452,23.193,231.93,1.450140175278943,,,,Sand,,,Sand 3,3,6.18,24.12,-4.699999999999999,-22.64
-14.0,15.48,23.981,0.12538,3.2333,-3.15,0.7306,2.45,0.54557,883.0,15.472,23.981,239.81,1.4505006620882201,,,,Sand,,,Sand 3,3,6.18,24.12,-4.699999999999999,-22.64
-14.02,15.5,24.116,0.1328,3.2576,-3.1667,0.76569,2.45,0.57176,884.0,15.492,24.116,241.16,1.4621992220205338,,,,Sand,,,Sand 3,3,6.18,24.12,-4.699999999999999,-22.64
-14.04,15.52,23.618,0.13565,3.2455,-3.15,0.78323,2.4,0.58106,885.0,15.512,23.618,236.18,1.4736236271970942,,,,Sand,,,Sand 3,3,6.18,24.12,-4.699999999999999,-22.64
-14.059999999999999,15.54,23.074,0.13922,3.2821,-3.1833,0.80077,2.45,0.59626,886.0,15.532,23.074,230.74,1.4886467428433445,,,,Sand,,,Sand 3,3,6.18,24.12,-4.699999999999999,-22.64
-14.08,15.56,22.895,0.14258,3.2738,-3.1833,0.76569,2.45,0.61214,886.0,15.552,22.895,228.95,1.4988076195086677,,,,Sand,,,Sand 3,3,6.18,24.12,-4.699999999999999,-22.64
-14.1,15.58,22.871,0.14398,3.2738,-3.1833,0.76569,2.4,0.62013,887.0,15.572,22.871,228.71,1.502933388943027,,,,Sand,,,Sand 3,3,6.18,24.12,-4.699999999999999,-22.64
-14.12,15.6,23.015,0.14225,3.3062,-3.2167,0.76569,2.4,0.61318,888.0,15.592,23.015,230.15,1.4976225191265151,,,,Sand,,,Sand 3,3,6.18,24.12,-4.699999999999999,-22.64
-14.139999999999999,15.62,23.218,0.14093,3.2941,-3.2,0.78323,2.4,0.60577,889.0,15.612,23.218,232.18,1.4912490423098217,,,,Sand,,,Sand 3,3,6.18,24.12,-4.699999999999999,-22.64
-14.16,15.64,23.525,0.13927,3.2821,-3.1833,0.80077,2.4,0.59557,890.0,15.632,23.525,235.25,1.4820689769072417,,,,Sand,,,Sand 3,3,6.18,24.12,-4.699999999999999,-22.64
-14.18,15.66,23.525,0.13663,3.3306,-3.2333,0.80077,2.45,0.58068,891.0,15.652,23.525,235.25,1.4747097713357158,,,,Sand,,,Sand 3,3,6.18,24.12,-4.699999999999999,-22.64
-14.2,15.68,23.474,0.13742,3.3062,-3.2167,0.76569,2.4,0.58154,891.0,15.672,23.474,234.74,1.475840674789558,,,,Sand,,,Sand 3,3,6.18,24.12,-4.699999999999999,-22.64
-14.219999999999999,15.7,23.593,0.13869,3.3671,-3.2833,0.74814,2.4,0.58681,892.0,15.692,23.593,235.93,1.4768250054720355,,,,Sand,,,Sand 3,3,6.18,24.12,-4.699999999999999,-22.64
-14.24,15.72,23.858,0.14029,3.3509,-3.2667,0.74814,2.4,0.5956,893.0,15.712,23.858,238.58,1.4775649686077248,,,,Sand,,,Sand 3,3,6.18,24.12,-4.699999999999999,-22.64
-14.26,15.74,24.024,0.14243,3.3468,-3.25,0.80077,2.4,0.60773,894.0,15.732,24.024,240.24,1.4812591739848942,,,,Sand,,,Sand 3,3,6.18,24.12,-4.699999999999999,-22.64
-14.28,15.76,23.82,0.14378,3.3918,-3.3006,0.78323,2.45,0.61641,895.0,15.752,23.82,238.2,1.4881576139862611,,,,Sand,,,Sand 3,3,6.18,24.12,-4.699999999999999,-22.64
-14.299999999999999,15.78,23.261,0.14487,3.3184,-3.2333,0.74814,2.4,0.62363,896.0,15.772,23.261,232.61,1.4991683501745086,,,,Sand,,,Sand 3,3,6.18,24.12,-4.699999999999999,-22.64
-14.32,15.8,22.882,0.14112,3.3833,-3.2833,0.81832,2.4,0.60994,896.0,15.792,22.882,228.82,1.4979405202052842,,,,Sand,,,Sand 3,3,6.18,24.12,-4.699999999999999,-22.64
-14.34,15.82,22.582,0.13984,3.3918,-3.3006,0.78323,2.4,0.60775,897.0,15.812,22.582,225.82,1.501149620530895,,,,Sand,,,Sand 3,3,6.18,24.12,-4.699999999999999,-22.64
-14.36,15.84,22.586,0.13808,3.3751,-3.2833,0.78323,2.4,0.60087,898.0,15.832,22.586,225.86,1.4977907680166274,,,,Sand,,,Sand 3,3,6.18,24.12,-4.699999999999999,-22.64
-14.379999999999999,15.86,22.83,0.1361,3.3839,-3.3006,0.74814,2.45,0.58961,899.0,15.852,22.83,228.3,1.4888377387864162,,,,Sand,,,Sand 3,3,6.18,24.12,-4.699999999999999,-22.64
-14.4,15.88,23.11,0.13571,3.3839,-3.3006,0.74814,2.4,0.58339,900.0,15.872,23.11,231.1,1.4818210660868503,,,,Sand,,,Sand 3,3,6.18,24.12,-4.699999999999999,-22.64
-14.42,15.9,23.012,0.13604,3.3932,-3.3178,0.71305,2.25,0.57959,920.0,15.892,23.012,230.12,1.4813142139624864,,,,Sand,,,Sand 3,3,6.18,24.12,-4.699999999999999,-22.64
-14.44,15.92,23.579,0.13731,3.4719,-3.3868,0.76569,2.55,0.58034,920.0,15.912,23.579,235.79,1.4737984284080634,,,,Sand,,,Sand 3,3,6.18,24.12,-4.699999999999999,-22.64
-14.459999999999999,15.94,24.086,0.139,3.3932,-3.3178,0.71305,2.4,0.58434,921.0,15.932,24.086,240.86,1.4689333359723218,,,,Sand,,,Sand 3,3,6.18,24.12,-4.699999999999999,-22.64
-14.48,15.96,24.319,0.14225,3.4306,-3.3523,0.7306,2.4,0.59687,922.0,15.952,24.319,243.19,1.472056444532081,,,,Sand,,,Sand 3,3,6.18,24.12,-4.699999999999999,-22.64
-14.5,15.98,24.26,0.14321,3.4234,-3.3523,0.69551,2.4,0.60052,923.0,15.972,24.26,242.6,1.4746250722252872,,,,Sand,,,Sand 3,3,6.18,24.12,-4.699999999999999,-22.64
-14.52,16.0,24.092,0.14422,3.4537,-3.3868,0.67797,2.4,0.60755,924.0,15.992,24.092,240.92,1.4802694234781155,,,,Sand,,,Sand 3,3,6.18,24.12,-4.699999999999999,-22.64
-14.54,16.02,23.843,0.14433,3.4681,-3.3868,0.74814,2.4,0.61501,925.0,16.012,23.843,238.43,1.4871796977574296,,,,Sand,,,Sand 3,3,6.18,24.12,-4.699999999999999,-22.64
-14.559999999999999,16.04,23.467,0.14359,3.4643,-3.3868,0.7306,2.45,0.62214,926.0,16.031,23.467,234.67,1.495647912368463,,,,Sand,,,Sand 3,3,6.18,24.12,-4.699999999999999,-22.64
-14.579999999999998,16.06,23.134,0.14001,3.5186,-3.4385,0.74814,2.4,0.61995,926.0,16.051,23.134,231.34,1.499182264162162,,,,Sand,,,Sand 3,3,6.18,24.12,-4.699999999999999,-22.64
-14.599999999999998,16.08,22.706,0.13553,3.5318,-3.4557,0.7306,2.4,0.61516,927.0,16.071,22.706,227.06,1.5029103933886,,,,Sand,,,Sand 3,3,6.18,24.12,-4.699999999999999,-22.64
-14.620000000000001,16.1,21.922,0.129,3.5186,-3.4385,0.74814,2.45,0.60011,928.0,16.091,21.922,219.22,1.5071086358041625,,,,Sand,,,Sand 3,3,6.18,24.12,-4.699999999999999,-22.64
-14.64,16.12,21.216,0.12224,3.5149,-3.4385,0.7306,2.45,0.5815,929.0,16.111,21.216,212.16,1.5088261948166959,,,,Sand,,,Sand 3,3,6.18,24.12,-4.699999999999999,-22.64
-14.66,16.14,20.292,0.11745,3.5017,-3.4213,0.74814,2.4,0.56979,930.0,16.131,20.292,202.92,1.5178382363401528,,,,Sand,,,Sand 3,3,6.18,24.12,-4.699999999999999,-22.64
-14.68,16.16,19.678,0.11164,3.5354,-3.4557,0.74814,2.4,0.55114,931.0,16.151,19.678,196.78,1.5188960770907491,,,,Sand,,,Sand 3,3,6.18,24.12,-4.699999999999999,-22.64
-14.7,16.18,19.553,0.10474,3.5392,-3.4557,0.76569,2.4,0.52389,931.0,16.171,19.553,195.53,1.5072192373808109,,,,Sand,,,Sand 3,3,6.18,24.12,-4.699999999999999,-22.64
-14.719999999999999,16.2,19.676,0.099023,3.5655,-3.4902,0.7306,2.45,0.49913,932.0,16.191,19.676,196.76,1.4920593045756112,,,,Sand,,,Sand 3,3,6.18,24.12,-4.699999999999999,-22.64
-14.739999999999998,16.22,19.864,0.097225,3.5486,-3.473,0.7306,2.4,0.49052,933.0,16.211,19.864,198.64,1.484157439505816,,,,Sand,,,Sand 3,3,6.18,24.12,-4.699999999999999,-22.64
-14.759999999999998,16.24,19.853,0.095005,3.586,-3.5075,0.74814,2.4,0.47752,934.0,16.231,19.853,198.53,1.4772194784581847,,,,Sand,,,Sand 3,3,6.18,24.12,-4.699999999999999,-22.64
-14.780000000000001,16.26,19.815,0.095383,3.5824,-3.5075,0.7306,2.4,0.47619,935.0,16.251,19.815,198.15,1.4771432940348828,,,,Sand,,,Sand 3,3,6.18,24.12,-4.699999999999999,-22.64
-14.8,16.28,19.983,0.09786,3.5585,-3.4902,0.69551,2.45,0.48435,936.0,16.271,19.983,199.83,1.4787385811757616,,,,Sand,,,Sand 3,3,6.18,24.12,-4.699999999999999,-22.64
-14.82,16.3,20.142,0.10019,3.5451,-3.473,0.71305,2.4,0.49109,936.0,16.291,20.142,201.42,1.4797064912071862,,,,Sand,,,Sand 3,3,6.18,24.12,-4.699999999999999,-22.64
-14.84,16.32,20.278,0.10374,3.5958,-3.5247,0.71305,2.4,0.50128,937.0,16.311,20.278,202.78,1.4829222756507185,,,,Sand,,,Sand 3,3,6.18,24.12,-4.699999999999999,-22.64
-14.86,16.34,20.633,0.11186,3.5828,-3.5247,0.64407,2.4,0.53143,938.0,16.331,20.633,206.33,1.49295156121729,,,,Sand,,,Sand 3,3,6.18,24.12,-4.699999999999999,-22.64
-14.879999999999999,16.36,21.067,0.13576,3.6296,-3.5592,0.71305,2.45,0.63461,939.0,16.351,21.067,210.67,1.5361468562571792,,,,Sand,,,Sand 3,3,6.18,24.12,-4.699999999999999,-22.64
-14.899999999999999,16.38,21.445,0.14168,3.6398,-3.5764,0.67797,2.45,0.65206,940.0,16.371,21.445,214.45,1.5382877231295722,,,,Sand,,,Sand 3,3,6.18,24.12,-4.699999999999999,-22.64
-14.919999999999998,16.4,22.201,0.14408,3.633,-3.5592,0.7306,2.4,0.65227,940.0,16.391,22.201,222.01,1.527278210062432,,,,Sand,,,Sand 3,3,6.18,24.12,-4.699999999999999,-22.64
-14.940000000000001,16.42,22.644,0.15187,3.6465,-3.5764,0.71305,2.4,0.67565,941.0,16.411,22.644,226.44,1.531419375566168,,,,Sand,,,Sand 3,3,6.18,24.12,-4.699999999999999,-22.64
-14.96,16.44,22.73,0.1565,3.6872,-3.6109,0.74814,2.4,0.68263,942.0,16.431,22.73,227.3,1.533286539464212,,,,Sand,,,Sand 3,3,6.18,24.12,-4.699999999999999,-22.64
-14.98,16.46,22.834,0.1594,3.6309,-3.542,0.80077,2.4,0.68021,943.0,16.451,22.834,228.34,1.5307864937602986,,,,Sand,,,Sand 3,3,6.18,24.12,-4.699999999999999,-22.64
-15.0,16.48,23.163,0.16312,3.6931,-3.5937,0.8534,2.4,0.68148,944.0,16.471,23.163,231.63,1.5268405231673463,,,,Sand,,,Sand 3,3,6.18,24.12,-4.699999999999999,-22.64
-15.02,16.5,23.741,0.163,3.6645,-3.5764,0.80077,2.4,0.66739,945.0,16.491,23.741,237.41,1.5128322341877045,,,,Sand,,,Sand 3,3,6.18,24.12,-4.699999999999999,-22.64
-15.04,16.52,24.653,0.15994,3.6931,-3.5937,0.8534,2.4,0.64342,945.0,16.511,24.653,246.53,1.490022091430209,,,,Sand,,,Sand 3,3,6.18,24.12,-4.699999999999999,-22.64
-15.059999999999999,16.54,25.501,0.16425,3.6804,-3.5764,0.87095,2.4,0.65182,946.0,16.53,25.501,255.01,1.4833511477270536,,,,Sand,,,Sand 3,3,6.18,24.12,-4.699999999999999,-22.64
-15.079999999999998,16.56,26.221,0.17078,3.715,-3.6282,0.80077,2.4,0.66999,947.0,16.55,26.221,262.21,1.4831039511411832,,,,Sand,,,Sand 3,3,6.18,24.12,-4.699999999999999,-22.64
-15.099999999999998,16.58,26.549,0.15995,3.7059,-3.6109,0.83586,2.45,0.6216,948.0,16.57,26.549,265.49,1.456440796863898,,,,Sand,,,Sand 3,3,6.18,24.12,-4.699999999999999,-22.64
-15.120000000000001,16.6,26.205,0.1568,3.7525,-3.6626,0.81832,2.45,0.60578,949.0,16.59,26.205,262.05,1.4527667008517433,,,,Sand,,,Sand 3,3,6.18,24.12,-4.699999999999999,-22.64
-15.14,16.62,25.557,0.1537,3.7307,-3.6282,0.87095,2.4,0.59158,950.0,16.61,25.557,255.57,1.4536079322131843,,,,Sand,,,Sand 3,3,6.18,24.12,-4.699999999999999,-22.64
-15.16,16.64,25.488,0.15063,3.7348,-3.6282,0.88849,2.4,0.5805,950.0,16.63,25.488,254.88,1.4488783367941014,,,,Sand,,,Sand 3,3,6.18,24.12,-4.699999999999999,-22.64
-15.18,16.66,25.678,0.15194,3.7854,-3.6626,0.95867,2.4,0.5899,951.0,16.65,25.678,256.78,1.4512657546016288,,,,Sand,,,Sand 3,3,6.18,24.12,-4.699999999999999,-22.64
-15.2,16.68,25.874,0.14978,3.7091,-3.5592,1.0464,2.4,0.58673,952.0,16.67,25.874,258.74,1.4472552248507087,,,,Sand,,,Sand 3,3,6.18,24.12,-4.699999999999999,-22.64
-15.219999999999999,16.7,26.279,0.13434,3.7944,-3.6626,0.99376,2.4,0.5317,953.0,16.69,26.279,262.79,1.4133672672497002,,,,Sand,,,Sand 3,3,6.18,24.12,-4.699999999999999,-22.64
-15.239999999999998,16.72,25.957,0.132,3.7978,-3.6971,0.87095,2.4,0.53053,954.0,16.71,25.957,259.57,1.4167129035115922,,,,Sand,,,Sand 3,3,6.18,24.12,-4.699999999999999,-22.64
-15.259999999999998,16.74,25.021,0.1297,3.8729,-3.7661,0.90604,2.4,0.53064,955.0,16.73,25.021,250.21,1.4286979757350353,,,,Sand,,,Sand 3,3,6.18,24.12,-4.699999999999999,-22.64
-15.280000000000001,16.76,24.374,0.1274,3.9314,-3.8178,0.94112,2.45,0.5316,955.0,16.75,24.374,243.74,1.4377685772133888,,,,Sand,,,Sand 3,3,6.18,24.12,-4.699999999999999,-22.64
-15.3,16.78,23.454,0.12529,3.8857,-3.7833,0.88849,2.4,0.53431,956.0,16.77,23.454,234.54,1.4518384776985762,,,,Sand,,,Sand 3,3,6.18,24.12,-4.699999999999999,-22.64
-15.32,16.8,22.407,0.1248,3.8274,-3.7316,0.8534,2.4,0.54343,957.0,16.79,22.407,224.07,1.4716792935650704,,,,Sand,,,Sand 3,3,6.18,24.12,-4.699999999999999,-22.64
-15.34,16.82,22.171,0.1242,3.8274,-3.7316,0.8534,2.4,0.55093,958.0,16.81,22.171,221.71,1.4790419413570195,,,,Sand,,,Sand 3,3,6.18,24.12,-4.699999999999999,-22.64
-15.36,16.84,22.058,0.12371,3.8649,-3.7661,0.87095,2.4,0.55627,959.0,16.83,22.058,220.58,1.4834519279583205,,,,Sand,,,Sand 3,3,6.18,24.12,-4.699999999999999,-22.64
-15.379999999999999,16.86,22.141,0.11953,3.874,-3.7833,0.83586,2.4,0.54083,960.0,16.85,22.141,221.41,1.4742815559048978,,,,Sand,,,Sand 3,3,6.18,24.12,-4.699999999999999,-22.64
-15.399999999999999,16.88,22.094,0.11594,3.8572,-3.7661,0.83586,2.4,0.52385,961.0,16.87,22.094,220.94,1.4660722804283794,,,,Sand,,,Sand 3,3,6.18,24.12,-4.699999999999999,-22.64
-15.419999999999998,16.9,21.652,0.11379,3.8442,-3.7489,0.8534,2.25,0.51237,973.0,16.89,21.652,216.52,1.4667039881888553,,,,Sand,,,Sand 3,3,6.18,24.12,-4.699999999999999,-22.64
-15.440000000000001,16.92,21.935,0.11496,3.874,-3.7833,0.83586,2.5,0.51503,974.0,16.91,21.935,219.35,1.463776652725745,,,,Sand,,,Sand 3,3,6.18,24.12,-4.699999999999999,-22.64
-15.46,16.94,22.356,0.11966,3.8947,-3.8006,0.8534,2.35,0.53289,975.0,16.93,22.356,223.56,1.4669288568031924,,,,Sand,,,Sand 3,3,6.18,24.12,-4.699999999999999,-22.64
-15.48,16.96,22.648,0.12458,3.9115,-3.8178,0.8534,2.4,0.55029,976.0,16.95,22.648,226.48,1.4716978912567493,,,,Sand,,,Sand 3,3,6.18,24.12,-4.699999999999999,-22.64
-15.5,16.98,22.791,0.12316,3.8985,-3.8006,0.87095,2.4,0.53776,976.0,16.97,22.791,227.91,1.4631092862235584,,,,Sand,,,Sand 3,3,6.18,24.12,-4.699999999999999,-22.64
-15.52,17.0,22.956,0.12403,3.8947,-3.8006,0.8534,2.4,0.5348,977.0,16.989,22.956,229.56,1.4591703573869945,,,,Sand,,,Sand 3,3,6.18,24.12,-4.699999999999999,-22.64
-15.54,17.02,23.206,0.12418,3.9232,-3.8178,0.90604,2.4,0.52844,978.0,17.009,23.206,232.06,1.4522188484874918,,,,Sand,,,Sand 3,3,6.18,24.12,-4.699999999999999,-22.64
-15.559999999999999,17.04,23.563,0.1202,3.9696,-3.8695,0.88849,2.4,0.50481,979.0,17.029,23.563,235.63,1.4343161797194541,,,,Sand,,,Sand 3,3,6.18,24.12,-4.699999999999999,-22.64
-15.579999999999998,17.06,23.77,0.11828,3.9736,-3.8695,0.90604,2.4,0.48984,980.0,17.049,23.77,237.7,1.4230147162525626,,,,Sand,,,Sand 3,3,6.18,24.12,-4.699999999999999,-22.64
-15.599999999999998,17.08,24.239,0.11785,3.9904,-3.8868,0.90604,2.4,0.48162,981.0,17.069,24.239,242.39,1.4117909823379542,,,,Sand,,,Sand 3,3,6.18,24.12,-4.699999999999999,-22.64
-15.620000000000001,17.1,24.827,0.12301,3.9528,-3.8523,0.88849,2.4,0.4979,982.0,17.089,24.827,248.27,1.413130411682034,,,,Sand,,,Sand 3,3,6.18,24.12,-4.699999999999999,-22.64
-15.64,17.12,25.144,0.1243,3.9901,-3.8695,0.97621,2.4,0.50039,982.0,17.109,25.144,251.44,1.4103542050126963,,,,Sand,,,Sand 3,3,6.18,24.12,-4.699999999999999,-22.64
-15.66,17.14,25.466,0.12575,3.9864,-3.8868,0.88849,2.4,0.50573,983.0,17.129,25.466,254.66,1.4091860605742363,,,,Sand,,,Sand 3,3,6.18,24.12,-4.699999999999999,-22.64
-15.68,17.16,25.532,0.12898,3.9956,-3.904,0.8534,2.4,0.52235,984.0,17.149,25.532,255.32,1.4175897176732146,,,,Sand,,,Sand 3,3,6.18,24.12,-4.699999999999999,-22.64
-15.7,17.18,25.099,0.13005,4.0162,-3.9213,0.87095,2.4,0.53426,985.0,17.169,25.099,250.99,1.4296399849229646,,,,Sand,,,Sand 3,3,6.18,24.12,-4.699999999999999,-22.64
-15.719999999999999,17.2,24.647,0.1314,3.9864,-3.8868,0.88849,2.4,0.55127,986.0,17.189,24.647,246.47,1.4445809641269338,,,,Sand,,,Sand 3,3,6.18,24.12,-4.699999999999999,-22.64
-15.739999999999998,17.22,23.961,0.13339,4.0239,-3.9213,0.90604,2.4,0.57471,987.0,17.209,23.961,239.61,1.4657760195077008,,,,Sand,,,Sand 3,3,6.18,24.12,-4.699999999999999,-22.64
-15.759999999999998,17.24,22.867,0.1358,4.0705,-3.973,0.88849,2.45,0.60341,987.0,17.229,22.867,228.67,1.4950189300779309,,,,Sand,,,Sand 3,3,6.18,24.12,-4.699999999999999,-22.64
-15.780000000000001,17.26,22.022,0.12659,4.0499,-3.9557,0.87095,2.4,0.58206,988.0,17.249,22.022,220.22,1.4968678517609944,,,,Sand,,,Sand 3,3,6.18,24.12,-4.699999999999999,-22.64
-15.8,17.28,21.099,0.12524,4.0293,-3.9385,0.8534,2.4,0.59839,989.0,17.269,21.099,210.99,1.5187803021938606,,,,Sand,,,Sand 3,3,6.18,24.12,-4.699999999999999,-22.64
-15.82,17.3,20.458,0.12496,4.0162,-3.9213,0.87095,2.4,0.62124,990.0,17.289,20.458,204.58,1.539575530721807,,,,Sand,,,Sand 3,3,6.18,24.12,-4.699999999999999,-22.64
-15.84,17.32,19.893,0.12104,4.0499,-3.9557,0.87095,2.35,0.6254,991.0,17.309,19.893,198.93,1.5506514304340273,,,,Sand,,,Sand 3,3,6.18,24.12,-4.699999999999999,-22.64
-15.86,17.34,19.041,0.11799,4.0125,-3.9213,0.8534,2.45,0.63292,992.0,17.329,19.041,190.41,1.5684361303362406,,,,Sand,,,Sand 3,3,6.18,24.12,-4.699999999999999,-22.64
-15.879999999999999,17.36,18.092,0.11707,4.0462,-3.9557,0.8534,2.4,0.64982,992.0,17.349,18.092,180.92,1.5927492989367122,,,,Sand,,,Sand 3,3,6.18,24.12,-4.699999999999999,-22.64
-15.899999999999999,17.38,17.443,0.11355,4.0667,-3.973,0.87095,2.4,0.65,993.0,17.369,17.443,174.43,1.6049375457666466,,,,Sand,,,Sand 3,3,6.18,24.12,-4.699999999999999,-22.64
-15.919999999999998,17.4,16.784,0.10787,4.1004,-4.0075,0.87095,2.4,0.63281,994.0,17.388,16.784,167.84,1.6103678183015768,,,,Sand,,,Sand 3,3,6.18,24.12,-4.699999999999999,-22.64
-15.940000000000001,17.42,16.331,0.1054,4.1118,-4.0075,0.92358,2.4,0.62633,995.0,17.408,16.331,163.31,1.6167577587194415,,,,Sand,,,Sand 3,3,6.18,24.12,-4.699999999999999,-22.64
-15.96,17.44,16.079,0.10222,4.0667,-3.973,0.87095,2.4,0.60785,996.0,17.428,16.079,160.79,1.613892338717097,,,,Sand,,,Sand 3,3,6.18,24.12,-4.699999999999999,-22.64
-15.98,17.46,16.087,0.10149,4.1042,-4.0075,0.88849,2.4,0.59727,996.0,17.448,16.087,160.87,1.6089907816932805,,,,Sand,,,Sand 3,3,6.18,24.12,-4.699999999999999,-22.64
-16.0,17.48,16.508,0.099941,4.0822,-3.973,0.94112,2.4,0.57613,997.0,17.468,16.508,165.08,1.590499794634706,,,,Sand,,,Sand 3,3,6.18,24.12,-4.699999999999999,-22.64
-16.02,17.5,17.297,0.10005,4.1158,-4.0075,0.94112,2.4,0.56097,998.0,17.488,17.297,172.97,1.5673991209776523,,,,Sand,,,Sand 3,3,6.18,24.12,-4.699999999999999,-22.64
-16.04,17.52,18.001,0.10207,4.1366,-4.0247,0.95867,2.4,0.55285,999.0,17.508,18.001,180.01,1.5498764832372138,,,,Sand,,,Sand 3,3,6.18,24.12,-4.699999999999999,-22.64
-16.06,17.54,18.849,0.10712,4.1158,-4.0075,0.94112,2.4,0.55938,1000.0,17.528,18.849,188.49,1.5374630801764766,,,,Sand,,,Sand 3,3,6.18,24.12,-4.699999999999999,-22.64
-16.08,17.56,19.622,0.11312,4.1366,-4.0247,0.95867,2.4,0.57215,1001.0,17.548,19.622,196.22,1.5301826734528152,,,,Sand,,,Sand 3,3,6.18,24.12,-4.699999999999999,-22.64
-16.099999999999998,17.58,20.242,0.12134,4.1791,-4.0764,0.92358,2.4,0.59892,1001.0,17.568,20.242,202.42,1.5326612985926353,,,,Sand,,,Sand 3,3,6.18,24.12,-4.699999999999999,-22.64
-16.12,17.6,21.095,0.12782,4.1869,-4.0764,0.95867,2.4,0.61953,1002.0,17.588,21.095,210.95,1.5287821077652437,,,,Sand,,,Sand 3,3,6.18,24.12,-4.699999999999999,-22.64
-16.14,17.62,21.59,0.13113,4.1959,-4.0937,0.92358,2.4,0.62777,1003.0,17.608,21.59,215.9,1.5250705018830537,,,,Sand,,,Sand 3,3,6.18,24.12,-4.699999999999999,-22.64
-16.16,17.64,21.478,0.13424,4.1997,-4.0937,0.94112,2.45,0.63795,1004.0,17.628,21.478,214.78,1.5314195002687616,,,,Sand,,,Sand 3,3,6.18,24.12,-4.699999999999999,-22.64
-16.18,17.66,21.207,0.13749,4.2205,-4.1109,0.95867,2.45,0.65056,1005.0,17.648,21.207,212.07,1.5412081296427826,,,,Sand,,,Sand 3,3,6.18,24.12,-4.699999999999999,-22.64
-16.2,17.68,20.968,0.14151,4.1753,-4.0764,0.90604,2.4,0.66837,1006.0,17.668,20.968,209.68,1.5527336307516693,,,,Sand,,,Sand 3,3,6.18,24.12,-4.699999999999999,-22.64
-16.22,17.7,20.902,0.1424,4.1921,-4.0937,0.90604,2.4,0.67187,1007.0,17.688,20.902,209.02,1.5552730916270587,,,,Sand,,,Sand 3,3,6.18,24.12,-4.699999999999999,-22.64
-16.24,17.72,20.858,0.13864,4.2166,-4.1109,0.94112,2.4,0.65108,1007.0,17.708,20.858,208.58,1.5467945510906582,,,,Sand,,,Sand 3,3,6.18,24.12,-4.699999999999999,-22.64
-16.259999999999998,17.74,20.979,0.1362,4.258,-4.1454,0.97621,2.4,0.63437,1008.0,17.728,20.979,209.79,1.537394761012781,,,,Sand,,,Sand 3,3,6.18,24.12,-4.699999999999999,-22.64
-16.28,17.76,21.398,0.13484,4.2426,-4.1454,0.90604,2.4,0.62177,1009.0,17.748,21.398,213.98,1.5251867359897966,,,,Sand,,,Sand 3,3,6.18,24.12,-4.699999999999999,-22.64
-16.3,17.78,21.769,0.13465,4.2463,-4.1454,0.92358,2.4,0.61472,1010.0,17.767,21.769,217.69,1.5163178068779986,,,,Sand,,,Sand 3,3,6.18,24.12,-4.699999999999999,-22.64
-16.32,17.8,22.267,0.134,4.3045,-4.1971,0.95867,2.4,0.60455,1011.0,17.787,22.267,222.67,1.5041641338135263,,,,Sand,,,Sand 3,3,6.18,24.12,-4.699999999999999,-22.64
-16.34,17.82,22.619,0.1333,4.3381,-4.2316,0.95867,2.45,0.5956,1012.0,17.807,22.619,226.19,1.4947690213953246,,,,Sand,,,Sand 3,3,6.18,24.12,-4.699999999999999,-22.64
-16.36,17.84,22.699,0.1326,4.3045,-4.1971,0.95867,2.4,0.58479,1012.0,17.827,22.699,226.99,1.4883379635386949,,,,Sand,,,Sand 3,3,6.18,24.12,-4.699999999999999,-22.64
-16.38,17.86,22.646,0.13665,4.3549,-4.2489,0.95867,2.4,0.59529,1013.0,17.847,22.646,226.46,1.494231879738862,,,,Sand,,,Sand 3,3,6.18,24.12,-4.699999999999999,-22.64
-16.4,17.88,22.946,0.13248,4.31,-4.2144,0.90604,2.4,0.57134,1014.0,17.867,22.946,229.46,1.4781251985899544,,,,Sand,,,Sand 3,3,6.18,24.12,-4.699999999999999,-22.64
-16.419999999999998,17.9,22.701,0.13202,4.3291,-4.2144,0.99376,2.1,0.56438,1063.0,17.887,22.701,227.01,1.478122853727646,,,,Sand,,,Sand 3,3,6.18,24.12,-4.699999999999999,-22.64
-16.44,17.92,23.757,0.1313,4.3381,-4.2316,0.95867,2.5,0.5563,1064.0,17.907,23.757,237.57,1.4591482477459818,,,,Sand,,,Sand 3,3,6.18,24.12,-4.699999999999999,-22.64
-16.46,17.94,24.002,0.13201,4.2968,-4.1971,0.92358,2.4,0.55398,1065.0,17.927,24.002,240.02,1.4546069965447317,,,,Sand,,,Sand 3,3,6.18,24.12,-4.699999999999999,-22.64
-16.48,17.96,24.13,0.13337,4.342,-4.2316,0.97621,0.7,0.55772,1076.0,17.947,24.13,241.3,1.454816787741037,,,,Sand,,,Sand 3,3,6.18,24.12,-4.699999999999999,-22.64
-16.5,17.98,24.258,0.13475,4.4168,-4.3161,0.94112,2.6,0.56289,1077.0,17.967,24.258,242.58,1.4557683617109787,,,,Sand,,,Sand 3,3,6.18,24.12,-4.699999999999999,-22.64
-16.52,18.0,24.385,0.1377,4.4095,-4.3161,0.90604,2.4,0.58002,1078.0,17.987,24.385,243.85,1.4627997779245887,,,,Sand,,,Sand 3,3,6.18,24.12,-4.699999999999999,-22.64
-16.54,18.02,24.451,0.13766,4.3934,-4.2997,0.90604,2.4,0.58899,1079.0,18.007,24.451,244.51,1.4664228196207656,,,,Sand,,,Sand 3,3,6.18,24.12,-4.699999999999999,-22.64
-16.56,18.04,23.631,0.14096,4.4205,-4.3161,0.95867,2.4,0.61664,1080.0,18.027,23.631,236.31,1.4908103586374233,,,,Sand,,,Sand 3,3,6.18,24.12,-4.699999999999999,-22.64
-16.58,18.06,22.899,0.14178,4.4205,-4.3161,0.95867,2.4,0.63617,1081.0,18.047,22.899,228.99,1.5100362350083536,,,,Sand,,,Sand 3,3,6.18,24.12,-4.699999999999999,-22.64
-16.599999999999998,18.08,22.17,0.14786,4.4809,-4.3817,0.94112,2.4,0.68258,1082.0,18.067,22.17,221.7,1.541149734068729,,,,Sand,,,Sand 3,3,6.18,24.12,-4.699999999999999,-22.64
-16.62,18.1,21.048,0.1449,4.4403,-4.3325,0.97621,2.4,0.68811,1082.0,18.087,21.048,210.48,1.5600530623289002,,,,Sand,,,Sand 3,3,6.18,24.12,-4.699999999999999,-22.64
-16.64,18.12,20.039,0.13802,4.4488,-4.3489,0.94112,2.4,0.66959,1083.0,18.106,20.039,200.39,1.5678743420476764,,,,Sand,,,Sand 3,3,6.18,24.12,-4.699999999999999,-22.64
-16.66,18.14,19.666,0.12672,4.4282,-4.3161,0.99376,2.4,0.62392,1084.0,18.126,19.666,196.66,1.553747297738207,,,,Sand,,,Sand 3,3,6.18,24.12,-4.699999999999999,-22.64
-16.68,18.16,19.388,0.1237,4.4761,-4.3653,0.99376,2.4,0.61451,1085.0,18.146,19.388,193.88,1.5541424748847867,,,,Sand,,,Sand 3,3,6.18,24.12,-4.699999999999999,-22.64
-16.7,18.18,19.619,0.11718,4.484,-4.3653,1.0288,2.4,0.58262,1086.0,18.166,19.619,196.19,1.53527656260005,,,,Sand,,,Sand 3,3,6.18,24.12,-4.699999999999999,-22.64
-16.72,18.2,20.075,0.11095,4.4963,-4.3653,1.0815,2.4,0.548,1087.0,18.186,20.075,200.75,1.5106135227283326,,,,Sand,,,Sand 3,3,6.18,24.12,-4.699999999999999,-22.64
-16.74,18.22,20.483,0.10845,4.5518,-4.4309,1.0464,2.4,0.53138,1087.0,18.206,20.483,204.83,1.4953795076383622,,,,Sand,,,Sand 3,3,6.18,24.12,-4.699999999999999,-22.64
-16.759999999999998,18.24,20.716,0.10449,4.5439,-4.4309,1.0113,2.4,0.50783,1088.0,18.226,20.716,207.16,1.4791769807567168,,,,Sand,,,Sand 3,3,6.18,24.12,-4.699999999999999,-22.64
-16.78,18.26,20.914,0.1041,4.5798,-4.4637,1.0288,2.4,0.50309,1089.0,18.246,20.914,209.14,1.4734061290188747,,,,Sand,,,Sand 3,3,6.18,24.12,-4.699999999999999,-22.64
-16.8,18.28,21.115,0.1144,4.5638,-4.4473,1.0288,2.4,0.5514,1090.0,18.266,21.115,211.15,1.4954530801086177,,,,Sand,,,Sand 3,3,6.18,24.12,-4.699999999999999,-22.64
-16.82,18.3,20.966,0.11608,4.5599,-4.4473,1.0113,2.4,0.56115,1091.0,18.286,20.966,209.66,1.5027077242104658,,,,Sand,,,Sand 3,3,6.18,24.12,-4.699999999999999,-22.64
-16.84,18.32,20.714,0.11496,4.5798,-4.4637,1.0288,2.4,0.55807,1092.0,18.306,20.714,207.14,1.505188965071122,,,,Sand,,,Sand 3,3,6.18,24.12,-4.699999999999999,-22.64
-16.86,18.34,20.552,0.11851,4.6196,-4.4964,1.0639,2.4,0.57828,1093.0,18.326,20.552,205.52,1.51775559419242,,,,Sand,,,Sand 3,3,6.18,24.12,-4.699999999999999,-22.64
-16.88,18.36,20.512,0.11816,4.5918,-4.4637,1.0815,2.4,0.58243,1093.0,18.346,20.512,205.12,1.5204113504415222,,,,Sand,,,Sand 3,3,6.18,24.12,-4.699999999999999,-22.64
-16.9,18.38,20.006,0.13049,4.6396,-4.5128,1.0815,2.4,0.64994,1094.0,18.366,20.006,200.06,1.5598120114680631,,,,Sand,,,Sand 3,3,6.18,24.12,-4.699999999999999,-22.64
-16.919999999999998,18.4,20.012,0.17023,4.6838,-4.5456,1.1341,2.4,0.85809,1095.0,18.386,20.012,200.12,1.6421083775993977,,,,Sand,,,Sand 3,3,6.18,24.12,-4.699999999999999,-22.64
-16.94,18.42,20.064,0.16651,4.6755,-4.5456,1.099,2.4,0.85183,1096.0,18.406,20.064,200.64,1.6390731270198011,,,,Sand,,,Sand 3,3,6.18,24.12,-4.699999999999999,-22.64
-16.96,18.44,19.47,0.15622,4.7193,-4.5948,1.0815,2.45,0.80993,1097.0,18.425,19.47,194.7,1.6331841550376334,,,,Sand,,,Sand 3,3,6.18,24.12,-4.699999999999999,-22.64
-16.98,18.46,19.282,0.15119,4.6834,-4.562,1.0639,2.35,0.78854,1097.0,18.445,19.282,192.82,1.6282382619369467,,,,Sand,,,Sand 3,3,6.18,24.12,-4.699999999999999,-22.64
-17.0,18.48,18.81,0.13806,4.7233,-4.5948,1.099,2.45,0.72094,1098.0,18.465,18.81,188.1,1.6097678931618937,,,,Sand,,,Sand 3,3,6.18,24.12,-4.699999999999999,-22.64
-17.02,18.5,18.22,0.12236,4.7672,-4.644,1.0815,2.4,0.6358,1099.0,18.485,18.22,182.2,1.584284738583489,,,,Sand,,,Sand 3,3,6.18,24.12,-4.699999999999999,-22.64
-17.04,18.52,18.438,0.11277,4.7154,-4.5948,1.0639,2.4,0.57922,1100.0,18.505,18.438,184.38,1.5544409503926035,,,,Sand,,,Sand 3,3,6.18,24.12,-4.699999999999999,-22.64
-17.06,18.54,19.094,0.1076,4.7433,-4.6112,1.1166,2.4,0.54565,1101.0,18.525,19.094,190.94,1.5263193793580758,,,,Sand,,,Sand 3,3,6.18,24.12,-4.699999999999999,-22.64
-17.08,18.56,19.823,0.10298,4.7991,-4.6768,1.0815,2.4,0.51388,1102.0,18.545,19.823,198.23,1.4973427110139426,,,,Sand,,,Sand 3,3,6.18,24.12,-4.699999999999999,-22.64
-17.099999999999998,18.58,20.82,0.10673,4.8272,-4.7096,1.0639,2.4,0.5228,1102.0,18.565,20.82,208.2,1.4854192333951275,,,,Sand,,,Sand 3,3,6.18,24.12,-4.699999999999999,-22.64
-17.12,18.6,21.269,0.11289,4.7831,-4.6604,1.0815,2.4,0.54525,1103.0,18.585,21.269,212.69,1.489905043023738,,,,Sand,,,Sand 3,3,6.18,24.12,-4.699999999999999,-22.64
-17.14,18.62,21.286,0.1226,4.8151,-4.6932,1.0815,2.4,0.58889,1104.0,18.605,21.286,212.86,1.5113294999907847,,,,Sand,,,Sand 3,3,6.18,24.12,-4.699999999999999,-22.64
-17.16,18.64,21.369,0.12599,4.7914,-4.6768,1.0464,2.4,0.60613,1105.0,18.625,21.369,213.69,1.5182984605287972,,,,Sand,,,Sand 3,3,6.18,24.12,-4.699999999999999,-22.64
-17.18,18.66,21.227,0.12852,4.8112,-4.6932,1.0639,2.4,0.62369,1106.0,18.645,21.227,212.27,1.5286808866784698,,,,Sand,,,Sand 3,3,6.18,24.12,-4.699999999999999,-22.64
-17.2,18.68,20.748,0.1283,4.8592,-4.7424,1.0639,2.4,0.63125,1107.0,18.665,20.748,207.48,1.5395696382905102,,,,Sand,,,Sand 3,3,6.18,24.12,-4.699999999999999,-22.64
-17.22,18.7,20.006,0.13043,4.8509,-4.726,1.099,2.4,0.65286,1107.0,18.685,20.006,200.06,1.5611018177393785,,,,Sand,,,Sand 3,3,6.18,24.12,-4.699999999999999,-22.64
-17.24,18.72,19.562,0.13001,4.8549,-4.726,1.1166,2.4,0.66417,1108.0,18.704,19.562,195.62,1.5733444511242312,,,,Sand,,,Sand 3,3,6.18,24.12,-4.699999999999999,-22.64
-17.259999999999998,18.74,19.386,0.1289,4.7911,-4.6604,1.1166,2.4,0.67272,1109.0,18.724,19.386,193.86,1.5799654870428321,,,,Sand,,,Sand 3,3,6.18,24.12,-4.699999999999999,-22.64
-17.28,18.76,19.016,0.13115,4.879,-4.7587,1.0815,2.4,0.69808,1110.0,18.744,19.016,190.16,1.5969005666056597,,,,Sand,,,Sand 3,3,6.18,24.12,-4.699999999999999,-22.64
-17.3,18.78,18.512,0.11262,4.9227,-4.7915,1.1341,2.4,0.60998,1111.0,18.764,18.512,185.12,1.5674112135605207,,,,Sand,,,Sand 3,3,6.18,24.12,-4.699999999999999,-22.64
-17.32,18.8,18.14,0.11179,4.8831,-4.7424,1.1692,2.4,0.61459,1112.0,18.784,18.14,181.4,1.5762754589770347,,,,Sand,,,Sand 3,3,6.18,24.12,-4.699999999999999,-22.64
-17.34,18.82,17.911,0.11084,4.9108,-4.7751,1.1517,2.4,0.61726,1112.0,18.804,17.911,179.11,1.581721590397186,,,,Sand,,,Sand 3,3,6.18,24.12,-4.699999999999999,-22.64
-17.36,18.84,17.761,0.10828,4.8829,-4.7587,1.099,2.4,0.60902,1113.0,18.824,17.761,177.61,1.5808176219952939,,,,Sand,,,Sand 3,3,6.18,24.12,-4.699999999999999,-22.64
-17.38,18.86,17.414,0.10364,4.899,-4.7587,1.1692,2.4,0.58672,1114.0,18.844,17.414,174.14,1.5772400033442189,,,,Sand,,,Sand 3,3,6.18,24.12,-4.699999999999999,-22.64
-17.4,18.88,17.371,0.10151,4.9267,-4.7915,1.1517,2.25,0.57721,1127.0,18.864,17.371,173.71,1.5736413476698232,,,,Sand,,,Sand 3,3,6.18,24.12,-4.699999999999999,-22.64
-17.419999999999998,18.9,17.532,0.10075,4.9074,-4.7587,1.2043,2.5,0.57531,1127.0,18.884,17.532,175.32,1.5696168520576357,,,,Sand,,,Sand 3,3,6.18,24.12,-4.699999999999999,-22.64
-17.44,18.92,17.587,0.10121,4.935,-4.7915,1.1867,2.4,0.58128,1128.0,18.904,17.587,175.87,1.5713592184361045,,,,Sand,,,Sand 3,3,6.18,24.12,-4.699999999999999,-22.64
-17.46,18.94,17.6,0.10328,4.935,-4.7915,1.1867,2.4,0.59644,1129.0,18.924,17.6,176.0,1.5781389049633852,,,,Sand,,,Sand 3,3,6.18,24.12,-4.699999999999999,-22.64
-17.48,18.96,17.519,0.1075,4.971,-4.8243,1.2043,2.4,0.62411,1130.0,18.944,17.519,175.19,1.592179195681366,,,,Sand,,,Sand 3,3,6.18,24.12,-4.699999999999999,-22.64
-17.5,18.98,17.319,0.10463,4.971,-4.8243,1.2043,2.4,0.61075,1131.0,18.964,17.319,173.19,1.5900620728966322,,,,Sand,,,Sand 3,3,6.18,24.12,-4.699999999999999,-22.64
-17.52,19.0,16.948,0.1026,4.9668,-4.8243,1.1867,2.4,0.602,1132.0,18.983,16.948,169.48,1.5934177585429883,,,,Sand,,,Sand 3,3,6.18,24.12,-4.699999999999999,-22.64
-17.54,19.02,16.653,0.10026,4.9986,-4.8571,1.1867,2.4,0.59183,1133.0,19.003,16.653,166.53,1.5947494666249922,,,,Sand,,,Sand 3,3,6.18,24.12,-4.699999999999999,-22.64
-17.56,19.04,16.633,0.098793,4.935,-4.7915,1.1867,2.4,0.58706,1133.0,19.023,16.633,166.33,1.5929744316034475,,,,Sand,,,Sand 3,3,6.18,24.12,-4.699999999999999,-22.64
-17.58,19.06,16.788,0.097639,5.02,-4.8571,1.2745,2.35,0.58324,1134.0,19.043,16.788,167.88,1.5880561985391297,,,,Sand,,,Sand 3,3,6.18,24.12,-4.699999999999999,-22.64
-17.599999999999998,19.08,16.886,0.096137,4.9869,-4.8407,1.2043,2.45,0.57569,1135.0,19.063,16.886,168.86,1.5825642323701596,,,,Sand,,,Sand 3,3,6.18,24.12,-4.699999999999999,-22.64
-17.62,19.1,16.772,0.095135,4.9795,-4.8243,1.2394,2.4,0.57028,1136.0,19.083,16.772,167.72,1.582342233975116,,,,Sand,,,Sand 3,3,6.18,24.12,-4.699999999999999,-22.64
-17.64,19.12,16.629,0.095021,5.0229,-4.8735,1.2218,2.4,0.57061,1137.0,19.103,16.629,166.29,1.5854254945619695,,,,Sand,,,Sand 3,3,6.18,24.12,-4.699999999999999,-22.64
-17.66,19.14,16.616,0.09501,5.0315,-4.8735,1.2569,2.4,0.57281,1138.0,19.123,16.616,166.16,1.5867226553017395,,,,Sand,,,Sand 3,3,6.18,24.12,-4.699999999999999,-22.64
-17.68,19.16,16.618,0.094766,5.0113,-4.8571,1.2394,2.4,0.57438,1138.0,19.143,16.618,166.18,1.5874144813822932,,,,Sand,,,Sand 3,3,6.18,24.12,-4.699999999999999,-22.64
-17.7,19.18,16.515,0.094483,5.095,-4.9391,1.2569,2.4,0.57536,1139.0,19.163,16.515,165.15,1.5899967936472,,,,Sand,,,Sand 3,3,6.18,24.12,-4.699999999999999,-22.64
-17.72,19.2,16.396,0.09614,5.0517,-4.8899,1.2745,2.4,0.58673,1140.0,19.183,16.396,163.96,1.5977149864007782,,,,Sand,,,Sand 3,3,6.18,24.12,-4.699999999999999,-22.64
-17.74,19.22,16.261,0.096644,5.0706,-4.9227,1.2218,2.4,0.58958,1141.0,19.203,16.261,162.61,1.6018380604471834,,,,Sand,,,Sand 3,3,6.18,24.12,-4.699999999999999,-22.64
-17.759999999999998,19.24,16.184,0.095494,5.0561,-4.8899,1.292,2.4,0.58082,1142.0,19.223,16.184,161.84000000000003,1.599450605838604,,,,Sand,,,Sand 3,3,6.18,24.12,-4.699999999999999,-22.64
-17.78,19.26,16.154,0.095023,5.0748,-4.9227,1.2394,2.4,0.57598,1143.0,19.242,16.154,161.54,1.5978535092483763,,,,Sand,,,Sand 3,3,6.18,24.12,-4.699999999999999,-22.64
-17.8,19.28,16.341,0.094896,5.0719,-4.9063,1.292,2.4,0.57309,1143.0,19.262,16.341,163.41000000000003,1.5925666415431539,,,,Sand,,,Sand 3,3,6.18,24.12,-4.699999999999999,-22.64
-17.82,19.3,16.668,0.094952,5.0447,-4.8735,1.3095,2.4,0.57103,1144.0,19.282,16.668,166.68,1.584820959695438,,,,Sand,,,Sand 3,3,6.18,24.12,-4.699999999999999,-22.64
-17.84,19.32,17.011,0.094439,5.131,-4.9719,1.2745,2.4,0.56572,1145.0,19.302,17.011,170.11,1.5753552804160826,,,,Sand,,,Sand 3,3,6.18,24.12,-4.699999999999999,-22.64
-17.86,19.34,16.964,0.095286,5.1081,-4.9391,1.3095,2.4,0.56937,1146.0,19.322,16.964,169.64,1.5780255752189767,,,,Sand,,,Sand 3,3,6.18,24.12,-4.699999999999999,-22.64
-17.88,19.36,16.884,0.096723,5.0922,-4.9227,1.3095,2.4,0.57808,1147.0,19.342,16.884,168.84,1.5837196231200228,,,,Sand,,,Sand 3,3,6.18,24.12,-4.699999999999999,-22.64
-17.9,19.38,16.821,0.098576,5.1267,-4.9719,1.2569,2.4,0.59135,1147.0,19.362,16.821,168.21,1.5911192379796448,,,,Sand,,,Sand 3,3,6.18,24.12,-4.699999999999999,-22.64
-17.919999999999998,19.4,16.705,0.10041,5.1715,-5.0046,1.3095,2.4,0.60612,1148.0,19.382,16.705,167.05,1.6001611413046135,,,,Sand,,,Sand 3,3,6.18,24.12,-4.699999999999999,-22.64
-17.94,19.42,16.489,0.10294,5.1195,-4.9555,1.292,2.4,0.62457,1149.0,19.402,16.489,164.89,1.612739001806803,,,,Sand,,,Sand 3,3,6.18,24.12,-4.699999999999999,-22.64
-17.96,19.44,16.312,0.10421,5.1354,-4.9719,1.292,2.4,0.63395,1150.0,19.422,16.312,163.12,1.62045812830447,,,,Sand,,,Sand 3,3,6.18,24.12,-4.699999999999999,-22.64
-17.98,19.46,16.171,0.10329,5.1267,-4.9719,1.2569,2.45,0.62799,1151.0,19.442,16.171,161.71,1.620806102508718,,,,Sand,,,Sand 3,3,6.18,24.12,-4.699999999999999,-22.64
-18.0,19.48,16.177,0.10242,5.1945,-5.0374,1.2745,2.35,0.62065,1152.0,19.462,16.177,161.77,1.617478546899549,,,,Sand,,,Sand 3,3,6.18,24.12,-4.699999999999999,-22.64
-18.02,19.5,16.292,0.10121,5.1804,-5.0046,1.3446,2.4,0.6086,1152.0,19.482,16.292,162.92000000000002,1.609754971576646,,,,Sand,,,Sand 3,3,6.18,24.12,-4.699999999999999,-22.64
-18.04,19.52,16.543,0.10006,5.1715,-5.0046,1.3095,2.35,0.59488,1153.0,19.501,16.543,165.43,1.5983916960523379,,,,Sand,,,Sand 3,3,6.18,24.12,-4.699999999999999,-22.64
-18.06,19.54,16.889,0.10035,5.2007,-5.021,1.3622,2.35,0.58791,1154.0,19.521,16.889,168.89,1.58816999507844,,,,Sand,,,Sand 3,3,6.18,24.12,-4.699999999999999,-22.64
-18.08,19.56,17.15,0.10194,5.1849,-5.0046,1.3622,2.45,0.58773,1155.0,19.541,17.15,171.5,1.582882178719573,,,,Sand,,,Sand 3,3,6.18,24.12,-4.699999999999999,-22.64
-18.099999999999998,19.58,17.505,0.10414,5.2099,-5.021,1.3973,2.4,0.59034,1156.0,19.561,17.505,175.05,1.577154015428237,,,,Sand,,,Sand 3,3,6.18,24.12,-4.699999999999999,-22.64
-18.12,19.6,17.838,0.10635,5.2324,-5.0538,1.3622,2.4,0.59335,1157.0,19.581,17.838,178.38,1.5721907707354497,,,,Sand,,,Sand 3,3,6.18,24.12,-4.699999999999999,-22.64
-18.14,19.62,18.155,0.1093,5.1737,-4.9883,1.3797,2.4,0.60145,1158.0,19.601,18.155,181.55,1.5700094820861485,,,,Sand,,,Sand 3,3,6.18,24.12,-4.699999999999999,-22.64
-18.16,19.64,18.388,0.11071,5.2053,-5.021,1.3797,2.4,0.60149,1158.0,19.621,18.388,183.88,1.565760039646893,,,,Sand,,,Sand 3,3,6.18,24.12,-4.699999999999999,-22.64
-18.18,19.66,18.656,0.11194,5.2369,-5.0538,1.3797,2.4,0.60088,1159.0,19.641,18.656,186.56,1.5606451095953404,,,,Sand,,,Sand 3,3,6.18,24.12,-4.699999999999999,-22.64
-18.2,19.68,18.804,0.11315,5.2146,-5.021,1.4148,2.4,0.60059,1160.0,19.661,18.804,188.04,1.5578753794562903,,,,Sand,,,Sand 3,3,6.18,24.12,-4.699999999999999,-22.64
-18.22,19.7,18.883,0.11336,5.2685,-5.0866,1.3797,2.4,0.59551,1161.0,19.681,18.883,188.83,1.5541141246838133,,,,Sand,,,Sand 3,3,6.18,24.12,-4.699999999999999,-22.64
-18.24,19.72,19.015,0.11303,5.2462,-5.0538,1.4148,2.4,0.58828,1162.0,19.701,19.015,190.15,1.5483953663804162,,,,Sand,,,Sand 3,3,6.18,24.12,-4.699999999999999,-22.64
-18.259999999999998,19.74,19.299,0.11396,5.2957,-5.1194,1.3622,2.4,0.5897,1163.0,19.721,19.299,192.99,1.5441204055498532,,,,Sand,,,Sand 3,3,6.18,24.12,-4.699999999999999,-22.64
-18.28,19.76,19.517,0.11717,5.2935,-5.103,1.4148,2.45,0.60355,1163.0,19.74,19.517,195.17,1.5468847278512106,,,,Sand,,,Sand 3,3,6.18,24.12,-4.699999999999999,-22.64
-18.3,19.78,19.731,0.11232,5.2777,-5.0866,1.4148,2.4,0.57605,1164.0,19.76,19.731,197.31,1.5302211643154997,,,,Sand,,,Sand 3,3,6.18,24.12,-4.699999999999999,-22.64
-18.32,19.8,19.806,0.11115,5.3318,-5.1522,1.3797,2.4,0.57023,1165.0,19.78,19.806,198.06,1.5261322129069592,,,,Sand,,,Sand 3,3,6.18,24.12,-4.699999999999999,-22.64
-18.34,19.82,19.553,0.11238,5.3344,-5.1358,1.4499,2.4,0.57656,1166.0,19.8,19.553,195.53,1.533490723359874,,,,Sand,,,Sand 3,3,6.18,24.12,-4.699999999999999,-22.64
-18.36,19.84,19.509,0.11027,5.3771,-5.185,1.4324,2.4,0.56464,1167.0,19.82,19.509,195.09,1.52845855583813,,,,Sand,,,Sand 3,3,6.18,24.12,-4.699999999999999,-22.64
-18.38,19.86,19.555,0.11035,5.3331,-5.1194,1.5025,2.4,0.56316,1167.0,19.84,19.555,195.55,1.5269444056376267,,,,Sand,,,Sand 3,3,6.18,24.12,-4.699999999999999,-22.64
-18.4,19.88,18.964,0.10867,5.3234,-5.1194,1.4674,1.95,0.55217,1180.0,19.86,18.964,189.64,1.5318665407114183,,,,Sand,,,Sand 3,3,6.18,24.12,-4.699999999999999,-22.64
-18.419999999999998,19.9,19.299,0.10713,5.3865,-5.185,1.4674,2.5,0.53999,1181.0,19.88,19.299,192.99,1.5198672145784082,,,,Sand,,,Sand 3,3,6.18,24.12,-4.699999999999999,-22.64
-18.44,19.92,19.819,0.10837,5.3755,-5.1686,1.485,2.35,0.5405,1182.0,19.9,19.819,198.19,1.5111442329564833,,,,Sand,,,Sand 3,3,6.18,24.12,-4.699999999999999,-22.64
-18.46,19.94,20.253,0.11207,5.407,-5.2014,1.485,2.4,0.55193,1183.0,19.92,20.253,202.53,1.509628376064365,,,,Sand,,,Sand 3,3,6.18,24.12,-4.699999999999999,-22.64
-18.48,19.96,20.499,0.11376,5.3865,-5.185,1.4674,2.4,0.54986,1184.0,19.94,20.499,204.99,1.504548883871561,,,,Sand,,,Sand 3,3,6.18,24.12,-4.699999999999999,-22.64
-18.5,19.98,20.823,0.12078,5.4496,-5.2505,1.4674,2.4,0.57316,1184.0,19.959,20.823,208.23,1.5109189983769833,,,,Sand,,,Sand 3,3,6.18,24.12,-4.699999999999999,-22.64
-18.52,20.0,21.194,0.12401,5.4118,-5.2014,1.5025,2.4,0.57898,1185.0,19.979,21.194,211.94,1.5079378427007648,,,,Sand,,,Sand 3,3,6.18,24.12,-4.699999999999999,-22.64
-18.54,20.02,21.592,0.12774,5.4449,-5.2505,1.4499,2.4,0.58762,1186.0,19.999,21.592,215.92,1.5060354259159325,,,,Sand,,,Sand 3,3,6.18,24.12,-4.699999999999999,-22.64
-18.56,20.04,22.031,0.13354,5.4133,-5.2178,1.4499,2.4,0.60619,1187.0,20.019,22.031,220.31,1.5084018801175423,,,,Sand,,,Sand 3,3,6.18,24.12,-4.699999999999999,-22.64
-18.58,20.06,22.375,0.13747,5.4748,-5.2669,1.5025,2.4,0.61809,1188.0,20.039,22.375,223.75,1.509024987392733,,,,Sand,,,Sand 3,3,6.18,24.12,-4.699999999999999,-22.64
-18.599999999999998,20.08,22.576,0.14426,5.4432,-5.2342,1.5025,2.4,0.64454,1189.0,20.059,22.576,225.76,1.518420012142,,,,Sand,,,Sand 3,3,6.18,24.12,-4.699999999999999,-22.64
-18.62,20.1,22.82,0.14866,5.4748,-5.2669,1.5025,2.4,0.66171,1189.0,20.079,22.82,228.2,1.522770952426801,,,,Sand,,,Sand 3,3,6.18,24.12,-4.699999999999999,-22.64
-18.64,20.12,22.824,0.14979,5.5293,-5.3333,1.4674,2.4,0.66621,1190.0,20.099,22.824,228.24,1.5247285361599876,,,,Sand,,,Sand 3,3,6.18,24.12,-4.699999999999999,-22.64
-18.66,20.14,22.519,0.14974,5.5226,-5.3167,1.5025,2.4,0.66699,1191.0,20.119,22.519,225.19,1.5293402734222887,,,,Sand,,,Sand 3,3,6.18,24.12,-4.699999999999999,-22.64
-18.68,20.16,22.324,0.15232,5.5273,-5.3167,1.5201,2.4,0.68118,1192.0,20.139,22.324,223.24,1.5383474256981997,,,,Sand,,,Sand 3,3,6.18,24.12,-4.699999999999999,-22.64
-18.7,20.18,22.258,0.15476,5.5433,-5.3333,1.5201,2.4,0.69775,1193.0,20.159,22.258,222.58,1.546445838303132,,,,Sand,,,Sand 3,3,6.18,24.12,-4.699999999999999,-22.64
-18.72,20.2,22.178,0.15353,5.5641,-5.35,1.5376,2.4,0.69928,1194.0,20.178,22.178,221.78,1.5482352785813418,,,,Sand,,,Sand 3,3,6.18,24.12,-4.699999999999999,-22.64
-18.74,20.22,22.099,0.15174,5.6009,-5.3833,1.5552,2.4,0.69914,1194.0,20.198,22.099,220.99,1.549301076031458,,,,Sand,,,Sand 3,3,6.18,24.12,-4.699999999999999,-22.64
-18.759999999999998,20.24,21.865,0.1493,5.6266,-5.4,1.5902,2.4,0.69872,1195.0,20.218,21.865,218.65,1.5524842935037677,,,,Sand,,,Sand 3,3,6.18,24.12,-4.699999999999999,-22.64
-18.78,20.26,21.378,0.14739,5.649,-5.4333,1.5552,2.4,0.70264,1196.0,20.238,21.378,213.78,1.5612796324302725,,,,Sand,,,Sand 3,3,6.18,24.12,-4.699999999999999,-22.64
-18.8,20.28,21.025,0.14747,5.6538,-5.4333,1.5727,2.4,0.71637,1197.0,20.258,21.025,210.25,1.5723024783338844,,,,Sand,,,Sand 3,3,6.18,24.12,-4.699999999999999,-22.64
-18.82,20.3,20.501,0.14605,5.6218,-5.4,1.5727,2.4,0.72235,1198.0,20.278,20.501,205.01,1.5827765463927428,,,,Sand,,,Sand 3,3,6.18,24.12,-4.699999999999999,-22.64
-18.84,20.32,19.637,0.14153,5.6282,-5.4167,1.5376,2.4,0.71122,1199.0,20.298,19.637,196.37,1.5919625051361521,,,,Sand,,,Sand 3,3,6.18,24.12,-4.699999999999999,-22.64
-18.86,20.34,19.125,0.13371,5.6378,-5.4167,1.5727,2.4,0.68044,1199.0,20.318,19.125,191.25,1.587657887236258,,,,Sand,,,Sand 3,3,6.18,24.12,-4.699999999999999,-22.64
-18.88,20.36,19.057,0.12914,5.6378,-5.4167,1.5727,2.4,0.66489,1200.0,20.338,19.057,190.57,1.5821812032666007,,,,Sand,,,Sand 3,3,6.18,24.12,-4.699999999999999,-22.64
-18.9,20.38,19.161,0.12803,5.6426,-5.4167,1.5902,2.4,0.66616,1201.0,20.358,19.161,191.61,1.5809512308499618,,,,Sand,,,Sand 3,3,6.18,24.12,-4.699999999999999,-22.64
-18.919999999999998,20.4,19.32,0.12797,5.6698,-5.45,1.5727,2.4,0.66976,1202.0,20.377,19.32,193.2,1.5798057228102032,,,,Sand,,,Sand 3,3,6.18,24.12,-4.699999999999999,-22.64
-18.94,20.42,19.375,0.12511,5.7226,-5.5,1.5902,2.4,0.65628,1203.0,20.397,19.375,193.75,1.57304517262197,,,,Sand,,,Sand 3,3,6.18,24.12,-4.699999999999999,-22.64
-18.96,20.44,19.204,0.1251,5.6858,-5.4667,1.5727,2.4,0.65776,1203.0,20.417,19.204,192.04,1.5765859679649163,,,,Sand,,,Sand 3,3,6.18,24.12,-4.699999999999999,-22.64
-18.98,20.46,18.871,0.12448,5.7434,-5.5167,1.6078,2.45,0.65671,1204.0,20.437,18.871,188.71,1.5818564514996587,,,,Sand,,,Sand 3,3,6.18,24.12,-4.699999999999999,-22.64
-19.0,20.48,18.744,0.1215,5.7483,-5.5167,1.6253,2.4,0.64405,1205.0,20.457,18.744,187.44,1.5785481439325477,,,,Sand,,,Sand 3,3,6.18,24.12,-4.699999999999999,-22.64
-19.02,20.5,18.775,0.11824,5.7053,-5.4667,1.6429,2.4,0.63031,1206.0,20.477,18.775,187.75,1.5719133906575207,,,,Sand,,,Sand 3,3,6.18,24.12,-4.699999999999999,-22.64
-19.04,20.52,18.7,0.11549,5.7901,-5.55,1.6604,2.4,0.61871,1207.0,20.497,18.7,187.0,1.5680209695568155,,,,Sand,,,Sand 3,3,6.18,24.12,-4.699999999999999,-22.64
-19.06,20.54,18.657,0.1117,5.784,-5.5333,1.6949,2.4,0.60014,1208.0,20.517,18.657,186.57,1.5602847696331283,,,,Sand,,,Sand 3,3,6.18,24.12,-4.699999999999999,-22.64
-19.08,20.56,18.591,0.10826,5.7373,-5.5,1.6429,2.4,0.58339,1208.0,20.537,18.591,185.91,1.5536373435736797,,,,Sand,,,Sand 3,3,6.18,24.12,-4.699999999999999,-22.64
-19.099999999999998,20.58,18.528,0.10715,5.811,-5.5667,1.678,2.4,0.58009,1209.0,20.557,18.528,185.28,1.5532158171197508,,,,Sand,,,Sand 3,3,6.18,24.12,-4.699999999999999,-22.64
-19.12,20.6,18.465,0.10498,5.7532,-5.5167,1.6429,2.4,0.57133,1210.0,20.576,18.465,184.65,1.5501881325461269,,,,Sand,,,Sand 3,3,6.18,24.12,-4.699999999999999,-22.64
-19.14,20.62,18.434,0.10398,5.7951,-5.55,1.678,2.4,0.569,1211.0,20.596,18.434,184.34,1.5496374158352513,,,,Sand,,,Sand 3,3,6.18,24.12,-4.699999999999999,-22.64
-19.16,20.64,18.305,0.10474,5.7741,-5.5333,1.6604,2.4,0.57614,1212.0,20.616,18.305,183.05,1.5554173277266157,,,,Sand,,,Sand 3,3,6.18,24.12,-4.699999999999999,-22.64
-19.18,20.66,18.097,0.1047,5.8318,-5.5833,1.6949,2.4,0.57863,1213.0,20.636,18.097,180.97,1.5604516683380405,,,,Sand,,,Sand 3,3,6.18,24.12,-4.699999999999999,-22.64
-19.2,20.68,17.919,0.10855,5.7901,-5.55,1.6604,2.4,0.60245,1214.0,20.656,17.919,179.19,1.5748547257572283,,,,Sand,,,Sand 3,3,6.18,24.12,-4.699999999999999,-22.64
-19.22,20.7,17.854,0.10645,5.8478,-5.6,1.6949,2.4,0.59322,1214.0,20.676,17.854,178.54,1.571828843244883,,,,Sand,,,Sand 3,3,6.18,24.12,-4.699999999999999,-22.64
-19.24,20.72,17.837,0.1062,5.8686,-5.6167,1.7119,2.45,0.59397,1215.0,20.696,17.837,178.37,1.572496240756672,,,,Sand,,,Sand 3,3,6.18,24.12,-4.699999999999999,-22.64
-19.259999999999998,20.74,17.851,0.10541,5.8735,-5.6167,1.7288,2.4,0.59164,1216.0,20.716,17.851,178.51,1.5711538058833194,,,,Sand,,,Sand 3,3,6.18,24.12,-4.699999999999999,-22.64
-19.28,20.76,17.852,0.1072,5.8589,-5.6167,1.678,2.4,0.60377,1217.0,20.736,17.852,178.52,1.57671515581207,,,,Sand,,,Sand 3,3,6.18,24.12,-4.699999999999999,-22.64
-19.3,20.78,17.844,0.10255,5.8845,-5.6333,1.7119,2.4,0.5806,1218.0,20.756,17.844,178.44,1.5661338500457909,,,,Sand,,,Sand 3,3,6.18,24.12,-4.699999999999999,-22.64
-19.32,20.8,17.79,0.10039,5.8894,-5.6333,1.7288,2.4,0.57236,1219.0,20.775,17.79,177.9,1.5632683483412004,,,,Sand,,,Sand 3,3,6.18,24.12,-4.699999999999999,-22.64
-19.34,20.82,17.582,0.10012,5.9004,-5.65,1.7119,2.4,0.57455,1219.0,20.795,17.582,175.82,1.568292296026239,,,,Sand,,,Sand 3,3,6.18,24.12,-4.699999999999999,-22.64
-19.36,20.84,17.43,0.099541,5.9152,-5.65,1.7627,2.4,0.57532,1220.0,20.815,17.43,174.3,1.5716019482708026,,,,Sand,,,Sand 3,3,6.18,24.12,-4.699999999999999,-22.64
-19.38,20.86,17.11,0.098316,5.9621,-5.6833,1.8136,2.4,0.57259,1221.0,20.835,17.11,171.1,1.5766194708753967,,,,Sand,,,Sand 3,3,6.18,24.12,-4.699999999999999,-22.64
-19.4,20.88,16.859,0.095208,5.9212,-5.6667,1.7288,2.35,0.55877,1234.0,20.855,16.859,168.59,1.5751212588629444,,,,Sand,,,Sand 3,3,6.18,24.12,-4.699999999999999,-22.64
-19.419999999999998,20.9,16.941,0.09253,5.952,-5.6833,1.7797,2.45,0.54626,1234.0,20.875,16.941,169.41,1.567432905160692,,,,Sand,,,Sand 3,3,6.18,24.12,-4.699999999999999,-22.64
-19.44,20.92,16.861,0.091518,5.9679,-5.7,1.7797,2.35,0.54271,1235.0,20.895,16.861,168.61,1.5673349322392913,,,,Sand,,,Sand 3,3,6.18,24.12,-4.699999999999999,-22.64
-19.46,20.94,16.79,0.091244,5.8943,-5.6333,1.7458,2.4,0.54211,1236.0,20.915,16.79,167.9,1.5684965959179942,,,,Sand,,,Sand 3,3,6.18,24.12,-4.699999999999999,-22.64
-19.48,20.96,16.738,0.093986,5.947,-5.6833,1.7627,2.4,0.55856,1237.0,20.935,16.738,167.38,1.5774913205834262,,,,Sand,,,Sand 3,3,6.18,24.12,-4.699999999999999,-22.64
-19.5,20.98,16.782,0.095247,6.0097,-5.7333,1.8136,2.4,0.56684,1238.0,20.954,16.782,167.82,1.5805187420768092,,,,Sand,,,Sand 3,3,6.18,24.12,-4.699999999999999,-22.64
-19.52,21.0,16.824,0.094916,5.9629,-5.7,1.7627,2.4,0.56522,1239.0,20.974,16.824,168.24,1.578898006370568,,,,Sand,,,Sand 3,3,6.18,24.12,-4.699999999999999,-22.64
-19.54,21.02,16.855,0.095482,5.9311,-5.6667,1.7627,2.4,0.56873,1239.0,20.994,16.855,168.55,1.5799257453965825,,,,Sand,,,Sand 3,3,6.18,24.12,-4.699999999999999,-22.64
-19.56,21.04,16.821,0.098671,5.957,-5.6833,1.7966,2.4,0.58829,1240.0,21.014,16.821,168.21,1.5897156936014931,,,,Sand,,,Sand 3,3,6.18,24.12,-4.699999999999999,-22.64
-19.58,21.06,16.753,0.10122,6.0156,-5.75,1.7797,2.4,0.6042,1241.0,21.034,16.753,167.53,1.5983266606114563,,,,Sand,,,Sand 3,3,6.18,24.12,-4.699999999999999,-22.64
-19.599999999999998,21.08,16.777,0.10434,6.0107,-5.75,1.7627,2.4,0.62303,1242.0,21.054,16.777,167.77,1.606226911636022,,,,Sand,,,Sand 3,3,6.18,24.12,-4.699999999999999,-22.64
-19.62,21.1,16.758,0.10459,6.0624,-5.7833,1.8305,2.4,0.6237,1243.0,21.074,16.758,167.58,1.6069032710950153,,,,Sand,,,Sand 3,3,6.18,24.12,-4.699999999999999,-22.64
-19.64,21.12,16.61,0.10146,6.0206,-5.75,1.7966,2.4,0.60327,1244.0,21.094,16.61,166.1,1.6008122235390896,,,,Sand,,,Sand 3,3,6.18,24.12,-4.699999999999999,-22.64
-19.66,21.14,16.616,0.10072,5.9938,-5.7167,1.8136,2.4,0.59661,1244.0,21.114,16.616,166.16,1.5976807243082045,,,,Sand,,,Sand 3,3,6.18,24.12,-4.699999999999999,-22.64
-19.68,21.16,16.789,0.10253,6.11,-5.8333,1.8305,2.4,0.60549,1245.0,21.133,16.789,167.89,1.5981807048424657,,,,Sand,,,Sand 3,3,6.18,24.12,-4.699999999999999,-22.64
-19.7,21.18,17.035,0.10373,6.0516,-5.7667,1.8475,2.4,0.61055,1246.0,21.153,17.035,170.35,1.5955401916044556,,,,Sand,,,Sand 3,3,6.18,24.12,-4.699999999999999,-22.64
-19.72,21.2,17.204,0.10369,6.0941,-5.8167,1.8305,2.4,0.60707,1247.0,21.173,17.204,172.04,1.5906472667696443,,,,Sand,,,Sand 3,3,6.18,24.12,-4.699999999999999,-22.64
-19.74,21.22,17.262,0.10299,6.1309,-5.85,1.8475,2.4,0.59959,1248.0,21.193,17.262,172.62,1.5861203268371733,,,,Sand,,,Sand 3,3,6.18,24.12,-4.699999999999999,-22.64
-19.759999999999998,21.24,17.188,0.1052,6.1043,-5.8167,1.8644,2.4,0.6102,1248.0,21.213,17.188,171.88,1.5923701831618393,,,,Sand,,,Sand 3,3,6.18,24.12,-4.699999999999999,-22.64
-19.78,21.26,17.216,0.1076,6.1259,-5.85,1.8305,2.4,0.62304,1249.0,21.233,17.216,172.16,1.5975499283748036,,,,Sand,,,Sand 3,3,6.18,24.12,-4.699999999999999,-22.64
-19.8,21.28,17.339,0.1088,6.1252,-5.8333,1.8814,2.4,0.62943,1250.0,21.253,17.339,173.39,1.5979848811082047,,,,Sand,,,Sand 3,3,6.18,24.12,-4.699999999999999,-22.64
-19.82,21.3,17.376,0.10957,6.157,-5.8667,1.8814,2.45,0.63307,1251.0,21.273,17.376,173.76,1.598870576111368,,,,Sand,,,Sand 3,3,6.18,24.12,-4.699999999999999,-22.64
-19.84,21.32,17.304,0.10647,6.1728,-5.8833,1.8814,2.45,0.61281,1252.0,21.293,17.304,173.04,1.5912788520049248,,,,Sand,,,Sand 3,3,6.18,24.12,-4.699999999999999,-22.64
-19.86,21.34,17.278,0.10421,6.1673,-5.8667,1.9153,2.45,0.59618,1253.0,21.312,17.278,172.78,1.5842501447424695,,,,Sand,,,Sand 3,3,6.18,24.12,-4.699999999999999,-22.64
-19.88,21.36,17.319,0.10362,6.1938,-5.9,1.8983,2.4,0.58936,1253.0,21.332,17.319,173.19,1.5803132314459354,,,,Sand,,,Sand 3,3,6.18,24.12,-4.699999999999999,-22.64
-19.9,21.38,17.437,0.10303,6.1779,-5.8833,1.8983,2.4,0.58288,1254.0,21.352,17.437,174.37,1.575007265546045,,,,Sand,,,Sand 3,3,6.18,24.12,-4.699999999999999,-22.64
-19.919999999999998,21.4,17.719,0.10381,6.2363,-5.95,1.8814,2.4,0.58363,1255.0,21.372,17.719,177.19,1.5699293453218865,,,,Sand,,,Sand 3,3,6.18,24.12,-4.699999999999999,-22.64
-19.94,21.42,18.064,0.10464,6.2306,-5.9333,1.9153,2.4,0.58434,1256.0,21.392,18.064,180.64,1.5637549334266865,,,,Sand,,,Sand 3,3,6.18,24.12,-4.699999999999999,-22.64
-19.96,21.44,18.16,0.10855,6.2462,-5.9333,1.9661,2.4,0.60178,1257.0,21.412,18.16,181.6,1.5700688694738245,,,,Sand,,,Sand 3,3,6.18,24.12,-4.699999999999999,-22.64
-19.98,21.46,18.129,0.11335,6.2991,-6.0,1.9322,2.4,0.623,1258.0,21.432,18.129,181.29,1.5802607147805292,,,,Sand,,,Sand 3,3,6.18,24.12,-4.699999999999999,-22.64
-20.0,21.48,18.182,0.11701,6.2572,-5.9667,1.8983,2.4,0.63618,1259.0,21.452,18.182,181.82,1.5851445888789613,,,,Sand,,,Sand 3,3,6.18,24.12,-4.699999999999999,-22.64
-20.02,21.5,18.249,0.11632,6.2674,-5.9667,1.9322,2.4,0.62509,1259.0,21.472,18.249,182.49,1.579000395968943,,,,Sand,,,Sand 3,3,6.18,24.12,-4.699999999999999,-22.64
-20.04,21.52,18.362,0.11658,6.294,-6.0,1.9153,2.4,0.61698,1260.0,21.491,18.362,183.62,1.573301202840698,,,,Sand,,,Sand 3,3,6.18,24.12,-4.699999999999999,-22.64
-20.06,21.54,18.687,0.11727,6.2884,-5.9833,1.9492,2.4,0.60932,1261.0,21.511,18.687,186.87,1.5639762498033405,,,,Sand,,,Sand 3,3,6.18,24.12,-4.699999999999999,-22.64
-20.08,21.56,19.305,0.11981,6.3411,-6.0333,1.9661,2.4,0.60964,1262.0,21.531,19.305,193.05,1.55332245759665,,,,Sand,,,Sand 3,3,6.18,24.12,-4.699999999999999,-22.64
-20.099999999999998,21.58,19.793,0.1223,6.336,-6.0333,1.9492,2.4,0.60757,1263.0,21.551,19.793,197.93,1.5441115709960116,,,,Sand,,,Sand 3,3,6.18,24.12,-4.699999999999999,-22.64
-20.12,21.6,20.452,0.12264,6.336,-6.0333,1.9492,2.4,0.59375,1264.0,21.571,20.452,204.52,1.526807676585694,,,,Sand,,,Sand 3,3,6.18,24.12,-4.699999999999999,-22.64
-20.14,21.62,20.945,0.12709,6.3467,-6.05,1.9322,2.4,0.60096,1264.0,21.591,20.945,209.45,1.5224023100355275,,,,Sand,,,Sand 3,3,6.18,24.12,-4.699999999999999,-22.64
-20.16,21.64,21.426,0.13201,6.4152,-6.1167,1.9492,2.4,0.61382,1265.0,21.611,21.426,214.26,1.5210528933431104,,,,Sand,,,Sand 3,3,6.18,24.12,-4.699999999999999,-22.64
-20.18,21.66,22.061,0.13498,6.3677,-6.0667,1.9492,2.4,0.62079,1266.0,21.631,22.061,220.61,1.5148522016049142,,,,Sand,,,Sand 3,3,6.18,24.12,-4.699999999999999,-22.64
-20.2,21.68,22.572,0.13957,6.4521,-6.15,1.9661,2.4,0.63805,1267.0,21.65,22.572,225.72,1.51550091876797,,,,Sand,,,Sand 3,3,6.18,24.12,-4.699999999999999,-22.64
-20.22,21.7,22.633,0.14515,6.4261,-6.1333,1.9322,2.45,0.66188,1268.0,21.67,22.633,226.33,1.5254578314797849,,,,Sand,,,Sand 3,3,6.18,24.12,-4.699999999999999,-22.64
-20.24,21.72,22.173,0.15165,6.4521,-6.15,1.9661,2.4,0.69169,1269.0,21.69,22.173,221.73,1.5450511424910025,,,,Sand,,,Sand 3,3,6.18,24.12,-4.699999999999999,-22.64
-20.259999999999998,21.74,21.69,0.1569,6.473,-6.1667,1.9831,2.4,0.71791,1269.0,21.71,21.69,216.9,1.5631039806525662,,,,Sand,,,Sand 3,3,6.18,24.12,-4.699999999999999,-22.64
-20.28,21.76,21.495,0.15792,6.442,-6.15,1.9322,2.4,0.7259,1270.0,21.73,21.495,214.95,1.5692580182749118,,,,Sand,,,Sand 3,3,6.18,24.12,-4.699999999999999,-22.64
-20.3,21.78,21.384,0.14975,6.4529,-6.1667,1.9153,2.4,0.68955,1271.0,21.75,21.384,213.84,1.5556216396636553,,,,Sand,,,Sand 3,3,6.18,24.12,-4.699999999999999,-22.64
-20.32,21.8,21.395,0.14274,6.5257,-6.2167,2.0,2.4,0.65841,1272.0,21.77,21.395,213.95,1.5418699314182325,,,,Sand,,,Sand 3,3,6.18,24.12,-4.699999999999999,-22.64
-20.34,21.82,21.499,0.13739,6.4833,-6.1667,2.0169,2.4,0.6313,1273.0,21.79,21.499,214.99,1.5280619364681303,,,,Sand,,,Sand 3,3,6.18,24.12,-4.699999999999999,-22.64
-20.36,21.84,21.773,0.13203,6.5155,-6.2167,1.9661,2.4,0.60286,1273.0,21.809,21.773,217.73,1.5106429170569105,,,,Sand,,,Sand 3,3,6.18,24.12,-4.699999999999999,-22.64
-20.38,21.86,22.324,0.12856,6.5467,-6.2333,2.0169,2.4,0.58231,1274.0,21.829,22.324,223.24,1.4925418218225925,,,,Sand,,,Sand 3,3,6.18,24.12,-4.699999999999999,-22.64
-20.4,21.88,21.875,0.12352,6.5206,-6.2167,1.9831,2.35,0.55476,1287.0,21.849,21.875,218.75,1.4854346512893488,,,,Sand,,,Sand 3,3,6.18,24.12,-4.699999999999999,-22.64
-20.419999999999998,21.9,22.365,0.12174,6.6282,-6.319,2.0169,2.45,0.54251,1288.0,21.869,22.365,223.65,1.4718219978752483,,,,Sand,,,Sand 3,3,6.18,24.12,-4.699999999999999,-22.64
-20.44,21.92,22.592,0.12319,6.5625,-6.25,2.0169,2.4,0.54586,1289.0,21.889,22.592,225.92,1.4702250564927837,,,,Sand,,,Sand 3,3,6.18,24.12,-4.699999999999999,-22.64
-20.46,21.94,22.796,0.12306,6.5784,-6.2667,2.0169,2.35,0.54424,1290.0,21.909,22.796,227.96,1.4664221035125549,,,,Sand,,,Sand 3,3,6.18,24.12,-4.699999999999999,-22.64
-20.48,21.96,22.906,0.12122,6.6231,-6.319,2.0,2.4,0.53488,1291.0,21.929,22.906,229.06,1.459932456060951,,,,Sand,,,Sand 3,3,6.18,24.12,-4.699999999999999,-22.64
-20.5,21.98,22.893,0.11996,6.6554,-6.3369,2.0508,2.4,0.53049,1291.0,21.948,22.893,228.93,1.4577980283039862,,,,Sand,,,Sand 3,3,6.18,24.12,-4.699999999999999,-22.64
-20.52,22.0,22.793,0.11868,6.6522,-6.3548,1.9831,2.4,0.52855,1292.0,21.968,22.793,227.93,1.4582170186450096,,,,Sand,,,Sand 3,3,6.18,24.12,-4.699999999999999,-22.64
-20.54,22.02,22.664,0.11763,6.6282,-6.319,2.0169,2.4,0.53003,1293.0,21.988,22.664,226.64,1.4608825839248396,,,,Sand,,,Sand 3,3,6.18,24.12,-4.699999999999999,-22.64
-20.56,22.04,22.291,0.11759,6.7233,-6.4083,2.0508,2.4,0.53727,1294.0,22.008,22.291,222.91,1.4701902131073639,,,,Sand,,,Sand 3,3,6.18,24.12,-4.699999999999999,-22.64
-20.58,22.06,21.968,0.11098,6.7183,-6.4083,2.0339,2.4,0.51464,1295.0,22.028,21.968,219.68,1.4630637282912273,,,,Sand,,,Sand 3,3,6.18,24.12,-4.699999999999999,-22.64
-20.599999999999998,22.08,21.323,0.10113,6.7523,-6.444,2.0339,2.4,0.47581,1296.0,22.048,21.323,213.23,1.4517624429362037,,,,Sand,,,Sand 3,3,6.18,24.12,-4.699999999999999,-22.64
-20.62,22.1,20.71,0.093425,6.7183,-6.4083,2.0339,2.4,0.44579,1296.0,22.068,20.71,207.1,1.4445372549786732,,,,Sand,,,Sand 3,3,6.18,24.12,-4.699999999999999,-22.64
-20.64,22.12,20.451,0.08511,6.7183,-6.4083,2.0339,2.4,0.41114,1297.0,22.088,20.451,204.51,1.4281042083399063,,,,Sand,,,Sand 3,3,6.18,24.12,-4.699999999999999,-22.64
-20.66,22.14,20.311,0.081441,6.7743,-6.4619,2.0508,2.4,0.39814,1298.0,22.107,20.311,203.11,1.422437081148859,,,,Sand,,,Sand 3,3,6.18,24.12,-4.699999999999999,-22.64
-20.68,22.16,20.316,0.081674,6.7505,-6.4262,2.0847,2.4,0.40265,1299.0,22.127,20.316,203.16,1.4251756928890487,,,,Sand,,,Sand 3,3,6.18,24.12,-4.699999999999999,-22.64
-20.7,22.18,20.286,0.08774,6.7594,-6.4619,2.0,2.4,0.43442,1300.0,22.147,20.286,202.86,1.4450333585243036,,,,Sand,,,Sand 3,3,6.18,24.12,-4.699999999999999,-22.64
-20.72,22.2,20.241,0.093169,6.7863,-6.4798,2.0339,2.4,0.4605,1300.0,22.167,20.241,202.41,1.460975915919173,,,,Sand,,,Sand 3,3,6.18,24.12,-4.699999999999999,-22.64
-20.74,22.22,20.002,0.092631,6.7693,-6.4619,2.0339,2.4,0.45347,1301.0,22.187,20.002,200.02,1.4610704028989898,,,,Sand,,,Sand 3,3,6.18,24.12,-4.699999999999999,-22.64
-20.759999999999998,22.24,19.955,0.096772,6.8253,-6.5155,2.0508,2.4,0.46733,1302.0,22.207,19.955,199.55,1.4697650179946764,,,,Sand,,,Sand 3,3,6.18,24.12,-4.699999999999999,-22.64
-20.78,22.26,20.015,0.10307,6.8204,-6.5155,2.0339,2.4,0.48915,1303.0,22.227,20.015,200.15,1.48081551965519,,,,Sand,,,Sand 3,3,6.18,24.12,-4.699999999999999,-22.64
-20.8,22.28,20.731,0.10602,6.8015,-6.4798,2.0847,2.4,0.49359,1304.0,22.246,20.731,207.31,1.4712317756490263,,,,Sand,,,Sand 3,3,6.18,24.12,-4.699999999999999,-22.64
-20.82,22.3,21.873,0.10667,6.8354,-6.5155,2.0847,2.4,0.48654,1305.0,22.266,21.873,218.73,1.4491277362365416,,,,Sand,,,Sand 3,3,6.18,24.12,-4.699999999999999,-22.64
-20.84,22.32,22.554,0.10604,6.8694,-6.5512,2.0847,2.4,0.47449,1305.0,22.286,22.554,225.54,1.4319261612296998,,,,Sand,,,Sand 3,3,6.18,24.12,-4.699999999999999,-22.64
-20.86,22.34,23.19,0.11192,6.9136,-6.5869,2.1186,2.4,0.49286,1306.0,22.306,23.19,231.9,1.432977583957149,,,,Sand,,,Sand 3,3,6.18,24.12,-4.699999999999999,-22.64
-20.88,22.36,23.508,0.11284,6.9238,-6.5869,2.1525,2.4,0.49214,1307.0,22.326,23.508,235.08,1.428017055242359,,,,Sand,,,Sand 3,3,6.18,24.12,-4.699999999999999,-22.64
-20.9,22.38,23.572,0.11395,6.9969,-6.6583,2.1695,2.45,0.4953,1308.0,22.346,23.572,235.72,1.428886856648534,,,,Sand,,,Sand 3,3,6.18,24.12,-4.699999999999999,-22.64
-20.919999999999998,22.4,23.338,0.11995,6.9595,-6.6405,2.1017,2.45,0.52132,1309.0,22.366,23.338,233.38,1.4465228593952966,,,,Sand,,,Sand 3,3,6.18,24.12,-4.699999999999999,-22.64
-20.94,22.42,22.894,0.13491,6.9495,-6.6405,2.0678,2.4,0.58712,1310.0,22.385,22.894,228.94,1.4867073632586552,,,,Sand,,,Sand 3,3,6.18,24.12,-4.699999999999999,-22.64
-20.96,22.44,22.503,0.13984,7.0105,-6.694,2.1017,2.4,0.60944,1311.0,22.405,22.503,225.03,1.503087723064917,,,,Sand,,,Sand 3,3,6.18,24.12,-4.699999999999999,-22.64
-20.98,22.46,22.491,0.14266,7.0155,-6.694,2.1186,2.4,0.62292,1311.0,22.425,22.491,224.91,1.5096281796138624,,,,Sand,,,Sand 3,3,6.18,24.12,-4.699999999999999,-22.64
-21.0,22.48,22.573,0.14098,6.9985,-6.6762,2.1186,2.4,0.61983,1312.0,22.445,22.573,225.73,1.5070065340197842,,,,Sand,,,Sand 3,3,6.18,24.12,-4.699999999999999,-22.64
-21.02,22.5,22.94,0.14029,6.9836,-6.6762,2.0678,2.4,0.6209,1313.0,22.465,22.94,229.4,1.5023301425924722,,,,Sand,,,Sand 3,3,6.18,24.12,-4.699999999999999,-22.64
-21.04,22.52,23.255,0.1373,7.0647,-6.7298,2.1695,2.4,0.61169,1314.0,22.485,23.255,232.55,1.4935801282882548,,,,Sand,,,Sand 3,3,6.18,24.12,-4.699999999999999,-22.64
-21.06,22.54,23.216,0.13464,7.0596,-6.7298,2.1525,2.4,0.60481,1315.0,22.504,23.216,232.16,1.490813879843343,,,,Sand,,,Sand 3,3,6.18,24.12,-4.699999999999999,-22.64
-21.08,22.56,22.083,0.13505,7.1378,-6.8012,2.1864,2.4,0.61263,1316.0,22.524,22.083,220.83,1.5106930724828207,,,,Sand,,,Sand 3,3,6.18,24.12,-4.699999999999999,-22.64
-21.099999999999998,22.58,21.698,0.13226,7.1259,-6.7833,2.2034,2.4,0.60834,1316.0,22.544,21.698,216.98,1.5143692498241712,,,,Sand,,,Sand 3,3,6.18,24.12,-4.699999999999999,-22.64
-21.12,22.6,21.316,0.12671,7.1754,-6.819,2.2542,2.4,0.59426,1317.0,22.564,21.316,213.16,1.5134536440241386,,,,Sand,,,Sand 3,3,6.18,24.12,-4.699999999999999,-22.64
-21.14,22.62,21.01,0.12425,7.165,-6.819,2.2203,2.4,0.59547,1318.0,22.584,21.01,210.1,1.5187732414250645,,,,Sand,,,Sand 3,3,6.18,24.12,-4.699999999999999,-22.64
-21.16,22.64,20.841,0.12626,7.1429,-6.8012,2.2034,2.4,0.61479,1319.0,22.604,20.841,208.41,1.5305287461382027,,,,Sand,,,Sand 3,3,6.18,24.12,-4.699999999999999,-22.64
-21.18,22.66,20.507,0.12944,7.165,-6.819,2.2203,2.4,0.63861,1320.0,22.624,20.507,205.07,1.5467058363736235,,,,Sand,,,Sand 3,3,6.18,24.12,-4.699999999999999,-22.64
-21.2,22.68,19.914,0.12718,7.1208,-6.7833,2.1864,2.45,0.63331,1320.0,22.643,19.914,199.14,1.5538885961394575,,,,Sand,,,Sand 3,3,6.18,24.12,-4.699999999999999,-22.64
-21.22,22.7,19.56,0.13019,7.1923,-6.8369,2.2542,2.4,0.65109,1321.0,22.663,19.56,195.6,1.5676687008158912,,,,Sand,,,Sand 3,3,6.18,24.12,-4.699999999999999,-22.64
-21.24,22.72,19.451,0.12726,7.1584,-6.8012,2.2542,2.4,0.63697,1322.0,22.683,19.451,194.51,1.5632395330147708,,,,Sand,,,Sand 3,3,6.18,24.12,-4.699999999999999,-22.64
-21.259999999999998,22.74,19.552,0.12483,7.1806,-6.819,2.2712,2.4,0.62195,1323.0,22.703,19.552,195.52,1.554763767023197,,,,Sand,,,Sand 3,3,6.18,24.12,-4.699999999999999,-22.64
-21.28,22.76,19.822,0.12438,7.1584,-6.8012,2.2542,2.4,0.61333,1324.0,22.723,19.822,198.22,1.5462957898518104,,,,Sand,,,Sand 3,3,6.18,24.12,-4.699999999999999,-22.64
-21.3,22.78,20.318,0.1204,7.1965,-6.819,2.322,2.4,0.5858,1325.0,22.743,20.318,203.18,1.5251785092723966,,,,Sand,,,Sand 3,3,6.18,24.12,-4.699999999999999,-22.64
-21.32,22.8,20.71,0.12295,7.2653,-6.9083,2.2712,2.4,0.59245,1325.0,22.762,20.71,207.1,1.522057084760946,,,,Sand,,,Sand 3,3,6.18,24.12,-4.699999999999999,-22.64
-21.34,22.82,21.241,0.12691,7.2303,-6.8548,2.322,2.4,0.60778,1326.0,22.782,21.241,212.41,1.5210377771898445,,,,Sand,,,Sand 3,3,6.18,24.12,-4.699999999999999,-22.64
-21.36,22.84,21.586,0.1278,7.2917,-6.9083,2.3559,2.4,0.61058,1327.0,22.802,21.586,215.86,1.5171100749425854,,,,Sand,,,Sand 3,3,6.18,24.12,-4.699999999999999,-22.64
-21.38,22.86,21.749,0.13163,7.2465,-6.8548,2.3729,2.4,0.6305,1328.0,22.822,21.749,217.49,1.5239591329995694,,,,Sand,,,Sand 3,3,6.18,24.12,-4.699999999999999,-22.64
-21.4,22.88,21.038,0.13246,7.2979,-6.9262,2.322,2.4,0.64021,1341.0,22.842,21.038,210.38,1.5391350065782732,,,,Sand,,,Sand 3,3,6.18,24.12,-4.699999999999999,-22.64
-21.419999999999998,22.9,20.58,0.13156,7.337,-6.9619,2.339,2.5,0.64564,1342.0,22.862,20.58,205.8,1.5487087830486481,,,,Sand,,,Sand 3,3,6.18,24.12,-4.699999999999999,-22.64
-21.44,22.92,20.232,0.13153,7.3434,-6.9798,2.3051,2.4,0.65858,1342.0,22.881,20.232,202.32,1.5599722214791172,,,,Sand,,,Sand 3,3,6.18,24.12,-4.699999999999999,-22.64
-21.46,22.94,19.877,0.13087,7.3878,-7.0155,2.339,2.4,0.67222,1343.0,22.901,19.877,198.77,1.5716367119859869,,,,Sand,,,Sand 3,3,6.18,24.12,-4.699999999999999,-22.64
-21.48,22.96,19.226,0.1286,7.4153,-7.0333,2.3729,2.4,0.67827,1344.0,22.921,19.226,192.26,1.5850258347301749,,,,Sand,,,Sand 3,3,6.18,24.12,-4.699999999999999,-22.64
-21.5,22.98,18.727,0.12531,7.3762,-6.9976,2.3559,2.4,0.6794,1345.0,22.941,18.727,187.27,1.5940672959898547,,,,Sand,,,Sand 3,3,6.18,24.12,-4.699999999999999,-22.64
-21.52,23.0,18.347,0.12247,7.4322,-7.0512,2.3729,2.4,0.68449,1346.0,22.961,18.347,183.47,1.6028989344954279,,,,Sand,,,Sand 3,3,6.18,24.12,-4.699999999999999,-22.64
-21.54,23.02,17.718,0.11962,7.41,-7.0333,2.3559,2.4,0.69066,1347.0,22.981,17.718,177.18,1.6168832728497176,,,,Sand,,,Sand 3,3,6.18,24.12,-4.699999999999999,-22.64
-21.56,23.04,16.976,0.11544,7.4164,-7.0512,2.322,2.4,0.68751,1348.0,23.0,16.976,169.76,1.6296770364238624,,,,Sand,,,Sand 3,3,6.18,24.12,-4.699999999999999,-22.64
-21.58,23.06,16.446,0.11128,7.4047,-7.0333,2.339,2.4,0.68388,1348.0,23.02,16.446,164.46,1.6387029634190304,,,,Sand,,,Sand 3,3,6.18,24.12,-4.699999999999999,-22.64
-21.599999999999998,23.08,15.814,0.10729,7.4153,-7.0333,2.3729,2.4,0.68127,1349.0,23.04,15.814,158.14,1.6507017861559095,,,,Sand,,,Sand 3,3,6.18,24.12,-4.699999999999999,-22.64
-21.62,23.1,15.308,0.1039,7.4946,-7.1226,2.3559,2.4,0.68044,1350.0,23.06,15.308,153.08,1.6612648854430851,,,,Sand,,,Sand 3,3,6.18,24.12,-4.699999999999999,-22.64
-21.64,23.12,14.995,0.099458,7.4491,-7.069,2.3729,2.4,0.66916,1351.0,23.08,14.995,149.95,1.6636428287444616,,,,Sand,,,Sand 3,3,6.18,24.12,-4.699999999999999,-22.64
-21.66,23.14,14.568,0.096574,7.4713,-7.0869,2.3898,2.4,0.66623,1352.0,23.1,14.568,145.68,1.672230598589354,,,,Sand,,,Sand 3,3,6.18,24.12,-4.699999999999999,-22.64
-21.68,23.16,14.166,0.096106,7.4882,-7.1048,2.3898,2.4,0.67755,1352.0,23.119,14.166,141.66,1.6862937374714968,,,,Sand,,,Sand 3,3,6.18,24.12,-4.699999999999999,-22.64
-21.7,23.18,13.884,0.096051,7.4882,-7.1048,2.3898,2.4,0.68981,1353.0,23.139,13.884,138.84,1.6979769133663565,,,,Sand,,,Sand 3,3,6.18,24.12,-4.699999999999999,-22.64
-21.72,23.2,13.725,0.094817,7.5233,-7.1583,2.339,2.4,0.69237,1354.0,23.159,13.725,137.25,1.702891809913092,,,,Sand,,,Sand 3,3,6.18,24.12,-4.699999999999999,-22.64
-21.74,23.22,13.505,0.091558,7.5167,-7.1405,2.3729,2.4,0.6777,1355.0,23.179,13.505,135.05,1.7026316523533258,,,,Sand,,,Sand 3,3,6.18,24.12,-4.699999999999999,-22.64
-21.759999999999998,23.24,13.325,0.089071,7.5337,-7.1583,2.3729,2.4,0.66658,1356.0,23.199,13.325,133.25,1.7028058830914004,,,,Sand,,,Sand 3,3,6.18,24.12,-4.699999999999999,-22.64
-21.78,23.26,13.227,0.086391,7.5233,-7.1583,2.339,2.4,0.65363,1356.0,23.219,13.227,132.27,1.7001378719470788,,,,Sand,,,Sand 3,3,6.18,24.12,-4.699999999999999,-22.64
-21.8,23.28,13.157,0.086116,7.6118,-7.2298,2.4068,2.4,0.65867,1357.0,23.238,13.157,131.57,1.7039976881283958,,,,Sand,,,Sand 3,3,6.18,24.12,-4.699999999999999,-22.64
-21.82,23.3,13.092,0.090627,7.6118,-7.2298,2.4068,2.4,0.69869,1358.0,23.258,13.092,130.92,1.7214221819555482,,,,Sand,,,Sand 3,3,6.18,24.12,-4.699999999999999,-22.64
-21.84,23.32,12.984,0.095322,7.5728,-7.194,2.3898,2.4,0.73797,1359.0,23.278,12.984,129.84,1.7390137169601845,,,,Sand,,,Sand 3,3,6.18,24.12,-4.699999999999999,-22.64
-21.86,23.34,12.722,0.092597,7.5963,-7.2298,2.3559,2.4,0.71691,1360.0,23.298,12.722,127.22,1.7381205849457402,,,,Sand,,,Sand 3,3,6.18,24.12,-4.699999999999999,-22.64
-21.88,23.36,12.581,0.089313,7.6066,-7.2298,2.3898,2.4,0.69019,1361.0,23.318,12.581,125.81,1.7317895844133075,,,,Sand,,,Sand 3,3,6.18,24.12,-4.699999999999999,-22.64
-21.9,23.38,12.68,0.084705,7.634,-7.2476,2.4237,2.4,0.65338,1362.0,23.338,12.68,126.8,1.7146227819014357,,,,Sand,,,Sand 3,3,6.18,24.12,-4.699999999999999,-22.64
-21.919999999999998,23.4,12.89,0.082573,7.6678,-7.2833,2.4237,2.4,0.63743,1362.0,23.357,12.89,128.9,1.7024611814330612,,,,Sand,,,Sand 3,3,6.18,24.12,-4.699999999999999,-22.64
-21.94,23.42,13.222,0.082563,7.6839,-7.3167,2.3729,2.4,0.6379,1363.0,23.377,13.222,132.22,1.693846883750783,,,,Sand,,,Sand 3,3,6.18,24.12,-4.699999999999999,-22.64
-21.96,23.44,13.351,0.082882,7.6681,-7.3,2.3729,2.45,0.64062,1364.0,23.397,13.351,133.51,1.6916121675644245,,,,Sand,,,Sand 3,3,6.18,24.12,-4.699999999999999,-22.64
-21.98,23.46,13.282,0.080759,7.6839,-7.3167,2.3729,2.4,0.62479,1365.0,23.417,13.282,132.82,1.6868357851455102,,,,Sand,,,Sand 3,3,6.18,24.12,-4.699999999999999,-22.64
-22.0,23.48,12.903,0.078463,7.7366,-7.3667,2.3898,2.4,0.60881,1366.0,23.437,12.903,129.03,1.69017910927923,,,,Sand,,,Sand 3,3,6.18,24.12,-4.699999999999999,-22.64
-22.02,23.5,12.634,0.077518,7.7524,-7.3833,2.3898,2.4,0.60671,1367.0,23.456,12.634,126.34,1.6966589454385652,,,,Sand,,,Sand 3,3,6.18,24.12,-4.699999999999999,-22.64
-22.04,23.52,12.539,0.076567,7.7311,-7.35,2.4237,2.4,0.60743,1367.0,23.476,12.539,125.39,1.6996080027791407,,,,Sand,,,Sand 3,3,6.18,24.12,-4.699999999999999,-22.64
-22.06,23.54,12.585,0.075545,7.7417,-7.3667,2.4068,2.4,0.60967,1368.0,23.496,12.585,125.85,1.6992697863461297,,,,Sand,,,Sand 3,3,6.18,24.12,-4.699999999999999,-22.64
-22.08,23.56,12.587,0.075985,7.7999,-7.4333,2.3898,2.4,0.62341,1369.0,23.516,12.587,125.87,1.704957149844464,,,,Sand,,,Sand 3,3,6.18,24.12,-4.699999999999999,-22.64
-22.099999999999998,23.58,12.332,0.076696,7.7363,-7.35,2.4407,2.4,0.63891,1370.0,23.536,12.332,123.32,1.718451370471734,,,,Sand,,,Sand 3,3,6.18,24.12,-4.699999999999999,-22.64
-22.12,23.6,11.978,0.077265,7.8101,-7.4333,2.4237,2.4,0.65384,1371.0,23.556,11.978,119.78,1.7345879713270405,,,,Sand,,,Sand 3,3,6.18,24.12,-4.699999999999999,-22.64
-22.14,23.62,11.57,0.078904,7.7995,-7.4167,2.4407,2.4,0.68051,1372.0,23.575,11.57,115.7,1.7570348737598842,,,,Sand,,,Sand 3,3,6.18,24.12,-4.699999999999999,-22.64
-22.16,23.64,11.283,0.080577,7.8153,-7.4333,2.4407,2.4,0.71058,1372.0,23.595,11.283,112.83,1.7770409186305878,,,,Sand,,,Sand 3,3,6.18,24.12,-4.699999999999999,-22.64
-22.18,23.66,11.159,0.080903,7.7785,-7.4,2.4237,2.4,0.73048,1373.0,23.615,11.159,111.59,1.7881154502232157,,,,Sand,,,Sand 3,3,6.18,24.12,-4.699999999999999,-22.64
-22.2,23.68,11.043,0.081894,7.7841,-7.4167,2.3898,2.4,0.75723,1374.0,23.635,11.043,110.43,1.801216890132048,,,,Sand,,,Sand 3,3,6.18,24.12,-4.699999999999999,-22.64
-22.22,23.7,10.807,0.081473,7.8367,-7.4667,2.4068,2.45,0.77151,1375.0,23.655,10.807,108.07,1.8136008991791883,,,,Sand,,,Sand 3,3,6.18,24.12,-4.699999999999999,-22.64
-22.24,23.72,10.544,0.081209,7.826,-7.45,2.4237,2.45,0.78801,1376.0,23.674,10.544,105.44,1.8276861004609253,,,,Sand,,,Sand 3,3,6.18,24.12,-4.699999999999999,-22.64
-22.259999999999998,23.74,10.219,0.080782,7.8576,-7.4833,2.4237,2.4,0.80627,1377.0,23.694,10.219,102.19,1.8445287048293133,,,,Sand,,,Sand 3,3,6.18,24.12,-4.699999999999999,-22.64
-22.28,23.76,9.8951,0.057726,7.8786,-7.5,2.4407,2.4,0.59429,1377.0,23.714,9.8951,98.95099999999998,1.7783190060511282,,,,Sand,,,Sand 3,3,6.18,24.12,-4.699999999999999,-22.64
-22.3,23.78,9.5323,0.058707,7.8837,-7.5,2.4576,2.4,0.62465,1378.0,23.734,9.5323,95.323,1.8038873269069342,,,,Sand,,,Sand 3,3,6.18,24.12,-4.699999999999999,-22.64
-22.32,23.8,9.2463,0.056765,7.8786,-7.5,2.4407,2.4,0.62535,1379.0,23.754,9.2463,92.463,1.8151084212983308,,,,Sand,,,Sand 3,3,6.18,24.12,-4.699999999999999,-22.64
-22.34,23.82,8.867,0.053783,7.9102,-7.5333,2.4407,2.4,0.6141,1380.0,23.773,8.867,88.67,1.8258449624167041,,,,Sand,,,Sand 3,3,6.18,24.12,-4.699999999999999,-22.64
-22.36,23.84,8.5968,0.0489,7.9099,-7.5167,2.4915,2.4,0.57868,1381.0,23.793,8.5968,85.96799999999999,1.8230322940977823,,,,Sand,,,Sand 3,3,6.18,24.12,-4.699999999999999,-22.64
-22.38,23.86,8.2862,0.047079,7.9102,-7.5333,2.4407,0.45,0.57516,1393.0,23.813,8.2862,82.862,1.8350985741722154,,,,Sand,,,Sand 3,3,6.18,24.12,-4.699999999999999,-22.64
-22.4,23.88,7.9756,0.046991,7.9312,-7.55,2.4576,2.25,0.58968,1394.0,23.833,7.9756,79.756,1.8549088906695153,,,,Sand,,,Sand 3,3,6.18,24.12,-4.699999999999999,-22.64
-22.419999999999998,23.9,7.6649,0.047654,7.9261,-7.55,2.4407,2.4,0.60948,1395.0,23.853,7.6649,76.649,1.8771609345111135,,,,Sand,,,Sand 3,3,6.18,24.12,-4.699999999999999,-22.64
-22.44,23.92,7.433,0.049298,7.9312,-7.55,2.4576,2.45,0.6389,1395.0,23.873,7.433,74.33,1.8994179998880625,,,,Sand,,,Sand 3,3,6.18,24.12,-4.699999999999999,-22.64
-22.46,23.94,7.4138,0.05179,7.9102,-7.5333,2.4407,2.35,0.677,1396.0,23.892,7.4138,74.138,1.9140548009927523,,,,Sand,,,Sand 3,3,6.18,24.12,-4.699999999999999,-22.64
-22.48,23.96,7.5146,0.050971,7.9154,-7.5333,2.4576,2.4,0.67107,1397.0,23.912,7.5146,75.146,1.9070550540022635,,,,Sand,,,Sand 3,3,6.18,24.12,-4.699999999999999,-22.64
-22.5,23.98,7.6651,0.050919,7.9844,-7.6167,2.4237,2.4,0.67527,1398.0,23.932,7.6651,76.651,1.9013565308377192,,,,Sand,,,Sand 3,3,6.18,24.12,-4.699999999999999,-22.64
-22.52,24.0,7.7747,0.051089,8.0104,-7.6333,2.4576,2.4,0.68416,1399.0,23.952,7.7747,77.747,1.8993677613408961,,,,Sand,,,Sand 3,3,6.18,24.12,-4.699999999999999,-22.64
-22.54,24.02,7.7581,0.052247,8.0053,-7.6333,2.4407,2.4,0.70918,1400.0,23.972,7.7581,77.58099999999999,1.9088458602927936,,,,Sand,,,Sand 3,3,6.18,24.12,-4.699999999999999,-22.64
-22.56,24.04,7.54,0.053672,8.0048,-7.6167,2.4915,2.4,0.74298,1400.0,23.991,7.54,75.4,1.930465517313695,,,,Sand,,,Sand 3,3,6.18,24.12,-4.699999999999999,-22.64
-22.58,24.06,7.2255,0.0537,8.0638,-7.7,2.4237,2.4,0.76415,1401.0,24.011,7.2255,72.255,1.9526263565618247,,,,Sand,,,Sand 3,3,6.18,24.12,-4.699999999999999,-22.64
-22.599999999999998,24.08,6.847,0.054644,8.0998,-7.7167,2.4915,2.4,0.80462,1402.0,24.031,6.847,68.47,1.9845764988788148,,,,Sand,,,Sand 3,3,6.18,24.12,-4.699999999999999,-22.64
-22.62,24.1,6.6139,0.055154,8.0947,-7.7167,2.4746,2.4,0.84464,1403.0,24.051,6.6139,66.13900000000001,2.0089414899637017,,,,Sand,,,Sand 3,3,6.18,24.12,-4.699999999999999,-22.64
-22.64,24.12,6.3664,0.058215,8.0738,-7.7,2.4576,2.4,0.92407,1404.0,24.071,6.3664,63.663999999999994,2.044946333058363,,,,Sand,,,Sand mixtures 4,4,24.12,25.04,-22.64,-23.56
-22.66,24.14,6.0932,0.068927,8.1204,-7.7167,2.5593,2.4,1.1241,1405.0,24.09,6.0932,60.93200000000001,2.1106139222220124,,,,Sand mixtures,,,Sand mixtures 4,4,24.12,25.04,-22.64,-23.56
-22.68,24.16,5.8859,0.082189,8.1105,-7.7333,2.4746,2.4,1.3666,1405.0,24.11,5.8859,58.85900000000001,2.1744884215192397,,,,Sand mixtures,,,Sand mixtures 4,4,24.12,25.04,-22.64,-23.56
-22.7,24.18,5.6674,0.084719,8.1314,-7.75,2.4915,2.4,1.4434,1406.0,24.13,5.6674,56.674,2.2021531787904522,,,,Sand mixtures,,,Sand mixtures 4,4,24.12,25.04,-22.64,-23.56
-22.72,24.2,5.6996,0.076829,8.1524,-7.7667,2.5085,2.4,1.3362,1407.0,24.15,5.6996,56.996,2.1793805321554194,,,,Sand mixtures,,,Sand mixtures 4,4,24.12,25.04,-22.64,-23.56
-22.74,24.22,5.8815,0.0756,8.1942,-7.8,2.5424,2.4,1.3361,1408.0,24.17,5.8815,58.815,2.1686454838071967,,,,Sand mixtures,,,Sand mixtures 4,4,24.12,25.04,-22.64,-23.56
-22.759999999999998,24.24,5.9041,0.0743,8.231,-7.8333,2.5593,2.4,1.33,1409.0,24.189,5.9041,59.041,2.166106176534686,,,,Sand mixtures,,,Sand mixtures 4,4,24.12,25.04,-22.64,-23.56
-22.78,24.26,5.4578,0.073,8.373,-7.9667,2.6102,2.45,1.3242,1410.0,24.209,5.4578,54.578,2.191818277187325,,,,Sand mixtures,,,Sand mixtures 4,4,24.12,25.04,-22.64,-23.56
-22.8,24.28,5.4093,0.0694,8.4572,-8.05,2.6271,2.4,1.284,1411.0,24.229,5.4093,54.093,2.1867244846134106,,,,Sand mixtures,,,Sand mixtures 4,4,24.12,25.04,-22.64,-23.56
-22.82,24.3,5.3609,0.0691,8.4572,-8.05,2.6271,2.4,1.3174,1411.0,24.249,5.3609,53.608999999999995,2.1966102908348515,,,,Sand mixtures,,,Sand mixtures 4,4,24.12,25.04,-22.64,-23.56
-22.84,24.32,5.3125,0.0687,8.5573,-8.15,2.6441,2.4,1.3608,1412.0,24.268,5.3125,53.125,2.208334391898679,,,,Sand mixtures,,,Sand mixtures 4,4,24.12,25.04,-22.64,-23.56
-22.86,24.34,5.0759,0.068381,8.6198,-8.2,2.6938,2.4,1.4086,1413.0,24.288,5.0759,50.75899999999999,2.2331578301333637,,,,Sand mixtures,,,Sand mixtures 4,4,24.12,25.04,-22.64,-23.56
-22.88,24.36,4.8392,0.067741,8.6502,-8.2167,2.7415,2.4,1.4484,1414.0,24.308,4.8392,48.391999999999996,2.256963999499871,,,,Sand mixtures,,,Sand mixtures 4,4,24.12,25.04,-22.64,-23.56
-22.9,24.38,4.6026,0.064663,8.6807,-8.2333,2.7891,2.4,1.4446,1415.0,24.328,4.6026,46.025999999999996,2.2735304669670406,,,,Sand mixtures,,,Sand mixtures 4,4,24.12,25.04,-22.64,-23.56
-22.919999999999998,24.4,4.3301,0.068559,8.7717,-8.319,2.8208,2.4,1.5905,1415.0,24.348,4.3301,43.300999999999995,2.3200189308726076,,,,Sand mixtures,,,Sand mixtures 4,4,24.12,25.04,-22.64,-23.56
-22.94,24.42,3.906,0.068888,8.8343,-8.3905,2.8049,2.4,1.6844,1416.0,24.367,3.906,39.06,2.3706736581682764,,,,Sand mixtures,,,Sand mixtures 4,4,24.12,25.04,-22.64,-23.56
-22.96,24.44,3.9874,0.06396,8.9287,-8.4798,2.8367,2.4,1.6387,1417.0,24.387,3.9874,39.874,2.3562914271331477,,,,Sand mixtures,,,Sand mixtures 4,4,24.12,25.04,-22.64,-23.56
-22.98,24.46,3.7562,0.061097,9.0012,-8.5512,2.8526,2.4,1.6392,1418.0,24.407,3.7562,37.562000000000005,2.3770036342510763,,,,Sand mixtures,,,Sand mixtures 4,4,24.12,25.04,-22.64,-23.56
-23.0,24.48,3.9865,0.061617,9.0617,-8.6048,2.8843,2.4,1.7276,1419.0,24.427,3.9865,39.865,2.3704066748155777,,,,Sand mixtures,,,Sand mixtures 4,4,24.12,25.04,-22.64,-23.56
-23.02,24.5,3.3105,0.058272,9.1245,-8.6762,2.8684,2.4,1.6938,1419.0,24.446,3.3105,33.105,2.4294271895171335,,,,Sand mixtures,,,Sand mixtures 4,4,24.12,25.04,-22.64,-23.56
-23.04,24.52,3.3456,0.057229,9.1342,-8.6762,2.9002,2.4,1.7372,1421.0,24.466,3.3456,33.455999999999996,2.432330745486028,,,,Sand mixtures,,,Sand mixtures 4,4,24.12,25.04,-22.64,-23.56
-23.06,24.54,3.1956,0.056137,9.2165,-8.7476,2.9478,2.45,1.7722,1421.0,24.486,3.1956,31.956000000000003,2.4534697601473043,,,,Sand mixtures,,,Sand mixtures 4,4,24.12,25.04,-22.64,-23.56
-23.08,24.56,3.0456,0.053975,9.2405,-8.7833,2.9161,2.4,1.7977,1422.0,24.506,3.0456,30.456,2.473921253050179,,,,Sand mixtures,,,Sand mixtures 4,4,24.12,25.04,-22.64,-23.56
-23.099999999999998,24.58,2.8955,0.054709,9.2214,-8.7476,2.9637,2.45,1.8875,1423.0,24.525,2.8955,28.955,2.504166931382033,,,,Sand mixtures,,,Sand mixtures 4,4,24.12,25.04,-22.64,-23.56
-23.12,24.6,2.8188,0.052981,9.3108,-8.8369,2.9796,2.4,1.9081,1424.0,24.545,2.8188,28.188000000000002,2.51633545821809,,,,Sand mixtures,,,Sand mixtures 4,4,24.12,25.04,-22.64,-23.56
-23.14,24.62,2.7421,0.05043,9.3475,-8.8548,3.043,2.4,1.8858,1425.0,24.565,2.7421,27.421000000000003,2.522933353247192,,,,Sand mixtures,,,Sand mixtures 4,4,24.12,25.04,-22.64,-23.56
-23.16,24.64,2.6653,0.048575,9.4318,-8.944,3.043,2.45,1.9042,1425.0,24.585,2.6653,26.653,2.5353721177824524,,,,Sand mixtures,,,Sand mixtures 4,4,24.12,25.04,-22.64,-23.56
-23.18,24.66,2.4795,0.045928,9.4368,-8.944,3.0589,2.4,1.8812,1426.0,24.604,2.4795,24.795,2.557655218501972,,,,Sand mixtures,,,Sand mixtures 4,4,24.12,25.04,-22.64,-23.56
-23.2,24.68,2.3709,0.045075,9.4874,-8.9976,3.0589,2.4,1.9401,1427.0,24.624,2.3709,23.708999999999996,2.5812636652836236,,,,Sand mixtures,,,Sand mixtures 4,4,24.12,25.04,-22.64,-23.56
-23.22,24.7,2.3757,0.043466,9.5192,-9.0155,3.1065,2.4,1.994,1428.0,24.644,2.3757,23.757,2.587522632935259,,,,Sand mixtures,,,Sand mixtures 4,4,24.12,25.04,-22.64,-23.56
-23.24,24.72,2.059,0.04194,9.4924,-8.9976,3.0748,2.4,2.0673,1429.0,24.663,2.059,20.59,2.6471270981054427,,,,Silty clay / clayey silt,,,Sand mixtures 4,4,24.12,25.04,-22.64,-23.56
-23.259999999999998,24.74,2.0199,0.039821,9.5192,-9.0155,3.1065,2.4,2.1039,1430.0,24.683,2.0199,20.198999999999998,2.6583309076876698,,,,Silty clay / clayey silt,,,Sand mixtures 4,4,24.12,25.04,-22.64,-23.56
-23.28,24.76,1.8739,0.031696,9.536,-9.0333,3.1065,2.4,1.815,1430.0,24.703,1.8739,18.738999999999997,2.6485844178338604,,,,Silty clay / clayey silt,,,Sand mixtures 4,4,24.12,25.04,-22.64,-23.56
-23.3,24.78,1.5944,0.03,9.6471,-9.1405,3.1383,2.45,1.9372,1431.0,24.723,1.5944,15.944,2.7226255568576634,,,,Silty clay / clayey silt,,,Sand mixtures 4,4,24.12,25.04,-22.64,-23.56
-23.32,24.8,1.4566,0.031435,9.5916,-9.0869,3.1224,2.4,2.3162,1432.0,24.742,1.4566,14.565999999999999,2.7986057416872923,,,,Silty clay / clayey silt,,,Sand mixtures 4,4,24.12,25.04,-22.64,-23.56
-23.34,24.82,1.3915,0.027169,9.6858,-9.1762,3.1542,2.4,2.3554,1433.0,24.762,1.3915,13.915,2.8191045185985786,,,,Silty clay / clayey silt,,,Sand mixtures 4,4,24.12,25.04,-22.64,-23.56
-23.36,24.84,1.1995,0.023606,9.6454,-9.1226,3.1859,2.4,2.4506,1434.0,24.782,1.1995,11.995,2.882123790677223,,,,Silty clay / clayey silt,,,Sand mixtures 4,4,24.12,25.04,-22.64,-23.56
-23.38,24.86,0.79427,0.021984,9.6892,-9.1583,3.2176,2.35,2.7307,1435.0,24.801,0.79427,7.942699999999999,3.057500154228916,,,6.108125912958783,Clay & silt,,,Sand mixtures 4,4,24.12,25.04,-22.64,-23.56
-23.4,24.88,0.52715,0.022108,9.6253,-9.1226,3.1224,1.75,3.3329,1447.0,24.821,0.52715,5.2715,3.2541197108800004,,,9.616952900137658,Organic clay,9.616952900137658,-4.3454529001376585,Sand mixtures 4,4,24.12,25.04,-22.64,-23.56
-23.419999999999998,24.9,0.39028,0.020547,9.6016,-9.0869,3.1542,2.35,3.8845,1448.0,24.841,0.39028,3.9028000000000005,3.4000247094391374,,,10.56495093477563,Organic clay,10.56495093477563,-6.66215093477563,Sand mixtures 4,4,24.12,25.04,-22.64,-23.56
-23.44,24.92,0.35249,0.019586,9.5798,-9.069,3.1383,2.4,4.6881,1449.0,24.861,0.35249,3.5249,3.48122679165457,,,11.418339679254947,Organic clay,11.418339679254947,-7.893439679254946,Sand mixtures 4,4,24.12,25.04,-22.64,-23.56
-23.46,24.94,0.32885,0.019245,9.5899,-9.069,3.17,2.45,5.3491,1449.0,24.88,0.32885,3.2884999999999995,3.5377986760940376,,11.798041053139341,11.92070601329344,Peat,11.798041053139341,-8.509541053139342,Sand mixtures 4,4,24.12,25.04,-22.64,-23.56
-23.48,24.96,0.3226,,9.5848,-9.069,3.1542,2.4,0.0,1450.0,24.9,0.3226,3.2260000000000004,,,,,Unknown material,,,Sand mixtures 4,4,24.12,25.04,-22.64,-23.56
-23.5,24.98,0.3164,,9.6067,-9.0869,3.17,2.35,0.0,1451.0,24.92,0.3164,3.164,,,,,Unknown material,,,Sand mixtures 4,4,24.12,25.04,-22.64,-23.56
-23.52,25.0,0.3102,,9.5848,-9.069,3.1542,2.45,0.0,1452.0,24.939,0.3102,3.102,,,,,Unknown material,,,Sand mixtures 4,4,24.12,25.04,-22.64,-23.56
-23.54,25.02,0.33031,,9.568,-9.0512,3.1542,2.4,0.0,1453.0,24.959,0.33031,3.3031,,,,,Unknown material,,,Sand mixtures 4,4,24.12,25.04,-22.64,-23.56
-23.56,25.04,0.35193,,9.568,-9.0512,3.1542,2.4,0.0,1453.0,24.979,0.35193,3.5193,,,,,Unknown material,,,Sand mixtures 4,4,24.12,25.04,-22.64,-23.56
