elevation_m_nap,depth_m,qc_mpa,fs_mpa,rf_percent,u2_mpa,inclination_x_deg,inclination_y_deg,corrected_depth,col_9,qt_mpa,qt_over_pa,Isbt,Bqt,peat_boundary_qt_over_pa,organic_clay_boundary_qt_over_pa,soil_type,used_organic_boundary_qt_over_pa,distance_to_used_organic_boundary,layer_id,soil_layer_number,layer_top_depth_m,layer_bottom_depth_m,layer_top_elevation_m_nap,layer_bottom_elevation_m_nap
-1.4000000000000001,0.08,0.446,0.005,1.17,0.003,0.663,1.096,0.08,443.8,0.44726,4.4726,3.0997845719845634,0.006707507937217726,,,Clay & silt,,,Clay & silt 1,1,0.08,0.5,-1.4000000000000001,-1.82
-1.4200000000000002,0.1,0.492,0.006,1.339,0.003,0.643,1.109,0.1,444.8,0.49326,4.9326,3.0862801861812943,0.005676519482625796,,,Clay & silt,,,Clay & silt 1,1,0.08,0.5,-1.4000000000000001,-1.82
-1.44,0.12,0.502,0.007,1.359,0.003,0.644,1.122,0.12,445.7,0.50326,5.0326,3.0812621020133686,0.005166315622143627,,,Clay & silt,,,Clay & silt 1,1,0.08,0.5,-1.4000000000000001,-1.82
-1.46,0.14,0.526,0.008,1.539,0.003,0.653,1.093,0.14,446.5,0.5272600000000001,5.272600000000001,3.087343209600946,0.004551834009786445,,,Clay & silt,,,Clay & silt 1,1,0.08,0.5,-1.4000000000000001,-1.82
-1.48,0.16,0.558,0.008,1.594,0.003,0.656,1.112,0.16,447.4,0.5592600000000001,5.592600000000001,3.071621698851046,0.003933769624146195,,,Clay & silt,,,Clay & silt 1,1,0.08,0.5,-1.4000000000000001,-1.82
-1.5,0.18,0.558,0.009,1.649,0.003,0.66,1.125,0.18,448.3,0.5592600000000001,5.592600000000001,3.0784720336055336,0.003576154203769268,,,Clay & silt,,,Clay & silt 1,1,0.08,0.5,-1.4000000000000001,-1.82
-1.52,0.2,0.573,0.01,1.767,0.002,0.632,1.133,0.2,449.1,0.5738399999999999,5.7383999999999995,3.082764720458835,0.001394116826990104,,,Clay & silt,,,Clay & silt 1,1,0.08,0.5,-1.4000000000000001,-1.82
-1.54,0.22,0.605,0.011,1.902,0.002,0.647,1.103,0.22,450.1,0.6058399999999999,6.058399999999999,3.077507430252689,0.0009903604912188055,,,Clay & silt,,,Clay & silt 1,1,0.08,0.5,-1.4000000000000001,-1.82
-1.56,0.24,0.624,0.012,1.914,0.002,0.63,1.118,0.24,460.6,0.62484,6.248399999999999,3.067139050580872,0.0006401638819537815,,,Clay & silt,,,Clay & silt 1,1,0.08,0.5,-1.4000000000000001,-1.82
-1.58,0.26,0.643,0.012,1.785,0.003,0.613,1.132,0.26,471.2,0.64426,6.442600000000001,3.040775315304047,0.0018626020550709347,,,Clay & silt,,,Clay & silt 1,1,0.08,0.5,-1.4000000000000001,-1.82
-1.6,0.28,0.702,0.012,1.69,0.003,0.609,1.102,0.28,477.9,0.70326,7.0325999999999995,2.9959801110448776,0.001421949207974292,,,Clay & silt,,,Clay & silt 1,1,0.08,0.5,-1.4000000000000001,-1.82
-1.62,0.3,0.748,0.013,1.573,0.003,0.613,1.098,0.3,478.8,0.74926,7.4925999999999995,2.956865313904301,0.0010677201505485416,,,Clay & silt,,,Clay & silt 1,1,0.08,0.5,-1.4000000000000001,-1.82
-1.6400000000000001,0.32,0.812,0.013,1.487,0.003,0.611,1.082,0.32,479.7,0.8132600000000001,8.132600000000002,2.9139243805331687,0.0007377714384083811,,,Silty clay / clayey silt,,,Clay & silt 1,1,0.08,0.5,-1.4000000000000001,-1.82
-1.6600000000000001,0.34,0.928,0.012,1.307,0.003,0.615,1.138,0.34,480.6,0.9292600000000001,9.2926,2.8363620536000234,0.00043045003551212777,,,Silty clay / clayey silt,,,Clay & silt 1,1,0.08,0.5,-1.4000000000000001,-1.82
-1.6800000000000002,0.36,1.074,0.012,1.073,0.003,0.594,1.13,0.36,481.4,1.07526,10.752600000000003,2.740477353122334,0.00018600152521250644,,,Silty clay / clayey silt,,,Clay & silt 1,1,0.08,0.5,-1.4000000000000001,-1.82
-1.7000000000000002,0.38,1.228,0.012,0.935,0.003,0.58,1.13,0.38,482.3,1.22926,12.2926,2.6616025566815087,-3.6126548480391666e-19,,,Silty clay / clayey silt,,,Clay & silt 1,1,0.08,0.5,-1.4000000000000001,-1.82
-1.7200000000000002,0.4,1.389,0.012,0.779,0.003,0.598,1.105,0.4,483.2,1.39026,13.9026,2.5787589295232607,-0.00014385798339878916,,,Sand mixtures,,,Clay & silt 1,1,0.08,0.5,-1.4000000000000001,-1.82
-1.74,0.42,1.581,0.012,0.655,0.003,0.577,1.11,0.42,484.0,1.58226,15.8226,2.4959918105369288,-0.0002528029527384871,,,Sand mixtures,,,Clay & silt 1,1,0.08,0.5,-1.4000000000000001,-1.82
-1.76,0.44,1.97,0.011,0.529,0.003,0.578,1.094,0.44,484.9,1.97126,19.7126,2.3710435813088755,-0.0003043738522569315,,,Sand mixtures,,,Clay & silt 1,1,0.08,0.5,-1.4000000000000001,-1.82
-1.78,0.46,2.699,0.011,0.453,0.003,0.567,1.097,0.46,485.8,2.7002599999999997,27.002599999999997,2.2188770259308668,-0.0002962677668076404,,,Sand mixtures,,,Clay & silt 1,1,0.08,0.5,-1.4000000000000001,-1.82
-1.8,0.48,3.296,0.012,0.421,0.003,0.544,1.079,0.48,486.7,3.2972599999999996,32.9726,2.126621313533092,-0.0003032821190928223,,,Sand mixtures,,,Clay & silt 1,1,0.08,0.5,-1.4000000000000001,-1.82
-1.82,0.5,3.736,0.013,0.395,0.003,0.524,1.054,0.5,487.6,3.73726,37.372600000000006,2.0657044193189167,-0.000321090852656759,,,Sand mixtures,,,Sand 1,1,0.5,2.48,-1.82,-3.8
-1.84,0.52,3.887,0.014,0.377,0.003,0.555,1.038,0.52,488.5,3.88826,38.8826,2.0419303824847828,-0.00036005822655892344,,,Sand,,,Sand 1,1,0.5,2.48,-1.82,-3.8
-1.86,0.54,4.178,0.015,0.365,0.003,0.553,1.071,0.54,489.3,4.17926,41.7926,2.0075894974645605,-0.000382842895632241,,,Sand,,,Sand 1,1,0.5,2.48,-1.82,-3.8
-1.8800000000000001,0.56,4.491,0.016,0.358,0.003,0.567,1.093,0.56,490.2,4.49226,44.9226,1.9754313038884999,-0.00040068918539888605,,,Sand,,,Sand 1,1,0.5,2.48,-1.82,-3.8
-1.9,0.58,4.837,0.017,0.351,0.003,0.582,1.068,0.58,491.1,4.83826,48.382600000000004,1.942428795274651,-0.00041337174934790566,,,Sand,,,Sand 1,1,0.5,2.48,-1.82,-3.8
-1.92,0.6,5.16,0.018,0.35,0.003,0.563,1.135,0.6,492.0,5.16126,51.6126,1.9161699755161499,-0.00042625250423346185,,,Sand,,,Sand 1,1,0.5,2.48,-1.82,-3.8
-1.94,0.62,5.468,0.019,0.352,0.003,0.592,1.085,0.62,492.8,5.46926,54.6926,1.8941116902511392,-0.0004388162201102157,,,Sand,,,Sand 1,1,0.5,2.48,-1.82,-3.8
-1.96,0.64,5.783,0.021,0.363,0.003,0.573,1.086,0.64,493.7,5.784260000000001,57.842600000000004,1.8774109565114683,-0.00044949570040074235,,,Sand,,,Sand 1,1,0.5,2.48,-1.82,-3.8
-1.98,0.66,6.114,0.023,0.381,0.003,0.575,1.158,0.66,494.6,6.11526,61.1526,1.8643871691317517,-0.0004578709654209304,,,Sand,,,Sand 1,1,0.5,2.48,-1.82,-3.8
-2.0,0.68,6.439,0.025,0.396,0.003,0.591,1.136,0.68,495.5,6.44026,64.4026,1.8514500613062557,-0.00046581970293124784,,,Sand,,,Sand 1,1,0.5,2.48,-1.82,-3.8
-2.02,0.7,6.675,0.026,0.405,0.003,0.582,1.142,0.7,496.4,6.67626,66.7626,1.8418041885136862,-0.0004793102725178467,,,Sand,,,Sand 1,1,0.5,2.48,-1.82,-3.8
-2.04,0.72,6.856,0.027,0.405,0.003,0.623,1.153,0.72,497.3,6.85726,68.57260000000001,1.831432669639178,-0.0004958248629919237,,,Sand,,,Sand 1,1,0.5,2.48,-1.82,-3.8
-2.06,0.74,7.044,0.028,0.391,0.003,0.578,1.125,0.74,498.1,7.04526,70.4526,1.814069774455332,-0.0005109818516279029,,,Sand,,,Sand 1,1,0.5,2.48,-1.82,-3.8
-2.08,0.76,7.296,0.028,0.369,0.003,0.578,1.108,0.76,499.0,7.2972600000000005,72.9726,1.7892305228612553,-0.0005207434023181303,,,Sand,,,Sand 1,1,0.5,2.48,-1.82,-3.8
-2.1,0.78,7.678,0.027,0.338,0.003,0.607,1.113,0.78,499.9,7.67926,76.79260000000001,1.7527375493573694,-0.0005208835226310868,,,Sand,,,Sand 1,1,0.5,2.48,-1.82,-3.8
-2.12,0.8,8.236,0.029,0.33,0.003,0.616,1.075,0.8,500.8,8.237260000000001,82.3726,1.720753911600924,-0.00050987828476945,,,Sand,,,Sand 1,1,0.5,2.48,-1.82,-3.8
-2.14,0.82,9.067,0.03,0.317,0.003,0.634,1.088,0.82,501.7,9.06826,90.68260000000001,1.675562657940377,-0.00048520884932721386,,,Sand,,,Sand 1,1,0.5,2.48,-1.82,-3.8
-2.16,0.84,10.392,0.032,0.306,0.003,0.648,1.05,0.84,502.6,10.39326,103.93260000000001,1.6155411125559593,-0.0004425945276073147,,,Sand,,,Sand 1,1,0.5,2.48,-1.82,-3.8
-2.18,0.86,11.9,0.036,0.313,0.003,0.657,1.057,0.86,503.5,11.90126,119.0126,1.5672825971672963,-0.0004033186402112046,,,Sand,,,Sand 1,1,0.5,2.48,-1.82,-3.8
-2.2,0.88,13.179,0.042,0.334,0.003,0.665,1.09,0.88,504.4,13.18026,131.8026,1.5413838177389865,-0.0003793551872269591,,,Sand,,,Sand 1,1,0.5,2.48,-1.82,-3.8
-2.22,0.9,14.383,0.047,0.348,0.003,0.655,1.092,0.9,505.3,14.38426,143.8426,1.5171163743282896,-0.0003615062575342771,,,Sand,,,Sand 1,1,0.5,2.48,-1.82,-3.8
-2.24,0.92,15.543,0.054,0.367,0.003,0.039,1.138,0.92,506.2,15.54426,155.4426,1.5000279879779796,-0.00034739511562467435,,,Sand,,,Sand 1,1,0.5,2.48,-1.82,-3.8
-2.26,0.94,16.342,0.061,0.387,0.003,0.701,1.078,0.94,507.0,16.343259999999997,163.43259999999998,1.4938522857066525,-0.00034264889624224283,,,Sand,,,Sand 1,1,0.5,2.48,-1.82,-3.8
-2.2800000000000002,0.96,16.95,0.073,0.447,0.003,0.758,1.072,0.96,507.9,16.951259999999998,169.5126,1.5155906104252506,-0.0003421574561419034,,,Sand,,,Sand 1,1,0.5,2.48,-1.82,-3.8
-2.3,0.98,17.607,0.078,0.461,0.003,0.761,1.082,0.98,508.8,17.608259999999998,176.08259999999999,1.5098998493928322,-0.0003407491711276411,,,Sand,,,Sand 1,1,0.5,2.48,-1.82,-3.8
-2.3200000000000003,1.0,18.033,0.082,0.473,0.003,0.765,1.066,1.0,509.7,18.03426,180.34259999999998,1.5080894316528175,-0.0003437900972925976,,,Sand,,,Sand 1,1,0.5,2.48,-1.82,-3.8
-2.34,1.02,18.128,0.086,0.491,0.003,0.762,1.112,1.02,510.7,18.12926,181.2926,1.5159460155498734,-0.0003530204762908137,,,Sand,,,Sand 1,1,0.5,2.48,-1.82,-3.8
-2.3600000000000003,1.04,17.844,0.09,0.508,0.003,0.779,1.106,1.04,511.5,17.84526,178.4526,1.5303300643945306,-0.0003698461103957018,,,Sand,,,Sand 1,1,0.5,2.48,-1.82,-3.8
-2.38,1.06,17.682,0.093,0.527,0.003,0.794,1.134,1.06,512.4,17.683259999999997,176.83259999999999,1.5431659294760711,-0.0003845444787895443,,,Sand,,,Sand 1,1,0.5,2.48,-1.82,-3.8
-2.4000000000000004,1.08,17.519,0.096,0.547,0.003,0.781,1.147,1.08,513.3,17.520259999999997,175.2026,1.556259139017225,-0.00039953744978670424,,,Sand,,,Sand 1,1,0.5,2.48,-1.82,-3.8
-2.42,1.1,17.402,0.096,0.554,0.003,0.775,1.123,1.1,514.2,17.40326,174.03259999999997,1.561953958200587,-0.0004137155912168179,,,Sand,,,Sand 1,1,0.5,2.48,-1.82,-3.8
-2.4400000000000004,1.12,17.092,0.094,0.555,0.003,0.762,1.173,1.12,515.0,17.093259999999997,170.93259999999998,1.5685863663982098,-0.0004329191739902162,,,Sand,,,Sand 1,1,0.5,2.48,-1.82,-3.8
-2.46,1.14,16.52,0.091,0.547,0.003,0.775,1.101,1.14,516.0,16.521259999999998,165.21259999999998,1.5764312962903644,-0.00046001334038687114,,,Sand,,,Sand 1,1,0.5,2.48,-1.82,-3.8
-2.48,1.16,16.01,0.079,0.482,0.003,0.768,1.078,1.16,516.9,16.01126,160.11260000000001,1.554725938310937,-0.00048715716314643565,,,Sand,,,Sand 1,1,0.5,2.48,-1.82,-3.8
-2.5,1.18,15.526,0.067,0.417,0.003,0.755,1.098,1.18,517.7,15.52726,155.2726,1.5301722246065506,-0.0005152229047494534,,,Sand,,,Sand 1,1,0.5,2.48,-1.82,-3.8
-2.52,1.2,15.035,0.063,0.402,0.003,0.73,1.092,1.2,518.6,15.03626,150.36260000000001,1.5332436252028676,-0.0005453483778545995,,,Sand,,,Sand 1,1,0.5,2.48,-1.82,-3.8
-2.54,1.22,14.477,0.065,0.433,0.003,0.724,1.118,1.22,519.5,14.47826,144.7826,1.564543107973306,-0.0005801802150258386,,,Sand,,,Sand 1,1,0.5,2.48,-1.82,-3.8
-2.56,1.24,13.597,0.066,0.466,0.003,0.693,1.099,1.24,524.8,13.59826,135.9826,1.604838408576945,-0.0006324338555079841,,,Sand,,,Sand 1,1,0.5,2.48,-1.82,-3.8
-2.58,1.26,12.7,0.067,0.5,0.003,0.663,1.077,1.26,530.4,12.70126,127.0126,1.646475149377792,-0.0006928446469090467,,,Sand,,,Sand 1,1,0.5,2.48,-1.82,-3.8
-2.6,1.28,11.988,0.067,0.526,0.003,0.649,1.039,1.28,535.1,11.98926,119.8926,1.6795573276852922,-0.0007506718513069197,,,Sand,,,Sand 1,1,0.5,2.48,-1.82,-3.8
-2.62,1.3,11.965,0.067,0.557,0.003,0.664,1.03,1.3,535.9,11.96626,119.6626,1.6943010290791014,-0.0007688283557268519,,,Sand,,,Sand 1,1,0.5,2.48,-1.82,-3.8
-2.64,1.32,11.658,0.072,0.617,0.002,0.639,1.055,1.32,536.9,11.65884,116.58840000000001,1.7291767812886594,-0.000892026994109191,,,Sand,,,Sand 1,1,0.5,2.48,-1.82,-3.8
-2.66,1.34,11.288,0.075,0.652,0.003,0.648,1.037,1.34,537.8,11.28926,112.8926,1.7545669677294964,-0.0008503657458504808,,,Sand,,,Sand 1,1,0.5,2.48,-1.82,-3.8
-2.68,1.36,10.926,0.073,0.658,0.004,0.63,1.027,1.36,538.6,10.92768,109.27680000000001,1.7683396681694168,-0.0008052944449325018,,,Sand,,,Sand 1,1,0.5,2.48,-1.82,-3.8
-2.7,1.38,10.649,0.071,0.66,0.004,0.626,1.043,1.38,539.5,10.65068,106.5068,1.7781484030287897,-0.0008450164684320625,,,Sand,,,Sand 1,1,0.5,2.48,-1.82,-3.8
-2.7199999999999998,1.4,10.37,0.07,0.664,0.004,0.641,1.072,1.4,540.4,10.37168,103.7168,1.7890413968697043,-0.0008870308378199092,,,Sand,,,Sand 1,1,0.5,2.48,-1.82,-3.8
-2.74,1.42,10.063,0.068,0.67,0.004,0.637,1.059,1.42,541.2,10.064680000000001,100.6468,1.8019290821145098,-0.0009339591522035474,,,Sand,,,Sand 1,1,0.5,2.48,-1.82,-3.8
-2.76,1.44,9.76,0.067,0.684,0.004,0.629,1.097,1.44,542.1,9.76168,97.6168,1.8179523882555124,-0.0009834372771899914,,,Sand,,,Sand 1,1,0.5,2.48,-1.82,-3.8
-2.7800000000000002,1.46,9.419,0.067,0.703,0.005,0.649,1.037,1.46,543.0,9.421100000000001,94.211,1.8374182017023624,-0.0009340735158314847,,,Sand,,,Sand 1,1,0.5,2.48,-1.82,-3.8
-2.8,1.48,9.017,0.067,0.726,0.005,0.638,1.029,1.48,543.9,9.0191,90.191,1.860955265946963,-0.0009978822720670573,,,Sand,,,Sand 1,1,0.5,2.48,-1.82,-3.8
-2.8200000000000003,1.5,8.67,0.066,0.745,0.005,0.664,1.023,1.5,544.8,8.6721,86.721,1.881342221470579,-0.0010608733755376439,,,Sand,,,Sand 1,1,0.5,2.48,-1.82,-3.8
-2.84,1.52,8.33,0.064,0.753,0.005,0.633,1.035,1.52,545.7,8.3321,83.321,1.8981888527888198,-0.0011281669687113688,,,Sand,,,Sand 1,1,0.5,2.48,-1.82,-3.8
-2.8600000000000003,1.54,7.97,0.064,0.779,0.006,0.644,1.058,1.54,546.5,7.972519999999999,79.7252,1.922344357076533,-0.0010787053528871677,,,Sand,,,Sand 1,1,0.5,2.48,-1.82,-3.8
-2.88,1.56,7.633,0.061,0.776,0.006,0.665,1.062,1.56,547.4,7.63552,76.3552,1.9367174005215373,-0.001152508277104899,,,Sand,,,Sand 1,1,0.5,2.48,-1.82,-3.8
-2.9000000000000004,1.58,7.4,0.059,0.771,0.006,0.65,1.065,1.58,548.3,7.40252,74.0252,1.9461642003407589,-0.0012158021862825094,,,Sand,,,Sand 1,1,0.5,2.48,-1.82,-3.8
-2.92,1.6,7.319,0.058,0.768,0.006,0.653,1.078,1.6,549.1,7.32152,73.2152,1.9491353373770324,-0.001256569674056753,,,Sand,,,Sand 1,1,0.5,2.48,-1.82,-3.8
-2.9400000000000004,1.62,7.283,0.062,0.826,0.006,0.652,1.046,1.62,550.0,7.28552,72.85520000000001,1.968986210226368,-0.001290230484577628,,,Sand,,,Sand 1,1,0.5,2.48,-1.82,-3.8
-2.96,1.64,7.446,0.058,0.768,0.006,0.656,1.086,1.64,550.9,7.448519999999999,74.48519999999999,1.942988355414251,-0.001288846643360023,,,Sand,,,Sand 1,1,0.5,2.48,-1.82,-3.8
-2.98,1.66,7.524,0.049,0.642,0.006,0.661,1.057,1.66,551.7,7.52652,75.2652,1.8959879254953198,-0.001302062573407099,,,Sand,,,Sand 1,1,0.5,2.48,-1.82,-3.8
-3.0,1.68,7.556,0.044,0.562,0.006,0.649,0.986,1.68,552.7,7.55852,75.5852,1.8637226316582338,-0.0013230103247725744,,,Sand,,,Sand 1,1,0.5,2.48,-1.82,-3.8
-3.02,1.7,7.753,0.041,0.495,0.004,0.618,0.922,1.7,553.6,7.7546800000000005,77.5468,1.8260013679019693,-0.0015732435123048275,,,Sand,,,Sand 1,1,0.5,2.48,-1.82,-3.8
-3.04,1.72,8.349,0.039,0.441,0.006,0.597,0.934,1.72,554.4,8.35152,83.51520000000001,1.77321292095133,-0.0012452822959173897,,,Sand,,,Sand 1,1,0.5,2.48,-1.82,-3.8
-3.06,1.74,9.358,0.039,0.403,0.006,0.603,0.897,1.74,555.3,9.360520000000001,93.60520000000001,1.7109150132326747,-0.0011324157204941603,,,Sand,,,Sand 1,1,0.5,2.48,-1.82,-3.8
-3.08,1.76,10.6,0.038,0.366,0.005,0.534,0.958,1.76,556.2,10.6021,106.021,1.6433913668658966,-0.0011129870497354297,,,Sand,,,Sand 1,1,0.5,2.48,-1.82,-3.8
-3.1,1.78,11.922,0.042,0.362,0.002,0.569,0.957,1.78,557.1,11.92284,119.22840000000001,1.5964224171578474,-0.001258089515585213,,,Sand,,,Sand 1,1,0.5,2.48,-1.82,-3.8
-3.12,1.8,13.17,0.047,0.373,-0.001,0.555,0.937,1.8,558.0,13.16958,131.6958,1.56539415504342,-0.0013819726976866385,,,Sand,,,Sand 1,1,0.5,2.48,-1.82,-3.8
-3.14,1.82,14.185,0.052,0.387,-0.003,0.545,0.949,1.82,558.8,14.18374,141.8374,1.5459859633923723,-0.0014382666348931946,,,Sand,,,Sand 1,1,0.5,2.48,-1.82,-3.8
-3.16,1.84,15.072,0.059,0.407,-0.002,0.522,0.937,1.84,559.7,15.071159999999999,150.7116,1.5352888597960754,-0.0013004971083844907,,,Sand,,,Sand 1,1,0.5,2.48,-1.82,-3.8
-3.18,1.86,15.825,0.065,0.423,-0.002,0.505,0.933,1.86,560.6,15.82416,158.2416,1.5267344198078758,-0.0012512512512512512,,,Sand,,,Sand 1,1,0.5,2.48,-1.82,-3.8
-3.2,1.88,16.513,0.069,0.431,-0.002,0.499,0.953,1.88,561.6,16.51216,165.1216,1.5159572908271084,-0.0012112285733665371,,,Sand,,,Sand 1,1,0.5,2.48,-1.82,-3.8
-3.2199999999999998,1.9,17.042,0.075,0.45,-0.002,0.454,0.954,1.9,562.5,17.04116,170.4116,1.5153826050135368,-0.0011853653155066907,,,Sand,,,Sand 1,1,0.5,2.48,-1.82,-3.8
-3.24,1.92,17.546,0.08,0.465,-0.001,0.457,0.941,1.92,563.3,17.54558,175.4558,1.513353065161736,-0.0011056915758840687,,,Sand,,,Sand 1,1,0.5,2.48,-1.82,-3.8
-3.26,1.94,17.96,0.085,0.48,0.0,0.425,0.931,1.94,564.2,17.96,179.6,1.5133231186881704,-0.0010356347438752783,,,Sand,,,Sand 1,1,0.5,2.48,-1.82,-3.8
-3.2800000000000002,1.96,18.294,0.089,0.499,0.0,0.41,0.915,1.96,565.1,18.294,182.94,1.5170454670050022,-0.0010276593418607194,,,Sand,,,Sand 1,1,0.5,2.48,-1.82,-3.8
-3.3,1.98,18.494,0.094,0.522,0.0,0.411,0.971,1.98,566.0,18.494,184.94,1.525241207196438,-0.0010273602249378175,,,Sand,,,Sand 1,1,0.5,2.48,-1.82,-3.8
-3.3200000000000003,2.0,18.522,0.101,0.559,0.001,0.377,0.949,2.0,566.9,18.522419999999997,185.2242,1.5431838386958838,-0.0009825929873094339,,,Sand,,,Sand 1,1,0.5,2.48,-1.82,-3.8
-3.34,2.02,18.411,0.106,0.589,0.001,0.384,0.908,2.02,567.8,18.41142,184.11419999999998,1.5595329259848019,-0.0009993797327962754,,,Sand,,,Sand 1,1,0.5,2.48,-1.82,-3.8
-3.3600000000000003,2.04,18.046,0.108,0.61,0.002,0.381,0.909,2.04,568.6,18.04684,180.4684,1.5759156710478879,-0.0009752399866126148,,,Sand,,,Sand 1,1,0.5,2.48,-1.82,-3.8
-3.38,2.06,17.514,0.112,0.646,0.002,0.396,0.873,2.06,569.5,17.51484,175.1484,1.6018462642440439,-0.0010162810508117686,,,Sand,,,Sand 1,1,0.5,2.48,-1.82,-3.8
-3.4000000000000004,2.08,16.616,0.112,0.661,0.003,0.384,0.815,2.08,570.4,16.617259999999998,166.1726,1.6257677729672644,-0.0010230326780708734,,,Sand,,,Sand 1,1,0.5,2.48,-1.82,-3.8
-3.42,2.1,16.211,0.116,0.709,0.003,0.382,0.793,2.1,571.3,16.212259999999997,162.12259999999998,1.6535651224407948,-0.0010609254971237817,,,Sand,,,Sand 1,1,0.5,2.48,-1.82,-3.8
-3.4400000000000004,2.12,15.615,0.118,0.744,0.003,0.392,0.746,2.12,572.1,15.61626,156.1626,1.6795198924643626,-0.0011142232519181928,,,Sand,,,Sand 1,1,0.5,2.48,-1.82,-3.8
-3.46,2.14,14.677,0.113,0.734,0.004,0.362,0.682,2.14,573.0,14.67868,146.7868,1.6962784863137703,-0.001130891878561287,,,Sand,,,Sand 1,1,0.5,2.48,-1.82,-3.8
-3.4800000000000004,2.16,14.027,0.098,0.64,0.005,0.364,0.714,2.16,574.0,14.0291,140.291,1.674304470592851,-0.00112623047807771,,,Sand,,,Sand 1,1,0.5,2.48,-1.82,-3.8
-3.5,2.18,14.412,0.081,0.539,0.005,0.334,0.714,2.18,574.9,14.414100000000001,144.141,1.6201232414947222,-0.0011100242124031327,,,Sand,,,Sand 1,1,0.5,2.48,-1.82,-3.8
-3.5200000000000005,2.2,14.886,0.069,0.47,0.006,0.3,0.752,2.2,575.7,14.88852,148.8852,1.57430389214807,-0.001020920816844119,,,Sand,,,Sand 1,1,0.5,2.48,-1.82,-3.8
-3.54,2.22,14.988,0.071,0.499,0.006,0.3,0.768,2.22,576.6,14.99052,149.9052,1.5867636971529446,-0.001027315930334638,,,Sand,,,Sand 1,1,0.5,2.48,-1.82,-3.8
-3.5600000000000005,2.24,14.432,0.072,0.516,0.006,0.309,0.768,2.24,580.7,14.434520000000001,144.3452,1.6085713148808118,-0.0010807425532681379,,,Sand,,,Sand 1,1,0.5,2.48,-1.82,-3.8
-3.58,2.26,13.572,0.073,0.543,0.006,0.322,0.774,2.26,587.6,13.57452,135.7452,1.6431520095148926,-0.0011639453918075922,,,Sand,,,Sand 1,1,0.5,2.48,-1.82,-3.8
-3.5999999999999996,2.28,12.711,0.074,0.582,0.007,0.335,0.78,2.28,594.5,12.713940000000001,127.13940000000001,1.6838242110491064,-0.0011798073610540865,,,Sand,,,Sand 1,1,0.5,2.48,-1.82,-3.8
-3.62,2.3,12.194,0.075,0.641,0.008,0.327,0.786,2.3,596.3,12.197360000000002,121.97360000000002,1.7231243810962493,-0.0011641863485213188,,,Sand,,,Sand 1,1,0.5,2.48,-1.82,-3.8
-3.6399999999999997,2.32,11.412,0.077,0.717,0.008,0.362,0.777,2.32,597.2,11.415360000000002,114.15360000000003,1.7753667367587511,-0.0012614582457320654,,,Sand,,,Sand 1,1,0.5,2.48,-1.82,-3.8
-3.66,2.34,10.392,0.086,0.845,0.009,0.363,0.795,2.34,598.1,10.39578,103.9578,1.851190064859054,-0.0013082231443912816,,,Sand,,,Sand 1,1,0.5,2.48,-1.82,-3.8
-3.6799999999999997,2.36,8.818,0.092,1.002,0.01,0.375,0.792,2.36,598.9,8.8222,88.22200000000001,1.9530447471064705,-0.0014508852667135172,,,Sand,,,Sand 1,1,0.5,2.48,-1.82,-3.8
-3.7,2.38,7.449,0.095,1.18,0.011,0.389,0.763,2.38,599.8,7.45362,74.5362,2.054602037300586,-0.0016099559677042834,,,Sand mixtures,,,Sand 1,1,0.5,2.48,-1.82,-3.8
-3.7199999999999998,2.4,6.312,0.089,1.302,0.012,0.402,0.774,2.4,600.6,6.31704,63.17040000000001,2.137374845279172,-0.0017729822828413298,,,Sand mixtures,,,Sand 1,1,0.5,2.48,-1.82,-3.8
-3.74,2.42,5.385,0.079,1.385,0.012,0.357,0.784,2.42,601.5,5.39004,53.9004,2.208077874802727,-0.0021150121334906602,,,Sand mixtures,,,Sand 1,1,0.5,2.48,-1.82,-3.8
-3.76,2.44,4.384,0.073,1.542,0.013,0.334,0.82,2.44,602.4,4.389460000000001,43.89460000000001,2.3071156898550242,-0.002414875633904852,,,Sand mixtures,,,Sand 1,1,0.5,2.48,-1.82,-3.8
-3.7800000000000002,2.46,3.522,0.07,1.804,0.014,0.316,0.835,2.46,603.2,3.5278799999999997,35.2788,2.4238868526969957,-0.0027778722632289077,,,Sand mixtures,,,Sand 1,1,0.5,2.48,-1.82,-3.8
-3.8,2.48,2.631,0.069,2.16,0.014,0.329,0.833,2.48,604.2,2.6368799999999997,26.368799999999997,2.571839254664529,-0.003792360668669031,,,Sand mixtures,,,Silty clay / clayey silt 1,1,2.48,2.94,-3.8,-4.26
-3.8200000000000003,2.5,2.038,0.065,2.493,0.015,0.345,0.785,2.5,605.0,2.0443,20.442999999999998,2.6975986407764845,-0.00450031795724698,,,Silty clay / clayey silt,,,Silty clay / clayey silt 1,1,2.48,2.94,-3.8,-4.26
-3.84,2.52,1.69,0.058,2.692,0.015,0.338,0.794,2.52,605.9,1.6963,16.963,2.7825484739997988,-0.005541472616872013,,,Silty clay / clayey silt,,,Silty clay / clayey silt 1,1,2.48,2.94,-3.8,-4.26
-3.8600000000000003,2.54,1.494,0.051,2.852,0.015,0.362,0.778,2.54,606.7,1.5003,15.003,2.8403775778430247,-0.006398720255948812,,7.764504802252368,Silty clay / clayey silt,,,Silty clay / clayey silt 1,1,2.48,2.94,-3.8,-4.26
-3.88,2.56,1.373,0.043,2.719,0.017,0.334,0.823,2.56,607.6,1.38014,13.8014,2.8576787757813986,-0.0056516005622617976,,5.683950208539392,Silty clay / clayey silt,,,Silty clay / clayey silt 1,1,2.48,2.94,-3.8,-4.26
-3.9000000000000004,2.58,1.306,0.042,2.813,0.023,0.31,0.768,2.58,608.5,1.31566,13.156600000000001,2.88316719497674,-0.0015201495827189394,,7.426753186382767,Silty clay / clayey silt,,,Silty clay / clayey silt 1,1,2.48,2.94,-3.8,-4.26
-3.92,2.6,1.36,0.039,2.693,0.031,0.31,0.823,2.6,609.3,1.3730200000000001,13.730200000000002,2.857098394460046,0.004224264759435408,,,Silty clay / clayey silt,,,Silty clay / clayey silt 1,1,2.48,2.94,-3.8,-4.26
-3.9400000000000004,2.62,1.44,0.037,2.525,0.034,0.28,0.833,2.62,610.2,1.45428,14.5428,2.8205682227957762,0.005913579228209149,,,Silty clay / clayey silt,,,Silty clay / clayey silt 1,1,2.48,2.94,-3.8,-4.26
-3.96,2.64,1.538,0.033,2.261,0.042,0.272,0.833,2.64,611.1,1.5556400000000001,15.556400000000002,2.769137122289427,0.010542284847394001,,,Silty clay / clayey silt,,,Silty clay / clayey silt 1,1,2.48,2.94,-3.8,-4.26
-3.9800000000000004,2.66,1.58,0.031,2.091,0.051,0.313,0.787,2.66,612.0,1.60142,16.014200000000002,2.7395541639889758,0.015736034269585742,,,Silty clay / clayey silt,,,Silty clay / clayey silt 1,1,2.48,2.94,-3.8,-4.26
-4.0,2.68,1.545,0.033,2.23,0.06,0.308,0.781,2.68,612.9,1.5701999999999998,15.701999999999998,2.7624012974542547,0.021653292574194374,,,Silty clay / clayey silt,,,Silty clay / clayey silt 1,1,2.48,2.94,-3.8,-4.26
-4.0200000000000005,2.7,1.482,0.037,2.491,0.071,0.276,0.783,2.7,613.7,1.51182,15.1182,2.8034004140399613,0.02963315738646135,,,Silty clay / clayey silt,,,Silty clay / clayey silt 1,1,2.48,2.94,-3.8,-4.26
-4.04,2.72,1.434,0.038,2.651,0.074,0.282,0.781,2.72,614.6,1.46508,14.650799999999998,2.830167927653377,0.0324896933955825,,,Silty clay / clayey silt,,,Silty clay / clayey silt 1,1,2.48,2.94,-3.8,-4.26
-4.0600000000000005,2.74,1.397,0.04,2.828,0.071,0.265,0.769,2.74,615.5,1.42682,14.2682,2.8558692998583832,0.03111815085294571,,7.566912641485648,Silty clay / clayey silt,,,Silty clay / clayey silt 1,1,2.48,2.94,-3.8,-4.26
-4.08,2.76,1.357,0.04,2.977,0.066,0.263,0.757,2.76,616.3,1.38472,13.8472,2.8794863846055674,0.028308972210988506,,8.495896050519345,Silty clay / clayey silt,,,Silty clay / clayey silt 1,1,2.48,2.94,-3.8,-4.26
-4.1,2.78,1.306,0.042,3.185,0.064,0.235,0.778,2.78,617.2,1.33288,13.328800000000001,2.9101737308019047,0.02775943820899106,,9.240564131928105,Silty clay / clayey silt,,,Silty clay / clayey silt 1,1,2.48,2.94,-3.8,-4.26
-4.12,2.8,1.26,0.043,3.407,0.063,0.25,0.775,2.8,618.0,1.28646,12.864600000000001,2.939941833330935,0.027828304028108146,,9.778002338079478,Silty clay / clayey silt,,,Silty clay / clayey silt 1,1,2.48,2.94,-3.8,-4.26
-4.14,2.82,1.215,0.043,3.449,0.063,0.25,0.731,2.82,619.0,1.24146,12.4146,2.9555339673061094,0.028675913843377965,,9.863010543000268,Clay & silt,,,Silty clay / clayey silt 1,1,2.48,2.94,-3.8,-4.26
-4.16,2.84,1.173,0.04,3.377,0.064,0.25,0.74,2.84,619.8,1.19988,11.998800000000001,2.9620234402188297,0.030336366970030337,,9.714613462370725,Clay & silt,,,Silty clay / clayey silt 1,1,2.48,2.94,-3.8,-4.26
-4.18,2.86,1.14,0.043,3.633,0.064,0.231,0.79,2.86,620.7,1.16688,11.6688,2.9905899064374224,0.0310228986699575,,10.193409494968803,Clay & silt,,,Silty clay / clayey silt 1,1,2.48,2.94,-3.8,-4.26
-4.2,2.88,1.117,0.047,4.067,0.064,0.226,0.763,2.88,621.6,1.14388,11.4388,3.0269048170052075,0.03147183270972479,,10.794499284783281,Clay & silt,,,Silty clay / clayey silt 1,1,2.48,2.94,-3.8,-4.26
-4.22,2.9,1.11,0.049,4.298,0.064,0.231,0.75,2.9,622.4,1.1368800000000001,11.3688,3.043578527934636,0.03148969108437126,,11.050291661675617,Clay & silt,,,Silty clay / clayey silt 1,1,2.48,2.94,-3.8,-4.26
-4.24,2.92,1.126,0.051,4.558,0.062,0.223,0.766,2.92,623.3,1.15204,11.5204,3.054639335575748,0.029165653970348253,,11.3030092016149,Clay & silt,,,Silty clay / clayey silt 1,1,2.48,2.94,-3.8,-4.26
-4.26,2.94,1.119,0.052,4.701,0.061,0.225,0.741,2.94,624.1,1.14462,11.4462,3.0651163318396333,0.028306337474445675,,11.429422522629354,Clay & silt,,,Organic clay 1,1,2.94,3.98,-4.26,-5.3
-4.28,2.96,1.101,0.054,4.927,0.062,0.249,0.757,2.96,625.0,1.12704,11.2704,3.083016292781321,0.029457694491766044,,11.614359302382526,Organic clay,11.614359302382526,-0.34395930238252603,Organic clay 1,1,2.94,3.98,-4.26,-5.3
-4.3,2.98,1.087,0.054,5.012,0.061,0.199,0.75,2.98,626.0,1.11262,11.126199999999999,3.0920118064074247,0.02876094263989503,,11.679799811853666,Organic clay,11.679799811853666,-0.5535998118536671,Organic clay 1,1,2.94,3.98,-4.26,-5.3
-4.32,3.0,1.06,0.051,4.875,0.061,0.203,0.763,3.0,626.8,1.08562,10.856200000000001,3.0929422158964117,0.029292017464674563,,11.5732707656627,Organic clay,11.5732707656627,-0.7170707656626991,Organic clay 1,1,2.94,3.98,-4.26,-5.3
-4.34,3.02,1.027,0.049,4.828,0.06,0.213,0.757,3.02,627.7,1.0522,10.522,3.1010566797411943,0.029081923588671357,,11.535408223165446,Organic clay,11.535408223165446,-1.0134082231654453,Organic clay 1,1,2.94,3.98,-4.26,-5.3
-4.36,3.04,0.974,0.046,4.721,0.059,0.201,0.773,3.04,628.5,0.99878,9.9878,3.1130184836847827,0.02943591181241114,,11.44648574434493,Organic clay,11.44648574434493,-1.4586857443449297,Organic clay 1,1,2.94,3.98,-4.26,-5.3
-4.38,3.06,0.927,0.044,4.691,0.059,0.202,0.758,3.06,629.4,0.9517800000000001,9.517800000000001,3.127982566749186,0.03067935867532413,,11.420836485907532,Organic clay,11.420836485907532,-1.9030364859075313,Organic clay 1,1,2.94,3.98,-4.26,-5.3
-4.4,3.08,0.896,0.041,4.621,0.057,0.2,0.758,3.08,630.3,0.91994,9.199399999999999,3.135836587019295,0.02934974020044786,,11.359686065177714,Organic clay,11.359686065177714,-2.160286065177715,Organic clay 1,1,2.94,3.98,-4.26,-5.3
-4.42,3.1,0.84,0.039,4.505,0.057,0.233,0.733,3.1,631.1,0.8639399999999999,8.6394,3.1511010180248187,0.031020672731902687,,11.254049101221664,Organic clay,11.254049101221664,-2.614649101221664,Organic clay 1,1,2.94,3.98,-4.26,-5.3
-4.44,3.12,0.792,0.036,4.41,0.057,0.2,0.75,3.12,632.0,0.81594,8.1594,3.1656348329987125,0.03260043630659117,,11.163146937082201,Organic clay,11.163146937082201,-3.0037469370822016,Organic clay 1,1,2.94,3.98,-4.26,-5.3
-4.46,3.14,0.756,0.033,4.309,0.057,0.216,0.726,3.14,632.8,0.77994,7.7993999999999994,3.1756071338561873,0.03384875759673822,,11.061668298343905,Organic clay,11.061668298343905,-3.2622682983439057,Organic clay 1,1,2.94,3.98,-4.26,-5.3
-4.48,3.16,0.721,0.031,4.074,0.057,0.213,0.748,3.16,633.7,0.7449399999999999,7.4494,3.177727288278245,0.035170617767873925,,10.802772609730363,Organic clay,10.802772609730363,-3.3533726097303633,Organic clay 1,1,2.94,3.98,-4.26,-5.3
-4.5,3.18,0.695,0.027,3.774,0.057,0.194,0.736,3.18,634.5,0.7189399999999999,7.189399999999999,3.1714148849341948,0.03616435307536096,,10.410890218207674,Organic clay,10.410890218207674,-3.2214902182076752,Organic clay 1,1,2.94,3.98,-4.26,-5.3
-4.5200000000000005,3.2,0.664,0.024,3.475,0.056,0.202,0.737,3.2,635.5,0.68752,6.8751999999999995,3.167356680156399,0.036071677914824296,,9.913624843422653,Organic clay,9.913624843422653,-3.0384248434226535,Organic clay 1,1,2.94,3.98,-4.26,-5.3
-4.54,3.22,0.646,0.024,3.514,0.056,-0.085,0.734,3.22,636.3,0.66952,6.6952,3.179629258804187,0.03674274106822799,,9.986904235392313,Organic clay,9.986904235392313,-3.291704235392313,Organic clay 1,1,2.94,3.98,-4.26,-5.3
-4.5600000000000005,3.24,0.626,0.024,3.761,0.055,0.124,0.728,3.24,638.4,0.6491,6.4910000000000005,3.207245179582748,0.03604991526729317,,10.39188979147141,Organic clay,10.39188979147141,-3.9008897914714096,Organic clay 1,1,2.94,3.98,-4.26,-5.3
-4.58,3.26,0.594,0.024,4.005,0.053,0.148,0.722,3.26,644.5,0.61626,6.1626,3.241225859528376,0.034401064485768997,,10.719605465262234,Organic clay,10.719605465262234,-4.557005465262233,Organic clay 1,1,2.94,3.98,-4.26,-5.3
-4.6,3.28,0.561,0.024,4.161,0.051,0.173,0.715,3.28,650.7,0.58242,5.824200000000001,3.270840109018511,0.03262250609525773,,10.902717446164834,Organic clay,10.902717446164834,-5.078517446164833,Organic clay 1,1,2.94,3.98,-4.26,-5.3
-4.62,3.3,0.546,0.024,4.406,0.051,0.184,0.725,3.3,654.0,0.56742,5.674200000000001,3.294212482363208,0.03313242395403758,,11.159226143805776,Organic clay,11.159226143805776,-5.485026143805776,Organic clay 1,1,2.94,3.98,-4.26,-5.3
-4.64,3.32,0.534,0.024,4.516,0.051,0.221,0.727,3.32,654.9,0.55542,5.554200000000001,3.3079283851957015,0.03348817111375177,,11.264310190576973,Organic clay,11.264310190576973,-5.710110190576972,Organic clay 1,1,2.94,3.98,-4.26,-5.3
-4.66,3.34,0.517,0.023,4.408,0.051,0.206,0.712,3.34,655.8,0.53842,5.3842,3.3131335410419798,0.0341740648564318,,11.161187516051452,Organic clay,11.161187516051452,-5.776987516051452,Organic clay 1,1,2.94,3.98,-4.26,-5.3
-4.68,3.36,0.505,0.022,4.253,0.051,0.2,0.708,3.36,656.7,0.52642,5.2642,3.3125289883519766,0.034573154515405956,,11.003046366440378,Organic clay,11.003046366440378,-5.738846366440378,Organic clay 1,1,2.94,3.98,-4.26,-5.3
-4.7,3.38,0.493,0.02,4.068,0.051,0.187,0.744,3.38,657.5,0.51442,5.1442,3.3101301894550894,0.03499086349675363,,10.795683389917565,Organic clay,10.795683389917565,-5.651483389917566,Organic clay 1,1,2.94,3.98,-4.26,-5.3
-4.72,3.4,0.483,0.019,3.866,0.051,0.207,0.685,3.4,658.4,0.50442,5.0442,3.3050921107383107,0.035288053606121896,,10.540033889438945,Organic clay,10.540033889438945,-5.495833889438945,Organic clay 1,1,2.94,3.98,-4.26,-5.3
-4.74,3.42,0.475,0.019,3.866,0.052,0.196,0.675,3.42,659.2,0.49684,4.9684,3.3105996441116763,0.037436599307624184,,10.540033889438945,Organic clay,10.540033889438945,-5.571633889438945,Organic clay 1,1,2.94,3.98,-4.26,-5.3
-4.76,3.44,0.468,0.018,3.879,0.052,0.201,0.694,3.44,660.1,0.48984000000000005,4.8984000000000005,3.316559306558722,0.03756328597092929,,10.557577921425116,Organic clay,10.557577921425116,-5.659177921425115,Organic clay 1,1,2.94,3.98,-4.26,-5.3
-4.78,3.46,0.462,0.018,3.827,0.052,0.18,0.704,3.46,661.0,0.48384000000000005,4.8384,3.3178584761445076,0.03761574074074074,,10.486385329241761,Organic clay,10.486385329241761,-5.647985329241761,Organic clay 1,1,2.94,3.98,-4.26,-5.3
-4.8,3.48,0.463,0.018,3.798,0.052,0.182,0.685,3.48,661.8,0.48484000000000005,4.848400000000001,3.315311461776813,0.037125649698869743,,10.44546013003842,Organic clay,10.44546013003842,-5.597060130038419,Organic clay 1,1,2.94,3.98,-4.26,-5.3
-4.82,3.5,0.462,0.017,3.741,0.053,0.163,0.685,3.5,662.8,0.48426,4.842600000000001,3.3121884213884436,0.03882212034857307,,10.362268330447643,Organic clay,10.362268330447643,-5.519668330447642,Organic clay 1,1,2.94,3.98,-4.26,-5.3
-4.84,3.52,0.456,0.017,3.66,0.053,0.171,0.717,3.52,663.6,0.47826,4.7825999999999995,3.311612815944799,0.038890979801781474,,10.23712272311921,Organic clay,10.23712272311921,-5.454522723119211,Organic clay 1,1,2.94,3.98,-4.26,-5.3
-4.86,3.54,0.451,0.016,3.49,0.053,0.178,0.702,3.54,664.4,0.47326,4.7326,3.3043941377056276,0.038879262984406034,,9.942172371266702,Organic clay,9.942172371266702,-5.209572371266702,Organic clay 1,1,2.94,3.98,-4.26,-5.3
-4.88,3.56,0.449,0.015,3.356,0.054,0.163,0.689,3.56,665.4,0.47168,4.7168,3.2965863868992638,0.0407055630936228,,9.668804980445856,Organic clay,9.668804980445856,-4.952004980445856,Organic clay 1,1,2.94,3.98,-4.26,-5.3
-4.9,3.58,0.444,0.014,3.225,0.054,0.154,0.696,3.58,666.2,0.46668,4.6668,3.291399169329712,0.04071312248221479,,9.351065955862554,Organic clay,9.351065955862554,-4.6842659558625535,Organic clay 1,1,2.94,3.98,-4.26,-5.3
-4.92,3.6,0.435,0.014,3.139,0.054,0.162,0.668,3.6,667.1,0.45768,4.5767999999999995,3.292463312490509,0.04107673483656705,,9.10346868754294,Organic clay,9.10346868754294,-4.52666868754294,Organic clay 1,1,2.94,3.98,-4.26,-5.3
-4.94,3.62,0.437,0.014,3.048,0.054,0.137,0.692,3.62,668.0,0.45968,4.596799999999999,3.2842004357845953,0.04046293073442395,,8.791725326852092,Organic clay,8.791725326852092,-4.1949253268520925,Organic clay 1,1,2.94,3.98,-4.26,-5.3
-4.96,3.64,0.439,0.013,2.954,0.055,0.16,0.672,3.64,668.8,0.4621,4.621,3.2752089878852275,0.04198225492317681,,8.386143357316453,Organic clay,8.386143357316453,-3.765143357316452,Organic clay 1,1,2.94,3.98,-4.26,-5.3
-4.98,3.66,0.446,0.013,2.909,0.055,0.138,0.702,3.66,669.7,0.4691,4.691,3.2661763724047956,0.04092943935195055,,8.144401357406208,Organic clay,8.144401357406208,-3.453401357406208,Organic clay 1,1,2.94,3.98,-4.26,-5.3
-5.0,3.68,0.451,0.013,2.892,0.056,0.13,0.676,3.68,670.6,0.47452,4.7452,3.260589131280189,0.042147854674197086,,8.041413765337268,Organic clay,8.041413765337268,-3.296213765337268,Organic clay 1,1,2.94,3.98,-4.26,-5.3
-5.0200000000000005,3.7,0.449,0.013,2.912,0.056,0.148,0.657,3.7,671.5,0.47252,4.7252,3.2637044929705112,0.04190298823330229,,8.161831110423114,Organic clay,8.161831110423114,-3.4366311104231135,Organic clay 1,1,2.94,3.98,-4.26,-5.3
-5.04,3.72,0.451,0.013,2.848,0.056,0.131,0.674,3.72,672.3,0.47452,4.7452,3.2571610274288365,0.041304897580713144,,7.73350698301979,Organic clay,7.73350698301979,-2.9883069830197906,Organic clay 1,1,2.94,3.98,-4.26,-5.3
-5.0600000000000005,3.74,0.457,0.013,2.774,0.057,0.134,0.678,3.74,673.2,0.48094000000000003,4.8094,3.246284066685857,0.04241693350521894,,6.969826746050672,Organic clay,6.969826746050672,-2.160426746050672,Organic clay 1,1,2.94,3.98,-4.26,-5.3
-5.08,3.76,0.459,0.013,2.737,0.057,0.142,0.656,3.76,674.1,0.48294000000000004,4.829400000000001,3.241751221018986,0.04182714208804406,,6.281559579195506,Organic clay,6.281559579195506,-1.4521595791955058,Organic clay 1,1,2.94,3.98,-4.26,-5.3
-5.1,3.78,0.46,0.012,2.723,0.058,0.107,0.631,3.78,675.0,0.48436,4.8436,3.2395170097729884,0.04335618135271287,,5.849199040860271,Organic clay,5.849199040860271,-1.0055990408602709,Organic clay 1,1,2.94,3.98,-4.26,-5.3
-5.12,3.8,0.462,0.013,2.741,0.058,0.104,0.648,3.8,675.8,0.48636,4.8636,3.2394422328500947,0.04276667489102723,,6.379032329709332,Organic clay,6.379032329709332,-1.5154323297093324,Organic clay 1,1,2.94,3.98,-4.26,-5.3
-5.14,3.82,0.465,0.013,2.76,0.059,0.135,0.649,3.82,676.7,0.48978000000000005,4.8978,3.2383658159970112,0.04410143329658216,,6.753982208354369,Organic clay,6.753982208354369,-1.8561822083543689,Organic clay 1,1,2.94,3.98,-4.26,-5.3
-5.16,3.84,0.459,0.013,2.761,0.059,0.12,0.644,3.84,677.6,0.48378000000000004,4.8378000000000005,3.243042995631329,0.04423498284344124,,6.770748776934996,Organic clay,6.770748776934996,-1.9329487769349951,Organic clay 1,1,2.94,3.98,-4.26,-5.3
-5.18,3.86,0.45,0.012,2.698,0.06,0.101,0.642,3.86,678.4,0.4752,4.752,3.244607645236265,0.04671717171717173,,,Clay & silt,,,Organic clay 1,1,2.94,3.98,-4.26,-5.3
-5.2,3.88,0.44,0.012,2.718,0.06,0.096,0.642,3.88,679.3,0.4652,4.652,3.2541918302130934,0.0472914875322442,,5.638039321695913,Organic clay,5.638039321695913,-0.9860393216959125,Organic clay 1,1,2.94,3.98,-4.26,-5.3
-5.22,3.9,0.431,0.013,2.825,0.061,0.105,0.628,3.9,680.2,0.45661999999999997,4.566199999999999,3.2696948115314877,0.049932109850641684,,7.540041334119971,Organic clay,7.540041334119971,-2.973841334119972,Organic clay 1,1,2.94,3.98,-4.26,-5.3
-5.24,3.92,0.424,0.014,3.046,0.061,0.107,0.628,3.92,681.1,0.44961999999999996,4.496199999999999,3.2922719149977557,0.05026466794181755,,8.784127675311623,Organic clay,8.784127675311623,-4.287927675311624,Organic clay 1,1,2.94,3.98,-4.26,-5.3
-5.26,3.94,0.431,0.014,3.101,0.061,0.079,0.64,3.94,682.0,0.45661999999999997,4.566199999999999,3.290568307898409,0.04905610792343745,,8.980672943041153,Organic clay,8.980672943041153,-4.414472943041154,Organic clay 1,1,2.94,3.98,-4.26,-5.3
-5.28,3.96,0.449,0.013,2.978,0.062,0.089,0.621,3.96,682.9,0.47504,4.7504,3.266762487981062,0.04883799259009768,,8.500489673141704,Organic clay,8.500489673141704,-3.750089673141704,Organic clay 1,1,2.94,3.98,-4.26,-5.3
-5.3,3.98,0.472,0.013,2.81,0.062,0.074,0.606,3.98,683.7,0.49804,4.9803999999999995,3.2361465453695435,0.04618102963617382,,7.3968383451498525,Organic clay,7.3968383451498525,-2.416438345149853,Clay & silt 2,2,3.98,4.52,-5.3,-5.84
-5.32,4.0,0.483,0.012,2.665,0.062,0.086,0.625,4.0,684.6,0.5090399999999999,5.0904,3.2161870784668416,0.04479019330504479,,,Clay & silt,,,Clay & silt 2,2,3.98,4.52,-5.3,-5.84
-5.34,4.02,0.456,0.012,2.612,0.063,0.09,0.584,4.02,685.4,0.48246,4.8246,3.2317919216369395,0.04891597230858519,,,Clay & silt,,,Clay & silt 2,2,3.98,4.52,-5.3,-5.84
-5.36,4.04,0.433,0.012,2.596,0.064,0.086,0.609,4.04,686.3,0.45988,4.5988,3.2484144731895417,0.053057319300687134,,,Clay & silt,,,Clay & silt 2,2,3.98,4.52,-5.3,-5.84
-5.38,4.06,0.43,0.012,2.596,0.065,0.065,0.59,4.06,687.2,0.4573,4.573,3.2505262808291224,0.055106057292805606,,,Clay & silt,,,Clay & silt 2,2,3.98,4.52,-5.3,-5.84
-5.4,4.08,0.427,0.012,2.63,0.066,0.059,0.611,4.08,688.1,0.45472,4.5472,3.2554935647573573,0.057178043631245595,,,Clay & silt,,,Clay & silt 2,2,3.98,4.52,-5.3,-5.84
-5.42,4.1,0.429,0.012,2.674,0.066,0.066,0.584,4.1,689.0,0.45672,4.567200000000001,3.2574848643049377,0.056489753021544936,,,Clay & silt,,,Clay & silt 2,2,3.98,4.52,-5.3,-5.84
-5.44,4.12,0.438,0.011,2.605,0.067,0.063,0.603,4.12,689.9,0.46614,4.6613999999999995,3.244098864197391,0.0570644012528425,,,Clay & silt,,,Clay & silt 2,2,3.98,4.52,-5.3,-5.84
-5.46,4.14,0.443,0.011,2.622,0.068,0.082,0.575,4.14,690.7,0.47156000000000003,4.7156,3.2411915437989527,0.058105013147849695,,,Clay & silt,,,Clay & silt 2,2,3.98,4.52,-5.3,-5.84
-5.48,4.16,0.437,0.011,2.547,0.069,0.058,0.582,4.16,691.6,0.46598,4.659800000000001,3.23930795760597,0.060517618781921974,,,Clay & silt,,,Clay & silt 2,2,3.98,4.52,-5.3,-5.84
-5.5,4.18,0.428,0.011,2.436,0.07,0.049,0.584,4.18,692.5,0.4574,4.574,3.2366414014816622,0.06340183646698733,,,Clay & silt,,,Clay & silt 2,2,3.98,4.52,-5.3,-5.84
-5.5200000000000005,4.2,0.432,0.01,2.326,0.071,0.015,0.616,4.2,693.3,0.46182,4.6182,3.223090690139972,0.06452730501061019,,,Clay & silt,,,Clay & silt 2,2,3.98,4.52,-5.3,-5.84
-5.54,4.22,0.438,0.01,2.26,0.072,0.043,0.607,4.22,694.2,0.46824,4.6824,3.211727562465943,0.06535110199897488,,,Clay & silt,,,Clay & silt 2,2,3.98,4.52,-5.3,-5.84
-5.5600000000000005,4.24,0.439,0.01,2.274,0.074,0.029,0.628,4.24,695.9,0.47008,4.7008,3.211558957491214,0.06892443839346495,,,Clay & silt,,,Clay & silt 2,2,3.98,4.52,-5.3,-5.84
-5.58,4.26,0.436,0.01,2.312,0.076,0.025,0.594,4.26,701.1,0.46792,4.6792,3.2168395153397498,0.07308941699435802,,,Clay & silt,,,Clay & silt 2,2,3.98,4.52,-5.3,-5.84
-5.6000000000000005,4.28,0.434,0.011,2.404,0.079,0.021,0.56,4.28,706.4,0.46718,4.6718,3.225814573843475,0.07919859583030095,,,Clay & silt,,,Clay & silt 2,2,3.98,4.52,-5.3,-5.84
-5.62,4.3,0.432,0.011,2.477,0.08,0.017,0.528,4.3,711.5,0.4656,4.656000000000001,3.2335566272792478,0.08118556701030928,,,Clay & silt,,,Clay & silt 2,2,3.98,4.52,-5.3,-5.84
-5.640000000000001,4.32,0.436,0.012,2.638,0.081,0.032,0.546,4.32,712.4,0.47002,4.7002,3.2437533700114485,0.08212416492915194,,,Clay & silt,,,Clay & silt 2,2,3.98,4.52,-5.3,-5.84
-5.66,4.34,0.444,0.012,2.786,0.082,0.045,0.559,4.34,713.3,0.47844000000000003,4.784400000000001,3.2491883271719204,0.08235097399882953,,7.128727147671393,Organic clay,7.128727147671393,-2.3443271476713923,Clay & silt 2,2,3.98,4.52,-5.3,-5.84
-5.680000000000001,4.36,0.444,0.013,2.848,0.083,0.009,0.549,4.36,714.1,0.47886,4.7886,3.253770187535034,0.0839493797769703,,7.73350698301979,Organic clay,7.73350698301979,-2.9449069830197905,Clay & silt 2,2,3.98,4.52,-5.3,-5.84
-5.7,4.38,0.443,0.013,2.88,0.083,-0.01,0.558,4.38,715.0,0.47786,4.7786,3.2570480238261217,0.0837065249236178,,7.963942219954897,Organic clay,7.963942219954897,-3.1853422199548973,Clay & silt 2,2,3.98,4.52,-5.3,-5.84
-5.720000000000001,4.4,0.438,0.013,2.928,0.084,-0.003,0.582,4.4,716.0,0.47328000000000003,4.7328,3.2643355410740984,0.08620689655172413,,8.251396409090939,Organic clay,8.251396409090939,-3.5185964090909385,Clay & silt 2,2,3.98,4.52,-5.3,-5.84
-5.74,4.42,0.432,0.013,2.854,0.085,0.005,0.574,4.42,716.8,0.4677,4.677,3.2630244760150293,0.08894590549497541,,7.779744474453226,Organic clay,7.779744474453226,-3.1027444744532264,Clay & silt 2,2,3.98,4.52,-5.3,-5.84
-5.760000000000001,4.44,0.429,0.013,2.852,0.085,-0.027,0.55,4.44,717.7,0.4647,4.647,3.2652667496252517,0.08908973531310523,,7.764504802252368,Organic clay,7.764504802252368,-3.117504802252368,Clay & silt 2,2,3.98,4.52,-5.3,-5.84
-5.78,4.46,0.434,0.014,3.12,0.086,-0.018,0.566,4.46,718.5,0.47012,4.7012,3.281152537871733,0.08976431549391645,,9.043251691186232,Organic clay,9.043251691186232,-4.3420516911862315,Clay & silt 2,2,3.98,4.52,-5.3,-5.84
-5.800000000000001,4.48,0.44,0.016,3.441,0.087,-0.03,0.561,4.48,719.4,0.47654,4.7654000000000005,3.2985830624607893,0.09023376841398413,,9.847136450007257,Organic clay,9.847136450007257,-5.081736450007257,Clay & silt 2,2,3.98,4.52,-5.3,-5.84
-5.82,4.5,0.459,0.018,3.99,0.087,-0.03,0.545,4.5,720.3,0.49554000000000004,4.9554,3.319055651305916,0.08637042418371876,,10.70103245561253,Organic clay,10.70103245561253,-5.74563245561253,Clay & silt 2,2,3.98,4.52,-5.3,-5.84
-5.84,4.52,0.489,0.022,4.678,0.088,-0.028,0.517,4.52,721.1,0.52596,5.259600000000001,3.336103804063206,0.08289603772149974,,11.409619669297557,Organic clay,11.409619669297557,-6.150019669297556,Peat 1,1,4.52,5.64,-5.84,-6.96
-5.86,4.54,0.499,0.026,5.362,0.088,-0.015,0.568,4.54,722.0,0.53596,5.3596,3.363365922655952,0.08097619225315321,11.947905913019786,11.92939536858428,Peat,11.947905913019786,-6.588305913019786,Peat 1,1,4.52,5.64,-5.84,-6.96
-5.88,4.56,0.508,0.03,6.126,0.089,-0.037,0.513,4.56,722.9,0.54538,5.4538,3.3911196824783585,0.08104440940261837,16.807507407887076,12.389544175079118,Peat,16.807507407887076,-11.353707407887075,Peat 1,1,4.52,5.64,-5.84,-6.96
-5.9,4.58,0.508,0.034,6.821,0.089,-0.046,0.553,4.58,723.8,0.54538,5.4538,3.418950867203547,0.08067769261799113,19.1276531852283,12.737600302351339,Peat,19.1276531852283,-13.6738531852283,Peat 1,1,4.52,5.64,-5.84,-6.96
-5.92,4.6,0.501,0.037,7.344,0.09,-0.046,0.543,4.6,724.7,0.5388,5.388,3.442512738858222,0.08314773570898294,20.43959020259541,12.967941908386338,Peat,20.43959020259541,-15.051590202595412,Peat 1,1,4.52,5.64,-5.84,-6.96
-5.94,4.62,0.498,0.039,7.886,0.091,-0.073,0.561,4.62,725.6,0.53622,5.3622000000000005,3.4629876324262097,0.08503972250195815,21.57554372473956,13.184452550359183,Peat,21.57554372473956,-16.21334372473956,Peat 1,1,4.52,5.64,-5.84,-6.96
-5.96,4.64,0.495,0.042,8.388,0.092,-0.044,0.527,4.64,726.4,0.53364,5.3364,3.4810857362382834,0.086950003747845,22.487927029188633,13.36845328739114,Peat,22.487927029188633,-17.15152702918863,Peat 1,1,4.52,5.64,-5.84,-6.96
-5.98,4.66,0.489,0.044,8.808,0.093,-0.073,0.541,4.66,727.3,0.52806,5.2806,3.49777685927161,0.08938378214596827,23.174021338020495,13.51207598945259,Peat,23.174021338020495,-17.893421338020495,Peat 1,1,4.52,5.64,-5.84,-6.96
-6.0,4.68,0.488,0.045,9.083,0.094,-0.043,0.548,4.68,728.2,0.52748,5.274799999999999,3.506430496284822,0.09099871085159629,23.5922329476052,13.601629832363791,Peat,23.5922329476052,-18.3174329476052,Peat 1,1,4.52,5.64,-5.84,-6.96
-6.0200000000000005,4.7,0.495,0.046,9.28,0.094,-0.079,0.559,4.7,729.0,0.53448,5.344799999999999,3.50774942565686,0.0894327196527466,23.878692427475492,13.663787799590553,Peat,23.878692427475492,-18.533892427475493,Peat 1,1,4.52,5.64,-5.84,-6.96
-6.04,4.72,0.497,0.048,9.488,0.095,-0.059,0.548,4.72,729.9,0.5369,5.369000000000001,3.512230162530438,0.09051964984168373,24.170360384893044,13.727722760290371,Peat,24.170360384893044,-18.801360384893044,Peat 1,1,4.52,5.64,-5.84,-6.96
-6.0600000000000005,4.74,0.511,0.049,9.68,0.096,-0.075,0.511,4.74,730.9,0.55132,5.5132,3.508721077721166,0.08960313429587172,24.43052729510484,13.785278298193447,Peat,24.43052729510484,-18.91732729510484,Peat 1,1,4.52,5.64,-5.84,-6.96
-6.08,4.76,0.525,0.051,9.762,0.097,-0.079,0.514,4.76,731.7,0.56574,5.6574,3.5023181909949797,0.08873334040371902,24.539151305974453,13.809449992353603,Peat,24.539151305974453,-18.881751305974454,Peat 1,1,4.52,5.64,-5.84,-6.96
-6.1000000000000005,4.78,0.533,0.051,9.751,0.098,-0.089,0.53,4.78,732.6,0.57416,5.7416,3.497033115757281,0.0888254145186011,24.524663434251153,13.806221347364584,Peat,24.524663434251153,-18.783063434251154,Peat 1,1,4.52,5.64,-5.84,-6.96
-6.12,4.8,0.54,0.052,9.714,0.098,-0.101,0.52,4.8,733.5,0.58116,5.811599999999999,3.4919109446593164,0.08741138412829515,24.475742116355807,13.79532984686347,Peat,24.475742116355807,-18.66414211635581,Peat 1,1,4.52,5.64,-5.84,-6.96
-6.140000000000001,4.82,0.55,0.053,9.704,0.099,-0.086,0.528,4.82,734.3,0.59158,5.915800000000001,3.485651018919932,0.0872240440853308,24.46246965221863,13.792377816020554,Peat,24.46246965221863,-18.54666965221863,Peat 1,1,4.52,5.64,-5.84,-6.96
-6.16,4.84,0.553,0.053,9.753,0.1,-0.106,0.534,4.84,735.2,0.5950000000000001,5.950000000000001,3.485099780743231,0.0880672268907563,24.527299502804755,13.806808692023269,Peat,24.527299502804755,-18.577299502804756,Peat 1,1,4.52,5.64,-5.84,-6.96
-6.180000000000001,4.86,0.55,0.053,9.709,0.101,-0.11,0.498,4.86,736.1,0.5924200000000001,5.924200000000001,3.485315731735749,0.08980115458627323,24.469108583991666,13.793854278942804,Peat,24.469108583991666,-18.544908583991663,Peat 1,1,4.52,5.64,-5.84,-6.96
-6.2,4.88,0.556,0.053,9.679,0.101,-0.089,0.513,4.88,736.9,0.5984200000000001,5.9842,3.4810780365402816,0.0885665586043247,24.42919364183705,13.784982034918364,Peat,24.42919364183705,-18.444993641837048,Peat 1,1,4.52,5.64,-5.84,-6.96
-6.220000000000001,4.9,0.556,0.054,9.746,0.102,-0.122,0.506,4.9,737.8,0.59884,5.9884,3.482741623370655,0.08984035802551599,24.518069541408238,13.804752365940606,Peat,24.518069541408238,-18.52966954140824,Peat 1,1,4.52,5.64,-5.84,-6.96
-6.24,4.92,0.547,0.054,9.821,0.102,-0.114,0.535,4.92,738.8,0.58984,5.8984000000000005,3.489938199473676,0.09087210090872101,24.616424427660192,13.826694669737545,Peat,24.616424427660192,-18.71802442766019,Peat 1,1,4.52,5.64,-5.84,-6.96
-6.260000000000001,4.94,0.538,0.054,9.812,0.103,-0.115,0.527,4.94,739.6,0.58126,5.8126,3.4946105280559836,0.09358978770257716,24.60468399243815,13.824071994274911,Peat,24.60468399243815,-18.79208399243815,Peat 1,1,4.52,5.64,-5.84,-6.96
-6.28,4.96,0.542,0.054,9.697,0.103,-0.139,0.544,4.96,740.5,0.58526,5.8526,3.4890646128000453,0.09260841335474833,24.453166057177363,13.790309262075061,Peat,24.453166057177363,-18.600566057177364,Peat 1,1,4.52,5.64,-5.84,-6.96
-6.300000000000001,4.98,0.555,0.053,9.508,0.104,-0.148,0.512,4.98,741.4,0.5986800000000001,5.986800000000001,3.476031663723053,0.09186877797821874,24.197854867269758,13.733782231683646,Peat,24.197854867269758,-18.21105486726976,Peat 1,1,4.52,5.64,-5.84,-6.96
-6.32,5.0,0.566,0.054,9.432,0.103,-0.144,0.532,5.0,742.3,0.6092599999999999,6.092599999999999,3.467934619624278,0.0883038440074845,24.09287254434265,13.71067513966988,Peat,24.09287254434265,-18.00027254434265,Peat 1,1,4.52,5.64,-5.84,-6.96
-6.34,5.02,0.585,0.055,9.378,0.104,-0.134,0.498,5.02,743.1,0.62868,6.2868,3.455811831954739,0.08684863523573201,24.017437333284665,13.694121819146902,Peat,24.017437333284665,-17.730637333284665,Peat 1,1,4.52,5.64,-5.84,-6.96
-6.36,5.04,0.599,0.056,9.374,0.105,-0.138,0.551,5.04,744.0,0.6431,6.431,3.448085885735019,0.08614523402270254,24.01182118948131,13.692891126498019,Peat,24.01182118948131,-17.58082118948131,Peat 1,1,4.52,5.64,-5.84,-6.96
-6.38,5.06,0.623,0.057,9.431,0.105,-0.134,0.577,5.06,745.0,0.6671,6.671,3.437497530765905,0.08274621496027582,24.09148202273444,13.710369624055087,Peat,24.09148202273444,-17.42048202273444,Peat 1,1,4.52,5.64,-5.84,-6.96
-6.4,5.08,0.635,0.059,9.448,0.106,-0.126,0.556,5.08,745.8,0.67952,6.7951999999999995,3.4318353999518267,0.08241111372733695,24.11508821805262,13.71555815080585,Peat,24.11508821805262,-17.31988821805262,Peat 1,1,4.52,5.64,-5.84,-6.96
-6.42,5.1,0.64,0.06,9.445,0.107,-0.155,0.52,5.1,746.7,0.68494,6.849399999999999,3.42909583575314,0.08292697170555087,24.110927455013282,13.714643336393335,Peat,24.110927455013282,-17.261527455013283,Peat 1,1,4.52,5.64,-5.84,-6.96
-6.44,5.12,0.65,0.062,9.514,0.107,-0.167,0.539,5.12,747.6,0.69494,6.949400000000001,3.426289752528012,0.08144588021987509,24.206084964780896,13.735597122520643,Peat,24.206084964780896,-17.256684964780895,Peat 1,1,4.52,5.64,-5.84,-6.96
-6.46,5.14,0.669,0.064,9.577,0.106,-0.161,0.536,5.14,748.4,0.71352,7.135200000000001,3.419352954485497,0.0776432335463617,24.29199845022116,13.754571915432106,Peat,24.29199845022116,-17.15679845022116,Peat 1,1,4.52,5.64,-5.84,-6.96
-6.48,5.16,0.7,0.062,9.262,0.106,-0.177,0.512,5.16,749.3,0.74452,7.4452,3.39586869356194,0.0741417288991565,23.85294408453354,13.658174548682647,Peat,23.85294408453354,-16.40774408453354,Peat 1,1,4.52,5.64,-5.84,-6.96
-6.5,5.18,0.711,0.057,8.373,0.108,-0.186,0.513,5.18,750.2,0.7563599999999999,7.563599999999999,3.362532837341176,0.0753609392352848,22.462235307790152,13.363159196883934,Peat,22.462235307790152,-14.898635307790153,Peat 1,1,4.52,5.64,-5.84,-6.96
-6.5200000000000005,5.2,0.703,0.051,7.484,0.108,-0.177,0.498,5.2,751.0,0.7483599999999999,7.483599999999999,3.335271838327062,0.07589929980223423,20.751191292666398,13.025844830114238,Peat,20.751191292666398,-13.267591292666399,Peat 1,1,4.52,5.64,-5.84,-6.96
-6.54,5.22,0.676,0.045,6.611,0.109,-0.162,0.493,5.22,752.0,0.7217800000000001,7.2178,3.3140789568033897,0.07980270996702596,18.51537818902661,12.638059540921967,Peat,18.51537818902661,-11.29757818902661,Peat 1,1,4.52,5.64,-5.84,-6.96
-6.5600000000000005,5.24,0.65,0.04,6.113,0.111,-0.185,0.477,5.24,752.9,0.69662,6.9662,3.3054813624574404,0.08526886968505067,16.75401239809407,12.382480933986255,Peat,16.75401239809407,-9.787812398094069,Peat 1,1,4.52,5.64,-5.84,-6.96
-6.58,5.26,0.603,0.034,5.487,0.116,-0.203,0.472,5.26,759.4,0.65172,6.517199999999999,3.300455301702193,0.09850856195912357,13.171772237284062,12.011791081779231,Peat,13.171772237284062,-6.6545722372840626,Peat 1,1,4.52,5.64,-5.84,-6.96
-6.6000000000000005,5.28,0.553,0.03,4.996,0.122,-0.217,0.468,5.28,766.8,0.60424,6.0424,3.3031358635227726,0.11584800741427247,,11.667639639369883,Organic clay,11.667639639369883,-5.625239639369883,Peat 1,1,4.52,5.64,-5.84,-6.96
-6.62,5.3,0.523,0.026,4.606,0.124,-0.181,0.493,5.3,770.9,0.57508,5.750800000000001,3.3003760272998557,0.12485219447729012,,11.346336494628027,Organic clay,11.346336494628027,-5.595536494628026,Peat 1,1,4.52,5.64,-5.84,-6.96
-6.640000000000001,5.32,0.515,0.022,4.046,0.125,-0.202,0.503,5.32,771.8,0.5675,5.675,3.2733568363769923,0.1279295154185022,,10.769461392313085,Organic clay,10.769461392313085,-5.094461392313085,Peat 1,1,4.52,5.64,-5.84,-6.96
-6.66,5.34,0.519,0.019,3.585,0.127,-0.188,0.468,5.34,772.7,0.5723400000000001,5.723400000000001,3.2412392791515248,0.1299926617045812,,10.112969916088797,Organic clay,10.112969916088797,-4.389569916088797,Peat 1,1,4.52,5.64,-5.84,-6.96
-6.680000000000001,5.36,0.533,0.021,3.811,0.129,-0.19,0.445,5.36,773.6,0.58718,5.8718,3.246594836119397,0.1297728124254913,,10.463918141697285,Organic clay,10.463918141697285,-4.592118141697284,Peat 1,1,4.52,5.64,-5.84,-6.96
-6.7,5.38,0.543,0.024,4.354,0.131,-0.202,0.437,5.38,774.5,0.59802,5.9802,3.2724985026068927,0.13043042038727803,,11.107531422027744,Organic clay,11.107531422027744,-5.127331422027744,Peat 1,1,4.52,5.64,-5.84,-6.96
-6.720000000000001,5.4,0.553,0.026,4.818,0.132,-0.22,0.455,5.4,775.4,0.6084400000000001,6.0844000000000005,3.2915540851227623,0.1295115377029781,,11.527260774738792,Organic clay,11.527260774738792,-5.442860774738792,Peat 1,1,4.52,5.64,-5.84,-6.96
-6.74,5.42,0.574,0.029,5.218,0.131,-0.208,0.446,5.42,776.2,0.6290199999999999,6.290199999999999,3.2999932784176598,0.12336650662935997,9.787842514433436,11.830295251957725,Peat,9.787842514433436,-3.497642514433437,Peat 1,1,4.52,5.64,-5.84,-6.96
-6.760000000000001,5.44,0.576,0.031,5.57,0.131,-0.213,0.431,5.44,777.1,0.6310199999999999,6.310199999999998,3.3156079934869482,0.12265855281924506,13.827413031749101,12.06478283948686,Peat,13.827413031749101,-7.517213031749103,Peat 1,1,4.52,5.64,-5.84,-6.96
-6.78,5.46,0.552,0.032,5.87,0.131,-0.229,0.432,5.46,778.0,0.60702,6.0702,3.342687483883804,0.12717867615564563,15.64368824158737,12.246052417440001,Peat,15.64368824158737,-9.57348824158737,Peat 1,1,4.52,5.64,-5.84,-6.96
-6.800000000000001,5.48,0.538,0.032,5.89,0.132,-0.245,0.438,5.48,778.8,0.5934400000000001,5.9344,3.3514676610576535,0.13143704502561335,15.744295922794212,12.257610786382427,Peat,15.744295922794212,-9.809895922794212,Peat 1,1,4.52,5.64,-5.84,-6.96
-6.82,5.5,0.537,0.029,5.449,0.134,-0.235,0.442,5.5,779.7,0.59328,5.932799999999999,3.331603766160065,0.1345064724919094,12.8357966406084,11.987080881213949,Peat,12.8357966406084,-6.902996640608401,Peat 1,1,4.52,5.64,-5.84,-6.96
-6.84,5.52,0.527,0.026,4.862,0.136,-0.222,0.414,5.52,780.6,0.5841200000000001,5.8412000000000015,3.3082993052169427,0.13969732246798602,,11.56286827472266,Organic clay,11.56286827472266,-5.721668274722659,Peat 1,1,4.52,5.64,-5.84,-6.96
-6.86,5.54,0.507,0.022,4.274,0.137,-0.245,0.403,5.54,781.5,0.56454,5.6454,3.2885820673281416,0.14595954228221206,,11.025237000378953,Organic clay,11.025237000378953,-5.379837000378952,Peat 1,1,4.52,5.64,-5.84,-6.96
-6.88,5.56,0.495,0.019,3.784,0.138,-0.241,0.395,5.56,782.4,0.55296,5.5296,3.2666233057893743,0.15046296296296297,,10.425373357245334,Organic clay,10.425373357245334,-4.895773357245334,Peat 1,1,4.52,5.64,-5.84,-6.96
-6.9,5.58,0.495,0.017,3.343,0.139,-0.247,0.388,5.58,783.2,0.55338,5.5338,3.2370376511868013,0.15179442697603818,,9.63981880249301,Organic clay,9.63981880249301,-4.10601880249301,Peat 1,1,4.52,5.64,-5.84,-6.96
-6.92,5.6,0.504,0.015,2.96,0.14,-0.258,0.428,5.6,784.1,0.5628,5.627999999999999,3.202646020778193,0.15067519545131489,,8.415563995547126,Organic clay,8.415563995547126,-2.787563995547127,Peat 1,1,4.52,5.64,-5.84,-6.96
-6.94,5.62,0.51,0.015,2.913,0.142,-0.236,0.429,5.62,785.0,0.56964,5.6964,3.1945215032082683,0.15202584088196053,,8.167594447487234,Organic clay,8.167594447487234,-2.4711944474872345,Peat 1,1,4.52,5.64,-5.84,-6.96
-6.96,5.64,0.502,0.014,2.754,0.143,-0.255,0.409,5.64,785.8,0.56206,5.6206000000000005,3.186700886769499,0.15549941287407038,,6.648080792436713,Organic clay,6.648080792436713,-1.0274807924367124,Clay & silt 3,3,5.64,6.14,-6.96,-7.46
-6.98,5.66,0.498,0.013,2.639,0.145,-0.266,0.43,5.66,786.7,0.5589,5.5889999999999995,3.179187446884343,0.15959921273930938,,,Clay & silt,,,Clay & silt 3,3,5.64,6.14,-6.96,-7.46
-7.0,5.68,0.503,0.013,2.669,0.145,-0.256,0.404,5.68,787.7,0.5639,5.638999999999999,3.1784155922224713,0.15782940237630785,,,Clay & silt,,,Clay & silt 3,3,5.64,6.14,-6.96,-7.46
-7.0200000000000005,5.7,0.497,0.013,2.627,0.147,-0.254,0.404,5.7,788.4,0.55874,5.5874,3.178272487129595,0.16250850127071625,,,Clay & silt,,,Clay & silt 3,3,5.64,6.14,-6.96,-7.46
-7.04,5.72,0.498,0.013,2.61,0.148,-0.253,0.424,5.72,789.4,0.56016,5.6015999999999995,3.1758742435869713,0.16352470722650672,,,Clay & silt,,,Clay & silt 3,3,5.64,6.14,-6.96,-7.46
-7.0600000000000005,5.74,0.505,0.013,2.556,0.15,-0.259,0.384,5.74,790.3,0.5680000000000001,5.6800000000000015,3.1660256285343436,0.16443661971830983,,,Clay & silt,,,Clay & silt 3,3,5.64,6.14,-6.96,-7.46
-7.08,5.76,0.514,0.012,2.337,0.151,-0.275,0.411,5.76,791.1,0.57742,5.7742,3.140040294747319,0.16313948252571783,,,Clay & silt,,,Clay & silt 3,3,5.64,6.14,-6.96,-7.46
-7.1000000000000005,5.78,0.517,0.012,2.417,0.153,-0.278,0.366,5.78,792.0,0.58126,5.8126,3.1449844748194007,0.16515844888690087,,,Clay & silt,,,Clay & silt 3,3,5.64,6.14,-6.96,-7.46
-7.12,5.8,0.495,0.012,2.492,0.153,-0.307,0.377,5.8,792.9,0.55926,5.5926,3.1661671477987663,0.17129778636054788,,,Clay & silt,,,Clay & silt 3,3,5.64,6.14,-6.96,-7.46
-7.140000000000001,5.82,0.467,0.012,2.412,0.152,-0.267,0.394,5.82,793.8,0.53084,5.308400000000001,3.178496128303398,0.17820812297490768,,,Clay & silt,,,Clay & silt 3,3,5.64,6.14,-6.96,-7.46
-7.16,5.84,0.459,0.012,2.425,0.148,-0.274,0.391,5.84,794.6,0.5211600000000001,5.211600000000001,3.1865762249715597,0.17345920638575485,,,Clay & silt,,,Clay & silt 3,3,5.64,6.14,-6.96,-7.46
-7.180000000000001,5.86,0.468,0.011,2.185,0.143,-0.294,0.384,5.86,795.5,0.52806,5.2806,3.1590565055364355,0.16134530167026473,,,Clay & silt,,,Clay & silt 3,3,5.64,6.14,-6.96,-7.46
-7.2,5.88,0.486,0.009,1.873,0.142,-0.282,0.398,5.88,796.4,0.54564,5.4563999999999995,3.114076224999826,0.15394765779634925,,,Clay & silt,,,Clay & silt 3,3,5.64,6.14,-6.96,-7.46
-7.220000000000001,5.9,0.508,0.008,1.557,0.14,-0.296,0.371,5.9,797.3,0.5668,5.667999999999999,3.061749916441988,0.14431898376852506,,,Clay & silt,,,Clay & silt 3,3,5.64,6.14,-6.96,-7.46
-7.24,5.92,0.51,0.007,1.283,0.138,-0.293,0.362,5.92,798.1,0.56796,5.679600000000001,3.023097109070344,0.14015071483907315,,,Clay & silt,,,Clay & silt 3,3,5.64,6.14,-6.96,-7.46
-7.260000000000001,5.94,0.515,0.006,1.18,0.137,-0.289,0.356,5.94,799.0,0.57254,5.7254000000000005,3.0041565066869143,0.13693366402347434,,,Clay & silt,,,Clay & silt 3,3,5.64,6.14,-6.96,-7.46
-7.28,5.96,0.541,0.006,1.143,0.136,-0.297,0.337,5.96,799.8,0.5981200000000001,5.981200000000001,2.9810721721091866,0.1290710894134956,,,Clay & silt,,,Clay & silt 3,3,5.64,6.14,-6.96,-7.46
-7.300000000000001,5.98,0.548,0.005,1.052,0.135,-0.285,0.357,5.98,800.7,0.6047,6.047000000000001,2.9614895641143666,0.1256821564412105,,,Clay & silt,,,Clay & silt 3,3,5.64,6.14,-6.96,-7.46
-7.32,6.0,0.523,0.006,1.073,0.134,-0.29,0.331,6.0,801.6,0.57928,5.7928,2.9820214874094577,0.1291258113520232,,,Clay & silt,,,Clay & silt 3,3,5.64,6.14,-6.96,-7.46
-7.34,6.02,0.493,0.006,1.167,0.133,-0.322,0.381,6.02,802.4,0.54886,5.4886,3.0186737890331266,0.13409612651678024,,,Clay & silt,,,Clay & silt 3,3,5.64,6.14,-6.96,-7.46
-7.36,6.04,0.475,0.007,1.266,0.134,-0.328,0.361,6.04,803.4,0.53128,5.312799999999999,3.046650648738069,0.14003915073031173,,,Clay & silt,,,Clay & silt 3,3,5.64,6.14,-6.96,-7.46
-7.38,6.06,0.501,0.007,1.341,0.135,-0.322,0.371,6.06,804.2,0.5577,5.576999999999999,3.0386769753806737,0.1348395194549041,,,Clay & silt,,,Clay & silt 3,3,5.64,6.14,-6.96,-7.46
-7.4,6.08,0.563,0.006,1.185,0.135,-0.333,0.382,6.08,805.1,0.6196999999999999,6.196999999999999,2.9739568103093674,0.12102630304986285,,,Clay & silt,,,Clay & silt 3,3,5.64,6.14,-6.96,-7.46
-7.42,6.1,0.612,0.006,1.043,0.124,-0.325,0.373,6.1,808.9,0.66408,6.6408000000000005,2.923026656422545,0.09607276231779303,,,Silty clay / clayey silt,,,Clay & silt 3,3,5.64,6.14,-6.96,-7.46
-7.44,6.12,0.651,0.006,1.048,0.111,-0.327,0.355,6.12,815.3,0.69762,6.9762,2.904543625753754,0.07253232418795333,,,Silty clay / clayey silt,,,Clay & silt 3,3,5.64,6.14,-6.96,-7.46
-7.46,6.14,0.69,0.006,1.044,0.099,-0.329,0.336,6.14,821.6,0.7315799999999999,7.315799999999999,2.8851777009910284,0.05248913310916101,,,Silty clay / clayey silt,,,Clay & silt 4,4,6.14,6.88,-7.46,-8.2
-7.48,6.16,0.621,0.007,1.264,0.097,-0.354,0.351,6.16,824.1,0.66174,6.6174,2.9607216431684593,0.05470426451476411,,,Clay & silt,,,Clay & silt 4,4,6.14,6.88,-7.46,-8.2
-7.5,6.18,0.508,0.007,1.382,0.101,-0.364,0.356,6.18,825.0,0.55042,5.504200000000001,3.049605261732554,0.07267177791504668,,,Clay & silt,,,Clay & silt 4,4,6.14,6.88,-7.46,-8.2
-7.5200000000000005,6.2,0.481,0.007,1.301,0.104,-0.36,0.35,6.2,825.8,0.52468,5.2468,3.056693656707106,0.08157353053289623,,,Clay & silt,,,Clay & silt 4,4,6.14,6.88,-7.46,-8.2
-7.54,6.22,0.491,0.007,1.35,0.107,-0.36,0.344,6.22,826.7,0.53594,5.359399999999999,3.055461576485849,0.08508415121095646,,,Clay & silt,,,Clay & silt 4,4,6.14,6.88,-7.46,-8.2
-7.5600000000000005,6.24,0.502,0.006,1.254,0.108,-0.354,0.307,6.24,827.6,0.54736,5.4736,3.0331898204215433,0.08477053493130664,,,Clay & silt,,,Clay & silt 4,4,6.14,6.88,-7.46,-8.2
-7.58,6.26,0.484,0.006,1.204,0.11,-0.373,0.279,6.26,828.4,0.5302,5.3020000000000005,3.0380471508754585,0.09090909090909091,,,Clay & silt,,,Clay & silt 4,4,6.14,6.88,-7.46,-8.2
-7.6000000000000005,6.28,0.473,0.006,1.191,0.112,-0.371,0.345,6.28,829.3,0.52004,5.200399999999999,3.0436328421813688,0.09614645027305592,,,Clay & silt,,,Clay & silt 4,4,6.14,6.88,-7.46,-8.2
-7.62,6.3,0.451,0.006,1.317,0.114,-0.37,0.341,6.3,830.2,0.49888,4.9888,3.0787165680008166,0.10383258499037845,,,Clay & silt,,,Clay & silt 4,4,6.14,6.88,-7.46,-8.2
-7.640000000000001,6.32,0.426,0.006,1.363,0.117,-0.378,0.331,6.32,831.1,0.47514,4.7514,3.104271997562997,0.11491349917918928,,,Clay & silt,,,Clay & silt 4,4,6.14,6.88,-7.46,-8.2
-7.66,6.34,0.429,0.007,1.535,0.119,-0.39,0.328,6.34,831.9,0.47898,4.7898000000000005,3.1240150284589805,0.11775021921583366,,,Clay & silt,,,Clay & silt 4,4,6.14,6.88,-7.46,-8.2
-7.680000000000001,6.36,0.446,0.008,1.795,0.122,-0.384,0.341,6.36,832.8,0.49724,4.9724,3.140828209754588,0.11905719572037647,,,Clay & silt,,,Clay & silt 4,4,6.14,6.88,-7.46,-8.2
-7.7,6.38,0.474,0.009,1.833,0.124,-0.398,0.331,6.38,833.7,0.52608,5.260800000000001,3.1235376018797263,0.11595194647201945,,,Clay & silt,,,Clay & silt 4,4,6.14,6.88,-7.46,-8.2
-7.720000000000001,6.4,0.516,0.009,1.862,0.125,-0.407,0.288,6.4,834.6,0.5685,5.685,3.0972129508098196,0.10870712401055409,,,Clay & silt,,,Clay & silt 4,4,6.14,6.88,-7.46,-8.2
-7.74,6.42,0.532,0.009,1.913,0.126,-0.412,0.297,6.42,835.4,0.58492,5.8492,3.0920600473699107,0.10702318265745744,,,Clay & silt,,,Clay & silt 4,4,6.14,6.88,-7.46,-8.2
-7.760000000000001,6.44,0.503,0.009,1.922,0.128,-0.431,0.318,6.44,836.3,0.55676,5.5676,3.1117935248889323,0.11566922911128674,,,Clay & silt,,,Clay & silt 4,4,6.14,6.88,-7.46,-8.2
-7.78,6.46,0.484,0.009,1.872,0.131,-0.431,0.304,6.46,837.2,0.5390199999999999,5.3902,3.118619016176884,0.12467069867537384,,,Clay & silt,,,Clay & silt 4,4,6.14,6.88,-7.46,-8.2
-7.800000000000001,6.48,0.48,0.009,1.825,0.132,-0.445,0.315,6.48,838.0,0.53544,5.354400000000001,3.11589571371284,0.12699835649185715,,,Clay & silt,,,Clay & silt 4,4,6.14,6.88,-7.46,-8.2
-7.82,6.5,0.481,0.008,1.634,0.134,-0.43,0.256,6.5,838.9,0.53728,5.3728,3.092040069172104,0.12991363907087553,,,Clay & silt,,,Clay & silt 4,4,6.14,6.88,-7.46,-8.2
-7.84,6.52,0.478,0.007,1.465,0.135,-0.433,0.29,6.52,839.8,0.5347,5.3469999999999995,3.072215110395274,0.13203665606882367,,,Clay & silt,,,Clay & silt 4,4,6.14,6.88,-7.46,-8.2
-7.86,6.54,0.478,0.007,1.391,0.136,-0.438,0.298,6.54,840.7,0.53512,5.3512,3.0618214806990856,0.1334280161459112,,,Clay & silt,,,Clay & silt 4,4,6.14,6.88,-7.46,-8.2
-7.88,6.56,0.484,0.007,1.368,0.138,-0.458,0.271,6.56,841.6,0.54196,5.4196,3.053660884837081,0.13506531847368808,,,Clay & silt,,,Clay & silt 4,4,6.14,6.88,-7.46,-8.2
-7.9,6.58,0.486,0.008,1.52,0.138,-0.447,0.269,6.58,842.4,0.54396,5.4396,3.0728308556410613,0.13420104419442605,,,Clay & silt,,,Clay & silt 4,4,6.14,6.88,-7.46,-8.2
-7.92,6.6,0.506,0.008,1.447,0.14,-0.464,0.302,6.6,843.3,0.5648,5.648,3.0485717725345998,0.1324362606232295,,,Clay & silt,,,Clay & silt 4,4,6.14,6.88,-7.46,-8.2
-7.94,6.62,0.55,0.007,1.369,0.139,-0.494,0.293,6.62,844.2,0.60838,6.0838,3.0089012327781366,0.12097702094085933,,,Clay & silt,,,Clay & silt 4,4,6.14,6.88,-7.46,-8.2
-7.96,6.64,0.592,0.008,1.379,0.139,-0.459,0.272,6.64,845.0,0.65038,6.5038,2.984489175647379,0.11285709892678128,,,Clay & silt,,,Clay & silt 4,4,6.14,6.88,-7.46,-8.2
-7.98,6.66,0.619,0.007,1.268,0.134,-0.479,0.261,6.66,845.9,0.67528,6.7528,2.9534674368840337,0.10099514275559769,,,Clay & silt,,,Clay & silt 4,4,6.14,6.88,-7.46,-8.2
-8.0,6.68,0.595,0.007,1.311,0.132,-0.482,0.312,6.68,846.8,0.65044,6.5044,2.974513191151528,0.1014697743066232,,,Clay & silt,,,Clay & silt 4,4,6.14,6.88,-7.46,-8.2
-8.02,6.7,0.545,0.009,1.464,0.134,-0.511,0.305,6.7,847.6,0.60128,6.012800000000001,3.026680023946715,0.11275944651410325,,,Clay & silt,,,Clay & silt 4,4,6.14,6.88,-7.46,-8.2
-8.04,6.72,0.524,0.009,1.45,0.137,-0.509,0.249,6.72,848.5,0.5815400000000001,5.8154,3.0376762732345193,0.12140179523334595,,,Clay & silt,,,Clay & silt 4,4,6.14,6.88,-7.46,-8.2
-8.06,6.74,0.583,0.01,1.627,0.14,-0.513,0.281,6.74,849.4,0.6417999999999999,6.417999999999999,3.0229638794262566,0.114365846057962,,,Clay & silt,,,Clay & silt 4,4,6.14,6.88,-7.46,-8.2
-8.08,6.76,0.668,0.01,1.614,0.141,-0.492,0.299,6.76,850.3,0.7272200000000001,7.2722000000000016,2.973603153778145,0.10203239734880777,,,Clay & silt,,,Clay & silt 4,4,6.14,6.88,-7.46,-8.2
-8.1,6.78,0.723,0.008,1.295,0.137,-0.512,0.257,6.78,851.2,0.78054,7.8054,2.901549487090506,0.08968150254951701,,,Silty clay / clayey silt,,,Clay & silt 4,4,6.14,6.88,-7.46,-8.2
-8.12,6.8,0.701,0.009,1.294,0.136,-0.525,0.276,6.8,852.0,0.75812,7.5812,2.9126459420531643,0.0907508046219596,,,Silty clay / clayey silt,,,Clay & silt 4,4,6.14,6.88,-7.46,-8.2
-8.14,6.82,0.704,0.01,1.468,0.135,-0.526,0.278,6.82,852.9,0.7606999999999999,7.606999999999999,2.936805259019164,0.08886551860128829,,,Silty clay / clayey silt,,,Clay & silt 4,4,6.14,6.88,-7.46,-8.2
-8.16,6.84,0.737,0.011,1.593,0.132,-0.526,0.29,6.84,853.8,0.79244,7.9244,2.9381816724391427,0.08126798243400131,,,Silty clay / clayey silt,,,Clay & silt 4,4,6.14,6.88,-7.46,-8.2
-8.18,6.86,0.729,0.011,1.529,0.128,-0.524,0.221,6.86,854.6,0.78276,7.8276,2.93428864449574,0.07690735346721857,,,Silty clay / clayey silt,,,Clay & silt 4,4,6.14,6.88,-7.46,-8.2
-8.2,6.88,0.725,0.01,1.488,0.125,-0.513,0.256,6.88,855.5,0.7775,7.775,2.9312334199863774,0.07331189710610934,,,Silty clay / clayey silt,,,Clay & silt 5,5,6.88,7.4,-8.2,-8.72
-8.22,6.9,0.641,0.009,1.364,0.123,-0.528,0.235,6.9,856.4,0.69266,6.9266000000000005,2.957986896108071,0.07911529466116131,,,Clay & silt,,,Clay & silt 5,5,6.88,7.4,-8.2,-8.72
-8.24,6.92,0.579,0.009,1.46,0.125,-0.544,0.258,6.92,857.3,0.6315,6.315,3.0072145340152563,0.08962787015043547,,,Clay & silt,,,Clay & silt 5,5,6.88,7.4,-8.2,-8.72
-8.26,6.94,0.541,0.009,1.493,0.128,-0.548,0.245,6.94,858.2,0.5947600000000001,5.947600000000001,3.034794248924227,0.09987221736498755,,,Clay & silt,,,Clay & silt 5,5,6.88,7.4,-8.2,-8.72
-8.28,6.96,0.526,0.007,1.211,0.131,-0.553,0.253,6.96,859.0,0.58102,5.8102,3.003262652246508,0.10705311349006923,,,Clay & silt,,,Clay & silt 5,5,6.88,7.4,-8.2,-8.72
-8.3,6.98,0.527,0.006,1.103,0.133,-0.545,0.239,6.98,859.9,0.58286,5.8286,2.9846389463155587,0.10980338331674845,,,Clay & silt,,,Clay & silt 5,5,6.88,7.4,-8.2,-8.72
-8.32,7.0,0.526,0.006,1.079,0.135,-0.552,0.246,7.0,860.7,0.5827,5.827000000000001,2.980718099889461,0.11292260168182597,,,Clay & silt,,,Clay & silt 5,5,6.88,7.4,-8.2,-8.72
-8.34,7.02,0.505,0.006,1.181,0.137,-0.537,0.262,7.02,861.6,0.56254,5.625400000000001,3.0112248798919596,0.12016923241013973,,,Clay & silt,,,Clay & silt 5,5,6.88,7.4,-8.2,-8.72
-8.36,7.04,0.508,0.007,1.284,0.14,-0.568,0.239,7.04,862.5,0.5668,5.667999999999999,3.024043393856834,0.12420606916019762,,,Clay & silt,,,Clay & silt 5,5,6.88,7.4,-8.2,-8.72
-8.379999999999999,7.06,0.519,0.007,1.349,0.142,-0.557,0.243,7.06,863.4,0.57864,5.786400000000001,3.025489093448479,0.12477533526890641,,,Clay & silt,,,Clay & silt 5,5,6.88,7.4,-8.2,-8.72
-8.4,7.08,0.517,0.007,1.271,0.145,-0.548,0.235,7.08,864.3,0.5779,5.779,3.0145353319410555,0.12978023879563938,,,Clay & silt,,,Clay & silt 5,5,6.88,7.4,-8.2,-8.72
-8.42,7.1,0.519,0.007,1.293,0.152,-0.544,0.235,7.1,868.6,0.58284,5.8284,3.014499618898925,0.14034726511564066,,,Clay & silt,,,Clay & silt 5,5,6.88,7.4,-8.2,-8.72
-8.44,7.12,0.523,0.008,1.422,0.159,-0.552,0.252,7.12,874.3,0.58978,5.8978,3.0283869560953725,0.15022550781647395,,,Clay & silt,,,Clay & silt 5,5,6.88,7.4,-8.2,-8.72
-8.459999999999999,7.14,0.526,0.008,1.443,0.164,-0.56,0.268,7.14,879.9,0.5948800000000001,5.948800000000001,3.0279492472123866,0.15700645508337815,,,Clay & silt,,,Clay & silt 5,5,6.88,7.4,-8.2,-8.72
-8.48,7.16,0.536,0.007,1.364,0.167,-0.566,0.192,7.16,880.9,0.60614,6.0614,3.0096156159754717,0.15870920909360875,,,Clay & silt,,,Clay & silt 5,5,6.88,7.4,-8.2,-8.72
-8.5,7.18,0.557,0.009,1.548,0.17,-0.587,0.228,7.18,881.7,0.6284000000000001,6.284000000000001,3.020889948115986,0.1575429662635264,,,Clay & silt,,,Clay & silt 5,5,6.88,7.4,-8.2,-8.72
-8.52,7.2,0.562,0.014,2.458,0.174,-0.588,0.2,7.2,882.6,0.6350800000000001,6.3508000000000004,3.1157307551732436,0.16186937078793223,,,Clay & silt,,,Clay & silt 5,5,6.88,7.4,-8.2,-8.72
-8.54,7.22,0.569,0.02,3.347,0.177,-0.606,0.234,7.22,883.4,0.6433399999999999,6.433399999999999,3.182408244614638,0.16414337675257254,,9.648790276682474,Organic clay,9.648790276682474,-3.2153902766824753,Clay & silt 5,5,6.88,7.4,-8.2,-8.72
-8.56,7.24,0.614,0.025,4.051,0.182,-0.617,0.212,7.24,884.4,0.6904399999999999,6.904399999999999,3.2033548120459305,0.1598980360349922,,10.775452754458431,Organic clay,10.775452754458431,-3.8710527544584323,Clay & silt 5,5,6.88,7.4,-8.2,-8.72
-8.58,7.26,0.683,0.03,4.611,0.176,-0.599,0.218,7.26,885.2,0.75692,7.5692,3.2033897772559663,0.13766316123236272,,11.35079624287813,Organic clay,11.35079624287813,-3.7815962428781305,Clay & silt 5,5,6.88,7.4,-8.2,-8.72
-8.6,7.28,0.717,0.033,5.034,0.171,-0.613,0.208,7.28,886.1,0.78882,7.888199999999999,3.211571741373907,0.12550391724347762,,11.696403779881955,Organic clay,11.696403779881955,-3.8082037798819552,Clay & silt 5,5,6.88,7.4,-8.2,-8.72
-8.62,7.3,0.709,0.035,5.284,0.172,-0.599,0.206,7.3,887.0,0.7812399999999999,7.812399999999999,3.227560124624001,0.12774563514412987,10.937572049877659,11.876298402762867,Peat,10.937572049877659,-3.1251720498776594,Clay & silt 5,5,6.88,7.4,-8.2,-8.72
-8.64,7.32,0.685,0.037,5.433,0.175,-0.62,0.21,7.32,887.9,0.7585000000000001,7.585000000000001,3.2450747786908054,0.1352669742913645,12.686082446081834,11.976589642817153,Peat,12.686082446081834,-5.101082446081833,Clay & silt 5,5,6.88,7.4,-8.2,-8.72
-8.66,7.34,0.668,0.037,5.475,0.177,-0.637,0.208,7.34,888.7,0.74234,7.4234,3.2545558611502226,0.14063636608562113,13.068456243611948,12.004018963180677,Peat,13.068456243611948,-5.645056243611948,Clay & silt 5,5,6.88,7.4,-8.2,-8.72
-8.68,7.36,0.652,0.035,5.209,0.18,-0.629,0.205,7.36,889.6,0.7276,7.276,3.2485752537794337,0.14733369983507422,9.595621207842706,11.82394290366632,Peat,9.595621207842706,-2.3196212078427063,Clay & silt 5,5,6.88,7.4,-8.2,-8.72
-8.7,7.38,0.658,0.033,4.937,0.181,-0.645,0.204,7.38,890.4,0.73402,7.340199999999999,3.231668070172072,0.14713495545080518,,11.622167287794012,Organic clay,11.622167287794012,-4.2819672877940125,Clay & silt 5,5,6.88,7.4,-8.2,-8.72
-8.72,7.4,0.666,0.033,5.028,0.181,-0.632,0.23,7.4,891.3,0.74202,7.4201999999999995,3.232583916068903,0.14527910298913776,,11.691888663073911,Organic clay,11.691888663073911,-4.2716886630739115,Peat 2,2,7.4,8.16,-8.72,-9.48
-8.74,7.42,0.646,0.035,5.349,0.182,-0.629,0.168,7.42,892.2,0.72244,7.224399999999999,3.2579322029769897,0.15032390233098944,11.796856808100273,11.92063851359205,Peat,11.796856808100273,-4.572456808100274,Peat 2,2,7.4,8.16,-8.72,-9.48
-8.76,7.44,0.62,0.037,5.768,0.184,-0.618,0.197,7.44,893.0,0.69728,6.972799999999999,3.2899013267771893,0.15832950894905923,15.097692884799882,12.186122176656852,Peat,15.097692884799882,-8.124892884799882,Peat 2,2,7.4,8.16,-8.72,-9.48
-8.78,7.46,0.637,0.04,6.204,0.184,-0.631,0.173,7.46,894.0,0.71428,7.142799999999999,3.3007562479941317,0.15428123424987403,17.118225358704095,12.431451482068958,Peat,17.118225358704095,-9.975425358704095,Peat 2,2,7.4,8.16,-8.72,-9.48
-8.8,7.48,0.651,0.044,6.6,0.181,-0.633,0.154,7.48,894.9,0.72702,7.2702,3.3111583873386254,0.1471761437099392,18.48158805899537,12.632721323616751,Peat,18.48158805899537,-11.211388058995372,Peat 2,2,7.4,8.16,-8.72,-9.48
-8.82,7.5,0.659,0.048,7.134,0.182,-0.635,0.211,7.5,895.7,0.7354400000000001,7.354400000000001,3.3281641186750646,0.14657891874252146,19.9436299945271,12.87824188715352,Peat,19.9436299945271,-12.589229994527098,Peat 2,2,7.4,8.16,-8.72,-9.48
-8.84,7.52,0.684,0.053,7.645,0.183,-0.621,0.183,7.52,896.6,0.7608600000000001,7.608600000000001,3.335496956462529,0.14273322293194543,21.093003164755928,13.090678865984394,Peat,21.093003164755928,-13.484403164755927,Peat 2,2,7.4,8.16,-8.72,-9.48
-8.86,7.54,0.721,0.056,7.858,0.186,-0.641,0.189,7.54,897.5,0.7991199999999999,7.991199999999999,3.32656370791472,0.13940334367804588,21.521128301052933,13.173750238292769,Peat,21.521128301052933,-13.529928301052934,Peat 2,2,7.4,8.16,-8.72,-9.48
-8.879999999999999,7.56,0.748,0.058,7.964,0.187,-0.647,0.167,7.56,898.3,0.82654,8.265400000000001,3.3189847099429466,0.13574660633484165,21.72499697035888,13.214009259467286,Peat,21.72499697035888,-13.459596970358879,Peat 2,2,7.4,8.16,-8.72,-9.48
-8.9,7.58,0.761,0.059,8.032,0.184,-0.637,0.172,7.58,899.2,0.83828,8.3828,3.3166402890861675,0.13002815288447775,21.852818698229083,13.239474449613283,Peat,21.852818698229083,-13.470018698229083,Peat 2,2,7.4,8.16,-8.72,-9.48
-8.92,7.6,0.76,0.059,7.998,0.181,-0.627,0.169,7.6,900.1,0.83602,8.360199999999999,3.3163609476520293,0.12655199636372338,21.78918902268691,13.226776582237951,Peat,21.78918902268691,-13.42898902268691,Peat 2,2,7.4,8.16,-8.72,-9.48
-8.94,7.62,0.753,0.058,7.812,0.182,-0.638,0.155,7.62,900.9,0.82944,8.2944,3.3124707336305863,0.12852044753086422,21.43082512353293,13.15606018186582,Peat,21.43082512353293,-13.13642512353293,Peat 2,2,7.4,8.16,-8.72,-9.48
-8.959999999999999,7.64,0.745,0.055,7.438,0.185,-0.622,0.159,7.64,901.9,0.8227,8.226999999999999,3.3016632073767047,0.13297678376078767,20.650358606432256,13.00698032061217,Peat,20.650358606432256,-12.423358606432258,Peat 2,2,7.4,8.16,-8.72,-9.48
-8.98,7.66,0.738,0.051,6.997,0.186,-0.66,0.158,7.66,902.7,0.81612,8.161200000000001,3.287625820654833,0.13502916237808166,19.598972515052072,12.817756817576347,Peat,19.598972515052072,-11.437772515052071,Peat 2,2,7.4,8.16,-8.72,-9.48
-9.0,7.68,0.729,0.047,6.477,0.185,-0.644,0.146,7.68,903.5,0.8067,8.067,3.2706153837853655,0.13511838353787034,18.09047441560486,12.572141848913846,Peat,18.09047441560486,-10.02347441560486,Peat 2,2,7.4,8.16,-8.72,-9.48
-9.02,7.7,0.708,0.044,6.152,0.187,-0.659,0.141,7.7,904.5,0.78654,7.865399999999999,3.26543411043317,0.14087014010730545,16.912990545799428,12.4036025819656,Peat,16.912990545799428,-9.047590545799428,Peat 2,2,7.4,8.16,-8.72,-9.48
-9.04,7.72,0.696,0.044,6.059,0.19,-0.667,0.131,7.72,905.3,0.7757999999999999,7.757999999999999,3.2660834032230404,0.14642949213714876,16.52612840948617,12.352894299233698,Peat,16.52612840948617,-8.76812840948617,Peat 2,2,7.4,8.16,-8.72,-9.48
-9.06,7.74,0.697,0.044,6.091,0.192,-0.688,0.136,7.74,906.2,0.77764,7.7764,3.266674066163753,0.14839771616686384,16.662297514445438,12.370475490943106,Peat,16.662297514445438,-8.885897514445439,Peat 2,2,7.4,8.16,-8.72,-9.48
-9.08,7.76,0.716,0.044,6.157,0.193,-0.709,0.09,7.76,907.1,0.79706,7.970599999999999,3.261104537141763,0.14578576267784107,16.93305106088709,12.40629579762055,Peat,16.93305106088709,-8.962451060887092,Peat 2,2,7.4,8.16,-8.72,-9.48
-9.1,7.78,0.741,0.044,6.158,0.189,-0.685,0.124,7.78,907.9,0.82038,8.2038,3.251293102449279,0.13652209951485897,16.937054619757873,12.406834043390834,Peat,16.937054619757873,-8.733254619757874,Peat 2,2,7.4,8.16,-8.72,-9.48
-9.12,7.8,0.739,0.043,6.039,0.187,-0.693,0.128,7.8,908.8,0.81754,8.175400000000002,3.2472482519957997,0.1343053550896592,16.439282900393952,12.34183362455521,Peat,16.439282900393952,-8.26388290039395,Peat 2,2,7.4,8.16,-8.72,-9.48
-9.14,7.82,0.724,0.042,5.901,0.186,-0.701,0.089,7.82,909.7,0.8021199999999999,8.021199999999999,3.2476010440088423,0.1353912132847953,15.798818147503189,12.263941658012563,Peat,15.798818147503189,-7.7776181475031905,Peat 2,2,7.4,8.16,-8.72,-9.48
-9.16,7.84,0.698,0.04,5.693,0.189,-0.705,0.079,7.84,910.6,0.77738,7.7738,3.2488621146095604,0.14330186009416246,14.654808390992887,12.140965701776093,Peat,14.654808390992887,-6.881008390992887,Peat 2,2,7.4,8.16,-8.72,-9.48
-9.18,7.86,0.667,0.038,5.463,0.193,-0.703,0.087,7.86,911.5,0.7480600000000001,7.480600000000001,3.251320185563381,0.15399834237895355,12.962630075292491,11.99621822410015,Peat,12.962630075292491,-5.48203007529249,Peat 2,2,7.4,8.16,-8.72,-9.48
-9.2,7.88,0.651,0.036,5.217,0.196,-0.697,0.111,7.88,912.3,0.73332,7.3332,3.2462432586972487,0.1609120165821197,9.767039330921605,11.829590389417145,Peat,9.767039330921605,-2.4338393309216055,Peat 2,2,7.4,8.16,-8.72,-9.48
-9.22,7.9,0.67,0.035,5.068,0.199,-0.713,0.085,7.9,913.2,0.75358,7.5358,3.2292373862625974,0.1603014942010138,,11.721804651386948,Organic clay,11.721804651386948,-4.186004651386948,Peat 2,2,7.4,8.16,-8.72,-9.48
-9.24,7.92,0.691,0.034,5.083,0.201,-0.728,0.077,7.92,914.0,0.77542,7.7542,3.2200509281551977,0.15810786412524824,,11.732912478148968,Organic clay,11.732912478148968,-3.9787124781489682,Peat 2,2,7.4,8.16,-8.72,-9.48
-9.26,7.94,0.697,0.035,5.176,0.203,-0.717,0.043,7.94,914.9,0.78226,7.8225999999999996,3.2217158874366874,0.15902641065630355,8.768390224517217,11.800484010376675,Peat,8.768390224517217,-0.9457902245172178,Peat 2,2,7.4,8.16,-8.72,-9.48
-9.28,7.96,0.677,0.036,5.284,0.205,-0.698,0.09,7.96,915.8,0.7631000000000001,7.631000000000001,3.2357130916421015,0.1653780631634124,10.937572049877659,11.876298402762867,Peat,10.937572049877659,-3.3065720498776576,Peat 2,2,7.4,8.16,-8.72,-9.48
-9.3,7.98,0.673,0.035,5.086,0.206,-0.694,0.087,7.98,916.7,0.7595200000000001,7.595200000000001,3.227418941605126,0.1672108700231725,,11.735126908655518,Organic clay,11.735126908655518,-4.139926908655517,Peat 2,2,7.4,8.16,-8.72,-9.48
-9.32,8.0,0.686,0.032,4.729,0.208,-0.699,0.088,8.0,917.6,0.77336,7.7336,3.2023278675665883,0.16654598117306302,,11.453270866040954,Organic clay,11.453270866040954,-3.7196708660409543,Peat 2,2,7.4,8.16,-8.72,-9.48
-9.34,8.02,0.692,0.031,4.66,0.211,-0.703,0.095,8.02,918.5,0.78062,7.8062000000000005,3.1952806769556608,0.16858394609413033,,11.39398479088592,Organic clay,11.39398479088592,-3.5877847908859195,Peat 2,2,7.4,8.16,-8.72,-9.48
-9.36,8.04,0.655,0.03,4.598,0.214,-0.718,0.082,8.04,919.3,0.74488,7.4488,3.208305072313953,0.18043174739555365,,11.33918016990981,Organic clay,11.33918016990981,-3.8903801699098093,Peat 2,2,7.4,8.16,-8.72,-9.48
-9.38,8.06,0.628,0.029,4.474,0.208,-0.732,0.096,8.06,920.2,0.71536,7.1536,3.215620428773807,0.17921046745694474,,11.224842785887978,Organic clay,11.224842785887978,-4.071242785887978,Peat 2,2,7.4,8.16,-8.72,-9.48
-9.4,8.08,0.633,0.027,4.242,0.185,-0.732,0.099,8.08,921.0,0.7107,7.107,3.204541138740769,0.14774166314900802,,10.99132072667564,Organic clay,10.99132072667564,-3.8843207266756403,Peat 2,2,7.4,8.16,-8.72,-9.48
-9.42,8.1,0.62,0.025,3.933,0.184,-0.736,0.051,8.1,924.2,0.69728,6.972799999999999,3.192524501657766,0.14886415787058285,,10.628737619055224,Organic clay,10.628737619055224,-3.6559376190552246,Peat 2,2,7.4,8.16,-8.72,-9.48
-9.44,8.12,0.602,0.022,3.633,0.188,-0.741,0.057,8.12,930.0,0.68096,6.8096000000000005,3.181583343709132,0.15801221804511278,,10.193409494968803,Organic clay,10.193409494968803,-3.3838094949688022,Peat 2,2,7.4,8.16,-8.72,-9.48
-9.46,8.14,0.584,0.02,3.301,0.192,-0.746,0.063,8.14,935.9,0.66464,6.6464,3.167283794104102,0.16760953298026,,9.54263682069032,Organic clay,9.54263682069032,-2.8962368206903193,Peat 2,2,7.4,8.16,-8.72,-9.48
-9.48,8.16,0.576,0.017,2.759,0.196,-0.762,0.081,8.16,937.7,0.65832,6.583200000000001,3.1287189538345928,0.1749908858913598,,6.736976407037695,Organic clay,6.736976407037695,-0.1537764070376948,Clay & silt 6,6,8.16,8.98,-9.48,-10.3
-9.5,8.18,0.576,0.014,2.252,0.199,-0.759,0.076,8.18,938.6,0.6595799999999999,6.5958,3.082102242062547,0.17890172534036813,,,Clay & silt,,,Clay & silt 6,6,8.16,8.98,-9.48,-10.3
-9.52,8.2,0.596,0.012,1.963,0.201,-0.739,0.06,8.2,939.4,0.68042,6.804200000000001,3.0403737619309994,0.17606772287704653,,,Clay & silt,,,Clay & silt 6,6,8.16,8.98,-9.48,-10.3
-9.540000000000001,8.22,0.618,0.011,1.797,0.203,-0.75,0.053,8.22,940.3,0.70326,7.0325999999999995,3.0089554579762736,0.17290902368967379,,,Clay & silt,,,Clay & silt 6,6,8.16,8.98,-9.48,-10.3
-9.56,8.24,0.634,0.011,1.714,0.204,-0.795,0.05,8.24,941.2,0.71968,7.1968,2.9901819002020376,0.17007558915073367,,,Clay & silt,,,Clay & silt 6,6,8.16,8.98,-9.48,-10.3
-9.58,8.26,0.641,0.011,1.723,0.204,-0.781,0.03,8.26,942.0,0.72668,7.2668,2.9876172897937825,0.16816205207243906,,,Clay & silt,,,Clay & silt 6,6,8.16,8.98,-9.48,-10.3
-9.6,8.28,0.637,0.011,1.744,0.204,-0.767,0.046,8.28,942.9,0.72268,7.2268,2.9922768786426053,0.1688160735041789,,,Clay & silt,,,Clay & silt 6,6,8.16,8.98,-9.48,-10.3
-9.620000000000001,8.3,0.628,0.011,1.723,0.206,-0.775,0.11,8.3,943.8,0.71452,7.145200000000001,2.994018624418571,0.17326316968034483,,,Clay & silt,,,Clay & silt 6,6,8.16,8.98,-9.48,-10.3
-9.64,8.32,0.619,0.01,1.679,0.207,-0.751,0.044,8.32,944.6,0.70594,7.0594,2.9931638461642547,0.17650225231606084,,,Clay & silt,,,Clay & silt 6,6,8.16,8.98,-9.48,-10.3
-9.66,8.34,0.607,0.01,1.694,0.21,-0.776,0.036,8.34,945.6,0.6952,6.952000000000001,3.0008594024837776,0.1832566168009206,,,Clay & silt,,,Clay & silt 6,6,8.16,8.98,-9.48,-10.3
-9.68,8.36,0.605,0.01,1.665,0.212,-0.761,0.043,8.36,946.4,0.69404,6.9403999999999995,2.9978816597772933,0.18615641749755057,,,Clay & silt,,,Clay & silt 6,6,8.16,8.98,-9.48,-10.3
-9.700000000000001,8.38,0.599,0.01,1.593,0.214,-0.765,0.055,8.38,947.3,0.6888799999999999,6.888799999999999,2.991549088401163,0.19016374404831032,,,Clay & silt,,,Clay & silt 6,6,8.16,8.98,-9.48,-10.3
-9.72,8.4,0.596,0.009,1.523,0.216,-0.776,0.049,8.4,948.2,0.68672,6.8672,2.983524122322622,0.19338303821062441,,,Clay & silt,,,Clay & silt 6,6,8.16,8.98,-9.48,-10.3
-9.74,8.42,0.583,0.009,1.49,0.218,-0.796,0.044,8.42,949.0,0.6745599999999999,6.7456,2.9859236845042676,0.19953747628083493,,,Clay & silt,,,Clay & silt 6,6,8.16,8.98,-9.48,-10.3
-9.76,8.44,0.577,0.009,1.482,0.221,-0.803,0.079,8.44,949.9,0.66982,6.698199999999999,2.9875435121377527,0.20512973634707835,,,Clay & silt,,,Clay & silt 6,6,8.16,8.98,-9.48,-10.3
-9.780000000000001,8.46,0.587,0.008,1.429,0.222,-0.8,0.038,8.46,950.8,0.68024,6.8024000000000004,2.97426704929137,0.20316358932141595,,,Clay & silt,,,Clay & silt 6,6,8.16,8.98,-9.48,-10.3
-9.8,8.48,0.591,0.008,1.399,0.224,-0.81,0.048,8.48,951.7,0.68508,6.8508000000000004,2.9672844463267993,0.20435569568517545,,,Clay & silt,,,Clay & silt 6,6,8.16,8.98,-9.48,-10.3
-9.82,8.5,0.592,0.008,1.351,0.227,-0.811,-0.01,8.5,952.6,0.68734,6.873399999999999,2.9590632230336547,0.207757441731894,,,Clay & silt,,,Clay & silt 6,6,8.16,8.98,-9.48,-10.3
-9.84,8.52,0.585,0.008,1.367,0.229,-0.802,0.036,8.52,953.4,0.68118,6.811800000000001,2.9648770860042046,0.2122786928565137,,,Clay & silt,,,Clay & silt 6,6,8.16,8.98,-9.48,-10.3
-9.86,8.54,0.584,0.008,1.379,0.232,-0.804,0.03,8.54,954.3,0.6814399999999999,6.814399999999999,2.966467409975572,0.2163066447522893,,,Clay & silt,,,Clay & silt 6,6,8.16,8.98,-9.48,-10.3
-9.88,8.56,0.583,0.009,1.44,0.235,-0.811,-0.01,8.56,955.2,0.6817,6.816999999999999,2.974982937609044,0.22033152413084936,,,Clay & silt,,,Clay & silt 6,6,8.16,8.98,-9.48,-10.3
-9.9,8.58,0.588,0.009,1.486,0.238,-0.786,0.016,8.58,956.0,0.68796,6.8796,2.977824698651694,0.22239665096807953,,,Clay & silt,,,Clay & silt 6,6,8.16,8.98,-9.48,-10.3
-9.92,8.6,0.597,0.009,1.516,0.24,-0.821,0.024,8.6,956.9,0.6978,6.978,2.976448772635339,0.22184006878761825,,,Clay & silt,,,Clay & silt 6,6,8.16,8.98,-9.48,-10.3
-9.94,8.62,0.606,0.009,1.53,0.242,-0.811,0.011,8.62,957.8,0.70764,7.076400000000001,2.972968417620798,0.22129896557571646,,,Clay & silt,,,Clay & silt 6,6,8.16,8.98,-9.48,-10.3
-9.96,8.64,0.609,0.009,1.508,0.244,-0.841,0.028,8.64,958.6,0.71148,7.1148,2.9679283111561054,0.22263450834879403,,,Clay & silt,,,Clay & silt 6,6,8.16,8.98,-9.48,-10.3
-9.98,8.66,0.602,0.009,1.539,0.247,-0.856,0.029,8.66,959.5,0.70574,7.0574,2.9752015004640704,0.2284127299005299,,,Clay & silt,,,Clay & silt 6,6,8.16,8.98,-9.48,-10.3
-10.0,8.68,0.598,0.009,1.525,0.249,-0.825,0.015,8.68,960.4,0.70258,7.025799999999999,2.9750447509663056,0.23200204958865897,,,Clay & silt,,,Clay & silt 6,6,8.16,8.98,-9.48,-10.3
-10.02,8.7,0.597,0.009,1.523,0.251,-0.812,0.014,8.7,961.3,0.70242,7.0242,2.974863191465153,0.23461746533413058,,,Clay & silt,,,Clay & silt 6,6,8.16,8.98,-9.48,-10.3
-10.040000000000001,8.72,0.603,0.009,1.467,0.253,-0.833,0.018,8.72,962.2,0.70926,7.0926,2.9635061090732293,0.23489270507289287,,,Clay & silt,,,Clay & silt 6,6,8.16,8.98,-9.48,-10.3
-10.06,8.74,0.601,0.009,1.453,0.255,-0.845,0.012,8.74,963.0,0.7081,7.0809999999999995,2.9621888128261635,0.23781951701737047,,,Clay & silt,,,Clay & silt 6,6,8.16,8.98,-9.48,-10.3
-10.08,8.76,0.603,0.009,1.438,0.258,-0.839,0.005,8.76,963.9,0.71136,7.1136,2.9583230457314573,0.24066576698155642,,,Clay & silt,,,Clay & silt 6,6,8.16,8.98,-9.48,-10.3
-10.1,8.78,0.602,0.009,1.438,0.261,-0.86,-0.012,8.78,964.8,0.71162,7.1162,2.958182604310054,0.2445125207273545,,,Clay & silt,,,Clay & silt 6,6,8.16,8.98,-9.48,-10.3
-10.120000000000001,8.8,0.603,0.009,1.469,0.263,-0.857,0.02,8.8,965.6,0.71346,7.134600000000001,2.9615171716276483,0.24640484399966361,,,Clay & silt,,,Clay & silt 6,6,8.16,8.98,-9.48,-10.3
-10.14,8.82,0.608,0.009,1.485,0.265,-0.85,-0.005,8.82,966.5,0.7193,7.1930000000000005,2.960598175159108,0.24690671486167104,,,Clay & silt,,,Clay & silt 6,6,8.16,8.98,-9.48,-10.3
-10.16,8.84,0.603,0.009,1.433,0.266,-0.869,-0.005,8.84,967.4,0.71472,7.147200000000001,2.9558075685797114,0.24960823819117975,,,Clay & silt,,,Clay & silt 6,6,8.16,8.98,-9.48,-10.3
-10.18,8.86,0.601,0.009,1.414,0.267,-0.853,-0.002,8.86,968.3,0.71314,7.1314,2.9539644088149055,0.2512830580250722,,,Clay & silt,,,Clay & silt 6,6,8.16,8.98,-9.48,-10.3
-10.200000000000001,8.88,0.599,0.009,1.403,0.269,-0.878,-0.001,8.88,969.2,0.71198,7.119799999999999,2.953019052497,0.25422062417483643,,,Clay & silt,,,Clay & silt 6,6,8.16,8.98,-9.48,-10.3
-10.22,8.9,0.603,0.009,1.498,0.271,-0.892,-0.01,8.9,970.0,0.71682,7.168200000000001,2.9637026660597923,0.25501520604893835,,,Clay & silt,,,Clay & silt 6,6,8.16,8.98,-9.48,-10.3
-10.24,8.92,0.613,0.009,1.464,0.272,-0.854,0.012,8.92,970.9,0.72724,7.2724,2.953484212359123,0.25246136076123427,,,Clay & silt,,,Clay & silt 6,6,8.16,8.98,-9.48,-10.3
-10.26,8.94,0.619,0.009,1.499,0.273,-0.884,0.011,8.94,971.8,0.73366,7.3366,2.954946584801525,0.2513425837581441,,,Clay & silt,,,Clay & silt 6,6,8.16,8.98,-9.48,-10.3
-10.280000000000001,8.96,0.63,0.01,1.536,0.269,-0.86,-0.031,8.96,972.6,0.74298,7.4298,2.955140633735688,0.24253681121968287,,,Clay & silt,,,Clay & silt 6,6,8.16,8.98,-9.48,-10.3
-10.3,8.98,0.629,0.01,1.613,0.27,-0.899,-0.033,8.98,973.5,0.7424000000000001,7.424000000000001,2.965606663947691,0.2438038793103448,,,Clay & silt,,,Silty clay / clayey silt 2,2,8.98,9.98,-10.3,-11.3
-10.32,9.0,0.644,0.01,1.549,0.27,-0.891,-0.005,9.0,974.4,0.7574000000000001,7.574000000000001,2.949549185533016,0.23871138104040135,,,Silty clay / clayey silt,,,Silty clay / clayey silt 2,2,8.98,9.98,-10.3,-11.3
-10.34,9.02,0.647,0.01,1.502,0.267,-0.893,0.001,9.02,975.3,0.75914,7.5914,2.942298368485243,0.23394894222409574,,,Silty clay / clayey silt,,,Silty clay / clayey silt 2,2,8.98,9.98,-10.3,-11.3
-10.36,9.04,0.652,0.01,1.528,0.262,-0.902,0.0,9.04,976.2,0.76204,7.620400000000001,2.9443881309070474,0.22623484331531152,,,Silty clay / clayey silt,,,Silty clay / clayey silt 2,2,8.98,9.98,-10.3,-11.3
-10.38,9.06,0.661,0.01,1.554,0.26,-0.912,-0.009,9.06,977.0,0.7702,7.702000000000001,2.9438293715210038,0.22098156323032975,,,Silty clay / clayey silt,,,Silty clay / clayey silt 2,2,8.98,9.98,-10.3,-11.3
-10.4,9.08,0.702,0.01,1.419,0.252,-0.904,-0.041,9.08,977.9,0.80784,8.0784,2.9068259387209103,0.20053475935828877,,,Silty clay / clayey silt,,,Silty clay / clayey silt 2,2,8.98,9.98,-10.3,-11.3
-10.42,9.1,0.761,0.01,1.472,0.232,-0.918,-0.028,9.1,978.8,0.85844,8.584399999999999,2.891203093469492,0.16518335585480642,,,Silty clay / clayey silt,,,Silty clay / clayey silt 2,2,8.98,9.98,-10.3,-11.3
-10.44,9.12,0.777,0.011,1.489,0.214,-0.93,-0.027,9.12,984.0,0.86688,8.6688,2.8898767013505138,0.14258028792912514,,,Silty clay / clayey silt,,,Silty clay / clayey silt 2,2,8.98,9.98,-10.3,-11.3
-10.46,9.14,0.78,0.012,1.624,0.196,-0.927,-0.046,9.14,991.0,0.86232,8.623199999999999,2.910225547064324,0.12222840708785601,,,Silty clay / clayey silt,,,Silty clay / clayey silt 2,2,8.98,9.98,-10.3,-11.3
-10.48,9.16,0.797,0.014,1.803,0.19,-0.93,-0.007,9.16,994.5,0.8768,8.768,2.926567111868753,0.11313868613138686,,,Silty clay / clayey silt,,,Silty clay / clayey silt 2,2,8.98,9.98,-10.3,-11.3
-10.5,9.18,0.808,0.014,1.73,0.187,-0.94,-0.045,9.18,995.3,0.8865400000000001,8.865400000000001,2.913400783627222,0.10828614614117806,,,Silty clay / clayey silt,,,Silty clay / clayey silt 2,2,8.98,9.98,-10.3,-11.3
-10.52,9.2,0.835,0.015,1.854,0.182,-0.949,-0.045,9.2,996.2,0.91144,9.1144,2.9182076105622365,0.09962257526551392,,,Silty clay / clayey silt,,,Silty clay / clayey silt 2,2,8.98,9.98,-10.3,-11.3
-10.540000000000001,9.22,0.85,0.015,1.862,0.179,-0.923,-0.075,9.22,997.1,0.92518,9.2518,2.9135755522607787,0.09468427765407812,,,Silty clay / clayey silt,,,Silty clay / clayey silt 2,2,8.98,9.98,-10.3,-11.3
-10.56,9.24,0.854,0.016,1.881,0.173,-0.966,-0.055,9.24,997.9,0.92666,9.2666,2.9152367437769438,0.08784235857811927,,,Silty clay / clayey silt,,,Silty clay / clayey silt 2,2,8.98,9.98,-10.3,-11.3
-10.58,9.26,0.843,0.016,1.91,0.169,-0.97,-0.032,9.26,998.8,0.91398,9.139800000000001,2.9237817720877923,0.0844657432328935,,,Silty clay / clayey silt,,,Silty clay / clayey silt 2,2,8.98,9.98,-10.3,-11.3
-10.6,9.28,0.809,0.015,1.783,0.168,-0.945,-0.045,9.28,999.6,0.8795600000000001,8.795600000000002,2.922947346003405,0.08640683978352812,,,Silty clay / clayey silt,,,Silty clay / clayey silt 2,2,8.98,9.98,-10.3,-11.3
-10.620000000000001,9.3,0.792,0.015,1.778,0.168,-0.954,-0.041,9.3,1000.5,0.86256,8.625599999999999,2.9296626371891907,0.08787794472268597,,,Silty clay / clayey silt,,,Silty clay / clayey silt 2,2,8.98,9.98,-10.3,-11.3
-10.64,9.32,0.787,0.014,1.751,0.169,-0.974,-0.036,9.32,1001.4,0.8579800000000001,8.5798,2.9283364631245905,0.08927947038392502,,,Silty clay / clayey silt,,,Silty clay / clayey silt 2,2,8.98,9.98,-10.3,-11.3
-10.66,9.34,0.795,0.012,1.461,0.17,-0.954,-0.022,9.34,1002.3,0.8664000000000001,8.664000000000001,2.8861230225482535,0.08933518005540166,,,Silty clay / clayey silt,,,Silty clay / clayey silt 2,2,8.98,9.98,-10.3,-11.3
-10.68,9.36,0.82,0.011,1.245,0.171,-0.965,-0.012,9.36,1003.2,0.89182,8.918199999999999,2.8423007183127456,0.08768585589020207,,,Silty clay / clayey silt,,,Silty clay / clayey silt 2,2,8.98,9.98,-10.3,-11.3
-10.700000000000001,9.38,0.88,0.012,1.273,0.171,-0.996,-0.036,9.38,1004.0,0.95182,9.5182,2.821784781585752,0.08194826752957492,,,Silty clay / clayey silt,,,Silty clay / clayey silt 2,2,8.98,9.98,-10.3,-11.3
-10.72,9.4,1.007,0.014,1.433,0.17,-0.963,-0.035,9.4,1004.9,1.0783999999999998,10.783999999999999,2.7989454253090127,0.0712166172106825,,,Silty clay / clayey silt,,,Silty clay / clayey silt 2,2,8.98,9.98,-10.3,-11.3
-10.74,9.42,1.124,0.015,1.504,0.157,-0.987,-0.055,9.42,1005.8,1.1899400000000002,11.899400000000004,2.772329658748869,0.053448073012084624,,,Silty clay / clayey silt,,,Silty clay / clayey silt 2,2,8.98,9.98,-10.3,-11.3
-10.76,9.44,1.1,0.015,1.486,0.15,-0.999,-0.014,9.44,1006.6,1.163,11.63,2.778300429042383,0.04849527085124678,,,Silty clay / clayey silt,,,Silty clay / clayey silt 2,2,8.98,9.98,-10.3,-11.3
-10.780000000000001,9.46,0.999,0.016,1.525,0.15,-0.98,-0.061,9.46,1007.5,1.062,10.62,2.818101068422178,0.05291902071563087,,,Silty clay / clayey silt,,,Silty clay / clayey silt 2,2,8.98,9.98,-10.3,-11.3
-10.8,9.48,0.91,0.015,1.365,0.152,-0.999,-0.002,9.48,1008.3,0.97384,9.7384,2.827417240074367,0.05955803828144254,,,Silty clay / clayey silt,,,Silty clay / clayey silt 2,2,8.98,9.98,-10.3,-11.3
-10.82,9.5,0.949,0.014,1.258,0.155,-1.013,-0.048,9.5,1009.2,1.0141,10.141,2.7950769048130786,0.05995463958189527,,,Silty clay / clayey silt,,,Silty clay / clayey silt 2,2,8.98,9.98,-10.3,-11.3
-10.84,9.52,1.099,0.015,1.254,0.156,-1.019,-0.016,9.52,1010.1,1.16452,11.645199999999999,2.7416086286183887,0.05289733108920414,,,Silty clay / clayey silt,,,Silty clay / clayey silt 2,2,8.98,9.98,-10.3,-11.3
-10.86,9.54,1.329,0.014,1.026,0.145,-1.024,-0.035,9.54,1011.0,1.3899,13.899,2.6326278429745553,0.03626160155406864,,,Silty clay / clayey silt,,,Silty clay / clayey silt 2,2,8.98,9.98,-10.3,-11.3
-10.88,9.56,1.495,0.014,0.908,0.127,-1.023,-0.04,9.56,1011.9,1.54834,15.483400000000001,2.566494847718329,0.02079646589250422,,,Sand mixtures,,,Silty clay / clayey silt 2,2,8.98,9.98,-10.3,-11.3
-10.9,9.58,1.797,0.014,0.839,0.114,-0.97,-0.074,9.58,1012.7,1.8448799999999999,18.4488,2.4831326865145127,0.010298772819912407,,,Sand mixtures,,,Silty clay / clayey silt 2,2,8.98,9.98,-10.3,-11.3
-10.92,9.6,2.031,0.016,0.883,0.107,-0.966,-0.068,9.6,1013.6,2.07594,20.7594,2.4482541722576787,0.0056841719895565435,,,Sand mixtures,,,Silty clay / clayey silt 2,2,8.98,9.98,-10.3,-11.3
-10.94,9.62,2.181,0.018,0.96,0.088,-0.967,-0.088,9.62,1014.4,2.21796,22.1796,2.440702513974911,-0.003336399213691857,,,Sand mixtures,,,Silty clay / clayey silt 2,2,8.98,9.98,-10.3,-11.3
-10.96,9.64,2.132,0.023,1.205,0.075,-0.989,-0.074,9.64,1015.3,2.1635,21.635,2.5000244718470306,-0.009521608504737697,,,Sand mixtures,,,Silty clay / clayey silt 2,2,8.98,9.98,-10.3,-11.3
-10.98,9.66,1.942,0.024,1.316,0.075,-0.991,-0.07,9.66,1016.2,1.9735,19.735,2.554055573889192,-0.01053965036736762,,,Sand mixtures,,,Silty clay / clayey silt 2,2,8.98,9.98,-10.3,-11.3
-11.0,9.68,1.679,0.022,1.227,0.077,-0.985,-0.067,9.68,1017.1,1.71134,17.113400000000002,2.5914742116785803,-0.011102410976194093,,,Sand mixtures,,,Silty clay / clayey silt 2,2,8.98,9.98,-10.3,-11.3
-11.02,9.7,1.548,0.022,1.305,0.079,-0.987,-0.079,9.7,1017.9,1.58118,15.8118,2.63465013204391,-0.010877951909333529,,,Silty clay / clayey silt,,,Silty clay / clayey silt 2,2,8.98,9.98,-10.3,-11.3
-11.040000000000001,9.72,1.473,0.021,1.284,0.083,-0.995,-0.052,9.72,1018.8,1.50786,15.0786,2.648904346034516,-0.008886766675951353,,,Silty clay / clayey silt,,,Silty clay / clayey silt 2,2,8.98,9.98,-10.3,-11.3
-11.06,9.74,1.467,0.018,1.084,0.085,-1.014,-0.08,9.74,1019.7,1.5027000000000001,15.027000000000001,2.614102754297097,-0.007719438344313565,,,Silty clay / clayey silt,,,Silty clay / clayey silt 2,2,8.98,9.98,-10.3,-11.3
-11.08,9.76,1.489,0.012,0.736,0.087,-1.008,-0.111,9.76,1020.5,1.5255400000000001,15.255400000000002,2.531745449084534,-0.00642395479633441,,,Sand mixtures,,,Silty clay / clayey silt 2,2,8.98,9.98,-10.3,-11.3
-11.1,9.78,1.63,0.011,0.616,0.088,-1.019,-0.101,9.78,1021.4,1.66696,16.6696,2.4643647490680634,-0.005399049767240966,,,Sand mixtures,,,Silty clay / clayey silt 2,2,8.98,9.98,-10.3,-11.3
-11.120000000000001,9.8,2.032,0.012,0.695,0.09,-1.008,-0.087,9.8,1022.3,2.0698,20.697999999999997,2.4016319988759034,-0.003478596965890426,,,Sand mixtures,,,Silty clay / clayey silt 2,2,8.98,9.98,-10.3,-11.3
-11.14,9.82,2.182,0.018,1.016,0.083,-1.007,-0.09,9.82,1023.1,2.21686,22.1686,2.4531115098664302,-0.006495674061510427,,,Sand mixtures,,,Silty clay / clayey silt 2,2,8.98,9.98,-10.3,-11.3
-11.16,9.84,1.915,0.018,1.057,0.076,-1.019,-0.086,9.84,1024.0,1.94692,19.4692,2.510570702989706,-0.011094446613111989,,,Sand mixtures,,,Silty clay / clayey silt 2,2,8.98,9.98,-10.3,-11.3
-11.18,9.86,1.536,0.016,0.91,0.079,-1.027,-0.032,9.86,1024.9,1.56918,15.6918,2.5617773088937668,-0.0119807797703259,,,Sand mixtures,,,Silty clay / clayey silt 2,2,8.98,9.98,-10.3,-11.3
-11.200000000000001,9.88,1.462,0.016,0.867,0.084,-1.019,-0.051,9.88,1025.7,1.49728,14.9728,2.570338974536703,-0.009350288523188716,,,Sand mixtures,,,Silty clay / clayey silt 2,2,8.98,9.98,-10.3,-11.3
-11.22,9.9,1.56,0.018,0.883,0.089,-1.02,-0.062,9.9,1026.6,1.59738,15.9738,2.5489022259098375,-0.005759431068374465,,,Sand mixtures,,,Silty clay / clayey silt 2,2,8.98,9.98,-10.3,-11.3
-11.24,9.92,1.861,0.02,0.869,0.091,-1.039,-0.068,9.92,1027.5,1.89922,18.992199999999997,2.4790460196204482,-0.003896336390728829,,,Sand mixtures,,,Silty clay / clayey silt 2,2,8.98,9.98,-10.3,-11.3
-11.26,9.94,2.496,0.021,0.788,0.091,-1.025,-0.073,9.94,1028.4,2.53422,25.3422,2.348537867053695,-0.002998950367371418,,,Sand mixtures,,,Silty clay / clayey silt 2,2,8.98,9.98,-10.3,-11.3
-11.280000000000001,9.96,3.348,0.02,0.64,0.09,-1.028,-0.078,9.96,1029.2,3.3857999999999997,33.858,2.1949851040921717,-0.0025990903183885678,,,Sand mixtures,,,Silty clay / clayey silt 2,2,8.98,9.98,-10.3,-11.3
-11.3,9.98,4.071,0.019,0.524,0.084,-1.027,-0.072,9.98,1030.1,4.10628,41.062799999999996,2.080655309449642,-0.0036529413483737108,,,Sand mixtures,,,Sand 2,2,9.98,10.74,-11.3,-12.06
-11.32,10.0,4.555,0.02,0.498,0.073,-1.027,-0.052,10.0,1031.0,4.58566,45.8566,2.0278897729257177,-0.005713463274643127,,,Sand,,,Sand 2,2,9.98,10.74,-11.3,-12.06
-11.34,10.02,4.881,0.024,0.539,0.073,-1.053,-0.089,10.02,1031.8,4.91166,49.116600000000005,2.017312557093524,-0.005374964879490842,,,Sand,,,Sand 2,2,9.98,10.74,-11.3,-12.06
-11.36,10.04,5.013,0.025,0.538,0.073,-1.052,-0.069,10.04,1032.8,5.04366,50.4366,2.0067820844045845,-0.005273947887050276,,,Sand,,,Sand 2,2,9.98,10.74,-11.3,-12.06
-11.38,10.06,5.112,0.024,0.504,0.074,-1.026,-0.058,10.06,1033.7,5.14308,51.4308,1.9859943721421258,-0.0050164492871975575,,,Sand,,,Sand 2,2,9.98,10.74,-11.3,-12.06
-11.4,10.08,5.26,0.024,0.47,0.076,-0.999,-0.101,10.08,1034.5,5.29192,52.919200000000004,1.9610469648298536,-0.004535215951866242,,,Sand,,,Sand 2,2,9.98,10.74,-11.3,-12.06
-11.42,10.1,5.335,0.023,0.453,0.077,-1.024,-0.121,10.1,1035.4,5.3673399999999996,53.673399999999994,1.948329136769621,-0.004322439048020061,,,Sand,,,Sand 2,2,9.98,10.74,-11.3,-12.06
-11.44,10.12,5.34,0.025,0.48,0.079,-1.023,-0.103,10.12,1037.3,5.37318,53.73179999999999,1.9593444275675334,-0.003982743924454419,,,Sand,,,Sand 2,2,9.98,10.74,-11.3,-12.06
-11.46,10.14,5.375,0.027,0.499,0.081,-1.034,-0.098,10.14,1042.1,5.40902,54.090199999999996,1.9646031797268528,-0.0036235769141175315,,,Sand,,,Sand 2,2,9.98,10.74,-11.3,-12.06
-11.48,10.16,5.411,0.027,0.504,0.083,-1.045,-0.094,10.16,1046.9,5.44586,54.4586,1.9640273858662214,-0.0032685379352388783,,,Sand,,,Sand 2,2,9.98,10.74,-11.3,-12.06
-11.5,10.18,5.446,0.027,0.494,0.085,-1.056,-0.089,10.18,1051.7,5.4817,54.817,1.9574348777072499,-0.0029188025612492475,,,Sand,,,Sand 2,2,9.98,10.74,-11.3,-12.06
-11.52,10.2,5.461,0.028,0.508,0.086,-1.076,-0.123,10.2,1052.8,5.497120000000001,54.97120000000001,1.9620539695142605,-0.0027650842623046226,,,Sand,,,Sand 2,2,9.98,10.74,-11.3,-12.06
-11.540000000000001,10.22,5.499,0.031,0.558,0.086,-1.032,-0.085,10.22,1053.7,5.53512,55.3512,1.9790078049564512,-0.00278223417017156,,,Sand,,,Sand 2,2,9.98,10.74,-11.3,-12.06
-11.56,10.24,5.594,0.032,0.579,0.087,-1.061,-0.1,10.24,1054.5,5.63054,56.3054,1.9804457318260542,-0.002593001736955957,,,Sand,,,Sand 2,2,9.98,10.74,-11.3,-12.06
-11.58,10.26,5.663,0.033,0.593,0.087,-1.069,-0.143,10.26,1055.4,5.69954,56.9954,1.981035788405018,-0.002596700786379251,,,Sand,,,Sand 2,2,9.98,10.74,-11.3,-12.06
-11.6,10.28,5.714,0.034,0.607,0.088,-1.081,-0.122,10.28,1056.3,5.75096,57.5096,1.9827696867786422,-0.002434376173717084,,,Sand,,,Sand 2,2,9.98,10.74,-11.3,-12.06
-11.620000000000001,10.3,5.754,0.036,0.63,0.089,-1.063,-0.096,10.3,1057.1,5.791379999999999,57.913799999999995,1.988378294893481,-0.002279249505299256,,,Sand,,,Sand 2,2,9.98,10.74,-11.3,-12.06
-11.64,10.32,5.762,0.037,0.662,0.09,-1.097,-0.124,10.32,1058.0,5.799799999999999,57.99799999999999,1.9989558480779814,-0.002138004758784787,,,Sand,,,Sand 2,2,9.98,10.74,-11.3,-12.06
-11.66,10.34,5.62,0.038,0.685,0.09,-1.076,-0.124,10.34,1059.0,5.6578,56.578,2.015882406863454,-0.0022270140337233542,,,Sand,,,Sand 2,2,9.98,10.74,-11.3,-12.06
-11.68,10.36,5.446,0.038,0.699,0.091,-1.099,-0.119,10.36,1059.7,5.48422,54.84219999999999,2.0320125484511915,-0.0021516277611036754,,,Sand,,,Sand 2,2,9.98,10.74,-11.3,-12.06
-11.700000000000001,10.38,5.225,0.037,0.692,0.092,-1.08,-0.125,10.38,1060.7,5.26364,52.636399999999995,2.044951090041109,-0.0020898085735346645,,,Sand,,,Sand 2,2,9.98,10.74,-11.3,-12.06
-11.72,10.4,5.063,0.036,0.678,0.092,-1.111,-0.09,10.4,1061.4,5.10164,51.0164,2.0520113513596154,-0.0021953724684611233,,,Sand mixtures,,,Sand 2,2,9.98,10.74,-11.3,-12.06
-11.74,10.42,5.009,0.035,0.669,0.092,-1.109,-0.103,10.42,1062.4,5.04764,50.476400000000005,2.0530203273284724,-0.0022584811912101507,,,Sand mixtures,,,Sand 2,2,9.98,10.74,-11.3,-12.06
-11.76,10.44,5.115,0.035,0.669,0.093,-1.121,-0.131,10.44,1063.3,5.15406,51.540600000000005,2.045227188732798,-0.0020566310830684924,,,Sand,,,Sand 2,2,9.98,10.74,-11.3,-12.06
-11.780000000000001,10.46,5.244,0.033,0.642,0.092,-1.132,-0.121,10.46,1064.1,5.28264,52.82639999999999,2.0269084359996947,-0.0022337316190389677,,,Sand,,,Sand 2,2,9.98,10.74,-11.3,-12.06
-11.8,10.48,5.262,0.032,0.626,0.089,-1.133,-0.134,10.48,1065.0,5.299379999999999,52.99379999999999,2.020186503222737,-0.0028305197966554583,,,Sand,,,Sand 2,2,9.98,10.74,-11.3,-12.06
-11.82,10.5,5.158,0.032,0.626,0.09,-1.135,-0.134,10.5,1065.8,5.1958,51.958,2.0275992668159923,-0.0027329766349744027,,,Sand,,,Sand 2,2,9.98,10.74,-11.3,-12.06
-11.84,10.52,5.013,0.032,0.64,0.091,-1.13,-0.123,10.52,1066.7,5.05122,50.5122,2.0430208094845312,-0.0026528244661685675,,,Sand,,,Sand 2,2,9.98,10.74,-11.3,-12.06
-11.86,10.54,4.875,0.033,0.647,0.092,-1.125,-0.125,10.54,1067.6,4.91364,49.1364,2.0557649997777854,-0.0025642904242069004,,,Sand mixtures,,,Sand 2,2,9.98,10.74,-11.3,-12.06
-11.88,10.56,4.83,0.032,0.646,0.093,-1.125,-0.115,10.56,1068.5,4.86906,48.6906,2.0588542733811086,-0.002423465720282767,,,Sand mixtures,,,Sand 2,2,9.98,10.74,-11.3,-12.06
-11.9,10.58,4.911,0.032,0.63,0.094,-1.139,-0.106,10.58,1069.4,4.95048,49.504799999999996,2.0471766725417337,-0.002222006754900535,,,Sand,,,Sand 2,2,9.98,10.74,-11.3,-12.06
-11.92,10.6,5.059,0.031,0.608,0.094,-1.124,-0.113,10.6,1070.2,5.09848,50.98480000000001,2.0284076542758203,-0.0021967331439958554,,,Sand,,,Sand 2,2,9.98,10.74,-11.3,-12.06
-11.94,10.62,5.195,0.03,0.577,0.095,-1.13,-0.13,10.62,1071.1,5.2349000000000006,52.349000000000004,2.0072438324939146,-0.0019866664119658427,,,Sand,,,Sand 2,2,9.98,10.74,-11.3,-12.06
-11.96,10.64,5.256,0.029,0.568,0.095,-1.143,-0.143,10.64,1071.9,5.2959000000000005,52.959,1.9995201887911032,-0.00200154836760513,,,Sand,,,Sand 2,2,9.98,10.74,-11.3,-12.06
-11.98,10.66,5.32,0.031,0.588,0.094,-1.154,-0.133,10.66,1072.8,5.3594800000000005,53.594800000000006,2.002378941427707,-0.0022017061356698776,,,Sand,,,Sand 2,2,9.98,10.74,-11.3,-12.06
-12.0,10.68,5.364,0.031,0.595,0.094,-1.146,-0.154,10.68,1073.7,5.40348,54.034800000000004,2.0018409514102684,-0.0022207910457705034,,,Sand,,,Sand 2,2,9.98,10.74,-11.3,-12.06
-12.02,10.7,5.365,0.033,0.616,0.095,-1.141,-0.14,10.7,1074.5,5.4049000000000005,54.04900000000001,2.0092685031194923,-0.0020721937501156336,,,Sand,,,Sand 2,2,9.98,10.74,-11.3,-12.06
-12.040000000000001,10.72,5.284,0.033,0.633,0.096,-1.125,-0.158,10.72,1075.5,5.32432,53.243199999999995,2.0208612658014453,-0.0019533010788232124,,,Sand,,,Sand 2,2,9.98,10.74,-11.3,-12.06
-12.06,10.74,5.234,0.035,0.665,0.096,-1.158,-0.178,10.74,1076.3,5.27432,52.74320000000001,2.0352884349274065,-0.0020097377481836506,,,Sand,,,Sand mixtures 1,1,10.74,11.36,-12.06,-12.68
-12.08,10.76,5.178,0.036,0.698,0.096,-1.146,-0.166,10.76,1077.2,5.21832,52.18320000000001,2.0501065780002627,-0.002069631605574207,,,Sand mixtures,,,Sand mixtures 1,1,10.74,11.36,-12.06,-12.68
-12.1,10.78,5.03,0.036,0.715,0.096,-1.168,-0.15,10.78,1078.1,5.070320000000001,50.70320000000001,2.0662123845710796,-0.0021694883163192852,,,Sand mixtures,,,Sand mixtures 1,1,10.74,11.36,-12.06,-12.68
-12.120000000000001,10.8,4.819,0.035,0.716,0.096,-1.147,-0.185,10.8,1078.9,4.85932,48.5932,2.082316247454192,-0.002304849238165011,,,Sand mixtures,,,Sand mixtures 1,1,10.74,11.36,-12.06,-12.68
-12.14,10.82,4.692,0.034,0.709,0.097,-1.166,-0.162,10.82,1079.8,4.732740000000001,47.327400000000004,2.0899531029650773,-0.0021974585546638953,,,Sand mixtures,,,Sand mixtures 1,1,10.74,11.36,-12.06,-12.68
-12.16,10.84,4.744,0.037,0.799,0.096,-1.179,-0.19,10.84,1080.6,4.78432,47.843199999999996,2.113020330512757,-0.0024245869841482163,,,Sand mixtures,,,Sand mixtures 1,1,10.74,11.36,-12.06,-12.68
-12.18,10.86,4.792,0.042,0.938,0.093,-1.185,-0.179,10.86,1081.5,4.83106,48.310599999999994,2.1473220636504946,-0.003063509871539579,,,Sand mixtures,,,Sand mixtures 1,1,10.74,11.36,-12.06,-12.68
-12.200000000000001,10.88,4.448,0.043,0.993,0.09,-1.204,-0.159,10.88,1082.4,4.4858,44.858000000000004,2.1878463379873168,-0.004012662178429711,,,Sand mixtures,,,Sand mixtures 1,1,10.74,11.36,-12.06,-12.68
-12.22,10.9,3.994,0.039,0.905,0.091,-1.188,-0.17,10.9,1083.3,4.032220000000001,40.32220000000001,2.2046988993293897,-0.004265640267644127,,,Sand mixtures,,,Sand mixtures 1,1,10.74,11.36,-12.06,-12.68
-12.24,10.92,3.731,0.036,0.833,0.093,-1.202,-0.155,10.92,1084.1,3.77006,37.7006,2.2106532799304652,-0.004084815626276507,,,Sand mixtures,,,Sand mixtures 1,1,10.74,11.36,-12.06,-12.68
-12.26,10.94,4.037,0.035,0.799,0.098,-1.22,-0.176,10.94,1085.0,4.07816,40.7816,2.1720921798560875,-0.002599211409066833,,,Sand mixtures,,,Sand mixtures 1,1,10.74,11.36,-12.06,-12.68
-12.280000000000001,10.96,4.492,0.035,0.798,0.098,-1.229,-0.111,10.96,1085.9,4.53316,45.3316,2.1326114618127385,-0.002382444034624856,,,Sand mixtures,,,Sand mixtures 1,1,10.74,11.36,-12.06,-12.68
-12.3,10.98,4.751,0.034,0.785,0.093,-1.239,-0.178,10.98,1086.7,4.79006,47.900600000000004,2.108509865906922,-0.0033402504352763847,,,Sand mixtures,,,Sand mixtures 1,1,10.74,11.36,-12.06,-12.68
-12.32,11.0,4.73,0.035,0.793,0.087,-1.235,-0.166,11.0,1087.6,4.76654,47.6654,2.1126542760677745,-0.0046574664221846465,,,Sand mixtures,,,Sand mixtures 1,1,10.74,11.36,-12.06,-12.68
-12.34,11.02,4.669,0.034,0.773,0.087,-1.223,-0.143,11.02,1088.4,4.705539999999999,47.05539999999999,2.111557365956586,-0.00476034631519443,,,Sand mixtures,,,Sand mixtures 1,1,10.74,11.36,-12.06,-12.68
-12.36,11.04,4.372,0.031,0.724,0.088,-1.22,-0.141,11.04,1089.4,4.4089599999999995,44.08959999999999,2.1210572440724387,-0.0048991145304108,,,Sand mixtures,,,Sand mixtures 1,1,10.74,11.36,-12.06,-12.68
-12.38,11.06,4.0,0.028,0.68,0.09,-1.238,-0.17,11.06,1090.2,4.0378,40.378,2.140497886965297,-0.004903660409133689,,,Sand mixtures,,,Sand mixtures 1,1,10.74,11.36,-12.06,-12.68
-12.4,11.08,3.64,0.028,0.694,0.093,-1.27,-0.213,11.08,1091.1,3.67906,36.790600000000005,2.180069263020905,-0.004620745516517806,,,Sand mixtures,,,Sand mixtures 1,1,10.74,11.36,-12.06,-12.68
-12.42,11.1,3.486,0.027,0.708,0.095,-1.246,-0.209,11.1,1091.9,3.5259,35.259,2.200423109441378,-0.004310956067954278,,,Sand mixtures,,,Sand mixtures 1,1,10.74,11.36,-12.06,-12.68
-12.44,11.12,3.446,0.026,0.719,0.09,-1.268,-0.221,11.12,1094.8,3.4838,34.838,2.2082400027757414,-0.005855674837820768,,,Sand mixtures,,,Sand mixtures 1,1,10.74,11.36,-12.06,-12.68
-12.46,11.14,3.379,0.026,0.746,0.081,-1.274,-0.206,11.14,1101.3,3.41302,34.1302,2.2238501128606205,-0.008672671124107098,,,Sand mixtures,,,Sand mixtures 1,1,10.74,11.36,-12.06,-12.68
-12.48,11.16,3.325,0.026,0.789,0.073,-1.28,-0.198,11.16,1107.6,3.3556600000000003,33.5566,2.2422890996915297,-0.011264550043806582,,,Sand mixtures,,,Sand mixtures 1,1,10.74,11.36,-12.06,-12.68
-12.5,11.18,3.391,0.028,0.893,0.069,-1.261,-0.202,11.18,1108.4,3.41998,34.1998,2.2624981526104126,-0.012280773571775273,,,Sand mixtures,,,Sand mixtures 1,1,10.74,11.36,-12.06,-12.68
-12.52,11.2,3.194,0.031,1.0,0.072,-1.244,-0.216,11.2,1109.3,3.22424,32.242399999999996,2.3100145488589376,-0.012157903878123214,,,Sand mixtures,,,Sand mixtures 1,1,10.74,11.36,-12.06,-12.68
-12.540000000000001,11.22,2.963,0.029,0.935,0.075,-1.277,-0.194,11.22,1110.1,2.9945,29.945,2.3222349191885656,-0.012155618634162634,,,Sand mixtures,,,Sand mixtures 1,1,10.74,11.36,-12.06,-12.68
-12.56,11.24,2.878,0.026,0.837,0.078,-1.268,-0.241,11.24,1111.1,2.9107600000000002,29.1076,2.30864284872018,-0.011543376987453446,,,Sand mixtures,,,Sand mixtures 1,1,10.74,11.36,-12.06,-12.68
-12.58,11.26,2.966,0.025,0.846,0.081,-1.259,-0.24,11.26,1111.9,3.00002,30.0002,2.2995679819190795,-0.010266598222678515,,,Sand mixtures,,,Sand mixtures 1,1,10.74,11.36,-12.06,-12.68
-12.6,11.28,3.074,0.026,0.906,0.082,-1.259,-0.261,11.28,1112.8,3.10844,31.084400000000002,2.301297243282169,-0.009651143338780867,,,Sand mixtures,,,Sand mixtures 1,1,10.74,11.36,-12.06,-12.68
-12.620000000000001,11.3,2.988,0.028,0.989,0.081,-1.301,-0.23,11.3,1113.6,3.02202,30.2202,2.3314413407490386,-0.010324220223559078,,,Sand mixtures,,,Sand mixtures 1,1,10.74,11.36,-12.06,-12.68
-12.64,11.32,2.827,0.03,1.114,0.082,-1.309,-0.22,11.32,1114.5,2.86144,28.6144,2.378831537359635,-0.010624021471706555,,,Sand mixtures,,,Sand mixtures 1,1,10.74,11.36,-12.06,-12.68
-12.66,11.34,2.524,0.033,1.297,0.083,-1.287,-0.239,11.34,1115.4,2.55886,25.5886,2.455276178140086,-0.011567651219683762,,,Sand mixtures,,,Sand mixtures 1,1,10.74,11.36,-12.06,-12.68
-12.68,11.36,2.209,0.037,1.624,0.085,-1.304,-0.271,11.36,1116.2,2.2447,22.447,2.5565731940424783,-0.01238472847151067,,,Sand mixtures,,,Silty clay / clayey silt 3,3,11.36,12.42,-12.68,-13.74
-12.700000000000001,11.38,1.955,0.041,1.974,0.087,-1.299,-0.255,11.38,1117.1,1.99154,19.9154,2.6473944231486572,-0.013055223595810276,,,Silty clay / clayey silt,,,Silty clay / clayey silt 3,3,11.36,12.42,-12.68,-13.74
-12.72,11.4,1.752,0.039,2.084,0.09,-1.3,-0.216,11.4,1117.9,1.7898,17.898,2.6989186806378638,-0.012962342161135324,,,Silty clay / clayey silt,,,Silty clay / clayey silt 3,3,11.36,12.42,-12.68,-13.74
-12.74,11.42,1.564,0.036,2.112,0.095,-1.307,-0.255,11.42,1118.8,1.6039,16.039,2.7414414469551494,-0.0114720369100318,,,Silty clay / clayey silt,,,Silty clay / clayey silt 3,3,11.36,12.42,-12.68,-13.74
-12.76,11.44,1.38,0.032,2.015,0.102,-1.305,-0.24,11.44,1119.7,1.4228399999999999,14.228399999999999,2.773297720118926,-0.008152708667172694,,,Silty clay / clayey silt,,,Silty clay / clayey silt 3,3,11.36,12.42,-12.68,-13.74
-12.780000000000001,11.46,1.252,0.028,1.814,0.104,-1.289,-0.25,11.46,1120.6,1.29568,12.956799999999998,2.782837589336693,-0.007563595949617199,,,Silty clay / clayey silt,,,Silty clay / clayey silt 3,3,11.36,12.42,-12.68,-13.74
-12.8,11.48,1.309,0.026,1.717,0.106,-1.278,-0.235,11.48,1121.4,1.35352,13.5352,2.7541067638466172,-0.005910514805839589,,,Silty clay / clayey silt,,,Silty clay / clayey silt 3,3,11.36,12.42,-12.68,-13.74
-12.82,11.5,1.525,0.026,1.764,0.105,-1.312,-0.276,11.5,1122.3,1.5691,15.690999999999999,2.706156532583909,-0.005863233700847622,,,Silty clay / clayey silt,,,Silty clay / clayey silt 3,3,11.36,12.42,-12.68,-13.74
-12.84,11.52,1.671,0.024,1.644,0.101,-1.321,-0.27,11.52,1123.1,1.71342,17.1342,2.6574647654001007,-0.007820616077785945,,,Silty clay / clayey silt,,,Silty clay / clayey silt 3,3,11.36,12.42,-12.68,-13.74
-12.86,11.54,1.591,0.025,1.702,0.099,-1.326,-0.265,11.54,1124.0,1.63258,16.3258,2.68326280528804,-0.009555427605385337,,,Silty clay / clayey silt,,,Silty clay / clayey silt 3,3,11.36,12.42,-12.68,-13.74
-12.88,11.56,1.527,0.029,2.002,0.102,-1.308,-0.254,11.56,1124.8,1.56984,15.6984,2.7361627563471163,-0.008153697192070538,,,Silty clay / clayey silt,,,Silty clay / clayey silt 3,3,11.36,12.42,-12.68,-13.74
-12.9,11.58,1.406,0.03,2.158,0.106,-1.292,-0.235,11.58,1125.7,1.45052,14.5052,2.7828292453111865,-0.0062046714281774815,,,Silty clay / clayey silt,,,Silty clay / clayey silt 3,3,11.36,12.42,-12.68,-13.74
-12.92,11.6,1.279,0.03,2.224,0.109,-1.292,-0.217,11.6,1126.6,1.3247799999999998,13.247799999999998,2.8228248860607597,-0.00468002234333247,,,Silty clay / clayey silt,,,Silty clay / clayey silt 3,3,11.36,12.42,-12.68,-13.74
-12.94,11.62,1.188,0.031,2.496,0.112,-1.335,-0.227,11.62,1127.5,1.23504,12.3504,2.8760878269584733,-0.002752947272962812,,,Silty clay / clayey silt,,,Silty clay / clayey silt 3,3,11.36,12.42,-12.68,-13.74
-12.96,11.64,1.11,0.028,2.387,0.116,-1.3,-0.227,11.64,1128.3,1.1587200000000002,11.587200000000003,2.8882644955566317,0.0003452085059375789,,,Silty clay / clayey silt,,,Silty clay / clayey silt 3,3,11.36,12.42,-12.68,-13.74
-12.98,11.66,1.088,0.026,2.363,0.122,-1.291,-0.245,11.66,1129.2,1.13924,11.3924,2.8919807578435384,0.0054422246409887316,,,Silty clay / clayey silt,,,Silty clay / clayey silt 3,3,11.36,12.42,-12.68,-13.74
-13.0,11.68,1.04,0.026,2.506,0.125,-1.316,-0.239,11.68,1130.1,1.0925,10.925,2.9212452755989196,0.008237986270022883,,,Silty clay / clayey silt,,,Silty clay / clayey silt 3,3,11.36,12.42,-12.68,-13.74
-13.02,11.7,0.967,0.025,2.569,0.13,-1.311,-0.236,11.7,1130.9,1.0216,10.216000000000001,2.9514859989751225,0.013508222396241202,,,Clay & silt,,,Silty clay / clayey silt 3,3,11.36,12.42,-12.68,-13.74
-13.040000000000001,11.72,0.899,0.023,2.514,0.135,-1.299,-0.244,11.72,1131.8,0.9557,9.557,2.9705356796666114,0.01946217432248613,,,Clay & silt,,,Silty clay / clayey silt 3,3,11.36,12.42,-12.68,-13.74
-13.06,11.74,0.839,0.019,2.187,0.137,-1.284,-0.241,11.74,1132.6,0.89654,8.965399999999999,2.961517126123715,0.022754143708033112,,,Clay & silt,,,Silty clay / clayey silt 3,3,11.36,12.42,-12.68,-13.74
-13.08,11.76,0.754,0.017,2.046,0.144,-1.305,-0.212,11.76,1133.5,0.81448,8.1448,2.982073950806819,0.033395540713093017,,,Clay & silt,,,Silty clay / clayey silt 3,3,11.36,12.42,-12.68,-13.74
-13.1,11.78,0.742,0.015,1.887,0.152,-1.311,-0.218,11.78,1134.4,0.80584,8.0584,2.9681903047884526,0.04343293954134816,,,Clay & silt,,,Silty clay / clayey silt 3,3,11.36,12.42,-12.68,-13.74
-13.120000000000001,11.8,0.755,0.013,1.715,0.158,-1.303,-0.23,11.8,1135.3,0.82136,8.2136,2.940287898415748,0.049673711892471016,,,Silty clay / clayey silt,,,Silty clay / clayey silt 3,3,11.36,12.42,-12.68,-13.74
-13.14,11.82,0.742,0.011,1.458,0.164,-1.33,-0.229,11.82,1136.1,0.81088,8.1088,2.9109668907225212,0.057468429360694545,,,Silty clay / clayey silt,,,Silty clay / clayey silt 3,3,11.36,12.42,-12.68,-13.74
-13.16,11.84,0.739,0.008,1.054,0.169,-1.317,-0.225,11.84,1137.0,0.80998,8.0998,2.8471155085873674,0.06345835699646905,,,Silty clay / clayey silt,,,Silty clay / clayey silt 3,3,11.36,12.42,-12.68,-13.74
-13.18,11.86,0.732,0.006,0.678,0.174,-1.311,-0.21,11.86,1137.8,0.80508,8.0508,2.7712822499169856,0.06980672728176082,,,Silty clay / clayey silt,,,Silty clay / clayey silt 3,3,11.36,12.42,-12.68,-13.74
-13.200000000000001,11.88,0.731,0.005,0.475,0.18,-1.285,-0.224,11.88,1138.7,0.8066,8.066,2.7156547134296387,0.07686585668237045,,,Silty clay / clayey silt,,,Silty clay / clayey silt 3,3,11.36,12.42,-12.68,-13.74
-13.22,11.9,0.772,0.007,0.425,0.186,-1.317,-0.207,11.9,1139.6,0.85012,8.5012,2.678433209986856,0.07975344657224862,,,Silty clay / clayey silt,,,Silty clay / clayey silt 3,3,11.36,12.42,-12.68,-13.74
-13.24,11.92,1.3,0.01,0.475,0.192,-1.272,-0.161,11.92,1140.4,1.38064,13.806400000000002,2.496514476494862,0.05330861049947849,,,Sand mixtures,,,Silty clay / clayey silt 3,3,11.36,12.42,-12.68,-13.74
-13.26,11.94,2.743,0.014,0.54,0.192,-1.251,-0.189,11.94,1141.3,2.8236399999999997,28.2364,2.232528802414565,0.025994815203071217,,,Sand mixtures,,,Silty clay / clayey silt 3,3,11.36,12.42,-12.68,-13.74
-13.280000000000001,11.96,4.042,0.022,0.712,0.124,-1.245,-0.166,11.96,1142.3,4.09408,40.940799999999996,2.1451798196417324,0.0012701266218539914,,,Sand mixtures,,,Silty clay / clayey silt 3,3,11.36,12.42,-12.68,-13.74
-13.3,11.98,4.499,0.033,0.932,0.102,-1.271,-0.206,11.98,1143.1,4.54184,45.41839999999999,2.1681417499204207,-0.0037429764148450857,,,Sand mixtures,,,Silty clay / clayey silt 3,3,11.36,12.42,-12.68,-13.74
-13.32,12.0,4.624,0.039,1.007,0.101,-1.274,-0.218,12.0,1144.0,4.66642,46.664199999999994,2.177030167274604,-0.0039002061537538424,,,Sand mixtures,,,Silty clay / clayey silt 3,3,11.36,12.42,-12.68,-13.74
-13.34,12.02,4.453,0.037,0.846,0.102,-1.264,-0.211,12.02,1144.8,4.49584,44.958400000000005,2.149101013885445,-0.0038702444926865705,,,Sand mixtures,,,Silty clay / clayey silt 3,3,11.36,12.42,-12.68,-13.74
-13.36,12.04,4.184,0.033,0.706,0.102,-1.269,-0.205,12.04,1145.7,4.22684,42.2684,2.1313425785074562,-0.004163867096932932,,,Sand mixtures,,,Silty clay / clayey silt 3,3,11.36,12.42,-12.68,-13.74
-13.38,12.06,4.308,0.028,0.591,0.105,-1.286,-0.251,12.06,1146.5,4.3521,43.521,2.08252480813024,-0.003400657154017603,,,Sand mixtures,,,Silty clay / clayey silt 3,3,11.36,12.42,-12.68,-13.74
-13.4,12.08,5.097,0.024,0.476,0.109,-1.34,-0.244,12.08,1147.4,5.14278,51.4278,1.97460955779046,-0.0021389209727034797,,,Sand,,,Silty clay / clayey silt 3,3,11.36,12.42,-12.68,-13.74
-13.42,12.1,6.237,0.024,0.474,0.106,-1.307,-0.238,12.1,1148.3,6.28152,62.815200000000004,1.8967831526132704,-0.0022605993453813705,,,Sand,,,Silty clay / clayey silt 3,3,11.36,12.42,-12.68,-13.74
-13.44,12.12,6.602,0.028,0.519,0.1,-1.311,-0.243,12.12,1150.5,6.644,66.44,1.8944725207257818,-0.0030704394942805526,,,Sand,,,Silty clay / clayey silt 3,3,11.36,12.42,-12.68,-13.74
-13.46,12.14,6.447,0.03,0.52,0.1,-1.315,-0.224,12.14,1155.9,6.489,64.89,1.903805870300002,-0.003174603174603176,,,Sand,,,Silty clay / clayey silt 3,3,11.36,12.42,-12.68,-13.74
-13.48,12.16,6.292,0.03,0.513,0.1,-1.32,-0.205,12.16,1161.3,6.334,63.34,1.9100828284618427,-0.003283864856330912,,,Sand,,,Silty clay / clayey silt 3,3,11.36,12.42,-12.68,-13.74
-13.5,12.18,6.088,0.031,0.547,0.1,-1.315,-0.251,12.18,1164.9,6.13,61.3,1.9361505551540337,-0.003425774877650897,,,Sand,,,Silty clay / clayey silt 3,3,11.36,12.42,-12.68,-13.74
-13.52,12.2,5.678,0.031,0.588,0.102,-1.337,-0.268,12.2,1165.7,5.72084,57.208400000000005,1.9777920579309278,-0.003356150495381795,,,Sand,,,Silty clay / clayey silt 3,3,11.36,12.42,-12.68,-13.74
-13.540000000000001,12.22,5.126,0.035,0.702,0.103,-1.309,-0.236,12.22,1166.6,5.16926,51.6926,2.0549011423759627,-0.003559503681377993,,,Sand mixtures,,,Silty clay / clayey silt 3,3,11.36,12.42,-12.68,-13.74
-13.56,12.24,4.531,0.041,0.856,0.104,-1.317,-0.215,12.24,1167.4,4.57468,45.7468,2.1454580164453163,-0.0038472636337405007,,,Sand mixtures,,,Silty clay / clayey silt 3,3,11.36,12.42,-12.68,-13.74
-13.58,12.26,3.991,0.043,1.008,0.106,-1.307,-0.215,12.26,1168.3,4.03552,40.355199999999996,2.229736830386204,-0.003915232733328046,,,Sand mixtures,,,Silty clay / clayey silt 3,3,11.36,12.42,-12.68,-13.74
-13.6,12.28,3.669,0.044,1.148,0.107,-1.316,-0.228,12.28,1169.1,3.71394,37.1394,2.29104314835203,-0.004038837461025219,,,Sand mixtures,,,Silty clay / clayey silt 3,3,11.36,12.42,-12.68,-13.74
-13.620000000000001,12.3,3.475,0.05,1.443,0.109,-1.308,-0.24,12.3,1170.1,3.5207800000000002,35.2078,2.3667897196873056,-0.003749169218184607,,,Sand mixtures,,,Silty clay / clayey silt 3,3,11.36,12.42,-12.68,-13.74
-13.64,12.32,3.019,0.049,1.566,0.11,-1.342,-0.229,12.32,1170.9,3.0652,30.651999999999997,2.4364054143004488,-0.004045413023619994,,,Sand mixtures,,,Silty clay / clayey silt 3,3,11.36,12.42,-12.68,-13.74
-13.66,12.34,2.546,0.043,1.428,0.108,-1.334,-0.239,12.34,1171.8,2.59136,25.913599999999995,2.473652311109529,-0.005634107186959741,,,Sand mixtures,,,Silty clay / clayey silt 3,3,11.36,12.42,-12.68,-13.74
-13.68,12.36,2.358,0.038,1.24,0.101,-1.328,-0.213,12.36,1172.6,2.40042,24.0042,2.4681928523892864,-0.009081744028128409,,,Sand mixtures,,,Silty clay / clayey silt 3,3,11.36,12.42,-12.68,-13.74
-13.700000000000001,12.38,2.269,0.031,0.969,0.098,-1.327,-0.244,12.38,1173.5,2.31016,23.101600000000005,2.4273361586513365,-0.01082176126328912,,,Sand mixtures,,,Silty clay / clayey silt 3,3,11.36,12.42,-12.68,-13.74
-13.72,12.4,3.134,0.028,0.8,0.101,-1.347,-0.194,12.4,1174.3,3.17642,31.764199999999995,2.265965459212044,-0.006989000195188296,,,Sand mixtures,,,Silty clay / clayey silt 3,3,11.36,12.42,-12.68,-13.74
-13.74,12.42,3.984,0.027,0.698,0.085,-1.367,-0.213,12.42,1175.2,4.0197,40.197,2.14779461923115,-0.00955295171281439,,,Sand mixtures,,,Sand 3,3,12.42,12.72,-13.74,-14.040000000000001
-13.76,12.44,4.888,0.027,0.612,0.079,-1.351,-0.178,12.44,1176.1,4.92118,49.2118,2.043180407254418,-0.009062867035954792,,,Sand,,,Sand 3,3,12.42,12.72,-13.74,-14.040000000000001
-13.780000000000001,12.46,5.348,0.026,0.528,0.073,-1.365,-0.191,12.46,1176.9,5.37866,53.7866,1.9783359991374734,-0.009444731587421405,,,Sand,,,Sand 3,3,12.42,12.72,-13.74,-14.040000000000001
-13.8,12.48,5.865,0.028,0.51,0.078,-1.349,-0.199,12.48,1177.8,5.89776,58.9776,1.9359883208528805,-0.00779957136268685,,,Sand,,,Sand 3,3,12.42,12.72,-13.74,-14.040000000000001
-13.82,12.5,6.19,0.03,0.519,0.083,-1.353,-0.2,12.5,1178.7,6.2248600000000005,62.2486,1.9191351238739844,-0.006618622748142127,,,Sand,,,Sand 3,3,12.42,12.72,-13.74,-14.040000000000001
-13.84,12.52,6.374,0.035,0.603,0.088,-1.352,-0.212,12.52,1179.6,6.410959999999999,64.10959999999999,1.9407368727896235,-0.005677776807217639,,,Sand,,,Sand 3,3,12.42,12.72,-13.74,-14.040000000000001
-13.86,12.54,6.16,0.038,0.652,0.093,-1.341,-0.229,12.54,1180.5,6.19906,61.9906,1.9708522717042798,-0.005097547047455581,,,Sand,,,Sand 3,3,12.42,12.72,-13.74,-14.040000000000001
-13.88,12.56,5.721,0.039,0.665,0.097,-1.358,-0.222,12.56,1181.3,5.7617400000000005,57.6174,2.0024194826285173,-0.0048249313575413,,,Sand,,,Sand 3,3,12.42,12.72,-13.74,-14.040000000000001
-13.9,12.58,5.32,0.041,0.69,0.1,-1.355,-0.202,12.58,1182.2,5.362,53.62,2.0374259624755173,-0.004662439388287952,,,Sand,,,Sand 3,3,12.42,12.72,-13.74,-14.040000000000001
-13.92,12.6,5.251,0.043,0.705,0.104,-1.353,-0.192,12.6,1183.0,5.2946800000000005,52.9468,2.046974284746096,-0.004004019128634778,,,Sand,,,Sand 3,3,12.42,12.72,-13.74,-14.040000000000001
-13.94,12.62,6.002,0.043,0.702,0.11,-1.352,-0.159,12.62,1183.9,6.0482,60.482,1.9969179038835463,-0.00254621209616084,,,Sand,,,Sand 3,3,12.42,12.72,-13.74,-14.040000000000001
-13.96,12.64,6.975,0.044,0.703,0.112,-1.383,-0.21,12.64,1184.9,7.02204,70.2204,1.9427467886950756,-0.0019367591184328214,,,Sand,,,Sand 3,3,12.42,12.72,-13.74,-14.040000000000001
-13.98,12.66,7.172,0.046,0.721,0.105,-1.377,-0.181,12.66,1185.7,7.2161,72.161,1.938946396338116,-0.002882443425118831,,,Sand,,,Sand 3,3,12.42,12.72,-13.74,-14.040000000000001
-14.0,12.68,6.93,0.047,0.739,0.098,-1.421,-0.211,12.68,1186.6,6.971159999999999,69.71159999999999,1.9573663866254707,-0.004016548178495402,,,Sand,,,Sand 3,3,12.42,12.72,-13.74,-14.040000000000001
-14.02,12.7,6.524,0.046,0.743,0.1,-1.381,-0.207,12.7,1187.4,6.566,65.66,1.9803209281099352,-0.003990252817544926,,,Sand,,,Sand 3,3,12.42,12.72,-13.74,-14.040000000000001
-14.040000000000001,12.72,5.94,0.044,0.756,0.104,-1.393,-0.187,12.72,1188.3,5.9836800000000006,59.836800000000004,2.018193813652198,-0.003743515696026526,,,Sand,,,Sand mixtures 2,2,12.72,13.58,-14.040000000000001,-14.9
-14.06,12.74,5.252,0.048,0.875,0.107,-1.395,-0.212,12.74,1189.1,5.29694,52.96940000000001,2.097305707046154,-0.0037002495780582736,,,Sand mixtures,,,Sand mixtures 2,2,12.72,13.58,-14.040000000000001,-14.9
-14.08,12.76,4.549,0.052,1.03,0.11,-1.395,-0.228,12.76,1190.0,4.5952,45.952,2.188070140325331,-0.003655988857938718,,,Sand mixtures,,,Sand mixtures 2,2,12.72,13.58,-14.040000000000001,-14.9
-14.1,12.78,4.067,0.053,1.132,0.113,-1.409,-0.214,12.78,1190.8,4.11446,41.1446,2.2508352978613244,-0.0034026336384361494,,,Sand mixtures,,,Sand mixtures 2,2,12.72,13.58,-14.040000000000001,-14.9
-14.120000000000001,12.8,3.999,0.054,1.215,0.116,-1.405,-0.243,12.8,1191.7,4.04772,40.477199999999996,2.274182078324005,-0.0027669898115482306,,,Sand mixtures,,,Sand mixtures 2,2,12.72,13.58,-14.040000000000001,-14.9
-14.14,12.82,4.183,0.053,1.27,0.117,-1.421,-0.209,12.82,1192.5,4.23214,42.321400000000004,2.2695213658525777,-0.0024573856252392418,,,Sand mixtures,,,Sand mixtures 2,2,12.72,13.58,-14.040000000000001,-14.9
-14.16,12.84,4.205,0.05,1.236,0.118,-1.418,-0.247,12.84,1193.5,4.25456,42.54559999999999,2.260798234595819,-0.00225640254221353,,,Sand mixtures,,,Sand mixtures 2,2,12.72,13.58,-14.040000000000001,-14.9
-14.18,12.86,4.037,0.045,1.141,0.112,-1.433,-0.227,12.86,1194.3,4.08404,40.8404,2.255438993593194,-0.0038687182299879525,,,Sand mixtures,,,Sand mixtures 2,2,12.72,13.58,-14.040000000000001,-14.9
-14.200000000000001,12.88,3.843,0.041,1.033,0.102,-1.451,-0.229,12.88,1195.2,3.88584,38.8584,2.249297799398989,-0.006690959998352994,,,Sand mixtures,,,Sand mixtures 2,2,12.72,13.58,-14.040000000000001,-14.9
-14.22,12.9,3.771,0.037,0.945,0.104,-1.471,-0.202,12.9,1196.0,3.81468,38.146800000000006,2.2350945550567882,-0.00634391351306007,,,Sand mixtures,,,Sand mixtures 2,2,12.72,13.58,-14.040000000000001,-14.9
-14.24,12.92,3.811,0.035,0.889,0.11,-1.474,-0.241,12.92,1196.9,3.8571999999999997,38.571999999999996,2.2169262299834083,-0.004770299699263716,,,Sand mixtures,,,Sand mixtures 2,2,12.72,13.58,-14.040000000000001,-14.9
-14.26,12.94,3.867,0.034,0.889,0.115,-1.472,-0.258,12.94,1197.7,3.9153000000000002,39.153,2.2114118579235384,-0.0034735524736290947,,,Sand mixtures,,,Sand mixtures 2,2,12.72,13.58,-14.040000000000001,-14.9
-14.280000000000001,12.96,3.974,0.036,0.988,0.119,-1.472,-0.263,12.96,1198.6,4.02398,40.2398,2.2260151321260224,-0.002435399778328921,,,Sand mixtures,,,Sand mixtures 2,2,12.72,13.58,-14.040000000000001,-14.9
-14.3,12.98,3.738,0.038,1.06,0.117,-1.482,-0.234,12.98,1199.5,3.78714,37.8714,2.2647897492906393,-0.003168618007256135,,,Sand mixtures,,,Sand mixtures 2,2,12.72,13.58,-14.040000000000001,-14.9
-14.32,13.0,3.271,0.036,1.057,0.112,-1.469,-0.245,13.0,1200.4,3.31804,33.1804,2.3123116234458547,-0.005183783197309251,,,Sand mixtures,,,Sand mixtures 2,2,12.72,13.58,-14.040000000000001,-14.9
-14.34,13.02,3.071,0.036,1.099,0.114,-1.464,-0.263,13.02,1201.2,3.1188800000000003,31.1888,2.344076887487953,-0.00493766993279639,,,Sand mixtures,,,Sand mixtures 2,2,12.72,13.58,-14.040000000000001,-14.9
-14.36,13.04,3.055,0.034,1.097,0.119,-1.474,-0.26,13.04,1202.1,3.1049800000000003,31.049800000000005,2.345287211983236,-0.0034138706207447367,,,Sand mixtures,,,Sand mixtures 2,2,12.72,13.58,-14.040000000000001,-14.9
-14.38,13.06,2.949,0.032,1.076,0.12,-1.478,-0.283,13.06,1202.9,2.9993999999999996,29.993999999999996,2.353496525748604,-0.003267320130692809,,,Sand mixtures,,,Sand mixtures 2,2,12.72,13.58,-14.040000000000001,-14.9
-14.4,13.08,2.53,0.03,1.055,0.118,-1.474,-0.229,13.08,1203.8,2.57956,25.7956,2.4047683995790545,-0.004651956147560049,,,Sand mixtures,,,Sand mixtures 2,2,12.72,13.58,-14.040000000000001,-14.9
-14.42,13.1,2.318,0.027,1.012,0.12,-1.496,-0.244,13.1,1204.6,2.3684000000000003,23.684,2.42742166003131,-0.004306704948488426,,,Sand mixtures,,,Sand mixtures 2,2,12.72,13.58,-14.040000000000001,-14.9
-14.44,13.12,2.269,0.025,0.943,0.119,-1.49,-0.277,13.12,1205.5,2.3189800000000003,23.189800000000005,2.420048117143647,-0.004915954428239991,,,Sand mixtures,,,Sand mixtures 2,2,12.72,13.58,-14.040000000000001,-14.9
-14.46,13.14,2.588,0.027,0.982,0.106,-1.495,-0.269,13.14,1210.8,2.63252,26.3252,2.3812161833241556,-0.009344658350173975,,,Sand mixtures,,,Sand mixtures 2,2,12.72,13.58,-14.040000000000001,-14.9
-14.48,13.16,2.909,0.027,0.979,0.093,-1.5,-0.261,13.16,1216.1,2.94806,29.4806,2.3383433599409087,-0.012821991411300995,,,Sand mixtures,,,Sand mixtures 2,2,12.72,13.58,-14.040000000000001,-14.9
-14.5,13.18,3.2,0.026,0.913,0.088,-1.506,-0.254,13.18,1221.1,3.2369600000000003,32.369600000000005,2.2879189083382623,-0.013284069003015172,,,Sand mixtures,,,Sand mixtures 2,2,12.72,13.58,-14.040000000000001,-14.9
-14.52,13.2,3.122,0.024,0.788,0.09,-1.516,-0.254,13.2,1221.9,3.1597999999999997,31.598,2.264701328404835,-0.013038799924045823,,,Sand mixtures,,,Sand mixtures 2,2,12.72,13.58,-14.040000000000001,-14.9
-14.540000000000001,13.22,2.962,0.024,0.753,0.095,-1.513,-0.284,13.22,1222.8,3.0019,30.019000000000002,2.274517320353738,-0.01212565375262334,,,Sand mixtures,,,Sand mixtures 2,2,12.72,13.58,-14.040000000000001,-14.9
-14.56,13.24,3.009,0.023,0.746,0.101,-1.513,-0.312,13.24,1223.6,3.05142,30.514199999999995,2.2663363605355094,-0.010028118056511394,,,Sand mixtures,,,Sand mixtures 2,2,12.72,13.58,-14.040000000000001,-14.9
-14.58,13.26,3.409,0.026,0.818,0.105,-1.516,-0.322,13.26,1224.5,3.4530999999999996,34.53099999999999,2.2394074917181794,-0.007761142162115205,,,Sand mixtures,,,Sand mixtures 2,2,12.72,13.58,-14.040000000000001,-14.9
-14.6,13.28,3.563,0.03,0.96,0.105,-1.534,-0.28,13.28,1225.3,3.6071,36.071,2.2592963366202237,-0.0074852374483657235,,,Sand mixtures,,,Sand mixtures 2,2,12.72,13.58,-14.040000000000001,-14.9
-14.620000000000001,13.3,3.323,0.031,1.027,0.094,-1.506,-0.285,13.3,1226.2,3.36248,33.6248,2.3007253727698744,-0.01136066236825201,,,Sand mixtures,,,Sand mixtures 2,2,12.72,13.58,-14.040000000000001,-14.9
-14.64,13.32,2.957,0.032,1.075,0.094,-1.541,-0.277,13.32,1227.0,2.99648,29.9648,2.3536400152555967,-0.012815036309269544,,,Sand mixtures,,,Sand mixtures 2,2,12.72,13.58,-14.040000000000001,-14.9
-14.66,13.34,2.662,0.031,1.094,0.099,-1.528,-0.28,13.34,1227.9,2.70358,27.0358,2.395582672230589,-0.012427965882274612,,,Sand mixtures,,,Sand mixtures 2,2,12.72,13.58,-14.040000000000001,-14.9
-14.68,13.36,2.449,0.035,1.305,0.106,-1.536,-0.288,13.36,1228.8,2.4935199999999997,24.935199999999995,2.4661630872949303,-0.010747858449100062,,,Sand mixtures,,,Sand mixtures 2,2,12.72,13.58,-14.040000000000001,-14.9
-14.700000000000001,13.38,2.45,0.041,1.689,0.113,-1.539,-0.295,13.38,1229.7,2.4974600000000002,24.9746,2.5280217362888875,-0.00800813626644671,,,Sand mixtures,,,Sand mixtures 2,2,12.72,13.58,-14.040000000000001,-14.9
-14.72,13.4,2.347,0.041,1.837,0.119,-1.523,-0.294,13.4,1230.5,2.39698,23.9698,2.5636073929351357,-0.005924121185825492,,,Sand mixtures,,,Sand mixtures 2,2,12.72,13.58,-14.040000000000001,-14.9
-14.74,13.42,2.033,0.038,1.787,0.122,-1.531,-0.289,13.42,1231.4,2.08424,20.842399999999998,2.6065641334062293,-0.005469619621540709,,,Silty clay / clayey silt,,,Sand mixtures 2,2,12.72,13.58,-14.040000000000001,-14.9
-14.76,13.44,1.808,0.035,1.662,0.126,-1.536,-0.31,13.44,1232.2,1.8609200000000001,18.6092,2.629945990554002,-0.0040840014616426255,,,Silty clay / clayey silt,,,Sand mixtures 2,2,12.72,13.58,-14.040000000000001,-14.9
-14.780000000000001,13.46,1.691,0.032,1.576,0.13,-1.54,-0.275,13.46,1233.1,1.7456,17.456000000000003,2.6407756226472854,-0.002176901924839603,,,Silty clay / clayey silt,,,Sand mixtures 2,2,12.72,13.58,-14.040000000000001,-14.9
-14.8,13.48,1.885,0.033,1.599,0.133,-1.542,-0.263,13.48,1233.9,1.94086,19.4086,2.6054737989851255,-0.0005152355141535195,,,Silty clay / clayey silt,,,Sand mixtures 2,2,12.72,13.58,-14.040000000000001,-14.9
-14.82,13.5,2.136,0.034,1.662,0.134,-1.57,-0.277,13.5,1234.8,2.1922800000000002,21.922800000000002,2.5707005823324325,-9.122922254456028e-05,,,Sand mixtures,,,Sand mixtures 2,2,12.72,13.58,-14.040000000000001,-14.9
-14.84,13.52,2.293,0.033,1.598,0.129,-1.575,-0.301,13.52,1235.7,2.3471800000000003,23.4718,2.536587524571314,-0.002300633100145709,,,Sand mixtures,,,Sand mixtures 2,2,12.72,13.58,-14.040000000000001,-14.9
-14.86,13.54,2.288,0.033,1.554,0.128,-1.6,-0.301,13.54,1236.6,2.34176,23.417599999999997,2.5306355259244255,-0.0028183930035528813,,,Sand mixtures,,,Sand mixtures 2,2,12.72,13.58,-14.040000000000001,-14.9
-14.88,13.56,2.201,0.033,1.561,0.13,-1.579,-0.321,13.56,1237.4,2.2556000000000003,22.556000000000004,2.5452479571359286,-0.0021280368859726948,,,Sand mixtures,,,Sand mixtures 2,2,12.72,13.58,-14.040000000000001,-14.9
-14.9,13.58,2.045,0.034,1.603,0.136,-1.589,-0.301,13.58,1238.3,2.1021199999999998,21.0212,2.5771137610511725,0.0004757102353814245,,,Sand mixtures,,,Silty clay / clayey silt 4,4,13.58,15.6,-14.9,-16.919999999999998
-14.92,13.6,1.967,0.035,1.739,0.138,-1.594,-0.266,13.6,1239.1,2.02496,20.2496,2.6102813358293924,0.001382743362831864,,,Silty clay / clayey silt,,,Silty clay / clayey silt 4,4,13.58,15.6,-14.9,-16.919999999999998
-14.94,13.62,1.911,0.035,1.792,0.14,-1.599,-0.319,13.62,1240.0,1.9698,19.698,2.6275204914190433,0.0023352624631942445,,,Silty clay / clayey silt,,,Silty clay / clayey silt 4,4,13.58,15.6,-14.9,-16.919999999999998
-14.96,13.64,1.871,0.036,1.889,0.145,-1.586,-0.316,13.64,1240.8,1.9319,19.319,2.64738232104057,0.004865676277240026,,,Silty clay / clayey silt,,,Silty clay / clayey silt 4,4,13.58,15.6,-14.9,-16.919999999999998
-14.98,13.66,1.886,0.039,2.155,0.145,-1.595,-0.321,13.66,1241.7,1.9468999999999999,19.468999999999998,2.6773980975428113,0.00472546098926498,,,Silty clay / clayey silt,,,Silty clay / clayey silt 4,4,13.58,15.6,-14.9,-16.919999999999998
-15.0,13.68,1.789,0.036,2.146,0.143,-1.586,-0.309,13.68,1242.5,1.84906,18.4906,2.6946205039674096,0.0037857073323742875,,,Silty clay / clayey silt,,,Silty clay / clayey silt 4,4,13.58,15.6,-14.9,-16.919999999999998
-15.02,13.7,1.617,0.034,2.09,0.145,-1.587,-0.304,13.7,1243.5,1.6779,16.779,2.722705633164905,0.005244651051910133,,,Silty clay / clayey silt,,,Silty clay / clayey silt 4,4,13.58,15.6,-14.9,-16.919999999999998
-15.040000000000001,13.72,1.427,0.031,2.027,0.147,-1.593,-0.294,13.72,1244.3,1.48874,14.8874,2.758318975798176,0.00712011499657428,,,Silty clay / clayey silt,,,Silty clay / clayey silt 4,4,13.58,15.6,-14.9,-16.919999999999998
-15.06,13.74,1.254,0.03,2.091,0.153,-1.622,-0.29,13.74,1245.2,1.31826,13.1826,2.809837272230789,0.012440641451610461,,,Silty clay / clayey silt,,,Silty clay / clayey silt 4,4,13.58,15.6,-14.9,-16.919999999999998
-15.08,13.76,1.273,0.03,2.27,0.161,-1.587,-0.289,13.76,1246.0,1.34062,13.406199999999998,2.8234861631261947,0.018051349375662,,,Silty clay / clayey silt,,,Silty clay / clayey silt 4,4,13.58,15.6,-14.9,-16.919999999999998
-15.1,13.78,1.189,0.028,2.202,0.164,-1.611,-0.315,13.78,1246.9,1.25788,12.578800000000001,2.839191473682071,0.02146468661557541,,,Silty clay / clayey silt,,,Silty clay / clayey silt 4,4,13.58,15.6,-14.9,-16.919999999999998
-15.120000000000001,13.8,1.152,0.026,2.165,0.169,-1.611,-0.306,13.8,1247.7,1.22298,12.229800000000001,2.845371647326429,0.026002060540646604,,,Silty clay / clayey silt,,,Silty clay / clayey silt 4,4,13.58,15.6,-14.9,-16.919999999999998
-15.14,13.82,1.172,0.025,2.141,0.175,-1.604,-0.324,13.82,1248.6,1.2454999999999998,12.454999999999998,2.8360896390361883,0.03018867924528302,,,Silty clay / clayey silt,,,Silty clay / clayey silt 4,4,13.58,15.6,-14.9,-16.919999999999998
-15.16,13.84,1.194,0.024,2.176,0.177,-1.613,-0.311,13.84,1249.4,1.26834,12.683399999999999,2.833350406138311,0.031064225680811144,,,Silty clay / clayey silt,,,Silty clay / clayey silt 4,4,13.58,15.6,-14.9,-16.919999999999998
-15.18,13.86,1.07,0.022,2.101,0.183,-1.61,-0.282,13.86,1250.4,1.14686,11.468599999999999,2.8617369220688116,0.03941195961146088,,,Silty clay / clayey silt,,,Silty clay / clayey silt 4,4,13.58,15.6,-14.9,-16.919999999999998
-15.200000000000001,13.88,0.96,0.02,1.892,0.193,-1.63,-0.305,13.88,1251.2,1.0410599999999999,10.410599999999999,2.873264349580757,0.05283076863965574,,,Silty clay / clayey silt,,,Silty clay / clayey silt 4,4,13.58,15.6,-14.9,-16.919999999999998
-15.22,13.9,0.904,0.017,1.711,0.203,-1.638,-0.319,13.9,1252.1,0.98926,9.8926,2.869847376392884,0.06550350767240161,,,Silty clay / clayey silt,,,Silty clay / clayey silt 4,4,13.58,15.6,-14.9,-16.919999999999998
-15.24,13.92,0.899,0.016,1.603,0.214,-1.648,-0.339,13.92,1252.9,0.98888,9.8888,2.8557573034716093,0.07645012539438556,,,Silty clay / clayey silt,,,Silty clay / clayey silt 4,4,13.58,15.6,-14.9,-16.919999999999998
-15.26,13.94,0.952,0.019,1.909,0.223,-1.622,-0.367,13.94,1253.8,1.04566,10.456600000000002,2.873657143802067,0.08071457261442534,,,Silty clay / clayey silt,,,Silty clay / clayey silt 4,4,13.58,15.6,-14.9,-16.919999999999998
-15.280000000000001,13.96,1.048,0.02,2.008,0.229,-1.647,-0.348,13.96,1254.6,1.14418,11.4418,2.8520464234569136,0.07883374993445086,,,Silty clay / clayey silt,,,Silty clay / clayey silt 4,4,13.58,15.6,-14.9,-16.919999999999998
-15.3,13.98,1.101,0.02,2.044,0.23,-1.649,-0.325,13.98,1255.5,1.1976,11.975999999999999,2.8394619676504043,0.07598530394121578,,,Silty clay / clayey silt,,,Silty clay / clayey silt 4,4,13.58,15.6,-14.9,-16.919999999999998
-15.32,14.0,1.062,0.02,1.968,0.228,-1.652,-0.346,14.0,1256.3,1.1577600000000001,11.577600000000002,2.8430518307835246,0.07669983416252073,,,Silty clay / clayey silt,,,Silty clay / clayey silt 4,4,13.58,15.6,-14.9,-16.919999999999998
-15.34,14.02,0.988,0.021,2.061,0.23,-1.648,-0.348,14.02,1257.1,1.0846,10.845999999999998,2.87772608235414,0.08353309976028028,,,Silty clay / clayey silt,,,Silty clay / clayey silt 4,4,13.58,15.6,-14.9,-16.919999999999998
-15.36,14.04,0.918,0.02,1.939,0.245,-1.654,-0.334,14.04,1258.1,1.0209000000000001,10.209000000000001,2.8860690430980527,0.10324223724164952,,,Silty clay / clayey silt,,,Silty clay / clayey silt 4,4,13.58,15.6,-14.9,-16.919999999999998
-15.38,14.06,0.965,0.02,1.92,0.257,-1.68,-0.33,14.06,1258.9,1.07294,10.7294,2.865433088670796,0.10923257591291217,,,Silty clay / clayey silt,,,Silty clay / clayey silt 4,4,13.58,15.6,-14.9,-16.919999999999998
-15.4,14.08,1.063,0.019,1.891,0.264,-1.644,-0.365,14.08,1259.7,1.17388,11.738800000000001,2.8287615484294197,0.10563260299178791,,,Silty clay / clayey silt,,,Silty clay / clayey silt 4,4,13.58,15.6,-14.9,-16.919999999999998
-15.42,14.1,1.071,0.019,1.863,0.266,-1.66,-0.375,14.1,1260.7,1.18272,11.8272,2.822571406061306,0.10636498917748918,,,Silty clay / clayey silt,,,Silty clay / clayey silt 4,4,13.58,15.6,-14.9,-16.919999999999998
-15.44,14.12,1.024,0.021,2.028,0.265,-1.632,-0.32,14.12,1261.5,1.1353,11.353,2.857206180404576,0.10975072668017266,,,Silty clay / clayey silt,,,Silty clay / clayey silt 4,4,13.58,15.6,-14.9,-16.919999999999998
-15.46,14.14,1.037,0.027,2.552,0.255,-1.634,-0.335,14.14,1264.3,1.1441,11.440999999999999,2.9089940981921694,0.09999125950528802,,,Silty clay / clayey silt,,,Silty clay / clayey silt 4,4,13.58,15.6,-14.9,-16.919999999999998
-15.48,14.16,1.098,0.028,2.62,0.242,-1.641,-0.334,14.16,1269.8,1.19964,11.996400000000001,2.8983906806145305,0.084358640925611,,,Silty clay / clayey silt,,,Silty clay / clayey silt 4,4,13.58,15.6,-14.9,-16.919999999999998
-15.5,14.18,1.159,0.025,2.417,0.23,-1.648,-0.333,14.18,1275.3,1.2556,12.556000000000001,2.8623141235589737,0.07088244663905702,,,Silty clay / clayey silt,,,Silty clay / clayey silt 4,4,13.58,15.6,-14.9,-16.919999999999998
-15.52,14.2,1.081,0.024,2.244,0.236,-1.683,-0.353,14.2,1278.0,1.18012,11.801200000000001,2.8668573202357734,0.08033081381554419,,,Silty clay / clayey silt,,,Silty clay / clayey silt 4,4,13.58,15.6,-14.9,-16.919999999999998
-15.540000000000001,14.22,0.993,0.023,2.159,0.244,-1.67,-0.333,14.22,1278.9,1.09548,10.9548,2.884878470658783,0.09365757476174827,,,Silty clay / clayey silt,,,Silty clay / clayey silt 4,4,13.58,15.6,-14.9,-16.919999999999998
-15.56,14.24,1.004,0.021,2.025,0.258,-1.673,-0.335,14.24,1279.7,1.11236,11.123600000000001,2.8643602956072667,0.10464238196267395,,,Silty clay / clayey silt,,,Silty clay / clayey silt 4,4,13.58,15.6,-14.9,-16.919999999999998
-15.58,14.26,1.086,0.024,2.276,0.263,-1.664,-0.374,14.26,1280.6,1.19646,11.9646,2.865244043572552,0.10129883155308157,,,Silty clay / clayey silt,,,Silty clay / clayey silt 4,4,13.58,15.6,-14.9,-16.919999999999998
-15.6,14.28,1.055,0.022,2.191,0.266,-1.652,-0.363,14.28,1281.4,1.16672,11.667200000000001,2.865340110218797,0.10628085573230937,,,Silty clay / clayey silt,,,Silty clay / clayey silt 4,4,13.58,15.6,-14.9,-16.919999999999998
-15.620000000000001,14.3,1.034,0.022,2.208,0.277,-1.706,-0.369,14.3,1282.4,1.1503400000000001,11.503400000000001,2.872318120107861,0.11718274597075644,,,Silty clay / clayey silt,,,Silty clay / clayey silt 4,4,13.58,15.6,-14.9,-16.919999999999998
-15.64,14.32,0.999,0.022,2.187,0.285,-1.696,-0.37,14.32,1283.2,1.1187,11.187000000000001,2.8802353848876816,0.12746938410655223,,,Silty clay / clayey silt,,,Silty clay / clayey silt 4,4,13.58,15.6,-14.9,-16.919999999999998
-15.66,14.34,0.974,0.021,2.11,0.293,-1.691,-0.352,14.34,1284.1,1.09706,10.9706,2.8789909179428554,0.13709368676280242,,,Silty clay / clayey silt,,,Silty clay / clayey silt 4,4,13.58,15.6,-14.9,-16.919999999999998
-15.68,14.36,0.95,0.021,2.107,0.302,-1.69,-0.367,14.36,1285.0,1.07684,10.7684,2.8854821210294634,0.14783997622673753,,,Silty clay / clayey silt,,,Silty clay / clayey silt 4,4,13.58,15.6,-14.9,-16.919999999999998
-15.700000000000001,14.38,0.943,0.02,2.017,0.314,-1.714,-0.331,14.38,1285.8,1.07488,10.748800000000001,2.8760551477062837,0.15908752604941945,,,Silty clay / clayey silt,,,Silty clay / clayey silt 4,4,13.58,15.6,-14.9,-16.919999999999998
-15.72,14.4,0.947,0.02,2.109,0.32,-1.694,-0.365,14.4,1286.7,1.0814,10.813999999999998,2.8841523733739414,0.16349176992787132,,,Silty clay / clayey silt,,,Silty clay / clayey silt 4,4,13.58,15.6,-14.9,-16.919999999999998
-15.74,14.42,0.963,0.018,1.904,0.32,-1.68,-0.356,14.42,1287.5,1.0974,10.973999999999998,2.8551930566573813,0.16092582467650812,,,Silty clay / clayey silt,,,Silty clay / clayey silt 4,4,13.58,15.6,-14.9,-16.919999999999998
-15.76,14.44,0.964,0.019,1.991,0.317,-1.686,-0.364,14.44,1288.4,1.09714,10.971400000000001,2.8655198487139812,0.15804728658147546,,,Silty clay / clayey silt,,,Silty clay / clayey silt 4,4,13.58,15.6,-14.9,-16.919999999999998
-15.780000000000001,14.46,0.936,0.019,2.036,0.323,-1.687,-0.406,14.46,1289.2,1.07166,10.716600000000001,2.879319923649763,0.16721721441501966,,,Silty clay / clayey silt,,,Silty clay / clayey silt 4,4,13.58,15.6,-14.9,-16.919999999999998
-15.8,14.48,0.894,0.019,2.049,0.332,-1.698,-0.372,14.48,1290.1,1.0334400000000001,10.3344,2.8941588794050146,0.18191670537234866,,,Silty clay / clayey silt,,,Silty clay / clayey silt 4,4,13.58,15.6,-14.9,-16.919999999999998
-15.82,14.5,0.872,0.019,2.08,0.344,-1.692,-0.398,14.5,1291.0,1.01648,10.1648,2.9037081389459822,0.19656067999370377,,,Silty clay / clayey silt,,,Silty clay / clayey silt 4,4,13.58,15.6,-14.9,-16.919999999999998
-15.84,14.52,0.857,0.018,2.045,0.357,-1.743,-0.387,14.52,1291.8,1.00694,10.0694,2.9032900797840613,0.2111347250084414,,,Silty clay / clayey silt,,,Silty clay / clayey silt 4,4,13.58,15.6,-14.9,-16.919999999999998
-15.86,14.54,0.86,0.017,1.932,0.369,-1.715,-0.401,14.54,1292.7,1.01498,10.1498,2.8874035354881262,0.22108810025813316,,,Silty clay / clayey silt,,,Silty clay / clayey silt 4,4,13.58,15.6,-14.9,-16.919999999999998
-15.88,14.56,0.868,0.017,1.896,0.378,-1.71,-0.402,14.56,1293.5,1.02676,10.2676,2.8788703754057807,0.22712220966925084,,,Silty clay / clayey silt,,,Silty clay / clayey silt 4,4,13.58,15.6,-14.9,-16.919999999999998
-15.9,14.58,0.869,0.017,1.986,0.38,-1.714,-0.386,14.58,1294.4,1.0286,10.286,2.888739024942219,0.22846587594789036,,,Silty clay / clayey silt,,,Silty clay / clayey silt 4,4,13.58,15.6,-14.9,-16.919999999999998
-15.92,14.6,0.875,0.019,2.123,0.384,-1.719,-0.372,14.6,1295.3,1.03628,10.362800000000002,2.9013336365166595,0.2304396495155749,,,Silty clay / clayey silt,,,Silty clay / clayey silt 4,4,13.58,15.6,-14.9,-16.919999999999998
-15.94,14.62,0.888,0.022,2.379,0.374,-1.713,-0.41,14.62,1296.2,1.04508,10.4508,2.9249176413226685,0.21873923527385467,,,Silty clay / clayey silt,,,Silty clay / clayey silt 4,4,13.58,15.6,-14.9,-16.919999999999998
-15.96,14.64,0.93,0.024,2.522,0.362,-1.707,-0.363,14.64,1297.0,1.0820400000000001,10.820400000000001,2.926254899485323,0.19999260655798304,,,Silty clay / clayey silt,,,Silty clay / clayey silt 4,4,13.58,15.6,-14.9,-16.919999999999998
-15.98,14.66,0.972,0.027,2.776,0.357,-1.733,-0.381,14.66,1297.9,1.12194,11.219399999999998,2.9365815650008393,0.18824536071447673,,6.997763544973957,Silty clay / clayey silt,,,Silty clay / clayey silt 4,4,13.58,15.6,-14.9,-16.919999999999998
-16.0,14.68,1.031,0.028,2.78,0.33,-1.731,-0.395,14.68,1298.8,1.1696,11.696,2.9220659829362425,0.1573187414500684,,7.051811954254106,Silty clay / clayey silt,,,Silty clay / clayey silt 4,4,13.58,15.6,-14.9,-16.919999999999998
-16.02,14.7,1.056,0.03,2.918,0.314,-1.699,-0.365,14.7,1299.6,1.18788,11.878800000000002,2.928587862149587,0.14126005993871435,,8.196070751701493,Silty clay / clayey silt,,,Silty clay / clayey silt 4,4,13.58,15.6,-14.9,-16.919999999999998
-16.04,14.72,1.088,0.031,3.013,0.303,-1.737,-0.385,14.72,1300.5,1.21526,12.1526,2.9285493095490134,0.12886131362835937,,8.653043268090787,Silty clay / clayey silt,,,Silty clay / clayey silt 4,4,13.58,15.6,-14.9,-16.919999999999998
-16.06,14.74,1.054,0.031,2.95,0.301,-1.746,-0.41,14.74,1301.3,1.18042,11.804200000000002,2.9335519612107888,0.13080090137408718,,8.366199682469228,Silty clay / clayey silt,,,Silty clay / clayey silt 4,4,13.58,15.6,-14.9,-16.919999999999998
-16.08,14.76,1.045,0.032,3.026,0.315,-1.72,-0.41,14.76,1302.2,1.1773,11.773,2.940866809513865,0.1428692771596025,,8.706024093567695,Silty clay / clayey silt,,,Silty clay / clayey silt 4,4,13.58,15.6,-14.9,-16.919999999999998
-16.099999999999998,14.78,1.077,0.033,3.1,0.311,-1.739,-0.425,14.78,1303.0,1.20762,12.076199999999998,2.9379645596244486,0.1358043093025952,,8.977310023174846,Silty clay / clayey silt,,,Silty clay / clayey silt 4,4,13.58,15.6,-14.9,-16.919999999999998
-16.12,14.8,1.016,0.033,3.145,0.333,-1.72,-0.416,14.8,1304.0,1.15586,11.558600000000002,2.95708063903865,0.16074611112072393,,9.122024332271415,Clay & silt,,,Silty clay / clayey silt 4,4,13.58,15.6,-14.9,-16.919999999999998
-16.14,14.82,1.035,0.033,3.082,0.358,-1.741,-0.4,14.82,1304.8,1.18536,11.853599999999998,2.9430668546775913,0.17766754403725452,,8.91552103781687,Silty clay / clayey silt,,,Silty clay / clayey silt 4,4,13.58,15.6,-14.9,-16.919999999999998
-16.16,14.84,1.076,0.037,3.376,0.388,-1.736,-0.406,14.84,1305.7,1.23896,12.3896,2.9507232594403217,0.1940337056886421,,9.712459684476633,Clay & silt,,,Silty clay / clayey silt 4,4,13.58,15.6,-14.9,-16.919999999999998
-16.18,14.86,1.128,0.04,3.521,0.427,-1.733,-0.446,14.86,1306.6,1.30734,13.0734,2.942889006600419,0.21356341885049035,,9.999739771506883,Silty clay / clayey silt,,,Silty clay / clayey silt 4,4,13.58,15.6,-14.9,-16.919999999999998
-16.2,14.88,1.187,0.044,3.835,0.469,-1.774,-0.418,14.88,1307.4,1.38398,13.8398,2.9457097355977337,0.23193976791572132,,10.497517418509734,Silty clay / clayey silt,,,Silty clay / clayey silt 4,4,13.58,15.6,-14.9,-16.919999999999998
-16.22,14.9,1.243,0.049,4.207,0.47,-1.75,-0.389,14.9,1308.3,1.4404000000000001,14.404000000000002,2.9569147680227155,0.22341016384337684,,10.953532787038233,Clay & silt,,,Silty clay / clayey silt 4,4,13.58,15.6,-14.9,-16.919999999999998
-16.24,14.92,1.254,0.054,4.581,0.46,-1.758,-0.386,14.92,1309.1,1.4472,14.472000000000001,2.978534871344035,0.21531232725262578,,11.323887446043788,Clay & silt,,,Silty clay / clayey silt 4,4,13.58,15.6,-14.9,-16.919999999999998
-16.259999999999998,14.94,1.218,0.058,4.95,0.429,-1.766,-0.433,14.94,1310.0,1.39818,13.9818,3.011431559411579,0.20054642463774336,,11.632273435205612,Clay & silt,,,Silty clay / clayey silt 4,4,13.58,15.6,-14.9,-16.919999999999998
-16.28,14.96,1.153,0.059,5.219,0.396,-1.785,-0.378,14.96,1310.8,1.31932,13.1932,3.0455047149648413,0.1873692508261832,9.808513891472117,11.830999876598357,Clay & silt,,,Silty clay / clayey silt 4,4,13.58,15.6,-14.9,-16.919999999999998
-16.3,14.98,1.089,0.057,5.182,0.366,-1.754,-0.398,14.98,1311.7,1.24272,12.427200000000001,3.0636387678284303,0.17461696922878847,8.93655091893641,11.804768951442277,Clay & silt,,,Silty clay / clayey silt 4,4,13.58,15.6,-14.9,-16.919999999999998
-16.32,15.0,1.022,0.051,4.908,0.335,-1.773,-0.415,15.0,1312.5,1.1627,11.627,3.0713729713054656,0.15980046443622603,,11.599441663509266,Clay & silt,,,Silty clay / clayey silt 4,4,13.58,15.6,-14.9,-16.919999999999998
-16.34,15.02,0.968,0.044,4.468,0.321,-1.772,-0.394,15.02,1313.4,1.10282,11.0282,3.064319990116879,0.1556010953736784,,11.219139905225022,Organic clay,11.219139905225022,-0.19093990522502224,Silty clay / clayey silt 4,4,13.58,15.6,-14.9,-16.919999999999998
-16.36,15.04,0.905,0.038,4.033,0.32,-1.779,-0.403,15.04,1314.3,1.0394,10.394,3.0579721164105016,0.1639407350394458,,10.753794848195541,Organic clay,10.753794848195541,-0.3597948481955413,Silty clay / clayey silt 4,4,13.58,15.6,-14.9,-16.919999999999998
-16.38,15.06,0.86,0.031,3.342,0.327,-1.812,-0.426,15.06,1315.2,0.99734,9.9734,3.0245948864252887,0.17767260914031324,,9.637568523372796,Clay & silt,,,Silty clay / clayey silt 4,4,13.58,15.6,-14.9,-16.919999999999998
-16.4,15.08,0.846,0.023,2.525,0.325,-1.796,-0.438,15.08,1316.1,0.9824999999999999,9.825,2.9615144674574965,0.17811704834605602,,,Clay & silt,,,Silty clay / clayey silt 4,4,13.58,15.6,-14.9,-16.919999999999998
-16.419999999999998,15.1,0.856,0.015,1.707,0.317,-1.79,-0.428,15.1,1316.9,0.98914,9.891399999999999,2.8693782132890786,0.16863133631235216,,,Silty clay / clayey silt,,,Silty clay / clayey silt 4,4,13.58,15.6,-14.9,-16.919999999999998
-16.439999999999998,15.12,0.862,0.015,1.738,0.311,-1.813,-0.407,15.12,1317.8,0.9926200000000001,9.9262,2.872028474823096,0.16179404001531303,,,Silty clay / clayey silt,,,Silty clay / clayey silt 4,4,13.58,15.6,-14.9,-16.919999999999998
-16.46,15.14,0.908,0.018,1.832,0.297,-1.818,-0.428,15.14,1319.4,1.03274,10.3274,2.8689803351558627,0.14175881635261536,,,Silty clay / clayey silt,,,Silty clay / clayey silt 4,4,13.58,15.6,-14.9,-16.919999999999998
-16.48,15.16,1.115,0.019,1.642,0.272,-1.816,-0.423,15.16,1324.9,1.22924,12.2924,2.7796448701508627,0.09859750740294815,,,Silty clay / clayey silt,,,Silty clay / clayey silt 4,4,13.58,15.6,-14.9,-16.919999999999998
-16.5,15.18,1.322,0.017,1.253,0.248,-1.815,-0.419,15.18,1330.4,1.42616,14.261600000000001,2.6645959755667663,0.06801480899758792,,,Silty clay / clayey silt,,,Silty clay / clayey silt 4,4,13.58,15.6,-14.9,-16.919999999999998
-16.52,15.2,1.543,0.013,0.817,0.2,-1.819,-0.437,15.2,1334.3,1.627,16.27,2.5265108294497858,0.029993853718500316,,,Sand mixtures,,,Silty clay / clayey silt 4,4,13.58,15.6,-14.9,-16.919999999999998
-16.54,15.22,1.747,0.01,0.576,0.152,-1.809,-0.465,15.22,1335.2,1.8108400000000002,18.108400000000003,2.419649311417769,0.0003313379426122809,,,Sand mixtures,,,Silty clay / clayey silt 4,4,13.58,15.6,-14.9,-16.919999999999998
-16.56,15.24,1.888,0.008,0.481,0.134,-1.818,-0.434,15.24,1336.0,1.94428,19.4428,2.360440398116641,-0.009052194128417715,,,Sand mixtures,,,Silty clay / clayey silt 4,4,13.58,15.6,-14.9,-16.919999999999998
-16.58,15.26,1.849,0.01,0.624,0.135,-1.833,-0.425,15.26,1336.9,1.9057,19.057000000000002,2.413806308571548,-0.008815658288293006,,,Sand mixtures,,,Silty clay / clayey silt 4,4,13.58,15.6,-14.9,-16.919999999999998
-16.599999999999998,15.28,1.736,0.014,0.883,0.138,-1.83,-0.496,15.28,1337.7,1.79396,17.9396,2.5041865477050673,-0.007803964413922257,,,Sand mixtures,,,Silty clay / clayey silt 4,4,13.58,15.6,-14.9,-16.919999999999998
-16.62,15.3,1.514,0.015,0.948,0.148,-1.84,-0.466,15.3,1338.6,1.57616,15.761600000000001,2.5682972150898014,-0.0026647040909552437,,,Sand mixtures,,,Silty clay / clayey silt 4,4,13.58,15.6,-14.9,-16.919999999999998
-16.64,15.32,1.29,0.016,1.051,0.161,-1.847,-0.485,15.32,1339.5,1.35762,13.576200000000002,2.6465416904949812,0.00633461498799369,,,Silty clay / clayey silt,,,Silty clay / clayey silt 4,4,13.58,15.6,-14.9,-16.919999999999998
-16.66,15.34,1.189,0.015,1.037,0.173,-1.834,-0.488,15.34,1340.4,1.26166,12.6166,2.6719998799017453,0.016169173945436967,,,Silty clay / clayey silt,,,Silty clay / clayey silt 4,4,13.58,15.6,-14.9,-16.919999999999998
-16.68,15.36,1.329,0.014,0.952,0.183,-1.823,-0.458,15.36,1341.3,1.4058599999999999,14.058599999999998,2.6131749929553614,0.0214815130951873,,,Silty clay / clayey silt,,,Silty clay / clayey silt 4,4,13.58,15.6,-14.9,-16.919999999999998
-16.7,15.38,1.541,0.014,0.887,0.179,-1.826,-0.457,15.38,1342.1,1.61618,16.1618,2.545284717184763,0.01608731700676905,,,Sand mixtures,,,Silty clay / clayey silt 4,4,13.58,15.6,-14.9,-16.919999999999998
-16.72,15.4,1.611,0.012,0.699,0.182,-1.824,-0.485,15.4,1343.0,1.68744,16.8744,2.48256649018032,0.01706727350305789,,,Sand mixtures,,,Silty clay / clayey silt 4,4,13.58,15.6,-14.9,-16.919999999999998
-16.74,15.42,1.91,0.01,0.531,0.184,-1.809,-0.477,15.42,1343.8,1.98728,19.872799999999998,2.3684725787620846,0.015397930840143324,,,Sand mixtures,,,Silty clay / clayey silt 4,4,13.58,15.6,-14.9,-16.919999999999998
-16.759999999999998,15.44,2.306,0.011,0.523,0.184,-1.826,-0.502,15.44,1344.7,2.38328,23.832800000000002,2.2936219422425816,0.01275553019368267,,,Sand mixtures,,,Silty clay / clayey silt 4,4,13.58,15.6,-14.9,-16.919999999999998
-16.78,15.46,2.489,0.016,0.732,0.113,-1.828,-0.521,15.46,1345.6,2.53646,25.3646,2.3331476950794285,-0.016085410375089697,,,Sand mixtures,,,Silty clay / clayey silt 4,4,13.58,15.6,-14.9,-16.919999999999998
-16.8,15.48,2.467,0.02,0.922,0.092,-1.85,-0.48,15.48,1346.4,2.50564,25.0564,2.385993549082113,-0.024744177136380326,,,Sand mixtures,,,Silty clay / clayey silt 4,4,13.58,15.6,-14.9,-16.919999999999998
-16.82,15.5,2.327,0.02,0.923,0.095,-1.859,-0.518,15.5,1347.3,2.3669,23.668999999999997,2.4077302430317973,-0.025011618572816762,,,Sand mixtures,,,Silty clay / clayey silt 4,4,13.58,15.6,-14.9,-16.919999999999998
-16.84,15.52,2.129,0.021,0.985,0.104,-1.887,-0.502,15.52,1348.1,2.17268,21.726800000000004,2.454003778558089,-0.023197157427692988,,,Sand mixtures,,,Silty clay / clayey silt 4,4,13.58,15.6,-14.9,-16.919999999999998
-16.86,15.54,2.003,0.024,1.117,0.109,-1.884,-0.514,15.54,1349.0,2.0487800000000003,20.487800000000004,2.503417919124393,-0.022257148156463843,,,Sand mixtures,,,Silty clay / clayey silt 4,4,13.58,15.6,-14.9,-16.919999999999998
-16.88,15.56,1.922,0.024,1.185,0.11,-1.879,-0.535,15.56,1349.9,1.9682,19.682000000000002,2.5314782039080286,-0.022761914439589463,,,Sand mixtures,,,Silty clay / clayey silt 4,4,13.58,15.6,-14.9,-16.919999999999998
-16.9,15.58,1.86,0.022,1.15,0.11,-1.88,-0.52,15.58,1350.8,1.9062000000000001,19.062,2.5368384081457904,-0.023607176581680815,,,Sand mixtures,,,Silty clay / clayey silt 4,4,13.58,15.6,-14.9,-16.919999999999998
-16.919999999999998,15.6,1.852,0.022,1.294,0.107,-1.891,-0.529,15.6,1351.7,1.89694,18.9694,2.564893362579592,-0.025409343468955257,,,Sand mixtures,,,Silty clay / clayey silt 5,5,15.6,16.12,-16.919999999999998,-17.44
-16.939999999999998,15.62,1.71,0.021,1.347,0.109,-1.886,-0.541,15.62,1352.5,1.75578,17.5578,2.6026479313304627,-0.026427001104922018,,,Silty clay / clayey silt,,,Silty clay / clayey silt 5,5,15.6,16.12,-16.919999999999998,-17.44
-16.96,15.64,1.467,0.021,1.437,0.119,-1.888,-0.511,15.64,1353.3,1.51698,15.1698,2.671516492945272,-0.02412688367677886,,,Silty clay / clayey silt,,,Silty clay / clayey silt 5,5,15.6,16.12,-16.919999999999998,-17.44
-16.98,15.66,1.155,0.023,1.694,0.128,-1.887,-0.506,15.66,1354.2,1.20876,12.0876,2.792896337434091,-0.022998775604751987,,,Silty clay / clayey silt,,,Silty clay / clayey silt 5,5,15.6,16.12,-16.919999999999998,-17.44
-17.0,15.68,0.946,0.023,1.727,0.15,-1.903,-0.503,15.68,1355.1,1.009,10.089999999999998,2.864505845184676,-0.005946481665014867,,,Silty clay / clayey silt,,,Silty clay / clayey silt 5,5,15.6,16.12,-16.919999999999998,-17.44
-17.02,15.7,0.972,0.021,1.586,0.174,-1.923,-0.522,15.7,1355.9,1.04508,10.4508,2.8326540779877645,0.017032188923336026,,,Silty clay / clayey silt,,,Silty clay / clayey silt 5,5,15.6,16.12,-16.919999999999998,-17.44
-17.04,15.72,1.225,0.018,1.424,0.19,-1.912,-0.51,15.72,1356.8,1.3048000000000002,13.048000000000002,2.7258013484766086,0.025751072961373404,,,Silty clay / clayey silt,,,Silty clay / clayey silt 5,5,15.6,16.12,-16.919999999999998,-17.44
-17.06,15.74,1.513,0.018,1.462,0.199,-1.91,-0.512,15.74,1357.7,1.5965799999999999,15.9658,2.656408044154167,0.02655676508536998,,,Silty clay / clayey silt,,,Silty clay / clayey silt 5,5,15.6,16.12,-16.919999999999998,-17.44
-17.08,15.76,1.59,0.018,1.481,0.202,-1.92,-0.562,15.76,1358.5,1.67484,16.7484,2.641643275999399,0.026987652551885562,,,Silty clay / clayey silt,,,Silty clay / clayey silt 5,5,15.6,16.12,-16.919999999999998,-17.44
-17.099999999999998,15.78,1.375,0.02,1.58,0.206,-1.949,-0.569,15.78,1359.4,1.46152,14.6152,2.70675322333579,0.03352673928512783,,,Silty clay / clayey silt,,,Silty clay / clayey silt 5,5,15.6,16.12,-16.919999999999998,-17.44
-17.12,15.8,1.148,0.02,1.622,0.225,-1.927,-0.583,15.8,1360.2,1.2425,12.425,2.7729069657328407,0.05456740442655934,,,Silty clay / clayey silt,,,Silty clay / clayey silt 5,5,15.6,16.12,-16.919999999999998,-17.44
-17.14,15.82,1.086,0.021,1.703,0.264,-1.942,-0.578,15.82,1361.1,1.1968800000000002,11.968800000000002,2.79775728738531,0.08906490207873805,,,Silty clay / clayey silt,,,Silty clay / clayey silt 5,5,15.6,16.12,-16.919999999999998,-17.44
-17.16,15.84,1.065,0.019,1.643,0.299,-1.938,-0.559,15.84,1361.9,1.19058,11.9058,2.7916746188524537,0.11876564363587497,,,Silty clay / clayey silt,,,Silty clay / clayey silt 5,5,15.6,16.12,-16.919999999999998,-17.44
-17.18,15.86,1.039,0.017,1.542,0.328,-1.953,-0.555,15.86,1362.9,1.17676,11.7676,2.7819777440291555,0.14463441993269657,,,Silty clay / clayey silt,,,Silty clay / clayey silt 5,5,15.6,16.12,-16.919999999999998,-17.44
-17.2,15.88,1.032,0.017,1.639,0.354,-1.97,-0.565,15.88,1363.7,1.18068,11.8068,2.7942417090448255,0.16600603042314596,,,Silty clay / clayey silt,,,Silty clay / clayey silt 5,5,15.6,16.12,-16.919999999999998,-17.44
-17.22,15.9,1.039,0.018,1.712,0.382,-1.967,-0.584,15.9,1364.6,1.19944,11.9944,2.798152401311149,0.18658707396785165,,,Silty clay / clayey silt,,,Silty clay / clayey silt 5,5,15.6,16.12,-16.919999999999998,-17.44
-17.24,15.92,1.058,0.02,1.811,0.409,-1.984,-0.589,15.92,1365.5,1.22978,12.297800000000002,2.801689566803238,0.20377628518922083,,,Silty clay / clayey silt,,,Silty clay / clayey silt 5,5,15.6,16.12,-16.919999999999998,-17.44
-17.259999999999998,15.94,1.066,0.019,1.701,0.444,-1.967,-0.619,15.94,1366.3,1.25248,12.5248,2.7806499931788973,0.22786791006642823,,,Silty clay / clayey silt,,,Silty clay / clayey silt 5,5,15.6,16.12,-16.919999999999998,-17.44
-17.28,15.96,1.111,0.02,1.665,0.484,-2.003,-0.611,15.96,1367.2,1.3142800000000001,13.142800000000001,2.7579600433905718,0.24743585841677568,,,Silty clay / clayey silt,,,Silty clay / clayey silt 5,5,15.6,16.12,-16.919999999999998,-17.44
-17.3,15.98,1.214,0.019,1.544,0.529,-2.033,-0.651,15.98,1368.0,1.43618,14.3618,2.708004799592965,0.25762787394337755,,,Silty clay / clayey silt,,,Silty clay / clayey silt 5,5,15.6,16.12,-16.919999999999998,-17.44
-17.32,16.0,1.358,0.024,1.853,0.568,-2.019,-0.627,16.0,1368.9,1.5965600000000002,15.965600000000002,2.7114981836618735,0.25605050859347595,,,Silty clay / clayey silt,,,Silty clay / clayey silt 5,5,15.6,16.12,-16.919999999999998,-17.44
-17.34,16.02,1.456,0.035,2.658,0.556,-2.033,-0.622,16.02,1369.7,1.68952,16.8952,2.7806809099878302,0.23474122827785407,,,Silty clay / clayey silt,,,Silty clay / clayey silt 5,5,15.6,16.12,-16.919999999999998,-17.44
-17.36,16.04,1.427,0.046,3.48,0.485,-2.041,-0.637,16.04,1370.7,1.6307,16.307000000000002,2.8635705451569535,0.19954620715030352,,9.923192472430268,Silty clay / clayey silt,,,Silty clay / clayey silt 5,5,15.6,16.12,-16.919999999999998,-17.44
-17.38,16.06,1.352,0.049,3.807,0.362,-2.07,-0.652,16.06,1371.5,1.50404,15.0404,2.915262975638426,0.13443791388526902,,10.458258394526505,Silty clay / clayey silt,,,Silty clay / clayey silt 5,5,15.6,16.12,-16.919999999999998,-17.44
-17.4,16.08,1.268,0.046,3.665,0.296,-2.063,-0.63,16.08,1372.4,1.39232,13.9232,2.9316224033681877,0.09767869455297636,,10.245102828538656,Silty clay / clayey silt,,,Silty clay / clayey silt 5,5,15.6,16.12,-16.919999999999998,-17.44
-17.42,16.1,1.174,0.044,3.522,0.298,-2.044,-0.649,16.1,1373.3,1.2991599999999999,12.991599999999998,2.945143521893353,0.10606853659287538,,10.001565819103186,Silty clay / clayey silt,,,Silty clay / clayey silt 5,5,15.6,16.12,-16.919999999999998,-17.44
-17.44,16.12,1.069,0.04,3.301,0.355,-2.05,-0.633,16.12,1374.1,1.2181,12.181,2.9509076716574714,0.15975699860438386,,9.54263682069032,Clay & silt,,,Silty clay / clayey silt 6,6,16.12,17.14,-17.44,-18.46
-17.46,16.14,0.989,0.033,2.982,0.403,-2.037,-0.662,16.14,1375.0,1.15826,11.5826,2.942979004929604,0.20927943639597324,,8.518724848992385,Silty clay / clayey silt,,,Silty clay / clayey silt 6,6,16.12,17.14,-17.44,-18.46
-17.48,16.16,0.977,0.028,2.672,0.445,-2.048,-0.657,16.16,1380.3,1.1639,11.639,2.9140507511087073,0.2441790531832632,,,Silty clay / clayey silt,,,Silty clay / clayey silt 6,6,16.12,17.14,-17.44,-18.46
-17.5,16.18,0.967,0.025,2.532,0.486,-2.06,-0.65,16.18,1385.8,1.17112,11.711199999999998,2.8986806716749656,0.2775121251451602,,,Silty clay / clayey silt,,,Silty clay / clayey silt 6,6,16.12,17.14,-17.44,-18.46
-17.52,16.2,0.958,0.024,2.502,0.511,-2.073,-0.644,16.2,1390.6,1.17262,11.726199999999999,2.895323727400972,0.2983063567054971,,,Silty clay / clayey silt,,,Silty clay / clayey silt 6,6,16.12,17.14,-17.44,-18.46
-17.54,16.22,0.956,0.025,2.613,0.515,-2.084,-0.666,16.22,1391.5,1.1723,11.722999999999999,2.9060007396630083,0.30162927578264953,,,Silty clay / clayey silt,,,Silty clay / clayey silt 6,6,16.12,17.14,-17.44,-18.46
-17.56,16.24,0.947,0.025,2.668,0.525,-2.062,-0.666,16.24,1392.3,1.1675,11.675,2.9125765616631414,0.3112633832976445,,,Silty clay / clayey silt,,,Silty clay / clayey silt 6,6,16.12,17.14,-17.44,-18.46
-17.580000000000002,16.26,0.946,0.025,2.601,0.531,-2.07,-0.662,16.26,1393.2,1.16902,11.690199999999999,2.905880829825168,0.3158200886212382,,,Silty clay / clayey silt,,,Silty clay / clayey silt 6,6,16.12,17.14,-17.44,-18.46
-17.6,16.28,0.945,0.024,2.517,0.538,-2.078,-0.627,16.28,1394.0,1.17096,11.7096,2.8972853909964362,0.3211040513766482,,,Silty clay / clayey silt,,,Silty clay / clayey silt 6,6,16.12,17.14,-17.44,-18.46
-17.62,16.3,0.948,0.023,2.39,0.546,-2.075,-0.66,16.3,1394.9,1.17732,11.7732,2.882808170078815,0.32599463187578565,,,Silty clay / clayey silt,,,Silty clay / clayey silt 6,6,16.12,17.14,-17.44,-18.46
-17.64,16.32,0.95,0.022,2.346,0.552,-2.08,-0.655,16.32,1395.7,1.18184,11.818399999999999,2.876954645465463,0.3296554525147228,,,Silty clay / clayey silt,,,Silty clay / clayey silt 6,6,16.12,17.14,-17.44,-18.46
-17.66,16.34,0.961,0.023,2.356,0.559,-2.076,-0.641,16.34,1396.6,1.19578,11.957799999999999,2.8737352895072097,0.3314991051865728,,,Silty clay / clayey silt,,,Silty clay / clayey silt 6,6,16.12,17.14,-17.44,-18.46
-17.68,16.36,0.975,0.024,2.423,0.553,-2.063,-0.657,16.36,1397.4,1.20726,12.0726,2.8770549597938535,0.32321123867269685,,,Silty clay / clayey silt,,,Silty clay / clayey silt 6,6,16.12,17.14,-17.44,-18.46
-17.7,16.38,0.993,0.025,2.513,0.548,-2.09,-0.645,16.38,1398.3,1.22316,12.2316,2.8812166991714747,0.3147584943915759,,,Silty clay / clayey silt,,,Silty clay / clayey silt 6,6,16.12,17.14,-17.44,-18.46
-17.72,16.4,1.009,0.026,2.569,0.538,-2.093,-0.658,16.4,1399.2,1.2349599999999998,12.349599999999999,2.883169437568829,0.30349161106432604,,,Silty clay / clayey silt,,,Silty clay / clayey silt 6,6,16.12,17.14,-17.44,-18.46
-17.740000000000002,16.42,1.023,0.026,2.562,0.524,-2.101,-0.662,16.42,1400.1,1.24308,12.4308,2.8801518350312834,0.2900859156289217,,,Silty clay / clayey silt,,,Silty clay / clayey silt 6,6,16.12,17.14,-17.44,-18.46
-17.76,16.44,1.019,0.026,2.559,0.52,-2.1,-0.661,16.44,1400.9,1.2374,12.374,2.881504993025987,0.2880232746080491,,,Silty clay / clayey silt,,,Silty clay / clayey silt 6,6,16.12,17.14,-17.44,-18.46
-17.78,16.46,1.01,0.025,2.496,0.528,-2.089,-0.634,16.46,1401.8,1.23176,12.3176,2.8770429421509798,0.29567448204195623,,,Silty clay / clayey silt,,,Silty clay / clayey silt 6,6,16.12,17.14,-17.44,-18.46
-17.8,16.48,1.016,0.025,2.446,0.537,-2.093,-0.656,16.48,1402.7,1.24154,12.415400000000002,2.8692672998891084,0.30043333279636575,,,Silty clay / clayey silt,,,Silty clay / clayey silt 6,6,16.12,17.14,-17.44,-18.46
-17.82,16.5,1.028,0.025,2.414,0.53,-2.109,-0.633,16.5,1403.5,1.2506,12.505999999999998,2.8634478719097936,0.29249960019190785,,,Silty clay / clayey silt,,,Silty clay / clayey silt 6,6,16.12,17.14,-17.44,-18.46
-17.84,16.52,1.018,0.025,2.46,0.524,-2.098,-0.685,16.52,1404.4,1.23808,12.3808,2.8716607780896046,0.29044972861204443,,,Silty clay / clayey silt,,,Silty clay / clayey silt 6,6,16.12,17.14,-17.44,-18.46
-17.86,16.54,1.011,0.026,2.531,0.513,-2.087,-0.654,16.54,1405.2,1.2264599999999999,12.264599999999998,2.881993940331769,0.28406959868238674,,,Silty clay / clayey silt,,,Silty clay / clayey silt 6,6,16.12,17.14,-17.44,-18.46
-17.88,16.56,1.012,0.027,2.629,0.487,-2.079,-0.666,16.56,1406.1,1.21654,12.1654,2.894224470712453,0.26484949117990364,,,Silty clay / clayey silt,,,Silty clay / clayey silt 6,6,16.12,17.14,-17.44,-18.46
-17.9,16.58,1.012,0.025,2.531,0.478,-2.104,-0.677,16.58,1406.9,1.21276,12.1276,2.886026296920362,0.2580889871037963,,,Silty clay / clayey silt,,,Silty clay / clayey silt 6,6,16.12,17.14,-17.44,-18.46
-17.92,16.6,0.999,0.026,2.571,0.485,-2.11,-0.627,16.6,1407.8,1.2027,12.027000000000001,2.8928499543848845,0.2659017211274632,,,Silty clay / clayey silt,,,Silty clay / clayey silt 6,6,16.12,17.14,-17.44,-18.46
-17.94,16.62,0.99,0.027,2.706,0.501,-2.107,-0.662,16.62,1408.7,1.20042,12.0042,2.9061099039811533,0.27956881758051344,,4.781453232209924,Silty clay / clayey silt,,,Silty clay / clayey silt 6,6,16.12,17.14,-17.44,-18.46
-17.96,16.64,0.978,0.026,2.615,0.517,-2.113,-0.628,16.64,1409.5,1.19514,11.951400000000001,2.8992686027350985,0.29402413106414305,,,Silty clay / clayey silt,,,Silty clay / clayey silt 6,6,16.12,17.14,-17.44,-18.46
-17.98,16.66,0.989,0.025,2.56,0.503,-2.099,-0.697,16.66,1410.5,1.20026,12.002600000000003,2.8925300029687726,0.280939129855198,,,Silty clay / clayey silt,,,Silty clay / clayey silt 6,6,16.12,17.14,-17.44,-18.46
-18.0,16.68,0.988,0.024,2.433,0.497,-2.11,-0.679,16.68,1411.3,1.19674,11.9674,2.881207628145717,0.2765847218276317,,,Silty clay / clayey silt,,,Silty clay / clayey silt 6,6,16.12,17.14,-17.44,-18.46
-18.02,16.7,0.994,0.024,2.406,0.492,-2.122,-0.679,16.7,1412.2,1.20064,12.0064,2.8773346685217014,0.27135527718550106,,,Silty clay / clayey silt,,,Silty clay / clayey silt 6,6,16.12,17.14,-17.44,-18.46
-18.04,16.72,1.004,0.023,2.261,0.473,-2.124,-0.616,16.72,1413.0,1.20266,12.0266,2.861789541172602,0.254934894317596,,,Silty clay / clayey silt,,,Silty clay / clayey silt 6,6,16.12,17.14,-17.44,-18.46
-18.06,16.74,1.029,0.023,2.259,0.467,-2.128,-0.683,16.74,1413.9,1.22514,12.251399999999999,2.8548645447121954,0.2451964673425078,,,Silty clay / clayey silt,,,Silty clay / clayey silt 6,6,16.12,17.14,-17.44,-18.46
-18.080000000000002,16.76,1.047,0.023,2.086,0.453,-2.13,-0.698,16.76,1414.7,1.23726,12.3726,2.8323453803256977,0.23131758886571935,,,Silty clay / clayey silt,,,Silty clay / clayey silt 6,6,16.12,17.14,-17.44,-18.46
-18.1,16.78,1.079,0.022,1.926,0.44,-2.131,-0.657,16.78,1415.6,1.2638,12.638,2.8058756141932863,0.21601519227725907,,,Silty clay / clayey silt,,,Silty clay / clayey silt 6,6,16.12,17.14,-17.44,-18.46
-18.12,16.8,1.138,0.022,1.804,0.431,-2.134,-0.68,16.8,1416.4,1.3190199999999999,13.190199999999997,2.7749942118592275,0.19999696744552775,,,Silty clay / clayey silt,,,Silty clay / clayey silt 6,6,16.12,17.14,-17.44,-18.46
-18.14,16.82,1.33,0.023,1.766,0.433,-2.145,-0.649,16.82,1417.3,1.51186,15.118599999999999,2.7199998029851344,0.17567764210971915,,,Silty clay / clayey silt,,,Silty clay / clayey silt 6,6,16.12,17.14,-17.44,-18.46
-18.16,16.84,1.445,0.028,2.134,0.365,-2.153,-0.654,16.84,1418.2,1.5983,15.982999999999999,2.7452336948545564,0.12350622536444972,,,Silty clay / clayey silt,,,Silty clay / clayey silt 6,6,16.12,17.14,-17.44,-18.46
-18.18,16.86,1.47,0.033,2.401,0.299,-2.171,-0.681,16.86,1419.0,1.59558,15.9558,2.7750519297770606,0.08222715250880558,,,Silty clay / clayey silt,,,Silty clay / clayey silt 6,6,16.12,17.14,-17.44,-18.46
-18.2,16.88,1.539,0.034,2.408,0.214,-2.21,-0.699,16.88,1420.0,1.6288799999999999,16.2888,2.7684595655330835,0.028240263248366978,,,Silty clay / clayey silt,,,Silty clay / clayey silt 6,6,16.12,17.14,-17.44,-18.46
-18.22,16.9,1.446,0.034,2.399,0.162,-2.163,-0.695,16.9,1420.8,1.51404,15.1404,2.7934866662230875,-0.004095004095004087,,,Silty clay / clayey silt,,,Silty clay / clayey silt 6,6,16.12,17.14,-17.44,-18.46
-18.240000000000002,16.92,1.382,0.036,2.61,0.154,-2.17,-0.704,16.92,1421.7,1.44668,14.466800000000001,2.8307192448215375,-0.009953825310365826,,,Silty clay / clayey silt,,,Silty clay / clayey silt 6,6,16.12,17.14,-17.44,-18.46
-18.26,16.94,1.304,0.033,2.519,0.163,-2.193,-0.737,16.94,1422.5,1.37246,13.7246,2.8405876926613365,-0.004080264634306299,,,Silty clay / clayey silt,,,Silty clay / clayey silt 6,6,16.12,17.14,-17.44,-18.46
-18.28,16.96,1.231,0.031,2.398,0.179,-2.169,-0.768,16.96,1423.4,1.3061800000000001,13.0618,2.846193797210322,0.007809030914575317,,,Silty clay / clayey silt,,,Silty clay / clayey silt 6,6,16.12,17.14,-17.44,-18.46
-18.3,16.98,1.191,0.026,2.126,0.188,-2.2,-0.735,16.98,1424.2,1.26996,12.6996,2.827348865774355,0.014961101137043664,,,Silty clay / clayey silt,,,Silty clay / clayey silt 6,6,16.12,17.14,-17.44,-18.46
-18.32,17.0,1.144,0.018,1.492,0.201,-2.163,-0.763,17.0,1425.1,1.2284199999999998,12.284199999999998,2.7586411177843253,0.025886911642597796,,,Silty clay / clayey silt,,,Silty clay / clayey silt 6,6,16.12,17.14,-17.44,-18.46
-18.34,17.02,1.092,0.013,1.048,0.219,-2.183,-0.73,17.02,1425.9,1.18398,11.8398,2.6986022934444414,0.04189259953715434,,,Silty clay / clayey silt,,,Silty clay / clayey silt 6,6,16.12,17.14,-17.44,-18.46
-18.36,17.04,1.086,0.013,0.865,0.236,-2.168,-0.744,17.04,1426.8,1.1851200000000002,11.8512,2.66094743596406,0.05602808154448492,,,Silty clay / clayey silt,,,Silty clay / clayey silt 6,6,16.12,17.14,-17.44,-18.46
-18.38,17.06,1.134,0.016,0.822,0.254,-2.192,-0.785,17.06,1427.7,1.24068,12.4068,2.6334249328406774,0.06786600896282682,,,Silty clay / clayey silt,,,Silty clay / clayey silt 6,6,16.12,17.14,-17.44,-18.46
-18.4,17.08,1.742,0.018,0.831,0.254,-2.133,-0.894,17.08,1428.5,1.84868,18.486800000000002,2.4804250993863017,0.04543782590821559,,,Sand mixtures,,,Silty clay / clayey silt 6,6,16.12,17.14,-17.44,-18.46
-18.42,17.1,3.005,0.021,0.84,0.156,-2.117,-0.882,17.1,1429.5,3.0705199999999997,30.705199999999994,2.2892845198772767,-0.004624623842215667,,,Sand mixtures,,,Silty clay / clayey silt 6,6,16.12,17.14,-17.44,-18.46
-18.44,17.12,4.238,0.025,0.882,0.12,-2.134,-0.882,17.12,1430.4,4.2884,42.88400000000001,2.1761148025463126,-0.011752635015390362,,,Sand mixtures,,,Silty clay / clayey silt 6,6,16.12,17.14,-17.44,-18.46
-18.46,17.14,5.306,0.032,0.863,0.114,-2.14,-0.901,17.14,1431.2,5.35388,53.5388,2.090118630624414,-0.01057177224741683,,,Sand mixtures,,,Sand 4,4,17.14,20.42,-18.46,-21.740000000000002
-18.48,17.16,6.029,0.037,0.714,0.122,-2.154,-0.886,17.16,1435.3,6.08024,60.8024,1.9989225050532264,-0.008025998973724724,,,Sand,,,Sand 4,4,17.14,20.42,-18.46,-21.740000000000002
-18.5,17.18,6.665,0.041,0.636,0.131,-2.175,-0.883,17.18,1440.9,6.72002,67.2002,1.9353800470049938,-0.005952363237014176,,,Sand,,,Sand 4,4,17.14,20.42,-18.46,-21.740000000000002
-18.52,17.2,7.301,0.041,0.558,0.138,-2.195,-0.88,17.2,1446.4,7.35896,73.5896,1.8720521344840664,-0.00451150706078033,,,Sand,,,Sand 4,4,17.14,20.42,-18.46,-21.740000000000002
-18.54,17.22,7.968,0.041,0.489,0.144,-2.188,-0.888,17.22,1447.8,8.02848,80.2848,1.8103080990200193,-0.0034128502530989683,,,Sand,,,Sand 4,4,17.14,20.42,-18.46,-21.740000000000002
-18.56,17.24,8.587,0.045,0.516,0.149,-2.206,-0.86,17.24,1448.6,8.64958,86.4958,1.7944190522829537,-0.002612843629401658,,,Sand,,,Sand 4,4,17.14,20.42,-18.46,-21.740000000000002
-18.580000000000002,17.26,9.165,0.052,0.584,0.152,-2.22,-0.869,17.26,1449.5,9.22884,92.2884,1.7993311271975543,-0.002145448398715336,,,Sand,,,Sand 4,4,17.14,20.42,-18.46,-21.740000000000002
-18.6,17.28,9.684,0.056,0.598,0.154,-2.239,-0.879,17.28,1450.4,9.748679999999998,97.48679999999999,1.7851987982538708,-0.0018464038208249765,,,Sand,,,Sand 4,4,17.14,20.42,-18.46,-21.740000000000002
-18.62,17.3,10.21,0.059,0.585,0.156,-2.248,-0.878,17.3,1451.2,10.27552,102.7552,1.7609125008703361,-0.0015765625486593394,,,Sand,,,Sand 4,4,17.14,20.42,-18.46,-21.740000000000002
-18.64,17.32,10.742,0.062,0.581,0.156,-2.242,-0.905,17.32,1452.1,10.80752,108.07520000000001,1.741116172189442,-0.001517461915407053,,,Sand,,,Sand 4,4,17.14,20.42,-18.46,-21.740000000000002
-18.66,17.34,11.3,0.067,0.602,0.156,-2.25,-0.891,17.34,1453.0,11.36552,113.65520000000001,1.7319788520074508,-0.0014605578979228423,,,Sand,,,Sand 4,4,17.14,20.42,-18.46,-21.740000000000002
-18.68,17.36,11.98,0.073,0.622,0.155,-2.268,-0.88,17.36,1453.9,12.0451,120.45100000000001,1.7197728516524373,-0.0014777793459581083,,,Sand,,,Sand 4,4,17.14,20.42,-18.46,-21.740000000000002
-18.7,17.38,12.583,0.079,0.641,0.155,-2.267,-0.866,17.38,1454.7,12.6481,126.48099999999998,1.7104947291102799,-0.0014231386532364547,,,Sand,,,Sand 4,4,17.14,20.42,-18.46,-21.740000000000002
-18.72,17.4,13.178,0.086,0.665,0.155,-2.281,-0.885,17.4,1455.6,13.2431,132.431,1.7042913086668834,-0.001374300579169529,,,Sand,,,Sand 4,4,17.14,20.42,-18.46,-21.740000000000002
-18.740000000000002,17.42,13.783,0.093,0.692,0.156,-2.295,-0.871,17.42,1456.5,13.848519999999999,138.4852,1.6997040791056564,-0.0012564519529884807,,,Sand,,,Sand 4,4,17.14,20.42,-18.46,-21.740000000000002
-18.76,17.44,14.324,0.101,0.717,0.156,-2.286,-0.907,17.44,1457.4,14.38952,143.8952,1.6964562907382736,-0.0012231123762293686,,,Sand,,,Sand 4,4,17.14,20.42,-18.46,-21.740000000000002
-18.78,17.46,14.817,0.107,0.742,0.156,-2.274,-0.935,17.46,1458.3,14.88252,148.8252,1.694706170857869,-0.0011960340049937787,,,Sand,,,Sand 4,4,17.14,20.42,-18.46,-21.740000000000002
-18.8,17.48,15.241,0.111,0.746,0.157,-2.303,-0.887,17.48,1459.1,15.306939999999999,153.06939999999997,1.6868876729901674,-0.001110607345426325,,,Sand,,,Sand 4,4,17.14,20.42,-18.46,-21.740000000000002
-18.82,17.5,15.537,0.114,0.742,0.157,-2.28,-0.91,17.5,1460.0,15.60294,156.0294,1.679042130342686,-0.0011023563507903008,,,Sand,,,Sand 4,4,17.14,20.42,-18.46,-21.740000000000002
-18.84,17.52,15.751,0.116,0.742,0.157,-2.309,-0.91,17.52,1460.9,15.816939999999999,158.1694,1.6745478136176468,-0.0011000863631018393,,,Sand,,,Sand 4,4,17.14,20.42,-18.46,-21.740000000000002
-18.86,17.54,15.967,0.116,0.728,0.157,-2.306,-0.887,17.54,1461.7,16.03294,160.3294,1.6646921664270415,-0.0010977400277179371,,,Sand,,,Sand 4,4,17.14,20.42,-18.46,-21.740000000000002
-18.88,17.56,16.238,0.114,0.701,0.158,-2.323,-0.883,17.56,1462.6,16.30436,163.0436,1.648500754028552,-0.001030399230635242,,,Sand,,,Sand 4,4,17.14,20.42,-18.46,-21.740000000000002
-18.9,17.58,16.575,0.114,0.683,0.158,-2.312,-0.9,17.58,1463.5,16.64136,166.4136,1.63442111902632,-0.0010215511232255056,,,Sand,,,Sand 4,4,17.14,20.42,-18.46,-21.740000000000002
-18.92,17.6,16.997,0.114,0.667,0.158,-2.306,-0.907,17.6,1464.4,17.06336,170.6336,1.6194699523717255,-0.0010080078015115455,,,Sand,,,Sand 4,4,17.14,20.42,-18.46,-21.740000000000002
-18.94,17.62,17.531,0.113,0.644,0.158,-2.308,-0.891,17.62,1465.2,17.59736,175.97359999999998,1.5994170523583462,-0.0009887846813385664,,,Sand,,,Sand 4,4,17.14,20.42,-18.46,-21.740000000000002
-18.96,17.64,18.106,0.112,0.613,0.158,-2.324,-0.902,17.64,1466.1,18.17236,181.7236,1.5749608031473954,-0.0009685038156849205,,,Sand,,,Sand 4,4,17.14,20.42,-18.46,-21.740000000000002
-18.98,17.66,18.806,0.112,0.59,0.158,-2.332,-0.898,17.66,1467.0,18.87236,188.7236,1.5517212198365231,-0.0009431782776504905,,,Sand,,,Sand 4,4,17.14,20.42,-18.46,-21.740000000000002
-19.0,17.68,19.738,0.115,0.582,0.158,-2.328,-0.888,17.68,1467.9,19.80436,198.0436,1.5318496915003021,-0.0009088907695073206,,,Sand,,,Sand 4,4,17.14,20.42,-18.46,-21.740000000000002
-19.02,17.7,20.877,0.12,0.588,0.158,-2.327,-0.937,17.7,1468.8,20.94336,209.43359999999996,1.5162328201435133,-0.0008690105121623283,,,Sand,,,Sand 4,4,17.14,20.42,-18.46,-21.740000000000002
-19.04,17.72,21.959,0.124,0.584,0.158,-2.328,-0.921,17.72,1469.7,22.02536,220.2536,1.4977692858783345,-0.000835400647253893,,,Sand,,,Sand 4,4,17.14,20.42,-18.46,-21.740000000000002
-19.06,17.74,22.821,0.129,0.585,0.158,-2.347,-0.897,17.74,1470.6,22.88736,228.8736,1.4857571846285405,-0.0008126756428002178,,,Sand,,,Sand 4,4,17.14,20.42,-18.46,-21.740000000000002
-19.080000000000002,17.76,23.461,0.136,0.594,0.158,-2.336,-0.913,17.76,1471.5,23.527359999999998,235.27359999999996,1.4812673418315074,-0.0007990696788759998,,,Sand,,,Sand 4,4,17.14,20.42,-18.46,-21.740000000000002
-19.1,17.78,23.952,0.143,0.605,0.159,-2.368,-0.881,17.78,1472.3,24.018780000000003,240.18780000000004,1.480004417464502,-0.0007494135838706223,,,Sand,,,Sand 4,4,17.14,20.42,-18.46,-21.740000000000002
-19.12,17.8,24.498,0.147,0.61,0.159,-2.389,-0.889,17.8,1473.2,24.564780000000003,245.64780000000002,1.475266876347437,-0.0007408981476732141,,,Sand,,,Sand 4,4,17.14,20.42,-18.46,-21.740000000000002
-19.14,17.82,24.956,0.154,0.626,0.159,-2.363,-0.887,17.82,1474.1,25.02278,250.22780000000003,1.4771215427328834,-0.0007353299673337668,,,Sand,,,Sand 4,4,17.14,20.42,-18.46,-21.740000000000002
-19.16,17.84,25.316,0.16,0.644,0.157,-2.383,-0.918,17.84,1475.0,25.38194,253.81939999999997,1.4811628883550936,-0.0008116006893090136,,,Sand,,,Sand 4,4,17.14,20.42,-18.46,-21.740000000000002
-19.18,17.86,25.596,0.167,0.666,0.157,-2.409,-0.899,17.86,1475.9,25.66194,256.61940000000004,1.48793321863104,-0.000810538875860516,,,Sand,,,Sand 4,4,17.14,20.42,-18.46,-21.740000000000002
-19.2,17.88,25.664,0.172,0.68,0.158,-2.409,-0.914,17.88,1476.8,25.73036,257.3036,1.4934624138075212,-0.0007772918839845226,,,Sand,,,Sand 4,4,17.14,20.42,-18.46,-21.740000000000002
-19.22,17.9,25.523,0.174,0.691,0.159,-2.409,-0.914,17.9,1477.7,25.58978,255.89780000000002,1.500065458717051,-0.0007502995336419456,,,Sand,,,Sand 4,4,17.14,20.42,-18.46,-21.740000000000002
-19.240000000000002,17.92,25.257,0.174,0.694,0.159,-2.413,-0.871,17.92,1478.6,25.323780000000003,253.23780000000002,1.5046080279308112,-0.000766078365867972,,,Sand,,,Sand 4,4,17.14,20.42,-18.46,-21.740000000000002
-19.26,17.94,24.884,0.174,0.701,0.16,-2.425,-0.955,17.94,1479.4,24.9512,249.512,1.5122459051317385,-0.0007454551284106585,,,Sand,,,Sand 4,4,17.14,20.42,-18.46,-21.740000000000002
-19.28,17.96,24.437,0.173,0.704,0.16,-2.422,-0.884,17.96,1480.3,24.5042,245.042,1.5191288351740742,-0.000767215416132745,,,Sand,,,Sand 4,4,17.14,20.42,-18.46,-21.740000000000002
-19.3,17.98,24.089,0.171,0.704,0.16,-2.44,-0.876,17.98,1481.2,24.1562,241.56199999999998,1.5235544528262588,-0.0007865475530091666,,,Sand,,,Sand 4,4,17.14,20.42,-18.46,-21.740000000000002
-19.32,18.0,23.89,0.171,0.71,0.161,-2.476,-0.925,18.0,1482.1,23.957620000000002,239.57620000000003,1.5286947222834102,-0.0007596747924042545,,,Sand,,,Sand 4,4,17.14,20.42,-18.46,-21.740000000000002
-19.34,18.02,23.761,0.171,0.719,0.16,-2.46,-0.888,18.02,1482.9,23.8282,238.282,1.5342081567956443,-0.0008141613718199446,,,Sand,,,Sand 4,4,17.14,20.42,-18.46,-21.740000000000002
-19.36,18.04,23.566,0.17,0.717,0.16,-2.446,-0.907,18.04,1483.8,23.6332,236.33199999999997,1.5359050412771602,-0.0008293417734373689,,,Sand,,,Sand 4,4,17.14,20.42,-18.46,-21.740000000000002
-19.38,18.06,23.416,0.166,0.707,0.161,-2.467,-0.93,18.06,1484.7,23.483620000000002,234.83620000000002,1.5336151311826733,-0.0008005580059633058,,,Sand,,,Sand 4,4,17.14,20.42,-18.46,-21.740000000000002
-19.4,18.08,23.242,0.146,0.624,0.161,-2.473,-0.93,18.07,1485.5,23.309620000000002,233.09620000000004,1.4986755487788568,-0.0008151141031042118,,,Sand,,,Sand 4,4,17.14,20.42,-18.46,-21.740000000000002
-19.42,18.1,22.938,0.126,0.542,0.161,-2.48,-0.895,18.09,1486.4,23.00562,230.0562,1.4622402849366234,-0.0008345786812092022,,,Sand,,,Sand 4,4,17.14,20.42,-18.46,-21.740000000000002
-19.44,18.12,22.648,0.108,0.471,0.162,-2.461,-0.894,18.11,1487.3,22.71604,227.1604,1.4274947857240055,-0.000810000334565357,,,Sand,,,Sand 4,4,17.14,20.42,-18.46,-21.740000000000002
-19.46,18.14,22.512,0.113,0.497,0.162,-2.502,-0.892,18.13,1488.2,22.58004,225.8004,1.4442228225196627,-0.0008237363618487843,,,Sand,,,Sand 4,4,17.14,20.42,-18.46,-21.740000000000002
-19.48,18.16,22.474,0.117,0.513,0.16,-2.492,-0.903,18.15,1492.2,22.5412,225.412,1.453567550240501,-0.0009227547779177689,,,Sand,,,Sand 4,4,17.14,20.42,-18.46,-21.740000000000002
-19.5,18.18,22.431,0.119,0.526,0.158,-2.481,-0.897,18.17,1497.6,22.49736,224.9736,1.4611926719424162,-0.0010223421770376613,,,Sand,,,Sand 4,4,17.14,20.42,-18.46,-21.740000000000002
-19.52,18.2,22.388,0.123,0.541,0.157,-2.471,-0.892,18.19,1502.9,22.453940000000003,224.53940000000003,1.4697249291626533,-0.0010777618538216462,,,Sand,,,Sand 4,4,17.14,20.42,-18.46,-21.740000000000002
-19.54,18.22,22.68,0.127,0.559,0.159,-2.5,-0.937,18.21,1505.1,22.74678,227.4678,1.4747314516030505,-0.0009847547652898565,,,Sand,,,Sand 4,4,17.14,20.42,-18.46,-21.740000000000002
-19.56,18.24,22.905,0.134,0.593,0.16,-2.465,-0.923,18.23,1506.0,22.9722,229.722,1.4884855805099568,-0.0009402669313343952,,,Sand,,,Sand 4,4,17.14,20.42,-18.46,-21.740000000000002
-19.580000000000002,18.26,22.849,0.143,0.636,0.16,-2.516,-0.952,18.25,1506.9,22.9162,229.162,1.5097178237335525,-0.0009512920990391094,,,Sand,,,Sand 4,4,17.14,20.42,-18.46,-21.740000000000002
-19.6,18.28,22.585,0.148,0.66,0.161,-2.501,-0.954,18.27,1507.7,22.652620000000002,226.52620000000002,1.5243400169863348,-0.0009270450835267631,,,Sand,,,Sand 4,4,17.14,20.42,-18.46,-21.740000000000002
-19.62,18.3,22.298,0.15,0.669,0.161,-2.526,-0.954,18.29,1508.6,22.36562,223.65619999999998,1.5324015902103614,-0.0009478834031875717,,,Sand,,,Sand 4,4,17.14,20.42,-18.46,-21.740000000000002
-19.64,18.32,22.049,0.15,0.672,0.161,-2.528,-0.945,18.31,1509.5,22.11662,221.16620000000003,1.537283406529506,-0.0009675981230405022,,,Sand,,,Sand 4,4,17.14,20.42,-18.46,-21.740000000000002
-19.66,18.34,21.925,0.147,0.665,0.162,-2.535,-0.95,18.33,1510.4,21.99304,219.93040000000002,1.5359744494856102,-0.0009366599615150985,,,Sand,,,Sand 4,4,17.14,20.42,-18.46,-21.740000000000002
-19.68,18.36,21.79,0.144,0.656,0.162,-2.541,-0.93,18.35,1511.3,21.85804,218.58039999999997,1.5339323238799472,-0.0009515949279990344,,,Sand,,,Sand 4,4,17.14,20.42,-18.46,-21.740000000000002
-19.7,18.38,21.717,0.143,0.653,0.162,-2.567,-0.976,18.37,1512.2,21.78504,217.85039999999998,1.5336592799537994,-0.000963964261713543,,,Sand,,,Sand 4,4,17.14,20.42,-18.46,-21.740000000000002
-19.72,18.4,21.711,0.141,0.645,0.163,-2.546,-0.948,18.39,1513.1,21.77946,217.7946,1.5301341629050782,-0.0009274793773582995,,,Sand,,,Sand 4,4,17.14,20.42,-18.46,-21.740000000000002
-19.740000000000002,18.42,21.791,0.137,0.628,0.163,-2.559,-0.919,18.41,1513.9,21.859460000000002,218.5946,1.5211695685136866,-0.0009332343982879738,,,Sand,,,Sand 4,4,17.14,20.42,-18.46,-21.740000000000002
-19.76,18.44,21.792,0.135,0.619,0.164,-2.588,-0.942,18.43,1514.8,21.86088,218.6088,1.516960517847143,-0.0008965787287611487,,,Sand,,,Sand 4,4,17.14,20.42,-18.46,-21.740000000000002
-19.78,18.46,21.79,0.137,0.626,0.164,-2.57,-0.945,18.45,1515.7,21.85888,218.58879999999996,1.520251441717323,-0.0009058103617385709,,,Sand,,,Sand 4,4,17.14,20.42,-18.46,-21.740000000000002
-19.8,18.48,21.919,0.139,0.633,0.164,-2.593,-0.973,18.47,1516.6,21.98788,219.8788,1.5215899304835867,-0.0009095920115991186,,,Sand,,,Sand 4,4,17.14,20.42,-18.46,-21.740000000000002
-19.82,18.5,22.095,0.138,0.63,0.165,-2.582,-0.965,18.49,1517.4,22.164299999999997,221.64299999999994,1.5176327088252135,-0.0008662579012195296,,,Sand,,,Sand 4,4,17.14,20.42,-18.46,-21.740000000000002
-19.84,18.52,22.153,0.139,0.63,0.165,-2.603,-0.952,18.51,1518.3,22.222299999999997,222.22299999999996,1.5167920398773083,-0.0008729969445106946,,,Sand,,,Sand 4,4,17.14,20.42,-18.46,-21.740000000000002
-19.86,18.54,22.102,0.14,0.635,0.165,-2.592,-0.975,18.53,1519.2,22.1713,221.713,1.5198393377553217,-0.0008840257449946563,,,Sand,,,Sand 4,4,17.14,20.42,-18.46,-21.740000000000002
-19.88,18.56,22.058,0.141,0.645,0.166,-2.617,-0.987,18.55,1520.1,22.12772,221.27720000000002,1.5250444939548866,-0.0008496130645181705,,,Sand,,,Sand 4,4,17.14,20.42,-18.46,-21.740000000000002
-19.9,18.58,22.0,0.142,0.651,0.166,-2.611,-0.979,18.57,1520.9,22.06972,220.6972,1.5286017320407315,-0.0008609080677054353,,,Sand,,,Sand 4,4,17.14,20.42,-18.46,-21.740000000000002
-19.92,18.6,21.732,0.141,0.651,0.166,-2.602,-0.958,18.59,1521.8,21.80172,218.0172,1.5325151958021728,-0.0008806644613360801,,,Sand,,,Sand 4,4,17.14,20.42,-18.46,-21.740000000000002
-19.94,18.62,21.307,0.14,0.654,0.166,-2.611,-0.933,18.61,1522.7,21.37672,213.76719999999997,1.5401803918987664,-0.0009075293122611906,,,Sand,,,Sand 4,4,17.14,20.42,-18.46,-21.740000000000002
-19.96,18.64,20.931,0.141,0.666,0.167,-2.62,-0.944,18.63,1523.5,21.00114,210.01139999999998,1.551188220759921,-0.0008856662066916379,,,Sand,,,Sand 4,4,17.14,20.42,-18.46,-21.740000000000002
-19.98,18.66,20.559,0.14,0.672,0.166,-2.646,-0.912,18.65,1524.5,20.62872,206.2872,1.559559778689105,-0.0009598268821332593,,,Sand,,,Sand 4,4,17.14,20.42,-18.46,-21.740000000000002
-20.0,18.68,20.301,0.138,0.672,0.166,-2.655,-0.949,18.67,1525.4,20.37072,203.70719999999997,1.563613948946982,-0.0009818013305371632,,,Sand,,,Sand 4,4,17.14,20.42,-18.46,-21.740000000000002
-20.02,18.7,20.014,0.135,0.669,0.167,-2.643,-0.973,18.69,1526.2,20.084139999999998,200.8414,1.5668909748288977,-0.0009559781997138049,,,Sand,,,Sand 4,4,17.14,20.42,-18.46,-21.740000000000002
-20.04,18.72,19.739,0.133,0.67,0.166,-2.645,-0.953,18.71,1527.1,19.80872,198.08720000000002,1.5717946329250605,-0.0010298494804308407,,,Sand,,,Sand 4,4,17.14,20.42,-18.46,-21.740000000000002
-20.06,18.74,19.41,0.131,0.672,0.167,-2.643,-1.005,18.73,1528.0,19.48014,194.8014,1.5780827818921936,-0.0010061529331924716,,,Sand,,,Sand 4,4,17.14,20.42,-18.46,-21.740000000000002
-20.080000000000002,18.76,19.079,0.126,0.658,0.168,-2.643,-0.949,18.75,1528.8,19.14956,191.49560000000002,1.5776183706731155,-0.0009817457946814463,,,Sand,,,Sand 4,4,17.14,20.42,-18.46,-21.740000000000002
-20.1,18.78,18.762,0.12,0.639,0.167,-2.638,-0.952,18.77,1529.7,18.83214,188.32139999999998,1.5747751582529608,-0.0010620141948817303,,,Sand,,,Sand 4,4,17.14,20.42,-18.46,-21.740000000000002
-20.12,18.8,18.433,0.117,0.629,0.168,-2.654,-0.979,18.79,1530.6,18.50356,185.03560000000002,1.576148460135786,-0.0010376381626022245,,,Sand,,,Sand 4,4,17.14,20.42,-18.46,-21.740000000000002
-20.14,18.82,18.118,0.115,0.631,0.168,-2.645,-0.971,18.81,1531.4,18.18856,181.88559999999998,1.582734345091712,-0.001066604503050271,,,Sand,,,Sand 4,4,17.14,20.42,-18.46,-21.740000000000002
-20.16,18.84,17.86,0.112,0.621,0.168,-2.661,-0.938,18.83,1532.3,17.93056,179.30560000000003,1.5830345869977347,-0.0010931058483393725,,,Sand,,,Sand 4,4,17.14,20.42,-18.46,-21.740000000000002
-20.18,18.86,17.585,0.109,0.618,0.167,-2.69,-0.929,18.85,1533.2,17.65514,176.5514,1.5868654139415914,-0.001178127162967839,,,Sand,,,Sand 4,4,17.14,20.42,-18.46,-21.740000000000002
-20.2,18.88,17.368,0.107,0.614,0.168,-2.653,-0.911,18.87,1534.0,17.43856,174.38559999999998,1.5892103767258088,-0.001146883687643934,,,Sand,,,Sand 4,4,17.14,20.42,-18.46,-21.740000000000002
-20.22,18.9,17.09,0.105,0.611,0.169,-2.662,-0.965,18.89,1535.0,17.16098,171.6098,1.5932592934053091,-0.0011188172237249848,,,Sand,,,Sand 4,4,17.14,20.42,-18.46,-21.740000000000002
-20.240000000000002,18.92,16.952,0.103,0.605,0.17,-2.679,-0.933,18.91,1535.8,17.023400000000002,170.234,1.5932733888730055,-0.0010808651620710335,,,Sand,,,Sand 4,4,17.14,20.42,-18.46,-21.740000000000002
-20.26,18.94,16.812,0.102,0.604,0.169,-2.709,-0.954,18.93,1536.7,16.88298,168.8298,1.595621407690105,-0.0011609324894064925,,,Sand,,,Sand 4,4,17.14,20.42,-18.46,-21.740000000000002
-20.28,18.96,16.715,0.102,0.606,0.17,-2.686,-0.983,18.95,1537.6,16.7864,167.864,1.5984623926207162,-0.0011199542486775014,,,Sand,,,Sand 4,4,17.14,20.42,-18.46,-21.740000000000002
-20.3,18.98,16.63,0.101,0.606,0.17,-2.709,-0.968,18.97,1538.4,16.7014,167.01399999999998,1.6001802231880122,-0.0011376291807872413,,,Sand,,,Sand 4,4,17.14,20.42,-18.46,-21.740000000000002
-20.32,19.0,16.52,0.102,0.616,0.169,-2.706,-0.958,18.99,1539.3,16.59098,165.9098,1.6068830484094652,-0.0012175290428895712,,,Sand,,,Sand 4,4,17.14,20.42,-18.46,-21.740000000000002
-20.34,19.02,16.401,0.104,0.633,0.169,-2.705,-0.947,19.01,1540.1,16.47198,164.7198,1.616759602683931,-0.001238466778128677,,,Sand,,,Sand 4,4,17.14,20.42,-18.46,-21.740000000000002
-20.36,19.04,16.273,0.104,0.638,0.17,-2.7,-0.954,19.03,1541.0,16.3444,163.444,1.6215359811268677,-0.0011991874892929703,,,Sand,,,Sand 4,4,17.14,20.42,-18.46,-21.740000000000002
-20.38,19.06,16.132,0.101,0.624,0.17,-2.702,-0.952,19.05,1541.9,16.203400000000002,162.03400000000002,1.6183919179762443,-0.0012219657602725359,,,Sand,,,Sand 4,4,17.14,20.42,-18.46,-21.740000000000002
-20.4,19.08,15.938,0.092,0.574,0.174,-2.738,-0.98,19.07,1542.7,16.01108,160.1108,1.5999873878189743,-0.0009993079792243872,,,Sand,,,Sand 4,4,17.14,20.42,-18.46,-21.740000000000002
-20.42,19.1,15.682,0.083,0.524,0.171,-2.711,-0.954,19.09,1543.6,15.753820000000001,157.53820000000002,1.581736377427027,-0.0012187520233187916,,,Sand,,,Sand 4,4,17.14,20.42,-18.46,-21.740000000000002
-20.44,19.12,15.492,0.078,0.495,0.171,-2.731,-0.964,19.11,1544.4,15.563820000000002,155.6382,1.5714610010104602,-0.0012464806197964274,,,Sand,,,Sand 4,4,17.14,20.42,-18.46,-21.740000000000002
-20.46,19.14,15.362,0.083,0.531,0.172,-2.754,-0.966,19.13,1545.4,15.43424,154.34240000000003,1.5923202285830036,-0.0012051127881904143,,,Sand,,,Sand 4,4,17.14,20.42,-18.46,-21.740000000000002
-20.48,19.16,15.117,0.085,0.556,0.171,-2.742,-0.975,19.15,1550.1,15.188820000000002,151.8882,1.6098259734280693,-0.0013035904039945176,,,Sand,,,Sand 4,4,17.14,20.42,-18.46,-21.740000000000002
-20.5,19.18,14.853,0.086,0.575,0.17,-2.727,-0.969,19.17,1555.4,14.9244,149.244,1.624694550559698,-0.0014070917423816033,,,Sand,,,Sand 4,4,17.14,20.42,-18.46,-21.740000000000002
-20.52,19.2,14.59,0.087,0.592,0.168,-2.713,-0.964,19.19,1560.6,14.66056,146.60559999999998,1.6385132689884185,-0.0015824770677245628,,,Sand,,,Sand 4,4,17.14,20.42,-18.46,-21.740000000000002
-20.54,19.22,14.409,0.086,0.6,0.167,-2.732,-0.964,19.21,1562.2,14.479140000000001,144.7914,1.6463475999487869,-0.0016851829597614226,,,Sand,,,Sand 4,4,17.14,20.42,-18.46,-21.740000000000002
-20.56,19.24,14.254,0.09,0.626,0.171,-2.728,-0.905,19.23,1563.1,14.32582,143.2582,1.661236096804775,-0.0014379630624983418,,,Sand,,,Sand 4,4,17.14,20.42,-18.46,-21.740000000000002
-20.580000000000002,19.26,14.149,0.091,0.637,0.171,-2.713,-0.955,19.25,1563.9,14.22082,142.2082,1.6683971596796165,-0.0014626442075773437,,,Sand,,,Sand 4,4,17.14,20.42,-18.46,-21.740000000000002
-20.6,19.28,14.024,0.087,0.616,0.172,-2.766,-0.957,19.27,1564.8,14.09624,140.9624,1.6625346147222544,-0.0014188180677968045,,,Sand,,,Sand 4,4,17.14,20.42,-18.46,-21.740000000000002
-20.62,19.3,13.892,0.087,0.622,0.172,-2.733,-0.949,19.29,1565.7,13.96424,139.6424,1.6683375221887609,-0.001446552050093669,,,Sand,,,Sand 4,4,17.14,20.42,-18.46,-21.740000000000002
-20.64,19.32,13.755,0.086,0.621,0.172,-2.739,-0.878,19.31,1566.5,13.827240000000002,138.2724,1.6713164567817653,-0.0014753486596023524,,,Sand,,,Sand 4,4,17.14,20.42,-18.46,-21.740000000000002
-20.66,19.34,13.682,0.084,0.612,0.171,-2.72,-0.947,19.33,1567.4,13.753820000000001,137.53820000000002,1.6693246650273945,-0.0015704727850153644,,,Sand,,,Sand 4,4,17.14,20.42,-18.46,-21.740000000000002
-20.68,19.36,13.627,0.083,0.612,0.173,-2.763,-0.955,19.35,1568.3,13.699660000000002,136.99660000000003,1.6706918366283798,-0.001445291342996834,,,Sand,,,Sand 4,4,17.14,20.42,-18.46,-21.740000000000002
-20.7,19.38,13.523,0.081,0.597,0.172,-2.761,-1.002,19.37,1569.2,13.59524,135.9524,1.6668831705652942,-0.0015446582774559332,,,Sand,,,Sand 4,4,17.14,20.42,-18.46,-21.740000000000002
-20.72,19.4,13.462,0.079,0.586,0.17,-2.791,-0.928,19.39,1570.0,13.5334,135.334,1.6636625674355268,-0.0017142772695701,,,Sand,,,Sand 4,4,17.14,20.42,-18.46,-21.740000000000002
-20.740000000000002,19.42,13.431,0.078,0.583,0.174,-2.779,-0.932,19.41,1570.8,13.504079999999998,135.0408,1.663098466843357,-0.0014366028637271134,,,Sand,,,Sand 4,4,17.14,20.42,-18.46,-21.740000000000002
-20.76,19.44,13.365,0.078,0.578,0.174,-2.783,-0.984,19.43,1571.8,13.43808,134.3808,1.662600760601806,-0.0014585416964328255,,,Sand,,,Sand 4,4,17.14,20.42,-18.46,-21.740000000000002
-20.78,19.46,13.345,0.075,0.564,0.174,-2.778,-0.971,19.45,1572.7,13.41808,134.1808,1.6568579366431793,-0.001475620953221326,,,Sand,,,Sand 4,4,17.14,20.42,-18.46,-21.740000000000002
-20.8,19.48,13.3,0.077,0.577,0.175,-2.803,-0.977,19.47,1573.5,13.3735,133.735,1.663845923115188,-0.0014207200807567226,,,Sand,,,Sand 4,4,17.14,20.42,-18.46,-21.740000000000002
-20.82,19.5,13.325,0.077,0.572,0.174,-2.796,-0.974,19.49,1574.4,13.398079999999998,133.9808,1.660974913996179,-0.001507678712173686,,,Sand,,,Sand 4,4,17.14,20.42,-18.46,-21.740000000000002
-20.84,19.52,13.364,0.08,0.593,0.176,-2.758,-1.006,19.51,1575.3,13.43792,134.3792,1.6692005597436566,-0.0013692595282603264,,,Sand,,,Sand 4,4,17.14,20.42,-18.46,-21.740000000000002
-20.86,19.54,13.455,0.082,0.602,0.176,-2.806,-0.999,19.53,1576.1,13.52892,135.2892,1.670751195101817,-0.001374832580871202,,,Sand,,,Sand 4,4,17.14,20.42,-18.46,-21.740000000000002
-20.88,19.56,13.616,0.082,0.598,0.176,-2.787,-0.995,19.55,1577.0,13.689919999999999,136.89919999999998,1.664902334178024,-0.0013732731820200567,,,Sand,,,Sand 4,4,17.14,20.42,-18.46,-21.740000000000002
-20.9,19.58,13.928,0.085,0.603,0.176,-2.79,-1.003,19.57,1577.8,14.00192,140.0192,1.6592510408595573,-0.0013569567602157418,,,Sand,,,Sand 4,4,17.14,20.42,-18.46,-21.740000000000002
-20.92,19.6,14.24,0.086,0.598,0.176,-2.826,-1.008,19.59,1578.7,14.31392,143.1392,1.649437402696586,-0.0013413516353312051,,,Sand,,,Sand 4,4,17.14,20.42,-18.46,-21.740000000000002
-20.94,19.62,14.68,0.089,0.601,0.177,-2.813,-1.007,19.61,1579.6,14.75434,147.5434,1.6402926358097218,-0.0012470906865369807,,,Sand,,,Sand 4,4,17.14,20.42,-18.46,-21.740000000000002
-20.96,19.64,15.251,0.091,0.597,0.177,-2.784,-1.007,19.63,1580.5,15.325339999999999,153.25339999999997,1.6254648665419318,-0.0012136761729266707,,,Sand,,,Sand 4,4,17.14,20.42,-18.46,-21.740000000000002
-20.98,19.66,15.84,0.091,0.582,0.177,-2.815,-0.995,19.65,1581.3,15.91434,159.1434,1.6057500923138488,-0.001181324516128222,,,Sand,,,Sand 4,4,17.14,20.42,-18.46,-21.740000000000002
-21.0,19.68,16.405,0.093,0.575,0.178,-2.83,-0.988,19.67,1582.2,16.479760000000002,164.79760000000002,1.5905600197541139,-0.001092248916246353,,,Sand,,,Sand 4,4,17.14,20.42,-18.46,-21.740000000000002
-21.02,19.7,16.963,0.097,0.578,0.178,-2.807,-0.997,19.69,1583.1,17.037760000000002,170.37760000000003,1.5805952309585087,-0.0010682155400709961,,,Sand,,,Sand 4,4,17.14,20.42,-18.46,-21.740000000000002
-21.04,19.72,17.668,0.103,0.589,0.178,-2.806,-1.063,19.71,1584.0,17.74276,177.4276,1.5719788741093572,-0.0010370427148876501,,,Sand,,,Sand 4,4,17.14,20.42,-18.46,-21.740000000000002
-21.06,19.74,18.33,0.106,0.584,0.179,-2.811,-1.006,19.73,1584.9,18.405179999999998,184.05179999999996,1.5572988608199076,-0.0009562525332542251,,,Sand,,,Sand 4,4,17.14,20.42,-18.46,-21.740000000000002
-21.080000000000002,19.76,19.044,0.107,0.571,0.177,-2.819,-1.024,19.75,1585.8,19.11834,191.1834,1.5383331110661882,-0.0010356547691902141,,,Sand,,,Sand 4,4,17.14,20.42,-18.46,-21.740000000000002
-21.1,19.78,19.752,0.112,0.576,0.177,-2.822,-1.027,19.77,1586.7,19.82634,198.26339999999996,1.528590292889547,-0.0010087590548734679,,,Sand,,,Sand 4,4,17.14,20.42,-18.46,-21.740000000000002
-21.12,19.8,20.473,0.117,0.586,0.177,-2.817,-1.06,19.79,1587.5,20.54734,205.4734,1.521563762748051,-0.000983095622109724,,,Sand,,,Sand 4,4,17.14,20.42,-18.46,-21.740000000000002
-21.14,19.82,20.976,0.119,0.579,0.178,-2.841,-0.987,19.81,1588.4,21.05076,210.50760000000002,1.510182751944965,-0.000921581928633457,,,Sand,,,Sand 4,4,17.14,20.42,-18.46,-21.740000000000002
-21.16,19.84,21.209,0.121,0.583,0.179,-2.835,-0.996,19.83,1589.3,21.28418,212.8418,1.5085014056150812,-0.000873888493707534,,,Sand,,,Sand 4,4,17.14,20.42,-18.46,-21.740000000000002
-21.18,19.86,21.329,0.123,0.578,0.177,-2.832,-1.043,19.85,1590.2,21.40334,214.0334,1.5042222497638216,-0.00097181094165677,,,Sand,,,Sand 4,4,17.14,20.42,-18.46,-21.740000000000002
-21.2,19.88,21.573,0.127,0.593,0.172,-2.832,-1.044,19.87,1591.0,21.64524,216.4524,1.507832913380578,-0.0012011878824166422,,,Sand,,,Sand 4,4,17.14,20.42,-18.46,-21.740000000000002
-21.22,19.9,21.816,0.128,0.587,0.175,-2.811,-1.034,19.89,1591.9,21.889499999999998,218.895,1.5012569230519046,-0.0010598688869092481,,,Sand,,,Sand 4,4,17.14,20.42,-18.46,-21.740000000000002
-21.240000000000002,19.92,22.086,0.128,0.581,0.176,-2.83,-1.041,19.91,1592.8,22.15992,221.5992,1.49430571134118,-0.001010833974129872,,,Sand,,,Sand 4,4,17.14,20.42,-18.46,-21.740000000000002
-21.26,19.94,22.304,0.134,0.604,0.178,-2.829,-1.046,19.93,1593.7,22.37876,223.7876,1.5022790344665033,-0.0009205157032829355,,,Sand,,,Sand 4,4,17.14,20.42,-18.46,-21.740000000000002
-21.28,19.96,22.586,0.142,0.638,0.179,-2.846,-1.02,19.95,1594.6,22.661179999999998,226.61179999999996,1.5142167885573297,-0.0008737409084610781,,,Sand,,,Sand 4,4,17.14,20.42,-18.46,-21.740000000000002
-21.3,19.98,22.771,0.145,0.647,0.179,-2.869,-1.044,19.97,1595.5,22.84618,228.4618,1.5157502645143346,-0.000875419873256712,,,Sand,,,Sand 4,4,17.14,20.42,-18.46,-21.740000000000002
-21.32,20.0,22.872,0.144,0.644,0.18,-2.84,-1.05,19.99,1596.4,22.9476,229.47600000000003,1.51296725999586,-0.0008366888040579414,,,Sand,,,Sand 4,4,17.14,20.42,-18.46,-21.740000000000002
-21.34,20.02,22.642,0.142,0.642,0.18,-2.835,-1.039,20.01,1597.2,22.7176,227.17600000000002,1.5152613075497001,-0.0008539634468429766,,,Sand,,,Sand 4,4,17.14,20.42,-18.46,-21.740000000000002
-21.36,20.04,21.977,0.141,0.642,0.18,-2.86,-1.081,20.03,1598.1,22.0526,220.526,1.5247691811789161,-0.0008887840889509637,,,Sand,,,Sand 4,4,17.14,20.42,-18.46,-21.740000000000002
-21.38,20.06,21.344,0.141,0.645,0.18,-2.854,-1.042,20.05,1599.0,21.419600000000003,214.19600000000003,1.5354946993821428,-0.0009243870100281989,,,Sand,,,Sand 4,4,17.14,20.42,-18.46,-21.740000000000002
-21.4,20.08,21.008,0.121,0.555,0.18,-2.846,-1.052,20.07,1599.8,21.0836,210.836,1.4977661872799506,-0.0009486046026295318,,,Sand,,,Sand 4,4,17.14,20.42,-18.46,-21.740000000000002
-21.42,20.1,21.242,0.101,0.466,0.18,-2.831,-1.049,20.09,1600.7,21.317600000000002,213.17600000000002,1.4462737584926753,-0.0009475738357038337,,,Sand,,,Sand 4,4,17.14,20.42,-18.46,-21.740000000000002
-21.44,20.12,21.849,0.104,0.483,0.188,-2.824,-1.028,20.11,1601.6,21.92796,219.2796,1.4462936808108056,-0.0005654880800585205,,,Sand,,,Sand 4,4,17.14,20.42,-18.46,-21.740000000000002
-21.46,20.14,21.822,0.107,0.486,0.172,-2.821,-1.063,20.13,1602.5,21.89424,218.94240000000002,1.4484971237023971,-0.0013062796424995807,,,Sand,,,Sand 4,4,17.14,20.42,-18.46,-21.740000000000002
-21.48,20.16,22.454,0.11,0.484,0.171,-2.822,-1.076,20.15,1608.6,22.52582,225.2582,1.4377578895838325,-0.0013229263130043662,,,Sand,,,Sand 4,4,17.14,20.42,-18.46,-21.740000000000002
-21.5,20.18,23.12,0.115,0.485,0.17,-2.822,-1.088,20.17,1615.0,23.1914,231.91400000000002,1.4285204261144364,-0.001336702398302819,,,Sand,,,Sand 4,4,17.14,20.42,-18.46,-21.740000000000002
-21.52,20.2,24.256,0.104,0.425,0.177,-2.798,-1.106,20.19,1618.9,24.33034,243.3034,1.376407842467449,-0.000994642902647477,,,Sand,,,Sand 4,4,17.14,20.42,-18.46,-21.740000000000002
-21.54,20.22,25.343,0.106,0.415,0.18,-2.814,-1.092,20.21,1619.8,25.4186,254.18600000000004,1.355074414964991,-0.0008419031732668206,,,Sand,,,Sand 4,4,17.14,20.42,-18.46,-21.740000000000002
-21.56,20.24,26.086,0.113,0.437,0.182,-2.815,-1.104,20.23,1620.7,26.16244,261.6244,1.3593415239280482,-0.0007491655977041895,,,Sand,,,Sand 4,4,17.14,20.42,-18.46,-21.740000000000002
-21.580000000000002,20.26,26.703,0.117,0.442,0.184,-2.822,-1.084,20.25,1621.6,26.780279999999998,267.8028,1.3546604895866101,-0.0006646681812139396,,,Sand,,,Sand 4,4,17.14,20.42,-18.46,-21.740000000000002
-21.6,20.28,27.381,0.123,0.449,0.183,-2.822,-1.149,20.27,1622.4,27.45786,274.5786,1.350726502015606,-0.0006919694397159876,,,Sand,,,Sand 4,4,17.14,20.42,-18.46,-21.740000000000002
-21.62,20.3,28.339,0.126,0.446,0.183,-2.824,-1.136,20.29,1623.3,28.41586,284.1586,1.337494573784467,-0.0006756790046122137,,,Sand,,,Sand 4,4,17.14,20.42,-18.46,-21.740000000000002
-21.64,20.32,29.502,0.131,0.446,0.186,-2.845,-1.158,20.31,1624.2,29.580119999999997,295.8012,1.3242900865871448,-0.000554426418824536,,,Sand,,,Sand 4,4,17.14,20.42,-18.46,-21.740000000000002
-21.66,20.34,30.586,0.135,0.445,0.183,-2.835,-1.162,20.33,1625.1,30.66286,306.62859999999995,1.3119069208267877,-0.0006392097801705393,,,Sand,,,Sand 4,4,17.14,20.42,-18.46,-21.740000000000002
-21.68,20.36,31.67,0.143,0.457,0.182,-2.819,-1.167,20.35,1626.0,31.746440000000003,317.4644,1.3083833657400186,-0.0006551915742363556,,,Dense sand / gravelly sand,,,Sand 4,4,17.14,20.42,-18.46,-21.740000000000002
-21.7,20.38,32.862,0.155,0.48,0.183,-2.843,-1.174,20.37,1626.9,32.938860000000005,329.38860000000005,1.3111425347256718,-0.0006071855552985135,,,Sand,,,Sand 4,4,17.14,20.42,-18.46,-21.740000000000002
-21.72,20.4,33.997,0.163,0.49,0.183,-2.847,-1.189,20.39,1627.8,34.07386,340.7386,1.3067175126134005,-0.00059282981147425,,,Dense sand / gravelly sand,,,Sand 4,4,17.14,20.42,-18.46,-21.740000000000002
-21.740000000000002,20.42,34.824,0.171,0.502,0.181,-2.842,-1.23,20.41,1628.7,34.90002,349.00019999999995,1.3066551045126829,-0.0006418334430753918,,,Dense sand / gravelly sand,,,Sand 5,5,20.42,21.14,-21.740000000000002,-22.46
-21.76,20.44,35.44,0.18,0.521,0.182,-2.826,-1.239,20.43,1629.6,35.516439999999996,355.16439999999994,1.3127356768616587,-0.0006081690619893218,,,Sand,,,Sand 5,5,20.42,21.14,-21.740000000000002,-22.46
-21.78,20.46,35.76,0.188,0.537,0.181,-2.851,-1.242,20.45,1630.6,35.83602,358.36019999999996,1.3194398154361666,-0.0006362313672109797,,,Sand,,,Sand 5,5,20.42,21.14,-21.740000000000002,-22.46
-21.8,20.48,35.707,0.199,0.566,0.177,-2.862,-1.291,20.47,1631.5,35.78134,357.81339999999994,1.3364344481411332,-0.0007545832548473599,,,Sand,,,Sand 5,5,20.42,21.14,-21.740000000000002,-22.46
-21.82,20.5,35.315,0.209,0.596,0.179,-2.874,-1.243,20.49,1632.4,35.39018,353.9018,1.356087042230634,-0.000712061933564622,,,Sand,,,Sand 5,5,20.42,21.14,-21.740000000000002,-22.46
-21.84,20.52,34.955,0.211,0.604,0.177,-2.874,-1.263,20.51,1633.2,35.02934,350.29339999999996,1.3633602454825897,-0.0007822014345688503,,,Sand,,,Sand 5,5,20.42,21.14,-21.740000000000002,-22.46
-21.86,20.54,34.474,0.213,0.61,0.175,-2.866,-1.281,20.53,1634.1,34.5475,345.475,1.3705968264969601,-0.0008567913741949496,,,Sand,,,Sand 5,5,20.42,21.14,-21.740000000000002,-22.46
-21.88,20.56,34.166,0.214,0.615,0.177,-2.855,-1.294,20.55,1635.0,34.240339999999996,342.4034,1.3758335744341654,-0.0008119078256816379,,,Sand,,,Sand 5,5,20.42,21.14,-21.740000000000002,-22.46
-21.9,20.58,34.211,0.216,0.62,0.179,-2.858,-1.286,20.57,1635.9,34.28618,342.8618,1.3780200392625865,-0.0007583230327788047,,,Sand,,,Sand 5,5,20.42,21.14,-21.740000000000002,-22.46
-21.92,20.6,34.63,0.216,0.623,0.179,-2.87,-1.317,20.59,1636.8,34.705180000000006,347.05180000000007,1.375991552298047,-0.0007549305319839874,,,Sand,,,Sand 5,5,20.42,21.14,-21.740000000000002,-22.46
-21.94,20.62,35.174,0.218,0.627,0.179,-2.869,-1.316,20.61,1637.7,35.24918,352.4918,1.3734945153633034,-0.00074895359267932,,,Sand,,,Sand 5,5,20.42,21.14,-21.740000000000002,-22.46
-21.96,20.64,35.313,0.218,0.627,0.181,-2.872,-1.327,20.63,1638.6,35.38902,353.89020000000005,1.3723397622931583,-0.0006951308626234922,,,Sand,,,Sand 5,5,20.42,21.14,-21.740000000000002,-22.46
-21.98,20.66,35.098,0.217,0.625,0.182,-2.876,-1.373,20.65,1639.5,35.17444,351.7443999999999,1.3730871824484114,-0.0006766276876049773,,,Sand,,,Sand 5,5,20.42,21.14,-21.740000000000002,-22.46
-22.0,20.68,34.712,0.217,0.625,0.183,-2.86,-1.358,20.67,1640.5,34.78886000000001,347.88860000000005,1.3763122888317831,-0.000661131178198998,,,Sand,,,Sand 5,5,20.42,21.14,-21.740000000000002,-22.46
-22.02,20.7,34.45,0.217,0.624,0.183,-2.881,-1.347,20.69,1641.4,34.526860000000006,345.2686000000001,1.3780170432889214,-0.0006719406282529026,,,Sand,,,Sand 5,5,20.42,21.14,-21.740000000000002,-22.46
-22.04,20.72,34.329,0.214,0.619,0.183,-2.888,-1.367,20.71,1642.2,34.405860000000004,344.0586,1.3764784824903455,-0.0006801167010503444,,,Sand,,,Sand 5,5,20.42,21.14,-21.740000000000002,-22.46
-22.06,20.74,34.316,0.21,0.609,0.184,-2.892,-1.332,20.73,1643.1,34.393280000000004,343.93280000000004,1.3713961691698393,-0.0006571051089049951,,,Sand,,,Sand 5,5,20.42,21.14,-21.740000000000002,-22.46
-22.080000000000002,20.76,34.43,0.208,0.602,0.184,-2.903,-1.355,20.75,1644.0,34.50728,345.0728,1.3667419495351363,-0.0006607301415817195,,,Sand,,,Sand 5,5,20.42,21.14,-21.740000000000002,-22.46
-22.1,20.78,34.588,0.207,0.597,0.185,-2.874,-1.405,20.77,1644.9,34.6657,346.65700000000004,1.3627365578573778,-0.0006346330811147626,,,Sand,,,Sand 5,5,20.42,21.14,-21.740000000000002,-22.46
-22.12,20.8,34.806,0.209,0.6,0.186,-2.891,-1.378,20.79,1645.8,34.884119999999996,348.84119999999996,1.3624702449310813,-0.0006077263809435359,,,Sand,,,Sand 5,5,20.42,21.14,-21.740000000000002,-22.46
-22.14,20.82,35.198,0.213,0.606,0.185,-2.88,-1.4,20.81,1646.7,35.2757,352.75699999999995,1.3623518473741243,-0.000634998029805221,,,Sand,,,Sand 5,5,20.42,21.14,-21.740000000000002,-22.46
-22.16,20.84,35.654,0.216,0.616,0.186,-2.868,-1.399,20.83,1647.6,35.73212,357.32120000000003,1.3638307843363224,-0.0006044981378099039,,,Sand,,,Sand 5,5,20.42,21.14,-21.740000000000002,-22.46
-22.18,20.86,35.88,0.218,0.625,0.187,-2.882,-1.44,20.85,1648.5,35.95854,359.5854,1.366663858202968,-0.0005784439523962878,,,Sand,,,Sand 5,5,20.42,21.14,-21.740000000000002,-22.46
-22.2,20.88,35.444,0.222,0.645,0.187,-2.882,-1.413,20.87,1649.4,35.52254,355.22540000000004,1.3803862061081689,-0.0005911739419534751,,,Sand,,,Sand 5,5,20.42,21.14,-21.740000000000002,-22.46
-22.22,20.9,34.374,0.227,0.674,0.188,-2.879,-1.407,20.89,1650.3,34.452960000000004,344.5296000000001,1.403479214814114,-0.0005863066627656952,,,Sand,,,Sand 5,5,20.42,21.14,-21.740000000000002,-22.46
-22.240000000000002,20.92,32.878,0.228,0.694,0.188,-2.87,-1.399,20.91,1651.2,32.95696,329.5696,1.425794011926786,-0.0006189891300653954,,,Sand,,,Sand 5,5,20.42,21.14,-21.740000000000002,-22.46
-22.26,20.94,31.098,0.225,0.707,0.187,-2.88,-1.422,20.93,1652.1,31.17654,311.7654,1.4479536670291715,-0.0006928286461550904,,,Sand,,,Sand 5,5,20.42,21.14,-21.740000000000002,-22.46
-22.28,20.96,29.389,0.216,0.699,0.189,-2.904,-1.409,20.95,1652.9,29.46838,294.6838,1.4609584350814646,-0.0006719066334830761,,,Sand,,,Sand 5,5,20.42,21.14,-21.740000000000002,-22.46
-22.3,20.98,28.226,0.205,0.679,0.188,-2.917,-1.413,20.97,1653.8,28.304959999999998,283.0496,1.4639104816659931,-0.000741919437441354,,,Sand,,,Sand 5,5,20.42,21.14,-21.740000000000002,-22.46
-22.32,21.0,27.86,0.193,0.647,0.188,-2.932,-1.4,20.99,1654.7,27.938959999999998,279.3896,1.4528968019027715,-0.0007587970346784568,,,Sand,,,Sand 5,5,20.42,21.14,-21.740000000000002,-22.46
-22.34,21.02,28.428,0.184,0.614,0.189,-2.939,-1.415,21.01,1655.6,28.50738,285.0738,1.4306345226922927,-0.0007156041698675923,,,Sand,,,Sand 5,5,20.42,21.14,-21.740000000000002,-22.46
-22.36,21.04,29.987,0.178,0.587,0.189,-2.98,-1.417,21.03,1656.5,30.06638,300.6638,1.4004671777437683,-0.0006851506566470598,,,Sand,,,Sand 5,5,20.42,21.14,-21.740000000000002,-22.46
-22.38,21.06,31.724,0.171,0.553,0.19,-2.987,-1.462,21.05,1657.4,31.8038,318.038,1.3648943319391178,-0.0006225671146215236,,,Sand,,,Sand 5,5,20.42,21.14,-21.740000000000002,-22.46
-22.4,21.08,32.953,0.156,0.492,0.191,-3.005,-1.488,21.07,1658.3,33.03322,330.3322,1.3176398296680205,-0.0005751785626711535,,,Sand,,,Sand 5,5,20.42,21.14,-21.740000000000002,-22.46
-22.42,21.1,33.896,0.14,0.432,0.189,-3.014,-1.5,21.09,1659.3,33.97538,339.75380000000007,1.2701436414022234,-0.0006239812475975263,,,Dense sand / gravelly sand,,,Sand 5,5,20.42,21.14,-21.740000000000002,-22.46
-22.44,21.12,34.273,0.149,0.449,0.194,-3.016,-1.492,21.11,1660.1,34.35448,343.5448,1.2779674202091469,-0.00047737587645046677,,,Dense sand / gravelly sand,,,Sand 5,5,20.42,21.14,-21.740000000000002,-22.46
-22.46,21.14,34.524,0.16,0.475,0.188,-3.053,-1.505,21.13,1661.4,34.60296,346.0296000000001,1.2925206263449474,-0.0006531233166180008,,,Dense sand / gravelly sand,,,Sand 6,6,21.14,28.74,-22.46,-30.06
-22.48,21.16,34.225,0.17,0.502,0.185,-3.028,-1.517,21.15,1669.5,34.3027,343.02700000000004,1.3119857133104578,-0.0007521273835587288,,,Sand,,,Sand 6,6,21.14,28.74,-22.46,-30.06
-22.5,21.18,33.927,0.179,0.525,0.182,-3.003,-1.529,21.17,1677.6,34.00344,340.03439999999995,1.3283971044413656,-0.0008528548876231347,,,Sand,,,Sand 6,6,21.14,28.74,-22.46,-30.06
-22.52,21.2,33.87,0.187,0.548,0.184,-2.976,-1.548,21.19,1682.8,33.94728,339.4728,1.3421428538844817,-0.000801242397034461,,,Sand,,,Sand 6,6,21.14,28.74,-22.46,-30.06
-22.54,21.22,34.117,0.193,0.569,0.186,-2.966,-1.589,21.21,1683.7,34.195119999999996,341.9512,1.3516682573820595,-0.0007427960480910729,,,Sand,,,Sand 6,6,21.14,28.74,-22.46,-30.06
-22.56,21.24,34.118,0.21,0.622,0.188,-2.96,-1.574,21.23,1684.5,34.196960000000004,341.96960000000007,1.3798153295004885,-0.000690119823516476,,,Sand,,,Sand 6,6,21.14,28.74,-22.46,-30.06
-22.580000000000002,21.26,33.858,0.218,0.646,0.188,-2.947,-1.601,21.25,1685.5,33.93696,339.3696,1.394171572386669,-0.0007013002932496028,,,Sand,,,Sand 6,6,21.14,28.74,-22.46,-30.06
-22.6,21.28,33.489,0.221,0.657,0.188,-2.971,-1.622,21.27,1686.4,33.56796,335.6796,1.4027899336766791,-0.0007149674868535362,,,Sand,,,Sand 6,6,21.14,28.74,-22.46,-30.06
-22.62,21.3,33.149,0.218,0.651,0.19,-2.943,-1.62,21.29,1687.3,33.2288,332.288,1.4028236184007596,-0.0006680951463790451,,,Sand,,,Sand 6,6,21.14,28.74,-22.46,-30.06
-22.64,21.32,33.012,0.214,0.644,0.19,-2.947,-1.633,21.31,1688.2,33.0918,330.91799999999995,1.4005846863247424,-0.000676904852561663,,,Sand,,,Sand 6,6,21.14,28.74,-22.46,-30.06
-22.66,21.34,32.939,0.213,0.641,0.191,-2.957,-1.668,21.33,1689.1,33.01922,330.19219999999996,1.399743546072477,-0.0006541644533093158,,,Sand,,,Sand 6,6,21.14,28.74,-22.46,-30.06
-22.68,21.36,32.972,0.213,0.642,0.191,-2.953,-1.678,21.35,1690.0,33.05222,330.5222,1.3999455942079788,-0.0006595623531490475,,,Sand,,,Sand 6,6,21.14,28.74,-22.46,-30.06
-22.7,21.38,33.023,0.211,0.639,0.192,-2.952,-1.691,21.37,1690.9,33.103640000000006,331.03640000000007,1.3979943131927925,-0.0006343713259327372,,,Sand,,,Sand 6,6,21.14,28.74,-22.46,-30.06
-22.72,21.4,33.212,0.208,0.627,0.193,-2.964,-1.709,21.39,1691.8,33.293060000000004,332.9306,1.3902757762532647,-0.0006067330548769019,,,Sand,,,Sand 6,6,21.14,28.74,-22.46,-30.06
-22.740000000000002,21.42,33.276,0.206,0.621,0.192,-2.947,-1.69,21.41,1692.6,33.356640000000006,333.56640000000004,1.3866572580888248,-0.0006415514272420733,,,Sand,,,Sand 6,6,21.14,28.74,-22.46,-30.06
-22.76,21.44,33.288,0.208,0.625,0.193,-2.956,-1.783,21.43,1693.5,33.36906,333.69059999999996,1.388585554946694,-0.0006173383367706499,,,Sand,,,Sand 6,6,21.14,28.74,-22.46,-30.06
-22.78,21.46,33.292,0.208,0.622,0.194,-2.947,-1.78,21.45,1694.4,33.37348,333.7348,1.3870182674012912,-0.0005932854470076243,,,Sand,,,Sand 6,6,21.14,28.74,-22.46,-30.06
-22.8,21.48,33.515,0.209,0.623,0.193,-2.931,-1.774,21.47,1695.3,33.59606,335.96060000000006,1.3855604203884013,-0.0006250732972854562,,,Sand,,,Sand 6,6,21.14,28.74,-22.46,-30.06
-22.82,21.5,33.76,0.211,0.628,0.194,-2.942,-1.764,21.49,1696.2,33.84148,338.41479999999996,1.385957201867641,-0.0005969006083658286,,,Sand,,,Sand 6,6,21.14,28.74,-22.46,-30.06
-22.84,21.52,33.887,0.214,0.639,0.194,-2.949,-1.814,21.51,1697.1,33.96848,339.68479999999994,1.3904064420936109,-0.0006005567514354486,,,Sand,,,Sand 6,6,21.14,28.74,-22.46,-30.06
-22.86,21.54,33.833,0.216,0.65,0.194,-2.918,-1.83,21.53,1698.1,33.91448,339.1448,1.3963473941263533,-0.0006074101681641595,,,Sand,,,Sand 6,6,21.14,28.74,-22.46,-30.06
-22.88,21.56,33.395,0.218,0.66,0.194,-2.904,-1.824,21.55,1699.0,33.47648,334.76480000000004,1.4050510543995347,-0.0006213317529202595,,,Sand,,,Sand 6,6,21.14,28.74,-22.46,-30.06
-22.9,21.58,32.632,0.219,0.672,0.194,-2.942,-1.845,21.57,1699.9,32.71348,327.1348,1.4175787046517883,-0.0006419372075364652,,,Sand,,,Sand 6,6,21.14,28.74,-22.46,-30.06
-22.92,21.6,31.814,0.219,0.685,0.195,-2.926,-1.833,21.59,1700.7,31.8959,318.959,1.4311362274343413,-0.0006333102373659325,,,Sand,,,Sand 6,6,21.14,28.74,-22.46,-30.06
-22.94,21.62,30.954,0.215,0.691,0.195,-2.929,-1.881,21.61,1701.6,31.0359,310.35900000000004,1.4419580765968587,-0.0006573033164818817,,,Sand,,,Sand 6,6,21.14,28.74,-22.46,-30.06
-22.96,21.64,30.145,0.21,0.69,0.195,-2.925,-1.885,21.63,1702.5,30.2269,302.269,1.449304041805115,-0.0006815121630071235,,,Sand,,,Sand 6,6,21.14,28.74,-22.46,-30.06
-22.98,21.66,29.391,0.204,0.689,0.195,-2.907,-1.915,21.65,1703.4,29.4729,294.729,1.456359335316847,-0.0007057330632547192,,,Sand,,,Sand 6,6,21.14,28.74,-22.46,-30.06
-23.0,21.68,28.763,0.198,0.686,0.195,-2.92,-1.924,21.67,1704.2,28.844900000000003,288.449,1.4614312115464294,-0.0007280316451088407,,,Sand,,,Sand 6,6,21.14,28.74,-22.46,-30.06
-23.02,21.7,28.016,0.194,0.692,0.196,-2.914,-1.902,21.69,1705.1,28.098319999999998,280.98319999999995,1.4720457704901677,-0.0007189041907131821,,,Sand,,,Sand 6,6,21.14,28.74,-22.46,-30.06
-23.04,21.72,27.025,0.191,0.707,0.197,-2.916,-1.919,21.71,1706.0,27.10774,271.07739999999995,1.489574893461616,-0.0007156627590496296,,,Sand,,,Sand 6,6,21.14,28.74,-22.46,-30.06
-23.06,21.74,25.863,0.185,0.719,0.197,-2.903,-1.952,21.73,1706.8,25.94574,259.4574,1.5080920347713607,-0.0007554226628340527,,,Sand,,,Sand 6,6,21.14,28.74,-22.46,-30.06
-23.080000000000002,21.76,24.469,0.178,0.723,0.197,-2.908,-1.972,21.75,1707.8,24.551740000000002,245.5174,1.526683252873062,-0.0008064601531296779,,,Sand,,,Sand 6,6,21.14,28.74,-22.46,-30.06
-23.1,21.78,23.0,0.17,0.724,0.197,-2.899,-1.971,21.77,1708.7,23.08274,230.8274,1.5461721247503504,-0.0008664482639409372,,,Sand,,,Sand 6,6,21.14,28.74,-22.46,-30.06
-23.12,21.8,21.732,0.163,0.729,0.197,-2.875,-1.977,21.79,1709.5,21.81474,218.1474,1.5658944312675864,-0.0009259794065847228,,,Sand,,,Sand 6,6,21.14,28.74,-22.46,-30.06
-23.14,21.82,20.746,0.155,0.727,0.197,-2.86,-1.995,21.81,1710.4,20.82874,208.28740000000002,1.579649825802909,-0.0009794159416268114,,,Sand,,,Sand 6,6,21.14,28.74,-22.46,-30.06
-23.16,21.84,19.877,0.146,0.719,0.197,-2.886,-1.987,21.83,1711.2,19.95974,199.59740000000002,1.5899316679362414,-0.0010320775721527446,,,Sand,,,Sand 6,6,21.14,28.74,-22.46,-30.06
-23.18,21.86,19.022,0.139,0.723,0.198,-2.861,-1.988,21.85,1712.1,19.105159999999998,191.05159999999995,1.6055846824226483,-0.0010363692321864887,,,Sand,,,Sand 6,6,21.14,28.74,-22.46,-30.06
-23.2,21.88,18.169,0.137,0.741,0.197,-2.846,-1.996,21.87,1713.0,18.25174,182.5174,1.6274670766688486,-0.0011505752328271166,,,Sand,,,Sand 6,6,21.14,28.74,-22.46,-30.06
-23.22,21.9,17.39,0.133,0.756,0.197,-2.859,-1.983,21.89,1713.8,17.47274,174.72740000000002,1.6473759782961366,-0.001213318575106136,,,Sand,,,Sand 6,6,21.14,28.74,-22.46,-30.06
-23.240000000000002,21.92,16.718,0.127,0.755,0.196,-2.856,-2.02,21.91,1714.7,16.80032,168.0032,1.6597354910238664,-0.0013333079369916784,,,Sand,,,Sand 6,6,21.14,28.74,-22.46,-30.06
-23.26,21.94,16.124,0.119,0.739,0.197,-2.849,-2.006,21.93,1715.5,16.20674,162.0674,1.6653869611228407,-0.0013327788315231825,,,Sand,,,Sand 6,6,21.14,28.74,-22.46,-30.06
-23.28,21.96,15.334,0.111,0.719,0.197,-2.859,-2.022,21.95,1716.4,15.416739999999999,154.1674,1.6741828484062637,-0.001414047327774874,,,Sand,,,Sand 6,6,21.14,28.74,-22.46,-30.06
-23.3,21.98,14.412,0.104,0.7,0.197,-2.848,-1.973,21.97,1717.3,14.49474,144.9474,1.687413397620074,-0.0015177919714323975,,,Sand,,,Sand 6,6,21.14,28.74,-22.46,-30.06
-23.32,22.0,13.8,0.102,0.703,0.197,-2.878,-2.006,21.99,1718.2,13.88274,138.8274,1.7031487857426064,-0.0015991079570747573,,,Sand,,,Sand 6,6,21.14,28.74,-22.46,-30.06
-23.34,22.02,13.484,0.098,0.694,0.197,-2.877,-2.001,22.01,1719.0,13.56674,135.6674,1.7074705585091392,-0.0016510967262584825,,,Sand,,,Sand 6,6,21.14,28.74,-22.46,-30.06
-23.36,22.04,13.406,0.095,0.683,0.197,-2.86,-1.998,22.03,1719.9,13.48874,134.88739999999999,1.7051333417599972,-0.001675471541448647,,,Sand,,,Sand 6,6,21.14,28.74,-22.46,-30.06
-23.38,22.06,13.549,0.088,0.633,0.196,-2.884,-2.021,22.05,1720.8,13.631319999999999,136.31319999999997,1.6812865681673066,-0.0017459791128078583,,,Sand,,,Sand 6,6,21.14,28.74,-22.46,-30.06
-23.4,22.08,13.801,0.079,0.564,0.199,-2.874,-1.957,22.07,1721.6,13.88458,138.8458,1.6448563479037592,-0.0015124692284534354,,,Sand,,,Sand 6,6,21.14,28.74,-22.46,-30.06
-23.42,22.1,14.199,0.073,0.522,0.2,-2.852,-2.021,22.09,1722.5,14.283,142.83,1.615216978493332,-0.0014142687110551037,,,Sand,,,Sand 6,6,21.14,28.74,-22.46,-30.06
-23.44,22.12,14.945,0.084,0.573,0.201,-2.872,-1.974,22.11,1723.4,15.02942,150.2942,1.6213527944738972,-0.0012908016410480268,,,Sand,,,Sand 6,6,21.14,28.74,-22.46,-30.06
-23.46,22.14,15.941,0.092,0.589,0.201,-2.863,-1.989,22.13,1725.8,16.02542,160.2542,1.606560144986909,-0.0012230568684003303,,,Sand,,,Sand 6,6,21.14,28.74,-22.46,-30.06
-23.48,22.16,16.933,0.101,0.595,0.2,-2.878,-1.994,22.15,1732.1,17.017,170.17,1.5888596343422143,-0.0012223071046600464,,,Sand,,,Sand 6,6,21.14,28.74,-22.46,-30.06
-23.5,22.18,17.924,0.109,0.586,0.2,-2.894,-1.999,22.17,1738.3,18.008,180.08,1.5655784219150524,-0.0011661483784984451,,,Sand,,,Sand 6,6,21.14,28.74,-22.46,-30.06
-23.52,22.2,19.271,0.117,0.582,0.202,-2.886,-2.007,22.19,1740.2,19.35584,193.5584,1.5394827291977495,-0.000991948683188124,,,Sand,,,Sand 6,6,21.14,28.74,-22.46,-30.06
-23.54,22.22,20.661,0.126,0.597,0.204,-2.9,-2.003,22.21,1741.1,20.74668,207.4668,1.5236444401516853,-0.0008386884070125921,,,Sand,,,Sand 6,6,21.14,28.74,-22.46,-30.06
-23.56,22.24,22.081,0.136,0.628,0.203,-2.883,-2.083,22.23,1742.0,22.16626,221.66260000000003,1.5166770796617837,-0.0008391131386169788,,,Sand,,,Sand 6,6,21.14,28.74,-22.46,-30.06
-23.580000000000002,22.26,23.27,0.141,0.626,0.204,-2.873,-2.048,22.25,1743.0,23.35568,233.5568,1.4989871324096997,-0.0007621272427092698,,,Sand,,,Sand 6,6,21.14,28.74,-22.46,-30.06
-23.6,22.28,24.284,0.147,0.623,0.204,-2.892,-2.039,22.27,1743.8,24.36968,243.6968,1.4840486161953768,-0.0007386227476109669,,,Sand,,,Sand 6,6,21.14,28.74,-22.46,-30.06
-23.62,22.3,25.345,0.153,0.62,0.204,-2.877,-2.036,22.29,1744.7,25.43068,254.3068,1.4691492703049152,-0.0007156709926749901,,,Sand,,,Sand 6,6,21.14,28.74,-22.46,-30.06
-23.64,22.32,26.281,0.157,0.618,0.204,-2.885,-2.027,22.31,1745.6,26.36668,263.6668,1.4568398570544168,-0.0006978504688493217,,,Sand,,,Sand 6,6,21.14,28.74,-22.46,-30.06
-23.66,22.34,27.0,0.161,0.615,0.206,-2.861,-2.045,22.33,1746.5,27.08652,270.8652,1.446965756024167,-0.0006128509679353428,,,Sand,,,Sand 6,6,21.14,28.74,-22.46,-30.06
-23.68,22.36,27.407,0.162,0.607,0.206,-2.898,-2.013,22.35,1747.4,27.49352,274.9352,1.4383579627820398,-0.0006110530772341996,,,Sand,,,Sand 6,6,21.14,28.74,-22.46,-30.06
-23.7,22.38,27.506,0.164,0.604,0.205,-2.864,-2.018,22.37,1748.3,27.5921,275.921,1.4357433518276959,-0.0006523606394583957,,,Sand,,,Sand 6,6,21.14,28.74,-22.46,-30.06
-23.72,22.4,27.508,0.167,0.606,0.211,-2.868,-2.042,22.39,1749.1,27.596619999999998,275.9662,1.4366937579766683,-0.00044208312467251386,,,Sand,,,Sand 6,6,21.14,28.74,-22.46,-30.06
-23.740000000000002,22.42,27.621,0.163,0.588,0.207,-2.89,-2.066,22.41,1750.0,27.707939999999997,277.07939999999996,1.426327292051059,-0.0005918881013889894,,,Sand,,,Sand 6,6,21.14,28.74,-22.46,-30.06
-23.76,22.44,27.919,0.163,0.582,0.207,-2.874,-2.056,22.43,1750.9,28.00594,280.0594,1.4198910285991249,-0.0005927313991246151,,,Sand,,,Sand 6,6,21.14,28.74,-22.46,-30.06
-23.78,22.46,28.476,0.172,0.609,0.207,-2.875,-2.05,22.45,1751.8,28.562939999999998,285.6294,1.427533413589236,-0.0005881747467172501,,,Sand,,,Sand 6,6,21.14,28.74,-22.46,-30.06
-23.8,22.48,28.844,0.172,0.605,0.206,-2.89,-2.076,22.47,1752.7,28.93052,289.3052,1.421575205782883,-0.0006221803133853117,,,Sand,,,Sand 6,6,21.14,28.74,-22.46,-30.06
-23.82,22.5,28.895,0.172,0.603,0.206,-2.875,-2.12,22.49,1753.6,28.98152,289.8152,1.4200191838710425,-0.0006279863858072323,,,Sand,,,Sand 6,6,21.14,28.74,-22.46,-30.06
-23.84,22.52,28.973,0.172,0.599,0.207,-2.857,-2.092,22.51,1754.4,29.059939999999997,290.5994,1.4171505919766358,-0.0005987624200187615,,,Sand,,,Sand 6,6,21.14,28.74,-22.46,-30.06
-23.86,22.54,28.941,0.171,0.593,0.207,-2.895,-2.086,22.53,1755.3,29.027939999999997,290.2794,1.4144174763077595,-0.000606312401086678,,,Sand,,,Sand 6,6,21.14,28.74,-22.46,-30.06
-23.88,22.56,28.671,0.17,0.591,0.207,-2.869,-2.083,22.55,1756.3,28.757939999999998,287.57939999999996,1.416282660119929,-0.0006189594943170482,,,Sand,,,Sand 6,6,21.14,28.74,-22.46,-30.06
-23.9,22.58,28.529,0.17,0.592,0.208,-2.88,-2.114,22.57,1757.1,28.61636,286.16360000000003,1.4183274525941962,-0.0005940657721666907,,,Sand,,,Sand 6,6,21.14,28.74,-22.46,-30.06
-23.92,22.6,28.721,0.17,0.592,0.207,-2.884,-2.117,22.59,1758.1,28.80794,288.07939999999996,1.4162584353977112,-0.0006317702688911476,,,Sand,,,Sand 6,6,21.14,28.74,-22.46,-30.06
-23.94,22.62,28.856,0.166,0.587,0.208,-2.885,-2.112,22.61,1758.9,28.943360000000002,289.4336,1.4122247776727797,-0.0006011741553157627,,,Sand,,,Sand 6,6,21.14,28.74,-22.46,-30.06
-23.96,22.64,28.645,0.163,0.584,0.208,-2.864,-2.125,22.63,1759.8,28.73236,287.3236,1.412941234842015,-0.0006125497522653907,,,Sand,,,Sand 6,6,21.14,28.74,-22.46,-30.06
-23.98,22.66,27.96,0.161,0.591,0.208,-2.869,-2.149,22.65,1760.7,28.04736,280.47360000000003,1.424061276282717,-0.0006346408360715593,,,Sand,,,Sand 6,6,21.14,28.74,-22.46,-30.06
-24.0,22.68,26.856,0.159,0.603,0.207,-2.865,-2.132,22.67,1761.6,26.94294,269.4294,1.442674376401789,-0.000705194013719364,,,Sand,,,Sand 6,6,21.14,28.74,-22.46,-30.06
-24.02,22.7,25.378,0.155,0.614,0.209,-2.867,-2.128,22.69,1762.4,25.46578,254.65779999999998,1.4658072884507518,-0.0006754161859562133,,,Sand,,,Sand 6,6,21.14,28.74,-22.46,-30.06
-24.04,22.72,23.551,0.148,0.62,0.208,-2.887,-2.176,22.71,1763.3,23.63836,236.38359999999997,1.4923109142385043,-0.0007783957939552494,,,Sand,,,Sand 6,6,21.14,28.74,-22.46,-30.06
-24.06,22.74,21.904,0.138,0.611,0.21,-2.869,-2.154,22.73,1764.2,21.9922,219.922,1.5112567137875803,-0.0007548130700884856,,,Sand,,,Sand 6,6,21.14,28.74,-22.46,-30.06
-24.080000000000002,22.76,20.593,0.136,0.631,0.209,-2.874,-2.15,22.75,1765.0,20.68078,206.8078,1.540511487217618,-0.0008607025460354997,,,Sand,,,Sand 6,6,21.14,28.74,-22.46,-30.06
-24.1,22.78,19.489,0.129,0.63,0.209,-2.85,-2.176,22.77,1765.9,19.57678,195.7678,1.5579951262297196,-0.0009194566215690236,,,Sand,,,Sand 6,6,21.14,28.74,-22.46,-30.06
-24.12,22.8,18.894,0.125,0.635,0.209,-2.86,-2.162,22.79,1766.8,18.981779999999997,189.81779999999995,1.5703907005029107,-0.0009588141891856307,,,Sand,,,Sand 6,6,21.14,28.74,-22.46,-30.06
-24.14,22.82,18.547,0.12,0.634,0.208,-2.861,-2.193,22.81,1767.7,18.63436,186.3436,1.576043081433214,-0.0010410875393627704,,,Sand,,,Sand 6,6,21.14,28.74,-22.46,-30.06
-24.16,22.84,18.282,0.117,0.632,0.207,-2.86,-2.189,22.83,1768.5,18.36894,183.68939999999998,1.5799039598713935,-0.0011214582877400669,,,Sand,,,Sand 6,6,21.14,28.74,-22.46,-30.06
-24.18,22.86,17.992,0.115,0.633,0.207,-2.892,-2.192,22.85,1769.4,18.07894,180.7894,1.5856276231996491,-0.0011505099303388369,,,Sand,,,Sand 6,6,21.14,28.74,-22.46,-30.06
-24.2,22.88,17.707,0.114,0.637,0.206,-2.88,-2.206,22.87,1770.3,17.79352,177.9352,1.5926778332907792,-0.0012364051632279616,,,Sand,,,Sand 6,6,21.14,28.74,-22.46,-30.06
-24.22,22.9,17.474,0.116,0.66,0.207,-2.879,-2.18,22.89,1771.1,17.56094,175.6094,1.606980021267157,-0.0012072246702055807,,,Sand,,,Sand 6,6,21.14,28.74,-22.46,-30.06
-24.240000000000002,22.92,17.244,0.119,0.686,0.207,-2.862,-2.196,22.91,1772.0,17.33094,173.30939999999998,1.6222267451729881,-0.0012347858800503628,,,Sand,,,Sand 6,6,21.14,28.74,-22.46,-30.06
-24.26,22.94,17.05,0.121,0.709,0.207,-2.855,-2.225,22.93,1772.8,17.13694,171.36939999999998,1.6352811093668835,-0.0012604350601682695,,,Sand,,,Sand 6,6,21.14,28.74,-22.46,-30.06
-24.28,22.96,16.867,0.121,0.725,0.207,-2.877,-2.208,22.95,1773.7,16.95394,169.5394,1.6451563903176545,-0.0012858368025367563,,,Sand,,,Sand 6,6,21.14,28.74,-22.46,-30.06
-24.3,22.98,16.542,0.121,0.737,0.208,-2.857,-2.213,22.97,1774.7,16.629360000000002,166.2936,1.6561695159805168,-0.0012628267113105993,,,Sand,,,Sand 6,6,21.14,28.74,-22.46,-30.06
-24.32,23.0,16.12,0.121,0.756,0.207,-2.875,-2.237,22.99,1775.5,16.20694,162.06939999999997,1.67185634649222,-0.0013697835618568354,,,Sand,,,Sand 6,6,21.14,28.74,-22.46,-30.06
-24.34,23.02,15.606,0.12,0.765,0.207,-2.877,-2.226,23.01,1776.4,15.69294,156.92940000000002,1.6857930057072066,-0.0014273934648319567,,,Sand,,,Sand 6,6,21.14,28.74,-22.46,-30.06
-24.36,23.04,15.05,0.116,0.762,0.206,-2.875,-2.221,23.03,1777.2,15.13652,151.36520000000002,1.6965664085872918,-0.001559143052696394,,,Sand,,,Sand 6,6,21.14,28.74,-22.46,-30.06
-24.38,23.06,14.544,0.099,0.658,0.207,-2.881,-2.219,23.05,1778.1,14.63094,146.3094,1.6674014398941772,-0.001558341432607885,,,Sand,,,Sand 6,6,21.14,28.74,-22.46,-30.06
-24.4,23.08,14.138,0.082,0.553,0.207,-2.862,-2.29,23.07,1778.9,14.22494,142.2494,1.631317201985226,-0.001616878524619436,,,Sand,,,Sand 6,6,21.14,28.74,-22.46,-30.06
-24.42,23.1,13.83,0.071,0.495,0.207,-2.884,-2.24,23.09,1779.8,13.91694,139.1694,1.6112072617002722,-0.001667033126535003,,,Sand,,,Sand 6,6,21.14,28.74,-22.46,-30.06
-24.44,23.12,13.604,0.078,0.553,0.208,-2.852,-2.246,23.11,1780.7,13.69136,136.91359999999997,1.6447505512874634,-0.001636068294165082,,,Sand,,,Sand 6,6,21.14,28.74,-22.46,-30.06
-24.46,23.14,13.386,0.082,0.604,0.207,-2.834,-2.247,23.13,1786.4,13.47294,134.7294,1.6730559089925943,-0.0017516592518039883,,,Sand,,,Sand 6,6,21.14,28.74,-22.46,-30.06
-24.48,23.16,13.109,0.087,0.652,0.206,-2.809,-2.262,23.15,1795.6,13.19552,131.9552,1.700299001985293,-0.0018794257444951022,,,Sand,,,Sand 6,6,21.14,28.74,-22.46,-30.06
-24.5,23.18,12.832,0.09,0.684,0.206,-2.784,-2.278,23.17,1804.7,12.918520000000001,129.1852,1.720304082476147,-0.001935206200091032,,,Sand,,,Sand 6,6,21.14,28.74,-22.46,-30.06
-24.52,23.2,12.891,0.094,0.711,0.207,-2.8,-2.288,23.19,1806.3,12.97794,129.7794,1.7291023813764177,-0.001864702718613279,,,Sand,,,Sand 6,6,21.14,28.74,-22.46,-30.06
-24.54,23.22,13.012,0.098,0.741,0.208,-2.793,-2.291,23.21,1807.1,13.09936,130.99360000000001,1.7371344446339547,-0.0017863468138901446,,,Sand,,,Sand 6,6,21.14,28.74,-22.46,-30.06
-24.56,23.24,13.18,0.102,0.766,0.208,-2.787,-2.262,23.23,1808.0,13.26736,132.6736,1.7419273069199726,-0.0017788015098708404,,,Sand,,,Sand 6,6,21.14,28.74,-22.46,-30.06
-24.580000000000002,23.26,13.355,0.104,0.773,0.209,-2.784,-2.318,23.25,1809.0,13.44278,134.42780000000002,1.7400325598218924,-0.0016960777458234113,,,Sand,,,Sand 6,6,21.14,28.74,-22.46,-30.06
-24.6,23.28,13.544,0.107,0.784,0.209,-2.815,-2.309,23.27,1809.8,13.631780000000001,136.3178,1.7392872476510497,-0.001687233802188711,,,Sand,,,Sand 6,6,21.14,28.74,-22.46,-30.06
-24.62,23.3,13.86,0.111,0.799,0.21,-2.819,-2.297,23.29,1810.7,13.9482,139.482,1.736955199198317,-0.0015916032176194789,,,Sand,,,Sand 6,6,21.14,28.74,-22.46,-30.06
-24.64,23.32,14.381,0.115,0.808,0.21,-2.806,-2.3,23.31,1811.6,14.4692,144.692,1.7280022952471825,-0.0015481159981201472,,,Sand,,,Sand 6,6,21.14,28.74,-22.46,-30.06
-24.66,23.34,14.781,0.116,0.806,0.211,-2.809,-2.295,23.33,1812.4,14.869620000000001,148.6962,1.7183294950689387,-0.001452626227166533,,,Sand,,,Sand 6,6,21.14,28.74,-22.46,-30.06
-24.68,23.36,14.898,0.118,0.806,0.212,-2.81,-2.345,23.35,1813.3,14.98704,149.87040000000002,1.7157511605149043,-0.0013878657827029227,,,Sand,,,Sand 6,6,21.14,28.74,-22.46,-30.06
-24.7,23.38,14.979,0.122,0.816,0.212,-2.82,-2.331,23.37,1814.2,15.06804,150.6804,1.7175098076507216,-0.0013936782753430441,,,Sand,,,Sand 6,6,21.14,28.74,-22.46,-30.06
-24.72,23.4,15.044,0.123,0.819,0.211,-2.817,-2.33,23.39,1815.0,15.132620000000001,151.3262,1.7171645124971933,-0.001467029503152791,,,Sand,,,Sand 6,6,21.14,28.74,-22.46,-30.06
-24.740000000000002,23.42,15.244,0.123,0.811,0.211,-2.802,-2.285,23.41,1815.9,15.33262,153.3262,1.7100670724273397,-0.0014609375305720766,,,Sand,,,Sand 6,6,21.14,28.74,-22.46,-30.06
-24.76,23.44,15.449,0.122,0.797,0.212,-2.818,-2.298,23.43,1816.8,15.53804,155.3804,1.70073406332947,-0.0013901367225209885,,,Sand,,,Sand 6,6,21.14,28.74,-22.46,-30.06
-24.78,23.46,15.372,0.121,0.785,0.213,-2.829,-2.292,23.45,1817.6,15.46146,154.6146,1.6980146142310193,-0.001345280458637154,,,Sand,,,Sand 6,6,21.14,28.74,-22.46,-30.06
-24.8,23.48,15.255,0.122,0.781,0.213,-2.84,-2.302,23.47,1818.5,15.344460000000002,153.4446,1.6990504973568197,-0.0013685721100644812,,,Sand,,,Sand 6,6,21.14,28.74,-22.46,-30.06
-24.82,23.5,15.521,0.124,0.789,0.213,-2.819,-2.336,23.49,1819.4,15.610460000000002,156.1046,1.696327947093473,-0.001358063759812332,,,Sand,,,Sand 6,6,21.14,28.74,-22.46,-30.06
-24.84,23.52,16.023,0.125,0.79,0.213,-2.839,-2.305,23.51,1820.3,16.11246,161.1246,1.686371994167777,-0.001328164662627557,,,Sand,,,Sand 6,6,21.14,28.74,-22.46,-30.06
-24.86,23.54,16.284,0.127,0.804,0.213,-2.853,-2.31,23.53,1821.2,16.373459999999998,163.73459999999997,1.6862337772357263,-0.0013192080354427242,,,Sand,,,Sand 6,6,21.14,28.74,-22.46,-30.06
-24.88,23.56,16.16,0.13,0.826,0.214,-2.838,-2.318,23.55,1822.0,16.24988,162.49880000000002,1.6965205427863754,-0.0012800094523774952,,,Sand,,,Sand 6,6,21.14,28.74,-22.46,-30.06
-24.9,23.58,15.843,0.134,0.846,0.214,-2.859,-2.325,23.57,1822.9,15.93288,159.3288,1.7098352345368721,-0.0013180291322096192,,,Sand,,,Sand 6,6,21.14,28.74,-22.46,-30.06
-24.92,23.6,15.568,0.134,0.844,0.215,-2.888,-2.307,23.59,1823.8,15.658299999999999,156.583,1.7147528439574542,-0.0012900506440673665,,,Sand,,,Sand 6,6,21.14,28.74,-22.46,-30.06
-24.94,23.62,15.462,0.133,0.833,0.215,-2.874,-2.32,23.61,1824.6,15.552299999999999,155.523,1.7131491469422222,-0.0013117030921471445,,,Sand,,,Sand 6,6,21.14,28.74,-22.46,-30.06
-24.96,23.64,15.611,0.136,0.836,0.216,-2.885,-2.302,23.63,1825.5,15.70172,157.0172,1.7110948672211728,-0.001248270890068096,,,Sand,,,Sand 6,6,21.14,28.74,-22.46,-30.06
-24.98,23.66,16.128,0.141,0.852,0.217,-2.894,-2.334,23.65,1826.4,16.21914,162.1914,1.706177349851456,-0.0011591243432142525,,,Sand,,,Sand 6,6,21.14,28.74,-22.46,-30.06
-25.0,23.68,17.09,0.148,0.871,0.218,-2.929,-2.312,23.67,1827.3,17.18156,171.81560000000002,1.6943177148953914,-0.0010476347898561015,,,Sand,,,Sand 6,6,21.14,28.74,-22.46,-30.06
-25.02,23.7,18.015,0.152,0.877,0.217,-2.9,-2.336,23.69,1828.2,18.10614,181.0614,1.6798613531151954,-0.0010604137601940566,,,Sand,,,Sand 6,6,21.14,28.74,-22.46,-30.06
-25.04,23.72,18.631,0.16,0.899,0.217,-2.884,-2.353,23.71,1829.1,18.72214,187.2214,1.6769210446291245,-0.0010362063311138581,,,Sand,,,Sand 6,6,21.14,28.74,-22.46,-30.06
-25.06,23.74,18.884,0.167,0.925,0.217,-2.891,-2.363,23.73,1829.9,18.97514,189.7514,1.6814741243860711,-0.0010329304553220685,,,Sand,,,Sand 6,6,21.14,28.74,-22.46,-30.06
-25.080000000000002,23.76,18.868,0.173,0.935,0.217,-2.908,-2.388,23.75,1830.8,18.959139999999998,189.5914,1.6850307721563373,-0.0010443511678272348,,,Sand,,,Sand 6,6,21.14,28.74,-22.46,-30.06
-25.1,23.78,18.686,0.174,0.938,0.218,-2.914,-2.391,23.77,1831.7,18.77756,187.77560000000003,1.688972134540912,-0.0010118460545459594,,,Sand,,,Sand 6,6,21.14,28.74,-22.46,-30.06
-25.12,23.8,18.422,0.173,0.934,0.219,-2.91,-2.406,23.79,1832.5,18.51398,185.1398,1.692020224531133,-0.000983040923669574,,,Sand,,,Sand 6,6,21.14,28.74,-22.46,-30.06
-25.14,23.82,18.25,0.174,0.945,0.219,-2.878,-2.38,23.81,1833.4,18.34198,183.4198,1.6984785084151515,-0.0010031632353758992,,,Sand,,,Sand 6,6,21.14,28.74,-22.46,-30.06
-25.16,23.84,18.245,0.176,0.967,0.219,-2.91,-2.425,23.83,1834.3,18.33698,183.3698,1.7056115487971981,-0.0010143436923637384,,,Sand,,,Sand 6,6,21.14,28.74,-22.46,-30.06
-25.18,23.86,18.233,0.177,0.978,0.219,-2.923,-2.377,23.85,1835.1,18.32498,183.2498,1.7092876041787533,-0.0010259219928207294,,,Sand,,,Sand 6,6,21.14,28.74,-22.46,-30.06
-25.2,23.88,18.012,0.177,0.983,0.219,-2.904,-2.379,23.87,1836.0,18.10398,181.03979999999999,1.7145780123347303,-0.0010494929844155816,,,Sand,,,Sand 6,6,21.14,28.74,-22.46,-30.06
-25.22,23.9,17.746,0.177,0.994,0.22,-2.912,-2.392,23.89,1836.9,17.8384,178.38400000000001,1.7225339056092872,-0.0010202708763117762,,,Sand,,,Sand 6,6,21.14,28.74,-22.46,-30.06
-25.240000000000002,23.92,17.637,0.177,0.998,0.22,-2.894,-2.402,23.91,1837.8,17.729400000000002,177.294,1.7256498858405773,-0.0010378241790472342,,,Sand,,,Sand 6,6,21.14,28.74,-22.46,-30.06
-25.26,23.94,17.622,0.175,1.004,0.22,-2.913,-2.376,23.93,1838.7,17.7144,177.144,1.727749847350261,-0.001049993225850157,,,Sand,,,Sand 6,6,21.14,28.74,-22.46,-30.06
-25.28,23.96,17.372,0.174,1.009,0.22,-2.906,-2.414,23.95,1839.5,17.4644,174.644,1.7336424652808482,-0.001076475573165984,,,Sand,,,Sand 6,6,21.14,28.74,-22.46,-30.06
-25.3,23.98,16.988,0.172,1.009,0.22,-2.913,-2.39,23.97,1840.4,17.0804,170.804,1.740494382369876,-0.0011123861267886015,,,Sand,,,Sand 6,6,21.14,28.74,-22.46,-30.06
-25.32,24.0,16.662,0.168,0.999,0.22,-2.94,-2.392,23.99,1841.3,16.7544,167.544,1.743426175214944,-0.0011459676264145547,,,Sand,,,Sand 6,6,21.14,28.74,-22.46,-30.06
-25.34,24.02,16.387,0.164,0.988,0.22,-2.934,-2.394,24.01,1842.1,16.479400000000002,164.794,1.7452192701874747,-0.001177227326237606,,,Sand,,,Sand 6,6,21.14,28.74,-22.46,-30.06
-25.36,24.04,16.233,0.159,0.974,0.22,-2.907,-2.377,24.03,1843.0,16.325400000000002,163.25400000000002,1.7438480723922571,-0.0012005831403824729,,,Sand,,,Sand 6,6,21.14,28.74,-22.46,-30.06
-25.38,24.06,16.139,0.14,0.867,0.22,-2.938,-2.402,24.05,1843.8,16.2314,162.31400000000002,1.7110556057848318,-0.0012198578064738722,,,Sand,,,Sand 6,6,21.14,28.74,-22.46,-30.06
-25.4,24.08,15.949,0.115,0.72,0.221,-2.935,-2.421,24.07,1844.7,16.04182,160.4182,1.6613935914292508,-0.0011844042633566514,,,Sand,,,Sand 6,6,21.14,28.74,-22.46,-30.06
-25.42,24.1,15.62,0.1,0.633,0.221,-2.946,-2.402,24.09,1845.6,15.712819999999999,157.1282,1.6326953378881857,-0.0012219321547628018,,,Sand,,,Sand 6,6,21.14,28.74,-22.46,-30.06
-25.44,24.12,15.298,0.111,0.709,0.221,-2.942,-2.371,24.11,1846.4,15.39082,153.9082,1.6708383392191688,-0.00126049164372009,,,Sand,,,Sand 6,6,21.14,28.74,-22.46,-30.06
-25.46,24.14,15.105,0.118,0.764,0.22,-2.919,-2.415,24.13,1849.0,15.1974,151.974,1.6959815177781121,-0.0013554950188848108,,,Sand,,,Sand 6,6,21.14,28.74,-22.46,-30.06
-25.48,24.16,14.911,0.122,0.8,0.218,-2.912,-2.411,24.14,1855.4,15.002559999999999,150.0256,1.7132831530886448,-0.0015197406309323217,,,Sand,,,Sand 6,6,21.14,28.74,-22.46,-30.06
-25.5,24.18,14.717,0.126,0.82,0.217,-2.905,-2.407,24.16,1861.8,14.80814,148.0814,1.724596408426291,-0.0016207302200006214,,,Sand,,,Sand 6,6,21.14,28.74,-22.46,-30.06
-25.52,24.2,15.039,0.129,0.829,0.219,-2.927,-2.463,24.18,1863.3,15.13098,151.3098,1.7206828380245673,-0.0014671885099312811,,,Sand,,,Sand 6,6,21.14,28.74,-22.46,-30.06
-25.54,24.22,15.415,0.134,0.85,0.22,-2.925,-2.428,24.2,1864.2,15.507399999999999,155.07399999999998,1.7199373083733813,-0.0013799863291073943,,,Sand,,,Sand 6,6,21.14,28.74,-22.46,-30.06
-25.56,24.24,16.071,0.143,0.898,0.22,-2.913,-2.447,24.22,1865.1,16.163400000000003,161.63400000000004,1.7227527562051101,-0.0013363525000928017,,,Sand,,,Sand 6,6,21.14,28.74,-22.46,-30.06
-25.580000000000002,24.26,16.679,0.148,0.916,0.221,-2.922,-2.47,24.24,1866.0,16.771819999999998,167.7182,1.7169587667980286,-0.001240175484831106,,,Sand,,,Sand 6,6,21.14,28.74,-22.46,-30.06
-25.6,24.28,17.004,0.15,0.915,0.221,-2.939,-2.481,24.26,1866.8,17.09682,170.9682,1.7105947091960731,-0.0012282985958792353,,,Sand,,,Sand 6,6,21.14,28.74,-22.46,-30.06
-25.62,24.3,17.003,0.152,0.917,0.222,-2.933,-2.462,24.28,1867.7,17.09624,170.9624,1.7112604000601643,-0.0011815463517124243,,,Sand,,,Sand 6,6,21.14,28.74,-22.46,-30.06
-25.64,24.32,16.791,0.152,0.917,0.222,-2.927,-2.474,24.3,1868.6,16.884240000000002,168.84240000000003,1.7151820390499024,-0.0012082273173089242,,,Sand,,,Sand 6,6,21.14,28.74,-22.46,-30.06
-25.66,24.34,16.578,0.154,0.93,0.222,-2.931,-2.467,24.32,1869.4,16.67124,166.7124,1.723390795049349,-0.001235660934639536,,,Sand,,,Sand 6,6,21.14,28.74,-22.46,-30.06
-25.68,24.36,16.376,0.153,0.935,0.222,-2.947,-2.471,24.34,1870.3,16.469240000000003,164.69240000000002,1.7288318199853876,-0.0012629605251972774,,,Sand,,,Sand 6,6,21.14,28.74,-22.46,-30.06
-25.7,24.38,16.112,0.15,0.938,0.223,-2.944,-2.501,24.36,1871.2,16.205659999999998,162.05659999999997,1.7348739368850181,-0.0012341367151970362,,,Sand,,,Sand 6,6,21.14,28.74,-22.46,-30.06
-25.72,24.4,15.719,0.148,0.937,0.223,-2.93,-2.445,24.38,1872.0,15.81266,158.1266,1.742317913866642,-0.0012774574296797621,,,Sand,,,Sand 6,6,21.14,28.74,-22.46,-30.06
-25.740000000000002,24.42,15.396,0.143,0.922,0.223,-2.941,-2.501,24.4,1872.9,15.48966,154.8966,1.7440986587174374,-0.0013170076037821382,,,Sand,,,Sand 6,6,21.14,28.74,-22.46,-30.06
-25.76,24.44,15.138,0.137,0.896,0.223,-2.932,-2.47,24.42,1873.7,15.23166,152.3166,1.7410702874187036,-0.0013524461549167999,,,Sand,,,Sand 6,6,21.14,28.74,-22.46,-30.06
-25.78,24.46,14.834,0.132,0.874,0.223,-2.928,-2.512,24.44,1874.6,14.92766,149.2766,1.7403293457276874,-0.0013933865053196556,,,Sand,,,Sand 6,6,21.14,28.74,-22.46,-30.06
-25.8,24.48,14.592,0.127,0.852,0.223,-2.933,-2.47,24.46,1875.5,14.68566,146.8566,1.738274400556333,-0.00142996637536209,,,Sand,,,Sand 6,6,21.14,28.74,-22.46,-30.06
-25.82,24.5,14.585,0.127,0.853,0.225,-2.916,-2.469,24.48,1876.4,14.6795,146.795,1.738748171415892,-0.001307946455941961,,,Sand,,,Sand 6,6,21.14,28.74,-22.46,-30.06
-25.84,24.52,14.75,0.128,0.858,0.224,-2.931,-2.485,24.5,1877.3,14.84408,148.4408,1.7368064922948434,-0.0013742852369429434,,,Sand,,,Sand 6,6,21.14,28.74,-22.46,-30.06
-25.86,24.54,15.121,0.128,0.856,0.225,-2.926,-2.507,24.52,1878.2,15.2155,152.155,1.7281210998924355,-0.0012881600998981317,,,Sand,,,Sand 6,6,21.14,28.74,-22.46,-30.06
-25.88,24.56,15.347,0.127,0.842,0.225,-2.921,-2.489,24.54,1879.0,15.4415,154.415,1.7185739497638801,-0.001282258847909854,,,Sand,,,Sand 6,6,21.14,28.74,-22.46,-30.06
-25.9,24.58,15.305,0.125,0.816,0.225,-2.926,-2.481,24.56,1879.9,15.3995,153.995,1.7104127819949868,-0.0012987434656969382,,,Sand,,,Sand 6,6,21.14,28.74,-22.46,-30.06
-25.92,24.6,15.339,0.124,0.789,0.225,-2.902,-2.486,24.58,1880.8,15.4335,154.335,1.7000571925126156,-0.0013088411572229272,,,Sand,,,Sand 6,6,21.14,28.74,-22.46,-30.06
-25.94,24.62,15.659,0.126,0.789,0.225,-2.917,-2.481,24.6,1881.6,15.7535,157.535,1.6933488079584695,-0.0012949503284984312,,,Sand,,,Sand 6,6,21.14,28.74,-22.46,-30.06
-25.96,24.64,16.297,0.127,0.779,0.225,-2.917,-2.498,24.62,1882.5,16.3915,163.915,1.6767521382454853,-0.0012567489247475839,,,Sand,,,Sand 6,6,21.14,28.74,-22.46,-30.06
-25.98,24.66,16.988,0.127,0.76,0.226,-2.919,-2.506,24.64,1883.4,17.082919999999998,170.8292,1.6562134837639788,-0.0011590524336588834,,,Sand,,,Sand 6,6,21.14,28.74,-22.46,-30.06
-26.0,24.68,17.458,0.127,0.739,0.226,-2.942,-2.516,24.66,1884.2,17.552919999999997,175.52919999999997,1.639318813273028,-0.0011394115622927695,,,Sand,,,Sand 6,6,21.14,28.74,-22.46,-30.06
-26.02,24.7,17.854,0.128,0.725,0.226,-2.925,-2.505,24.68,1885.1,17.948919999999998,179.48919999999998,1.6265586405382715,-0.0011254159024609847,,,Sand,,,Sand 6,6,21.14,28.74,-22.46,-30.06
-26.04,24.72,18.39,0.132,0.732,0.227,-2.934,-2.487,24.7,1886.1,18.48534,184.8534,1.619811250423569,-0.0010494802908683316,,,Sand,,,Sand 6,6,21.14,28.74,-22.46,-30.06
-26.06,24.74,18.861,0.136,0.744,0.227,-2.939,-2.527,24.72,1886.9,18.95634,189.5634,1.6164717228358438,-0.0010339548668150073,,,Sand,,,Sand 6,6,21.14,28.74,-22.46,-30.06
-26.080000000000002,24.76,18.995,0.138,0.745,0.228,-2.948,-2.549,24.74,1887.8,19.09076,190.90759999999997,1.6146042063364447,-0.0009847695953435086,,,Sand,,,Sand 6,6,21.14,28.74,-22.46,-30.06
-26.1,24.78,18.939,0.139,0.744,0.227,-2.927,-2.551,24.76,1888.7,19.03434,190.3434,1.6151568559783236,-0.0010507325181750473,,,Sand,,,Sand 6,6,21.14,28.74,-22.46,-30.06
-26.12,24.8,18.959,0.141,0.75,0.227,-2.941,-2.541,24.78,1889.5,19.05434,190.5434,1.6171807765153443,-0.00106012593456399,,,Sand,,,Sand 6,6,21.14,28.74,-22.46,-30.06
-26.14,24.82,18.83,0.141,0.754,0.228,-2.932,-2.503,24.8,1890.4,18.925759999999997,189.2576,1.620908890687061,-0.0010250579104881408,,,Sand,,,Sand 6,6,21.14,28.74,-22.46,-30.06
-26.16,24.84,18.585,0.14,0.757,0.228,-2.957,-2.519,24.82,1891.3,18.68076,186.80759999999998,1.6262431549157965,-0.001049207848074705,,,Sand,,,Sand 6,6,21.14,28.74,-22.46,-30.06
-26.18,24.86,18.425,0.139,0.759,0.229,-2.975,-2.519,24.84,1892.1,18.52118,185.2118,1.6297645948475257,-0.0010150541164223883,,,Sand,,,Sand 6,6,21.14,28.74,-22.46,-30.06
-26.2,24.88,18.182,0.138,0.768,0.23,-2.954,-2.53,24.86,1893.0,18.278599999999997,182.78599999999997,1.6374447512514052,-0.0009847581324609106,,,Sand,,,Sand 6,6,21.14,28.74,-22.46,-30.06
-26.22,24.9,17.756,0.138,0.786,0.23,-2.949,-2.505,24.88,1893.8,17.8526,178.52599999999998,1.6517925879599913,-0.001019459350458756,,,Sand,,,Sand 6,6,21.14,28.74,-22.46,-30.06
-26.240000000000002,24.92,17.264,0.138,0.804,0.229,-2.958,-2.494,24.9,1894.7,17.36018,173.6018,1.6673925702245038,-0.0011174999337564492,,,Sand,,,Sand 6,6,21.14,28.74,-22.46,-30.06
-26.26,24.94,16.685,0.137,0.821,0.229,-2.971,-2.535,24.92,1895.6,16.78118,167.8118,1.6843994226682675,-0.001167975076842035,,,Sand,,,Sand 6,6,21.14,28.74,-22.46,-30.06
-26.28,24.96,16.003,0.132,0.815,0.229,-2.97,-2.492,24.94,1896.4,16.09918,160.9918,1.695636248243465,-0.0012298763042589754,,,Sand,,,Sand 6,6,21.14,28.74,-22.46,-30.06
-26.3,24.98,15.355,0.125,0.798,0.229,-2.957,-2.53,24.96,1897.4,15.45118,154.5118,1.7029238789429209,-0.0012943995215899387,,,Sand,,,Sand 6,6,21.14,28.74,-22.46,-30.06
-26.32,25.0,14.795,0.121,0.796,0.23,-2.975,-2.507,24.98,1898.2,14.8916,148.916,1.7142949615745016,-0.0012893174675656085,,,Sand,,,Sand 6,6,21.14,28.74,-22.46,-30.06
-26.34,25.02,14.322,0.114,0.767,0.229,-2.998,-2.488,25.0,1899.1,14.41818,144.1818,1.7145053579756617,-0.0014148803801866813,,,Sand,,,Sand 6,6,21.14,28.74,-22.46,-30.06
-26.36,25.04,14.004,0.106,0.713,0.229,-2.977,-2.519,25.02,1899.9,14.10018,141.0018,1.7017545787421637,-0.0014609742570662234,,,Sand,,,Sand 6,6,21.14,28.74,-22.46,-30.06
-26.38,25.06,13.995,0.096,0.642,0.23,-2.974,-2.542,25.04,1900.8,14.0916,140.916,1.6736110971719849,-0.0014050923954696422,,,Sand,,,Sand 6,6,21.14,28.74,-22.46,-30.06
-26.4,25.08,14.595,0.086,0.565,0.229,-2.984,-2.543,25.06,1901.7,14.691180000000001,146.9118,1.625588964166318,-0.0014294290860230423,,,Sand,,,Sand 6,6,21.14,28.74,-22.46,-30.06
-26.42,25.1,15.932,0.08,0.522,0.229,-2.993,-2.551,25.08,1902.6,16.02818,160.28179999999998,1.5747202709528683,-0.0013226704466757953,,,Sand,,,Sand 6,6,21.14,28.74,-22.46,-30.06
-26.44,25.12,17.483,0.085,0.527,0.229,-2.991,-2.552,25.1,1903.4,17.57918,175.7918,1.5451976031902583,-0.0012173491596308835,,,Sand,,,Sand 6,6,21.14,28.74,-22.46,-30.06
-26.46,25.14,18.404,0.091,0.536,0.226,-2.958,-2.576,25.12,1906.2,18.49892,184.98919999999998,1.5322436630508796,-0.0013298073617270644,,,Sand,,,Sand 6,6,21.14,28.74,-22.46,-30.06
-26.48,25.16,18.716,0.098,0.544,0.221,-2.985,-2.565,25.14,1912.6,18.80882,188.0882,1.5305948384718728,-0.0015843630807248945,,,Sand,,,Sand 6,6,21.14,28.74,-22.46,-30.06
-26.5,25.18,19.028,0.103,0.556,0.22,-3.012,-2.554,25.16,1919.0,19.1204,191.204,1.5309829513544913,-0.0016213049936193802,,,Sand,,,Sand 6,6,21.14,28.74,-22.46,-30.06
-26.52,25.2,19.236,0.108,0.565,0.229,-3.002,-2.603,25.18,1920.3,19.33218,193.3218,1.531688368421905,-0.0011483443667501553,,,Sand,,,Sand 6,6,21.14,28.74,-22.46,-30.06
-26.54,25.22,19.223,0.111,0.58,0.232,-3.032,-2.559,25.2,1921.2,19.320439999999998,193.2044,1.5391381785481744,-0.0010041179186395344,,,Sand,,,Sand 6,6,21.14,28.74,-22.46,-30.06
-26.56,25.24,19.165,0.116,0.599,0.232,-2.994,-2.577,25.22,1922.1,19.262439999999998,192.62439999999998,1.5491189660062588,-0.001017524259647272,,,Sand,,,Sand 6,6,21.14,28.74,-22.46,-30.06
-26.580000000000002,25.26,19.287,0.118,0.607,0.231,-3.009,-2.576,25.24,1923.0,19.38402,193.8402,1.5507503343984648,-0.001073048830944254,,,Sand,,,Sand 6,6,21.14,28.74,-22.46,-30.06
-26.6,25.28,19.56,0.119,0.604,0.232,-3.028,-2.561,25.26,1923.9,19.657439999999998,196.5744,1.5447212594079247,-0.0010174264807625015,,,Sand,,,Sand 6,6,21.14,28.74,-22.46,-30.06
-26.62,25.3,20.153,0.121,0.609,0.232,-3.044,-2.549,25.28,1924.8,20.250439999999998,202.50439999999998,1.537251007901189,-0.0009975091899237754,,,Sand,,,Sand 6,6,21.14,28.74,-22.46,-30.06
-26.64,25.32,20.609,0.124,0.62,0.234,-3.012,-2.569,25.3,1925.6,20.70728,207.07280000000003,1.5350468836121844,-0.0008885763847303958,,,Sand,,,Sand 6,6,21.14,28.74,-22.46,-30.06
-26.66,25.34,20.712,0.128,0.636,0.233,-3.008,-2.567,25.32,1926.5,20.80986,208.0986,1.5407622785172037,-0.0009418612138668892,,,Sand,,,Sand 6,6,21.14,28.74,-22.46,-30.06
-26.68,25.36,20.328,0.132,0.661,0.232,-3.01,-2.597,25.34,1927.4,20.42544,204.25439999999998,1.5579542385785266,-0.0010183379158539552,,,Sand,,,Sand 6,6,21.14,28.74,-22.46,-30.06
-26.7,25.38,20.016,0.133,0.673,0.233,-3.004,-2.604,25.36,1928.2,20.11386,201.1386,1.5681417356596576,-0.0009943392267819304,,,Sand,,,Sand 6,6,21.14,28.74,-22.46,-30.06
-26.72,25.4,19.63,0.132,0.677,0.234,-3.014,-2.624,25.38,1929.1,19.728279999999998,197.28279999999998,1.5761192481228765,-0.0009732221967652522,,,Sand,,,Sand 6,6,21.14,28.74,-22.46,-30.06
-26.740000000000002,25.42,18.977,0.13,0.683,0.234,-3.009,-2.608,25.4,1930.0,19.07528,190.75279999999998,1.5895856217399098,-0.0010170230790845552,,,Sand,,,Sand 6,6,21.14,28.74,-22.46,-30.06
-26.76,25.44,18.276,0.125,0.673,0.235,-3.011,-2.62,25.42,1930.8,18.3747,183.747,1.5975732731379253,-0.0010122614246763225,,,Sand,,,Sand 6,6,21.14,28.74,-22.46,-30.06
-26.78,25.46,17.738,0.123,0.676,0.235,-3.0,-2.65,25.44,1931.7,17.8367,178.36700000000002,1.6085964046500136,-0.0010540066267863456,,,Sand,,,Sand 6,6,21.14,28.74,-22.46,-30.06
-26.8,25.48,17.425,0.121,0.675,0.235,-3.0,-2.659,25.46,1932.6,17.5237,175.237,1.6140111717642243,-0.0010842459069717028,,,Sand,,,Sand 6,6,21.14,28.74,-22.46,-30.06
-26.82,25.5,17.506,0.12,0.683,0.235,-2.999,-2.65,25.48,1933.4,17.6047,176.047,1.6158243330307778,-0.0010906178463705725,,,Sand,,,Sand 6,6,21.14,28.74,-22.46,-30.06
-26.84,25.52,17.573,0.117,0.675,0.235,-3.01,-2.665,25.5,1934.3,17.6717,176.717,1.611237626621348,-0.0010978004379884223,,,Sand,,,Sand 6,6,21.14,28.74,-22.46,-30.06
-26.86,25.54,17.274,0.112,0.651,0.236,-2.982,-2.641,25.52,1935.2,17.37312,173.7312,1.606701664608358,-0.0010706194396861372,,,Sand,,,Sand 6,6,21.14,28.74,-22.46,-30.06
-26.88,25.56,16.816,0.109,0.637,0.235,-2.988,-2.6,25.54,1936.1,16.9147,169.14700000000002,1.6095866322456445,-0.0011705794368212271,,,Sand,,,Sand 6,6,21.14,28.74,-22.46,-30.06
-26.9,25.58,16.479,0.108,0.631,0.234,-2.976,-2.597,25.56,1937.0,16.57728,165.7728,1.613746246490957,-0.001266794069955988,,,Sand,,,Sand 6,6,21.14,28.74,-22.46,-30.06
-26.92,25.6,16.492,0.109,0.638,0.234,-2.964,-2.624,25.58,1937.8,16.59028,165.90279999999998,1.6165157454740782,-0.0012778566727023322,,,Sand,,,Sand 6,6,21.14,28.74,-22.46,-30.06
-26.94,25.62,16.809,0.11,0.643,0.236,-2.942,-2.69,25.6,1938.7,16.90812,169.0812,1.6123104649799858,-0.0011473777096448355,,,Sand,,,Sand 6,6,21.14,28.74,-22.46,-30.06
-26.96,25.64,17.379,0.109,0.63,0.236,-2.93,-2.655,25.62,1939.6,17.47812,174.78119999999998,1.595563968044097,-0.0011214020729918334,,,Sand,,,Sand 6,6,21.14,28.74,-22.46,-30.06
-26.98,25.66,17.938,0.111,0.629,0.236,-2.916,-2.652,25.64,1940.4,18.037119999999998,180.3712,1.584625891769091,-0.0010977362239648022,,,Sand,,,Sand 6,6,21.14,28.74,-22.46,-30.06
-27.0,25.68,18.303,0.116,0.649,0.236,-2.937,-2.697,25.66,1941.3,18.40212,184.0212,1.5867805748682868,-0.0010868312998719713,,,Sand,,,Sand 6,6,21.14,28.74,-22.46,-30.06
-27.02,25.7,18.521,0.12,0.668,0.236,-2.941,-2.717,25.68,1942.2,18.62012,186.2012,1.591100221729013,-0.0010848480031277988,,,Sand,,,Sand 6,6,21.14,28.74,-22.46,-30.06
-27.04,25.72,18.643,0.122,0.679,0.238,-2.956,-2.714,25.7,1943.0,18.74296,187.4296,1.5936205474578589,-0.0009817019296845312,,,Sand,,,Sand 6,6,21.14,28.74,-22.46,-30.06
-27.06,25.74,18.319,0.124,0.697,0.237,-2.942,-2.728,25.72,1943.9,18.41854,184.18540000000002,1.6068210758259953,-0.0010641451493983791,,,Sand,,,Sand 6,6,21.14,28.74,-22.46,-30.06
-27.080000000000002,25.76,17.424,0.125,0.716,0.237,-2.963,-2.705,25.74,1944.8,17.52354,175.2354,1.6307793800594568,-0.0011299086828346332,,,Sand,,,Sand 6,6,21.14,28.74,-22.46,-30.06
-27.1,25.78,16.709,0.123,0.72,0.236,-2.981,-2.714,25.76,1945.7,16.80812,168.0812,1.6460188087439551,-0.0012493961252061504,,,Sand,,,Sand 6,6,21.14,28.74,-22.46,-30.06
-27.12,25.8,16.154,0.125,0.75,0.236,-2.984,-2.717,25.78,1946.6,16.25312,162.53119999999998,1.6686519884626856,-0.0013043649465456508,,,Sand,,,Sand 6,6,21.14,28.74,-22.46,-30.06
-27.14,25.82,15.833,0.141,0.863,0.237,-2.967,-2.707,25.8,1947.4,15.93254,159.3254,1.715652131610332,-0.0012803984800916887,,,Sand,,,Sand 6,6,21.14,28.74,-22.46,-30.06
-27.16,25.84,15.631,0.138,0.865,0.237,-2.963,-2.699,25.82,1948.3,15.73054,157.3054,1.720426706699143,-0.0013095545353179244,,,Sand,,,Sand 6,6,21.14,28.74,-22.46,-30.06
-27.18,25.86,15.607,0.137,0.865,0.238,-2.971,-2.654,25.84,1949.2,15.706959999999999,157.06959999999998,1.7209089210194708,-0.0012605876630487384,,,Sand,,,Sand 6,6,21.14,28.74,-22.46,-30.06
-27.2,25.88,15.711,0.147,0.92,0.24,-2.97,-2.621,25.86,1950.0,15.8118,158.118,1.7369059054465597,-0.0011383903160930445,,,Sand,,,Sand 6,6,21.14,28.74,-22.46,-30.06
-27.22,25.9,15.627,0.152,0.94,0.242,-2.953,-2.573,25.88,1950.9,15.72864,157.28640000000001,1.7449554279821202,-0.0010299682617187491,,,Sand,,,Sand 6,6,21.14,28.74,-22.46,-30.06
-27.240000000000002,25.92,16.08,0.152,0.929,0.254,-2.941,-2.553,25.9,1951.8,16.18668,161.86679999999998,1.732369601930314,-0.00027182844165696946,,,Sand,,,Sand 6,6,21.14,28.74,-22.46,-30.06
-27.26,25.94,17.008,0.149,0.891,0.247,-2.955,-2.612,25.92,1952.6,17.111739999999998,171.11739999999998,1.7023675118327966,-0.0006778971630003743,,,Sand,,,Sand 6,6,21.14,28.74,-22.46,-30.06
-27.28,25.96,17.465,0.143,0.831,0.244,-2.968,-2.653,25.94,1953.5,17.56748,175.6748,1.6733282349135712,-0.0008424657378292169,,,Sand,,,Sand 6,6,21.14,28.74,-22.46,-30.06
-27.3,25.98,17.909,0.139,0.793,0.219,-2.963,-2.722,25.96,1954.5,18.00098,180.00979999999998,1.6517499546104517,-0.002222101241154648,,,Sand,,,Sand 6,6,21.14,28.74,-22.46,-30.06
-27.32,26.0,18.438,0.135,0.752,0.213,-2.974,-2.729,25.98,1955.3,18.527459999999998,185.2746,1.6269419786929171,-0.002493595992111172,,,Sand,,,Sand 6,6,21.14,28.74,-22.46,-30.06
-27.34,26.02,18.939,0.126,0.69,0.219,-2.966,-2.727,26.0,1956.2,19.03098,190.3098,1.5932809367868355,-0.002122854419478137,,,Sand,,,Sand 6,6,21.14,28.74,-22.46,-30.06
-27.36,26.04,18.975,0.108,0.585,0.222,-2.971,-2.718,26.02,1957.1,19.068240000000003,190.68240000000003,1.5459099423482374,-0.0019718652586709637,,,Sand,,,Sand 6,6,21.14,28.74,-22.46,-30.06
-27.38,26.06,18.727,0.099,0.536,0.226,-2.976,-2.711,26.04,1957.9,18.82192,188.21919999999997,1.5263492832735435,-0.0017957785390650908,,,Sand,,,Sand 6,6,21.14,28.74,-22.46,-30.06
-27.4,26.08,18.412,0.09,0.487,0.23,-3.008,-2.683,26.06,1958.8,18.508599999999998,185.08599999999998,1.5066250848198681,-0.0016208681369741635,,,Sand,,,Sand 6,6,21.14,28.74,-22.46,-30.06
-27.42,26.1,18.297,0.09,0.483,0.235,-2.979,-2.694,26.08,1959.7,18.3957,183.957,1.506595223769759,-0.0013698853536424297,,,Sand,,,Sand 6,6,21.14,28.74,-22.46,-30.06
-27.44,26.12,18.234,0.106,0.585,0.236,-2.955,-2.693,26.1,1960.6,18.33312,183.33120000000002,1.5590879179034773,-0.0013309245780314552,,,Sand,,,Sand 6,6,21.14,28.74,-22.46,-30.06
-27.46,26.14,17.417,0.119,0.688,0.236,-2.961,-2.689,26.12,1965.8,17.51612,175.16120000000004,1.619551746896984,-0.0014044206136975552,,,Sand,,,Sand 6,6,21.14,28.74,-22.46,-30.06
-27.48,26.16,16.6,0.131,0.795,0.237,-2.968,-2.686,26.14,1971.0,16.699540000000002,166.99540000000002,1.67659432970194,-0.001425188957300621,,,Sand,,,Sand 6,6,21.14,28.74,-22.46,-30.06
-27.5,26.18,15.783,0.149,0.965,0.237,-2.974,-2.683,26.16,1976.2,15.882539999999999,158.8254,1.749700032053014,-0.0015110933137898598,,,Sand,,,Sand 6,6,21.14,28.74,-22.46,-30.06
-27.52,26.2,14.825,0.157,1.093,0.238,-2.993,-2.669,26.18,1977.3,14.924959999999999,149.2496,1.806644892548512,-0.0015544430269829861,,,Sand,,,Sand 6,6,21.14,28.74,-22.46,-30.06
-27.54,26.22,13.942,0.144,1.028,0.237,-3.011,-2.727,26.2,1978.2,14.04154,140.41539999999998,1.8074951730631659,-0.0017377011353455517,,,Sand,,,Sand 6,6,21.14,28.74,-22.46,-30.06
-27.56,26.24,13.126,0.141,1.021,0.239,-3.015,-2.739,26.22,1979.0,13.226379999999999,132.2638,1.824586435855009,-0.0017087063882936997,,,Sand,,,Sand 6,6,21.14,28.74,-22.46,-30.06
-27.580000000000002,26.26,12.363,0.132,0.989,0.238,-3.057,-2.758,26.24,1979.9,12.462959999999999,124.6296,1.8345623755644358,-0.001909658700661802,,,Sand,,,Sand 6,6,21.14,28.74,-22.46,-30.06
-27.6,26.28,12.274,0.127,0.976,0.235,-3.091,-2.823,26.26,1980.7,12.372699999999998,123.72699999999999,1.8331320090904106,-0.002182223766841514,,,Sand,,,Sand 6,6,21.14,28.74,-22.46,-30.06
-27.62,26.3,12.822,0.12,0.934,0.24,-3.137,-2.8,26.28,1981.6,12.922799999999999,129.22799999999998,1.8063326137764006,-0.001717893954870465,,,Sand,,,Sand 6,6,21.14,28.74,-22.46,-30.06
-27.64,26.32,12.891,0.111,0.875,0.247,-3.193,-2.737,26.3,1982.6,12.99474,129.9474,1.785953261697228,-0.001185094892241017,,,Sand,,,Sand 6,6,21.14,28.74,-22.46,-30.06
-27.66,26.34,12.993,0.105,0.827,0.243,-3.19,-2.678,26.32,1983.4,13.09506,130.9506,1.7675511083708026,-0.001496747628495022,,,Sand,,,Sand 6,6,21.14,28.74,-22.46,-30.06
-27.68,26.36,12.908,0.107,0.843,0.246,-3.153,-2.662,26.34,1984.3,13.01132,130.1132,1.775045185644078,-0.001291183369558201,,,Sand,,,Sand 6,6,21.14,28.74,-22.46,-30.06
-27.7,26.38,12.567,0.104,0.815,0.248,-3.126,-2.69,26.36,1985.1,12.67116,126.7116,1.7744600871081715,-0.0011837905921794059,,,Sand,,,Sand 6,6,21.14,28.74,-22.46,-30.06
-27.72,26.4,12.336,0.102,0.793,0.246,-3.104,-2.714,26.38,1986.0,12.43932,124.3932,1.7731206244440352,-0.0013827122382895519,,,Sand,,,Sand 6,6,21.14,28.74,-22.46,-30.06
-27.740000000000002,26.42,12.361,0.1,0.755,0.244,-3.112,-2.702,26.4,1986.9,12.46348,124.63480000000001,1.7590778221128474,-0.0015565476094959057,,,Sand,,,Sand 6,6,21.14,28.74,-22.46,-30.06
-27.76,26.44,12.926,0.097,0.697,0.244,-3.104,-2.724,26.42,1987.7,13.02848,130.2848,1.7224334203454446,-0.0015043965220808584,,,Sand,,,Sand 6,6,21.14,28.74,-22.46,-30.06
-27.78,26.46,14.134,0.098,0.667,0.245,-3.111,-2.717,26.44,1988.6,14.2369,142.369,1.680355222861354,-0.0013205121901537563,,,Sand,,,Sand 6,6,21.14,28.74,-22.46,-30.06
-27.8,26.48,15.792,0.106,0.674,0.248,-3.159,-2.693,26.46,1989.5,15.89616,158.9616,1.6459972648320202,-0.001006532395245141,,,Sand,,,Sand 6,6,21.14,28.74,-22.46,-30.06
-27.82,26.5,17.408,0.116,0.697,0.245,-3.169,-2.715,26.48,1990.4,17.510900000000003,175.109,1.6233410163457649,-0.001096459919250298,,,Sand,,,Sand 6,6,21.14,28.74,-22.46,-30.06
-27.84,26.52,18.713,0.126,0.711,0.236,-3.182,-2.74,26.5,1991.3,18.81212,188.1212,1.605700332432521,-0.0015096650457258425,,,Sand,,,Sand 6,6,21.14,28.74,-22.46,-30.06
-27.86,26.54,19.564,0.139,0.746,0.241,-3.18,-2.708,26.52,1992.2,19.66522,196.65220000000002,1.6055412284382364,-0.001200088277680088,,,Sand,,,Sand 6,6,21.14,28.74,-22.46,-30.06
-27.88,26.56,20.206,0.15,0.766,0.247,-3.177,-2.674,26.54,1993.0,20.309739999999998,203.0974,1.603200649266998,-0.0008764267784816553,,,Sand,,,Sand 6,6,21.14,28.74,-22.46,-30.06
-27.9,26.58,20.871,0.159,0.785,0.248,-3.191,-2.692,26.56,1993.9,20.97516,209.7516,1.6004734018820244,-0.000810482494531627,,,Sand,,,Sand 6,6,21.14,28.74,-22.46,-30.06
-27.92,26.6,21.313,0.164,0.781,0.246,-3.196,-2.723,26.58,1994.7,21.41632,214.1632,1.5924492537942951,-0.0008965125661178039,,,Sand,,,Sand 6,6,21.14,28.74,-22.46,-30.06
-27.94,26.62,21.71,0.163,0.764,0.244,-3.217,-2.721,26.6,1995.7,21.81248,218.1248,1.5800769697904684,-0.0009810897247814112,,,Sand,,,Sand 6,6,21.14,28.74,-22.46,-30.06
-27.96,26.64,21.974,0.164,0.753,0.245,-3.206,-2.72,26.62,1996.6,22.076900000000002,220.769,1.5719334095103086,-0.000933102020664134,,,Sand,,,Sand 6,6,21.14,28.74,-22.46,-30.06
-27.98,26.66,22.262,0.166,0.746,0.246,-3.222,-2.7,26.64,1997.4,22.36532,223.6532,1.565065514571339,-0.0008852992043038066,,,Sand,,,Sand 6,6,21.14,28.74,-22.46,-30.06
-28.0,26.68,22.79,0.17,0.751,0.246,-3.24,-2.696,26.66,1998.3,22.89332,228.9332,1.5598632848307725,-0.0008736172822465244,,,Sand,,,Sand 6,6,21.14,28.74,-22.46,-30.06
-28.02,26.7,23.265,0.177,0.766,0.247,-3.23,-2.715,26.68,1999.2,23.36874,233.68739999999997,1.5595914161922229,-0.0008216104077498397,,,Sand,,,Sand 6,6,21.14,28.74,-22.46,-30.06
-28.04,26.72,23.648,0.186,0.797,0.248,-3.22,-2.713,26.7,2000.1,23.75216,237.5216,1.5668932477556279,-0.0007746663882358479,,,Sand,,,Sand 6,6,21.14,28.74,-22.46,-30.06
-28.06,26.74,23.94,0.193,0.823,0.247,-3.226,-2.718,26.72,2000.9,24.04374,240.43739999999997,1.5732289660623724,-0.0008151809992954517,,,Sand,,,Sand 6,6,21.14,28.74,-22.46,-30.06
-28.080000000000002,26.76,24.049,0.201,0.85,0.247,-3.259,-2.705,26.74,2001.8,24.152739999999998,241.52739999999997,1.5820258849521498,-0.0008197827658476849,,,Sand,,,Sand 6,6,21.14,28.74,-22.46,-30.06
-28.1,26.78,24.024,0.206,0.878,0.248,-3.252,-2.73,26.76,2002.7,24.12816,241.2816,1.5925837796407791,-0.0007874616216072838,,,Sand,,,Sand 6,6,21.14,28.74,-22.46,-30.06
-28.12,26.8,23.734,0.21,0.903,0.248,-3.263,-2.737,26.78,2003.6,23.838160000000002,238.38160000000005,1.6050839766070477,-0.0008054312916768761,,,Sand,,,Sand 6,6,21.14,28.74,-22.46,-30.06
-28.14,26.82,23.078,0.212,0.93,0.248,-3.254,-2.684,26.8,2004.5,23.18216,231.8216,1.6227065742221534,-0.0008368504056567651,,,Sand,,,Sand 6,6,21.14,28.74,-22.46,-30.06
-28.16,26.84,22.244,0.216,0.971,0.25,-3.261,-2.708,26.82,2005.4,22.349,223.49,1.647252465632787,-0.0007875072710188386,,,Sand,,,Sand 6,6,21.14,28.74,-22.46,-30.06
-28.18,26.86,21.507,0.218,1.006,0.247,-3.278,-2.712,26.84,2006.2,21.61074,216.1074,1.6684486364712805,-0.0009624843943335586,,,Sand,,,Sand 6,6,21.14,28.74,-22.46,-30.06
-28.2,26.88,20.706,0.214,1.02,0.247,-3.249,-2.72,26.86,2007.1,20.809739999999998,208.0974,1.6840273400687402,-0.0010091428340767354,,,Sand,,,Sand 6,6,21.14,28.74,-22.46,-30.06
-28.22,26.9,20.03,0.207,1.019,0.248,-3.279,-2.751,26.88,2008.0,20.13416,201.3416,1.6935533273409031,-0.0010032700644079509,,,Sand,,,Sand 6,6,21.14,28.74,-22.46,-30.06
-28.240000000000002,26.92,19.391,0.201,1.019,0.248,-3.274,-2.729,26.9,2008.8,19.49516,194.95159999999998,1.7032276930861627,-0.001046413571368485,,,Sand,,,Sand 6,6,21.14,28.74,-22.46,-30.06
-28.26,26.94,18.841,0.196,1.021,0.247,-3.258,-2.733,26.92,2009.7,18.94474,189.4474,1.7124799549676342,-0.001140158165274373,,,Sand,,,Sand 6,6,21.14,28.74,-22.46,-30.06
-28.28,26.96,18.442,0.189,1.006,0.247,-3.283,-2.744,26.94,2010.6,18.54574,185.45739999999998,1.7143403701546762,-0.0011754721030274346,,,Sand,,,Sand 6,6,21.14,28.74,-22.46,-30.06
-28.3,26.98,18.195,0.179,0.971,0.247,-3.263,-2.723,26.96,2011.4,18.29874,182.98739999999998,1.7075200906505654,-0.0012022685714972727,,,Sand,,,Sand 6,6,21.14,28.74,-22.46,-30.06
-28.32,27.0,18.028,0.171,0.942,0.248,-3.286,-2.733,26.98,2012.3,18.13216,181.3216,1.7010620415308846,-0.0011691933007429917,,,Sand,,,Sand 6,6,21.14,28.74,-22.46,-30.06
-28.34,27.02,17.862,0.168,0.943,0.25,-3.285,-2.757,27.0,2013.2,17.967,179.67,1.7042176590306528,-0.0010797573328880745,,,Sand,,,Sand 6,6,21.14,28.74,-22.46,-30.06
-28.36,27.04,17.639,0.161,0.909,0.248,-3.299,-2.691,27.02,2014.0,17.74316,177.4316,1.6969909256929525,-0.0012173705247543291,,,Sand,,,Sand 6,6,21.14,28.74,-22.46,-30.06
-28.38,27.06,17.357,0.14,0.797,0.248,-3.311,-2.739,27.04,2015.0,17.46116,174.6116,1.662971213914777,-0.001248485209459166,,,Sand,,,Sand 6,6,21.14,28.74,-22.46,-30.06
-28.4,27.08,17.212,0.119,0.684,0.249,-3.334,-2.739,27.06,2015.8,17.31658,173.1658,1.6216747265621976,-0.0012127105929692816,,,Sand,,,Sand 6,6,21.14,28.74,-22.46,-30.06
-28.42,27.1,17.103,0.125,0.724,0.253,-3.325,-2.755,27.08,2016.7,17.20926,172.09260000000003,1.6398714364564817,-0.0009994619175955296,,,Sand,,,Sand 6,6,21.14,28.74,-22.46,-30.06
-28.44,27.12,17.024,0.13,0.759,0.254,-3.348,-2.733,27.1,2017.8,17.13068,171.3068,1.654927550886195,-0.0009573467019406138,,,Sand,,,Sand 6,6,21.14,28.74,-22.46,-30.06
-28.46,27.14,16.785,0.129,0.762,0.247,-3.362,-2.74,27.12,2024.1,16.88874,168.88739999999999,1.6606833992262242,-0.001397380740067052,,,Sand,,,Sand 6,6,21.14,28.74,-22.46,-30.06
-28.48,27.16,16.546,0.125,0.746,0.239,-3.376,-2.746,27.14,2030.3,16.64638,166.46380000000002,1.659301170966573,-0.0019103252478917343,,,Sand,,,Sand 6,6,21.14,28.74,-22.46,-30.06
-28.5,27.18,16.559,0.122,0.732,0.242,-3.399,-2.748,27.16,2033.5,16.66064,166.6064,1.6536136023542902,-0.001740629411595233,,,Sand,,,Sand 6,6,21.14,28.74,-22.46,-30.06
-28.52,27.2,16.592,0.119,0.717,0.245,-3.394,-2.749,27.18,2034.4,16.6949,166.949,1.647054514959878,-0.0015693415354389657,,,Sand,,,Sand 6,6,21.14,28.74,-22.46,-30.06
-28.54,27.22,16.683,0.12,0.72,0.246,-3.395,-2.737,27.2,2035.2,16.78632,167.8632,1.646444994569413,-0.0015131368876561378,,,Sand,,,Sand 6,6,21.14,28.74,-22.46,-30.06
-28.56,27.24,16.704,0.117,0.7,0.247,-3.426,-2.738,27.22,2036.1,16.80774,168.07739999999998,1.63804483582149,-0.0014636114076014995,,,Sand,,,Sand 6,6,21.14,28.74,-22.46,-30.06
-28.580000000000002,27.26,16.715,0.11,0.653,0.249,-3.42,-2.786,27.24,2037.0,16.81958,168.1958,1.618345217042331,-0.0013555629807640865,,,Sand,,,Sand 6,6,21.14,28.74,-22.46,-30.06
-28.6,27.28,16.89,0.107,0.63,0.25,-3.429,-2.769,27.26,2037.8,16.995,169.95,1.6049482109994986,-0.0012944983818770227,,,Sand,,,Sand 6,6,21.14,28.74,-22.46,-30.06
-28.62,27.3,17.105,0.108,0.632,0.25,-3.427,-2.739,27.28,2038.7,17.21,172.1,1.6016117550601092,-0.00128994770482278,,,Sand,,,Sand 6,6,21.14,28.74,-22.46,-30.06
-28.64,27.32,17.343,0.108,0.629,0.251,-3.4,-2.763,27.3,2039.6,17.44842,174.4842,1.5956917619638142,-0.0012264720817128448,,,Sand,,,Sand 6,6,21.14,28.74,-22.46,-30.06
-28.66,27.34,17.508,0.108,0.621,0.251,-3.436,-2.759,27.32,2040.4,17.613419999999998,176.1342,1.5889975641254728,-0.0012263376448185545,,,Sand,,,Sand 6,6,21.14,28.74,-22.46,-30.06
-28.68,27.36,17.62,0.109,0.622,0.251,-3.451,-2.793,27.34,2041.4,17.72542,177.25419999999997,1.58732396493247,-0.001229872127148469,,,Sand,,,Sand 6,6,21.14,28.74,-22.46,-30.06
-28.7,27.38,17.68,0.108,0.614,0.252,-3.478,-2.787,27.36,2042.3,17.78584,177.8584,1.582599753624548,-0.0011807145459534101,,,Sand,,,Sand 6,6,21.14,28.74,-22.46,-30.06
-28.72,27.4,17.794,0.107,0.606,0.252,-3.461,-2.765,27.38,2043.1,17.89984,178.9984,1.5768346635875223,-0.0011843681284301976,,,Sand,,,Sand 6,6,21.14,28.74,-22.46,-30.06
-28.740000000000002,27.42,17.959,0.108,0.606,0.253,-3.474,-2.788,27.4,2044.0,18.06526,180.65259999999998,1.5737529403982091,-0.0011292392138280898,,,Sand,,,Sand 6,6,21.14,28.74,-22.46,-30.06
-28.76,27.44,17.932,0.107,0.599,0.253,-3.46,-2.789,27.42,2044.9,18.038259999999998,180.3826,1.571045420090031,-0.001142017023814937,,,Sand,,,Sand 6,6,21.14,28.74,-22.46,-30.06
-28.78,27.46,17.933,0.106,0.594,0.254,-3.463,-2.789,27.44,2045.7,18.03968,180.3968,1.568710283209633,-0.001097580444885941,,,Sand,,,Sand 6,6,21.14,28.74,-22.46,-30.06
-28.8,27.48,17.884,0.107,0.6,0.254,-3.46,-2.808,27.46,2046.6,17.99068,179.9068,1.5723915874665584,-0.0011116867177894331,,,Sand,,,Sand 6,6,21.14,28.74,-22.46,-30.06
-28.82,27.5,17.889,0.106,0.596,0.253,-3.473,-2.807,27.48,2047.4,17.99526,179.9526,1.5704635929450577,-0.001178088007619787,,,Sand,,,Sand 6,6,21.14,28.74,-22.46,-30.06
-28.84,27.52,17.794,0.106,0.601,0.254,-3.456,-2.753,27.5,2048.3,17.90068,179.0068,1.5745338339472925,-0.0011396215115850367,,,Sand,,,Sand 6,6,21.14,28.74,-22.46,-30.06
-28.86,27.54,17.563,0.105,0.603,0.253,-3.456,-2.792,27.52,2049.2,17.669259999999998,176.69259999999997,1.5798195025936619,-0.001222462061229504,,,Sand,,,Sand 6,6,21.14,28.74,-22.46,-30.06
-28.88,27.56,17.271,0.103,0.6,0.254,-3.457,-2.818,27.54,2050.0,17.37768,173.7768,1.5840536926961823,-0.0011969376809792798,,,Sand,,,Sand 6,6,21.14,28.74,-22.46,-30.06
-28.9,27.58,16.84,0.099,0.586,0.254,-3.488,-2.773,27.56,2050.9,16.94668,169.4668,1.5861313495648768,-0.0012391807716909742,,,Sand,,,Sand 6,6,21.14,28.74,-22.46,-30.06
-28.92,27.6,16.338,0.094,0.567,0.254,-3.468,-2.802,27.58,2051.9,16.44468,164.4468,1.5875503779658413,-0.0012891707226896506,,,Sand,,,Sand 6,6,21.14,28.74,-22.46,-30.06
-28.94,27.62,16.049,0.092,0.564,0.255,-3.476,-2.822,27.6,2052.7,16.1561,161.56099999999998,1.5922241684994702,-0.0012626809687981651,,,Sand,,,Sand 6,6,21.14,28.74,-22.46,-30.06
-28.96,27.64,15.9,0.091,0.559,0.254,-3.45,-2.777,27.62,2053.5,16.00668,160.06679999999997,1.593072157650935,-0.0013494366102152367,,,Sand,,,Sand 6,6,21.14,28.74,-22.46,-30.06
-28.98,27.66,15.844,0.086,0.535,0.254,-3.482,-2.779,27.64,2054.4,15.95068,159.5068,1.5827897667752442,-0.0013667128924911044,,,Sand,,,Sand 6,6,21.14,28.74,-22.46,-30.06
-29.0,27.68,15.872,0.083,0.513,0.254,-3.482,-2.789,27.66,2055.3,15.97868,159.7868,1.571316952902711,-0.0013768346321473364,,,Sand,,,Sand 6,6,21.14,28.74,-22.46,-30.06
-29.02,27.7,16.055,0.084,0.517,0.255,-3.497,-2.791,27.68,2056.2,16.1621,161.62099999999998,1.5693286529608514,-0.0013117107306600004,,,Sand,,,Sand 6,6,21.14,28.74,-22.46,-30.06
-29.04,27.72,16.391,0.09,0.554,0.254,-3.487,-2.783,27.7,2057.0,16.49768,164.9768,1.5802849488580186,-0.0013577666677981376,,,Sand,,,Sand 6,6,21.14,28.74,-22.46,-30.06
-29.06,27.74,16.525,0.101,0.624,0.254,-3.494,-2.785,27.72,2057.9,16.63168,166.3168,1.6095838985365098,-0.0013588525031746656,,,Sand,,,Sand 6,6,21.14,28.74,-22.46,-30.06
-29.080000000000002,27.76,16.555,0.107,0.668,0.256,-3.5,-2.813,27.74,2058.7,16.66252,166.6252,1.6277927316643916,-0.001248310579672223,,,Sand,,,Sand 6,6,21.14,28.74,-22.46,-30.06
-29.1,27.78,16.407,0.096,0.608,0.259,-3.523,-2.797,27.76,2059.6,16.51578,165.15779999999998,1.6048610803901595,-0.001089866781950353,,,Sand,,,Sand 6,6,21.14,28.74,-22.46,-30.06
-29.12,27.8,15.765,0.092,0.587,0.258,-3.551,-2.813,27.78,2060.5,15.87336,158.7336,1.6089147967218118,-0.0012095737764405295,,,Sand,,,Sand 6,6,21.14,28.74,-22.46,-30.06
-29.14,27.82,14.875,0.099,0.635,0.261,-3.615,-2.824,27.8,2061.3,14.98462,149.84619999999998,1.6496724096179913,-0.0010944555150547719,,,Sand,,,Sand 6,6,21.14,28.74,-22.46,-30.06
-29.16,27.84,14.351,0.099,0.635,0.261,-3.647,-2.824,27.82,2062.2,14.46062,144.6062,1.6618292373255823,-0.0011479452471609116,,,Sand,,,Sand 6,6,21.14,28.74,-22.46,-30.06
-29.18,27.86,14.898,0.098,0.619,0.27,-3.664,-2.845,27.84,2063.1,15.0114,150.114,1.6422131675239344,-0.0005196051001239066,,,Sand,,,Sand 6,6,21.14,28.74,-22.46,-30.06
-29.2,27.88,15.766,0.096,0.594,0.264,-3.614,-2.846,27.86,2064.0,15.87688,158.7688,1.6120076213801446,-0.0008817853381772742,,,Sand,,,Sand 6,6,21.14,28.74,-22.46,-30.06
-29.22,27.9,16.835,0.092,0.55,0.251,-3.613,-2.846,27.88,2064.9,16.94042,169.40419999999997,1.5692564170691405,-0.0016056272512724001,,,Sand,,,Sand 6,6,21.14,28.74,-22.46,-30.06
-29.240000000000002,27.92,18.01,0.091,0.521,0.248,-3.594,-2.863,27.9,2065.8,18.114160000000002,181.14160000000004,1.5318501247069687,-0.001678245085612583,,,Sand,,,Sand 6,6,21.14,28.74,-22.46,-30.06
-29.26,27.94,18.963,0.086,0.479,0.254,-3.6,-2.881,27.92,2066.6,19.06968,190.6968,1.4919406321263593,-0.0012900059151490755,,,Sand,,,Sand 6,6,21.14,28.74,-22.46,-30.06
-29.28,27.96,19.401,0.08,0.434,0.251,-3.621,-2.868,27.94,2067.5,19.50642,195.06419999999997,1.4585162324568066,-0.0014251718152280127,,,Sand,,,Sand 6,6,21.14,28.74,-22.46,-30.06
-29.3,27.98,19.542,0.079,0.419,0.252,-3.606,-2.878,27.96,2068.4,19.647840000000002,196.47840000000005,1.447035759802489,-0.0013741968582806046,,,Sand,,,Sand 6,6,21.14,28.74,-22.46,-30.06
-29.32,28.0,19.39,0.08,0.421,0.254,-3.599,-2.883,27.98,2069.2,19.49668,194.9668,1.4509669509286427,-0.0012925277534431526,,,Sand,,,Sand 6,6,21.14,28.74,-22.46,-30.06
-29.34,28.02,19.053,0.082,0.431,0.259,-3.628,-2.883,27.99,2070.1,19.16178,191.6178,1.4630242706247802,-0.0010646192577098805,,,Sand,,,Sand 6,6,21.14,28.74,-22.46,-30.06
-29.36,28.04,18.703,0.08,0.421,0.261,-3.655,-2.9,28.01,2071.0,18.81262,188.12619999999998,1.4636098434481928,-0.0009886980122917502,,,Sand,,,Sand 6,6,21.14,28.74,-22.46,-30.06
-29.38,28.06,18.691,0.077,0.407,0.262,-3.628,-2.876,28.03,2071.9,18.80104,188.0104,1.4554064297377973,-0.0009467561368945554,,,Sand,,,Sand 6,6,21.14,28.74,-22.46,-30.06
-29.4,28.08,18.697,0.075,0.396,0.261,-3.655,-2.893,28.05,2072.7,18.80662,188.06619999999998,1.4485503791651915,-0.0010102825494426964,,,Sand,,,Sand 6,6,21.14,28.74,-22.46,-30.06
-29.42,28.1,18.699,0.079,0.42,0.26,-3.654,-2.877,28.07,2073.6,18.808200000000003,188.08200000000005,1.4630977075805864,-0.0010739996384555694,,,Sand,,,Sand 6,6,21.14,28.74,-22.46,-30.06
-29.44,28.12,18.908,0.082,0.429,0.26,-3.632,-2.881,28.09,2076.7,19.017200000000003,190.17200000000005,1.464518800647045,-0.0010727131228572045,,,Sand,,,Sand 6,6,21.14,28.74,-22.46,-30.06
-29.46,28.14,19.265,0.087,0.444,0.259,-3.646,-2.878,28.11,2082.4,19.37378,193.7378,1.4667430170640925,-0.0011149089129741344,,,Sand,,,Sand 6,6,21.14,28.74,-22.46,-30.06
-29.48,28.16,19.622,0.091,0.448,0.259,-3.66,-2.875,28.13,2088.1,19.73078,197.3078,1.4626726910544074,-0.001104872691297557,,,Sand,,,Sand 6,6,21.14,28.74,-22.46,-30.06
-29.5,28.18,20.365,0.092,0.439,0.26,-3.653,-2.864,28.15,2090.6,20.4742,204.74200000000002,1.4445228975334015,-0.001025681101093083,,,Sand,,,Sand 6,6,21.14,28.74,-22.46,-30.06
-29.52,28.2,21.409,0.096,0.439,0.261,-3.647,-2.867,28.17,2091.5,21.51862,215.18619999999999,1.4272477361376101,-0.0009387219068880806,,,Sand,,,Sand 6,6,21.14,28.74,-22.46,-30.06
-29.54,28.22,22.305,0.101,0.457,0.262,-3.657,-2.814,28.19,2092.3,22.41504,224.15040000000002,1.4238835238316854,-0.0008654903136465506,,,Sand,,,Sand 6,6,21.14,28.74,-22.46,-30.06
-29.56,28.24,23.207,0.104,0.455,0.263,-3.661,-2.858,28.21,2093.2,23.31746,233.1746,1.4092589046634405,-0.0007976855112006206,,,Sand,,,Sand 6,6,21.14,28.74,-22.46,-30.06
-29.580000000000002,28.26,24.037,0.108,0.46,0.262,-3.668,-2.841,28.23,2094.1,24.14704,241.4704,1.4004021872288224,-0.0008199762786660398,,,Sand,,,Sand 6,6,21.14,28.74,-22.46,-30.06
-29.6,28.28,24.66,0.11,0.458,0.263,-3.652,-2.831,28.25,2095.0,24.77046,247.7046,1.3906264316213028,-0.0007670426790620764,,,Sand,,,Sand 6,6,21.14,28.74,-22.46,-30.06
-29.62,28.3,25.015,0.113,0.461,0.263,-3.668,-2.862,28.27,2095.8,25.12546,251.25459999999998,1.3876538949871875,-0.0007641651137929433,,,Sand,,,Sand 6,6,21.14,28.74,-22.46,-30.06
-29.64,28.32,25.1,0.118,0.477,0.263,-3.679,-2.849,28.29,2096.7,25.21046,252.10460000000003,1.3960139427614675,-0.0007695218571973709,,,Sand,,,Sand 6,6,21.14,28.74,-22.46,-30.06
-29.66,28.34,25.175,0.122,0.49,0.264,-3.675,-2.867,28.31,2097.6,25.285880000000002,252.8588,1.4025712502822731,-0.0007355883995336537,,,Sand,,,Sand 6,6,21.14,28.74,-22.46,-30.06
-29.68,28.36,25.076,0.124,0.496,0.265,-3.688,-2.894,28.33,2098.5,25.1873,251.873,1.4072950792735321,-0.0007067053634172782,,,Sand,,,Sand 6,6,21.14,28.74,-22.46,-30.06
-29.7,28.38,24.92,0.127,0.51,0.268,-3.703,-2.888,28.35,2099.3,25.03256,250.3256,1.4172111335389639,-0.0005992195764236658,,,Sand,,,Sand 6,6,21.14,28.74,-22.46,-30.06
-29.72,28.4,24.731,0.129,0.516,0.268,-3.68,-2.89,28.37,2100.3,24.84356,248.43560000000002,1.4230252209553187,-0.0006118285785129019,,,Sand,,,Sand 6,6,21.14,28.74,-22.46,-30.06
-29.740000000000002,28.42,24.72,0.128,0.509,0.264,-3.715,-2.855,28.39,2101.2,24.83088,248.30880000000002,1.4193124424419503,-0.0007812852383805984,,,Sand,,,Sand 6,6,21.14,28.74,-22.46,-30.06
-29.76,28.44,25.119,0.126,0.502,0.268,-3.704,-2.812,28.41,2102.1,25.231559999999998,252.3156,1.4101201135722632,-0.0006182733053366507,,,Sand,,,Sand 6,6,21.14,28.74,-22.46,-30.06
-29.78,28.46,25.494,0.125,0.495,0.268,-3.721,-2.854,28.43,2102.9,25.606559999999998,256.06559999999996,1.4012853962038239,-0.0006170293862197817,,,Sand,,,Sand 6,6,21.14,28.74,-22.46,-30.06
-29.8,28.48,25.774,0.123,0.487,0.268,-3.717,-2.82,28.45,2103.8,25.88656,258.8656,1.393090328031712,-0.0006180813518675329,,,Sand,,,Sand 6,6,21.14,28.74,-22.46,-30.06
-29.82,28.5,25.69,0.125,0.491,0.268,-3.72,-2.814,28.47,2104.7,25.80256,258.0256,1.3964766812824927,-0.0006278446789775915,,,Sand,,,Sand 6,6,21.14,28.74,-22.46,-30.06
-29.84,28.52,25.512,0.128,0.501,0.267,-3.717,-2.844,28.49,2105.6,25.62414,256.2414,1.4044809552148076,-0.0006790471797297405,,,Sand,,,Sand 6,6,21.14,28.74,-22.46,-30.06
-29.86,28.54,25.312,0.117,0.458,0.266,-3.691,-2.815,28.51,2106.4,25.42372,254.2372,1.3818971637566086,-0.0007316002536214222,,,Sand,,,Sand 6,6,21.14,28.74,-22.46,-30.06
-29.88,28.56,25.334,0.128,0.499,0.266,-3.706,-2.812,28.53,2107.4,25.445719999999998,254.45719999999997,1.4056402758603306,-0.000738827590651788,,,Sand,,,Sand 6,6,21.14,28.74,-22.46,-30.06
-29.9,28.58,25.444,0.134,0.521,0.268,-3.68,-2.826,28.55,2108.2,25.556559999999998,255.5656,1.4165331194526867,-0.0006651912463962287,,,Sand,,,Sand 6,6,21.14,28.74,-22.46,-30.06
-29.92,28.6,25.599,0.139,0.539,0.267,-3.663,-2.826,28.57,2109.1,25.71114,257.1114,1.424381959475316,-0.0007078643731860993,,,Sand,,,Sand 6,6,21.14,28.74,-22.46,-30.06
-29.94,28.62,25.887,0.137,0.529,0.266,-3.684,-2.853,28.59,2110.0,25.99872,259.9872,1.415356830438576,-0.0007461905816901769,,,Sand,,,Sand 6,6,21.14,28.74,-22.46,-30.06
-29.96,28.64,26.161,0.147,0.567,0.272,-3.653,-2.932,28.61,2110.9,26.27524,262.7524,1.4322416436129108,-0.0005175975557216612,,,Sand,,,Sand 6,6,21.14,28.74,-22.46,-30.06
-29.98,28.66,26.268,0.149,0.573,0.275,-3.668,-2.859,28.63,2111.8,26.3835,263.835,1.4340467855236956,-0.0004093467508101659,,,Sand,,,Sand 6,6,21.14,28.74,-22.46,-30.06
-30.0,28.68,26.257,0.144,0.552,0.267,-3.681,-2.864,28.65,2112.7,26.36914,263.69140000000004,1.4232099148800532,-0.0007205392363952711,,,Sand,,,Sand 6,6,21.14,28.74,-22.46,-30.06
-30.02,28.7,26.176,0.147,0.56,0.27,-3.696,-2.918,28.67,2113.5,26.289399999999997,262.894,1.4284077455593607,-0.0006162179433535946,,,Sand,,,Sand 6,6,21.14,28.74,-22.46,-30.06
-30.04,28.72,26.212,0.118,0.448,0.266,-3.696,-2.894,28.69,2114.4,26.323719999999998,263.2372,1.364146710108564,-0.0007749664561087862,,,Sand,,,Sand 6,6,21.14,28.74,-22.46,-30.06
-30.06,28.74,26.242,0.095,0.359,0.27,-3.68,-2.875,28.71,2115.3,26.3554,263.554,1.3043948694067586,-0.0006298519468496029,,,Dense sand / gravelly sand,,,Sand 7,7,28.74,32.7,-30.06,-34.02
-30.080000000000002,28.76,26.598,0.111,0.416,0.268,-3.7,-2.931,28.73,2116.2,26.710559999999997,267.1056,1.3388756454364832,-0.0007038414769289753,,,Sand,,,Sand 7,7,28.74,32.7,-30.06,-34.02
-30.1,28.78,26.923,0.105,0.392,0.263,-3.703,-2.979,28.75,2117.1,27.033459999999998,270.33459999999997,1.3187427510548895,-0.0008877886885363546,,,Sand,,,Sand 7,7,28.74,32.7,-30.06,-34.02
-30.12,28.8,26.965,0.133,0.493,0.266,-3.687,-2.98,28.77,2117.9,27.076719999999998,270.7672,1.3818453044075072,-0.0007829604176576797,,,Sand,,,Sand 7,7,28.74,32.7,-30.06,-34.02
-30.14,28.82,27.432,0.145,0.537,0.264,-3.76,-2.961,28.79,2118.9,27.54288,275.4288,1.4011894528059043,-0.000849584357191406,,,Sand,,,Sand 7,7,28.74,32.7,-30.06,-34.02
-30.16,28.84,27.475,0.156,0.579,0.264,-3.707,-2.97,28.81,2119.8,27.585880000000003,275.85880000000003,1.423075098319176,-0.0008555101377951336,,,Sand,,,Sand 7,7,28.74,32.7,-30.06,-34.02
-30.18,28.86,27.524,0.164,0.615,0.273,-3.686,-2.985,28.83,2120.7,27.63866,276.3866,1.4406964686142232,-0.0005354818214775974,,,Sand,,,Sand 7,7,28.74,32.7,-30.06,-34.02
-30.2,28.88,26.228,0.174,0.663,0.265,-3.698,-3.025,28.85,2121.5,26.3393,263.39300000000003,1.4785066500837905,-0.0008732198653722763,,,Sand,,,Sand 7,7,28.74,32.7,-30.06,-34.02
-30.22,28.9,25.93,0.177,0.692,0.271,-3.695,-3.036,28.87,2122.4,26.04382,260.4382,1.4951132206443773,-0.0006604253907452896,,,Sand,,,Sand 7,7,28.74,32.7,-30.06,-34.02
-30.240000000000002,28.92,25.025,0.182,0.738,0.271,-3.696,-3.039,28.89,2123.2,25.13882,251.38819999999998,1.5257878962801839,-0.0006921565928711067,,,Sand,,,Sand 7,7,28.74,32.7,-30.06,-34.02
-30.26,28.94,23.752,0.139,0.59,0.272,-3.713,-3.061,28.91,2124.1,23.866239999999998,238.6624,1.4746943723287353,-0.0006955431605481225,,,Sand,,,Sand 7,7,28.74,32.7,-30.06,-34.02
-30.28,28.96,22.118,0.122,0.545,0.273,-3.737,-3.035,28.93,2124.9,22.23266,222.32659999999998,1.475073735726836,-0.0007106662000858202,,,Sand,,,Sand 7,7,28.74,32.7,-30.06,-34.02
-30.3,28.98,20.722,0.108,0.51,0.272,-3.741,-3.012,28.95,2125.8,20.83624,208.3624,1.4783786111280495,-0.0008158861675619017,,,Sand,,,Sand 7,7,28.74,32.7,-30.06,-34.02
-30.32,29.0,19.303,0.108,0.54,0.28,-3.745,-3.0,28.97,2126.6,19.4206,194.206,1.5177473616920176,-0.0004737237778441473,,,Sand,,,Sand 7,7,28.74,32.7,-30.06,-34.02
-30.34,29.02,18.164,0.103,0.543,0.27,-3.744,-3.016,28.99,2127.5,18.2774,182.774,1.5398420346753652,-0.0010614201144582946,,,Sand,,,Sand 7,7,28.74,32.7,-30.06,-34.02
-30.36,29.04,16.999,0.093,0.506,0.271,-3.772,-3.042,29.01,2128.4,17.11282,171.1282,1.5438353819741475,-0.0010869044377256362,,,Sand,,,Sand 7,7,28.74,32.7,-30.06,-34.02
-30.38,29.06,16.222,0.082,0.468,0.269,-3.779,-3.046,29.03,2129.3,16.33498,163.34980000000002,1.5402235275419207,-0.001273341014191631,,,Sand,,,Sand 7,7,28.74,32.7,-30.06,-34.02
-30.4,29.08,15.568,0.078,0.464,0.268,-3.818,-3.061,29.05,2130.2,15.68056,156.8056,1.552616263175759,-0.0014030111169499049,,,Sand,,,Sand 7,7,28.74,32.7,-30.06,-34.02
-30.42,29.1,15.166,0.075,0.465,0.268,-3.812,-3.034,29.07,2131.1,15.27856,152.78560000000002,1.5624201598060166,-0.001453016514645362,,,Sand,,,Sand 7,7,28.74,32.7,-30.06,-34.02
-30.44,29.12,15.089,0.074,0.475,0.268,-3.824,-3.041,29.09,2136.2,15.20156,152.0156,1.569487670253765,-0.0014735329795099999,,,Sand,,,Sand 7,7,28.74,32.7,-30.06,-34.02
-30.46,29.14,15.012,0.066,0.436,0.268,-3.836,-3.048,29.11,2141.4,15.12456,151.24560000000002,1.5503662899957535,-0.0014942583453667426,,,Sand,,,Sand 7,7,28.74,32.7,-30.06,-34.02
-30.48,29.16,14.935,0.062,0.417,0.27,-3.848,-3.055,29.13,2146.6,15.0484,150.484,1.5415608475220368,-0.0013822067462321583,,,Sand,,,Sand 7,7,28.74,32.7,-30.06,-34.02
-30.5,29.18,14.888,0.062,0.425,0.271,-3.894,-3.053,29.15,2147.8,15.00182,150.0182,1.547199810654825,-0.0013331715751822113,,,Sand,,,Sand 7,7,28.74,32.7,-30.06,-34.02
-30.52,29.2,14.653,0.066,0.459,0.271,-3.882,-3.087,29.17,2148.7,14.766820000000001,147.6682,1.5714477305821422,-0.0013679316196716683,,,Sand,,,Sand 7,7,28.74,32.7,-30.06,-34.02
-30.54,29.22,14.341,0.073,0.51,0.274,-3.859,-3.035,29.19,2149.5,14.45608,144.5608,1.6051024925593875,-0.0012036458016281024,,,Sand,,,Sand 7,7,28.74,32.7,-30.06,-34.02
-30.56,29.24,14.046,0.076,0.535,0.273,-3.884,-3.1,29.21,2150.4,14.16066,141.6066,1.6244739585243415,-0.0013134980996648477,,,Sand,,,Sand 7,7,28.74,32.7,-30.06,-34.02
-30.580000000000002,29.26,13.707,0.078,0.561,0.273,-3.899,-3.086,29.23,2151.2,13.821660000000001,138.21660000000003,1.6450833394183013,-0.001360183943173252,,,Sand,,,Sand 7,7,28.74,32.7,-30.06,-34.02
-30.6,29.28,13.486,0.083,0.605,0.273,-3.883,-3.087,29.25,2152.1,13.600660000000001,136.00660000000002,1.6702053009254685,-0.0013969910283765639,,,Sand,,,Sand 7,7,28.74,32.7,-30.06,-34.02
-30.62,29.3,13.335,0.084,0.624,0.272,-3.911,-3.126,29.27,2152.9,13.449240000000001,134.4924,1.6821686877933169,-0.0015019436042482729,,,Sand,,,Sand 7,7,28.74,32.7,-30.06,-34.02
-30.64,29.32,13.132,0.085,0.641,0.27,-3.929,-3.075,29.29,2153.8,13.2454,132.454,1.69451053885759,-0.0016911531550576075,,,Sand,,,Sand 7,7,28.74,32.7,-30.06,-34.02
-30.66,29.34,13.026,0.086,0.661,0.273,-3.93,-3.09,29.31,2154.7,13.14066,131.4066,1.7053605502694518,-0.0014915536966940794,,,Sand,,,Sand 7,7,28.74,32.7,-30.06,-34.02
-30.68,29.36,12.758,0.083,0.642,0.272,-3.936,-3.131,29.33,2155.6,12.87224,128.7224,1.7048076501606295,-0.001615880375132845,,,Sand,,,Sand 7,7,28.74,32.7,-30.06,-34.02
-30.7,29.38,12.657,0.079,0.617,0.27,-3.927,-3.123,29.35,2156.4,12.7704,127.704,1.6972372482214386,-0.0018010399047798033,,,Sand,,,Sand 7,7,28.74,32.7,-30.06,-34.02
-30.72,29.4,12.606,0.075,0.593,0.27,-3.922,-3.096,29.37,2157.3,12.7194,127.194,1.6884427800772426,-0.0018239854081167342,,,Sand,,,Sand 7,7,28.74,32.7,-30.06,-34.02
-30.740000000000002,29.42,12.419,0.071,0.574,0.271,-3.987,-3.134,29.39,2158.2,12.532820000000001,125.32820000000001,1.6853838085386519,-0.0017873072460946563,,,Sand,,,Sand 7,7,28.74,32.7,-30.06,-34.02
-30.76,29.44,12.19,0.067,0.552,0.273,-3.951,-3.114,29.41,2159.0,12.30466,123.0466,1.6821220671542716,-0.0016741624717789864,,,Sand,,,Sand 7,7,28.74,32.7,-30.06,-34.02
-30.78,29.46,11.976,0.07,0.58,0.274,-3.969,-3.083,29.43,2159.9,12.091080000000002,120.91080000000002,1.7007009531503365,-0.0016375708373445555,,,Sand,,,Sand 7,7,28.74,32.7,-30.06,-34.02
-30.8,29.48,11.7,0.066,0.563,0.274,-3.953,-3.116,29.45,2160.7,11.81508,118.1508,1.701490468786063,-0.0016927519745951784,,,Sand,,,Sand 7,7,28.74,32.7,-30.06,-34.02
-30.82,29.5,11.459,0.066,0.571,0.274,-3.953,-3.152,29.47,2161.6,11.57408,115.7408,1.7123371076427805,-0.0017452791064171014,,,Sand,,,Sand 7,7,28.74,32.7,-30.06,-34.02
-30.84,29.52,11.216,0.068,0.595,0.274,-3.987,-3.154,29.49,2162.5,11.33108,113.3108,1.7301305531004898,-0.0018003579535225268,,,Sand,,,Sand 7,7,28.74,32.7,-30.06,-34.02
-30.86,29.54,11.096,0.068,0.606,0.274,-3.974,-3.13,29.51,2163.3,11.21108,112.1108,1.7384915081466978,-0.0018374679335086382,,,Sand,,,Sand 7,7,28.74,32.7,-30.06,-34.02
-30.88,29.56,10.996,0.068,0.611,0.272,-3.978,-3.133,29.53,2164.2,11.110240000000001,111.10240000000002,1.7437553253073514,-0.002052160889413731,,,Sand,,,Sand 7,7,28.74,32.7,-30.06,-34.02
-30.9,29.58,10.949,0.067,0.599,0.272,-3.977,-3.151,29.55,2165.0,11.06324,110.6324,1.7403079795656702,-0.002078956978245071,,,Sand,,,Sand 7,7,28.74,32.7,-30.06,-34.02
-30.92,29.6,10.931,0.062,0.556,0.273,-4.0,-3.131,29.57,2166.0,11.04566,110.4566,1.722542121759051,-0.002009839158547343,,,Sand,,,Sand 7,7,28.74,32.7,-30.06,-34.02
-30.94,29.62,11.069,0.059,0.527,0.274,-3.984,-3.128,29.59,2166.8,11.184080000000002,111.84080000000002,1.7051054048881644,-0.0019134340956073303,,,Sand,,,Sand 7,7,28.74,32.7,-30.06,-34.02
-30.96,29.64,11.283,0.057,0.507,0.275,-4.008,-3.154,29.61,2167.7,11.3985,113.985,1.6889757658850577,-0.0018072553406149952,,,Sand,,,Sand 7,7,28.74,32.7,-30.06,-34.02
-30.98,29.66,11.436,0.057,0.501,0.275,-4.004,-3.134,29.63,2168.5,11.5515,115.515,1.6812995463303448,-0.0018006319525602746,,,Sand,,,Sand 7,7,28.74,32.7,-30.06,-34.02
-31.0,29.68,11.534,0.059,0.523,0.275,-4.01,-3.155,29.65,2169.4,11.649500000000002,116.49500000000002,1.6885315087811146,-0.0018026524743551223,,,Sand,,,Sand 7,7,28.74,32.7,-30.06,-34.02
-31.02,29.7,11.537,0.062,0.543,0.276,-4.024,-3.117,29.67,2170.2,11.652920000000002,116.52920000000002,1.6975388312715773,-0.0017334710956567097,,,Sand,,,Sand 7,7,28.74,32.7,-30.06,-34.02
-31.04,29.72,11.443,0.061,0.535,0.276,-4.009,-3.141,29.69,2171.1,11.55892,115.5892,1.6968372752887135,-0.0017648707664729903,,,Sand,,,Sand 7,7,28.74,32.7,-30.06,-34.02
-31.06,29.74,11.429,0.062,0.541,0.276,-4.187,-3.118,29.71,2172.0,11.544920000000001,115.44920000000002,1.699984801765785,-0.0017843345817900877,,,Sand,,,Sand 7,7,28.74,32.7,-30.06,-34.02
-31.080000000000002,29.76,11.316,0.064,0.559,0.276,-4.201,-3.142,29.73,2172.8,11.431920000000002,114.31920000000002,1.7115177666208368,-0.0018194668961994142,,,Sand,,,Sand 7,7,28.74,32.7,-30.06,-34.02
-31.1,29.78,11.245,0.078,0.68,0.277,-4.055,-3.138,29.75,2173.7,11.361339999999998,113.61339999999998,1.7631745660133131,-0.0017603557326864615,,,Sand,,,Sand 7,7,28.74,32.7,-30.06,-34.02
-31.12,29.8,11.214,0.078,0.683,0.275,-4.063,-3.171,29.77,2174.5,11.329500000000001,113.29500000000002,1.7652938108023604,-0.0019594862968356982,,,Sand,,,Sand 7,7,28.74,32.7,-30.06,-34.02
-31.14,29.82,11.383,0.078,0.674,0.274,-4.307,-3.154,29.79,2175.4,11.49808,114.9808,1.756708442030978,-0.0020351223856504767,,,Sand,,,Sand 7,7,28.74,32.7,-30.06,-34.02
-31.16,29.84,11.701,0.076,0.657,0.274,-4.587,-3.174,29.81,2176.2,11.816080000000001,118.16080000000002,1.7405810611504664,-0.001997278285184259,,,Sand,,,Sand 7,7,28.74,32.7,-30.06,-34.02
-31.18,29.86,11.677,0.074,0.624,0.274,-4.118,-3.178,29.83,2177.2,11.79208,117.9208,1.728047775182507,-0.00201830381069328,,,Sand,,,Sand 7,7,28.74,32.7,-30.06,-34.02
-31.2,29.88,11.976,0.07,0.587,0.278,-4.088,-3.186,29.85,2178.1,12.09276,120.9276,1.7036698528119614,-0.0016538821575885075,,,Sand,,,Sand 7,7,28.74,32.7,-30.06,-34.02
-31.22,29.9,12.296,0.071,0.579,0.278,-4.107,-3.158,29.87,2178.9,12.412759999999999,124.12759999999999,1.6909747054843711,-0.001627357654542583,,,Sand,,,Sand 7,7,28.74,32.7,-30.06,-34.02
-31.240000000000002,29.92,12.591,0.067,0.541,0.279,-4.1,-3.143,29.89,2179.8,12.708179999999999,127.08179999999999,1.6656269991253352,-0.0015265757960620668,,,Sand,,,Sand 7,7,28.74,32.7,-30.06,-34.02
-31.26,29.94,12.732,0.063,0.504,0.279,-4.145,-3.18,29.91,2180.6,12.849179999999999,128.49179999999998,1.6442439708778673,-0.0015253891688029918,,,Sand,,,Sand 7,7,28.74,32.7,-30.06,-34.02
-31.28,29.96,12.859,0.072,0.575,0.28,-4.127,-3.204,29.93,2181.5,12.9766,129.766,1.673547543634157,-0.0014487616170645633,,,Sand,,,Sand 7,7,28.74,32.7,-30.06,-34.02
-31.3,29.98,12.705,0.076,0.602,0.281,-4.14,-3.207,29.95,2182.3,12.82302,128.2302,1.6894565737961473,-0.0014037254874436755,,,Sand,,,Sand 7,7,28.74,32.7,-30.06,-34.02
-31.32,30.0,12.584,0.083,0.667,0.276,-4.135,-3.221,29.97,2183.2,12.699919999999999,126.99919999999999,1.7195053082207483,-0.0018267831608388123,,,Sand,,,Sand 7,7,28.74,32.7,-30.06,-34.02
-31.34,30.02,12.391,0.081,0.648,0.281,-4.138,-3.219,29.99,2184.0,12.50902,125.09020000000001,1.7171671138221947,-0.0014709385707273657,,,Sand,,,Sand 7,7,28.74,32.7,-30.06,-34.02
-31.36,30.04,12.129,0.072,0.585,0.278,-4.173,-3.264,30.01,2184.9,12.245759999999999,122.45759999999999,1.6983639506314043,-0.0017638758231420528,,,Sand,,,Sand 7,7,28.74,32.7,-30.06,-34.02
-31.38,30.06,12.173,0.064,0.522,0.276,-4.164,-3.248,30.03,2185.8,12.288920000000001,122.8892,1.6688224440396622,-0.0019367039577115003,,,Sand,,,Sand 7,7,28.74,32.7,-30.06,-34.02
-31.4,30.08,12.04,0.069,0.568,0.279,-4.167,-3.22,30.05,2186.7,12.157179999999999,121.57179999999998,1.6935296635211947,-0.001727374275942283,,,Sand,,,Sand 7,7,28.74,32.7,-30.06,-34.02
-31.42,30.1,12.021,0.07,0.579,0.281,-4.165,-3.236,30.07,2188.0,12.13902,121.39020000000001,1.6988655566015198,-0.0015816762802928115,,,Sand,,,Sand 7,7,28.74,32.7,-30.06,-34.02
-31.44,30.12,11.869,0.076,0.636,0.281,-4.17,-3.223,30.09,2195.5,11.98702,119.87019999999998,1.7271794664351876,-0.0016184172546637977,,,Sand,,,Sand 7,7,28.74,32.7,-30.06,-34.02
-31.46,30.14,11.717,0.076,0.644,0.28,-4.174,-3.21,30.11,2203.0,11.8346,118.346,1.7348734935901757,-0.0017406587463877124,,,Sand,,,Sand 7,7,28.74,32.7,-30.06,-34.02
-31.48,30.16,11.665,0.076,0.656,0.281,-4.172,-3.212,30.13,2207.4,11.783019999999999,117.83019999999999,1.7411641593068672,-0.0016803841459999231,,,Sand,,,Sand 7,7,28.74,32.7,-30.06,-34.02
-31.5,30.18,11.6,0.076,0.662,0.281,-4.17,-3.211,30.15,2208.3,11.71802,117.18019999999999,1.7454497441055896,-0.0017067729872452856,,,Sand,,,Sand 7,7,28.74,32.7,-30.06,-34.02
-31.52,30.2,11.474,0.08,0.702,0.281,-4.179,-3.236,30.17,2209.1,11.59202,115.92020000000001,1.7645008958988992,-0.001742578083888743,,,Sand,,,Sand 7,7,28.74,32.7,-30.06,-34.02
-31.54,30.22,11.324,0.083,0.728,0.281,-4.174,-3.251,30.19,2210.0,11.44202,114.42019999999998,1.7785760998045406,-0.0017829019701066753,,,Sand,,,Sand 7,7,28.74,32.7,-30.06,-34.02
-31.56,30.24,11.175,0.084,0.744,0.281,-4.197,-3.209,30.21,2210.9,11.29302,112.9302,1.7888428365818538,-0.0018241356165135652,,,Sand,,,Sand 7,7,28.74,32.7,-30.06,-34.02
-31.580000000000002,30.26,11.143,0.084,0.761,0.279,-4.201,-3.236,30.23,2211.8,11.26018,112.6018,1.7958457073208094,-0.0020248344165013357,,,Sand,,,Sand 7,7,28.74,32.7,-30.06,-34.02
-31.6,30.28,11.006,0.085,0.778,0.282,-4.224,-3.275,30.25,2212.6,11.12444,111.2444,1.8058957744985078,-0.0017978433071687203,,,Sand,,,Sand 7,7,28.74,32.7,-30.06,-34.02
-31.62,30.3,10.745,0.086,0.789,0.282,-4.233,-3.26,30.27,2213.5,10.863439999999999,108.63439999999999,1.8177762829546158,-0.0018594478360445723,,,Sand,,,Sand 7,7,28.74,32.7,-30.06,-34.02
-31.64,30.32,10.612,0.086,0.803,0.282,-4.238,-3.284,30.29,2214.3,10.73044,107.3044,1.826692900099233,-0.0019011335975039265,,,Sand,,,Sand 7,7,28.74,32.7,-30.06,-34.02
-31.66,30.34,10.5,0.091,0.847,0.281,-4.24,-3.278,30.31,2215.2,10.61802,106.1802,1.844626407938485,-0.0020342775771754074,,,Sand,,,Sand 7,7,28.74,32.7,-30.06,-34.02
-31.68,30.36,10.439,0.082,0.768,0.282,-4.233,-3.271,30.33,2216.0,10.55744,105.57440000000001,1.820443925794446,-0.0019701745877788563,,,Sand,,,Sand 7,7,28.74,32.7,-30.06,-34.02
-31.7,30.38,10.503,0.075,0.697,0.282,-4.262,-3.271,30.35,2216.9,10.62144,106.21440000000001,1.7930617151818637,-0.0019771330441070135,,,Sand,,,Sand 7,7,28.74,32.7,-30.06,-34.02
-31.72,30.4,10.785,0.075,0.68,0.279,-4.265,-3.239,30.37,2217.8,10.90218,109.0218,1.7775806645685526,-0.0022197395383308648,,,Sand,,,Sand 7,7,28.74,32.7,-30.06,-34.02
-31.740000000000002,30.42,11.159,0.075,0.664,0.283,-4.279,-3.281,30.39,2218.6,11.27786,112.77860000000001,1.7596009315881767,-0.0018088538073712595,,,Sand,,,Sand 7,7,28.74,32.7,-30.06,-34.02
-31.76,30.44,11.81,0.078,0.669,0.283,-4.316,-3.286,30.41,2219.5,11.92886,119.2886,1.741976543235727,-0.0017269043311766608,,,Sand,,,Sand 7,7,28.74,32.7,-30.06,-34.02
-31.78,30.46,12.285,0.08,0.663,0.281,-4.31,-3.282,30.43,2220.3,12.40302,124.03020000000001,1.7261017140535275,-0.0018382619716810914,,,Sand,,,Sand 7,7,28.74,32.7,-30.06,-34.02
-31.8,30.48,12.751,0.077,0.617,0.279,-4.336,-3.313,30.45,2221.2,12.868179999999999,128.68179999999998,1.6945765724515673,-0.0019427766785979062,,,Sand,,,Sand 7,7,28.74,32.7,-30.06,-34.02
-31.82,30.5,13.154,0.079,0.61,0.283,-4.331,-3.304,30.47,2222.1,13.27286,132.7286,1.680830948941685,-0.001597244301529591,,,Sand,,,Sand 7,7,28.74,32.7,-30.06,-34.02
-31.84,30.52,13.306,0.081,0.612,0.286,-4.321,-3.307,30.49,2222.9,13.42612,134.2612,1.677690442444757,-0.0013704629483424872,,,Sand,,,Sand 7,7,28.74,32.7,-30.06,-34.02
-31.86,30.54,13.63,0.082,0.607,0.287,-4.381,-3.27,30.51,2223.9,13.75054,137.5054,1.6672611757390632,-0.0012799497328832192,,,Sand,,,Sand 7,7,28.74,32.7,-30.06,-34.02
-31.88,30.56,13.935,0.088,0.637,0.284,-4.369,-3.318,30.53,2224.7,14.05428,140.5428,1.6724388391765037,-0.0014799762065363727,,,Sand,,,Sand 7,7,28.74,32.7,-30.06,-34.02
-31.9,30.58,14.112,0.089,0.643,0.286,-4.401,-3.318,30.55,2225.6,14.23212,142.3212,1.6706276542912855,-0.0013350084175793907,,,Sand,,,Sand 7,7,28.74,32.7,-30.06,-34.02
-31.92,30.6,14.25,0.091,0.644,0.285,-4.398,-3.333,30.57,2226.5,14.3697,143.697,1.667752878800376,-0.0014057356799376498,,,Sand,,,Sand 7,7,28.74,32.7,-30.06,-34.02
-31.94,30.62,14.235,0.096,0.674,0.286,-4.412,-3.299,30.59,2227.3,14.35512,143.5512,1.6803686054560454,-0.0013514341921210017,,,Sand,,,Sand 7,7,28.74,32.7,-30.06,-34.02
-31.96,30.64,14.227,0.099,0.686,0.284,-4.415,-3.331,30.61,2228.2,14.34628,143.46280000000002,1.68537067026404,-0.0015056167870695415,,,Sand,,,Sand 7,7,28.74,32.7,-30.06,-34.02
-31.98,30.66,14.32,0.101,0.696,0.287,-4.418,-3.296,30.62,2229.0,14.44054,144.40540000000001,1.6871069832472496,-0.001301890372520696,,,Sand,,,Sand 7,7,28.74,32.7,-30.06,-34.02
-32.0,30.68,14.616,0.104,0.705,0.287,-4.414,-3.338,30.64,2229.9,14.73654,147.3654,1.6838058656247676,-0.0012893121451846906,,,Sand,,,Sand 7,7,28.74,32.7,-30.06,-34.02
-32.019999999999996,30.7,15.053,0.102,0.688,0.286,-4.451,-3.298,30.66,2230.8,15.17312,151.7312,1.6672795918208156,-0.0013313016703222532,,,Sand,,,Sand 7,7,28.74,32.7,-30.06,-34.02
-32.04,30.72,15.421,0.105,0.694,0.286,-4.436,-3.308,30.68,2231.6,15.54112,155.41119999999998,1.661653212721478,-0.001312646707573198,,,Sand,,,Sand 7,7,28.74,32.7,-30.06,-34.02
-32.059999999999995,30.74,15.389,0.103,0.673,0.286,-4.456,-3.315,30.7,2232.5,15.50912,155.0912,1.6538539232601912,-0.0013282507324722465,,,Sand,,,Sand 7,7,28.74,32.7,-30.06,-34.02
-32.08,30.76,15.362,0.103,0.659,0.285,-4.474,-3.301,30.72,2233.4,15.4817,154.817,1.6486804419820715,-0.0014081140959972102,,,Sand,,,Sand 7,7,28.74,32.7,-30.06,-34.02
-32.1,30.78,15.54,0.105,0.657,0.286,-4.48,-3.28,30.74,2234.3,15.66012,156.60119999999998,1.6439858483962733,-0.0013409858928284076,,,Sand,,,Sand 7,7,28.74,32.7,-30.06,-34.02
-32.12,30.8,15.951,0.106,0.649,0.286,-4.483,-3.293,30.76,2235.2,16.07112,160.71120000000002,1.6319033256982534,-0.0013191364385307302,,,Sand,,,Sand 7,7,28.74,32.7,-30.06,-34.02
-32.14,30.82,16.639,0.107,0.645,0.288,-4.472,-3.261,30.78,2236.1,16.75996,167.59959999999998,1.61611541044022,-0.001157520662340485,,,Sand,,,Sand 7,7,28.74,32.7,-30.06,-34.02
-32.16,30.84,17.356,0.107,0.642,0.287,-4.491,-3.241,30.8,2236.9,17.47654,174.7654,1.6008416046191936,-0.0011787230195450568,,,Sand,,,Sand 7,7,28.74,32.7,-30.06,-34.02
-32.18,30.86,17.922,0.105,0.624,0.289,-4.496,-3.305,30.82,2237.8,18.04338,180.43379999999996,1.5822844250116028,-0.0010419333849866275,,,Sand,,,Sand 7,7,28.74,32.7,-30.06,-34.02
-32.199999999999996,30.88,17.624,0.103,0.612,0.287,-4.519,-3.292,30.84,2238.6,17.744539999999997,177.44539999999998,1.5824763258548016,-0.0011834626313220857,,,Sand,,,Sand 7,7,28.74,32.7,-30.06,-34.02
-32.22,30.9,16.792,0.105,0.633,0.288,-4.523,-3.3,30.86,2239.5,16.91296,169.12960000000004,1.6078818509658472,-0.0011943503680018155,,,Sand,,,Sand 7,7,28.74,32.7,-30.06,-34.02
-32.24,30.92,16.026,0.1,0.614,0.287,-4.518,-3.308,30.88,2240.3,16.146539999999998,161.46539999999996,1.6151925215060727,-0.0013253613467653156,,,Sand,,,Sand 7,7,28.74,32.7,-30.06,-34.02
-32.26,30.94,15.398,0.1,0.629,0.287,-4.535,-3.348,30.9,2241.2,15.51854,155.1854,1.635197743358412,-0.001391883514815184,,,Sand,,,Sand 7,7,28.74,32.7,-30.06,-34.02
-32.28,30.96,14.966,0.1,0.65,0.289,-4.517,-3.315,30.92,2242.1,15.08738,150.8738,1.6536590474693886,-0.0013123550941250245,,,Sand,,,Sand 7,7,28.74,32.7,-30.06,-34.02
-32.3,30.98,14.697,0.101,0.67,0.289,-4.559,-3.337,30.94,2242.9,14.81838,148.1838,1.667990180530929,-0.0013496752006629605,,,Sand,,,Sand 7,7,28.74,32.7,-30.06,-34.02
-32.32,31.0,14.54,0.099,0.672,0.289,-4.547,-3.371,30.96,2243.8,14.66138,146.6138,1.6724061754192736,-0.0013777693504977053,,,Sand,,,Sand 7,7,28.74,32.7,-30.06,-34.02
-32.339999999999996,31.02,14.453,0.092,0.626,0.288,-4.583,-3.334,30.98,2244.7,14.57396,145.7396,1.6553437504473125,-0.0014683723572728332,,,Sand,,,Sand 7,7,28.74,32.7,-30.06,-34.02
-32.36,31.04,14.352,0.08,0.549,0.288,-4.583,-3.373,31.0,2245.6,14.47296,144.7296,1.6233973964882247,-0.0014924383125497493,,,Sand,,,Sand 7,7,28.74,32.7,-30.06,-34.02
-32.379999999999995,31.06,14.328,0.071,0.491,0.287,-4.573,-3.36,31.02,2246.4,14.44854,144.4854,1.595816633895749,-0.0015780141107682821,,,Sand,,,Sand 7,7,28.74,32.7,-30.06,-34.02
-32.4,31.08,14.38,0.077,0.534,0.289,-4.611,-3.361,31.04,2247.3,14.501380000000001,145.0138,1.6156249463320715,-0.0014481380392762618,,,Sand,,,Sand 7,7,28.74,32.7,-30.06,-34.02
-32.42,31.1,14.592,0.081,0.552,0.289,-4.647,-3.34,31.06,2249.2,14.71338,147.1338,1.6190366419775852,-0.0014408653891899784,,,Sand,,,Sand 7,7,28.74,32.7,-30.06,-34.02
-32.44,31.12,14.818,0.084,0.56,0.29,-4.644,-3.343,31.08,2256.2,14.9398,149.398,1.6174394874132,-0.001365480126909328,,,Sand,,,Sand 7,7,28.74,32.7,-30.06,-34.02
-32.46,31.14,15.044,0.087,0.565,0.291,-4.641,-3.346,31.1,2263.2,15.166220000000001,151.6622,1.6145325601194556,-0.0012923457526001878,,,Sand,,,Sand 7,7,28.74,32.7,-30.06,-34.02
-32.48,31.16,15.691,0.088,0.56,0.291,-4.642,-3.356,31.12,2265.6,15.813220000000001,158.1322,1.5977413496099504,-0.0012521168996573724,,,Sand,,,Sand 7,7,28.74,32.7,-30.06,-34.02
-32.5,31.18,16.349,0.09,0.57,0.29,-4.668,-3.32,31.14,2266.5,16.4708,164.708,1.5884129793242006,-0.0012749836073536198,,,Sand,,,Sand 7,7,28.74,32.7,-30.06,-34.02
-32.519999999999996,31.2,16.471,0.097,0.612,0.29,-4.655,-3.351,31.16,2267.4,16.5928,165.928,1.605069854002631,-0.0012776626006460628,,,Sand,,,Sand 7,7,28.74,32.7,-30.06,-34.02
-32.54,31.22,16.197,0.097,0.611,0.29,-4.658,-3.357,31.18,2268.2,16.3188,163.188,1.6102645215214422,-0.0013113709341373127,,,Sand,,,Sand 7,7,28.74,32.7,-30.06,-34.02
-32.559999999999995,31.24,15.826,0.098,0.614,0.29,-4.653,-3.307,31.2,2269.1,15.9478,159.478,1.6193982759426622,-0.0013544187913066357,,,Sand,,,Sand 7,7,28.74,32.7,-30.06,-34.02
-32.58,31.26,15.688,0.098,0.614,0.291,-4.68,-3.323,31.22,2270.0,15.810220000000001,158.1022,1.622344689965903,-0.001315604716442909,,,Sand,,,Sand 7,7,28.74,32.7,-30.06,-34.02
-32.6,31.28,15.616,0.1,0.629,0.291,-4.666,-3.335,31.24,2270.9,15.73822,157.38219999999998,1.6304266777618692,-0.0013343313284475628,,,Sand,,,Sand 7,7,28.74,32.7,-30.06,-34.02
-32.62,31.3,15.824,0.105,0.659,0.293,-4.697,-3.351,31.26,2271.8,15.94706,159.47060000000002,1.6387133046052231,-0.001203983681004523,,,Sand,,,Sand 7,7,28.74,32.7,-30.06,-34.02
-32.64,31.32,16.13,0.111,0.691,0.294,-4.707,-3.347,31.28,2272.7,16.25348,162.5348,1.6455120170529072,-0.0011320652561789865,,,Sand,,,Sand 7,7,28.74,32.7,-30.06,-34.02
-32.66,31.34,16.324,0.107,0.662,0.293,-4.723,-3.386,31.3,2273.5,16.44706,164.47060000000002,1.6296257128117486,-0.0011917023468024051,,,Sand,,,Sand 7,7,28.74,32.7,-30.06,-34.02
-32.68,31.36,16.394,0.11,0.669,0.292,-4.726,-3.411,31.32,2274.4,16.51664,165.16639999999998,1.6311394268215433,-0.001259336039291285,,,Sand,,,Sand 7,7,28.74,32.7,-30.06,-34.02
-32.699999999999996,31.38,16.407,0.11,0.663,0.293,-4.735,-3.374,31.34,2275.2,16.53006,165.30059999999997,1.6283633908174224,-0.001209916963398802,,,Sand,,,Sand 7,7,28.74,32.7,-30.06,-34.02
-32.72,31.4,16.682,0.11,0.649,0.292,-4.76,-3.364,31.36,2276.1,16.80464,168.0464,1.6169370913913135,-0.0012615563320606683,,,Sand,,,Sand 7,7,28.74,32.7,-30.06,-34.02
-32.74,31.42,17.174,0.109,0.62,0.293,-4.751,-3.346,31.38,2277.0,17.29706,172.9706,1.594625099042003,-0.0011793911797727495,,,Sand,,,Sand 7,7,28.74,32.7,-30.06,-34.02
-32.76,31.44,17.83,0.112,0.619,0.294,-4.736,-3.373,31.4,2277.8,17.95348,179.5348,1.5817118870049842,-0.0010917103536473164,,,Sand,,,Sand 7,7,28.74,32.7,-30.06,-34.02
-32.78,31.46,18.711,0.112,0.596,0.294,-4.794,-3.379,31.42,2278.7,18.83448,188.3448,1.555201251835681,-0.001051263427501052,,,Sand,,,Sand 7,7,28.74,32.7,-30.06,-34.02
-32.8,31.48,19.96,0.113,0.574,0.294,-4.816,-3.363,31.44,2279.6,20.08348,200.83480000000003,1.5233296975380792,-0.0009958433498576938,,,Sand,,,Sand 7,7,28.74,32.7,-30.06,-34.02
-32.82,31.5,21.344,0.117,0.578,0.295,-4.804,-3.351,31.46,2280.6,21.4679,214.679,1.5032316113421071,-0.0008943585539340151,,,Sand,,,Sand 7,7,28.74,32.7,-30.06,-34.02
-32.839999999999996,31.52,22.108,0.123,0.596,0.294,-4.827,-3.365,31.48,2281.5,22.23148,222.3148,1.5005716067098949,-0.0009176177204576563,,,Sand,,,Sand 7,7,28.74,32.7,-30.06,-34.02
-32.86,31.54,22.481,0.127,0.606,0.295,-4.83,-3.412,31.5,2282.3,22.6049,226.049,1.4999850739478235,-0.0008670686444089566,,,Sand,,,Sand 7,7,28.74,32.7,-30.06,-34.02
-32.879999999999995,31.56,22.105,0.131,0.62,0.294,-4.853,-3.393,31.52,2283.2,22.22848,222.2848,1.5120412050998782,-0.0009357364966025547,,,Sand,,,Sand 7,7,28.74,32.7,-30.06,-34.02
-32.9,31.58,21.116,0.128,0.617,0.296,-4.855,-3.37,31.54,2284.0,21.24032,212.4032,1.5253710912275857,-0.000894525129564903,,,Sand,,,Sand 7,7,28.74,32.7,-30.06,-34.02
-32.92,31.6,20.013,0.128,0.633,0.295,-4.866,-3.379,31.56,2284.9,20.1369,201.36900000000003,1.5501092750294652,-0.0010031335508444718,,,Sand,,,Sand 7,7,28.74,32.7,-30.06,-34.02
-32.94,31.62,19.045,0.127,0.651,0.295,-4.856,-3.35,31.58,2285.8,19.1689,191.68900000000002,1.5742347629631057,-0.0010642238208765228,,,Sand,,,Sand 7,7,28.74,32.7,-30.06,-34.02
-32.96,31.64,18.27,0.123,0.647,0.296,-4.88,-3.391,31.6,2286.6,18.39432,183.9432,1.58604884179576,-0.0010655463208207763,,,Sand,,,Sand 7,7,28.74,32.7,-30.06,-34.02
-32.98,31.66,17.595,0.12,0.665,0.296,-4.899,-3.41,31.62,2287.5,17.71932,177.1932,1.6061346738000801,-0.0011174243706869088,,,Sand,,,Sand 7,7,28.74,32.7,-30.06,-34.02
-33.0,31.68,17.053,0.117,0.662,0.296,-4.914,-3.427,31.64,2288.3,17.17732,171.77320000000003,1.6151533990998364,-0.001164325983331509,,,Sand,,,Sand 7,7,28.74,32.7,-30.06,-34.02
-33.019999999999996,31.7,16.799,0.114,0.651,0.297,-4.915,-3.373,31.66,2289.2,16.92374,169.23739999999998,1.6154321360639294,-0.0011345010027334378,,,Sand,,,Sand 7,7,28.74,32.7,-30.06,-34.02
-33.04,31.72,16.903,0.112,0.638,0.295,-4.913,-3.383,31.68,2290.1,17.026899999999998,170.26899999999998,1.6078067238624218,-0.001256834773211799,,,Sand,,,Sand 7,7,28.74,32.7,-30.06,-34.02
-33.059999999999995,31.74,17.315,0.114,0.64,0.296,-4.936,-3.435,31.7,2290.9,17.439320000000002,174.39320000000004,1.6006826648260384,-0.001181238718023407,,,Sand,,,Sand 7,7,28.74,32.7,-30.06,-34.02
-33.08,31.76,18.103,0.115,0.637,0.297,-4.956,-3.377,31.72,2291.9,18.22774,182.27740000000003,1.584673050486458,-0.001086256442104178,,,Sand,,,Sand 7,7,28.74,32.7,-30.06,-34.02
-33.1,31.78,18.787,0.118,0.645,0.297,-4.971,-3.402,31.74,2292.7,18.911739999999998,189.11739999999998,1.5760339293513814,-0.001057544149824395,,,Sand,,,Sand 7,7,28.74,32.7,-30.06,-34.02
-33.12,31.8,19.337,0.122,0.662,0.296,-4.982,-3.432,31.76,2293.6,19.46132,194.6132,1.5740836782111722,-0.0010893402914088043,,,Sand,,,Sand 7,7,28.74,32.7,-30.06,-34.02
-33.14,31.82,19.351,0.124,0.671,0.297,-4.967,-3.474,31.78,2294.5,19.47574,194.7574,1.5777270123713107,-0.0010474569900809948,,,Sand,,,Sand 7,7,28.74,32.7,-30.06,-34.02
-33.16,31.84,18.818,0.125,0.677,0.297,-5.0,-3.461,31.8,2295.4,18.94274,189.4274,1.5893172213072522,-0.0010874878713427922,,,Sand,,,Sand 7,7,28.74,32.7,-30.06,-34.02
-33.18,31.86,18.059,0.124,0.683,0.299,-4.983,-3.431,31.82,2296.2,18.18458,181.84580000000003,1.6051857161447294,-0.0010338429592544897,,,Sand,,,Sand 7,7,28.74,32.7,-30.06,-34.02
-33.199999999999996,31.88,17.435,0.126,0.705,0.299,-5.007,-3.425,31.84,2297.1,17.560579999999998,175.6058,1.6256638660341032,-0.0010819688187975569,,,Sand,,,Sand 7,7,28.74,32.7,-30.06,-34.02
-33.22,31.9,17.007,0.126,0.717,0.299,-5.0,-3.442,31.86,2297.9,17.13258,171.32580000000002,1.6385590017119855,-0.0011206718427697396,,,Sand,,,Sand 7,7,28.74,32.7,-30.06,-34.02
-33.24,31.92,16.923,0.127,0.726,0.299,-4.988,-3.455,31.88,2298.8,17.048579999999998,170.48579999999998,1.6437274903893868,-0.0011379246834633755,,,Sand,,,Sand 7,7,28.74,32.7,-30.06,-34.02
-33.26,31.94,16.997,0.128,0.732,0.299,-5.047,-3.432,31.9,2299.7,17.12258,171.2258,1.6446657405836596,-0.0011446873076370514,,,Sand,,,Sand 7,7,28.74,32.7,-30.06,-34.02
-33.28,31.96,17.251,0.129,0.732,0.3,-5.009,-3.455,31.92,2300.5,17.377000000000002,173.77000000000004,1.6398555652330358,-0.0010818898544052487,,,Sand,,,Sand 7,7,28.74,32.7,-30.06,-34.02
-33.3,31.98,17.713,0.132,0.74,0.299,-5.047,-3.439,31.94,2301.4,17.83858,178.38580000000002,1.6344749938435583,-0.0011211654739334631,,,Sand,,,Sand 7,7,28.74,32.7,-30.06,-34.02
-33.32,32.0,18.433,0.135,0.742,0.299,-5.072,-3.452,31.96,2302.4,18.55858,185.58579999999998,1.6224904962445605,-0.0010884453444175172,,,Sand,,,Sand 7,7,28.74,32.7,-30.06,-34.02
-33.34,32.02,18.953,0.125,0.674,0.299,-5.067,-3.47,31.98,2303.2,19.07858,190.7858,1.5857138089257965,-0.0010692619681338987,,,Sand,,,Sand 7,7,28.74,32.7,-30.06,-34.02
-33.36,32.04,19.303,0.107,0.566,0.3,-5.072,-3.45,32.0,2304.1,19.429000000000002,194.29000000000005,1.5305002946650907,-0.0010088012764424325,,,Sand,,,Sand 7,7,28.74,32.7,-30.06,-34.02
-33.38,32.06,19.72,0.097,0.5,0.3,-5.122,-3.459,32.02,2305.0,19.846,198.46,1.4895826577378084,-0.0009976821525748297,,,Sand,,,Sand 7,7,28.74,32.7,-30.06,-34.02
-33.4,32.08,20.226,0.108,0.548,0.3,-5.127,-3.457,32.04,2305.8,20.352,203.52,1.5060191371653648,-0.0009827044025157233,,,Sand,,,Sand 7,7,28.74,32.7,-30.06,-34.02
-33.42,32.1,20.513,0.117,0.587,0.299,-5.151,-3.511,32.06,2308.1,20.63858,206.38580000000002,1.520582135040408,-0.001027202452881935,,,Sand,,,Sand 7,7,28.74,32.7,-30.06,-34.02
-33.44,32.12,20.415,0.124,0.616,0.298,-5.161,-3.492,32.08,2314.6,20.54016,205.4016,1.5358447599336633,-0.0010905465195986778,,,Sand,,,Sand 7,7,28.74,32.7,-30.06,-34.02
-33.46,32.14,20.318,0.13,0.641,0.298,-5.172,-3.473,32.1,2321.1,20.443160000000002,204.43160000000003,1.548795108747567,-0.0011055042371140283,,,Sand,,,Sand 7,7,28.74,32.7,-30.06,-34.02
-33.48,32.16,20.341,0.134,0.664,0.299,-5.161,-3.457,32.12,2322.7,20.46658,204.66580000000002,1.5586180913629342,-0.0010651510902163405,,,Sand,,,Sand 7,7,28.74,32.7,-30.06,-34.02
-33.5,32.18,20.236,0.138,0.693,0.3,-5.147,-3.511,32.14,2323.6,20.362000000000002,203.62000000000003,1.5727342374263262,-0.0010313328749631664,,,Sand,,,Sand 7,7,28.74,32.7,-30.06,-34.02
-33.52,32.2,19.988,0.145,0.729,0.301,-5.15,-3.461,32.16,2324.5,20.11442,201.14419999999998,1.5915412718574453,-0.001004254659095318,,,Sand,,,Sand 7,7,28.74,32.7,-30.06,-34.02
-33.54,32.22,19.573,0.147,0.741,0.301,-5.135,-3.475,32.18,2325.4,19.69942,196.99419999999998,1.6030013855331968,-0.0010355634835949475,,,Sand,,,Sand 7,7,28.74,32.7,-30.06,-34.02
-33.56,32.24,19.286,0.147,0.751,0.302,-5.17,-3.508,32.2,2326.2,19.412840000000003,194.12840000000003,1.6116266025105666,-0.001009641041702297,,,Sand,,,Sand 7,7,28.74,32.7,-30.06,-34.02
-33.58,32.26,19.163,0.148,0.759,0.302,-5.168,-3.5,32.22,2327.1,19.28984,192.8984,1.6167802049867896,-0.0010264470830240173,,,Sand,,,Sand 7,7,28.74,32.7,-30.06,-34.02
-33.6,32.28,19.277,0.149,0.765,0.302,-5.18,-3.56,32.24,2328.0,19.403840000000002,194.03840000000002,1.61723779606876,-0.001030723815492191,,,Sand,,,Sand 7,7,28.74,32.7,-30.06,-34.02
-33.62,32.3,19.402,0.15,0.776,0.302,-5.189,-3.543,32.26,2328.9,19.528840000000002,195.28840000000002,1.6194434483420572,-0.0010343676326909322,,,Sand,,,Sand 7,7,28.74,32.7,-30.06,-34.02
-33.64,32.32,19.442,0.15,0.776,0.302,-5.207,-3.568,32.28,2329.8,19.56884,195.6884,1.6187964342220647,-0.0010424736468794284,,,Sand,,,Sand 7,7,28.74,32.7,-30.06,-34.02
-33.660000000000004,32.34,19.395,0.15,0.772,0.302,-5.232,-3.568,32.3,2330.6,19.52184,195.2184,1.618019588123724,-0.0010552284006015839,,,Sand,,,Sand 7,7,28.74,32.7,-30.06,-34.02
-33.68,32.36,19.303,0.15,0.771,0.302,-5.251,-3.553,32.32,2331.5,19.429840000000002,194.29840000000004,1.6191307451455803,-0.0010705183367438953,,,Sand,,,Sand 7,7,28.74,32.7,-30.06,-34.02
-33.7,32.38,19.35,0.15,0.762,0.303,-5.24,-3.55,32.34,2332.4,19.47726,194.7726,1.6148743691938892,-0.001026838477280688,,,Sand,,,Sand 7,7,28.74,32.7,-30.06,-34.02
-33.72,32.4,19.645,0.151,0.756,0.304,-5.262,-3.562,32.36,2333.3,19.77268,197.7268,1.6077537923108327,-0.0009710368043178764,,,Sand,,,Sand 7,7,28.74,32.7,-30.06,-34.02
-33.74,32.42,20.16,0.151,0.748,0.303,-5.287,-3.572,32.38,2334.1,20.28726,202.87259999999998,1.5964554922254401,-0.0010055571821921756,,,Sand,,,Sand 7,7,28.74,32.7,-30.06,-34.02
-33.76,32.44,20.801,0.15,0.726,0.304,-5.275,-3.606,32.4,2335.0,20.92868,209.2868,1.5777256737669854,-0.0009365139129653673,,,Sand,,,Sand 7,7,28.74,32.7,-30.06,-34.02
-33.78,32.46,21.272,0.148,0.7,0.304,-5.322,-3.573,32.42,2335.9,21.39968,213.9968,1.5598414676478325,-0.0009252474803361551,,,Sand,,,Sand 7,7,28.74,32.7,-30.06,-34.02
-33.8,32.48,21.627,0.145,0.665,0.303,-5.315,-3.606,32.44,2336.8,21.75426,217.5426,1.539458626565147,-0.000965328170206663,,,Sand,,,Sand 7,7,28.74,32.7,-30.06,-34.02
-33.82,32.5,22.229,0.142,0.635,0.304,-5.343,-3.616,32.46,2337.7,22.35668,223.5668,1.5171664604175072,-0.0009035330827296381,,,Sand,,,Sand 7,7,28.74,32.7,-30.06,-34.02
-33.84,32.52,23.033,0.137,0.59,0.304,-5.372,-3.574,32.47,2338.5,23.160680000000003,231.60680000000005,1.4843727241427052,-0.0008808031543115327,,,Sand,,,Sand 7,7,28.74,32.7,-30.06,-34.02
-33.86,32.54,24.099,0.132,0.545,0.304,-5.395,-3.605,32.49,2339.4,24.22668,242.2668,1.4468766356445746,-0.0008503022287824837,,,Sand,,,Sand 7,7,28.74,32.7,-30.06,-34.02
-33.88,32.56,25.302,0.128,0.512,0.305,-5.401,-3.629,32.51,2340.4,25.4301,254.301,1.4131618437865994,-0.0007786048816166695,,,Sand,,,Sand 7,7,28.74,32.7,-30.06,-34.02
-33.9,32.58,26.728,0.127,0.486,0.305,-5.397,-3.63,32.53,2341.3,26.8561,268.56100000000004,1.3804278012077624,-0.0007447097679856718,,,Sand,,,Sand 7,7,28.74,32.7,-30.06,-34.02
-33.92,32.6,27.962,0.129,0.477,0.304,-5.414,-3.628,32.55,2342.2,28.08968,280.8968,1.360405062544936,-0.000754725578931481,,,Sand,,,Sand 7,7,28.74,32.7,-30.06,-34.02
-33.94,32.62,28.719,0.13,0.467,0.306,-5.428,-3.607,32.57,2343.0,28.847520000000003,288.47520000000003,1.3456468295674784,-0.0006725014836630661,,,Sand,,,Sand 7,7,28.74,32.7,-30.06,-34.02
-33.96,32.64,29.282,0.132,0.459,0.301,-5.418,-3.67,32.59,2343.9,29.40842,294.0842,1.3344109426025879,-0.0008364951262257553,,,Sand,,,Sand 7,7,28.74,32.7,-30.06,-34.02
-33.98,32.66,29.694,0.137,0.464,0.304,-5.447,-3.651,32.61,2344.8,29.82168,298.2168,1.3329930451372618,-0.0007310118008106839,,,Sand,,,Sand 7,7,28.74,32.7,-30.06,-34.02
-34.0,32.68,30.293,0.136,0.45,0.307,-5.453,-3.642,32.63,2345.7,30.42194,304.2194,1.3176874355377917,-0.0006245492562275779,,,Sand,,,Sand 7,7,28.74,32.7,-30.06,-34.02
-34.02,32.7,30.914,0.135,0.438,0.307,-5.48,-3.66,32.65,2346.6,31.04294,310.42940000000004,1.3033396789295961,-0.0006184981190570238,,,Dense sand / gravelly sand,,,Sand 8,8,32.7,33.06,-34.02,-34.38
-34.04,32.72,31.262,0.148,0.473,0.315,-5.508,-3.665,32.67,2347.5,31.3943,313.94300000000004,1.3220422908660563,-0.0003631232421171989,,,Sand,,,Sand 8,8,32.7,33.06,-34.02,-34.38
-34.06,32.74,32.233,0.151,0.478,0.315,-5.521,-3.677,32.69,2348.4,32.3653,323.653,1.3154533988865629,-0.00035840854248222706,,,Sand,,,Sand 8,8,32.7,33.06,-34.02,-34.38
-34.08,32.76,33.031,0.163,0.509,0.31,-5.539,-3.686,32.71,2349.3,33.1612,331.612,1.3266909185076896,-0.0005066161658806077,,,Sand,,,Sand 8,8,32.7,33.06,-34.02,-34.38
-34.1,32.78,32.844,0.172,0.535,0.311,-5.563,-3.673,32.73,2350.2,32.97462,329.74620000000004,1.3436281442737679,-0.00048522166441948377,,,Sand,,,Sand 8,8,32.7,33.06,-34.02,-34.38
-34.12,32.8,32.174,0.171,0.525,0.312,-5.545,-3.614,32.75,2351.1,32.30504,323.05039999999997,1.3442102159557472,-0.00047051481750216037,,,Sand,,,Sand 8,8,32.7,33.06,-34.02,-34.38
-34.14,32.82,32.117,0.173,0.524,0.314,-5.583,-3.673,32.77,2352.0,32.24888,322.4888,1.344171630202804,-0.0004155183063721913,,,Sand,,,Sand 8,8,32.7,33.06,-34.02,-34.38
-34.160000000000004,32.84,32.826,0.178,0.535,0.31,-5.614,-3.683,32.79,2352.9,32.9562,329.56200000000007,1.3438000612912426,-0.0005340421529181162,,,Sand,,,Sand 8,8,32.7,33.06,-34.02,-34.38
-34.18,32.86,33.744,0.186,0.552,0.313,-5.604,-3.667,32.81,2353.8,33.87546,338.7546,1.3450437257011258,-0.0004368944362674341,,,Sand,,,Sand 8,8,32.7,33.06,-34.02,-34.38
-34.2,32.88,34.609,0.193,0.565,0.314,-5.621,-3.655,32.83,2354.7,34.740880000000004,347.40880000000004,1.3446988420441819,-0.0004029834592560711,,,Sand,,,Sand 8,8,32.7,33.06,-34.02,-34.38
-34.22,32.9,35.163,0.202,0.585,0.313,-5.648,-3.669,32.85,2355.6,35.294459999999994,352.9445999999999,1.3509633330595998,-0.0004306624892405208,,,Sand,,,Sand 8,8,32.7,33.06,-34.02,-34.38
-34.24,32.92,35.603,0.216,0.616,0.313,-5.65,-3.661,32.87,2356.5,35.73446,357.3446,1.3638116636058517,-0.00043095656125767773,,,Sand,,,Sand 8,8,32.7,33.06,-34.02,-34.38
-34.26,32.94,35.777,0.228,0.645,0.312,-5.641,-3.633,32.89,2357.4,35.90804,359.0804,1.3772681043302804,-0.00046229201036870914,,,Sand,,,Sand 8,8,32.7,33.06,-34.02,-34.38
-34.28,32.96,35.795,0.237,0.67,0.31,-5.616,-3.64,32.91,2358.3,35.925200000000004,359.25200000000007,1.3895204662449951,-0.0005233095431619033,,,Sand,,,Sand 8,8,32.7,33.06,-34.02,-34.38
-34.3,32.98,35.756,0.238,0.676,0.311,-5.648,-3.633,32.93,2359.2,35.88662,358.86620000000005,1.3927442304220585,-0.0005015796973913954,,,Sand,,,Sand 8,8,32.7,33.06,-34.02,-34.38
-34.32,33.0,35.364,0.234,0.669,0.307,-5.62,-3.67,32.95,2360.2,35.49294,354.92939999999993,1.3924993910318453,-0.0006254765032144434,,,Sand,,,Sand 8,8,32.7,33.06,-34.02,-34.38
-34.34,33.02,34.715,0.21,0.605,0.312,-5.633,-3.69,32.97,2361.1,34.84604,348.4604,1.365435127199554,-0.0004993393797401379,,,Sand,,,Sand 8,8,32.7,33.06,-34.02,-34.38
-34.36,33.04,33.983,0.187,0.541,0.31,-5.637,-3.668,32.99,2361.9,34.1132,341.13199999999995,1.3366747328071453,-0.0005745576492384187,,,Sand,,,Sand 8,8,32.7,33.06,-34.02,-34.38
-34.38,33.06,33.396,0.166,0.486,0.308,-5.653,-3.68,33.01,2362.8,33.52536,335.2536,1.3093160976581544,-0.0006502540166608224,,,Dense sand / gravelly sand,,,Sand 9,9,33.06,35.52,-34.38,-36.84
-34.4,33.08,32.564,0.17,0.51,0.309,-5.668,-3.67,33.03,2363.7,32.69378,326.9377999999999,1.3317031606667573,-0.0006423240139255848,,,Sand,,,Sand 9,9,33.06,35.52,-34.38,-36.84
-34.42,33.1,31.366,0.173,0.544,0.309,-5.668,-3.667,33.05,2367.7,31.49578,314.95779999999996,1.3628876391607707,-0.0006731060478578414,,,Sand,,,Sand 9,9,33.06,35.52,-34.38,-36.84
-34.44,33.12,30.08,0.176,0.579,0.308,-5.678,-3.671,33.07,2373.3,30.209359999999997,302.0936,1.3948035563726782,-0.0007414920408773963,,,Sand,,,Sand 9,9,33.06,35.52,-34.38,-36.84
-34.46,33.14,28.793,0.179,0.62,0.307,-5.688,-3.674,33.09,2378.9,28.92194,289.2194,1.429181251443852,-0.0008159895221413233,,,Sand,,,Sand 9,9,33.06,35.52,-34.38,-36.84
-34.48,33.16,27.739,0.177,0.646,0.309,-5.7,-3.666,33.11,2381.1,27.86878,278.68780000000004,1.4531903670158293,-0.000782237327934698,,,Sand,,,Sand 9,9,33.06,35.52,-34.38,-36.84
-34.5,33.18,26.794,0.182,0.674,0.312,-5.722,-3.704,33.13,2382.0,26.92504,269.2504,1.4768081731065177,-0.000705662832812876,,,Sand,,,Sand 9,9,33.06,35.52,-34.38,-36.84
-34.52,33.2,26.039,0.188,0.702,0.313,-5.725,-3.686,33.15,2382.9,26.170460000000002,261.7046,1.498057334874267,-0.0006954405845369185,,,Sand,,,Sand 9,9,33.06,35.52,-34.38,-36.84
-34.54,33.22,25.536,0.188,0.712,0.314,-5.713,-3.69,33.17,2383.8,25.66788,256.6788,1.508345752245286,-0.0006778900322114634,,,Sand,,,Sand 9,9,33.06,35.52,-34.38,-36.84
-34.56,33.24,25.243,0.19,0.735,0.314,-5.75,-3.696,33.19,2384.6,25.374879999999997,253.74879999999996,1.5216816435870462,-0.0006935993391889942,,,Sand,,,Sand 9,9,33.06,35.52,-34.38,-36.84
-34.58,33.26,25.143,0.191,0.744,0.314,-5.742,-3.674,33.21,2385.5,25.27488,252.74880000000002,1.5266577959418972,-0.000704256558290287,,,Sand,,,Sand 9,9,33.06,35.52,-34.38,-36.84
-34.6,33.28,25.198,0.19,0.74,0.314,-5.759,-3.694,33.23,2386.4,25.32988,253.2988,1.5243241242371042,-0.0007106231849499484,,,Sand,,,Sand 9,9,33.06,35.52,-34.38,-36.84
-34.62,33.3,25.478,0.189,0.728,0.314,-5.78,-3.693,33.25,2387.3,25.60988,256.0988,1.5159112328183597,-0.000710663228410285,,,Sand,,,Sand 9,9,33.06,35.52,-34.38,-36.84
-34.64,33.32,25.947,0.189,0.718,0.314,-5.797,-3.709,33.27,2388.2,26.078879999999998,260.7888,1.506104520258182,-0.000705551772161996,,,Sand,,,Sand 9,9,33.06,35.52,-34.38,-36.84
-34.660000000000004,33.34,26.753,0.195,0.724,0.314,-5.804,-3.688,33.29,2389.2,26.88488,268.8488,1.4994861654576588,-0.0006918386840484325,,,Sand,,,Sand 9,9,33.06,35.52,-34.38,-36.84
-34.68,33.36,27.852,0.198,0.724,0.314,-5.817,-3.711,33.31,2390.1,27.98388,279.8388,1.4874652115026685,-0.0006718153451201196,,,Sand,,,Sand 9,9,33.06,35.52,-34.38,-36.84
-34.7,33.38,29.034,0.2,0.722,0.314,-5.839,-3.733,33.33,2390.9,29.165879999999998,291.6588,1.4742857871169472,-0.0006514461418616568,,,Sand,,,Sand 9,9,33.06,35.52,-34.38,-36.84
-34.72,33.4,29.347,0.199,0.709,0.314,-5.839,-3.743,33.35,2391.8,29.47888,294.78880000000004,1.4653537598870736,-0.0006513137541182022,,,Sand,,,Sand 9,9,33.06,35.52,-34.38,-36.84
-34.74,33.42,28.772,0.197,0.693,0.314,-5.875,-3.741,33.37,2392.7,28.903879999999997,289.0388,1.4640097319691332,-0.0006711901654725953,,,Sand,,,Sand 9,9,33.06,35.52,-34.38,-36.84
-34.76,33.44,28.217,0.193,0.671,0.316,-5.881,-3.726,33.39,2393.6,28.349719999999998,283.49719999999996,1.4597380010683356,-0.0006208174190080193,,,Sand,,,Sand 9,9,33.06,35.52,-34.38,-36.84
-34.78,33.46,28.267,0.189,0.646,0.314,-5.888,-3.732,33.41,2394.5,28.39888,283.98879999999997,1.447430642700733,-0.0006972105942206176,,,Sand,,,Sand 9,9,33.06,35.52,-34.38,-36.84
-34.8,33.48,28.972,0.186,0.633,0.313,-5.903,-3.734,33.43,2395.4,29.103460000000002,291.0346,1.433671147460521,-0.000721563690365338,,,Sand,,,Sand 9,9,33.06,35.52,-34.38,-36.84
-34.82,33.5,29.96,0.183,0.617,0.314,-5.913,-3.734,33.45,2396.3,30.09188,300.91880000000003,1.4155736862283286,-0.0006712774343111844,,,Sand,,,Sand 9,9,33.06,35.52,-34.38,-36.84
-34.84,33.52,30.903,0.176,0.589,0.315,-5.924,-3.715,33.47,2397.2,31.0353,310.353,1.39179527366771,-0.0006250946502853213,,,Sand,,,Sand 9,9,33.06,35.52,-34.38,-36.84
-34.86,33.54,31.28,0.175,0.584,0.315,-5.968,-3.756,33.49,2398.0,31.412300000000002,314.12300000000005,1.3854765345160447,-0.0006239594044371161,,,Sand,,,Sand 9,9,33.06,35.52,-34.38,-36.84
-34.88,33.56,30.707,0.175,0.582,0.316,-5.963,-3.694,33.51,2398.9,30.83972,308.3972,1.3900423164014146,-0.0006096034594347831,,,Sand,,,Sand 9,9,33.06,35.52,-34.38,-36.84
-34.9,33.58,30.068,0.174,0.583,0.317,-5.95,-3.707,33.53,2399.8,30.201140000000002,302.01140000000004,1.3969954523996955,-0.0005960039919022924,,,Sand,,,Sand 9,9,33.06,35.52,-34.38,-36.84
-34.92,33.6,29.304,0.174,0.592,0.318,-5.958,-3.688,33.55,2400.7,29.437559999999998,294.37559999999996,1.4095743883665617,-0.0005842875564415001,,,Sand,,,Sand 9,9,33.06,35.52,-34.38,-36.84
-34.94,33.62,28.583,0.177,0.61,0.317,-5.957,-3.707,33.57,2401.7,28.71614,287.1614,1.4263859728686357,-0.000640754641814672,,,Sand,,,Sand 9,9,33.06,35.52,-34.38,-36.84
-34.96,33.64,27.899,0.18,0.634,0.318,-5.977,-3.713,33.59,2402.5,28.03256,280.3256,1.445627850658716,-0.000627841338786041,,,Sand,,,Sand 9,9,33.06,35.52,-34.38,-36.84
-34.98,33.66,27.352,0.182,0.649,0.318,-5.984,-3.755,33.61,2403.4,27.48556,274.85560000000004,1.4588606721460933,-0.0006476127828576152,,,Sand,,,Sand 9,9,33.06,35.52,-34.38,-36.84
-35.0,33.68,27.078,0.186,0.669,0.319,-5.999,-3.721,33.63,2404.3,27.21198,272.1198,1.4712706511840958,-0.0006247248454540978,,,Sand,,,Sand 9,9,33.06,35.52,-34.38,-36.84
-35.02,33.7,27.163,0.191,0.691,0.319,-5.991,-3.717,33.65,2405.2,27.29698,272.9698,1.4803421057292907,-0.0006301063341072912,,,Sand,,,Sand 9,9,33.06,35.52,-34.38,-36.84
-35.04,33.72,27.527,0.19,0.688,0.319,-5.998,-3.751,33.67,2406.1,27.660980000000002,276.6098,1.4749744450048903,-0.0006290449579154454,,,Sand,,,Sand 9,9,33.06,35.52,-34.38,-36.84
-35.06,33.74,27.73,0.199,0.715,0.319,-6.005,-3.784,33.69,2406.9,27.86398,278.63980000000004,1.484813125068153,-0.0006316398447027316,,,Sand,,,Sand 9,9,33.06,35.52,-34.38,-36.84
-35.08,33.76,27.964,0.198,0.703,0.32,-6.036,-3.728,33.71,2407.8,28.098399999999998,280.984,1.4769850909147515,-0.0005978988127437866,,,Sand,,,Sand 9,9,33.06,35.52,-34.38,-36.84
-35.1,33.78,28.542,0.198,0.693,0.318,-6.012,-3.707,33.73,2408.8,28.67556,286.7556,1.466385737662356,-0.0006625851421907715,,,Sand,,,Sand 9,9,33.06,35.52,-34.38,-36.84
-35.12,33.8,29.229,0.199,0.683,0.313,-6.045,-3.701,33.75,2409.6,29.36046,293.6046,1.454744759091262,-0.0008242377673919275,,,Sand,,,Sand 9,9,33.06,35.52,-34.38,-36.84
-35.14,33.82,29.768,0.198,0.668,0.318,-6.075,-3.757,33.77,2410.5,29.90156,299.0156,1.4422907415912982,-0.0006487955812338899,,,Sand,,,Sand 9,9,33.06,35.52,-34.38,-36.84
-35.160000000000004,33.84,30.234,0.196,0.648,0.319,-6.078,-3.702,33.79,2411.5,30.367980000000003,303.67980000000006,1.4280999047598621,-0.0006124872316169868,,,Sand,,,Sand 9,9,33.06,35.52,-34.38,-36.84
-35.18,33.86,30.808,0.198,0.642,0.319,-6.084,-3.719,33.81,2412.4,30.94198,309.4198,1.4195612900527086,-0.0006075887839110494,,,Sand,,,Sand 9,9,33.06,35.52,-34.38,-36.84
-35.2,33.88,31.593,0.184,0.587,0.32,-6.102,-3.739,33.83,2413.3,31.7274,317.274,1.384024730311539,-0.000567332967718756,,,Sand,,,Sand 9,9,33.06,35.52,-34.38,-36.84
-35.22,33.9,32.591,0.19,0.596,0.317,-6.129,-3.755,33.85,2414.2,32.72414,327.2414,1.379417193126557,-0.0006478397904421626,,,Sand,,,Sand 9,9,33.06,35.52,-34.38,-36.84
-35.24,33.92,33.194,0.194,0.605,0.321,-6.121,-3.745,33.87,2415.1,33.32882,333.2882,1.378645676315999,-0.0005220706883712065,,,Sand,,,Sand 9,9,33.06,35.52,-34.38,-36.84
-35.26,33.94,33.198,0.191,0.595,0.321,-6.162,-3.769,33.88,2416.0,33.33282,333.3282,1.3733591428885668,-0.0005280081313252231,,,Sand,,,Sand 9,9,33.06,35.52,-34.38,-36.84
-35.28,33.96,32.644,0.191,0.597,0.322,-6.15,-3.773,33.9,2416.8,32.77924,327.7924,1.3794369742821675,-0.0005125195092991788,,,Sand,,,Sand 9,9,33.06,35.52,-34.38,-36.84
-35.3,33.98,31.894,0.191,0.606,0.321,-6.157,-3.728,33.92,2417.7,32.028819999999996,320.28819999999996,1.3910904510531796,-0.0005619938542849847,,,Sand,,,Sand 9,9,33.06,35.52,-34.38,-36.84
-35.32,34.0,31.03,0.18,0.579,0.321,-6.182,-3.78,33.94,2418.6,31.164820000000002,311.64820000000003,1.3852393036082127,-0.0005839918215475027,,,Sand,,,Sand 9,9,33.06,35.52,-34.38,-36.84
-35.34,34.02,29.792,0.165,0.54,0.321,-6.195,-3.753,33.96,2419.5,29.926820000000003,299.26820000000004,1.376578897580114,-0.0006148331162482359,,,Sand,,,Sand 9,9,33.06,35.52,-34.38,-36.84
-35.36,34.04,28.607,0.15,0.502,0.321,-6.209,-3.718,33.98,2420.3,28.74182,287.4182,1.3677714452434138,-0.0006471406473215691,,,Sand,,,Sand 9,9,33.06,35.52,-34.38,-36.84
-35.38,34.06,27.791,0.147,0.501,0.322,-6.221,-3.719,34.0,2421.3,27.92624,279.2624,1.3764635525871292,-0.0006373933619420325,,,Sand,,,Sand 9,9,33.06,35.52,-34.38,-36.84
-35.4,34.08,27.342,0.155,0.548,0.322,-6.237,-3.721,34.02,2423.1,27.47724,274.7724,1.4079334548229527,-0.000655087628888491,,,Sand,,,Sand 9,9,33.06,35.52,-34.38,-36.84
-35.42,34.1,26.946,0.162,0.594,0.321,-6.223,-3.698,34.04,2428.5,27.080820000000003,270.80820000000006,1.4365521283805427,-0.0007089888710903157,,,Sand,,,Sand 9,9,33.06,35.52,-34.38,-36.84
-35.44,34.12,26.55,0.167,0.632,0.319,-6.208,-3.675,34.06,2433.8,26.683980000000002,266.8398,1.4598890883862325,-0.0008019793149297809,,,Sand,,,Sand 9,9,33.06,35.52,-34.38,-36.84
-35.46,34.14,26.115,0.166,0.65,0.32,-6.198,-3.66,34.08,2438.6,26.249399999999998,262.49399999999997,1.4735196225148963,-0.0007847798425868791,,,Sand,,,Sand 9,9,33.06,35.52,-34.38,-36.84
-35.48,34.16,25.319,0.167,0.673,0.321,-6.211,-3.761,34.1,2439.5,25.45382,254.5382,1.4936389519065276,-0.0007778793124175449,,,Sand,,,Sand 9,9,33.06,35.52,-34.38,-36.84
-35.5,34.18,24.485,0.174,0.707,0.322,-6.207,-3.69,34.12,2440.4,24.62024,246.20239999999998,1.518969460901174,-0.0007717227776821023,,,Sand,,,Sand 9,9,33.06,35.52,-34.38,-36.84
-35.52,34.2,23.847,0.175,0.722,0.323,-6.212,-3.697,34.14,2441.2,23.982660000000003,239.82660000000004,1.5334817484722874,-0.0007588816253076199,,,Sand,,,Sand 9,9,33.06,35.52,-34.38,-36.84
-35.54,34.22,23.385,0.174,0.735,0.323,-6.217,-3.711,34.16,2442.1,23.520660000000003,235.20660000000004,1.5449379842462667,-0.0007822909731274537,,,Sand,,,Sand 9,9,33.06,35.52,-34.38,-36.84
-35.56,34.24,23.017,0.175,0.753,0.323,-6.249,-3.712,34.18,2443.0,23.15266,231.5266,1.5571982542532403,-0.0008033634148300896,,,Sand,,,Sand 9,9,33.06,35.52,-34.38,-36.84
-35.58,34.26,22.73,0.179,0.774,0.323,-6.238,-3.697,34.2,2443.8,22.865660000000002,228.65660000000003,1.5694646469701168,-0.0008221936300985849,,,Sand,,,Sand 9,9,33.06,35.52,-34.38,-36.84
-35.6,34.28,22.478,0.18,0.787,0.323,-6.235,-3.672,34.22,2444.8,22.613660000000003,226.13660000000004,1.5779822512651742,-0.000840200126825998,,,Sand,,,Sand 9,9,33.06,35.52,-34.38,-36.84
-35.62,34.3,22.37,0.181,0.794,0.323,-6.24,-3.727,34.24,2445.6,22.505660000000002,225.05660000000003,1.5821724564064121,-0.0008531187265781135,,,Sand,,,Sand 9,9,33.06,35.52,-34.38,-36.84
-35.64,34.32,22.418,0.181,0.789,0.323,-6.276,-3.704,34.26,2446.5,22.55366,225.5366,1.5795775496052558,-0.000860170810413921,,,Sand,,,Sand 9,9,33.06,35.52,-34.38,-36.84
-35.660000000000004,34.34,22.783,0.181,0.786,0.323,-6.268,-3.702,34.28,2447.4,22.918660000000003,229.18660000000003,1.5734825767961305,-0.0008551983405661596,,,Sand,,,Sand 9,9,33.06,35.52,-34.38,-36.84
-35.68,34.36,23.37,0.182,0.779,0.323,-6.283,-3.692,34.3,2448.3,23.505660000000002,235.05660000000003,1.562989924639529,-0.0008423503105209557,,,Sand,,,Sand 9,9,33.06,35.52,-34.38,-36.84
-35.7,34.38,23.967,0.181,0.767,0.323,-6.3,-3.715,34.32,2449.2,24.10266,241.0266,1.5505403625500325,-0.0008297839325618026,,,Sand,,,Sand 9,9,33.06,35.52,-34.38,-36.84
-35.72,34.4,24.351,0.185,0.776,0.323,-6.292,-3.735,34.34,2450.1,24.48666,244.8666,1.5493567555303087,-0.0008249389667680275,,,Sand,,,Sand 9,9,33.06,35.52,-34.38,-36.84
-35.74,34.42,24.583,0.188,0.774,0.324,-6.312,-3.715,34.36,2450.9,24.719079999999998,247.19079999999997,1.5456927049591287,-0.0007848188524815663,,,Sand,,,Sand 9,9,33.06,35.52,-34.38,-36.84
-35.76,34.44,24.777,0.19,0.777,0.324,-6.327,-3.747,34.38,2451.8,24.91308,249.13080000000002,1.5445364734818232,-0.0007867353213653238,,,Sand,,,Sand 9,9,33.06,35.52,-34.38,-36.84
-35.78,34.46,24.819,0.191,0.777,0.325,-6.313,-3.745,34.4,2452.7,24.9555,249.555,1.5440230047056334,-0.0007533409468854566,,,Sand,,,Sand 9,9,33.06,35.52,-34.38,-36.84
-35.8,34.48,24.698,0.192,0.776,0.326,-6.311,-3.736,34.42,2453.6,24.83492,248.34920000000002,1.5450835248438355,-0.0007247859062964568,,,Sand,,,Sand 9,9,33.06,35.52,-34.38,-36.84
-35.82,34.5,24.642,0.193,0.773,0.327,-6.335,-3.713,34.44,2454.4,24.779339999999998,247.79339999999996,1.5445532330336227,-0.000694126639369735,,,Sand,,,Sand 9,9,33.06,35.52,-34.38,-36.84
-35.84,34.52,24.804,0.195,0.776,0.327,-6.34,-3.74,34.46,2455.3,24.941339999999997,249.41339999999997,1.5437921469778864,-0.0006976369353050012,,,Sand,,,Sand 9,9,33.06,35.52,-34.38,-36.84
-35.86,34.54,25.253,0.194,0.768,0.327,-6.38,-3.726,34.48,2456.2,25.390340000000002,253.9034,1.5351724972958705,-0.0006931770114145783,,,Sand,,,Sand 9,9,33.06,35.52,-34.38,-36.84
-35.88,34.56,25.694,0.197,0.773,0.326,-6.369,-3.765,34.5,2457.1,25.83092,258.3092,1.5320345414237333,-0.0007278099270177008,,,Sand,,,Sand 9,9,33.06,35.52,-34.38,-36.84
-35.9,34.58,25.989,0.202,0.786,0.327,-6.351,-3.723,34.52,2458.0,26.12634,261.2634,1.5338875398360676,-0.0006889598772732806,,,Sand,,,Sand 9,9,33.06,35.52,-34.38,-36.84
-35.92,34.6,26.291,0.206,0.801,0.326,-6.407,-3.738,34.54,2458.9,26.42792,264.2792,1.5364641296772006,-0.0007265043938380336,,,Sand,,,Sand 9,9,33.06,35.52,-34.38,-36.84
-35.94,34.62,26.359,0.208,0.812,0.326,-6.389,-3.734,34.56,2459.8,26.49592,264.9592,1.5400425387707024,-0.0007321882010513308,,,Sand,,,Sand 9,9,33.06,35.52,-34.38,-36.84
-35.96,34.64,25.958,0.206,0.815,0.327,-6.394,-3.743,34.58,2460.7,26.09534,260.9534,1.5457189698180975,-0.00071277093917918,,,Sand,,,Sand 9,9,33.06,35.52,-34.38,-36.84
-35.98,34.66,24.998,0.203,0.823,0.325,-6.415,-3.713,34.6,2461.5,25.134500000000003,251.34500000000003,1.5599533721623746,-0.0008275477928743341,,,Sand,,,Sand 9,9,33.06,35.52,-34.38,-36.84
-36.0,34.68,23.928,0.195,0.813,0.324,-6.416,-3.738,34.62,2462.4,24.06408,240.6408,1.5691467501223593,-0.0009142256840901459,,,Sand,,,Sand 9,9,33.06,35.52,-34.38,-36.84
-36.02,34.7,22.903,0.183,0.79,0.319,-6.412,-3.691,34.64,2463.3,23.03698,230.3698,1.5734711589228536,-0.0011807103188004697,,,Sand,,,Sand 9,9,33.06,35.52,-34.38,-36.84
-36.04,34.72,21.757,0.17,0.76,0.323,-6.422,-3.742,34.66,2464.1,21.892660000000003,218.92660000000004,1.5773445948449345,-0.0010688513867204796,,,Sand,,,Sand 9,9,33.06,35.52,-34.38,-36.84
-36.06,34.74,21.027,0.156,0.723,0.328,-6.426,-3.72,34.68,2465.0,21.16476,211.6476,1.5729463670801738,-0.0008788193204175252,,,Sand,,,Sand 9,9,33.06,35.52,-34.38,-36.84
-36.08,34.76,20.24,0.146,0.699,0.326,-6.454,-3.71,34.7,2465.8,20.37692,203.76919999999998,1.5750272969192773,-0.0010207627060419343,,,Sand,,,Sand 9,9,33.06,35.52,-34.38,-36.84
-36.1,34.78,19.876,0.14,0.688,0.324,-6.446,-3.747,34.72,2466.7,20.01208,200.12080000000003,1.5761888070733738,-0.0011493058192851516,,,Sand,,,Sand 9,9,33.06,35.52,-34.38,-36.84
-36.12,34.8,19.708,0.126,0.631,0.326,-6.455,-3.749,34.74,2467.6,19.84492,198.4492,1.5539838913029451,-0.0010682834700265857,,,Sand,,,Sand 9,9,33.06,35.52,-34.38,-36.84
-36.14,34.82,19.618,0.115,0.58,0.326,-6.425,-3.756,34.76,2468.4,19.75492,197.54919999999998,1.53172098555338,-0.0010832744450496401,,,Sand,,,Sand 9,9,33.06,35.52,-34.38,-36.84
-36.160000000000004,34.84,19.491,0.11,0.56,0.326,-6.438,-3.718,34.78,2469.4,19.62792,196.27919999999997,1.5241433719302653,-0.0011004732034774966,,,Sand,,,Sand 9,9,33.06,35.52,-34.38,-36.84
-36.18,34.86,19.483,0.109,0.554,0.326,-6.447,-3.747,34.8,2470.2,19.61992,196.19920000000002,1.5213128783248862,-0.001111115641653993,,,Sand,,,Sand 9,9,33.06,35.52,-34.38,-36.84
-36.2,34.88,19.563,0.108,0.549,0.326,-6.466,-3.713,34.82,2471.1,19.69992,196.99919999999997,1.5174527617354938,-0.0011167558040844866,,,Sand,,,Sand 9,9,33.06,35.52,-34.38,-36.84
-36.22,34.9,19.582,0.105,0.538,0.326,-6.496,-3.737,34.84,2472.0,19.71892,197.18920000000003,1.5115841377449661,-0.0011258223066983378,,,Sand,,,Sand 9,9,33.06,35.52,-34.38,-36.84
-36.24,34.92,19.629,0.106,0.542,0.326,-6.491,-3.73,34.86,2472.9,19.76592,197.65920000000003,1.5128071428485337,-0.001133263718562052,,,Sand,,,Sand 9,9,33.06,35.52,-34.38,-36.84
-36.26,34.94,19.642,0.106,0.537,0.327,-6.518,-3.728,34.88,2473.7,19.779339999999998,197.79339999999996,1.510043009843309,-0.0010920485718937045,,,Sand,,,Sand 9,9,33.06,35.52,-34.38,-36.84
-36.28,34.96,19.646,0.102,0.517,0.328,-6.515,-3.748,34.9,2474.6,19.78376,197.8376,1.499651807956362,-0.0010513673841575115,,,Sand,,,Sand 9,9,33.06,35.52,-34.38,-36.84
-36.3,34.98,19.702,0.096,0.479,0.328,-6.486,-3.739,34.92,2475.5,19.839760000000002,198.3976,1.4782675321760739,-0.0010584805461356385,,,Sand,,,Sand 9,9,33.06,35.52,-34.38,-36.84
-36.32,35.0,19.977,0.089,0.446,0.327,-6.519,-3.758,34.94,2476.3,20.11434,201.1434,1.4548030264564638,-0.001103690203108829,,,Sand,,,Sand 9,9,33.06,35.52,-34.38,-36.84
-36.34,35.02,20.386,0.083,0.409,0.327,-6.529,-3.741,34.96,2477.2,20.523339999999997,205.23339999999996,1.425536131458407,-0.0010914402821373148,,,Sand,,,Sand 9,9,33.06,35.52,-34.38,-36.84
-36.36,35.04,20.776,0.076,0.372,0.327,-6.558,-3.746,34.98,2478.1,20.913339999999998,209.13339999999997,1.3951646868625733,-0.001080649958351943,,,Sand,,,Sand 9,9,33.06,35.52,-34.38,-36.84
-36.38,35.06,20.969,0.077,0.374,0.327,-6.556,-3.764,35.0,2478.9,21.106340000000003,211.06340000000003,1.393203184330908,-0.0010802441351745525,,,Sand,,,Sand 9,9,33.06,35.52,-34.38,-36.84
-36.4,35.08,21.065,0.08,0.385,0.326,-6.537,-3.74,35.02,2482.0,21.20192,212.0192,1.398801161511839,-0.0011319729533929002,,,Sand,,,Sand 9,9,33.06,35.52,-34.38,-36.84
-36.42,35.1,20.965,0.086,0.412,0.327,-6.541,-3.738,35.04,2487.5,21.102339999999998,211.02339999999995,1.4176077379042884,-0.0010994041419103307,,,Sand,,,Sand 9,9,33.06,35.52,-34.38,-36.84
-36.44,35.12,20.866,0.084,0.402,0.327,-6.546,-3.735,35.06,2492.9,21.00334,210.0334,1.413007639354493,-0.001114108517978568,,,Sand,,,Sand 9,9,33.06,35.52,-34.38,-36.84
-36.46,35.14,20.913,0.075,0.353,0.329,-6.532,-3.765,35.08,2496.0,21.05118,210.5118,1.3800191703108975,-0.0010260707475780466,,,Sand,,,Sand 9,9,33.06,35.52,-34.38,-36.84
-36.48,35.16,21.022,0.075,0.35,0.329,-6.548,-3.724,35.09,2496.8,21.160179999999997,211.60179999999997,1.3760944433220745,-0.0010302369828612025,,,Sand,,,Sand 9,9,33.06,35.52,-34.38,-36.84
-36.5,35.18,21.323,0.082,0.384,0.33,-6.575,-3.75,35.11,2497.7,21.4616,214.616,1.39382993998473,-0.000978491817944608,,,Sand,,,Sand 9,9,33.06,35.52,-34.38,-36.84
-36.52,35.2,21.832,0.088,0.408,0.329,-6.566,-3.787,35.13,2498.6,21.97018,219.7018,1.400983832389198,-0.0010104605424261452,,,Sand,,,Sand 9,9,33.06,35.52,-34.38,-36.84
-36.54,35.22,22.054,0.091,0.42,0.33,-6.584,-3.75,35.15,2499.4,22.1926,221.926,1.4049830632840774,-0.0009642853924281057,,,Sand,,,Sand 9,9,33.06,35.52,-34.38,-36.84
-36.56,35.24,22.052,0.09,0.41,0.332,-6.549,-3.738,35.17,2500.3,22.19144,221.9144,1.3987451581109622,-0.0008832234411106276,,,Sand,,,Sand 9,9,33.06,35.52,-34.38,-36.84
-36.58,35.26,22.014,0.092,0.412,0.332,-6.578,-3.723,35.19,2501.2,22.15344,221.53439999999998,1.4006019834405075,-0.000893766385717072,,,Sand,,,Sand 9,9,33.06,35.52,-34.38,-36.84
-36.6,35.28,22.436,0.09,0.397,0.332,-6.58,-3.743,35.21,2502.1,22.57544,225.75439999999998,1.3844442839343756,-0.0008859185025851102,,,Sand,,,Sand 9,9,33.06,35.52,-34.38,-36.84
-36.62,35.3,22.91,0.09,0.395,0.333,-6.605,-3.745,35.23,2502.9,23.04986,230.4986,1.3758685723222706,-0.0008329768597292994,,,Sand,,,Sand 9,9,33.06,35.52,-34.38,-36.84
-36.64,35.32,23.611,0.094,0.407,0.323,-6.625,-3.725,35.25,2503.9,23.746660000000002,237.46660000000003,1.3732926480116292,-0.0012380688484191053,,,Sand,,,Sand 9,9,33.06,35.52,-34.38,-36.84
-36.660000000000004,35.34,23.798,0.099,0.425,0.318,-6.618,-3.806,35.27,2504.8,23.931559999999998,239.3156,1.3820665812270054,-0.0014457895766092986,,,Sand,,,Sand 9,9,33.06,35.52,-34.38,-36.84
-36.68,35.36,23.731,0.097,0.408,0.32,-6.643,-3.766,35.29,2505.6,23.8654,238.65400000000002,1.3722118933675969,-0.0013743746176473057,,,Sand,,,Sand 9,9,33.06,35.52,-34.38,-36.84
-36.7,35.38,23.89,0.097,0.398,0.328,-6.673,-3.798,35.31,2506.5,24.02776,240.2776,1.363361213524524,-0.0010404631975681484,,,Sand,,,Sand 9,9,33.06,35.52,-34.38,-36.84
-36.72,35.4,24.501,0.102,0.408,0.331,-6.684,-3.791,35.33,2507.4,24.64002,246.4002,1.361195914863351,-0.0009009732946645331,,,Sand,,,Sand 9,9,33.06,35.52,-34.38,-36.84
-36.74,35.42,25.234,0.097,0.38,0.335,-6.695,-3.808,35.35,2508.3,25.3747,253.747,1.332349506863731,-0.0007251317256952805,,,Sand,,,Sand 9,9,33.06,35.52,-34.38,-36.84
-36.76,35.44,26.262,0.099,0.379,0.338,-6.689,-3.778,35.37,2509.2,26.40396,264.0396,1.3178855544207924,-0.0005908204678389159,,,Sand,,,Sand 9,9,33.06,35.52,-34.38,-36.84
-36.78,35.46,27.469,0.099,0.369,0.337,-6.683,-3.809,35.39,2510.1,27.61054,276.10540000000003,1.295413972951813,-0.0006084632897436997,,,Dense sand / gravelly sand,,,Sand 9,9,33.06,35.52,-34.38,-36.84
-36.8,35.48,28.572,0.107,0.387,0.323,-6.727,-3.829,35.41,2510.9,28.70766,287.0766,1.2948148392482095,-0.0010798511616760126,,,Dense sand / gravelly sand,,,Sand 9,9,33.06,35.52,-34.38,-36.84
-36.82,35.5,29.19,0.112,0.397,0.31,-6.759,-3.814,35.43,2511.8,29.3202,293.202,1.294639742728254,-0.0015074931276048609,,,Dense sand / gravelly sand,,,Sand 9,9,33.06,35.52,-34.38,-36.84
-36.84,35.52,29.381,0.115,0.401,0.317,-6.762,-3.825,35.45,2512.7,29.51414,295.1414,1.295185852704665,-0.0012671892184559683,,,Dense sand / gravelly sand,,,Sand 10,10,35.52,37.1,-36.84,-38.42
-36.86,35.54,29.52,0.126,0.434,0.317,-6.787,-3.838,35.47,2513.6,29.65314,296.5314,1.3157323238267895,-0.0012679938785572127,,,Sand,,,Sand 10,10,35.52,37.1,-36.84,-38.42
-36.88,35.56,29.448,0.133,0.454,0.33,-6.81,-3.879,35.49,2514.5,29.5866,295.86600000000004,1.3292998336238944,-0.0008382173010754891,,,Sand,,,Sand 10,10,35.52,37.1,-36.84,-38.42
-36.9,35.58,29.16,0.138,0.475,0.344,-6.783,-3.852,35.51,2515.4,29.30448,293.0448,1.3454370260556665,-0.0003753692268212914,,,Sand,,,Sand 10,10,35.52,37.1,-36.84,-38.42
-36.92,35.6,29.079,0.146,0.504,0.346,-6.813,-3.849,35.53,2516.2,29.224320000000002,292.24320000000006,1.3636008856157937,-0.0003148062983159247,,,Sand,,,Sand 10,10,35.52,37.1,-36.84,-38.42
-36.94,35.62,28.936,0.152,0.525,0.341,-6.821,-3.855,35.55,2517.2,29.07922,290.79220000000004,1.3772346171058627,-0.0004951989771390009,,,Sand,,,Sand 10,10,35.52,37.1,-36.84,-38.42
-36.96,35.64,28.612,0.156,0.543,0.338,-6.8,-3.919,35.57,2518.1,28.75396,287.5396,1.3908181509007975,-0.0006120896043536273,,,Sand,,,Sand 10,10,35.52,37.1,-36.84,-38.42
-36.98,35.66,28.323,0.156,0.548,0.339,-6.815,-3.878,35.59,2518.9,28.46538,284.6538,1.3967362473342602,-0.0005901906104889502,,,Sand,,,Sand 10,10,35.52,37.1,-36.84,-38.42
-37.0,35.68,28.142,0.162,0.569,0.339,-6.83,-3.872,35.61,2519.8,28.28438,282.8438,1.409996854965478,-0.0006010384530260166,,,Sand,,,Sand 10,10,35.52,37.1,-36.84,-38.42
-37.02,35.7,28.058,0.17,0.596,0.338,-6.822,-3.862,35.63,2520.7,28.19996,281.9996,1.4249239470886343,-0.0006453909863701951,,,Sand,,,Sand 10,10,35.52,37.1,-36.84,-38.42
-37.04,35.72,28.22,0.175,0.613,0.338,-6.845,-3.894,35.65,2521.6,28.36196,283.6196,1.4317130175951547,-0.0006487562918782756,,,Sand,,,Sand 10,10,35.52,37.1,-36.84,-38.42
-37.06,35.74,28.536,0.178,0.623,0.339,-6.876,-3.887,35.67,2522.5,28.67838,286.7838,1.4332591023162005,-0.0006137027265835805,,,Sand,,,Sand 10,10,35.52,37.1,-36.84,-38.42
-37.08,35.76,28.78,0.183,0.635,0.339,-6.866,-3.92,35.69,2523.4,28.92238,289.2238,1.4365496440164705,-0.0006154403614087088,,,Sand,,,Sand 10,10,35.52,37.1,-36.84,-38.42
-37.1,35.78,29.117,0.188,0.645,0.339,-6.855,-3.876,35.71,2524.2,29.25938,292.5938,1.43787235760846,-0.0006151873347965678,,,Sand,,,Sand 10,10,35.52,37.1,-36.84,-38.42
-37.12,35.8,29.595,0.191,0.652,0.339,-6.878,-3.894,35.73,2525.1,29.737379999999998,297.37379999999996,1.4363403468755254,-0.0006120243276307459,,,Sand,,,Sand 10,10,35.52,37.1,-36.84,-38.42
-37.14,35.82,30.026,0.196,0.662,0.34,-6.878,-3.888,35.75,2526.1,30.1688,301.688,1.4367883067300824,-0.0005767547930312122,,,Sand,,,Sand 10,10,35.52,37.1,-36.84,-38.42
-37.160000000000004,35.84,30.134,0.197,0.663,0.34,-6.887,-3.834,35.77,2527.0,30.2768,302.76800000000003,1.4361942477534948,-0.0005813031760291715,,,Sand,,,Sand 10,10,35.52,37.1,-36.84,-38.42
-37.18,35.86,30.052,0.198,0.666,0.34,-6.875,-3.874,35.79,2527.8,30.1948,301.948,1.438427196635129,-0.0005895054777643837,,,Sand,,,Sand 10,10,35.52,37.1,-36.84,-38.42
-37.2,35.88,29.875,0.199,0.671,0.34,-6.884,-3.879,35.81,2528.7,30.0178,300.17800000000005,1.4425410782384491,-0.000599644211101415,,,Sand,,,Sand 10,10,35.52,37.1,-36.84,-38.42
-37.22,35.9,29.523,0.2,0.674,0.34,-6.903,-3.916,35.83,2529.6,29.6658,296.658,1.4474738475902182,-0.0006135010685705422,,,Sand,,,Sand 10,10,35.52,37.1,-36.84,-38.42
-37.24,35.92,29.274,0.199,0.678,0.34,-6.904,-3.885,35.85,2530.5,29.416800000000002,294.168,1.4518591482896201,-0.0006254929156128482,,,Sand,,,Sand 10,10,35.52,37.1,-36.84,-38.42
-37.26,35.94,29.169,0.198,0.681,0.34,-6.917,-3.913,35.87,2531.4,29.3118,293.11800000000005,1.4543186063430404,-0.0006345567314187467,,,Sand,,,Sand 10,10,35.52,37.1,-36.84,-38.42
-37.28,35.96,28.926,0.196,0.683,0.341,-6.907,-3.905,35.89,2532.3,29.069219999999998,290.69219999999996,1.45773090226961,-0.0006123315314274003,,,Sand,,,Sand 10,10,35.52,37.1,-36.84,-38.42
-37.3,35.98,28.417,0.193,0.678,0.341,-6.935,-3.941,35.91,2533.1,28.56022,285.60220000000004,1.4607407387264844,-0.0006302472459946036,,,Sand,,,Sand 10,10,35.52,37.1,-36.84,-38.42
-37.32,36.0,27.898,0.173,0.609,0.341,-6.921,-3.913,35.93,2534.0,28.04122,280.4122,1.4332323861314284,-0.0006490445137551093,,,Sand,,,Sand 10,10,35.52,37.1,-36.84,-38.42
-37.34,36.02,27.598,0.152,0.538,0.341,-6.952,-3.908,35.95,2534.9,27.74122,277.4122,1.3994491982276693,-0.0006632729202248508,,,Sand,,,Sand 10,10,35.52,37.1,-36.84,-38.42
-37.36,36.04,27.597,0.135,0.481,0.342,-6.939,-3.948,35.97,2535.8,27.740640000000003,277.4064,1.3668780157278777,-0.0006344482319081327,,,Sand,,,Sand 10,10,35.52,37.1,-36.84,-38.42
-37.38,36.06,27.932,0.141,0.497,0.341,-6.946,-3.947,35.99,2536.6,28.075219999999998,280.75219999999996,1.3724185148766928,-0.0006696296591798772,,,Sand,,,Sand 10,10,35.52,37.1,-36.84,-38.42
-37.4,36.08,28.987,0.149,0.511,0.34,-6.95,-3.953,36.01,2540.5,29.1298,291.298,1.3686936932643812,-0.0006865821255209443,,,Sand,,,Sand 10,10,35.52,37.1,-36.84,-38.42
-37.42,36.1,30.346,0.16,0.528,0.34,-6.934,-3.979,36.03,2546.3,30.4888,304.88800000000003,1.3639934010202004,-0.0006625383747474497,,,Sand,,,Sand 10,10,35.52,37.1,-36.84,-38.42
-37.44,36.12,31.705,0.173,0.548,0.339,-6.919,-4.006,36.05,2552.2,31.847379999999998,318.4738,1.3616925533523592,-0.0006719548044454513,,,Sand,,,Sand 10,10,35.52,37.1,-36.84,-38.42
-37.46,36.14,33.363,0.184,0.563,0.342,-6.95,-3.993,36.07,2554.2,33.50664,335.0664,1.354497766418729,-0.0005551138520603684,,,Sand,,,Sand 10,10,35.52,37.1,-36.84,-38.42
-37.48,36.16,34.159,0.199,0.601,0.343,-6.916,-3.996,36.09,2555.1,34.30306,343.03060000000005,1.3679740011759756,-0.000518904144411605,,,Sand,,,Sand 10,10,35.52,37.1,-36.84,-38.42
-37.5,36.18,34.06,0.211,0.64,0.345,-6.936,-4.013,36.11,2556.0,34.2049,342.04900000000004,1.3888758051971164,-0.0004677692377407915,,,Sand,,,Sand 10,10,35.52,37.1,-36.84,-38.42
-37.52,36.2,33.709,0.22,0.662,0.345,-6.94,-4.012,36.13,2556.9,33.8539,338.539,1.402754838911643,-0.00047852684624223634,,,Sand,,,Sand 10,10,35.52,37.1,-36.84,-38.42
-37.54,36.22,33.3,0.224,0.671,0.342,-6.965,-4.016,36.15,2557.8,33.443639999999995,334.43639999999994,1.4106562001745784,-0.0005800803979471128,,,Sand,,,Sand 10,10,35.52,37.1,-36.84,-38.42
-37.56,36.24,32.859,0.229,0.69,0.346,-6.958,-3.993,36.16,2558.7,33.00432,330.0432,1.4235093747560226,-0.0004726653965299095,,,Sand,,,Sand 10,10,35.52,37.1,-36.84,-38.42
-37.58,36.26,32.573,0.229,0.694,0.345,-6.969,-4.004,36.18,2559.6,32.7179,327.17900000000003,1.427907146164263,-0.000513480388411237,,,Sand,,,Sand 10,10,35.52,37.1,-36.84,-38.42
-37.6,36.28,32.54,0.235,0.716,0.345,-6.979,-4.018,36.2,2560.4,32.6849,326.849,1.438301204557808,-0.0005201178525863626,,,Sand,,,Sand 10,10,35.52,37.1,-36.84,-38.42
-37.62,36.3,32.66,0.238,0.726,0.345,-6.991,-4.025,36.22,2561.3,32.804899999999996,328.0489999999999,1.441754801397769,-0.0005243119168173044,,,Sand,,,Sand 10,10,35.52,37.1,-36.84,-38.42
-37.64,36.32,32.68,0.236,0.72,0.346,-7.01,-4.027,36.24,2562.3,32.82532,328.2532,1.438875477438286,-0.0004996143221147588,,,Sand,,,Sand 10,10,35.52,37.1,-36.84,-38.42
-37.660000000000004,36.34,32.696,0.235,0.711,0.346,-7.011,-4.042,36.26,2563.2,32.841319999999996,328.4131999999999,1.4346491224218847,-0.0005054608036461392,,,Sand,,,Sand 10,10,35.52,37.1,-36.84,-38.42
-37.68,36.36,32.994,0.232,0.695,0.346,-7.032,-4.004,36.28,2564.1,33.13932,331.3932,1.4246610183156618,-0.0005069506555958303,,,Sand,,,Sand 10,10,35.52,37.1,-36.84,-38.42
-37.7,36.38,33.492,0.229,0.676,0.346,-7.03,-4.012,36.3,2565.0,33.637319999999995,336.37319999999994,1.4113730763873429,-0.0005053910359089268,,,Sand,,,Sand 10,10,35.52,37.1,-36.84,-38.42
-37.72,36.4,34.318,0.226,0.654,0.346,-7.023,-4.035,36.32,2565.9,34.463319999999996,344.63319999999993,1.3936441541049074,-0.0004990813421341877,,,Sand,,,Sand 10,10,35.52,37.1,-36.84,-38.42
-37.74,36.42,35.439,0.226,0.643,0.346,-7.049,-4.003,36.34,2566.9,35.58432,355.8432,1.3788775994691975,-0.0004889794156527379,,,Sand,,,Sand 10,10,35.52,37.1,-36.84,-38.42
-37.76,36.44,36.566,0.23,0.641,0.347,-7.068,-4.035,36.36,2567.8,36.711740000000006,367.11740000000003,1.368873791498204,-0.000452171430719438,,,Sand,,,Sand 10,10,35.52,37.1,-36.84,-38.42
-37.78,36.46,37.329,0.235,0.645,0.347,-7.058,-4.041,36.38,2568.7,37.474740000000004,374.7474,1.3650192863968007,-0.0004483019762111761,,,Sand,,,Sand 10,10,35.52,37.1,-36.84,-38.42
-37.8,36.48,37.52,0.244,0.654,0.346,-7.073,-4.019,36.4,2569.6,37.66532,376.65319999999997,1.3681233809382742,-0.00047789319193358774,,,Sand,,,Sand 10,10,35.52,37.1,-36.84,-38.42
-37.82,36.5,37.795,0.248,0.657,0.348,-7.045,-4.007,36.42,2570.5,37.94116,379.4116,1.3675619952021814,-0.0004269769295403737,,,Sand,,,Sand 10,10,35.52,37.1,-36.84,-38.42
-37.84,36.52,38.232,0.252,0.66,0.349,-7.063,-4.056,36.44,2571.4,38.37858,383.7858,1.365829443116769,-0.00040126549757703474,,,Sand,,,Sand 10,10,35.52,37.1,-36.84,-38.42
-37.86,36.54,38.817,0.255,0.663,0.35,-7.078,-4.039,36.46,2572.3,38.964,389.64,1.3630785190526777,-0.0003747048557642958,,,Sand,,,Sand 10,10,35.52,37.1,-36.84,-38.42
-37.88,36.56,39.1,0.261,0.672,0.348,-7.081,-4.082,36.48,2573.3,39.24616,392.46160000000003,1.3655452366449332,-0.0004280673574178994,,,Sand,,,Sand 10,10,35.52,37.1,-36.84,-38.42
-37.9,36.58,39.287,0.264,0.676,0.346,-7.099,-4.088,36.5,2574.2,39.43232,394.3232,1.3662072368782876,-0.0004818382484215993,,,Sand,,,Sand 10,10,35.52,37.1,-36.84,-38.42
-37.92,36.6,39.357,0.266,0.676,0.345,-7.107,-4.046,36.52,2575.1,39.5019,395.019,1.3657174700602732,-0.0005113678076244445,,,Sand,,,Sand 10,10,35.52,37.1,-36.84,-38.42
-37.94,36.62,39.427,0.271,0.682,0.347,-7.068,-4.049,36.54,2576.1,39.57274,395.72740000000005,1.3681736135215639,-0.00046496654009805675,,,Sand,,,Sand 10,10,35.52,37.1,-36.84,-38.42
-37.96,36.64,39.633,0.277,0.684,0.347,-7.095,-4.049,36.56,2577.0,39.778740000000006,397.78740000000005,1.3677173392825426,-0.00046758645447291745,,,Sand,,,Sand 10,10,35.52,37.1,-36.84,-38.42
-37.98,36.66,40.208,0.288,0.698,0.348,-7.083,-4.063,36.58,2577.9,40.35416,403.5416,1.3705755616822026,-0.0004410945488643538,,,Sand,,,Sand 10,10,35.52,37.1,-36.84,-38.42
-38.0,36.68,41.34,0.298,0.702,0.346,-7.063,-4.122,36.6,2578.9,41.48532,414.8532,1.3649757194127328,-0.0004820982458373227,,,Sand,,,Sand 10,10,35.52,37.1,-36.84,-38.42
-38.02,36.7,43.157,0.31,0.711,0.349,-7.075,-4.081,36.62,2579.9,43.30358,433.03579999999994,1.357787543681003,-0.00039719579766846175,,,Sand,,,Sand 10,10,35.52,37.1,-36.84,-38.42
-38.04,36.72,44.984,0.325,0.723,0.351,-7.105,-4.105,36.64,2581.1,45.13142,451.31419999999997,1.352632237162721,-0.00034122569154704143,,,Sand,,,Sand 10,10,35.52,37.1,-36.84,-38.42
-38.06,36.74,46.58,0.343,0.743,0.352,-7.102,-4.088,36.66,2582.5,46.72784,467.27840000000003,1.3531207048514888,-0.0003124475687299054,,,Sand,,,Sand 10,10,35.52,37.1,-36.84,-38.42
-38.08,36.76,47.734,0.36,0.762,0.356,-7.083,-4.12,36.68,2583.9,47.883520000000004,478.83520000000004,1.3557694512805785,-0.00022554732818305778,,,Sand,,,Sand 10,10,35.52,37.1,-36.84,-38.42
-38.1,36.78,48.733,0.379,0.785,0.357,-7.132,-4.108,36.7,2585.4,48.88294,488.82939999999996,1.3611207313919198,-0.00020457034703722814,,,Sand,,,Sand 10,10,35.52,37.1,-36.84,-38.42
-38.12,36.8,49.455,0.4,0.813,0.356,-7.123,-4.147,36.72,2587.1,49.60452,496.0452,1.3700080193501856,-0.0002257858759645288,,,Sand,,,Sand 10,10,35.52,37.1,-36.84,-38.42
-38.14,36.82,49.99,0.39,0.782,0.355,-7.134,-4.137,36.74,2589.0,50.1391,501.39099999999996,1.3534612826899957,-0.0002473119780769905,,,Sand,,,Sand 10,10,35.52,37.1,-36.84,-38.42
-38.160000000000004,36.84,50.41,0.394,0.782,0.358,-7.155,-4.138,36.76,2591.0,50.560359999999996,505.6035999999999,1.3513978502763864,-0.0001898720657843422,,,Sand,,,Sand 10,10,35.52,37.1,-36.84,-38.42
-38.18,36.86,50.786,0.4,0.787,0.355,-7.163,-4.137,36.78,2593.2,50.9351,509.351,1.351866270238963,-0.000251300183959588,,,Sand,,,Sand 10,10,35.52,37.1,-36.84,-38.42
-38.2,36.88,51.316,0.407,0.795,0.355,-7.178,-4.193,36.8,2595.8,51.4651,514.651,1.3529690697571637,-0.00025259836277399746,,,Sand,,,Sand 10,10,35.52,37.1,-36.84,-38.42
-38.22,36.9,52.35,0.416,0.806,0.358,-7.2,-4.167,36.82,2597.6,52.50036,525.0036,1.353102815979169,-0.00019428438204995143,,,Sand,,,Sand 10,10,35.52,37.1,-36.84,-38.42
-38.24,36.92,52.903,0.424,0.813,0.355,-7.211,-4.174,36.84,2598.7,53.052099999999996,530.521,1.3537255579090193,-0.00025258189590987037,,,Sand,,,Sand 10,10,35.52,37.1,-36.84,-38.42
-38.26,36.94,53.291,0.43,0.815,0.354,-7.208,-4.208,36.86,2599.9,53.439679999999996,534.3968,1.352879744319078,-0.00027320522877382546,,,Sand,,,Sand 10,10,35.52,37.1,-36.84,-38.42
-38.28,36.96,53.635,0.432,0.81,0.356,-7.238,-4.207,36.88,2601.1,53.78452,537.8452000000001,1.349113067959825,-0.00023798669208166236,,,Sand,,,Sand 10,10,35.52,37.1,-36.84,-38.42
-38.3,36.98,53.929,0.43,0.801,0.355,-7.24,-4.211,36.9,2602.4,54.0781,540.781,1.3437587030011007,-0.0002588848350811142,,,Sand,,,Sand 10,10,35.52,37.1,-36.84,-38.42
-38.32,37.0,54.206,0.396,0.735,0.353,-7.25,-4.238,36.92,2603.7,54.354260000000004,543.5426,1.3114502903440968,-0.0002980447162743094,,,Sand,,,Sand 10,10,35.52,37.1,-36.84,-38.42
-38.34,37.02,54.45,0.362,0.669,0.356,-7.242,-4.227,36.94,2605.0,54.599520000000005,545.9952000000001,1.276686330440816,-0.00024542340298962397,,,Dense sand / gravelly sand,,,Sand 10,10,35.52,37.1,-36.84,-38.42
-38.36,37.04,54.629,0.347,0.639,0.353,-7.26,-4.24,36.96,2606.4,54.77726,547.7725999999999,1.2596021293787594,-0.0003030454608353909,,,Dense sand / gravelly sand,,,Sand 10,10,35.52,37.1,-36.84,-38.42
-38.38,37.06,54.636,0.364,0.671,0.35,-7.278,-4.226,36.98,2607.7,54.783,547.83,1.27691306819041,-0.0003614259898143597,,,Dense sand / gravelly sand,,,Sand 10,10,35.52,37.1,-36.84,-38.42
-38.4,37.08,54.002,0.375,0.697,0.347,-7.301,-4.253,37.0,2613.0,54.147740000000006,541.4774000000001,1.293359139435872,-0.00042476380362319825,,,Dense sand / gravelly sand,,,Sand 10,10,35.52,37.1,-36.84,-38.42
-38.42,37.1,53.196,0.384,0.722,0.344,-7.305,-4.251,37.02,2619.5,53.34048,533.4047999999999,1.3096590806034367,-0.000491184181319704,,,Dense sand / gravelly sand,,,Sand 11,11,37.1,38.1,-38.42,-39.42
-38.44,37.12,52.409,0.385,0.737,0.344,-7.31,-4.251,37.04,2625.6,52.55348,525.5348,1.3206754633959372,-0.0005023454203223074,,,Sand,,,Sand 11,11,37.1,38.1,-38.42,-39.42
-38.46,37.14,51.687,0.378,0.743,0.34,-7.315,-4.279,37.06,2626.5,51.8298,518.298,1.326995355576643,-0.0005903939432527238,,,Sand,,,Sand 11,11,37.1,38.1,-38.42,-39.42
-38.48,37.16,50.68,0.391,0.778,0.34,-7.318,-4.301,37.08,2627.5,50.8228,508.228,1.3482885988183968,-0.0006060272161313417,,,Sand,,,Sand 11,11,37.1,38.1,-38.42,-39.42
-38.5,37.18,49.642,0.391,0.789,0.338,-7.338,-4.281,37.1,2628.4,49.78396,497.8396,1.3584004440345523,-0.0006628641032171808,,,Sand,,,Sand 11,11,37.1,38.1,-38.42,-39.42
-38.52,37.2,48.388,0.375,0.779,0.336,-7.331,-4.295,37.11,2629.4,48.52912,485.29119999999995,1.3602087087351329,-0.0007253376941514713,,,Sand,,,Sand 11,11,37.1,38.1,-38.42,-39.42
-38.54,37.22,46.789,0.358,0.768,0.336,-7.359,-4.249,37.13,2630.3,46.93012,469.30120000000005,1.3636359010222645,-0.0007543130083622197,,,Sand,,,Sand 11,11,37.1,38.1,-38.42,-39.42
-38.56,37.24,44.939,0.346,0.771,0.333,-7.353,-4.285,37.15,2631.2,45.07886,450.78860000000003,1.3753070870514297,-0.000856277199556511,,,Sand,,,Sand 11,11,37.1,38.1,-38.42,-39.42
-38.58,37.26,42.814,0.335,0.783,0.332,-7.338,-4.265,37.17,2632.1,42.95344,429.5344,1.393211288004033,-0.0009265846926346297,,,Sand,,,Sand 11,11,37.1,38.1,-38.42,-39.42
-38.6,37.28,40.263,0.324,0.799,0.33,-7.341,-4.259,37.19,2633.0,40.401599999999995,404.0159999999999,1.4163045968494734,-0.0010395627895924916,,,Sand,,,Sand 11,11,37.1,38.1,-38.42,-39.42
-38.62,37.3,37.376,0.309,0.807,0.332,-7.325,-4.255,37.21,2634.0,37.51544,375.15439999999995,1.4395428467877704,-0.001071558803521963,,,Sand,,,Sand 11,11,37.1,38.1,-38.42,-39.42
-38.64,37.32,34.863,0.292,0.812,0.334,-7.363,-4.321,37.23,2634.8,35.00328,350.0328,1.460538066864721,-0.0010970400488182833,,,Sand,,,Sand 11,11,37.1,38.1,-38.42,-39.42
-38.660000000000004,37.34,31.829,0.293,0.869,0.335,-7.371,-4.303,37.25,2635.7,31.9697,319.697,1.5083290383638577,-0.001176113632595865,,,Sand,,,Sand 11,11,37.1,38.1,-38.42,-39.42
-38.68,37.36,29.582,0.302,0.945,0.336,-7.367,-4.28,37.27,2636.6,29.72312,297.2312,1.5565596661799685,-0.001238093443756914,,,Sand,,,Sand 11,11,37.1,38.1,-38.42,-39.42
-38.7,37.38,28.023,0.311,1.014,0.337,-7.359,-4.272,37.29,2637.5,28.16454,281.6454,1.5950472482208982,-0.0012782030169851898,,,Sand,,,Sand 11,11,37.1,38.1,-38.42,-39.42
-38.72,37.4,27.453,0.339,1.135,0.342,-7.367,-4.313,37.31,2638.4,27.59664,275.9664,1.6385210987618577,-0.0011305724175116967,,,Sand,,,Sand 11,11,37.1,38.1,-38.42,-39.42
-38.74,37.42,28.077,0.386,1.31,0.358,-7.373,-4.321,37.33,2639.3,28.22736,282.2736,1.6814659178095586,-0.0005455699718287518,,,Sand,,,Sand 11,11,37.1,38.1,-38.42,-39.42
-38.76,37.44,29.766,0.383,1.292,0.367,-7.395,-4.352,37.35,2640.2,29.92014,299.2014,1.6614355847954267,-0.00022058720313474544,,,Sand,,,Sand 11,11,37.1,38.1,-38.42,-39.42
-38.78,37.46,30.657,0.367,1.214,0.292,-7.416,-4.368,37.37,2641.1,30.77964,307.7964,1.6324193295813176,-0.0026576009336041623,,,Sand,,,Sand 11,11,37.1,38.1,-38.42,-39.42
-38.8,37.48,30.727,0.352,1.136,0.34,-7.414,-4.353,37.39,2642.0,30.8698,308.69800000000004,1.6086963127178897,-0.001101400073858593,,,Sand,,,Sand 11,11,37.1,38.1,-38.42,-39.42
-38.82,37.5,32.292,0.321,1.012,0.368,-7.423,-4.426,37.41,2642.9,32.44656,324.4656,1.5557714574479284,-0.00019108343072424461,,,Sand,,,Sand 11,11,37.1,38.1,-38.42,-39.42
-38.84,37.52,33.573,0.287,0.893,0.3,-7.418,-4.379,37.43,2643.9,33.699,336.99,1.5029899639821254,-0.0022077806463099807,,,Sand,,,Sand 11,11,37.1,38.1,-38.42,-39.42
-38.86,37.54,33.928,0.264,0.819,0.259,-7.457,-4.405,37.45,2644.8,34.03678,340.3678,1.4711468585781597,-0.0033963259744311898,,,Sand,,,Sand 11,11,37.1,38.1,-38.42,-39.42
-38.88,37.56,33.514,0.207,0.647,0.239,-7.464,-4.431,37.47,2645.7,33.614380000000004,336.14380000000006,1.3974650309692462,-0.0040399376695331,,,Sand,,,Sand 11,11,37.1,38.1,-38.42,-39.42
-38.9,37.58,32.258,0.194,0.614,0.237,-7.501,-4.416,37.49,2646.5,32.35754,323.5754,1.392138826222549,-0.0042648483166520075,,,Sand,,,Sand 11,11,37.1,38.1,-38.42,-39.42
-38.92,37.6,30.471,0.226,0.735,0.237,-7.46,-4.413,37.51,2647.4,30.57054,305.7054,1.4661678443605848,-0.004520692143481928,,,Sand,,,Sand 11,11,37.1,38.1,-38.42,-39.42
-38.94,37.62,28.936,0.256,0.86,0.236,-7.509,-4.426,37.53,2648.3,29.03512,290.3512,1.5320148492893368,-0.004801082275533905,,,Sand,,,Sand 11,11,37.1,38.1,-38.42,-39.42
-38.96,37.64,27.87,0.267,0.94,0.237,-7.495,-4.397,37.55,2649.1,27.969540000000002,279.6954,1.571854637527365,-0.004955390757230903,,,Sand,,,Sand 11,11,37.1,38.1,-38.42,-39.42
-38.98,37.66,26.938,0.263,0.977,0.239,-7.505,-4.41,37.57,2650.0,27.03838,270.3838,1.5941546318453095,-0.0050594747170503536,,,Sand,,,Sand 11,11,37.1,38.1,-38.42,-39.42
-39.0,37.68,25.672,0.26,1.025,0.242,-7.523,-4.441,37.59,2650.9,25.77364,257.7364,1.6235116285607185,-0.0051991104089294336,,,Sand,,,Sand 11,11,37.1,38.1,-38.42,-39.42
-39.02,37.7,23.924,0.259,1.074,0.242,-7.529,-4.454,37.61,2651.8,24.02564,240.25639999999999,1.658807024089068,-0.005585699277938071,,,Sand,,,Sand 11,11,37.1,38.1,-38.42,-39.42
-39.04,37.72,22.339,0.256,1.115,0.243,-7.498,-4.471,37.63,2652.6,22.44106,224.41060000000002,1.6905766874824344,-0.005944460734029496,,,Sand,,,Sand 11,11,37.1,38.1,-38.42,-39.42
-39.06,37.74,20.658,0.252,1.155,0.244,-7.507,-4.43,37.65,2653.5,20.76048,207.60479999999998,1.7244936010347363,-0.006387135557559364,,,Sand,,,Sand 11,11,37.1,38.1,-38.42,-39.42
-39.08,37.76,19.824,0.244,1.151,0.249,-7.493,-4.405,37.67,2654.4,19.92858,199.28580000000002,1.7353038897404895,-0.006412900467569691,,,Sand,,,Sand 11,11,37.1,38.1,-38.42,-39.42
-39.1,37.78,19.396,0.249,1.224,0.255,-7.508,-4.407,37.69,2655.3,19.5031,195.03099999999998,1.7613766318605306,-0.006255415805692429,,,Sand,,,Sand 11,11,37.1,38.1,-38.42,-39.42
-39.12,37.8,18.999,0.259,1.278,0.259,-7.511,-4.385,37.71,2656.1,19.107779999999998,191.0778,1.7812650610885328,-0.006185961948483811,,,Sand,,,Sand 11,11,37.1,38.1,-38.42,-39.42
-39.14,37.82,19.163,0.254,1.256,0.255,-7.549,-4.366,37.73,2657.0,19.2701,192.701,1.7731987134110427,-0.006351809279661239,,,Sand,,,Sand 11,11,37.1,38.1,-38.42,-39.42
-39.160000000000004,37.84,20.341,0.236,1.154,0.249,-7.538,-4.395,37.75,2657.9,20.44558,204.45579999999998,1.7286588460422594,-0.006289868030156152,,,Sand,,,Sand 11,11,37.1,38.1,-38.42,-39.42
-39.18,37.86,21.403,0.198,0.961,0.226,-7.545,-4.402,37.77,2658.8,21.497919999999997,214.9792,1.6555015558647272,-0.007061148241318231,,,Sand,,,Sand 11,11,37.1,38.1,-38.42,-39.42
-39.2,37.88,21.812,0.162,0.774,0.218,-7.556,-4.402,37.79,2659.6,21.903560000000002,219.03560000000002,1.5827329356453492,-0.007304748634468554,,,Sand,,,Sand 11,11,37.1,38.1,-38.42,-39.42
-39.22,37.9,22.11,0.134,0.634,0.203,-7.548,-4.439,37.81,2660.5,22.19526,221.95260000000002,1.5190317661106956,-0.00789357727731056,,,Sand,,,Sand 11,11,37.1,38.1,-38.42,-39.42
-39.24,37.92,21.544,0.103,0.488,0.201,-7.554,-4.371,37.83,2661.5,21.628420000000002,216.28420000000003,1.453752141906575,-0.008202171032373147,,,Sand,,,Sand 11,11,37.1,38.1,-38.42,-39.42
-39.26,37.94,20.914,0.087,0.42,0.203,-7.548,-4.426,37.85,2662.3,20.999260000000003,209.9926,1.4242559617560655,-0.008362199429884672,,,Sand,,,Sand 11,11,37.1,38.1,-38.42,-39.42
-39.28,37.96,20.152,0.117,0.581,0.203,-7.551,-4.409,37.87,2663.2,20.237260000000003,202.37260000000003,1.5241868319015865,-0.008686946750696487,,,Sand,,,Sand 11,11,37.1,38.1,-38.42,-39.42
-39.3,37.98,19.113,0.123,0.629,0.203,-7.558,-4.397,37.89,2664.0,19.19826,191.98260000000002,1.5639681995094095,-0.009167497471124986,,,Sand,,,Sand 11,11,37.1,38.1,-38.42,-39.42
-39.32,38.0,18.389,0.124,0.656,0.204,-7.569,-4.383,37.91,2664.9,18.47468,184.7468,1.588520276936594,-0.00948324950689268,,,Sand,,,Sand 11,11,37.1,38.1,-38.42,-39.42
-39.34,38.02,17.523,0.13,0.704,0.206,-7.559,-4.422,37.93,2665.7,17.60952,176.0952,1.6243477219781628,-0.009846946424434058,,,Sand,,,Sand 11,11,37.1,38.1,-38.42,-39.42
-39.36,38.04,16.313,0.16,0.93,0.206,-7.545,-4.427,37.95,2666.5,16.39952,163.9952,1.7285660514255794,-0.010585675678312537,,,Sand,,,Sand 11,11,37.1,38.1,-38.42,-39.42
-39.38,38.06,15.17,0.193,1.224,0.208,-7.551,-4.444,37.97,2669.8,15.25736,152.5736,1.8345101546321048,-0.011260139368802996,,,Sand,,,Sand 11,11,37.1,38.1,-38.42,-39.42
-39.4,38.08,14.083,0.244,1.689,0.21,-7.54,-4.457,37.98,2676.1,14.1712,141.71200000000002,1.9581419981085406,-0.01199616122840691,,,Sand,,,Sand 11,11,37.1,38.1,-38.42,-39.42
-39.42,38.1,12.995,0.265,2.026,0.212,-7.529,-4.47,38.0,2682.3,13.08404,130.8404,2.0400822453537475,-0.012855356602394983,,,Sand,,,Sand mixtures 3,3,38.1,40.08,-39.42,-41.4
-39.44,38.12,11.809,0.284,2.397,0.216,-7.526,-4.484,38.02,2683.4,11.899719999999999,118.99719999999999,2.1221370350209128,-0.01381545111985828,,,Sand mixtures,,,Sand mixtures 3,3,38.1,40.08,-39.42,-41.4
-39.46,38.14,10.764,0.289,2.582,0.223,-7.494,-4.464,38.04,2684.2,10.85766,108.5766,2.172646704316321,-0.014515098096643293,,,Sand mixtures,,,Sand mixtures 3,3,38.1,40.08,-39.42,-41.4
-39.48,38.16,10.282,0.297,2.71,0.222,-7.541,-4.488,38.06,2685.1,10.37524,103.7524,2.201460617801265,-0.01530567003751238,,5.162228506360888,Sand mixtures,,,Sand mixtures 3,3,38.1,40.08,-39.42,-41.4
-39.5,38.18,9.852,0.274,2.673,0.228,-7.539,-4.462,38.08,2686.0,9.94776,99.4776,2.2091171009213895,-0.015380346932374726,,,Sand mixtures,,,Sand mixtures 3,3,38.1,40.08,-39.42,-41.4
-39.52,38.2,9.482,0.243,2.492,0.226,-7.548,-4.471,38.1,2686.8,9.57692,95.7692,2.1976523838555635,-0.016205627696587215,,,Sand mixtures,,,Sand mixtures 3,3,38.1,40.08,-39.42,-41.4
-39.54,38.22,9.257,0.212,2.254,0.221,-7.557,-4.477,38.12,2687.7,9.34982,93.4982,2.1729645426114836,-0.017155410478490493,,,Sand mixtures,,,Sand mixtures 3,3,38.1,40.08,-39.42,-41.4
-39.56,38.24,8.964,0.189,2.067,0.234,-7.563,-4.531,38.14,2688.5,9.062280000000001,90.62280000000001,2.1553934284579657,-0.016287291939776745,,,Sand mixtures,,,Sand mixtures 3,3,38.1,40.08,-39.42,-41.4
-39.58,38.26,8.613,0.171,1.906,0.241,-7.537,-4.495,38.16,2689.4,8.71422,87.14219999999999,2.1425614308820715,-0.016157498892614603,,,Sand mixtures,,,Sand mixtures 3,3,38.1,40.08,-39.42,-41.4
-39.6,38.28,8.681,0.173,1.977,0.245,-7.552,-4.483,38.18,2690.2,8.7839,87.839,2.1512569410577433,-0.015596716720363392,,,Sand mixtures,,,Sand mixtures 3,3,38.1,40.08,-39.42,-41.4
-39.62,38.3,8.625,0.173,2.0,0.24,-7.512,-4.527,38.2,2691.1,8.7258,87.258,2.156842325568685,-0.016296500034380802,,,Sand mixtures,,,Sand mixtures 3,3,38.1,40.08,-39.42,-41.4
-39.64,38.32,8.515,0.164,1.925,0.235,-7.513,-4.545,38.22,2692.0,8.613700000000001,86.137,2.1491752746263573,-0.01711227463227185,,,Sand mixtures,,,Sand mixtures 3,3,38.1,40.08,-39.42,-41.4
-39.660000000000004,38.34,8.389,0.154,1.838,0.235,-7.555,-4.532,38.24,2692.8,8.4877,84.87700000000001,2.1397686286003883,-0.017389870047244838,,,Sand mixtures,,,Sand mixtures 3,3,38.1,40.08,-39.42,-41.4
-39.68,38.36,8.435,0.139,1.702,0.238,-7.561,-4.551,38.26,2693.7,8.53496,85.3496,2.1149904223246683,-0.016965515948522317,,,Sand mixtures,,,Sand mixtures 3,3,38.1,40.08,-39.42,-41.4
-39.7,38.38,8.222,0.146,1.883,0.248,-7.55,-4.551,38.28,2694.6,8.32616,83.2616,2.153067334066643,-0.016213956974163366,,,Sand mixtures,,,Sand mixtures 3,3,38.1,40.08,-39.42,-41.4
-39.72,38.4,7.647,0.149,2.039,0.256,-7.569,-4.561,38.3,2695.4,7.75452,77.54520000000001,2.1993007297937592,-0.01640333637671964,,,Sand mixtures,,,Sand mixtures 3,3,38.1,40.08,-39.42,-41.4
-39.74,38.42,6.802,0.145,2.116,0.251,-7.571,-4.542,38.32,2696.3,6.907419999999999,69.07419999999999,2.246719701696019,-0.019167793474263915,,,Sand mixtures,,,Sand mixtures 3,3,38.1,40.08,-39.42,-41.4
-39.76,38.44,5.73,0.133,2.09,0.253,-7.584,-4.564,38.34,2697.1,5.83626,58.3626,2.2967820484445807,-0.022377344395212006,,,Sand mixtures,,,Sand mixtures 3,3,38.1,40.08,-39.42,-41.4
-39.78,38.46,4.989,0.119,2.03,0.268,-7.592,-4.572,38.36,2697.9,5.10156,51.015600000000006,2.33215241060031,-0.022698939148025312,,,Sand mixtures,,,Sand mixtures 3,3,38.1,40.08,-39.42,-41.4
-39.8,38.48,4.861,0.107,1.994,0.272,-7.583,-4.568,38.38,2698.8,4.975239999999999,49.752399999999994,2.335327173748183,-0.022511476833278397,,,Sand mixtures,,,Sand mixtures 3,3,38.1,40.08,-39.42,-41.4
-39.82,38.5,4.851,0.101,2.039,0.272,-7.602,-4.561,38.4,2699.6,4.96524,49.6524,2.342307636362078,-0.022597095004471095,,,Sand mixtures,,,Sand mixtures 3,3,38.1,40.08,-39.42,-41.4
-39.84,38.52,4.681,0.087,1.881,0.271,-7.581,-4.548,38.42,2700.5,4.79482,47.9482,2.331208614744487,-0.02365052285591535,,,Sand mixtures,,,Sand mixtures 3,3,38.1,40.08,-39.42,-41.4
-39.86,38.54,4.399,0.073,1.644,0.271,-7.588,-4.544,38.44,2701.3,4.51282,45.1282,2.314744703059349,-0.025172730133264796,,,Sand mixtures,,,Sand mixtures 3,3,38.1,40.08,-39.42,-41.4
-39.88,38.56,4.193,0.067,1.553,0.273,-7.607,-4.554,38.46,2702.2,4.307659999999999,43.07659999999999,2.3154728352464597,-0.025953766081817063,,,Sand mixtures,,,Sand mixtures 3,3,38.1,40.08,-39.42,-41.4
-39.9,38.58,4.0,0.072,1.724,0.277,-7.624,-4.552,38.48,2703.1,4.11634,41.1634,2.3588851890848552,-0.026236899770184192,,,Sand mixtures,,,Sand mixtures 3,3,38.1,40.08,-39.42,-41.4
-39.92,38.6,3.883,0.075,1.862,0.28,-7.611,-4.56,38.5,2703.9,4.0006,40.006,2.389350531943026,-0.02629605559166126,,,Sand mixtures,,,Sand mixtures 3,3,38.1,40.08,-39.42,-41.4
-39.94,38.62,3.813,0.077,1.966,0.279,-7.609,-4.551,38.52,2704.8,3.93018,39.3018,2.410137702038859,-0.02707255138441496,,,Sand mixtures,,,Sand mixtures 3,3,38.1,40.08,-39.42,-41.4
-39.96,38.64,3.773,0.077,2.011,0.277,-7.611,-4.581,38.54,2705.6,3.8893400000000002,38.8934,2.4198452285378425,-0.027922475278581976,,,Sand mixtures,,,Sand mixtures 3,3,38.1,40.08,-39.42,-41.4
-39.98,38.66,3.711,0.073,1.963,0.278,-7.615,-4.547,38.56,2706.4,3.82776,38.2776,2.4186577970264387,-0.028162685225823967,,,Sand mixtures,,,Sand mixtures 3,3,38.1,40.08,-39.42,-41.4
-40.0,38.68,3.655,0.083,2.231,0.277,-7.626,-4.587,38.58,2707.3,3.77134,37.7134,2.4587699127473597,-0.02890219391516013,,,Sand mixtures,,,Sand mixtures 3,3,38.1,40.08,-39.42,-41.4
-40.02,38.7,3.618,0.092,2.474,0.277,-7.62,-4.549,38.6,2708.1,3.73434,37.3434,2.4909136522501836,-0.02924211507254295,,,Sand mixtures,,,Sand mixtures 3,3,38.1,40.08,-39.42,-41.4
-40.04,38.72,3.586,0.089,2.398,0.277,-7.636,-4.603,38.62,2709.0,3.70234,37.0234,2.4850170582149227,-0.029548879897578283,,,Sand mixtures,,,Sand mixtures 3,3,38.1,40.08,-39.42,-41.4
-40.06,38.74,3.644,0.076,2.007,0.275,-7.628,-4.605,38.64,2709.8,3.7595,37.595,2.4307781635659587,-0.029684798510440223,,,Sand mixtures,,,Sand mixtures 3,3,38.1,40.08,-39.42,-41.4
-40.08,38.76,3.825,0.088,2.276,0.276,-7.63,-4.57,38.66,2710.8,3.94092,39.4092,2.449664592752643,-0.028115262426032503,,,Sand mixtures,,,Sand mixtures 3,3,38.1,40.08,-39.42,-41.4
-40.1,38.78,3.967,0.109,2.711,0.277,-7.625,-4.551,38.68,2711.6,4.08334,40.8334,2.4877018336493917,-0.026938731528601587,,5.236560524219758,Sand mixtures,,,Sand mixtures 3,3,38.1,40.08,-39.42,-41.4
-40.12,38.8,4.199,0.129,3.073,0.273,-7.623,-4.587,38.7,2712.4,4.31366,43.1366,2.5067030989892585,-0.026474038287672183,,8.883693154628043,Sand mixtures,,,Sand mixtures 3,3,38.1,40.08,-39.42,-41.4
-40.14,38.82,4.529,0.147,3.38,0.267,-7.657,-4.588,38.72,2713.3,4.64114,46.4114,2.51214494179175,-0.025941902205061693,,9.72105861075761,Sand mixtures,,,Sand mixtures 3,3,38.1,40.08,-39.42,-41.4
-40.160000000000004,38.84,4.71,0.161,3.587,0.265,-7.658,-4.561,38.74,2714.1,4.8213,48.213,2.5184228781982894,-0.02542882625018149,,10.11639475351538,Sand mixtures,,,Sand mixtures 3,3,38.1,40.08,-39.42,-41.4
-40.18,38.86,4.78,0.175,3.821,0.265,-7.666,-4.546,38.76,2715.0,4.8913,48.913000000000004,2.53343480224235,-0.02510580009404453,,10.47799209815618,Sand mixtures,,,Sand mixtures 3,3,38.1,40.08,-39.42,-41.4
-40.2,38.88,4.809,0.191,4.1,0.265,-7.687,-4.579,38.78,2715.8,4.9203,49.203,2.5535094664399995,-0.024998475702701067,,10.833191743254845,Sand mixtures,,,Sand mixtures 3,3,38.1,40.08,-39.42,-41.4
-40.22,38.9,4.782,0.192,4.083,0.265,-7.692,-4.576,38.8,2716.7,4.8933,48.933,2.5538800068019167,-0.02517728322400016,,10.813357258496499,Sand mixtures,,,Sand mixtures 3,3,38.1,40.08,-39.42,-41.4
-40.24,38.92,4.709,0.183,3.908,0.265,-7.664,-4.581,38.82,2717.5,4.8203,48.202999999999996,2.5448543367715235,-0.0256000663859096,,10.596129682616763,Sand mixtures,,,Sand mixtures 3,3,38.1,40.08,-39.42,-41.4
-40.26,38.94,4.641,0.177,3.835,0.266,-7.68,-4.577,38.83,2718.4,4.75272,47.5272,2.54334930226111,-0.02579575485195846,,10.497517418509734,Sand mixtures,,,Sand mixtures 3,3,38.1,40.08,-39.42,-41.4
-40.28,38.96,4.537,0.178,3.919,0.267,-7.669,-4.572,38.85,2719.2,4.64914,46.491400000000006,2.55676944435715,-0.026198393681412045,,10.610547173767078,Sand mixtures,,,Sand mixtures 3,3,38.1,40.08,-39.42,-41.4
-40.3,38.98,4.442,0.149,3.31,0.268,-7.656,-4.559,38.87,2720.1,4.55456,45.54560000000001,2.511718095911312,-0.026566781423452538,,9.563936852629277,Sand mixtures,,,Sand mixtures 3,3,38.1,40.08,-39.42,-41.4
-40.32,39.0,4.328,0.12,2.702,0.268,-7.678,-4.599,38.89,2720.9,4.4405600000000005,44.40560000000001,2.459633643485134,-0.02729385482912066,,4.055008081237295,Sand mixtures,,,Sand mixtures 3,3,38.1,40.08,-39.42,-41.4
-40.34,39.02,4.277,0.122,2.776,0.269,-7.694,-4.57,38.91,2721.8,4.38998,43.899800000000006,2.4712056708049697,-0.027426093057371564,,6.997763544973957,Sand mixtures,,,Sand mixtures 3,3,38.1,40.08,-39.42,-41.4
-40.36,39.04,4.221,0.127,2.908,0.27,-7.683,-4.565,38.93,2722.7,4.3344000000000005,43.34400000000001,2.4889032619308322,-0.027593207825765968,,8.138544171780207,Sand mixtures,,,Sand mixtures 3,3,38.1,40.08,-39.42,-41.4
-40.38,39.06,4.285,0.126,2.917,0.274,-7.691,-4.561,38.95,2728.2,4.40008,44.0008,2.485006448632343,-0.026317703314485207,,8.19042022784076,Sand mixtures,,,Sand mixtures 3,3,38.1,40.08,-39.42,-41.4
-40.4,39.08,4.43,0.131,3.076,0.278,-7.706,-4.546,38.97,2736.3,4.54676,45.467600000000004,2.4903094661210408,-0.02463292542381828,,8.894374292372149,Sand mixtures,,,Sand mixtures 3,3,38.1,40.08,-39.42,-41.4
-40.42,39.1,4.462,0.13,3.121,0.281,-7.717,-4.555,38.99,2741.8,4.58002,45.800200000000004,2.4923410645410837,-0.023842690643272307,,9.046478160541534,Sand mixtures,,,Sand mixtures 3,3,38.1,40.08,-39.42,-41.4
-40.44,39.12,4.235,0.124,3.046,0.284,-7.69,-4.586,39.01,2742.7,4.35428,43.5428,2.501112330965907,-0.024435727605941735,,8.784127675311623,Sand mixtures,,,Sand mixtures 3,3,38.1,40.08,-39.42,-41.4
-40.46,39.14,4.009,0.116,2.9,0.285,-7.668,-4.551,39.03,2743.5,4.1287,41.287,2.5036915226623924,-0.025577058153898328,,8.090804811387171,Sand mixtures,,,Sand mixtures 3,3,38.1,40.08,-39.42,-41.4
-40.48,39.16,3.85,0.108,2.752,0.287,-7.688,-4.554,39.05,2744.4,3.97054,39.7054,2.5011271100612125,-0.02614253980566874,,6.610552006379541,Sand mixtures,,,Sand mixtures 3,3,38.1,40.08,-39.42,-41.4
-40.5,39.18,3.696,0.097,2.532,0.289,-7.72,-4.523,39.07,2745.2,3.81738,38.1738,2.4901936305351886,-0.026719896892633165,,,Sand mixtures,,,Sand mixtures 3,3,38.1,40.08,-39.42,-41.4
-40.52,39.2,3.627,0.089,2.409,0.291,-7.716,-4.586,39.09,2746.1,3.7492199999999998,37.4922,2.4821202930996784,-0.026725558916254593,,,Sand mixtures,,,Sand mixtures 3,3,38.1,40.08,-39.42,-41.4
-40.54,39.22,3.561,0.085,2.335,0.292,-7.715,-4.578,39.11,2746.9,3.68364,36.8364,2.4792772743655616,-0.02698417869281471,,,Sand mixtures,,,Sand mixtures 3,3,38.1,40.08,-39.42,-41.4
-40.56,39.24,3.53,0.078,2.174,0.292,-7.721,-4.535,39.13,2747.9,3.65264,36.526399999999995,2.4623577773406216,-0.027267948661789835,,,Sand mixtures,,,Sand mixtures 3,3,38.1,40.08,-39.42,-41.4
-40.58,39.26,3.486,0.076,2.16,0.293,-7.743,-4.542,39.15,2748.7,3.6090600000000004,36.0906,2.4646273115429342,-0.027375549312009223,,,Sand mixtures,,,Sand mixtures 3,3,38.1,40.08,-39.42,-41.4
-40.6,39.28,3.464,0.072,2.059,0.294,-7.747,-4.551,39.17,2749.6,3.58748,35.87479999999999,2.4535959513681314,-0.02731722546188411,,,Sand mixtures,,,Sand mixtures 3,3,38.1,40.08,-39.42,-41.4
-40.62,39.3,3.451,0.075,2.146,0.295,-7.71,-4.559,39.19,2750.4,3.5749,35.749,2.4660559737851915,-0.02718957173627234,,,Sand mixtures,,,Sand mixtures 3,3,38.1,40.08,-39.42,-41.4
-40.64,39.32,3.466,0.075,2.144,0.295,-7.724,-4.575,39.21,2751.3,3.5899,35.899,2.4643879409367555,-0.027131674977018867,,,Sand mixtures,,,Sand mixtures 3,3,38.1,40.08,-39.42,-41.4
-40.660000000000004,39.34,3.492,0.078,2.221,0.296,-7.737,-4.569,39.23,2752.1,3.61632,36.1632,2.471598270492264,-0.02671223785505708,,,Sand mixtures,,,Sand mixtures 3,3,38.1,40.08,-39.42,-41.4
-40.68,39.36,3.517,0.08,2.278,0.297,-7.73,-4.517,39.25,2753.0,3.64174,36.4174,2.476242580023508,-0.026306106421655588,,,Sand mixtures,,,Sand mixtures 3,3,38.1,40.08,-39.42,-41.4
-40.7,39.38,3.545,0.081,2.294,0.298,-7.738,-4.552,39.27,2753.8,3.67016,36.701600000000006,2.4755809009508223,-0.025884430106589373,,,Sand mixtures,,,Sand mixtures 3,3,38.1,40.08,-39.42,-41.4
-40.72,39.4,3.575,0.08,2.25,0.298,-7.735,-4.563,39.29,2754.7,3.7001600000000003,37.0016,2.467493287083521,-0.02572861714088039,,,Sand mixtures,,,Sand mixtures 3,3,38.1,40.08,-39.42,-41.4
-40.74,39.42,3.574,0.081,2.266,0.3,-7.753,-4.559,39.31,2755.5,3.6999999999999997,36.99999999999999,2.469469670253894,-0.025243243243243254,,,Sand mixtures,,,Sand mixtures 3,3,38.1,40.08,-39.42,-41.4
-40.76,39.44,3.602,0.08,2.22,0.301,-7.755,-4.563,39.33,2756.5,3.72842,37.2842,2.4612333525398506,-0.024836257717746398,,,Sand mixtures,,,Sand mixtures 3,3,38.1,40.08,-39.42,-41.4
-40.78,39.46,3.612,0.082,2.28,0.301,-7.739,-4.555,39.35,2757.3,3.73842,37.3842,2.467725847772229,-0.024823321082168406,,,Sand mixtures,,,Sand mixtures 3,3,38.1,40.08,-39.42,-41.4
-40.8,39.48,3.66,0.083,2.276,0.301,-7.77,-4.547,39.37,2758.2,3.78642,37.864200000000004,2.4629800362220466,-0.024561459109132107,,,Sand mixtures,,,Sand mixtures 3,3,38.1,40.08,-39.42,-41.4
-40.82,39.5,3.665,0.087,2.378,0.301,-7.793,-4.491,39.39,2759.0,3.79142,37.9142,2.474777270171664,-0.024581818949100876,,,Sand mixtures,,,Sand mixtures 3,3,38.1,40.08,-39.42,-41.4
-40.84,39.52,3.669,0.089,2.418,0.302,-7.784,-4.565,39.41,2759.9,3.79584,37.958400000000005,2.4790701319980712,-0.02434243803743046,,,Sand mixtures,,,Sand mixtures 3,3,38.1,40.08,-39.42,-41.4
-40.86,39.54,3.694,0.1,2.707,0.303,-7.808,-4.528,39.43,2760.7,3.82126,38.2126,2.508880507493046,-0.023971150876935885,,4.8933009945173405,Sand mixtures,,,Sand mixtures 3,3,38.1,40.08,-39.42,-41.4
-40.88,39.56,3.718,0.096,2.614,0.304,-7.804,-4.554,39.45,2761.6,3.8456799999999998,38.4568,2.496817138293031,-0.02361090886397206,,,Sand mixtures,,,Sand mixtures 3,3,38.1,40.08,-39.42,-41.4
-40.9,39.58,3.745,0.093,2.521,0.306,-7.817,-4.528,39.47,2762.4,3.87352,38.7352,2.48415463764306,-0.022976517482806335,,,Sand mixtures,,,Sand mixtures 3,3,38.1,40.08,-39.42,-41.4
-40.92,39.6,3.735,0.094,2.561,0.309,-7.843,-4.533,39.49,2763.3,3.8647799999999997,38.6478,2.489364750392363,-0.022303986255362545,,,Sand mixtures,,,Sand mixtures 3,3,38.1,40.08,-39.42,-41.4
-40.94,39.62,3.6,0.096,2.631,0.314,-7.852,-4.523,39.51,2764.1,3.7318800000000003,37.3188,2.508520473252977,-0.02181206255292238,,,Sand mixtures,,,Sand mixtures 3,3,38.1,40.08,-39.42,-41.4
-40.96,39.64,3.549,0.087,2.395,0.311,-7.839,-4.489,39.53,2765.0,3.67962,36.7962,2.4867135873236617,-0.02299150455753584,,,Sand mixtures,,,Sand mixtures 3,3,38.1,40.08,-39.42,-41.4
-40.98,39.66,3.624,0.084,2.309,0.31,-7.856,-4.479,39.55,2765.9,3.7542,37.542,2.469835139824857,-0.0228544030685632,,,Sand mixtures,,,Sand mixtures 3,3,38.1,40.08,-39.42,-41.4
-41.0,39.68,3.617,0.084,2.301,0.311,-7.859,-4.526,39.57,2766.8,3.74762,37.4762,2.469454030791084,-0.02268106158041637,,,Sand mixtures,,,Sand mixtures 3,3,38.1,40.08,-39.42,-41.4
-41.02,39.7,3.58,0.085,2.315,0.309,-7.854,-4.471,39.59,2767.6,3.7097800000000003,37.0978,2.474526073963872,-0.023505436980090475,,,Sand mixtures,,,Sand mixtures 3,3,38.1,40.08,-39.42,-41.4
-41.04,39.72,3.653,0.089,2.38,0.306,-7.861,-4.536,39.61,2768.5,3.78152,37.8152,2.4758805357238662,-0.02390573102879265,,,Sand mixtures,,,Sand mixtures 3,3,38.1,40.08,-39.42,-41.4
-41.06,39.74,3.778,0.096,2.534,0.305,-7.864,-4.522,39.63,2769.3,3.9061,39.061,2.4828604317810017,-0.023450500499219176,,,Sand mixtures,,,Sand mixtures 3,3,38.1,40.08,-39.42,-41.4
-41.08,39.76,3.868,0.105,2.701,0.304,-7.866,-4.49,39.64,2770.2,3.99568,39.9568,2.4936893882675126,-0.023225083089736916,,3.654577909105767,Sand mixtures,,,Sand mixtures 3,3,38.1,40.08,-39.42,-41.4
-41.1,39.78,3.99,0.121,3.049,0.299,-7.882,-4.499,39.66,2771.0,4.1155800000000005,41.155800000000006,2.5193825954788864,-0.02381195360070755,,8.795510243788918,Sand mixtures,,,Sand mixtures 3,3,38.1,40.08,-39.42,-41.4
-41.12,39.8,4.118,0.137,3.375,0.296,-7.885,-4.49,39.68,2771.9,4.24232,42.42320000000001,2.5398595121757115,-0.023854871862565758,,9.71030319672513,Sand mixtures,,,Sand mixtures 3,3,38.1,40.08,-39.42,-41.4
-41.14,39.82,4.194,0.15,3.636,0.292,-7.89,-4.48,39.7,2772.8,4.31664,43.166399999999996,2.5568166154200465,-0.024417139256458737,,10.198319225106582,Sand mixtures,,,Sand mixtures 3,3,38.1,40.08,-39.42,-41.4
-41.160000000000004,39.84,4.276,0.162,3.845,0.29,-7.864,-4.483,39.72,2773.7,4.3978,43.978,2.568018583090325,-0.024466778843967443,,10.511339121288579,Sand mixtures,,,Sand mixtures 3,3,38.1,40.08,-39.42,-41.4
-41.18,39.86,4.294,0.177,4.152,0.289,-7.89,-4.507,39.74,2774.6,4.41538,44.153800000000004,2.590353557436436,-0.02464114073986837,,10.892616590529398,Sand mixtures,,,Sand mixtures 3,3,38.1,40.08,-39.42,-41.4
-41.2,39.88,4.336,0.183,4.224,0.29,-7.879,-4.449,39.76,2775.4,4.457800000000001,44.57800000000001,2.592739596027231,-0.024227197272197055,,10.971979051727917,Sand mixtures,,,Sand mixtures 3,3,38.1,40.08,-39.42,-41.4
-41.22,39.9,4.375,0.186,4.279,0.29,-7.901,-4.471,39.78,2776.3,4.4968,44.968,2.5940909177086686,-0.02406155488347269,,11.030483370132197,Sand mixtures,,,Sand mixtures 3,3,38.1,40.08,-39.42,-41.4
-41.24,39.92,4.442,0.188,4.307,0.289,-7.927,-4.429,39.8,2777.1,4.56338,45.6338,2.5916495415906655,-0.023973458269966566,,11.059604746493866,Sand mixtures,,,Sand mixtures 3,3,38.1,40.08,-39.42,-41.4
-41.26,39.94,4.441,0.186,4.252,0.291,-7.918,-4.475,39.82,2778.0,4.56322,45.632200000000005,2.58766981317438,-0.023579840551189734,,11.001983321491991,Sand mixtures,,,Sand mixtures 3,3,38.1,40.08,-39.42,-41.4
-41.28,39.96,4.404,0.187,4.291,0.291,-7.906,-4.451,39.84,2778.8,4.52622,45.2622,2.5929766963214043,-0.023816783099363265,,11.043017277603578,Sand mixtures,,,Sand mixtures 3,3,38.1,40.08,-39.42,-41.4
-41.3,39.98,4.34,0.184,4.254,0.291,-7.895,-4.447,39.86,2779.7,4.46222,44.6222,2.594626520874605,-0.024203199304382122,,11.004108829713905,Sand mixtures,,,Sand mixtures 3,3,38.1,40.08,-39.42,-41.4
-41.32,40.0,4.25,0.182,4.217,0.29,-7.924,-4.481,39.88,2780.6,4.3718,43.718,2.598176683355804,-0.024978269820211365,,10.96440481863679,Sand mixtures,,,Sand mixtures 3,3,38.1,40.08,-39.42,-41.4
-41.34,40.02,4.253,0.179,4.173,0.292,-7.926,-4.401,39.9,2781.5,4.37564,43.75639999999999,2.5946751521166838,-0.024544980848515887,,10.916103298723078,Sand mixtures,,,Sand mixtures 3,3,38.1,40.08,-39.42,-41.4
-41.36,40.04,4.178,0.172,4.046,0.292,-7.935,-4.436,39.92,2782.4,4.30064,43.00639999999999,2.5904891955352456,-0.025019531976636044,,10.769461392313085,Sand mixtures,,,Sand mixtures 3,3,38.1,40.08,-39.42,-41.4
-41.38,40.06,4.162,0.162,3.874,0.293,-7.936,-4.416,39.94,2786.1,4.28506,42.85059999999999,2.578341251414623,-0.024923805034235247,,10.550849768403635,Sand mixtures,,,Sand mixtures 3,3,38.1,40.08,-39.42,-41.4
-41.4,40.08,4.153,0.154,3.737,0.294,-7.942,-4.399,39.96,2790.4,4.276479999999999,42.764799999999994,2.5680229979568607,-0.02478674049685723,,10.356286064978097,Sand mixtures,,,Sand mixtures 3,3,38.1,40.08,-39.42,-41.4
